date,tic,close,high,low
2020-01-02,AAPL,70.405903,69.707581,71.759138
2020-01-02,AMGN,193.89007,194.26842,193.10303
2020-01-02,CRM,166.65169,165.29672,169.37874
2020-01-02,CSCO,40.692619,40.8112,40.224152
2020-01-02,IBM,98.05314,99.421413,98.627413
2020-01-02,INTC,52.259798,53.771216,51.329441
2020-01-02,MSFT,149.983,150.22614,148.65274
2020-01-02,NKE,89.643933,88.437599,89.172193
2020-01-02,VZ,41.988573,42.143997,41.793387
2020-01-02,WMT,36.456822,36.975933,36.387008
2020-01-03,AAPL,70.937499,70.786315,69.016833
2020-01-03,AMGN,194.83733,197.42076,194.65762
2020-01-03,CRM,163.25488,164.4063,164.43437
2020-01-03,CSCO,40.914267,41.305397,40.627788
2020-01-03,IBM,97.777697,98.45364,97.500738
2020-01-03,INTC,52.663151,52.997815,52.086032
2020-01-03,MSFT,150.09142,150.94261,149.06166
2020-01-03,NKE,89.351543,88.980598,90.995576
2020-01-03,VZ,40.832559,41.076772,41.031591
2020-01-03,WMT,37.324919,37.057568,37.409677
2020-01-06,AAPL,70.57289,70.850635,69.181086
2020-01-06,AMGN,194.11172,198.18446,191.28884
2020-01-06,CRM,160.17124,158.76079,160.22241
2020-01-06,CSCO,42.147028,42.942016,41.358346
2020-01-06,IBM,96.726268,96.720261,95.786329
2020-01-06,INTC,53.354765,54.214333,52.574578
2020-01-06,MSFT,151.60644,153.17256,151.85691
2020-01-06,NKE,89.519733,89.995686,88.643724
2020-01-06,VZ,40.228143,40.690234,40.021463
2020-01-06,WMT,37.454221,37.890227,37.212209
2020-01-07,AAPL,71.434016,72.462172,71.210911
2020-01-07,AMGN,188.1972,188.96137,186.60334
2020-01-07,CRM,163.16327,164.69813,159.27156
2020-01-07,CSCO,42.463501,42.715115,41.799632
2020-01-07,IBM,94.842791,96.898463,93.918757
2020-01-07,INTC,54.319103,54.528658,54.449212
2020-01-07,MSFT,152.68969,151.09131,149.78512
2020-01-07,NKE,89.104318,88.679149,88.19465
2020-01-07,VZ,40.246005,40.168846,39.859236
2020-01-07,WMT,37.510556,37.846807,37.3832
2020-01-08,AAPL,69.793019,72.002006,69.254125
2020-01-08,AMGN,190.26272,189.89862,186.11697
2020-01-08,CRM,165.37908,165.81009,161.9897
2020-01-08,CSCO,42.19979,42.460285,41.924736
2020-01-08,IBM,93.643788,93.19309,90.904515
2020-01-08,INTC,53.691288,54.286086,53.409199
2020-01-08,MSFT,156.90845,158.83747,156.74292
2020-01-08,NKE,86.339583,87.744486,86.970687
2020-01-08,VZ,39.955344,40.941133,40.178417
2020-01-08,WMT,37.136905,37.539254,36.716469
2020-01-09,AAPL,71.431177,73.445521,70.382736
2020-01-09,AMGN,187.57138,187.26023,186.78653
2020-01-09,CRM,166.35819,170.56377,160.54085
2020-01-09,CSCO,42.079538,41.859472,41.698941
2020-01-09,IBM,91.348036,92.497427,90.474592
2020-01-09,INTC,54.026439,53.743033,53.499098
2020-01-09,MSFT,156.83299,158.80648,156.80004
2020-01-09,NKE,87.896519,87.04956,87.934292
2020-01-09,VZ,39.242865,39.249007,38.761258
2020-01-09,WMT,35.996326,36.613034,36.195781
2020-01-10,AAPL,71.087213,72.032991,69.965819
2020-01-10,AMGN,191.3764,194.80425,190.72639
2020-01-10,CRM,171.03232,168.03137,170.87523
2020-01-10,CSCO,41.909204,41.651355,41.866084
2020-01-10,IBM,90.332721,91.288964,89.849146
2020-01-10,INTC,54.708144,55.138839,54.666872
2020-01-10,MSFT,156.14937,159.48187,154.87469
2020-01-10,NKE,85.860012,84.350948,83.954964
2020-01-10,VZ,38.918732,39.063261,38.575794
2020-01-10,WMT,36.129832,36.42795,35.823315
2020-01-13,AAPL,69.51276,70.193195,67.274737
2020-01-13,AMGN,190.40159,194.28702,191.21439
2020-01-13,CRM,174.65919,173.29074,173.91853
2020-01-13,CSCO,41.366312,40.933434,41.115809
2020-01-13,IBM,91.892001,93.093368,90.354389
2020-01-13,INTC,55.125733,55.537825,54.952396
2020-01-13,MSFT,158.77218,159.03649,158.2302
2020-01-13,NKE,86.659367,86.226458,86.101767
2020-01-13,VZ,38.740803,39.451221,38.465506
2020-01-13,WMT,36.243342,36.197659,35.954267
2020-01-14,AAPL,69.434584,71.172756,70.206528
2020-01-14,AMGN,191.17098,193.35354,189.82272
2020-01-14,CRM,174.9861,178.10081,170.49201
2020-01-14,CSCO,41.662745,41.902005,40.883162
2020-01-14,IBM,93.631401,94.372719,92.824302
2020-01-14,INTC,54.551972,54.943466,54.299903
2020-01-14,MSFT,159.92571,160.72187,156.79884
2020-01-14,NKE,86.219804,86.331857,87.09635
2020-01-14,VZ,39.304569,39.247395,39.892914
2020-01-14,WMT,36.324049,36.512047,36.68208
2020-01-15,AAPL,67.570244,68.555991,67.00699
2020-01-15,AMGN,191.65982,191.12052,189.59535
2020-01-15,CRM,173.70836,174.22626,172.83859
2020-01-15,CSCO,41.536853,41.397221,41.73548
2020-01-15,IBM,93.90308,94.204649,93.561441
2020-01-15,INTC,54.153711,54.969934,54.043701
2020-01-15,MSFT,158.35523,157.79708,155.08467
2020-01-15,NKE,87.577788,88.705495,86.713699
2020-01-15,VZ,39.295988,39.972165,38.254059
2020-01-15,WMT,36.582977,36.472142,36.705121
2020-01-16,AAPL,68.428932,68.660756,66.700876
2020-01-16,AMGN,191.57897,193.2204,190.37291
2020-01-16,CRM,173.96131,175.75247,172.95589
2020-01-16,CSCO,42.4247,42.194492,42.632024
2020-01-16,IBM,93.325992,95.818465,92.812942
2020-01-16,INTC,54.372616,54.419258,54.131107
2020-01-16,MSFT,159.01739,159.56942,158.13624
2020-01-16,NKE,90.336956,93.631787,89.006855
2020-01-16,VZ,38.761805,38.85312,38.441987
2020-01-16,WMT,35.593116,35.996424,35.129015
2020-01-17,AAPL,68.275288,69.426084,67.156262
2020-01-17,AMGN,191.65632,192.11456,186.82857
2020-01-17,CRM,175.53565,180.49221,170.66538
2020-01-17,CSCO,42.342549,42.853374,41.939617
2020-01-17,IBM,93.88738,94.935276,91.988273
2020-01-17,INTC,54.504086,54.621961,54.504644
2020-01-17,MSFT,156.73711,158.89692,156.12888
2020-01-17,NKE,92.088588,93.076185,91.88872
2020-01-17,VZ,38.0848,38.106615,37.841561
2020-01-17,WMT,35.255797,35.916375,35.323358
2020-01-21,AAPL,67.521495,68.64975,67.577936
2020-01-21,AMGN,194.08186,197.72558,195.10398
2020-01-21,CRM,180.50646,180.09725,182.67804
2020-01-21,CSCO,41.642395,41.718238,40.99769
2020-01-21,IBM,93.802587,94.85164,94.192207
2020-01-21,INTC,55.473697,56.469572,54.760643
2020-01-21,MSFT,155.5567,156.40119,156.37456
2020-01-21,NKE,90.600997,89.987297,89.598799
2020-01-21,VZ,37.407894,37.356698,37.436193
2020-01-21,WMT,35.084619,35.236278,34.680778
2020-01-22,AAPL,69.415021,70.549909,68.470133
2020-01-22,AMGN,194.13926,196.01374,194.06732
2020-01-22,CRM,174.53279,169.72291,169.30116
2020-01-22,CSCO,41.694245,41.616581,40.9389
2020-01-22,IBM,93.803623,93.982863,94.000095
2020-01-22,INTC,53.725663,54.915112,52.534936
2020-01-22,MSFT,156.49667,155.61153,155.24975
2020-01-22,NKE,91.179145,93.96582,89.737596
2020-01-22,VZ,37.087821,36.671391,36.658806
2020-01-22,WMT,35.023765,35.485626,35.026767
2020-01-23,AAPL,69.449502,69.453732,68.777518
2020-01-23,AMGN,189.87068,190.02242,185.19174
2020-01-23,CRM,176.34865,176.50783,170.16218
2020-01-23,CSCO,40.260021,40.580811,39.049242
2020-01-23,IBM,91.103704,91.464552,88.997247
2020-01-23,INTC,55.296921,56.168601,54.113667
2020-01-23,MSFT,155.76744,154.85124,153.10612
2020-01-23,NKE,90.517645,90.041442,90.035982
2020-01-23,VZ,36.858412,37.706893,37.252757
2020-01-23,WMT,34.875192,35.671472,34.850773
2020-01-24,AAPL,68.00253,69.189108,66.862954
2020-01-24,AMGN,186.9771,188.34253,184.03785
2020-01-24,CRM,172.08083,174.53337,173.32744
2020-01-24,CSCO,40.455947,41.209092,40.084722
2020-01-24,IBM,88.794132,90.323222,88.835308
2020-01-24,INTC,56.951365,56.735902,56.183504
2020-01-24,MSFT,161.54256,158.90006,162.21934
2020-01-24,NKE,88.10118,87.439308,87.971574
2020-01-24,VZ,36.455774,36.837289,36.266388
2020-01-24,WMT,34.563879,34.968645,34.641168
2020-01-27,AAPL,68.299605,67.199698,67.92094
2020-01-27,AMGN,184.10282,186.48097,181.61721
2020-01-27,CRM,173.92218,175.33533,164.58497
2020-01-27,CSCO,39.761843,39.611865,39.298808
2020-01-27,IBM,91.400052,91.982614,91.218115
2020-01-27,INTC,56.202742,56.795086,56.466845
2020-01-27,MSFT,162.45384,162.86769,161.50183
2020-01-27,NKE,87.542913,86.064836,85.842691
2020-01-27,VZ,35.860065,35.898453,35.895016
2020-01-27,WMT,33.461625,34.451827,33.725485
2020-01-28,AAPL,67.689341,67.578744,66.673239
2020-01-28,AMGN,183.46005,186.9261,180.16783
2020-01-28,CRM,175.7598,178.14219,174.64405
2020-01-28,CSCO,39.463774,39.963043,38.728889
2020-01-28,IBM,94.477086,97.050262,95.848255
2020-01-28,INTC,56.820172,58.520021,56.918029
2020-01-28,MSFT,163.22661,163.17201,162.4615
2020-01-28,NKE,87.57074,87.968006,84.870708
2020-01-28,VZ,35.487322,35.666861,35.245942
2020-01-28,WMT,33.082452,33.582719,32.978076
2020-01-29,AAPL,67.995812,68.494096,66.878263
2020-01-29,AMGN,183.81934,185.64482,183.038
2020-01-29,CRM,165.46706,167.61152,164.80441
2020-01-29,CSCO,39.666388,40.401227,39.668351
2020-01-29,IBM,96.506507,97.310152,94.598301
2020-01-29,INTC,56.861149,57.593559,55.917602
2020-01-29,MSFT,162.85266,162.44543,162.05888
2020-01-29,NKE,90.184529,90.97836,90.64718
2020-01-29,VZ,35.713413,35.489522,35.699898
2020-01-29,WMT,33.163319,33.710071,32.44538
2020-01-30,AAPL,68.431434,69.157539,67.151802
2020-01-30,AMGN,184.08246,185.86046,180.09178
2020-01-30,CRM,167.14133,167.00537,164.97823
2020-01-30,CSCO,39.7908,40.011526,39.222034
2020-01-30,IBM,97.212735,99.094456,96.969634
2020-01-30,INTC,56.549548,57.597884,56.874887
2020-01-30,MSFT,162.22572,163.43268,160.32878
2020-01-30,NKE,91.080689,93.484478,89.557131
2020-01-30,VZ,36.315776,36.156356,36.353093
2020-01-30,WMT,32.253936,32.68601,31.900877
2020-01-31,AAPL,67.263777,67.573996,66.938388
2020-01-31,AMGN,180.88142,185.00392,180.54903
2020-01-31,CRM,168.94757,170.59723,167.20959
2020-01-31,CSCO,40.238506,40.321495,39.53462
2020-01-31,IBM,97.26271,97.264182,95.208184
2020-01-31,INTC,56.153691,56.659968,55.38816
2020-01-31,MSFT,160.73148,161.9798,160.87348
2020-01-31,NKE,91.329565,92.119005,90.74596
2020-01-31,VZ,35.672231,35.879513,35.489464
2020-01-31,WMT,31.631931,31.986222,31.339102
2020-02-03,AAPL,67.288423,67.458806,67.523884
2020-02-03,AMGN,183.77911,183.37698,183.7124
2020-02-03,CRM,163.87453,164.93358,156.82164
2020-02-03,CSCO,40.21322,40.399483,39.496863
2020-02-03,IBM,97.021916,96.689882,96.692259
2020-02-03,INTC,54.681422,54.42646,54.702699
2020-02-03,MSFT,158.65141,159.16724,156.53712
2020-02-03,NKE,91.608994,91.941441,90.937899
2020-02-03,VZ,35.967313,36.471488,35.994184
2020-02-03,WMT,31.239009,31.506457,31.691174
2020-02-04,AAPL,68.133781,69.137561,68.035734
2020-02-04,AMGN,178.75474,182.40256,176.3944
2020-02-04,CRM,158.47445,158.00763,150.6101
2020-02-04,CSCO,39.89426,40.091406,38.948139
2020-02-04,IBM,97.22304,98.491345,97.997372
2020-02-04,INTC,52.819149,52.372549,52.007366
2020-02-04,MSFT,161.46755,161.06182,161.13706
2020-02-04,NKE,91.908404,95.045783,91.950465
2020-02-04,VZ,36.150921,36.17789,35.988646
2020-02-04,WMT,30.69877,30.744108,30.01349
2020-02-05,AAPL,69.526785,68.837116,68.165806
2020-02-05,AMGN,172.44689,174.26136,170.48108
2020-02-05,CRM,156.03962,152.52028,150.83008
2020-02-05,CSCO,39.805645,40.898034,39.854606
2020-02-05,IBM,98.720063,100.32993,98.463554
2020-02-05,INTC,54.103886,54.906743,53.355216
2020-02-05,MSFT,164.09647,166.06402,162.74415
2020-02-05,NKE,91.782904,90.938887,89.471512
2020-02-05,VZ,36.278797,36.61139,36.06699
2020-02-05,WMT,29.720929,30.154126,30.126087
2020-02-06,AAPL,69.161885,69.471335,69.089657
2020-02-06,AMGN,174.24034,174.56749,172.58186
2020-02-06,CRM,154.10989,155.87211,150.90903
2020-02-06,CSCO,38.786901,39.429825,38.768954
2020-02-06,IBM,96.306344,96.248389,95.583214
2020-02-06,INTC,53.643093,54.758293,53.163205
2020-02-06,MSFT,163.11364,164.34468,163.57489
2020-02-06,NKE,91.589909,91.219159,90.313399
2020-02-06,VZ,36.142981,35.997155,35.644129
2020-02-06,WMT,29.675347,29.584456,29.703004
2020-02-07,AAPL,68.826156,69.575484,68.981939
2020-02-07,AMGN,171.15841,173.60561,170.02463
2020-02-07,CRM,161.78624,163.53881,158.50428
2020-02-07,CSCO,40.064369,39.858784,39.156526
2020-02-07,IBM,96.780823,97.96629,95.43406
2020-02-07,INTC,53.480338,53.344769,52.627823
2020-02-07,MSFT,166.75689,168.83446,167.01332
2020-02-07,NKE,90.716312,90.214888,91.196333
2020-02-07,VZ,35.083227,35.888564,34.775986
2020-02-07,WMT,28.910228,29.083132,28.626338
2020-02-10,AAPL,70.225005,70.30769,68.747972
2020-02-10,AMGN,169.86928,172.74988,167.74502
2020-02-10,CRM,159.64316,164.23651,156.67073
2020-02-10,CSCO,38.971384,38.531978,38.363255
2020-02-10,IBM,96.098171,96.122136,97.35832
2020-02-10,INTC,53.013881,53.594299,51.929425
2020-02-10,MSFT,169.07701,170.39676,169.01802
2020-02-10,NKE,89.756714,90.714787,88.940241
2020-02-10,VZ,35.451318,35.855247,34.98577
2020-02-10,WMT,29.45722,29.548072,29.524614
2020-02-11,AAPL,71.757165,73.774116,70.269471
2020-02-11,AMGN,174.76735,178.21027,174.75765
2020-02-11,CRM,163.58351,164.42453,161.82273
2020-02-11,CSCO,37.676657,38.302198,36.69477
2020-02-11,IBM,95.246287,95.292897,92.314327
2020-02-11,INTC,52.739389,53.135101,52.135998
2020-02-11,MSFT,162.7649,165.44446,165.14342
2020-02-11,NKE,90.681711,92.366681,89.937262
2020-02-11,VZ,34.796367,35.302366,34.700184
2020-02-11,WMT,29.389714,29.368947,29.358943
2020-02-12,AAPL,70.309815,71.178197,68.698556
2020-02-12,AMGN,173.54475,178.85464,171.97021
2020-02-12,CRM,165.70718,163.86549,166.70798
2020-02-12,CSCO,38.428254,37.605799,38.015217
2020-02-12,IBM,94.524533,96.004183,94.65565
2020-02-12,INTC,53.406642,53.994684,53.158206
2020-02-12,MSFT,168.02319,171.89425,169.31458
2020-02-12,NKE,91.837375,93.10885,90.36902
2020-02-12,VZ,34.611408,35.009336,34.21374
2020-02-12,WMT,29.247168,29.179343,29.45294
2020-02-13,AAPL,72.974772,74.527139,70.798375
2020-02-13,AMGN,170.29779,170.96643,169.49844
2020-02-13,CRM,159.85424,163.35471,156.60733
2020-02-13,CSCO,38.409547,38.95509,38.044626
2020-02-13,IBM,95.087869,95.503537,94.286936
2020-02-13,INTC,52.712907,53.473833,51.679958
2020-02-13,MSFT,170.85838,170.81629,167.07749
2020-02-13,NKE,89.83344,91.716132,90.683701
2020-02-13,VZ,34.624227,34.989216,34.925343
2020-02-13,WMT,29.441087,29.465458,29.105022
2020-02-14,AAPL,74.216713,73.498271,75.080503
2020-02-14,AMGN,170.30248,173.30003,166.64026
2020-02-14,CRM,156.81919,159.37623,155.1766
2020-02-14,CSCO,38.560279,39.309898,37.584843
2020-02-14,IBM,95.434724,96.534692,96.372096
2020-02-14,INTC,51.155906,51.570637,50.693552
2020-02-14,MSFT,174.60313,176.30846,172.2331
2020-02-14,NKE,89.324527,90.126665,90.007649
2020-02-14,VZ,34.522402,34.795845,34.34349
2020-02-14,WMT,29.615805,29.522113,29.313163
2020-02-18,AAPL,73.605623,74.445191,72.089648
2020-02-18,AMGN,166.55657,169.87501,167.8647
2020-02-18,CRM,165.01116,163.64972,162.05176
2020-02-18,CSCO,38.116983,37.724785,37.495541
2020-02-18,IBM,93.225841,92.88801,92.660369
2020-02-18,INTC,49.99303,50.608803,49.634269
2020-02-18,MSFT,171.26363,174.45428,169.85458
2020-02-18,NKE,91.908234,92.64452,89.914195
2020-02-18,VZ,34.43964,34.299945,33.932406
2020-02-18,WMT,28.861148,29.179355,28.844259
2020-02-19,AAPL,70.99615,72.372959,70.334443
2020-02-19,AMGN,160.15621,164.36585,157.54766
2020-02-19,CRM,169.50622,173.08066,166.62091
2020-02-19,CSCO,38.339846,38.286006,38.268636
2020-02-19,IBM,94.294872,94.883823,94.04673
2020-02-19,INTC,50.715312,51.428649,48.739432
2020-02-19,MSFT,173.64441,175.37622,170.78334
2020-02-19,NKE,90.025695,90.619878,88.411044
2020-02-19,VZ,34.192579,34.618304,34.162825
2020-02-19,WMT,28.635684,28.62741,28.895264
2020-02-20,AAPL,71.457567,71.604024,72.318556
2020-02-20,AMGN,156.0916,158.58181,154.86277
2020-02-20,CRM,166.6762,169.57232,166.16748
2020-02-20,CSCO,38.922818,39.419683,38.95984
2020-02-20,IBM,93.95262,93.842944,92.679642
2020-02-20,INTC,50.47147,50.138597,51.076313
2020-02-20,MSFT,173.40289,175.0113,172.00052
2020-02-20,NKE,89.612041,89.325715,89.423376
2020-02-20,VZ,33.788583,34.42262,33.840192
2020-02-20,WMT,28.385072,28.56921,28.404806
2020-02-21,AAPL,70.965961,71.274947,70.617958
2020-02-21,AMGN,152.43902,154.64459,150.68829
2020-02-21,CRM,168.50831,166.79902,166.53634
2020-02-21,CSCO,37.882628,37.519974,37.7244
2020-02-21,IBM,94.374396,94.594204,93.610354
2020-02-21,INTC,49.779638,49.262461,49.390616
2020-02-21,MSFT,175.67156,181.27528,171.50532
2020-02-21,NKE,89.765483,90.628734,87.076293
2020-02-21,VZ,33.756209,34.308056,33.855325
2020-02-21,WMT,28.985882,29.12532,28.58543
2020-02-24,AAPL,71.810973,73.16067,70.62197
2020-02-24,AMGN,149.50783,149.9043,147.07544
2020-02-24,CRM,173.36693,170.92196,170.76269
2020-02-24,CSCO,37.671207,38.011853,37.967475
2020-02-24,IBM,91.367715,90.260512,90.6249
2020-02-24,INTC,49.177359,49.072698,48.637766
2020-02-24,MSFT,169.61912,173.69729,169.0723
2020-02-24,NKE,87.722861,87.339525,86.68781
2020-02-24,VZ,33.791062,34.126245,33.588928
2020-02-24,WMT,29.34776,29.675065,28.965508
2020-02-25,AAPL,72.009105,74.218846,70.226918
2020-02-25,AMGN,148.91729,150.30835,146.69681
2020-02-25,CRM,172.23198,170.50273,170.52311
2020-02-25,CSCO,36.410621,36.597484,36.487869
2020-02-25,IBM,89.791619,89.021194,89.643096
2020-02-25,INTC,48.103427,49.382101,46.238173
2020-02-25,MSFT,165.83613,168.02308,163.42712
2020-02-25,NKE,86.582421,86.742331,86.459895
2020-02-25,VZ,34.086825,34.02222,33.739971
2020-02-25,WMT,28.870228,28.998231,28.555251
2020-02-26,AAPL,73.207237,73.899705,72.81111
2020-02-26,AMGN,150.88703,152.35806,150.19493
2020-02-26,CRM,173.087,171.95793,169.16769
2020-02-26,CSCO,36.598264,37.523712,35.967718
2020-02-26,IBM,88.324187,88.693683,87.201783
2020-02-26,INTC,48.244983,48.072025,47.955738
2020-02-26,MSFT,166.78297,167.19455,163.72159
2020-02-26,NKE,82.33474,83.493379,81.632227
2020-02-26,VZ,33.646333,33.967542,32.969669
2020-02-26,WMT,28.758187,28.921543,28.721683
2020-02-27,AAPL,71.834145,70.670462,70.705173
2020-02-27,AMGN,153.83967,156.84111,150.45001
2020-02-27,CRM,173.9667,174.68286,170.10546
2020-02-27,CSCO,36.513454,37.906523,36.941655
2020-02-27,IBM,87.22999,88.695905,87.29208
2020-02-27,INTC,49.070893,48.56742,47.855581
2020-02-27,MSFT,165.78502,164.93779,165.65241
2020-02-27,NKE,79.57391,78.722745,77.696209
2020-02-27,VZ,33.328861,33.30795,33.381524
2020-02-27,WMT,29.029701,28.95197,29.070809
2020-02-28,AAPL,74.678585,76.08574,73.271497
2020-02-28,AMGN,146.82197,149.19697,144.05131
2020-02-28,CRM,169.68584,169.39122,171.01928
2020-02-28,CSCO,35.893912,36.568419,35.298079
2020-02-28,IBM,85.697611,86.506633,85.668884
2020-02-28,INTC,48.655771,49.368409,49.155698
2020-02-28,MSFT,166.91664,167.38373,164.80911
2020-02-28,NKE,80.711712,81.943246,80.701422
2020-02-28,VZ,33.771701,33.940893,34.190732
2020-02-28,WMT,29.267548,29.659139,29.034632
2020-03-02,AAPL,76.971588,77.077678,76.401688
2020-03-02,AMGN,145.65765,149.79689,144.90138
2020-03-02,CRM,173.31471,174.512,174.71354
2020-03-02,CSCO,34.587619,34.755518,34.076076
2020-03-02,IBM,83.780808,83.933606,83.382459
2020-03-02,INTC,47.691981,49.095541,47.375092
2020-03-02,MSFT,169.73066,170.31074,166.50887
2020-03-02,NKE,79.772242,81.462353,77.471914
2020-03-02,VZ,33.634503,34.148238,33.794761
2020-03-02,WMT,28.982625,28.920488,28.948339
2020-03-03,AAPL,78.037349,78.26296,77.066734
2020-03-03,AMGN,146.32991,150.30886,143.92443
2020-03-03,CRM,168.3426,172.00319,167.7723
2020-03-03,CSCO,34.693474,35.218595,34.377347
2020-03-03,IBM,85.613623,85.667918,84.328588
2020-03-03,INTC,46.787337,46.735968,46.080513
2020-03-03,MSFT,166.13176,164.86112,160.49324
2020-03-03,NKE,79.01437,79.67416,78.674566
2020-03-03,VZ,33.634587,33.787275,33.600436
2020-03-03,WMT,29.041419,29.331753,28.678291
2020-03-04,AAPL,77.559573,78.884037,77.431972
2020-03-04,AMGN,146.59564,147.44463,144.1078
2020-03-04,CRM,160.51551,162.2561,158.55719
2020-03-04,CSCO,33.991334,34.633614,34.289714
2020-03-04,IBM,84.342647,84.762611,84.113271
2020-03-04,INTC,46.18317,47.249358,46.593173
2020-03-04,MSFT,169.98416,171.56763,171.88957
2020-03-04,NKE,76.754177,78.804064,78.110774
2020-03-04,VZ,32.740017,32.913884,32.600845
2020-03-04,WMT,28.836638,29.092123,28.504901
2020-03-05,AAPL,79.061785,80.406567,76.519192
2020-03-05,AMGN,144.80576,146.69245,141.43846
2020-03-05,CRM,157.04544,159.49804,153.66735
2020-03-05,CSCO,33.873548,34.290222,33.699345
2020-03-05,IBM,83.769578,83.070311,83.705562
2020-03-05,INTC,46.128719,47.465778,46.012152
2020-03-05,MSFT,168.58028,170.19522,169.05268
2020-03-05,NKE,76.864945,77.47369,75.570133
2020-03-05,VZ,32.609963,33.137765,32.313846
2020-03-05,WMT,28.944864,29.143705,28.820792
2020-03-06,AAPL,79.822017,80.092524,80.920708
2020-03-06,AMGN,142.29605,146.53481,140.24828
2020-03-06,CRM,155.39845,156.2627,151.28526
2020-03-06,CSCO,33.968543,34.93366,33.461884
2020-03-06,IBM,82.47099,83.402428,81.696131
2020-03-06,INTC,47.163351,47.549756,46.661226
2020-03-06,MSFT,166.88992,164.50413,161.40101
2020-03-06,NKE,76.958635,77.782871,75.566159
2020-03-06,VZ,33.138921,33.246686,32.665021
2020-03-06,WMT,28.474651,28.56826,28.701631
2020-03-09,AAPL,81.260321,82.029186,79.162638
2020-03-09,AMGN,139.08128,139.77168,134.31182
2020-03-09,CRM,163.44185,160.76083,161.62895
2020-03-09,CSCO,32.441036,32.582555,31.842347
2020-03-09,IBM,81.515677,83.147194,80.507173
2020-03-09,INTC,47.974887,48.99814,46.210725
2020-03-09,MSFT,167.451,168.30303,166.90525
2020-03-09,NKE,78.230558,80.320602,77.44014
2020-03-09,VZ,32.160074,32.872448,32.068784
2020-03-09,WMT,27.954756,28.259,27.556648
2020-03-10,AAPL,79.01672,80.806101,77.287983
2020-03-10,AMGN,135.94805,139.36512,133.70138
2020-03-10,CRM,162.19167,162.96838,162.6039
2020-03-10,CSCO,31.380694,31.387749,31.349817
2020-03-10,IBM,82.328486,81.560324,81.347874
2020-03-10,INTC,47.739859,48.163949,46.951243
2020-03-10,MSFT,165.95848,165.38927,162.6043
2020-03-10,NKE,78.557433,80.009179,76.808884
2020-03-10,VZ,32.372787,32.374852,32.228639
2020-03-10,WMT,27.819943,27.985424,27.46156
2020-03-11,AAPL,78.005517,78.370205,78.197411
2020-03-11,AMGN,135.14543,138.14383,133.55333
2020-03-11,CRM,160.79466,160.69937,160.91828
2020-03-11,CSCO,31.084178,31.679607,30.52548
2020-03-11,IBM,79.834485,80.526525,79.360533
2020-03-11,INTC,49.314049,49.22837,48.831326
2020-03-11,MSFT,166.60655,167.10315,165.12469
2020-03-11,NKE,78.134768,78.993936,75.941196
2020-03-11,VZ,32.530719,33.250252,32.093448
2020-03-11,WMT,28.096857,28.925101,27.730738
2020-03-12,AAPL,76.526065,76.533145,74.24916
2020-03-12,AMGN,131.90934,134.99263,131.28672
2020-03-12,CRM,161.6448,164.65053,158.73365
2020-03-12,CSCO,30.883935,30.450871,29.939661
2020-03-12,IBM,78.809189,78.969483,77.147989
2020-03-12,INTC,49.573751,49.24768,48.63367
2020-03-12,MSFT,165.50268,165.99114,165.05053
2020-03-12,NKE,77.510924,78.895606,77.563842
2020-03-12,VZ,32.030136,31.856234,32.460129
2020-03-12,WMT,27.761909,28.298832,27.684191
2020-03-13,AAPL,76.702709,79.217028,76.116111
2020-03-13,AMGN,131.02642,133.75066,129.11764
2020-03-13,CRM,158.88393,162.08836,153.8594
2020-03-13,CSCO,30.820255,31.092051,30.747448
2020-03-13,IBM,78.16649,78.566743,77.292371
2020-03-13,INTC,48.902443,49.003114,47.598831
2020-03-13,MSFT,162.00245,163.73364,162.86397
2020-03-13,NKE,77.278018,79.200313,76.085142
2020-03-13,VZ,31.804753,32.34762,31.863334
2020-03-13,WMT,28.565459,28.736615,28.458776
2020-03-16,AAPL,78.749897,81.143042,77.73085
2020-03-16,AMGN,128.60962,131.19927,126.09338
2020-03-16,CRM,161.34602,164.18365,159.05074
2020-03-16,CSCO,30.528179,30.183862,30.569616
2020-03-16,IBM,78.8922,80.0257,78.700627
2020-03-16,INTC,49.04834,48.339223,48.396284
2020-03-16,MSFT,166.76209,166.00126,163.37486
2020-03-16,NKE,77.305451,78.228433,76.232778
2020-03-16,VZ,30.773572,31.236433,30.849649
2020-03-16,WMT,28.397201,28.396722,28.234584
2020-03-17,AAPL,79.387891,80.401518,78.375399
2020-03-17,AMGN,127.21033,131.26194,126.43073
2020-03-17,CRM,159.57389,163.26947,157.46758
2020-03-17,CSCO,29.824383,30.172415,29.520861
2020-03-17,IBM,78.424904,80.217504,76.219087
2020-03-17,INTC,48.11625,47.56388,48.577474
2020-03-17,MSFT,168.45716,170.53841,164.38477
2020-03-17,NKE,77.360964,78.152547,76.658002
2020-03-17,VZ,30.462431,30.368211,30.169548
2020-03-17,WMT,29.27942,29.74089,29.179223
2020-03-18,AAPL,77.002501,77.777942,77.089073
2020-03-18,AMGN,129.87511,132.46633,128.48508
2020-03-18,CRM,162.16657,164.51634,156.61109
2020-03-18,CSCO,29.753628,29.811191,30.264252
2020-03-18,IBM,76.915685,76.822963,77.196818
2020-03-18,INTC,50.36714,50.475619,49.284082
2020-03-18,MSFT,169.85168,174.18222,169.22579
2020-03-18,NKE,75.950676,75.642105,74.80871
2020-03-18,VZ,30.531927,30.744008,30.274685
2020-03-18,WMT,29.526395,29.451333,29.386237
2020-03-19,AAPL,79.222239,80.436986,77.738049
2020-03-19,AMGN,125.71166,127.07723,124.34551
2020-03-19,CRM,156.76424,159.65309,153.39564
2020-03-19,CSCO,30.457604,31.277256,30.136562
2020-03-19,IBM,76.712046,79.015225,75.772561
2020-03-19,INTC,51.286782,51.561465,49.901818
2020-03-19,MSFT,165.60458,166.77685,165.15122
2020-03-19,NKE,74.951623,75.435869,73.584427
2020-03-19,VZ,30.011439,30.723089,29.73595
2020-03-19,WMT,28.929906,28.869698,28.827813
2020-03-20,AAPL,79.401747,81.1109,77.050052
2020-03-20,AMGN,124.37654,127.22976,124.50338
2020-03-20,CRM,151.4996,155.13788,152.24686
2020-03-20,CSCO,30.902905,31.547155,31.096885
2020-03-20,IBM,75.282456,75.391118,74.580005
2020-03-20,INTC,53.329189,54.095184,52.211744
2020-03-20,MSFT,166.79874,170.93038,163.84584
2020-03-20,NKE,73.061769,73.428549,72.318261
2020-03-20,VZ,30.406891,30.89118,29.686287
2020-03-20,WMT,28.827174,28.935684,29.083462
2020-03-23,AAPL,79.264465,80.571761,79.300882
2020-03-23,AMGN,123.3848,124.99273,123.51929
2020-03-23,CRM,151.84862,153.09174,150.21577
2020-03-23,CSCO,30.616292,30.621956,30.391637
2020-03-23,IBM,74.207613,75.036249,73.79786
2020-03-23,INTC,51.783472,51.808152,51.638128
2020-03-23,MSFT,167.20305,167.05212,165.58008
2020-03-23,NKE,73.421725,73.028521,72.508939
2020-03-23,VZ,30.201034,30.44409,29.955685
2020-03-23,WMT,29.408625,29.318164,28.931961
2020-03-24,AAPL,77.11715,75.277289,74.5217
2020-03-24,AMGN,123.83834,125.2723,120.38567
2020-03-24,CRM,147.25095,152.73924,144.01133
2020-03-24,CSCO,30.120113,30.760823,29.68955
2020-03-24,IBM,73.36881,73.463585,72.403632
2020-03-24,INTC,53.586911,54.292638,53.097615
2020-03-24,MSFT,168.91178,173.98556,170.53419
2020-03-24,NKE,73.556598,74.096166,73.204752
2020-03-24,VZ,31.155529,31.502676,30.920925
2020-03-24,WMT,29.306386,29.990564,29.284413
2020-03-25,AAPL,79.416783,79.632455,78.688976
2020-03-25,AMGN,122.43554,124.33911,120.06138
2020-03-25,CRM,147.32641,150.03261,141.12879
2020-03-25,CSCO,29.960643,29.896851,29.405665
2020-03-25,IBM,73.790672,74.991153,73.363975
2020-03-25,INTC,53.72762,53.893095,52.713085
2020-03-25,MSFT,170.83661,172.88393,169.57737
2020-03-25,NKE,71.207003,70.797924,72.896604
2020-03-25,VZ,30.829988,30.94489,30.472727
2020-03-25,WMT,29.540132,29.590608,29.381398
2020-03-26,AAPL,78.243238,79.277629,77.523845
2020-03-26,AMGN,124.37294,124.88158,122.85007
2020-03-26,CRM,143.86181,148.50542,143.58833
2020-03-26,CSCO,31.026348,31.508613,30.748894
2020-03-26,IBM,74.161172,73.62543,74.582794
2020-03-26,INTC,52.654796,53.602363,51.720395
2020-03-26,MSFT,168.88122,169.28368,167.45398
2020-03-26,NKE,68.418537,68.89585,68.691466
2020-03-26,VZ,30.387648,30.910301,30.145985
2020-03-26,WMT,30.123059,30.140378,29.554766
2020-03-27,AAPL,75.319443,75.050497,74.628109
2020-03-27,AMGN,124.35087,126.00599,123.38857
2020-03-27,CRM,136.86596,137.09792,131.99856
2020-03-27,CSCO,30.721202,31.10178,30.437463
2020-03-27,IBM,74.08473,75.789377,72.917724
2020-03-27,INTC,53.310277,53.965308,51.928234
2020-03-27,MSFT,171.19198,171.67295,172.07339
2020-03-27,NKE,67.410485,67.32859,66.011171
2020-03-27,VZ,29.756794,29.822869,30.083393
2020-03-27,WMT,30.985016,31.107887,30.905482
2020-03-30,AAPL,74.723793,75.467173,73.024128
2020-03-30,AMGN,125.45402,127.19194,124.23939
2020-03-30,CRM,136.75488,139.63208,139.03924
2020-03-30,CSCO,29.760449,29.838978,29.582818
2020-03-30,IBM,73.593082,74.382448,72.649855
2020-03-30,INTC,52.517338,52.665676,52.49814
2020-03-30,MSFT,173.57978,175.42483,171.63367
2020-03-30,NKE,67.18031,67.31181,67.28744
2020-03-30,VZ,30.608031,30.765621,30.897608
2020-03-30,WMT,30.834199,31.180283,30.561806
2020-03-31,AAPL,75.81655,76.620863,73.587431
2020-03-31,AMGN,123.46172,126.7444,122.20962
2020-03-31,CRM,139.24789,143.76583,139.73398
2020-03-31,CSCO,29.744711,29.802458,29.735584
2020-03-31,IBM,72.547165,72.722448,71.496042
2020-03-31,INTC,50.558778,50.697214,49.886063
2020-03-31,MSFT,173.2477,175.28685,168.80527
2020-03-31,NKE,65.706266,65.856013,63.85292
2020-03-31,VZ,31.185852,31.705508,31.298578
2020-03-31,WMT,30.890843,31.30416,30.444565
2020-04-01,AAPL,75.192799,75.333547,74.192278
2020-04-01,AMGN,123.48243,124.44905,124.71668
2020-04-01,CRM,139.70591,144.77287,138.25248
2020-04-01,CSCO,30.226004,30.725363,30.181077
2020-04-01,IBM,72.661194,73.787214,71.684679
2020-04-01,INTC,50.063752,50.282231,49.77841
2020-04-01,MSFT,165.5998,164.59262,163.66996
2020-04-01,NKE,68.317553,69.693757,68.922162
2020-04-01,VZ,30.928072,31.406257,31.228087
2020-04-01,WMT,30.074987,30.16864,29.610109
2020-04-02,AAPL,76.433865,77.77782,74.120564
2020-04-02,AMGN,122.72977,124.29852,120.79824
2020-04-02,CRM,139.58181,142.43748,134.64588
2020-04-02,CSCO,30.862377,31.540137,30.55969
2020-04-02,IBM,72.272728,72.788646,70.22405
2020-04-02,INTC,51.185766,51.998028,50.109695
2020-04-02,MSFT,163.16278,165.47747,160.34848
2020-04-02,NKE,68.494918,69.237244,67.463903
2020-04-02,VZ,31.42311,31.767458,30.691009
2020-04-02,WMT,30.260829,30.296127,29.714835
2020-04-03,AAPL,78.922194,82.154176,75.398566
2020-04-03,AMGN,119.89902,121.05024,118.69044
2020-04-03,CRM,134.02522,138.16224,132.82208
2020-04-03,CSCO,30.465999,30.8109,30.0143
2020-04-03,IBM,71.190235,72.736151,70.526812
2020-04-03,INTC,50.467801,51.1725,50.043034
2020-04-03,MSFT,160.45603,165.69282,159.16665
2020-04-03,NKE,68.068973,69.070662,66.596902
2020-04-03,VZ,30.653356,30.683298,30.352976
2020-04-03,WMT,30.640108,31.145333,30.161058
2020-04-06,AAPL,77.471736,80.53657,76.606859
2020-04-06,AMGN,120.00808,121.20884,118.83823
2020-04-06,CRM,130.3897,132.84823,125.39976
2020-04-06,CSCO,30.578394,31.93817,30.797468
2020-04-06,IBM,70.455451,70.820579,69.487402
2020-04-06,INTC,51.508874,52.686738,50.054735
2020-04-06,MSFT,157.71112,161.45846,151.77792
2020-04-06,NKE,67.06974,67.99875,65.412258
2020-04-06,VZ,30.638052,31.47427,29.882741
2020-04-06,WMT,30.213692,30.862444,29.815846
2020-04-07,AAPL,75.193819,76.035995,74.380882
2020-04-07,AMGN,119.78502,122.72674,117.67234
2020-04-07,CRM,129.74081,129.14542,128.28744
2020-04-07,CSCO,30.591589,31.653421,30.065565
2020-04-07,IBM,70.943202,72.73136,69.935616
2020-04-07,INTC,52.760929,53.74769,51.683201
2020-04-07,MSFT,160.87359,161.63852,159.63577
2020-04-07,NKE,68.418597,68.277439,66.21384
2020-04-07,VZ,30.900924,31.495318,30.501291
2020-04-07,WMT,29.694,29.662609,29.0307
2020-04-08,AAPL,73.465923,73.52827,70.89062
2020-04-08,AMGN,117.78911,117.68094,116.01875
2020-04-08,CRM,131.90878,136.22571,126.20589
2020-04-08,CSCO,29.809476,29.84304,29.605123
2020-04-08,IBM,69.095352,68.63685,69.364474
2020-04-08,INTC,51.402943,52.094694,51.335155
2020-04-08,MSFT,162.14231,163.45522,159.67363
2020-04-08,NKE,67.58265,69.02841,67.022673
2020-04-08,VZ,30.783222,31.09745,31.132532
2020-04-08,WMT,30.268374,30.530655,29.774129
2020-04-09,AAPL,73.005053,73.609947,71.657773
2020-04-09,AMGN,119.42574,121.16466,117.79336
2020-04-09,CRM,130.33901,135.3444,125.42036
2020-04-09,CSCO,29.860229,30.01667,29.554055
2020-04-09,IBM,70.191585,70.923306,69.383621
2020-04-09,INTC,50.598078,51.401478,49.973941
2020-04-09,MSFT,161.09039,162.63961,157.9552
2020-04-09,NKE,66.169757,67.454988,66.038918
2020-04-09,VZ,30.951823,31.642281,30.283047
2020-04-09,WMT,30.16407,30.504938,29.631128
2020-04-13,AAPL,71.275018,72.66902,70.293983
2020-04-13,AMGN,120.11855,121.4151,119.77579
2020-04-13,CRM,133.54486,136.03588,129.69372
2020-04-13,CSCO,30.796514,30.843315,30.393576
2020-04-13,IBM,69.77007,69.867199,69.547717
2020-04-13,INTC,49.964731,50.905022,50.028011
2020-04-13,MSFT,161.69001,166.77924,157.85025
2020-04-13,NKE,64.984208,66.389656,63.80987
2020-04-13,VZ,30.718338,30.863709,30.582977
2020-04-13,WMT,30.026091,30.139028,29.872349
2020-04-14,AAPL,70.459083,71.353146,70.379633
2020-04-14,AMGN,121.34754,122.43203,119.27223
2020-04-14,CRM,129.16807,129.48327,127.53024
2020-04-14,CSCO,31.495368,31.58708,30.696711
2020-04-14,IBM,69.374329,70.132834,68.934576
2020-04-14,INTC,49.385593,48.901299,49.151099
2020-04-14,MSFT,161.7228,162.33346,159.76358
2020-04-14,NKE,66.798257,67.770448,66.162927
2020-04-14,VZ,30.720763,31.795242,29.869153
2020-04-14,WMT,29.637437,29.674025,29.446295
2020-04-15,AAPL,70.902273,72.396784,69.20337
2020-04-15,AMGN,122.73781,123.32088,121.3763
2020-04-15,CRM,127.02883,129.90454,126.80541
2020-04-15,CSCO,32.53811,32.593298,32.410023
2020-04-15,IBM,69.663171,70.516549,69.067846
2020-04-15,INTC,49.91753,50.706067,49.7626
2020-04-15,MSFT,161.10135,163.06623,157.11362
2020-04-15,NKE,66.794094,67.912655,65.567411
2020-04-15,VZ,30.583699,30.847798,30.297895
2020-04-15,WMT,29.91699,29.90954,29.41072
2020-04-16,AAPL,69.396608,71.142714,67.858126
2020-04-16,AMGN,123.35997,125.07014,121.80789
2020-04-16,CRM,125.86805,128.61832,124.86506
2020-04-16,CSCO,32.764393,32.551713,32.52788
2020-04-16,IBM,69.16393,68.94047,68.687605
2020-04-16,INTC,50.255844,51.294647,49.758213
2020-04-16,MSFT,158.27761,159.35907,157.2159
2020-04-16,NKE,68.023063,70.010145,66.742124
2020-04-16,VZ,30.121211,30.136457,30.052784
2020-04-16,WMT,30.041548,30.658899,29.699229
2020-04-17,AAPL,65.91115,66.811981,65.349905
2020-04-17,AMGN,126.14616,127.41633,125.15623
2020-04-17,CRM,126.26357,123.00854,123.16334
2020-04-17,CSCO,33.266574,33.111671,32.760037
2020-04-17,IBM,70.299422,71.081475,69.547537
2020-04-17,INTC,50.50282,52.440217,49.710436
2020-04-17,MSFT,156.65108,158.27139,152.60228
2020-04-17,NKE,68.524353,71.203855,67.275973
2020-04-17,VZ,30.422496,30.891487,30.429938
2020-04-17,WMT,29.704966,29.938963,29.648959
2020-04-20,AAPL,63.849551,65.116379,64.017277
2020-04-20,AMGN,121.55287,121.42879,120.66536
2020-04-20,CRM,127.41173,125.08816,129.20709
2020-04-20,CSCO,32.59059,33.078283,31.614495
2020-04-20,IBM,69.986934,71.621163,68.883948
2020-04-20,INTC,51.861118,52.270394,52.206555
2020-04-20,MSFT,157.61511,155.58272,155.49915
2020-04-20,NKE,67.172753,67.555909,66.644975
2020-04-20,VZ,30.140679,30.216682,29.969756
2020-04-20,WMT,29.285396,29.757234,28.745687
2020-04-21,AAPL,63.884377,63.557606,64.123492
2020-04-21,AMGN,117.94532,118.47897,117.66289
2020-04-21,CRM,127.26953,131.4836,122.72977
2020-04-21,CSCO,32.555362,33.011678,32.434676
2020-04-21,IBM,69.510703,70.133594,69.795595
2020-04-21,INTC,51.072783,52.065683,51.344871
2020-04-21,MSFT,156.82983,159.88078,152.75167
2020-04-21,NKE,67.385448,68.01451,66.229978
2020-04-21,VZ,29.916131,30.498269,29.520864
2020-04-21,WMT,29.215134,29.742905,28.950786
2020-04-22,AAPL,64.243186,64.518605,63.481426
2020-04-22,AMGN,120.95809,122.67699,120.31355
2020-04-22,CRM,124.64473,124.80595,122.81535
2020-04-22,CSCO,32.041342,31.727947,31.177822
2020-04-22,IBM,71.053982,72.331091,69.815811
2020-04-22,INTC,51.930374,53.936042,50.605308
2020-04-22,MSFT,152.87146,155.81547,149.7433
2020-04-22,NKE,66.286914,67.307973,65.067452
2020-04-22,VZ,30.104161,30.362909,30.069831
2020-04-22,WMT,28.878499,29.319797,28.46564
2020-04-23,AAPL,61.95159,63.744843,61.0918
2020-04-23,AMGN,119.56334,120.96322,119.24829
2020-04-23,CRM,120.33663,123.25705,115.4258
2020-04-23,CSCO,31.317966,32.105708,30.950587
2020-04-23,IBM,71.753727,71.725231,70.805925
2020-04-23,INTC,52.835946,53.319687,52.475151
2020-04-23,MSFT,156.45059,157.19193,152.55136
2020-04-23,NKE,67.71404,68.705759,66.542163
2020-04-23,VZ,30.734317,31.218666,30.60414
2020-04-23,WMT,28.812845,28.871747,28.337838
2020-04-24,AAPL,64.242074,65.980145,61.838245
2020-04-24,AMGN,118.03764,120.43219,118.11602
2020-04-24,CRM,123.4456,123.6713,122.97034
2020-04-24,CSCO,31.102979,31.639248,30.581068
2020-04-24,IBM,70.904961,71.095354,69.649861
2020-04-24,INTC,53.389882,54.174303,51.928666
2020-04-24,MSFT,157.17188,159.69669,155.57177
2020-04-24,NKE,67.693605,69.836895,65.730556
2020-04-24,VZ,30.504128,31.086097,30.3188
2020-04-24,WMT,28.833152,29.503395,28.173713
2020-04-27,AAPL,65.861491,66.77594,64.32642
2020-04-27,AMGN,117.95241,119.28276,116.23328
2020-04-27,CRM,122.05231,126.7481,118.14638
2020-04-27,CSCO,31.270347,31.476329,31.078764
2020-04-27,IBM,68.271625,67.672615,67.467986
2020-04-27,INTC,52.905306,53.833977,51.885774
2020-04-27,MSFT,156.44412,157.11637,157.20037
2020-04-27,NKE,69.345327,68.545785,67.345503
2020-04-27,VZ,30.401856,30.539618,29.746263
2020-04-27,WMT,28.91246,29.06627,28.657028
2020-04-28,AAPL,63.731288,64.650052,62.830241
2020-04-28,AMGN,116.95437,117.74198,116.27115
2020-04-28,CRM,120.10193,123.6383,117.31068
2020-04-28,CSCO,31.938112,32.644807,31.280515
2020-04-28,IBM,68.247638,69.751044,67.377275
2020-04-28,INTC,52.458161,52.985312,53.670402
2020-04-28,MSFT,152.19775,155.43288,150.28918
2020-04-28,NKE,67.336599,69.534849,66.972239
2020-04-28,VZ,30.110124,30.535023,30.193714
2020-04-28,WMT,28.544102,28.918054,28.661881
2020-04-29,AAPL,64.730004,66.189317,62.511522
2020-04-29,AMGN,117.68809,120.87936,117.0495
2020-04-29,CRM,115.55936,119.10501,114.47003
2020-04-29,CSCO,31.326888,31.288377,30.946409
2020-04-29,IBM,69.452419,70.311934,68.973523
2020-04-29,INTC,53.256134,53.755257,52.470317
2020-04-29,MSFT,151.89999,153.68345,150.1881
2020-04-29,NKE,69.199492,69.622718,68.442482
2020-04-29,VZ,30.602397,31.001221,29.810353
2020-04-29,WMT,28.489382,28.737654,28.070457
2020-04-30,AAPL,63.396792,63.879482,61.781909
2020-04-30,AMGN,114.0624,117.3207,113.63084
2020-04-30,CRM,113.46693,115.56394,112.07577
2020-04-30,CSCO,30.537236,31.676806,30.442642
2020-04-30,IBM,69.511889,70.607351,69.455831
2020-04-30,INTC,54.142943,54.714591,52.145792
2020-04-30,MSFT,152.82053,152.79555,151.20383
2020-04-30,NKE,71.395677,72.095394,70.63148
2020-04-30,VZ,30.38823,30.63038,30.229464
2020-04-30,WMT,28.579711,29.113569,28.168883
2020-05-01,AAPL,62.209952,61.862612,61.195658
2020-05-01,AMGN,113.78058,116.23173,113.81806
2020-05-01,CRM,114.37289,115.2684,112.30664
2020-05-01,CSCO,30.071986,29.975559,29.856733
2020-05-01,IBM,70.616888,71.12251,69.383813
2020-05-01,INTC,54.072142,54.582277,52.596855
2020-05-01,MSFT,147.3783,150.88784,145.65097
2020-05-01,NKE,69.893925,70.208492,69.564332
2020-05-01,VZ,29.895137,30.445919,29.615466
2020-05-01,WMT,28.153898,28.432886,28.101407
2020-05-04,AAPL,61.977529,63.690314,60.660972
2020-05-04,AMGN,115.26549,116.14211,116.22721
2020-05-04,CRM,114.62763,117.26607,111.72562
2020-05-04,CSCO,30.440754,31.189122,29.765312
2020-05-04,IBM,69.603475,70.168618,67.601417
2020-05-04,INTC,53.126389,52.658314,52.609489
2020-05-04,MSFT,142.77838,142.51181,142.02327
2020-05-04,NKE,69.599842,68.876937,66.475667
2020-05-04,VZ,30.014368,30.18028,29.667536
2020-05-04,WMT,27.983669,28.044916,27.390524
2020-05-05,AAPL,60.252017,60.866202,59.846696
2020-05-05,AMGN,118.86999,120.2771,115.48847
2020-05-05,CRM,114.63884,120.58268,112.16412
2020-05-05,CSCO,30.471027,30.769892,29.89696
2020-05-05,IBM,68.819522,69.220431,68.296103
2020-05-05,INTC,52.892323,53.020074,52.320254
2020-05-05,MSFT,140.31711,143.91983,138.13034
2020-05-05,NKE,69.39682,70.526977,67.31481
2020-05-05,VZ,30.028398,30.372163,29.099679
2020-05-05,WMT,28.080773,28.746093,27.355991
2020-05-06,AAPL,59.045075,60.092275,57.516353
2020-05-06,AMGN,119.5821,121.78739,117.50731
2020-05-06,CRM,112.92189,110.08379,110.58723
2020-05-06,CSCO,30.026981,31.245541,29.771525
2020-05-06,IBM,69.687019,71.627065,67.734387
2020-05-06,INTC,51.844698,51.571977,51.327414
2020-05-06,MSFT,142.15983,144.60799,139.04459
2020-05-06,NKE,67.871793,69.141789,66.86021
2020-05-06,VZ,29.969759,30.692797,29.802052
2020-05-06,WMT,28.451271,28.793343,27.924265
2020-05-07,AAPL,61.699107,62.658742,60.016814
2020-05-07,AMGN,121.76019,123.75235,119.18954
2020-05-07,CRM,112.10498,116.09238,109.5123
2020-05-07,CSCO,30.113264,30.830021,30.056578
2020-05-07,IBM,70.589241,72.011248,69.680125
2020-05-07,INTC,51.346428,52.798763,50.938817
2020-05-07,MSFT,142.80999,145.40923,140.29867
2020-05-07,NKE,67.253916,66.849652,67.529414
2020-05-07,VZ,29.885475,30.75343,29.550951
2020-05-07,WMT,28.753521,29.531534,27.948322
2020-05-08,AAPL,64.150808,65.676895,61.823858
2020-05-08,AMGN,122.57537,126.94961,122.54721
2020-05-08,CRM,111.19308,111.83657,107.70644
2020-05-08,CSCO,29.336616,29.162531,28.803701
2020-05-08,IBM,68.726217,70.130669,68.308212
2020-05-08,INTC,49.754285,49.747826,49.034315
2020-05-08,MSFT,148.06234,151.52582,146.55812
2020-05-08,NKE,66.001512,67.239958,64.81778
2020-05-08,VZ,29.797531,29.870204,29.645654
2020-05-08,WMT,28.988683,29.359343,28.605699
2020-05-11,AAPL,64.107736,64.973754,62.34124
2020-05-11,AMGN,123.54099,122.41394,121.63477
2020-05-11,CRM,116.32817,117.38726,116.8622
2020-05-11,CSCO,29.135647,29.429129,28.750399
2020-05-11,IBM,68.767373,69.04694,68.764688
2020-05-11,INTC,50.207356,51.856334,50.07936
2020-05-11,MSFT,147.4762,147.10877,147.45323
2020-05-11,NKE,65.572375,66.627633,66.245944
2020-05-11,VZ,29.374446,29.612849,28.341759
2020-05-11,WMT,28.882305,28.922268,28.457246
2020-05-12,AAPL,62.545981,63.805205,61.411079
2020-05-12,AMGN,125.9432,130.69667,125.21101
2020-05-12,CRM,114.04495,115.34603,113.01564
2020-05-12,CSCO,28.686736,29.641861,28.649078
2020-05-12,IBM,68.617618,69.130855,68.082602
2020-05-12,INTC,49.252669,48.586198,47.452699
2020-05-12,MSFT,148.1701,150.29912,147.40465
2020-05-12,NKE,65.8415,65.894519,65.843305
2020-05-12,VZ,29.960453,30.273319,29.447003
2020-05-12,WMT,28.802261,29.427347,28.329122
2020-05-13,AAPL,61.096318,62.94142,58.617071
2020-05-13,AMGN,127.06953,129.71284,125.96539
2020-05-13,CRM,114.77712,113.98832,111.75978
2020-05-13,CSCO,27.890185,28.316483,27.660988
2020-05-13,IBM,67.062872,68.929847,65.91565
2020-05-13,INTC,49.295798,49.83655,48.180006
2020-05-13,MSFT,151.83051,156.18581,148.48751
2020-05-13,NKE,64.775927,65.487105,63.314872
2020-05-13,VZ,29.419854,29.583489,28.956916
2020-05-13,WMT,27.915428,28.19394,27.575768
2020-05-14,AAPL,61.504534,62.039984,60.15265
2020-05-14,AMGN,127.40211,130.24283,126.4689
2020-05-14,CRM,114.79382,115.13896,113.23667
2020-05-14,CSCO,28.666945,29.105092,28.156018
2020-05-14,IBM,66.661087,67.703398,66.50382
2020-05-14,INTC,48.733448,49.632366,47.300217
2020-05-14,MSFT,146.24349,150.56454,144.7093
2020-05-14,NKE,66.01371,67.152592,64.988844
2020-05-14,VZ,29.048952,29.177703,28.105334
2020-05-14,WMT,28.072597,28.361465,28.073521
2020-05-15,AAPL,61.333668,61.860443,59.241028
2020-05-15,AMGN,129.13072,130.31435,128.08817
2020-05-15,CRM,107.91301,109.21542,107.66971
2020-05-15,CSCO,28.933498,29.046033,28.519656
2020-05-15,IBM,66.507168,68.112033,66.351683
2020-05-15,INTC,47.500255,47.523131,46.794917
2020-05-15,MSFT,149.70401,154.57351,148.34273
2020-05-15,NKE,65.364687,66.542124,64.286482
2020-05-15,VZ,28.341298,28.586161,27.823851
2020-05-15,WMT,28.063271,28.359617,27.680321
2020-05-18,AAPL,61.096019,63.145391,60.486775
2020-05-18,AMGN,130.42604,135.69866,128.66014
2020-05-18,CRM,108.17191,106.43945,106.3291
2020-05-18,CSCO,28.447553,28.835511,28.505896
2020-05-18,IBM,67.742829,68.485903,66.580931
2020-05-18,INTC,47.737455,48.544767,46.729649
2020-05-18,MSFT,148.02088,150.75188,149.12714
2020-05-18,NKE,64.367504,66.422289,62.626719
2020-05-18,VZ,28.480613,28.742627,28.265846
2020-05-18,WMT,28.215887,28.577941,27.922082
2020-05-19,AAPL,62.239989,62.398234,61.885971
2020-05-19,AMGN,127.32348,129.48046,124.90811
2020-05-19,CRM,110.40108,110.75556,110.49305
2020-05-19,CSCO,28.056629,28.355032,28.001453
2020-05-19,IBM,66.403669,67.607991,65.691385
2020-05-19,INTC,47.340329,47.675141,46.201755
2020-05-19,MSFT,145.69599,147.69407,146.05961
2020-05-19,NKE,64.757686,65.061434,62.957421
2020-05-19,VZ,28.577145,29.085784,28.094328
2020-05-19,WMT,28.200453,28.725156,27.92899
2020-05-20,AAPL,60.421447,61.726407,59.402492
2020-05-20,AMGN,126.93551,129.59866,124.94584
2020-05-20,CRM,108.92903,110.39541,106.02091
2020-05-20,CSCO,27.512693,28.187223,27.108313
2020-05-20,IBM,64.43008,65.115041,63.76478
2020-05-20,INTC,46.644778,47.958372,45.989655
2020-05-20,MSFT,143.95692,146.35997,138.85215
2020-05-20,NKE,64.646479,66.962625,63.472292
2020-05-20,VZ,29.188119,29.33169,28.760026
2020-05-20,WMT,28.277138,28.167163,27.837676
2020-05-21,AAPL,60.641883,60.896766,59.944766
2020-05-21,AMGN,126.88414,129.83192,126.28892
2020-05-21,CRM,107.74261,112.84361,110.35963
2020-05-21,CSCO,27.066348,27.479073,26.16732
2020-05-21,IBM,64.170348,65.285927,64.382773
2020-05-21,INTC,46.49242,46.461995,45.706684
2020-05-21,MSFT,142.86608,145.17147,142.23573
2020-05-21,NKE,62.405289,62.771741,61.575198
2020-05-21,VZ,29.931897,30.326504,29.661807
2020-05-21,WMT,28.629384,28.7932,28.404164
2020-05-22,AAPL,59.341902,60.571551,58.099229
2020-05-22,AMGN,126.50189,129.0109,125.10457
2020-05-22,CRM,102.80809,104.13344,98.267214
2020-05-22,CSCO,26.902757,27.410014,26.602028
2020-05-22,IBM,63.948505,65.097109,63.701462
2020-05-22,INTC,45.974558,46.258097,45.382048
2020-05-22,MSFT,145.73818,145.58957,143.44801
2020-05-22,NKE,62.799309,64.682052,61.981083
2020-05-22,VZ,30.15163,30.319594,29.893518
2020-05-22,WMT,28.80098,29.277847,28.509909
2020-05-26,AAPL,60.108826,61.288738,59.261893
2020-05-26,AMGN,127.51671,129.56492,124.80844
2020-05-26,CRM,98.739934,97.647759,96.95035
2020-05-26,CSCO,26.971659,27.048514,26.83747
2020-05-26,IBM,63.704387,64.422931,62.899589
2020-05-26,INTC,44.377818,44.726837,43.819033
2020-05-26,MSFT,145.43897,146.60913,144.59027
2020-05-26,NKE,60.886667,62.225881,60.216248
2020-05-26,VZ,30.025183,30.639728,29.819044
2020-05-26,WMT,28.625274,29.014966,28.415399
2020-05-27,AAPL,58.698412,59.445573,57.469169
2020-05-27,AMGN,126.37263,127.9916,124.54964
2020-05-27,CRM,93.373572,95.647624,91.225779
2020-05-27,CSCO,26.71659,27.054097,26.580581
2020-05-27,IBM,62.268673,63.143704,61.167221
2020-05-27,INTC,44.839058,44.931878,43.307807
2020-05-27,MSFT,143.64802,144.46957,140.60504
2020-05-27,NKE,60.09702,61.063273,59.424749
2020-05-27,VZ,30.392686,30.855724,29.90079
2020-05-27,WMT,28.638196,29.030259,28.361713
2020-05-28,AAPL,57.179059,57.698582,55.419468
2020-05-28,AMGN,123.30463,126.69032,123.44321
2020-05-28,CRM,94.647222,94.74281,93.922543
2020-05-28,CSCO,26.528983,26.668339,26.289324
2020-05-28,IBM,62.285616,62.511872,60.480385
2020-05-28,INTC,44.642879,45.307647,43.895692
2020-05-28,MSFT,144.15945,146.53424,144.02896
2020-05-28,NKE,58.296807,60.683342,57.604718
2020-05-28,VZ,30.897071,31.472873,30.54484
2020-05-28,WMT,28.43435,28.805468,28.120853
2020-05-29,AAPL,57.148912,60.445548,55.167808
2020-05-29,AMGN,124.07291,124.15766,122.3008
2020-05-29,CRM,95.204682,96.703321,93.465983
2020-05-29,CSCO,26.580551,26.690513,26.246018
2020-05-29,IBM,62.312674,63.412344,61.415274
2020-05-29,INTC,44.628429,45.071111,44.05018
2020-05-29,MSFT,144.65417,146.27756,143.84963
2020-05-29,NKE,57.640145,58.674597,58.623227
2020-05-29,VZ,30.775739,31.244757,30.465829
2020-05-29,WMT,27.943636,28.197816,27.27685
2020-06-01,AAPL,55.560038,56.392478,53.380697
2020-06-01,AMGN,122.22833,123.96831,119.02
2020-06-01,CRM,90.105491,94.387243,89.426113
2020-06-01,CSCO,26.045523,26.12185,25.639451
2020-06-01,IBM,62.955436,63.498061,62.040374
2020-06-01,INTC,45.409231,46.032312,44.968742
2020-06-01,MSFT,139.85328,139.03294,137.31049
2020-06-01,NKE,56.113352,56.180893,55.477931
2020-06-01,VZ,30.565916,31.018287,30.175214
2020-06-01,WMT,27.760107,28.180082,27.317936
2020-06-02,AAPL,53.961402,55.105181,53.999915
2020-06-02,AMGN,118.95565,123.34152,117.47941
2020-06-02,CRM,91.585401,91.532881,89.799211
2020-06-02,CSCO,26.161003,26.014128,25.625947
2020-06-02,IBM,63.301342,62.787471,63.228465
2020-06-02,INTC,45.244912,46.399448,44.295164
2020-06-02,MSFT,136.52814,140.15357,135.65143
2020-06-02,NKE,56.312945,57.254172,54.635746
2020-06-02,VZ,30.432873,30.839015,30.046344
2020-06-02,WMT,27.572624,28.173212,27.452207
2020-06-03,AAPL,55.808777,57.189612,55.285119
2020-06-03,AMGN,121.30659,123.18886,120.892
2020-06-03,CRM,88.760658,87.68463,88.923861
2020-06-03,CSCO,26.624565,27.012221,26.201215
2020-06-03,IBM,63.190649,63.770954,62.225069
2020-06-03,INTC,45.038355,45.586733,43.705045
2020-06-03,MSFT,139.93327,142.0678,137.83106
2020-06-03,NKE,55.544604,55.901877,54.613525
2020-06-03,VZ,29.88612,29.725888,29.264769
2020-06-03,WMT,28.127402,28.452466,28.307058
2020-06-04,AAPL,54.461217,55.20816,53.040429
2020-06-04,AMGN,123.70837,125.19474,121.17065
2020-06-04,CRM,89.574169,90.519403,87.524075
2020-06-04,CSCO,26.992599,27.4259,26.53699
2020-06-04,IBM,62.346173,63.464993,61.841906
2020-06-04,INTC,44.429141,45.433629,43.323374
2020-06-04,MSFT,140.35302,142.06346,136.62981
2020-06-04,NKE,55.552732,56.281156,54.557885
2020-06-04,VZ,30.509624,31.110734,29.760906
2020-06-04,WMT,28.098888,28.634712,27.968019
2020-06-05,AAPL,53.563311,54.789686,53.062407
2020-06-05,AMGN,121.34352,124.93372,118.37825
2020-06-05,CRM,85.51984,88.623247,83.145593
2020-06-05,CSCO,28.212198,28.498143,27.866115
2020-06-05,IBM,63.564289,64.236424,62.72199
2020-06-05,INTC,44.48003,44.04912,43.232092
2020-06-05,MSFT,137.18352,137.87835,134.97799
2020-06-05,NKE,53.697824,55.127319,51.086083
2020-06-05,VZ,31.243681,31.556877,30.067483
2020-06-05,WMT,28.301506,28.321567,28.310514
2020-06-08,AAPL,54.603216,55.770441,54.572912
2020-06-08,AMGN,122.86661,124.53378,122.41598
2020-06-08,CRM,86.203868,88.766994,86.39623
2020-06-08,CSCO,27.411357,27.916627,26.989958
2020-06-08,IBM,63.054275,63.790305,62.038613
2020-06-08,INTC,44.443729,45.188092,43.115931
2020-06-08,MSFT,135.68799,137.79994,135.37424
2020-06-08,NKE,51.621429,51.521686,50.843527
2020-06-08,VZ,30.746204,31.046566,30.569193
2020-06-08,WMT,28.084352,28.896432,28.158924
2020-06-09,AAPL,53.467551,53.608311,52.658151
2020-06-09,AMGN,121.59455,122.47604,120.2873
2020-06-09,CRM,88.827611,89.631999,88.219019
2020-06-09,CSCO,27.762736,27.741043,27.902734
2020-06-09,IBM,61.656726,62.179815,60.972153
2020-06-09,INTC,44.303203,44.38021,43.954731
2020-06-09,MSFT,135.63062,136.71692,135.34997
2020-06-09,NKE,51.51954,52.989184,51.023028
2020-06-09,VZ,29.933543,30.126709,29.63998
2020-06-09,WMT,28.489412,28.986012,28.37971
2020-06-10,AAPL,54.004841,53.434013,52.920425
2020-06-10,AMGN,118.8021,121.00164,116.74607
2020-06-10,CRM,88.337703,89.640821,87.030051
2020-06-10,CSCO,27.54034,27.537632,27.507405
2020-06-10,IBM,60.48781,60.998502,59.783959
2020-06-10,INTC,45.318369,45.287673,44.064015
2020-06-10,MSFT,136.01992,137.31176,133.97714
2020-06-10,NKE,51.270225,52.085832,52.293722
2020-06-10,VZ,30.501783,30.64339,30.023763
2020-06-10,WMT,28.567318,28.979573,28.213595
2020-06-11,AAPL,53.737857,54.299489,53.223602
2020-06-11,AMGN,118.3944,118.53858,117.03081
2020-06-11,CRM,88.12967,87.679646,86.339606
2020-06-11,CSCO,27.718135,28.648594,27.625544
2020-06-11,IBM,59.633244,60.257492,58.896875
2020-06-11,INTC,46.220374,46.424444,45.980181
2020-06-11,MSFT,137.72266,138.688,132.80034
2020-06-11,NKE,53.176302,53.8853,51.256437
2020-06-11,VZ,30.476547,30.915849,30.408423
2020-06-11,WMT,28.66799,29.098177,28.472765
2020-06-12,AAPL,52.929242,53.074894,51.596235
2020-06-12,AMGN,120.8834,123.30956,119.9499
2020-06-12,CRM,86.292909,87.073295,87.53561
2020-06-12,CSCO,27.921144,27.768924,27.375907
2020-06-12,IBM,59.825369,60.893397,59.344665
2020-06-12,INTC,44.878222,46.292003,44.089596
2020-06-12,MSFT,136.66537,138.22562,133.49949
2020-06-12,NKE,52.0317,53.144742,51.214245
2020-06-12,VZ,31.233732,31.779422,30.794658
2020-06-12,WMT,29.04127,29.150734,29.026773
2020-06-15,AAPL,53.754657,55.298864,52.399479
2020-06-15,AMGN,121.67879,124.0172,119.79527
2020-06-15,CRM,82.997889,86.567954,82.233776
2020-06-15,CSCO,27.21935,27.417915,26.861255
2020-06-15,IBM,59.60263,60.849931,58.508346
2020-06-15,INTC,44.09669,43.939177,42.980869
2020-06-15,MSFT,136.08507,138.83376,134.00614
2020-06-15,NKE,52.656377,53.396369,51.882457
2020-06-15,VZ,30.962541,31.382838,31.104801
2020-06-15,WMT,28.409952,28.694512,27.533075
2020-06-16,AAPL,52.709534,52.54055,50.669968
2020-06-16,AMGN,118.07275,120.04892,113.59275
2020-06-16,CRM,80.464226,82.468511,79.219893
2020-06-16,CSCO,26.938525,27.316572,27.005205
2020-06-16,IBM,59.541177,61.385911,58.400288
2020-06-16,INTC,43.609386,43.555302,43.423825
2020-06-16,MSFT,138.33796,138.91745,136.00881
2020-06-16,NKE,52.260761,53.036535,51.48655
2020-06-16,VZ,30.472643,30.723043,29.871625
2020-06-16,WMT,28.112139,28.6605,27.978343
2020-06-17,AAPL,50.873623,52.153158,49.922462
2020-06-17,AMGN,123.85625,127.06414,122.16417
2020-06-17,CRM,81.480567,84.575993,81.782639
2020-06-17,CSCO,26.804019,27.272924,26.5955
2020-06-17,IBM,58.989192,59.850232,57.969663
2020-06-17,INTC,42.952206,43.646785,42.392255
2020-06-17,MSFT,138.38148,141.11023,136.85311
2020-06-17,NKE,54.050865,54.684228,53.62233
2020-06-17,VZ,30.565471,30.840351,30.588448
2020-06-17,WMT,28.255422,28.591172,27.75011
2020-06-18,AAPL,50.019758,50.793881,48.216369
2020-06-18,AMGN,120.37465,120.99938,117.06892
2020-06-18,CRM,80.803686,81.563675,80.071743
2020-06-18,CSCO,26.382174,26.457472,26.065394
2020-06-18,IBM,59.53821,60.09633,58.841498
2020-06-18,INTC,43.237988,43.173816,42.79455
2020-06-18,MSFT,138.83284,140.93466,138.62217
2020-06-18,NKE,53.732579,54.528504,53.858093
2020-06-18,VZ,30.767032,30.895109,30.760462
2020-06-18,WMT,27.956496,28.417678,27.669264
2020-06-19,AAPL,49.184192,49.571627,48.849567
2020-06-19,AMGN,118.00213,119.89241,115.33997
2020-06-19,CRM,81.137848,83.973763,79.242752
2020-06-19,CSCO,26.833725,27.181,26.416936
2020-06-19,IBM,58.225923,58.803947,57.172692
2020-06-19,INTC,42.820963,43.402128,42.256268
2020-06-19,MSFT,138.03307,140.47297,134.50513
2020-06-19,NKE,52.46127,52.026738,52.078921
2020-06-19,VZ,31.022311,31.613522,31.044851
2020-06-19,WMT,28.129135,28.504562,27.651382
2020-06-22,AAPL,49.623688,50.992985,48.442345
2020-06-22,AMGN,119.55862,120.52473,115.58812
2020-06-22,CRM,83.006008,84.042538,81.69721
2020-06-22,CSCO,26.908969,26.78539,26.568091
2020-06-22,IBM,57.232657,58.310631,56.628384
2020-06-22,INTC,42.506416,42.507065,41.566342
2020-06-22,MSFT,136.89345,137.20163,135.08052
2020-06-22,NKE,52.187994,53.417576,51.260296
2020-06-22,VZ,31.257119,31.361395,31.205668
2020-06-22,WMT,27.684395,28.275414,27.77628
2020-06-23,AAPL,49.846618,50.743911,48.686378
2020-06-23,AMGN,118.79588,121.07677,117.17156
2020-06-23,CRM,84.500669,86.543094,83.235769
2020-06-23,CSCO,26.311683,26.692933,25.822071
2020-06-23,IBM,57.586092,57.964665,57.03799
2020-06-23,INTC,43.291888,43.966569,41.813676
2020-06-23,MSFT,135.32651,138.40069,132.47199
2020-06-23,NKE,51.939979,52.632078,51.851874
2020-06-23,VZ,30.961651,31.575911,31.302916
2020-06-23,WMT,27.671066,27.90182,27.30666
2020-06-24,AAPL,51.234067,52.417556,50.758427
2020-06-24,AMGN,120.70316,120.64845,117.98595
2020-06-24,CRM,84.131087,85.689144,81.118353
2020-06-24,CSCO,27.257991,28.181559,27.190531
2020-06-24,IBM,57.820357,57.810179,56.833291
2020-06-24,INTC,43.334473,43.14783,42.572277
2020-06-24,MSFT,131.45051,132.86807,129.41084
2020-06-24,NKE,50.874137,52.282147,51.082901
2020-06-24,VZ,30.937049,31.538736,30.338631
2020-06-24,WMT,27.975636,28.264209,27.435603
2020-06-25,AAPL,51.678738,52.631239,51.313591
2020-06-25,AMGN,123.62908,123.858,119.8144
2020-06-25,CRM,82.764632,84.392554,80.045664
2020-06-25,CSCO,27.305323,28.031863,27.034578
2020-06-25,IBM,56.791666,57.251166,55.946305
2020-06-25,INTC,43.024263,43.255817,42.276822
2020-06-25,MSFT,128.37531,130.02002,126.9627
2020-06-25,NKE,50.113727,50.033003,49.777431
2020-06-25,VZ,30.247252,30.714006,29.732471
2020-06-25,WMT,27.960343,28.346106,27.901571
2020-06-26,AAPL,50.720973,51.139324,50.80798
2020-06-26,AMGN,124.16914,125.77766,123.40395
2020-06-26,CRM,78.321806,79.375264,74.996928
2020-06-26,CSCO,29.25278,29.531676,28.549571
2020-06-26,IBM,55.040561,54.836746,53.906436
2020-06-26,INTC,43.215095,44.036782,41.753315
2020-06-26,MSFT,129.10396,129.23062,128.7522
2020-06-26,NKE,48.210644,48.698957,47.948355
2020-06-26,VZ,30.537789,31.213033,30.184092
2020-06-26,WMT,27.906057,28.163298,27.69837
2020-06-29,AAPL,50.340903,51.681669,49.260692
2020-06-29,AMGN,124.10585,124.09951,121.61536
2020-06-29,CRM,76.929022,78.759695,76.57918
2020-06-29,CSCO,28.167051,28.155337,28.339217
2020-06-29,IBM,56.243596,56.812528,56.162052
2020-06-29,INTC,42.982109,44.168213,42.628921
2020-06-29,MSFT,129.3045,130.23533,127.69199
2020-06-29,NKE,48.560948,49.282357,47.689887
2020-06-29,VZ,31.105422,31.308334,30.787521
2020-06-29,WMT,28.345891,28.736653,27.630868
2020-06-30,AAPL,51.547125,51.866746,49.476289
2020-06-30,AMGN,125.4877,126.81786,127.17878
2020-06-30,CRM,76.583444,79.243202,75.409382
2020-06-30,CSCO,28.013102,27.787128,27.404891
2020-06-30,IBM,55.774298,55.751243,54.926504
2020-06-30,INTC,43.621523,44.700193,43.354909
2020-06-30,MSFT,130.24899,132.66659,127.69043
2020-06-30,NKE,47.7388,48.911292,46.659542
2020-06-30,VZ,31.024179,30.964759,30.719925
2020-06-30,WMT,28.063611,28.283356,27.781356
2020-07-01,AAPL,51.054121,50.906885,49.723669
2020-07-01,AMGN,124.23187,126.52953,121.30576
2020-07-01,CRM,76.144213,79.179512,76.463917
2020-07-01,CSCO,28.229464,28.77622,27.929122
2020-07-01,IBM,56.103752,56.915492,55.20618
2020-07-01,INTC,43.135367,44.541428,43.112042
2020-07-01,MSFT,125.80093,130.49526,125.43706
2020-07-01,NKE,49.036149,50.829994,48.631104
2020-07-01,VZ,30.963157,30.805387,30.823265
2020-07-01,WMT,27.689218,28.015081,27.090497
2020-07-02,AAPL,50.88603,51.639657,49.239913
2020-07-02,AMGN,123.49124,126.50048,122.31668
2020-07-02,CRM,76.601959,77.481192,74.559635
2020-07-02,CSCO,28.464493,28.639794,28.007774
2020-07-02,IBM,56.084247,56.752181,55.831655
2020-07-02,INTC,44.118314,44.065101,43.225833
2020-07-02,MSFT,127.57863,132.16828,125.425
2020-07-02,NKE,50.072237,50.159266,49.528651
2020-07-02,VZ,31.237723,31.110843,30.836966
2020-07-02,WMT,28.309295,28.9317,28.399083
2020-07-06,AAPL,49.778979,50.629831,48.232433
2020-07-06,AMGN,121.56843,123.76901,119.99455
2020-07-06,CRM,80.832036,80.175612,80.200738
2020-07-06,CSCO,28.516258,28.841088,28.41557
2020-07-06,IBM,55.734409,56.056459,54.851642
2020-07-06,INTC,43.401636,43.324416,43.20506
2020-07-06,MSFT,129.64372,129.64173,127.49009
2020-07-06,NKE,50.611227,51.445817,51.143559
2020-07-06,VZ,30.953166,31.067734,30.990486
2020-07-06,WMT,28.801511,28.994822,28.423936
2020-07-07,AAPL,50.654374,50.638309,49.953054
2020-07-07,AMGN,125.10724,127.88693,122.61712
2020-07-07,CRM,80.928748,82.640024,78.202695
2020-07-07,CSCO,28.424195,28.398711,28.793744
2020-07-07,IBM,54.227278,54.826029,54.757578
2020-07-07,INTC,45.723736,44.791812,46.104309
2020-07-07,MSFT,128.18617,129.13771,126.69258
2020-07-07,NKE,51.471349,51.970158,50.189239
2020-07-07,VZ,30.904744,31.899386,30.396765
2020-07-07,WMT,28.87463,28.727565,28.192155
2020-07-08,AAPL,50.744499,50.911276,49.924809
2020-07-08,AMGN,123.56344,123.66929,124.63756
2020-07-08,CRM,80.755554,81.560885,79.769475
2020-07-08,CSCO,28.7831,28.789015,28.598813
2020-07-08,IBM,53.372647,53.984671,52.865883
2020-07-08,INTC,45.593003,46.176505,45.596601
2020-07-08,MSFT,131.32869,132.95612,129.92393
2020-07-08,NKE,50.923436,51.326466,50.70781
2020-07-08,VZ,31.217634,31.276667,31.229371
2020-07-08,WMT,28.508695,29.080037,28.109928
2020-07-09,AAPL,51.202597,51.44683,50.38647
2020-07-09,AMGN,125.29863,124.61944,123.36611
2020-07-09,CRM,81.467169,83.338778,80.708195
2020-07-09,CSCO,28.938612,29.716483,29.027026
2020-07-09,IBM,53.088149,52.868834,52.38107
2020-07-09,INTC,46.178075,46.370145,45.286726
2020-07-09,MSFT,133.75016,133.76644,132.98715
2020-07-09,NKE,51.269578,51.235474,50.447268
2020-07-09,VZ,31.024807,30.937034,31.195583
2020-07-09,WMT,28.075497,28.505589,27.565073
2020-07-10,AAPL,49.36386,49.977839,48.401835
2020-07-10,AMGN,119.66834,120.37695,118.01148
2020-07-10,CRM,82.144793,83.999478,80.537338
2020-07-10,CSCO,30.131656,29.997,30.316287
2020-07-10,IBM,54.190685,55.710472,53.309604
2020-07-10,INTC,45.993262,46.39353,45.839653
2020-07-10,MSFT,135.54555,136.03127,133.62582
2020-07-10,NKE,51.678,52.782836,52.174845
2020-07-10,VZ,30.924333,31.125157,30.551172
2020-07-10,WMT,28.543045,28.801905,28.320543
2020-07-13,AAPL,49.676022,49.580804,48.950202
2020-07-13,AMGN,121.00969,122.75107,119.39948
2020-07-13,CRM,82.807609,82.001661,79.397763
2020-07-13,CSCO,30.699306,31.032066,30.742921
2020-07-13,IBM,53.951609,54.319744,53.222502
2020-07-13,INTC,45.128477,45.15827,43.994101
2020-07-13,MSFT,134.17165,135.26424,133.93761
2020-07-13,NKE,51.342246,51.896467,50.940939
2020-07-13,VZ,30.15599,30.408749,29.892965
2020-07-13,WMT,28.504361,28.776207,28.331472
2020-07-14,AAPL,50.328163,51.190201,48.592576
2020-07-14,AMGN,118.15412,118.51637,115.47673
2020-07-14,CRM,82.325706,83.033834,79.25065
2020-07-14,CSCO,30.668506,30.7932,29.997637
2020-07-14,IBM,53.849359,54.274422,53.289345
2020-07-14,INTC,45.318174,46.333886,44.190107
2020-07-14,MSFT,137.1419,138.87003,134.35799
2020-07-14,NKE,50.407147,51.121118,49.701786
2020-07-14,VZ,29.987559,29.989497,29.943593
2020-07-14,WMT,28.634958,28.702045,28.970388
2020-07-15,AAPL,51.227488,52.017371,49.124229
2020-07-15,AMGN,117.32678,120.49169,117.35189
2020-07-15,CRM,82.728717,81.351952,81.234269
2020-07-15,CSCO,30.409999,30.579583,29.970066
2020-07-15,IBM,53.606894,53.812155,53.377101
2020-07-15,INTC,45.381052,45.571403,45.30222
2020-07-15,MSFT,136.04115,138.05755,133.09598
2020-07-15,NKE,48.581059,48.390737,48.250931
2020-07-15,VZ,30.062018,29.866767,29.752194
2020-07-15,WMT,28.959644,29.187528,29.455896
2020-07-16,AAPL,51.725799,53.508453,50.077834
2020-07-16,AMGN,116.52797,117.56026,114.81231
2020-07-16,CRM,79.542401,80.604748,79.358205
2020-07-16,CSCO,30.713782,30.566456,31.063684
2020-07-16,IBM,54.12593,54.472935,54.436879
2020-07-16,INTC,44.652577,45.513397,43.759029
2020-07-16,MSFT,136.26868,137.73783,134.01996
2020-07-16,NKE,48.280614,48.950064,47.328436
2020-07-16,VZ,29.544484,30.239754,29.448871
2020-07-16,WMT,28.907559,28.632342,28.21283
2020-07-17,AAPL,49.597306,49.738141,48.481265
2020-07-17,AMGN,116.66733,120.26613,113.43236
2020-07-17,CRM,82.734529,82.018422,80.70876
2020-07-17,CSCO,31.188115,31.13225,30.813746
2020-07-17,IBM,52.630364,52.520757,52.65797
2020-07-17,INTC,45.778448,46.937414,45.828736
2020-07-17,MSFT,136.10441,136.36156,133.97682
2020-07-17,NKE,48.458988,49.103126,49.440107
2020-07-17,VZ,29.553129,29.782136,29.255391
2020-07-17,WMT,29.215093,29.36951,28.765665
2020-07-20,AAPL,50.492462,51.205439,48.721225
2020-07-20,AMGN,118.1157,119.03048,116.27595
2020-07-20,CRM,80.230284,82.117328,77.215568
2020-07-20,CSCO,30.773567,30.953811,30.530668
2020-07-20,IBM,52.610258,53.355729,52.416279
2020-07-20,INTC,45.538196,45.409319,44.566125
2020-07-20,MSFT,134.98871,135.07173,131.28584
2020-07-20,NKE,45.401847,46.113638,43.746137
2020-07-20,VZ,30.16361,30.432586,29.648281
2020-07-20,WMT,28.925056,29.100707,28.712827
2020-07-21,AAPL,50.994754,51.612433,50.320089
2020-07-21,AMGN,118.49278,120.70087,117.55653
2020-07-21,CRM,79.827759,81.245741,79.326607
2020-07-21,CSCO,31.457604,31.918506,31.093137
2020-07-21,IBM,51.753297,52.464452,51.017331
2020-07-21,INTC,45.514759,45.814219,44.98551
2020-07-21,MSFT,133.67094,134.14786,133.83823
2020-07-21,NKE,44.861089,44.446504,44.395483
2020-07-21,VZ,29.510985,29.693522,29.041338
2020-07-21,WMT,29.098242,29.158904,29.044531
2020-07-22,AAPL,51.764622,52.064549,51.208328
2020-07-22,AMGN,118.95124,119.32706,117.29983
2020-07-22,CRM,77.131756,78.351403,75.596304
2020-07-22,CSCO,31.5273,31.601644,31.133082
2020-07-22,IBM,51.702947,52.212579,50.658895
2020-07-22,INTC,45.627714,45.79298,45.298792
2020-07-22,MSFT,136.05507,135.98517,133.70052
2020-07-22,NKE,45.822763,46.288064,45.256859
2020-07-22,VZ,29.61129,30.2358,29.24128
2020-07-22,WMT,28.917457,29.053299,29.529961
2020-07-23,AAPL,51.999483,52.361185,51.242682
2020-07-23,AMGN,118.10624,118.71951,118.37089
2020-07-23,CRM,76.635574,77.247371,77.163524
2020-07-23,CSCO,31.552969,31.686115,31.725874
2020-07-23,IBM,51.434396,52.432941,51.428293
2020-07-23,INTC,44.055553,43.902979,44.027067
2020-07-23,MSFT,138.24318,139.21312,134.6872
2020-07-23,NKE,46.207032,47.32746,45.452661
2020-07-23,VZ,29.451218,29.396177,28.89694
2020-07-23,WMT,27.894468,28.407951,27.744937
2020-07-24,AAPL,52.121313,51.971323,50.606158
2020-07-24,AMGN,115.73156,116.43041,113.15925
2020-07-24,CRM,76.163066,76.831406,76.111196
2020-07-24,CSCO,31.99301,32.191011,31.611733
2020-07-24,IBM,51.696904,52.62367,51.75688
2020-07-24,INTC,44.202505,44.645441,43.57282
2020-07-24,MSFT,135.91585,135.32162,133.94655
2020-07-24,NKE,46.002939,46.475115,45.777978
2020-07-24,VZ,28.893734,29.113673,28.510381
2020-07-24,WMT,27.863431,28.073026,27.787385
2020-07-27,AAPL,51.878782,53.763389,51.91835
2020-07-27,AMGN,116.23772,117.83313,113.2286
2020-07-27,CRM,76.227408,78.287116,73.79669
2020-07-27,CSCO,31.293258,31.145617,30.699826
2020-07-27,IBM,52.468268,52.855259,51.419279
2020-07-27,INTC,43.720367,44.40662,42.887458
2020-07-27,MSFT,136.31914,137.04775,134.05757
2020-07-27,NKE,46.857848,46.708269,45.505348
2020-07-27,VZ,29.118772,28.97962,29.304083
2020-07-27,WMT,27.129589,27.420658,26.667137
2020-07-28,AAPL,50.962476,52.090537,50.470047
2020-07-28,AMGN,113.56734,114.9069,111.18797
2020-07-28,CRM,77.727486,76.430769,78.352189
2020-07-28,CSCO,31.396843,31.866785,31.260813
2020-07-28,IBM,53.068562,53.551307,52.3586
2020-07-28,INTC,42.27017,42.441521,40.859919
2020-07-28,MSFT,136.23741,137.29407,131.13942
2020-07-28,NKE,47.690685,48.186148,46.712947
2020-07-28,VZ,29.006211,29.185688,29.167331
2020-07-28,WMT,27.005429,27.486318,26.535443
2020-07-29,AAPL,50.668053,51.43653,50.240879
2020-07-29,AMGN,112.07449,113.10264,111.28738
2020-07-29,CRM,75.207045,76.570097,73.853439
2020-07-29,CSCO,30.45459,30.238951,30.202692
2020-07-29,IBM,52.788308,53.382907,52.486839
2020-07-29,INTC,43.109422,43.14223,42.366345
2020-07-29,MSFT,139.83436,143.23373,138.14469
2020-07-29,NKE,48.818928,49.404317,47.786781
2020-07-29,VZ,29.169772,29.428671,29.061137
2020-07-29,WMT,26.740425,27.199869,26.593285
2020-07-30,AAPL,51.910618,51.528031,51.363489
2020-07-30,AMGN,110.32056,111.56925,108.72119
2020-07-30,CRM,75.494752,76.873466,73.914022
2020-07-30,CSCO,30.26899,30.266719,29.994349
2020-07-30,IBM,51.898565,52.446875,51.093496
2020-07-30,INTC,43.567471,43.467904,42.909387
2020-07-30,MSFT,142.90636,143.77273,139.88394
2020-07-30,NKE,47.209666,48.650402,45.616894
2020-07-30,VZ,28.88093,28.890873,29.282417
2020-07-30,WMT,26.234055,26.631718,25.774737
2020-07-31,AAPL,52.900047,53.559723,52.693879
2020-07-31,AMGN,110.45956,113.49792,109.65153
2020-07-31,CRM,74.995677,77.337933,72.968178
2020-07-31,CSCO,29.621923,29.685587,29.309906
2020-07-31,IBM,51.71623,52.514166,52.021375
2020-07-31,INTC,43.44221,43.104925,43.875415
2020-07-31,MSFT,145.98307,151.23519,145.62375
2020-07-31,NKE,48.11176,49.973352,48.099527
2020-07-31,VZ,29.19694,29.205898,28.994937
2020-07-31,WMT,26.141211,26.287386,25.96683
2020-08-03,AAPL,53.575743,54.129517,52.539762
2020-08-03,AMGN,110.93782,111.35209,110.23659
2020-08-03,CRM,77.392495,78.321645,74.814893
2020-08-03,CSCO,29.071112,29.774459,28.417013
2020-08-03,IBM,50.698572,50.502305,50.341372
2020-08-03,INTC,43.628298,45.177822,42.950933
2020-08-03,MSFT,145.17194,148.49099,142.31696
2020-08-03,NKE,49.278334,49.441114,49.628732
2020-08-03,VZ,28.86308,29.052476,28.648131
2020-08-03,WMT,26.241461,26.334736,25.792189
2020-08-04,AAPL,54.18215,55.308208,54.368441
2020-08-04,AMGN,111.62033,113.65512,112.33186
2020-08-04,CRM,78.075175,80.28102,77.122434
2020-08-04,CSCO,28.962262,29.350991,28.530996
2020-08-04,IBM,49.509891,50.224492,49.401881
2020-08-04,INTC,43.875513,43.978913,42.73959
2020-08-04,MSFT,147.94287,146.09196,147.17358
2020-08-04,NKE,48.80785,48.795355,49.183727
2020-08-04,VZ,29.328377,29.327265,28.915168
2020-08-04,WMT,25.921258,25.950558,25.712063
2020-08-05,AAPL,55.974239,56.820471,53.992359
2020-08-05,AMGN,114.05204,115.38883,110.57887
2020-08-05,CRM,75.686623,77.480207,74.482898
2020-08-05,CSCO,28.01682,28.189999,28.072859
2020-08-05,IBM,48.954899,49.045046,48.48097
2020-08-05,INTC,44.384347,44.401422,43.716808
2020-08-05,MSFT,144.93143,146.92648,141.36619
2020-08-05,NKE,49.603196,49.26784,49.864499
2020-08-05,VZ,28.766949,28.790799,28.45797
2020-08-05,WMT,26.166635,26.257204,26.24541
2020-08-06,AAPL,55.805235,56.861712,54.92016
2020-08-06,AMGN,116.31381,117.34596,114.75892
2020-08-06,CRM,73.339624,72.504249,70.599799
2020-08-06,CSCO,27.878494,27.945745,27.800527
2020-08-06,IBM,48.864411,49.179461,48.562974
2020-08-06,INTC,45.101947,46.08529,45.298144
2020-08-06,MSFT,149.08458,150.04624,144.70422
2020-08-06,NKE,49.057521,49.929305,48.523352
2020-08-06,VZ,27.961904,28.302029,27.463348
2020-08-06,WMT,25.901275,26.025038,25.892464
2020-08-07,AAPL,54.124792,53.899627,52.757575
2020-08-07,AMGN,113.59334,113.71456,112.57143
2020-08-07,CRM,74.439656,74.853375,73.774069
2020-08-07,CSCO,27.96119,28.226686,27.920728
2020-08-07,IBM,47.614276,47.849254,46.989838
2020-08-07,INTC,44.370373,44.782562,43.907252
2020-08-07,MSFT,150.71235,148.84615,146.64028
2020-08-07,NKE,48.941296,49.15249,48.931106
2020-08-07,VZ,27.578093,27.70403,27.324926
2020-08-07,WMT,26.573143,26.919646,26.541433
2020-08-10,AAPL,52.989632,52.284725,51.546761
2020-08-10,AMGN,113.30845,117.62427,112.55256
2020-08-10,CRM,76.50236,76.646863,73.885112
2020-08-10,CSCO,28.045034,28.233479,27.694928
2020-08-10,IBM,46.824282,47.192748,45.815897
2020-08-10,INTC,44.207873,44.556551,43.547591
2020-08-10,MSFT,152.59627,153.37453,149.69077
2020-08-10,NKE,48.952632,49.135287,48.739705
2020-08-10,VZ,28.081917,27.981744,28.373368
2020-08-10,WMT,26.60884,26.776872,26.463364
2020-08-11,AAPL,52.528914,52.910404,52.013726
2020-08-11,AMGN,110.1184,111.62286,109.95159
2020-08-11,CRM,72.497206,72.345581,72.137905
2020-08-11,CSCO,28.087363,28.710004,27.430391
2020-08-11,IBM,45.811083,46.18305,45.591036
2020-08-11,INTC,44.879682,44.539056,44.444649
2020-08-11,MSFT,158.60135,159.53151,156.42475
2020-08-11,NKE,49.05909,48.897896,48.173274
2020-08-11,VZ,28.365697,28.658439,28.363315
2020-08-11,WMT,26.359529,26.286312,26.08754
2020-08-12,AAPL,51.871222,53.702549,50.563381
2020-08-12,AMGN,106.69166,106.26643,107.02418
2020-08-12,CRM,72.665373,74.355327,70.897289
2020-08-12,CSCO,27.748363,27.9362,27.27846
2020-08-12,IBM,46.053059,46.449016,45.492008
2020-08-12,INTC,45.456328,46.522491,44.996146
2020-08-12,MSFT,160.99631,161.82169,161.7825
2020-08-12,NKE,47.545749,48.226741,46.813724
2020-08-12,VZ,28.111656,28.357377,28.154852
2020-08-12,WMT,26.504228,26.549596,26.436585
2020-08-13,AAPL,50.871248,51.960115,49.768729
2020-08-13,AMGN,107.73825,107.62695,107.83251
2020-08-13,CRM,71.824632,72.437606,70.513389
2020-08-13,CSCO,27.551237,27.939422,27.319274
2020-08-13,IBM,46.473921,46.563926,45.992315
2020-08-13,INTC,44.802024,45.371238,44.653859
2020-08-13,MSFT,166.17764,166.18075,163.91405
2020-08-13,NKE,48.525684,49.421059,48.970308
2020-08-13,VZ,28.412518,28.744407,28.547589
2020-08-13,WMT,26.495259,26.877486,26.538515
2020-08-14,AAPL,50.56847,50.963837,49.851571
2020-08-14,AMGN,109.63736,112.92497,106.14999
2020-08-14,CRM,71.814684,71.334259,70.418992
2020-08-14,CSCO,28.556492,28.756986,28.575876
2020-08-14,IBM,44.888286,45.021079,44.512104
2020-08-14,INTC,44.198637,44.591175,43.177153
2020-08-14,MSFT,165.38259,167.57349,164.15117
2020-08-14,NKE,47.923827,48.277511,48.604395
2020-08-14,VZ,27.693905,28.078835,27.375671
2020-08-14,WMT,26.411803,26.456953,26.329748
2020-08-17,AAPL,50.22454,50.320808,48.987865
2020-08-17,AMGN,109.36054,109.72674,109.04233
2020-08-17,CRM,75.961137,76.318268,73.603166
2020-08-17,CSCO,28.438986,28.514075,28.185303
2020-08-17,IBM,45.018062,45.580184,44.762039
2020-08-17,INTC,43.542952,44.116621,42.954503
2020-08-17,MSFT,162.76502,166.86965,161.38584
2020-08-17,NKE,45.230981,45.802307,45.322321
2020-08-17,VZ,27.870847,27.911973,27.461128
2020-08-17,WMT,26.620533,26.747983,26.094457
2020-08-18,AAPL,50.10167,50.215418,49.409083
2020-08-18,AMGN,107.2318,109.70638,104.82197
2020-08-18,CRM,74.586449,75.84628,73.7668
2020-08-18,CSCO,28.988575,28.990579,28.883335
2020-08-18,IBM,44.373105,44.226253,43.886666
2020-08-18,INTC,44.139117,44.429668,43.234904
2020-08-18,MSFT,161.77371,159.86197,160.90288
2020-08-18,NKE,44.424844,45.193114,43.879454
2020-08-18,VZ,27.920848,28.046566,28.195333
2020-08-18,WMT,26.129992,26.481942,26.090021
2020-08-19,AAPL,49.996013,49.221524,49.568154
2020-08-19,AMGN,107.82557,108.76251,107.3755
2020-08-19,CRM,75.366174,76.900045,74.925168
2020-08-19,CSCO,29.807641,29.810714,30.02217
2020-08-19,IBM,43.790853,44.147216,43.853925
2020-08-19,INTC,44.337955,44.718389,43.830104
2020-08-19,MSFT,164.6574,169.05754,163.43684
2020-08-19,NKE,44.016751,44.053534,43.802618
2020-08-19,VZ,28.264325,28.537732,28.153506
2020-08-19,WMT,26.175352,26.683125,25.873638
2020-08-20,AAPL,49.65207,49.753557,49.49377
2020-08-20,AMGN,106.34169,108.02312,103.56491
2020-08-20,CRM,73.970212,75.703704,74.922867
2020-08-20,CSCO,29.77992,29.940804,29.653803
2020-08-20,IBM,43.721466,44.253221,43.211034
2020-08-20,INTC,44.335561,43.973114,43.738258
2020-08-20,MSFT,165.81686,164.24216,164.00501
2020-08-20,NKE,43.41255,43.050034,43.624903
2020-08-20,VZ,27.960397,28.1955,27.966143
2020-08-20,WMT,25.757354,25.966634,25.638799
2020-08-21,AAPL,51.860529,53.168707,51.327075
2020-08-21,AMGN,104.88494,106.96814,104.61134
2020-08-21,CRM,71.891423,73.678945,71.605134
2020-08-21,CSCO,30.710543,31.335604,30.880691
2020-08-21,IBM,42.900972,42.710335,42.585462
2020-08-21,INTC,45.561315,45.936397,44.642312
2020-08-21,MSFT,167.9568,168.9757,168.16863
2020-08-21,NKE,44.043647,43.998908,43.620122
2020-08-21,VZ,27.94397,28.293181,27.783316
2020-08-21,WMT,25.485713,25.47868,25.067742
2020-08-24,AAPL,50.759871,50.755629,49.530068
2020-08-24,AMGN,102.29919,104.10134,100.55496
2020-08-24,CRM,71.072371,72.577796,68.091055
2020-08-24,CSCO,31.134726,31.055184,30.977172
2020-08-24,IBM,42.390246,41.848013,42.061412
2020-08-24,INTC,44.339371,45.075643,44.38552
2020-08-24,MSFT,174.88866,174.76334,175.33302
2020-08-24,NKE,43.634157,43.623455,43.108149
2020-08-24,VZ,28.195923,27.99023,27.923626
2020-08-24,WMT,25.8032,26.071106,25.987685
2020-08-25,AAPL,50.9718,50.836423,50.28086
2020-08-25,AMGN,101.10641,103.75514,99.377449
2020-08-25,CRM,72.91108,74.039999,71.922293
2020-08-25,CSCO,30.3734,30.283072,30.018979
2020-08-25,IBM,42.368775,42.51262,42.130213
2020-08-25,INTC,43.888629,44.384825,42.185543
2020-08-25,MSFT,177.15686,178.63427,175.62741
2020-08-25,NKE,43.628659,43.522623,43.375823
2020-08-25,VZ,28.25491,28.823016,28.474341
2020-08-25,WMT,25.975414,26.27994,26.218007
2020-08-26,AAPL,51.651814,51.821689,50.787884
2020-08-26,AMGN,97.989275,100.76325,96.558008
2020-08-26,CRM,69.826032,70.840117,69.387549
2020-08-26,CSCO,30.632063,31.392207,30.075153
2020-08-26,IBM,43.313399,43.893115,43.055869
2020-08-26,INTC,45.440239,45.565434,44.542764
2020-08-26,MSFT,176.85116,177.3725,176.39803
2020-08-26,NKE,43.991685,44.330052,44.007402
2020-08-26,VZ,28.710399,29.224311,29.118195
2020-08-26,WMT,26.496614,26.924576,26.17774
2020-08-27,AAPL,51.28899,51.817141,51.186863
2020-08-27,AMGN,97.961334,100.02157,94.867846
2020-08-27,CRM,70.080563,70.219661,67.044643
2020-08-27,CSCO,30.948531,31.085299,30.935956
2020-08-27,IBM,43.212826,43.376104,42.325327
2020-08-27,INTC,45.475013,45.424028,44.90415
2020-08-27,MSFT,178.77255,181.03166,177.04074
2020-08-27,NKE,43.156111,43.718422,43.116608
2020-08-27,VZ,28.086967,27.715615,27.762593
2020-08-27,WMT,26.396657,26.428845,26.807252
2020-08-28,AAPL,52.011112,52.192666,50.553688
2020-08-28,AMGN,96.208014,97.015802,94.869308
2020-08-28,CRM,71.380875,72.247254,71.215531
2020-08-28,CSCO,31.050727,31.346961,31.117776
2020-08-28,IBM,42.369275,42.780128,42.369775
2020-08-28,INTC,45.258994,45.395673,44.253883
2020-08-28,MSFT,182.69531,186.0024,179.23122
2020-08-28,NKE,42.409844,42.389013,42.338095
2020-08-28,VZ,27.302558,27.100503,27.084783
2020-08-28,WMT,26.111844,26.188514,26.044181
2020-08-31,AAPL,52.27561,53.436016,50.834639
2020-08-31,AMGN,94.946661,94.858677,93.206789
2020-08-31,CRM,73.399539,74.78115,74.510051
2020-08-31,CSCO,31.098238,31.494241,30.894937
2020-08-31,IBM,42.294103,42.40165,41.711131
2020-08-31,INTC,45.297884,45.934271,45.262107
2020-08-31,MSFT,180.1517,182.3738,179.50059
2020-08-31,NKE,41.93434,42.24688,41.433761
2020-08-31,VZ,26.82534,27.478836,26.098644
2020-08-31,WMT,25.976002,26.065214,25.743376
2020-09-01,AAPL,53.468515,52.73287,54.814985
2020-09-01,AMGN,95.537652,98.003217,94.132138
2020-09-01,CRM,74.48865,76.019855,75.893674
2020-09-01,CSCO,31.274136,31.585702,31.162654
2020-09-01,IBM,43.044988,42.908052,42.021404
2020-09-01,INTC,45.407488,45.870937,44.513748
2020-09-01,MSFT,184.3612,186.00438,187.15899
2020-09-01,NKE,41.826635,42.798774,41.748736
2020-09-01,VZ,26.905307,26.874779,26.821282
2020-09-01,WMT,26.175855,26.302831,26.023976
2020-09-02,AAPL,53.206371,53.649618,53.982362
2020-09-02,AMGN,93.726207,94.421997,92.071967
2020-09-02,CRM,73.315568,74.74996,71.983778
2020-09-02,CSCO,30.708999,31.203876,30.146345
2020-09-02,IBM,42.80442,43.12292,42.388391
2020-09-02,INTC,44.962261,45.401614,45.130852
2020-09-02,MSFT,186.22349,186.95907,181.2095
2020-09-02,NKE,41.934844,42.092858,41.788378
2020-09-02,VZ,26.647025,26.623961,26.283228
2020-09-02,WMT,26.356469,26.408421,26.34601
2020-09-03,AAPL,54.87709,55.234249,54.329248
2020-09-03,AMGN,90.673462,90.908063,90.790622
2020-09-03,CRM,73.066454,74.480207,71.913045
2020-09-03,CSCO,31.280197,31.762033,30.982207
2020-09-03,IBM,42.465208,42.832509,41.840633
2020-09-03,INTC,44.912625,44.466597,44.689452
2020-09-03,MSFT,187.26767,188.42972,185.81964
2020-09-03,NKE,40.931574,41.572911,40.638865
2020-09-03,VZ,26.871647,27.298083,26.95091
2020-09-03,WMT,26.290435,26.66851,25.925337
2020-09-04,AAPL,54.426913,54.634198,52.952455
2020-09-04,AMGN,91.379254,91.854145,90.435772
2020-09-04,CRM,71.523833,73.840975,70.313016
2020-09-04,CSCO,31.011999,31.145439,30.333138
2020-09-04,IBM,42.639239,42.586358,42.101382
2020-09-04,INTC,44.98545,45.211948,44.483175
2020-09-04,MSFT,186.30989,186.96153,184.70384
2020-09-04,NKE,41.009765,41.817821,41.163853
2020-09-04,VZ,26.410601,26.565048,26.481984
2020-09-04,WMT,25.794897,26.21186,25.824294
2020-09-08,AAPL,55.852477,57.029575,55.229355
2020-09-08,AMGN,91.115176,93.933296,89.540886
2020-09-08,CRM,69.967613,71.682637,67.882569
2020-09-08,CSCO,30.872897,30.962212,31.192207
2020-09-08,IBM,42.61782,42.611431,42.171696
2020-09-08,INTC,45.233707,45.249021,44.609772
2020-09-08,MSFT,187.61534,187.74535,185.03334
2020-09-08,NKE,40.703843,42.049787,39.929815
2020-09-08,VZ,26.973036,27.719188,26.965169
2020-09-08,WMT,26.002118,26.025347,26.075993
2020-09-09,AAPL,56.883432,57.151738,56.417833
2020-09-09,AMGN,90.705124,91.041826,89.230688
2020-09-09,CRM,68.218101,70.647719,67.356292
2020-09-09,CSCO,30.444141,30.752008,29.979932
2020-09-09,IBM,42.149592,43.289056,41.531903
2020-09-09,INTC,44.575297,44.307782,43.499395
2020-09-09,MSFT,185.11097,188.36307,184.43548
2020-09-09,NKE,41.209879,41.360986,40.688807
2020-09-09,VZ,26.905515,27.468293,26.462063
2020-09-09,WMT,25.964009,26.000015,25.818727
2020-09-10,AAPL,55.953417,56.683694,56.005378
2020-09-10,AMGN,91.212557,92.190922,91.153345
2020-09-10,CRM,63.825942,65.165573,62.488585
2020-09-10,CSCO,29.939677,30.492993,28.792133
2020-09-10,IBM,41.604746,41.382208,41.415886
2020-09-10,INTC,43.871618,43.651305,43.263586
2020-09-10,MSFT,186.85983,192.10051,184.52869
2020-09-10,NKE,40.767725,41.338476,40.432429
2020-09-10,VZ,27.056759,27.531305,26.901823
2020-09-10,WMT,26.389195,26.649088,26.421137
2020-09-11,AAPL,54.932405,55.245428,54.185832
2020-09-11,AMGN,91.046795,92.480874,89.71492
2020-09-11,CRM,62.703264,62.266145,61.720536
2020-09-11,CSCO,30.611438,30.9111,30.532886
2020-09-11,IBM,41.823622,42.265994,40.828297
2020-09-11,INTC,44.798084,45.537402,45.006604
2020-09-11,MSFT,187.58782,186.89505,182.10221
2020-09-11,NKE,40.813701,40.418168,39.918779
2020-09-11,VZ,27.143183,27.435828,27.02619
2020-09-11,WMT,26.149004,26.468056,25.628858
2020-09-14,AAPL,55.392407,55.59287,53.860847
2020-09-14,AMGN,91.184168,91.1727,91.068718
2020-09-14,CRM,59.298677,59.181343,59.029371
2020-09-14,CSCO,30.870625,30.373061,30.411689
2020-09-14,IBM,41.46496,42.536579,41.567092
2020-09-14,INTC,44.955351,45.135144,43.993273
2020-09-14,MSFT,193.68733,195.18911,193.94286
2020-09-14,NKE,40.087211,40.608972,39.801651
2020-09-14,VZ,27.635168,27.826439,27.212737
2020-09-14,WMT,25.944614,26.216741,25.504519
2020-09-15,AAPL,56.77409,56.633651,55.328073
2020-09-15,AMGN,89.51178,89.719708,89.190109
2020-09-15,CRM,58.484627,59.759866,56.231483
2020-09-15,CSCO,29.648737,29.459211,29.472403
2020-09-15,IBM,41.134653,41.535623,40.918908
2020-09-15,INTC,44.667521,44.821024,43.714568
2020-09-15,MSFT,190.39256,191.50828,187.95909
2020-09-15,NKE,40.218192,40.909796,39.880004
2020-09-15,VZ,28.164207,28.245917,28.359016
2020-09-15,WMT,25.307918,24.980708,25.297041
2020-09-16,AAPL,56.719398,57.246212,56.192172
2020-09-16,AMGN,88.880168,90.207701,89.106071
2020-09-16,CRM,57.58329,58.562087,58.032617
2020-09-16,CSCO,29.004008,28.910241,28.817231
2020-09-16,IBM,40.951334,40.398556,40.601174
2020-09-16,INTC,43.169695,43.978656,43.317494
2020-09-16,MSFT,192.32473,193.59983,191.90722
2020-09-16,NKE,39.665506,38.871423,38.575507
2020-09-16,VZ,27.724505,27.571588,27.515765
2020-09-16,WMT,25.742277,25.96846,25.526745
2020-09-17,AAPL,57.258916,57.963938,55.479168
2020-09-17,AMGN,88.057014,89.08719,87.383287
2020-09-17,CRM,57.633166,58.413995,56.31123
2020-09-17,CSCO,28.571469,28.628356,28.913645
2020-09-17,IBM,41.63481,41.895247,41.912589
2020-09-17,INTC,44.329742,43.846339,44.577803
2020-09-17,MSFT,196.33937,198.53195,191.49404
2020-09-17,NKE,39.813028,40.883307,39.087404
2020-09-17,VZ,27.623655,27.995418,27.554052
2020-09-17,WMT,25.634136,26.155906,25.164232
2020-09-18,AAPL,54.610085,55.460627,54.880746
2020-09-18,AMGN,87.058597,86.384067,84.863355
2020-09-18,CRM,57.99834,59.606599,58.880048
2020-09-18,CSCO,28.535085,28.804444,28.058766
2020-09-18,IBM,41.897022,42.80537,41.792485
2020-09-18,INTC,45.584258,45.656933,45.101743
2020-09-18,MSFT,191.62425,193.25394,186.12244
2020-09-18,NKE,39.8954,39.914709,39.644881
2020-09-18,VZ,28.225077,28.437504,28.043418
2020-09-18,WMT,25.397516,25.723394,25.545899
2020-09-21,AAPL,54.870481,54.887416,53.517791
2020-09-21,AMGN,84.88162,84.629189,85.405515
2020-09-21,CRM,55.304944,55.338205,55.397027
2020-09-21,CSCO,28.727934,29.31368,28.012724
2020-09-21,IBM,41.285733,41.791707,41.081297
2020-09-21,INTC,46.243949,46.579474,44.529345
2020-09-21,MSFT,192.01104,193.36079,190.60312
2020-09-21,NKE,39.774374,40.167281,38.909441
2020-09-21,VZ,28.502001,29.148319,28.076647
2020-09-21,WMT,24.993108,25.442257,24.692145
2020-09-22,AAPL,53.259623,53.844935,53.277959
2020-09-22,AMGN,81.793958,82.802277,81.700713
2020-09-22,CRM,54.398918,55.63239,54.702189
2020-09-22,CSCO,28.354555,28.007296,28.412291
2020-09-22,IBM,41.808726,42.637733,41.24715
2020-09-22,INTC,48.056639,47.972434,47.818885
2020-09-22,MSFT,192.44375,196.69804,193.44818
2020-09-22,NKE,39.573113,39.243661,38.800545
2020-09-22,VZ,28.518764,29.0967,28.466332
2020-09-22,WMT,24.938308,25.067215,24.920998
2020-09-23,AAPL,53.425948,54.511344,52.08297
2020-09-23,AMGN,81.387138,82.042486,80.093867
2020-09-23,CRM,57.429345,57.795886,56.352944
2020-09-23,CSCO,28.674969,28.986676,28.77539
2020-09-23,IBM,41.665057,41.844639,41.811803
2020-09-23,INTC,48.415598,48.876523,48.845506
2020-09-23,MSFT,196.42389,200.28643,193.49617
2020-09-23,NKE,39.585028,39.493578,39.148784
2020-09-23,VZ,28.060581,28.35916,27.409961
2020-09-23,WMT,24.188363,24.316712,24.216232
2020-09-24,AAPL,54.874192,57.137229,54.070027
2020-09-24,AMGN,79.44824,80.180772,78.734461
2020-09-24,CRM,56.506271,56.167295,56.057753
2020-09-24,CSCO,27.80121,28.134714,27.244358
2020-09-24,IBM,41.342742,41.670429,41.251792
2020-09-24,INTC,48.827205,49.18876,49.564234
2020-09-24,MSFT,192.19618,192.42215,191.5437
2020-09-24,NKE,40.044817,40.531292,39.657934
2020-09-24,VZ,28.173699,28.723983,27.641159
2020-09-24,WMT,24.557862,24.783917,24.184964
2020-09-25,AAPL,55.014111,56.095465,55.545206
2020-09-25,AMGN,80.215713,81.679295,77.678921
2020-09-25,CRM,55.910894,55.84433,54.77981
2020-09-25,CSCO,28.009226,28.185803,28.014645
2020-09-25,IBM,42.109263,42.083642,42.007268
2020-09-25,INTC,49.138459,49.870685,48.558737
2020-09-25,MSFT,193.06366,193.56596,194.04999
2020-09-25,NKE,39.417899,40.27254,38.473534
2020-09-25,VZ,27.877976,28.655,27.602157
2020-09-25,WMT,24.134382,23.837268,23.788571
2020-09-28,AAPL,53.816821,53.916845,53.173555
2020-09-28,AMGN,79.147208,82.115249,78.854527
2020-09-28,CRM,56.127031,58.076307,55.437515
2020-09-28,CSCO,27.64632,27.908889,27.610119
2020-09-28,IBM,42.494975,42.482064,42.247814
2020-09-28,INTC,48.940958,48.579371,48.898033
2020-09-28,MSFT,195.71241,200.76389,190.95467
2020-09-28,NKE,39.670582,39.738577,39.865028
2020-09-28,VZ,27.874969,27.823219,27.943073
2020-09-28,WMT,24.106307,24.250829,23.964989
2020-09-29,AAPL,54.74674,55.069479,54.112731
2020-09-29,AMGN,79.544985,80.53511,78.719865
2020-09-29,CRM,54.62661,55.831753,53.776433
2020-09-29,CSCO,26.953392,26.933549,26.824079
2020-09-29,IBM,41.751298,41.89122,41.254788
2020-09-29,INTC,48.724974,48.71167,47.991175
2020-09-29,MSFT,195.15576,197.06104,190.84316
2020-09-29,NKE,38.949412,39.248648,39.34074
2020-09-29,VZ,27.287197,27.455342,27.187466
2020-09-29,WMT,24.326811,24.597586,24.000459
2020-09-30,AAPL,54.637317,56.281672,52.348328
2020-09-30,AMGN,78.447863,79.011145,78.2906
2020-09-30,CRM,55.640602,56.59752,54.856155
2020-09-30,CSCO,28.528501,29.189755,28.530627
2020-09-30,IBM,41.334305,42.286669,41.366185
2020-09-30,INTC,48.450866,48.842124,47.969783
2020-09-30,MSFT,189.36945,191.28391,187.51835
2020-09-30,NKE,38.847079,39.220864,38.367807
2020-09-30,VZ,27.132052,27.451868,26.928558
2020-09-30,WMT,24.272956,24.494591,24.020367
2020-10-01,AAPL,54.467404,56.219948,54.592842
2020-10-01,AMGN,78.323996,79.139279,78.265261
2020-10-01,CRM,56.188829,57.733849,55.245189
2020-10-01,CSCO,28.332362,28.323937,28.546785
2020-10-01,IBM,41.016165,41.06259,40.516542
2020-10-01,INTC,47.645935,48.21305,46.895109
2020-10-01,MSFT,186.26394,186.58526,182.55992
2020-10-01,NKE,38.853622,39.830362,39.384911
2020-10-01,VZ,27.584363,27.632563,27.700852
2020-10-01,WMT,24.472738,24.40467,24.211879
2020-10-02,AAPL,56.140144,56.997571,55.720241
2020-10-02,AMGN,77.05423,78.822601,76.827277
2020-10-02,CRM,56.95223,56.714882,56.5892
2020-10-02,CSCO,28.027042,28.212221,27.487051
2020-10-02,IBM,41.16337,41.497594,40.702588
2020-10-02,INTC,47.307993,47.979331,47.190239
2020-10-02,MSFT,187.8577,189.32852,186.89557
2020-10-02,NKE,38.952003,39.799436,38.965892
2020-10-02,VZ,27.432686,27.892831,27.164534
2020-10-02,WMT,24.036534,24.147261,24.011054
2020-10-05,AAPL,55.905821,55.915625,55.29801
2020-10-05,AMGN,76.739339,77.70025,75.567749
2020-10-05,CRM,59.202893,60.177341,58.627489
2020-10-05,CSCO,27.327654,27.398034,27.288982
2020-10-05,IBM,41.487024,41.440653,41.113467
2020-10-05,INTC,47.335788,46.201507,46.382959
2020-10-05,MSFT,189.64784,191.78767,186.72303
2020-10-05,NKE,38.144161,38.445955,37.626017
2020-10-05,VZ,27.638068,27.902699,26.958399
2020-10-05,WMT,23.287231,23.85562,23.089643
2020-10-06,AAPL,54.195463,54.228522,54.381987
2020-10-06,AMGN,74.04953,75.07304,73.174162
2020-10-06,CRM,57.860843,59.609579,56.548612
2020-10-06,CSCO,27.063092,26.868386,26.508252
2020-10-06,IBM,41.849555,42.650985,41.436655
2020-10-06,INTC,46.289724,45.432,45.488125
2020-10-06,MSFT,192.61646,195.24583,192.83832
2020-10-06,NKE,37.593216,37.778018,37.006342
2020-10-06,VZ,27.521508,27.565901,27.546863
2020-10-06,WMT,22.757876,22.983648,22.589501
2020-10-07,AAPL,55.105958,55.51291,54.288014
2020-10-07,AMGN,74.535575,74.357233,74.499532
2020-10-07,CRM,58.0864,59.378099,58.100311
2020-10-07,CSCO,26.875983,26.935281,26.706999
2020-10-07,IBM,42.102064,42.427177,42.173509
2020-10-07,INTC,47.412247,48.00739,45.819143
2020-10-07,MSFT,195.80258,196.49867,192.58044
2020-10-07,NKE,36.93114,37.203054,37.228655
2020-10-07,VZ,27.105371,27.51885,26.943323
2020-10-07,WMT,22.245144,22.635029,22.188916
2020-10-08,AAPL,53.168816,54.377127,51.180052
2020-10-08,AMGN,74.536752,74.347101,73.07941
2020-10-08,CRM,58.434308,59.494443,59.122018
2020-10-08,CSCO,26.551829,26.539179,26.058474
2020-10-08,IBM,42.112146,42.731749,42.004012
2020-10-08,INTC,47.992521,48.522867,46.610943
2020-10-08,MSFT,190.99548,190.44273,186.49221
2020-10-08,NKE,35.993965,36.925154,36.099524
2020-10-08,VZ,27.101702,27.355518,26.945148
2020-10-08,WMT,21.950436,22.573673,21.568317
2020-10-09,AAPL,52.56465,53.201865,51.863027
2020-10-09,AMGN,73.673401,74.543234,72.185193
2020-10-09,CRM,58.266641,59.602745,58.609346
2020-10-09,CSCO,27.065043,27.223563,26.745492
2020-10-09,IBM,42.598835,43.290971,42.644199
2020-10-09,INTC,46.433639,47.803731,46.36773
2020-10-09,MSFT,192.30504,197.02346,193.50583
2020-10-09,NKE,36.936551,37.575333,36.759706
2020-10-09,VZ,27.022116,27.119334,26.62874
2020-10-09,WMT,22.362319,22.465579,22.173469
2020-10-12,AAPL,50.475873,49.640545,50.291136
2020-10-12,AMGN,71.565787,72.136199,71.185896
2020-10-12,CRM,60.467709,61.499226,57.152462
2020-10-12,CSCO,27.459115,27.511541,27.293254
2020-10-12,IBM,42.367104,42.225549,42.020969
2020-10-12,INTC,45.887422,46.997212,44.774306
2020-10-12,MSFT,192.20513,194.85867,189.21103
2020-10-12,NKE,35.824457,35.984045,35.819582
2020-10-12,VZ,27.401849,27.630246,27.041942
2020-10-12,WMT,22.266391,22.703689,21.970747
2020-10-13,AAPL,48.640202,49.846922,47.271852
2020-10-13,AMGN,72.06546,74.390821,71.124399
2020-10-13,CRM,62.028613,61.760855,60.190213
2020-10-13,CSCO,27.802771,28.219527,27.303169
2020-10-13,IBM,42.658941,43.133007,42.210678
2020-10-13,INTC,45.904169,46.705847,45.825383
2020-10-13,MSFT,192.82571,192.18263,190.42729
2020-10-13,NKE,35.616365,36.128655,35.366738
2020-10-13,VZ,27.92596,28.570484,27.259392
2020-10-13,WMT,21.993274,22.136975,22.016912
2020-10-14,AAPL,48.854531,49.027723,48.757129
2020-10-14,AMGN,72.239364,72.342677,71.326732
2020-10-14,CRM,63.508104,63.858281,65.206913
2020-10-14,CSCO,27.514592,27.590665,27.415623
2020-10-14,IBM,41.501935,41.795109,40.970876
2020-10-14,INTC,45.46388,46.306055,45.136564
2020-10-14,MSFT,191.95626,194.37517,187.58138
2020-10-14,NKE,35.482064,36.340445,35.247384
2020-10-14,VZ,28.063523,28.442183,27.961671
2020-10-14,WMT,21.946302,22.293964,21.663468
2020-10-15,AAPL,47.949175,49.169024,48.441579
2020-10-15,AMGN,72.18453,72.930804,71.557737
2020-10-15,CRM,61.410194,61.303975,60.179704
2020-10-15,CSCO,27.972564,28.590433,27.785005
2020-10-15,IBM,42.471569,43.012987,41.294451
2020-10-15,INTC,44.765261,45.214221,44.019857
2020-10-15,MSFT,186.71897,185.18573,184.60056
2020-10-15,NKE,35.460271,36.059899,34.594145
2020-10-15,VZ,27.765947,28.040389,27.728668
2020-10-15,WMT,21.975571,22.151903,21.66218
2020-10-16,AAPL,47.342246,47.308548,47.682309
2020-10-16,AMGN,73.286079,73.441657,72.980262
2020-10-16,CRM,58.797596,59.834098,56.709087
2020-10-16,CSCO,27.609485,27.595564,27.484431
2020-10-16,IBM,42.318486,42.497453,42.053477
2020-10-16,INTC,45.881038,46.268433,45.729712
2020-10-16,MSFT,188.64663,190.35596,186.37096
2020-10-16,NKE,34.995138,35.235142,34.915864
2020-10-16,VZ,27.891579,28.012494,27.944376
2020-10-16,WMT,21.658462,21.866085,21.568361
2020-10-19,AAPL,47.600949,47.888072,48.014499
2020-10-19,AMGN,72.622817,74.214101,71.748311
2020-10-19,CRM,59.49505,59.900982,57.062058
2020-10-19,CSCO,28.219992,28.423855,28.028104
2020-10-19,IBM,41.844137,42.528529,41.604039
2020-10-19,INTC,46.124178,46.980449,45.523293
2020-10-19,MSFT,183.1502,187.84185,181.89803
2020-10-19,NKE,35.877041,36.311054,34.342622
2020-10-19,VZ,27.524389,28.245847,27.675266
2020-10-19,WMT,21.517766,22.055143,21.416176
2020-10-20,AAPL,48.176451,48.814335,47.980222
2020-10-20,AMGN,71.83577,73.718282,72.395745
2020-10-20,CRM,60.36882,60.278093,60.044785
2020-10-20,CSCO,27.689319,27.376399,27.908738
2020-10-20,IBM,41.446533,41.563808,41.747656
2020-10-20,INTC,46.273069,46.992329,46.324805
2020-10-20,MSFT,180.92399,184.89747,177.8263
2020-10-20,NKE,34.955601,35.770922,34.788255
2020-10-20,VZ,27.795423,28.335284,27.411753
2020-10-20,WMT,21.425244,21.390317,21.259787
2020-10-21,AAPL,48.482434,48.384607,47.560696
2020-10-21,AMGN,71.784857,73.99547,71.753049
2020-10-21,CRM,61.13812,59.650227,59.393164
2020-10-21,CSCO,27.837519,28.256495,27.913848
2020-10-21,IBM,40.701139,40.864387,39.918286
2020-10-21,INTC,46.006623,46.33944,44.808349
2020-10-21,MSFT,178.40136,178.8844,179.44526
2020-10-21,NKE,34.876017,34.791192,34.544652
2020-10-21,VZ,27.450699,27.583266,27.116871
2020-10-21,WMT,21.713876,22.116892,21.437114
2020-10-22,AAPL,48.974613,49.894053,49.108986
2020-10-22,AMGN,72.658517,73.020458,73.392178
2020-10-22,CRM,60.553129,61.609296,59.57027
2020-10-22,CSCO,28.449678,28.276649,28.168831
2020-10-22,IBM,40.114631,40.745381,39.793292
2020-10-22,INTC,44.992615,46.298046,44.034116
2020-10-22,MSFT,182.06236,185.05135,181.02576
2020-10-22,NKE,35.546894,36.355189,35.34108
2020-10-22,VZ,27.734419,27.889712,27.761236
2020-10-22,WMT,21.900872,22.198056,21.979478
2020-10-23,AAPL,46.985441,47.501756,46.811104
2020-10-23,AMGN,73.287221,74.777767,72.867519
2020-10-23,CRM,58.738634,58.751042,57.339204
2020-10-23,CSCO,28.322843,28.446954,28.125776
2020-10-23,IBM,40.073995,40.455296,39.359131
2020-10-23,INTC,45.235003,45.815838,45.37154
2020-10-23,MSFT,178.79628,181.3213,175.39408
2020-10-23,NKE,36.592674,36.851888,36.129037
2020-10-23,VZ,27.398422,27.66851,27.333231
2020-10-23,WMT,22.145109,22.446963,21.890551
2020-10-26,AAPL,45.985605,45.383198,44.87909
2020-10-26,AMGN,71.373527,73.890427,70.248961
2020-10-26,CRM,59.867382,59.669497,60.135352
2020-10-26,CSCO,28.341247,29.183848,28.01865
2020-10-26,IBM,40.038102,39.776362,40.040006
2020-10-26,INTC,45.145196,45.175091,44.669462
2020-10-26,MSFT,177.8411,177.17061,173.86641
2020-10-26,NKE,36.065819,36.40992,35.500984
2020-10-26,VZ,27.270162,27.505586,27.332484
2020-10-26,WMT,21.869009,22.281435,21.595118
2020-10-27,AAPL,44.947284,45.280897,44.651407
2020-10-27,AMGN,70.926968,71.319837,69.319627
2020-10-27,CRM,58.15411,58.646596,57.486457
2020-10-27,CSCO,28.677959,29.085438,28.187302
2020-10-27,IBM,39.921771,40.224513,39.539457
2020-10-27,INTC,46.25916,47.832977,45.033908
2020-10-27,MSFT,181.72423,185.32064,179.06767
2020-10-27,NKE,35.464922,35.866617,34.80285
2020-10-27,VZ,27.172944,27.524139,26.867164
2020-10-27,WMT,21.225151,21.142704,21.167335
2020-10-28,AAPL,44.396576,44.66112,45.096888
2020-10-28,AMGN,68.17648,69.114513,67.596473
2020-10-28,CRM,56.16775,57.203919,54.366642
2020-10-28,CSCO,27.971175,28.602041,27.541419
2020-10-28,IBM,40.3397,40.408107,39.837498
2020-10-28,INTC,46.949217,47.96369,45.181521
2020-10-28,MSFT,179.25914,180.17627,176.31209
2020-10-28,NKE,34.263635,34.476444,34.323625
2020-10-28,VZ,27.298389,27.308936,26.574009
2020-10-28,WMT,21.515177,21.735189,21.104531
2020-10-29,AAPL,44.782045,45.180356,44.313789
2020-10-29,AMGN,66.046907,67.198691,65.772648
2020-10-29,CRM,55.438091,55.782367,55.232038
2020-10-29,CSCO,27.908426,28.843853,27.901107
2020-10-29,IBM,40.998007,41.61652,40.404099
2020-10-29,INTC,47.714993,48.720576,47.663095
2020-10-29,MSFT,186.34657,190.65238,184.29686
2020-10-29,NKE,33.390466,34.193598,32.821498
2020-10-29,VZ,26.789186,27.056732,26.086506
2020-10-29,WMT,21.955919,22.212333,21.561908
2020-10-30,AAPL,45.252627,46.088547,45.687361
2020-10-30,AMGN,64.830397,64.562469,63.189019
2020-10-30,CRM,54.527887,55.978374,54.742219
2020-10-30,CSCO,26.594334,26.927424,26.151232
2020-10-30,IBM,42.024636,42.427558,42.89714
2020-10-30,INTC,47.2207,47.975068,47.061328
2020-10-30,MSFT,187.54408,192.49417,179.2722
2020-10-30,NKE,33.295857,33.540061,32.925523
2020-10-30,VZ,26.505762,26.580373,26.304364
2020-10-30,WMT,21.606558,21.53635,21.64199
2020-11-02,AAPL,44.391357,45.063143,43.736082
2020-11-02,AMGN,62.850949,63.517901,61.425408
2020-11-02,CRM,56.50832,58.069414,56.003309
2020-11-02,CSCO,26.577789,26.875348,26.372855
2020-11-02,IBM,43.026492,43.641365,42.748214
2020-11-02,INTC,46.125588,46.999156,46.330064
2020-11-02,MSFT,190.91571,191.44397,189.09891
2020-11-02,NKE,32.925365,33.738211,32.38002
2020-11-02,VZ,26.740024,27.244496,26.422748
2020-11-02,WMT,21.859794,21.714084,21.426471
2020-11-03,AAPL,46.36143,47.585348,45.219531
2020-11-03,AMGN,62.512891,64.142655,62.627349
2020-11-03,CRM,54.239728,54.936659,53.381418
2020-11-03,CSCO,26.13706,26.216391,25.636151
2020-11-03,IBM,44.06292,44.996447,43.565414
2020-11-03,INTC,45.145058,44.769726,45.261717
2020-11-03,MSFT,192.30019,191.84471,188.62479
2020-11-03,NKE,32.860951,33.460138,32.556617
2020-11-03,VZ,25.98953,25.838361,25.437162
2020-11-03,WMT,21.578979,21.705266,21.672733
2020-11-04,AAPL,47.388481,47.864111,46.207939
2020-11-04,AMGN,61.499662,62.237106,61.091307
2020-11-04,CRM,56.319031,56.907196,56.091385
2020-11-04,CSCO,25.47157,25.602498,25.300027
2020-11-04,IBM,43.866714,43.878705,42.954859
2020-11-04,INTC,45.947871,46.249397,45.853531
2020-11-04,MSFT,192.20232,192.89242,190.90844
2020-11-04,NKE,31.958388,31.829752,32.256587
2020-11-04,VZ,25.410366,25.548356,24.87643
2020-11-04,WMT,21.881467,22.010156,22.084072
2020-11-05,AAPL,46.612102,47.475958,46.852258
2020-11-05,AMGN,60.883775,62.452776,59.69372
2020-11-05,CRM,54.515075,55.579192,53.819096
2020-11-05,CSCO,25.921121,26.423051,25.609952
2020-11-05,IBM,43.081147,43.070416,42.588515
2020-11-05,INTC,43.601972,43.596772,43.65329
2020-11-05,MSFT,194.30848,196.64518,192.03812
2020-11-05,NKE,32.090556,33.067782,31.511734
2020-11-05,VZ,25.440664,25.310353,24.941336
2020-11-05,WMT,21.228959,21.368187,20.79694
2020-11-06,AAPL,46.219717,46.899899,46.138367
2020-11-06,AMGN,61.690032,61.923552,61.206343
2020-11-06,CRM,54.961324,55.346045,53.343051
2020-11-06,CSCO,25.129193,24.957122,24.462354
2020-11-06,IBM,43.107184,43.783478,43.212257
2020-11-06,INTC,44.97127,45.700714,43.896295
2020-11-06,MSFT,193.7207,194.18243,189.4511
2020-11-06,NKE,31.847641,32.3555,31.927373
2020-11-06,VZ,25.274294,26.011086,25.494139
2020-11-06,WMT,20.854268,21.103731,20.688542
2020-11-09,AAPL,45.766407,45.65853,44.857864
2020-11-09,AMGN,60.726338,60.494718,59.625308
2020-11-09,CRM,53.778651,54.275516,52.318709
2020-11-09,CSCO,25.513325,25.987009,25.201112
2020-11-09,IBM,42.456383,42.767591,42.730007
2020-11-09,INTC,45.528253,45.486296,44.880863
2020-11-09,MSFT,193.99977,197.64214,192.14846
2020-11-09,NKE,30.844816,31.094704,30.42044
2020-11-09,VZ,24.766927,25.276228,24.617361
2020-11-09,WMT,20.979343,21.068719,20.822579
2020-11-10,AAPL,44.967167,45.913912,44.200676
2020-11-10,AMGN,62.407957,63.175026,62.094155
2020-11-10,CRM,53.074087,53.079389,51.221143
2020-11-10,CSCO,24.890427,25.259329,24.460509
2020-11-10,IBM,42.957972,43.117732,42.758018
2020-11-10,INTC,45.656154,45.946432,45.689839
2020-11-10,MSFT,197.66674,198.30857,195.22773
2020-11-10,NKE,31.354233,31.125905,31.152223
2020-11-10,VZ,24.124097,24.315138,24.104874
2020-11-10,WMT,20.561689,20.828065,20.277562
2020-11-11,AAPL,43.652019,43.097955,44.468171
2020-11-11,AMGN,61.681454,62.476527,60.754046
2020-11-11,CRM,50.624058,50.454409,48.687372
2020-11-11,CSCO,25.323974,25.436311,25.047484
2020-11-11,IBM,42.436109,42.705211,41.822396
2020-11-11,INTC,45.879943,46.460669,45.223789
2020-11-11,MSFT,196.47294,200.94692,197.26062
2020-11-11,NKE,32.62133,32.577655,31.926061
2020-11-11,VZ,23.945535,24.11323,24.144122
2020-11-11,WMT,20.260604,20.669001,20.147228
2020-11-12,AAPL,43.371984,44.269607,43.550557
2020-11-12,AMGN,59.606162,60.280455,58.834215
2020-11-12,CRM,50.468865,51.291006,49.607837
2020-11-12,CSCO,26.202298,26.231787,25.865358
2020-11-12,IBM,41.847314,41.884748,41.375354
2020-11-12,INTC,45.994124,46.095312,45.913347
2020-11-12,MSFT,198.32503,203.0925,192.75859
2020-11-12,NKE,31.580116,31.479662,31.313767
2020-11-12,VZ,24.130605,24.299118,23.65154
2020-11-12,WMT,19.754316,20.180218,19.816205
2020-11-13,AAPL,44.419453,45.117288,43.095272
2020-11-13,AMGN,58.968185,59.146166,59.046094
2020-11-13,CRM,50.283078,51.61598,50.658274
2020-11-13,CSCO,26.175823,26.504604,25.46615
2020-11-13,IBM,41.581135,42.603214,41.279364
2020-11-13,INTC,46.366794,45.711291,45.485501
2020-11-13,MSFT,201.34913,199.83265,199.58032
2020-11-13,NKE,31.50221,32.420211,31.605963
2020-11-13,VZ,23.835169,23.985722,23.492502
2020-11-13,WMT,19.394233,19.531178,19.137588
2020-11-16,AAPL,43.21174,43.779891,42.606191
2020-11-16,AMGN,57.995807,58.271696,57.308032
2020-11-16,CRM,49.508213,50.710004,47.856011
2020-11-16,CSCO,26.512361,27.047532,26.156596
2020-11-16,IBM,41.059613,41.722349,40.940251
2020-11-16,INTC,47.149468,48.203329,47.339024
2020-11-16,MSFT,207.13242,210.35516,205.73131
2020-11-16,NKE,31.767443,31.940144,31.149841
2020-11-16,VZ,23.845425,23.94385,23.485693
2020-11-16,WMT,19.269457,19.599678,19.077493
2020-11-17,AAPL,43.028159,42.930032,42.214874
2020-11-17,AMGN,56.927091,58.673692,56.311891
2020-11-17,CRM,48.047142,49.240415,46.879767
2020-11-17,CSCO,26.278126,26.469271,25.70027
2020-11-17,IBM,40.959407,41.95036,40.890907
2020-11-17,INTC,47.152854,47.910263,46.261208
2020-11-17,MSFT,208.57671,213.61513,211.54906
2020-11-17,NKE,31.237344,31.591427,30.912549
2020-11-17,VZ,23.770538,23.674554,23.870977
2020-11-17,WMT,19.245897,19.443325,19.024023
2020-11-18,AAPL,43.953538,45.222444,45.018495
2020-11-18,AMGN,55.510074,56.057544,54.912636
2020-11-18,CRM,48.399457,48.154168,47.918036
2020-11-18,CSCO,26.201907,26.271602,25.972489
2020-11-18,IBM,40.869818,41.702799,41.233863
2020-11-18,INTC,45.140693,45.627739,45.126898
2020-11-18,MSFT,206.57263,209.62005,204.15148
2020-11-18,NKE,31.162288,31.107072,31.23005
2020-11-18,VZ,24.128885,24.468937,24.161538
2020-11-18,WMT,19.045918,19.128955,18.815281
2020-11-19,AAPL,44.536258,45.175606,43.057367
2020-11-19,AMGN,55.31095,56.706237,54.580305
2020-11-19,CRM,48.310973,49.046125,49.426699
2020-11-19,CSCO,26.083064,26.279154,26.028028
2020-11-19,IBM,40.533821,41.227161,39.84345
2020-11-19,INTC,44.467811,45.350673,44.292232
2020-11-19,MSFT,207.0779,211.79236,204.74738
2020-11-19,NKE,31.099382,31.404358,31.029265
2020-11-19,VZ,23.677972,23.681819,23.744893
2020-11-19,WMT,18.901042,18.891908,18.82801
2020-11-20,AAPL,45.230149,45.945982,44.646141
2020-11-20,AMGN,55.282891,56.511278,54.864069
2020-11-20,CRM,48.196265,49.68499,47.374222
2020-11-20,CSCO,25.578344,26.058821,25.877484
2020-11-20,IBM,40.346726,41.316103,40.334486
2020-11-20,INTC,44.534125,44.212255,43.776402
2020-11-20,MSFT,204.26393,206.38597,200.08874
2020-11-20,NKE,30.632677,31.315785,29.754631
2020-11-20,VZ,23.70317,24.027559,23.298204
2020-11-20,WMT,18.756596,19.079098,18.797434
2020-11-23,AAPL,44.655599,45.37775,43.685933
2020-11-23,AMGN,52.633569,53.737627,51.923155
2020-11-23,CRM,50.76216,52.083279,49.007105
2020-11-23,CSCO,25.675538,26.110864,25.527709
2020-11-23,IBM,39.566271,40.514821,38.950366
2020-11-23,INTC,43.952196,43.841249,43.281667
2020-11-23,MSFT,202.99014,204.28819,203.40933
2020-11-23,NKE,30.316005,30.158538,30.223635
2020-11-23,VZ,23.625388,23.367588,23.840175
2020-11-23,WMT,18.721327,19.018394,18.677824
2020-11-24,AAPL,43.793517,44.912619,43.436402
2020-11-24,AMGN,52.595655,53.263085,51.870806
2020-11-24,CRM,50.751283,51.662556,51.365282
2020-11-24,CSCO,25.499855,25.917599,25.357933
2020-11-24,IBM,38.471704,39.152757,37.87395
2020-11-24,INTC,43.460596,43.532512,42.358553
2020-11-24,MSFT,200.4339,203.3519,199.26651
2020-11-24,NKE,30.593025,31.436423,30.227501
2020-11-24,VZ,24.357951,24.402389,24.514666
2020-11-24,WMT,18.812324,18.933288,18.950168
2020-11-25,AAPL,43.410562,43.956664,43.348372
2020-11-25,AMGN,51.167711,51.840462,50.553935
2020-11-25,CRM,48.40558,47.704586,46.561953
2020-11-25,CSCO,24.696335,25.035676,24.777817
2020-11-25,IBM,38.146795,38.502474,37.931118
2020-11-25,INTC,43.153294,44.460814,42.525209
2020-11-25,MSFT,192.24097,194.63563,187.97515
2020-11-25,NKE,30.743535,31.16278,31.055482
2020-11-25,VZ,24.347732,24.558002,23.975794
2020-11-25,WMT,18.840005,18.842107,18.528589
2020-11-27,AAPL,43.079213,43.879042,42.067759
2020-11-27,AMGN,49.549969,50.36078,48.650234
2020-11-27,CRM,47.133569,47.119225,46.536112
2020-11-27,CSCO,23.684228,23.912546,23.166058
2020-11-27,IBM,37.150548,37.283205,36.82405
2020-11-27,INTC,40.336526,40.736314,39.537079
2020-11-27,MSFT,189.9088,193.09502,185.17521
2020-11-27,NKE,30.791782,30.761563,30.264149
2020-11-27,VZ,24.092266,24.358152,23.941477
2020-11-27,WMT,19.215791,19.458667,19.114215
2020-11-30,AAPL,42.782849,43.112612,42.528815
2020-11-30,AMGN,48.768514,48.826291,48.47005
2020-11-30,CRM,47.264515,48.191465,45.70293
2020-11-30,CSCO,24.519347,24.93927,24.159269
2020-11-30,IBM,36.039324,36.814208,35.849989
2020-11-30,INTC,39.843077,40.412908,39.625765
2020-11-30,MSFT,186.95304,188.05807,183.90057
2020-11-30,NKE,30.279128,30.765505,29.70628
2020-11-30,VZ,23.910719,24.654597,23.67298
2020-11-30,WMT,18.874275,19.046397,18.793541
2020-12-01,AAPL,43.777429,44.903854,43.596695
2020-12-01,AMGN,48.0535,48.893797,47.719891
2020-12-01,CRM,42.184635,43.528507,43.840659
2020-12-01,CSCO,24.545549,25.111981,24.391442
2020-12-01,IBM,36.492335,36.53424,36.550675
2020-12-01,INTC,39.281406,39.790463,38.48761
2020-12-01,MSFT,188.42566,185.87705,184.54838
2020-12-01,NKE,28.970674,29.131044,28.444254
2020-12-01,VZ,24.301193,24.347964,23.781341
2020-12-01,WMT,18.757668,18.969426,18.906485
2020-12-02,AAPL,42.196056,41.988257,42.255693
2020-12-02,AMGN,48.366372,48.75738,47.656395
2020-12-02,CRM,40.647569,40.210099,40.306567
2020-12-02,CSCO,24.66169,24.878131,24.475533
2020-12-02,IBM,36.150968,36.913354,36.116085
2020-12-02,INTC,38.639349,39.613135,38.545844
2020-12-02,MSFT,185.07739,185.2204,182.27051
2020-12-02,NKE,28.072298,27.906514,27.679268
2020-12-02,VZ,24.468742,24.231538,24.403569
2020-12-02,WMT,18.318688,18.372685,18.282243
2020-12-03,AAPL,41.586764,41.62805,41.410149
2020-12-03,AMGN,48.681686,50.173357,48.20829
2020-12-03,CRM,40.801514,41.441897,39.926249
2020-12-03,CSCO,24.963877,25.308995,24.699799
2020-12-03,IBM,36.009551,35.630483,35.389292
2020-12-03,INTC,39.167712,39.517693,39.09657
2020-12-03,MSFT,183.69129,188.37845,179.35903
2020-12-03,NKE,27.623999,27.816631,27.001086
2020-12-03,VZ,24.239496,24.315579,23.786439
2020-12-03,WMT,18.448591,18.77091,18.265154
2020-12-04,AAPL,41.625502,41.512668,42.158655
2020-12-04,AMGN,49.03216,49.745927,48.332502
2020-12-04,CRM,40.811448,42.297917,40.568519
2020-12-04,CSCO,24.78785,25.600625,24.706459
2020-12-04,IBM,36.623805,36.911906,36.390007
2020-12-04,INTC,38.956938,39.242328,38.233967
2020-12-04,MSFT,185.04368,188.35633,182.24203
2020-12-04,NKE,26.942624,27.280686,27.189503
2020-12-04,VZ,23.984418,23.732081,23.578809
2020-12-04,WMT,18.475247,18.817263,18.399159
2020-12-07,AAPL,40.382382,40.949692,40.182437
2020-12-07,AMGN,49.024344,50.121263,48.867359
2020-12-07,CRM,41.44225,41.497794,40.609009
2020-12-07,CSCO,25.130065,25.950214,24.530988
2020-12-07,IBM,36.796174,36.817681,36.00573
2020-12-07,INTC,38.730928,39.263823,38.192867
2020-12-07,MSFT,186.21565,186.22842,184.17219
2020-12-07,NKE,26.495161,27.184361,25.814277
2020-12-07,VZ,24.283895,24.619254,24.510398
2020-12-07,WMT,18.63611,18.646445,18.489609
2020-12-08,AAPL,40.047773,39.880389,39.265601
2020-12-08,AMGN,48.075221,48.86668,47.397371
2020-12-08,CRM,41.564287,41.930044,40.861184
2020-12-08,CSCO,25.737556,25.942374,25.57375
2020-12-08,IBM,36.11491,36.352283,35.832321
2020-12-08,INTC,39.352311,39.796057,38.77979
2020-12-08,MSFT,189.49647,191.01333,192.03886
2020-12-08,NKE,25.838751,26.460308,25.676512
2020-12-08,VZ,24.958534,25.44154,24.702444
2020-12-08,WMT,18.568427,18.667719,18.198051
2020-12-09,AAPL,40.956435,41.914184,41.183583
2020-12-09,AMGN,46.673811,47.164346,46.530637
2020-12-09,CRM,41.296291,42.187267,40.439669
2020-12-09,CSCO,25.562744,25.865514,25.735229
2020-12-09,IBM,36.029678,36.733933,35.170084
2020-12-09,INTC,38.906506,39.20044,39.254682
2020-12-09,MSFT,183.89578,182.30888,182.40888
2020-12-09,NKE,25.241923,25.339889,24.958781
2020-12-09,VZ,24.802307,24.906397,24.571988
2020-12-09,WMT,19.019968,19.231202,19.141138
2020-12-10,AAPL,40.272568,41.310164,39.573584
2020-12-10,AMGN,45.810875,46.002903,45.101098
2020-12-10,CRM,39.16657,39.601102,39.246705
2020-12-10,CSCO,24.921095,25.257116,24.93471
2020-12-10,IBM,36.867744,37.355626,36.216252
2020-12-10,INTC,39.967702,40.147077,40.135228
2020-12-10,MSFT,180.11938,182.29366,177.83437
2020-12-10,NKE,25.166631,25.302763,25.087773
2020-12-10,VZ,24.850529,24.89533,24.903245
2020-12-10,WMT,18.792265,19.113321,18.824489
2020-12-11,AAPL,40.641856,40.614429,40.396935
2020-12-11,AMGN,46.006301,46.696401,46.377221
2020-12-11,CRM,38.870607,39.538393,38.710497
2020-12-11,CSCO,25.037438,25.662269,24.80179
2020-12-11,IBM,37.332268,37.928068,37.1068
2020-12-11,INTC,39.566297,39.702274,38.993137
2020-12-11,MSFT,189.01676,189.54508,189.73658
2020-12-11,NKE,25.317018,25.587997,25.028586
2020-12-11,VZ,24.857939,25.116647,24.378988
2020-12-11,WMT,18.699408,18.748159,18.261854
2020-12-14,AAPL,40.261555,41.521643,40.476848
2020-12-14,AMGN,46.481081,47.156171,46.905691
2020-12-14,CRM,38.530934,39.224758,38.300939
2020-12-14,CSCO,25.620151,25.622955,25.165063
2020-12-14,IBM,37.741558,37.754529,37.832059
2020-12-14,INTC,39.714454,39.94202,38.787565
2020-12-14,MSFT,187.15441,187.97515,186.35197
2020-12-14,NKE,25.283873,25.360449,25.018216
2020-12-14,VZ,24.218393,24.665197,23.921102
2020-12-14,WMT,18.709721,18.672285,18.573054
2020-12-15,AAPL,41.345539,41.240029,40.707482
2020-12-15,AMGN,45.877312,46.559439,45.730259
2020-12-15,CRM,38.149953,39.037457,36.832609
2020-12-15,CSCO,25.461903,25.616363,25.263161
2020-12-15,IBM,37.24625,37.329186,36.843788
2020-12-15,INTC,39.5585,39.647024,38.649739
2020-12-15,MSFT,185.93175,187.11934,185.65781
2020-12-15,NKE,25.744589,26.33712,25.94501
2020-12-15,VZ,24.213917,24.218423,24.170798
2020-12-15,WMT,18.455999,18.296475,18.449509
2020-12-16,AAPL,40.691107,41.372013,39.790321
2020-12-16,AMGN,45.11286,46.390029,44.66188
2020-12-16,CRM,39.676904,40.307233,39.588602
2020-12-16,CSCO,25.075895,25.226564,24.986133
2020-12-16,IBM,37.606017,38.234877,37.547695
2020-12-16,INTC,39.840688,40.955035,39.806918
2020-12-16,MSFT,190.73425,189.8466,188.39049
2020-12-16,NKE,26.085548,26.881523,26.016831
2020-12-16,VZ,23.877492,24.417415,23.510898
2020-12-16,WMT,18.500633,18.754934,18.354645
2020-12-17,AAPL,39.336602,39.861202,38.878132
2020-12-17,AMGN,44.605627,45.761429,44.60412
2020-12-17,CRM,40.273665,41.783905,39.298377
2020-12-17,CSCO,25.108554,26.000771,24.874139
2020-12-17,IBM,37.362295,37.270936,36.898986
2020-12-17,INTC,39.79175,40.740991,39.523133
2020-12-17,MSFT,200.7315,199.0318,195.97203
2020-12-17,NKE,25.971643,25.80183,25.911807
2020-12-17,VZ,23.427224,23.390006,23.386832
2020-12-17,WMT,18.092089,18.312765,17.990255
2020-12-18,AAPL,38.972047,39.634677,38.926444
2020-12-18,AMGN,44.654315,44.53039,43.513727
2020-12-18,CRM,38.888831,39.79887,37.18064
2020-12-18,CSCO,24.191801,24.299543,24.422601
2020-12-18,IBM,37.474951,37.907048,37.460997
2020-12-18,INTC,40.337329,40.188659,39.948148
2020-12-18,MSFT,206.69011,207.90138,204.25333
2020-12-18,NKE,25.007326,24.956031,24.687161
2020-12-18,VZ,22.972577,23.235189,22.829625
2020-12-18,WMT,17.871796,18.050705,17.680608
2020-12-21,AAPL,39.361576,39.628149,38.696992
2020-12-21,AMGN,43.672088,44.556592,43.229713
2020-12-21,CRM,39.340643,40.56805,39.339499
2020-12-21,CSCO,25.088056,25.451415,24.661245
2020-12-21,IBM,38.093377,38.286178,37.362891
2020-12-21,INTC,40.515861,40.934683,39.975783
2020-12-21,MSFT,207.15461,209.19791,208.81492
2020-12-21,NKE,24.610091,24.385791,24.391487
2020-12-21,VZ,22.502537,23.015656,22.427001
2020-12-21,WMT,17.869923,18.348401,17.705876
2020-12-22,AAPL,40.106002,40.427224,38.959794
2020-12-22,AMGN,43.0595,43.714755,43.274905
2020-12-22,CRM,38.643608,40.206032,38.15088
2020-12-22,CSCO,24.664755,24.805496,24.047782
2020-12-22,IBM,37.81,37.317881,37.35606
2020-12-22,INTC,40.376581,41.350347,39.219807
2020-12-22,MSFT,204.53127,205.0056,205.12714
2020-12-22,NKE,24.803951,24.655485,24.856157
2020-12-22,VZ,22.639982,22.894625,22.351247
2020-12-22,WMT,17.923482,18.157058,17.723055
2020-12-23,AAPL,40.106718,41.036899,39.488633
2020-12-23,AMGN,43.318468,44.287388,42.865926
2020-12-23,CRM,38.281938,38.288756,37.321922
2020-12-23,CSCO,24.59609,25.052712,24.346023
2020-12-23,IBM,37.719555,38.188272,37.444372
2020-12-23,INTC,38.979016,38.841024,39.363652
2020-12-23,MSFT,202.46586,202.49656,202.82447
2020-12-23,NKE,24.835612,25.21455,24.066101
2020-12-23,VZ,23.272024,23.485812,22.829661
2020-12-23,WMT,18.078109,18.169726,18.115217
2020-12-24,AAPL,40.832689,40.730301,40.197034
2020-12-24,AMGN,42.519817,43.216102,42.027078
2020-12-24,CRM,38.379851,38.076799,37.972483
2020-12-24,CSCO,23.869842,24.079311,23.904779
2020-12-24,IBM,37.566758,37.911767,37.543189
2020-12-24,INTC,39.127717,39.259267,38.107217
2020-12-24,MSFT,207.77061,211.72718,206.47524
2020-12-24,NKE,25.051198,25.548058,24.702705
2020-12-24,VZ,23.303182,23.920164,22.748054
2020-12-24,WMT,18.019728,18.068458,17.766379
2020-12-28,AAPL,41.326574,41.460117,40.708006
2020-12-28,AMGN,42.002437,42.469588,41.553107
2020-12-28,CRM,38.879047,39.816345,37.946428
2020-12-28,CSCO,23.9498,24.545119,23.658148
2020-12-28,IBM,37.840446,38.693098,37.774453
2020-12-28,INTC,39.592661,40.521992,39.417959
2020-12-28,MSFT,206.21351,211.03845,199.79148
2020-12-28,NKE,24.909819,25.505835,24.982348
2020-12-28,VZ,23.097432,23.271884,22.913071
2020-12-28,WMT,17.831455,17.756175,17.766726
2020-12-29,AAPL,42.080404,42.485151,41.324795
2020-12-29,AMGN,42.072752,43.162241,41.106109
2020-12-29,CRM,38.90317,38.468827,37.622227
2020-12-29,CSCO,23.734966,24.054097,23.278242
2020-12-29,IBM,37.545772,38.120032,37.597123
2020-12-29,INTC,40.232036,41.154006,40.642538
2020-12-29,MSFT,204.71789,207.30838,203.70136
2020-12-29,NKE,24.786818,24.903663,24.758296
2020-12-29,VZ,22.22791,22.133938,21.82332
2020-12-29,WMT,17.37884,17.434538,17.21998
2020-12-30,AAPL,42.201573,42.747336,42.323802
2020-12-30,AMGN,42.097531,42.384539,42.508941
2020-12-30,CRM,38.529555,38.769011,38.397274
2020-12-30,CSCO,23.623441,23.870771,23.295062
2020-12-30,IBM,37.285081,37.656025,36.872326
2020-12-30,INTC,39.36188,39.940971,38.862246
2020-12-30,MSFT,207.90261,214.67318,208.60764
2020-12-30,NKE,23.591909,23.317525,23.395383
2020-12-30,VZ,22.46132,22.854156,22.449391
2020-12-30,WMT,17.655266,17.775399,17.516432
2020-12-31,AAPL,41.772033,42.579816,41.19076
2020-12-31,AMGN,42.181895,42.190046,41.981277
2020-12-31,CRM,38.908852,39.683322,39.549359
2020-12-31,CSCO,23.633844,23.891862,23.48132
2020-12-31,IBM,37.17557,37.994521,36.962061
2020-12-31,INTC,39.436385,39.899536,39.256264
2020-12-31,MSFT,207.7632,208.76184,204.55099
2020-12-31,NKE,23.618687,23.692322,23.685987
2020-12-31,VZ,22.549066,22.764619,22.52288
2020-12-31,WMT,17.770675,17.946916,17.528214
2021-01-04,AAPL,42.525038,42.978064,41.582684
2021-01-04,AMGN,42.095647,42.316839,41.309502
2021-01-04,CRM,38.404,38.819936,38.047921
2021-01-04,CSCO,23.545086,23.33344,23.182233
2021-01-04,IBM,36.659282,36.834,36.777131
2021-01-04,INTC,38.324841,38.368517,38.198617
2021-01-04,MSFT,210.02077,211.00601,208.493
2021-01-04,NKE,23.466103,23.61562,23.007867
2021-01-04,VZ,22.628177,22.88637,22.653369
2021-01-04,WMT,17.954748,18.283978,17.741999
2021-01-05,AAPL,41.24168,41.939311,40.548095
2021-01-05,AMGN,40.905548,41.37542,40.371417
2021-01-05,CRM,38.224743,38.024891,38.47299
2021-01-05,CSCO,23.874089,23.991689,24.001744
2021-01-05,IBM,37.613109,37.877095,37.953934
2021-01-05,INTC,38.103935,38.251647,37.708456
2021-01-05,MSFT,210.48051,211.88206,212.11114
2021-01-05,NKE,23.262733,23.981419,23.499398
2021-01-05,VZ,22.474166,22.424032,21.920069
2021-01-05,WMT,18.323905,18.556107,18.167073
2021-01-06,AAPL,39.567904,39.630421,38.54876
2021-01-06,AMGN,40.56377,41.069571,40.151515
2021-01-06,CRM,39.579684,40.517954,39.256372
2021-01-06,CSCO,23.148849,23.157087,22.894068
2021-01-06,IBM,37.872439,38.135446,37.675318
2021-01-06,INTC,38.110606,38.211863,37.869931
2021-01-06,MSFT,214.81423,216.71139,213.10113
2021-01-06,NKE,23.125901,23.320102,22.925562
2021-01-06,VZ,22.61635,22.878756,22.528293
2021-01-06,WMT,18.520646,18.516301,18.53031
2021-01-07,AAPL,39.998117,40.08681,40.013056
2021-01-07,AMGN,39.803398,40.161351,39.581641
2021-01-07,CRM,39.199804,40.547987,38.963741
2021-01-07,CSCO,22.359709,22.457746,22.328535
2021-01-07,IBM,37.298014,38.013254,37.384578
2021-01-07,INTC,39.675067,40.340943,39.162639
2021-01-07,MSFT,215.33549,215.64386,214.09861
2021-01-07,NKE,22.752083,23.355887,22.383493
2021-01-07,VZ,22.548705,22.408799,22.419649
2021-01-07,WMT,18.297724,18.344187,18.095228
2021-01-08,AAPL,39.130649,39.662667,38.792357
2021-01-08,AMGN,39.813642,40.415036,38.429278
2021-01-08,CRM,39.171128,40.91746,38.719091
2021-01-08,CSCO,22.38826,22.788059,22.348193
2021-01-08,IBM,36.660546,37.033662,36.405398
2021-01-08,INTC,39.211552,38.998924,38.382455
2021-01-08,MSFT,215.42233,218.42696,213.53434
2021-01-08,NKE,23.21421,23.408929,23.16826
2021-01-08,VZ,22.125303,22.626847,22.076717
2021-01-08,WMT,17.970364,18.058245,17.758369
2021-01-11,AAPL,39.275373,39.358057,39.379603
2021-01-11,AMGN,39.571682,40.133334,39.417992
2021-01-11,CRM,38.733123,39.305014,38.284779
2021-01-11,CSCO,22.775929,23.088597,22.663788
2021-01-11,IBM,36.752124,38.228376,36.402487
2021-01-11,INTC,39.091479,39.131379,38.379251
2021-01-11,MSFT,213.95094,215.09208,208.67754
2021-01-11,NKE,23.062246,23.457193,22.847837
2021-01-11,VZ,22.193653,22.223975,22.335795
2021-01-11,WMT,18.113695,18.155029,18.183966
2021-01-12,AAPL,40.242413,40.432869,39.544182
2021-01-12,AMGN,39.809832,40.173833,39.331385
2021-01-12,CRM,38.575677,39.81435,38.10254
2021-01-12,CSCO,22.394646,23.043314,22.001712
2021-01-12,IBM,36.407615,36.169496,35.858721
2021-01-12,INTC,39.155628,39.519472,38.814808
2021-01-12,MSFT,209.77746,212.93762,205.55006
2021-01-12,NKE,24.070153,24.420703,23.93743
2021-01-12,VZ,22.208716,22.299125,22.32484
2021-01-12,WMT,17.702598,17.850101,17.504432
2021-01-13,AAPL,41.233531,41.473678,40.748816
2021-01-13,AMGN,41.387736,42.34668,41.176231
2021-01-13,CRM,39.138826,41.175288,38.267752
2021-01-13,CSCO,22.850622,23.032006,22.449211
2021-01-13,IBM,36.247011,36.29194,36.497062
2021-01-13,INTC,39.420192,40.101884,38.583958
2021-01-13,MSFT,211.32239,212.20646,209.53963
2021-01-13,NKE,23.82711,24.268964,23.339786
2021-01-13,VZ,21.673004,21.957515,21.609627
2021-01-13,WMT,17.447824,17.853271,17.275158
2021-01-14,AAPL,41.251417,42.602289,40.559324
2021-01-14,AMGN,42.4608,42.395479,42.231236
2021-01-14,CRM,38.335942,38.823328,37.883067
2021-01-14,CSCO,22.980588,23.288607,23.069707
2021-01-14,IBM,36.622015,36.688474,36.50541
2021-01-14,INTC,38.533402,38.567505,37.963953
2021-01-14,MSFT,204.30267,208.00533,200.46831
2021-01-14,NKE,22.921525,22.793948,22.847146
2021-01-14,VZ,21.89479,22.118684,22.100223
2021-01-14,WMT,17.789492,17.959689,17.489142
2021-01-15,AAPL,41.664906,41.638113,41.488444
2021-01-15,AMGN,41.496488,41.575913,40.977167
2021-01-15,CRM,38.502499,39.47928,37.66639
2021-01-15,CSCO,23.07208,23.28148,23.112973
2021-01-15,IBM,36.160865,36.392786,35.880072
2021-01-15,INTC,37.836876,38.339229,37.910221
2021-01-15,MSFT,205.98896,208.57137,200.02465
2021-01-15,NKE,22.743914,22.871266,22.526575
2021-01-15,VZ,21.988036,22.215825,21.88396
2021-01-15,WMT,17.870353,18.028096,17.459617
2021-01-19,AAPL,41.588958,41.936346,41.228708
2021-01-19,AMGN,40.022703,40.863257,39.643987
2021-01-19,CRM,38.426644,38.542287,39.270769
2021-01-19,CSCO,23.450111,23.673653,23.348214
2021-01-19,IBM,36.047327,35.952016,35.592091
2021-01-19,INTC,38.664941,39.230576,38.405203
2021-01-19,MSFT,201.09023,202.11004,199.91239
2021-01-19,NKE,23.021535,23.290172,22.857122
2021-01-19,VZ,22.21726,22.746437,21.873719
2021-01-19,WMT,18.09627,18.429148,17.801063
2021-01-20,AAPL,41.726906,42.374034,41.204273
2021-01-20,AMGN,40.103876,40.098541,39.935635
2021-01-20,CRM,37.850997,38.528056,37.480237
2021-01-20,CSCO,23.408795,23.618449,23.487299
2021-01-20,IBM,35.933506,35.928924,36.058536
2021-01-20,INTC,39.665057,40.500129,39.583633
2021-01-20,MSFT,200.37997,201.17235,196.97412
2021-01-20,NKE,22.856993,23.350508,22.913003
2021-01-20,VZ,21.620079,21.523945,21.394484
2021-01-20,WMT,18.096845,18.400523,17.926645
2021-01-21,AAPL,42.123729,42.440835,41.629853
2021-01-21,AMGN,40.172704,40.326985,40.519224
2021-01-21,CRM,38.400696,38.598261,38.452832
2021-01-21,CSCO,23.534267,23.80304,23.424546
2021-01-21,IBM,35.910759,36.558215,35.745686
2021-01-21,INTC,40.638416,41.091385,39.955188
2021-01-21,MSFT,198.18853,205.12687,194.98968
2021-01-21,NKE,22.726116,22.930357,22.259228
2021-01-21,VZ,21.2844,21.256117,21.173358
2021-01-21,WMT,17.727039,17.839553,17.553136
2021-01-22,AAPL,42.026744,42.653878,41.830593
2021-01-22,AMGN,40.785672,41.247618,40.792318
2021-01-22,CRM,38.464451,38.690132,38.366293
2021-01-22,CSCO,23.445993,23.838698,22.98738
2021-01-22,IBM,35.793899,36.225993,35.863723
2021-01-22,INTC,39.752221,40.658993,39.321755
2021-01-22,MSFT,199.0757,200.64634,195.22229
2021-01-22,NKE,22.130357,22.514032,22.591604
2021-01-22,VZ,21.074679,21.024042,21.240925
2021-01-22,WMT,17.797632,18.034866,17.840629
2021-01-25,AAPL,41.100245,41.585632,40.803591
2021-01-25,AMGN,39.91446,40.290713,39.848879
2021-01-25,CRM,38.664275,38.828342,38.438846
2021-01-25,CSCO,23.18031,23.506297,23.583203
2021-01-25,IBM,34.453467,34.275222,33.992521
2021-01-25,INTC,40.388998,40.808227,40.729578
2021-01-25,MSFT,198.65541,198.6542,196.0606
2021-01-25,NKE,21.665087,21.874966,21.59238
2021-01-25,VZ,21.116547,21.741003,20.347465
2021-01-25,WMT,17.727224,17.734814,17.578667
2021-01-26,AAPL,42.105615,42.555964,41.209375
2021-01-26,AMGN,39.732006,40.082686,39.465585
2021-01-26,CRM,38.410499,38.510969,38.604987
2021-01-26,CSCO,23.326406,23.628982,22.409168
2021-01-26,IBM,34.272219,34.857693,33.899505
2021-01-26,INTC,41.320594,41.280387,40.404513
2021-01-26,MSFT,203.69158,205.98372,201.31718
2021-01-26,NKE,21.639312,21.818587,21.60947
2021-01-26,VZ,21.298264,21.470072,20.993157
2021-01-26,WMT,17.645028,17.742497,17.677778
2021-01-27,AAPL,43.63217,43.809448,43.48391
2021-01-27,AMGN,38.792762,39.234962,38.699459
2021-01-27,CRM,38.711635,39.52776,37.809368
2021-01-27,CSCO,22.876573,23.133341,23.005999
2021-01-27,IBM,33.711652,33.962775,33.29449
2021-01-27,INTC,40.897026,41.104432,40.17584
2021-01-27,MSFT,208.81999,210.68957,212.23841
2021-01-27,NKE,21.810251,22.204809,21.677109
2021-01-27,VZ,21.148824,21.796665,21.425037
2021-01-27,WMT,17.442495,17.792497,16.933913
2021-01-28,AAPL,44.505092,45.148046,44.126219
2021-01-28,AMGN,38.16082,38.976077,37.611961
2021-01-28,CRM,40.324756,40.771215,39.223876
2021-01-28,CSCO,22.737843,23.171064,22.561465
2021-01-28,IBM,33.818554,33.866493,33.549316
2021-01-28,INTC,43.265075,43.581798,42.408137
2021-01-28,MSFT,207.81164,210.95866,205.40049
2021-01-28,NKE,22.037976,22.146619,21.634629
2021-01-28,VZ,20.364255,20.595905,20.170027
2021-01-28,WMT,17.373812,17.828661,17.226634
2021-01-29,AAPL,45.237957,46.345371,45.063293
2021-01-29,AMGN,38.48762,38.969397,38.133808
2021-01-29,CRM,42.654551,44.493419,41.698864
2021-01-29,CSCO,22.492676,22.866452,22.506657
2021-01-29,IBM,33.224751,33.427698,32.941486
2021-01-29,INTC,42.840972,43.080288,42.30161
2021-01-29,MSFT,207.88553,212.25698,199.40197
2021-01-29,NKE,21.539964,21.876189,21.448715
2021-01-29,VZ,20.581487,20.563671,20.540528
2021-01-29,WMT,17.716721,18.063963,17.600854
2021-02-01,AAPL,45.106441,45.701697,44.874508
2021-02-01,AMGN,38.506442,39.669704,37.853881
2021-02-01,CRM,43.084167,43.016389,41.670795
2021-02-01,CSCO,23.060697,22.720581,23.223859
2021-02-01,IBM,33.410996,34.0324,33.253279
2021-02-01,INTC,42.930777,43.975739,42.944441
2021-02-01,MSFT,208.21451,209.254,205.81625
2021-02-01,NKE,20.72517,20.809535,20.954025
2021-02-01,VZ,20.81157,21.089059,20.693304
2021-02-01,WMT,17.57492,17.657094,17.698489
2021-02-02,AAPL,45.152188,45.816363,44.667224
2021-02-02,AMGN,37.787316,38.323904,37.850957
2021-02-02,CRM,44.915663,45.078451,46.068912
2021-02-02,CSCO,22.952731,23.257733,22.553558
2021-02-02,IBM,33.603596,33.782562,33.254116
2021-02-02,INTC,41.929044,42.22463,41.622306
2021-02-02,MSFT,205.58225,208.45066,206.03355
2021-02-02,NKE,20.993215,21.270617,20.602588
2021-02-02,VZ,20.841053,21.162486,20.866283
2021-02-02,WMT,17.578489,17.80905,17.328922
2021-02-03,AAPL,44.469016,46.304401,43.443244
2021-02-03,AMGN,37.034179,37.557785,36.448423
2021-02-03,CRM,44.022387,43.804172,43.952645
2021-02-03,CSCO,23.008744,22.832895,22.867023
2021-02-03,IBM,33.840734,34.158644,33.790727
2021-02-03,INTC,40.849731,40.510488,40.384434
2021-02-03,MSFT,206.51591,209.02745,204.31125
2021-02-03,NKE,21.762737,22.168519,21.319331
2021-02-03,VZ,20.528588,20.753613,20.228001
2021-02-03,WMT,17.091033,17.250588,16.934268
2021-02-04,AAPL,43.15519,43.786462,43.044005
2021-02-04,AMGN,36.942347,37.089154,36.759672
2021-02-04,CRM,43.606274,44.408986,43.32382
2021-02-04,CSCO,23.485186,23.869752,23.201529
2021-02-04,IBM,32.788991,32.557172,32.593227
2021-02-04,INTC,39.997964,40.189786,39.331521
2021-02-04,MSFT,203.82525,203.1678,201.52915
2021-02-04,NKE,22.281878,22.341985,22.054805
2021-02-04,VZ,20.490238,20.7957,20.552866
2021-02-04,WMT,17.277804,17.359283,16.984365
2021-02-05,AAPL,43.816812,44.581231,42.739692
2021-02-05,AMGN,36.436453,35.488191,36.250093
2021-02-05,CRM,42.843658,42.414903,42.568989
2021-02-05,CSCO,23.763072,24.050636,23.738304
2021-02-05,IBM,32.447269,32.658768,31.725106
2021-02-05,INTC,39.928007,39.922031,39.970507
2021-02-05,MSFT,201.32978,203.31547,200.10168
2021-02-05,NKE,20.91243,20.84641,20.566717
2021-02-05,VZ,20.49134,20.94122,20.256629
2021-02-05,WMT,17.205473,17.437749,17.078988
2021-02-08,AAPL,44.869903,45.129352,43.988799
2021-02-08,AMGN,35.836738,36.203,35.824725
2021-02-08,CRM,41.750407,42.607184,41.127128
2021-02-08,CSCO,23.657607,24.279237,24.150901
2021-02-08,IBM,33.135677,33.229002,32.840837
2021-02-08,INTC,39.550624,40.0435,38.790777
2021-02-08,MSFT,202.84339,202.09095,199.80232
2021-02-08,NKE,20.587942,20.609645,20.392712
2021-02-08,VZ,20.078338,20.347152,20.043052
2021-02-08,WMT,17.25559,17.203494,17.208962
2021-02-09,AAPL,46.998779,47.561306,46.47204
2021-02-09,AMGN,36.57798,37.329684,35.506848
2021-02-09,CRM,41.346748,41.879717,40.944112
2021-02-09,CSCO,24.044731,24.194151,23.797698
2021-02-09,IBM,33.474751,33.699017,33.28435
2021-02-09,INTC,39.950952,40.519617,39.347595
2021-02-09,MSFT,202.06112,206.06337,198.55031
2021-02-09,NKE,20.780639,21.199499,20.475795
2021-02-09,VZ,19.871656,19.761937,19.652055
2021-02-09,WMT,16.697863,17.014317,16.732725
2021-02-10,AAPL,46.190775,46.583472,45.821887
2021-02-10,AMGN,36.319989,36.432197,36.115096
2021-02-10,CRM,39.902321,39.78839,38.573017
2021-02-10,CSCO,24.213878,24.304622,23.843799
2021-02-10,IBM,34.134257,34.449699,33.574977
2021-02-10,INTC,40.505848,40.837453,40.875971
2021-02-10,MSFT,204.07483,206.63736,203.12041
2021-02-10,NKE,20.942046,21.343022,20.604118
2021-02-10,VZ,19.886021,20.096196,19.550268
2021-02-10,WMT,16.380736,16.495706,16.189974
2021-02-11,AAPL,44.506419,45.006173,44.414863
2021-02-11,AMGN,36.683205,36.934192,36.41318
2021-02-11,CRM,41.869432,42.941652,41.689608
2021-02-11,CSCO,23.567734,23.972886,23.152302
2021-02-11,IBM,33.951231,34.342427,33.575704
2021-02-11,INTC,39.983946,39.673859,39.404769
2021-02-11,MSFT,210.10675,210.52332,211.07072
2021-02-11,NKE,21.25235,21.483357,20.930944
2021-02-11,VZ,19.655098,19.888381,19.51694
2021-02-11,WMT,16.342256,16.527554,16.101803
2021-02-12,AAPL,43.554221,43.315679,43.794915
2021-02-12,AMGN,37.488017,37.517485,37.095385
2021-02-12,CRM,43.464579,43.803876,42.085798
2021-02-12,CSCO,23.436245,23.466097,23.364594
2021-02-12,IBM,34.145221,34.571203,33.704768
2021-02-12,INTC,39.576427,39.186553,39.44267
2021-02-12,MSFT,210.41471,212.7814,208.02741
2021-02-12,NKE,21.653104,21.654975,21.469142
2021-02-12,VZ,19.467727,19.437684,19.380137
2021-02-12,WMT,16.455713,16.450286,16.360357
2021-02-16,AAPL,44.712111,45.153736,43.876666
2021-02-16,AMGN,37.263134,38.071367,36.584821
2021-02-16,CRM,43.299342,43.113787,41.832866
2021-02-16,CSCO,23.422975,23.459252,23.389107
2021-02-16,IBM,33.394171,33.352977,32.887732
2021-02-16,INTC,40.303555,41.117322,39.511382
2021-02-16,MSFT,201.26236,204.01752,197.23371
2021-02-16,NKE,21.205072,21.180538,20.559164
2021-02-16,VZ,19.396556,19.819094,19.108137
2021-02-16,WMT,16.288829,16.457599,16.015797
2021-02-17,AAPL,44.580068,44.682428,44.069363
2021-02-17,AMGN,37.08745,37.879515,37.562504
2021-02-17,CRM,43.854196,44.120988,43.443323
2021-02-17,CSCO,23.425793,23.739539,23.44216
2021-02-17,IBM,34.39047,34.367499,34.304574
2021-02-17,INTC,40.471757,40.130001,39.182008
2021-02-17,MSFT,200.67663,202.3774,197.63759
2021-02-17,NKE,21.46067,21.784972,21.292896
2021-02-17,VZ,18.787287,19.153429,18.497667
2021-02-17,WMT,16.13382,16.473512,15.918664
2021-02-18,AAPL,45.080097,45.622142,45.348237
2021-02-18,AMGN,36.403264,36.763243,35.525171
2021-02-18,CRM,45.180275,45.066525,44.374894
2021-02-18,CSCO,24.386163,24.735318,24.020715
2021-02-18,IBM,33.901349,34.20188,33.626019
2021-02-18,INTC,39.558648,39.729816,39.922266
2021-02-18,MSFT,204.6404,205.11976,203.37074
2021-02-18,NKE,22.102651,22.392396,21.870978
2021-02-18,VZ,19.188163,19.363845,19.185151
2021-02-18,WMT,16.223188,16.307019,16.158505
2021-02-19,AAPL,44.849136,44.652157,44.750275
2021-02-19,AMGN,35.609273,36.436309,34.98117
2021-02-19,CRM,46.490546,46.527694,46.96679
2021-02-19,CSCO,24.451756,24.535733,24.354437
2021-02-19,IBM,34.176861,34.564709,33.688477
2021-02-19,INTC,38.909162,39.147326,38.708885
2021-02-19,MSFT,211.94277,217.18429,208.32197
2021-02-19,NKE,21.518591,21.945922,21.571416
2021-02-19,VZ,19.294501,19.301095,19.113371
2021-02-19,WMT,16.249727,16.47341,16.296363
2021-02-22,AAPL,43.164372,43.257209,42.444866
2021-02-22,AMGN,35.045793,35.846754,34.939448
2021-02-22,CRM,49.379211,49.775428,48.863942
2021-02-22,CSCO,24.300789,24.242124,23.984327
2021-02-22,IBM,34.049858,33.501615,33.394482
2021-02-22,INTC,38.362696,39.355055,37.414582
2021-02-22,MSFT,210.90816,214.97252,208.51551
2021-02-22,NKE,21.516845,21.931587,21.067605
2021-02-22,VZ,19.1088,19.197264,18.781295
2021-02-22,WMT,16.113603,16.492159,16.042068
2021-02-23,AAPL,42.198814,42.545224,41.325974
2021-02-23,AMGN,35.265961,36.103589,33.940231
2021-02-23,CRM,48.41297,49.266634,46.116426
2021-02-23,CSCO,24.389635,24.940028,23.886785
2021-02-23,IBM,33.533711,33.645346,32.933198
2021-02-23,INTC,38.031935,38.3134,37.915122
2021-02-23,MSFT,209.44997,210.19695,207.47768
2021-02-23,NKE,21.460866,21.557052,21.293331
2021-02-23,VZ,19.460192,19.27849,19.032466
2021-02-23,WMT,16.05589,16.134158,15.825029
2021-02-24,AAPL,41.769574,43.443557,41.657096
2021-02-24,AMGN,35.882414,36.535172,35.561515
2021-02-24,CRM,50.193575,51.537956,50.166107
2021-02-24,CSCO,24.668057,24.309803,24.488801
2021-02-24,IBM,32.932327,32.840938,33.284094
2021-02-24,INTC,38.355144,37.599383,37.355941
2021-02-24,MSFT,208.19655,206.94221,206.65265
2021-02-24,NKE,21.857252,22.063518,21.887044
2021-02-24,VZ,19.770057,19.895952,19.810167
2021-02-24,WMT,15.669942,16.060181,15.61195
2021-02-25,AAPL,42.109098,42.68639,41.644478
2021-02-25,AMGN,34.430106,34.801245,34.144642
2021-02-25,CRM,50.764257,51.699727,50.089392
2021-02-25,CSCO,25.239091,25.300674,25.193018
2021-02-25,IBM,33.045542,32.596806,32.504805
2021-02-25,INTC,39.734829,40.570555,38.650748
2021-02-25,MSFT,209.62599,213.39553,208.37778
2021-02-25,NKE,21.928291,22.080144,21.327606
2021-02-25,VZ,19.309667,19.607817,19.169703
2021-02-25,WMT,15.672018,15.700327,15.520893
2021-02-26,AAPL,42.603716,42.413608,41.427539
2021-02-26,AMGN,33.565801,33.856023,33.469228
2021-02-26,CRM,51.767681,51.387486,51.766243
2021-02-26,CSCO,24.123608,24.41274,24.145665
2021-02-26,IBM,33.118233,33.392774,32.757193
2021-02-26,INTC,39.571442,39.975581,38.832959
2021-02-26,MSFT,208.40197,207.11505,203.3001
2021-02-26,NKE,22.058545,22.141724,22.002379
2021-02-26,VZ,19.127851,19.426915,19.035047
2021-02-26,WMT,15.59674,15.724604,15.55721
2021-03-01,AAPL,42.08043,42.727186,41.556542
2021-03-01,AMGN,34.298376,34.605796,33.891895
2021-03-01,CRM,51.712254,51.643948,50.707313
2021-03-01,CSCO,23.919482,23.908131,23.942944
2021-03-01,IBM,33.418511,33.967147,33.030656
2021-03-01,INTC,39.143532,39.186523,39.237716
2021-03-01,MSFT,205.47687,208.01163,206.49783
2021-03-01,NKE,21.364759,21.945562,20.972182
2021-03-01,VZ,18.991489,19.01941,18.662427
2021-03-01,WMT,15.610101,15.730828,15.432702
2021-03-02,AAPL,42.113331,42.766301,40.851622
2021-03-02,AMGN,31.889212,32.486825,31.813986
2021-03-02,CRM,53.189153,53.948609,52.313263
2021-03-02,CSCO,24.369007,24.813152,23.839801
2021-03-02,IBM,33.452328,33.728533,33.084846
2021-03-02,INTC,37.78229,37.717608,37.583915
2021-03-02,MSFT,204.57132,209.8081,201.584
2021-03-02,NKE,21.413503,21.740819,20.6802
2021-03-02,VZ,19.059683,19.303969,19.350938
2021-03-02,WMT,15.566878,15.701316,15.631301
2021-03-03,AAPL,41.77678,43.067568,40.868457
2021-03-03,AMGN,32.521469,32.94768,32.249912
2021-03-03,CRM,53.301903,53.504604,52.036236
2021-03-03,CSCO,24.148149,24.228458,24.163294
2021-03-03,IBM,33.564866,34.00884,33.435776
2021-03-03,INTC,37.065127,37.596797,36.957174
2021-03-03,MSFT,201.29266,204.06076,196.98885
2021-03-03,NKE,21.578512,21.95295,21.641923
2021-03-03,VZ,18.499536,18.468462,18.1897
2021-03-03,WMT,15.360581,15.662015,15.256287
2021-03-04,AAPL,42.145221,42.069139,41.938974
2021-03-04,AMGN,33.108559,33.673965,33.398057
2021-03-04,CRM,52.302805,51.750068,50.865165
2021-03-04,CSCO,23.833551,24.334972,23.731039
2021-03-04,IBM,32.257948,32.355572,32.00226
2021-03-04,INTC,37.112919,38.443627,36.006565
2021-03-04,MSFT,198.79852,199.30359,196.17455
2021-03-04,NKE,21.747567,21.848486,21.18785
2021-03-04,VZ,18.464695,18.370892,18.370325
2021-03-04,WMT,15.498905,15.725502,15.371733
2021-03-05,AAPL,42.569673,42.842428,41.859794
2021-03-05,AMGN,34.045934,35.060728,34.067615
2021-03-05,CRM,53.828365,54.294824,53.648359
2021-03-05,CSCO,23.802886,23.970115,23.389227
2021-03-05,IBM,31.898646,31.88933,32.002404
2021-03-05,INTC,37.441085,36.799834,37.376467
2021-03-05,MSFT,198.44078,198.30487,196.05485
2021-03-05,NKE,21.220684,21.374627,21.24753
2021-03-05,VZ,18.817315,18.763325,18.672713
2021-03-05,WMT,15.616453,16.01383,15.497007
2021-03-08,AAPL,42.806518,44.188883,42.675615
2021-03-08,AMGN,33.713382,34.200651,33.053615
2021-03-08,CRM,52.908426,53.000788,52.60477
2021-03-08,CSCO,23.5044,23.64668,22.86012
2021-03-08,IBM,31.550158,31.76191,31.743139
2021-03-08,INTC,38.404994,38.880393,38.165827
2021-03-08,MSFT,193.58933,193.69971,188.51814
2021-03-08,NKE,21.362276,21.586533,21.015558
2021-03-08,VZ,18.828914,18.941515,18.563783
2021-03-08,WMT,15.582566,15.567178,15.544586
2021-03-09,AAPL,44.070794,44.675436,43.317379
2021-03-09,AMGN,32.40028,32.029396,31.873648
2021-03-09,CRM,51.929821,53.963907,50.754161
2021-03-09,CSCO,23.429255,23.682456,23.34626
2021-03-09,IBM,31.258946,31.932004,30.710288
2021-03-09,INTC,38.131129,38.036578,38.173762
2021-03-09,MSFT,192.42961,193.10201,189.84413
2021-03-09,NKE,21.16149,21.403321,20.798707
2021-03-09,VZ,18.758513,19.161966,18.52434
2021-03-09,WMT,15.321436,15.403899,15.288377
2021-03-10,AAPL,44.186689,45.138104,43.867713
2021-03-10,AMGN,32.563448,33.473846,32.685766
2021-03-10,CRM,51.045098,50.84626,49.628559
2021-03-10,CSCO,23.418025,23.727398,23.459417
2021-03-10,IBM,30.721912,31.103095,30.791628
2021-03-10,INTC,37.019078,36.409351,36.221813
2021-03-10,MSFT,190.71348,189.68488,191.55099
2021-03-10,NKE,21.502491,21.987559,21.293607
2021-03-10,VZ,18.581211,18.684029,18.559294
2021-03-10,WMT,15.507742,15.500787,15.048566
2021-03-11,AAPL,43.829286,44.098711,43.151364
2021-03-11,AMGN,32.857736,33.645685,33.343908
2021-03-11,CRM,50.446843,50.961384,48.751926
2021-03-11,CSCO,24.455366,24.466823,24.393967
2021-03-11,IBM,30.856467,31.253331,30.982084
2021-03-11,INTC,36.34405,36.927947,35.858861
2021-03-11,MSFT,194.52229,196.61207,191.13185
2021-03-11,NKE,21.574071,21.884625,21.610668
2021-03-11,VZ,18.422014,18.50895,18.238074
2021-03-11,WMT,15.486202,15.607697,15.558999
2021-03-12,AAPL,42.875905,43.86846,43.5612
2021-03-12,AMGN,31.701132,32.588397,31.683488
2021-03-12,CRM,48.499057,47.724773,47.700248
2021-03-12,CSCO,24.131696,24.546407,23.774485
2021-03-12,IBM,30.025685,30.453105,29.780813
2021-03-12,INTC,35.65489,35.631289,34.701029
2021-03-12,MSFT,191.97289,194.04599,190.58414
2021-03-12,NKE,22.018045,22.239994,21.86434
2021-03-12,VZ,18.483961,18.609335,18.424223
2021-03-12,WMT,15.513562,15.68077,15.373717
2021-03-15,AAPL,43.089405,42.452975,42.900928
2021-03-15,AMGN,31.130862,31.072561,31.062489
2021-03-15,CRM,49.102753,50.367198,47.864292
2021-03-15,CSCO,24.346441,24.972373,24.07154
2021-03-15,IBM,29.763163,30.463934,29.631467
2021-03-15,INTC,35.499659,35.041409,34.402705
2021-03-15,MSFT,189.51989,199.17775,189.2975
2021-03-15,NKE,22.520527,22.823404,22.440234
2021-03-15,VZ,18.465051,18.761445,18.289501
2021-03-15,WMT,15.476634,15.547844,15.44926
2021-03-16,AAPL,43.071834,43.664973,42.775092
2021-03-16,AMGN,30.679888,31.013169,29.841873
2021-03-16,CRM,48.175815,47.952611,48.261128
2021-03-16,CSCO,24.527458,24.68041,24.576342
2021-03-16,IBM,29.650374,30.310938,29.592507
2021-03-16,INTC,35.721229,36.024573,35.416111
2021-03-16,MSFT,190.09601,193.52352,189.81544
2021-03-16,NKE,22.807105,23.026533,22.453499
2021-03-16,VZ,18.545497,18.881299,18.43764
2021-03-16,WMT,15.51043,15.404568,15.499835
2021-03-17,AAPL,43.685202,44.813093,42.413359
2021-03-17,AMGN,30.522475,30.472565,30.156918
2021-03-17,CRM,46.839044,47.472085,45.704882
2021-03-17,CSCO,25.236449,25.141398,24.968088
2021-03-17,IBM,29.376952,29.519995,29.476227
2021-03-17,INTC,35.338207,35.106493,35.098046
2021-03-17,MSFT,191.35679,194.26813,191.20607
2021-03-17,NKE,21.936826,21.881733,21.557937
2021-03-17,VZ,18.25231,18.427489,18.182997
2021-03-17,WMT,15.445833,15.64428,15.165426
2021-03-18,AAPL,43.220134,43.848202,42.6463
2021-03-18,AMGN,30.72937,31.333388,29.792405
2021-03-18,CRM,47.537628,48.373664,47.908041
2021-03-18,CSCO,25.167928,25.426597,24.893916
2021-03-18,IBM,29.638329,29.728131,29.510658
2021-03-18,INTC,36.265328,36.391496,36.461825
2021-03-18,MSFT,190.26424,194.08742,189.37845
2021-03-18,NKE,22.499433,22.671618,22.282886
2021-03-18,VZ,18.044354,17.905775,17.792559
2021-03-18,WMT,14.970707,15.127386,14.819787
2021-03-19,AAPL,42.431182,43.553893,42.189214
2021-03-19,AMGN,29.69404,30.308565,29.33687
2021-03-19,CRM,48.914708,49.117606,48.224998
2021-03-19,CSCO,25.116686,25.246647,24.872596
2021-03-19,IBM,29.068082,29.129239,29.07311
2021-03-19,INTC,35.196164,35.329378,34.214706
2021-03-19,MSFT,186.91332,190.83323,186.00439
2021-03-19,NKE,22.301689,22.431964,21.813947
2021-03-19,VZ,17.926244,17.960348,17.620872
2021-03-19,WMT,15.039615,15.287083,15.188727
2021-03-22,AAPL,42.466295,42.85952,42.155171
2021-03-22,AMGN,29.859934,30.405013,29.636337
2021-03-22,CRM,45.795936,46.434139,44.417768
2021-03-22,CSCO,25.3223,25.337653,25.13814
2021-03-22,IBM,29.230941,29.804196,29.426361
2021-03-22,INTC,34.899501,34.859782,34.472233
2021-03-22,MSFT,186.20025,188.50692,186.63768
2021-03-22,NKE,22.415768,22.445192,22.161898
2021-03-22,VZ,18.215198,18.436828,18.367647
2021-03-22,WMT,15.105315,15.26696,15.06722
2021-03-23,AAPL,41.574702,42.510838,40.464632
2021-03-23,AMGN,29.586095,30.140413,29.773227
2021-03-23,CRM,44.45308,45.238732,43.402708
2021-03-23,CSCO,24.682559,24.577991,24.335445
2021-03-23,IBM,29.208972,29.445381,29.324769
2021-03-23,INTC,35.271182,35.369701,34.579514
2021-03-23,MSFT,185.32432,185.54253,182.40695
2021-03-23,NKE,22.769698,23.354083,22.881285
2021-03-23,VZ,18.263428,18.345829,18.337752
2021-03-23,WMT,14.970524,15.03864,15.138415
2021-03-24,AAPL,42.277976,42.857381,42.061955
2021-03-24,AMGN,29.611298,30.088317,29.51468
2021-03-24,CRM,44.26037,45.048114,43.760575
2021-03-24,CSCO,24.480896,24.822472,24.333331
2021-03-24,IBM,29.303557,29.530892,29.485483
2021-03-24,INTC,35.68131,35.531904,35.12394
2021-03-24,MSFT,189.27892,193.72433,186.03425
2021-03-24,NKE,22.738525,22.913787,22.102501
2021-03-24,VZ,18.235638,18.389158,17.837872
2021-03-24,WMT,14.747362,14.742417,14.892928
2021-03-25,AAPL,41.605603,41.730673,40.432918
2021-03-25,AMGN,28.748644,29.358765,28.093847
2021-03-25,CRM,42.866771,42.934767,42.755223
2021-03-25,CSCO,24.984664,25.09091,24.958382
2021-03-25,IBM,29.256101,29.306016,29.376023
2021-03-25,INTC,36.124856,36.110173,35.547352
2021-03-25,MSFT,187.53124,192.9525,187.38564
2021-03-25,NKE,21.977821,22.430982,21.529874
2021-03-25,VZ,18.202393,18.406747,18.229467
2021-03-25,WMT,15.015706,15.370663,14.853342
2021-03-26,AAPL,41.719902,41.632581,41.516495
2021-03-26,AMGN,28.298709,28.917386,28.228873
2021-03-26,CRM,40.699208,41.484954,39.94606
2021-03-26,CSCO,24.731125,25.143322,24.146277
2021-03-26,IBM,29.358736,29.187615,29.467466
2021-03-26,INTC,35.968445,36.365008,35.138201
2021-03-26,MSFT,189.95443,189.46791,188.51494
2021-03-26,NKE,22.041307,22.385197,21.87522
2021-03-26,VZ,17.954491,18.477357,17.796264
2021-03-26,WMT,14.970611,15.138161,14.885017
2021-03-29,AAPL,41.258973,41.041044,40.647565
2021-03-29,AMGN,28.558892,28.843511,28.210746
2021-03-29,CRM,40.208347,40.108287,39.929152
2021-03-29,CSCO,25.426726,25.207396,24.769441
2021-03-29,IBM,28.678739,28.741292,28.096361
2021-03-29,INTC,35.422108,35.452967,35.183529
2021-03-29,MSFT,193.63203,200.62273,192.16304
2021-03-29,NKE,21.628568,21.638832,22.025852
2021-03-29,VZ,17.954979,18.263788,17.959812
2021-03-29,WMT,14.861301,14.795629,14.95448
2021-03-30,AAPL,40.968501,41.003499,39.825781
2021-03-30,AMGN,29.049812,29.324487,29.112063
2021-03-30,CRM,38.806908,40.438216,38.235256
2021-03-30,CSCO,25.777464,25.70429,25.371068
2021-03-30,IBM,28.336531,28.489195,27.853286
2021-03-30,INTC,35.152035,35.736489,34.210897
2021-03-30,MSFT,187.99602,191.97339,184.40024
2021-03-30,NKE,20.921981,21.167749,21.071664
2021-03-30,VZ,18.254752,18.512441,18.39493
2021-03-30,WMT,15.066894,15.331675,14.955579
2021-03-31,AAPL,40.330785,40.840163,39.635791
2021-03-31,AMGN,28.429612,28.604528,28.84582
2021-03-31,CRM,39.448405,39.459752,38.307766
2021-03-31,CSCO,25.311065,25.26621,24.882341
2021-03-31,IBM,28.175314,28.531091,28.292532
2021-03-31,INTC,34.796263,35.332957,33.625421
2021-03-31,MSFT,184.98381,186.94536,181.2556
2021-03-31,NKE,20.15374,20.152228,19.900476
2021-03-31,VZ,18.588741,18.867627,18.36443
2021-03-31,WMT,15.329615,15.553349,14.957946
2021-04-01,AAPL,39.897156,39.986942,38.947903
2021-04-01,AMGN,29.145064,29.566195,28.926396
2021-04-01,CRM,39.868687,39.500672,40.152686
2021-04-01,CSCO,25.373076,25.673148,24.975515
2021-04-01,IBM,27.048887,27.566954,27.128776
2021-04-01,INTC,35.318191,36.364768,35.505855
2021-04-01,MSFT,187.96121,190.1289,184.3438
2021-04-01,NKE,20.360647,20.502691,20.466853
2021-04-01,VZ,18.033359,18.117549,18.026093
2021-04-01,WMT,14.990064,15.086842,14.876364
2021-04-05,AAPL,38.725149,38.228187,38.257037
2021-04-05,AMGN,29.123367,29.38878,28.43185
2021-04-05,CRM,40.994004,42.428241,40.528548
2021-04-05,CSCO,24.63375,24.89403,24.451423
2021-04-05,IBM,27.281379,27.483187,26.81057
2021-04-05,INTC,35.204925,35.647288,34.653914
2021-04-05,MSFT,187.64538,190.58968,184.3992
2021-04-05,NKE,20.318693,21.025082,20.238458
2021-04-05,VZ,17.912021,18.234538,18.105283
2021-04-05,WMT,14.949681,14.80392,14.700973
2021-04-06,AAPL,40.586296,41.146379,40.202443
2021-04-06,AMGN,28.405103,28.960733,28.22251
2021-04-06,CRM,42.62369,43.818789,42.951515
2021-04-06,CSCO,24.303252,24.529803,24.12377
2021-04-06,IBM,26.486163,26.316065,26.532435
2021-04-06,INTC,35.795532,35.979652,35.36178
2021-04-06,MSFT,182.22676,185.5873,180.20599
2021-04-06,NKE,19.605325,20.063018,19.395837
2021-04-06,VZ,18.088014,18.415979,17.796181
2021-04-06,WMT,15.251505,15.244205,15.184093
2021-04-07,AAPL,41.329168,42.303743,41.292611
2021-04-07,AMGN,28.94403,29.140468,28.857335
2021-04-07,CRM,42.001326,43.310212,41.695396
2021-04-07,CSCO,24.654434,24.644835,24.501473
2021-04-07,IBM,26.137964,26.353858,26.147596
2021-04-07,INTC,35.62667,35.459418,35.663224
2021-04-07,MSFT,184.15021,185.29472,178.71262
2021-04-07,NKE,19.933094,20.13895,19.81358
2021-04-07,VZ,17.893175,18.094442,17.916732
2021-04-07,WMT,15.083217,15.360667,14.869973
2021-04-08,AAPL,42.452379,43.317772,42.160751
2021-04-08,AMGN,29.018191,29.638688,28.618789
2021-04-08,CRM,40.492128,41.99242,40.0692
2021-04-08,CSCO,24.104253,24.147989,23.75943
2021-04-08,IBM,25.772059,25.633606,25.618392
2021-04-08,INTC,36.231057,36.479132,35.510035
2021-04-08,MSFT,186.41003,188.05386,180.09663
2021-04-08,NKE,19.33339,19.11988,19.252084
2021-04-08,VZ,17.879607,18.121858,17.37981
2021-04-08,WMT,15.054007,15.157953,14.960139
2021-04-09,AAPL,42.005598,42.896199,40.901328
2021-04-09,AMGN,29.411226,30.168184,29.057199
2021-04-09,CRM,40.977304,41.389466,41.856504
2021-04-09,CSCO,23.845957,23.876803,23.367856
2021-04-09,IBM,24.947918,24.987196,24.954607
2021-04-09,INTC,35.120338,35.003747,34.339025
2021-04-09,MSFT,183.33455,182.86414,178.62727
2021-04-09,NKE,19.527721,19.690843,19.288412
2021-04-09,VZ,17.59977,17.719857,17.317272
2021-04-09,WMT,15.248548,15.410555,15.030302
2021-04-12,AAPL,41.038878,40.856782,41.228789
2021-04-12,AMGN,29.440085,30.26174,29.115673
2021-04-12,CRM,40.585043,41.096804,40.805075
2021-04-12,CSCO,23.999521,23.730845,24.095114
2021-04-12,IBM,25.025893,25.241399,24.774293
2021-04-12,INTC,35.41016,36.257937,34.970024
2021-04-12,MSFT,184.50839,185.09918,181.26728
2021-04-12,NKE,19.510981,19.352473,19.056322
2021-04-12,VZ,17.345891,17.390506,17.193287
2021-04-12,WMT,15.435409,15.495503,15.42179
2021-04-13,AAPL,39.845871,39.771192,38.745482
2021-04-13,AMGN,29.293976,29.26651,29.306275
2021-04-13,CRM,40.43481,40.133687,39.179452
2021-04-13,CSCO,23.560683,23.738182,23.060306
2021-04-13,IBM,24.980174,25.224386,25.087169
2021-04-13,INTC,35.530415,36.014734,35.131421
2021-04-13,MSFT,185.99528,189.76301,185.21456
2021-04-13,NKE,19.289827,19.523724,19.142383
2021-04-13,VZ,17.020196,17.053948,16.745091
2021-04-13,WMT,15.3512,15.520871,15.290329
2021-04-14,AAPL,40.338088,41.426051,39.053557
2021-04-14,AMGN,29.322626,30.09059,29.071422
2021-04-14,CRM,42.046433,41.776639,41.64271
2021-04-14,CSCO,23.989005,24.182962,23.692642
2021-04-14,IBM,24.984884,25.602346,24.906176
2021-04-14,INTC,35.993587,35.997556,35.701066
2021-04-14,MSFT,184.68112,186.47021,183.80975
2021-04-14,NKE,19.248134,19.199393,18.602342
2021-04-14,VZ,16.888951,17.146408,16.698993
2021-04-14,WMT,15.40365,15.711861,15.430427
2021-04-15,AAPL,40.512605,41.24615,39.636789
2021-04-15,AMGN,29.082768,29.397209,28.74569
2021-04-15,CRM,42.025449,42.740241,41.671643
2021-04-15,CSCO,22.953107,23.024785,22.752887
2021-04-15,IBM,25.164106,25.964031,25.048912
2021-04-15,INTC,36.27216,36.447389,35.891034
2021-04-15,MSFT,184.99248,183.68571,181.22995
2021-04-15,NKE,19.083786,19.188832,18.692576
2021-04-15,VZ,16.871483,17.024512,16.768818
2021-04-15,WMT,15.323751,15.311221,15.33181
2021-04-16,AAPL,40.717686,40.558487,40.999855
2021-04-16,AMGN,28.937883,29.504453,28.697733
2021-04-16,CRM,41.934817,42.922998,41.099251
2021-04-16,CSCO,23.121883,23.148327,23.078552
2021-04-16,IBM,25.44233,25.4799,25.329832
2021-04-16,INTC,34.954562,35.524724,34.729047
2021-04-16,MSFT,188.05673,187.91105,187.52535
2021-04-16,NKE,18.524695,18.71478,18.243013
2021-04-16,VZ,16.815908,16.689662,16.717552
2021-04-16,WMT,15.3755,15.514733,15.319261
2021-04-19,AAPL,40.65992,41.715794,40.03533
2021-04-19,AMGN,29.257036,29.849483,28.885227
2021-04-19,CRM,42.297581,44.623466,41.912273
2021-04-19,CSCO,23.630178,23.523831,23.274141
2021-04-19,IBM,25.223992,25.376816,24.938993
2021-04-19,INTC,34.534481,33.954313,33.85027
2021-04-19,MSFT,186.3258,190.46598,185.29745
2021-04-19,NKE,18.287706,18.615306,18.266604
2021-04-19,VZ,16.787293,17.115812,16.792058
2021-04-19,WMT,15.145854,15.081057,15.118233
2021-04-20,AAPL,40.712013,41.24589,39.44597
2021-04-20,AMGN,29.302557,30.174646,29.441311
2021-04-20,CRM,41.830443,42.033561,41.123643
2021-04-20,CSCO,23.897407,24.33288,23.534757
2021-04-20,IBM,25.033179,25.258061,24.793686
2021-04-20,INTC,34.267658,34.263684,34.204688
2021-04-20,MSFT,184.87294,185.86842,182.74776
2021-04-20,NKE,18.104754,18.342701,18.291734
2021-04-20,VZ,16.828419,16.797333,16.793955
2021-04-20,WMT,14.871371,15.072787,14.708457
2021-04-21,AAPL,40.63743,41.331224,40.552937
2021-04-21,AMGN,28.962536,29.3492,28.35027
2021-04-21,CRM,41.22739,41.702738,41.599987
2021-04-21,CSCO,22.939322,23.049843,22.578497
2021-04-21,IBM,25.523427,25.814835,25.245792
2021-04-21,INTC,34.772852,35.632107,34.025493
2021-04-21,MSFT,185.22826,184.76065,185.57678
2021-04-21,NKE,18.147882,18.194784,18.03601
2021-04-21,VZ,16.27515,16.273621,16.097418
2021-04-21,WMT,14.647837,14.836171,14.640638
2021-04-22,AAPL,39.269649,39.524589,38.617979
2021-04-22,AMGN,29.61826,30.164562,29.068603
2021-04-22,CRM,41.888476,41.795437,41.551175
2021-04-22,CSCO,22.475272,22.813378,22.467113
2021-04-22,IBM,25.902969,25.868502,26.115532
2021-04-22,INTC,34.758496,34.672771,34.361732
2021-04-22,MSFT,189.79553,189.84524,188.17643
2021-04-22,NKE,17.527522,17.608197,17.172557
2021-04-22,VZ,16.226476,16.450932,15.973275
2021-04-22,WMT,14.595043,14.69211,14.461343
2021-04-23,AAPL,37.919861,38.866302,37.480365
2021-04-23,AMGN,30.375441,31.006251,29.800815
2021-04-23,CRM,41.460527,41.250657,40.84894
2021-04-23,CSCO,22.641659,23.145238,22.371214
2021-04-23,IBM,26.324631,26.480816,26.370457
2021-04-23,INTC,34.308012,34.807045,33.731938
2021-04-23,MSFT,190.10463,192.39585,188.86498
2021-04-23,NKE,17.47519,17.912232,17.116415
2021-04-23,VZ,15.973813,16.195893,15.661218
2021-04-23,WMT,14.605899,14.397906,14.455858
2021-04-26,AAPL,38.6698,39.294677,38.468112
2021-04-26,AMGN,30.339052,30.560701,30.142018
2021-04-26,CRM,40.922416,40.916745,40.187568
2021-04-26,CSCO,23.401977,23.484611,23.007104
2021-04-26,IBM,25.540342,25.925219,25.382233
2021-04-26,INTC,34.492013,34.098375,34.230141
2021-04-26,MSFT,191.08815,192.89573,187.58359
2021-04-26,NKE,16.789638,17.031547,17.023241
2021-04-26,VZ,16.044462,16.378443,15.958356
2021-04-26,WMT,14.693051,14.77825,14.53725
2021-04-27,AAPL,38.273229,39.085386,38.045135
2021-04-27,AMGN,29.89924,29.884179,29.422713
2021-04-27,CRM,40.776252,41.134243,40.081159
2021-04-27,CSCO,24.208818,24.402575,24.129905
2021-04-27,IBM,25.460083,25.756207,25.110075
2021-04-27,INTC,35.116231,35.176701,35.182151
2021-04-27,MSFT,194.03901,193.11297,188.94762
2021-04-27,NKE,16.70511,17.094892,16.802223
2021-04-27,VZ,15.915632,16.140697,15.871337
2021-04-27,WMT,14.449703,14.575817,14.449703
2021-04-28,AAPL,37.661381,38.215414,36.414012
2021-04-28,AMGN,28.868223,29.384027,28.859217
2021-04-28,CRM,41.264549,41.264458,40.254767
2021-04-28,CSCO,23.506845,23.398126,23.432868
2021-04-28,IBM,25.937749,26.486088,26.040994
2021-04-28,INTC,35.815911,36.450594,35.53818
2021-04-28,MSFT,194.04688,192.83231,193.79127
2021-04-28,NKE,16.509224,16.690069,16.892009
2021-04-28,VZ,15.572984,15.558498,15.496886
2021-04-28,WMT,14.314677,14.18693,14.185992
2021-04-29,AAPL,37.881308,38.662501,37.050951
2021-04-29,AMGN,28.34611,28.653927,27.825107
2021-04-29,CRM,38.511721,38.880269,39.199226
2021-04-29,CSCO,23.870751,24.305285,23.656814
2021-04-29,IBM,25.660475,25.843475,25.036402
2021-04-29,INTC,35.375392,35.806883,34.832157
2021-04-29,MSFT,196.98624,198.19235,196.632
2021-04-29,NKE,16.414959,16.607091,16.43729
2021-04-29,VZ,16.07495,16.50991,15.990393
2021-04-29,WMT,14.185064,14.387492,14.044156
2021-04-30,AAPL,37.857634,38.098803,37.006059
2021-04-30,AMGN,27.981495,28.592534,27.632044
2021-04-30,CRM,38.461895,38.726299,37.343977
2021-04-30,CSCO,23.666691,23.870922,23.683887
2021-04-30,IBM,25.700191,25.725384,25.440795
2021-04-30,INTC,34.6699,35.429512,34.044805
2021-04-30,MSFT,199.46553,203.38486,197.55246
2021-04-30,NKE,16.427278,16.787087,16.259206
2021-04-30,VZ,15.46992,15.783314,15.377652
2021-04-30,WMT,14.293124,14.401456,13.987283
2021-05-03,AAPL,37.947603,38.842641,37.179708
2021-05-03,AMGN,28.395209,28.260875,28.391926
2021-05-03,CRM,38.174955,39.97688,37.817938
2021-05-03,CSCO,23.727398,24.260337,23.604939
2021-05-03,IBM,25.679972,26.058684,25.481611
2021-05-03,INTC,34.402725,34.680322,34.444462
2021-05-03,MSFT,203.57001,199.58862,197.90211
2021-05-03,NKE,16.839356,17.302182,16.559021
2021-05-03,VZ,15.322432,15.519167,15.267496
2021-05-03,WMT,14.392101,14.712125,14.001281
2021-05-04,AAPL,38.032589,37.791339,37.966835
2021-05-04,AMGN,28.6247,28.880901,28.582022
2021-05-04,CRM,40.414246,40.238971,39.975611
2021-05-04,CSCO,23.112298,23.033995,22.740962
2021-05-04,IBM,25.693593,25.849505,25.259475
2021-05-04,INTC,33.445744,33.464073,32.736408
2021-05-04,MSFT,204.28193,202.02598,205.12009
2021-05-04,NKE,16.137456,16.215205,15.79139
2021-05-04,VZ,14.752736,14.830195,14.662582
2021-05-04,WMT,14.396138,14.669585,14.201452
2021-05-05,AAPL,38.953946,39.197896,38.273771
2021-05-05,AMGN,28.301929,28.692,27.972213
2021-05-05,CRM,40.243791,41.491182,40.435895
2021-05-05,CSCO,22.278486,22.364901,22.246271
2021-05-05,IBM,25.710123,25.980532,25.476272
2021-05-05,INTC,33.395686,33.543627,33.263722
2021-05-05,MSFT,203.48308,209.13544,198.0731
2021-05-05,NKE,15.9058,15.864042,15.54315
2021-05-05,VZ,14.935996,14.960263,14.449698
2021-05-05,WMT,14.553296,14.7361,14.313492
2021-05-06,AAPL,38.901077,39.950676,37.689075
2021-05-06,AMGN,28.132341,28.625276,27.74781
2021-05-06,CRM,40.334519,40.761679,40.325886
2021-05-06,CSCO,22.108194,21.847515,21.930111
2021-05-06,IBM,25.739465,25.347585,25.653878
2021-05-06,INTC,32.539794,33.432021,31.630001
2021-05-06,MSFT,198.18359,197.37765,201.26622
2021-05-06,NKE,16.138462,16.22415,16.08239
2021-05-06,VZ,14.926581,14.796369,14.827709
2021-05-06,WMT,14.234288,14.343645,14.222742
2021-05-07,AAPL,39.766828,39.936497,39.670625
2021-05-07,AMGN,28.361452,28.970293,28.252565
2021-05-07,CRM,40.820277,40.539103,40.333844
2021-05-07,CSCO,22.742198,22.780796,22.737322
2021-05-07,IBM,25.478007,25.928277,24.967105
2021-05-07,INTC,33.16698,33.800756,33.008038
2021-05-07,MSFT,196.65398,198.93834,194.05879
2021-05-07,NKE,15.827786,15.922648,15.671111
2021-05-07,VZ,14.964284,15.078762,14.826067
2021-05-07,WMT,14.186998,14.342475,14.147981
2021-05-10,AAPL,40.249147,41.216698,39.546971
2021-05-10,AMGN,28.256565,28.376812,27.522409
2021-05-10,CRM,40.726076,40.382895,40.493175
2021-05-10,CSCO,23.149423,23.25898,22.844346
2021-05-10,IBM,25.185109,25.430949,25.012323
2021-05-10,INTC,33.05024,33.577575,32.531938
2021-05-10,MSFT,190.95836,194.08099,190.02286
2021-05-10,NKE,15.246552,15.135033,15.206054
2021-05-10,VZ,15.11139,15.120151,15.160965
2021-05-10,WMT,14.11373,14.29518,13.99104
2021-05-11,AAPL,38.79259,39.327586,38.391871
2021-05-11,AMGN,27.86592,27.65619,27.893053
2021-05-11,CRM,41.066531,41.909064,39.546803
2021-05-11,CSCO,23.033186,23.146122,22.755558
2021-05-11,IBM,24.790417,25.033699,24.648971
2021-05-11,INTC,34.085388,34.388136,34.689604
2021-05-11,MSFT,194.39854,196.50717,192.7189
2021-05-11,NKE,15.30547,15.579518,15.203799
2021-05-11,VZ,14.890245,15.082221,14.795034
2021-05-11,WMT,13.784645,13.746701,13.670552
2021-05-12,AAPL,40.055442,40.983311,39.502528
2021-05-12,AMGN,26.929213,27.475007,26.331411
2021-05-12,CRM,40.882269,41.84766,40.466977
2021-05-12,CSCO,23.278644,23.41381,22.735483
2021-05-12,IBM,24.760656,25.037248,24.575627
2021-05-12,INTC,33.616061,33.848419,33.141597
2021-05-12,MSFT,189.78812,193.3791,185.94256
2021-05-12,NKE,14.794728,14.813597,14.66441
2021-05-12,VZ,14.562653,14.748826,14.490959
2021-05-12,WMT,13.848757,13.916723,13.976297
2021-05-13,AAPL,40.601399,41.00234,40.348288
2021-05-13,AMGN,26.745028,26.995319,26.740993
2021-05-13,CRM,41.055535,41.71263,40.271547
2021-05-13,CSCO,23.299019,23.773312,23.005672
2021-05-13,IBM,24.499464,24.35169,24.651634
2021-05-13,INTC,34.29332,34.284007,33.711483
2021-05-13,MSFT,186.48244,184.3293,184.60058
2021-05-13,NKE,14.852018,14.910074,14.567239
2021-05-13,VZ,14.473638,14.544645,14.150406
2021-05-13,WMT,13.560548,13.928505,13.40168
2021-05-14,AAPL,41.585185,42.608627,41.754617
2021-05-14,AMGN,27.037662,27.217555,27.089732
2021-05-14,CRM,40.859861,41.363388,40.326371
2021-05-14,CSCO,23.071253,23.340032,22.655364
2021-05-14,IBM,24.85675,24.953486,24.531374
2021-05-14,INTC,34.533081,35.273158,33.746631
2021-05-14,MSFT,188.77433,189.24448,189.61167
2021-05-14,NKE,14.530456,14.764365,14.365939
2021-05-14,VZ,14.501935,14.720216,14.400423
2021-05-14,WMT,13.180977,13.249456,13.077932
2021-05-17,AAPL,41.305221,41.522107,40.795829
2021-05-17,AMGN,26.409673,26.544517,26.622094
2021-05-17,CRM,39.504589,40.489702,38.099831
2021-05-17,CSCO,22.645488,23.007849,22.425257
2021-05-17,IBM,24.733358,24.704984,24.3005
2021-05-17,INTC,34.221546,34.573826,34.402335
2021-05-17,MSFT,191.60623,193.18182,190.16559
2021-05-17,NKE,14.481385,14.860194,14.334353
2021-05-17,VZ,14.399111,14.520775,14.206212
2021-05-17,WMT,12.984031,12.961165,12.662592
2021-05-18,AAPL,41.885162,42.18677,41.434917
2021-05-18,AMGN,27.343195,27.562446,27.19605
2021-05-18,CRM,38.578785,38.346711,38.236329
2021-05-18,CSCO,22.673738,22.637909,22.137262
2021-05-18,IBM,24.499328,24.621802,24.659795
2021-05-18,INTC,33.393871,33.240697,32.983253
2021-05-18,MSFT,194.81021,199.3538,193.08756
2021-05-18,NKE,14.624148,14.76635,14.464526
2021-05-18,VZ,14.19704,14.082986,14.2101
2021-05-18,WMT,12.925694,12.944515,12.968416
2021-05-19,AAPL,41.289259,42.18437,41.534486
2021-05-19,AMGN,27.146152,27.302946,26.744662
2021-05-19,CRM,38.37446,38.825999,38.182411
2021-05-19,CSCO,22.830816,23.003515,22.62529
2021-05-19,IBM,24.575686,24.429015,24.514105
2021-05-19,INTC,33.496668,33.879012,32.941593
2021-05-19,MSFT,194.47525,194.57531,192.16811
2021-05-19,NKE,14.795397,14.923821,14.74647
2021-05-19,VZ,14.038798,14.114137,14.205304
2021-05-19,WMT,12.937678,13.074308,12.776419
2021-05-20,AAPL,40.098868,40.413842,39.728626
2021-05-20,AMGN,26.117743,26.632401,25.865727
2021-05-20,CRM,38.341017,38.800349,37.788284
2021-05-20,CSCO,23.541208,23.902697,23.25183
2021-05-20,IBM,24.42042,24.548755,24.441799
2021-05-20,INTC,33.720865,33.745113,33.224765
2021-05-20,MSFT,195.72023,200.48946,194.97937
2021-05-20,NKE,14.701843,14.621788,14.394247
2021-05-20,VZ,14.018222,14.167508,14.051394
2021-05-20,WMT,13.045522,13.104894,12.823537
2021-05-21,AAPL,40.083424,40.509311,40.436097
2021-05-21,AMGN,25.443416,25.929784,25.105635
2021-05-21,CRM,38.299264,39.124762,37.947846
2021-05-21,CSCO,24.474268,24.269833,24.067319
2021-05-21,IBM,24.848444,24.981027,24.638214
2021-05-21,INTC,32.876729,33.2327,33.202326
2021-05-21,MSFT,187.65949,188.91712,186.17309
2021-05-21,NKE,15.18956,15.284984,14.983744
2021-05-21,VZ,14.014888,13.883191,13.927416
2021-05-21,WMT,13.185049,13.392494,12.97309
2021-05-24,AAPL,39.588015,40.237125,38.78348
2021-05-24,AMGN,24.992524,25.161265,24.78886
2021-05-24,CRM,36.77789,36.801815,35.568157
2021-05-24,CSCO,24.55551,25.169178,24.066631
2021-05-24,IBM,24.992529,25.142953,24.833584
2021-05-24,INTC,32.822817,32.715681,32.058757
2021-05-24,MSFT,185.33888,186.39149,183.86706
2021-05-24,NKE,15.086174,15.185102,15.080292
2021-05-24,VZ,14.006584,14.272089,14.248279
2021-05-24,WMT,13.279134,13.335917,13.274276
2021-05-25,AAPL,38.063486,38.353429,37.197257
2021-05-25,AMGN,25.679376,25.816118,25.215211
2021-05-25,CRM,37.346774,37.602123,36.807135
2021-05-25,CSCO,23.752152,23.875027,23.281888
2021-05-25,IBM,24.873199,25.313593,24.842795
2021-05-25,INTC,32.561195,33.363665,32.463841
2021-05-25,MSFT,185.69871,188.95363,183.7207
2021-05-25,NKE,15.251177,15.751097,14.99807
2021-05-25,VZ,13.901737,13.907006,13.682267
2021-05-25,WMT,13.026074,13.25886,12.872094
2021-05-26,AAPL,37.604983,38.825514,37.034171
2021-05-26,AMGN,25.444472,25.274817,25.305352
2021-05-26,CRM,36.812667,38.70671,35.29119
2021-05-26,CSCO,23.928616,24.033161,23.715456
2021-05-26,IBM,25.082991,25.209315,25.138028
2021-05-26,INTC,32.89684,33.31666,32.826567
2021-05-26,MSFT,179.46057,183.36728,177.4407
2021-05-26,NKE,15.490573,15.786066,15.547652
2021-05-26,VZ,13.810948,13.8736,13.711552
2021-05-26,WMT,13.015723,12.902543,13.179602
2021-05-27,AAPL,37.658188,39.137198,37.224244
2021-05-27,AMGN,25.411212,25.409607,25.587612
2021-05-27,CRM,36.329166,36.582126,35.599865
2021-05-27,CSCO,24.078248,24.807699,23.870129
2021-05-27,IBM,25.205623,25.310789,25.081739
2021-05-27,INTC,33.53806,34.005372,32.672684
2021-05-27,MSFT,179.97332,180.7117,175.66786
2021-05-27,NKE,15.347576,15.414542,15.272343
2021-05-27,VZ,13.873765,13.863097,13.961381
2021-05-27,WMT,13.176602,13.363836,12.936656
2021-05-28,AAPL,37.096261,36.861414,36.838074
2021-05-28,AMGN,24.997066,25.582085,24.804901
2021-05-28,CRM,36.016009,37.078395,35.684325
2021-05-28,CSCO,24.355227,23.96117,23.728011
2021-05-28,IBM,25.314555,25.741347,25.053565
2021-05-28,INTC,33.160538,33.912905,33.112258
2021-05-28,MSFT,176.40418,179.32212,176.39738
2021-05-28,NKE,15.516466,15.487133,15.443852
2021-05-28,VZ,14.156905,14.289285,13.974392
2021-05-28,WMT,13.360524,13.387373,13.316573
2021-06-01,AAPL,36.81094,37.215436,36.239852
2021-06-01,AMGN,25.212177,25.215471,24.968935
2021-06-01,CRM,33.386796,33.485147,32.357469
2021-06-01,CSCO,24.114294,24.143822,24.12691
2021-06-01,IBM,25.61862,25.824406,25.098915
2021-06-01,INTC,33.909363,34.707291,32.612646
2021-06-01,MSFT,170.74818,173.66474,167.91029
2021-06-01,NKE,15.065584,15.244134,14.908473
2021-06-01,VZ,14.206875,14.33469,13.930351
2021-06-01,WMT,13.100595,13.374328,12.871309
2021-06-02,AAPL,37.187792,37.982537,37.015489
2021-06-02,AMGN,24.905057,25.058342,24.718272
2021-06-02,CRM,31.729247,32.290256,30.932722
2021-06-02,CSCO,24.182112,24.047457,23.579055
2021-06-02,IBM,25.705008,26.242706,25.572723
2021-06-02,INTC,33.329203,33.692559,32.52401
2021-06-02,MSFT,174.87333,180.47733,176.47273
2021-06-02,NKE,14.576567,14.779182,14.708284
2021-06-02,VZ,13.974306,14.150903,13.753733
2021-06-02,WMT,13.109014,13.286377,13.025587
2021-06-03,AAPL,37.556052,37.643193,36.59797
2021-06-03,AMGN,24.774157,25.193699,24.192172
2021-06-03,CRM,32.152698,32.226389,31.847287
2021-06-03,CSCO,23.654605,23.75453,23.817198
2021-06-03,IBM,25.470056,25.32815,25.41047
2021-06-03,INTC,34.398414,34.97968,34.147044
2021-06-03,MSFT,173.09138,174.71677,175.83487
2021-06-03,NKE,14.470739,14.330941,14.504662
2021-06-03,VZ,14.195068,14.448443,13.970924
2021-06-03,WMT,13.157268,13.377033,13.21978
2021-06-04,AAPL,37.756846,38.002972,37.522449
2021-06-04,AMGN,23.973137,24.440527,23.773439
2021-06-04,CRM,32.242897,32.358841,30.936849
2021-06-04,CSCO,23.980238,23.80742,24.018098
2021-06-04,IBM,24.924515,25.030235,24.86763
2021-06-04,INTC,33.975523,33.370282,33.885433
2021-06-04,MSFT,172.28259,172.22575,171.47258
2021-06-04,NKE,14.422947,14.626901,14.453183
2021-06-04,VZ,14.249522,14.353687,13.957667
2021-06-04,WMT,13.056076,13.069939,12.916869
2021-06-07,AAPL,38.266116,38.733199,37.389364
2021-06-07,AMGN,23.987878,24.266667,23.811611
2021-06-07,CRM,32.983417,34.509438,33.191058
2021-06-07,CSCO,23.670167,23.185737,23.427873
2021-06-07,IBM,24.886289,25.490423,25.212602
2021-06-07,INTC,34.236153,34.565524,34.155971
2021-06-07,MSFT,173.36543,174.06647,171.27541
2021-06-07,NKE,14.594268,14.360906,14.394372
2021-06-07,VZ,14.191737,14.027681,14.140224
2021-06-07,WMT,12.782851,12.874742,12.54192
2021-06-08,AAPL,38.868551,39.878736,38.846347
2021-06-08,AMGN,24.367808,24.863902,23.860376
2021-06-08,CRM,32.792427,32.895058,33.340593
2021-06-08,CSCO,23.425043,23.55273,23.188626
2021-06-08,IBM,24.569005,24.616716,24.73635
2021-06-08,INTC,33.751046,33.907461,33.661319
2021-06-08,MSFT,169.27634,169.71742,165.44075
2021-06-08,NKE,14.993659,14.925741,14.492483
2021-06-08,VZ,14.281534,14.389927,14.230895
2021-06-08,WMT,12.610091,12.937686,12.536347
2021-06-09,AAPL,39.538157,40.457292,39.101337
2021-06-09,AMGN,24.929336,25.223593,24.689969
2021-06-09,CRM,32.424153,33.582985,32.072277
2021-06-09,CSCO,23.659273,23.884598,23.22559
2021-06-09,IBM,23.928481,24.301736,24.186162
2021-06-09,INTC,34.416832,34.654651,33.633754
2021-06-09,MSFT,170.7629,172.34914,170.56379
2021-06-09,NKE,14.971732,15.31995,15.171755
2021-06-09,VZ,14.334758,14.251952,14.004172
2021-06-09,WMT,12.84142,12.994567,12.67623
2021-06-10,AAPL,39.034034,39.166251,38.524009
2021-06-10,AMGN,24.517887,24.88904,24.414799
2021-06-10,CRM,32.985522,34.147002,31.300335
2021-06-10,CSCO,23.430941,23.664518,22.966223
2021-06-10,IBM,23.733262,24.131756,23.455013
2021-06-10,INTC,34.107229,34.379697,33.239983
2021-06-10,MSFT,170.69176,168.92219,169.97709
2021-06-10,NKE,14.676582,14.518435,14.701337
2021-06-10,VZ,14.285691,14.345092,14.231914
2021-06-10,WMT,13.052717,13.286659,13.041563
2021-06-11,AAPL,39.328153,40.127336,37.784776
2021-06-11,AMGN,24.239391,24.488431,23.716273
2021-06-11,CRM,33.108073,33.516463,32.784691
2021-06-11,CSCO,22.933601,23.261874,22.934624
2021-06-11,IBM,23.708003,23.837738,23.527846
2021-06-11,INTC,34.514248,34.799237,34.077255
2021-06-11,MSFT,172.104,171.38218,168.71169
2021-06-11,NKE,14.066241,14.110239,14.182448
2021-06-11,VZ,14.122866,14.204565,13.962316
2021-06-11,WMT,13.1635,13.168359,13.087372
2021-06-14,AAPL,39.543915,40.371938,39.76552
2021-06-14,AMGN,24.168949,24.300463,24.260829
2021-06-14,CRM,32.734341,33.124304,32.615292
2021-06-14,CSCO,22.880106,23.029855,22.1857
2021-06-14,IBM,23.573836,23.794838,23.464648
2021-06-14,INTC,34.682708,34.40078,33.965142
2021-06-14,MSFT,169.1328,168.70457,168.65258
2021-06-14,NKE,13.975115,14.180688,13.876001
2021-06-14,VZ,14.244924,14.486898,14.347215
2021-06-14,WMT,12.750769,12.858881,12.637786
2021-06-15,AAPL,40.550986,41.091235,39.537295
2021-06-15,AMGN,24.192529,24.125459,24.408371
2021-06-15,CRM,33.354754,34.994319,33.512923
2021-06-15,CSCO,22.503752,23.046737,22.547793
2021-06-15,IBM,23.551642,23.571149,23.188144
2021-06-15,INTC,35.423282,35.718822,34.632663
2021-06-15,MSFT,171.65165,174.29726,171.71193
2021-06-15,NKE,14.135661,14.275848,14.136667
2021-06-15,VZ,14.11763,14.30769,14.144564
2021-06-15,WMT,12.507849,12.597634,12.358369
2021-06-16,AAPL,40.218242,40.527078,39.9825
2021-06-16,AMGN,24.695283,24.781498,24.389211
2021-06-16,CRM,33.063157,34.681306,32.325762
2021-06-16,CSCO,22.797682,22.997797,22.534968
2021-06-16,IBM,23.754803,23.816867,23.610241
2021-06-16,INTC,35.767996,35.488019,35.024075
2021-06-16,MSFT,170.0486,172.3614,168.51448
2021-06-16,NKE,14.130906,14.0929,13.944182
2021-06-16,VZ,13.933037,13.969546,13.686328
2021-06-16,WMT,12.375455,12.376883,12.232659
2021-06-17,AAPL,38.78957,39.004553,38.524613
2021-06-17,AMGN,25.344422,25.764154,24.886622
2021-06-17,CRM,33.630762,33.917833,33.254263
2021-06-17,CSCO,22.699585,23.305064,22.397961
2021-06-17,IBM,23.629938,23.865809,22.932123
2021-06-17,INTC,36.539556,37.122926,36.424944
2021-06-17,MSFT,173.10563,174.35129,171.86303
2021-06-17,NKE,13.90161,13.820386,13.75774
2021-06-17,VZ,13.961294,14.116626,13.665136
2021-06-17,WMT,12.243355,12.254588,12.319603
2021-06-18,AAPL,39.351835,39.781104,38.29856
2021-06-18,AMGN,24.988135,24.835843,24.847097
2021-06-18,CRM,32.888994,33.355166,32.834359
2021-06-18,CSCO,21.694106,21.658155,21.572088
2021-06-18,IBM,23.825024,23.94606,23.634419
2021-06-18,INTC,36.923905,37.465412,36.621502
2021-06-18,MSFT,171.54019,173.43338,168.43341
2021-06-18,NKE,13.593848,13.799329,13.578807
2021-06-18,VZ,13.947849,13.965132,13.676335
2021-06-18,WMT,12.171181,12.36292,12.14097
2021-06-21,AAPL,39.520738,39.966214,39.431726
2021-06-21,AMGN,25.614846,25.724269,25.609402
2021-06-21,CRM,31.318956,31.687166,30.548111
2021-06-21,CSCO,21.457949,21.575005,21.323505
2021-06-21,IBM,23.94053,24.366242,23.707319
2021-06-21,INTC,35.954281,35.369426,35.117327
2021-06-21,MSFT,168.03723,168.84198,168.68046
2021-06-21,NKE,13.390024,13.456567,13.049598
2021-06-21,VZ,14.008172,14.139282,13.566758
2021-06-21,WMT,12.497,12.596025,12.499296
2021-06-22,AAPL,39.919158,39.37888,39.610851
2021-06-22,AMGN,26.017966,26.32207,25.740351
2021-06-22,CRM,32.318874,33.032214,31.876184
2021-06-22,CSCO,21.307208,21.783865,21.297336
2021-06-22,IBM,23.446848,23.258002,23.616271
2021-06-22,INTC,35.539553,35.388788,35.04137
2021-06-22,MSFT,167.59473,169.34563,166.68916
2021-06-22,NKE,13.534969,13.674125,13.212679
2021-06-22,VZ,13.902837,14.100741,14.179216
2021-06-22,WMT,12.555896,12.706966,12.495534
2021-06-23,AAPL,38.62386,39.050947,37.917683
2021-06-23,AMGN,25.698598,26.171206,25.467052
2021-06-23,CRM,32.181795,32.882432,31.637574
2021-06-23,CSCO,22.016639,22.065808,21.677078
2021-06-23,IBM,23.595406,23.897452,23.578691
2021-06-23,INTC,34.657144,34.957116,34.834837
2021-06-23,MSFT,161.1108,162.38227,162.89117
2021-06-23,NKE,13.645761,13.630099,13.525242
2021-06-23,VZ,13.86782,14.162775,13.740089
2021-06-23,WMT,12.483519,12.5527,12.374698
2021-06-24,AAPL,38.90165,38.507206,38.428372
2021-06-24,AMGN,25.4462,26.226649,25.644786
2021-06-24,CRM,33.652164,34.045996,32.484313
2021-06-24,CSCO,22.118282,22.247468,21.819886
2021-06-24,IBM,23.560805,23.536628,23.419285
2021-06-24,INTC,34.399981,34.922447,34.591271
2021-06-24,MSFT,157.57145,159.61631,153.24552
2021-06-24,NKE,13.478701,13.728522,13.520235
2021-06-24,VZ,13.73117,14.029856,13.643677
2021-06-24,WMT,12.557968,12.616689,12.424948
2021-06-25,AAPL,39.218773,39.440183,38.903872
2021-06-25,AMGN,25.0844,25.26725,24.860545
2021-06-25,CRM,33.105465,32.637834,32.715414
2021-06-25,CSCO,22.288473,22.582528,22.524175
2021-06-25,IBM,23.487194,23.302233,23.098524
2021-06-25,INTC,34.771505,35.588307,34.102011
2021-06-25,MSFT,162.69101,161.87507,160.09368
2021-06-25,NKE,13.185173,13.133242,12.948642
2021-06-25,VZ,13.648682,13.697503,13.743375
2021-06-25,WMT,12.593904,12.595944,12.440363
2021-06-28,AAPL,39.355179,39.059551,38.167464
2021-06-28,AMGN,24.190685,24.7651,24.036051
2021-06-28,CRM,31.495807,31.107036,30.037628
2021-06-28,CSCO,21.781589,21.988031,21.689027
2021-06-28,IBM,23.421435,23.516806,22.968739
2021-06-28,INTC,34.299355,34.577835,33.503462
2021-06-28,MSFT,160.1515,162.29163,159.10847
2021-06-28,NKE,13.287278,13.360661,13.035805
2021-06-28,VZ,13.567591,13.743889,13.395324
2021-06-28,WMT,12.420517,12.500322,12.192442
2021-06-29,AAPL,39.818946,40.418513,38.887199
2021-06-29,AMGN,24.145331,24.515187,24.262923
2021-06-29,CRM,31.627022,32.409093,31.524293
2021-06-29,CSCO,21.601406,21.972289,21.328385
2021-06-29,IBM,23.156864,23.317995,22.553414
2021-06-29,INTC,34.587598,34.692607,34.768345
2021-06-29,MSFT,162.61895,164.74614,160.02744
2021-06-29,NKE,12.932794,13.187485,12.904856
2021-06-29,VZ,13.248691,13.451685,13.250526
2021-06-29,WMT,12.45878,12.580145,12.279735
2021-06-30,AAPL,39.65289,41.019138,38.838356
2021-06-30,AMGN,23.716641,24.20574,23.505361
2021-06-30,CRM,30.919381,30.666771,30.606059
2021-06-30,CSCO,21.753677,21.984787,21.616142
2021-06-30,IBM,23.671416,23.615611,23.875314
2021-06-30,INTC,34.816862,34.809034,34.38464
2021-06-30,MSFT,164.66884,167.65129,165.31459
2021-06-30,NKE,12.66677,12.996392,12.58917
2021-06-30,VZ,13.380771,13.373315,13.314466
2021-06-30,WMT,12.559261,12.706019,12.40802
2021-07-01,AAPL,39.484943,39.35452,38.598298
2021-07-01,AMGN,23.359349,24.076882,23.165368
2021-07-01,CRM,31.076685,31.72089,31.010602
2021-07-01,CSCO,21.383984,21.76575,20.970258
2021-07-01,IBM,23.616548,23.757924,23.305418
2021-07-01,INTC,34.598331,35.131968,34.794807
2021-07-01,MSFT,163.58941,167.75962,162.85837
2021-07-01,NKE,12.654122,13.047303,12.732276
2021-07-01,VZ,13.279794,13.372808,13.297157
2021-07-01,WMT,12.227967,12.417446,12.152033
2021-07-02,AAPL,38.315093,38.609711,38.141664
2021-07-02,AMGN,23.544681,23.576574,22.964389
2021-07-02,CRM,31.903113,32.394902,31.353252
2021-07-02,CSCO,21.709375,21.685494,21.765435
2021-07-02,IBM,23.542879,23.437558,23.393866
2021-07-02,INTC,34.590052,34.464588,34.322108
2021-07-02,MSFT,162.39188,164.69168,161.5773
2021-07-02,NKE,12.589524,12.6811,12.357404
2021-07-02,VZ,13.369142,13.329334,13.333854
2021-07-02,WMT,12.038452,12.157113,12.110068
2021-07-06,AAPL,37.693743,38.514282,37.456783
2021-07-06,AMGN,23.27733,23.410438,23.144706
2021-07-06,CRM,30.631522,30.991456,30.302312
2021-07-06,CSCO,21.2045,20.98373,20.9516
2021-07-06,IBM,23.344146,23.365972,23.309076
2021-07-06,INTC,34.568884,34.598159,33.966243
2021-07-06,MSFT,162.44631,162.98863,159.41196
2021-07-06,NKE,12.549056,12.808199,12.301098
2021-07-06,VZ,13.213639,13.364055,13.062656
2021-07-06,WMT,12.007233,11.94571,12.141605
2021-07-07,AAPL,38.522313,39.001814,38.06691
2021-07-07,AMGN,23.594976,23.621998,23.409558
2021-07-07,CRM,30.622338,31.174632,31.712455
2021-07-07,CSCO,20.592385,20.78085,20.657173
2021-07-07,IBM,23.185725,23.335443,22.965279
2021-07-07,INTC,34.492362,35.449518,33.672862
2021-07-07,MSFT,165.75058,165.01719,164.76529
2021-07-07,NKE,12.788601,13.079265,12.383703
2021-07-07,VZ,13.229468,13.243219,13.089506
2021-07-07,WMT,11.779471,11.826727,11.714882
2021-07-08,AAPL,38.120389,37.695342,37.806516
2021-07-08,AMGN,23.197042,23.856683,23.179282
2021-07-08,CRM,29.60795,30.222567,28.86729
2021-07-08,CSCO,20.461644,20.430333,20.229963
2021-07-08,IBM,22.975396,23.157022,22.772605
2021-07-08,INTC,35.691977,35.752702,35.378797
2021-07-08,MSFT,164.72992,164.79215,165.11583
2021-07-08,NKE,12.99162,13.150204,12.810075
2021-07-08,VZ,13.557403,13.754703,13.765103
2021-07-08,WMT,11.932011,12.051421,11.97152
2021-07-09,AAPL,37.659625,37.928597,36.909587
2021-07-09,AMGN,23.017323,23.07349,22.748505
2021-07-09,CRM,29.615162,29.833432,30.317373
2021-07-09,CSCO,20.703783,20.694227,20.322082
2021-07-09,IBM,23.061767,23.156597,22.804712
2021-07-09,INTC,35.405264,36.097705,34.993904
2021-07-09,MSFT,164.63957,165.73067,164.18198
2021-07-09,NKE,12.876821,12.820088,12.731746
2021-07-09,VZ,13.586026,13.698622,13.322569
2021-07-09,WMT,12.020235,11.995701,11.969378
2021-07-12,AAPL,37.542672,37.560977,38.481023
2021-07-12,AMGN,23.049497,23.822159,22.944064
2021-07-12,CRM,28.649671,28.596312,28.221841
2021-07-12,CSCO,20.528901,20.55735,20.20011
2021-07-12,IBM,23.011214,23.053697,23.038319
2021-07-12,INTC,36.333068,36.736228,37.025759
2021-07-12,MSFT,160.61398,161.79868,158.25057
2021-07-12,NKE,13.096402,13.196827,13.04957
2021-07-12,VZ,13.398142,13.369411,13.389391
2021-07-12,WMT,11.946795,12.057027,11.82524
2021-07-13,AAPL,37.688605,37.562913,36.953014
2021-07-13,AMGN,23.236381,23.234715,22.977442
2021-07-13,CRM,27.740858,28.014235,27.804573
2021-07-13,CSCO,20.380891,20.646154,20.328814
2021-07-13,IBM,23.141022,23.348876,22.992383
2021-07-13,INTC,36.715089,36.635077,36.082533
2021-07-13,MSFT,156.17289,158.93454,150.75763
2021-07-13,NKE,13.039845,13.144928,12.804199
2021-07-13,VZ,13.444533,13.713067,13.356386
2021-07-13,WMT,11.86467,11.980219,11.710172
2021-07-14,AAPL,37.363771,37.734588,37.333643
2021-07-14,AMGN,23.339141,23.408881,23.15643
2021-07-14,CRM,27.602503,28.576832,27.067569
2021-07-14,CSCO,19.621857,19.520233,19.519694
2021-07-14,IBM,24.042083,24.428537,23.750378
2021-07-14,INTC,36.451617,36.478267,36.248019
2021-07-14,MSFT,160.47873,163.1735,156.89797
2021-07-14,NKE,12.738726,12.773263,12.652378
2021-07-14,VZ,13.478835,13.652518,13.508425
2021-07-14,WMT,11.805641,11.873099,11.74029
2021-07-15,AAPL,39.090609,39.744803,38.444894
2021-07-15,AMGN,23.475226,23.855171,23.469096
2021-07-15,CRM,28.244757,28.429917,27.480574
2021-07-15,CSCO,19.115889,19.390887,19.086592
2021-07-15,IBM,24.047758,24.410162,23.869461
2021-07-15,INTC,36.235737,36.42317,36.016051
2021-07-15,MSFT,168.95072,170.8178,166.20106
2021-07-15,NKE,12.800859,12.629139,13.05231
2021-07-15,VZ,13.484276,13.765313,13.407889
2021-07-15,WMT,11.54589,11.478357,11.573291
2021-07-16,AAPL,38.363855,38.90118,38.20487
2021-07-16,AMGN,23.432516,23.687118,23.319348
2021-07-16,CRM,27.66966,27.988422,27.510733
2021-07-16,CSCO,18.857026,18.923102,18.579561
2021-07-16,IBM,23.77137,23.983175,23.420737
2021-07-16,INTC,36.692263,37.047148,36.67354
2021-07-16,MSFT,173.20534,178.29714,170.02746
2021-07-16,NKE,12.842247,13.153309,12.856755
2021-07-16,VZ,13.634892,13.821586,13.606137
2021-07-16,WMT,11.605731,11.760794,11.66383
2021-07-19,AAPL,38.895349,39.07733,39.130327
2021-07-19,AMGN,22.920038,23.370482,22.762191
2021-07-19,CRM,27.526398,28.135925,27.480796
2021-07-19,CSCO,19.497243,19.674744,19.453336
2021-07-19,IBM,23.547762,23.852106,23.419318
2021-07-19,INTC,35.428493,35.402312,35.239164
2021-07-19,MSFT,174.46814,172.90793,172.83177
2021-07-19,NKE,12.53269,12.7584,12.41745
2021-07-19,VZ,13.60761,13.75509,13.454694
2021-07-19,WMT,11.7497,11.970185,11.596042
2021-07-20,AAPL,39.413401,40.002393,39.39159
2021-07-20,AMGN,22.939882,22.905162,22.687131
2021-07-20,CRM,26.475089,27.703949,26.862684
2021-07-20,CSCO,19.136451,19.14274,18.899658
2021-07-20,IBM,23.634497,23.698721,23.263163
2021-07-20,INTC,35.547517,35.893653,36.135933
2021-07-20,MSFT,174.42713,174.84304,175.66221
2021-07-20,NKE,12.279972,12.607151,12.23325
2021-07-20,VZ,13.774015,13.750256,13.693789
2021-07-20,WMT,11.738728,11.860904,11.648673
2021-07-21,AAPL,38.346225,38.181231,37.318588
2021-07-21,AMGN,22.598131,22.879315,22.859577
2021-07-21,CRM,26.009403,26.426217,26.225381
2021-07-21,CSCO,19.077602,19.349104,19.020207
2021-07-21,IBM,23.597482,23.519395,23.566273
2021-07-21,INTC,35.424921,35.573435,34.995282
2021-07-21,MSFT,173.8669,175.6373,172.37808
2021-07-21,NKE,12.419062,12.539369,12.085218
2021-07-21,VZ,13.893936,14.216017,13.815641
2021-07-21,WMT,11.619408,11.582547,11.664436
2021-07-22,AAPL,37.731231,37.982205,37.923161
2021-07-22,AMGN,21.839414,21.857495,21.656606
2021-07-22,CRM,26.170859,26.192541,25.300011
2021-07-22,CSCO,18.610332,18.526625,18.762514
2021-07-22,IBM,23.415116,23.25697,23.435831
2021-07-22,INTC,34.889202,34.536664,33.66316
2021-07-22,MSFT,171.38861,169.56937,168.11731
2021-07-22,NKE,12.171816,12.238262,12.2217
2021-07-22,VZ,13.765507,13.88492,13.695896
2021-07-22,WMT,11.6078,11.723796,11.542477
2021-07-23,AAPL,37.090752,36.921819,36.781609
2021-07-23,AMGN,21.429836,21.369115,20.967778
2021-07-23,CRM,27.130861,27.646086,27.248332
2021-07-23,CSCO,18.509146,18.844771,18.099843
2021-07-23,IBM,22.906049,23.097817,22.650535
2021-07-23,INTC,34.827538,35.533559,34.95364
2021-07-23,MSFT,173.60674,176.13596,171.44441
2021-07-23,NKE,12.27051,12.625654,12.171993
2021-07-23,VZ,13.621558,13.863597,13.38492
2021-07-23,WMT,11.569804,11.711894,11.529029
2021-07-26,AAPL,37.161381,37.130121,36.345879
2021-07-26,AMGN,21.204895,21.069645,21.004007
2021-07-26,CRM,26.854865,27.068078,26.472749
2021-07-26,CSCO,18.009887,17.694785,17.625617
2021-07-26,IBM,22.897546,22.998424,22.903963
2021-07-26,INTC,35.261471,35.868313,34.398531
2021-07-26,MSFT,176.64646,176.29901,172.76281
2021-07-26,NKE,12.055432,12.287208,12.124632
2021-07-26,VZ,13.681961,13.858119,13.569855
2021-07-26,WMT,11.467026,11.506609,11.455173
2021-07-27,AAPL,36.347733,36.966756,36.060817
2021-07-27,AMGN,21.445184,21.542936,21.107784
2021-07-27,CRM,26.10337,26.26371,26.395991
2021-07-27,CSCO,17.85783,17.623327,18.002696
2021-07-27,IBM,23.215506,23.529117,23.075652
2021-07-27,INTC,35.750308,36.002353,35.074023
2021-07-27,MSFT,176.8328,175.9305,173.72165
2021-07-27,NKE,12.075534,12.185015,12.174958
2021-07-27,VZ,13.899303,14.012292,14.13017
2021-07-27,WMT,11.532624,11.532255,11.353751
2021-07-28,AAPL,36.284487,36.869015,36.895015
2021-07-28,AMGN,21.460329,21.640378,21.08539
2021-07-28,CRM,25.694361,25.448491,25.068201
2021-07-28,CSCO,17.683574,17.533622,17.486039
2021-07-28,IBM,23.286954,23.310056,23.18325
2021-07-28,INTC,36.472055,37.614772,35.97192
2021-07-28,MSFT,178.371,179.27346,177.08868
2021-07-28,NKE,11.537388,11.559307,11.445177
2021-07-28,VZ,13.939712,14.08639,13.640017
2021-07-28,WMT,11.378512,11.471756,11.286558
2021-07-29,AAPL,35.954577,36.463798,35.222737
2021-07-29,AMGN,21.041031,21.340132,20.761667
2021-07-29,CRM,25.546279,26.518444,25.036429
2021-07-29,CSCO,17.734946,17.618782,17.638605
2021-07-29,IBM,23.641234,23.881361,23.166942
2021-07-29,INTC,36.156187,36.203991,36.158394
2021-07-29,MSFT,173.75484,179.35274,171.52758
2021-07-29,NKE,11.310599,11.382137,11.24527
2021-07-29,VZ,13.915868,14.112902,13.826437
2021-07-29,WMT,11.295381,11.362902,11.305245
2021-07-30,AAPL,36.345294,36.764573,36.316113
2021-07-30,AMGN,20.562771,20.850889,20.553635
2021-07-30,CRM,25.426678,25.830826,24.821862
2021-07-30,CSCO,17.397384,17.648213,17.106275
2021-07-30,IBM,23.355492,23.644087,23.124694
2021-07-30,INTC,35.16065,36.014374,35.087163
2021-07-30,MSFT,174.47614,175.345,171.92571
2021-07-30,NKE,11.386918,11.444196,10.996456
2021-07-30,VZ,13.974924,14.196511,13.912483
2021-07-30,WMT,11.110001,11.204196,10.953676
2021-08-02,AAPL,36.341647,35.589594,35.495614
2021-08-02,AMGN,20.702381,20.676457,20.147945
2021-08-02,CRM,24.703204,25.673588,23.823576
2021-08-02,CSCO,17.138969,17.26836,16.946676
2021-08-02,IBM,22.856349,23.31768,22.448653
2021-08-02,INTC,34.487737,34.455375,34.004214
2021-08-02,MSFT,180.89449,181.13914,178.80571
2021-08-02,NKE,11.100047,11.25189,10.974281
2021-08-02,VZ,13.939725,14.159968,13.899641
2021-08-02,WMT,11.077404,11.219679,10.945077
2021-08-03,AAPL,36.840552,37.146247,36.335399
2021-08-03,AMGN,20.689637,20.834217,20.621305
2021-08-03,CRM,24.609231,25.016351,23.941177
2021-08-03,CSCO,17.169541,17.291033,17.115461
2021-08-03,IBM,23.138869,23.503145,22.595105
2021-08-03,INTC,34.470216,34.558247,33.358369
2021-08-03,MSFT,176.05296,177.35931,175.80444
2021-08-03,NKE,11.063799,11.165692,10.996388
2021-08-03,VZ,13.587587,13.760761,13.508325
2021-08-03,WMT,10.983815,10.987334,10.829772
2021-08-04,AAPL,36.928844,36.248314,36.621168
2021-08-04,AMGN,20.791334,21.191722,20.697017
2021-08-04,CRM,23.879772,24.668998,23.617831
2021-08-04,CSCO,16.541542,16.39525,16.273928
2021-08-04,IBM,23.321693,23.39666,23.344638
2021-08-04,INTC,33.501542,33.847664,32.891813
2021-08-04,MSFT,173.9074,172.81847,173.05322
2021-08-04,NKE,11.116641,11.34178,11.120694
2021-08-04,VZ,13.215443,13.101392,13.30985
2021-08-04,WMT,10.980979,10.976444,10.813824
2021-08-05,AAPL,36.936716,36.966358,36.564828
2021-08-05,AMGN,20.618934,20.662836,20.217749
2021-08-05,CRM,23.326102,23.302301,23.331828
2021-08-05,CSCO,16.354651,16.294244,16.118465
2021-08-05,IBM,23.563607,23.465601,23.407106
2021-08-05,INTC,33.402166,33.221609,33.48447
2021-08-05,MSFT,175.82739,175.0182,174.23146
2021-08-05,NKE,11.251764,11.296282,11.27679
2021-08-05,VZ,13.062788,13.386327,13.074787
2021-08-05,WMT,10.839146,10.95379,10.736957
2021-08-06,AAPL,36.710071,37.030255,36.823397
2021-08-06,AMGN,21.097281,21.472938,20.907809
2021-08-06,CRM,23.413211,23.908239,22.912887
2021-08-06,CSCO,16.033257,15.994129,15.944929
2021-08-06,IBM,23.331028,23.361294,23.049462
2021-08-06,INTC,33.609025,33.683454,33.272554
2021-08-06,MSFT,174.23016,172.81697,173.65308
2021-08-06,NKE,11.625189,11.761449,11.633659
2021-08-06,VZ,13.24037,13.282823,13.299158
2021-08-06,WMT,10.655441,10.863761,10.655715
2021-08-09,AAPL,37.567904,37.36493,37.263186
2021-08-09,AMGN,21.027925,20.883354,20.892251
2021-08-09,CRM,23.5944,23.620778,23.30005
2021-08-09,CSCO,16.006211,16.132597,15.623101
2021-08-09,IBM,22.651967,22.957377,22.599672
2021-08-09,INTC,34.685857,34.856822,34.459297
2021-08-09,MSFT,176.70102,179.33066,178.6199
2021-08-09,NKE,11.191558,11.334084,11.048943
2021-08-09,VZ,13.07967,12.957878,12.997291
2021-08-09,WMT,10.498891,10.660721,10.495912
2021-08-10,AAPL,37.696329,38.141916,37.032444
2021-08-10,AMGN,20.864011,20.923823,20.563018
2021-08-10,CRM,22.100011,22.379471,22.116787
2021-08-10,CSCO,16.625457,16.848667,16.733378
2021-08-10,IBM,22.967829,23.212328,22.915383
2021-08-10,INTC,34.202943,34.239944,33.651024
2021-08-10,MSFT,176.2956,177.34809,174.97891
2021-08-10,NKE,11.298667,11.587905,11.183247
2021-08-10,VZ,12.997113,13.203462,12.979748
2021-08-10,WMT,10.435681,10.522184,10.36065
2021-08-11,AAPL,38.640108,38.973108,38.075438
2021-08-11,AMGN,20.789486,20.872761,20.597183
2021-08-11,CRM,21.507261,21.428318,21.184437
2021-08-11,CSCO,16.43441,16.186884,16.049481
2021-08-11,IBM,22.444295,22.600163,22.333964
2021-08-11,INTC,34.198648,34.411954,33.165665
2021-08-11,MSFT,179.74055,180.71161,180.03351
2021-08-11,NKE,11.198377,11.474729,10.993349
2021-08-11,VZ,12.68262,12.666483,12.506255
2021-08-11,WMT,10.274115,10.404599,10.439639
2021-08-12,AAPL,40.184191,41.278734,40.157603
2021-08-12,AMGN,20.457364,20.868138,20.311478
2021-08-12,CRM,21.583314,21.609357,21.689357
2021-08-12,CSCO,16.585848,16.944577,16.377417
2021-08-12,IBM,22.783773,23.084316,22.908839
2021-08-12,INTC,35.322096,36.284928,34.526295
2021-08-12,MSFT,183.02469,183.74582,182.28006
2021-08-12,NKE,11.036723,11.295753,10.912955
2021-08-12,VZ,12.805519,12.935321,12.824818
2021-08-12,WMT,10.246739,10.185356,10.050211
2021-08-13,AAPL,39.567849,39.951867,38.491515
2021-08-13,AMGN,20.491967,20.25393,20.210303
2021-08-13,CRM,21.332392,21.128041,21.186705
2021-08-13,CSCO,16.237096,16.574212,16.043434
2021-08-13,IBM,22.099445,22.327799,21.84056
2021-08-13,INTC,35.530066,35.476791,35.310437
2021-08-13,MSFT,180.53297,184.78777,180.39617
2021-08-13,NKE,11.177356,11.115403,11.026609
2021-08-13,VZ,12.85757,13.016414,12.861066
2021-08-13,WMT,10.164216,10.349337,10.112652
2021-08-16,AAPL,39.717834,40.932449,39.249265
2021-08-16,AMGN,20.215996,20.250459,20.534556
2021-08-16,CRM,21.114309,21.234476,20.849595
2021-08-16,CSCO,16.623263,16.496358,16.53733
2021-08-16,IBM,21.681106,21.987808,21.285221
2021-08-16,INTC,35.024882,35.135552,34.520089
2021-08-16,MSFT,177.917,179.44161,175.3938
2021-08-16,NKE,11.28055,11.286673,11.164689
2021-08-16,VZ,12.85452,13.049882,12.882065
2021-08-16,WMT,9.9682031,9.9402167,10.049034
2021-08-17,AAPL,38.693314,38.683108,38.032058
2021-08-17,AMGN,19.366428,19.746498,19.379811
2021-08-17,CRM,21.931779,22.140516,21.683044
2021-08-17,CSCO,16.770989,16.735964,16.363273
2021-08-17,IBM,21.558757,21.800089,21.57612
2021-08-17,INTC,36.108143,35.647537,35.765655
2021-08-17,MSFT,180.42538,182.08312,182.44704
2021-08-17,NKE,11.336827,11.374593,11.365199
2021-08-17,VZ,12.862708,13.07938,12.736306
2021-08-17,WMT,10.075041,10.110542,10.031059
2021-08-18,AAPL,38.877223,40.138161,38.017833
2021-08-18,AMGN,19.589316,19.932887,19.245498
2021-08-18,CRM,22.189955,22.53111,21.856238
2021-08-18,CSCO,17.034313,17.133877,16.833335
2021-08-18,IBM,21.269168,21.448171,21.284957
2021-08-18,INTC,36.296292,36.216663,35.482315
2021-08-18,MSFT,180.80491,182.05821,179.50993
2021-08-18,NKE,11.324817,11.331991,11.358031
2021-08-18,VZ,12.885243,12.821824,12.758813
2021-08-18,WMT,10.097784,10.195977,10.016533
2021-08-19,AAPL,38.845779,38.943349,38.478366
2021-08-19,AMGN,19.544991,19.885743,19.125989
2021-08-19,CRM,21.533383,21.852703,21.448516
2021-08-19,CSCO,16.919482,17.089318,17.043648
2021-08-19,IBM,21.256503,21.364437,20.791099
2021-08-19,INTC,34.87698,35.085761,34.031131
2021-08-19,MSFT,173.44568,175.19548,173.29778
2021-08-19,NKE,11.491816,11.50743,11.51082
2021-08-19,VZ,12.994265,13.183263,12.967861
2021-08-19,WMT,10.015175,9.9834533,10.118008
2021-08-20,AAPL,40.203379,40.815976,39.996765
2021-08-20,AMGN,19.066049,19.497214,19.192411
2021-08-20,CRM,21.328852,21.516547,20.952393
2021-08-20,CSCO,17.171794,17.30881,16.959423
2021-08-20,IBM,21.895451,22.322457,21.731977
2021-08-20,INTC,33.91942,34.475621,33.759807
2021-08-20,MSFT,173.82165,174.10984,170.36323
2021-08-20,NKE,11.668012,11.955299,11.469629
2021-08-20,VZ,12.969829,13.101583,12.916757
2021-08-20,WMT,9.8186858,9.9189186,9.7292466
2021-08-23,AAPL,40.499423,40.810538,41.458366
2021-08-23,AMGN,19.008003,19.288919,18.776311
2021-08-23,CRM,21.768472,21.80421,21.840571
2021-08-23,CSCO,17.017514,17.072756,16.765772
2021-08-23,IBM,21.941089,22.025099,21.753015
2021-08-23,INTC,34.141862,34.563248,34.380972
2021-08-23,MSFT,176.75895,180.13299,171.86905
2021-08-23,NKE,11.767903,11.917944,11.531977
2021-08-23,VZ,12.82835,12.923795,12.718457
2021-08-23,WMT,9.9185196,9.9460241,9.8452729
2021-08-24,AAPL,41.176728,41.809758,40.147748
2021-08-24,AMGN,19.004017,19.188808,18.48499
2021-08-24,CRM,21.965227,21.615532,21.003193
2021-08-24,CSCO,17.336466,17.058579,17.277223
2021-08-24,IBM,21.146675,21.270859,21.429506
2021-08-24,INTC,34.624858,34.577127,34.48801
2021-08-24,MSFT,179.62598,179.54688,180.67231
2021-08-24,NKE,11.392836,11.572541,11.156037
2021-08-24,VZ,12.541759,12.712051,12.417833
2021-08-24,WMT,9.7384825,9.9153437,9.6065408
2021-08-25,AAPL,41.277138,41.723792,40.675171
2021-08-25,AMGN,18.494219,18.58999,18.517694
2021-08-25,CRM,22.294939,22.320076,21.911571
2021-08-25,CSCO,17.019759,17.293137,16.92642
2021-08-25,IBM,21.239916,21.153947,21.324677
2021-08-25,INTC,34.886307,35.086884,34.059094
2021-08-25,MSFT,179.21177,183.10219,176.51897
2021-08-25,NKE,11.242839,11.385131,11.112588
2021-08-25,VZ,12.559365,12.697451,12.378522
2021-08-25,WMT,9.715996,9.7977652,9.6225882
2021-08-26,AAPL,40.402244,40.255784,40.447349
2021-08-26,AMGN,18.361618,18.789957,18.293121
2021-08-26,CRM,22.242046,22.635653,22.040928
2021-08-26,CSCO,16.91787,17.027473,16.559173
2021-08-26,IBM,21.190577,21.473049,20.773058
2021-08-26,INTC,34.120593,34.149956,34.115594
2021-08-26,MSFT,181.50417,182.35985,178.87395
2021-08-26,NKE,10.808096,10.886399,10.769457
2021-08-26,VZ,12.584755,12.481645,12.494972
2021-08-26,WMT,9.5408282,9.5485395,9.4161251
2021-08-27,AAPL,41.298432,41.69002,40.734563
2021-08-27,AMGN,17.623005,18.006158,17.520968
2021-08-27,CRM,22.212963,21.933159,21.986761
2021-08-27,CSCO,17.243705,17.494267,17.137846
2021-08-27,IBM,21.594766,21.91876,21.604976
2021-08-27,INTC,35.239897,35.522103,35.176988
2021-08-27,MSFT,182.57293,181.89597,179.28956
2021-08-27,NKE,10.966182,10.945157,11.064406
2021-08-27,VZ,12.398726,12.484267,12.530633
2021-08-27,WMT,9.4003265,9.5481446,9.4354262
2021-08-30,AAPL,41.231597,41.344244,40.769646
2021-08-30,AMGN,17.595685,17.665958,17.711188
2021-08-30,CRM,21.932387,21.811034,21.482489
2021-08-30,CSCO,16.796142,16.881122,16.705045
2021-08-30,IBM,21.461965,21.715585,21.137433
2021-08-30,INTC,35.094144,35.358294,34.99184
2021-08-30,MSFT,186.37735,187.6375,183.92002
2021-08-30,NKE,10.517525,10.648726,10.459795
2021-08-30,VZ,12.339902,12.229595,12.217153
2021-08-30,WMT,9.4022641,9.5252603,9.3574962
2021-08-31,AAPL,40.239722,40.580842,40.297395
2021-08-31,AMGN,17.756529,18.128659,17.436243
2021-08-31,CRM,21.416657,21.678956,21.100763
2021-08-31,CSCO,16.668955,16.675625,16.774503
2021-08-31,IBM,21.186372,21.490636,20.965323
2021-08-31,INTC,36.173762,35.897069,35.752593
2021-08-31,MSFT,186.85918,186.75162,184.97153
2021-08-31,NKE,10.338002,10.583751,10.240666
2021-08-31,VZ,12.507618,12.615131,12.571744
2021-08-31,WMT,9.3508516,9.4500194,9.4082747
2021-09-01,AAPL,39.33095,40.069106,38.584374
2021-09-01,AMGN,17.831559,18.03483,17.752189
2021-09-01,CRM,20.462833,21.004202,19.854311
2021-09-01,CSCO,16.464097,16.374974,16.437318
2021-09-01,IBM,21.018265,21.067407,20.781548
2021-09-01,INTC,36.195304,36.725997,36.226872
2021-09-01,MSFT,184.04089,185.72559,180.4005
2021-09-01,NKE,10.717203,10.7489,10.463233
2021-09-01,VZ,12.055389,12.159097,11.94429
2021-09-01,WMT,9.1543384,9.3214247,9.1611568
2021-09-02,AAPL,38.881409,38.529863,38.719997
2021-09-02,AMGN,18.248349,18.633496,18.092063
2021-09-02,CRM,20.764795,21.43631,20.55748
2021-09-02,CSCO,16.892744,16.955868,16.592246
2021-09-02,IBM,21.324223,21.494647,21.372905
2021-09-02,INTC,36.014768,35.726449,35.72022
2021-09-02,MSFT,181.39524,180.64729,181.27244
2021-09-02,NKE,10.804605,10.743536,10.593268
2021-09-02,VZ,11.87094,11.918279,11.82838
2021-09-02,WMT,9.0394695,9.1696918,8.9686509
2021-09-03,AAPL,37.351704,37.8739,36.794818
2021-09-03,AMGN,18.472298,18.616487,18.258731
2021-09-03,CRM,20.780311,20.746313,20.883591
2021-09-03,CSCO,16.907172,16.810269,16.739723
2021-09-03,IBM,21.678667,21.668759,21.651694
2021-09-03,INTC,35.128012,35.395034,34.735186
2021-09-03,MSFT,179.12192,181.7518,177.5365
2021-09-03,NKE,10.984832,11.206868,10.855597
2021-09-03,VZ,11.893809,11.841624,11.701082
2021-09-03,WMT,9.1281443,9.146754,9.1951314
2021-09-07,AAPL,37.330713,37.19807,36.883912
2021-09-07,AMGN,18.495962,18.768596,18.212385
2021-09-07,CRM,21.239347,21.55302,20.898981
2021-09-07,CSCO,16.7565,17.222197,16.703292
2021-09-07,IBM,21.987838,22.04582,21.894846
2021-09-07,INTC,35.529304,35.686019,35.459509
2021-09-07,MSFT,183.49873,184.00782,181.84616
2021-09-07,NKE,11.184046,11.0665,10.978216
2021-09-07,VZ,11.742536,11.897419,11.872517
2021-09-07,WMT,9.1280038,9.1297372,9.07707
2021-09-08,AAPL,37.04527,37.544992,36.604537
2021-09-08,AMGN,18.178167,18.233848,17.942946
2021-09-08,CRM,21.118935,21.529234,20.720768
2021-09-08,CSCO,16.854562,16.79528,16.684146
2021-09-08,IBM,21.99224,22.063563,22.022295
2021-09-08,INTC,35.808034,35.690296,35.828622
2021-09-08,MSFT,186.19275,186.74725,184.17427
2021-09-08,NKE,11.161237,11.185529,10.932317
2021-09-08,VZ,11.512273,11.689961,11.459526
2021-09-08,WMT,9.2525243,9.5070418,9.1470815
2021-09-09,AAPL,37.301986,37.434899,37.048153
2021-09-09,AMGN,18.332058,18.466958,18.358593
2021-09-09,CRM,21.803168,21.901296,21.503883
2021-09-09,CSCO,16.955173,17.346171,17.013829
2021-09-09,IBM,21.32603,21.663355,21.314785
2021-09-09,INTC,36.377518,36.335519,36.454665
2021-09-09,MSFT,182.31676,185.34809,179.21667
2021-09-09,NKE,11.409841,11.717185,11.185491
2021-09-09,VZ,11.536262,11.546012,11.481693
2021-09-09,WMT,9.2910288,9.3369046,9.3828225
2021-09-10,AAPL,37.148544,37.236178,37.021162
2021-09-10,AMGN,18.569308,18.541507,18.464667
2021-09-10,CRM,21.00812,21.313607,20.865886
2021-09-10,CSCO,16.711473,16.780986,16.584089
2021-09-10,IBM,21.011479,21.160553,21.051253
2021-09-10,INTC,36.288403,37.099932,36.118098
2021-09-10,MSFT,179.39708,177.35043,177.15897
2021-09-10,NKE,11.392227,11.594957,11.39719
2021-09-10,VZ,11.310314,11.25227,11.249586
2021-09-10,WMT,9.2678366,9.2857401,9.2302917
2021-09-13,AAPL,38.352479,38.51969,38.052021
2021-09-13,AMGN,18.33046,18.580497,18.150579
2021-09-13,CRM,20.886615,21.105186,20.923492
2021-09-13,CSCO,16.421542,16.961564,16.490712
2021-09-13,IBM,20.937218,21.115765,20.533959
2021-09-13,INTC,35.834753,35.682283,35.299772
2021-09-13,MSFT,183.45109,184.42522,181.39023
2021-09-13,NKE,11.335339,11.236801,11.205696
2021-09-13,VZ,11.199113,11.362389,11.280713
2021-09-13,WMT,9.2608839,9.1906396,9.2075759
2021-09-14,AAPL,38.716831,38.464858,37.119525
2021-09-14,AMGN,18.097962,18.668253,17.796817
2021-09-14,CRM,20.312626,20.672999,20.109997
2021-09-14,CSCO,16.158346,16.320696,15.927567
2021-09-14,IBM,20.789573,20.742271,20.655577
2021-09-14,INTC,36.737059,36.830984,36.637787
2021-09-14,MSFT,183.99021,185.59211,181.11913
2021-09-14,NKE,11.371103,11.412446,11.115497
2021-09-14,VZ,10.783295,10.933266,10.716907
2021-09-14,WMT,9.251663,9.2722958,9.1956834
2021-09-15,AAPL,38.080324,37.627191,37.900615
2021-09-15,AMGN,17.838341,17.743936,17.524667
2021-09-15,CRM,19.632118,19.787867,19.963502
2021-09-15,CSCO,16.344242,16.771363,16.18156
2021-09-15,IBM,20.34204,20.431899,20.200394
2021-09-15,INTC,37.011576,37.16788,36.197495
2021-09-15,MSFT,186.76839,187.51583,187.03712
2021-09-15,NKE,11.455537,11.486347,11.275169
2021-09-15,VZ,10.632422,10.813091,10.589464
2021-09-15,WMT,9.2071946,9.2741625,9.2131973
2021-09-16,AAPL,38.67832,39.148462,38.42259
2021-09-16,AMGN,17.815991,18.137225,17.474649
2021-09-16,CRM,19.114454,19.345383,18.852288
2021-09-16,CSCO,16.452089,16.732031,16.403558
2021-09-16,IBM,20.231253,20.551599,20.154577
2021-09-16,INTC,36.494189,36.679762,36.472343
2021-09-16,MSFT,187.85855,189.04658,186.78412
2021-09-16,NKE,11.440786,11.63951,11.297282
2021-09-16,VZ,10.88817,10.93075,10.822418
2021-09-16,WMT,8.947581,8.9811832,8.9286536
2021-09-17,AAPL,40.334336,40.800493,39.658458
2021-09-17,AMGN,18.459545,18.682724,18.655702
2021-09-17,CRM,19.117036,19.231769,19.384692
2021-09-17,CSCO,16.155688,16.261715,16.150904
2021-09-17,IBM,19.759211,19.762831,19.743502
2021-09-17,INTC,36.308338,36.631215,36.034809
2021-09-17,MSFT,183.65015,182.96603,182.11905
2021-09-17,NKE,11.067876,11.061574,11.088246
2021-09-17,VZ,10.741234,10.985349,10.925608
2021-09-17,WMT,8.8602348,8.768061,8.7376602
2021-09-20,AAPL,41.361438,41.736045,40.357157
2021-09-20,AMGN,18.339856,18.947086,18.075498
2021-09-20,CRM,19.110219,19.232306,18.50068
2021-09-20,CSCO,16.010718,16.36185,15.81198
2021-09-20,IBM,19.753814,19.793018,19.712938
2021-09-20,INTC,36.069442,36.065486,35.654218
2021-09-20,MSFT,179.41718,182.91239,176.84316
2021-09-20,NKE,11.096065,11.139572,10.975738
2021-09-20,VZ,10.729693,10.890199,10.731184
2021-09-20,WMT,8.9346352,8.9567838,8.7792815
2021-09-21,AAPL,40.738016,40.836274,40.598804
2021-09-21,AMGN,17.856574,17.901263,17.875598
2021-09-21,CRM,19.257749,18.790377,18.949819
2021-09-21,CSCO,15.932104,15.703165,15.821036
2021-09-21,IBM,19.507496,19.703622,19.789292
2021-09-21,INTC,36.197564,36.757071,35.785986
2021-09-21,MSFT,177.01236,176.99291,174.8913
2021-09-21,NKE,11.087366,11.177203,10.967796
2021-09-21,VZ,10.620053,10.686674,10.68016
2021-09-21,WMT,8.9201172,8.9578611,8.8488603
2021-09-22,AAPL,40.962934,41.295892,40.652423
2021-09-22,AMGN,17.286423,17.632637,17.03892
2021-09-22,CRM,19.671862,19.740481,19.333674
2021-09-22,CSCO,16.256344,16.312119,15.941169
2021-09-22,IBM,19.265452,19.651046,19.223221
2021-09-22,INTC,36.473443,36.47576,35.722239
2021-09-22,MSFT,175.60559,177.33491,176.75304
2021-09-22,NKE,11.014014,11.135739,10.690346
2021-09-22,VZ,10.617939,10.680656,10.543189
2021-09-22,WMT,9.1770368,9.2002775,9.0188598
2021-09-23,AAPL,40.325601,40.285504,39.551879
2021-09-23,AMGN,17.063137,17.34759,17.094228
2021-09-23,CRM,20.183273,20.217143,20.018247
2021-09-23,CSCO,15.895993,16.083609,15.840641
2021-09-23,IBM,19.161512,19.090646,19.125841
2021-09-23,INTC,36.791894,37.305781,36.708721
2021-09-23,MSFT,177.9272,179.37087,175.0191
2021-09-23,NKE,10.781367,10.732963,10.36487
2021-09-23,VZ,10.595327,10.695277,10.566332
2021-09-23,WMT,9.1688716,9.3114641,9.1644657
2021-09-24,AAPL,38.768824,39.045903,38.230305
2021-09-24,AMGN,17.563697,17.76038,17.516396
2021-09-24,CRM,20.305619,19.725108,20.153234
2021-09-24,CSCO,16.070749,16.082929,16.130912
2021-09-24,IBM,19.519288,19.943244,19.180816
2021-09-24,INTC,36.41914,36.723575,35.776511
2021-09-24,MSFT,177.1137,178.0837,175.03556
2021-09-24,NKE,10.919529,11.005444,10.723839
2021-09-24,VZ,10.663777,10.8455,10.711878
2021-09-24,WMT,8.9933121,9.1149199,8.9227603
2021-09-27,AAPL,38.235362,38.858912,38.516149
2021-09-27,AMGN,17.470272,17.438627,17.527813
2021-09-27,CRM,20.513733,20.785095,19.793563
2021-09-27,CSCO,16.529966,16.725105,16.358967
2021-09-27,IBM,19.567853,19.501568,19.64993
2021-09-27,INTC,36.131829,37.022068,35.471818
2021-09-27,MSFT,176.79454,178.16964,175.63409
2021-09-27,NKE,11.006635,11.083029,11.105774
2021-09-27,VZ,10.73696,10.864808,10.650081
2021-09-27,WMT,8.9362383,8.9743094,8.8650982
2021-09-28,AAPL,37.842405,37.951228,37.614368
2021-09-28,AMGN,17.579218,18.068475,17.559944
2021-09-28,CRM,20.70474,21.150528,20.987025
2021-09-28,CSCO,16.465862,16.769292,16.102918
2021-09-28,IBM,19.289315,19.561719,19.368826
2021-09-28,INTC,36.430902,36.762691,36.367394
2021-09-28,MSFT,176.81937,180.87279,178.25271
2021-09-28,NKE,11.113385,11.21964,11.088147
2021-09-28,VZ,10.664805,10.744318,10.815204
2021-09-28,WMT,8.9013415,8.955811,8.8109349
2021-09-29,AAPL,37.547381,37.571582,36.680767
2021-09-29,AMGN,17.393959,17.800004,16.987502
2021-09-29,CRM,20.330314,21.165898,19.623947
2021-09-29,CSCO,16.944601,17.167911,16.94341
2021-09-29,IBM,18.981195,19.239753,19.180707
2021-09-29,INTC,36.760487,36.415814,36.773752
2021-09-29,MSFT,181.0253,181.59649,179.83227
2021-09-29,NKE,11.075638,11.080436,10.942034
2021-09-29,VZ,10.481639,10.658166,10.470649
2021-09-29,WMT,8.5750112,8.7019526,8.5216651
2021-09-30,AAPL,36.421263,36.352038,35.894672
2021-09-30,AMGN,17.793621,17.955795,17.705517
2021-09-30,CRM,21.295155,21.540326,21.217227
2021-09-30,CSCO,16.875892,16.838536,16.831436
2021-09-30,IBM,18.39992,18.754832,18.344072
2021-09-30,INTC,37.064186,38.277398,36.104648
2021-09-30,MSFT,186.69062,188.6046,181.02077
2021-09-30,NKE,11.074595,11.101122,10.84547
2021-09-30,VZ,10.424813,10.496402,10.395089
2021-09-30,WMT,8.5492196,8.5795514,8.5164897
2021-10-01,AAPL,36.276194,36.204652,36.163507
2021-10-01,AMGN,17.572751,17.615329,17.459752
2021-10-01,CRM,21.31002,22.261207,20.791691
2021-10-01,CSCO,16.144173,16.070412,16.103298
2021-10-01,IBM,18.420813,18.483171,18.258627
2021-10-01,INTC,37.372672,37.024725,37.03088
2021-10-01,MSFT,186.24963,187.37635,187.47236
2021-10-01,NKE,11.153764,11.215279,11.116975
2021-10-01,VZ,10.309468,10.368672,10.246167
2021-10-01,WMT,8.5544633,8.5863158,8.4952232
2021-10-04,AAPL,37.384437,37.244984,37.463278
2021-10-04,AMGN,17.597963,18.118578,17.521094
2021-10-04,CRM,20.797052,20.62302,20.83537
2021-10-04,CSCO,16.061202,16.212848,15.871732
2021-10-04,IBM,18.116621,17.980858,18.059085
2021-10-04,INTC,36.926319,37.375878,37.109916
2021-10-04,MSFT,188.21254,189.8103,187.41304
2021-10-04,NKE,11.000303,11.021851,10.922921
2021-10-04,VZ,10.201297,10.230965,10.490729
2021-10-04,WMT,8.4908566,8.5463428,8.3723409
2021-10-05,AAPL,36.694657,36.863266,36.447747
2021-10-05,AMGN,17.111654,17.121486,16.848799
2021-10-05,CRM,21.076506,21.520189,20.304452
2021-10-05,CSCO,15.68971,15.659546,15.499762
2021-10-05,IBM,18.223366,18.394955,18.137065
2021-10-05,INTC,36.707804,37.035289,36.599511
2021-10-05,MSFT,187.78875,189.5001,187.35983
2021-10-05,NKE,10.801272,10.782182,10.652312
2021-10-05,VZ,9.9466436,9.8813483,9.9306048
2021-10-05,WMT,8.4241691,8.4719508,8.4687855
2021-10-06,AAPL,36.822122,37.15214,36.496398
2021-10-06,AMGN,17.024196,17.370259,17.096032
2021-10-06,CRM,22.477261,22.980986,21.805309
2021-10-06,CSCO,15.537694,15.562664,15.4097
2021-10-06,IBM,18.45354,18.662936,18.238107
2021-10-06,INTC,37.40929,37.365542,37.341331
2021-10-06,MSFT,190.47123,191.29764,186.51718
2021-10-06,NKE,11.164688,11.35613,11.366823
2021-10-06,VZ,9.7562334,9.7144294,9.8937843
2021-10-06,WMT,8.1962376,8.2048739,8.1156871
2021-10-07,AAPL,35.515397,35.989316,34.907545
2021-10-07,AMGN,16.748511,16.943775,16.867971
2021-10-07,CRM,23.631617,23.706712,23.301891
2021-10-07,CSCO,15.322289,15.780946,15.195891
2021-10-07,IBM,18.178888,18.470542,18.078625
2021-10-07,INTC,36.966553,36.659135,36.109366
2021-10-07,MSFT,192.85302,191.82125,189.0478
2021-10-07,NKE,11.493485,11.562126,11.319658
2021-10-07,VZ,9.8759598,9.9559554,9.8524802
2021-10-07,WMT,8.0266414,8.006516,7.8925293
2021-10-08,AAPL,35.936257,36.249262,35.915126
2021-10-08,AMGN,16.958144,17.119247,16.622314
2021-10-08,CRM,22.053815,21.598339,21.891689
2021-10-08,CSCO,15.425867,15.670421,15.239562
2021-10-08,IBM,17.651672,17.57904,17.724041
2021-10-08,INTC,37.529819,37.707303,37.090027
2021-10-08,MSFT,189.86896,194.76404,187.88655
2021-10-08,NKE,11.451699,11.510036,11.760173
2021-10-08,VZ,9.9636272,10.053195,9.8373841
2021-10-08,WMT,7.9098409,7.9175946,7.8201257
2021-10-11,AAPL,37.841613,38.357296,37.52331
2021-10-11,AMGN,16.827322,16.996117,16.600227
2021-10-11,CRM,21.209796,21.142442,21.411447
2021-10-11,CSCO,15.074275,15.052836,14.801081
2021-10-11,IBM,17.844911,18.077558,17.618617
2021-10-11,INTC,37.794027,38.608279,37.700988
2021-10-11,MSFT,188.44697,188.59054,184.20105
2021-10-11,NKE,11.058973,11.225031,10.890755
2021-10-11,VZ,9.8165308,9.8779031,9.8721585
2021-10-11,WMT,7.8773916,7.8094649,7.8743106
2021-10-12,AAPL,37.299206,37.601629,35.931912
2021-10-12,AMGN,17.087677,17.316571,17.007296
2021-10-12,CRM,21.310137,21.54226,21.005177
2021-10-12,CSCO,15.045656,15.251245,14.956863
2021-10-12,IBM,17.889686,17.887545,17.537576
2021-10-12,INTC,38.978581,39.26084,39.71696
2021-10-12,MSFT,187.28698,188.51647,188.64994
2021-10-12,NKE,10.771837,10.916786,10.63623
2021-10-12,VZ,9.599238,9.6160709,9.5439514
2021-10-12,WMT,7.7437773,7.7530169,7.7934805
2021-10-13,AAPL,37.871512,38.455109,36.969532
2021-10-13,AMGN,17.089222,17.266859,16.719923
2021-10-13,CRM,20.697486,21.141882,20.171342
2021-10-13,CSCO,15.044879,15.182915,14.929568
2021-10-13,IBM,17.807556,17.89727,17.608662
2021-10-13,INTC,38.517225,38.383299,38.103459
2021-10-13,MSFT,179.48524,179.5318,179.3345
2021-10-13,NKE,10.896513,11.132963,10.883211
2021-10-13,VZ,9.6297022,9.7312671,9.4894026
2021-10-13,WMT,7.6405974,7.7261389,7.6935485
2021-10-14,AAPL,38.371255,38.124778,38.559918
2021-10-14,AMGN,17.451747,17.655962,17.727574
2021-10-14,CRM,21.830388,22.084784,21.723621
2021-10-14,CSCO,14.702102,15.044289,14.728751
2021-10-14,IBM,17.250677,17.214136,17.292159
2021-10-14,INTC,38.36324,38.427188,36.997106
2021-10-14,MSFT,183.32111,184.31274,183.21494
2021-10-14,NKE,11.090184,11.161664,10.775342
2021-10-14,VZ,9.5198112,9.5775535,9.4454672
2021-10-14,WMT,7.6420978,7.757243,7.5951331
2021-10-15,AAPL,39.007732,39.813959,38.4048
2021-10-15,AMGN,17.214581,17.4823,16.968762
2021-10-15,CRM,21.296891,21.267651,20.887328
2021-10-15,CSCO,14.746245,14.739169,14.597493
2021-10-15,IBM,16.951709,17.086228,16.842958
2021-10-15,INTC,40.105425,40.359522,39.693471
2021-10-15,MSFT,186.17398,182.83245,187.11604
2021-10-15,NKE,11.103292,11.260646,11.046627
2021-10-15,VZ,9.6485904,9.9306014,9.4732651
2021-10-15,WMT,7.6023587,7.7483673,7.5868062
2021-10-18,AAPL,38.615125,38.723514,36.814134
2021-10-18,AMGN,16.677844,16.911647,16.524577
2021-10-18,CRM,21.229967,21.534884,21.152254
2021-10-18,CSCO,14.346226,14.611562,14.249705
2021-10-18,IBM,16.700101,16.822669,16.657102
2021-10-18,INTC,39.941383,40.066836,38.710461
2021-10-18,MSFT,188.0734,189.48021,186.45741
2021-10-18,NKE,11.349769,11.605261,11.148827
2021-10-18,VZ,9.697681,9.7110023,9.5804069
2021-10-18,WMT,7.463056,7.6175518,7.3883268
2021-10-19,AAPL,38.923951,39.132291,38.877974
2021-10-19,AMGN,16.701519,16.919916,16.359804
2021-10-19,CRM,20.724625,20.473022,20.315573
2021-10-19,CSCO,14.181847,14.247085,14.011911
2021-10-19,IBM,16.495777,16.536107,16.59686
2021-10-19,INTC,39.635598,39.224933,39.116467
2021-10-19,MSFT,181.24984,184.93961,177.46008
2021-10-19,NKE,11.258835,11.35077,11.251536
2021-10-19,VZ,9.4697215,9.5687897,9.6037307
2021-10-19,WMT,7.4821197,7.578284,7.4556688
2021-10-20,AAPL,40.207414,40.504725,39.649095
2021-10-20,AMGN,16.80838,17.174277,16.768525
2021-10-20,CRM,20.873074,21.22854,21.005691
2021-10-20,CSCO,13.971709,14.052291,13.811364
2021-10-20,IBM,16.235336,16.325084,16.242344
2021-10-20,INTC,39.266292,39.014998,39.393945
2021-10-20,MSFT,179.32747,178.66816,176.02078
2021-10-20,NKE,11.053282,11.081756,10.918799
2021-10-20,VZ,9.5783933,9.8328954,9.5995675
2021-10-20,WMT,7.3826831,7.5026254,7.3498317
2021-10-21,AAPL,40.507328,40.623544,39.619361
2021-10-21,AMGN,16.312179,16.653117,16.155515
2021-10-21,CRM,21.272766,21.120697,20.750907
2021-10-21,CSCO,13.910098,14.051058,13.928433
2021-10-21,IBM,15.867656,16.111457,15.813879
2021-10-21,INTC,38.040947,38.487279,37.063933
2021-10-21,MSFT,179.15217,180.62735,177.85012
2021-10-21,NKE,11.347047,11.436735,11.302743
2021-10-21,VZ,9.579044,9.6653223,9.5454844
2021-10-21,WMT,7.352863,7.3654078,7.2405401
2021-10-22,AAPL,39.992061,40.046086,40.110861
2021-10-22,AMGN,16.15225,16.319176,16.299501
2021-10-22,CRM,21.325381,21.405463,20.923715
2021-10-22,CSCO,13.933232,13.923595,13.828934
2021-10-22,IBM,16.061628,16.354733,16.048283
2021-10-22,INTC,37.767749,37.436393,36.895223
2021-10-22,MSFT,175.34364,177.69733,171.96849
2021-10-22,NKE,11.453123,11.356273,11.232884
2021-10-22,VZ,9.7312344,9.7310662,9.5603672
2021-10-22,WMT,7.2843471,7.3372442,7.3050071
2021-10-25,AAPL,39.869722,39.522812,39.447591
2021-10-25,AMGN,16.124377,16.163953,15.871957
2021-10-25,CRM,21.973339,22.373828,21.799343
2021-10-25,CSCO,14.060748,14.49997,13.715774
2021-10-25,IBM,15.943491,16.016121,16.168098
2021-10-25,INTC,36.450887,36.329128,35.831923
2021-10-25,MSFT,174.16834,175.71786,171.62433
2021-10-25,NKE,11.739395,11.981117,11.42943
2021-10-25,VZ,9.7848246,9.8826144,9.5360167
2021-10-25,WMT,7.2284117,7.2302583,7.295822
2021-10-26,AAPL,39.696064,40.470256,38.740385
2021-10-26,AMGN,15.824202,15.924599,16.122552
2021-10-26,CRM,21.505267,21.808306,20.831894
2021-10-26,CSCO,14.343761,14.465013,14.349074
2021-10-26,IBM,15.730715,15.940816,15.575788
2021-10-26,INTC,36.686778,36.764808,36.08442
2021-10-26,MSFT,178.08624,180.115,176.93714
2021-10-26,NKE,11.613836,11.680114,11.552393
2021-10-26,VZ,9.6273652,9.7321775,9.4891018
2021-10-26,WMT,7.2210305,7.1942717,7.1890418
2021-10-27,AAPL,38.709764,39.423328,38.505521
2021-10-27,AMGN,15.560845,15.770009,15.528926
2021-10-27,CRM,20.457797,20.499546,19.642067
2021-10-27,CSCO,14.817168,14.689612,14.640344
2021-10-27,IBM,15.880487,15.973616,15.795337
2021-10-27,INTC,36.487037,37.362919,35.805042
2021-10-27,MSFT,175.23908,177.84215,173.27296
2021-10-27,NKE,11.715231,11.742098,11.717421
2021-10-27,VZ,9.6769149,9.7102487,9.5112553
2021-10-27,WMT,7.2769605,7.4302427,7.2279882
2021-10-28,AAPL,38.265855,38.286213,37.142228
2021-10-28,AMGN,15.973093,16.105829,15.77909
2021-10-28,CRM,19.214761,19.827003,18.688904
2021-10-28,CSCO,14.717065,14.924912,14.72097
2021-10-28,IBM,15.811354,15.946631,15.808556
2021-10-28,INTC,36.642324,36.328146,36.531975
2021-10-28,MSFT,176.31462,176.77082,177.48008
2021-10-28,NKE,11.767478,11.888959,11.488561
2021-10-28,VZ,9.6018824,9.6066018,9.5063696
2021-10-28,WMT,7.2052487,7.2560769,7.1863075
2021-10-29,AAPL,38.159612,38.593416,37.5406
2021-10-29,AMGN,16.094266,16.281487,15.861413
2021-10-29,CRM,18.981413,19.039934,19.091914
2021-10-29,CSCO,15.069221,15.285984,14.854821
2021-10-29,IBM,16.11746,16.506031,16.156881
2021-10-29,INTC,35.974968,36.893297,36.036071
2021-10-29,MSFT,177.46216,179.32912,176.8031
2021-10-29,NKE,11.46688,11.489706,11.327082
2021-10-29,VZ,9.6061914,9.8229483,9.7356938
2021-10-29,WMT,7.4106051,7.4422313,7.3635625
2021-11-01,AAPL,38.706572,38.946385,38.730565
2021-11-01,AMGN,15.904736,16.107437,15.845978
2021-11-01,CRM,19.392945,19.72267,19.344162
2021-11-01,CSCO,15.284599,15.271657,14.837537
2021-11-01,IBM,15.965772,16.141432,15.534385
2021-11-01,INTC,35.764191,36.17255,36.16668
2021-11-01,MSFT,177.1854,178.53699,178.2906
2021-11-01,NKE,11.2209,11.1018,11.230213
2021-11-01,VZ,9.5428574,9.5860634,9.6148503
2021-11-01,WMT,7.4097077,7.4445488,7.3673218
2021-11-02,AAPL,39.048021,39.454393,38.228028
2021-11-02,AMGN,15.769216,15.995934,15.753342
2021-11-02,CRM,19.73423,19.815104,19.563658
2021-11-02,CSCO,15.304471,15.385866,15.323839
2021-11-02,IBM,15.604458,15.683215,15.531382
2021-11-02,INTC,36.217936,36.826623,35.346929
2021-11-02,MSFT,181.50704,184.82293,183.72969
2021-11-02,NKE,11.382222,11.467601,11.472432
2021-11-02,VZ,9.5798698,9.6483482,9.5377303
2021-11-02,WMT,7.4605193,7.460011,7.4297344
2021-11-03,AAPL,38.522229,38.362852,38.884334
2021-11-03,AMGN,15.743365,15.868982,15.467584
2021-11-03,CRM,19.798633,20.033157,19.241775
2021-11-03,CSCO,15.215181,15.35854,15.219772
2021-11-03,IBM,15.502764,15.424008,15.576619
2021-11-03,INTC,36.023534,36.319874,35.500505
2021-11-03,MSFT,186.66269,186.10277,185.32501
2021-11-03,NKE,11.491371,11.629611,11.40101
2021-11-03,VZ,9.5220164,9.6590325,9.4749938
2021-11-03,WMT,7.3525442,7.4941309,7.2842804
2021-11-04,AAPL,38.191342,38.70178,37.838435
2021-11-04,AMGN,15.501893,15.541987,15.36589
2021-11-04,CRM,19.31092,19.626199,18.713408
2021-11-04,CSCO,15.034603,14.818571,14.990707
2021-11-04,IBM,15.785179,15.999089,15.962213
2021-11-04,INTC,35.255288,35.335712,34.880026
2021-11-04,MSFT,187.52985,186.73436,188.3779
2021-11-04,NKE,11.309815,11.409343,11.051053
2021-11-04,VZ,9.3168699,9.2858609,9.0820925
2021-11-04,WMT,7.3085739,7.3054065,7.3758658
2021-11-05,AAPL,38.77384,39.998968,38.730641
2021-11-05,AMGN,15.607983,15.624021,15.437236
2021-11-05,CRM,19.271924,20.320335,18.86801
2021-11-05,CSCO,15.145593,15.152416,15.133314
2021-11-05,IBM,15.433309,15.639692,15.358813
2021-11-05,INTC,35.404653,35.596355,35.606033
2021-11-05,MSFT,190.48812,190.34833,190.18469
2021-11-05,NKE,11.277016,11.49351,11.208558
2021-11-05,VZ,9.3578227,9.4345305,9.3395128
2021-11-05,WMT,7.2399316,7.3070575,7.1391789
2021-11-08,AAPL,39.145432,39.626982,38.079533
2021-11-08,AMGN,15.454573,15.461207,15.64063
2021-11-08,CRM,18.922488,19.343113,18.650738
2021-11-08,CSCO,15.0292,15.18018,14.811382
2021-11-08,IBM,15.942144,16.22128,15.946135
2021-11-08,INTC,35.87174,36.335285,36.1084
2021-11-08,MSFT,185.77818,184.12795,184.20092
2021-11-08,NKE,11.088717,10.981718,10.823017
2021-11-08,VZ,9.1002662,9.0611259,9.0228773
2021-11-08,WMT,7.2384468,7.3058558,7.1931852
2021-11-09,AAPL,38.410987,39.277901,37.838033
2021-11-09,AMGN,15.329788,15.661853,15.26355
2021-11-09,CRM,19.208269,19.216011,18.593662
2021-11-09,CSCO,14.679945,14.619961,14.586055
2021-11-09,IBM,16.061194,16.114487,15.929649
2021-11-09,INTC,35.318518,35.700396,35.189845
2021-11-09,MSFT,188.12633,188.14497,187.28612
2021-11-09,NKE,10.762682,10.865934,10.766771
2021-11-09,VZ,8.862793,8.8637714,8.8453846
2021-11-09,WMT,7.1936305,7.3697656,7.1403763
2021-11-10,AAPL,39.135117,39.773205,38.595143
2021-11-10,AMGN,15.429802,15.477142,15.082764
2021-11-10,CRM,17.967035,18.220727,17.290801
2021-11-10,CSCO,14.81796,15.090896,14.700987
2021-11-10,IBM,15.968866,16.187689,16.02094
2021-11-10,INTC,34.951138,35.022423,34.615048
2021-11-10,MSFT,188.33658,189.47543,186.19771
2021-11-10,NKE,10.702395,10.797894,10.584068
2021-11-10,VZ,8.8287572,9.038826,8.6479692
2021-11-10,WMT,6.9805925,7.0239218,6.9183521
2021-11-11,AAPL,38.700852,38.605821,39.439552
2021-11-11,AMGN,15.463524,15.585085,15.326771
2021-11-11,CRM,18.269516,18.372672,18.46735
2021-11-11,CSCO,14.800562,15.046987,14.754518
2021-11-11,IBM,15.774035,15.982966,15.612834
2021-11-11,INTC,34.163014,33.996447,33.829719
2021-11-11,MSFT,189.11688,188.4158,188.97306
2021-11-11,NKE,10.616631,10.755636,10.627689
2021-11-11,VZ,8.8168274,8.9757595,8.8814489
2021-11-11,WMT,7.0567932,7.1561801,6.9441476
2021-11-12,AAPL,38.755073,39.447582,38.291238
2021-11-12,AMGN,15.131712,15.359759,14.734584
2021-11-12,CRM,18.017304,18.631201,18.202627
2021-11-12,CSCO,15.116197,15.067929,15.064578
2021-11-12,IBM,15.634319,15.571849,15.573679
2021-11-12,INTC,34.491947,34.163789,34.207798
2021-11-12,MSFT,190.17329,195.32497,187.16971
2021-11-12,NKE,10.178131,10.315491,10.012038
2021-11-12,VZ,8.7379288,8.6958553,8.6596135
2021-11-12,WMT,6.8940135,6.9066738,6.9396671
2021-11-15,AAPL,38.549604,39.113823,37.020572
2021-11-15,AMGN,15.062546,15.463675,15.010322
2021-11-15,CRM,17.798593,18.134546,18.225754
2021-11-15,CSCO,14.603232,14.642434,14.800231
2021-11-15,IBM,15.493315,15.5572,15.498051
2021-11-15,INTC,36.738671,36.686871,36.570505
2021-11-15,MSFT,192.70114,193.00903,189.38061
2021-11-15,NKE,9.973316,10.210805,9.8805512
2021-11-15,VZ,8.7444907,8.7643186,8.5987493
2021-11-15,WMT,6.9204238,6.9978703,6.8604359
2021-11-16,AAPL,39.29903,39.355758,39.249047
2021-11-16,AMGN,14.817777,15.063406,14.335861
2021-11-16,CRM,17.378357,17.19592,16.987477
2021-11-16,CSCO,14.709531,14.744829,14.619474
2021-11-16,IBM,15.272564,15.381926,15.151452
2021-11-16,INTC,36.166458,36.584451,35.321959
2021-11-16,MSFT,192.13515,193.99113,190.08882
2021-11-16,NKE,9.7125951,9.8121755,9.5441485
2021-11-16,VZ,8.846561,8.8094077,8.7973226
2021-11-16,WMT,6.8936953,6.9896971,6.7401487
2021-11-17,AAPL,38.89591,39.483039,39.143828
2021-11-17,AMGN,14.430285,14.787919,14.102127
2021-11-17,CRM,17.48422,17.630824,17.216963
2021-11-17,CSCO,14.593812,14.647877,14.614889
2021-11-17,IBM,15.101862,15.338741,14.926271
2021-11-17,INTC,35.418754,35.720433,34.776852
2021-11-17,MSFT,198.78294,201.30584,201.98951
2021-11-17,NKE,9.4250431,9.4989886,9.4970718
2021-11-17,VZ,8.7409277,8.9163681,8.7668172
2021-11-17,WMT,6.9538267,6.9840241,6.9903507
2021-11-18,AAPL,38.621076,39.209521,37.45552
2021-11-18,AMGN,14.553688,14.927763,14.579194
2021-11-18,CRM,17.782525,18.417398,17.487772
2021-11-18,CSCO,14.850149,15.235966,14.561783
2021-11-18,IBM,14.979984,15.130999,14.862705
2021-11-18,INTC,34.87479,35.150862,35.575594
2021-11-18,MSFT,199.44039,201.3089,197.22584
2021-11-18,NKE,9.6546758,9.7839192,9.612225
2021-11-18,VZ,8.5507297,8.7010028,8.575433
2021-11-18,WMT,7.0315673,7.0313078,7.0224134
2021-11-19,AAPL,38.073745,38.628071,38.337682
2021-11-19,AMGN,14.346228,14.705475,14.263978
2021-11-19,CRM,17.536059,17.480538,17.1091
2021-11-19,CSCO,14.701518,14.608618,14.49474
2021-11-19,IBM,14.837921,14.89907,14.628493
2021-11-19,INTC,34.14392,34.83493,33.380021
2021-11-19,MSFT,196.58645,194.44062,193.90879
2021-11-19,NKE,9.6909742,9.7276374,9.6386643
2021-11-19,VZ,8.327488,8.4633369,8.3030841
2021-11-19,WMT,6.9682816,7.0385475,6.8695153
2021-11-22,AAPL,38.314941,38.473547,38.422624
2021-11-22,AMGN,14.37699,14.643684,14.348856
2021-11-22,CRM,17.031197,17.056587,17.20499
2021-11-22,CSCO,14.864969,14.876181,14.706412
2021-11-22,IBM,14.87555,14.946321,14.791942
2021-11-22,INTC,34.379515,34.402937,34.086896
2021-11-22,MSFT,194.14444,196.12749,193.13128
2021-11-22,NKE,9.7817587,9.8315082,9.8769782
2021-11-22,VZ,8.3046082,8.4699369,8.1462905
2021-11-22,WMT,6.9020409,6.8789424,6.9344826
2021-11-23,AAPL,38.130232,38.700916,37.672973
2021-11-23,AMGN,14.235358,14.27883,14.19917
2021-11-23,CRM,16.882089,16.618114,16.540913
2021-11-23,CSCO,14.994292,15.094939,14.942984
2021-11-23,IBM,14.826119,15.047323,14.994002
2021-11-23,INTC,34.767943,34.887168,34.040845
2021-11-23,MSFT,189.01375,190.55538,187.77662
2021-11-23,NKE,9.7442804,9.7675277,9.3303173
2021-11-23,VZ,8.3224064,8.3310308,8.4034418
2021-11-23,WMT,6.8243554,6.8781304,6.8160261
2021-11-24,AAPL,38.592146,39.011016,37.196231
2021-11-24,AMGN,13.758333,13.894551,13.761502
2021-11-24,CRM,16.177962,16.851711,15.598618
2021-11-24,CSCO,14.44796,14.438223,14.141577
2021-11-24,IBM,14.762694,14.9046,14.720681
2021-11-24,INTC,34.826538,35.420223,34.505576
2021-11-24,MSFT,183.90667,184.22116,181.51932
2021-11-24,NKE,9.8888853,9.879194,9.7875227
2021-11-24,VZ,8.1294793,8.2225709,8.101832
2021-11-24,WMT,6.8602708,6.8549084,6.8258022
2021-11-26,AAPL,38.47724,38.798228,37.4419
2021-11-26,AMGN,13.509787,13.89056,13.333163
2021-11-26,CRM,16.002057,16.154651,15.76893
2021-11-26,CSCO,14.315269,14.425308,14.337003
2021-11-26,IBM,14.684385,14.625395,14.75693
2021-11-26,INTC,35.602201,35.811729,35.999437
2021-11-26,MSFT,182.86141,184.28683,182.04225
2021-11-26,NKE,10.001705,10.11829,10.045015
2021-11-26,VZ,8.0129015,7.9538813,8.1373064
2021-11-26,WMT,6.878792,6.8751146,6.9616448
2021-11-29,AAPL,38.415279,38.317088,37.852088
2021-11-29,AMGN,13.491485,13.749939,13.256249
2021-11-29,CRM,16.455327,16.433768,16.51846
2021-11-29,CSCO,14.114151,14.118568,14.146755
2021-11-29,IBM,14.679127,14.66407,14.466707
2021-11-29,INTC,35.182303,35.179568,34.598329
2021-11-29,MSFT,180.22209,182.79084,180.9003
2021-11-29,NKE,10.130915,10.219692,9.9242352
2021-11-29,VZ,7.9507298,7.993923,7.8676546
2021-11-29,WMT,6.8046353,6.8520639,6.7458161
2021-11-30,AAPL,39.282402,39.189619,37.469645
2021-11-30,AMGN,13.434517,13.554778,13.300492
2021-11-30,CRM,16.603302,16.635106,16.491237
2021-11-30,CSCO,14.20115,14.304249,13.887807
2021-11-30,IBM,14.764934,14.97707,14.584336
2021-11-30,INTC,35.113707,35.310168,34.928367
2021-11-30,MSFT,181.0364,181.46552,179.0921
2021-11-30,NKE,9.6786734,9.8649248,9.6133685
2021-11-30,VZ,7.959975,8.0059266,7.8202804
2021-11-30,WMT,6.7318185,6.7049739,6.6834092
2021-12-01,AAPL,39.28578,39.687362,39.585052
2021-12-01,AMGN,13.432171,13.661688,13.257012
2021-12-01,CRM,16.333744,16.670275,16.231917
2021-12-01,CSCO,14.235497,14.312857,14.159151
2021-12-01,IBM,15.048307,15.183895,14.712575
2021-12-01,INTC,35.442297,36.297752,34.77442
2021-12-01,MSFT,180.6969,179.95074,182.1171
2021-12-01,NKE,9.8222492,10.031142,9.7136667
2021-12-01,VZ,7.9159505,7.9563134,7.7988099
2021-12-01,WMT,6.6645351,6.7645745,6.5480302
2021-12-02,AAPL,39.826927,39.907867,39.926079
2021-12-02,AMGN,13.189826,13.165844,13.10961
2021-12-02,CRM,16.899586,17.006522,16.495629
2021-12-02,CSCO,14.215709,14.14305,14.121263
2021-12-02,IBM,14.687506,14.860131,14.724311
2021-12-02,INTC,35.778594,35.795202,35.951289
2021-12-02,MSFT,175.67595,178.52394,177.34318
2021-12-02,NKE,9.4086578,9.5687482,9.3440542
2021-12-02,VZ,7.7792288,7.803111,7.5301506
2021-12-02,WMT,6.7508417,6.779043,6.7508208
2021-12-03,AAPL,40.455841,40.365054,39.458403
2021-12-03,AMGN,13.355281,13.691035,13.381216
2021-12-03,CRM,17.10046,17.248441,16.889863
2021-12-03,CSCO,13.705941,13.958196,13.698961
2021-12-03,IBM,14.488626,14.640032,14.36164
2021-12-03,INTC,35.69098,35.705858,34.825798
2021-12-03,MSFT,174.79185,176.41662,172.88556
2021-12-03,NKE,9.2290434,9.3495932,9.1015987
2021-12-03,VZ,7.7034058,7.7107937,7.657647
2021-12-03,WMT,6.6998777,6.7239805,6.7315433
2021-12-06,AAPL,41.594627,42.639098,41.442682
2021-12-06,AMGN,13.124165,13.078434,13.047839
2021-12-06,CRM,17.848985,18.139621,17.876682
2021-12-06,CSCO,13.741942,13.852084,13.905018
2021-12-06,IBM,14.260541,14.31492,14.283564
2021-12-06,INTC,35.995186,35.873953,35.963194
2021-12-06,MSFT,174.48639,175.79314,174.06616
2021-12-06,NKE,9.0472386,9.0806316,8.9270134
2021-12-06,VZ,7.6402283,7.8313368,7.518796
2021-12-06,WMT,6.6479379,6.6743359,6.6088413
2021-12-07,AAPL,42.112219,43.349801,42.411075
2021-12-07,AMGN,12.981827,13.04289,12.834799
2021-12-07,CRM,18.094007,18.632323,18.16482
2021-12-07,CSCO,13.672545,13.582821,13.393857
2021-12-07,IBM,14.376506,14.594556,14.248078
2021-12-07,INTC,34.824942,35.040694,34.499553
2021-12-07,MSFT,179.55312,181.48478,178.6176
2021-12-07,NKE,9.0258276,9.1630817,8.8573814
2021-12-07,VZ,7.7261867,7.628478,7.6909254
2021-12-07,WMT,6.6229303,6.6513086,6.5961381
2021-12-08,AAPL,41.924823,41.860381,41.546172
2021-12-08,AMGN,13.08868,13.326968,12.846278
2021-12-08,CRM,18.128415,18.66359,17.607813
2021-12-08,CSCO,13.722761,13.721719,13.437838
2021-12-08,IBM,14.222499,14.393886,14.105669
2021-12-08,INTC,34.597774,34.85005,34.814242
2021-12-08,MSFT,180.54304,184.74389,180.47368
2021-12-08,NKE,8.7410555,8.7434761,8.8285577
2021-12-08,VZ,7.6763376,7.7524576,7.6946907
2021-12-08,WMT,6.6270653,6.6163915,6.5913862
2021-12-09,AAPL,41.481174,41.890165,40.309656
2021-12-09,AMGN,12.686521,13.065194,12.582397
2021-12-09,CRM,17.956418,18.22826,17.427078
2021-12-09,CSCO,13.945381,13.866201,13.762745
2021-12-09,IBM,14.009717,14.139744,13.934872
2021-12-09,INTC,34.297876,35.029851,33.398822
2021-12-09,MSFT,179.1905,178.71933,178.89968
2021-12-09,NKE,8.7995643,8.7314991,8.816259
2021-12-09,VZ,7.504969,7.505793,7.5792707
2021-12-09,WMT,6.4686135,6.5092754,6.3281064
2021-12-10,AAPL,41.634566,42.567325,41.092135
2021-12-10,AMGN,12.34254,12.407469,12.357065
2021-12-10,CRM,17.586869,17.855276,17.202044
2021-12-10,CSCO,13.995157,14.192228,14.156008
2021-12-10,IBM,13.851363,13.853536,13.549685
2021-12-10,INTC,34.616299,34.590846,34.769082
2021-12-10,MSFT,177.61534,181.88587,177.65055
2021-12-10,NKE,8.6030443,8.6344347,8.3829467
2021-12-10,VZ,7.3463406,7.4822187,7.2519065
2021-12-10,WMT,6.4500415,6.4523859,6.2952633
2021-12-13,AAPL,41.848003,42.920796,41.794409
2021-12-13,AMGN,12.616797,12.678639,12.432427
2021-12-13,CRM,18.689209,18.855845,17.950343
2021-12-13,CSCO,14.366108,14.760259,13.923034
2021-12-13,IBM,13.785686,13.850864,13.850049
2021-12-13,INTC,33.965954,34.156559,33.679068
2021-12-13,MSFT,177.60408,178.04359,174.20324
2021-12-13,NKE,8.4979127,8.6993649,8.4662378
2021-12-13,VZ,7.3363048,7.4821107,7.2662044
2021-12-13,WMT,6.4617451,6.4671696,6.4955182
2021-12-14,AAPL,40.134962,40.242416,40.057238
2021-12-14,AMGN,12.551855,12.911677,12.376299
2021-12-14,CRM,18.867164,19.064315,18.571269
2021-12-14,CSCO,14.085475,14.315768,13.864979
2021-12-14,IBM,13.833223,14.044929,13.670258
2021-12-14,INTC,34.299041,34.476366,34.427959
2021-12-14,MSFT,178.2186,180.933,174.0848
2021-12-14,NKE,8.5488352,8.4795028,8.5380919
2021-12-14,VZ,7.2635741,7.3496994,7.290084
2021-12-14,WMT,6.3736798,6.3464922,6.333718
2021-12-15,AAPL,40.462609,40.75285,39.358655
2021-12-15,AMGN,12.367393,12.511283,12.2419
2021-12-15,CRM,18.086096,18.093627,17.970509
2021-12-15,CSCO,14.285163,14.390035,14.431213
2021-12-15,IBM,14.008207,14.145189,13.785878
2021-12-15,INTC,34.334117,34.8921,34.05364
2021-12-15,MSFT,176.93409,180.42839,175.30656
2021-12-15,NKE,8.7662295,8.9454822,8.6308415
2021-12-15,VZ,7.1726436,7.2376827,7.0746806
2021-12-15,WMT,6.1952491,6.3309889,6.1651347
2021-12-16,AAPL,40.217219,41.066039,40.245342
2021-12-16,AMGN,12.467872,12.695672,12.167927
2021-12-16,CRM,17.768511,17.9561,17.818148
2021-12-16,CSCO,14.315393,14.44084,14.130689
2021-12-16,IBM,13.996202,14.135316,13.948245
2021-12-16,INTC,33.644718,33.646414,33.991881
2021-12-16,MSFT,174.04242,176.94835,171.99822
2021-12-16,NKE,8.8845874,9.0506202,8.6179834
2021-12-16,VZ,6.9584567,7.0043661,6.9359599
2021-12-16,WMT,6.0745362,6.1198725,6.0769092
2021-12-17,AAPL,39.945851,40.46981,39.988432
2021-12-17,AMGN,12.019785,12.272954,12.110412
2021-12-17,CRM,17.687684,17.652234,17.198109
2021-12-17,CSCO,14.465629,14.358712,14.044645
2021-12-17,IBM,13.852527,13.758842,13.811897
2021-12-17,INTC,33.496891,33.918215,32.681636
2021-12-17,MSFT,175.91194,176.89358,170.81339
2021-12-17,NKE,8.9337159,8.9940567,8.9523627
2021-12-17,VZ,6.9632098,7.0303898,7.0805315
2021-12-17,WMT,5.997089,6.0556794,5.9217148
2021-12-20,AAPL,38.91129,39.109279,37.726066
2021-12-20,AMGN,11.983326,12.006354,11.983769
2021-12-20,CRM,17.64497,17.62965,17.55059
2021-12-20,CSCO,14.081153,14.178062,13.78106
2021-12-20,IBM,13.725098,13.73421,13.763972
2021-12-20,INTC,33.603128,33.673173,33.73415
2021-12-20,MSFT,173.39987,177.36235,171.34445
2021-12-20,NKE,8.977541,9.1253012,9.0138745
2021-12-20,VZ,6.9430505,7.0322996,6.9285847
2021-12-20,WMT,5.9506161,5.9859973,5.8642788
2021-12-21,AAPL,39.989046,40.586974,38.926073
2021-12-21,AMGN,12.081067,12.2137,11.891543
2021-12-21,CRM,18.023779,18.575535,17.664292
2021-12-21,CSCO,14.111401,14.261022,14.196925
2021-12-21,IBM,13.43414,13.668383,13.424461
2021-12-21,INTC,34.505815,34.471696,34.406227
2021-12-21,MSFT,169.65253,170.00605,171.64954
2021-12-21,NKE,8.9405769,8.9201833,9.0605721
2021-12-21,VZ,6.9217325,6.9577579,6.8292374
2021-12-21,WMT,5.9054982,5.9463205,5.8271011
2021-12-22,AAPL,40.126425,41.632123,39.33663
2021-12-22,AMGN,12.147662,12.304225,11.816276
2021-12-22,CRM,18.119591,18.51732,18.379424
2021-12-22,CSCO,13.80669,13.825022,13.529687
2021-12-22,IBM,13.664373,13.850845,13.659355
2021-12-22,INTC,34.589769,35.114462,34.660618
2021-12-22,MSFT,166.76904,170.26412,164.40742
2021-12-22,NKE,8.6994098,8.7945799,8.580736
2021-12-22,VZ,6.7913692,6.9220143,6.8623722
2021-12-22,WMT,5.7724139,5.8139856,5.7171426
2021-12-23,AAPL,39.410149,38.998891,39.486464
2021-12-23,AMGN,11.753793,11.973923,11.787658
2021-12-23,CRM,18.287327,18.281474,17.699867
2021-12-23,CSCO,14.045864,14.326389,13.976156
2021-12-23,IBM,13.532371,13.705761,13.407504
2021-12-23,INTC,34.298295,34.406959,34.912434
2021-12-23,MSFT,166.19845,169.85532,163.979
2021-12-23,NKE,8.6985371,8.668434,8.7331421
2021-12-23,VZ,6.7657714,6.8222019,6.7660045
2021-12-23,WMT,5.7136387,5.7276234,5.6839436
2021-12-27,AAPL,39.91415,40.793202,39.81859
2021-12-27,AMGN,11.874738,12.182779,11.806685
2021-12-27,CRM,17.206249,17.187875,16.619407
2021-12-27,CSCO,14.154503,14.123806,14.184632
2021-12-27,IBM,13.368778,13.500305,13.176348
2021-12-27,INTC,34.115193,34.156529,33.670425
2021-12-27,MSFT,170.88898,171.75634,168.56068
2021-12-27,NKE,8.7494706,8.9471434,8.5929444
2021-12-27,VZ,6.7200043,6.7943828,6.6025465
2021-12-27,WMT,5.6984641,5.7316375,5.6905308
2021-12-28,AAPL,39.416854,40.140233,39.345711
2021-12-28,AMGN,11.619747,11.998177,11.461148
2021-12-28,CRM,17.627591,17.464433,16.909676
2021-12-28,CSCO,13.961334,13.968643,13.747366
2021-12-28,IBM,13.056895,13.187436,13.088286
2021-12-28,INTC,34.052435,34.541467,33.70867
2021-12-28,MSFT,170.32352,170.75202,170.21501
2021-12-28,NKE,8.7026792,8.5549259,8.7012646
2021-12-28,VZ,6.6793268,6.8164589,6.6366525
2021-12-28,WMT,5.8486902,5.8534202,5.8532173
2021-12-29,AAPL,39.222433,39.665219,39.144735
2021-12-29,AMGN,11.230391,11.484665,10.935768
2021-12-29,CRM,17.568562,17.716437,17.407139
2021-12-29,CSCO,14.151393,14.131941,14.06948
2021-12-29,IBM,12.897508,13.19535,12.65094
2021-12-29,INTC,33.816847,33.944449,32.877147
2021-12-29,MSFT,173.14151,173.34004,171.15487
2021-12-29,NKE,8.5497299,8.6855719,8.4672266
2021-12-29,VZ,6.4806525,6.5269285,6.5508282
2021-12-29,WMT,5.9451098,6.0176642,5.9179796
2021-12-30,AAPL,39.520212,40.55285,38.034526
2021-12-30,AMGN,11.01068,10.985088,11.029339
2021-12-30,CRM,16.795662,17.479331,16.787978
2021-12-30,CSCO,14.45062,14.579097,14.271843
2021-12-30,IBM,12.603836,12.769216,12.590552
2021-12-30,INTC,33.742427,34.195065,33.710597
2021-12-30,MSFT,173.52089,176.54098,167.24438
2021-12-30,NKE,8.788963,8.8056826,8.730051
2021-12-30,VZ,6.2662701,6.3402124,6.1672865
2021-12-30,WMT,5.9542237,6.033609,6.0152132
2021-12-31,AAPL,40.581967,40.732227,40.384947
2021-12-31,AMGN,10.864366,10.86789,10.917449
2021-12-31,CRM,16.930381,17.303811,16.628479
2021-12-31,CSCO,14.605253,14.766073,14.58744
2021-12-31,IBM,12.727825,12.728381,12.687206
2021-12-31,INTC,33.515564,33.765039,33.578483
2021-12-31,MSFT,172.50712,175.63791,167.68508
2021-12-31,NKE,9.1547813,9.1890045,9.3757974
2021-12-31,VZ,6.2026831,6.2296519,6.259335
2021-12-31,WMT,6.0356438,6.1085023,6.0300529
2022-01-03,AAPL,40.397001,40.873678,39.964515
2022-01-03,AMGN,11.016973,11.189819,10.996305
2022-01-03,CRM,16.61012,16.678961,16.048492
2022-01-03,CSCO,14.574992,14.820497,14.10473
2022-01-03,IBM,12.296043,12.348665,12.417988
2022-01-03,INTC,34.054566,34.829685,33.507615
2022-01-03,MSFT,173.92527,176.33511,174.64027
2022-01-03,NKE,9.0647859,9.179032,8.9873313
2022-01-03,VZ,6.1608409,6.2556381,6.1539438
2022-01-03,WMT,6.1462777,6.1861187,6.0748185
2022-01-04,AAPL,42.02882,41.919312,41.399884
2022-01-04,AMGN,10.960944,11.070354,10.735398
2022-01-04,CRM,16.408134,16.426885,16.035603
2022-01-04,CSCO,15.112128,14.97815,15.419686
2022-01-04,IBM,12.133411,12.349445,12.163632
2022-01-04,INTC,33.603225,33.842669,33.774642
2022-01-04,MSFT,170.54889,170.81372,171.49534
2022-01-04,NKE,9.0627197,9.1744322,8.9174242
2022-01-04,VZ,6.3213275,6.3120647,6.3843689
2022-01-04,WMT,6.112093,6.0953971,6.059897
2022-01-05,AAPL,41.811067,41.904901,40.567901
2022-01-05,AMGN,11.154177,11.38728,11.247911
2022-01-05,CRM,16.206503,15.908469,16.19617
2022-01-05,CSCO,15.345634,15.302982,15.330299
2022-01-05,IBM,12.204948,12.231636,12.071962
2022-01-05,INTC,33.122029,33.691712,32.93323
2022-01-05,MSFT,169.24772,169.05481,163.89708
2022-01-05,NKE,9.0283072,9.11568,8.7476756
2022-01-05,VZ,6.2590098,6.2711121,6.1898441
2022-01-05,WMT,5.8802377,6.0122622,5.7815648
2022-01-06,AAPL,42.538764,43.530234,41.672003
2022-01-06,AMGN,11.155821,11.256715,11.28501
2022-01-06,CRM,15.920042,15.703532,15.20239
2022-01-06,CSCO,15.611354,15.622682,15.246827
2022-01-06,IBM,12.144242,12.274242,12.012581
2022-01-06,INTC,33.511171,33.813101,32.766167
2022-01-06,MSFT,168.28737,172.51918,168.17492
2022-01-06,NKE,9.2064751,9.2878754,9.0545711
2022-01-06,VZ,6.1742435,6.1377101,6.3719169
2022-01-06,WMT,5.8906414,5.9163833,5.8318077
2022-01-07,AAPL,42.164182,43.111043,41.52461
2022-01-07,AMGN,10.830407,10.918064,10.427529
2022-01-07,CRM,16.023882,16.19783,15.991752
2022-01-07,CSCO,15.955427,15.723448,15.639542
2022-01-07,IBM,11.764069,11.825677,11.675563
2022-01-07,INTC,34.033218,34.060709,33.897619
2022-01-07,MSFT,162.20443,160.43507,160.57454
2022-01-07,NKE,9.317608,9.4229967,9.3784402
2022-01-07,VZ,6.0411152,6.1002631,6.0482051
2022-01-07,WMT,6.0256286,6.0746081,6.0135258
2022-01-10,AAPL,42.286724,41.772703,41.106895
2022-01-10,AMGN,10.58208,10.818704,10.588225
2022-01-10,CRM,16.799581,16.946297,16.51993
2022-01-10,CSCO,15.481266,15.358809,15.451236
2022-01-10,IBM,12.02588,12.042598,12.114016
2022-01-10,INTC,34.234643,34.334878,34.352354
2022-01-10,MSFT,164.92921,169.57692,161.21656
2022-01-10,NKE,9.4657996,9.4324511,9.4491894
2022-01-10,VZ,6.0074678,6.0974558,5.9486805
2022-01-10,WMT,5.9893994,6.0481645,5.9883891
2022-01-11,AAPL,42.416467,42.487019,41.889897
2022-01-11,AMGN,10.448744,10.624627,10.498196
2022-01-11,CRM,16.838276,16.846843,16.357143
2022-01-11,CSCO,15.31273,15.570094,15.296817
2022-01-11,IBM,11.912597,12.013108,11.95038
2022-01-11,INTC,34.146513,34.120371,33.220624
2022-01-11,MSFT,161.52418,162.95551,157.84528
2022-01-11,NKE,9.4374179,9.4721532,9.3365153
2022-01-11,VZ,6.045486,6.0001172,5.9591185
2022-01-11,WMT,5.8984337,5.9741107,5.9151313
2022-01-12,AAPL,41.848306,42.014425,41.462769
2022-01-12,AMGN,10.427358,10.5768,10.266637
2022-01-12,CRM,17.076782,17.137703,16.766662
2022-01-12,CSCO,15.476463,15.555294,15.415246
2022-01-12,IBM,11.878043,12.089127,11.716637
2022-01-12,INTC,34.155311,34.295766,34.064522
2022-01-12,MSFT,163.59319,163.90259,162.63682
2022-01-12,NKE,9.4424499,9.5552017,9.3221118
2022-01-12,VZ,5.9434515,5.941241,5.88072
2022-01-12,WMT,5.8662573,5.9844914,5.8146704
2022-01-13,AAPL,43.607797,44.166542,42.092892
2022-01-13,AMGN,10.398461,10.542881,10.485368
2022-01-13,CRM,16.842291,16.978626,16.986944
2022-01-13,CSCO,15.797655,15.913586,15.718295
2022-01-13,IBM,11.708753,11.86733,11.633021
2022-01-13,INTC,32.957801,33.365281,32.825005
2022-01-13,MSFT,168.4087,165.93484,164.86021
2022-01-13,NKE,9.1075196,9.2290714,9.0926347
2022-01-13,VZ,5.9326048,6.0055293,5.9010946
2022-01-13,WMT,5.7966818,5.8443379,5.7560669
2022-01-14,AAPL,43.685501,44.485589,42.965217
2022-01-14,AMGN,10.231081,10.283867,10.085387
2022-01-14,CRM,16.664233,17.03607,16.396795
2022-01-14,CSCO,15.880243,16.053151,15.677228
2022-01-14,IBM,11.580758,11.599662,11.484541
2022-01-14,INTC,32.470349,32.587397,32.086907
2022-01-14,MSFT,168.9341,171.56184,165.97832
2022-01-14,NKE,9.4370443,9.6555408,9.4894022
2022-01-14,VZ,6.073581,6.0707541,6.0687413
2022-01-14,WMT,5.7173052,5.8492347,5.6620982
2022-01-18,AAPL,43.299055,44.352011,43.591179
2022-01-18,AMGN,10.170657,10.236878,10.023697
2022-01-18,CRM,16.925401,16.736011,16.877327
2022-01-18,CSCO,16.036339,16.284895,15.959427
2022-01-18,IBM,11.390631,11.458716,11.500811
2022-01-18,INTC,32.863963,32.897839,31.755226
2022-01-18,MSFT,174.06744,177.19704,173.15712
2022-01-18,NKE,9.7131881,9.8765519,9.9565455
2022-01-18,VZ,6.059433,6.1057148,6.0068488
2022-01-18,WMT,5.7738344,5.7923949,5.7807552
2022-01-19,AAPL,42.200684,43.610657,42.48997
2022-01-19,AMGN,10.164157,10.326415,9.9557768
2022-01-19,CRM,17.470958,17.622451,17.276198
2022-01-19,CSCO,15.712155,15.885656,15.518848
2022-01-19,IBM,11.211388,11.266658,10.969208
2022-01-19,INTC,33.103048,33.308913,32.496572
2022-01-19,MSFT,166.3656,166.88935,163.75081
2022-01-19,NKE,9.7802724,9.7400687,9.6717622
2022-01-19,VZ,5.8836849,5.9669763,5.8421864
2022-01-19,WMT,5.690165,5.7624312,5.6856203
2022-01-20,AAPL,41.631706,42.132829,42.22226
2022-01-20,AMGN,9.8254983,9.9646559,9.8015999
2022-01-20,CRM,17.523058,17.656725,17.185902
2022-01-20,CSCO,15.514293,15.626223,15.330714
2022-01-20,IBM,11.099462,11.312068,11.084552
2022-01-20,INTC,33.636439,34.185562,34.137348
2022-01-20,MSFT,167.42978,167.08003,164.30767
2022-01-20,NKE,9.78931,9.8365644,9.6828438
2022-01-20,VZ,6.0098011,6.0691303,5.9302758
2022-01-20,WMT,5.7289964,5.8054335,5.7040114
2022-01-21,AAPL,39.999103,40.73322,39.612876
2022-01-21,AMGN,9.7643491,9.9022529,10.011565
2022-01-21,CRM,17.229083,17.33429,16.829767
2022-01-21,CSCO,15.525253,15.43957,15.279079
2022-01-21,IBM,11.147004,11.244485,11.097239
2022-01-21,INTC,34.527968,34.710881,33.92456
2022-01-21,MSFT,167.64523,170.23015,165.54393
2022-01-21,NKE,9.7730145,9.8421768,9.6762258
2022-01-21,VZ,6.1175406,6.114962,6.0966351
2022-01-21,WMT,5.6806918,5.766972,5.6505182
2022-01-24,AAPL,39.947329,40.290553,38.437534
2022-01-24,AMGN,9.9755081,10.201489,9.9180306
2022-01-24,CRM,17.392856,18.052482,16.805097
2022-01-24,CSCO,15.793129,16.037509,15.558372
2022-01-24,IBM,10.97369,10.958729,10.95961
2022-01-24,INTC,34.796166,34.953592,35.610859
2022-01-24,MSFT,164.57444,163.00157,161.81376
2022-01-24,NKE,9.7685914,9.9121331,9.5560858
2022-01-24,VZ,6.0181302,6.1035394,5.942499
2022-01-24,WMT,5.6493599,5.7348565,5.5411809
2022-01-25,AAPL,39.015777,39.925772,39.950315
2022-01-25,AMGN,10.023435,10.159678,9.8310012
2022-01-25,CRM,17.697538,17.537059,17.591092
2022-01-25,CSCO,16.597258,16.569783,16.781464
2022-01-25,IBM,10.876964,10.976484,10.803981
2022-01-25,INTC,33.586132,34.098055,33.544505
2022-01-25,MSFT,162.4849,164.9428,158.96418
2022-01-25,NKE,9.8217132,9.8974489,9.5940826
2022-01-25,VZ,5.9618071,6.0117247,5.8809611
2022-01-25,WMT,5.6483236,5.6993238,5.5494016
2022-01-26,AAPL,39.008457,40.026016,38.383165
2022-01-26,AMGN,10.208684,10.505655,10.11143
2022-01-26,CRM,16.83228,16.684741,16.250292
2022-01-26,CSCO,16.874184,17.0796,16.917644
2022-01-26,IBM,10.620917,10.788984,10.401072
2022-01-26,INTC,32.941527,33.487461,31.984896
2022-01-26,MSFT,162.87491,163.37933,159.10606
2022-01-26,NKE,9.6954481,9.7849743,9.8273951
2022-01-26,VZ,5.8993008,5.9719853,5.9282368
2022-01-26,WMT,5.6576044,5.6111167,5.6080234
2022-01-27,AAPL,38.827521,39.069042,37.86847
2022-01-27,AMGN,10.166511,10.31844,10.045628
2022-01-27,CRM,17.056586,17.280687,16.671154
2022-01-27,CSCO,16.777804,17.162412,16.723064
2022-01-27,IBM,10.647112,10.689958,10.629963
2022-01-27,INTC,32.700331,32.490478,31.749221
2022-01-27,MSFT,159.21463,160.99171,155.8563
2022-01-27,NKE,9.4921706,9.6289496,9.489791
2022-01-27,VZ,5.9511336,6.0076688,5.874778
2022-01-27,WMT,5.6610986,5.7033945,5.6561468
2022-01-28,AAPL,38.49052,38.631173,37.966124
2022-01-28,AMGN,10.119091,10.492818,9.7962761
2022-01-28,CRM,17.365919,17.904727,16.745628
2022-01-28,CSCO,16.403645,16.610121,16.399836
2022-01-28,IBM,10.780527,10.86324,10.699779
2022-01-28,INTC,32.379834,32.806767,31.804966
2022-01-28,MSFT,161.49939,160.64574,160.47762
2022-01-28,NKE,9.2839586,9.2995126,9.1660161
2022-01-28,VZ,5.9132769,5.9411556,5.8672986
2022-01-28,WMT,5.6303664,5.7181496,5.576909
2022-01-31,AAPL,38.051655,38.742224,37.610564
2022-01-31,AMGN,10.276562,10.335436,10.471498
2022-01-31,CRM,16.982034,17.061986,16.785749
2022-01-31,CSCO,16.407508,16.594765,15.972162
2022-01-31,IBM,10.850117,11.06414,10.831567
2022-01-31,INTC,31.537668,32.187617,30.82318
2022-01-31,MSFT,165.91604,169.4167,164.91503
2022-01-31,NKE,9.1707875,9.1716873,9.1835927
2022-01-31,VZ,6.0483432,6.1442264,5.9471302
2022-01-31,WMT,5.6349812,5.6915452,5.5970137
2022-02-01,AAPL,37.746793,37.487215,36.60575
2022-02-01,AMGN,10.380875,10.557349,10.146958
2022-02-01,CRM,17.556449,17.590716,17.760883
2022-02-01,CSCO,16.19604,16.274463,15.969437
2022-02-01,IBM,10.843557,11.035799,10.659019
2022-02-01,INTC,31.805929,31.647857,32.042621
2022-02-01,MSFT,167.09083,168.90778,164.02918
2022-02-01,NKE,9.0192916,9.099139,8.7391477
2022-02-01,VZ,6.1331733,6.2225965,6.0444845
2022-02-01,WMT,5.7040212,5.7695603,5.6604948
2022-02-02,AAPL,37.152317,36.753404,36.334769
2022-02-02,AMGN,10.54282,10.786274,10.525097
2022-02-02,CRM,17.900277,18.061964,18.046962
2022-02-02,CSCO,15.788428,16.131779,15.863412
2022-02-02,IBM,10.672893,10.776876,10.370741
2022-02-02,INTC,31.610961,31.290332,31.648482
2022-02-02,MSFT,168.16233,171.67003,165.8853
2022-02-02,NKE,8.9549453,9.0220833,8.9770268
2022-02-02,VZ,6.0427111,6.0068533,5.9653775
2022-02-02,WMT,5.6320246,5.7091687,5.6113314
2022-02-03,AAPL,37.159785,37.644927,36.799596
2022-02-03,AMGN,10.590471,10.959644,10.520585
2022-02-03,CRM,17.265197,17.849724,17.19327
2022-02-03,CSCO,15.576718,15.804768,15.477402
2022-02-03,IBM,10.655406,10.766264,10.529941
2022-02-03,INTC,31.078423,31.149015,30.917413
2022-02-03,MSFT,168.57832,168.12189,165.1088
2022-02-03,NKE,9.1974533,9.353086,8.9539402
2022-02-03,VZ,5.9565332,5.947708,5.8713381
2022-02-03,WMT,5.5033957,5.5966613,5.473679
2022-02-04,AAPL,37.697917,38.872449,37.633186
2022-02-04,AMGN,10.756643,10.769567,10.535054
2022-02-04,CRM,16.718609,17.105008,16.944242
2022-02-04,CSCO,15.631953,15.524921,15.567386
2022-02-04,IBM,10.816878,10.825282,10.889985
2022-02-04,INTC,31.278875,31.74544,30.463946
2022-02-04,MSFT,168.2128,170.21605,166.39784
2022-02-04,NKE,9.1453112,9.3155981,9.0022173
2022-02-04,VZ,6.003603,6.0364572,5.9782273
2022-02-04,WMT,5.344221,5.439241,5.2572786
2022-02-07,AAPL,38.072486,38.072795,36.806518
2022-02-07,AMGN,10.486819,10.795208,10.236123
2022-02-07,CRM,16.634659,16.735487,16.824716
2022-02-07,CSCO,15.161095,15.135158,14.778417
2022-02-07,IBM,10.811077,10.913368,10.764418
2022-02-07,INTC,30.961519,31.198169,31.342291
2022-02-07,MSFT,170.9915,177.30804,168.13275
2022-02-07,NKE,9.1781613,9.3610241,9.1777986
2022-02-07,VZ,6.0129335,6.1227347,5.9616714
2022-02-07,WMT,5.3979093,5.4073845,5.2617197
2022-02-08,AAPL,36.629191,36.356756,36.404435
2022-02-08,AMGN,10.241019,10.364242,10.067903
2022-02-08,CRM,16.096993,16.523475,15.944295
2022-02-08,CSCO,15.058887,15.36989,14.977118
2022-02-08,IBM,10.728638,10.79325,10.719148
2022-02-08,INTC,31.160187,31.393705,30.721213
2022-02-08,MSFT,170.03552,171.74627,169.54751
2022-02-08,NKE,9.0448838,9.1138746,8.8256685
2022-02-08,VZ,5.8055317,5.8673581,5.6274104
2022-02-08,WMT,5.4073057,5.4554626,5.3361392
2022-02-09,AAPL,36.396554,36.915358,36.372534
2022-02-09,AMGN,9.8046318,9.801431,9.879074
2022-02-09,CRM,15.371786,15.579827,15.217933
2022-02-09,CSCO,15.005471,15.000103,14.787481
2022-02-09,IBM,10.716601,10.833869,10.666935
2022-02-09,INTC,31.561123,32.211037,30.603705
2022-02-09,MSFT,166.65771,170.19196,162.2942
2022-02-09,NKE,9.2038632,9.1667904,9.2178534
2022-02-09,VZ,5.6745981,5.7008469,5.6171013
2022-02-09,WMT,5.4913598,5.6125767,5.4343001
2022-02-10,AAPL,37.019719,37.149212,36.828649
2022-02-10,AMGN,9.9626975,10.144995,9.7638576
2022-02-10,CRM,15.11212,15.467038,14.779062
2022-02-10,CSCO,15.394447,15.395823,15.344639
2022-02-10,IBM,10.789108,10.803948,10.702936
2022-02-10,INTC,31.490933,31.455461,31.383309
2022-02-10,MSFT,168.0357,172.4982,166.57973
2022-02-10,NKE,9.5485872,9.846046,9.4518521
2022-02-10,VZ,5.7002448,5.7397631,5.6329276
2022-02-10,WMT,5.3030479,5.3361965,5.303237
2022-02-11,AAPL,37.542015,37.915076,36.970628
2022-02-11,AMGN,10.141155,10.174075,10.116921
2022-02-11,CRM,15.553618,15.504023,15.173763
2022-02-11,CSCO,14.693955,14.852501,14.619205
2022-02-11,IBM,10.674316,10.77647,10.554375
2022-02-11,INTC,31.188722,31.373257,30.625168
2022-02-11,MSFT,172.06837,175.46657,170.77598
2022-02-11,NKE,9.301547,9.3720664,9.2821552
2022-02-11,VZ,5.6224386,5.6368872,5.5637813
2022-02-11,WMT,5.3214027,5.34811,5.3215011
2022-02-14,AAPL,37.531338,37.886039,36.591398
2022-02-14,AMGN,9.8307424,9.9720532,9.8976904
2022-02-14,CRM,15.302086,15.320549,15.252874
2022-02-14,CSCO,14.353079,14.555542,14.35842
2022-02-14,IBM,10.872729,10.871192,10.867937
2022-02-14,INTC,30.46895,30.383961,29.69895
2022-02-14,MSFT,169.58406,168.40024,165.4839
2022-02-14,NKE,9.4258685,9.4770924,9.1880668
2022-02-14,VZ,5.5732626,5.6559227,5.6356855
2022-02-14,WMT,5.2259628,5.290654,5.1653275
2022-02-15,AAPL,36.728089,37.370775,36.158866
2022-02-15,AMGN,9.5676917,9.602189,9.7257867
2022-02-15,CRM,15.133631,15.736508,14.847621
2022-02-15,CSCO,14.163935,14.199856,14.099249
2022-02-15,IBM,10.904276,11.0554,10.81739
2022-02-15,INTC,30.077285,30.610591,29.616183
2022-02-15,MSFT,169.68684,170.57405,166.83263
2022-02-15,NKE,9.399248,9.5219683,9.149866
2022-02-15,VZ,5.6497784,5.6660126,5.5672699
2022-02-15,WMT,5.0714666,5.1231129,5.057343
2022-02-16,AAPL,37.652511,37.798918,37.213962
2022-02-16,AMGN,9.7119166,9.8864197,9.3308667
2022-02-16,CRM,15.14483,15.507236,14.858561
2022-02-16,CSCO,14.315177,14.385393,14.545254
2022-02-16,IBM,10.680438,10.790866,10.698222
2022-02-16,INTC,29.136903,29.412516,28.996238
2022-02-16,MSFT,169.57898,169.14606,166.23346
2022-02-16,NKE,9.3422658,9.3167814,9.3383529
2022-02-16,VZ,5.6742183,5.6278037,5.5868939
2022-02-16,WMT,5.0784598,5.1309909,5.0161294
2022-02-17,AAPL,37.210063,36.952521,36.63468
2022-02-17,AMGN,9.6108761,9.7442351,9.5067091
2022-02-17,CRM,14.995131,15.032962,14.93439
2022-02-17,CSCO,14.36816,14.551938,14.181207
2022-02-17,IBM,10.396589,10.489896,10.367045
2022-02-17,INTC,28.876037,29.615623,28.882615
2022-02-17,MSFT,168.29765,168.12847,165.42138
2022-02-17,NKE,9.3214656,9.3650271,9.1258418
2022-02-17,VZ,5.6047672,5.7119015,5.5517997
2022-02-17,WMT,5.1544476,5.1750486,5.1779543
2022-02-18,AAPL,35.899177,36.572897,35.128704
2022-02-18,AMGN,9.5242469,9.5545308,9.402553
2022-02-18,CRM,14.574562,14.782516,14.186743
2022-02-18,CSCO,14.40632,14.637646,14.117914
2022-02-18,IBM,10.409839,10.650919,10.327197
2022-02-18,INTC,29.565426,29.849073,28.853751
2022-02-18,MSFT,169.06482,170.44387,166.84228
2022-02-18,NKE,9.1497857,9.2185809,9.0593471
2022-02-18,VZ,5.5747639,5.6648348,5.4923859
2022-02-18,WMT,5.1325371,5.1298443,5.1088476
2022-02-22,AAPL,35.908852,35.7924,35.339951
2022-02-22,AMGN,9.7747562,9.7616438,9.9166535
2022-02-22,CRM,14.870654,15.115853,14.855328
2022-02-22,CSCO,14.4187,14.607018,14.21803
2022-02-22,IBM,10.504061,10.455644,10.35076
2022-02-22,INTC,29.509648,30.081255,29.363014
2022-02-22,MSFT,169.28642,169.87608,167.50596
2022-02-22,NKE,9.056678,8.9567281,8.9355839
2022-02-22,VZ,5.4612171,5.4504143,5.4753529
2022-02-22,WMT,5.0692562,5.110301,5.0258389
2022-02-23,AAPL,35.0313,34.53759,33.882459
2022-02-23,AMGN,9.5548311,9.5460828,9.4956667
2022-02-23,CRM,14.859085,15.222977,14.745272
2022-02-23,CSCO,14.794667,14.782581,14.678154
2022-02-23,IBM,10.501449,10.707161,10.443591
2022-02-23,INTC,29.018281,28.818987,28.240699
2022-02-23,MSFT,176.35135,175.84471,176.61022
2022-02-23,NKE,9.1252781,9.3460105,8.9895815
2022-02-23,VZ,5.4038561,5.4346857,5.4012648
2022-02-23,WMT,5.0654173,5.1502098,4.9771539
2022-02-24,AAPL,34.858266,35.126295,34.760829
2022-02-24,AMGN,9.6306101,9.7197844,9.5772553
2022-02-24,CRM,14.893467,15.239321,14.402632
2022-02-24,CSCO,15.124836,15.094327,14.926715
2022-02-24,IBM,10.244211,10.369785,10.176219
2022-02-24,INTC,29.396636,29.610199,28.928553
2022-02-24,MSFT,170.90982,170.24526,170.04315
2022-02-24,NKE,9.1107739,9.2468239,9.1644506
2022-02-24,VZ,5.3887103,5.3792229,5.3193903
2022-02-24,WMT,5.037183,5.0917665,5.0111144
2022-02-25,AAPL,34.747075,35.360928,34.567957
2022-02-25,AMGN,9.7058961,9.7384689,9.6253898
2022-02-25,CRM,15.24296,15.22583,15.051935
2022-02-25,CSCO,15.075488,15.213925,14.64024
2022-02-25,IBM,10.206827,10.503604,10.151253
2022-02-25,INTC,29.025603,28.950012,28.450011
2022-02-25,MSFT,167.68553,169.71527,164.12431
2022-02-25,NKE,8.8361768,9.0477514,8.7408903
2022-02-25,VZ,5.1915051,5.2298747,5.1802669
2022-02-25,WMT,4.9819522,5.022571,4.9064592
2022-02-28,AAPL,34.017343,34.066836,33.625892
2022-02-28,AMGN,9.6352566,9.8671097,9.4257957
2022-02-28,CRM,14.956808,15.328443,14.441834
2022-02-28,CSCO,14.904823,15.117857,14.620233
2022-02-28,IBM,10.114811,10.232848,10.14016
2022-02-28,INTC,28.913432,28.842938,29.098375
2022-02-28,MSFT,163.50644,165.8522,161.95973
2022-02-28,NKE,8.917733,9.0229266,8.7557568
2022-02-28,VZ,5.265048,5.2795415,5.3011682
2022-02-28,WMT,5.1019216,5.1426391,5.1078795
2022-03-01,AAPL,33.857446,34.379373,33.272963
2022-03-01,AMGN,9.4981907,9.7044443,9.3833941
2022-03-01,CRM,14.881148,15.355685,14.455934
2022-03-01,CSCO,15.008485,15.010498,14.903434
2022-03-01,IBM,10.077538,9.9956114,9.9150637
2022-03-01,INTC,28.283336,28.698472,27.380436
2022-03-01,MSFT,167.83875,169.95803,166.25128
2022-03-01,NKE,8.8203186,8.9308233,8.7310867
2022-03-01,VZ,5.3077228,5.3239081,5.2339203
2022-03-01,WMT,5.0660035,5.1651772,4.9744878
2022-03-02,AAPL,32.776537,32.820669,33.156167
2022-03-02,AMGN,9.5977601,9.6778317,9.4031341
2022-03-02,CRM,15.028319,15.43067,15.09299
2022-03-02,CSCO,14.824767,14.722865,14.498936
2022-03-02,IBM,10.031522,10.122842,10.045559
2022-03-02,INTC,29.300237,30.099986,29.129053
2022-03-02,MSFT,166.73716,173.00652,169.42358
2022-03-02,NKE,8.6965209,8.8848883,8.7100375
2022-03-02,VZ,5.3517901,5.396299,5.2641219
2022-03-02,WMT,5.1258291,5.1120977,5.0165533
2022-03-03,AAPL,32.310546,32.649762,31.866993
2022-03-03,AMGN,9.440832,9.5804681,9.2492099
2022-03-03,CRM,14.595109,14.933456,14.176133
2022-03-03,CSCO,14.55563,14.743425,14.48318
2022-03-03,IBM,9.8344445,9.9037953,9.7727885
2022-03-03,INTC,28.98452,29.616563,28.776002
2022-03-03,MSFT,167.4585,170.66863,165.54524
2022-03-03,NKE,8.6567372,8.7757071,8.4668409
2022-03-03,VZ,5.3903965,5.5111557,5.271471
2022-03-03,WMT,5.1162036,5.1700308,5.0705557
2022-03-04,AAPL,31.518968,31.804993,31.069384
2022-03-04,AMGN,9.3415386,9.5568851,9.3830391
2022-03-04,CRM,14.219259,14.462415,13.760056
2022-03-04,CSCO,15.137622,15.145649,15.032869
2022-03-04,IBM,9.7081922,9.8658614,9.5847487
2022-03-04,INTC,29.497136,29.653212,29.25096
2022-03-04,MSFT,163.90597,167.33778,162.12783
2022-03-04,NKE,8.2836959,8.6029121,8.189647
2022-03-04,VZ,5.3561547,5.4123864,5.3160756
2022-03-04,WMT,5.1628191,5.2274008,5.0809583
2022-03-07,AAPL,31.964546,32.37605,31.715044
2022-03-07,AMGN,9.2491355,9.4344234,9.135882
2022-03-07,CRM,13.892613,14.042711,13.551882
2022-03-07,CSCO,14.876447,15.038355,14.764539
2022-03-07,IBM,9.5628411,9.6403551,9.4484242
2022-03-07,INTC,29.9011,30.106243,29.608919
2022-03-07,MSFT,160.43082,162.89297,156.59817
2022-03-07,NKE,8.6410264,8.6822816,8.5631552
2022-03-07,VZ,5.2928504,5.38859,5.2727469
2022-03-07,WMT,5.0944102,5.0811768,5.1030005
2022-03-08,AAPL,31.818956,31.961103,31.928839
2022-03-08,AMGN,9.3126543,9.5076475,9.1991038
2022-03-08,CRM,13.926518,14.177825,13.485518
2022-03-08,CSCO,15.093873,15.121147,14.848906
2022-03-08,IBM,9.5572846,9.5741624,9.3478997
2022-03-08,INTC,30.08983,30.206494,29.904261
2022-03-08,MSFT,159.87974,162.59163,158.14892
2022-03-08,NKE,8.6140885,8.6778618,8.626563
2022-03-08,VZ,5.1549826,5.1908344,5.0672329
2022-03-08,WMT,5.111123,5.1787205,5.0500033
2022-03-09,AAPL,30.988379,31.686539,30.645286
2022-03-09,AMGN,9.5526204,9.5504328,9.3106963
2022-03-09,CRM,14.247649,14.719229,14.019613
2022-03-09,CSCO,15.504146,15.653225,15.165893
2022-03-09,IBM,9.6725106,9.8978114,9.6012104
2022-03-09,INTC,30.095652,30.829878,29.53244
2022-03-09,MSFT,163.9528,165.00934,162.16461
2022-03-09,NKE,8.4819559,8.5305304,8.4154479
2022-03-09,VZ,5.1679278,5.2124755,5.1483659
2022-03-09,WMT,4.9884845,5.008999,4.9550166
2022-03-10,AAPL,30.427978,31.102518,30.138191
2022-03-10,AMGN,9.2551419,9.4213638,8.9670303
2022-03-10,CRM,13.359052,13.480776,13.600327
2022-03-10,CSCO,15.772304,15.593531,15.555395
2022-03-10,IBM,9.5433966,9.4323404,9.4312397
2022-03-10,INTC,30.099463,30.28338,29.561079
2022-03-10,MSFT,163.82096,166.90402,161.08587
2022-03-10,NKE,8.6413329,8.7257415,8.5083759
2022-03-10,VZ,5.2397477,5.3429248,5.1317738
2022-03-10,WMT,5.0423991,5.1333926,5.0287827
2022-03-11,AAPL,30.720598,30.937417,30.72838
2022-03-11,AMGN,9.2814395,9.3368696,9.2508444
2022-03-11,CRM,13.024996,13.124235,13.025153
2022-03-11,CSCO,15.646197,15.994387,15.264036
2022-03-11,IBM,9.5838266,9.6735239,9.4637347
2022-03-11,INTC,29.584326,30.188313,29.510471
2022-03-11,MSFT,168.3161,168.82599,167.68137
2022-03-11,NKE,8.5020431,8.7027155,8.400998
2022-03-11,VZ,5.1201989,5.1082877,5.0304203
2022-03-11,WMT,5.0877499,5.0974073,5.0232769
2022-03-14,AAPL,31.081917,31.795979,30.301039
2022-03-14,AMGN,9.2102127,9.4759347,9.0860403
2022-03-14,CRM,13.060136,13.21581,12.670631
2022-03-14,CSCO,15.773276,15.900756,15.720356
2022-03-14,IBM,9.7105343,9.7916567,9.6806847
2022-03-14,INTC,30.148608,30.653162,29.725568
2022-03-14,MSFT,168.6853,171.26456,164.98422
2022-03-14,NKE,8.4757846,8.6306797,8.3309216
2022-03-14,VZ,5.101981,5.072238,5.0770705
2022-03-14,WMT,5.1359226,5.2176359,5.0570251
2022-03-15,AAPL,30.591021,31.339914,31.065753
2022-03-15,AMGN,8.8301201,8.9209001,8.6680689
2022-03-15,CRM,12.650007,12.969402,12.230676
2022-03-15,CSCO,16.035478,16.132225,15.457048
2022-03-15,IBM,9.7249759,9.8601442,9.625494
2022-03-15,INTC,29.685974,30.089615,29.621148
2022-03-15,MSFT,165.53748,170.39727,164.04775
2022-03-15,NKE,8.4226052,8.6121452,8.4640344
2022-03-15,VZ,5.1446103,5.231465,5.0345882
2022-03-15,WMT,4.9938984,5.0883321,4.9288532
2022-03-16,AAPL,30.591821,30.707772,30.337943
2022-03-16,AMGN,8.7617302,8.9454375,8.6460974
2022-03-16,CRM,12.068312,12.14977,11.709757
2022-03-16,CSCO,15.879536,16.056805,15.809598
2022-03-16,IBM,9.6660361,9.7128326,9.5674585
2022-03-16,INTC,29.710194,29.998874,29.010796
2022-03-16,MSFT,162.23221,164.05143,160.00516
2022-03-16,NKE,8.3763478,8.4643001,7.952949
2022-03-16,VZ,5.1782138,5.2564925,5.1084784
2022-03-16,WMT,4.9457721,5.0412348,4.9546365
2022-03-17,AAPL,30.202928,30.910355,29.606091
2022-03-17,AMGN,8.6493215,8.8844169,8.6056774
2022-03-17,CRM,11.913793,12.152188,11.349111
2022-03-17,CSCO,15.904847,15.924924,15.909586
2022-03-17,IBM,9.7148489,9.8126505,9.6804058
2022-03-17,INTC,30.423861,30.797506,31.282181
2022-03-17,MSFT,163.77646,165.55265,161.5896
2022-03-17,NKE,8.4338543,8.5316048,8.2901982
2022-03-17,VZ,5.2498162,5.3517822,5.2018841
2022-03-17,WMT,4.859318,4.8762073,4.7744199
2022-03-18,AAPL,30.5512,30.883531,29.832627
2022-03-18,AMGN,8.4564107,8.4187114,8.400704
2022-03-18,CRM,11.419047,11.781958,11.434388
2022-03-18,CSCO,17.065315,17.51841,17.02012
2022-03-18,IBM,9.6250286,9.7442232,9.5521473
2022-03-18,INTC,29.193893,29.118248,28.811947
2022-03-18,MSFT,161.10368,159.77199,158.14975
2022-03-18,NKE,8.1805585,8.266654,8.1242993
2022-03-18,VZ,5.2200894,5.2491986,5.2025202
2022-03-18,WMT,4.9831311,5.0113502,4.9838113
2022-03-21,AAPL,30.870188,30.36102,30.748807
2022-03-21,AMGN,8.3100973,8.5477481,8.2748077
2022-03-21,CRM,10.86811,11.119482,10.735329
2022-03-21,CSCO,17.452475,17.733538,17.309998
2022-03-21,IBM,9.6388912,9.7447482,9.6005493
2022-03-21,INTC,29.281775,29.686894,28.27803
2022-03-21,MSFT,167.5406,168.91066,166.87825
2022-03-21,NKE,8.2121294,8.1899623,8.2206298
2022-03-21,VZ,5.2528751,5.3119249,5.1383688
2022-03-21,WMT,4.9194899,4.9901933,4.9458631
2022-03-22,AAPL,30.866535,31.505769,29.63413
2022-03-22,AMGN,8.2362529,8.3507333,8.1652263
2022-03-22,CRM,11.147681,11.426162,11.051407
2022-03-22,CSCO,17.056107,17.308351,16.824067
2022-03-22,IBM,9.4084522,9.5650173,9.2559853
2022-03-22,INTC,29.672415,30.012809,29.119016
2022-03-22,MSFT,166.39666,164.95204,162.75236
2022-03-22,NKE,8.3075352,8.2540749,8.2657564
2022-03-22,VZ,5.2715727,5.3592518,5.1619376
2022-03-22,WMT,4.9661071,5.0715114,4.9871109
2022-03-23,AAPL,29.933091,30.034352,29.527418
2022-03-23,AMGN,8.4782641,8.5172776,8.3700563
2022-03-23,CRM,11.448596,11.659556,11.205114
2022-03-23,CSCO,17.05694,17.30025,17.072825
2022-03-23,IBM,9.2814163,9.344515,9.1413649
2022-03-23,INTC,28.789499,29.057993,28.273518
2022-03-23,MSFT,163.56423,165.79915,165.86354
2022-03-23,NKE,8.5009428,8.5966505,8.4927364
2022-03-23,VZ,5.2059111,5.2385989,5.2206905
2022-03-23,WMT,5.0581918,5.1292407,4.9218069
2022-03-24,AAPL,29.99859,30.100309,29.246395
2022-03-24,AMGN,8.4364161,8.4683451,8.2971856
2022-03-24,CRM,11.163917,11.424456,10.893831
2022-03-24,CSCO,16.571282,16.710769,16.25492
2022-03-24,IBM,9.1928776,9.23307,9.1470853
2022-03-24,INTC,28.635523,28.865083,27.811755
2022-03-24,MSFT,164.78225,165.52435,163.53775
2022-03-24,NKE,8.6935881,8.9258398,8.6700064
2022-03-24,VZ,5.1614767,5.2362228,5.1657001
2022-03-24,WMT,5.0380199,5.0266336,4.9600189
2022-03-25,AAPL,30.221682,29.714207,29.584996
2022-03-25,AMGN,8.1485007,8.2439268,8.2736714
2022-03-25,CRM,11.287293,11.520599,10.88933
2022-03-25,CSCO,16.991502,17.11898,16.877066
2022-03-25,IBM,9.1683914,9.2186608,9.1651644
2022-03-25,INTC,28.917517,29.200752,28.814849
2022-03-25,MSFT,160.90287,164.20759,156.96826
2022-03-25,NKE,8.6353316,8.8764538,8.4945863
2022-03-25,VZ,5.1394944,5.2093333,5.0836383
2022-03-25,WMT,4.940121,4.9862372,4.8789446
2022-03-28,AAPL,30.10979,31.121822,30.305374
2022-03-28,AMGN,8.3498958,8.4707425,8.2538431
2022-03-28,CRM,11.369902,11.912178,11.285453
2022-03-28,CSCO,16.888487,17.23491,16.332777
2022-03-28,IBM,9.3563382,9.336802,9.1102625
2022-03-28,INTC,29.847272,29.626808,29.467273
2022-03-28,MSFT,157.13772,160.05396,156.95876
2022-03-28,NKE,8.7453978,8.8378402,8.4978083
2022-03-28,VZ,5.0499811,5.1089047,5.0509582
2022-03-28,WMT,4.8438009,4.8497957,4.7961629
2022-03-29,AAPL,29.319053,29.727578,28.13934
2022-03-29,AMGN,8.406609,8.4977692,8.366199
2022-03-29,CRM,11.807948,11.877532,11.672768
2022-03-29,CSCO,16.731873,17.012277,16.59113
2022-03-29,IBM,9.3465241,9.4602164,9.2938992
2022-03-29,INTC,29.11835,29.243208,28.155584
2022-03-29,MSFT,154.56554,156.08427,154.83671
2022-03-29,NKE,8.6511376,8.8187727,8.5277817
2022-03-29,VZ,5.0250977,5.2021801,5.0563603
2022-03-29,WMT,4.8102299,4.8388507,4.6973015
2022-03-30,AAPL,28.001414,28.296269,27.724833
2022-03-30,AMGN,8.4874798,8.5477479,8.4867701
2022-03-30,CRM,12.061658,12.238614,11.854564
2022-03-30,CSCO,16.543578,16.648254,16.54208
2022-03-30,IBM,9.5332017,9.6013134,9.4619311
2022-03-30,INTC,28.644086,28.936034,27.935838
2022-03-30,MSFT,150.96843,152.95393,148.37374
2022-03-30,NKE,8.5352785,8.6024101,8.443156
2022-03-30,VZ,4.9579691,4.9120193,4.8706379
2022-03-30,WMT,4.8665208,4.9456883,4.8018077
2022-03-31,AAPL,27.032352,27.408361,26.941719
2022-03-31,AMGN,8.4670989,8.5296558,8.4297699
2022-03-31,CRM,12.633421,12.529111,12.444929
2022-03-31,CSCO,16.769829,17.071241,16.488413
2022-03-31,IBM,9.5021368,9.6478234,9.4303317
2022-03-31,INTC,28.886843,28.949884,28.901746
2022-03-31,MSFT,149.2988,150.68484,147.60171
2022-03-31,NKE,8.393372,8.5526394,8.4659072
2022-03-31,VZ,4.9629282,4.9309076,4.9524475
2022-03-31,WMT,4.8046783,4.87743,4.7787273
2022-04-01,AAPL,26.348799,26.298186,26.594462
2022-04-01,AMGN,8.3640104,8.4543049,8.2630843
2022-04-01,CRM,12.224701,12.381033,12.093962
2022-04-01,CSCO,17.081364,17.401749,16.972721
2022-04-01,IBM,9.50174,9.6332686,9.319833
2022-04-01,INTC,28.643183,28.274913,28.401889
2022-04-01,MSFT,152.79578,153.87012,150.06595
2022-04-01,NKE,8.5015173,8.5876513,8.5267869
2022-04-01,VZ,4.9455587,5.0144059,4.9500104
2022-04-01,WMT,4.8694088,4.920827,4.8288583
2022-04-04,AAPL,25.994481,26.337687,25.543394
2022-04-04,AMGN,8.0505753,8.1520927,8.0111982
2022-04-04,CRM,12.27614,12.643118,11.907575
2022-04-04,CSCO,17.1455,16.897001,16.842352
2022-04-04,IBM,9.4092719,9.5754219,9.3461772
2022-04-04,INTC,28.497628,29.6112,28.062213
2022-04-04,MSFT,150.13739,149.17039,150.88818
2022-04-04,NKE,8.4597489,8.3972327,8.4901072
2022-04-04,VZ,4.8753449,4.9100132,4.8403499
2022-04-04,WMT,4.9208482,4.9781114,4.8350863
2022-04-05,AAPL,26.122264,26.259303,25.48852
2022-04-05,AMGN,7.9600833,7.9389562,7.7532832
2022-04-05,CRM,12.445258,12.364097,12.25767
2022-04-05,CSCO,17.961798,18.395167,17.519095
2022-04-05,IBM,9.3547523,9.4735561,9.235272
2022-04-05,INTC,27.943522,28.30959,27.647801
2022-04-05,MSFT,145.33261,146.54056,144.06743
2022-04-05,NKE,8.4273355,8.5358431,8.3386509
2022-04-05,VZ,4.8728672,4.9718574,4.880101
2022-04-05,WMT,4.8001316,4.896141,4.8087761
2022-04-06,AAPL,25.773577,26.058403,25.330074
2022-04-06,AMGN,7.8134594,7.9362405,7.7854758
2022-04-06,CRM,12.788912,13.277023,12.598998
2022-04-06,CSCO,17.816087,17.843539,17.701261
2022-04-06,IBM,9.1232347,9.155267,9.0720344
2022-04-06,INTC,27.54021,27.962778,27.153309
2022-04-06,MSFT,145.25275,144.61833,141.17048
2022-04-06,NKE,8.3940768,8.4586458,8.2343912
2022-04-06,VZ,4.7699358,4.8118522,4.7422522
2022-04-06,WMT,4.7563294,4.8421922,4.654216
2022-04-07,AAPL,25.358511,25.487991,24.54647
2022-04-07,AMGN,7.5036302,7.4923161,7.3799478
2022-04-07,CRM,12.484531,13.037394,12.346709
2022-04-07,CSCO,17.563782,17.657292,17.228715
2022-04-07,IBM,9.2242663,9.2844209,9.2867345
2022-04-07,INTC,27.540729,27.154818,27.4205
2022-04-07,MSFT,142.19994,142.46198,141.61
2022-04-07,NKE,8.3155643,8.3963467,8.1824764
2022-04-07,VZ,4.7479773,4.8407537,4.6713643
2022-04-07,WMT,4.7685803,4.8138507,4.715011
2022-04-08,AAPL,25.494452,25.51083,25.208231
2022-04-08,AMGN,7.3282847,7.4358414,7.2253777
2022-04-08,CRM,12.422381,12.739639,12.108466
2022-04-08,CSCO,17.607629,17.724828,17.610985
2022-04-08,IBM,9.2195447,9.2953004,8.9682935
2022-04-08,INTC,26.05422,26.752887,25.774437
2022-04-08,MSFT,137.15744,138.85733,134.50956
2022-04-08,NKE,8.0310397,8.0790827,7.9469353
2022-04-08,VZ,4.690192,4.668119,4.6296141
2022-04-08,WMT,4.7228378,4.7102501,4.6714303
2022-04-11,AAPL,26.029602,25.965074,26.204681
2022-04-11,AMGN,7.0732915,7.2147614,7.0671842
2022-04-11,CRM,12.555676,13.202091,12.217901
2022-04-11,CSCO,17.386654,17.512151,17.550155
2022-04-11,IBM,9.2735569,9.3972285,9.230572
2022-04-11,INTC,25.651712,25.946172,25.52623
2022-04-11,MSFT,140.53926,141.43254,138.27738
2022-04-11,NKE,8.0792495,8.1324948,8.0084572
2022-04-11,VZ,4.6175543,4.6561627,4.5628057
2022-04-11,WMT,4.7624721,4.8213282,4.7346374
2022-04-12,AAPL,25.336777,26.004571,25.033125
2022-04-12,AMGN,6.9376443,7.1124499,6.8373804
2022-04-12,CRM,12.497272,12.664709,12.230336
2022-04-12,CSCO,17.253037,17.235238,17.242961
2022-04-12,IBM,9.1878199,9.2646062,9.0963695
2022-04-12,INTC,26.220834,26.666813,25.717381
2022-04-12,MSFT,139.14291,140.92067,138.77048
2022-04-12,NKE,8.0571036,8.1253756,7.9343478
2022-04-12,VZ,4.5942928,4.6088628,4.5266195
2022-04-12,WMT,4.7566271,4.8039183,4.7421473
2022-04-13,AAPL,24.933482,25.088937,24.559837
2022-04-13,AMGN,6.951706,7.011068,6.9521941
2022-04-13,CRM,12.195836,12.382374,12.144759
2022-04-13,CSCO,17.252935,17.497969,16.698886
2022-04-13,IBM,9.1458228,9.2993106,9.1427014
2022-04-13,INTC,26.626478,26.737322,26.216878
2022-04-13,MSFT,142.96692,145.8208,140.07615
2022-04-13,NKE,7.9399283,8.0388427,7.8852506
2022-04-13,VZ,4.5345339,4.554194,4.5532891
2022-04-13,WMT,4.6037799,4.59921,4.6056184
2022-04-14,AAPL,25.563977,26.08464,25.039078
2022-04-14,AMGN,6.7491018,7.0018739,6.7615314
2022-04-14,CRM,12.495704,12.659957,12.401452
2022-04-14,CSCO,16.926443,16.872025,16.896569
2022-04-14,IBM,9.2332035,9.3208157,9.0890343
2022-04-14,INTC,27.262531,27.206315,26.558838
2022-04-14,MSFT,143.01546,142.45616,140.68637
2022-04-14,NKE,8.0487879,8.1371944,7.9827351
2022-04-14,VZ,4.3965491,4.4437069,4.3331395
2022-04-14,WMT,4.6928956,4.7388192,4.6127043
2022-04-18,AAPL,24.388178,24.980141,24.374852
2022-04-18,AMGN,6.8902145,6.9005508,6.8007657
2022-04-18,CRM,12.121212,12.364785,11.793983
2022-04-18,CSCO,16.703499,16.995759,16.261794
2022-04-18,IBM,9.1567514,9.3391255,9.0440698
2022-04-18,INTC,26.275815,26.756135,25.947066
2022-04-18,MSFT,142.44502,141.59465,140.32725
2022-04-18,NKE,7.8400233,7.8334852,7.794109
2022-04-18,VZ,4.3900433,4.4500241,4.3760512
2022-04-18,WMT,4.7227292,4.7764433,4.6736531
2022-04-19,AAPL,24.871866,25.656379,24.027878
2022-04-19,AMGN,6.7065423,6.8242092,6.7461302
2022-04-19,CRM,11.867811,12.200462,11.991911
2022-04-19,CSCO,17.112057,17.516989,16.863363
2022-04-19,IBM,9.066183,9.1493042,9.0022769
2022-04-19,INTC,26.585514,26.597475,26.077951
2022-04-19,MSFT,140.68495,141.05757,138.88059
2022-04-19,NKE,7.7903793,7.89408,7.8601932
2022-04-19,VZ,4.3454527,4.3601603,4.1926585
2022-04-19,WMT,4.6687265,4.6998302,4.601545
2022-04-20,AAPL,25.506491,26.085025,25.525355
2022-04-20,AMGN,6.6483631,6.8301257,6.5311201
2022-04-20,CRM,11.330575,11.48111,11.026326
2022-04-20,CSCO,16.816338,16.874153,16.895248
2022-04-20,IBM,9.240072,9.3135653,9.1637973
2022-04-20,INTC,27.023103,27.311947,26.855769
2022-04-20,MSFT,144.87424,146.72493,142.52074
2022-04-20,NKE,7.6977377,7.7184571,7.5250792
2022-04-20,VZ,4.4191583,4.3436999,4.3793962
2022-04-20,WMT,4.6685866,4.7329314,4.6141785
2022-04-21,AAPL,25.655397,26.324025,25.232126
2022-04-21,AMGN,6.6205481,6.6447948,6.4426424
2022-04-21,CRM,11.597473,11.739486,11.245465
2022-04-21,CSCO,16.949562,17.095849,16.68323
2022-04-21,IBM,9.3180601,9.3217313,9.1605071
2022-04-21,INTC,27.367751,27.98675,27.474689
2022-04-21,MSFT,144.8792,145.77544,142.54809
2022-04-21,NKE,7.8328099,8.0126434,7.6745772
2022-04-21,VZ,4.3575004,4.4133204,4.2770182
2022-04-21,WMT,4.749301,4.7250654,4.7070736
2022-04-22,AAPL,25.376191,25.402851,25.586144
2022-04-22,AMGN,6.6120926,6.812555,6.5399926
2022-04-22,CRM,12.272176,12.557471,12.356451
2022-04-22,CSCO,16.623263,16.829334,16.006413
2022-04-22,IBM,9.1928198,9.1726602,9.0872826
2022-04-22,INTC,26.659729,26.916487,26.09147
2022-04-22,MSFT,144.41452,145.72323,140.71637
2022-04-22,NKE,7.7580104,7.8491854,7.6876916
2022-04-22,VZ,4.4503741,4.4656946,4.4518075
2022-04-22,WMT,4.8269173,4.8905972,4.862227
2022-04-25,AAPL,25.134621,25.133153,24.310197
2022-04-25,AMGN,6.3551359,6.4664427,6.2290826
2022-04-25,CRM,12.909976,13.228297,12.877315
2022-04-25,CSCO,16.717314,16.955676,16.582413
2022-04-25,IBM,9.0910748,9.1724897,9.0968955
2022-04-25,INTC,26.195923,26.617192,25.850821
2022-04-25,MSFT,145.13626,145.57669,145.00584
2022-04-25,NKE,7.9400475,8.0444542,7.7569423
2022-04-25,VZ,4.3580859,4.3764448,4.2722999
2022-04-25,WMT,4.8252867,4.8488655,4.809037
2022-04-26,AAPL,25.172176,25.482037,24.955155
2022-04-26,AMGN,6.4130877,6.4456959,6.3255204
2022-04-26,CRM,12.429796,13.082504,12.035465
2022-04-26,CSCO,16.795772,16.810324,16.486678
2022-04-26,IBM,9.2770374,9.4300001,9.3915189
2022-04-26,INTC,26.74387,26.771695,26.662821
2022-04-26,MSFT,138.84235,139.77166,136.61685
2022-04-26,NKE,7.7210792,7.8093654,7.6337498
2022-04-26,VZ,4.2996742,4.3156728,4.1920935
2022-04-26,WMT,4.7732842,4.8878808,4.7328773
2022-04-27,AAPL,24.778242,25.007834,24.767487
2022-04-27,AMGN,6.207431,6.2507533,6.1545566
2022-04-27,CRM,12.068675,12.220363,11.757624
2022-04-27,CSCO,16.45307,16.444941,16.258408
2022-04-27,IBM,9.1454411,9.1669719,9.1520729
2022-04-27,INTC,26.16484,26.350339,25.960404
2022-04-27,MSFT,140.95311,141.52936,139.67036
2022-04-27,NKE,7.7260254,7.8912452,7.4832296
2022-04-27,VZ,4.2041134,4.2338097,4.2235638
2022-04-27,WMT,4.8871433,4.9046595,4.8165322
2022-04-28,AAPL,23.796099,24.010518,23.921811
2022-04-28,AMGN,6.3897904,6.4995363,6.2661419
2022-04-28,CRM,11.500061,11.447526,11.102459
2022-04-28,CSCO,16.138807,16.079834,15.964148
2022-04-28,IBM,9.2937986,9.4276249,9.2820498
2022-04-28,INTC,26.056223,26.28742,26.412982
2022-04-28,MSFT,143.86443,144.37305,141.9706
2022-04-28,NKE,7.6409256,7.7751895,7.7633455
2022-04-28,VZ,4.237204,4.2354786,4.2205191
2022-04-28,WMT,4.966193,5.0282411,4.8798696
2022-04-29,AAPL,24.103817,24.419009,23.83786
2022-04-29,AMGN,6.4465419,6.5985911,6.3422981
2022-04-29,CRM,11.411934,11.601911,11.357306
2022-04-29,CSCO,16.36072,16.533333,15.787386
2022-04-29,IBM,9.4726947,9.6005149,9.3927445
2022-04-29,INTC,25.252265,25.451161,25.329322
2022-04-29,MSFT,142.88421,146.20591,141.95621
2022-04-29,NKE,7.676258,7.6692586,7.5892777
2022-04-29,VZ,4.244339,4.2771994,4.1956455
2022-04-29,WMT,4.9878005,4.9902871,4.9657158
2022-05-02,AAPL,24.094052,24.461141,23.527954
2022-05-02,AMGN,6.4961765,6.6616877,6.3114152
2022-05-02,CRM,11.533483,11.87587,11.135275
2022-05-02,CSCO,16.381434,16.682734,16.141524
2022-05-02,IBM,9.4349573,9.5847562,9.2655616
2022-05-02,INTC,25.140956,26.004689,25.02646
2022-05-02,MSFT,145.32299,146.72039,144.89761
2022-05-02,NKE,7.6344307,7.6435935,7.6418625
2022-05-02,VZ,4.2740581,4.3312034,4.2548502
2022-05-02,WMT,4.8545222,4.9197624,4.8582421
2022-05-03,AAPL,24.798417,25.125941,25.006779
2022-05-03,AMGN,6.4949461,6.6142406,6.3304097
2022-05-03,CRM,11.392749,11.422313,11.149417
2022-05-03,CSCO,15.978915,16.05343,15.589422
2022-05-03,IBM,9.443317,9.4458004,9.4460255
2022-05-03,INTC,24.304735,24.807472,24.049686
2022-05-03,MSFT,146.78864,149.78154,147.06449
2022-05-03,NKE,7.588128,7.8627797,7.4715106
2022-05-03,VZ,4.2527717,4.2848609,4.2502176
2022-05-03,WMT,4.8462911,4.9343535,4.8150667
2022-05-04,AAPL,24.57363,25.550812,24.51188
2022-05-04,AMGN,6.5079613,6.6883595,6.4173002
2022-05-04,CRM,10.773142,11.010642,10.623113
2022-05-04,CSCO,16.339445,16.772662,15.690167
2022-05-04,IBM,9.3002066,9.3998495,9.2135307
2022-05-04,INTC,24.114179,24.418313,24.511247
2022-05-04,MSFT,145.68756,147.84321,145.39144
2022-05-04,NKE,7.498363,7.5117765,7.5446997
2022-05-04,VZ,4.205143,4.3006828,4.2008264
2022-05-04,WMT,4.8753716,4.9360321,4.8092662
2022-05-05,AAPL,24.757963,24.754161,24.330917
2022-05-05,AMGN,6.3034688,6.3113693,6.3621008
2022-05-05,CRM,10.568219,10.727497,10.051819
2022-05-05,CSCO,15.984023,16.340559,16.071641
2022-05-05,IBM,9.3304207,9.4478778,9.1618085
2022-05-05,INTC,23.656638,23.98393,23.471588
2022-05-05,MSFT,141.09133,145.50619,140.44563
2022-05-05,NKE,7.5308361,7.4975454,7.4152028
2022-05-05,VZ,4.2368675,4.2884548,4.2008101
2022-05-05,WMT,4.9228247,5.0311964,4.8561912
2022-05-06,AAPL,24.104506,24.605029,23.923759
2022-05-06,AMGN,6.3050878,6.4375459,6.3259566
2022-05-06,CRM,11.285015,11.519537,11.291115
2022-05-06,CSCO,15.842456,15.71702,15.396538
2022-05-06,IBM,9.2346326,9.2847567,9.1451854
2022-05-06,INTC,23.005642,23.209845,22.582462
2022-05-06,MSFT,136.25439,138.57586,134.26126
2022-05-06,NKE,7.5198303,7.6219511,7.5262971
2022-05-06,VZ,4.1022865,4.0747176,4.0880708
2022-05-06,WMT,4.8621011,4.8942282,4.8192011
2022-05-09,AAPL,23.89201,24.116815,23.820345
2022-05-09,AMGN,6.1577456,6.3711825,6.1168269
2022-05-09,CRM,11.161399,11.345592,10.862197
2022-05-09,CSCO,15.743622,15.907372,15.741667
2022-05-09,IBM,9.2458012,9.3899009,9.1707407
2022-05-09,INTC,23.190203,23.069698,22.840816
2022-05-09,MSFT,136.20998,137.18967,134.68036
2022-05-09,NKE,7.5232402,7.58388,7.477852
2022-05-09,VZ,3.9829276,4.0231694,3.9390405
2022-05-09,WMT,4.8353564,4.8965802,4.8388449
2022-05-10,AAPL,24.150476,24.851252,23.05815
2022-05-10,AMGN,6.2598591,6.2567607,6.1846193
2022-05-10,CRM,10.684784,10.869369,10.515619
2022-05-10,CSCO,15.355046,15.410613,15.547179
2022-05-10,IBM,9.3738866,9.4809019,9.3550273
2022-05-10,INTC,23.169471,23.479803,22.539473
2022-05-10,MSFT,136.0817,137.37245,133.75351
2022-05-10,NKE,7.619289,7.7493915,7.734174
2022-05-10,VZ,4.002228,3.978148,4.0611569
2022-05-10,WMT,4.833032,4.9440759,4.7435721
2022-05-11,AAPL,23.597323,23.746733,23.051119
2022-05-11,AMGN,6.2446891,6.278081,6.2708571
2022-05-11,CRM,11.000293,10.903785,10.678677
2022-05-11,CSCO,15.199161,15.7128,15.057626
2022-05-11,IBM,9.4958792,9.48144,9.4266808
2022-05-11,INTC,23.765667,23.967805,23.083427
2022-05-11,MSFT,138.0174,139.52003,136.92879
2022-05-11,NKE,7.2370662,7.3787145,7.0829528
2022-05-11,VZ,3.8394267,3.8894175,3.8494662
2022-05-11,WMT,4.8679299,4.9070533,4.8304465
2022-05-12,AAPL,23.171247,23.780189,23.341224
2022-05-12,AMGN,6.1551317,6.2598054,6.0704013
2022-05-12,CRM,10.5174,10.658063,10.056988
2022-05-12,CSCO,15.551462,15.623843,15.200947
2022-05-12,IBM,9.2659374,9.2944876,9.2672143
2022-05-12,INTC,23.556716,23.746248,23.826941
2022-05-12,MSFT,134.38546,133.29712,130.77678
2022-05-12,NKE,7.2549843,7.3488512,7.3492257
2022-05-12,VZ,3.8694093,3.9254226,3.8679485
2022-05-12,WMT,4.8653548,4.7973077,4.7597034
2022-05-13,AAPL,23.916187,24.102194,23.672204
2022-05-13,AMGN,5.964844,5.9716916,5.8357185
2022-05-13,CRM,10.345,10.603753,10.156813
2022-05-13,CSCO,15.249017,15.468439,14.98226
2022-05-13,IBM,9.2560403,9.2876275,9.3058359
2022-05-13,INTC,22.833977,22.526184,22.532659
2022-05-13,MSFT,136.83339,138.31233,133.56719
2022-05-13,NKE,7.2904478,7.4930924,7.1885749
2022-05-13,VZ,3.7001782,3.733491,3.7204897
2022-05-13,WMT,4.8552667,4.8924791,4.8194024
2022-05-16,AAPL,23.650084,23.54638,23.318799
2022-05-16,AMGN,5.9433015,6.0374898,5.9825182
2022-05-16,CRM,10.148083,10.347707,9.9364369
2022-05-16,CSCO,14.972833,15.100505,14.571487
2022-05-16,IBM,9.3253499,9.4016437,9.2779367
2022-05-16,INTC,22.21545,22.412732,22.121886
2022-05-16,MSFT,141.10016,140.55688,140.9436
2022-05-16,NKE,7.2980135,7.3218043,7.2424367
2022-05-16,VZ,3.6279324,3.6356548,3.5843671
2022-05-16,WMT,4.9564378,5.0499911,4.8585277
2022-05-17,AAPL,23.533948,24.060705,23.690128
2022-05-17,AMGN,5.8470554,5.908956,5.7912218
2022-05-17,CRM,9.7820806,10.088281,9.2878747
2022-05-17,CSCO,15.505478,15.750923,15.319002
2022-05-17,IBM,9.4632703,9.5901951,9.4421865
2022-05-17,INTC,21.983557,22.121807,22.095142
2022-05-17,MSFT,139.63928,141.84081,139.9085
2022-05-17,NKE,7.1177807,7.1566855,7.0417045
2022-05-17,VZ,3.588399,3.6353143,3.5277009
2022-05-17,WMT,4.9213799,4.9695265,4.8639583
2022-05-18,AAPL,23.421892,23.159417,23.397046
2022-05-18,AMGN,5.8211115,5.941396,5.8842494
2022-05-18,CRM,9.988721,10.035182,9.8128832
2022-05-18,CSCO,15.477947,15.677499,15.19553
2022-05-18,IBM,9.366171,9.6425781,9.4161058
2022-05-18,INTC,21.566724,21.512977,21.415567
2022-05-18,MSFT,143.43643,146.63154,143.10607
2022-05-18,NKE,7.0516897,7.1273554,6.9348161
2022-05-18,VZ,3.6456892,3.6816471,3.6673762
2022-05-18,WMT,4.8458578,4.9473431,4.8038397
2022-05-19,AAPL,23.085873,23.323598,22.802712
2022-05-19,AMGN,5.8634348,5.9738667,5.7335228
2022-05-19,CRM,9.9600951,10.112066,10.03638
2022-05-19,CSCO,15.396518,15.537622,15.445147
2022-05-19,IBM,9.2602747,9.3942243,9.2284169
2022-05-19,INTC,21.417716,21.978131,21.102929
2022-05-19,MSFT,144.32971,145.08068,142.75736
2022-05-19,NKE,7.1589911,7.4378131,7.1284374
2022-05-19,VZ,3.5170412,3.4889431,3.4807203
2022-05-19,WMT,4.9442771,4.9911506,4.9160431
2022-05-20,AAPL,22.922831,23.076568,22.370024
2022-05-20,AMGN,5.8889623,5.9552609,5.8047077
2022-05-20,CRM,9.917986,10.026449,9.7109749
2022-05-20,CSCO,15.163127,15.296539,14.916309
2022-05-20,IBM,9.19097,9.3446863,9.2588148
2022-05-20,INTC,21.972891,22.533296,22.167663
2022-05-20,MSFT,141.85707,143.9401,141.56765
2022-05-20,NKE,7.3211802,7.4966672,7.2560724
2022-05-20,VZ,3.5048481,3.5023718,3.5450298
2022-05-20,WMT,4.9411065,4.9688962,4.9432995
2022-05-23,AAPL,23.008946,23.140648,22.900779
2022-05-23,AMGN,5.9371059,6.052227,5.9335119
2022-05-23,CRM,10.214363,10.408361,9.9632747
2022-05-23,CSCO,15.02073,15.037647,15.05293
2022-05-23,IBM,9.2337594,9.1743629,9.1387614
2022-05-23,INTC,21.410599,21.356164,21.386648
2022-05-23,MSFT,144.617,145.94418,144.03022
2022-05-23,NKE,7.3109114,7.4407081,7.2555615
2022-05-23,VZ,3.4309183,3.4892883,3.3937126
2022-05-23,WMT,4.9187837,4.9538184,4.8992798
2022-05-24,AAPL,22.862733,22.809392,22.936246
2022-05-24,AMGN,5.7385518,5.712632,5.7048683
2022-05-24,CRM,10.499345,10.867931,10.231139
2022-05-24,CSCO,15.076292,15.097169,14.754909
2022-05-24,IBM,9.3628192,9.4281767,9.3792587
2022-05-24,INTC,20.880198,21.157308,20.626157
2022-05-24,MSFT,143.36827,144.38241,142.49926
2022-05-24,NKE,7.1433188,7.0769072,7.230738
2022-05-24,VZ,3.3256812,3.3404764,3.2884612
2022-05-24,WMT,4.9145158,5.0114902,4.8637731
2022-05-25,AAPL,22.842795,22.997487,22.787436
2022-05-25,AMGN,5.7125824,5.7650843,5.7025654
2022-05-25,CRM,10.051172,10.362312,9.8952464
2022-05-25,CSCO,14.809193,14.533878,14.622278
2022-05-25,IBM,9.4646763,9.5628793,9.4158574
2022-05-25,INTC,20.775816,20.905713,20.769118
2022-05-25,MSFT,144.63541,147.13119,144.4195
2022-05-25,NKE,6.9360925,6.9971824,6.8603199
2022-05-25,VZ,3.2952207,3.3671988,3.2562951
2022-05-25,WMT,4.9106013,4.9548005,4.854
2022-05-26,AAPL,23.280381,23.92876,23.082726
2022-05-26,AMGN,5.6231509,5.6277795,5.5093419
2022-05-26,CRM,9.980122,10.261971,9.7209801
2022-05-26,CSCO,15.376824,15.470643,15.194041
2022-05-26,IBM,9.2928192,9.4632372,9.2979405
2022-05-26,INTC,19.923395,20.241393,19.564525
2022-05-26,MSFT,144.96099,145.71281,141.71447
2022-05-26,NKE,6.9766976,7.1015479,6.9914392
2022-05-26,VZ,3.2504736,3.2612268,3.2029389
2022-05-26,WMT,4.7600429,4.804448,4.7931735
2022-05-27,AAPL,23.872635,24.176317,23.499572
2022-05-27,AMGN,5.5925637,5.5863245,5.4964203
2022-05-27,CRM,10.25574,10.519729,10.071606
2022-05-27,CSCO,15.787128,16.163662,15.622115
2022-05-27,IBM,9.2927418,9.35842,9.240516
2022-05-27,INTC,19.776176,20.326764,19.892563
2022-05-27,MSFT,144.93357,147.12763,144.87399
2022-05-27,NKE,7.0286114,7.2949244,6.9119183
2022-05-27,VZ,3.21229,3.2402415,3.1678785
2022-05-27,WMT,4.7779692,4.7727049,4.664745
2022-05-31,AAPL,23.932913,24.228336,23.618871
2022-05-31,AMGN,5.6458708,5.8145912,5.6695322
2022-05-31,CRM,9.9930651,9.8850458,9.955735
2022-05-31,CSCO,15.839961,16.422929,15.952659
2022-05-31,IBM,9.2264131,9.3528987,9.2697911
2022-05-31,INTC,19.491709,19.755592,19.040903
2022-05-31,MSFT,145.52055,145.38251,143.40678
2022-05-31,NKE,6.8690472,6.9682899,6.6576162
2022-05-31,VZ,3.1261303,3.1361426,3.0976284
2022-05-31,WMT,4.8029044,4.814119,4.7245019
2022-06-01,AAPL,22.751834,22.741226,22.139402
2022-06-01,AMGN,5.51857,5.6641771,5.4775416
2022-06-01,CRM,10.192668,10.257055,9.9500733
2022-06-01,CSCO,15.777228,15.841219,15.701022
2022-06-01,IBM,9.1117878,9.3701211,8.9721561
2022-06-01,INTC,19.682794,19.791184,19.459548
2022-06-01,MSFT,141.53003,142.22196,140.26536
2022-06-01,NKE,6.779784,6.9268012,6.7741706
2022-06-01,VZ,3.1440884,3.1589195,3.0712172
2022-06-01,WMT,4.8355644,4.9000351,4.7762019
2022-06-02,AAPL,23.25653,23.864378,23.02466
2022-06-02,AMGN,5.4356821,5.4488083,5.3181196
2022-06-02,CRM,9.9676828,10.108254,10.008123
2022-06-02,CSCO,15.612438,15.794356,15.680386
2022-06-02,IBM,8.97608,8.9684593,8.8162793
2022-06-02,INTC,19.934611,20.134347,19.786079
2022-06-02,MSFT,137.52824,135.99604,138.44657
2022-06-02,NKE,6.6888748,6.8853985,6.5959286
2022-06-02,VZ,3.0564327,3.0761279,3.0409389
2022-06-02,WMT,4.8091417,4.8732624,4.8132374
2022-06-03,AAPL,23.800944,24.873526,23.079663
2022-06-03,AMGN,5.485321,5.4872075,5.3277191
2022-06-03,CRM,9.2945618,9.701894,9.227324
2022-06-03,CSCO,15.137118,15.555111,15.022634
2022-06-03,IBM,8.9697942,9.0642653,8.9759885
2022-06-03,INTC,19.906338,19.99661,19.399615
2022-06-03,MSFT,136.40196,139.53571,134.61907
2022-06-03,NKE,6.8012225,6.9557996,6.8216206
2022-06-03,VZ,3.0489501,3.0528795,3.0392969
2022-06-03,WMT,4.7739747,4.7756325,4.6782557
2022-06-06,AAPL,22.657515,22.791997,22.414187
2022-06-06,AMGN,5.4627299,5.5483227,5.3042577
2022-06-06,CRM,8.9246415,9.1435506,8.7470324
2022-06-06,CSCO,14.855127,14.694394,14.428682
2022-06-06,IBM,8.9501011,9.1166625,8.857927
2022-06-06,INTC,19.656896,19.666283,19.370216
2022-06-06,MSFT,132.29668,133.43138,130.51697
2022-06-06,NKE,6.7759011,6.8466099,6.8174186
2022-06-06,VZ,3.0032239,3.0456455,2.9439978
2022-06-06,WMT,4.6863136,4.7086569,4.5890226
2022-06-07,AAPL,22.667326,22.552653,22.303329
2022-06-07,AMGN,5.4533618,5.4247724,5.3926621
2022-06-07,CRM,8.7569989,9.1267455,8.5794153
2022-06-07,CSCO,14.956712,15.043311,14.931583
2022-06-07,IBM,8.7646531,8.8166407,8.6000431
2022-06-07,INTC,19.297006,19.345866,19.172317
2022-06-07,MSFT,131.5288,133.36873,130.42756
2022-06-07,NKE,6.9305032,7.0404538,6.8070925
2022-06-07,VZ,2.9288635,2.929529,2.9071764
2022-06-07,WMT,4.6856927,4.7224433,4.6830375
2022-06-08,AAPL,23.097276,23.285364,22.71443
2022-06-08,AMGN,5.2438434,5.2281462,5.0943394
2022-06-08,CRM,8.7160923,9.0956658,8.42257
2022-06-08,CSCO,14.741391,14.570804,14.566176
2022-06-08,IBM,8.7830538,8.9348929,8.654656
2022-06-08,INTC,19.24694,19.702833,19.214668
2022-06-08,MSFT,130.88408,133.34267,130.49591
2022-06-08,NKE,6.9489911,7.0910085,6.7608543
2022-06-08,VZ,2.8484334,2.8703839,2.8415031
2022-06-08,WMT,4.6658624,4.7389456,4.6328903
2022-06-09,AAPL,23.426444,24.120166,22.793221
2022-06-09,AMGN,5.1665256,5.267882,5.0533648
2022-06-09,CRM,8.8842589,9.239415,8.6556404
2022-06-09,CSCO,14.554343,14.761882,14.377548
2022-06-09,IBM,8.7046609,8.8748108,8.7473457
2022-06-09,INTC,19.066191,19.361286,18.804593
2022-06-09,MSFT,130.36834,129.03477,131.13676
2022-06-09,NKE,7.0467037,7.1708143,6.9133481
2022-06-09,VZ,2.8046225,2.768635,2.8253511
2022-06-09,WMT,4.6581025,4.7306099,4.6181411
2022-06-10,AAPL,23.258089,24.097138,23.280325
2022-06-10,AMGN,5.310129,5.3278642,5.2301666
2022-06-10,CRM,8.9296509,9.1676831,8.8736062
2022-06-10,CSCO,14.431334,14.293121,14.2671
2022-06-10,IBM,8.5603817,8.635103,8.5296485
2022-06-10,INTC,19.267637,19.657237,19.036021
2022-06-10,MSFT,130.16211,132.26779,131.33956
2022-06-10,NKE,7.0298022,7.1823399,6.8361254
2022-06-10,VZ,2.7688621,2.7987741,2.7493998
2022-06-10,WMT,4.6914708,4.7524382,4.6612581
2022-06-13,AAPL,22.700579,22.902545,22.270499
2022-06-13,AMGN,5.2820744,5.3236114,5.1868708
2022-06-13,CRM,8.8002795,9.2022557,8.6951213
2022-06-13,CSCO,14.652529,15.053058,14.503162
2022-06-13,IBM,8.6729238,8.8576205,8.6862652
2022-06-13,INTC,19.525262,19.541404,18.830838
2022-06-13,MSFT,130.96333,132.01045,129.58527
2022-06-13,NKE,6.9118782,7.036377,6.8869984
2022-06-13,VZ,2.7935785,2.7606794,2.7568267
2022-06-13,WMT,4.6796456,4.6567701,4.6340461
2022-06-14,AAPL,22.554737,22.827657,22.757379
2022-06-14,AMGN,5.267548,5.338818,5.3423596
2022-06-14,CRM,9.1259008,9.3490318,8.747577
2022-06-14,CSCO,14.297421,14.229812,14.205398
2022-06-14,IBM,8.936889,9.110172,8.8714338
2022-06-14,INTC,19.36902,19.525589,19.117122
2022-06-14,MSFT,126.51578,129.20613,127.78701
2022-06-14,NKE,6.8753317,6.8805001,6.7770301
2022-06-14,VZ,2.7286217,2.7386054,2.7533824
2022-06-14,WMT,4.6752264,4.6474823,4.6377103
2022-06-15,AAPL,22.201301,23.11981,21.793006
2022-06-15,AMGN,5.3630081,5.3557774,5.328108
2022-06-15,CRM,9.1800263,9.2846062,8.9864088
2022-06-15,CSCO,13.751689,13.99021,13.353964
2022-06-15,IBM,8.8703088,8.8764989,8.7638194
2022-06-15,INTC,19.200334,19.209768,18.606331
2022-06-15,MSFT,128.44675,131.91363,126.45228
2022-06-15,NKE,6.7842065,7.057843,6.8023959
2022-06-15,VZ,2.6960686,2.7143506,2.6385687
2022-06-15,WMT,4.7884755,4.8212515,4.7662756
2022-06-16,AAPL,21.335166,21.489916,21.288682
2022-06-16,AMGN,5.3664194,5.4492212,5.3036926
2022-06-16,CRM,9.5822459,9.661489,9.4104434
2022-06-16,CSCO,13.538107,13.837832,13.586756
2022-06-16,IBM,8.8193752,8.8787492,8.8016525
2022-06-16,INTC,19.135661,19.342159,18.936222
2022-06-16,MSFT,128.47745,128.98204,126.37219
2022-06-16,NKE,6.8528217,6.8385043,6.6676843
2022-06-16,VZ,2.6614303,2.7261071,2.6564392
2022-06-16,WMT,4.7994594,4.8625219,4.729759
2022-06-17,AAPL,21.127789,21.636419,20.912661
2022-06-17,AMGN,5.4107386,5.5388344,5.330397
2022-06-17,CRM,9.5248817,9.6630415,9.1413769
2022-06-17,CSCO,13.363253,13.37796,13.140857
2022-06-17,IBM,8.8258424,8.8446533,8.9282066
2022-06-17,INTC,18.55514,18.776737,18.097172
2022-06-17,MSFT,133.02598,135.55634,132.34119
2022-06-17,NKE,6.7232173,6.7802195,6.6293075
2022-06-17,VZ,2.6146259,2.6558325,2.6095094
2022-06-17,WMT,4.8253693,4.8643313,4.7686777
2022-06-21,AAPL,20.640569,20.478939,20.506709
2022-06-21,AMGN,5.4864352,5.5731536,5.4071473
2022-06-21,CRM,9.5866544,9.9262485,8.9567958
2022-06-21,CSCO,13.778985,13.895341,13.7775
2022-06-21,IBM,8.593211,8.7546293,8.4971493
2022-06-21,INTC,18.579269,19.182216,18.378368
2022-06-21,MSFT,131.32387,131.88458,129.73725
2022-06-21,NKE,6.8880973,7.0502062,6.9150063
2022-06-21,VZ,2.612343,2.617468,2.6030449
2022-06-21,WMT,4.8153023,4.8754456,4.7431472
2022-06-22,AAPL,20.603994,20.921009,20.523327
2022-06-22,AMGN,5.588404,5.7334069,5.4125666
2022-06-22,CRM,9.7836482,9.9805584,9.9413508
2022-06-22,CSCO,13.539093,13.718611,13.340251
2022-06-22,IBM,8.442565,8.432948,8.3925287
2022-06-22,INTC,17.990936,18.482745,17.416577
2022-06-22,MSFT,135.67521,136.28135,133.75033
2022-06-22,NKE,6.8706254,6.9987596,6.8425973
2022-06-22,VZ,2.5537142,2.5927487,2.5184543
2022-06-22,WMT,4.8428905,4.8925219,4.7599527
2022-06-23,AAPL,20.266615,20.382536,19.599444
2022-06-23,AMGN,5.463691,5.5325091,5.3721821
2022-06-23,CRM,9.8527351,10.157279,9.612729
2022-06-23,CSCO,13.475241,13.520774,13.224131
2022-06-23,IBM,8.3663637,8.4869601,8.2218968
2022-06-23,INTC,18.416383,18.953715,18.444443
2022-06-23,MSFT,135.40984,140.43219,133.76483
2022-06-23,NKE,6.986237,7.1175209,6.9706756
2022-06-23,VZ,2.5440065,2.561674,2.5355584
2022-06-23,WMT,4.7950505,4.8349035,4.6872686
2022-06-24,AAPL,20.48138,20.561413,20.534228
2022-06-24,AMGN,5.4188795,5.5451132,5.3362754
2022-06-24,CRM,9.7016246,9.8315196,9.4442033
2022-06-24,CSCO,13.019856,13.169757,12.738305
2022-06-24,IBM,8.5296385,8.6632151,8.430423
2022-06-24,INTC,18.475178,18.974432,18.336772
2022-06-24,MSFT,132.48765,132.6459,135.01063
2022-06-24,NKE,6.7840653,6.956807,6.8009546
2022-06-24,VZ,2.5790442,2.5754525,2.5839993
2022-06-24,WMT,4.7219409,4.7818047,4.6773365
2022-06-27,AAPL,19.918042,20.178425,19.527702
2022-06-27,AMGN,5.5592,5.4996358,5.5603809
2022-06-27,CRM,10.065899,10.034954,9.6992407
2022-06-27,CSCO,13.185552,13.220833,12.896317
2022-06-27,IBM,8.4309287,8.681206,8.2933084
2022-06-27,INTC,18.27053,18.553526,17.766881
2022-06-27,MSFT,129.67688,132.48117,128.22397
2022-06-27,NKE,6.8834095,6.9099794,6.8263071
2022-06-27,VZ,2.5471391,2.575475,2.5066096
2022-06-27,WMT,4.6107315,4.6818541,4.5703543
2022-06-28,AAPL,20.14539,20.229423,19.637255
2022-06-28,AMGN,5.5485989,5.622723,5.5259891
2022-06-28,CRM,10.038508,10.474938,9.9710889
2022-06-28,CSCO,12.718717,12.973084,12.65228
2022-06-28,IBM,8.6347144,8.7953385,8.4756183
2022-06-28,INTC,18.67315,18.603008,18.562576
2022-06-28,MSFT,129.74814,128.76489,127.46345
2022-06-28,NKE,6.8171539,6.8705852,6.7456432
2022-06-28,VZ,2.5122308,2.5386654,2.5318183
2022-06-28,WMT,4.5146853,4.5785526,4.4794994
2022-06-29,AAPL,19.74515,19.902552,19.670905
2022-06-29,AMGN,5.7037663,5.6762256,5.6169506
2022-06-29,CRM,10.216703,10.211081,10.111478
2022-06-29,CSCO,13.019963,13.174672,12.794875
2022-06-29,IBM,8.7268485,8.7547052,8.6790525
2022-06-29,INTC,18.443958,18.714852,18.649569
2022-06-29,MSFT,129.04272,130.29049,129.06941
2022-06-29,NKE,6.6052557,6.6293118,6.4533938
2022-06-29,VZ,2.4636142,2.4944868,2.4631891
2022-06-29,WMT,4.5965149,4.6407025,4.5223218
2022-06-30,AAPL,19.603726,20.00491,19.272272
2022-06-30,AMGN,5.7453707,5.8842434,5.6994086
2022-06-30,CRM,9.9781661,10.208581,9.4496335
2022-06-30,CSCO,13.292902,13.502141,13.000792
2022-06-30,IBM,8.6781297,8.8538656,8.542282
2022-06-30,INTC,18.217312,18.428868,18.079173
2022-06-30,MSFT,123.73672,125.70478,123.20058
2022-06-30,NKE,6.5967124,6.6571527,6.574883
2022-06-30,VZ,2.4184809,2.4519906,2.3902989
2022-06-30,WMT,4.4940264,4.5861215,4.4574063
2022-07-01,AAPL,19.54382,20.026008,19.163975
2022-07-01,AMGN,5.506266,5.5929558,5.3944509
2022-07-01,CRM,10.116999,10.269874,9.9106085
2022-07-01,CSCO,13.023152,13.17443,12.983029
2022-07-01,IBM,8.6524146,8.7451707,8.5550779
2022-07-01,INTC,18.160124,18.584568,18.221
2022-07-01,MSFT,122.45098,123.51184,122.09171
2022-07-01,NKE,6.4619993,6.6147289,6.2192344
2022-07-01,VZ,2.3481318,2.323707,2.3265044
2022-07-01,WMT,4.4070163,4.4558782,4.3151605
2022-07-05,AAPL,19.634654,19.610198,19.794585
2022-07-05,AMGN,5.4699344,5.5143727,5.3569504
2022-07-05,CRM,9.7385909,10.075893,9.7185858
2022-07-05,CSCO,12.573481,12.928343,12.530246
2022-07-05,IBM,8.5408758,8.5970717,8.4741935
2022-07-05,INTC,18.512047,18.792585,18.441034
2022-07-05,MSFT,121.42292,122.05651,120.60371
2022-07-05,NKE,6.5149511,6.546103,6.4754782
2022-07-05,VZ,2.3348015,2.3500484,2.3103054
2022-07-05,WMT,4.4019898,4.422161,4.3596219
2022-07-06,AAPL,19.371198,19.479771,19.516635
2022-07-06,AMGN,5.5572863,5.5781571,5.6075096
2022-07-06,CRM,9.1535201,9.6781802,9.0132909
2022-07-06,CSCO,12.459789,12.582152,12.267785
2022-07-06,IBM,8.6822542,8.8589121,8.7047366
2022-07-06,INTC,18.717469,18.764233,18.609438
2022-07-06,MSFT,122.61483,122.28965,124.19593
2022-07-06,NKE,6.530585,6.605229,6.5769256
2022-07-06,VZ,2.3582962,2.4056828,2.360358
2022-07-06,WMT,4.329032,4.3673841,4.3237687
2022-07-07,AAPL,19.320745,19.48469,19.10563
2022-07-07,AMGN,5.574034,5.7113906,5.5233324
2022-07-07,CRM,8.7636712,8.9804445,8.5006244
2022-07-07,CSCO,12.322295,12.487209,12.138778
2022-07-07,IBM,8.6892065,8.7826357,8.6594714
2022-07-07,INTC,18.564311,18.609824,18.187829
2022-07-07,MSFT,120.46578,123.53264,118.91366
2022-07-07,NKE,6.3156957,6.3834415,6.126789
2022-07-07,VZ,2.3287356,2.3061333,2.2768564
2022-07-07,WMT,4.3395545,4.3738924,4.2163427
2022-07-08,AAPL,19.33658,19.629637,19.228233
2022-07-08,AMGN,5.5675871,5.6605408,5.526565
2022-07-08,CRM,8.5388216,8.8469522,8.5041349
2022-07-08,CSCO,12.381091,12.418631,12.084119
2022-07-08,IBM,8.743137,8.9808085,8.7533939
2022-07-08,INTC,18.869154,19.325695,18.90718
2022-07-08,MSFT,120.53289,120.07037,118.84052
2022-07-08,NKE,6.071044,6.251609,6.0136472
2022-07-08,VZ,2.3292464,2.3068651,2.299876
2022-07-08,WMT,4.3554688,4.3468392,4.2442867
2022-07-11,AAPL,19.73866,20.018982,19.38379
2022-07-11,AMGN,5.530885,5.5571521,5.5030509
2022-07-11,CRM,8.3261666,8.601334,8.2543204
2022-07-11,CSCO,12.647363,12.733762,12.460399
2022-07-11,IBM,8.619067,8.6693587,8.5100609
2022-07-11,INTC,18.915958,19.31894,18.551612
2022-07-11,MSFT,121.89581,125.36559,121.33282
2022-07-11,NKE,5.9385295,5.990301,5.9372181
2022-07-11,VZ,2.3320798,2.3766713,2.2981274
2022-07-11,WMT,4.2801263,4.2940194,4.3071594
2022-07-12,AAPL,19.50665,19.987156,19.347146
2022-07-12,AMGN,5.576213,5.580367,5.5206055
2022-07-12,CRM,8.2038719,8.2578631,8.0626558
2022-07-12,CSCO,12.405018,12.436191,12.373324
2022-07-12,IBM,8.3669897,8.4823955,8.3161176
2022-07-12,INTC,18.854567,18.981658,18.607772
2022-07-12,MSFT,122.65891,123.4617,120.79545
2022-07-12,NKE,6.022355,6.1344863,6.0161213
2022-07-12,VZ,2.331713,2.3522235,2.3175236
2022-07-12,WMT,4.3815078,4.3926285,4.2973062
2022-07-13,AAPL,19.250358,19.112765,19.589514
2022-07-13,AMGN,5.4817232,5.4648702,5.3807379
2022-07-13,CRM,8.407202,8.5435355,8.3379929
2022-07-13,CSCO,12.250435,12.605413,12.052242
2022-07-13,IBM,8.1175637,8.1476027,8.0630175
2022-07-13,INTC,18.813361,19.180453,18.629443
2022-07-13,MSFT,126.11668,130.15931,123.94304
2022-07-13,NKE,5.9080062,5.9768793,5.8360377
2022-07-13,VZ,2.3830143,2.432571,2.3661614
2022-07-13,WMT,4.4302095,4.4353661,4.3224409
2022-07-14,AAPL,18.964077,19.083964,18.520506
2022-07-14,AMGN,5.4445133,5.567017,5.4933961
2022-07-14,CRM,8.4139707,8.530485,8.3037716
2022-07-14,CSCO,12.247676,12.270259,11.988699
2022-07-14,IBM,8.0657859,8.2140758,7.8458303
2022-07-14,INTC,18.732928,19.307811,18.6228
2022-07-14,MSFT,125.91163,127.34188,124.86633
2022-07-14,NKE,5.9740697,6.1333268,5.8148468
2022-07-14,VZ,2.3682084,2.3606877,2.3764722
2022-07-14,WMT,4.4635017,4.5088358,4.4462811
2022-07-15,AAPL,19.447186,19.381575,19.122935
2022-07-15,AMGN,5.4846385,5.5666955,5.4517033
2022-07-15,CRM,8.5879895,8.5874618,8.5762761
2022-07-15,CSCO,12.081778,12.024481,11.98983
2022-07-15,IBM,7.8988723,8.0155295,7.871184
2022-07-15,INTC,18.641454,19.078085,18.31277
2022-07-15,MSFT,126.0223,127.38083,124.86358
2022-07-15,NKE,6.0612057,6.225738,6.0478714
2022-07-15,VZ,2.3954022,2.4544656,2.3259698
2022-07-15,WMT,4.4924954,4.4954548,4.480173
2022-07-18,AAPL,19.126039,19.695064,18.376296
2022-07-18,AMGN,5.4022587,5.6243207,5.3327419
2022-07-18,CRM,8.2187613,8.4121704,8.1826937
2022-07-18,CSCO,12.355885,12.492809,12.396295
2022-07-18,IBM,7.7767728,7.8727238,7.781308
2022-07-18,INTC,18.852756,18.956014,18.455874
2022-07-18,MSFT,125.82536,129.05688,121.94186
2022-07-18,NKE,6.0093474,6.0487026,6.0268884
2022-07-18,VZ,2.4280021,2.3966081,2.4099289
2022-07-18,WMT,4.4894551,4.5076021,4.4505959
2022-07-19,AAPL,19.075068,19.502173,18.714221
2022-07-19,AMGN,5.5628291,5.607042,5.4810161
2022-07-19,CRM,8.3636975,8.4045618,8.1976884
2022-07-19,CSCO,12.248221,12.54298,11.984056
2022-07-19,IBM,7.8420996,7.8550417,7.8982907
2022-07-19,INTC,18.640803,19.091056,18.878485
2022-07-19,MSFT,125.87344,127.78472,124.44346
2022-07-19,NKE,6.2360165,6.321754,6.2371516
2022-07-19,VZ,2.4612364,2.4936222,2.4332187
2022-07-19,WMT,4.554405,4.5869024,4.5508624
2022-07-20,AAPL,18.850569,18.992799,18.492446
2022-07-20,AMGN,5.5339853,5.5925867,5.4826097
2022-07-20,CRM,8.573791,8.7477584,8.642962
2022-07-20,CSCO,12.303879,12.446706,12.140333
2022-07-20,IBM,7.7445333,7.7007782,7.6544025
2022-07-20,INTC,18.447774,18.685136,18.621376
2022-07-20,MSFT,128.57008,130.99662,129.75123
2022-07-20,NKE,6.4621748,6.4212888,6.3910144
2022-07-20,VZ,2.4001137,2.4203318,2.3448726
2022-07-20,WMT,4.5413565,4.5847101,4.4843241
2022-07-21,AAPL,18.089507,18.201286,17.455833
2022-07-21,AMGN,5.6168007,5.6818988,5.5684287
2022-07-21,CRM,8.2451067,8.4729797,8.0134328
2022-07-21,CSCO,12.444723,12.586907,12.29744
2022-07-21,IBM,7.7443461,7.8319169,7.7160297
2022-07-21,INTC,18.264167,18.733532,18.336973
2022-07-21,MSFT,128.02882,131.60117,127.45403
2022-07-21,NKE,6.2486285,6.3671524,6.26516
2022-07-21,VZ,2.4282452,2.4933779,2.4030431
2022-07-21,WMT,4.4829706,4.4210486,4.4899671
2022-07-22,AAPL,18.035325,18.490335,17.931238
2022-07-22,AMGN,5.483684,5.5702955,5.3897272
2022-07-22,CRM,8.02001,7.7953861,7.9409787
2022-07-22,CSCO,12.144349,12.077004,12.150708
2022-07-22,IBM,7.6321155,7.6834802,7.5333837
2022-07-22,INTC,18.120062,18.392292,17.721589
2022-07-22,MSFT,128.35125,133.09553,129.6036
2022-07-22,NKE,6.2492345,6.3689194,6.0894965
2022-07-22,VZ,2.4280426,2.4570257,2.4221168
2022-07-22,WMT,4.5082143,4.4989895,4.4737517
2022-07-25,AAPL,18.532718,18.55523,18.866086
2022-07-25,AMGN,5.332885,5.3464025,5.3032606
2022-07-25,CRM,8.0115897,8.293931,8.0662743
2022-07-25,CSCO,11.876158,11.913122,11.636704
2022-07-25,IBM,7.6181603,7.7651889,7.3862192
2022-07-25,INTC,18.216331,18.580872,18.261942
2022-07-25,MSFT,128.92066,130.54782,126.40298
2022-07-25,NKE,6.0830685,6.2432778,6.0430025
2022-07-25,VZ,2.420655,2.4356338,2.3729556
2022-07-25,WMT,4.5364581,4.5454141,4.492289
2022-07-26,AAPL,18.847,18.978176,18.464415
2022-07-26,AMGN,5.1689798,5.2536087,5.1905459
2022-07-26,CRM,7.8233604,7.9920541,7.8900062
2022-07-26,CSCO,11.753459,11.898183,11.786639
2022-07-26,IBM,7.7323635,7.8332051,7.7988978
2022-07-26,INTC,18.932417,19.345249,19.202521
2022-07-26,MSFT,132.72851,132.62308,130.78752
2022-07-26,NKE,5.9455914,6.014914,5.8671068
2022-07-26,VZ,2.4355971,2.4702156,2.3958897
2022-07-26,WMT,4.5723637,4.6038534,4.5023707
2022-07-27,AAPL,19.173089,19.371126,19.108647
2022-07-27,AMGN,5.0786159,5.2157637,5.013946
2022-07-27,CRM,7.6754964,7.7693589,7.71102
2022-07-27,CSCO,11.62856,11.716104,11.646049
2022-07-27,IBM,7.8048689,7.9963776,7.7483993
2022-07-27,INTC,18.565727,18.837312,18.280006
2022-07-27,MSFT,133.50974,133.83895,132.5668
2022-07-27,NKE,5.8291516,5.9984975,5.6847047
2022-07-27,VZ,2.4206787,2.4615577,2.4282931
2022-07-27,WMT,4.5063881,4.5878818,4.466764
2022-07-28,AAPL,18.361461,18.721,17.852521
2022-07-28,AMGN,4.9127492,4.9101975,4.9096918
2022-07-28,CRM,7.5403861,7.6748852,7.4395749
2022-07-28,CSCO,11.610501,11.642374,11.566974
2022-07-28,IBM,7.6930561,7.7604104,7.5990133
2022-07-28,INTC,18.461964,18.808437,17.898391
2022-07-28,MSFT,133.42165,136.62265,133.46176
2022-07-28,NKE,5.8593171,5.8979839,5.7663369
2022-07-28,VZ,2.4094308,2.4842289,2.3890176
2022-07-28,WMT,4.423477,4.4142007,4.3858549
2022-07-29,AAPL,18.706854,18.639866,18.412297
2022-07-29,AMGN,4.7663078,4.9318028,4.7738795
2022-07-29,CRM,7.0152399,7.3382579,6.9635593
2022-07-29,CSCO,11.508036,11.486925,11.422592
2022-07-29,IBM,7.6703864,7.8008466,7.6585529
2022-07-29,INTC,18.085186,18.416261,17.994426
2022-07-29,MSFT,137.05113,138.6488,136.4507
2022-07-29,NKE,5.8522526,5.9281715,5.9304269
2022-07-29,VZ,2.4334838,2.4681671,2.3446057
2022-07-29,WMT,4.3371345,4.3892105,4.3062184
2022-08-01,AAPL,18.836041,18.720302,18.352448
2022-08-01,AMGN,4.5660968,4.7199513,4.4998717
2022-08-01,CRM,7.1303823,7.2631093,6.950986
2022-08-01,CSCO,11.295778,11.58214,11.146272
2022-08-01,IBM,7.5959409,7.6733871,7.561149
2022-08-01,INTC,18.006799,18.096066,17.732298
2022-08-01,MSFT,135.70193,135.15883,134.37106
2022-08-01,NKE,5.8541851,5.9794813,5.7519003
2022-08-01,VZ,2.4691021,2.4825866,2.4424787
2022-08-01,WMT,4.2077732,4.2536646,4.1490595
2022-08-02,AAPL,18.624906,18.930117,18.814272
2022-08-02,AMGN,4.5030154,4.5218968,4.5248471
2022-08-02,CRM,6.9910707,7.3025625,6.711289
2022-08-02,CSCO,11.214082,11.40101,11.144196
2022-08-02,IBM,7.6725881,7.7531408,7.6928511
2022-08-02,INTC,17.556283,17.676474,17.467073
2022-08-02,MSFT,139.29431,140.79899,136.25353
2022-08-02,NKE,5.7185343,5.8125526,5.6479937
2022-08-02,VZ,2.4152516,2.4785618,2.3778627
2022-08-02,WMT,4.1830403,4.2893032,4.1432674
2022-08-03,AAPL,18.746974,19.19888,19.114489
2022-08-03,AMGN,4.5119986,4.5853815,4.4047824
2022-08-03,CRM,6.7303055,6.8645529,6.6568155
2022-08-03,CSCO,11.051743,11.209464,10.845348
2022-08-03,IBM,7.6697083,7.7574291,7.6186808
2022-08-03,INTC,17.557617,17.87774,17.360664
2022-08-03,MSFT,140.31677,142.06877,137.42347
2022-08-03,NKE,5.7930856,5.9323789,5.7816349
2022-08-03,VZ,2.4119111,2.4521818,2.44177
2022-08-03,WMT,4.241041,4.2832856,4.207627
2022-08-04,AAPL,18.151345,18.603453,18.036307
2022-08-04,AMGN,4.5806062,4.6839431,4.5377664
2022-08-04,CRM,6.6138469,6.6795635,6.4788902
2022-08-04,CSCO,10.948068,10.9834,10.768208
2022-08-04,IBM,7.5098323,7.4572396,7.4376271
2022-08-04,INTC,17.588706,17.708011,17.245781
2022-08-04,MSFT,141.69271,143.50214,141.41618
2022-08-04,NKE,5.8187779,5.9627774,5.6466578
2022-08-04,VZ,2.3972098,2.4179532,2.3693424
2022-08-04,WMT,4.2575147,4.2408227,4.2931919
2022-08-05,AAPL,18.293078,18.5267,17.880502
2022-08-05,AMGN,4.5697855,4.6796556,4.4563551
2022-08-05,CRM,6.4162849,6.4090075,6.0830225
2022-08-05,CSCO,10.578553,10.637525,10.331019
2022-08-05,IBM,7.3672475,7.5598508,7.3173127
2022-08-05,INTC,18.078567,18.249433,17.975043
2022-08-05,MSFT,142.09481,139.93285,138.88972
2022-08-05,NKE,5.7478212,5.7787934,5.6546709
2022-08-05,VZ,2.4408239,2.4359745,2.3633481
2022-08-05,WMT,4.2788126,4.3247575,4.2822887
2022-08-08,AAPL,18.62884,18.847151,18.25991
2022-08-08,AMGN,4.6690646,4.743167,4.5874529
2022-08-08,CRM,6.32284,6.3778767,6.1394521
2022-08-08,CSCO,10.644768,10.636587,10.477865
2022-08-08,IBM,7.3518726,7.4285954,7.1864307
2022-08-08,INTC,18.091288,18.301154,17.747229
2022-08-08,MSFT,139.02218,140.61909,136.02279
2022-08-08,NKE,5.708274,5.7454778,5.6419905
2022-08-08,VZ,2.4317253,2.4729547,2.3617178
2022-08-08,WMT,4.1735349,4.1916204,4.1510038
2022-08-09,AAPL,17.724966,17.92628,17.358254
2022-08-09,AMGN,4.7067885,4.7291481,4.6123608
2022-08-09,CRM,6.1663133,6.1116295,6.1390558
2022-08-09,CSCO,10.453685,10.422562,10.395015
2022-08-09,IBM,7.1599184,7.1898542,7.1154807
2022-08-09,INTC,18.332638,18.226969,17.959935
2022-08-09,MSFT,140.85343,143.91044,138.42763
2022-08-09,NKE,5.8470767,5.9624574,5.7243729
2022-08-09,VZ,2.4335495,2.4396799,2.3987176
2022-08-09,WMT,4.1987446,4.2594358,4.2060023
2022-08-10,AAPL,18.615424,18.919167,18.286011
2022-08-10,AMGN,4.5661174,4.6133979,4.5466616
2022-08-10,CRM,6.2077899,6.4352377,6.1211166
2022-08-10,CSCO,10.515915,10.424657,10.487348
2022-08-10,IBM,7.2207968,7.232692,7.2048546
2022-08-10,INTC,18.536089,18.619933,18.449471
2022-08-10,MSFT,142.49931,145.85203,140.12603
2022-08-10,NKE,5.7490885,5.852435,5.6126535
2022-08-10,VZ,2.4281495,2.4391359,2.4262175
2022-08-10,WMT,4.2098172,4.2139143,4.1873065
2022-08-11,AAPL,17.873373,18.188542,17.775424
2022-08-11,AMGN,4.5590902,4.5761149,4.5154581
2022-08-11,CRM,6.1828055,6.4081962,6.1261836
2022-08-11,CSCO,10.928505,10.975481,10.766508
2022-08-11,IBM,7.1545347,7.2523011,7.0666404
2022-08-11,INTC,19.323846,19.708348,19.132198
2022-08-11,MSFT,141.81592,141.23221,139.49327
2022-08-11,NKE,5.858454,5.9165008,5.8381625
2022-08-11,VZ,2.4712564,2.4939238,2.4431536
2022-08-11,WMT,4.2086139,4.2179727,4.2110427
2022-08-12,AAPL,17.782118,17.979252,17.589728
2022-08-12,AMGN,4.5632437,4.6407566,4.5572637
2022-08-12,CRM,6.1589967,6.3223062,6.1412974
2022-08-12,CSCO,10.597712,10.68472,10.45931
2022-08-12,IBM,7.1336575,7.1745489,7.0725403
2022-08-12,INTC,19.211671,19.045475,18.591107
2022-08-12,MSFT,142.39879,144.0991,138.09587
2022-08-12,NKE,6.0075979,6.1502508,5.8931732
2022-08-12,VZ,2.4115783,2.4595546,2.3873015
2022-08-12,WMT,4.1801524,4.1802979,4.114178
2022-08-15,AAPL,17.821328,17.856641,18.109049
2022-08-15,AMGN,4.5880738,4.6607711,4.4768003
2022-08-15,CRM,6.208398,6.3124574,6.126807
2022-08-15,CSCO,11.244022,11.356478,10.927584
2022-08-15,IBM,7.2714688,7.3608793,7.1344525
2022-08-15,INTC,19.028455,19.41959,18.823982
2022-08-15,MSFT,136.8629,140.07426,135.49911
2022-08-15,NKE,6.0118681,6.020661,5.9788003
2022-08-15,VZ,2.3845692,2.4059128,2.3562504
2022-08-15,WMT,4.158405,4.2514111,4.1111192
2022-08-16,AAPL,17.563678,17.540409,17.332221
2022-08-16,AMGN,4.7141796,4.8188523,4.6410926
2022-08-16,CRM,6.0377365,6.2679146,5.8163088
2022-08-16,CSCO,11.397185,11.501563,11.388985
2022-08-16,IBM,7.214026,7.3648757,7.1663569
2022-08-16,INTC,18.734876,18.511034,18.606322
2022-08-16,MSFT,136.58542,139.88546,133.88799
2022-08-16,NKE,5.7424212,5.8523099,5.6590461
2022-08-16,VZ,2.375091,2.358606,2.3496288
2022-08-16,WMT,4.1784085,4.2097702,4.1820038
2022-08-17,AAPL,16.99673,17.165725,16.843705
2022-08-17,AMGN,4.7380597,4.6913211,4.689859
2022-08-17,CRM,6.2208861,6.3480668,6.0387174
2022-08-17,CSCO,11.497274,11.612583,11.395809
2022-08-17,IBM,7.0284739,7.2115471,6.8704989
2022-08-17,INTC,18.17708,18.238206,18.014932
2022-08-17,MSFT,131.75741,129.73402,131.99275
2022-08-17,NKE,5.662093,5.7308803,5.6610387
2022-08-17,VZ,2.3325797,2.3757855,2.2922165
2022-08-17,WMT,4.1360152,4.1379943,4.1351701
2022-08-18,AAPL,17.145473,17.406345,16.820114
2022-08-18,AMGN,4.4569407,4.5660503,4.4293576
2022-08-18,CRM,6.0692283,6.1960723,5.9487847
2022-08-18,CSCO,11.361427,11.323503,11.098509
2022-08-18,IBM,6.9325948,7.0878222,6.7618127
2022-08-18,INTC,17.911664,17.891002,17.800952
2022-08-18,MSFT,130.37759,133.42519,127.33721
2022-08-18,NKE,5.6255331,5.6016296,5.6898813
2022-08-18,VZ,2.427275,2.4606068,2.3882232
2022-08-18,WMT,4.1068588,4.1583426,4.0557946
2022-08-19,AAPL,16.641238,16.897754,16.683931
2022-08-19,AMGN,4.4805335,4.5240248,4.3947435
2022-08-19,CRM,5.9810715,6.0523272,5.8191714
2022-08-19,CSCO,11.048668,11.438808,11.122656
2022-08-19,IBM,6.6754518,6.618056,6.6836347
2022-08-19,INTC,17.989002,17.97337,17.626242
2022-08-19,MSFT,131.34724,133.67783,128.77225
2022-08-19,NKE,5.6824607,5.7129851,5.5739317
2022-08-19,VZ,2.4351821,2.448012,2.3603787
2022-08-19,WMT,4.037121,4.1427576,4.0206099
2022-08-22,AAPL,16.642087,16.966586,16.676182
2022-08-22,AMGN,4.3684883,4.3885315,4.3578723
2022-08-22,CRM,6.005274,5.9695352,5.8372122
2022-08-22,CSCO,11.094089,10.990355,10.826283
2022-08-22,IBM,6.5874501,6.7435758,6.5365872
2022-08-22,INTC,18.246295,18.318971,18.307284
2022-08-22,MSFT,131.42479,131.20181,130.48695
2022-08-22,NKE,5.4990929,5.5167204,5.4691261
2022-08-22,VZ,2.4186459,2.4346727,2.413297
2022-08-22,WMT,3.9666411,4.0352446,3.9152936
2022-08-23,AAPL,15.908824,16.461293,15.417402
2022-08-23,AMGN,4.5513327,4.652185,4.4680037
2022-08-23,CRM,5.9365193,5.8658103,5.8627078
2022-08-23,CSCO,10.926717,11.075158,10.871615
2022-08-23,IBM,6.5529958,6.6355171,6.5858225
2022-08-23,INTC,17.979701,17.878186,17.893544
2022-08-23,MSFT,130.80045,134.30837,130.76271
2022-08-23,NKE,5.5070847,5.5761881,5.4805629
2022-08-23,VZ,2.4230882,2.4671518,2.3636427
2022-08-23,WMT,3.9709079,4.0241132,3.9111784
2022-08-24,AAPL,16.028859,15.923637,15.881188
2022-08-24,AMGN,4.3684427,4.3306199,4.3509613
2022-08-24,CRM,5.7536056,5.8363313,5.535327
2022-08-24,CSCO,10.956648,11.142712,10.905719
2022-08-24,IBM,6.5097244,6.5533095,6.4408503
2022-08-24,INTC,17.476335,17.541571,17.167111
2022-08-24,MSFT,130.53183,131.22068,129.6892
2022-08-24,NKE,5.36245,5.4869473,5.329004
2022-08-24,VZ,2.3451363,2.3740839,2.3096863
2022-08-24,WMT,3.9549137,3.9986786,3.8813611
2022-08-25,AAPL,15.22405,15.161137,14.968591
2022-08-25,AMGN,4.1985634,4.2950348,4.1669546
2022-08-25,CRM,5.4822641,5.6181069,5.3842904
2022-08-25,CSCO,10.954658,11.046823,10.775337
2022-08-25,IBM,6.6086698,6.6864343,6.5818318
2022-08-25,INTC,17.806238,18.391109,17.731835
2022-08-25,MSFT,132.48124,132.62338,131.23356
2022-08-25,NKE,5.2918073,5.3620771,5.3629066
2022-08-25,VZ,2.3273967,2.3331152,2.3058597
2022-08-25,WMT,3.9088254,3.935463,3.8383317
2022-08-26,AAPL,15.049416,15.177755,14.624042
2022-08-26,AMGN,4.2315456,4.2463686,4.1824397
2022-08-26,CRM,5.4606571,5.5837975,5.3910017
2022-08-26,CSCO,10.518944,10.582225,10.291134
2022-08-26,IBM,6.563704,6.689518,6.5749831
2022-08-26,INTC,17.630934,17.848209,17.508388
2022-08-26,MSFT,128.3203,130.03451,125.69967
2022-08-26,NKE,5.4746082,5.5659331,5.4871725
2022-08-26,VZ,2.3640514,2.3789314,2.397376
2022-08-26,WMT,3.9418917,3.9863537,3.9495691
2022-08-29,AAPL,14.88115,15.12409,14.705533
2022-08-29,AMGN,4.2161207,4.2903784,4.1270349
2022-08-29,CRM,5.2738858,5.3832613,5.2288385
2022-08-29,CSCO,10.601042,10.668818,10.611274
2022-08-29,IBM,6.6291176,6.6568049,6.5520194
2022-08-29,INTC,17.52275,17.965081,17.367771
2022-08-29,MSFT,128.70778,129.83653,127.18457
2022-08-29,NKE,5.630867,5.7015142,5.5818153
2022-08-29,VZ,2.3675986,2.388593,2.362676
2022-08-29,WMT,3.867896,3.8667018,3.8371066
2022-08-30,AAPL,15.295082,16.086725,14.614099
2022-08-30,AMGN,4.2726073,4.3745093,4.1941853
2022-08-30,CRM,5.2005655,5.39903,5.1199198
2022-08-30,CSCO,10.522073,10.557126,10.20984
2022-08-30,IBM,6.482886,6.4791278,6.4258128
2022-08-30,INTC,17.366929,17.40338,17.056969
2022-08-30,MSFT,125.81663,128.27971,121.45368
2022-08-30,NKE,5.6657158,5.7779994,5.5673966
2022-08-30,VZ,2.386441,2.448344,2.3482717
2022-08-30,WMT,3.8741931,3.8915924,3.8497998
2022-08-31,AAPL,15.271148,15.60406,15.122629
2022-08-31,AMGN,4.2705692,4.3790907,4.27073
2022-08-31,CRM,5.1427123,5.2554796,5.0422809
2022-08-31,CSCO,10.230938,10.029186,10.159473
2022-08-31,IBM,6.4548853,6.5189562,6.3545921
2022-08-31,INTC,17.873623,18.269069,17.991295
2022-08-31,MSFT,127.889,126.8767,125.84902
2022-08-31,NKE,5.6333806,5.6034666,5.6728234
2022-08-31,VZ,2.3386478,2.382087,2.3065848
2022-08-31,WMT,3.8688175,3.8647758,3.8165358
2022-09-01,AAPL,15.284413,15.411679,15.127801
2022-09-01,AMGN,4.2401914,4.3055214,4.171659
2022-09-01,CRM,5.1423692,5.1532074,5.1230122
2022-09-01,CSCO,9.7446048,9.9313233,9.7235487
2022-09-01,IBM,6.3643016,6.4516959,6.385456
2022-09-01,INTC,17.812558,17.944822,17.731878
2022-09-01,MSFT,128.5019,130.14294,129.04118
2022-09-01,NKE,5.6546514,5.6756182,5.5868605
2022-09-01,VZ,2.3257918,2.3780413,2.370376
2022-09-01,WMT,3.9410032,4.0131163,3.9387223
2022-09-02,AAPL,15.170863,15.319497,14.960723
2022-09-02,AMGN,4.2585117,4.3475827,4.2807079
2022-09-02,CRM,5.1661405,5.3125193,5.2195441
2022-09-02,CSCO,9.6566531,9.6011394,9.6144037
2022-09-02,IBM,6.3545194,6.4632512,6.2967882
2022-09-02,INTC,17.815654,17.971536,17.554563
2022-09-02,MSFT,129.93576,131.7008,128.9389
2022-09-02,NKE,5.5035037,5.5867267,5.3470087
2022-09-02,VZ,2.3712938,2.3981063,2.3674921
2022-09-02,WMT,3.9878987,4.0074274,3.9754155
2022-09-06,AAPL,14.90687,14.983714,14.835735
2022-09-06,AMGN,4.2030091,4.1988672,4.1027068
2022-09-06,CRM,5.3233628,5.4081979,5.3782362
2022-09-06,CSCO,9.2821537,9.3529665,9.153564
2022-09-06,IBM,6.427877,6.4748596,6.3353814
2022-09-06,INTC,17.20154,17.346968,16.996853
2022-09-06,MSFT,130.37689,130.71052,128.70711
2022-09-06,NKE,5.5030869,5.5883582,5.5598404
2022-09-06,VZ,2.4527638,2.4875702,2.4369629
2022-09-06,WMT,4.0719962,4.0858477,4.0446958
2022-09-07,AAPL,14.92873,14.72794,14.653476
2022-09-07,AMGN,4.1807748,4.2104697,4.152596
2022-09-07,CRM,5.2539572,5.3329375,5.1686602
2022-09-07,CSCO,9.1118931,9.3349303,8.9804211
2022-09-07,IBM,6.3362438,6.4624285,6.2503783
2022-09-07,INTC,16.8138,16.586161,16.544033
2022-09-07,MSFT,127.46152,127.08136,124.84531
2022-09-07,NKE,5.2921597,5.3215446,5.2161497
2022-09-07,VZ,2.4640429,2.5064288,2.4871544
2022-09-07,WMT,4.0697607,4.1076842,4.0413703
2022-09-08,AAPL,15.309073,15.718273,15.300194
2022-09-08,AMGN,4.0458683,4.0415288,3.9599426
2022-09-08,CRM,5.4628244,5.4082386,5.5510855
2022-09-08,CSCO,9.1335673,8.987908,9.0005855
2022-09-08,IBM,6.3956657,6.4115996,6.3397817
2022-09-08,INTC,16.796037,16.586644,16.939213
2022-09-08,MSFT,128.11267,130.17756,126.67005
2022-09-08,NKE,5.2103494,5.2441497,5.2701654
2022-09-08,VZ,2.3971121,2.4332993,2.3392771
2022-09-08,WMT,4.1066767,4.1034956,4.0822416
2022-09-09,AAPL,15.844075,16.098597,15.793979
2022-09-09,AMGN,4.0026214,4.0766059,4.0138411
2022-09-09,CRM,5.1596374,5.228999,5.0447847
2022-09-09,CSCO,9.5334394,9.5569849,9.4038608
2022-09-09,IBM,6.2537379,6.3472464,6.1657025
2022-09-09,INTC,16.339471,16.498189,16.290177
2022-09-09,MSFT,128.48924,131.31244,126.91123
2022-09-09,NKE,5.2512064,5.363522,5.1689544
2022-09-09,VZ,2.3564663,2.3711207,2.3197984
2022-09-09,WMT,4.057355,4.0999788,3.9899327
2022-09-12,AAPL,16.178591,16.345916,15.803823
2022-09-12,AMGN,3.9527893,4.0474717,3.8514611
2022-09-12,CRM,5.2324235,5.2847751,5.0818241
2022-09-12,CSCO,9.6687494,9.8138186,9.6929046
2022-09-12,IBM,6.2770532,6.3589587,6.2326534
2022-09-12,INTC,16.15266,16.337116,15.887477
2022-09-12,MSFT,132.35686,135.42804,132.58924
2022-09-12,NKE,5.1516024,5.2123387,5.0966093
2022-09-12,VZ,2.3307857,2.3803319,2.2612641
2022-09-12,WMT,3.9369101,3.9493451,3.9220558
2022-09-13,AAPL,16.195957,16.346491,15.995404
2022-09-13,AMGN,3.8484269,3.9707717,3.8153988
2022-09-13,CRM,5.2387253,5.1887737,4.9949708
2022-09-13,CSCO,9.7067732,9.7676293,9.534373
2022-09-13,IBM,6.1376878,6.197493,6.1287834
2022-09-13,INTC,15.877377,16.069328,15.61062
2022-09-13,MSFT,132.38228,133.29262,130.66093
2022-09-13,NKE,5.1592706,5.2427779,5.093526
2022-09-13,VZ,2.3262162,2.3905557,2.287924
2022-09-13,WMT,3.9639674,3.9817156,3.9456535
2022-09-14,AAPL,16.00037,15.950412,15.827783
2022-09-14,AMGN,3.8582376,3.9120476,3.8527126
2022-09-14,CRM,5.3771208,5.5198503,5.1809298
2022-09-14,CSCO,9.5207513,9.569776,9.3250736
2022-09-14,IBM,6.0552427,6.1328298,6.0323664
2022-09-14,INTC,15.963558,16.064308,15.816681
2022-09-14,MSFT,132.69836,131.8201,132.49809
2022-09-14,NKE,5.0232211,5.0956573,4.8815427
2022-09-14,VZ,2.3581491,2.3662784,2.3553151
2022-09-14,WMT,3.9002888,3.9002805,3.862696
2022-09-15,AAPL,15.670647,15.755983,15.238637
2022-09-15,AMGN,3.8780644,3.8987722,3.8299582
2022-09-15,CRM,5.1860673,5.319602,5.0902087
2022-09-15,CSCO,9.6472932,9.6912238,9.5241611
2022-09-15,IBM,6.1173326,6.2258855,5.9972289
2022-09-15,INTC,16.24602,16.309125,16.073287
2022-09-15,MSFT,129.98724,131.55844,129.77211
2022-09-15,NKE,5.1145427,5.1596428,5.0701189
2022-09-15,VZ,2.2874077,2.3229284,2.3007167
2022-09-15,WMT,3.8277717,3.8449046,3.7476603
2022-09-16,AAPL,16.193275,16.304782,15.944991
2022-09-16,AMGN,3.9043042,3.9834686,3.8730336
2022-09-16,CRM,5.2816033,5.377667,5.324035
2022-09-16,CSCO,9.6997854,9.8774747,9.7387008
2022-09-16,IBM,6.2503528,6.2361352,6.1151343
2022-09-16,INTC,15.911994,16.159951,15.556917
2022-09-16,MSFT,127.64662,131.67347,126.55406
2022-09-16,NKE,5.1331649,5.1732017,5.0995762
2022-09-16,VZ,2.2182757,2.2280383,2.2618732
2022-09-16,WMT,3.8993549,3.9208956,3.8334277
2022-09-19,AAPL,16.497286,16.950402,16.147922
2022-09-19,AMGN,3.9892843,4.0091061,3.9408028
2022-09-19,CRM,5.2569661,5.2926918,5.14322
2022-09-19,CSCO,9.5123033,9.4941493,9.2150869
2022-09-19,IBM,6.2733725,6.3983036,6.277345
2022-09-19,INTC,15.659391,15.891836,15.329856
2022-09-19,MSFT,127.3684,131.32989,127.33249
2022-09-19,NKE,5.1777331,5.2489995,5.0753522
2022-09-19,VZ,2.2168838,2.2172326,2.2157017
2022-09-19,WMT,3.8607805,3.8717047,3.7570279
2022-09-20,AAPL,16.849713,16.953102,16.314271
2022-09-20,AMGN,3.972379,4.042027,3.8834126
2022-09-20,CRM,5.1472291,5.0998953,5.0384714
2022-09-20,CSCO,9.4544304,9.4089306,9.2769259
2022-09-20,IBM,6.276052,6.4273876,6.2335043
2022-09-20,INTC,15.55109,15.714506,15.708548
2022-09-20,MSFT,127.40164,127.89057,126.97078
2022-09-20,NKE,5.115474,5.1947471,5.0484694
2022-09-20,VZ,2.1702858,2.2156626,2.1739244
2022-09-20,WMT,3.7856009,3.8335886,3.7552515
2022-09-21,AAPL,16.360558,16.619496,16.004154
2022-09-21,AMGN,3.9177771,4.0425923,3.8527338
2022-09-21,CRM,5.0639275,5.2618241,4.8912494
2022-09-21,CSCO,9.4869436,9.3687968,9.4685677
2022-09-21,IBM,6.3364259,6.4057477,6.1640122
2022-09-21,INTC,15.439309,15.800929,15.098483
2022-09-21,MSFT,127.77936,127.3759,125.63972
2022-09-21,NKE,5.0772886,5.1649417,5.0810908
2022-09-21,VZ,2.1038784,2.1098553,2.1162863
2022-09-21,WMT,3.7334377,3.7441619,3.7127722
2022-09-22,AAPL,16.198034,16.089459,16.072468
2022-09-22,AMGN,3.9380745,3.9349362,3.8389798
2022-09-22,CRM,4.9482896,5.1195383,4.9178841
2022-09-22,CSCO,9.2073208,9.2742556,9.1260409
2022-09-22,IBM,6.3666407,6.4006089,6.3450794
2022-09-22,INTC,15.694018,15.941227,15.64178
2022-09-22,MSFT,123.69742,126.11014,121.33637
2022-09-22,NKE,4.9877834,5.0045924,4.9596693
2022-09-22,VZ,2.0618191,2.0764734,2.0459801
2022-09-22,WMT,3.6794758,3.6833178,3.6371228
2022-09-23,AAPL,16.09189,16.263455,15.535389
2022-09-23,AMGN,3.9380053,4.0096926,3.9110419
2022-09-23,CRM,4.8133645,4.9359397,4.6842537
2022-09-23,CSCO,8.9073805,8.9145947,8.9831876
2022-09-23,IBM,6.3843113,6.348538,6.3670967
2022-09-23,INTC,15.150743,15.231418,14.972459
2022-09-23,MSFT,127.15753,126.63445,125.56656
2022-09-23,NKE,5.0095965,5.1310154,4.9018505
2022-09-23,VZ,2.045864,2.0690727,2.037648
2022-09-23,WMT,3.6040783,3.6426917,3.6016395
2022-09-26,AAPL,15.994547,16.214173,16.082505
2022-09-26,AMGN,3.9093683,3.9488446,3.8438219
2022-09-26,CRM,4.7070036,4.9277864,4.7138638
2022-09-26,CSCO,9.0793193,8.9821518,9.0829311
2022-09-26,IBM,6.3408114,6.5079207,6.3351691
2022-09-26,INTC,15.337752,15.259762,15.268717
2022-09-26,MSFT,125.85161,126.69474,124.36196
2022-09-26,NKE,5.1070685,5.1364442,5.1053921
2022-09-26,VZ,2.0192729,2.044556,2.0083951
2022-09-26,WMT,3.573334,3.5457809,3.5515332
2022-09-27,AAPL,15.620915,15.749304,15.583351
2022-09-27,AMGN,3.8309437,3.8225847,3.834287
2022-09-27,CRM,4.622766,4.6508202,4.7162463
2022-09-27,CSCO,9.0826593,9.04534,8.9824043
2022-09-27,IBM,6.3530607,6.4710731,6.3148323
2022-09-27,INTC,15.289721,15.488272,15.038483
2022-09-27,MSFT,127.6937,129.24975,125.78781
2022-09-27,NKE,5.0240269,5.0481612,4.9334555
2022-09-27,VZ,2.0354112,2.0715485,2.004536
2022-09-27,WMT,3.5171412,3.5883497,3.4668857
2022-09-28,AAPL,15.27361,15.615999,14.959731
2022-09-28,AMGN,3.9657691,3.9663511,3.9611555
2022-09-28,CRM,4.412766,4.5562862,4.478565
2022-09-28,CSCO,9.3479722,9.4654497,9.149443
2022-09-28,IBM,6.457014,6.4369663,6.4223867
2022-09-28,INTC,15.230518,15.182412,15.272468
2022-09-28,MSFT,124.58738,125.11442,122.06251
2022-09-28,NKE,4.9258084,4.9813589,5.0035534
2022-09-28,VZ,2.0069577,2.0363596,1.9740153
2022-09-28,WMT,3.4926774,3.50161,3.4950202
2022-09-29,AAPL,15.429443,15.438314,15.027309
2022-09-29,AMGN,3.9182889,3.9630111,3.9685817
2022-09-29,CRM,4.3198848,4.4431301,4.35465
2022-09-29,CSCO,9.5181811,9.6372485,9.4442101
2022-09-29,IBM,6.465185,6.4454263,6.4955063
2022-09-29,INTC,15.276827,15.402839,15.191681
2022-09-29,MSFT,121.20973,122.34593,120.57622
2022-09-29,NKE,4.8588649,4.937715,4.841196
2022-09-29,VZ,1.9846406,1.9930828,1.9438537
2022-09-29,WMT,3.4390923,3.5083895,3.4313379
2022-09-30,AAPL,14.998537,15.170806,14.982744
2022-09-30,AMGN,3.9351338,3.9371753,3.9064729
2022-09-30,CRM,4.1863031,4.2665921,4.0250959
2022-09-30,CSCO,9.3749131,9.5871991,9.4384563
2022-09-30,IBM,6.2296543,6.2899122,6.1516355
2022-09-30,INTC,15.255495,15.271184,15.176644
2022-09-30,MSFT,120.90537,122.85804,120.72092
2022-09-30,NKE,4.7602611,4.822708,4.6868226
2022-09-30,VZ,1.9452996,1.9713368,1.9109385
2022-09-30,WMT,3.4353575,3.497617,3.4358878
2022-10-03,AAPL,14.800559,15.012905,14.755921
2022-10-03,AMGN,3.8870822,3.931854,3.7692115
2022-10-03,CRM,4.1179105,4.1647471,4.1257005
2022-10-03,CSCO,9.3682533,9.5158607,9.1845894
2022-10-03,IBM,6.1472604,6.2289944,6.0544221
2022-10-03,INTC,14.923464,15.201373,14.808538
2022-10-03,MSFT,121.0245,123.34754,119.8164
2022-10-03,NKE,4.6887738,4.8273526,4.6497787
2022-10-03,VZ,1.9714299,1.9948212,1.9471904
2022-10-03,WMT,3.4922489,3.5452346,3.4471648
2022-10-04,AAPL,14.702503,14.865943,14.730747
2022-10-04,AMGN,3.7649705,3.8068593,3.7171282
2022-10-04,CRM,4.121646,4.2010988,3.9750994
2022-10-04,CSCO,8.9018294,8.9461359,8.8418117
2022-10-04,IBM,6.1283437,6.1511041,6.1164831
2022-10-04,INTC,14.653364,14.435933,14.296153
2022-10-04,MSFT,121.34294,122.92282,120.27164
2022-10-04,NKE,4.6627178,4.6770318,4.6131342
2022-10-04,VZ,1.9545995,1.9285267,1.9295642
2022-10-04,WMT,3.4677994,3.5039272,3.437293
2022-10-05,AAPL,14.878071,15.235624,14.942861
2022-10-05,AMGN,3.7311399,3.7055807,3.7010116
2022-10-05,CRM,4.0690779,4.1607798,4.1647336
2022-10-05,CSCO,8.8856892,8.8839388,8.8659139
2022-10-05,IBM,6.1211608,6.1591569,6.0595971
2022-10-05,INTC,14.916474,14.941868,14.673521
2022-10-05,MSFT,119.56931,120.74315,118.52593
2022-10-05,NKE,4.6989957,4.7175225,4.6811452
2022-10-05,VZ,1.9176442,1.9493393,1.8971539
2022-10-05,WMT,3.4508168,3.4480558,3.4340212
2022-10-06,AAPL,15.198231,15.36359,14.85766
2022-10-06,AMGN,3.6444334,3.7319799,3.675046
2022-10-06,CRM,4.1423325,4.1255424,4.0272871
2022-10-06,CSCO,8.9288491,8.8406438,8.6706998
2022-10-06,IBM,6.1438219,6.2555562,6.1126806
2022-10-06,INTC,15.17664,15.222563,15.004562
2022-10-06,MSFT,119.62047,122.34251,118.19752
2022-10-06,NKE,4.7869145,4.75298,4.8111755
2022-10-06,VZ,1.9133536,1.9276172,1.8754296
2022-10-06,WMT,3.3670061,3.4400345,3.3832005
2022-10-07,AAPL,15.35668,15.761254,15.123579
2022-10-07,AMGN,3.5919192,3.6400482,3.566103
2022-10-07,CRM,4.1968749,4.3046814,4.0823817
2022-10-07,CSCO,9.0810316,9.0346435,9.0508763
2022-10-07,IBM,6.0520441,6.0418553,6.0391978
2022-10-07,INTC,15.344768,15.749878,15.374711
2022-10-07,MSFT,120.14077,120.91646,119.22545
2022-10-07,NKE,4.8349951,4.9117397,4.8032452
2022-10-07,VZ,1.9109862,1.9277455,1.8807804
2022-10-07,WMT,3.3494958,3.3740302,3.3695793
2022-10-10,AAPL,15.202483,15.428501,14.766785
2022-10-10,AMGN,3.599623,3.6672574,3.5408828
2022-10-10,CRM,4.3997547,4.4186863,4.2757573
2022-10-10,CSCO,8.939708,8.9883325,8.9542708
2022-10-10,IBM,5.9835772,6.0230861,5.9228888
2022-10-10,INTC,15.665324,15.70179,15.359743
2022-10-10,MSFT,116.47128,117.84594,115.23546
2022-10-10,NKE,4.8385062,4.9806642,4.7863068
2022-10-10,VZ,1.8774785,1.8987434,1.8944795
2022-10-10,WMT,3.3026989,3.3394272,3.2653529
2022-10-11,AAPL,15.191161,15.092978,14.944849
2022-10-11,AMGN,3.5287745,3.5937913,3.4684353
2022-10-11,CRM,4.3475,4.3493009,4.4158676
2022-10-11,CSCO,8.8526554,9.1454282,8.7210719
2022-10-11,IBM,5.9536165,6.0445793,5.9490175
2022-10-11,INTC,15.523303,15.764423,15.309501
2022-10-11,MSFT,117.87655,117.89099,115.31605
2022-10-11,NKE,4.8603642,4.8642491,4.7719503
2022-10-11,VZ,1.8591484,1.8997251,1.8492175
2022-10-11,WMT,3.2802178,3.3598969,3.2373395
2022-10-12,AAPL,15.091091,15.051883,14.957338
2022-10-12,AMGN,3.4908611,3.5152558,3.5302869
2022-10-12,CRM,4.1803279,4.2523486,4.0559854
2022-10-12,CSCO,8.8814267,8.9078139,8.6817774
2022-10-12,IBM,5.7634857,5.80837,5.7640463
2022-10-12,INTC,15.676626,15.776386,15.602418
2022-10-12,MSFT,117.42365,120.08792,115.56691
2022-10-12,NKE,4.8695811,4.8490709,4.8037774
2022-10-12,VZ,1.8171676,1.8484894,1.8158008
2022-10-12,WMT,3.2305908,3.2194344,3.246793
2022-10-13,AAPL,14.845612,15.033696,14.448992
2022-10-13,AMGN,3.59924,3.692226,3.5458504
2022-10-13,CRM,4.1032286,4.1006731,4.0230322
2022-10-13,CSCO,8.7968778,8.8144556,8.7768105
2022-10-13,IBM,5.8613367,5.9233172,5.803818
2022-10-13,INTC,15.977804,15.931333,15.902872
2022-10-13,MSFT,114.61514,116.88733,114.36922
2022-10-13,NKE,4.6938873,4.8052029,4.7381056
2022-10-13,VZ,1.7957277,1.791213,1.8279136
2022-10-13,WMT,3.1879894,3.2219553,3.1400322
2022-10-14,AAPL,14.795153,15.04169,14.626262
2022-10-14,AMGN,3.5453099,3.580749,3.5356961
2022-10-14,CRM,4.1350402,4.2143841,4.1598999
2022-10-14,CSCO,8.7550212,8.7266044,8.6742461
2022-10-14,IBM,5.9087711,5.9532456,5.8805008
2022-10-14,INTC,16.095778,16.473913,16.077747
2022-10-14,MSFT,114.5787,113.09766,112.71503
2022-10-14,NKE,4.6416831,4.6640383,4.5927633
2022-10-14,VZ,1.7788384,1.805275,1.7700053
2022-10-14,WMT,3.1477929,3.1840136,3.1442482
2022-10-17,AAPL,15.054387,15.325614,14.425376
2022-10-17,AMGN,3.5848405,3.6516202,3.5940037
2022-10-17,CRM,4.1876127,4.2436567,4.0470995
2022-10-17,CSCO,8.6427069,8.5809075,8.6328625
2022-10-17,IBM,5.9608919,6.0374726,5.9377021
2022-10-17,INTC,15.847541,15.852459,15.445032
2022-10-17,MSFT,114.37894,113.85364,112.93199
2022-10-17,NKE,4.5541242,4.6493679,4.5019206
2022-10-17,VZ,1.7820853,1.8109767,1.777825
2022-10-17,WMT,3.0980865,3.0988839,3.0622545
2022-10-18,AAPL,15.361814,15.760925,15.205235
2022-10-18,AMGN,3.6392151,3.7508352,3.5981656
2022-10-18,CRM,4.059686,4.1646436,3.9202008
2022-10-18,CSCO,8.6280368,8.69799,8.5321278
2022-10-18,IBM,6.0515464,6.0896753,6.0705719
2022-10-18,INTC,15.580175,15.689766,15.271888
2022-10-18,MSFT,114.07421,115.81939,113.82398
2022-10-18,NKE,4.5315018,4.5756499,4.4465061
2022-10-18,VZ,1.7451702,1.7431725,1.7215254
2022-10-18,WMT,3.1619612,3.2282931,3.1611653
2022-10-19,AAPL,14.902759,15.050422,14.907693
2022-10-19,AMGN,3.560683,3.5258145,3.5403137
2022-10-19,CRM,4.0343948,4.0457858,3.9198831
2022-10-19,CSCO,8.5578201,8.6962493,8.4636445
2022-10-19,IBM,5.9335486,5.9439839,5.9181595
2022-10-19,INTC,15.348198,15.743965,15.142691
2022-10-19,MSFT,113.02303,114.14654,111.86999
2022-10-19,NKE,4.6108064,4.6202323,4.556569
2022-10-19,VZ,1.7359329,1.7429953,1.7248213
2022-10-19,WMT,3.2094653,3.238242,3.1783849
2022-10-20,AAPL,14.611427,14.596352,15.001957
2022-10-20,AMGN,3.5596494,3.6081506,3.4931295
2022-10-20,CRM,3.7599268,3.8322504,3.777371
2022-10-20,CSCO,8.5004913,8.6784385,8.3631623
2022-10-20,IBM,5.8389243,5.8683945,5.8343655
2022-10-20,INTC,15.109862,15.430875,15.016657
2022-10-20,MSFT,114.01072,116.56047,113.13582
2022-10-20,NKE,4.5939381,4.6239548,4.532376
2022-10-20,VZ,1.7608491,1.7627748,1.7310917
2022-10-20,WMT,3.2181164,3.2209223,3.1978301
2022-10-21,AAPL,14.250952,14.262173,14.087112
2022-10-21,AMGN,3.4707429,3.5387468,3.426418
2022-10-21,CRM,3.528045,3.5727564,3.4476017
2022-10-21,CSCO,8.6223953,8.875243,8.5234459
2022-10-21,IBM,5.9432101,6.0527626,5.9480016
2022-10-21,INTC,15.214901,15.387576,14.983632
2022-10-21,MSFT,115.61782,118.30345,114.85291
2022-10-21,NKE,4.5041926,4.5615063,4.5121769
2022-10-21,VZ,1.7062869,1.7251835,1.7190742
2022-10-21,WMT,3.243968,3.2738248,3.2001395
2022-10-24,AAPL,14.569056,14.650632,14.478559
2022-10-24,AMGN,3.4182265,3.4768264,3.4081472
2022-10-24,CRM,3.4401812,3.6255344,3.4781972
2022-10-24,CSCO,8.5089646,8.5904512,8.3699634
2022-10-24,IBM,6.0437715,6.1059232,5.8633876
2022-10-24,INTC,14.504177,14.573699,14.503315
2022-10-24,MSFT,115.89222,119.13575,116.03768
2022-10-24,NKE,4.4964665,4.464678,4.4184342
2022-10-24,VZ,1.6787259,1.6888059,1.6829798
2022-10-24,WMT,3.2382726,3.2540667,3.2325159
2022-10-25,AAPL,14.045862,14.284301,13.533044
2022-10-25,AMGN,3.402303,3.3885538,3.3975124
2022-10-25,CRM,3.378712,3.4234883,3.3946034
2022-10-25,CSCO,8.3657877,8.4728277,8.2003829
2022-10-25,IBM,6.1439946,6.199288,6.12448
2022-10-25,INTC,14.574525,14.71161,14.584836
2022-10-25,MSFT,113.63317,114.30002,112.17183
2022-10-25,NKE,4.4800846,4.5837284,4.4965739
2022-10-25,VZ,1.6345419,1.6208095,1.6323316
2022-10-25,WMT,3.201227,3.2173044,3.1811814
2022-10-26,AAPL,13.997482,14.149696,13.76826
2022-10-26,AMGN,3.364139,3.4425601,3.3695722
2022-10-26,CRM,3.3655149,3.387802,3.3421199
2022-10-26,CSCO,8.0744164,8.1221413,7.8945676
2022-10-26,IBM,6.1102169,6.1781033,5.9762149
2022-10-26,INTC,14.964439,15.286555,14.957819
2022-10-26,MSFT,110.45883,111.11515,108.58197
2022-10-26,NKE,4.3888559,4.3879196,4.4041729
2022-10-26,VZ,1.6472622,1.6614053,1.6368033
2022-10-26,WMT,3.137439,3.1232903,3.1068153
2022-10-27,AAPL,13.969196,14.061168,13.808434
2022-10-27,AMGN,3.4256165,3.4321601,3.409173
2022-10-27,CRM,3.3482881,3.3626394,3.208614
2022-10-27,CSCO,8.0203094,8.0756797,7.9788502
2022-10-27,IBM,6.0762513,6.0835245,6.0489978
2022-10-27,INTC,14.917852,15.184471,14.873107
2022-10-27,MSFT,109.62749,111.92809,110.40912
2022-10-27,NKE,4.3153634,4.3651573,4.2740157
2022-10-27,VZ,1.6499481,1.6373285,1.6314936
2022-10-27,WMT,3.1279161,3.1587049,3.0941318
2022-10-28,AAPL,13.781954,13.741291,13.853576
2022-10-28,AMGN,3.2731212,3.3631223,3.2100128
2022-10-28,CRM,3.3016389,3.3868676,3.2677297
2022-10-28,CSCO,8.0978864,8.1766304,8.0581717
2022-10-28,IBM,5.9728376,5.9944566,5.8540175
2022-10-28,INTC,14.61619,14.401355,14.38788
2022-10-28,MSFT,115.2404,115.96871,114.75476
2022-10-28,NKE,4.1692205,4.2402661,4.0903329
2022-10-28,VZ,1.6190698,1.6291859,1.627599
2022-10-28,WMT,3.1105047,3.152997,3.0589622
2022-10-31,AAPL,13.531748,13.62604,13.437319
2022-10-31,AMGN,3.2590359,3.2694491,3.2281855
2022-10-31,CRM,3.1303511,3.132717,3.0158743
2022-10-31,CSCO,8.0512137,8.0279468,7.9297364
2022-10-31,IBM,5.9251044,5.9454254,5.8214159
2022-10-31,INTC,14.356459,14.436327,14.247831
2022-10-31,MSFT,114.09482,116.95667,111.82581
2022-10-31,NKE,4.1820626,4.2458688,4.1553724
2022-10-31,VZ,1.5961456,1.6062819,1.5766653
2022-10-31,WMT,3.0748862,3.1417877,3.0824483
2022-11-01,AAPL,13.651866,14.216121,13.471101
2022-11-01,AMGN,3.1761109,3.192952,3.1565867
2022-11-01,CRM,3.2024767,3.2433187,3.1705121
2022-11-01,CSCO,8.0480542,8.0543747,7.8846262
2022-11-01,IBM,5.7573057,5.7148246,5.747353
2022-11-01,INTC,14.412722,14.376493,14.362404
2022-11-01,MSFT,114.793,113.4487,112.63941
2022-11-01,NKE,4.1405341,4.2016455,4.0128729
2022-11-01,VZ,1.5838811,1.6096273,1.60442
2022-11-01,WMT,3.0556694,3.1112029,3.0130033
2022-11-02,AAPL,13.942391,14.183819,13.757348
2022-11-02,AMGN,3.1697607,3.2351537,3.1182455
2022-11-02,CRM,3.1175036,3.1861187,3.0452586
2022-11-02,CSCO,7.9569653,7.9524872,7.9207598
2022-11-02,IBM,5.7094955,5.8104097,5.6063158
2022-11-02,INTC,14.483197,14.649411,14.516991
2022-11-02,MSFT,112.01742,114.10651,109.84459
2022-11-02,NKE,4.2493118,4.2952895,4.2021627
2022-11-02,VZ,1.580084,1.6072463,1.5855146
2022-11-02,WMT,3.0810401,3.1138955,3.0459508
2022-11-03,AAPL,13.203305,13.530191,13.025214
2022-11-03,AMGN,3.0492089,3.1009537,3.0549742
2022-11-03,CRM,3.1564002,3.2236032,3.0329814
2022-11-03,CSCO,8.1233119,8.2711807,8.0821037
2022-11-03,IBM,5.6596476,5.7183828,5.5927215
2022-11-03,INTC,14.615316,14.850215,14.490173
2022-11-03,MSFT,111.70608,111.30871,110.2232
2022-11-03,NKE,4.2248511,4.2538251,4.1681801
2022-11-03,VZ,1.5075549,1.5272777,1.4759303
2022-11-03,WMT,3.1473982,3.1680008,3.1203558
2022-11-04,AAPL,13.319036,13.647752,13.034852
2022-11-04,AMGN,3.059277,3.1238534,3.0281394
2022-11-04,CRM,3.2355917,3.2319159,3.1857872
2022-11-04,CSCO,8.0431583,8.0974102,7.9867711
2022-11-04,IBM,5.6353348,5.7086164,5.5333825
2022-11-04,INTC,14.539352,14.945388,14.312761
2022-11-04,MSFT,111.59694,114.07869,110.04766
2022-11-04,NKE,4.1717471,4.2415935,4.1433579
2022-11-04,VZ,1.4836654,1.4917024,1.4821404
2022-11-04,WMT,3.1201602,3.1464636,3.0993073
2022-11-07,AAPL,13.389658,13.693154,13.388809
2022-11-07,AMGN,3.1616893,3.236751,3.1039326
2022-11-07,CRM,3.2582645,3.2869113,3.1086729
2022-11-07,CSCO,7.8688062,7.8344999,7.7924591
2022-11-07,IBM,5.68845,5.6671778,5.6640531
2022-11-07,INTC,14.656866,15.012546,14.62969
2022-11-07,MSFT,113.78572,113.18452,114.09873
2022-11-07,NKE,4.2454254,4.3384379,4.2438403
2022-11-07,VZ,1.5006012,1.5203414,1.4978727
2022-11-07,WMT,3.1151132,3.1436719,3.0871893
2022-11-08,AAPL,13.715203,13.616332,13.55987
2022-11-08,AMGN,3.0925768,3.147455,3.043989
2022-11-08,CRM,3.1943018,3.2982675,3.1785143
2022-11-08,CSCO,7.8404844,7.9852003,7.7275968
2022-11-08,IBM,5.6828447,5.6433288,5.6116835
2022-11-08,INTC,14.617945,14.721986,14.494583
2022-11-08,MSFT,113.18893,114.82752,113.71852
2022-11-08,NKE,4.113241,4.1613053,4.0287617
2022-11-08,VZ,1.4396909,1.4660485,1.4081845
2022-11-08,WMT,3.0806213,3.1079039,3.0713394
2022-11-09,AAPL,14.106008,14.111357,13.696497
2022-11-09,AMGN,3.019356,3.0444827,2.9655786
2022-11-09,CRM,3.1322406,3.1492755,3.109287
2022-11-09,CSCO,7.9698326,8.037444,7.9534822
2022-11-09,IBM,5.7160333,5.7562273,5.6912206
2022-11-09,INTC,14.228437,14.401772,13.787212
2022-11-09,MSFT,110.96857,112.63131,109.34102
2022-11-09,NKE,4.1294769,4.2551195,4.0681765
2022-11-09,VZ,1.4370676,1.4614608,1.4188589
2022-11-09,WMT,3.0939767,3.1359374,3.0300904
2022-11-10,AAPL,14.099274,14.533227,13.715746
2022-11-10,AMGN,3.0447818,3.075504,3.0422906
2022-11-10,CRM,3.0266486,3.095226,3.0142423
2022-11-10,CSCO,8.0621496,8.0379404,8.0753626
2022-11-10,IBM,5.599745,5.6174455,5.5853047
2022-11-10,INTC,14.730423,14.618267,14.707674
2022-11-10,MSFT,108.88945,110.49627,108.84876
2022-11-10,NKE,4.1397275,4.1973484,4.0813938
2022-11-10,VZ,1.4091405,1.4153409,1.3882661
2022-11-10,WMT,3.0523143,3.0984014,3.0437208
2022-11-11,AAPL,13.662169,13.754113,13.325571
2022-11-11,AMGN,2.9643979,2.9629136,2.8977285
2022-11-11,CRM,3.0655871,3.0925498,3.0732575
2022-11-11,CSCO,7.9123105,8.0529343,7.9840981
2022-11-11,IBM,5.5640041,5.6115414,5.4730497
2022-11-11,INTC,14.546229,14.61381,13.98938
2022-11-11,MSFT,109.1636,111.29359,108.05791
2022-11-11,NKE,4.1314578,4.2555294,4.1195275
2022-11-11,VZ,1.3792151,1.3948,1.3631425
2022-11-11,WMT,3.0833507,3.1050513,3.0911905
2022-11-14,AAPL,14.25744,14.360886,14.102697
2022-11-14,AMGN,2.9703815,3.0327907,2.9292797
2022-11-14,CRM,3.0678351,3.0914914,3.0150947
2022-11-14,CSCO,7.8493577,7.8816633,7.8587027
2022-11-14,IBM,5.4474245,5.5423638,5.4753402
2022-11-14,INTC,14.680788,14.721476,14.53112
2022-11-14,MSFT,107.08965,107.02911,105.66422
2022-11-14,NKE,4.1870126,4.2274132,4.189058
2022-11-14,VZ,1.3778587,1.3974639,1.3647828
2022-11-14,WMT,3.0724835,3.0522252,3.0230288
2022-11-15,AAPL,13.926217,14.059986,13.959154
2022-11-15,AMGN,2.9381128,2.9916881,2.8821621
2022-11-15,CRM,2.9783982,3.0755672,2.9037648
2022-11-15,CSCO,7.6190641,7.7077261,7.4745281
2022-11-15,IBM,5.4338846,5.5669307,5.4270332
2022-11-15,INTC,14.816866,15.000248,14.878569
2022-11-15,MSFT,109.05225,110.69438,105.90303
2022-11-15,NKE,4.1216558,4.1337683,4.1263962
2022-11-15,VZ,1.3513693,1.3837609,1.3129863
2022-11-15,WMT,3.1113929,3.1990345,3.0762688
2022-11-16,AAPL,14.11308,14.49025,14.177049
2022-11-16,AMGN,2.9000833,2.905761,2.8698199
2022-11-16,CRM,2.8764344,2.9736144,2.8431073
2022-11-16,CSCO,7.7488073,7.6681075,7.7041144
2022-11-16,IBM,5.4091175,5.4617604,5.3077442
2022-11-16,INTC,14.764786,14.841514,14.599315
2022-11-16,MSFT,108.4934,109.05933,106.81546
2022-11-16,NKE,4.139066,4.1776298,4.1775228
2022-11-16,VZ,1.3529037,1.3584553,1.3634636
2022-11-16,WMT,3.1186282,3.1068139,3.0768014
2022-11-17,AAPL,14.161286,14.410054,13.832164
2022-11-17,AMGN,2.8758722,2.8391171,2.8103709
2022-11-17,CRM,2.8155878,2.9410547,2.7649517
2022-11-17,CSCO,7.7693216,7.7618821,7.7117839
2022-11-17,IBM,5.4214423,5.5561892,5.3871821
2022-11-17,INTC,14.742775,15.061219,14.646144
2022-11-17,MSFT,105.92487,107.47899,104.78839
2022-11-17,NKE,4.0038662,4.0376236,3.9716438
2022-11-17,VZ,1.3189465,1.335955,1.2806228
2022-11-17,WMT,3.0978209,3.11585,3.1033392
2022-11-18,AAPL,14.423075,14.555244,14.344552
2022-11-18,AMGN,2.773781,2.7918133,2.7166055
2022-11-18,CRM,2.6519473,2.6762753,2.5977869
2022-11-18,CSCO,7.4211169,7.4653626,7.3054322
2022-11-18,IBM,5.2848899,5.3722941,5.1838417
2022-11-18,INTC,14.326796,14.379093,14.029899
2022-11-18,MSFT,104.19032,103.68512,104.01846
2022-11-18,NKE,4.0064243,4.0946247,3.9678121
2022-11-18,VZ,1.3312066,1.3574641,1.3295001
2022-11-18,WMT,3.0385975,3.0536558,3.0077892
2022-11-21,AAPL,14.422813,14.64863,14.269753
2022-11-21,AMGN,2.758086,2.7402041,2.7539699
2022-11-21,CRM,2.5931001,2.6577689,2.5842655
2022-11-21,CSCO,7.4766229,7.5670436,7.5237156
2022-11-21,IBM,5.3294174,5.3360698,5.3343093
2022-11-21,INTC,14.450545,14.579904,14.263993
2022-11-21,MSFT,104.3147,107.40564,103.69075
2022-11-21,NKE,3.9259941,3.8535231,3.9074923
2022-11-21,VZ,1.3215997,1.3334085,1.3032106
2022-11-21,WMT,3.0042167,3.0051636,3.0117883
2022-11-22,AAPL,14.290662,14.453832,14.014624
2022-11-22,AMGN,2.7096918,2.7436965,2.6736093
2022-11-22,CRM,2.4816513,2.4969392,2.4141991
2022-11-22,CSCO,7.4094483,7.5173085,7.2630247
2022-11-22,IBM,5.3020235,5.3263631,5.2761837
2022-11-22,INTC,14.028707,14.333875,13.928673
2022-11-22,MSFT,104.69786,106.59513,104.29715
2022-11-22,NKE,3.8642933,3.9071024,3.8170766
2022-11-22,VZ,1.3104284,1.3376545,1.3176071
2022-11-22,WMT,2.9737328,3.0247349,2.942249
2022-11-23,AAPL,14.107934,14.305135,14.179898
2022-11-23,AMGN,2.7522346,2.7546914,2.7534791
2022-11-23,CRM,2.5053679,2.5571,2.4257838
2022-11-23,CSCO,7.390434,7.4375786,7.1993116
2022-11-23,IBM,5.205308,5.2650734,5.1744792
2022-11-23,INTC,13.990737,14.188798,13.856913
2022-11-23,MSFT,106.107,106.98637,104.34682
2022-11-23,NKE,3.8567725,3.8888382,3.8838158
2022-11-23,VZ,1.322978,1.3432422,1.2990045
2022-11-23,WMT,2.8921938,2.8839607,2.8663187
2022-11-25,AAPL,14.395364,14.745677,14.075668
2022-11-25,AMGN,2.7516062,2.8093598,2.741027
2022-11-25,CRM,2.423862,2.4351497,2.4050041
2022-11-25,CSCO,7.3773147,7.3398745,7.3207277
2022-11-25,IBM,5.2177054,5.3093427,5.1876215
2022-11-25,INTC,13.688444,14.06469,13.460694
2022-11-25,MSFT,106.50203,109.71927,105.12224
2022-11-25,NKE,3.8066048,3.8298847,3.8130249
2022-11-25,VZ,1.3288092,1.3289993,1.3318233
2022-11-25,WMT,2.8503802,2.8759278,2.8137571
2022-11-28,AAPL,14.411441,14.686679,14.26748
2022-11-28,AMGN,2.8366685,2.8293019,2.8019788
2022-11-28,CRM,2.3920458,2.486186,2.3711042
2022-11-28,CSCO,7.3554353,7.3904544,7.2312889
2022-11-28,IBM,5.061216,5.1072632,5.0910519
2022-11-28,INTC,13.512359,13.888329,13.302147
2022-11-28,MSFT,106.10401,106.8867,105.738
2022-11-28,NKE,3.7650578,3.8813307,3.7423759
2022-11-28,VZ,1.3351797,1.3379435,1.3221161
2022-11-28,WMT,2.7928023,2.8059084,2.7343876
2022-11-29,AAPL,14.000058,14.251355,13.892251
2022-11-29,AMGN,2.8551175,2.8455174,2.8690193
2022-11-29,CRM,2.3456129,2.4259855,2.2839786
2022-11-29,CSCO,7.3173681,7.3366607,7.2198949
2022-11-29,IBM,5.0664327,5.0806917,5.0355084
2022-11-29,INTC,13.49238,13.872118,13.297537
2022-11-29,MSFT,105.15951,105.93332,104.87978
2022-11-29,NKE,3.7664954,3.8630118,3.7594791
2022-11-29,VZ,1.3127664,1.3165908,1.3072276
2022-11-29,WMT,2.7721145,2.7603771,2.7127777
2022-11-30,AAPL,13.541531,13.59725,13.381336
2022-11-30,AMGN,2.7848737,2.8045974,2.7775862
2022-11-30,CRM,2.3371379,2.3228333,2.3625952
2022-11-30,CSCO,7.1201083,7.2481413,7.0890534
2022-11-30,IBM,5.0212544,5.0438424,4.9621138
2022-11-30,INTC,13.389424,13.649131,13.275929
2022-11-30,MSFT,108.19712,107.11316,106.73983
2022-11-30,NKE,3.7090632,3.8198017,3.7138203
2022-11-30,VZ,1.2953136,1.3039949,1.296319
2022-11-30,WMT,2.7231839,2.7474103,2.7148622
2022-12-01,AAPL,13.562141,13.978346,13.347639
2022-12-01,AMGN,2.8936625,2.9105134,2.9596621
2022-12-01,CRM,2.3098842,2.3214529,2.2602606
2022-12-01,CSCO,6.9777047,7.1296434,6.8437347
2022-12-01,IBM,5.0057035,5.0935798,4.9261065
2022-12-01,INTC,13.479787,13.589411,13.37394
2022-12-01,MSFT,106.49096,106.4584,106.62528
2022-12-01,NKE,3.7941127,3.8715716,3.7477621
2022-12-01,VZ,1.2997863,1.3259743,1.293613
2022-12-01,WMT,2.7283868,2.7594341,2.673261
2022-12-02,AAPL,13.811991,14.063497,13.579446
2022-12-02,AMGN,2.8451283,2.8059845,2.8048288
2022-12-02,CRM,2.2807697,2.34718,2.2806559
2022-12-02,CSCO,7.1830581,7.2696639,7.0485735
2022-12-02,IBM,4.9761389,5.0476073,4.8659484
2022-12-02,INTC,13.102259,13.436602,12.937906
2022-12-02,MSFT,108.24624,108.89229,105.52604
2022-12-02,NKE,3.7248253,3.8225425,3.7293065
2022-12-02,VZ,1.3118653,1.3156511,1.304438
2022-12-02,WMT,2.6682795,2.7082839,2.6661634
2022-12-05,AAPL,13.262124,13.27774,13.124786
2022-12-05,AMGN,2.824906,2.8334666,2.7859971
2022-12-05,CRM,2.2307913,2.3098451,2.1413093
2022-12-05,CSCO,7.1111433,7.268997,7.0423428
2022-12-05,IBM,5.0247573,5.1047139,4.9625169
2022-12-05,INTC,13.426943,13.369298,13.248137
2022-12-05,MSFT,109.12024,109.51844,108.46485
2022-12-05,NKE,3.6527248,3.7078087,3.589316
2022-12-05,VZ,1.3114846,1.3181061,1.3093811
2022-12-05,WMT,2.6928383,2.7028847,2.6535982
2022-12-06,AAPL,13.311169,13.455409,13.09323
2022-12-06,AMGN,2.7638021,2.8108984,2.6990941
2022-12-06,CRM,2.2543344,2.299233,2.2532008
2022-12-06,CSCO,7.1056133,7.1719877,7.048366
2022-12-06,IBM,4.9870965,5.0508545,4.9841382
2022-12-06,INTC,13.12298,12.988895,13.03429
2022-12-06,MSFT,108.86344,109.52676,105.025
2022-12-06,NKE,3.5005954,3.5643581,3.5374179
2022-12-06,VZ,1.2991252,1.3098078,1.3022868
2022-12-06,WMT,2.6527818,2.6828176,2.5686604
2022-12-07,AAPL,13.416431,13.907261,13.430557
2022-12-07,AMGN,2.6825502,2.7192132,2.6264754
2022-12-07,CRM,2.2294131,2.2913769,2.1534467
2022-12-07,CSCO,6.9951148,7.081033,6.9752571
2022-12-07,IBM,4.972833,5.0025754,4.9371712
2022-12-07,INTC,12.925259,13.045839,12.461248
2022-12-07,MSFT,108.0356,108.59568,109.021
2022-12-07,NKE,3.4898981,3.5065222,3.4537615
2022-12-07,VZ,1.2853544,1.3092246,1.2736978
2022-12-07,WMT,2.6628999,2.6628607,2.6800157
2022-12-08,AAPL,13.462345,13.637446,13.395944
2022-12-08,AMGN,2.5984366,2.6028782,2.5683822
2022-12-08,CRM,2.2628147,2.3451746,2.203997
2022-12-08,CSCO,6.8846473,7.0295797,6.8551472
2022-12-08,IBM,4.8636727,4.9314838,4.8316063
2022-12-08,INTC,13.598744,13.604039,13.442508
2022-12-08,MSFT,106.69604,107.7938,104.361
2022-12-08,NKE,3.5621457,3.6407701,3.562648
2022-12-08,VZ,1.2899618,1.2844197,1.2810869
2022-12-08,WMT,2.5969348,2.6132381,2.5534441
2022-12-09,AAPL,13.434381,13.649356,12.873042
2022-12-09,AMGN,2.5642711,2.5709225,2.5356861
2022-12-09,CRM,2.3128334,2.3385151,2.2638366
2022-12-09,CSCO,6.8272709,6.828145,6.7345096
2022-12-09,IBM,4.9144646,4.9749683,4.8940475
2022-12-09,INTC,13.834468,13.960148,13.71196
2022-12-09,MSFT,107.0812,107.2871,104.44075
2022-12-09,NKE,3.5205332,3.6027205,3.5262232
2022-12-09,VZ,1.268413,1.2885875,1.2379432
2022-12-09,WMT,2.5665843,2.5706607,2.520296
2022-12-12,AAPL,13.047115,13.082611,12.766814
2022-12-12,AMGN,2.5686683,2.6317857,2.5627574
2022-12-12,CRM,2.2579588,2.2712415,2.2344182
2022-12-12,CSCO,7.021021,7.1128777,6.8795444
2022-12-12,IBM,4.8563731,4.9560703,4.8415648
2022-12-12,INTC,13.727837,13.953981,13.731697
2022-12-12,MSFT,106.74833,107.7328,105.29224
2022-12-12,NKE,3.5345177,3.5672994,3.5013444
2022-12-12,VZ,1.2474224,1.2597774,1.2441633
2022-12-12,WMT,2.5280282,2.5800998,2.5321822
2022-12-13,AAPL,12.824106,12.85733,12.468377
2022-12-13,AMGN,2.5124469,2.5777421,2.5118688
2022-12-13,CRM,2.3183541,2.3770981,2.2784694
2022-12-13,CSCO,6.8140569,6.8226088,6.7202214
2022-12-13,IBM,4.8882851,4.8773202,4.8015465
2022-12-13,INTC,13.857727,14.243523,13.698431
2022-12-13,MSFT,103.83736,104.87308,102.87082
2022-12-13,NKE,3.5339878,3.6466657,3.4906825
2022-12-13,VZ,1.2115387,1.2327656,1.2101313
2022-12-13,WMT,2.5379488,2.5568217,2.5140161
2022-12-14,AAPL,12.78052,12.881719,12.711734
2022-12-14,AMGN,2.4843851,2.5552303,2.454793
2022-12-14,CRM,2.3901577,2.4065824,2.4008792
2022-12-14,CSCO,6.8706177,6.9167322,6.8850697
2022-12-14,IBM,4.8737242,4.971582,4.8865699
2022-12-14,INTC,13.732574,14.129389,13.709023
2022-12-14,MSFT,101.71546,100.9899,100.45345
2022-12-14,NKE,3.5000771,3.5152806,3.4553847
2022-12-14,VZ,1.1944182,1.1902151,1.1804239
2022-12-14,WMT,2.5558895,2.5767187,2.5465533
2022-12-15,AAPL,12.776299,12.848035,12.603661
2022-12-15,AMGN,2.427405,2.4451329,2.3927462
2022-12-15,CRM,2.3348832,2.3234192,2.2873927
2022-12-15,CSCO,6.846264,6.8453405,6.7848218
2022-12-15,IBM,4.8528044,4.9204749,4.8347084
2022-12-15,INTC,13.577411,13.698629,13.412344
2022-12-15,MSFT,102.55128,102.1077,101.32812
2022-12-15,NKE,3.5725125,3.6627656,3.5238044
2022-12-15,VZ,1.1942118,1.1937208,1.1832816
2022-12-15,WMT,2.5432803,2.5762699,2.5651459
2022-12-16,AAPL,12.456765,12.394359,12.088467
2022-12-16,AMGN,2.4046465,2.4284631,2.3418399
2022-12-16,CRM,2.3727054,2.3647694,2.3043784
2022-12-16,CSCO,6.8056948,6.8807556,6.7142659
2022-12-16,IBM,4.7926249,4.8240176,4.7678086
2022-12-16,INTC,13.495001,13.575145,13.697788
2022-12-16,MSFT,101.68859,102.43571,100.94479
2022-12-16,NKE,3.5398537,3.5863765,3.4985708
2022-12-16,VZ,1.1704557,1.1886709,1.1584938
2022-12-16,WMT,2.5567437,2.5968845,2.5523523
2022-12-19,AAPL,12.222657,12.472609,12.108735
2022-12-19,AMGN,2.3744101,2.4090615,2.3735259
2022-12-19,CRM,2.5127978,2.6163159,2.4594123
2022-12-19,CSCO,6.7403152,6.6786476,6.6066545
2022-12-19,IBM,4.8525904,4.9300122,4.8260961
2022-12-19,INTC,13.270129,13.58673,13.002392
2022-12-19,MSFT,101.38191,103.6151,100.83549
2022-12-19,NKE,3.5507176,3.5797922,3.4735787
2022-12-19,VZ,1.1518764,1.1759939,1.1135795
2022-12-19,WMT,2.5245673,2.5659073,2.5174447
2022-12-20,AAPL,11.968859,12.047191,11.761695
2022-12-20,AMGN,2.3411043,2.3740948,2.3565375
2022-12-20,CRM,2.4414241,2.4710136,2.368573
2022-12-20,CSCO,7.0080955,7.0377157,6.8725574
2022-12-20,IBM,4.730441,4.7803935,4.6608246
2022-12-20,INTC,12.869521,13.083084,12.802428
2022-12-20,MSFT,100.22706,101.96727,98.80133
2022-12-20,NKE,3.5768449,3.6345401,3.6510049
2022-12-20,VZ,1.174737,1.176313,1.1739512
2022-12-20,WMT,2.5345765,2.5653479,2.5285211
2022-12-21,AAPL,11.668478,11.542931,11.297002
2022-12-21,AMGN,2.3233677,2.3288403,2.3209073
2022-12-21,CRM,2.4587193,2.4680435,2.376173
2022-12-21,CSCO,6.7794102,6.715499,6.7334965
2022-12-21,IBM,4.7168545,4.7685618,4.7842802
2022-12-21,INTC,12.566471,12.650676,12.146295
2022-12-21,MSFT,99.627975,100.6759,97.895764
2022-12-21,NKE,3.5780603,3.6373099,3.5249645
2022-12-21,VZ,1.1589877,1.1642087,1.1619238
2022-12-21,WMT,2.5255601,2.5840701,2.4978409
2022-12-22,AAPL,11.75349,11.921933,11.714858
2022-12-22,AMGN,2.2903977,2.2959553,2.2784111
2022-12-22,CRM,2.4284653,2.4808093,2.4272942
2022-12-22,CSCO,6.6789925,6.9030545,6.543558
2022-12-22,IBM,4.7283365,4.6967771,4.685855
2022-12-22,INTC,12.628976,12.570792,12.456776
2022-12-22,MSFT,101.09034,101.50592,99.268346
2022-12-22,NKE,3.4702777,3.4820095,3.4336701
2022-12-22,VZ,1.1754214,1.203677,1.164767
2022-12-22,WMT,2.5445371,2.5559245,2.5154109
2022-12-23,AAPL,11.81025,11.752197,11.620608
2022-12-23,AMGN,2.3026614,2.3406404,2.29024
2022-12-23,CRM,2.3461342,2.3585123,2.3714523
2022-12-23,CSCO,6.5995646,6.6761023,6.5752066
2022-12-23,IBM,4.6519115,4.6978156,4.6075286
2022-12-23,INTC,12.813577,13.077371,12.636367
2022-12-23,MSFT,100.78286,103.87347,98.43379
2022-12-23,NKE,3.4579701,3.514332,3.4280765
2022-12-23,VZ,1.1573543,1.1485726,1.1598707
2022-12-23,WMT,2.5392623,2.5534449,2.5149909
2022-12-27,AAPL,11.997681,12.369276,11.691674
2022-12-27,AMGN,2.3088798,2.3483577,2.2694837
2022-12-27,CRM,2.3206645,2.3385128,2.291879
2022-12-27,CSCO,6.7247391,6.7769306,6.7907342
2022-12-27,IBM,4.5682801,4.6111387,4.5581855
2022-12-27,INTC,12.737639,13.044653,12.592168
2022-12-27,MSFT,103.65171,104.97267,102.95709
2022-12-27,NKE,3.4750964,3.4875119,3.4392562
2022-12-27,VZ,1.1222576,1.1154148,1.1085897
2022-12-27,WMT,2.5319738,2.5739735,2.515225
2022-12-28,AAPL,11.873337,12.057947,11.862226
2022-12-28,AMGN,2.2136485,2.2548696,2.1755879
2022-12-28,CRM,2.244609,2.2254252,2.2265758
2022-12-28,CSCO,6.7015652,6.7464188,6.4880917
2022-12-28,IBM,4.6600503,4.7513314,4.6119177
2022-12-28,INTC,12.761919,12.991387,12.734764
2022-12-28,MSFT,105.37529,107.29438,105.19198
2022-12-28,NKE,3.4693848,3.532986,3.4853586
2022-12-28,VZ,1.1189646,1.1241514,1.1018215
2022-12-28,WMT,2.5574005,2.5639023,2.5105625
2022-12-29,AAPL,11.593779,11.678686,11.444385
2022-12-29,AMGN,2.1655332,2.2425814,2.1567225
2022-12-29,CRM,2.1890021,2.210145,2.1741507
2022-12-29,CSCO,6.8023266,6.7753386,6.7049468
2022-12-29,IBM,4.6902958,4.7341543,4.6285585
2022-12-29,INTC,12.94481,13.06915,12.817475
2022-12-29,MSFT,103.40386,104.48254,102.29762
2022-12-29,NKE,3.4584225,3.4381765,3.4738684
2022-12-29,VZ,1.1154373,1.119968,1.117112
2022-12-29,WMT,2.5605621,2.6111036,2.5344722
2022-12-30,AAPL,11.544983,11.716491,11.496144
2022-12-30,AMGN,2.1389461,2.1659752,2.112359
2022-12-30,CRM,2.1219592,2.1500384,2.1234595
2022-12-30,CSCO,6.5299648,6.538382,6.4769376
2022-12-30,IBM,4.6825961,4.7680948,4.6508123
2022-12-30,INTC,13.078137,13.425741,12.835344
2022-12-30,MSFT,102.45167,104.88714,101.94851
2022-12-30,NKE,3.380656,3.4328895,3.3690794
2022-12-30,VZ,1.0910206,1.1002776,1.0729508
2022-12-30,WMT,2.5208616,2.5753705,2.5131439
2023-01-03,AAPL,11.377847,11.342583,11.551181
2023-01-03,AMGN,2.0696281,2.0843922,2.0522932
2023-01-03,CRM,2.0971599,2.1686627,2.0898715
2023-01-03,CSCO,6.4254628,6.4036677,6.3508354
2023-01-03,IBM,4.5623753,4.5421055,4.4909954
2023-01-03,INTC,13.165495,13.195112,12.735491
2023-01-03,MSFT,100.80483,101.69017,101.41493
2023-01-03,NKE,3.4335525,3.5055193,3.4078167
2023-01-03,VZ,1.0796513,1.0778159,1.0599726
2023-01-03,WMT,2.5363452,2.5678153,2.5001849
2023-01-04,AAPL,11.505005,11.71555,11.470032
2023-01-04,AMGN,2.0324665,2.0618283,2.0020365
2023-01-04,CRM,2.0679786,2.0260234,2.0439338
2023-01-04,CSCO,6.3281365,6.5196204,6.3866946
2023-01-04,IBM,4.4564648,4.5043482,4.3827449
2023-01-04,INTC,13.254265,13.129841,13.094949
2023-01-04,MSFT,99.86816,98.792477,98.902885
2023-01-04,NKE,3.3115972,3.3126102,3.2772523
2023-01-04,VZ,1.0814674,1.0854896,1.0629613
2023-01-04,WMT,2.5128942,2.5464647,2.4899124
2023-01-05,AAPL,11.319454,11.33316,11.217002
2023-01-05,AMGN,2.01565,2.0003777,1.9827502
2023-01-05,CRM,2.1024405,2.1359806,2.090254
2023-01-05,CSCO,6.4851161,6.6052653,6.3135273
2023-01-05,IBM,4.5384824,4.5171288,4.5398864
2023-01-05,INTC,13.025058,13.19798,12.819706
2023-01-05,MSFT,95.539598,95.57511,91.819666
2023-01-05,NKE,3.3327587,3.383089,3.3627907
2023-01-05,VZ,1.0731347,1.0897266,1.0786683
2023-01-05,WMT,2.4950932,2.5288501,2.4912881
2023-01-06,AAPL,11.008498,11.059898,10.738359
2023-01-06,AMGN,2.0459202,2.0720008,2.0159817
2023-01-06,CRM,2.1861128,2.2002749,2.1430841
2023-01-06,CSCO,6.5081736,6.5359307,6.4651191
2023-01-06,IBM,4.512441,4.6191497,4.4999482
2023-01-06,INTC,12.780364,12.933417,12.387939
2023-01-06,MSFT,97.787338,98.874974,97.186341
2023-01-06,NKE,3.2632496,3.2889024,3.242874
2023-01-06,VZ,1.0668892,1.0719075,1.0565969
2023-01-06,WMT,2.5078702,2.5504563,2.480917
2023-01-09,AAPL,11.140751,11.049774,10.964698
2023-01-09,AMGN,2.0287011,2.0833129,1.9951871
2023-01-09,CRM,2.237095,2.2647606,2.1829495
2023-01-09,CSCO,6.4355877,6.4360856,6.4395855
2023-01-09,IBM,4.4855581,4.5480204,4.4349953
2023-01-09,INTC,12.713943,12.99966,12.52802
2023-01-09,MSFT,96.205714,97.307585,95.715747
2023-01-09,NKE,3.2719417,3.3076741,3.26261
2023-01-09,VZ,1.060499,1.0746925,1.0528762
2023-01-09,WMT,2.4851659,2.4751545,2.4783818
2023-01-10,AAPL,11.217161,11.410408,10.911158
2023-01-10,AMGN,2.0244713,2.0566114,1.9921061
2023-01-10,CRM,2.1600309,2.1967917,2.1336203
2023-01-10,CSCO,6.429184,6.4379442,6.2822034
2023-01-10,IBM,4.5310708,4.6667311,4.5313328
2023-01-10,INTC,12.643139,12.569707,12.696577
2023-01-10,MSFT,94.734206,95.050268,93.673803
2023-01-10,NKE,3.2556016,3.293955,3.2516021
2023-01-10,VZ,1.0616874,1.0805511,1.0677644
2023-01-10,WMT,2.5079199,2.517685,2.4702069
2023-01-11,AAPL,11.537942,11.7538,11.41202
2023-01-11,AMGN,2.0303666,2.0593006,2.0226408
2023-01-11,CRM,2.2147591,2.2429102,2.1720146
2023-01-11,CSCO,6.332413,6.3726407,6.4404465
2023-01-11,IBM,4.4729474,4.3750941,4.3959656
2023-01-11,INTC,12.603007,12.611102,12.54061
2023-01-11,MSFT,92.936449,94.064922,91.774955
2023-01-11,NKE,3.26985,3.3077636,3.2226821
2023-01-11,VZ,1.0546425,1.0623035,1.0481884
2023-01-11,WMT,2.4899763,2.4742552,2.4348968
2023-01-12,AAPL,11.239167,11.534668,11.041313
2023-01-12,AMGN,2.0622409,2.1038733,1.9909327
2023-01-12,CRM,2.3049856,2.3270435,2.2995261
2023-01-12,CSCO,6.2730793,6.2846786,6.1120999
2023-01-12,IBM,4.4207702,4.4562318,4.3883831
2023-01-12,INTC,12.942481,13.174177,12.672901
2023-01-12,MSFT,92.979533,94.366976,90.915217
2023-01-12,NKE,3.2327893,3.2782135,3.2200654
2023-01-12,VZ,1.0773698,1.0779777,1.0810872
2023-01-12,WMT,2.4787489,2.5089826,2.4760124
2023-01-13,AAPL,11.237865,11.458504,10.948456
2023-01-13,AMGN,1.9833473,1.9491105,1.9605784
2023-01-13,CRM,2.3879238,2.4266991,2.4152998
2023-01-13,CSCO,6.3089219,6.4256458,6.0923595
2023-01-13,IBM,4.3243091,4.4455047,4.288557
2023-01-13,INTC,12.628808,12.773849,12.530613
2023-01-13,MSFT,95.534036,95.268814,95.159706
2023-01-13,NKE,3.1700801,3.2179291,3.1053334
2023-01-13,VZ,1.0711103,1.0762635,1.0712694
2023-01-13,WMT,2.4524492,2.4580194,2.4374688
2023-01-17,AAPL,11.217848,11.600268,10.902216
2023-01-17,AMGN,1.9910636,2.0171093,1.9524315
2023-01-17,CRM,2.39431,2.4007786,2.3258895
2023-01-17,CSCO,6.3492237,6.4004687,6.1882877
2023-01-17,IBM,4.2979474,4.3475957,4.2980894
2023-01-17,INTC,12.419826,12.559775,12.44645
2023-01-17,MSFT,97.598554,99.719097,96.801876
2023-01-17,NKE,3.1277098,3.1557576,3.1041463
2023-01-17,VZ,1.0456927,1.0669947,1.0380225
2023-01-17,WMT,2.4670504,2.5101195,2.4684153
2023-01-18,AAPL,11.108537,11.216394,10.914997
2023-01-18,AMGN,2.0159817,2.0527849,1.9816106
2023-01-18,CRM,2.2756585,2.2888069,2.2797478
2023-01-18,CSCO,6.4493012,6.5617229,6.3717695
2023-01-18,IBM,4.3708619,4.4374638,4.3072621
2023-01-18,INTC,12.918164,13.075384,12.856822
2023-01-18,MSFT,97.463116,98.035874,96.569002
2023-01-18,NKE,2.97961,3.0096338,2.9135704
2023-01-18,VZ,1.0329684,1.0410026,1.0133018
2023-01-18,WMT,2.4278411,2.4545686,2.3861274
2023-01-19,AAPL,10.81592,11.214954,10.886234
2023-01-19,AMGN,1.9782375,1.9908216,1.9327501
2023-01-19,CRM,2.2371132,2.2027812,2.2404497
2023-01-19,CSCO,6.5253639,6.6253314,6.3567272
2023-01-19,IBM,4.3047902,4.3832654,4.2302234
2023-01-19,INTC,13.247479,13.396024,12.844141
2023-01-19,MSFT,96.814388,97.176896,95.131079
2023-01-19,NKE,3.007844,2.9807646,3.0205386
2023-01-19,VZ,1.0085656,1.0287153,0.99425363
2023-01-19,WMT,2.399077,2.4082188,2.3576876
2023-01-20,AAPL,11.010749,10.975787,10.984725
2023-01-20,AMGN,1.977433,1.9929979,1.9554618
2023-01-20,CRM,2.1674378,2.166432,2.1210575
2023-01-20,CSCO,6.642949,6.6103844,6.5826916
2023-01-20,IBM,4.36334,4.422114,4.3397692
2023-01-20,INTC,13.309872,13.496041,13.200741
2023-01-20,MSFT,96.317197,97.094385,94.427506
2023-01-20,NKE,2.9503844,3.0209726,2.9356102
2023-01-20,VZ,1.0117466,1.0160819,1.0101207
2023-01-20,WMT,2.4091951,2.4211469,2.3659736
2023-01-23,AAPL,11.38855,11.416255,11.343937
2023-01-23,AMGN,1.9809155,1.9662859,1.9234962
2023-01-23,CRM,1.9753274,2.0506825,1.9374764
2023-01-23,CSCO,6.5417739,6.5006163,6.4485537
2023-01-23,IBM,4.3505913,4.3639922,4.2781606
2023-01-23,INTC,12.9973,12.967268,12.833701
2023-01-23,MSFT,97.410409,96.892916,97.698531
2023-01-23,NKE,2.8897045,2.9637841,2.8384016
2023-01-23,VZ,1.0224927,1.0224518,1.0374141
2023-01-23,WMT,2.3917145,2.4153728,2.3501124
2023-01-24,AAPL,11.578754,11.866961,11.518916
2023-01-24,AMGN,1.9502684,1.971955,1.9259714
2023-01-24,CRM,2.0098748,2.0600689,1.9464762
2023-01-24,CSCO,6.3813515,6.3632088,6.3644856
2023-01-24,IBM,4.342524,4.3775826,4.3347856
2023-01-24,INTC,12.866149,13.10031,12.740555
2023-01-24,MSFT,97.463027,97.296401,96.301137
2023-01-24,NKE,2.8728432,2.8904078,2.8418896
2023-01-24,VZ,1.0094675,1.0104291,1.0062928
2023-01-24,WMT,2.3454763,2.3805192,2.3014424
2023-01-25,AAPL,11.683497,11.532722,11.24576
2023-01-25,AMGN,1.9203409,1.9568298,1.921541
2023-01-25,CRM,1.9266226,1.9463222,1.8830277
2023-01-25,CSCO,6.3260211,6.4872641,6.2757733
2023-01-25,IBM,4.4121749,4.3717245,4.4446237
2023-01-25,INTC,12.811841,12.858067,12.719957
2023-01-25,MSFT,99.131131,99.300946,97.479815
2023-01-25,NKE,2.7758943,2.7911206,2.7323026
2023-01-25,VZ,1.0141633,1.0267466,1.00961
2023-01-25,WMT,2.3577259,2.3834212,2.3659102
2023-01-26,AAPL,11.341543,11.490646,11.295908
2023-01-26,AMGN,1.9018212,1.8819905,1.8874582
2023-01-26,CRM,1.870007,1.8681342,1.8329514
2023-01-26,CSCO,6.2901498,6.225557,6.2269844
2023-01-26,IBM,4.4161697,4.4267271,4.3513449
2023-01-26,INTC,12.318509,12.574298,12.254347
2023-01-26,MSFT,99.536181,99.949675,97.093545
2023-01-26,NKE,2.7356158,2.7698274,2.7205935
2023-01-26,VZ,0.99000421,1.0046837,0.97889532
2023-01-26,WMT,2.3675263,2.3923386,2.3225007
2023-01-27,AAPL,11.298725,11.437246,11.005336
2023-01-27,AMGN,1.8172867,1.8267864,1.7873308
2023-01-27,CRM,1.8859099,1.8693069,1.8745812
2023-01-27,CSCO,6.3260752,6.3817893,6.130274
2023-01-27,IBM,4.3603283,4.4476715,4.3390948
2023-01-27,INTC,11.974034,12.165261,11.821391
2023-01-27,MSFT,99.90969,99.803034,99.476874
2023-01-27,NKE,2.652591,2.7316014,2.6530274
2023-01-27,VZ,0.99522467,0.98956038,0.97548166
2023-01-27,WMT,2.3988204,2.4006497,2.3732727
2023-01-30,AAPL,11.424831,11.845141,11.314684
2023-01-30,AMGN,1.775169,1.7991251,1.7660242
2023-01-30,CRM,1.9882957,2.0365332,1.9605708
2023-01-30,CSCO,6.2589064,6.1552726,6.1572513
2023-01-30,IBM,4.2886398,4.304608,4.2194958
2023-01-30,INTC,11.946965,11.903664,11.892771
2023-01-30,MSFT,98.972467,100.7917,99.152771
2023-01-30,NKE,2.6246798,2.6466719,2.5697657
2023-01-30,VZ,0.99342841,0.99490944,0.97944308
2023-01-30,WMT,2.398872,2.4279009,2.38939
2023-01-31,AAPL,11.603436,11.700838,11.182288
2023-01-31,AMGN,1.7358391,1.7652078,1.7260836
2023-01-31,CRM,1.951081,2.0019206,1.9325534
2023-01-31,CSCO,6.2129841,6.2938218,6.1631153
2023-01-31,IBM,4.1428668,4.1583827,4.1219051
2023-01-31,INTC,12.091959,12.097578,11.885763
2023-01-31,MSFT,97.4752,97.601834,96.309731
2023-01-31,NKE,2.5656097,2.556202,2.5248019
2023-01-31,VZ,0.99898599,0.99600896,0.9948903
2023-01-31,WMT,2.4512686,2.5101293,2.4146029
2023-02-01,AAPL,11.460957,11.465743,11.284278
2023-02-01,AMGN,1.6995527,1.7227072,1.6778622
2023-02-01,CRM,1.9485855,1.988754,1.9823813
2023-02-01,CSCO,6.0451967,6.18418,6.0081275
2023-02-01,IBM,4.1399089,4.2639842,4.0707891
2023-02-01,INTC,12.044802,12.082341,12.031994
2023-02-01,MSFT,94.811596,96.232853,94.431942
2023-02-01,NKE,2.4967972,2.5197099,2.5442252
2023-02-01,VZ,1.0026459,1.0224097,0.9782015
2023-02-01,WMT,2.4488472,2.491534,2.4388421
2023-02-02,AAPL,11.151289,11.450772,11.09571
2023-02-02,AMGN,1.6739889,1.6656055,1.6381073
2023-02-02,CRM,2.0319274,2.1034996,2.0083636
2023-02-02,CSCO,6.0695199,6.1591343,5.9604494
2023-02-02,IBM,4.1128696,4.1962541,4.1241777
2023-02-02,INTC,11.693112,11.881758,11.69919
2023-02-02,MSFT,96.012621,97.083139,96.849179
2023-02-02,NKE,2.5406684,2.5183725,2.4634836
2023-02-02,VZ,1.0254707,1.0329018,1.0124495
2023-02-02,WMT,2.4510595,2.4742722,2.464916
2023-02-03,AAPL,11.106486,11.088495,11.061035
2023-02-03,AMGN,1.7240019,1.7093206,1.6915423
2023-02-03,CRM,2.0234344,2.0486585,2.0214765
2023-02-03,CSCO,6.1006828,6.2716437,6.018091
2023-02-03,IBM,4.1912206,4.2441706,4.1161081
2023-02-03,INTC,11.361191,11.49174,11.343165
2023-02-03,MSFT,95.629428,96.92553,94.258491
2023-02-03,NKE,2.4038644,2.4149455,2.4076711
2023-02-03,VZ,1.0165843,1.0144179,0.99749634
2023-02-03,WMT,2.4606943,2.4591991,2.4189214
2023-02-06,AAPL,11.164141,11.245828,10.84534
2023-02-06,AMGN,1.7029201,1.740003,1.680702
2023-02-06,CRM,1.9322104,1.9838274,1.8769066
2023-02-06,CSCO,6.1361416,6.1860874,5.9871827
2023-02-06,IBM,4.1179562,4.1495087,4.0614734
2023-02-06,INTC,11.543063,11.715124,11.39119
2023-02-06,MSFT,94.196454,95.470192,92.922463
2023-02-06,NKE,2.3734874,2.3709006,2.3436663
2023-02-06,VZ,1.0229847,1.0289031,1.0227494
2023-02-06,WMT,2.426217,2.449802,2.4151818
2023-02-07,AAPL,10.938638,11.09721,10.735131
2023-02-07,AMGN,1.6726374,1.720927,1.6465224
2023-02-07,CRM,1.8653947,1.91309,1.8556991
2023-02-07,CSCO,6.0778838,6.1775653,6.0312846
2023-02-07,IBM,4.1495614,4.1845615,4.1000651
2023-02-07,INTC,11.784675,12.076879,11.578457
2023-02-07,MSFT,93.330935,93.888332,91.547034
2023-02-07,NKE,2.3950505,2.4485552,2.3921772
2023-02-07,VZ,1.0113962,1.0277707,1.0032599
2023-02-07,WMT,2.4020541,2.412354,2.413778
2023-02-08,AAPL,11.14179,11.248053,10.943078
2023-02-08,AMGN,1.6211178,1.627145,1.6132926
2023-02-08,CRM,1.8478597,1.8890013,1.8477424
2023-02-08,CSCO,6.0056693,6.0296931,5.9308541
2023-02-08,IBM,4.1753755,4.2278969,4.1696973
2023-02-08,INTC,11.565418,11.858223,11.565176
2023-02-08,MSFT,94.232288,94.027436,92.478676
2023-02-08,NKE,2.4352118,2.4564623,2.4744319
2023-02-08,VZ,1.0023237,1.0043176,0.99562759
2023-02-08,WMT,2.4112807,2.461354,2.3933931
2023-02-09,AAPL,11.204941,11.320932,11.210507
2023-02-09,AMGN,1.5968828,1.6219009,1.593075
2023-02-09,CRM,1.8701042,1.8563972,1.8526988
2023-02-09,CSCO,6.0089692,6.1274601,5.968124
2023-02-09,IBM,4.2456184,4.2485311,4.2339686
2023-02-09,INTC,11.791587,11.824735,11.494748
2023-02-09,MSFT,92.066292,92.897551,90.49662
2023-02-09,NKE,2.4556684,2.4439732,2.4627966
2023-02-09,VZ,1.0275638,1.0477296,1.0238414
2023-02-09,WMT,2.4324764,2.4584247,2.4145591
2023-02-10,AAPL,10.868529,10.930542,10.820432
2023-02-10,AMGN,1.6006832,1.6403529,1.5769082
2023-02-10,CRM,1.9494519,2.0344445,1.886595
2023-02-10,CSCO,5.9868125,6.0037432,5.9297885
2023-02-10,IBM,4.1855354,4.2118423,4.1404025
2023-02-10,INTC,11.82331,11.841161,11.636339
2023-02-10,MSFT,91.566747,92.900667,91.360993
2023-02-10,NKE,2.4782425,2.4916127,2.4747424
2023-02-10,VZ,1.0103292,1.0318481,0.9921265
2023-02-10,WMT,2.411462,2.4387562,2.4074978
2023-02-13,AAPL,11.005813,11.059193,11.081097
2023-02-13,AMGN,1.605026,1.6274589,1.6226143
2023-02-13,CRM,1.9056643,1.9242519,1.911689
2023-02-13,CSCO,6.0775054,6.1038053,6.0302227
2023-02-13,IBM,4.2100365,4.2349822,4.1478996
2023-02-13,INTC,12.202749,12.469942,12.048543
2023-02-13,MSFT,93.469323,96.03854,93.256904
2023-02-13,NKE,2.4688073,2.5030811,2.4415953
2023-02-13,VZ,1.0095978,1.0169905,0.99390436
2023-02-13,WMT,2.4001714,2.4160155,2.3812005
2023-02-14,AAPL,11.002046,11.006655,10.858932
2023-02-14,AMGN,1.5761811,1.5858069,1.5658084
2023-02-14,CRM,1.9650291,1.982476,1.9547741
2023-02-14,CSCO,6.1706738,6.1326347,6.0754421
2023-02-14,IBM,4.1497457,4.2065488,4.1059196
2023-02-14,INTC,12.400904,12.698841,12.319926
2023-02-14,MSFT,91.012762,92.289799,89.48415
2023-02-14,NKE,2.5274529,2.5602074,2.4862166
2023-02-14,VZ,1.0196374,1.0171476,1.0127394
2023-02-14,WMT,2.3861294,2.4037308,2.3484948
2023-02-15,AAPL,10.762823,11.182429,10.66019
2023-02-15,AMGN,1.5542476,1.5766178,1.5433984
2023-02-15,CRM,1.9471692,2.0203513,1.8822908
2023-02-15,CSCO,6.2233747,6.2973991,6.2315814
2023-02-15,IBM,4.0758431,4.1146585,4.0636281
2023-02-15,INTC,12.613593,12.677367,12.360055
2023-02-15,MSFT,93.705296,94.347647,92.833922
2023-02-15,NKE,2.4870667,2.5105806,2.4447757
2023-02-15,VZ,1.0219994,1.0272945,1.0164516
2023-02-15,WMT,2.4326601,2.4571033,2.3990627
2023-02-16,AAPL,10.764428,10.896837,10.448479
2023-02-16,AMGN,1.5784894,1.595787,1.5564727
2023-02-16,CRM,1.9156105,1.9753505,1.8752262
2023-02-16,CSCO,6.1217048,6.0535879,6.0802108
2023-02-16,IBM,4.0232625,4.0709041,4.0014318
2023-02-16,INTC,12.248161,12.480417,12.078488
2023-02-16,MSFT,92.488243,92.853152,90.978924
2023-02-16,NKE,2.4304899,2.5104205,2.3937846
2023-02-16,VZ,1.0154909,1.0241968,1.0189711
2023-02-16,WMT,2.4503233,2.4885594,2.4274056
2023-02-17,AAPL,10.731032,10.929207,10.415292
2023-02-17,AMGN,1.5662324,1.5921051,1.5582941
2023-02-17,CRM,1.949422,1.9516527,1.9428051
2023-02-17,CSCO,6.2787115,6.315399,6.263737
2023-02-17,IBM,4.1066705,4.1346475,4.1415492
2023-02-17,INTC,11.974357,11.893598,11.655571
2023-02-17,MSFT,93.345551,94.681393,91.966846
2023-02-17,NKE,2.4371176,2.4504891,2.4584487
2023-02-17,VZ,1.015519,1.0379181,1.0001881
2023-02-17,WMT,2.42985,2.4289428,2.4270268
2023-02-21,AAPL,10.814524,11.144655,10.999129
2023-02-21,AMGN,1.5526972,1.5843766,1.5501124
2023-02-21,CRM,1.9270185,1.9148589,1.8777047
2023-02-21,CSCO,6.3814279,6.5821567,6.3056676
2023-02-21,IBM,4.0204825,4.0175682,4.0328541
2023-02-21,INTC,11.96944,11.995202,11.799469
2023-02-21,MSFT,93.418499,94.700371,93.562481
2023-02-21,NKE,2.436543,2.430266,2.3714803
2023-02-21,VZ,1.0091516,1.0296184,0.9941914
2023-02-21,WMT,2.3560102,2.365324,2.3282577
2023-02-22,AAPL,10.793057,10.825469,10.554515
2023-02-22,AMGN,1.5194268,1.5445194,1.5062931
2023-02-22,CRM,1.9393708,1.987784,1.8529286
2023-02-22,CSCO,6.5534619,6.442199,6.5959329
2023-02-22,IBM,3.9559045,3.9590782,3.9216472
2023-02-22,INTC,11.920774,12.028066,12.145572
2023-02-22,MSFT,94.753051,95.075988,93.104656
2023-02-22,NKE,2.3367501,2.3311808,2.3462616
2023-02-22,VZ,1.0139345,1.0404448,1.0015131
2023-02-22,WMT,2.3613009,2.3807107,2.3469096
2023-02-23,AAPL,10.874619,10.998154,10.463792
2023-02-23,AMGN,1.5001998,1.5265544,1.4752289
2023-02-23,CRM,1.8753506,1.9453417,1.8401004
2023-02-23,CSCO,6.5102155,6.5374411,6.5412796
2023-02-23,IBM,3.8519208,3.93561,3.8402775
2023-02-23,INTC,12.05708,12.223501,11.952061
2023-02-23,MSFT,96.280368,98.413154,96.489075
2023-02-23,NKE,2.3353776,2.3707757,2.3212273
2023-02-23,VZ,1.0285,1.0266966,1.0173231
2023-02-23,WMT,2.3936105,2.404067,2.4006315
2023-02-24,AAPL,11.073643,10.834347,10.966459
2023-02-24,AMGN,1.518544,1.5362437,1.5424027
2023-02-24,CRM,1.8548689,1.8657145,1.8427539
2023-02-24,CSCO,6.508736,6.5352865,6.4513794
2023-02-24,IBM,3.8626236,3.8421381,3.8911422
2023-02-24,INTC,11.659823,11.952331,11.448465
2023-02-24,MSFT,99.090232,99.672682,95.880144
2023-02-24,NKE,2.358658,2.399447,2.3466767
2023-02-24,VZ,1.0055866,1.0168532,0.99727143
2023-02-24,WMT,2.4124224,2.4638664,2.4151895
2023-02-27,AAPL,10.80762,10.928428,10.581015
2023-02-27,AMGN,1.4860763,1.5091184,1.4704643
2023-02-27,CRM,1.8788765,1.9193106,1.8788064
2023-02-27,CSCO,6.5344864,6.5316837,6.4747389
2023-02-27,IBM,3.8620879,3.8897325,3.8278699
2023-02-27,INTC,11.1499,11.387285,10.892769
2023-02-27,MSFT,102.12227,102.62177,102.74263
2023-02-27,NKE,2.3359706,2.353273,2.2794039
2023-02-27,VZ,0.99810344,1.0149125,0.99812937
2023-02-27,WMT,2.3882384,2.3770856,2.3693941
2023-02-28,AAPL,10.7642,10.919511,10.585127
2023-02-28,AMGN,1.4499586,1.4491595,1.4410776
2023-02-28,CRM,1.8740956,1.9092299,1.8172324
2023-02-28,CSCO,6.8163039,6.9138964,6.6640106
2023-02-28,IBM,3.8457105,3.8590146,3.8545218
2023-02-28,INTC,10.751197,10.840213,10.805687
2023-02-28,MSFT,100.96859,101.06942,99.996401
2023-02-28,NKE,2.3297559,2.3624946,2.3071989
2023-02-28,VZ,1.0171125,1.0093148,1.0209945
2023-02-28,WMT,2.3788484,2.4087518,2.3515023
2023-03-01,AAPL,10.804536,11.126711,10.734123
2023-03-01,AMGN,1.4401032,1.4531087,1.4420866
2023-03-01,CRM,1.9741842,2.0239365,1.9433209
2023-03-01,CSCO,6.9547218,6.9631012,6.7967874
2023-03-01,IBM,3.7615172,3.8407087,3.6636058
2023-03-01,INTC,10.622026,10.551807,10.303413
2023-03-01,MSFT,97.842471,96.782844,97.272558
2023-03-01,NKE,2.3422715,2.3614425,2.2951558
2023-03-01,VZ,1.0190347,1.0288533,1.0175068
2023-03-01,WMT,2.367827,2.3908487,2.3497437
2023-03-02,AAPL,10.706644,10.643879,10.519483
2023-03-02,AMGN,1.3942453,1.4261956,1.3864624
2023-03-02,CRM,1.9685046,2.0670459,1.9391538
2023-03-02,CSCO,7.0499933,7.2886974,6.8394723
2023-03-02,IBM,3.7664213,3.7952277,3.6875313
2023-03-02,INTC,10.745121,10.701195,10.557848
2023-03-02,MSFT,98.931684,98.459876,96.711549
2023-03-02,NKE,2.3038554,2.3391792,2.3092642
2023-03-02,VZ,1.0155212,1.0269125,1.009164
2023-03-02,WMT,2.3508554,2.3650971,2.3397747
2023-03-03,AAPL,10.648456,10.761122,10.472879
2023-03-03,AMGN,1.3734675,1.3980743,1.3758842
2023-03-03,CRM,1.9538917,1.9436252,1.9024577
2023-03-03,CSCO,6.7910746,6.8347868,6.7414568
2023-03-03,IBM,3.8161911,3.8948222,3.817015
2023-03-03,INTC,10.627397,10.68746,10.479613
2023-03-03,MSFT,101.19564,101.25005,99.753
2023-03-03,NKE,2.3340423,2.3781589,2.3493249
2023-03-03,VZ,1.0284406,1.029944,1.0212369
2023-03-03,WMT,2.3379204,2.3927909,2.3226396
2023-03-06,AAPL,10.326193,10.395223,10.20261
2023-03-06,AMGN,1.4032267,1.4230367,1.3759483
2023-03-06,CRM,1.8682941,1.8675788,1.812991
2023-03-06,CSCO,6.6572724,6.6094396,6.6380135
2023-03-06,IBM,3.8366627,3.9044494,3.8075347
2023-03-06,INTC,10.355262,10.453257,10.087332
2023-03-06,MSFT,98.433667,98.588207,97.519754
2023-03-06,NKE,2.3381177,2.351188,2.3109564
2023-03-06,VZ,1.0453242,1.031939,1.0662401
2023-03-06,WMT,2.3233215,2.3614627,2.3280435
2023-03-07,AAPL,10.388212,10.532485,10.270317
2023-03-07,AMGN,1.3743519,1.3920225,1.3410832
2023-03-07,CRM,1.6992253,1.7139241,1.7039061
2023-03-07,CSCO,6.6458312,6.6862079,6.5409803
2023-03-07,IBM,3.8153613,3.7961728,3.8054661
2023-03-07,INTC,10.297876,10.418691,10.124709
2023-03-07,MSFT,99.960513,103.64535,99.908106
2023-03-07,NKE,2.3146555,2.3342773,2.2841275
2023-03-07,VZ,1.0329992,1.0344439,1.0072505
2023-03-07,WMT,2.2838418,2.3051738,2.2496898
2023-03-08,AAPL,10.358951,10.657123,10.23884
2023-03-08,AMGN,1.3737682,1.3795215,1.3571045
2023-03-08,CRM,1.7608825,1.7488072,1.7249795
2023-03-08,CSCO,6.5055288,6.4254169,6.5142767
2023-03-08,IBM,3.7774612,3.8170852,3.7442256
2023-03-08,INTC,10.225034,10.375362,10.103875
2023-03-08,MSFT,98.059048,98.592489,97.818156
2023-03-08,NKE,2.2645611,2.2386092,2.2155506
2023-03-08,VZ,1.0168407,1.029719,1.0056848
2023-03-08,WMT,2.2717246,2.2921933,2.2531109
2023-03-09,AAPL,10.252804,10.353809,10.155703
2023-03-09,AMGN,1.3506189,1.3593124,1.3528042
2023-03-09,CRM,1.7171897,1.7376665,1.6970845
2023-03-09,CSCO,6.4170789,6.5077927,6.2671838
2023-03-09,IBM,3.7377104,3.8165299,3.6778601
2023-03-09,INTC,10.158594,10.378155,9.9726463
2023-03-09,MSFT,98.835253,97.757911,97.920445
2023-03-09,NKE,2.3140209,2.3700766,2.3249193
2023-03-09,VZ,1.0178244,1.0334744,1.0168209
2023-03-09,WMT,2.2528107,2.2748626,2.2365578
2023-03-10,AAPL,10.366849,10.410322,10.268676
2023-03-10,AMGN,1.3802469,1.4069467,1.3429898
2023-03-10,CRM,1.7281963,1.7687377,1.6967707
2023-03-10,CSCO,6.3801445,6.4648822,6.4104511
2023-03-10,IBM,3.7404456,3.7842228,3.6938205
2023-03-10,INTC,10.138586,10.338575,10.209464
2023-03-10,MSFT,97.882197,99.828707,97.636908
2023-03-10,NKE,2.3098862,2.3050082,2.285945
2023-03-10,VZ,1.0087392,1.0101964,0.99590066
2023-03-10,WMT,2.2736265,2.2702797,2.2569024
2023-03-13,AAPL,10.511526,10.466253,10.325648
2023-03-13,AMGN,1.3425183,1.3663216,1.3354198
2023-03-13,CRM,1.7270337,1.7508565,1.7135932
2023-03-13,CSCO,6.4693578,6.5037637,6.3091749
2023-03-13,IBM,3.7021202,3.757975,3.7472141
2023-03-13,INTC,10.1497,10.274649,10.267987
2023-03-13,MSFT,98.158634,98.118164,96.720576
2023-03-13,NKE,2.3098346,2.3297338,2.2691289
2023-03-13,VZ,1.0224699,1.0301854,0.9986944
2023-03-13,WMT,2.233594,2.2726473,2.1977524
2023-03-14,AAPL,10.320915,10.406017,10.17207
2023-03-14,AMGN,1.3014678,1.3284767,1.29605
2023-03-14,CRM,1.701416,1.7076786,1.65913
2023-03-14,CSCO,6.3418153,6.2349187,6.1508273
2023-03-14,IBM,3.6861269,3.7024018,3.6973119
2023-03-14,INTC,10.297557,10.498842,10.425421
2023-03-14,MSFT,96.767456,96.947573,96.357251
2023-03-14,NKE,2.2735373,2.2872822,2.2186482
2023-03-14,VZ,1.0430467,1.0539944,1.0224281
2023-03-14,WMT,2.2683947,2.3136908,2.262375
2023-03-15,AAPL,9.8640856,9.7592526,9.7638985
2023-03-15,AMGN,1.2830506,1.2767644,1.2803516
2023-03-15,CRM,1.6489941,1.6664424,1.6137796
2023-03-15,CSCO,6.3999279,6.392764,6.3972863
2023-03-15,IBM,3.6968405,3.7097807,3.6606191
2023-03-15,INTC,10.31803,10.392092,10.367552
2023-03-15,MSFT,95.979514,98.292249,95.807415
2023-03-15,NKE,2.4017773,2.4221897,2.3779625
2023-03-15,VZ,1.0423819,1.0373727,1.0320471
2023-03-15,WMT,2.3056843,2.3675842,2.2629346
2023-03-16,AAPL,9.7647417,9.9792222,9.7011137
2023-03-16,AMGN,1.3058884,1.3167044,1.2870261
2023-03-16,CRM,1.6314056,1.6485082,1.6471245
2023-03-16,CSCO,6.3282176,6.3277249,6.1309375
2023-03-16,IBM,3.7285278,3.7861735,3.6702204
2023-03-16,INTC,10.523547,10.623982,10.446178
2023-03-16,MSFT,96.58466,95.677696,96.65425
2023-03-16,NKE,2.4477529,2.5237278,2.377311
2023-03-16,VZ,1.0491382,1.05104,1.051054
2023-03-16,WMT,2.2418106,2.2492453,2.2515989
2023-03-17,AAPL,9.7519026,9.8992993,9.5723419
2023-03-17,AMGN,1.3101713,1.3363422,1.293644
2023-03-17,CRM,1.6535682,1.6961551,1.649804
2023-03-17,CSCO,6.2100825,6.185445,6.0386302
2023-03-17,IBM,3.7526913,3.8098128,3.7035144
2023-03-17,INTC,10.576889,10.780527,10.419129
2023-03-17,MSFT,94.940023,94.957373,94.538125
2023-03-17,NKE,2.4132487,2.443602,2.3954977
2023-03-17,VZ,1.0709425,1.0730226,1.0584456
2023-03-17,WMT,2.2022603,2.221011,2.1710985
2023-03-20,AAPL,10.194629,10.395146,10.051964
2023-03-20,AMGN,1.284779,1.3204177,1.2772123
2023-03-20,CRM,1.6580268,1.7033289,1.6361399
2023-03-20,CSCO,6.2615664,6.2966348,6.1714708
2023-03-20,IBM,3.7404792,3.7437512,3.6669149
2023-03-20,INTC,10.476377,10.764106,10.35489
2023-03-20,MSFT,94.402067,95.542001,94.279504
2023-03-20,NKE,2.4243503,2.4068193,2.3761857
2023-03-20,VZ,1.0574362,1.0653208,1.0381463
2023-03-20,WMT,2.1724841,2.178077,2.1618445
2023-03-21,AAPL,9.9344882,10.004553,9.8520277
2023-03-21,AMGN,1.3150215,1.3252252,1.2972711
2023-03-21,CRM,1.6799396,1.7078172,1.6511414
2023-03-21,CSCO,6.2369806,6.3019608,6.2197182
2023-03-21,IBM,3.7041141,3.7488645,3.6344805
2023-03-21,INTC,10.421759,10.436946,10.297493
2023-03-21,MSFT,94.38371,94.028672,93.308632
2023-03-21,NKE,2.3688336,2.3934216,2.3717475
2023-03-21,VZ,1.0772524,1.0707457,1.0870535
2023-03-21,WMT,2.1661215,2.1901351,2.1384783
2023-03-22,AAPL,9.9894594,10.10665,9.8186023
2023-03-22,AMGN,1.2610819,1.2960452,1.2613477
2023-03-22,CRM,1.6657007,1.6661312,1.6242277
2023-03-22,CSCO,6.1518406,6.3354877,6.046612
2023-03-22,IBM,3.7540361,3.7522711,3.7387763
2023-03-22,INTC,10.285342,10.613062,10.174371
2023-03-22,MSFT,95.74474,97.154099,93.599771
2023-03-22,NKE,2.4053687,2.4248522,2.3661334
2023-03-22,VZ,1.0760513,1.0934068,1.079969
2023-03-22,WMT,2.1752041,2.1949665,2.1629944
2023-03-23,AAPL,9.8687005,9.902522,9.737632
2023-03-23,AMGN,1.2960985,1.315379,1.2807367
2023-03-23,CRM,1.6678028,1.6527364,1.6263805
2023-03-23,CSCO,6.1909149,6.3320152,6.1654774
2023-03-23,IBM,3.7348342,3.810253,3.7177007
2023-03-23,INTC,10.165876,10.242227,10.010466
2023-03-23,MSFT,98.527122,99.635953,98.85134
2023-03-23,NKE,2.4218433,2.4538732,2.4101547
2023-03-23,VZ,1.0765269,1.0758324,1.0730391
2023-03-23,WMT,2.1680549,2.1677176,2.1311053
2023-03-24,AAPL,9.6018771,9.6962464,9.4849992
2023-03-24,AMGN,1.2522887,1.2664396,1.2366344
2023-03-24,CRM,1.6843088,1.7042708,1.7028153
2023-03-24,CSCO,6.1064254,6.2045135,6.0709546
2023-03-24,IBM,3.6224829,3.62042,3.585171
2023-03-24,INTC,9.9312962,10.137459,9.8733589
2023-03-24,MSFT,98.692112,99.162901,98.515813
2023-03-24,NKE,2.5291292,2.534883,2.5083124
2023-03-24,VZ,1.0597683,1.0592917,1.043661
2023-03-24,WMT,2.1545438,2.1946245,2.1233999
2023-03-27,AAPL,9.643927,9.8052453,9.5062248
2023-03-27,AMGN,1.2759793,1.2910126,1.2541908
2023-03-27,CRM,1.6656078,1.6350682,1.6462858
2023-03-27,CSCO,6.1847404,6.2111556,6.132954
2023-03-27,IBM,3.5909843,3.6358872,3.5804504
2023-03-27,INTC,10.041521,10.002038,9.9766743
2023-03-27,MSFT,97.152888,95.926283,96.868938
2023-03-27,NKE,2.5488866,2.5601856,2.566018
2023-03-27,VZ,1.0655814,1.0843438,1.0529514
2023-03-27,WMT,2.1659542,2.1764364,2.1269568
2023-03-28,AAPL,9.7447376,9.7585079,9.7499546
2023-03-28,AMGN,1.2580961,1.2768906,1.2454736
2023-03-28,CRM,1.661547,1.6317113,1.6100856
2023-03-28,CSCO,6.2327463,6.2447956,6.2080151
2023-03-28,IBM,3.6333161,3.6596895,3.6087906
2023-03-28,INTC,10.043894,10.080525,9.8390038
2023-03-28,MSFT,94.77378,95.455406,92.721102
2023-03-28,NKE,2.5043096,2.5217645,2.4669926
2023-03-28,VZ,1.0663688,1.0524859,1.067309
2023-03-28,WMT,2.1328455,2.1657616,2.1143319
2023-03-29,AAPL,9.6164872,9.8635069,9.559842
2023-03-29,AMGN,1.2737501,1.2862085,1.2747394
2023-03-29,CRM,1.6460237,1.6557539,1.5905921
2023-03-29,CSCO,6.0626338,6.1182046,6.0358865
2023-03-29,IBM,3.6594823,3.6677107,3.6209992
2023-03-29,INTC,9.967367,10.03494,9.8442758
2023-03-29,MSFT,93.567771,93.34611,91.464874
2023-03-29,NKE,2.5283809,2.5609328,2.4871044
2023-03-29,VZ,1.0492871,1.0464077,1.054893
2023-03-29,WMT,2.1223843,2.1227436,2.1275236
2023-03-30,AAPL,9.7413493,9.7490113,9.6837706
2023-03-30,AMGN,1.2991581,1.3229686,1.2870083
2023-03-30,CRM,1.7215571,1.7267776,1.7002701
2023-03-30,CSCO,5.8755495,5.9578138,5.7972499
2023-03-30,IBM,3.6358847,3.7335177,3.6406538
2023-03-30,INTC,9.7242137,10.02993,9.6386716
2023-03-30,MSFT,94.146066,93.089648,94.220026
2023-03-30,NKE,2.474841,2.486516,2.4557345
2023-03-30,VZ,1.03708,1.0570454,1.0313775
2023-03-30,WMT,2.190008,2.1916671,2.1448135
2023-03-31,AAPL,9.6156775,9.694483,9.4682868
2023-03-31,AMGN,1.271514,1.2973865,1.2541898
2023-03-31,CRM,1.7015717,1.6934587,1.666966
2023-03-31,CSCO,5.7710785,5.8292302,5.7708536
2023-03-31,IBM,3.627683,3.6376407,3.5940522
2023-03-31,INTC,9.8468713,9.7467763,9.7394263
2023-03-31,MSFT,93.074499,93.808045,91.117541
2023-03-31,NKE,2.5324612,2.5572405,2.5470504
2023-03-31,VZ,1.0254812,1.0445985,1.0077364
2023-03-31,WMT,2.2268417,2.2679828,2.2051889
2023-04-03,AAPL,9.7040617,9.8164901,9.3915344
2023-04-03,AMGN,1.2722229,1.3010451,1.2584022
2023-04-03,CRM,1.6859012,1.7158597,1.6754161
2023-04-03,CSCO,5.7954728,5.7665269,5.7594845
2023-04-03,IBM,3.6104075,3.6716233,3.6253301
2023-04-03,INTC,10.055883,10.050226,9.7939268
2023-04-03,MSFT,92.161488,93.358666,91.8279
2023-04-03,NKE,2.4692275,2.4931977,2.4161696
2023-04-03,VZ,1.0067443,1.016499,1.0189486
2023-04-03,WMT,2.2274959,2.2746927,2.2058303
2023-04-04,AAPL,9.5412549,9.6530756,9.3955049
2023-04-04,AMGN,1.2742071,1.2767945,1.2734529
2023-04-04,CRM,1.6549179,1.7362439,1.6290844
2023-04-04,CSCO,5.6272059,5.8035559,5.5371792
2023-04-04,IBM,3.4936739,3.5606782,3.4133169
2023-04-04,INTC,10.013603,10.143579,9.9286968
2023-04-04,MSFT,95.039555,95.529379,94.900581
2023-04-04,NKE,2.3908381,2.4455321,2.3681622
2023-04-04,VZ,0.99708287,0.9843393,0.99369074
2023-04-04,WMT,2.2551966,2.2439463,2.2602335
2023-04-05,AAPL,9.6721512,9.7013235,9.6040942
2023-04-05,AMGN,1.2637943,1.2879516,1.2663731
2023-04-05,CRM,1.6714604,1.6853491,1.6466416
2023-04-05,CSCO,5.7055638,5.6263607,5.6866099
2023-04-05,IBM,3.4671933,3.4671584,3.4477416
2023-04-05,INTC,9.6940791,9.9037186,9.723135
2023-04-05,MSFT,98.051407,97.338809,96.641143
2023-04-05,NKE,2.3644769,2.3789057,2.3563428
2023-04-05,VZ,0.97885997,0.99055363,0.96823974
2023-04-05,WMT,2.2810524,2.2846919,2.2985251
2023-04-06,AAPL,9.4250414,9.3315293,9.2233789
2023-04-06,AMGN,1.244589,1.271867,1.2364569
2023-04-06,CRM,1.6394902,1.6660749,1.6152975
2023-04-06,CSCO,5.7586155,5.7968298,5.7756292
2023-04-06,IBM,3.4726862,3.4787464,3.4391804
2023-04-06,INTC,10.067242,9.9582233,9.9662994
2023-04-06,MSFT,101.46675,103.82552,101.30502
2023-04-06,NKE,2.3744641,2.3761101,2.2878096
2023-04-06,VZ,0.98052587,0.9971064,0.96241352
2023-04-06,WMT,2.2578447,2.2850319,2.2631649
2023-04-10,AAPL,9.2780873,9.4651143,8.9705357
2023-04-10,AMGN,1.2244349,1.2452815,1.2276026
2023-04-10,CRM,1.707169,1.705816,1.7054284
2023-04-10,CSCO,5.672785,5.7748012,5.6842441
2023-04-10,IBM,3.4461247,3.4558025,3.4169194
2023-04-10,INTC,10.075511,10.18191,9.897154
2023-04-10,MSFT,100.80847,101.95656,100.22291
2023-04-10,NKE,2.3395411,2.3200534,2.3448814
2023-04-10,VZ,0.98218025,0.98566165,0.9768222
2023-04-10,WMT,2.2383221,2.2906152,2.2254505
2023-04-11,AAPL,9.1123745,9.0284181,9.2030658
2023-04-11,AMGN,1.2463078,1.2782203,1.2508928
2023-04-11,CRM,1.7111598,1.7316569,1.6719581
2023-04-11,CSCO,5.5596611,5.6463671,5.5119703
2023-04-11,IBM,3.4992087,3.5055271,3.4809927
2023-04-11,INTC,10.198176,10.382744,10.042971
2023-04-11,MSFT,100.42046,101.26845,97.81637
2023-04-11,NKE,2.3107592,2.3121283,2.2337362
2023-04-11,VZ,0.97816284,0.98227565,0.96364509
2023-04-11,WMT,2.2336991,2.230015,2.2284776
2023-04-12,AAPL,9.2061232,9.3191425,8.9288665
2023-04-12,AMGN,1.2159455,1.2191577,1.1996071
2023-04-12,CRM,1.7837845,1.8090042,1.7879072
2023-04-12,CSCO,5.7177636,5.7648895,5.6554818
2023-04-12,IBM,3.5014239,3.5759101,3.4709354
2023-04-12,INTC,10.524009,10.90665,10.403242
2023-04-12,MSFT,100.27743,102.32541,98.742412
2023-04-12,NKE,2.3451475,2.3179786,2.308027
2023-04-12,VZ,0.96338757,0.98006303,0.94747801
2023-04-12,WMT,2.2063302,2.2149968,2.2004215
2023-04-13,AAPL,9.4293784,9.5997513,9.4336363
2023-04-13,AMGN,1.2586237,1.2898864,1.2331092
2023-04-13,CRM,1.8366776,1.8758502,1.8068527
2023-04-13,CSCO,5.837474,5.8627464,5.7268787
2023-04-13,IBM,3.4246537,3.4225898,3.4427617
2023-04-13,INTC,10.445351,10.444603,10.183698
2023-04-13,MSFT,97.37079,97.128065,95.855912
2023-04-13,NKE,2.3761508,2.3756138,2.3303792
2023-04-13,VZ,0.95442203,0.96380093,0.93994774
2023-04-13,WMT,2.1650812,2.1975754,2.1402257
2023-04-14,AAPL,9.0512407,9.0513065,8.8354757
2023-04-14,AMGN,1.2909383,1.295501,1.2614086
2023-04-14,CRM,1.884548,1.9047931,1.8401543
2023-04-14,CSCO,5.8692098,5.8520684,5.8382203
2023-04-14,IBM,3.4164412,3.4850163,3.386243
2023-04-14,INTC,10.657385,10.677268,10.465346
2023-04-14,MSFT,96.304598,96.774606,95.511899
2023-04-14,NKE,2.4028781,2.4498087,2.4092309
2023-04-14,VZ,0.94608891,0.94644789,0.93795734
2023-04-14,WMT,2.1551985,2.1790045,2.1621428
2023-04-17,AAPL,9.2327186,9.2955346,9.1370263
2023-04-17,AMGN,1.3058508,1.32882,1.2809022
2023-04-17,CRM,1.9520516,1.9537094,1.961804
2023-04-17,CSCO,5.7571206,5.8271269,5.6105663
2023-04-17,IBM,3.3990883,3.4259783,3.407604
2023-04-17,INTC,10.607312,10.67172,10.393787
2023-04-17,MSFT,97.308113,97.343087,96.948025
2023-04-17,NKE,2.4546495,2.4797344,2.44085
2023-04-17,VZ,0.96146427,0.96979005,0.96840515
2023-04-17,WMT,2.1230704,2.1489133,2.1358795
2023-04-18,AAPL,9.2448544,9.2476294,9.0756576
2023-04-18,AMGN,1.3201613,1.3374377,1.3089408
2023-04-18,CRM,1.9049659,1.8673261,1.8853716
2023-04-18,CSCO,5.7691441,5.8243466,5.7159942
2023-04-18,IBM,3.4160306,3.4561624,3.3975162
2023-04-18,INTC,10.450078,10.699967,10.28871
2023-04-18,MSFT,99.077428,97.729421,97.455584
2023-04-18,NKE,2.4534105,2.4890874,2.3969055
2023-04-18,VZ,0.94871669,0.95848885,0.96842986
2023-04-18,WMT,2.0847431,2.1074181,2.0672188
2023-04-19,AAPL,9.2711307,9.3539448,9.0560009
2023-04-19,AMGN,1.3076554,1.3139461,1.3109755
2023-04-19,CRM,1.9069133,1.9388283,1.9106993
2023-04-19,CSCO,5.8508561,5.9942475,5.7189884
2023-04-19,IBM,3.4519529,3.4540446,3.4269271
2023-04-19,INTC,10.381213,10.503874,10.354621
2023-04-19,MSFT,96.973869,98.034458,96.146576
2023-04-19,NKE,2.42274,2.4444578,2.3992117
2023-04-19,VZ,0.93943923,0.94393697,0.91539282
2023-04-19,WMT,2.0369978,2.0781527,2.0568622
2023-04-20,AAPL,9.3497007,9.2599532,9.1798049
2023-04-20,AMGN,1.3036001,1.3256959,1.2998996
2023-04-20,CRM,1.9980327,2.0311887,1.9194305
2023-04-20,CSCO,5.9012201,5.9223343,5.8570964
2023-04-20,IBM,3.5066099,3.5352334,3.4656439
2023-04-20,INTC,10.667135,10.739631,10.857906
2023-04-20,MSFT,95.62471,96.298924,95.370783
2023-04-20,NKE,2.3795559,2.4023053,2.3650013
2023-04-20,VZ,0.95741222,0.96437704,0.95071065
2023-04-20,WMT,2.0386419,2.0618952,2.058298
2023-04-21,AAPL,9.4984132,9.4405499,9.0694593
2023-04-21,AMGN,1.2835756,1.2984869,1.2597484
2023-04-21,CRM,1.9786929,1.9790653,1.902384
2023-04-21,CSCO,5.9808566,5.990712,5.8577702
2023-04-21,IBM,3.5750464,3.5882937,3.5331277
2023-04-21,INTC,10.694524,10.963291,10.602488
2023-04-21,MSFT,92.589952,95.545253,90.581884
2023-04-21,NKE,2.3008702,2.3530118,2.2668408
2023-04-21,VZ,0.95110578,0.95742448,0.94424897
2023-04-21,WMT,2.0173217,2.0518205,2.0344564
2023-04-24,AAPL,9.4634115,9.5368965,9.3444511
2023-04-24,AMGN,1.2988719,1.3175934,1.2778924
2023-04-24,CRM,1.915342,1.9345601,1.9498426
2023-04-24,CSCO,6.049559,6.0455652,5.946773
2023-04-24,IBM,3.517343,3.5276079,3.4842234
2023-04-24,INTC,10.591546,10.754945,10.435259
2023-04-24,MSFT,93.212086,92.42028,91.354058
2023-04-24,NKE,2.2618182,2.2555592,2.2503025
2023-04-24,VZ,0.9422249,0.93609072,0.93895195
2023-04-24,WMT,1.9980349,2.0028741,1.9845405
2023-04-25,AAPL,9.1550278,9.2354886,8.9844819
2023-04-25,AMGN,1.286896,1.2781414,1.2868474
2023-04-25,CRM,1.9131823,1.9605434,1.8575556
2023-04-25,CSCO,6.1650463,6.1074193,6.1732195
2023-04-25,IBM,3.537373,3.5940697,3.5474855
2023-04-25,INTC,10.696839,10.548194,10.613689
2023-04-25,MSFT,90.628769,92.429156,89.68333
2023-04-25,NKE,2.3132714,2.3635731,2.2691772
2023-04-25,VZ,0.92488997,0.93514693,0.92881353
2023-04-25,WMT,2.0046187,2.0096736,2.0142324
2023-04-26,AAPL,9.0456476,9.1972105,9.0522168
2023-04-26,AMGN,1.265437,1.2632749,1.2672605
2023-04-26,CRM,1.9489936,1.9371205,1.8864286
2023-04-26,CSCO,6.0776787,6.1033998,5.9618192
2023-04-26,IBM,3.567389,3.5984011,3.5013811
2023-04-26,INTC,10.60185,10.745075,10.356556
2023-04-26,MSFT,87.9448,88.821564,87.120189
2023-04-26,NKE,2.2878129,2.3077139,2.25063
2023-04-26,VZ,0.91522691,0.91477675,0.90545233
2023-04-26,WMT,1.9789834,2.0232506,1.9787187
2023-04-27,AAPL,9.1561502,9.4049124,9.1241196
2023-04-27,AMGN,1.231638,1.2486068,1.2103282
2023-04-27,CRM,1.9485697,1.9950939,1.9203499
2023-04-27,CSCO,6.0353214,6.0283937,5.9307315
2023-04-27,IBM,3.6045181,3.6692499,3.5529875
2023-04-27,INTC,10.697391,10.642653,10.739897
2023-04-27,MSFT,87.329569,87.726917,84.728543
2023-04-27,NKE,2.2900637,2.3089491,2.2675625
2023-04-27,VZ,0.93441579,0.94208417,0.91930119
2023-04-27,WMT,1.9305606,1.9715901,1.9172222
2023-04-28,AAPL,9.3689468,9.3995724,9.5448922
2023-04-28,AMGN,1.2074123,1.2217226,1.1887266
2023-04-28,CRM,1.9669003,1.9742311,1.8902801
2023-04-28,CSCO,6.0486318,6.1915416,5.976405
2023-04-28,IBM,3.5689944,3.6329164,3.5370977
2023-04-28,INTC,10.995939,10.849817,10.826412
2023-04-28,MSFT,85.887737,87.133552,85.045406
2023-04-28,NKE,2.2704011,2.2984389,2.2079381
2023-04-28,VZ,0.94107528,0.93991277,0.92963377
2023-04-28,WMT,1.9196859,1.9300688,1.9330346
2023-05-01,AAPL,9.2323153,9.3159218,9.1417708
2023-05-01,AMGN,1.1992485,1.2352489,1.2125082
2023-05-01,CRM,1.9387475,1.9639755,1.8902235
2023-05-01,CSCO,6.0781741,6.0843076,5.9863038
2023-05-01,IBM,3.5558618,3.6119736,3.5021532
2023-05-01,INTC,10.859417,10.918718,10.739535
2023-05-01,MSFT,89.760869,90.535092,88.541535
2023-05-01,NKE,2.2880665,2.3243773,2.2733266
2023-05-01,VZ,0.93532517,0.93290022,0.93056158
2023-05-01,WMT,1.901577,1.9079933,1.8804745
2023-05-02,AAPL,9.0775233,9.1837296,8.8756529
2023-05-02,AMGN,1.1564113,1.1833656,1.1349544
2023-05-02,CRM,1.9261226,1.9262539,1.8878256
2023-05-02,CSCO,6.0738287,6.1036917,6.1318532
2023-05-02,IBM,3.6115427,3.6437222,3.5656922
2023-05-02,INTC,10.918318,11.093777,10.817791
2023-05-02,MSFT,88.585958,88.904329,86.845705
2023-05-02,NKE,2.2393214,2.2081864,2.1879584
2023-05-02,VZ,0.92957459,0.929465,0.9452992
2023-05-02,WMT,1.8462831,1.8532812,1.8206645
2023-05-03,AAPL,8.990926,9.1428442,8.8609298
2023-05-03,AMGN,1.1410884,1.1468781,1.1588335
2023-05-03,CRM,1.9651277,1.982757,1.9022862
2023-05-03,CSCO,6.085847,6.3286465,6.0605194
2023-05-03,IBM,3.6349971,3.6600667,3.6261529
2023-05-03,INTC,10.923308,11.158256,10.508172
2023-05-03,MSFT,89.088995,89.963062,87.723217
2023-05-03,NKE,2.2569848,2.2732587,2.2284499
2023-05-03,VZ,0.92697403,0.93801425,0.91602022
2023-05-03,WMT,1.8296248,1.8428784,1.8295639
2023-05-04,AAPL,8.9828438,9.1664669,8.6341649
2023-05-04,AMGN,1.1348107,1.1364698,1.1084259
2023-05-04,CRM,1.9646861,2.0015461,1.9248476
2023-05-04,CSCO,6.0860479,6.0711299,6.0574344
2023-05-04,IBM,3.6247212,3.5823412,3.6366839
2023-05-04,INTC,10.458583,10.570818,10.374507
2023-05-04,MSFT,89.600384,90.557623,89.15179
2023-05-04,NKE,2.2760886,2.2863295,2.248233
2023-05-04,VZ,0.9247777,0.92536607,0.90205907
2023-05-04,WMT,1.8232915,1.8146056,1.8111499
2023-05-05,AAPL,8.8100008,8.9399652,8.6774608
2023-05-05,AMGN,1.1219423,1.1268047,1.1178199
2023-05-05,CRM,1.8924951,1.9348132,1.8317444
2023-05-05,CSCO,5.967669,6.0343857,5.9890104
2023-05-05,IBM,3.5426212,3.5180269,3.5017516
2023-05-05,INTC,10.790088,10.862521,10.772291
2023-05-05,MSFT,90.130806,91.458753,89.157011
2023-05-05,NKE,2.2971656,2.3035771,2.2628596
2023-05-05,VZ,0.93576196,0.94343381,0.94084391
2023-05-05,WMT,1.7889506,1.8029394,1.7750944
2023-05-08,AAPL,9.0419498,9.2437535,9.0607147
2023-05-08,AMGN,1.0836038,1.0963042,1.0730143
2023-05-08,CRM,1.8756913,1.877498,1.8437585
2023-05-08,CSCO,6.0657621,6.1392062,5.9806361
2023-05-08,IBM,3.4583349,3.4828524,3.4608254
2023-05-08,INTC,11.046823,11.378593,10.834272
2023-05-08,MSFT,91.779353,92.374256,90.495503
2023-05-08,NKE,2.3000028,2.3071005,2.2312789
2023-05-08,VZ,0.91549166,0.91566355,0.91468352
2023-05-08,WMT,1.7882713,1.786405,1.8069982
2023-05-09,AAPL,9.1373484,9.3675007,8.9242211
2023-05-09,AMGN,1.1036295,1.1012789,1.0783113
2023-05-09,CRM,1.9563493,1.9168535,1.9082839
2023-05-09,CSCO,6.09618,6.2927145,6.0540298
2023-05-09,IBM,3.3272725,3.3882217,3.3440945
2023-05-09,INTC,11.243371,11.598256,10.936844
2023-05-09,MSFT,92.282763,92.177093,92.388196
2023-05-09,NKE,2.2605426,2.2472317,2.2151471
2023-05-09,VZ,0.90221373,0.91299552,0.89848775
2023-05-09,WMT,1.7639727,1.784938,1.7509166
2023-05-10,AAPL,9.0440419,9.163359,8.9490082
2023-05-10,AMGN,1.0523001,1.0765381,1.0305684
2023-05-10,CRM,1.9817485,2.0468551,2.0119779
2023-05-10,CSCO,6.0819476,6.0643647,6.0479244
2023-05-10,IBM,3.3153051,3.320916,3.2897717
2023-05-10,INTC,11.469427,11.569066,11.115314
2023-05-10,MSFT,93.208452,92.952137,93.319654
2023-05-10,NKE,2.2064223,2.1985317,2.2211878
2023-05-10,VZ,0.90967629,0.92134171,0.89529988
2023-05-10,WMT,1.7357303,1.7689203,1.7260051
2023-05-11,AAPL,8.6206471,8.6822965,8.5308537
2023-05-11,AMGN,1.0609307,1.0714268,1.0299395
2023-05-11,CRM,2.0692244,2.03172,1.9879679
2023-05-11,CSCO,5.9807314,6.1384201,5.7897009
2023-05-11,IBM,3.2914499,3.3555862,3.2679253
2023-05-11,INTC,11.223502,11.288505,11.017462
2023-05-11,MSFT,90.469679,91.056838,90.52631
2023-05-11,NKE,2.2028917,2.2251869,2.1694168
2023-05-11,VZ,0.93494885,0.94135726,0.93766577
2023-05-11,WMT,1.7367829,1.7393618,1.7257871
2023-05-12,AAPL,8.6370167,8.6984846,8.4279055
2023-05-12,AMGN,1.0407086,1.0412879,1.0126935
2023-05-12,CRM,2.0021011,2.0108319,1.987816
2023-05-12,CSCO,6.185724,6.275999,6.1813435
2023-05-12,IBM,3.222004,3.229513,3.1777884
2023-05-12,INTC,11.121141,11.148933,11.141897
2023-05-12,MSFT,91.416969,91.303278,90.610824
2023-05-12,NKE,2.2033786,2.2251038,2.1603809
2023-05-12,VZ,0.92345473,0.93374839,0.92065082
2023-05-12,WMT,1.718724,1.7405816,1.7100674
2023-05-15,AAPL,8.5674869,8.7581528,8.4520528
2023-05-15,AMGN,1.0635854,1.0567956,1.046368
2023-05-15,CRM,2.0368634,2.069975,1.9787084
2023-05-15,CSCO,6.0385327,6.1422183,6.0269359
2023-05-15,IBM,3.2652216,3.3178689,3.2691358
2023-05-15,INTC,11.143133,11.165915,10.911966
2023-05-15,MSFT,91.682024,91.312535,91.621825
2023-05-15,NKE,2.1409997,2.1436709,2.1368878
2023-05-15,VZ,0.93578307,0.9441861,0.93401416
2023-05-15,WMT,1.7155673,1.7311783,1.7219544
2023-05-16,AAPL,8.7230344,8.9707473,8.6230809
2023-05-16,AMGN,1.0628781,1.0644389,1.0597279
2023-05-16,CRM,2.0296298,2.0841355,1.9762841
2023-05-16,CSCO,5.8794629,5.9711992,5.9371452
2023-05-16,IBM,3.2685456,3.2815717,3.2593462
2023-05-16,INTC,11.236832,11.486342,11.187468
2023-05-16,MSFT,91.944662,91.570087,89.743083
2023-05-16,NKE,2.0780513,2.0636586,2.1210634
2023-05-16,VZ,0.92938113,0.92979117,0.91548752
2023-05-16,WMT,1.7076287,1.7086818,1.7124518
2023-05-17,AAPL,8.5993174,8.7317227,8.5757976
2023-05-17,AMGN,1.0357199,1.0451606,1.0494198
2023-05-17,CRM,2.1985132,2.2067098,2.1604012
2023-05-17,CSCO,5.7671563,5.8462186,5.6702822
2023-05-17,IBM,3.206134,3.2222587,3.1376013
2023-05-17,INTC,11.086231,11.353299,10.760457
2023-05-17,MSFT,93.453374,95.229572,91.244684
2023-05-17,NKE,2.0458164,2.0585855,1.9735681
2023-05-17,VZ,0.92208652,0.93768226,0.91875552
2023-05-17,WMT,1.6685063,1.6894084,1.6744105
2023-05-18,AAPL,8.6520775,8.9107175,8.5912847
2023-05-18,AMGN,1.015085,1.0236192,1.0116625
2023-05-18,CRM,2.1568537,2.1750821,2.1084722
2023-05-18,CSCO,5.9124585,5.8887649,5.7968709
2023-05-18,IBM,3.1817489,3.231474,3.1374411
2023-05-18,INTC,11.013074,11.063326,10.943417
2023-05-18,MSFT,93.541408,94.431326,92.962231
2023-05-18,NKE,2.0382886,2.0512197,2.017091
2023-05-18,VZ,0.91292102,0.91829868,0.92576172
2023-05-18,WMT,1.6863929,1.6948222,1.6794224
2023-05-19,AAPL,8.8369194,9.0260356,8.652451
2023-05-19,AMGN,1.008446,1.0280476,0.99124134
2023-05-19,CRM,2.0023178,1.9576921,1.9894283
2023-05-19,CSCO,5.6795536,5.6316364,5.7172108
2023-05-19,IBM,3.1481827,3.1802023,3.1138029
2023-05-19,INTC,10.966963,11.085084,10.752192
2023-05-19,MSFT,93.069559,93.016098,92.055226
2023-05-19,NKE,2.0512863,2.0478858,2.0127338
2023-05-19,VZ,0.88190037,0.87602477,0.88240941
2023-05-19,WMT,1.6857326,1.6801498,1.6779903
2023-05-22,AAPL,8.5842734,8.741754,8.4574788
2023-05-22,AMGN,0.99766114,0.99428536,0.96405508
2023-05-22,CRM,1.9134795,1.8889075,1.8655968
2023-05-22,CSCO,5.6806348,5.6534215,5.6858336
2023-05-22,IBM,3.1840385,3.1785025,3.2072008
2023-05-22,INTC,11.032515,11.109879,10.969669
2023-05-22,MSFT,92.539741,94.988624,89.896687
2023-05-22,NKE,2.0423524,2.0562865,2.050434
2023-05-22,VZ,0.89444142,0.89098995,0.89178682
2023-05-22,WMT,1.6707099,1.6735876,1.6567201
2023-05-23,AAPL,8.4492887,8.56727,8.1283735
2023-05-23,AMGN,0.98668098,0.99818331,0.96071703
2023-05-23,CRM,1.8816782,1.8824555,1.9046973
2023-05-23,CSCO,5.776022,5.832624,5.8571022
2023-05-23,IBM,3.1525884,3.1729923,3.1477268
2023-05-23,INTC,11.222981,11.456144,11.213721
2023-05-23,MSFT,94.205064,95.530442,93.279359
2023-05-23,NKE,2.0053219,2.0523807,1.9713452
2023-05-23,VZ,0.89568429,0.91415511,0.89662785
2023-05-23,WMT,1.6771334,1.6989715,1.6487952
2023-05-24,AAPL,8.4664753,8.5378134,8.4537523
2023-05-24,AMGN,0.97672336,0.97606388,0.95901758
2023-05-24,CRM,1.9105293,1.9633368,1.8546652
2023-05-24,CSCO,5.7562815,5.7948166,5.8071374
2023-05-24,IBM,3.1678508,3.2180354,3.1700921
2023-05-24,INTC,10.696173,10.751265,10.596371
2023-05-24,MSFT,90.803631,90.091786,89.366411
2023-05-24,NKE,1.9881193,2.0358381,1.9284921
2023-05-24,VZ,0.89524851,0.89220176,0.8967218
2023-05-24,WMT,1.6428383,1.668358,1.6490556
2023-05-25,AAPL,8.4316441,8.4563904,8.42222
2023-05-25,AMGN,0.98552764,0.99566792,1.0011928
2023-05-25,CRM,1.7942893,1.8141307,1.7729705
2023-05-25,CSCO,5.7757882,5.7679806,5.7946807
2023-05-25,IBM,3.1066102,3.1427795,3.0820439
2023-05-25,INTC,10.267353,10.409294,10.264192
2023-05-25,MSFT,94.09654,95.275578,90.928662
2023-05-25,NKE,1.9734592,2.0021657,1.991244
2023-05-25,VZ,0.89942489,0.90534718,0.9002195
2023-05-25,WMT,1.6266448,1.6326972,1.6318176
2023-05-26,AAPL,8.4159263,8.763028,8.2414951
2023-05-26,AMGN,0.98941358,1.0049278,0.99093746
2023-05-26,CRM,1.8455965,1.8404978,1.7759841
2023-05-26,CSCO,5.874597,5.9284569,5.8046378
2023-05-26,IBM,3.0633727,3.0907797,3.0593024
2023-05-26,INTC,10.145792,10.448844,10.118776
2023-05-26,MSFT,93.607053,93.455527,93.196458
2023-05-26,NKE,2.010928,2.0183671,1.9690179
2023-05-26,VZ,0.88909021,0.90335109,0.90200281
2023-05-26,WMT,1.5862918,1.5800887,1.5706043
2023-05-30,AAPL,8.4751439,8.4805491,8.3831582
2023-05-30,AMGN,0.99041662,1.0049978,0.97386979
2023-05-30,CRM,1.7887205,1.7466064,1.7849641
2023-05-30,CSCO,5.7360392,5.8740559,5.562044
2023-05-30,IBM,3.0393285,3.0294885,3.0030867
2023-05-30,INTC,10.153979,10.243065,9.9803937
2023-05-30,MSFT,93.150459,93.697295,91.618201
2023-05-30,NKE,1.9842245,2.0544087,1.9522674
2023-05-30,VZ,0.88232564,0.88311829,0.87295029
2023-05-30,WMT,1.5627634,1.5930097,1.5628236
2023-05-31,AAPL,8.4172256,8.6007857,8.167336
2023-05-31,AMGN,0.96573106,0.96439176,0.95261405
2023-05-31,CRM,1.7352819,1.7382658,1.7326537
2023-05-31,CSCO,6.0441402,6.0014351,5.9126406
2023-05-31,IBM,3.0100445,3.034501,2.998098
2023-05-31,INTC,10.009978,10.135604,9.9288853
2023-05-31,MSFT,92.536614,93.970883,91.168152
2023-05-31,NKE,1.9508597,1.9906455,1.9568045
2023-05-31,VZ,0.88113627,0.89697499,0.86250923
2023-05-31,WMT,1.5524149,1.574761,1.5429903
2023-06-01,AAPL,8.229406,8.3942589,8.0302027
2023-06-01,AMGN,0.94630492,0.97700469,0.93437008
2023-06-01,CRM,1.7345109,1.7285877,1.6751449
2023-06-01,CSCO,6.1773078,6.2135707,6.1805973
2023-06-01,IBM,2.982548,3.0120126,3.011528
2023-06-01,INTC,9.9371145,10.059226,9.8255131
2023-06-01,MSFT,93.042281,92.482371,92.139532
2023-06-01,NKE,1.9479049,1.9783766,1.949042
2023-06-01,VZ,0.86707577,0.88471082,0.8604497
2023-06-01,WMT,1.5451016,1.5472831,1.5265911
2023-06-02,AAPL,7.9628717,8.0262321,7.8845796
2023-06-02,AMGN,0.94964225,0.96697106,0.9375863
2023-06-02,CRM,1.6932625,1.7245864,1.6628062
2023-06-02,CSCO,6.1060711,6.2277971,5.9820758
2023-06-02,IBM,2.9324954,2.9648277,2.8850146
2023-06-02,INTC,9.759287,9.9166808,9.6544946
2023-06-02,MSFT,94.516651,94.823334,93.822987
2023-06-02,NKE,1.9442068,1.9665057,1.9270392
2023-06-02,VZ,0.83419707,0.85623337,0.82960703
2023-06-02,WMT,1.5468666,1.5626062,1.5217767
2023-06-05,AAPL,8.216998,8.396605,8.176849
2023-06-05,AMGN,0.935051,0.95458377,0.9297069
2023-06-05,CRM,1.6839507,1.6467667,1.6401035
2023-06-05,CSCO,6.1855196,6.2571441,6.1885656
2023-06-05,IBM,2.9559505,3.0241565,2.929364
2023-06-05,INTC,9.567153,9.7376671,9.5918687
2023-06-05,MSFT,91.44374,90.957122,90.667865
2023-06-05,NKE,1.9043364,1.901026,1.8865361
2023-06-05,VZ,0.83709749,0.84898405,0.8336025
2023-06-05,WMT,1.5535205,1.5574879,1.5616859
2023-06-06,AAPL,8.5226316,8.5561415,8.3755085
2023-06-06,AMGN,0.92771734,0.94191123,0.90669901
2023-06-06,CRM,1.6876756,1.68785,1.7006964
2023-06-06,CSCO,6.1669084,6.2122865,6.170593
2023-06-06,IBM,2.8591043,2.8542023,2.8539296
2023-06-06,INTC,9.3126054,9.3759205,9.2941014
2023-06-06,MSFT,88.587122,90.727273,86.929217
2023-06-06,NKE,1.9078921,1.938973,1.9241178
2023-06-06,VZ,0.81278473,0.81472983,0.81416408
2023-06-06,WMT,1.5555245,1.5637813,1.5288272
2023-06-07,AAPL,8.5474001,8.6384568,8.5471928
2023-06-07,AMGN,0.9019489,0.90877334,0.90921654
2023-06-07,CRM,1.7001282,1.7748842,1.6467709
2023-06-07,CSCO,6.1026741,6.1595723,6.0255862
2023-06-07,IBM,2.9306395,2.9123018,2.8522666
2023-06-07,INTC,9.4351701,9.6047918,9.4673248
2023-06-07,MSFT,88.463324,88.814684,87.709426
2023-06-07,NKE,1.88792,1.9121853,1.8450407
2023-06-07,VZ,0.80963449,0.81377232,0.80867328
2023-06-07,WMT,1.5626617,1.5904996,1.5699912
2023-06-08,AAPL,8.8782965,9.1113921,8.8343062
2023-06-08,AMGN,0.87566155,0.88984513,0.87142427
2023-06-08,CRM,1.6702874,1.6890437,1.6800402
2023-06-08,CSCO,5.9901225,6.0554735,6.0563861
2023-06-08,IBM,2.9380233,2.9321802,2.9491917
2023-06-08,INTC,9.4224409,9.4562157,9.331502
2023-06-08,MSFT,86.651582,87.639512,85.813567
2023-06-08,NKE,1.8914623,1.9011435,1.879013
2023-06-08,VZ,0.80494608,0.80618604,0.79493291
2023-06-08,WMT,1.5343734,1.5434225,1.5354796
2023-06-09,AAPL,8.7327022,8.6572955,8.73559
2023-06-09,AMGN,0.86168616,0.87676807,0.86165463
2023-06-09,CRM,1.598882,1.6391902,1.5990617
2023-06-09,CSCO,6.0938395,6.2380412,5.9951316
2023-06-09,IBM,2.9396067,2.9431782,2.9269362
2023-06-09,INTC,9.4650372,9.4018868,9.5056963
2023-06-09,MSFT,87.16322,88.096157,86.879628
2023-06-09,NKE,1.9213249,1.9416286,1.9027973
2023-06-09,VZ,0.79232971,0.80001281,0.78890824
2023-06-09,WMT,1.5271534,1.5297629,1.5119404
2023-06-12,AAPL,8.79471,8.7421521,8.7480483
2023-06-12,AMGN,0.86311235,0.87523548,0.84960595
2023-06-12,CRM,1.5666055,1.5432948,1.5687114
2023-06-12,CSCO,6.1150919,6.2128716,6.0771866
2023-06-12,IBM,2.8651265,2.8611956,2.840505
2023-06-12,INTC,9.5798201,9.5146968,9.3680881
2023-06-12,MSFT,89.263839,90.566328,86.761568
2023-06-12,NKE,1.9766395,1.991621,1.9758094
2023-06-12,VZ,0.78843385,0.79798291,0.7791794
2023-06-12,WMT,1.5247027,1.5496723,1.5136369
2023-06-13,AAPL,9.0601377,9.0685146,8.9763759
2023-06-13,AMGN,0.86764313,0.87368733,0.86282334
2023-06-13,CRM,1.6081451,1.686673,1.6139923
2023-06-13,CSCO,5.9626591,5.9853317,5.8349233
2023-06-13,IBM,2.8208844,2.8227914,2.8010292
2023-06-13,INTC,9.6656273,9.7730246,9.6581694
2023-06-13,MSFT,89.424359,89.85387,86.476362
2023-06-13,NKE,1.9901021,1.9635787,1.9940272
2023-06-13,VZ,0.78084108,0.78852801,0.77916004
2023-06-13,WMT,1.5527426,1.5937712,1.5423217
2023-06-14,AAPL,9.0205074,9.0417849,9.0932899
2023-06-14,AMGN,0.84831119,0.85917633,0.85556267
2023-06-14,CRM,1.6297052,1.6200104,1.601596
2023-06-14,CSCO,5.969654,5.953266,5.9049198
2023-06-14,IBM,2.9177279,2.9328501,2.8967201
2023-06-14,INTC,9.3161392,9.4803703,9.1801554
2023-06-14,MSFT,88.568481,88.724974,87.716018
2023-06-14,NKE,2.0037574,2.0216473,1.982074
2023-06-14,VZ,0.78617049,0.79955522,0.78928589
2023-06-14,WMT,1.5665436,1.5981342,1.5189285
2023-06-15,AAPL,8.6688208,8.8414757,8.5859258
2023-06-15,AMGN,0.85416963,0.86434245,0.85137255
2023-06-15,CRM,1.6726547,1.7435605,1.6381854
2023-06-15,CSCO,5.7909753,5.7919611,5.7489099
2023-06-15,IBM,2.9741529,2.9913399,2.9755863
2023-06-15,INTC,9.5459843,9.7022833,9.3376071
2023-06-15,MSFT,89.994888,89.223915,89.220836
2023-06-15,NKE,2.0193304,2.0420135,1.9992355
2023-06-15,VZ,0.79503195,0.80053792,0.78500057
2023-06-15,WMT,1.5150663,1.5301524,1.4974093
2023-06-16,AAPL,8.3961796,8.5317128,8.3756491
2023-06-16,AMGN,0.8427907,0.84747806,0.83181804
2023-06-16,CRM,1.7290377,1.769709,1.7074707
2023-06-16,CSCO,5.6489778,5.7463475,5.6224915
2023-06-16,IBM,2.966543,2.972632,2.9455234
2023-06-16,INTC,9.4333238,9.5319482,9.3021963
2023-06-16,MSFT,92.982679,92.528545,92.692844
2023-06-16,NKE,2.0222008,2.0663162,2.0221182
2023-06-16,VZ,0.80553218,0.80749631,0.79347211
2023-06-16,WMT,1.5260399,1.517275,1.5001531
2023-06-20,AAPL,8.7049823,8.9780373,8.6462165
2023-06-20,AMGN,0.85441644,0.86783361,0.84049534
2023-06-20,CRM,1.7742859,1.8440616,1.7526606
2023-06-20,CSCO,5.5669896,5.5568629,5.5301296
2023-06-20,IBM,2.9373082,2.9653115,2.9020717
2023-06-20,INTC,9.6751768,9.9500355,9.6270201
2023-06-20,MSFT,94.015702,95.093139,92.689788
2023-06-20,NKE,2.0098193,2.004074,1.984667
2023-06-20,VZ,0.80327206,0.81457403,0.80006811
2023-06-20,WMT,1.5275431,1.536517,1.5349688
2023-06-21,AAPL,8.7739524,8.8458669,8.5624159
2023-06-21,AMGN,0.86040311,0.87974478,0.84259756
2023-06-21,CRM,1.7495768,1.7236017,1.7214819
2023-06-21,CSCO,5.5922054,5.5848913,5.5372514
2023-06-21,IBM,2.968216,3.0078279,2.946445
2023-06-21,INTC,9.3374786,9.3966763,9.2185034
2023-06-21,MSFT,92.406125,93.338954,91.702274
2023-06-21,NKE,2.0111332,2.0160942,1.9973646
2023-06-21,VZ,0.80727841,0.80852369,0.79434957
2023-06-21,WMT,1.5182138,1.5326903,1.506846
2023-06-22,AAPL,8.7556824,8.8471031,8.6398685
2023-06-22,AMGN,0.87218155,0.89152868,0.8487848
2023-06-22,CRM,1.724695,1.6991551,1.7131454
2023-06-22,CSCO,5.5225475,5.4635656,5.4006607
2023-06-22,IBM,2.9864394,3.0273804,2.9671828
2023-06-22,INTC,9.3495589,9.3230738,9.2003173
2023-06-22,MSFT,94.899195,95.410412,93.857642
2023-06-22,NKE,2.0165891,2.0232212,2.0321976
2023-06-22,VZ,0.80703067,0.80882943,0.79965787
2023-06-22,WMT,1.5031925,1.5316308,1.4826888
2023-06-23,AAPL,8.5342667,8.8051073,8.5267428
2023-06-23,AMGN,0.84235394,0.84487912,0.8220377
2023-06-23,CRM,1.6992884,1.7081742,1.6946031
2023-06-23,CSCO,5.5396068,5.6013094,5.5357895
2023-06-23,IBM,2.9907087,2.9909255,3.0097583
2023-06-23,INTC,9.3418321,9.4968666,9.3181028
2023-06-23,MSFT,92.718797,92.678105,91.827178
2023-06-23,NKE,2.058465,2.1110311,2.058917
2023-06-23,VZ,0.80036051,0.80627786,0.79090639
2023-06-23,WMT,1.5159093,1.5263075,1.5207863
2023-06-26,AAPL,8.729674,8.8026741,8.5121005
2023-06-26,AMGN,0.82507609,0.8406561,0.81836103
2023-06-26,CRM,1.6894654,1.7114307,1.6809405
2023-06-26,CSCO,5.6052725,5.6031269,5.525175
2023-06-26,IBM,2.9480198,3.0013914,2.9355126
2023-06-26,INTC,9.0095007,9.0708894,8.8602125
2023-06-26,MSFT,95.233093,96.360311,94.626747
2023-06-26,NKE,1.9907266,2.0135905,1.9787733
2023-06-26,VZ,0.78232597,0.78516389,0.76666077
2023-06-26,WMT,1.5166987,1.5472378,1.5277315
2023-06-27,AAPL,8.5858086,8.8145299,8.4415257
2023-06-27,AMGN,0.81875605,0.83553807,0.79039238
2023-06-27,CRM,1.7443056,1.7712855,1.686624
2023-06-27,CSCO,5.6009237,5.6019305,5.4776335
2023-06-27,IBM,2.9109595,2.9082928,2.9381949
2023-06-27,INTC,8.8071981,8.6488895,8.8488739
2023-06-27,MSFT,95.579048,96.554356,92.875832
2023-06-27,NKE,1.9742159,1.9841851,1.9270635
2023-06-27,VZ,0.77081059,0.77037242,0.7586016
2023-06-27,WMT,1.5421607,1.5573755,1.5366857
2023-06-28,AAPL,8.7248749,8.6698179,8.5642065
2023-06-28,AMGN,0.81903514,0.83006105,0.81091886
2023-06-28,CRM,1.6798163,1.6939908,1.659854
2023-06-28,CSCO,5.6218917,5.5738966,5.5489628
2023-06-28,IBM,2.8799489,2.9287356,2.8186542
2023-06-28,INTC,8.9486503,9.161815,8.9839452
2023-06-28,MSFT,97.447949,98.767815,96.237646
2023-06-28,NKE,1.9695075,1.9920615,1.9993502
2023-06-28,VZ,0.77123803,0.77308296,0.7627279
2023-06-28,WMT,1.5289395,1.5279762,1.5203332
2023-06-29,AAPL,8.9444686,8.8187273,8.9667108
2023-06-29,AMGN,0.82075661,0.83642089,0.81606255
2023-06-29,CRM,1.6025862,1.5840895,1.5469958
2023-06-29,CSCO,5.5812578,5.6549546,5.3981342
2023-06-29,IBM,2.8526734,2.8716738,2.8385826
2023-06-29,INTC,8.8599702,8.9012229,8.8855754
2023-06-29,MSFT,95.292811,97.62025,94.201306
2023-06-29,NKE,1.9413174,1.9286541,1.9846206
2023-06-29,VZ,0.77299748,0.77892595,0.77498467
2023-06-29,WMT,1.4793926,1.483811,1.4698967
2023-06-30,AAPL,8.9924369,8.8327662,8.7941459
2023-06-30,AMGN,0.8067195,0.8244696,0.81378327
2023-06-30,CRM,1.6379164,1.7003833,1.5706651
2023-06-30,CSCO,5.5757396,5.6279536,5.525433
2023-06-30,IBM,2.8403374,2.8805282,2.804234
2023-06-30,INTC,8.8239638,8.9141957,8.7287086
2023-06-30,MSFT,94.803395,97.209416,93.881208
2023-06-30,NKE,1.9818681,2.0361553,1.9610365
2023-06-30,VZ,0.77229656,0.7719283,0.76936678
2023-06-30,WMT,1.4730714,1.4816949,1.4722304
2023-07-03,AAPL,8.9087066,8.891482,8.6836469
2023-07-03,AMGN,0.79035187,0.80480113,0.79121349
2023-07-03,CRM,1.6977171,1.697022,1.6405218
2023-07-03,CSCO,5.5379938,5.6223688,5.4638008
2023-07-03,IBM,2.8261062,2.8917818,2.7738023
2023-07-03,INTC,8.7568954,8.8233754,8.5584703
2023-07-03,MSFT,96.940674,99.998394,95.998957
2023-07-03,NKE,1.9804859,1.969942,1.9426931
2023-07-03,VZ,0.74668495,0.75147432,0.74346891
2023-07-03,WMT,1.4913409,1.5024806,1.4950432
2023-07-05,AAPL,8.787645,8.8107659,8.4838018
2023-07-05,AMGN,0.77225652,0.78748392,0.7730417
2023-07-05,CRM,1.7706475,1.7941553,1.7861896
2023-07-05,CSCO,5.6009049,5.6371639,5.5129728
2023-07-05,IBM,2.8080009,2.805262,2.8208134
2023-07-05,INTC,8.5952036,8.5807686,8.3849601
2023-07-05,MSFT,99.513444,101.53747,99.53698
2023-07-05,NKE,1.9846881,2.0147333,2.0535467
2023-07-05,VZ,0.74215382,0.73972071,0.74118903
2023-07-05,WMT,1.5226851,1.5217821,1.5301254
2023-07-06,AAPL,8.7585332,8.8132544,8.5889251
2023-07-06,AMGN,0.77577277,0.77507834,0.76485124
2023-07-06,CRM,1.8170116,1.8492898,1.7753411
2023-07-06,CSCO,5.6121269,5.6389458,5.5741682
2023-07-06,IBM,2.7606507,2.8126942,2.7358223
2023-07-06,INTC,8.5073558,8.5625878,8.5350088
2023-07-06,MSFT,100.13028,100.39932,101.44491
2023-07-06,NKE,1.9752569,1.9718361,1.9583894
2023-07-06,VZ,0.73719486,0.74412617,0.74225361
2023-07-06,WMT,1.507493,1.5301216,1.4992999
2023-07-07,AAPL,8.7944652,8.8411108,8.6256683
2023-07-07,AMGN,0.77268832,0.77044254,0.77093792
2023-07-07,CRM,1.7711779,1.7853381,1.7631771
2023-07-07,CSCO,5.6334592,5.7088043,5.6541755
2023-07-07,IBM,2.7418359,2.7651029,2.6979931
2023-07-07,INTC,8.3960894,8.459601,8.2103213
2023-07-07,MSFT,97.633401,98.947365,96.810986
2023-07-07,NKE,1.9041753,1.908408,1.8665574
2023-07-07,VZ,0.72481077,0.72417587,0.72223333
2023-07-07,WMT,1.5066391,1.5217258,1.4679527
2023-07-10,AAPL,8.5952789,8.7564933,8.6811886
2023-07-10,AMGN,0.76254575,0.76661728,0.75634534
2023-07-10,CRM,1.7500616,1.794605,1.7237743
2023-07-10,CSCO,5.4098549,5.4461269,5.440148
2023-07-10,IBM,2.7601899,2.7613709,2.7665226
2023-07-10,INTC,8.7233506,8.7481066,8.5461244
2023-07-10,MSFT,98.573618,98.611233,97.551355
2023-07-10,NKE,1.9163455,1.9870813,1.9023904
2023-07-10,VZ,0.71884423,0.71968805,0.71477652
2023-07-10,WMT,1.5077752,1.5299897,1.4875067
2023-07-11,AAPL,8.3976752,8.4307309,8.5700393
2023-07-11,AMGN,0.75633642,0.75837814,0.75393508
2023-07-11,CRM,1.7521248,1.7859366,1.68004
2023-07-11,CSCO,5.4232522,5.5048614,5.362694
2023-07-11,IBM,2.7672487,2.7480467,2.7375667
2023-07-11,INTC,8.8269501,8.8774751,8.8208233
2023-07-11,MSFT,96.46288,97.772532,96.049745
2023-07-11,NKE,1.9242817,1.955368,1.8936457
2023-07-11,VZ,0.69447982,0.68829565,0.67717807
2023-07-11,WMT,1.510994,1.516647,1.4937225
2023-07-12,AAPL,7.8823601,8.0118233,7.7342031
2023-07-12,AMGN,0.74929413,0.75923129,0.73655299
2023-07-12,CRM,1.765882,1.7768304,1.7299415
2023-07-12,CSCO,5.3269789,5.3683654,5.3586622
2023-07-12,IBM,2.7536379,2.7691692,2.7528813
2023-07-12,INTC,9.1768724,9.44321,8.893277
2023-07-12,MSFT,96.845042,98.549324,96.702521
2023-07-12,NKE,1.9489011,1.9527887,1.921448
2023-07-12,VZ,0.68738106,0.68709046,0.68059281
2023-07-12,WMT,1.5325991,1.5471961,1.5218839
2023-07-13,AAPL,8.0012391,8.0835634,7.8639631
2023-07-13,AMGN,0.74470949,0.76306638,0.73178739
2023-07-13,CRM,1.6461054,1.6678076,1.6661149
2023-07-13,CSCO,5.4188411,5.6405646,5.3526069
2023-07-13,IBM,2.7527065,2.79474,2.7508942
2023-07-13,INTC,9.2627503,9.2893087,9.1526152
2023-07-13,MSFT,99.091734,98.837248,96.551168
2023-07-13,NKE,1.9321,1.9526249,1.913007
2023-07-13,VZ,0.69012568,0.69030017,0.67590027
2023-07-13,WMT,1.5234054,1.5347495,1.5372816
2023-07-14,AAPL,7.8700416,8.048088,7.7878503
2023-07-14,AMGN,0.72423087,0.73061189,0.71707386
2023-07-14,CRM,1.7386422,1.7996735,1.7258486
2023-07-14,CSCO,5.5506649,5.5587964,5.4067375
2023-07-14,IBM,2.7066406,2.7029011,2.6714463
2023-07-14,INTC,9.0504907,9.0227354,8.9348065
2023-07-14,MSFT,97.360963,97.675123,95.576373
2023-07-14,NKE,1.9608574,1.9760362,1.9227075
2023-07-14,VZ,0.68280168,0.68918348,0.66954601
2023-07-14,WMT,1.5134443,1.525307,1.4900377
2023-07-17,AAPL,7.9419762,7.7879014,7.719057
2023-07-17,AMGN,0.70736673,0.72444586,0.70554971
2023-07-17,CRM,1.6974712,1.6889247,1.6308487
2023-07-17,CSCO,5.4326191,5.5650662,5.4032577
2023-07-17,IBM,2.6400086,2.6308234,2.6294546
2023-07-17,INTC,9.0823025,8.9843072,9.1157567
2023-07-17,MSFT,95.505559,96.696445,95.927299
2023-07-17,NKE,1.9782765,1.9761777,1.9907385
2023-07-17,VZ,0.68635585,0.68437086,0.68962522
2023-07-17,WMT,1.5161066,1.5177556,1.5019736
2023-07-18,AAPL,8.0341877,8.1713202,8.0274853
2023-07-18,AMGN,0.72748196,0.74944637,0.72990473
2023-07-18,CRM,1.619329,1.6434159,1.5982032
2023-07-18,CSCO,5.4345653,5.4519419,5.3159354
2023-07-18,IBM,2.6178107,2.6197402,2.6024106
2023-07-18,INTC,8.8143254,8.9942684,8.7716161
2023-07-18,MSFT,95.085252,96.048493,92.973182
2023-07-18,NKE,1.9763676,2.0280562,1.9216884
2023-07-18,VZ,0.68141546,0.68783133,0.67114472
2023-07-18,WMT,1.5246398,1.5294214,1.5110485
2023-07-19,AAPL,7.9612065,7.8616621,8.0590118
2023-07-19,AMGN,0.72320078,0.72195273,0.71495915
2023-07-19,CRM,1.6218854,1.6556689,1.602521
2023-07-19,CSCO,5.3597712,5.3941535,5.2791447
2023-07-19,IBM,2.643455,2.6530124,2.6491461
2023-07-19,INTC,8.7307753,8.7681553,8.7821716
2023-07-19,MSFT,96.557872,97.09537,95.197475
2023-07-19,NKE,1.9256136,1.9362493,1.8839502
2023-07-19,VZ,0.68336551,0.68779607,0.68131601
2023-07-19,WMT,1.5443693,1.5716269,1.5240985
2023-07-20,AAPL,7.9555998,8.242249,7.8658165
2023-07-20,AMGN,0.72072115,0.72712272,0.71042254
2023-07-20,CRM,1.6885957,1.6768306,1.628987
2023-07-20,CSCO,5.3373501,5.4527361,5.3332691
2023-07-20,IBM,2.7024226,2.6888601,2.6423327
2023-07-20,INTC,8.6218705,8.721428,8.4621791
2023-07-20,MSFT,96.873564,96.874915,97.308632
2023-07-20,NKE,1.8997238,1.9315177,1.9304664
2023-07-20,VZ,0.68916217,0.69711457,0.69412324
2023-07-20,WMT,1.5092765,1.5125688,1.4825303
2023-07-21,AAPL,7.7258866,7.7178118,7.5793955
2023-07-21,AMGN,0.71529625,0.7234258,0.71436979
2023-07-21,CRM,1.6384265,1.6464296,1.6120949
2023-07-21,CSCO,5.3776631,5.4778164,5.4297178
2023-07-21,IBM,2.694227,2.7133582,2.6501606
2023-07-21,INTC,8.9459984,9.1266394,8.6729684
2023-07-21,MSFT,97.87994,98.588865,96.97531
2023-07-21,NKE,1.9054082,1.9260716,1.8979805
2023-07-21,VZ,0.67563596,0.69617749,0.6715882
2023-07-21,WMT,1.5396474,1.5305755,1.5261929
2023-07-24,AAPL,7.8647745,7.9333613,7.9214028
2023-07-24,AMGN,0.70723616,0.72006033,0.70419053
2023-07-24,CRM,1.6264849,1.65297,1.618748
2023-07-24,CSCO,5.512751,5.5588917,5.4785003
2023-07-24,IBM,2.7254124,2.7214565,2.676308
2023-07-24,INTC,8.7440584,8.9500292,8.4885186
2023-07-24,MSFT,98.593388,99.341376,96.684978
2023-07-24,NKE,1.9214975,1.9569174,1.9196416
2023-07-24,VZ,0.68007415,0.68700339,0.67577349
2023-07-24,WMT,1.5596631,1.5745133,1.5545013
2023-07-25,AAPL,7.8409383,7.9078422,7.8047046
2023-07-25,AMGN,0.7118857,0.70696383,0.70750738
2023-07-25,CRM,1.6574765,1.6588588,1.6448901
2023-07-25,CSCO,5.4168085,5.5535349,5.4184565
2023-07-25,IBM,2.7589109,2.7666207,2.7698125
2023-07-25,INTC,9.0144159,8.9699548,8.901248
2023-07-25,MSFT,99.309964,100.40939,98.538639
2023-07-25,NKE,1.8551765,1.8526093,1.8021124
2023-07-25,VZ,0.67848473,0.68607644,0.67729415
2023-07-25,WMT,1.5519316,1.5694382,1.5315087
2023-07-26,AAPL,7.8298869,8.0227665,7.7154014
2023-07-26,AMGN,0.70251252,0.70962088,0.70333508
2023-07-26,CRM,1.646173,1.6825795,1.5831272
2023-07-26,CSCO,5.4478898,5.4581022,5.4109613
2023-07-26,IBM,2.7875079,2.7791347,2.7960433
2023-07-26,INTC,8.9790987,8.9116506,8.8331877
2023-07-26,MSFT,96.826134,98.11649,93.728026
2023-07-26,NKE,1.8550632,1.8678155,1.8167902
2023-07-26,VZ,0.67797641,0.67768505,0.67824579
2023-07-26,WMT,1.5355524,1.5634388,1.5205132
2023-07-27,AAPL,7.879423,7.8692922,7.7820486
2023-07-27,AMGN,0.68272533,0.69138615,0.66705561
2023-07-27,CRM,1.6055846,1.6059437,1.5795946
2023-07-27,CSCO,5.5470558,5.5844838,5.5577987
2023-07-27,IBM,2.8180489,2.7940426,2.8168815
2023-07-27,INTC,9.116704,9.2003427,9.0861851
2023-07-27,MSFT,98.744428,100.74141,95.8487
2023-07-27,NKE,1.8737309,1.9370034,1.8511542
2023-07-27,VZ,0.67928864,0.68086924,0.68690352
2023-07-27,WMT,1.5239886,1.5535008,1.5142921
2023-07-28,AAPL,7.8183924,7.7973095,7.7618991
2023-07-28,AMGN,0.66304158,0.67040777,0.64860732
2023-07-28,CRM,1.615459,1.6278947,1.6400515
2023-07-28,CSCO,5.4602505,5.4291451,5.4180206
2023-07-28,IBM,2.8308109,2.8547046,2.798976
2023-07-28,INTC,9.1666479,9.1316789,8.89571
2023-07-28,MSFT,96.78369,98.470647,94.552911
2023-07-28,NKE,1.8363073,1.8319862,1.8059431
2023-07-28,VZ,0.66324823,0.67771996,0.66316229
2023-07-28,WMT,1.5310403,1.5486301,1.5212222
2023-07-31,AAPL,7.7020841,7.7286667,7.6107084
2023-07-31,AMGN,0.65042278,0.65178231,0.64440154
2023-07-31,CRM,1.5204219,1.5302188,1.4632789
2023-07-31,CSCO,5.4085187,5.4207953,5.4418739
2023-07-31,IBM,2.8438818,2.8443968,2.846398
2023-07-31,INTC,9.0943324,9.2140928,8.8518024
2023-07-31,MSFT,95.860888,95.012435,96.646689
2023-07-31,NKE,1.830976,1.8301122,1.8291227
2023-07-31,VZ,0.66138401,0.66293028,0.66599664
2023-07-31,WMT,1.5378655,1.5573566,1.5411117
2023-08-01,AAPL,7.5544592,7.5970144,7.3610776
2023-08-01,AMGN,0.65185688,0.63575035,0.6453476
2023-08-01,CRM,1.5125975,1.5376712,1.4858077
2023-08-01,CSCO,5.4130585,5.466998,5.3842987
2023-08-01,IBM,2.8703315,2.9020243,2.8828108
2023-08-01,INTC,9.1733772,9.2983286,9.0502586
2023-08-01,MSFT,96.391958,97.688857,95.860754
2023-08-01,NKE,1.8052463,1.8209752,1.8134759
2023-08-01,VZ,0.66826851,0.67967923,0.6493607
2023-08-01,WMT,1.5178474,1.5356252,1.5127991
2023-08-02,AAPL,7.7378666,7.9423554,7.5914569
2023-08-02,AMGN,0.64048784,0.63637097,0.63621636
2023-08-02,CRM,1.4179231,1.4600216,1.4196862
2023-08-02,CSCO,5.3378877,5.3491169,5.2980878
2023-08-02,IBM,2.8276974,2.8552638,2.7855914
2023-08-02,INTC,9.3117432,9.4978136,9.1739615
2023-08-02,MSFT,97.235023,99.634403,95.551605
2023-08-02,NKE,1.8360189,1.863922,1.7685284
2023-08-02,VZ,0.67586027,0.67762199,0.66248307
2023-08-02,WMT,1.5053754,1.5325395,1.4877572
2023-08-03,AAPL,7.5119734,7.5533176,7.5209328
2023-08-03,AMGN,0.62936551,0.64269482,0.62984846
2023-08-03,CRM,1.3572616,1.3439662,1.3766066
2023-08-03,CSCO,5.4695317,5.513886,5.3951504
2023-08-03,IBM,2.7766277,2.8048024,2.7267146
2023-08-03,INTC,9.1918406,9.3872078,8.9351479
2023-08-03,MSFT,95.355923,95.849025,94.804165
2023-08-03,NKE,1.8162295,1.8106095,1.8041839
2023-08-03,VZ,0.67672736,0.66895508,0.67194196
2023-08-03,WMT,1.4766502,1.4835864,1.4533121
2023-08-04,AAPL,7.359969,7.4893346,7.4297555
2023-08-04,AMGN,0.62002366,0.61673691,0.61323889
2023-08-04,CRM,1.3741853,1.3755036,1.3784498
2023-08-04,CSCO,5.564044,5.6979103,5.4850977
2023-08-04,IBM,2.7427219,2.7810656,2.7189359
2023-08-04,INTC,9.1675762,9.4274792,9.1408241
2023-08-04,MSFT,96.159556,96.86636,95.272792
2023-08-04,NKE,1.8550322,1.8525633,1.834271
2023-08-04,VZ,0.67302565,0.68095391,0.68165256
2023-08-04,WMT,1.4663722,1.4831694,1.450051
2023-08-07,AAPL,7.3794999,7.3817906,7.328268
2023-08-07,AMGN,0.60307669,0.60128891,0.59648851
2023-08-07,CRM,1.3629961,1.3679375,1.3466843
2023-08-07,CSCO,5.6096407,5.7039311,5.5657689
2023-08-07,IBM,2.7413464,2.767415,2.713495
2023-08-07,INTC,9.073446,9.1522521,8.7523074
2023-08-07,MSFT,95.168729,95.115736,94.150385
2023-08-07,NKE,1.8576244,1.8778511,1.8454048
2023-08-07,VZ,0.66758692,0.67356086,0.66335145
2023-08-07,WMT,1.4329999,1.4415446,1.4382029
2023-08-08,AAPL,7.4207959,7.3872229,7.2357641
2023-08-08,AMGN,0.58794686,0.59213662,0.58425157
2023-08-08,CRM,1.3206428,1.3285354,1.2816496
2023-08-08,CSCO,5.3449313,5.3889562,5.1771953
2023-08-08,IBM,2.7964753,2.8121675,2.7943598
2023-08-08,INTC,9.2470466,9.2302972,9.4562409
2023-08-08,MSFT,95.156965,95.012181,94.19167
2023-08-08,NKE,1.8067718,1.8321734,1.7974666
2023-08-08,VZ,0.67646222,0.67561884,0.67593673
2023-08-08,WMT,1.4047395,1.4078252,1.3996117
2023-08-09,AAPL,7.6576256,7.5410972,7.5606758
2023-08-09,AMGN,0.59072158,0.59868272,0.59041769
2023-08-09,CRM,1.3549595,1.3592547,1.3465939
2023-08-09,CSCO,5.2470168,5.3222999,5.1631842
2023-08-09,IBM,2.8139433,2.8389369,2.8149232
2023-08-09,INTC,9.1658707,9.1591356,8.9757746
2023-08-09,MSFT,97.202628,98.287075,97.225177
2023-08-09,NKE,1.8315047,1.826661,1.7811374
2023-08-09,VZ,0.66035733,0.66075715,0.65094681
2023-08-09,WMT,1.3995225,1.4072258,1.4082872
2023-08-10,AAPL,7.838455,8.033322,7.6123065
2023-08-10,AMGN,0.57607091,0.58575504,0.57428514
2023-08-10,CRM,1.3359631,1.3400468,1.3153096
2023-08-10,CSCO,5.1544013,5.155127,5.1755508
2023-08-10,IBM,2.8796,2.8744709,2.8556059
2023-08-10,INTC,9.2951411,9.3702658,9.2325735
2023-08-10,MSFT,98.831974,100.82901,97.115782
2023-08-10,NKE,1.8751947,1.9032927,1.8496619
2023-08-10,VZ,0.65895061,0.66152267,0.65337574
2023-08-10,WMT,1.4433143,1.4700247,1.4390339
2023-08-11,AAPL,7.6776461,7.7499433,7.4486917
2023-08-11,AMGN,0.57664837,0.57648545,0.56223341
2023-08-11,CRM,1.2832456,1.2595066,1.2524514
2023-08-11,CSCO,5.1050974,5.1388496,5.0503421
2023-08-11,IBM,2.813414,2.8207053,2.7978102
2023-08-11,INTC,9.3719486,9.3479724,9.0713787
2023-08-11,MSFT,97.700583,98.824186,97.770929
2023-08-11,NKE,1.8856163,1.9127766,1.8166408
2023-08-11,VZ,0.65310129,0.66806042,0.66403925
2023-08-11,WMT,1.4535595,1.4769491,1.4589971
2023-08-14,AAPL,7.7695833,7.9180209,7.6508404
2023-08-14,AMGN,0.574687,0.58096124,0.55438334
2023-08-14,CRM,1.2933935,1.325588,1.2510487
2023-08-14,CSCO,4.8753365,4.917534,4.8133667
2023-08-14,IBM,2.7824706,2.7918994,2.7657513
2023-08-14,INTC,9.2764008,9.4608947,9.0996776
2023-08-14,MSFT,98.155595,98.7884,96.170399
2023-08-14,NKE,1.8581967,1.8495336,1.8507291
2023-08-14,VZ,0.64500385,0.65309995,0.63500024
2023-08-14,WMT,1.4505102,1.464085,1.4427377
2023-08-15,AAPL,7.6960652,7.8260282,7.5166593
2023-08-15,AMGN,0.55482967,0.55214517,0.55697885
2023-08-15,CRM,1.26502,1.301919,1.299367
2023-08-15,CSCO,4.8050595,4.7561681,4.7579261
2023-08-15,IBM,2.7471108,2.7611097,2.7780454
2023-08-15,INTC,9.3980475,9.3306644,9.3060305
2023-08-15,MSFT,98.932439,99.911313,98.168947
2023-08-15,NKE,1.907627,1.8810261,1.8923497
2023-08-15,VZ,0.65854034,0.66302034,0.64592088
2023-08-15,WMT,1.4465486,1.4751133,1.4328948
2023-08-16,AAPL,7.7533406,7.8649675,7.8031884
2023-08-16,AMGN,0.55454855,0.56325032,0.54299831
2023-08-16,CRM,1.2500901,1.2592047,1.2174018
2023-08-16,CSCO,4.754078,4.712773,4.6900035
2023-08-16,IBM,2.7174185,2.7465671,2.6943078
2023-08-16,INTC,9.5035208,9.7895257,9.4675131
2023-08-16,MSFT,98.842716,99.016126,97.571222
2023-08-16,NKE,1.9411513,1.9555377,1.9228423
2023-08-16,VZ,0.64741841,0.64741042,0.64587516
2023-08-16,WMT,1.4591657,1.4659787,1.4636957
2023-08-17,AAPL,7.9673855,7.9857971,7.8316097
2023-08-17,AMGN,0.54840177,0.55749027,0.54148458
2023-08-17,CRM,1.1956533,1.188026,1.1677435
2023-08-17,CSCO,4.8252143,4.9311491,4.8324165
2023-08-17,IBM,2.6696213,2.6700385,2.6296722
2023-08-17,INTC,9.2358593,9.3499669,9.0900274
2023-08-17,MSFT,97.949689,99.331079,96.454307
2023-08-17,NKE,1.9447376,1.9705513,1.9108263
2023-08-17,VZ,0.65268971,0.65556638,0.65086954
2023-08-17,WMT,1.466384,1.4854295,1.4364896
2023-08-18,AAPL,7.8142492,7.9747091,7.8051914
2023-08-18,AMGN,0.54045344,0.54430869,0.53418739
2023-08-18,CRM,1.1665736,1.1730708,1.1264212
2023-08-18,CSCO,4.8696999,4.8806484,4.8117266
2023-08-18,IBM,2.6777218,2.6849002,2.6588888
2023-08-18,INTC,9.3752141,9.3721938,9.3308393
2023-08-18,MSFT,96.359153,96.793244,96.342469
2023-08-18,NKE,1.8989176,1.9065032,1.8862397
2023-08-18,VZ,0.63482872,0.63810654,0.63848622
2023-08-18,WMT,1.4684391,1.4795709,1.4757774
2023-08-21,AAPL,7.5427488,7.5154474,7.4044675
2023-08-21,AMGN,0.53435955,0.54477772,0.52498562
2023-08-21,CRM,1.1429805,1.165684,1.1484716
2023-08-21,CSCO,4.9724433,5.0885244,4.9677818
2023-08-21,IBM,2.6271045,2.6376572,2.5694229
2023-08-21,INTC,9.2911825,9.3818248,9.1430982
2023-08-21,MSFT,96.86626,96.683465,95.874908
2023-08-21,NKE,1.8774954,1.8862439,1.8551528
2023-08-21,VZ,0.62285935,0.62749132,0.61654945
2023-08-21,WMT,1.4637994,1.4668638,1.460179
2023-08-22,AAPL,7.5817932,7.5835647,7.4514872
2023-08-22,AMGN,0.53618239,0.54616905,0.53354037
2023-08-22,CRM,1.1352729,1.1330122,1.1230733
2023-08-22,CSCO,4.9819818,5.0332014,4.8722282
2023-08-22,IBM,2.587166,2.6266467,2.5660179
2023-08-22,INTC,9.2714455,9.3699414,9.0602271
2023-08-22,MSFT,96.358674,94.091468,96.119374
2023-08-22,NKE,1.9295301,1.9360808,1.9144423
2023-08-22,VZ,0.61877896,0.62262075,0.6166942
2023-08-22,WMT,1.4626826,1.4740015,1.4747283
2023-08-23,AAPL,7.6624253,7.8401674,7.5116085
2023-08-23,AMGN,0.54016028,0.55390381,0.5358556
2023-08-23,CRM,1.1190278,1.1333396,1.0892553
2023-08-23,CSCO,4.9612412,4.9756791,4.8315572
2023-08-23,IBM,2.5971345,2.6308852,2.5477737
2023-08-23,INTC,9.4330603,9.778444,9.2116277
2023-08-23,MSFT,95.038054,96.745454,92.756937
2023-08-23,NKE,1.947765,1.9424165,1.9587098
2023-08-23,VZ,0.62062428,0.62718705,0.60940946
2023-08-23,WMT,1.4765764,1.478109,1.4738188
2023-08-24,AAPL,7.2078866,7.4024906,7.0514981
2023-08-24,AMGN,0.55404795,0.55169256,0.54641736
2023-08-24,CRM,1.1320888,1.1448627,1.1263686
2023-08-24,CSCO,4.9660055,4.9524761,4.8516672
2023-08-24,IBM,2.5840061,2.6028084,2.5948635
2023-08-24,INTC,9.5305441,9.8113294,9.5544766
2023-08-24,MSFT,93.769359,95.527955,91.724635
2023-08-24,NKE,1.9661226,1.9706827,1.952441
2023-08-24,VZ,0.6112927,0.616213,0.59938808
2023-08-24,WMT,1.4526144,1.4535521,1.4431803
2023-08-25,AAPL,7.1760909,7.195106,7.0575409
2023-08-25,AMGN,0.55294819,0.55628653,0.55041429
2023-08-25,CRM,1.0983349,1.1104365,1.1055582
2023-08-25,CSCO,4.8520598,4.8408696,4.7591786
2023-08-25,IBM,2.5217214,2.5492948,2.534841
2023-08-25,INTC,9.4608773,9.6473709,9.4902887
2023-08-25,MSFT,96.088065,95.294205,94.778135
2023-08-25,NKE,1.9368497,1.9642019,1.9224883
2023-08-25,VZ,0.61829612,0.62063587,0.61439815
2023-08-25,WMT,1.4389658,1.4374974,1.4278186
2023-08-28,AAPL,7.1568201,7.2191502,7.0067285
2023-08-28,AMGN,0.55919887,0.5668049,0.55525103
2023-08-28,CRM,1.0684993,1.0657413,1.0709353
2023-08-28,CSCO,4.925488,4.915323,4.8371838
2023-08-28,IBM,2.4807735,2.5071036,2.47618
2023-08-28,INTC,9.1363993,9.2498924,8.8827993
2023-08-28,MSFT,101.63486,102.55875,100.65282
2023-08-28,NKE,1.9526998,1.9969496,1.9313583
2023-08-28,VZ,0.61861875,0.63054783,0.60611774
2023-08-28,WMT,1.4252744,1.4286686,1.413424
2023-08-29,AAPL,6.9291923,7.0104202,6.9098323
2023-08-29,AMGN,0.56325752,0.57056034,0.55753864
2023-08-29,CRM,1.0788328,1.0839904,1.0329622
2023-08-29,CSCO,4.7943484,4.7998403,4.7528733
2023-08-29,IBM,2.4371362,2.4423971,2.449294
2023-08-29,INTC,9.1855259,9.2152354,9.0396308
2023-08-29,MSFT,101.03794,102.22273,100.79702
2023-08-29,NKE,1.909771,1.9113005,1.8896318
2023-08-29,VZ,0.61795772,0.62402915,0.60149997
2023-08-29,WMT,1.4174012,1.4359636,1.3886715
2023-08-30,AAPL,6.9488432,7.0805543,6.74479
2023-08-30,AMGN,0.54346849,0.54021686,0.54574146
2023-08-30,CRM,1.0995869,1.0855361,1.0895313
2023-08-30,CSCO,4.9339371,4.9158803,4.8582277
2023-08-30,IBM,2.4677914,2.5067569,2.484704
2023-08-30,INTC,9.0250589,9.0742337,9.0518578
2023-08-30,MSFT,101.48036,101.99926,98.616739
2023-08-30,NKE,1.9290494,1.973056,1.9178158
2023-08-30,VZ,0.61530381,0.61841355,0.61467648
2023-08-30,WMT,1.4211274,1.447909,1.4117334
2023-08-31,AAPL,6.9103036,6.9882564,6.6593278
2023-08-31,AMGN,0.53153464,0.5521426,0.53291357
2023-08-31,CRM,1.1353633,1.1544122,1.13841
2023-08-31,CSCO,4.8750312,4.8959119,4.8395137
2023-08-31,IBM,2.4412091,2.4258842,2.4242209
2023-08-31,INTC,9.0166367,9.2680277,8.9182294
2023-08-31,MSFT,101.12069,101.94554,99.815935
2023-08-31,NKE,1.9237009,1.9228441,1.8909618
2023-08-31,VZ,0.61135912,0.61847932,0.60738324
2023-08-31,WMT,1.4552998,1.4584647,1.4440348
2023-09-01,AAPL,7.0983117,7.2981517,7.0461224
2023-09-01,AMGN,0.52612744,0.5372048,0.5224488
2023-09-01,CRM,1.1136057,1.1424895,1.0983386
2023-09-01,CSCO,4.8607422,4.896239,4.7782332
2023-09-01,IBM,2.4093713,2.4055391,2.4411163
2023-09-01,INTC,8.8751948,9.1935233,8.8186878
2023-09-01,MSFT,95.883989,95.471837,94.204815
2023-09-01,NKE,1.897729,1.9546106,1.8524248
2023-09-01,VZ,0.61368608,0.61922941,0.60927112
2023-09-01,WMT,1.4803054,1.490961,1.4633231
2023-09-05,AAPL,7.1780483,7.1751129,7.0044305
2023-09-05,AMGN,0.51728762,0.52670147,0.51052856
2023-09-05,CRM,1.1251111,1.1383237,1.1190225
2023-09-05,CSCO,4.6770681,4.717399,4.633258
2023-09-05,IBM,2.4428899,2.473475,2.4281914
2023-09-05,INTC,9.1582163,9.3000536,9.0494873
2023-09-05,MSFT,94.678291,95.420742,95.301533
2023-09-05,NKE,1.850081,1.9047343,1.8466538
2023-09-05,VZ,0.61926388,0.62237511,0.61806413
2023-09-05,WMT,1.4976093,1.5089131,1.5055651
2023-09-06,AAPL,7.2861402,7.2559711,7.2912162
2023-09-06,AMGN,0.50883672,0.51108774,0.5043889
2023-09-06,CRM,1.1209496,1.1342673,1.1326398
2023-09-06,CSCO,4.45013,4.4847534,4.4207906
2023-09-06,IBM,2.4377658,2.4159714,2.4272292
2023-09-06,INTC,9.3177228,9.4382123,9.2214127
2023-09-06,MSFT,96.849769,97.974025,95.758129
2023-09-06,NKE,1.8188735,1.837804,1.8194704
2023-09-06,VZ,0.62853589,0.63237142,0.61767959
2023-09-06,WMT,1.4874621,1.4748413,1.4791532
2023-09-07,AAPL,7.3546581,7.4906928,7.2687933
2023-09-07,AMGN,0.51377188,0.51890873,0.50549388
2023-09-07,CRM,1.1339712,1.1376827,1.1304572
2023-09-07,CSCO,4.5662651,4.6549851,4.4886146
2023-09-07,IBM,2.4450522,2.4667061,2.4109718
2023-09-07,INTC,9.4296123,9.5541206,9.2483426
2023-09-07,MSFT,98.17867,99.480859,98.844745
2023-09-07,NKE,1.7521389,1.785241,1.6971678
2023-09-07,VZ,0.63226929,0.63212058,0.62652565
2023-09-07,WMT,1.4904369,1.5031247,1.5050564
2023-09-08,AAPL,7.2321893,7.2350344,7.2601391
2023-09-08,AMGN,0.51791728,0.52501904,0.51773199
2023-09-08,CRM,1.184169,1.2177248,1.1749787
2023-09-08,CSCO,4.6623339,4.665363,4.6458627
2023-09-08,IBM,2.4207073,2.4512701,2.4142025
2023-09-08,INTC,9.6017276,9.6982828,9.601248
2023-09-08,MSFT,98.923243,98.135493,97.420598
2023-09-08,NKE,1.7547281,1.7417633,1.724808
2023-09-08,VZ,0.62683369,0.63852828,0.62036158
2023-09-08,WMT,1.5015275,1.5079615,1.5066479
2023-09-11,AAPL,7.3642669,7.6136471,7.3386282
2023-09-11,AMGN,0.52279039,0.53433513,0.51166928
2023-09-11,CRM,1.1934781,1.2095218,1.1794539
2023-09-11,CSCO,4.6262819,4.6677522,4.6402188
2023-09-11,IBM,2.4459871,2.4886549,2.4475954
2023-09-11,INTC,9.2379778,9.2406935,9.2701322
2023-09-11,MSFT,101.30282,103.20784,100.38506
2023-09-11,NKE,1.7628683,1.7427006,1.7231678
2023-09-11,VZ,0.60881539,0.60935013,0.61096547
2023-09-11,WMT,1.5325903,1.5427089,1.5156583
2023-09-12,AAPL,7.5429847,7.755903,7.3558107
2023-09-12,AMGN,0.52236775,0.52990909,0.51020465
2023-09-12,CRM,1.2112995,1.2418471,1.1889369
2023-09-12,CSCO,4.5629214,4.6375666,4.5176422
2023-09-12,IBM,2.43865,2.4734689,2.4600471
2023-09-12,INTC,9.4038343,9.6586734,9.3269281
2023-09-12,MSFT,101.22198,102.98411,100.4832
2023-09-12,NKE,1.7036374,1.7250353,1.6708886
2023-09-12,VZ,0.60237645,0.61008076,0.59118666
2023-09-12,WMT,1.5475681,1.5597819,1.561112
2023-09-13,AAPL,7.7396265,7.6265553,7.6433574
2023-09-13,AMGN,0.51586608,0.51802877,0.51213834
2023-09-13,CRM,1.1933951,1.2104683,1.2136866
2023-09-13,CSCO,4.5878007,4.620997,4.595563
2023-09-13,IBM,2.3961366,2.421869,2.3202332
2023-09-13,INTC,9.3296292,9.4530832,9.3894699
2023-09-13,MSFT,100.08776,101.55731,100.58415
2023-09-13,NKE,1.7813501,1.8072825,1.7780258
2023-09-13,VZ,0.58954073,0.59655911,0.58606527
2023-09-13,WMT,1.5444901,1.5545933,1.5324036
2023-09-14,AAPL,7.7593354,8.0120523,7.6322235
2023-09-14,AMGN,0.51192462,0.51777862,0.50574267
2023-09-14,CRM,1.1913925,1.182935,1.1737626
2023-09-14,CSCO,4.6148604,4.578477,4.6155299
2023-09-14,IBM,2.3904287,2.3985703,2.3515794
2023-09-14,INTC,9.4313642,9.4381797,9.4066098
2023-09-14,MSFT,98.83663,100.31012,97.974117
2023-09-14,NKE,1.792091,1.8188307,1.7665021
2023-09-14,VZ,0.5818406,0.58736005,0.57881858
2023-09-14,WMT,1.5514514,1.5544305,1.5285974
2023-09-15,AAPL,8.0754258,8.2171937,7.8645986
2023-09-15,AMGN,0.51666771,0.51588322,0.51114402
2023-09-15,CRM,1.2040323,1.2071405,1.1663782
2023-09-15,CSCO,4.6229852,4.6467079,4.6116057
2023-09-15,IBM,2.3662975,2.3861921,2.3881681
2023-09-15,INTC,9.1147168,9.1941215,9.0443687
2023-09-15,MSFT,99.322385,99.561521,98.061516
2023-09-15,NKE,1.8045589,1.8040436,1.8241576
2023-09-15,VZ,0.57407617,0.57920389,0.57222777
2023-09-15,WMT,1.5422594,1.5640179,1.5553883
2023-09-18,AAPL,8.2114708,8.3721888,8.1915094
2023-09-18,AMGN,0.51415418,0.51764512,0.51196563
2023-09-18,CRM,1.1875469,1.1620919,1.1594203
2023-09-18,CSCO,4.5614982,4.653243,4.554875
2023-09-18,IBM,2.384399,2.4160596,2.373166
2023-09-18,INTC,9.1347607,9.3299307,9.0110828
2023-09-18,MSFT,99.314166,99.772899,98.822042
2023-09-18,NKE,1.7336534,1.7402085,1.7004257
2023-09-18,VZ,0.57456805,0.57512272,0.56048431
2023-09-18,WMT,1.5671057,1.5668088,1.5398
2023-09-19,AAPL,8.20229,8.3839192,8.0208231
2023-09-19,AMGN,0.51529971,0.52236589,0.51978589
2023-09-19,CRM,1.2248793,1.204474,1.2257811
2023-09-19,CSCO,4.6559834,4.6784064,4.57652
2023-09-19,IBM,2.3892783,2.4167103,2.4058078
2023-09-19,INTC,9.3847495,9.47059,9.4593879
2023-09-19,MSFT,99.080272,98.978476,99.162018
2023-09-19,NKE,1.7238407,1.7586029,1.7282618
2023-09-19,VZ,0.58114489,0.59261634,0.57942043
2023-09-19,WMT,1.5551088,1.5613489,1.5237934
2023-09-20,AAPL,8.0682097,8.2083861,7.9196007
2023-09-20,AMGN,0.51790615,0.52928555,0.52011079
2023-09-20,CRM,1.212804,1.2701019,1.1953807
2023-09-20,CSCO,4.8974943,4.9723795,4.8576628
2023-09-20,IBM,2.3891719,2.4161264,2.378807
2023-09-20,INTC,9.1272392,9.2402116,9.2159372
2023-09-20,MSFT,100.49782,101.80742,98.992739
2023-09-20,NKE,1.7819856,1.7561517,1.7938245
2023-09-20,VZ,0.56886468,0.57280779,0.56120394
2023-09-20,WMT,1.5645131,1.5702531,1.5624154
2023-09-21,AAPL,8.2686184,8.2390598,8.0891611
2023-09-21,AMGN,0.50992852,0.51606102,0.50376539
2023-09-21,CRM,1.246051,1.2544108,1.2399981
2023-09-21,CSCO,4.8700633,4.8939683,4.8442262
2023-09-21,IBM,2.4135913,2.4411962,2.413936
2023-09-21,INTC,9.3485512,9.4605184,9.146872
2023-09-21,MSFT,99.752377,100.44762,98.394877
2023-09-21,NKE,1.7493014,1.7982729,1.7779837
2023-09-21,VZ,0.56913871,0.56711122,0.56908549
2023-09-21,WMT,1.5828976,1.5892944,1.5640132
2023-09-22,AAPL,8.4075115,8.4716246,8.3255277
2023-09-22,AMGN,0.5070848,0.52060385,0.49599216
2023-09-22,CRM,1.2045737,1.1836006,1.2083258
2023-09-22,CSCO,4.7497133,4.7318633,4.6445865
2023-09-22,IBM,2.3696253,2.4107408,2.3573587
2023-09-22,INTC,9.3562229,9.419713,9.2524553
2023-09-22,MSFT,99.968847,101.49758,97.816324
2023-09-22,NKE,1.7966891,1.8234351,1.7669713
2023-09-22,VZ,0.56723915,0.5701153,0.55278746
2023-09-22,WMT,1.5841318,1.5774019,1.5984765
2023-09-25,AAPL,8.137282,8.2495873,8.0039859
2023-09-25,AMGN,0.51145024,0.50500245,0.50315614
2023-09-25,CRM,1.1894659,1.1943388,1.1886451
2023-09-25,CSCO,4.903918,4.9984402,4.8719355
2023-09-25,IBM,2.3780229,2.4012915,2.3834409
2023-09-25,INTC,9.45597,9.6620609,9.2550497
2023-09-25,MSFT,100.33468,101.79981,99.24143
2023-09-25,NKE,1.8086727,1.8887239,1.7879222
2023-09-25,VZ,0.55788793,0.55531397,0.54767612
2023-09-25,WMT,1.6035854,1.61214,1.6215627
2023-09-26,AAPL,7.9828711,7.9562687,7.9235031
2023-09-26,AMGN,0.50619845,0.50730992,0.506358
2023-09-26,CRM,1.1275902,1.1477871,1.1194535
2023-09-26,CSCO,4.933081,4.9595688,4.9317196
2023-09-26,IBM,2.3805514,2.4249926,2.3576133
2023-09-26,INTC,9.586219,9.8354518,9.6032622
2023-09-26,MSFT,100.23649,103.03742,99.200213
2023-09-26,NKE,1.7809146,1.7593454,1.7843694
2023-09-26,VZ,0.55480947,0.55378506,0.54966695
2023-09-26,WMT,1.5973384,1.6092492,1.5755126
2023-09-27,AAPL,7.849679,7.965137,7.7019626
2023-09-27,AMGN,0.50033209,0.50226504,0.49266432
2023-09-27,CRM,1.1257583,1.1250817,1.082903
2023-09-27,CSCO,4.9976308,5.0253762,4.9995742
2023-09-27,IBM,2.4182569,2.4089962,2.4034784
2023-09-27,INTC,9.6235257,9.7103079,9.7561092
2023-09-27,MSFT,101.55558,100.06683,101.53955
2023-09-27,NKE,1.7976146,1.8201916,1.7616411
2023-09-27,VZ,0.55498677,0.55183119,0.55092282
2023-09-27,WMT,1.5763781,1.6000627,1.5976285
2023-09-28,AAPL,7.936946,7.9599972,7.6796483
2023-09-28,AMGN,0.51483278,0.51890229,0.51095143
2023-09-28,CRM,1.0801968,1.0971367,1.1105078
2023-09-28,CSCO,4.9547941,5.1630357,4.9557651
2023-09-28,IBM,2.4444161,2.4699941,2.4149828
2023-09-28,INTC,9.569351,9.737139,9.3922453
2023-09-28,MSFT,104.53414,108.41629,104.0363
2023-09-28,NKE,1.810964,1.8281459,1.8232005
2023-09-28,VZ,0.55004355,0.55117995,0.53533512
2023-09-28,WMT,1.5688299,1.6028013,1.5568282
2023-09-29,AAPL,8.2632507,8.4677345,8.1082949
2023-09-29,AMGN,0.51720575,0.52410028,0.51525
2023-09-29,CRM,1.0983538,1.1270588,1.0792634
2023-09-29,CSCO,5.0446085,5.0704028,4.9212395
2023-09-29,IBM,2.3976971,2.4324637,2.411283
2023-09-29,INTC,9.7101463,9.9073413,9.4909488
2023-09-29,MSFT,106.30655,109.82773,105.56518
2023-09-29,NKE,1.7541085,1.7601182,1.7430265
2023-09-29,VZ,0.55161106,0.55862274,0.53761432
2023-09-29,WMT,1.5810372,1.5773595,1.5708342
2023-10-02,AAPL,8.2432844,8.1982272,7.9567243
2023-10-02,AMGN,0.52699572,0.52410314,0.52547868
2023-10-02,CRM,1.1167926,1.128297,1.0960802
2023-10-02,CSCO,4.7928136,4.8800607,4.7104821
2023-10-02,IBM,2.445722,2.4363375,2.4262889
2023-10-02,INTC,9.469198,9.6329633,9.4207791
2023-10-02,MSFT,107.81575,107.37969,107.75023
2023-10-02,NKE,1.7501285,1.8013105,1.7092198
2023-10-02,VZ,0.54942486,0.55044111,0.5521691
2023-10-02,WMT,1.6040733,1.6118132,1.5814297
2023-10-03,AAPL,8.02298,8.1825596,8.0570599
2023-10-03,AMGN,0.53000847,0.52733742,0.52075235
2023-10-03,CRM,1.1108267,1.1467305,1.0631898
2023-10-03,CSCO,4.8599107,4.9352403,4.8621818
2023-10-03,IBM,2.4393624,2.4528087,2.4195756
2023-10-03,INTC,9.5800097,9.5969323,9.4879236
2023-10-03,MSFT,106.4945,107.89791,106.16661
2023-10-03,NKE,1.7233568,1.7212647,1.7213443
2023-10-03,VZ,0.53109952,0.53466348,0.5268087
2023-10-03,WMT,1.5704274,1.5851498,1.5903613
2023-10-04,AAPL,7.7650484,7.7136226,7.5198673
2023-10-04,AMGN,0.53010455,0.52936503,0.52276871
2023-10-04,CRM,1.0587609,1.0474305,1.0375374
2023-10-04,CSCO,4.84777,4.9960375,4.7791861
2023-10-04,IBM,2.4687994,2.470409,2.4873985
2023-10-04,INTC,9.8743712,10.138386,9.8466801
2023-10-04,MSFT,105.29937,106.95861,104.55944
2023-10-04,NKE,1.7083761,1.7301944,1.7061612
2023-10-04,VZ,0.55104479,0.55637137,0.54808061
2023-10-04,WMT,1.5769647,1.5920082,1.5682466
2023-10-05,AAPL,7.6966027,7.7916463,7.5457196
2023-10-05,AMGN,0.52067324,0.52967493,0.51479142
2023-10-05,CRM,1.1062016,1.1258295,1.0836581
2023-10-05,CSCO,4.8822625,4.9805683,4.8728916
2023-10-05,IBM,2.4882733,2.5133011,2.4935746
2023-10-05,INTC,10.064066,10.107795,10.081029
2023-10-05,MSFT,106.21,109.10158,105.67291
2023-10-05,NKE,1.7980107,1.8250211,1.793461
2023-10-05,VZ,0.55118014,0.55810067,0.55710878
2023-10-05,WMT,1.5438381,1.5508658,1.5553109
2023-10-06,AAPL,7.4796502,7.4563311,7.3345668
2023-10-06,AMGN,0.53250162,0.55273553,0.52835053
2023-10-06,CRM,1.1104453,1.1264416,1.0782789
2023-10-06,CSCO,4.7022959,4.8168267,4.6457057
2023-10-06,IBM,2.4536933,2.4644784,2.4579229
2023-10-06,INTC,9.9847007,10.167808,9.9496646
2023-10-06,MSFT,107.8572,109.22456,105.90577
2023-10-06,NKE,1.8130501,1.7986014,1.8087221
2023-10-06,VZ,0.53770956,0.54560745,0.53260198
2023-10-06,WMT,1.5892605,1.5972989,1.5707259
2023-10-09,AAPL,7.5721617,7.6506247,7.4838818
2023-10-09,AMGN,0.53419011,0.53196391,0.52246021
2023-10-09,CRM,1.1141645,1.1197263,1.0985099
2023-10-09,CSCO,4.7923817,4.824159,4.6788577
2023-10-09,IBM,2.4169006,2.4635007,2.3987023
2023-10-09,INTC,9.9166144,10.068848,9.9670249
2023-10-09,MSFT,105.83598,105.79523,104.25726
2023-10-09,NKE,1.8066056,1.8314099,1.7819077
2023-10-09,VZ,0.55095599,0.55063787,0.54062132
2023-10-09,WMT,1.6026804,1.6303252,1.5975859
2023-10-10,AAPL,7.5721744,7.6026866,7.5909509
2023-10-10,AMGN,0.5176294,0.51874437,0.50412635
2023-10-10,CRM,1.0524033,1.0791465,1.0559549
2023-10-10,CSCO,4.7754068,4.8199069,4.7358469
2023-10-10,IBM,2.398082,2.4294452,2.3648901
2023-10-10,INTC,10.077073,10.120225,9.8526681
2023-10-10,MSFT,106.47612,108.13977,104.70107
2023-10-10,NKE,1.7639454,1.7944979,1.7575479
2023-10-10,VZ,0.53942657,0.53903679,0.53826677
2023-10-10,WMT,1.6170002,1.6171966,1.5946883
2023-10-11,AAPL,7.6026444,7.5953772,7.6696096
2023-10-11,AMGN,0.49905134,0.51619038,0.49604345
2023-10-11,CRM,1.0605861,1.0814951,1.0532739
2023-10-11,CSCO,4.8338015,4.8740676,4.7331948
2023-10-11,IBM,2.3802591,2.3883581,2.3818194
2023-10-11,INTC,10.118916,10.397282,10.104846
2023-10-11,MSFT,108.65241,107.70929,107.81924
2023-10-11,NKE,1.7727431,1.7601807,1.7468799
2023-10-11,VZ,0.53260288,0.53737584,0.53679965
2023-10-11,WMT,1.6008547,1.6117983,1.5947709
2023-10-12,AAPL,7.3245702,7.3666695,7.2571189
2023-10-12,AMGN,0.49993264,0.49699685,0.49629775
2023-10-12,CRM,1.0923375,1.0786439,1.0699417
2023-10-12,CSCO,4.7858038,4.763703,4.7103967
2023-10-12,IBM,2.3432161,2.3634778,2.3225991
2023-10-12,INTC,9.903904,10.087583,9.8294229
2023-10-12,MSFT,109.49812,110.59194,106.72883
2023-10-12,NKE,1.6974906,1.711919,1.6952217
2023-10-12,VZ,0.53182708,0.53838935,0.52294558
2023-10-12,WMT,1.585756,1.599946,1.5752218
2023-10-13,AAPL,7.4622373,7.5922974,7.3758273
2023-10-13,AMGN,0.49362331,0.50376551,0.48184926
2023-10-13,CRM,1.1244251,1.1370539,1.1078644
2023-10-13,CSCO,4.8048113,4.8025228,4.8080973
2023-10-13,IBM,2.3530538,2.3841212,2.3628909
2023-10-13,INTC,10.139405,10.327352,10.085847
2023-10-13,MSFT,109.45909,109.65476,107.59826
2023-10-13,NKE,1.6891569,1.7159938,1.6597055
2023-10-13,VZ,0.5156737,0.51756726,0.51687833
2023-10-13,WMT,1.5756022,1.5701625,1.5880147
2023-10-16,AAPL,7.6524517,7.8700527,7.551802
2023-10-16,AMGN,0.48486586,0.49129252,0.48120466
2023-10-16,CRM,1.1105719,1.1327966,1.1243078
2023-10-16,CSCO,4.9110492,4.8907311,4.9510601
2023-10-16,IBM,2.2933419,2.3308129,2.2731442
2023-10-16,INTC,10.082702,10.210321,9.8971293
2023-10-16,MSFT,109.40151,110.78191,108.89842
2023-10-16,NKE,1.6793671,1.6749499,1.6671152
2023-10-16,VZ,0.51795423,0.52331622,0.50836607
2023-10-16,WMT,1.5503538,1.5657466,1.5469348
2023-10-17,AAPL,7.6267255,7.6450681,7.6728053
2023-10-17,AMGN,0.47581478,0.47653548,0.46930278
2023-10-17,CRM,1.1327805,1.151657,1.131955
2023-10-17,CSCO,4.945034,5.0564378,4.9149035
2023-10-17,IBM,2.3058259,2.3265331,2.3219982
2023-10-17,INTC,10.106528,10.106007,10.073326
2023-10-17,MSFT,109.34376,108.84042,107.53301
2023-10-17,NKE,1.6726562,1.7057989,1.6803033
2023-10-17,VZ,0.52123983,0.53523753,0.51089464
2023-10-17,WMT,1.5575504,1.5747062,1.5439031
2023-10-18,AAPL,7.537638,7.7065486,7.4409551
2023-10-18,AMGN,0.4646334,0.47731096,0.44652356
2023-10-18,CRM,1.1657245,1.1739374,1.1461894
2023-10-18,CSCO,4.9647281,4.9043505,4.8866283
2023-10-18,IBM,2.3066313,2.3451276,2.2545842
2023-10-18,INTC,10.219558,10.282267,10.062579
2023-10-18,MSFT,107.7997,108.65716,104.93558
2023-10-18,NKE,1.5766191,1.5954278,1.5608004
2023-10-18,VZ,0.51619083,0.51742005,0.51074017
2023-10-18,WMT,1.5701975,1.5839314,1.5641117
2023-10-19,AAPL,7.43461,7.5308807,7.352475
2023-10-19,AMGN,0.45205545,0.45589177,0.44648099
2023-10-19,CRM,1.1939163,1.1844396,1.200518
2023-10-19,CSCO,4.9956829,5.0343151,4.8517301
2023-10-19,IBM,2.2814683,2.3103909,2.3047951
2023-10-19,INTC,10.3034,10.439116,10.14657
2023-10-19,MSFT,107.18113,107.65837,105.68955
2023-10-19,NKE,1.611317,1.6214388,1.6176121
2023-10-19,VZ,0.52089319,0.5279882,0.51796056
2023-10-19,WMT,1.5410168,1.5604944,1.549264
2023-10-20,AAPL,7.3525307,7.369525,7.3798719
2023-10-20,AMGN,0.45350178,0.45710855,0.44607687
2023-10-20,CRM,1.1948259,1.187419,1.1615544
2023-10-20,CSCO,5.0524318,4.9512131,4.9977788
2023-10-20,IBM,2.3021958,2.3287297,2.3135415
2023-10-20,INTC,10.3155,10.67148,10.153739
2023-10-20,MSFT,104.13209,105.08055,105.22189
2023-10-20,NKE,1.6414941,1.6459905,1.6406997
2023-10-20,VZ,0.52658539,0.53117649,0.5202699
2023-10-20,WMT,1.550942,1.5575221,1.5264935
2023-10-23,AAPL,7.2176097,7.3918858,7.0723495
2023-10-23,AMGN,0.45467141,0.45836645,0.45285627
2023-10-23,CRM,1.265826,1.2604791,1.2262846
2023-10-23,CSCO,5.1994252,5.1978229,5.1144965
2023-10-23,IBM,2.2792996,2.3062593,2.2662126
2023-10-23,INTC,9.9328483,10.079431,10.102583
2023-10-23,MSFT,102.7228,103.02281,100.77615
2023-10-23,NKE,1.6592707,1.6605228,1.6487534
2023-10-23,VZ,0.51744321,0.53304384,0.51496197
2023-10-23,WMT,1.5710319,1.5817633,1.5584514
2023-10-24,AAPL,6.9831205,7.0714446,7.0792664
2023-10-24,AMGN,0.4437899,0.45158645,0.43924207
2023-10-24,CRM,1.2544993,1.2268355,1.2132003
2023-10-24,CSCO,5.2405708,5.2763575,5.1755554
2023-10-24,IBM,2.2742615,2.2629742,2.2250267
2023-10-24,INTC,10.088833,10.052524,9.8030712
2023-10-24,MSFT,107.18039,109.19473,105.67496
2023-10-24,NKE,1.670486,1.6818748,1.683786
2023-10-24,VZ,0.51682676,0.52605843,0.51946277
2023-10-24,WMT,1.5592566,1.5501352,1.5462054
2023-10-25,AAPL,6.9865199,6.9787955,6.8168858
2023-10-25,AMGN,0.44837758,0.4589696,0.43610501
2023-10-25,CRM,1.240993,1.2612152,1.2241212
2023-10-25,CSCO,5.1773748,5.2667904,5.2222119
2023-10-25,IBM,2.279024,2.2979949,2.2567373
2023-10-25,INTC,9.8968601,9.8810419,9.6788659
2023-10-25,MSFT,106.37153,106.61977,106.9717
2023-10-25,NKE,1.7063578,1.7260792,1.7216594
2023-10-25,VZ,0.49606659,0.49947731,0.49460748
2023-10-25,WMT,1.5599645,1.5730241,1.5449263
2023-10-26,AAPL,6.6511475,6.7986436,6.6721897
2023-10-26,AMGN,0.4494153,0.45654338,0.44853424
2023-10-26,CRM,1.2223126,1.2433059,1.1799992
2023-10-26,CSCO,5.1334721,5.1206464,5.0194595
2023-10-26,IBM,2.2692044,2.311197,2.2839988
2023-10-26,INTC,9.8449919,9.8527237,9.6869383
2023-10-26,MSFT,104.06579,105.89395,103.90375
2023-10-26,NKE,1.7162402,1.7208695,1.7057298
2023-10-26,VZ,0.49969917,0.49536373,0.49091695
2023-10-26,WMT,1.5438204,1.5647064,1.5441038
2023-10-27,AAPL,6.7395922,6.7979801,6.6376295
2023-10-27,AMGN,0.45359542,0.46216785,0.4575137
2023-10-27,CRM,1.2088335,1.2345888,1.2258143
2023-10-27,CSCO,5.2242972,5.2082106,5.1960726
2023-10-27,IBM,2.258196,2.2829986,2.2706093
2023-10-27,INTC,9.7530746,9.8747525,9.4958367
2023-10-27,MSFT,105.42428,106.52501,104.06459
2023-10-27,NKE,1.7275169,1.740785,1.6924394
2023-10-27,VZ,0.49273198,0.49605709,0.48774046
2023-10-27,WMT,1.523013,1.5276808,1.5143675
2023-10-30,AAPL,6.6051139,6.7402806,6.3123557
2023-10-30,AMGN,0.47145036,0.48496013,0.47165403
2023-10-30,CRM,1.2366578,1.2486464,1.2189583
2023-10-30,CSCO,5.2501317,5.3334136,5.213108
2023-10-30,IBM,2.2560709,2.2910202,2.2616856
2023-10-30,INTC,9.770889,9.8193054,9.8205937
2023-10-30,MSFT,104.06814,105.2803,103.14102
2023-10-30,NKE,1.7437454,1.7563245,1.7332205
2023-10-30,VZ,0.48793122,0.49193658,0.48371928
2023-10-30,WMT,1.5183592,1.54199,1.4916357
2023-10-31,AAPL,6.5174474,6.5459844,6.504523
2023-10-31,AMGN,0.44703883,0.45168422,0.44707917
2023-10-31,CRM,1.2195368,1.234818,1.2206615
2023-10-31,CSCO,5.3378495,5.3870664,5.236139
2023-10-31,IBM,2.2545954,2.2721237,2.2319836
2023-10-31,INTC,10.074876,10.250779,9.9990476
2023-10-31,MSFT,104.37334,105.95314,103.98157
2023-10-31,NKE,1.7500165,1.7657867,1.7220563
2023-10-31,VZ,0.49504057,0.49862729,0.49604646
2023-10-31,WMT,1.5251445,1.5314415,1.5066451
2023-11-01,AAPL,6.5671382,6.4612422,6.3439633
2023-11-01,AMGN,0.43389212,0.43994796,0.43691296
2023-11-01,CRM,1.1701475,1.1995956,1.1355332
2023-11-01,CSCO,5.3272633,5.3148761,5.3368933
2023-11-01,IBM,2.2663961,2.2899516,2.25487
2023-11-01,INTC,10.169039,10.407959,10.212002
2023-11-01,MSFT,103.94093,106.56234,103.61614
2023-11-01,NKE,1.775198,1.8013536,1.7801808
2023-11-01,VZ,0.4853721,0.48730159,0.48264633
2023-11-01,WMT,1.5117975,1.5517571,1.4994762
2023-11-02,AAPL,6.4042462,6.5088039,6.4071221
2023-11-02,AMGN,0.44003196,0.43997132,0.43541775
2023-11-02,CRM,1.1282986,1.1452625,1.1393276
2023-11-02,CSCO,5.442086,5.4110347,5.4074147
2023-11-02,IBM,2.2687726,2.2794709,2.253149
2023-11-02,INTC,10.105951,10.038158,10.191322
2023-11-02,MSFT,102.22379,103.70539,102.68949
2023-11-02,NKE,1.7639638,1.7893142,1.7240424
2023-11-02,VZ,0.48581948,0.49446005,0.47190545
2023-11-02,WMT,1.4865433,1.4999017,1.490076
2023-11-03,AAPL,6.3762721,6.4264736,6.3334771
2023-11-03,AMGN,0.4484336,0.44892183,0.44100807
2023-11-03,CRM,1.0971211,1.1261007,1.0597266
2023-11-03,CSCO,5.574015,5.5195952,5.589589
2023-11-03,IBM,2.2770356,2.3044441,2.2769101
2023-11-03,INTC,9.9039512,9.9152712,9.8747385
2023-11-03,MSFT,99.007804,100.1545,99.758063
2023-11-03,NKE,1.7247746,1.7318119,1.6979484
2023-11-03,VZ,0.47839431,0.47892474,0.46967671
2023-11-03,WMT,1.4997054,1.5135735,1.484588
2023-11-06,AAPL,6.6105417,6.6384256,6.4609583
2023-11-06,AMGN,0.46019948,0.47552364,0.45930899
2023-11-06,CRM,1.0930735,1.0856333,1.0983988
2023-11-06,CSCO,5.4499023,5.4258343,5.4111463
2023-11-06,IBM,2.2637594,2.2548693,2.2697676
2023-11-06,INTC,9.6758706,9.6566108,9.4669813
2023-11-06,MSFT,102.97931,106.4607,102.01802
2023-11-06,NKE,1.7555965,1.8020802,1.7462766
2023-11-06,VZ,0.46054419,0.46547178,0.4608149
2023-11-06,WMT,1.4820191,1.5087755,1.4456482
2023-11-07,AAPL,6.7935094,6.8772357,6.611642
2023-11-07,AMGN,0.45850984,0.46954509,0.46124436
2023-11-07,CRM,1.0927443,1.1405671,1.0968729
2023-11-07,CSCO,5.5732464,5.713968,5.4775391
2023-11-07,IBM,2.2178963,2.2407521,2.2093888
2023-11-07,INTC,9.5695571,9.5064161,9.3837012
2023-11-07,MSFT,102.49716,102.38831,101.84486
2023-11-07,NKE,1.7300942,1.7376867,1.7281358
2023-11-07,VZ,0.46404617,0.46778604,0.46164929
2023-11-07,WMT,1.4828614,1.5127986,1.4857597
2023-11-08,AAPL,6.7314654,6.8644214,6.5731076
2023-11-08,AMGN,0.43488076,0.44013612,0.43429858
2023-11-08,CRM,1.0774596,1.0780999,1.0943766
2023-11-08,CSCO,5.4276298,5.4135658,5.3945242
2023-11-08,IBM,2.2379057,2.2326141,2.2489578
2023-11-08,INTC,9.526805,9.7822146,9.332916
2023-11-08,MSFT,102.95793,103.39016,100.64072
2023-11-08,NKE,1.7397725,1.7547418,1.7517117
2023-11-08,VZ,0.46191904,0.46178375,0.46472224
2023-11-08,WMT,1.4588036,1.4727922,1.448993
2023-11-09,AAPL,6.9340646,7.0218409,6.7572513
2023-11-09,AMGN,0.42449954,0.43419587,0.42229099
2023-11-09,CRM,1.1105448,1.1157787,1.0690158
2023-11-09,CSCO,5.4260874,5.4646765,5.4451788
2023-11-09,IBM,2.2341178,2.2593792,2.2133867
2023-11-09,INTC,9.4370668,9.5682076,9.3831642
2023-11-09,MSFT,104.03493,105.04129,103.77383
2023-11-09,NKE,1.7612361,1.790973,1.7458395
2023-11-09,VZ,0.45623396,0.46040014,0.45705706
2023-11-09,WMT,1.4707167,1.4879031,1.4577425
2023-11-10,AAPL,6.8889107,6.8746354,6.7190832
2023-11-10,AMGN,0.43049541,0.44251074,0.4292012
2023-11-10,CRM,1.1246906,1.1692427,1.0964267
2023-11-10,CSCO,5.4866686,5.5019147,5.4349767
2023-11-10,IBM,2.2152986,2.2303575,2.1827129
2023-11-10,INTC,9.5498791,9.8005293,9.5458752
2023-11-10,MSFT,103.1864,103.77921,102.69219
2023-11-10,NKE,1.7750549,1.7740992,1.7683037
2023-11-10,VZ,0.46355448,0.46827501,0.46048719
2023-11-10,WMT,1.4774723,1.4931615,1.4856445
2023-11-13,AAPL,6.9474865,6.9812234,6.8781802
2023-11-13,AMGN,0.420513,0.41681914,0.41459321
2023-11-13,CRM,1.1430891,1.1471921,1.1333307
2023-11-13,CSCO,5.3601937,5.362094,5.2577366
2023-11-13,IBM,2.2560391,2.273379,2.2484093
2023-11-13,INTC,9.6799094,9.7439044,9.7114119
2023-11-13,MSFT,100.77967,100.55255,98.75446
2023-11-13,NKE,1.7742434,1.797894,1.7696542
2023-11-13,VZ,0.45902798,0.4603688,0.46245014
2023-11-13,WMT,1.4661076,1.4598843,1.4596655
2023-11-14,AAPL,7.1685874,7.2102183,6.9822381
2023-11-14,AMGN,0.42735816,0.43045322,0.42714962
2023-11-14,CRM,1.1267825,1.1372149,1.117059
2023-11-14,CSCO,5.4327843,5.4834956,5.4056706
2023-11-14,IBM,2.2614602,2.3189957,2.2162941
2023-11-14,INTC,9.5508963,9.59673,9.5498118
2023-11-14,MSFT,102.56832,104.4054,100.61509
2023-11-14,NKE,1.8045042,1.8340187,1.80474
2023-11-14,VZ,0.46284617,0.47623734,0.45098503
2023-11-14,WMT,1.447675,1.463059,1.4354356
2023-11-15,AAPL,6.9488542,7.1080492,6.7254479
2023-11-15,AMGN,0.43399331,0.44165728,0.43653981
2023-11-15,CRM,1.0760198,1.0794733,1.0756187
2023-11-15,CSCO,5.5559745,5.6206795,5.5671485
2023-11-15,IBM,2.2423305,2.2642155,2.1951066
2023-11-15,INTC,9.7742536,9.7860721,9.7519095
2023-11-15,MSFT,101.17058,102.3318,100.68191
2023-11-15,NKE,1.7709507,1.7459618,1.7666558
2023-11-15,VZ,0.46190756,0.46808818,0.45653528
2023-11-15,WMT,1.4604813,1.4728591,1.4408418
2023-11-16,AAPL,6.8582885,6.9176646,6.763274
2023-11-16,AMGN,0.44182412,0.45465905,0.43446068
2023-11-16,CRM,1.0867038,1.0908272,1.0494288
2023-11-16,CSCO,5.4944178,5.6140339,5.5102148
2023-11-16,IBM,2.1766564,2.1785475,2.1640123
2023-11-16,INTC,9.6156196,9.6531921,9.5012985
2023-11-16,MSFT,101.03709,101.35355,101.38379
2023-11-16,NKE,1.7308715,1.727532,1.7276465
2023-11-16,VZ,0.46205277,0.457123,0.457864
2023-11-16,WMT,1.4183676,1.4415884,1.3917808
2023-11-17,AAPL,6.6587316,6.7748723,6.5469666
2023-11-17,AMGN,0.4425402,0.44435233,0.44485287
2023-11-17,CRM,1.0917313,1.0901192,1.0933297
2023-11-17,CSCO,5.4381003,5.4488461,5.3485078
2023-11-17,IBM,2.1880887,2.2219951,2.172538
2023-11-17,INTC,9.4903754,9.4756725,9.2518593
2023-11-17,MSFT,98.814266,99.167205,99.651099
2023-11-17,NKE,1.7673937,1.7714228,1.7618314
2023-11-17,VZ,0.4574316,0.45766079,0.45168241
2023-11-17,WMT,1.3836187,1.3961373,1.3619872
2023-11-20,AAPL,6.4458902,6.5133513,6.3756971
2023-11-20,AMGN,0.43447675,0.43383112,0.42588685
2023-11-20,CRM,1.0958323,1.1521676,1.0745593
2023-11-20,CSCO,5.314574,5.3724871,5.2631908
2023-11-20,IBM,2.1452482,2.1546876,2.1181523
2023-11-20,INTC,9.3321969,9.3878055,9.2906233
2023-11-20,MSFT,98.840779,99.24197,98.199598
2023-11-20,NKE,1.8150443,1.8496897,1.8223808
2023-11-20,VZ,0.46036619,0.46285373,0.45339548
2023-11-20,WMT,1.352332,1.3682857,1.3476011
2023-11-21,AAPL,6.4031217,6.4776385,6.3404378
2023-11-21,AMGN,0.4285581,0.42196293,0.4167253
2023-11-21,CRM,1.0508894,1.0366034,1.0313693
2023-11-21,CSCO,5.3662671,5.4010948,5.3390766
2023-11-21,IBM,2.1346096,2.1653157,2.1081863
2023-11-21,INTC,9.2743665,9.4506816,9.2089376
2023-11-21,MSFT,96.427179,97.717276,94.286008
2023-11-21,NKE,1.7990241,1.7991285,1.7551174
2023-11-21,VZ,0.46653813,0.46766452,0.45844399
2023-11-21,WMT,1.3306711,1.3490858,1.3340007
2023-11-22,AAPL,6.3981878,6.5102151,6.4219642
2023-11-22,AMGN,0.42471419,0.42938976,0.4238971
2023-11-22,CRM,1.0484713,1.0689613,1.0255777
2023-11-22,CSCO,5.3954092,5.3268447,5.4069055
2023-11-22,IBM,2.1854668,2.1986568,2.2063509
2023-11-22,INTC,9.1292366,9.1314937,9.1652187
2023-11-22,MSFT,93.600318,94.452043,93.023554
2023-11-22,NKE,1.8446155,1.8656957,1.8241109
2023-11-22,VZ,0.4592635,0.46694827,0.46164578
2023-11-22,WMT,1.3395329,1.3442914,1.3301547
2023-11-24,AAPL,6.3152582,6.4810037,6.2429832
2023-11-24,AMGN,0.41676872,0.4252744,0.41180422
2023-11-24,CRM,1.0220156,1.0389712,1.0073384
2023-11-24,CSCO,5.2646496,5.3895536,5.1068019
2023-11-24,IBM,2.2076378,2.2073518,2.1925179
2023-11-24,INTC,9.3686894,9.2753432,9.2884632
2023-11-24,MSFT,92.70219,95.718639,90.044489
2023-11-24,NKE,1.8732155,1.8931312,1.8623741
2023-11-24,VZ,0.44469987,0.44344639,0.44156848
2023-11-24,WMT,1.3422435,1.3490602,1.3213691
2023-11-27,AAPL,6.2555948,6.3541393,6.1238665
2023-11-27,AMGN,0.41198998,0.41847727,0.40409243
2023-11-27,CRM,0.97158162,0.98947466,0.95159846
2023-11-27,CSCO,5.3170696,5.4179313,5.3520951
2023-11-27,IBM,2.1846832,2.2041254,2.1653675
2023-11-27,INTC,9.2808676,9.2121086,9.2043989
2023-11-27,MSFT,90.490933,91.362195,90.230175
2023-11-27,NKE,1.8937503,1.9093559,1.9134307
2023-11-27,VZ,0.44333003,0.44663273,0.43900138
2023-11-27,WMT,1.3251816,1.336578,1.3269422
2023-11-28,AAPL,6.2101518,6.2451454,6.057785
2023-11-28,AMGN,0.41026309,0.42111305,0.40551472
2023-11-28,CRM,0.95903273,0.96864706,0.92411609
2023-11-28,CSCO,5.2006004,5.2361383,5.1808782
2023-11-28,IBM,2.206637,2.2305386,2.1794687
2023-11-28,INTC,9.1959337,9.1150119,9.0814598
2023-11-28,MSFT,88.571271,89.512679,87.215135
2023-11-28,NKE,1.9745143,1.9786605,1.9531383
2023-11-28,VZ,0.44420412,0.44354183,0.441577
2023-11-28,WMT,1.3142861,1.3147392,1.3158588
2023-11-29,AAPL,6.0032894,6.0095685,5.8292392
2023-11-29,AMGN,0.4120035,0.41745543,0.40957257
2023-11-29,CRM,0.96381656,0.97352986,0.96186275
2023-11-29,CSCO,5.2810061,5.33444,5.1774333
2023-11-29,IBM,2.2384612,2.2666078,2.2307662
2023-11-29,INTC,9.2891985,9.4217483,9.1463337
2023-11-29,MSFT,90.341048,91.325929,89.498809
2023-11-29,NKE,1.8844339,1.8979137,1.8476914
2023-11-29,VZ,0.45237924,0.45452686,0.45452443
2023-11-29,WMT,1.3113487,1.3247825,1.3140777
2023-11-30,AAPL,5.8178262,5.8354213,5.7281235
2023-11-30,AMGN,0.40329784,0.40771269,0.40271433
2023-11-30,CRM,0.94058338,0.96082385,0.91714361
2023-11-30,CSCO,5.2527683,5.2720759,5.1532133
2023-11-30,IBM,2.1911862,2.1997213,2.1277112
2023-11-30,INTC,9.4787074,9.409959,9.5076567
2023-11-30,MSFT,89.227525,88.846718,88.927318
2023-11-30,NKE,1.9140912,1.9209541,1.8969811
2023-11-30,VZ,0.45131536,0.45730826,0.44308537
2023-11-30,WMT,1.3083056,1.3171474,1.2986849
2023-12-01,AAPL,5.9704603,6.067543,6.0194938
2023-12-01,AMGN,0.40055259,0.41319162,0.4000205
2023-12-01,CRM,0.9399234,0.95045868,0.92508797
2023-12-01,CSCO,5.152028,5.2776969,5.1703567
2023-12-01,IBM,2.149288,2.1615802,2.1366675
2023-12-01,INTC,9.2907373,9.5146867,9.2297034
2023-12-01,MSFT,88.278645,88.800365,87.859899
2023-12-01,NKE,1.9285402,1.9675385,1.8904108
2023-12-01,VZ,0.45225247,0.46089225,0.44826735
2023-12-01,WMT,1.3133346,1.3252875,1.3145882
2023-12-04,AAPL,6.0132673,6.0810492,5.9732398
2023-12-04,AMGN,0.39750751,0.39345736,0.39676196
2023-12-04,CRM,0.93260004,0.93706714,0.91100359
2023-12-04,CSCO,5.2797216,5.2872466,5.2477126
2023-12-04,IBM,2.1260591,2.1178136,2.114171
2023-12-04,INTC,9.285959,9.3462436,9.1781996
2023-12-04,MSFT,90.209555,90.023342,88.737637
2023-12-04,NKE,1.8697852,1.8931984,1.8645537
2023-12-04,VZ,0.45132093,0.45029235,0.4486623
2023-12-04,WMT,1.3283683,1.3486989,1.2961713
2023-12-05,AAPL,6.0717868,6.2255624,6.0326386
2023-12-05,AMGN,0.40756913,0.4195398,0.40247126
2023-12-05,CRM,0.91565318,0.91109571,0.8730171
2023-12-05,CSCO,5.4411323,5.4188667,5.460075
2023-12-05,IBM,2.1075769,2.1198873,2.0756971
2023-12-05,INTC,9.1493221,9.3267361,8.9295018
2023-12-05,MSFT,91.525084,92.037502,90.906211
2023-12-05,NKE,1.8888219,1.9133516,1.9052882
2023-12-05,VZ,0.45019424,0.46029808,0.45227224
2023-12-05,WMT,1.3114141,1.3274836,1.2784833
2023-12-06,AAPL,5.7828734,5.7364383,5.8368257
2023-12-06,AMGN,0.40587103,0.40859613,0.40852477
2023-12-06,CRM,0.91715202,0.91159359,0.89934932
2023-12-06,CSCO,5.5741496,5.7047525,5.5327066
2023-12-06,IBM,2.0893342,2.1046492,2.0764914
2023-12-06,INTC,9.1788942,9.2546791,9.091347
2023-12-06,MSFT,92.822949,92.716976,91.292715
2023-12-06,NKE,1.9456611,1.934196,1.9381134
2023-12-06,VZ,0.45008777,0.46308099,0.44283776
2023-12-06,WMT,1.2921082,1.3210655,1.3015354
2023-12-07,AAPL,5.8928432,6.044941,5.8999298
2023-12-07,AMGN,0.39419838,0.39989105,0.38751829
2023-12-07,CRM,0.92822507,0.92293951,0.90600644
2023-12-07,CSCO,5.5921449,5.5864455,5.5504462
2023-12-07,IBM,2.0880241,2.0918334,2.0819573
2023-12-07,INTC,8.9385713,8.9481987,8.7830463
2023-12-07,MSFT,93.093469,93.133487,94.113294
2023-12-07,NKE,1.9214453,1.939155,1.9193042
2023-12-07,VZ,0.45085843,0.45071047,0.45027117
2023-12-07,WMT,1.2986768,1.2965985,1.2791681
2023-12-08,AAPL,5.7812119,5.9913728,5.7653936
2023-12-08,AMGN,0.3931476,0.40436246,0.39213483
2023-12-08,CRM,0.91458799,0.92578837,0.90286743
2023-12-08,CSCO,5.5689158,5.6285642,5.5257821
2023-12-08,IBM,2.0690016,2.101713,2.0401347
2023-12-08,INTC,8.9794614,8.9966311,8.8477898
2023-12-08,MSFT,93.600557,94.372014,90.949325
2023-12-08,NKE,1.9034155,1.9138202,1.8862186
2023-12-08,VZ,0.45249642,0.44445963,0.44865592
2023-12-08,WMT,1.2902076,1.2922724,1.30515
2023-12-11,AAPL,5.7509919,5.8036939,5.6386319
2023-12-11,AMGN,0.39502577,0.39360659,0.39700339
2023-12-11,CRM,0.88848629,0.89042529,0.85372741
2023-12-11,CSCO,5.7840093,5.8167292,5.7390027
2023-12-11,IBM,2.0127269,2.0353154,1.9748434
2023-12-11,INTC,8.8795302,8.9934653,8.7566209
2023-12-11,MSFT,90.961326,92.055179,90.582017
2023-12-11,NKE,1.8856015,1.8853825,1.8431672
2023-12-11,VZ,0.45024767,0.45356046,0.44447949
2023-12-11,WMT,1.2824978,1.2996499,1.2819818
2023-12-12,AAPL,5.7962306,5.9619121,5.5576834
2023-12-12,AMGN,0.3915017,0.39784018,0.38794976
2023-12-12,CRM,0.8840671,0.87879396,0.91401118
2023-12-12,CSCO,5.863023,5.8630894,5.9377201
2023-12-12,IBM,2.0294374,2.0226445,2.0369507
2023-12-12,INTC,9.0219507,8.8525664,8.8995201
2023-12-12,MSFT,91.998782,93.136499,91.848944
2023-12-12,NKE,1.8550009,1.8743272,1.8511727
2023-12-12,VZ,0.45237688,0.46002741,0.44785495
2023-12-12,WMT,1.276675,1.2828089,1.2545131
2023-12-13,AAPL,5.6645062,5.7651209,5.4581344
2023-12-13,AMGN,0.3942401,0.39561584,0.39885784
2023-12-13,CRM,0.88034288,0.87665784,0.88003681
2023-12-13,CSCO,5.8493342,5.9410452,5.655216
2023-12-13,IBM,2.0528726,2.0655255,2.0329224
2023-12-13,INTC,9.1479344,9.3633446,9.1535866
2023-12-13,MSFT,93.050624,93.343666,91.79944
2023-12-13,NKE,1.8069831,1.8103892,1.7650846
2023-12-13,VZ,0.44712916,0.45092314,0.45081446
2023-12-13,WMT,1.2662777,1.2685933,1.270102
2023-12-14,AAPL,5.523891,5.5157721,5.5216462
2023-12-14,AMGN,0.39263017,0.39818804,0.39228479
2023-12-14,CRM,0.86225289,0.88548002,0.83662359
2023-12-14,CSCO,5.8703803,5.880848,5.7384029
2023-12-14,IBM,2.0441937,2.0423552,2.0239633
2023-12-14,INTC,9.1150402,9.1530602,9.0803207
2023-12-14,MSFT,91.852638,91.870749,91.102486
2023-12-14,NKE,1.7737772,1.7870096,1.7143877
2023-12-14,VZ,0.43921729,0.43590109,0.43379208
2023-12-14,WMT,1.2575684,1.2630816,1.2558046
2023-12-15,AAPL,5.575903,5.6931068,5.5101074
2023-12-15,AMGN,0.39419447,0.40333195,0.3953398
2023-12-15,CRM,0.90111349,0.9303402,0.90735767
2023-12-15,CSCO,5.9735239,5.9886795,5.8913077
2023-12-15,IBM,1.9977509,2.0153228,1.9998947
2023-12-15,INTC,8.9752227,8.9999296,8.7538323
2023-12-15,MSFT,91.894123,91.106567,90.89201
2023-12-15,NKE,1.7854112,1.7875344,1.791444
2023-12-15,VZ,0.44413468,0.44716467,0.43928198
2023-12-15,WMT,1.2559647,1.2710863,1.2323101
2023-12-18,AAPL,5.6008653,5.6712196,5.5737264
2023-12-18,AMGN,0.3903633,0.4004115,0.38512447
2023-12-18,CRM,0.93589611,0.95957051,0.93611947
2023-12-18,CSCO,6.1867518,6.078761,6.1434299
2023-12-18,IBM,1.9663492,1.9974325,1.9662851
2023-12-18,INTC,8.8935063,8.7965033,8.8201493
2023-12-18,MSFT,90.494469,90.919972,90.200923
2023-12-18,NKE,1.7931215,1.8145449,1.7677222
2023-12-18,VZ,0.44214859,0.44759393,0.43583128
2023-12-18,WMT,1.2398151,1.2591285,1.2507107
2023-12-19,AAPL,5.5664216,5.6062975,5.35954
2023-12-19,AMGN,0.39772401,0.41119648,0.39505839
2023-12-19,CRM,0.95522915,0.98419186,0.95279206
2023-12-19,CSCO,6.2040343,6.34372,6.0825811
2023-12-19,IBM,2.0137018,2.0438949,1.9879711
2023-12-19,INTC,8.6076127,8.7101444,8.5070249
2023-12-19,MSFT,89.524682,88.880963,88.733351
2023-12-19,NKE,1.793658,1.7891619,1.81619
2023-12-19,VZ,0.43859798,0.44517537,0.43741106
2023-12-19,WMT,1.2320101,1.2395859,1.2276133
2023-12-20,AAPL,5.5135994,5.5280962,5.3910461
2023-12-20,AMGN,0.3954387,0.39567874,0.39288859
2023-12-20,CRM,0.97164833,1.0001095,0.95395936
2023-12-20,CSCO,6.231842,6.3482304,6.2498913
2023-12-20,IBM,1.9792163,1.9928162,1.9966689
2023-12-20,INTC,9.1647395,9.2626906,9.2394505
2023-12-20,MSFT,88.794317,89.333977,88.349075
2023-12-20,NKE,1.8558179,1.8848002,1.8211309
2023-12-20,VZ,0.43378736,0.43429098,0.43202299
2023-12-20,WMT,1.2290865,1.2366889,1.2133765
2023-12-21,AAPL,5.6620813,5.7772769,5.5330741
2023-12-21,AMGN,0.39734322,0.39763387,0.39505916
2023-12-21,CRM,0.97016087,0.97781496,0.97971675
2023-12-21,CSCO,6.0462038,6.0910454,5.9017887
2023-12-21,IBM,2.012072,2.0127448,1.9862974
2023-12-21,INTC,9.1435156,9.1553224,9.1921859
2023-12-21,MSFT,87.713242,87.48068,85.471996
2023-12-21,NKE,1.8509515,1.8711838,1.8378743
2023-12-21,VZ,0.43676827,0.44466916,0.44109039
2023-12-21,WMT,1.2056204,1.214381,1.1958815
2023-12-22,AAPL,5.622292,5.7289456,5.5155435
2023-12-22,AMGN,0.39019115,0.39709723,0.38639059
2023-12-22,CRM,0.9779368,0.99035785,0.93031527
2023-12-22,CSCO,5.9855092,6.0669057,5.936549
2023-12-22,IBM,2.0375751,2.0736447,2.0705823
2023-12-22,INTC,9.1931307,9.2517146,9.1389776
2023-12-22,MSFT,87.034891,89.39288,85.789779
2023-12-22,NKE,1.8284766,1.8785484,1.8162039
2023-12-22,VZ,0.44790632,0.45730981,0.435995
2023-12-22,WMT,1.2155925,1.2259998,1.2306129
2023-12-26,AAPL,5.6506041,5.7605829,5.6903946
2023-12-26,AMGN,0.38812712,0.3950242,0.38369757
2023-12-26,CRM,0.95987406,0.9580889,0.95687106
2023-12-26,CSCO,6.0776341,6.0664531,6.1116918
2023-12-26,IBM,2.0774764,2.1004906,2.0475993
2023-12-26,INTC,9.2769491,9.1547407,9.2238035
2023-12-26,MSFT,86.119091,85.939396,82.880173
2023-12-26,NKE,1.869512,1.8707728,1.8628729
2023-12-26,VZ,0.43900767,0.44108145,0.43250415
2023-12-26,WMT,1.2148485,1.2257717,1.2108316
2023-12-27,AAPL,5.6657544,5.7325782,5.498983
2023-12-27,AMGN,0.39158256,0.39938148,0.39143386
2023-12-27,CRM,0.93999651,0.9487527,0.92766331
2023-12-27,CSCO,6.1050063,6.1120628,6.1355095
2023-12-27,IBM,2.1225197,2.1289521,2.107356
2023-12-27,INTC,9.2731306,9.4525241,9.1082913
2023-12-27,MSFT,83.215541,82.921719,82.882941
2023-12-27,NKE,1.886382,1.8990181,1.8750407
2023-12-27,VZ,0.4333375,0.42957201,0.42487215
2023-12-27,WMT,1.1925537,1.1982337,1.1929917
2023-12-28,AAPL,5.5268128,5.4567724,5.4060063
2023-12-28,AMGN,0.38362722,0.3903725,0.38937353
2023-12-28,CRM,0.97768636,0.98741695,0.95669584
2023-12-28,CSCO,5.9291076,5.9952533,5.8729089
2023-12-28,IBM,2.0689045,2.0699734,2.0617217
2023-12-28,INTC,9.3944516,9.4194065,9.2566052
2023-12-28,MSFT,84.182778,85.2587,82.48099
2023-12-28,NKE,1.8832278,1.8809685,1.839649
2023-12-28,VZ,0.43149887,0.43537205,0.43158066
2023-12-28,WMT,1.1717217,1.1877471,1.1630922
2023-12-29,AAPL,5.456236,5.568765,5.3880582
2023-12-29,AMGN,0.39897771,0.39631461,0.39904397
2023-12-29,CRM,0.99294014,1.0075854,0.99709331
2023-12-29,CSCO,6.010098,6.0995874,6.00769
2023-12-29,IBM,2.0707892,2.099885,2.0631793
2023-12-29,INTC,9.3547101,9.361478,9.2834848
2023-12-29,MSFT,84.895746,87.443871,84.313663
2023-12-29,NKE,1.8461634,1.8632053,1.8096825
2023-12-29,VZ,0.42996175,0.43209249,0.43316747
2023-12-29,WMT,1.1721029,1.1929177,1.1496608
2024-01-02,AAPL,5.4849303,5.5946563,5.4356568
2024-01-02,AMGN,0.38767021,0.38924042,0.38474677
2024-01-02,CRM,1.0410753,1.0612784,1.0391563
2024-01-02,CSCO,6.0233796,6.0578227,5.9826403
2024-01-02,IBM,2.0695967,2.0599575,2.0690216
2024-01-02,INTC,9.5938828,9.7563792,9.5575624
2024-01-02,MSFT,84.432,85.241051,83.27751
2024-01-02,NKE,1.7997414,1.8232558,1.7833715
2024-01-02,VZ,0.42729167,0.43127511,0.4256652
2024-01-02,WMT,1.1615397,1.1700874,1.1496044
2024-01-03,AAPL,5.3006917,5.3513536,5.1460962
2024-01-03,AMGN,0.38113745,0.38733216,0.3772873
2024-01-03,CRM,1.0983187,1.0990819,1.0366895
2024-01-03,CSCO,6.1409811,6.2187392,6.0756468
2024-01-03,IBM,2.0785897,2.1166347,2.0643984
2024-01-03,INTC,9.4232102,9.3733511,9.570294
2024-01-03,MSFT,83.806942,84.660316,83.230106
2024-01-03,NKE,1.8083873,1.857359,1.8231101
2024-01-03,VZ,0.42801622,0.43020053,0.42710545
2024-01-03,WMT,1.1410664,1.156549,1.1417914
2024-01-04,AAPL,5.1882671,5.2516307,5.1588925
2024-01-04,AMGN,0.38448354,0.38753778,0.37567738
2024-01-04,CRM,1.1107287,1.1321114,1.0843048
2024-01-04,CSCO,6.2730088,6.377007,6.1899966
2024-01-04,IBM,2.1389456,2.1504417,2.1086343
2024-01-04,INTC,9.6489213,9.7893002,9.6153372
2024-01-04,MSFT,87.040888,87.580175,85.60212
2024-01-04,NKE,1.8442074,1.8403291,1.8415526
2024-01-04,VZ,0.44052024,0.43502794,0.44151223
2024-01-04,WMT,1.1328387,1.1306646,1.1336826
2024-01-05,AAPL,5.314927,5.361383,5.2909434
2024-01-05,AMGN,0.36935915,0.37099011,0.36249819
2024-01-05,CRM,1.0662003,1.0886807,1.0276383
2024-01-05,CSCO,6.3503302,6.3618429,6.231328
2024-01-05,IBM,2.136596,2.133274,2.1364186
2024-01-05,INTC,9.6284857,9.6743704,9.5680377
2024-01-05,MSFT,88.642264,90.45653,87.61985
2024-01-05,NKE,1.9098622,1.9197444,1.9098099
2024-01-05,VZ,0.43522029,0.44174932,0.42950836
2024-01-05,WMT,1.0931295,1.0890197,1.0868071
2024-01-08,AAPL,5.2942211,5.4490772,5.072511
2024-01-08,AMGN,0.37093914,0.37437605,0.36919716
2024-01-08,CRM,1.0573937,1.086333,1.040917
2024-01-08,CSCO,6.3734235,6.4925374,6.3757173
2024-01-08,IBM,2.0854751,2.0999668,2.0658204
2024-01-08,INTC,9.4563657,9.5461416,9.4120532
2024-01-08,MSFT,85.829841,87.176591,84.035178
2024-01-08,NKE,1.9841904,2.0501609,1.9703146
2024-01-08,VZ,0.42848877,0.42956814,0.42199055
2024-01-08,WMT,1.1055079,1.120327,1.0812797
2024-01-09,AAPL,5.292111,5.4002054,5.1451394
2024-01-09,AMGN,0.36408018,0.36975466,0.36137261
2024-01-09,CRM,1.0649784,1.0701391,1.067652
2024-01-09,CSCO,6.1564621,6.2510752,6.0687686
2024-01-09,IBM,2.0839259,2.0784258,2.088362
2024-01-09,INTC,9.7535812,9.881629,9.5786638
2024-01-09,MSFT,85.194343,85.699917,84.715546
2024-01-09,NKE,1.9727856,2.014681,1.9683421
2024-01-09,VZ,0.42759068,0.43064155,0.41678781
2024-01-09,WMT,1.0959232,1.1174611,1.0921495
2024-01-10,AAPL,5.2945201,5.2567066,5.3195757
2024-01-10,AMGN,0.36112291,0.36571617,0.35604493
2024-01-10,CRM,1.045619,1.0541259,1.0201643
2024-01-10,CSCO,6.146273,6.152106,6.0739189
2024-01-10,IBM,2.0525712,2.0659553,2.0644003
2024-01-10,INTC,9.7227324,9.7466862,9.6267482
2024-01-10,MSFT,85.606076,86.058179,85.033828
2024-01-10,NKE,2.0158585,2.05815,2.0111469
2024-01-10,VZ,0.4251881,0.4270088,0.42370025
2024-01-10,WMT,1.0915654,1.1063996,1.0790984
2024-01-11,AAPL,5.1002246,5.0261043,5.1197522
2024-01-11,AMGN,0.36496787,0.3738562,0.36103609
2024-01-11,CRM,1.0693602,1.088642,1.0679003
2024-01-11,CSCO,6.3290185,6.30388,6.28897
2024-01-11,IBM,1.991582,2.0370436,1.9737045
2024-01-11,INTC,10.026676,10.079031,9.9336346
2024-01-11,MSFT,85.17643,85.625686,85.131236
2024-01-11,NKE,1.9792949,1.9920598,1.9612517
2024-01-11,VZ,0.41918058,0.42301484,0.41727327
2024-01-11,WMT,1.0952284,1.1171706,1.0885195
2024-01-12,AAPL,5.1854258,5.2001452,5.0986968
2024-01-12,AMGN,0.35967678,0.36610663,0.36074227
2024-01-12,CRM,1.0325176,1.03741,1.006073
2024-01-12,CSCO,6.4957858,6.430684,6.3994038
2024-01-12,IBM,1.9844546,1.9887847,1.9826414
2024-01-12,INTC,10.149932,10.336965,10.1131
2024-01-12,MSFT,85.027381,85.555591,83.695301
2024-01-12,NKE,1.953398,1.9672284,1.8648023
2024-01-12,VZ,0.42039685,0.42470841,0.42471087
2024-01-12,WMT,1.089072,1.0994482,1.070712
2024-01-16,AAPL,4.994985,5.0592387,4.8472116
2024-01-16,AMGN,0.35740348,0.36380368,0.34799985
2024-01-16,CRM,1.0662196,1.0668021,1.0655779
2024-01-16,CSCO,6.5252423,6.5327783,6.5625015
2024-01-16,IBM,1.9967577,2.0110753,1.9884803
2024-01-16,INTC,10.013666,10.147096,9.9225853
2024-01-16,MSFT,83.860893,82.619336,81.807175
2024-01-16,NKE,1.9536151,1.9564212,1.9440326
2024-01-16,VZ,0.41660588,0.42556548,0.415899
2024-01-16,WMT,1.0854031,1.0933176,1.0906366
2024-01-17,AAPL,4.8461398,4.9233443,4.7982377
2024-01-17,AMGN,0.35724517,0.35891424,0.35342197
2024-01-17,CRM,1.0383252,1.0569694,1.0428924
2024-01-17,CSCO,6.4216657,6.4139641,6.2765116
2024-01-17,IBM,2.0384424,2.0694168,2.0348085
2024-01-17,INTC,9.9896757,10.184316,9.9433905
2024-01-17,MSFT,82.409518,82.817567,82.463314
2024-01-17,NKE,1.9396747,1.948582,1.9293074
2024-01-17,VZ,0.41717501,0.42076211,0.41104793
2024-01-17,WMT,1.0994016,1.1103183,1.0813502
2024-01-18,AAPL,4.7677788,4.8319619,4.6989446
2024-01-18,AMGN,0.35282395,0.35521429,0.34849396
2024-01-18,CRM,1.081579,1.0904105,1.082454
2024-01-18,CSCO,6.2023855,6.2559286,6.1036285
2024-01-18,IBM,2.0191622,2.0600114,1.9705858
2024-01-18,INTC,9.8094536,9.7388325,9.6751406
2024-01-18,MSFT,80.646965,80.403662,80.220921
2024-01-18,NKE,1.953023,1.9449228,1.9282176
2024-01-18,VZ,0.41616688,0.42423898,0.42077172
2024-01-18,WMT,1.0849756,1.0884091,1.0784957
2024-01-19,AAPL,4.6618601,4.6267853,4.6658564
2024-01-19,AMGN,0.35399652,0.35426301,0.34929571
2024-01-19,CRM,1.0609867,1.0989125,1.0377202
2024-01-19,CSCO,6.3439054,6.3508485,6.337782
2024-01-19,IBM,2.050336,2.067743,2.0252265
2024-01-19,INTC,9.8613375,9.9650727,9.584289
2024-01-19,MSFT,80.863249,81.404698,79.357468
2024-01-19,NKE,2.0017108,2.0378416,2.0003156
2024-01-19,VZ,0.41364399,0.41654382,0.41079181
2024-01-19,WMT,1.0675762,1.0645,1.0642456
2024-01-22,AAPL,4.8160209,4.8889346,4.7693201
2024-01-22,AMGN,0.35496064,0.35946144,0.35064525
2024-01-22,CRM,1.0844572,1.1067127,1.0933939
2024-01-22,CSCO,6.3927574,6.4298073,6.4718853
2024-01-22,IBM,2.0422723,2.0514022,2.0436284
2024-01-22,INTC,9.588642,9.691102,9.6180528
2024-01-22,MSFT,79.351756,80.489077,79.040535
2024-01-22,NKE,2.0095228,2.000323,1.95239
2024-01-22,VZ,0.41116602,0.41469817,0.40916036
2024-01-22,WMT,1.0794094,1.0856709,1.0828788
2024-01-23,AAPL,4.6768014,4.7047581,4.6022102
2024-01-23,AMGN,0.34933753,0.35647761,0.34309609
2024-01-23,CRM,1.0745175,1.1035466,1.0312573
2024-01-23,CSCO,6.4163126,6.3667458,6.4182202
2024-01-23,IBM,2.0236351,2.0430165,2.0217853
2024-01-23,INTC,9.5688538,9.7577132,9.6125425
2024-01-23,MSFT,78.489712,77.776768,77.946031
2024-01-23,NKE,2.0181093,2.0167113,2.0350161
2024-01-23,VZ,0.41128954,0.41210191,0.39986448
2024-01-23,WMT,1.0943257,1.1084113,1.0793266
2024-01-24,AAPL,4.8088069,4.9247562,4.760839
2024-01-24,AMGN,0.34018616,0.33928529,0.33644136
2024-01-24,CRM,1.0716097,1.0603925,1.061231
2024-01-24,CSCO,6.51755,6.6131851,6.547782
2024-01-24,IBM,1.9834807,1.9730728,1.9713517
2024-01-24,INTC,9.3250711,9.4319682,9.2697367
2024-01-24,MSFT,76.278606,76.032773,76.096729
2024-01-24,NKE,2.0672978,2.1180612,2.0392416
2024-01-24,VZ,0.40666539,0.40773816,0.39905415
2024-01-24,WMT,1.0975849,1.1149893,1.0899121
2024-01-25,AAPL,4.7000901,4.7317238,4.6015223
2024-01-25,AMGN,0.33946913,0.33843354,0.33505743
2024-01-25,CRM,1.0255455,1.0315961,0.98419948
2024-01-25,CSCO,6.498534,6.5292054,6.5231202
2024-01-25,IBM,1.9636042,2.0042943,1.972701
2024-01-25,INTC,9.2440934,9.1595263,9.1222892
2024-01-25,MSFT,76.731912,77.897973,75.272387
2024-01-25,NKE,2.0367029,2.0794082,2.028581
2024-01-25,VZ,0.41143375,0.4117397,0.40781748
2024-01-25,WMT,1.1016152,1.113036,1.0928948
2024-01-26,AAPL,4.6233743,4.6424082,4.5178593
2024-01-26,AMGN,0.3363483,0.33892815,0.33380528
2024-01-26,CRM,1.0437215,1.0433857,1.03141
2024-01-26,CSCO,6.2696166,6.2139957,6.2520251
2024-01-26,IBM,1.9359298,1.9557588,1.9357303
2024-01-26,INTC,9.3274847,9.2812609,9.3793047
2024-01-26,MSFT,75.897314,77.480863,75.824991
2024-01-26,NKE,1.9786126,1.98785,1.9648224
2024-01-26,VZ,0.41369332,0.41984319,0.4106175
2024-01-26,WMT,1.0865197,1.0905606,1.0701947
2024-01-29,AAPL,4.7300463,4.8118322,4.7007003
2024-01-29,AMGN,0.33353179,0.33102463,0.33389503
2024-01-29,CRM,1.0392669,1.0351505,1.0155361
2024-01-29,CSCO,6.4045194,6.5207162,6.3166313
2024-01-29,IBM,1.9833152,1.9929244,1.9865193
2024-01-29,INTC,9.3007667,9.4146629,9.1545762
2024-01-29,MSFT,73.87118,74.402111,73.290456
2024-01-29,NKE,1.9673539,2.0062304,1.948319
2024-01-29,VZ,0.409506,0.40722764,0.40705727
2024-01-29,WMT,1.089662,1.1016101,1.0800912
2024-01-30,AAPL,4.7360263,4.8340682,4.7168637
2024-01-30,AMGN,0.33531525,0.33548166,0.33406936
2024-01-30,CRM,1.111419,1.1110302,1.0712548
2024-01-30,CSCO,6.4996399,6.4135197,6.5288706
2024-01-30,IBM,1.9466292,1.9469735,1.9384242
2024-01-30,INTC,9.1566107,9.1987283,9.2634661
2024-01-30,MSFT,70.143535,70.740832,70.05702
2024-01-30,NKE,1.9782699,1.9950318,1.9706324
2024-01-30,VZ,0.41274969,0.41327922,0.4092089
2024-01-30,WMT,1.0818948,1.0933494,1.0666219
2024-01-31,AAPL,4.7744243,4.7752979,4.7715088
2024-01-31,AMGN,0.32018698,0.32842887,0.31937918
2024-01-31,CRM,1.1049995,1.0993554,1.0634625
2024-01-31,CSCO,6.4892182,6.4923117,6.3922335
2024-01-31,IBM,1.8945173,1.9093589,1.848561
2024-01-31,INTC,8.9804612,8.7870388,8.8147399
2024-01-31,MSFT,69.86863,69.801324,69.583846
2024-01-31,NKE,1.9387338,1.9960857,1.9445532
2024-01-31,VZ,0.41447361,0.42340905,0.41280428
2024-01-31,WMT,1.1046105,1.125261,1.1095686
2024-02-01,AAPL,4.7264165,4.698611,4.6995723
2024-02-01,AMGN,0.32017005,0.32493394,0.3190296
2024-02-01,CRM,1.0365182,1.0773983,1.0193234
2024-02-01,CSCO,6.444085,6.5113766,6.3749414
2024-02-01,IBM,1.9141671,1.9124613,1.871607
2024-02-01,INTC,8.7764853,8.9141442,8.6690136
2024-02-01,MSFT,70.124427,69.962107,69.130539
2024-02-01,NKE,1.9941232,2.0127203,1.9774682
2024-02-01,VZ,0.41185612,0.41241759,0.40518692
2024-02-01,WMT,1.1181763,1.1257748,1.1028166
2024-02-02,AAPL,4.8553543,4.9040236,4.7670072
2024-02-02,AMGN,0.3145539,0.3200657,0.31451892
2024-02-02,CRM,0.99413271,1.0130112,0.9909749
2024-02-02,CSCO,6.4993813,6.5974128,6.5169179
2024-02-02,IBM,1.9486341,1.9556351,1.9516473
2024-02-02,INTC,8.6314302,8.7669497,8.4502738
2024-02-02,MSFT,70.760512,70.963684,70.941162
2024-02-02,NKE,1.9826879,1.9989283,1.9570774
2024-02-02,VZ,0.40969702,0.42203471,0.40236513
2024-02-02,WMT,1.1156586,1.1216892,1.1122391
2024-02-05,AAPL,4.8252259,4.8687787,4.7963589
2024-02-05,AMGN,0.32125556,0.32000307,0.31270285
2024-02-05,CRM,0.9894549,1.0118177,1.0011519
2024-02-05,CSCO,6.5784961,6.6286484,6.4928042
2024-02-05,IBM,1.9279349,1.9329805,1.9169839
2024-02-05,INTC,8.7351697,8.6488104,8.5970384
2024-02-05,MSFT,69.094732,70.003441,68.550123
2024-02-05,NKE,2.010045,1.9912481,2.0342292
2024-02-05,VZ,0.41082287,0.41298119,0.40293244
2024-02-05,WMT,1.104307,1.1107978,1.1100645
2024-02-06,AAPL,4.8571295,4.8311428,4.708393
2024-02-06,AMGN,0.31578712,0.31606482,0.31597711
2024-02-06,CRM,1.0018422,1.0132955,0.99958718
2024-02-06,CSCO,6.5588049,6.5863698,6.5397969
2024-02-06,IBM,1.9085674,1.9026833,1.8886899
2024-02-06,INTC,8.625313,8.7139854,8.6166117
2024-02-06,MSFT,68.111501,68.597106,66.116267
2024-02-06,NKE,2.0230777,2.0176015,2.0043987
2024-02-06,VZ,0.41492173,0.41570497,0.41692333
2024-02-06,WMT,1.1074437,1.1301445,1.1179848
2024-02-07,AAPL,4.949082,4.9383895,4.8757783
2024-02-07,AMGN,0.3081645,0.30999734,0.3043529
2024-02-07,CRM,0.99082517,1.0036083,0.97013174
2024-02-07,CSCO,6.513938,6.5618906,6.4737941
2024-02-07,IBM,1.9421181,1.9701679,1.9270254
2024-02-07,INTC,8.7980034,9.0056823,8.6288827
2024-02-07,MSFT,69.123538,68.285282,67.978809
2024-02-07,NKE,1.9864766,1.9792355,1.9958145
2024-02-07,VZ,0.41838065,0.42600547,0.41411014
2024-02-07,WMT,1.1038593,1.115292,1.0988045
2024-02-08,AAPL,5.0062048,5.010103,4.9922892
2024-02-08,AMGN,0.3100621,0.31293355,0.30625491
2024-02-08,CRM,0.97314643,0.99880486,0.97366614
2024-02-08,CSCO,6.2757547,6.3323932,6.1685905
2024-02-08,IBM,1.950254,1.9496939,1.9078885
2024-02-08,INTC,8.9004228,8.9066775,8.8421881
2024-02-08,MSFT,69.994534,71.709768,68.916485
2024-02-08,NKE,1.9417707,1.9534647,1.9295154
2024-02-08,VZ,0.41266919,0.40738711,0.40988895
2024-02-08,WMT,1.0976925,1.1054479,1.0907821
2024-02-09,AAPL,5.0736203,5.1752535,5.1503626
2024-02-09,AMGN,0.31093666,0.31380131,0.30655839
2024-02-09,CRM,0.96752425,0.98230284,0.96193878
2024-02-09,CSCO,6.3112829,6.3616062,6.1780295
2024-02-09,IBM,1.9159158,1.9290298,1.9331918
2024-02-09,INTC,8.6579563,8.7495611,8.4292167
2024-02-09,MSFT,70.540793,70.927386,69.39955
2024-02-09,NKE,1.9273195,1.9363188,1.9173556
2024-02-09,VZ,0.41642711,0.41782155,0.41882601
2024-02-09,WMT,1.0942608,1.114771,1.090113
2024-02-12,AAPL,5.1746761,5.2409082,5.1796907
2024-02-12,AMGN,0.30368298,0.30846358,0.30870805
2024-02-12,CRM,0.96392875,0.96471484,0.97102842
2024-02-12,CSCO,6.2161466,6.2893166,6.2134259
2024-02-12,IBM,1.9234879,1.9346939,1.8729417
2024-02-12,INTC,8.8289703,8.9357617,8.6938493
2024-02-12,MSFT,70.889916,70.825788,70.204735
2024-02-12,NKE,2.0083886,2.0650702,2.0067385
2024-02-12,VZ,0.41018713,0.41834891,0.39763613
2024-02-12,WMT,1.0869302,1.0948362,1.0864366
2024-02-13,AAPL,5.0267049,5.0750975,5.0155987
2024-02-13,AMGN,0.31618221,0.31367152,0.30966208
2024-02-13,CRM,0.920125,0.91166793,0.90477122
2024-02-13,CSCO,6.246364,6.4090473,6.1568143
2024-02-13,IBM,1.9251015,1.9472117,1.8855282
2024-02-13,INTC,8.9699307,9.0616809,8.9351454
2024-02-13,MSFT,69.784447,70.803361,69.170812
2024-02-13,NKE,1.9501673,2.006019,1.8978944
2024-02-13,VZ,0.40689001,0.42008586,0.40442998
2024-02-13,WMT,1.0968402,1.0946,1.0859791
2024-02-14,AAPL,5.200804,5.2702305,5.0961411
2024-02-14,AMGN,0.31988133,0.32663473,0.31529107
2024-02-14,CRM,0.94226097,0.95488206,0.97692283
2024-02-14,CSCO,6.2085042,6.2105417,6.0424784
2024-02-14,IBM,1.8968677,1.9137885,1.8915802
2024-02-14,INTC,8.958553,8.9687881,8.9416165
2024-02-14,MSFT,70.752835,71.066265,69.10456
2024-02-14,NKE,1.8970248,1.9376731,1.8469722
2024-02-14,VZ,0.41176878,0.41038032,0.410193
2024-02-14,WMT,1.099283,1.1086346,1.0844363
2024-02-15,AAPL,5.1419887,5.1453643,5.1115913
2024-02-15,AMGN,0.32288805,0.32819711,0.32094361
2024-02-15,CRM,0.98575584,0.98927072,0.96903763
2024-02-15,CSCO,6.0561695,6.0146916,5.9937464
2024-02-15,IBM,1.9656386,1.9957662,1.9350388
2024-02-15,INTC,8.8670888,8.9346548,8.7132204
2024-02-15,MSFT,68.367352,68.460343,68.182024
2024-02-15,NKE,1.8765427,1.9335588,1.8626187
2024-02-15,VZ,0.41063134,0.4134241,0.40207988
2024-02-15,WMT,1.1014933,1.0956217,1.106383
2024-02-16,AAPL,5.1343819,5.127342,5.0578477
2024-02-16,AMGN,0.33422404,0.33305673,0.33042194
2024-02-16,CRM,0.95881966,0.96316307,0.96682536
2024-02-16,CSCO,6.0646063,6.1391497,6.0178588
2024-02-16,IBM,1.9892537,2.0241525,1.9672237
2024-02-16,INTC,8.8515024,8.9241695,8.5876358
2024-02-16,MSFT,67.914685,68.699987,66.302269
2024-02-16,NKE,1.8697009,1.9043389,1.8575384
2024-02-16,VZ,0.40617644,0.40852312,0.40315494
2024-02-16,WMT,1.0826472,1.0864762,1.0801795
2024-02-20,AAPL,5.1548046,5.137841,5.2064614
2024-02-20,AMGN,0.33316301,0.33415364,0.33341695
2024-02-20,CRM,1.0173745,1.0410419,0.98296155
2024-02-20,CSCO,6.2632452,6.3275336,6.2281451
2024-02-20,IBM,1.994536,2.0275721,1.9943001
2024-02-20,INTC,8.6483084,8.6739803,8.6865116
2024-02-20,MSFT,67.773361,68.340118,65.961052
2024-02-20,NKE,1.877177,1.9013411,1.8357372
2024-02-20,VZ,0.40816358,0.41741641,0.39967687
2024-02-20,WMT,1.0873749,1.0962987,1.0841561
2024-02-21,AAPL,5.1098877,5.135113,5.0268945
2024-02-21,AMGN,0.32927954,0.33370534,0.32286114
2024-02-21,CRM,1.0259388,1.0360244,1.0022172
2024-02-21,CSCO,6.1668426,6.132414,6.0607241
2024-02-21,IBM,1.9611379,1.9997649,1.9272261
2024-02-21,INTC,8.4807283,8.7455842,8.4719474
2024-02-21,MSFT,67.569014,68.813562,67.105719
2024-02-21,NKE,1.9593768,2.01711,1.9561536
2024-02-21,VZ,0.40432907,0.39996203,0.40018353
2024-02-21,WMT,1.0828034,1.1118352,1.0862329
2024-02-22,AAPL,5.0361252,5.07206,4.9931496
2024-02-22,AMGN,0.33344575,0.33677452,0.33329133
2024-02-22,CRM,1.0114915,1.029386,0.98431999
2024-02-22,CSCO,6.2988733,6.4195824,6.3343248
2024-02-22,IBM,1.9448625,1.9837322,1.9480704
2024-02-22,INTC,8.5441646,8.5788368,8.6098382
2024-02-22,MSFT,68.476005,68.453614,67.963047
2024-02-22,NKE,1.9506112,1.9693869,1.9063815
2024-02-22,VZ,0.39218638,0.39836202,0.39353079
2024-02-22,WMT,1.0558993,1.0628022,1.0439724
2024-02-23,AAPL,5.0113114,5.1156458,4.9624717
2024-02-23,AMGN,0.33010567,0.33887806,0.32661352
2024-02-23,CRM,0.99299419,0.96737951,0.96432558
2024-02-23,CSCO,6.2325036,6.2059156,6.1948691
2024-02-23,IBM,1.9553978,1.9532894,1.9525532
2024-02-23,INTC,8.5281879,8.6313676,8.2994451
2024-02-23,MSFT,67.076626,65.930493,65.952158
2024-02-23,NKE,1.980357,1.9552097,2.0068696
2024-02-23,VZ,0.39243524,0.39746093,0.3891508
2024-02-23,WMT,1.0423676,1.060074,1.0208745
2024-02-26,AAPL,5.1142677,5.1797937,4.9987396
2024-02-26,AMGN,0.32707558,0.32711106,0.32411593
2024-02-26,CRM,0.97045963,0.97510449,0.94936783
2024-02-26,CSCO,6.1866636,6.1877544,6.1851761
2024-02-26,IBM,1.9474583,1.9501076,1.9413182
2024-02-26,INTC,8.5213162,8.5801596,8.4652059
2024-02-26,MSFT,68.343961,68.478171,66.425617
2024-02-26,NKE,1.9874672,2.0263619,1.9902821
2024-02-26,VZ,0.39780702,0.39667365,0.39151337
2024-02-26,WMT,1.0420087,1.0526467,1.0395534
2024-02-27,AAPL,5.016398,5.0403934,4.8091041
2024-02-27,AMGN,0.32120851,0.32456969,0.32208618
2024-02-27,CRM,0.95909765,0.95656202,0.95711551
2024-02-27,CSCO,5.992182,5.9535707,6.0553475
2024-02-27,IBM,1.9856818,2.0046848,1.9857542
2024-02-27,INTC,8.4800423,8.3420459,8.2363725
2024-02-27,MSFT,68.396877,68.325318,67.443879
2024-02-27,NKE,1.943432,1.9624481,1.9145296
2024-02-27,VZ,0.39313643,0.39445185,0.39432574
2024-02-27,WMT,1.0210325,1.0362254,1.0188791
2024-02-28,AAPL,5.1139145,5.0901083,5.157137
2024-02-28,AMGN,0.31726548,0.31876187,0.31508853
2024-02-28,CRM,0.93204429,0.93706627,0.94744224
2024-02-28,CSCO,5.986792,6.079183,5.954085
2024-02-28,IBM,1.9937241,2.0155936,2.0044804
2024-02-28,INTC,8.5029197,8.5457029,8.2336477
2024-02-28,MSFT,66.851057,66.043567,66.486511
2024-02-28,NKE,1.9135716,1.9272341,1.9208327
2024-02-28,VZ,0.39239836,0.39674946,0.39374808
2024-02-28,WMT,1.0422587,1.0460506,1.0361392
2024-02-29,AAPL,5.0761599,5.0811249,5.0384972
2024-02-29,AMGN,0.31146168,0.31633398,0.30836515
2024-02-29,CRM,0.94886042,0.93071613,0.92805623
2024-02-29,CSCO,6.0554039,6.1475082,5.9494564
2024-02-29,IBM,1.9976569,2.0103657,2.0050409
2024-02-29,INTC,8.4544933,8.3349406,8.5150683
2024-02-29,MSFT,68.053525,68.515896,67.603288
2024-02-29,NKE,1.8741933,1.913011,1.8409122
2024-02-29,VZ,0.38213922,0.38200033,0.37955851
2024-02-29,WMT,1.0395159,1.0537314,1.0273227
2024-03-01,AAPL,5.1628141,5.2770549,5.0900174
2024-03-01,AMGN,0.30342491,0.3079451,0.29990369
2024-03-01,CRM,0.96096918,0.97066592,0.95107436
2024-03-01,CSCO,5.9504505,6.0191758,5.9416273
2024-03-01,IBM,1.974423,1.9939556,1.9672442
2024-03-01,INTC,8.4617315,8.4149341,8.38802
2024-03-01,MSFT,69.208529,70.086996,67.058802
2024-03-01,NKE,1.8970953,1.8980229,1.9152254
2024-03-01,VZ,0.38557865,0.38580351,0.38559079
2024-03-01,WMT,1.0365115,1.0467581,1.0290532
2024-03-04,AAPL,5.3116188,5.3073745,5.1618515
2024-03-04,AMGN,0.29700867,0.29345003,0.29321528
2024-03-04,CRM,0.93262937,0.96308305,0.93298036
2024-03-04,CSCO,6.0059131,6.2271457,6.0606712
2024-03-04,IBM,1.9917419,2.0118248,2.0117042
2024-03-04,INTC,8.543783,8.512259,8.5401918
2024-03-04,MSFT,71.167459,71.021495,70.730839
2024-03-04,NKE,1.9228755,1.959724,1.8915742
2024-03-04,VZ,0.38202877,0.38537884,0.37658166
2024-03-04,WMT,1.0437037,1.043679,1.0402554
2024-03-05,AAPL,5.3888089,5.3857762,5.27127
2024-03-05,AMGN,0.29659329,0.3015904,0.29560584
2024-03-05,CRM,0.90711327,0.9456377,0.90889449
2024-03-05,CSCO,5.9846496,6.1260063,5.9080016
2024-03-05,IBM,1.9839379,1.997106,1.9737675
2024-03-05,INTC,8.513477,8.5643796,8.5515504
2024-03-05,MSFT,69.06143,69.456924,68.11884
2024-03-05,NKE,1.9486195,1.9464045,1.9184364
2024-03-05,VZ,0.38827587,0.38741802,0.39001946
2024-03-05,WMT,1.0554956,1.0565802,1.0417335
2024-03-06,AAPL,5.4290642,5.4186628,5.3185116
2024-03-06,AMGN,0.29772445,0.29883977,0.29784753
2024-03-06,CRM,0.9598847,0.97340015,0.94333464
2024-03-06,CSCO,5.9840038,5.9821655,5.8540812
2024-03-06,IBM,1.961954,1.9783499,1.9547839
2024-03-06,INTC,8.3182615,8.4903145,8.2211245
2024-03-06,MSFT,67.256943,66.569962,66.220717
2024-03-06,NKE,1.9513156,1.9614488,1.9109025
2024-03-06,VZ,0.38985497,0.39466739,0.39506242
2024-03-06,WMT,1.0365837,1.0389399,1.0317045
2024-03-07,AAPL,5.42524,5.4512292,5.3847842
2024-03-07,AMGN,0.29303823,0.29935217,0.28910123
2024-03-07,CRM,0.94680404,0.96861575,0.92520559
2024-03-07,CSCO,6.0119014,6.0086613,5.968167
2024-03-07,IBM,1.9664898,2.001865,1.9398531
2024-03-07,INTC,8.103479,8.0737665,8.1107821
2024-03-07,MSFT,65.53025,65.558162,65.751863
2024-03-07,NKE,1.96481,1.9708525,1.9635345
2024-03-07,VZ,0.3906578,0.38470203,0.38489779
2024-03-07,WMT,1.0428366,1.0403385,1.0313752
2024-03-08,AAPL,5.4183093,5.5352912,5.4185024
2024-03-08,AMGN,0.28530456,0.28831936,0.28186263
2024-03-08,CRM,0.9367087,0.95583357,0.90084875
2024-03-08,CSCO,5.9627467,5.9879948,5.8676599
2024-03-08,IBM,2.0098608,2.0650482,2.0272166
2024-03-08,INTC,7.8249227,7.8562379,7.5934046
2024-03-08,MSFT,66.345292,66.432473,66.558534
2024-03-08,NKE,1.970819,1.9874276,1.9917796
2024-03-08,VZ,0.38993233,0.39320491,0.3867116
2024-03-08,WMT,1.0313735,1.0442074,1.019998
2024-03-11,AAPL,5.3200768,5.3681005,5.3526634
2024-03-11,AMGN,0.29456808,0.29469917,0.29456707
2024-03-11,CRM,0.94021032,0.97667659,0.93690688
2024-03-11,CSCO,5.7861476,5.7992545,5.6456943
2024-03-11,IBM,1.9954864,2.0190718,1.9749222
2024-03-11,INTC,7.7206443,8.0019369,7.666208
2024-03-11,MSFT,67.580734,67.747289,66.312366
2024-03-11,NKE,1.9525189,1.9332264,1.9032915
2024-03-11,VZ,0.40214918,0.40993644,0.39813723
2024-03-11,WMT,1.0119197,1.0126972,1.0057911
2024-03-12,AAPL,5.244188,5.2766711,5.2251204
2024-03-12,AMGN,0.28876391,0.29401605,0.28790789
2024-03-12,CRM,0.92250128,0.9339544,0.93190641
2024-03-12,CSCO,5.7205565,5.7576679,5.5502728
2024-03-12,IBM,1.9675061,1.9834474,1.9735733
2024-03-12,INTC,7.8734648,7.8749572,7.6391519
2024-03-12,MSFT,70.260611,69.512546,67.3008
2024-03-12,NKE,1.9205576,1.9451991,1.8740606
2024-03-12,VZ,0.40137642,0.40861579,0.40266109
2024-03-12,WMT,1.01747,1.0301737,1.014414
2024-03-13,AAPL,5.2792598,5.3365414,5.2059109
2024-03-13,AMGN,0.29995413,0.30932494,0.29554521
2024-03-13,CRM,0.92478755,0.93868206,0.91928255
2024-03-13,CSCO,5.7357243,5.7494178,5.7224205
2024-03-13,IBM,1.9428933,1.9528156,1.886051
2024-03-13,INTC,7.8459223,7.8921209,7.6200925
2024-03-13,MSFT,74.261628,75.334555,72.791668
2024-03-13,NKE,1.8875096,1.9169297,1.859464
2024-03-13,VZ,0.40261585,0.41179116,0.40093814
2024-03-13,WMT,1.0264497,1.0253727,1.0099391
2024-03-14,AAPL,5.4228904,5.3233047,5.2518335
2024-03-14,AMGN,0.29616031,0.30339057,0.29329449
2024-03-14,CRM,0.90338078,0.92896416,0.91152936
2024-03-14,CSCO,5.6531944,5.7822353,5.6189256
2024-03-14,IBM,1.89156,1.9011723,1.841234
2024-03-14,INTC,7.9062363,7.9937387,7.8319459
2024-03-14,MSFT,71.082179,70.999489,70.688112
2024-03-14,NKE,1.8958709,1.889672,1.9114842
2024-03-14,VZ,0.39731699,0.39980288,0.39537443
2024-03-14,WMT,1.0256496,1.0347515,1.0025237
2024-03-15,AAPL,5.5691065,5.6905153,5.4564707
2024-03-15,AMGN,0.2978349,0.30399159,0.29782649
2024-03-15,CRM,0.93754028,0.95610632,0.93209147
2024-03-15,CSCO,5.5288854,5.5714089,5.4472019
2024-03-15,IBM,1.8587175,1.8741479,1.8748529
2024-03-15,INTC,8.1898651,8.2359352,8.2253735
2024-03-15,MSFT,72.996403,73.114487,73.163322
2024-03-15,NKE,1.9260948,1.9281521,1.9025691
2024-03-15,VZ,0.39679426,0.39830734,0.39096533
2024-03-15,WMT,1.0156479,1.0137828,1.0072501
2024-03-18,AAPL,5.7466997,5.8294523,5.6260412
2024-03-18,AMGN,0.29197112,0.2953527,0.28982133
2024-03-18,CRM,0.90006312,0.90734765,0.88082974
2024-03-18,CSCO,5.5501178,5.6711126,5.4761765
2024-03-18,IBM,1.8540722,1.8856441,1.8739556
2024-03-18,INTC,7.9921677,7.9923716,7.8120431
2024-03-18,MSFT,73.760515,73.125379,73.738365
2024-03-18,NKE,1.8628504,1.924511,1.8274514
2024-03-18,VZ,0.39223969,0.39934074,0.38876726
2024-03-18,WMT,1.0000531,1.0037636,0.99351107
2024-03-19,AAPL,5.8473234,5.8737669,5.7985957
2024-03-19,AMGN,0.29749554,0.30132784,0.29603496
2024-03-19,CRM,0.87637529,0.9265454,0.86847788
2024-03-19,CSCO,5.5734738,5.6452852,5.4705288
2024-03-19,IBM,1.8492154,1.8661695,1.8643647
2024-03-19,INTC,7.9679167,7.9626949,7.8036174
2024-03-19,MSFT,74.56915,73.86908,73.014912
2024-03-19,NKE,1.8876306,1.8725694,1.8818773
2024-03-19,VZ,0.39030827,0.4032037,0.3894816
2024-03-19,WMT,1.0106359,1.0100075,1.012493
2024-03-20,AAPL,5.8283595,5.863719,5.7380164
2024-03-20,AMGN,0.29653389,0.30010795,0.29252233
2024-03-20,CRM,0.90971356,0.92813967,0.88944017
2024-03-20,CSCO,5.4594878,5.5438779,5.4170871
2024-03-20,IBM,1.8264388,1.8434217,1.7888394
2024-03-20,INTC,7.9447128,8.0652605,7.8036864
2024-03-20,MSFT,73.221253,74.48483,71.857846
2024-03-20,NKE,1.8808673,1.8754496,1.8817621
2024-03-20,VZ,0.38667728,0.3861455,0.38836838
2024-03-20,WMT,1.0016158,1.0026856,1.0027708
2024-03-21,AAPL,5.8691444,5.8972237,5.8470044
2024-03-21,AMGN,0.2911775,0.29409843,0.28925549
2024-03-21,CRM,0.91694037,0.91604765,0.89246624
2024-03-21,CSCO,5.2662238,5.2627973,5.1879986
2024-03-21,IBM,1.8368335,1.8636837,1.8183384
2024-03-21,INTC,8.0107011,8.1054541,8.0255248
2024-03-21,MSFT,75.869308,76.465084,75.033277
2024-03-21,NKE,1.9250154,1.9233123,1.9051379
2024-03-21,VZ,0.38570994,0.38637914,0.38448908
2024-03-21,WMT,1.0225857,1.0330858,0.99994115
2024-03-22,AAPL,5.9295391,6.0824003,5.8818245
2024-03-22,AMGN,0.28697203,0.28952038,0.28046178
2024-03-22,CRM,0.92432687,0.92131707,0.93143986
2024-03-22,CSCO,5.2098463,5.1774908,5.2066369
2024-03-22,IBM,1.8589649,1.8794058,1.8419943
2024-03-22,INTC,8.158571,8.2346314,8.0715696
2024-03-22,MSFT,75.277605,75.260514,73.94716
2024-03-22,NKE,1.9015856,1.9150485,1.9179422
2024-03-22,VZ,0.38586559,0.38713916,0.38476693
2024-03-22,WMT,1.0027514,0.99978356,0.99205249
2024-03-25,AAPL,5.9283488,5.9255763,5.9402251
2024-03-25,AMGN,0.28218849,0.28459448,0.27298841
2024-03-25,CRM,0.95185223,0.96044392,0.97023192
2024-03-25,CSCO,5.2662296,5.3424846,5.223497
2024-03-25,IBM,1.8477876,1.8788988,1.8564065
2024-03-25,INTC,7.8557621,7.9017461,7.7677686
2024-03-25,MSFT,73.386616,74.747651,71.95778
2024-03-25,NKE,1.9179812,1.9315403,1.9133398
2024-03-25,VZ,0.38351029,0.38546286,0.38690206
2024-03-25,WMT,1.0124923,1.0201107,0.9999938
2024-03-26,AAPL,6.1331222,6.2257865,6.135698
2024-03-26,AMGN,0.28324297,0.2903731,0.27672323
2024-03-26,CRM,0.94427015,0.95991567,0.94600997
2024-03-26,CSCO,5.2726821,5.2339067,5.1367532
2024-03-26,IBM,1.864557,1.8728766,1.8515885
2024-03-26,INTC,8.0569076,8.0835833,7.9648313
2024-03-26,MSFT,73.189439,75.088004,72.384117
2024-03-26,NKE,1.9219786,1.9317956,1.9233256
2024-03-26,VZ,0.3852805,0.38556457,0.39301334
2024-03-26,WMT,0.98833839,0.98384059,0.99770489
2024-03-27,AAPL,6.0949807,6.2276655,6.0489592
2024-03-27,AMGN,0.29113847,0.29730226,0.29221086
2024-03-27,CRM,0.98019777,1.0194367,0.97097437
2024-03-27,CSCO,5.2871142,5.4505427,5.2962431
2024-03-27,IBM,1.8740512,1.8941453,1.850137
2024-03-27,INTC,7.9956968,8.0035756,7.9602997
2024-03-27,MSFT,71.935196,71.722918,70.676992
2024-03-27,NKE,1.8759473,1.9123071,1.8612156
2024-03-27,VZ,0.38908635,0.39695606,0.38995997
2024-03-27,WMT,1.0091396,1.0191858,0.99754685
2024-03-28,AAPL,6.1818739,6.27031,6.1617257
2024-03-28,AMGN,0.28328648,0.28291982,0.28436885
2024-03-28,CRM,0.9525419,0.96637763,0.91888321
2024-03-28,CSCO,5.4182352,5.3664706,5.4281382
2024-03-28,IBM,1.8839817,1.9008112,1.8787758
2024-03-28,INTC,8.1954215,8.2931986,8.0734218
2024-03-28,MSFT,71.415855,70.7763,71.260404
2024-03-28,NKE,1.8837588,1.8938694,1.8640082
2024-03-28,VZ,0.39082513,0.39458224,0.3903733
2024-03-28,WMT,1.001341,1.0110545,0.9916393
2024-04-01,AAPL,6.2080297,6.1998025,6.0431436
2024-04-01,AMGN,0.27872845,0.27919681,0.27679452
2024-04-01,CRM,0.93615638,0.96097433,0.92229539
2024-04-01,CSCO,5.5256548,5.6151589,5.4724367
2024-04-01,IBM,1.8790248,1.9178637,1.8669507
2024-04-01,INTC,8.1940566,8.2119956,8.124292
2024-04-01,MSFT,71.213223,71.767301,70.336832
2024-04-01,NKE,1.8873834,1.9141597,1.8809663
2024-04-01,VZ,0.39414629,0.39870919,0.39170307
2024-04-01,WMT,1.0047299,1.002622,0.99806106
2024-04-02,AAPL,6.1123647,6.0857121,5.9670834
2024-04-02,AMGN,0.27513985,0.27505438,0.27186152
2024-04-02,CRM,0.9432229,0.9544363,0.91851957
2024-04-02,CSCO,5.6520321,5.5967179,5.6011456
2024-04-02,IBM,1.8560309,1.8583848,1.8376066
2024-04-02,INTC,8.1729358,8.5127963,8.1669259
2024-04-02,MSFT,70.866406,71.357797,70.812267
2024-04-02,NKE,1.9092339,1.9116865,1.8783415
2024-04-02,VZ,0.39414463,0.39684086,0.38594574
2024-04-02,WMT,1.0103847,1.018721,1.0034943
2024-04-03,AAPL,5.9885692,5.9747183,5.949303
2024-04-03,AMGN,0.27592184,0.27966165,0.272364
2024-04-03,CRM,0.93892053,0.93356348,0.92357978
2024-04-03,CSCO,5.7302561,5.7808539,5.7175241
2024-04-03,IBM,1.8492781,1.8668317,1.807057
2024-04-03,INTC,8.0876801,8.2758005,8.1134724
2024-04-03,MSFT,70.068957,70.856148,69.737085
2024-04-03,NKE,1.9159532,1.9295603,1.8792297
2024-04-03,VZ,0.39596165,0.39903136,0.38921869
2024-04-03,WMT,1.0016684,1.0019156,0.98815784
2024-04-04,AAPL,5.9866356,6.0349434,5.8570512
2024-04-04,AMGN,0.27285123,0.27058562,0.26945855
2024-04-04,CRM,0.97436386,0.99036989,0.97159378
2024-04-04,CSCO,5.5789168,5.5869926,5.563092
2024-04-04,IBM,1.857107,1.8984506,1.8220278
2024-04-04,INTC,7.9759849,8.2530039,7.9866692
2024-04-04,MSFT,67.238737,67.960066,66.409844
2024-04-04,NKE,1.8760804,1.9054926,1.8341547
2024-04-04,VZ,0.38978936,0.39576013,0.39117165
2024-04-04,WMT,0.9943943,1.010945,0.97808566
2024-04-05,AAPL,6.0986127,6.2779918,6.090002
2024-04-05,AMGN,0.27392568,0.27328771,0.27516103
2024-04-05,CRM,0.90527122,0.91693087,0.89584032
2024-04-05,CSCO,5.4493764,5.4861336,5.3971226
2024-04-05,IBM,1.9055465,1.9301123,1.8987358
2024-04-05,INTC,7.8137479,7.8549907,7.6987098
2024-04-05,MSFT,66.522348,65.923857,66.243927
2024-04-05,NKE,1.8717017,1.8971503,1.8687689
2024-04-05,VZ,0.3948338,0.40088282,0.39559809
2024-04-05,WMT,0.99328639,0.99693588,0.99864985
2024-04-08,AAPL,6.1231181,6.0666373,6.1267772
2024-04-08,AMGN,0.27486524,0.28194114,0.27641002
2024-04-08,CRM,0.89732912,0.94279628,0.8684238
2024-04-08,CSCO,5.5008662,5.5467801,5.5408206
2024-04-08,IBM,1.9286776,1.9382538,1.9157446
2024-04-08,INTC,7.4491485,7.4546524,7.4783409
2024-04-08,MSFT,67.91253,68.590602,66.9179
2024-04-08,NKE,1.8845206,1.8949649,1.8620288
2024-04-08,VZ,0.39459345,0.40113312,0.39702584
2024-04-08,WMT,0.9874995,0.99251033,0.97948441
2024-04-09,AAPL,5.7676647,5.781638,5.6723109
2024-04-09,AMGN,0.268896,0.27429167,0.26506265
2024-04-09,CRM,0.90021462,0.91476607,0.89388744
2024-04-09,CSCO,5.3795669,5.3804814,5.3742156
2024-04-09,IBM,1.9694511,1.9706283,1.9747009
2024-04-09,INTC,7.7632116,7.9215704,7.6423052
2024-04-09,MSFT,67.977001,67.715194,66.905137
2024-04-09,NKE,1.9545125,1.9527283,1.9923725
2024-04-09,VZ,0.40609359,0.41285194,0.40650082
2024-04-09,WMT,0.97821127,0.98441572,0.97993887
2024-04-10,AAPL,5.8205996,5.9087092,5.7570338
2024-04-10,AMGN,0.26197169,0.26494457,0.2575666
2024-04-10,CRM,0.88706822,0.89975677,0.87913599
2024-04-10,CSCO,5.3895949,5.584782,5.3505058
2024-04-10,IBM,1.9654104,1.9922236,1.9857149
2024-04-10,INTC,7.5957738,7.6907069,7.5251916
2024-04-10,MSFT,69.761066,70.252052,69.88353
2024-04-10,NKE,1.941543,2.0108,1.931234
2024-04-10,VZ,0.41461515,0.41571537,0.40737743
2024-04-10,WMT,0.95766201,0.96336224,0.94310381
2024-04-11,AAPL,5.9037739,5.9474332,5.851368
2024-04-11,AMGN,0.25679216,0.25791317,0.2552525
2024-04-11,CRM,0.84152091,0.86594261,0.8214303
2024-04-11,CSCO,5.4864981,5.5065334,5.4815209
2024-04-11,IBM,1.9376142,1.9516995,1.9118551
2024-04-11,INTC,7.8797637,8.0360006,7.9136026
2024-04-11,MSFT,69.552143,70.069427,68.86619
2024-04-11,NKE,1.9449028,2.0098337,1.9209766
2024-04-11,VZ,0.41273217,0.42102302,0.40934863
2024-04-11,WMT,0.95976421,0.96790789,0.9477952
2024-04-12,AAPL,5.8746979,5.9947556,5.8442397
2024-04-12,AMGN,0.26073592,0.26391267,0.2576874
2024-04-12,CRM,0.86244444,0.88726743,0.83253049
2024-04-12,CSCO,5.4572491,5.498301,5.4279761
2024-04-12,IBM,1.8740615,1.9239164,1.8484659
2024-04-12,INTC,7.8872679,7.833352,7.9757262
2024-04-12,MSFT,67.772726,68.037002,66.906064
2024-04-12,NKE,1.9103874,1.9325784,1.9124386
2024-04-12,VZ,0.40831563,0.40891652,0.40232916
2024-04-12,WMT,0.92467,0.9341711,0.90686362
2024-04-15,AAPL,5.7897873,5.872535,5.6401738
2024-04-15,AMGN,0.2527826,0.26263559,0.25028341
2024-04-15,CRM,0.8599518,0.85506182,0.84478579
2024-04-15,CSCO,5.4711277,5.5582439,5.4540466
2024-04-15,IBM,1.874324,1.907579,1.8655738
2024-04-15,INTC,7.7645442,7.629235,7.6107696
2024-04-15,MSFT,65.917761,66.692805,63.82295
2024-04-15,NKE,1.8919235,1.8986399,1.9065663
2024-04-15,VZ,0.39874671,0.39902825,0.39519687
2024-04-15,WMT,0.93211558,0.92840422,0.92798931
2024-04-16,AAPL,5.7113242,5.7571449,5.6467357
2024-04-16,AMGN,0.24614996,0.25361829,0.24300472
2024-04-16,CRM,0.84722736,0.85721297,0.83770215
2024-04-16,CSCO,5.4337033,5.4021204,5.3440767
2024-04-16,IBM,1.8823089,1.9101863,1.875784
2024-04-16,INTC,7.7211392,7.8926478,7.5500816
2024-04-16,MSFT,67.994803,67.110347,67.40948
2024-04-16,NKE,1.8800727,1.8895475,1.8927554
2024-04-16,VZ,0.39919073,0.40040406,0.39824308
2024-04-16,WMT,0.92087272,0.92993862,0.92591783
2024-04-17,AAPL,5.7720285,5.7981879,5.7791604
2024-04-17,AMGN,0.23987566,0.23709843,0.23650086
2024-04-17,CRM,0.81967855,0.83969297,0.82137105
2024-04-17,CSCO,5.3676633,5.4007026,5.280358
2024-04-17,IBM,1.8748524,1.898306,1.8532857
2024-04-17,INTC,7.5071323,7.5701928,7.3606317
2024-04-17,MSFT,67.533349,68.119932,67.123018
2024-04-17,NKE,1.9299543,1.9466308,1.926417
2024-04-17,VZ,0.39392515,0.4003348,0.39423842
2024-04-17,WMT,0.9181264,0.92536526,0.91041943
2024-04-18,AAPL,5.7540248,5.874153,5.7513943
2024-04-18,AMGN,0.23811528,0.24165701,0.23670705
2024-04-18,CRM,0.8407949,0.86376885,0.84673326
2024-04-18,CSCO,5.4148007,5.4643063,5.4903178
2024-04-18,IBM,1.8437997,1.8490434,1.8301257
2024-04-18,INTC,7.6174547,7.6875324,7.4493453
2024-04-18,MSFT,67.080638,67.272245,67.168129
2024-04-18,NKE,1.8957967,1.9124892,1.9073204
2024-04-18,VZ,0.39081059,0.39687121,0.39302153
2024-04-18,WMT,0.91744007,0.91270004,0.90487442
2024-04-19,AAPL,5.6256408,5.6106348,5.4108646
2024-04-19,AMGN,0.2397414,0.24801062,0.23757881
2024-04-19,CRM,0.81808077,0.85583088,0.80737876
2024-04-19,CSCO,5.335686,5.371649,5.3088686
2024-04-19,IBM,1.8301425,1.8066558,1.8268759
2024-04-19,INTC,7.5871691,7.6156235,7.5756893
2024-04-19,MSFT,66.297272,66.204717,65.496036
2024-04-19,NKE,1.8908768,1.9005131,1.882829
2024-04-19,VZ,0.39170702,0.39984183,0.39407045
2024-04-19,WMT,0.90528139,0.91646029,0.89351494
2024-04-22,AAPL,5.709798,5.7082757,5.5185125
2024-04-22,AMGN,0.24530795,0.24622577,0.24292956
2024-04-22,CRM,0.84762171,0.87800686,0.83353071
2024-04-22,CSCO,5.3682556,5.3985832,5.3651531
2024-04-22,IBM,1.8373778,1.8479877,1.8358736
2024-04-22,INTC,7.5611859,7.711481,7.6165494
2024-04-22,MSFT,67.70805,69.094786,67.376996
2024-04-22,NKE,1.8863781,1.919153,1.8698641
2024-04-22,VZ,0.39917971,0.39558835,0.39039761
2024-04-22,WMT,0.8909165,0.90090927,0.88651152
2024-04-23,AAPL,5.5255878,5.6364677,5.4797992
2024-04-23,AMGN,0.23888899,0.2367328,0.2406414
2024-04-23,CRM,0.84766571,0.85604504,0.79651868
2024-04-23,CSCO,5.1945992,5.2089155,5.1105569
2024-04-23,IBM,1.8825377,1.8856672,1.861813
2024-04-23,INTC,7.5855627,7.7851151,7.4488417
2024-04-23,MSFT,69.287781,68.357374,68.802149
2024-04-23,NKE,1.8575825,1.8731272,1.8082992
2024-04-23,VZ,0.39858398,0.3995627,0.39620762
2024-04-23,WMT,0.86940752,0.86641617,0.85895984
2024-04-24,AAPL,5.4230458,5.4690045,5.3311868
2024-04-24,AMGN,0.2326697,0.23762298,0.22680505
2024-04-24,CRM,0.82191532,0.84103268,0.83605049
2024-04-24,CSCO,5.2877535,5.3216146,5.2064034
2024-04-24,IBM,1.9135228,1.9337203,1.8962537
2024-04-24,INTC,7.5624516,7.6145276,7.5690048
2024-04-24,MSFT,67.749859,68.596292,67.230748
2024-04-24,NKE,1.8617634,1.9039455,1.8607168
2024-04-24,VZ,0.39970024,0.41004438,0.39764604
2024-04-24,WMT,0.8565879,0.86299112,0.85788924
2024-04-25,AAPL,5.6617544,5.7100466,5.4699042
2024-04-25,AMGN,0.22413879,0.22998313,0.22467286
2024-04-25,CRM,0.81139593,0.83800756,0.81422265
2024-04-25,CSCO,5.2535574,5.3420811,5.123747
2024-04-25,IBM,1.8779017,1.8865825,1.82303
2024-04-25,INTC,7.4024417,7.6226113,7.4170232
2024-04-25,MSFT,67.42677,68.19541,66.689651
2024-04-25,NKE,1.8897871,1.9032469,1.9043094
2024-04-25,VZ,0.40113703,0.39886701,0.39866695
2024-04-25,WMT,0.85725417,0.8598654,0.84710194
2024-04-26,AAPL,5.8385722,5.8809663,5.8670453
2024-04-26,AMGN,0.22031004,0.22746537,0.22036128
2024-04-26,CRM,0.80201291,0.83751939,0.79690618
2024-04-26,CSCO,5.256439,5.2997714,5.2475436
2024-04-26,IBM,1.8335285,1.855,1.8029017
2024-04-26,INTC,7.4514653,7.6065197,7.3872383
2024-04-26,MSFT,67.160516,67.536157,65.402324
2024-04-26,NKE,1.9199643,1.9515874,1.9200057
2024-04-26,VZ,0.40041736,0.40727876,0.39690649
2024-04-26,WMT,0.84698386,0.86039983,0.85123191
2024-04-29,AAPL,5.7960442,5.7880383,5.7075252
2024-04-29,AMGN,0.22129234,0.22351444,0.21904943
2024-04-29,CRM,0.81919063,0.84517568,0.83159078
2024-04-29,CSCO,5.4587357,5.4701339,5.4583043
2024-04-29,IBM,1.8479661,1.8657933,1.8233209
2024-04-29,INTC,7.5073219,7.4204172,7.4816831
2024-04-29,MSFT,66.925004,67.940454,66.789046
2024-04-29,NKE,1.9317329,1.9775945,1.9026393
2024-04-29,VZ,0.39591201,0.39656299,0.38606343
2024-04-29,WMT,0.84840129,0.8598287,0.84028508
2024-04-30,AAPL,5.7634436,5.8452239,5.5423387
2024-04-30,AMGN,0.22096663,0.21894452,0.21579955
2024-04-30,CRM,0.79917573,0.84815199,0.78546378
2024-04-30,CSCO,5.3455036,5.3167548,5.3227697
2024-04-30,IBM,1.8701261,1.9136348,1.8551136
2024-04-30,INTC,7.3916272,7.550548,7.4003621
2024-04-30,MSFT,67.906382,68.040201,67.051121
2024-04-30,NKE,1.9235963,1.961015,1.8642786
2024-04-30,VZ,0.38557185,0.39415833,0.38940959
2024-04-30,WMT,0.82221636,0.83617342,0.82277524
2024-05-01,AAPL,5.5731002,5.6333176,5.5197706
2024-05-01,AMGN,0.22132706,0.2221341,0.21998797
2024-05-01,CRM,0.81395744,0.82592867,0.80603692
2024-05-01,CSCO,5.2018766,5.1579256,5.1155251
2024-05-01,IBM,1.864019,1.8658598,1.8226571
2024-05-01,INTC,7.4172006,7.4506375,7.2108736
2024-05-01,MSFT,67.276197,69.391795,66.81981
2024-05-01,NKE,1.8849268,1.9071643,1.9121659
2024-05-01,VZ,0.39212881,0.40058884,0.39593566
2024-05-01,WMT,0.84402446,0.84658674,0.84193025
2024-05-02,AAPL,5.546279,5.5200716,5.47994
2024-05-02,AMGN,0.21672552,0.21934208,0.21548188
2024-05-02,CRM,0.81572139,0.8284613,0.81498323
2024-05-02,CSCO,5.218893,5.3092234,5.2203855
2024-05-02,IBM,1.8088617,1.8069463,1.8072457
2024-05-02,INTC,7.4479661,7.4375168,7.3601952
2024-05-02,MSFT,66.45207,67.651163,67.227035
2024-05-02,NKE,1.8649291,1.8671823,1.814453
2024-05-02,VZ,0.39493099,0.39678098,0.39684477
2024-05-02,WMT,0.84443908,0.85103848,0.83082394
2024-05-03,AAPL,5.6907114,5.7288164,5.7361572
2024-05-03,AMGN,0.21159134,0.21153751,0.20890695
2024-05-03,CRM,0.80328625,0.80216175,0.8265092
2024-05-03,CSCO,5.1716081,5.3555413,5.0936308
2024-05-03,IBM,1.7872342,1.8057485,1.7934652
2024-05-03,INTC,7.4142364,7.5046521,7.4258731
2024-05-03,MSFT,66.951473,66.458013,66.136517
2024-05-03,NKE,1.8637647,1.8428538,1.8624431
2024-05-03,VZ,0.39680199,0.39714304,0.39160392
2024-05-03,WMT,0.83091234,0.83327682,0.83159729
2024-05-06,AAPL,5.7604291,5.8229851,5.6010314
2024-05-06,AMGN,0.20922637,0.2158477,0.20669994
2024-05-06,CRM,0.81113291,0.83065149,0.82330415
2024-05-06,CSCO,5.2971974,5.3495032,5.2835402
2024-05-06,IBM,1.8035202,1.8307248,1.8298005
2024-05-06,INTC,7.2460977,7.4550541,7.2779997
2024-05-06,MSFT,68.865089,70.048837,70.468893
2024-05-06,NKE,1.8172408,1.8551547,1.8340294
2024-05-06,VZ,0.40037495,0.40462497,0.39654126
2024-05-06,WMT,0.81496502,0.82844915,0.81381878
2024-05-07,AAPL,5.7842453,5.920801,5.6478293
2024-05-07,AMGN,0.20509896,0.21235311,0.20423181
2024-05-07,CRM,0.79574572,0.82325198,0.77883213
2024-05-07,CSCO,5.1132163,5.1347033,4.984856
2024-05-07,IBM,1.7873486,1.8206348,1.7749887
2024-05-07,INTC,7.2204394,7.203197,7.1639285
2024-05-07,MSFT,69.293903,69.206491,69.086838
2024-05-07,NKE,1.8059451,1.8500504,1.779157
2024-05-07,VZ,0.39559878,0.40922284,0.39562906
2024-05-07,WMT,0.80792008,0.81696037,0.79702628
2024-05-08,AAPL,5.8715587,5.8852678,5.8642208
2024-05-08,AMGN,0.20520948,0.20707353,0.20316958
2024-05-08,CRM,0.77475869,0.77818316,0.77005049
2024-05-08,CSCO,5.0762232,5.1287312,5.0206563
2024-05-08,IBM,1.7902418,1.8177271,1.7647344
2024-05-08,INTC,7.1553872,7.1639282,7.1583164
2024-05-08,MSFT,67.721218,67.747455,67.856312
2024-05-08,NKE,1.8203609,1.8113443,1.7991917
2024-05-08,VZ,0.38398768,0.3837984,0.38455945
2024-05-08,WMT,0.79611429,0.81168304,0.79900346
2024-05-09,AAPL,5.7779727,5.9406382,5.6858442
2024-05-09,AMGN,0.20632803,0.20708324,0.20501313
2024-05-09,CRM,0.80649173,0.80384106,0.78032456
2024-05-09,CSCO,5.1843349,5.2456408,5.1938389
2024-05-09,IBM,1.7878297,1.8148442,1.7824442
2024-05-09,INTC,7.0824848,7.1257331,7.024181
2024-05-09,MSFT,69.682787,70.832129,69.11141
2024-05-09,NKE,1.8041131,1.8152884,1.7284525
2024-05-09,VZ,0.39231303,0.39838736,0.39128813
2024-05-09,WMT,0.7868216,0.79098569,0.77683129
2024-05-10,AAPL,5.7023024,5.6871867,5.7619234
2024-05-10,AMGN,0.20720107,0.2112785,0.20490792
2024-05-10,CRM,0.79221082,0.78914732,0.77235566
2024-05-10,CSCO,5.2165643,5.3095167,5.1559426
2024-05-10,IBM,1.7364964,1.7524412,1.7509814
2024-05-10,INTC,7.0021947,7.1424763,6.9208326
2024-05-10,MSFT,68.837047,69.086042,66.67843
2024-05-10,NKE,1.7920342,1.820997,1.7381337
2024-05-10,VZ,0.38896167,0.39400079,0.38707299
2024-05-10,WMT,0.78636835,0.79223222,0.78401321
2024-05-13,AAPL,5.6376186,5.6719822,5.4619518
2024-05-13,AMGN,0.20487784,0.20807197,0.20429486
2024-05-13,CRM,0.78309849,0.78674624,0.79216097
2024-05-13,CSCO,5.2509414,5.2680746,5.2208136
2024-05-13,IBM,1.7063893,1.7279948,1.703614
2024-05-13,INTC,6.8229795,6.8990005,6.7015937
2024-05-13,MSFT,70.268052,71.492938,69.939999
2024-05-13,NKE,1.8808623,1.8931897,1.889144
2024-05-13,VZ,0.3901278,0.38937255,0.39515184
2024-05-13,WMT,0.77749987,0.78312864,0.76966116
2024-05-14,AAPL,5.6430885,5.6386725,5.624845
2024-05-14,AMGN,0.20040021,0.20153864,0.19527705
2024-05-14,CRM,0.79642178,0.80477012,0.77875912
2024-05-14,CSCO,5.4338555,5.4880204,5.3483419
2024-05-14,IBM,1.7164285,1.7555732,1.7022007
2024-05-14,INTC,6.7635089,6.8838637,6.8181565
2024-05-14,MSFT,71.498807,71.407258,71.066347
2024-05-14,NKE,1.8846078,1.9159364,1.8815387
2024-05-14,VZ,0.39756863,0.4065702,0.39654547
2024-05-14,WMT,0.77083619,0.78113752,0.78213205
2024-05-15,AAPL,5.6027243,5.8062785,5.7067298
2024-05-15,AMGN,0.19169383,0.19177822,0.19008412
2024-05-15,CRM,0.82094401,0.84218523,0.80325188
2024-05-15,CSCO,5.4026785,5.5347685,5.2877997
2024-05-15,IBM,1.6829481,1.6933335,1.6767045
2024-05-15,INTC,6.7559056,6.7811104,6.7378606
2024-05-15,MSFT,71.636253,71.642205,71.137128
2024-05-15,NKE,1.8891083,1.9216439,1.8978559
2024-05-15,VZ,0.40161376,0.40347782,0.39646864
2024-05-15,WMT,0.76817301,0.77052535,0.75824028
2024-05-16,AAPL,5.3632322,5.4910524,5.2555627
2024-05-16,AMGN,0.19030366,0.19247409,0.18749848
2024-05-16,CRM,0.82523455,0.83873837,0.79457534
2024-05-16,CSCO,5.3992827,5.4477916,5.3965968
2024-05-16,IBM,1.6707353,1.685628,1.6906259
2024-05-16,INTC,6.7771617,6.8222927,6.649576
2024-05-16,MSFT,70.900845,70.568743,70.24672
2024-05-16,NKE,1.8796753,1.8509545,1.8967173
2024-05-16,VZ,0.39254469,0.39525856,0.39392977
2024-05-16,WMT,0.76840615,0.77284927,0.7737105
2024-05-17,AAPL,5.4277628,5.510976,5.4045402
2024-05-17,AMGN,0.18830795,0.19037187,0.18949948
2024-05-17,CRM,0.84555282,0.85704911,0.82866552
2024-05-17,CSCO,5.3687562,5.4165787,5.2077302
2024-05-17,IBM,1.676801,1.7082809,1.6443662
2024-05-17,INTC,6.623033,6.829533,6.6046623
2024-05-17,MSFT,71.629029,72.566031,70.084079
2024-05-17,NKE,1.8984811,1.9303863,1.8954455
2024-05-17,VZ,0.39762291,0.40239286,0.4057205
2024-05-17,WMT,0.7623439,0.76087957,0.75268193
2024-05-20,AAPL,5.1560539,5.176121,5.055504
2024-05-20,AMGN,0.18692344,0.18837088,0.18335534
2024-05-20,CRM,0.82070831,0.83590812,0.82024867
2024-05-20,CSCO,5.4020303,5.3994145,5.3812101
2024-05-20,IBM,1.6876332,1.7202067,1.678275
2024-05-20,INTC,6.6029963,6.6934015,6.6302438
2024-05-20,MSFT,71.358816,71.497925,70.527837
2024-05-20,NKE,1.8676412,1.9262487,1.8391273
2024-05-20,VZ,0.39892664,0.40765031,0.40497012
2024-05-20,WMT,0.75069162,0.76153997,0.74838704
2024-05-21,AAPL,4.9598274,4.9317793,4.896588
2024-05-21,AMGN,0.17845351,0.18072371,0.17701059
2024-05-21,CRM,0.78966771,0.79667413,0.78789767
2024-05-21,CSCO,5.3186402,5.4100859,5.2745097
2024-05-21,IBM,1.7102774,1.7574278,1.699177
2024-05-21,INTC,6.5060002,6.6453215,6.4015131
2024-05-21,MSFT,69.793928,70.444442,67.415777
2024-05-21,NKE,1.8251452,1.8299989,1.8270388
2024-05-21,VZ,0.39115695,0.39778889,0.3910643
2024-05-21,WMT,0.76609391,0.77249838,0.76962437
2024-05-22,AAPL,4.8871942,4.9567024,4.8142004
2024-05-22,AMGN,0.17308781,0.17351782,0.17090832
2024-05-22,CRM,0.80085607,0.79678105,0.78887251
2024-05-22,CSCO,5.3065615,5.3280512,5.2406828
2024-05-22,IBM,1.6777159,1.7091632,1.6740596
2024-05-22,INTC,6.4997783,6.5565264,6.4629113
2024-05-22,MSFT,72.006647,72.359813,71.723057
2024-05-22,NKE,1.8050717,1.8011986,1.8058876
2024-05-22,VZ,0.3857916,0.39206311,0.38552016
2024-05-22,WMT,0.76536598,0.75983609,0.76148997
2024-05-23,AAPL,4.8083805,4.8436721,4.8659364
2024-05-23,AMGN,0.1792786,0.18045819,0.17838614
2024-05-23,CRM,0.80751344,0.83042502,0.79321702
2024-05-23,CSCO,5.2128742,5.2766073,5.1415053
2024-05-23,IBM,1.6265068,1.650641,1.6243624
2024-05-23,INTC,6.3449235,6.411399,6.3109911
2024-05-23,MSFT,71.818173,71.960875,70.722204
2024-05-23,NKE,1.8342083,1.8297423,1.819229
2024-05-23,VZ,0.37426508,0.37537749,0.37363849
2024-05-23,WMT,0.77129227,0.77101474,0.75464881
2024-05-24,AAPL,4.8385926,4.9016512,4.7526671
2024-05-24,AMGN,0.17573922,0.17752684,0.1746629
2024-05-24,CRM,0.81874811,0.81605541,0.79743907
2024-05-24,CSCO,5.1623245,5.2512482,5.1678871
2024-05-24,IBM,1.6250501,1.6165982,1.631643
2024-05-24,INTC,6.4214997,6.5358888,6.3567918
2024-05-24,MSFT,73.196792,74.797947,72.468014
2024-05-24,NKE,1.8208523,1.8243867,1.8210351
2024-05-24,VZ,0.37631407,0.38892134,0.37207223
2024-05-24,WMT,0.78323774,0.79044565,0.79343711
2024-05-28,AAPL,5.0231271,5.106826,4.9341689
2024-05-28,AMGN,0.18124213,0.18406773,0.17885131
2024-05-28,CRM,0.83928519,0.84731085,0.85068825
2024-05-28,CSCO,5.2427555,5.188674,5.2498591
2024-05-28,IBM,1.6229901,1.6170348,1.6063573
2024-05-28,INTC,6.2748941,6.363969,6.23755
2024-05-28,MSFT,71.438099,72.079309,69.777113
2024-05-28,NKE,1.8557622,1.8705116,1.8327357
2024-05-28,VZ,0.36982592,0.37306215,0.36566061
2024-05-28,WMT,0.79092956,0.79715688,0.7834331
2024-05-29,AAPL,5.1022146,5.1854991,5.0702773
2024-05-29,AMGN,0.18554804,0.1911484,0.18262238
2024-05-29,CRM,0.82729003,0.83566027,0.8057712
2024-05-29,CSCO,5.3030682,5.3297049,5.2358569
2024-05-29,IBM,1.6113316,1.5963523,1.5989706
2024-05-29,INTC,6.1157239,6.1637086,6.0537746
2024-05-29,MSFT,72.272386,72.98241,72.051018
2024-05-29,NKE,1.8651196,1.8853734,1.8452789
2024-05-29,VZ,0.36439542,0.36718231,0.3627705
2024-05-29,WMT,0.77769128,0.79107016,0.78572619
2024-05-30,AAPL,4.8910526,4.9744417,4.7949001
2024-05-30,AMGN,0.18095536,0.18247874,0.17705127
2024-05-30,CRM,0.83302068,0.83964524,0.80507172
2024-05-30,CSCO,5.1828283,5.234001,5.1396335
2024-05-30,IBM,1.6465821,1.6359471,1.6350389
2024-05-30,INTC,6.149279,6.1770675,5.995682
2024-05-30,MSFT,73.474442,73.339398,72.647678
2024-05-30,NKE,1.8647026,1.8785457,1.83833
2024-05-30,VZ,0.36275326,0.36684012,0.35716061
2024-05-30,WMT,0.76899489,0.77599216,0.76001352
2024-05-31,AAPL,5.1048079,5.2623152,4.9669044
2024-05-31,AMGN,0.18236782,0.18225828,0.17865212
2024-05-31,CRM,0.81694448,0.82603442,0.80289144
2024-05-31,CSCO,5.1083004,5.1932213,4.9825435
2024-05-31,IBM,1.6011113,1.6126363,1.5998924
2024-05-31,INTC,6.0899617,6.0967787,6.0078664
2024-05-31,MSFT,73.958189,76.350476,73.107044
2024-05-31,NKE,1.853687,1.8930622,1.880556
2024-05-31,VZ,0.35524508,0.35895417,0.35230298
2024-05-31,WMT,0.76534916,0.76962935,0.76747698
2024-06-03,AAPL,5.0708606,5.0528884,5.1652396
2024-06-03,AMGN,0.18129753,0.18712632,0.18012146
2024-06-03,CRM,0.81124622,0.80953023,0.8020839
2024-06-03,CSCO,4.9939478,5.0850134,4.9402042
2024-06-03,IBM,1.5749369,1.5899548,1.5673731
2024-06-03,INTC,6.0245961,6.1174219,6.0553855
2024-06-03,MSFT,75.626821,76.805984,74.761836
2024-06-03,NKE,1.8215101,1.8250497,1.7967179
2024-06-03,VZ,0.35965578,0.36003368,0.35159121
2024-06-03,WMT,0.77130443,0.78172971,0.7613918
2024-06-04,AAPL,5.1703603,5.1721465,5.2082205
2024-06-04,AMGN,0.18384907,0.18666234,0.18407646
2024-06-04,CRM,0.85944675,0.8738776,0.86083152
2024-06-04,CSCO,5.0032924,4.9677226,5.0070255
2024-06-04,IBM,1.580311,1.6289786,1.5645946
2024-06-04,INTC,5.9683607,6.0232324,6.0107651
2024-06-04,MSFT,74.927838,76.59998,73.219821
2024-06-04,NKE,1.8016835,1.8134557,1.80469
2024-06-04,VZ,0.35273204,0.35500273,0.34878695
2024-06-04,WMT,0.7798858,0.79833154,0.77053715
2024-06-05,AAPL,5.1815495,5.2857055,5.2398513
2024-06-05,AMGN,0.1781837,0.17868223,0.17734883
2024-06-05,CRM,0.88842353,0.88763837,0.88397755
2024-06-05,CSCO,5.1594136,5.3675016,5.0821227
2024-06-05,IBM,1.5859646,1.6176997,1.5749987
2024-06-05,INTC,5.9335528,5.9904692,5.8717215
2024-06-05,MSFT,75.307601,75.414971,74.772443
2024-06-05,NKE,1.7901096,1.8233855,1.8003582
2024-06-05,VZ,0.35449053,0.35367828,0.35820536
2024-06-05,WMT,0.78286074,0.78291104,0.77190503
2024-06-06,AAPL,5.0945031,5.1255987,4.991158
2024-06-06,AMGN,0.17180424,0.17654441,0.17011401
2024-06-06,CRM,0.89286423,0.88976763,0.87278752
2024-06-06,CSCO,5.1583735,5.2102893,5.1167153
2024-06-06,IBM,1.5726466,1.5975703,1.5707216
2024-06-06,INTC,5.9838693,6.0231646,5.9305327
2024-06-06,MSFT,76.835762,77.461615,76.310284
2024-06-06,NKE,1.7831264,1.790127,1.7724568
2024-06-06,VZ,0.35053773,0.35688802,0.34276473
2024-06-06,WMT,0.78574125,0.78948506,0.77382607
2024-06-07,AAPL,4.9657879,5.0276279,4.8817095
2024-06-07,AMGN,0.17434648,0.17759342,0.17703087
2024-06-07,CRM,0.90043707,0.8840238,0.87377155
2024-06-07,CSCO,5.1554978,5.2167625,5.0171385
2024-06-07,IBM,1.5980384,1.6063112,1.5831139
2024-06-07,INTC,5.9876615,6.0270774,5.9628439
2024-06-07,MSFT,75.406832,75.286871,75.373369
2024-06-07,NKE,1.7734754,1.8029016,1.7886079
2024-06-07,VZ,0.34879253,0.35044851,0.3404427
2024-06-07,WMT,0.77124169,0.77057541,0.76575651
2024-06-10,AAPL,4.8933737,5.0075704,4.8058136
2024-06-10,AMGN,0.16552248,0.16752074,0.16365853
2024-06-10,CRM,0.92111805,0.93024104,0.92216999
2024-06-10,CSCO,5.1491564,5.1717237,5.174524
2024-06-10,IBM,1.566986,1.5634803,1.5454668
2024-06-10,INTC,5.9596997,5.9768422,6.0667662
2024-06-10,MSFT,75.916053,75.425417,74.871857
2024-06-10,NKE,1.765563,1.7824308,1.7301585
2024-06-10,VZ,0.34715648,0.34688541,0.35104462
2024-06-10,WMT,0.75912616,0.76244108,0.77417908
2024-06-11,AAPL,4.7892502,4.8622964,4.8029855
2024-06-11,AMGN,0.16343378,0.16433991,0.16162121
2024-06-11,CRM,0.89222696,0.91232837,0.86546459
2024-06-11,CSCO,5.1916882,5.3258862,4.9828196
2024-06-11,IBM,1.55461,1.5912052,1.5187475
2024-06-11,INTC,5.7964695,5.8249287,5.7061892
2024-06-11,MSFT,74.986161,74.874963,74.315723
2024-06-11,NKE,1.8047868,1.814507,1.7964204
2024-06-11,VZ,0.34444094,0.34997804,0.34395462
2024-06-11,WMT,0.76589588,0.76663196,0.75505396
2024-06-12,AAPL,4.7416252,4.8325574,4.6020451
2024-06-12,AMGN,0.16380649,0.16762959,0.1657985
2024-06-12,CRM,0.86462403,0.88525507,0.84123877
2024-06-12,CSCO,5.2774981,5.2465781,5.2442066
2024-06-12,IBM,1.5507732,1.5570644,1.5292414
2024-06-12,INTC,5.807673,5.8457656,5.7690227
2024-06-12,MSFT,77.380356,77.970758,76.725461
2024-06-12,NKE,1.790954,1.796452,1.8110813
2024-06-12,VZ,0.34125308,0.34163181,0.33735169
2024-06-12,WMT,0.76043546,0.76608248,0.75219842
2024-06-13,AAPL,4.6604345,4.689794,4.6057667
2024-06-13,AMGN,0.16334847,0.16314866,0.16537989
2024-06-13,CRM,0.8597665,0.86861034,0.82899999
2024-06-13,CSCO,5.2662138,5.3890951,5.2172631
2024-06-13,IBM,1.5337468,1.558754,1.535027
2024-06-13,INTC,5.7750152,5.7207272,5.658652
2024-06-13,MSFT,75.943259,75.628314,75.590934
2024-06-13,NKE,1.7570581,1.7831029,1.7561256
2024-06-13,VZ,0.3400752,0.34462124,0.33501044
2024-06-13,WMT,0.76001625,0.7611533,0.75746683
2024-06-14,AAPL,4.7638452,4.8134366,4.7641019
2024-06-14,AMGN,0.16085571,0.16263223,0.15820092
2024-06-14,CRM,0.871277,0.89689015,0.8749727
2024-06-14,CSCO,5.2238964,5.343947,5.1026234
2024-06-14,IBM,1.5269158,1.5340911,1.5366582
2024-06-14,INTC,5.7578258,5.8278736,5.7150996
2024-06-14,MSFT,75.790398,74.629009,75.531466
2024-06-14,NKE,1.7227544,1.7304009,1.7547492
2024-06-14,VZ,0.33756085,0.33603511,0.33504168
2024-06-14,WMT,0.74354828,0.75130081,0.73042792
2024-06-17,AAPL,4.7684437,4.9184245,4.6968887
2024-06-17,AMGN,0.16107908,0.16525361,0.15971963
2024-06-17,CRM,0.86414749,0.86771704,0.88414959
2024-06-17,CSCO,5.1544137,5.127131,5.0884606
2024-06-17,IBM,1.5355821,1.5314389,1.5295841
2024-06-17,INTC,5.7370197,5.7521135,5.6751672
2024-06-17,MSFT,74.482071,75.46268,73.72316
2024-06-17,NKE,1.718158,1.7333065,1.7081177
2024-06-17,VZ,0.33608145,0.3386804,0.3313318
2024-06-17,WMT,0.75132236,0.76507241,0.74783073
2024-06-18,AAPL,4.6938601,4.7415518,4.5146927
2024-06-18,AMGN,0.16083118,0.16134099,0.15982377
2024-06-18,CRM,0.91324191,0.9148072,0.87769838
2024-06-18,CSCO,5.2108558,5.2613387,5.2377729
2024-06-18,IBM,1.5450419,1.5437911,1.5351495
2024-06-18,INTC,5.5552345,5.6619239,5.4599308
2024-06-18,MSFT,75.264632,76.059681,73.984078
2024-06-18,NKE,1.6850438,1.6985438,1.6762288
2024-06-18,VZ,0.33819802,0.34703673,0.33639003
2024-06-18,WMT,0.75638241,0.77562332,0.75831263
2024-06-20,AAPL,4.7077658,4.7767126,4.633373
2024-06-20,AMGN,0.15614151,0.15645051,0.15396811
2024-06-20,CRM,0.90250327,0.92377608,0.88948183
2024-06-20,CSCO,5.1087482,5.1901229,5.0655739
2024-06-20,IBM,1.5187278,1.5354326,1.517863
2024-06-20,INTC,5.4604808,5.5310108,5.4376123
2024-06-20,MSFT,74.903066,75.527025,74.45714
2024-06-20,NKE,1.6935362,1.706478,1.6936024
2024-06-20,VZ,0.32943869,0.32822734,0.31844616
2024-06-20,WMT,0.74824578,0.75307121,0.74076703
2024-06-21,AAPL,4.7596946,4.8544158,4.7208345
2024-06-21,AMGN,0.15339463,0.15626069,0.15295467
2024-06-21,CRM,0.92412452,0.95632431,0.91517924
2024-06-21,CSCO,4.9873919,5.0445798,4.9488774
2024-06-21,IBM,1.491217,1.4895079,1.4744828
2024-06-21,INTC,5.3967708,5.4481637,5.3686907
2024-06-21,MSFT,76.782407,77.768314,76.592062
2024-06-21,NKE,1.7065109,1.7277337,1.7131035
2024-06-21,VZ,0.31599464,0.31799003,0.31833241
2024-06-21,WMT,0.74809274,0.752542,0.73942216
2024-06-24,AAPL,4.6062603,4.6280479,4.6916951
2024-06-24,AMGN,0.1566318,0.16024468,0.15468772
2024-06-24,CRM,0.95733578,0.96422598,0.95194208
2024-06-24,CSCO,5.1010065,5.1449189,5.028926
2024-06-24,IBM,1.4657629,1.4837532,1.439741
2024-06-24,INTC,5.4058605,5.5101,5.3823997
2024-06-24,MSFT,75.041738,75.944293,74.500296
2024-06-24,NKE,1.736982,1.7366379,1.7386998
2024-06-24,VZ,0.32659097,0.32830654,0.33199047
2024-06-24,WMT,0.7403606,0.74117222,0.7383394
2024-06-25,AAPL,4.6527277,4.6154756,4.6180023
2024-06-25,AMGN,0.15399654,0.15716069,0.15275929
2024-06-25,CRM,0.96759349,0.97330554,0.96770572
2024-06-25,CSCO,5.0930504,5.190852,5.1369313
2024-06-25,IBM,1.4566062,1.4733968,1.4546748
2024-06-25,INTC,5.5999966,5.5965412,5.5382215
2024-06-25,MSFT,71.455692,72.257091,70.472842
2024-06-25,NKE,1.6998448,1.7616696,1.6572783
2024-06-25,VZ,0.32917572,0.33701042,0.32536497
2024-06-25,WMT,0.73349403,0.73975354,0.72904752
2024-06-26,AAPL,4.6971683,4.8446934,4.6545432
2024-06-26,AMGN,0.15437695,0.15855106,0.15172298
2024-06-26,CRM,0.95731985,0.95385147,0.93911954
2024-06-26,CSCO,5.1702431,5.2995508,5.1365227
2024-06-26,IBM,1.482201,1.4949207,1.4632206
2024-06-26,INTC,5.4334867,5.5350009,5.3597623
2024-06-26,MSFT,71.793308,72.925451,71.156694
2024-06-26,NKE,1.6658762,1.7029766,1.6688862
2024-06-26,VZ,0.32446056,0.32951537,0.32611798
2024-06-26,WMT,0.74230395,0.74542046,0.73834347
2024-06-27,AAPL,4.6119466,4.6108379,4.6433163
2024-06-27,AMGN,0.15489515,0.1544095,0.15167918
2024-06-27,CRM,0.90187956,0.89680191,0.89413689
2024-06-27,CSCO,5.236507,5.3114913,5.1463907
2024-06-27,IBM,1.4893089,1.5252718,1.4872772
2024-06-27,INTC,5.1968958,5.2459053,5.1634737
2024-06-27,MSFT,72.352629,73.211844,71.033363
2024-06-27,NKE,1.6696409,1.6862769,1.6312781
2024-06-27,VZ,0.31965499,0.3236068,0.31413441
2024-06-27,WMT,0.74431329,0.75711077,0.73645863
2024-06-28,AAPL,4.6119476,4.5888972,4.6472016
2024-06-28,AMGN,0.15642111,0.15639825,0.15706025
2024-06-28,CRM,0.85940208,0.87777318,0.85918847
2024-06-28,CSCO,5.1759387,5.2495714,5.1158996
2024-06-28,IBM,1.4683981,1.4743131,1.4458188
2024-06-28,INTC,5.1414447,5.0586902,5.1454066
2024-06-28,MSFT,71.038304,70.662657,70.591594
2024-06-28,NKE,1.6857619,1.7061758,1.6651213
2024-06-28,VZ,0.31871549,0.31965356,0.31785729
2024-06-28,WMT,0.74490229,0.75589848,0.74957215
2024-07-01,AAPL,4.4660637,4.4865881,4.3417644
2024-07-01,AMGN,0.15240287,0.15376003,0.15190719
2024-07-01,CRM,0.85936605,0.85873166,0.84221675
2024-07-01,CSCO,5.0827385,5.1905608,4.9942073
2024-07-01,IBM,1.4548536,1.4813906,1.4548951
2024-07-01,INTC,5.001588,5.0460379,5.0408322
2024-07-01,MSFT,71.083823,71.114905,70.020698
2024-07-01,NKE,1.6978613,1.7235854,1.7040021
2024-07-01,VZ,0.31137992,0.31495837,0.3088638
2024-07-01,WMT,0.73652711,0.73771076,0.7208889
2024-07-02,AAPL,4.4785454,4.5906205,4.4853316
2024-07-02,AMGN,0.14906773,0.15103834,0.14630903
2024-07-02,CRM,0.82926519,0.82377883,0.83816353
2024-07-02,CSCO,5.1494854,5.1515695,5.1925666
2024-07-02,IBM,1.4550861,1.4829396,1.4616273
2024-07-02,INTC,4.9197162,4.8901599,4.8896966
2024-07-02,MSFT,70.575819,71.89472,70.151162
2024-07-02,NKE,1.6682021,1.7090295,1.6843505
2024-07-02,VZ,0.32221463,0.32766308,0.3141326
2024-07-02,WMT,0.73357886,0.7491187,0.74164125
2024-07-03,AAPL,4.5149918,4.5238359,4.3895023
2024-07-03,AMGN,0.14588548,0.14807195,0.14536736
2024-07-03,CRM,0.81944717,0.83898412,0.81246836
2024-07-03,CSCO,5.0934041,5.0845144,5.0322255
2024-07-03,IBM,1.4559438,1.4578442,1.4348514
2024-07-03,INTC,5.0187124,5.0369258,4.9498085
2024-07-03,MSFT,71.90281,73.08468,71.72226
2024-07-03,NKE,1.604777,1.5881572,1.6131255
2024-07-03,VZ,0.32396537,0.32741647,0.32716471
2024-07-03,WMT,0.72311958,0.72848189,0.7129375
2024-07-05,AAPL,4.4414805,4.534856,4.3315483
2024-07-05,AMGN,0.14287735,0.14500588,0.14184998
2024-07-05,CRM,0.79170897,0.79953262,0.76830622
2024-07-05,CSCO,5.2505789,5.2668026,5.1926157
2024-07-05,IBM,1.4454569,1.4692954,1.450225
2024-07-05,INTC,4.9139837,4.9772832,4.9285512
2024-07-05,MSFT,70.004565,69.578356,69.190346
2024-07-05,NKE,1.6268633,1.6564558,1.6245688
2024-07-05,VZ,0.31661829,0.32101832,0.31744511
2024-07-05,WMT,0.72235801,0.73597625,0.71247888
2024-07-08,AAPL,4.4512341,4.4438612,4.3362424
2024-07-08,AMGN,0.14284198,0.14677459,0.14330717
2024-07-08,CRM,0.80419525,0.82722494,0.77762197
2024-07-08,CSCO,5.351761,5.4311824,5.2615427
2024-07-08,IBM,1.4343218,1.4402825,1.4156602
2024-07-08,INTC,4.8822549,4.916136,4.8537117
2024-07-08,MSFT,70.558733,70.826025,70.986193
2024-07-08,NKE,1.654704,1.6763287,1.6382142
2024-07-08,VZ,0.3171228,0.32085851,0.31631792
2024-07-08,WMT,0.72132123,0.7249047,0.7116154
2024-07-09,AAPL,4.3722616,4.4449324,4.4255583
2024-07-09,AMGN,0.1409933,0.14302559,0.13847808
2024-07-09,CRM,0.77580408,0.80211467,0.77112171
2024-07-09,CSCO,5.2546351,5.3496157,5.189599
2024-07-09,IBM,1.4292253,1.418936,1.4101209
2024-07-09,INTC,4.8828614,4.8648576,4.9061861
2024-07-09,MSFT,72.267966,71.802169,71.445762
2024-07-09,NKE,1.6692198,1.6832189,1.652072
2024-07-09,VZ,0.31026538,0.31722806,0.3117259
2024-07-09,WMT,0.71230815,0.7164038,0.7119085
2024-07-10,AAPL,4.4198411,4.4038551,4.3581839
2024-07-10,AMGN,0.14304621,0.1438909,0.1426533
2024-07-10,CRM,0.79818052,0.78470216,0.79983604
2024-07-10,CSCO,5.2016522,5.2136006,5.1590086
2024-07-10,IBM,1.4224739,1.4264729,1.4234588
2024-07-10,INTC,4.8278926,4.8830341,4.8112644
2024-07-10,MSFT,70.811131,70.972116,69.66827
2024-07-10,NKE,1.7127876,1.732308,1.6940763
2024-07-10,VZ,0.30804238,0.30938477,0.30791815
2024-07-10,WMT,0.7053629,0.71573766,0.69458415
2024-07-11,AAPL,4.4154942,4.5134423,4.4824235
2024-07-11,AMGN,0.14268495,0.14732041,0.14338162
2024-07-11,CRM,0.77563136,0.7758222,0.76331481
2024-07-11,CSCO,5.1980719,5.188558,5.2227294
2024-07-11,IBM,1.4261441,1.4390072,1.3966357
2024-07-11,INTC,4.6639956,4.732759,4.5891964
2024-07-11,MSFT,72.546971,73.797053,70.531313
2024-07-11,NKE,1.707091,1.7373498,1.6747742
2024-07-11,VZ,0.30973294,0.30807028,0.30445162
2024-07-11,WMT,0.69932145,0.70095208,0.69347823
2024-07-12,AAPL,4.4181775,4.3774819,4.3777271
2024-07-12,AMGN,0.14108598,0.14293658,0.14000598
2024-07-12,CRM,0.80440237,0.81711422,0.79588972
2024-07-12,CSCO,5.1259479,5.1129097,5.1031721
2024-07-12,IBM,1.4332949,1.4497028,1.4171864
2024-07-12,INTC,4.5262079,4.5529957,4.5506853
2024-07-12,MSFT,71.927542,73.140575,71.436475
2024-07-12,NKE,1.737051,1.7569317,1.6925702
2024-07-12,VZ,0.30919242,0.31219493,0.30614086
2024-07-12,WMT,0.69823469,0.71067631,0.69746812
2024-07-15,AAPL,4.5607116,4.7378635,4.485377
2024-07-15,AMGN,0.1371682,0.13843486,0.13598404
2024-07-15,CRM,0.77779509,0.79872014,0.76213313
2024-07-15,CSCO,5.1111485,5.1178477,5.1300903
2024-07-15,IBM,1.4594769,1.4834826,1.4773039
2024-07-15,INTC,4.6290368,4.6539373,4.6200782
2024-07-15,MSFT,70.446872,71.843379,70.144089
2024-07-15,NKE,1.8063869,1.8208204,1.7809781
2024-07-15,VZ,0.30359694,0.3050252,0.30701056
2024-07-15,WMT,0.69081727,0.69174612,0.688225
2024-07-16,AAPL,4.4920321,4.5097387,4.4730339
2024-07-16,AMGN,0.13438441,0.13620188,0.13605027
2024-07-16,CRM,0.7518903,0.75700024,0.74603709
2024-07-16,CSCO,5.0585863,4.9779808,4.9181791
2024-07-16,IBM,1.428807,1.4329713,1.3920963
2024-07-16,INTC,4.650252,4.7385022,4.6762079
2024-07-16,MSFT,69.526132,69.853456,67.592678
2024-07-16,NKE,1.8227014,1.8342074,1.8172077
2024-07-16,VZ,0.2996097,0.29931438,0.29891136
2024-07-16,WMT,0.67728722,0.68449398,0.67622744
2024-07-17,AAPL,4.6147731,4.7065189,4.6215721
2024-07-17,AMGN,0.13510963,0.13570869,0.13465837
2024-07-17,CRM,0.75158812,0.76970467,0.75276372
2024-07-17,CSCO,5.1983504,5.1664434,5.1309432
2024-07-17,IBM,1.4556745,1.4562687,1.4684621
2024-07-17,INTC,4.6695575,4.7290961,4.5358616
2024-07-17,MSFT,68.567398,70.183503,68.302659
2024-07-17,NKE,1.7807991,1.8060911,1.7549354
2024-07-17,VZ,0.29437148,0.30040846,0.29257932
2024-07-17,WMT,0.66566189,0.66118189,0.66612999
2024-07-18,AAPL,4.4530666,4.4478691,4.3966942
2024-07-18,AMGN,0.13573257,0.135809,0.13652749
2024-07-18,CRM,0.74724495,0.75534281,0.71956206
2024-07-18,CSCO,5.3421108,5.4426012,5.3419446
2024-07-18,IBM,1.4145506,1.4102679,1.3983624
2024-07-18,INTC,4.7527973,4.7917296,4.5692559
2024-07-18,MSFT,67.951443,68.832739,67.361318
2024-07-18,NKE,1.7778706,1.8047828,1.719541
2024-07-18,VZ,0.28817665,0.28885767,0.28893393
2024-07-18,WMT,0.66030893,0.66742334,0.66399861
2024-07-19,AAPL,4.5136719,4.5631444,4.4903457
2024-07-19,AMGN,0.13680567,0.13661202,0.13463254
2024-07-19,CRM,0.76331735,0.7654984,0.76231113
2024-07-19,CSCO,5.3115408,5.4240989,5.2502184
2024-07-19,IBM,1.3776569,1.3890558,1.3687415
2024-07-19,INTC,4.878779,4.8044519,4.8634484
2024-07-19,MSFT,65.623372,65.950088,65.046639
2024-07-19,NKE,1.757606,1.8010801,1.6943049
2024-07-19,VZ,0.28542129,0.29167601,0.2838622
2024-07-19,WMT,0.65973964,0.66601246,0.65520945
2024-07-22,AAPL,4.4748365,4.447041,4.4924001
2024-07-22,AMGN,0.13556071,0.1388682,0.13472308
2024-07-22,CRM,0.77791637,0.80733223,0.77175446
2024-07-22,CSCO,5.322804,5.4741109,5.2457961
2024-07-22,IBM,1.3901267,1.3969027,1.391499
2024-07-22,INTC,4.9050706,4.9902745,4.7843119
2024-07-22,MSFT,63.773539,64.053543,62.848536
2024-07-22,NKE,1.758774,1.7671142,1.7312855
2024-07-22,VZ,0.28897405,0.29131058,0.28665853
2024-07-22,WMT,0.64805049,0.6538938,0.64716161
2024-07-23,AAPL,4.5339672,4.5392819,4.5333773
2024-07-23,AMGN,0.13410748,0.13506439,0.13418021
2024-07-23,CRM,0.77404556,0.7788829,0.74832342
2024-07-23,CSCO,5.4143876,5.4478114,5.3294761
2024-07-23,IBM,1.3888818,1.4059828,1.3845674
2024-07-23,INTC,4.9832678,5.0372801,4.9166502
2024-07-23,MSFT,63.613414,63.826095,62.179232
2024-07-23,NKE,1.7370197,1.76447,1.7298946
2024-07-23,VZ,0.28502921,0.28813661,0.28153121
2024-07-23,WMT,0.66256883,0.67643919,0.6587213
2024-07-24,AAPL,4.5301136,4.6200386,4.4805206
2024-07-24,AMGN,0.13245404,0.13224498,0.1344946
2024-07-24,CRM,0.77735727,0.78108272,0.78057026
2024-07-24,CSCO,5.2788296,5.3640688,5.1678913
2024-07-24,IBM,1.3849687,1.3823723,1.3609509
2024-07-24,INTC,4.9091405,4.9128759,4.8339948
2024-07-24,MSFT,62.568764,63.018118,62.269056
2024-07-24,NKE,1.7182939,1.717978,1.71525
2024-07-24,VZ,0.28291156,0.28491702,0.28000508
2024-07-24,WMT,0.66569877,0.66536542,0.66262712
2024-07-25,AAPL,4.4642854,4.4926864,4.3833468
2024-07-25,AMGN,0.13215809,0.13262962,0.129974
2024-07-25,CRM,0.73246912,0.76180121,0.71556898
2024-07-25,CSCO,5.5611783,5.6339967,5.5405892
2024-07-25,IBM,1.3853908,1.4060578,1.3625254
2024-07-25,INTC,4.7305897,4.7383606,4.754846
2024-07-25,MSFT,63.237351,63.665627,62.557229
2024-07-25,NKE,1.698058,1.6970346,1.6769809
2024-07-25,VZ,0.28550963,0.28573821,0.28594521
2024-07-25,WMT,0.64691159,0.65118299,0.64685838
2024-07-26,AAPL,4.5083737,4.5218984,4.5134439
2024-07-26,AMGN,0.13001019,0.13118762,0.12821835
2024-07-26,CRM,0.75907312,0.78215358,0.74712876
2024-07-26,CSCO,5.5010895,5.5173325,5.4581545
2024-07-26,IBM,1.3730464,1.3882297,1.36459
2024-07-26,INTC,4.8598164,4.9874683,4.7943915
2024-07-26,MSFT,62.405352,63.509046,62.074913
2024-07-26,NKE,1.7108387,1.7335561,1.6971851
2024-07-26,VZ,0.28720893,0.29011371,0.28333458
2024-07-26,WMT,0.6487768,0.65922492,0.65376238
2024-07-29,AAPL,4.6251468,4.6880918,4.5584915
2024-07-29,AMGN,0.13117473,0.13481281,0.12982332
2024-07-29,CRM,0.77538799,0.7906165,0.76863725
2024-07-29,CSCO,5.6406567,5.6084374,5.6339134
2024-07-29,IBM,1.3581551,1.3507403,1.3336873
2024-07-29,INTC,4.9279728,5.0341791,4.917501
2024-07-29,MSFT,63.507977,64.396101,62.140134
2024-07-29,NKE,1.6235038,1.6727521,1.6164124
2024-07-29,VZ,0.28802029,0.29268019,0.28519713
2024-07-29,WMT,0.66665254,0.67007211,0.66586999
2024-07-30,AAPL,4.7919225,4.8775539,4.7427472
2024-07-30,AMGN,0.13086703,0.13256646,0.12940342
2024-07-30,CRM,0.75707198,0.77140954,0.7393471
2024-07-30,CSCO,5.6849954,5.7564742,5.5650682
2024-07-30,IBM,1.3470116,1.3457311,1.3543597
2024-07-30,INTC,4.8435679,4.8119649,4.6775711
2024-07-30,MSFT,64.654074,65.468102,63.53022
2024-07-30,NKE,1.584646,1.622832,1.5820893
2024-07-30,VZ,0.2861509,0.29069135,0.28651296
2024-07-30,WMT,0.65334253,0.66078183,0.65302737
2024-07-31,AAPL,4.5770622,4.6773738,4.5348237
2024-07-31,AMGN,0.12881682,0.13150389,0.12987113
2024-07-31,CRM,0.74714236,0.76388478,0.7397328
2024-07-31,CSCO,5.8112106,5.8259551,5.6604892
2024-07-31,IBM,1.3443401,1.3655645,1.341288
2024-07-31,INTC,4.7252536,4.7442547,4.6457756
2024-07-31,MSFT,65.09626,66.563031,63.432596
2024-07-31,NKE,1.6055285,1.6293603,1.5746654
2024-07-31,VZ,0.28851543,0.28889621,0.28373994
2024-07-31,WMT,0.64795411,0.65065535,0.64327142
2024-08-01,AAPL,4.4620464,4.5472366,4.461915
2024-08-01,AMGN,0.13001379,0.13163801,0.12899991
2024-08-01,CRM,0.72403053,0.7444281,0.70363464
2024-08-01,CSCO,5.8138348,5.8344555,5.6948577
2024-08-01,IBM,1.3357053,1.3466146,1.3400297
2024-08-01,INTC,4.7162218,4.6862305,4.7039173
2024-08-01,MSFT,65.57405,66.172921,64.94427
2024-08-01,NKE,1.6156738,1.6301433,1.6126726
2024-08-01,VZ,0.29414485,0.29748007,0.2948871
2024-08-01,WMT,0.63904261,0.63314393,0.63258249
2024-08-02,AAPL,4.5162363,4.5267309,4.5264143
2024-08-02,AMGN,0.13141813,0.1309059,0.13138364
2024-08-02,CRM,0.72510882,0.73987541,0.71681779
2024-08-02,CSCO,5.7595539,5.8703431,5.7356364
2024-08-02,IBM,1.3221427,1.3487589,1.3040313
2024-08-02,INTC,4.8712894,4.9446345,4.8145753
2024-08-02,MSFT,68.946993,68.926515,67.933949
2024-08-02,NKE,1.5847345,1.6241393,1.589146
2024-08-02,VZ,0.28995695,0.29551913,0.28559933
2024-08-02,WMT,0.6667292,0.67409242,0.66364679
2024-08-05,AAPL,4.7328318,4.8914136,4.6511642
2024-08-05,AMGN,0.1345123,0.13657958,0.132309
2024-08-05,CRM,0.71314881,0.71177354,0.70530572
2024-08-05,CSCO,5.8958693,5.9702223,5.9565563
2024-08-05,IBM,1.3049707,1.3325446,1.3005576
2024-08-05,INTC,4.7874596,4.8370017,4.829223
2024-08-05,MSFT,69.984894,72.393891,68.357733
2024-08-05,NKE,1.5653002,1.6007145,1.5315934
2024-08-05,VZ,0.29136327,0.29293099,0.28385284
2024-08-05,WMT,0.66174824,0.6668238,0.65678754
2024-08-06,AAPL,4.5989479,4.6686618,4.4806517
2024-08-06,AMGN,0.1330935,0.13414617,0.13128589
2024-08-06,CRM,0.73928379,0.74663264,0.7538961
2024-08-06,CSCO,5.9001765,5.8744336,5.783323
2024-08-06,IBM,1.3037181,1.3295329,1.3032761
2024-08-06,INTC,4.7867484,4.9143219,4.7190478
2024-08-06,MSFT,68.948996,69.968978,67.409354
2024-08-06,NKE,1.5566186,1.5704759,1.5691233
2024-08-06,VZ,0.28610081,0.28843679,0.28193062
2024-08-06,WMT,0.66938731,0.68575539,0.66028744
2024-08-07,AAPL,4.5651154,4.551898,4.4405987
2024-08-07,AMGN,0.1339527,0.13856444,0.13229273
2024-08-07,CRM,0.72173555,0.72031812,0.70787115
2024-08-07,CSCO,5.7490411,5.7926019,5.7827845
2024-08-07,IBM,1.3034204,1.3161479,1.2919153
2024-08-07,INTC,4.7987181,4.8846558,4.7681894
2024-08-07,MSFT,69.669108,70.985616,69.263756
2024-08-07,NKE,1.5864377,1.5999916,1.5591098
2024-08-07,VZ,0.28590445,0.28760943,0.28269695
2024-08-07,WMT,0.66819316,0.67217184,0.66372863
2024-08-08,AAPL,4.5069544,4.5582493,4.4786314
2024-08-08,AMGN,0.13031868,0.13072427,0.12841909
2024-08-08,CRM,0.6873516,0.70731022,0.67170073
2024-08-08,CSCO,5.8527564,5.8147574,5.809525
2024-08-08,IBM,1.2794374,1.2727293,1.2718053
2024-08-08,INTC,4.9008972,4.9496655,4.8313823
2024-08-08,MSFT,69.987746,70.917886,68.533011
2024-08-08,NKE,1.5583253,1.5646664,1.5588237
2024-08-08,VZ,0.28257961,0.28966579,0.27704483
2024-08-08,WMT,0.66091758,0.65767575,0.66270496
2024-08-09,AAPL,4.4464302,4.6323282,4.515718
2024-08-09,AMGN,0.13183911,0.13452703,0.12917875
2024-08-09,CRM,0.69907025,0.71384717,0.67605132
2024-08-09,CSCO,5.8513697,5.8492544,5.7647292
2024-08-09,IBM,1.2701239,1.2692988,1.2539712
2024-08-09,INTC,4.9194723,5.0176259,4.9163489
2024-08-09,MSFT,69.520814,70.176167,69.63011
2024-08-09,NKE,1.5531812,1.5582543,1.5372286
2024-08-09,VZ,0.28063938,0.2850596,0.27642656
2024-08-09,WMT,0.64963798,0.65539323,0.65074696
2024-08-12,AAPL,4.3856693,4.4350097,4.3331831
2024-08-12,AMGN,0.12959284,0.13208885,0.12779348
2024-08-12,CRM,0.70280155,0.73178967,0.68151276
2024-08-12,CSCO,6.1227484,6.2198257,6.0641113
2024-08-12,IBM,1.2806534,1.3059518,1.264155
2024-08-12,INTC,4.9405853,5.0090976,4.8815858
2024-08-12,MSFT,68.423289,68.644514,68.044259
2024-08-12,NKE,1.5410774,1.5409493,1.5292711
2024-08-12,VZ,0.277751,0.28003758,0.27419934
2024-08-12,WMT,0.65274934,0.65016892,0.64860101
2024-08-13,AAPL,4.3319132,4.424584,4.3541051
2024-08-13,AMGN,0.13090485,0.13100126,0.12806474
2024-08-13,CRM,0.70554388,0.71766258,0.69710101
2024-08-13,CSCO,6.3603676,6.4960206,6.4198966
2024-08-13,IBM,1.3003469,1.3081932,1.2849421
2024-08-13,INTC,4.9721052,5.0234046,4.9753894
2024-08-13,MSFT,68.570459,69.014549,67.068104
2024-08-13,NKE,1.5607034,1.594383,1.5513675
2024-08-13,VZ,0.27475082,0.27563272,0.27988077
2024-08-13,WMT,0.65189458,0.65639992,0.63946996
2024-08-14,AAPL,4.2490257,4.3224255,4.2051851
2024-08-14,AMGN,0.13355485,0.13396888,0.13401691
2024-08-14,CRM,0.71870927,0.72525241,0.69918258
2024-08-14,CSCO,6.3114856,6.4182464,6.1869237
2024-08-14,IBM,1.3036938,1.3248592,1.2706246
2024-08-14,INTC,4.8727144,4.9493542,4.9010209
2024-08-14,MSFT,69.715187,70.844511,69.722575
2024-08-14,NKE,1.576828,1.5873898,1.5749956
2024-08-14,VZ,0.27748598,0.2804833,0.2703785
2024-08-14,WMT,0.64139748,0.64789142,0.64459857
2024-08-15,AAPL,4.0205716,4.1205456,3.9078365
2024-08-15,AMGN,0.13291363,0.13599578,0.13137741
2024-08-15,CRM,0.7016631,0.70156666,0.69213776
2024-08-15,CSCO,6.1313127,6.1156391,6.0129711
2024-08-15,IBM,1.2902945,1.3044949,1.2983481
2024-08-15,INTC,4.7926375,4.8200429,4.7164419
2024-08-15,MSFT,72.250124,73.345528,71.074258
2024-08-15,NKE,1.542656,1.5761841,1.5675903
2024-08-15,VZ,0.28107878,0.27979775,0.27645311
2024-08-15,WMT,0.64606101,0.64870691,0.64264825
2024-08-16,AAPL,4.0345252,4.0958814,3.9540921
2024-08-16,AMGN,0.13067616,0.13352222,0.12933705
2024-08-16,CRM,0.70415514,0.71874474,0.69190035
2024-08-16,CSCO,6.2575813,6.3506542,6.3394991
2024-08-16,IBM,1.3078276,1.3346029,1.3042376
2024-08-16,INTC,4.740529,4.8221062,4.6896715
2024-08-16,MSFT,70.741928,71.583306,69.759511
2024-08-16,NKE,1.4959528,1.4845666,1.4874496
2024-08-16,VZ,0.27991367,0.28523215,0.28067641
2024-08-16,WMT,0.6415416,0.63777037,0.63874152
2024-08-19,AAPL,3.9766754,4.0426598,3.8789204
2024-08-19,AMGN,0.12988998,0.13071193,0.13028722
2024-08-19,CRM,0.68459839,0.7034376,0.70299829
2024-08-19,CSCO,6.2365963,6.2102362,6.2389189
2024-08-19,IBM,1.3107664,1.3103441,1.2922663
2024-08-19,INTC,4.661848,4.6281988,4.556405
2024-08-19,MSFT,72.688432,72.797795,72.662844
2024-08-19,NKE,1.4948656,1.5109912,1.4857207
2024-08-19,VZ,0.28055749,0.28335233,0.2772219
2024-08-19,WMT,0.64445096,0.65312153,0.647834
2024-08-20,AAPL,3.9842739,4.0619854,3.9935827
2024-08-20,AMGN,0.13368661,0.13209549,0.13368972
2024-08-20,CRM,0.67250251,0.65720234,0.66368028
2024-08-20,CSCO,6.1497687,6.1068466,6.0987432
2024-08-20,IBM,1.3174611,1.3365557,1.3130678
2024-08-20,INTC,4.6845925,4.741615,4.7005473
2024-08-20,MSFT,73.033783,73.493485,72.240878
2024-08-20,NKE,1.508992,1.5080421,1.4668297
2024-08-20,VZ,0.27099457,0.2737321,0.26920005
2024-08-20,WMT,0.64930015,0.65677748,0.63359292
2024-08-21,AAPL,4.0313007,4.0206443,3.9638118
2024-08-21,AMGN,0.13442677,0.1362942,0.13496515
2024-08-21,CRM,0.6800755,0.69824099,0.67067395
2024-08-21,CSCO,6.2792133,6.3113803,6.0990295
2024-08-21,IBM,1.3255754,1.3577905,1.3079438
2024-08-21,INTC,4.6959923,4.7521173,4.6191365
2024-08-21,MSFT,72.635969,72.57928,73.113879
2024-08-21,NKE,1.5421228,1.583308,1.5085867
2024-08-21,VZ,0.27342752,0.27438421,0.26882501
2024-08-21,WMT,0.64301198,0.65677541,0.64962813
2024-08-22,AAPL,3.9976746,4.0120223,3.9531853
2024-08-22,AMGN,0.13715492,0.13693961,0.13597634
2024-08-22,CRM,0.68233765,0.69524964,0.66449657
2024-08-22,CSCO,6.1585281,6.2728241,6.1336032
2024-08-22,IBM,1.3035535,1.3234883,1.2966833
2024-08-22,INTC,4.7203479,4.7956198,4.701171
2024-08-22,MSFT,69.902168,69.690651,69.494576
2024-08-22,NKE,1.5809153,1.6092968,1.5740622
2024-08-22,VZ,0.27574819,0.28125444,0.27252785
2024-08-22,WMT,0.64688194,0.65410809,0.63417284
2024-08-23,AAPL,3.9552369,3.9848269,3.8179276
2024-08-23,AMGN,0.13483463,0.1370718,0.13363203
2024-08-23,CRM,0.67942856,0.67898446,0.67268984
2024-08-23,CSCO,6.2257251,6.2615916,6.2220057
2024-08-23,IBM,1.2929504,1.3037621,1.276792
2024-08-23,INTC,4.6840859,4.7038745,4.6220338
2024-08-23,MSFT,69.084114,69.973281,68.92624
2024-08-23,NKE,1.562188,1.5691181,1.5387794
2024-08-23,VZ,0.2739131,0.2767256,0.26985637
2024-08-23,WMT,0.64901534,0.66248105,0.64457717
2024-08-26,AAPL,3.9354691,3.9302417,3.8968266
2024-08-26,AMGN,0.13599041,0.13765714,0.13529786
2024-08-26,CRM,0.69554242,0.70802662,0.68965437
2024-08-26,CSCO,6.0655412,6.1215675,6.0497089
2024-08-26,IBM,1.3085225,1.2943574,1.3035984
2024-08-26,INTC,4.7064229,4.8055014,4.6864896
2024-08-26,MSFT,68.872321,68.528867,66.832455
2024-08-26,NKE,1.5390197,1.5541402,1.567331
2024-08-26,VZ,0.27911013,0.28661847,0.27921939
2024-08-26,WMT,0.64135743,0.65609672,0.63453188
2024-08-27,AAPL,3.9484472,4.0949283,3.9046788
2024-08-27,AMGN,0.13650703,0.13935915,0.13448045
2024-08-27,CRM,0.69346431,0.69770316,0.70479462
2024-08-27,CSCO,6.033853,6.1584839,6.0365525
2024-08-27,IBM,1.3423333,1.3720642,1.3242065
2024-08-27,INTC,4.7312399,4.6679466,4.6976763
2024-08-27,MSFT,68.455084,69.363085,67.543656
2024-08-27,NKE,1.526069,1.5292281,1.535246
2024-08-27,VZ,0.28384945,0.28774195,0.27941515
2024-08-27,WMT,0.64204287,0.64540968,0.64541443
2024-08-28,AAPL,3.9235534,3.9096879,3.9101982
2024-08-28,AMGN,0.13582424,0.13832481,0.13546686
2024-08-28,CRM,0.66620398,0.6749281,0.65069517
2024-08-28,CSCO,6.1470463,6.208886,6.1526287
2024-08-28,IBM,1.3174768,1.3254422,1.2886141
2024-08-28,INTC,4.7116067,4.7100955,4.6531871
2024-08-28,MSFT,69.031167,70.722489,66.695481
2024-08-28,NKE,1.5347489,1.5530877,1.5247529
2024-08-28,VZ,0.27835825,0.2800594,0.2753551
2024-08-28,WMT,0.63368654,0.6405157,0.63596313
2024-08-29,AAPL,3.953075,3.9887773,3.8739281
2024-08-29,AMGN,0.1371703,0.1385412,0.13557428
2024-08-29,CRM,0.66636382,0.66687984,0.65865853
2024-08-29,CSCO,6.1915965,6.2790188,6.1125206
2024-08-29,IBM,1.3002773,1.3226452,1.2931989
2024-08-29,INTC,4.6347406,4.6771094,4.5431661
2024-08-29,MSFT,69.581944,69.843538,67.905948
2024-08-29,NKE,1.4652224,1.4796172,1.4415276
2024-08-29,VZ,0.27261077,0.27445586,0.27107398
2024-08-29,WMT,0.62975972,0.63605333,0.62877044
2024-08-30,AAPL,3.826916,3.9032471,3.7505388
2024-08-30,AMGN,0.13860303,0.13947578,0.13594038
2024-08-30,CRM,0.66409869,0.68222004,0.66396727
2024-08-30,CSCO,6.0796625,6.1073176,6.127291
2024-08-30,IBM,1.2792301,1.2857064,1.2585877
2024-08-30,INTC,4.6752109,4.6747796,4.596437
2024-08-30,MSFT,66.973713,67.888371,66.248504
2024-08-30,NKE,1.5336952,1.5611313,1.5211664
2024-08-30,VZ,0.27493773,0.27693691,0.26987362
2024-08-30,WMT,0.63216125,0.63937278,0.62855387
2024-09-03,AAPL,3.9788699,4.0739413,3.8609855
2024-09-03,AMGN,0.13667917,0.13882179,0.13571726
2024-09-03,CRM,0.64398366,0.64887713,0.63216206
2024-09-03,CSCO,6.0561355,6.142393,5.9296867
2024-09-03,IBM,1.2840985,1.2968513,1.2952746
2024-09-03,INTC,4.5960564,4.6250958,4.533312
2024-09-03,MSFT,66.314482,67.002093,66.305522
2024-09-03,NKE,1.5039177,1.5099964,1.4777315
2024-09-03,VZ,0.27369209,0.27550701,0.27075269
2024-09-03,WMT,0.63185591,0.63730147,0.63482936
2024-09-04,AAPL,4.1688714,4.3004487,4.0397782
2024-09-04,AMGN,0.13623218,0.13853315,0.1333601
2024-09-04,CRM,0.61914026,0.63738852,0.61033937
2024-09-04,CSCO,5.853844,5.8731287,5.8535698
2024-09-04,IBM,1.2831645,1.2945229,1.2889622
2024-09-04,INTC,4.5847958,4.6518051,4.5443902
2024-09-04,MSFT,66.208353,66.344162,66.80162
2024-09-04,NKE,1.4954152,1.5099627,1.5028527
2024-09-04,VZ,0.27295608,0.27866966,0.26959306
2024-09-04,WMT,0.62183333,0.61896739,0.61486353
2024-09-05,AAPL,4.1926323,4.2170956,4.1503297
2024-09-05,AMGN,0.13639251,0.13720413,0.13681849
2024-09-05,CRM,0.63589631,0.64224921,0.62962548
2024-09-05,CSCO,5.7971199,5.821241,5.7708654
2024-09-05,IBM,1.2448372,1.2634085,1.2506317
2024-09-05,INTC,4.5994029,4.6614865,4.483309
2024-09-05,MSFT,65.013094,65.848461,64.225736
2024-09-05,NKE,1.4738125,1.4879927,1.4611043
2024-09-05,VZ,0.26727616,0.26498955,0.26441658
2024-09-05,WMT,0.63822128,0.64633632,0.63336124
2024-09-06,AAPL,4.2068613,4.2518942,4.2430057
2024-09-06,AMGN,0.1388887,0.13958252,0.13897225
2024-09-06,CRM,0.64904153,0.66407084,0.63296843
2024-09-06,CSCO,5.6658402,5.6966279,5.6452091
2024-09-06,IBM,1.270926,1.283339,1.2583033
2024-09-06,INTC,4.6556926,4.6267335,4.5756772
2024-09-06,MSFT,64.372683,65.911883,64.281107
2024-09-06,NKE,1.4451631,1.448675,1.4165994
2024-09-06,VZ,0.26278322,0.27105998,0.2614109
2024-09-06,WMT,0.62851836,0.64289164,0.62544496
2024-09-09,AAPL,4.3011851,4.3690664,4.2937863
2024-09-09,AMGN,0.13925131,0.14183655,0.13617728
2024-09-09,CRM,0.66691525,0.67676958,0.66470663
2024-09-09,CSCO,5.5856766,5.6744862,5.5510173
2024-09-09,IBM,1.2841106,1.2926718,1.2816791
2024-09-09,INTC,4.5574072,4.5798106,4.5300721
2024-09-09,MSFT,67.206755,66.686513,65.900973
2024-09-09,NKE,1.4119217,1.446442,1.3839982
2024-09-09,VZ,0.26643699,0.27002657,0.26413229
2024-09-09,WMT,0.62016507,0.62887721,0.61182424
2024-09-10,AAPL,4.2179745,4.1907313,4.2380888
2024-09-10,AMGN,0.13828773,0.14032779,0.13727222
2024-09-10,CRM,0.65846914,0.68481911,0.6550589
2024-09-10,CSCO,5.583231,5.6702234,5.5278343
2024-09-10,IBM,1.2842467,1.300302,1.2882989
2024-09-10,INTC,4.6163689,4.7079785,4.5567632
2024-09-10,MSFT,67.859086,68.212416,67.397078
2024-09-10,NKE,1.4310248,1.4456559,1.4227056
2024-09-10,VZ,0.26662494,0.27042219,0.26401522
2024-09-10,WMT,0.62179923,0.62306764,0.61591914
2024-09-11,AAPL,4.2788509,4.2847948,4.2923782
2024-09-11,AMGN,0.13442799,0.13627147,0.13176113
2024-09-11,CRM,0.69107113,0.69660795,0.69670466
2024-09-11,CSCO,5.6740349,5.6557586,5.5872044
2024-09-11,IBM,1.3368974,1.3466466,1.3162493
2024-09-11,INTC,4.6163161,4.6174129,4.5274948
2024-09-11,MSFT,68.248258,69.208278,69.406092
2024-09-11,NKE,1.4007829,1.3993242,1.3811108
2024-09-11,VZ,0.25425399,0.25819995,0.25437289
2024-09-11,WMT,0.61371555,0.61286791,0.61171021
2024-09-12,AAPL,4.328491,4.3615895,4.1516368
2024-09-12,AMGN,0.13030661,0.13222674,0.12950788
2024-09-12,CRM,0.69197432,0.71094515,0.69679387
2024-09-12,CSCO,5.6641291,5.8031677,5.5754893
2024-09-12,IBM,1.3054904,1.3239833,1.3008499
2024-09-12,INTC,4.5428894,4.6196315,4.5229044
2024-09-12,MSFT,68.120818,68.490307,66.179954
2024-09-12,NKE,1.4116403,1.4275615,1.3932716
2024-09-12,VZ,0.25028147,0.25190833,0.24832971
2024-09-12,WMT,0.61934799,0.627886,0.61035901
2024-09-13,AAPL,4.1963564,4.2673467,4.1404016
2024-09-13,AMGN,0.13169805,0.13232875,0.13120824
2024-09-13,CRM,0.66556009,0.67434607,0.64812484
2024-09-13,CSCO,5.6778455,5.6295382,5.6320514
2024-09-13,IBM,1.3210247,1.3468403,1.3104907
2024-09-13,INTC,4.6203306,4.6521324,4.5829738
2024-09-13,MSFT,67.80748,67.606134,67.503609
2024-09-13,NKE,1.4391488,1.4377968,1.4365317
2024-09-13,VZ,0.24671419,0.24800952,0.24580828
2024-09-13,WMT,0.62574949,0.62819546,0.62751277
2024-09-16,AAPL,4.3583967,4.3400242,4.3272601
2024-09-16,AMGN,0.12905647,0.13173897,0.12923195
2024-09-16,CRM,0.68911912,0.71704614,0.67691119
2024-09-16,CSCO,5.6498997,5.7699931,5.6815909
2024-09-16,IBM,1.3128493,1.3270892,1.3041461
2024-09-16,INTC,4.6412295,4.6518984,4.6506458
2024-09-16,MSFT,68.195365,69.258625,66.872005
2024-09-16,NKE,1.4391826,1.4407695,1.422436
2024-09-16,VZ,0.24031192,0.24240906,0.23895534
2024-09-16,WMT,0.64917014,0.65377986,0.64548973
2024-09-17,AAPL,4.346428,4.2656202,4.2473744
2024-09-17,AMGN,0.13018699,0.13450899,0.13054346
2024-09-17,CRM,0.67427785,0.68744702,0.67108728
2024-09-17,CSCO,5.4564082,5.4597372,5.4209302
2024-09-17,IBM,1.3183591,1.339146,1.2958991
2024-09-17,INTC,4.6296681,4.7143548,4.6227271
2024-09-17,MSFT,68.281351,68.822589,68.639713
2024-09-17,NKE,1.4351577,1.4318928,1.4094892
2024-09-17,VZ,0.23663258,0.23656776,0.23158191
2024-09-17,WMT,0.64660928,0.64949083,0.64228576
2024-09-18,AAPL,4.4746986,4.5140243,4.4227075
2024-09-18,AMGN,0.13074378,0.13118428,0.12773569
2024-09-18,CRM,0.65449739,0.66903783,0.631994
2024-09-18,CSCO,5.3788277,5.4018291,5.235975
2024-09-18,IBM,1.3255812,1.3216512,1.3115563
2024-09-18,INTC,4.739419,4.7443818,4.7833616
2024-09-18,MSFT,67.789177,69.879208,67.809355
2024-09-18,NKE,1.4499722,1.470888,1.4460128
2024-09-18,VZ,0.23651967,0.23776433,0.23725467
2024-09-18,WMT,0.6425617,0.64417182,0.63988506
2024-09-19,AAPL,4.3463685,4.3989958,4.2636536
2024-09-19,AMGN,0.13142083,0.13298528,0.1309819
2024-09-19,CRM,0.63195977,0.63901908,0.63687805
2024-09-19,CSCO,5.2639527,5.2551192,5.209463
2024-09-19,IBM,1.334659,1.334992,1.3172171
2024-09-19,INTC,4.602176,4.5997321,4.5662094
2024-09-19,MSFT,67.60499,67.273147,66.485233
2024-09-19,NKE,1.4431538,1.4923033,1.4388775
2024-09-19,VZ,0.24352963,0.24614419,0.24089453
2024-09-19,WMT,0.64946427,0.65514799,0.64504122
2024-09-20,AAPL,4.4327882,4.5640617,4.3778944
2024-09-20,AMGN,0.13181817,0.13299361,0.12971722
2024-09-20,CRM,0.61382191,0.62625573,0.59397018
2024-09-20,CSCO,5.2342083,5.3674843,5.252878
2024-09-20,IBM,1.316607,1.3197236,1.2972007
2024-09-20,INTC,4.5679896,4.6067875,4.5537083
2024-09-20,MSFT,69.384608,68.590415,68.752152
2024-09-20,NKE,1.4048126,1.4033088,1.397643
2024-09-20,VZ,0.23986452,0.24265633,0.23650087
2024-09-20,WMT,0.66185137,0.66842995,0.65629448
2024-09-23,AAPL,4.5550438,4.5709408,4.5372585
2024-09-23,AMGN,0.13445594,0.13625244,0.1327372
2024-09-23,CRM,0.60086151,0.61933372,0.59899248
2024-09-23,CSCO,5.1453605,5.2276042,5.0146046
2024-09-23,IBM,1.2752549,1.2980306,1.2601409
2024-09-23,INTC,4.4790063,4.5164872,4.4282831
2024-09-23,MSFT,67.71116,68.909967,65.788385
2024-09-23,NKE,1.4174531,1.4154447,1.4134705
2024-09-23,VZ,0.23920535,0.24278014,0.23800764
2024-09-23,WMT,0.67032015,0.67160244,0.66486617
2024-09-24,AAPL,4.559417,4.588494,4.508432
2024-09-24,AMGN,0.13352707,0.13550419,0.133756
2024-09-24,CRM,0.59587604,0.60607772,0.59604389
2024-09-24,CSCO,5.0233637,5.0712774,4.962611
2024-09-24,IBM,1.2433511,1.2568441,1.235432
2024-09-24,INTC,4.4934686,4.5008013,4.4121991
2024-09-24,MSFT,67.394726,67.9375,66.184207
2024-09-24,NKE,1.4411534,1.4677028,1.4286494
2024-09-24,VZ,0.23772862,0.23682048,0.23696391
2024-09-24,WMT,0.66367173,0.6604321,0.66044187
2024-09-25,AAPL,4.5571549,4.6308491,4.5705717
2024-09-25,AMGN,0.13462582,0.13605115,0.1333508
2024-09-25,CRM,0.61351555,0.61294271,0.59979046
2024-09-25,CSCO,4.9568859,5.0405666,4.9149386
2024-09-25,IBM,1.2282493,1.2433299,1.2283599
2024-09-25,INTC,4.3750532,4.4091332,4.2791639
2024-09-25,MSFT,69.599541,71.182766,67.914887
2024-09-25,NKE,1.4483021,1.4511211,1.4419506
2024-09-25,VZ,0.23433475,0.23606124,0.23166667
2024-09-25,WMT,0.64238401,0.64985719,0.64040986
2024-09-26,AAPL,4.3873834,4.5193265,4.3748496
2024-09-26,AMGN,0.13651373,0.13857719,0.13394496
2024-09-26,CRM,0.63538024,0.63791234,0.64238763
2024-09-26,CSCO,5.0579829,5.0851431,5.005032
2024-09-26,IBM,1.2243673,1.2293634,1.240704
2024-09-26,INTC,4.5350851,4.6722977,4.4467358
2024-09-26,MSFT,69.771728,69.708678,69.399955
2024-09-26,NKE,1.4578076,1.4633017,1.4374018
2024-09-26,VZ,0.23066554,0.2322037,0.22837956
2024-09-26,WMT,0.63416775,0.63910646,0.62525172
2024-09-27,AAPL,4.3525815,4.3644682,4.2504633
2024-09-27,AMGN,0.13266441,0.13438618,0.13292201
2024-09-27,CRM,0.64694599,0.6619668,0.6325573
2024-09-27,CSCO,4.9091809,4.9965378,4.8611097
2024-09-27,IBM,1.2295726,1.2493468,1.2298792
2024-09-27,INTC,4.5069861,4.5934685,4.4479504
2024-09-27,MSFT,69.955759,71.423564,69.498244
2024-09-27,NKE,1.4809263,1.474741,1.4660542
2024-09-27,VZ,0.2308777,0.22961915,0.22878722
2024-09-27,WMT,0.63222757,0.63618708,0.63622016
2024-09-30,AAPL,4.4997541,4.6121491,4.4703131
2024-09-30,AMGN,0.13119855,0.13348825,0.12940031
2024-09-30,CRM,0.65537839,0.67414853,0.6360232
2024-09-30,CSCO,4.7749076,4.7109309,4.80205
2024-09-30,IBM,1.2086733,1.2235347,1.1991362
2024-09-30,INTC,4.4658215,4.5098275,4.419369
2024-09-30,MSFT,70.603128,70.498506,69.264383
2024-09-30,NKE,1.4321443,1.4224495,1.4092537
2024-09-30,VZ,0.23107274,0.22985011,0.22937339
2024-09-30,WMT,0.63574126,0.63614664,0.63095043
2024-10-01,AAPL,4.3550179,4.4709481,4.292939
2024-10-01,AMGN,0.13228002,0.13335977,0.1320469
2024-10-01,CRM,0.69834893,0.70957557,0.66887884
2024-10-01,CSCO,5.0119484,5.0654889,4.9563573
2024-10-01,IBM,1.1891031,1.2150714,1.1695448
2024-10-01,INTC,4.4600304,4.4256774,4.4448701
2024-10-01,MSFT,71.474848,71.98467,70.214765
2024-10-01,NKE,1.4255145,1.430097,1.4067989
2024-10-01,VZ,0.23363443,0.23276782,0.23308804
2024-10-01,WMT,0.6368439,0.63999114,0.62212786
2024-10-02,AAPL,4.3346399,4.345376,4.2287567
2024-10-02,AMGN,0.12922656,0.13271454,0.12661949
2024-10-02,CRM,0.70264238,0.72345024,0.69437688
2024-10-02,CSCO,4.9464014,5.0326145,4.8575055
2024-10-02,IBM,1.1856262,1.1881505,1.1670274
2024-10-02,INTC,4.5692845,4.5889073,4.5777116
2024-10-02,MSFT,71.328531,71.911507,69.549409
2024-10-02,NKE,1.4446133,1.4345563,1.4352996
2024-10-02,VZ,0.23550243,0.23993499,0.23095164
2024-10-02,WMT,0.63102492,0.63400913,0.61536199
2024-10-03,AAPL,4.4830492,4.5758466,4.4594946
2024-10-03,AMGN,0.12772826,0.13011128,0.12621795
2024-10-03,CRM,0.7130935,0.74342506,0.72009717
2024-10-03,CSCO,4.7395687,4.8109813,4.7466758
2024-10-03,IBM,1.1842751,1.1980514,1.1649239
2024-10-03,INTC,4.5784285,4.5455069,4.49675
2024-10-03,MSFT,70.624208,73.018791,71.15641
2024-10-03,NKE,1.4322188,1.4423571,1.4288376
2024-10-03,VZ,0.23059824,0.22970549,0.23318233
2024-10-03,WMT,0.63347535,0.64385361,0.63557575
2024-10-04,AAPL,4.5258599,4.5672182,4.4641609
2024-10-04,AMGN,0.12388151,0.12568776,0.12136548
2024-10-04,CRM,0.69860838,0.69883449,0.70639096
2024-10-04,CSCO,4.7344882,4.8136051,4.6812635
2024-10-04,IBM,1.1859468,1.1998856,1.1689438
2024-10-04,INTC,4.6927028,4.6253709,4.6966746
2024-10-04,MSFT,70.769081,69.637035,70.00645
2024-10-04,NKE,1.4249795,1.4465278,1.4144321
2024-10-04,VZ,0.22924143,0.2335391,0.22898473
2024-10-04,WMT,0.63004932,0.62792543,0.62363039
2024-10-07,AAPL,4.4698484,4.434758,4.4100008
2024-10-07,AMGN,0.12538583,0.12759933,0.12453577
2024-10-07,CRM,0.69280954,0.70786863,0.67834931
2024-10-07,CSCO,4.7564252,4.7879493,4.8031196
2024-10-07,IBM,1.2036057,1.2063009,1.2051991
2024-10-07,INTC,4.5609701,4.6113225,4.4913755
2024-10-07,MSFT,69.712348,69.966246,68.190393
2024-10-07,NKE,1.403699,1.4226096,1.3916472
2024-10-07,VZ,0.23274929,0.23100054,0.2307199
2024-10-07,WMT,0.6383881,0.64089154,0.6301269
2024-10-08,AAPL,4.3597997,4.4488474,4.2872505
2024-10-08,AMGN,0.12497761,0.12353375,0.12333812
2024-10-08,CRM,0.69556498,0.72255887,0.6921316
2024-10-08,CSCO,4.7154905,4.7675095,4.6409672
2024-10-08,IBM,1.1851147,1.1904964,1.172035
2024-10-08,INTC,4.530723,4.61907,4.5248807
2024-10-08,MSFT,68.739571,69.639439,67.318934
2024-10-08,NKE,1.4010268,1.424962,1.3750847
2024-10-08,VZ,0.23490299,0.23995662,0.23420052
2024-10-08,WMT,0.63580799,0.63804703,0.62641614
2024-10-09,AAPL,4.3343556,4.3302952,4.2781867
2024-10-09,AMGN,0.12777401,0.12954393,0.12696496
2024-10-09,CRM,0.72059867,0.74130347,0.71414046
2024-10-09,CSCO,4.6637844,4.7697455,4.5662888
2024-10-09,IBM,1.1930514,1.2128241,1.1891945
2024-10-09,INTC,4.5314062,4.5285773,4.5379711
2024-10-09,MSFT,69.464521,70.596078,69.887067
2024-10-09,NKE,1.4439708,1.4335658,1.4443999
2024-10-09,VZ,0.23467559,0.2396317,0.23320143
2024-10-09,WMT,0.6369966,0.64494033,0.63552466
2024-10-10,AAPL,4.4743427,4.6591099,4.3930706
2024-10-10,AMGN,0.12624157,0.1261758,0.12609225
2024-10-10,CRM,0.71358462,0.70141156,0.71404585
2024-10-10,CSCO,4.6299926,4.6474565,4.5789185
2024-10-10,IBM,1.1716791,1.1927038,1.1624006
2024-10-10,INTC,4.6413865,4.7221207,4.6125835
2024-10-10,MSFT,69.566382,70.234836,69.598276
2024-10-10,NKE,1.4387008,1.4700282,1.4199668
2024-10-10,VZ,0.23297917,0.23676419,0.22882179
2024-10-10,WMT,0.65319273,0.65366507,0.64435121
2024-10-11,AAPL,4.4384949,4.4926716,4.4268947
2024-10-11,AMGN,0.12534005,0.12587147,0.12455462
2024-10-11,CRM,0.72990717,0.73084768,0.72976986
2024-10-11,CSCO,4.5630013,4.6672122,4.5082756
2024-10-11,IBM,1.1753297,1.1907781,1.1750534
2024-10-11,INTC,4.7630953,4.8277138,4.751696
2024-10-11,MSFT,67.971586,68.269487,67.392792
2024-10-11,NKE,1.4733342,1.5017184,1.4456395
2024-10-11,VZ,0.23360455,0.23611093,0.23164311
2024-10-11,WMT,0.65991241,0.6581141,0.65313621
2024-10-14,AAPL,4.4067327,4.4203764,4.4194109
2024-10-14,AMGN,0.12254279,0.12414655,0.12064649
2024-10-14,CRM,0.71543263,0.72868414,0.70595306
2024-10-14,CSCO,4.4886643,4.4765239,4.370801
2024-10-14,IBM,1.1728161,1.1986499,1.167923
2024-10-14,INTC,4.7800117,4.7732476,4.7358009
2024-10-14,MSFT,65.948575,64.608457,65.583821
2024-10-14,NKE,1.4427512,1.4642526,1.4251078
2024-10-14,VZ,0.23312652,0.2351475,0.23027014
2024-10-14,WMT,0.66020411,0.6684282,0.65828377
2024-10-15,AAPL,4.3934924,4.4220973,4.3760747
2024-10-15,AMGN,0.12229669,0.12414374,0.12061108
2024-10-15,CRM,0.69368363,0.71961218,0.67449836
2024-10-15,CSCO,4.4841442,4.4464933,4.4376879
2024-10-15,IBM,1.1479949,1.1529107,1.1217839
2024-10-15,INTC,4.7767328,4.7251993,4.7616466
2024-10-15,MSFT,66.479148,66.603775,65.667932
2024-10-15,NKE,1.4420063,1.4513981,1.4227751
2024-10-15,VZ,0.23262382,0.23330156,0.22647687
2024-10-15,WMT,0.64407085,0.65459552,0.63066531
2024-10-16,AAPL,4.3116845,4.391762,4.2159983
2024-10-16,AMGN,0.121709,0.12273556,0.12063893
2024-10-16,CRM,0.66188374,0.66289866,0.65657611
2024-10-16,CSCO,4.3924233,4.4181235,4.3107971
2024-10-16,IBM,1.1760304,1.1977986,1.149746
2024-10-16,INTC,4.7153013,4.8207258,4.6429027
2024-10-16,MSFT,64.81431,66.31479,64.27856
2024-10-16,NKE,1.4367936,1.4446488,1.4389426
2024-10-16,VZ,0.23639903,0.23741146,0.23581953
2024-10-16,WMT,0.64083076,0.65191744,0.63273291
2024-10-17,AAPL,4.2026341,4.257293,4.1439571
2024-10-17,AMGN,0.11816162,0.11643765,0.11762866
2024-10-17,CRM,0.64411014,0.66294616,0.62763754
2024-10-17,CSCO,4.2532131,4.3200427,4.2045059
2024-10-17,IBM,1.1687072,1.1695614,1.1556756
2024-10-17,INTC,4.6930253,4.7803373,4.660249
2024-10-17,MSFT,63.479278,63.970685,62.126113
2024-10-17,NKE,1.4200097,1.4299114,1.4308414
2024-10-17,VZ,0.23571039,0.23971445,0.23228484
2024-10-17,WMT,0.63119532,0.63859981,0.61585958
2024-10-18,AAPL,4.2413279,4.232472,4.1267112
2024-10-18,AMGN,0.11940901,0.12080747,0.11873298
2024-10-18,CRM,0.62919078,0.62838777,0.62830515
2024-10-18,CSCO,4.086414,4.1095745,4.0611946
2024-10-18,IBM,1.1767114,1.1889144,1.1593922
2024-10-18,INTC,4.6904426,4.7234775,4.6991552
2024-10-18,MSFT,63.517587,64.308591,63.415737
2024-10-18,NKE,1.385477,1.384757,1.3791811
2024-10-18,VZ,0.23285499,0.23460907,0.23113766
2024-10-18,WMT,0.62640508,0.63539246,0.61669274
2024-10-21,AAPL,4.2158776,4.2476034,4.0552896
2024-10-21,AMGN,0.11465053,0.11569075,0.11328369
2024-10-21,CRM,0.62327476,0.63800499,0.62457769
2024-10-21,CSCO,4.0676025,4.1223274,4.0926125
2024-10-21,IBM,1.1640522,1.1760804,1.1390972
2024-10-21,INTC,4.7261516,4.8181274,4.7051939
2024-10-21,MSFT,62.91918,63.718709,63.712453
2024-10-21,NKE,1.3344413,1.3309469,1.3218135
2024-10-21,VZ,0.23927508,0.24158331,0.23736164
2024-10-21,WMT,0.61868942,0.62743032,0.61596161
2024-10-22,AAPL,4.1017407,4.1399338,4.0504245
2024-10-22,AMGN,0.11247401,0.11336252,0.11038583
2024-10-22,CRM,0.63082028,0.643963,0.6214812
2024-10-22,CSCO,3.9987461,4.0462261,3.9444857
2024-10-22,IBM,1.1373802,1.1391633,1.1339535
2024-10-22,INTC,4.8016796,4.8604461,4.7642332
2024-10-22,MSFT,62.812228,62.687594,62.574603
2024-10-22,NKE,1.3012257,1.3174687,1.3126531
2024-10-22,VZ,0.24037564,0.24168018,0.23870022
2024-10-22,WMT,0.61777582,0.62219487,0.61178881
2024-10-23,AAPL,4.194307,4.1408607,4.1479302
2024-10-23,AMGN,0.11188848,0.11527297,0.10935625
2024-10-23,CRM,0.58692604,0.58116712,0.58126088
2024-10-23,CSCO,3.9678053,3.9821684,3.9863308
2024-10-23,IBM,1.1244891,1.1469839,1.114075
2024-10-23,INTC,4.9850944,5.1233132,4.9284296
2024-10-23,MSFT,65.09427,64.713642,63.397623
2024-10-23,NKE,1.2879224,1.2752757,1.2879868
2024-10-23,VZ,0.23990306,0.2415017,0.23591218
2024-10-23,WMT,0.61197677,0.61460374,0.60976409
2024-10-24,AAPL,4.1853007,4.1774386,4.1567862
2024-10-24,AMGN,0.10993121,0.10973287,0.10734454
2024-10-24,CRM,0.58891229,0.61986438,0.59411495
2024-10-24,CSCO,3.9878458,4.0143763,3.8441614
2024-10-24,IBM,1.1416064,1.1533543,1.1394085
2024-10-24,INTC,4.9472697,4.9668798,4.9326793
2024-10-24,MSFT,66.731892,66.869292,66.116163
2024-10-24,NKE,1.2927646,1.3186933,1.2732185
2024-10-24,VZ,0.23846681,0.23799973,0.23269673
2024-10-24,WMT,0.59651133,0.60754671,0.59241097
2024-10-25,AAPL,4.2085533,4.2218343,4.1159904
2024-10-25,AMGN,0.11088374,0.11259972,0.11133878
2024-10-25,CRM,0.57466943,0.58849584,0.56087408
2024-10-25,CSCO,4.0144148,4.0211423,4.0355579
2024-10-25,IBM,1.1365611,1.1454709,1.1238782
2024-10-25,INTC,5.0282218,5.0912408,4.9721256
2024-10-25,MSFT,66.272429,66.906087,66.434803
2024-10-25,NKE,1.2820744,1.3018514,1.250021
2024-10-25,VZ,0.23538824,0.23495503,0.23530869
2024-10-25,WMT,0.60540244,0.61893287,0.60104996
2024-10-28,AAPL,4.2899025,4.2489447,4.2754749
2024-10-28,AMGN,0.10799347,0.10919398,0.10617519
2024-10-28,CRM,0.5727373,0.57131351,0.5707443
2024-10-28,CSCO,3.9291438,3.8865006,3.9879399
2024-10-28,IBM,1.1146162,1.131808,1.0981649
2024-10-28,INTC,5.0402077,5.1008047,4.897219
2024-10-28,MSFT,68.682364,69.096696,67.185155
2024-10-28,NKE,1.2947134,1.3169822,1.3003781
2024-10-28,VZ,0.23155751,0.23241392,0.22836157
2024-10-28,WMT,0.61547708,0.62398558,0.60922375
2024-10-29,AAPL,4.5117946,4.5212828,4.3720857
2024-10-29,AMGN,0.10765922,0.10901062,0.10616893
2024-10-29,CRM,0.58456122,0.58133902,0.58531173
2024-10-29,CSCO,4.0038891,4.0653062,3.9202156
2024-10-29,IBM,1.1030434,1.1202539,1.0800523
2024-10-29,INTC,4.9153844,5.0368526,4.921377
2024-10-29,MSFT,69.855631,70.885919,69.200141
2024-10-29,NKE,1.253884,1.2807784,1.2509972
2024-10-29,VZ,0.23265734,0.23674876,0.23103039
2024-10-29,WMT,0.61021645,0.6122094,0.60006106
2024-10-30,AAPL,4.4152815,4.4524423,4.32353
2024-10-30,AMGN,0.10726266,0.10681821,0.10582704
2024-10-30,CRM,0.58797902,0.5989307,0.57079159
2024-10-30,CSCO,3.8709109,3.8887551,3.8301475
2024-10-30,IBM,1.0755982,1.0797338,1.0732963
2024-10-30,INTC,4.8998187,4.9578068,4.8959823
2024-10-30,MSFT,72.690849,73.495633,71.580899
2024-10-30,NKE,1.2453268,1.2840062,1.2204324
2024-10-30,VZ,0.2373117,0.24186415,0.23627193
2024-10-30,WMT,0.61585199,0.62605679,0.60466207
2024-10-31,AAPL,4.4070773,4.4085315,4.3516103
2024-10-31,AMGN,0.10732324,0.11066559,0.10659098
2024-10-31,CRM,0.58280721,0.59552056,0.57730975
2024-10-31,CSCO,3.8767294,3.8132629,3.8925563
2024-10-31,IBM,1.0826172,1.0868858,1.0791491
2024-10-31,INTC,4.9317304,5.0155966,4.7587358
2024-10-31,MSFT,72.664718,72.962805,71.193563
2024-10-31,NKE,1.2187206,1.2334832,1.1779954
2024-10-31,VZ,0.23340683,0.23487251,0.23034502
2024-10-31,WMT,0.60919547,0.61673491,0.60330994
2024-11-01,AAPL,4.3976119,4.3819286,4.3764026
2024-11-01,AMGN,0.10677268,0.10754732,0.10501123
2024-11-01,CRM,0.57876335,0.57471265,0.5854459
2024-11-01,CSCO,3.9503838,4.0480856,3.9280663
2024-11-01,IBM,1.0608786,1.0584998,1.0637498
2024-11-01,INTC,4.8948449,5.0153691,4.9560138
2024-11-01,MSFT,73.161433,73.553099,71.578302
2024-11-01,NKE,1.2431524,1.2393673,1.2253389
2024-11-01,VZ,0.23713549,0.23860815,0.23213976
2024-11-01,WMT,0.60635378,0.61013729,0.60698995
2024-11-04,AAPL,4.5368243,4.5726874,4.557688
2024-11-04,AMGN,0.10723316,0.10630318,0.10466964
2024-11-04,CRM,0.59832725,0.60727027,0.58925909
2024-11-04,CSCO,3.9407721,3.9490472,3.9050909
2024-11-04,IBM,1.0754802,1.097726,1.0679089
2024-11-04,INTC,4.9902653,4.9793997,4.9334263
2024-11-04,MSFT,72.633753,72.454017,72.237733
2024-11-04,NKE,1.250582,1.2641275,1.218988
2024-11-04,VZ,0.23399531,0.23734814,0.22735894
2024-11-04,WMT,0.6122091,0.61961777,0.61058155
2024-11-05,AAPL,4.5600383,4.5804477,4.5323057
2024-11-05,AMGN,0.10751876,0.10914302,0.10520311
2024-11-05,CRM,0.62425959,0.63931894,0.61267966
2024-11-05,CSCO,4.0895039,4.0336497,4.0548285
2024-11-05,IBM,1.0682539,1.1123972,1.0524047
2024-11-05,INTC,5.0561033,5.0588018,4.9987664
2024-11-05,MSFT,73.859683,73.815126,73.429808
2024-11-05,NKE,1.2199428,1.237789,1.2145009
2024-11-05,VZ,0.23792776,0.23795661,0.23498724
2024-11-05,WMT,0.60515916,0.60926411,0.59465542
2024-11-06,AAPL,4.469702,4.4660681,4.4665245
2024-11-06,AMGN,0.11052806,0.11205888,0.10804091
2024-11-06,CRM,0.59913917,0.6072961,0.57567477
2024-11-06,CSCO,4.0411246,4.0765878,3.9110115
2024-11-06,IBM,1.0698704,1.0713131,1.0598497
2024-11-06,INTC,4.9371022,4.9913623,4.8486799
2024-11-06,MSFT,77.091826,77.835651,77.475097
2024-11-06,NKE,1.238229,1.246684,1.2287141
2024-11-06,VZ,0.23966205,0.23780282,0.24452137
2024-11-06,WMT,0.59165336,0.60061293,0.58243582
2024-11-07,AAPL,4.5515513,4.5462841,4.5732608
2024-11-07,AMGN,0.10897971,0.11113374,0.10904169
2024-11-07,CRM,0.60933501,0.60621559,0.60532025
2024-11-07,CSCO,4.0333738,4.0720891,4.0645523
2024-11-07,IBM,1.0675705,1.072285,1.058455
2024-11-07,INTC,4.9001971,4.9227242,4.8772687
2024-11-07,MSFT,78.324589,79.211549,76.633762
2024-11-07,NKE,1.2431465,1.2618143,1.2452626
2024-11-07,VZ,0.23721114,0.23924946,0.23690129
2024-11-07,WMT,0.59514017,0.59651809,0.58850854
2024-11-08,AAPL,4.5942477,4.5684138,4.5895467
2024-11-08,AMGN,0.1086292,0.10852046,0.10812219
2024-11-08,CRM,0.59248326,0.60547979,0.56998416
2024-11-08,CSCO,4.0020049,4.0731456,3.9963177
2024-11-08,IBM,1.0472153,1.0597108,1.0449183
2024-11-08,INTC,4.9152919,4.9572634,4.9222788
2024-11-08,MSFT,76.564932,77.751648,75.395238
2024-11-08,NKE,1.2136787,1.2028521,1.184712
2024-11-08,VZ,0.23666972,0.2410979,0.23547816
2024-11-08,WMT,0.59136848,0.60768182,0.58541201
2024-11-11,AAPL,4.6000787,4.810907,4.5705418
2024-11-11,AMGN,0.11152808,0.11231791,0.11057583
2024-11-11,CRM,0.58668349,0.60266085,0.57585434
2024-11-11,CSCO,3.9018911,3.9671704,3.8360707
2024-11-11,IBM,1.0523367,1.0554604,1.0428174
2024-11-11,INTC,4.7552977,4.6733252,4.6846452
2024-11-11,MSFT,75.705437,76.797311,74.841571
2024-11-11,NKE,1.1651353,1.172924,1.1567504
2024-11-11,VZ,0.23628533,0.23998022,0.23622034
2024-11-11,WMT,0.59251954,0.5931621,0.58732396
2024-11-12,AAPL,4.4913661,4.5644863,4.3733641
2024-11-12,AMGN,0.11438928,0.11696806,0.11312329
2024-11-12,CRM,0.57100134,0.57434766,0.55226227
2024-11-12,CSCO,3.8898229,3.9826238,3.8184935
2024-11-12,IBM,1.0388128,1.0526015,1.0324266
2024-11-12,INTC,4.8017138,4.8728717,4.865285
2024-11-12,MSFT,76.124163,76.760753,76.682302
2024-11-12,NKE,1.1508579,1.1659796,1.1283563
2024-11-12,VZ,0.23635001,0.23773333,0.23395672
2024-11-12,WMT,0.59168267,0.60411056,0.58045086
2024-11-13,AAPL,4.338273,4.359683,4.2582307
2024-11-13,AMGN,0.11374675,0.11584774,0.11295861
2024-11-13,CRM,0.56089971,0.56946351,0.53961455
2024-11-13,CSCO,3.899397,3.9589542,3.8386899
2024-11-13,IBM,1.0303635,1.0366142,1.0323774
2024-11-13,INTC,4.8636322,4.9010478,4.7017273
2024-11-13,MSFT,77.555448,78.083097,75.542217
2024-11-13,NKE,1.1488758,1.1616922,1.1413939
2024-11-13,VZ,0.23034999,0.23413849,0.22942718
2024-11-13,WMT,0.59640064,0.60584567,0.59284041
2024-11-14,AAPL,4.3495759,4.4528392,4.421403
2024-11-14,AMGN,0.1107453,0.11178295,0.10821158
2024-11-14,CRM,0.54645864,0.54471307,0.54649121
2024-11-14,CSCO,3.9453525,3.948451,3.8656735
2024-11-14,IBM,1.0219772,1.0157469,1.0287885
2024-11-14,INTC,4.8230309,4.8544732,4.6982957
2024-11-14,MSFT,77.749093,78.316764,77.789336
2024-11-14,NKE,1.1326662,1.1620105,1.1221424
2024-11-14,VZ,0.23291685,0.23497752,0.22936297
2024-11-14,WMT,0.57924276,0.58247104,0.58633548
2024-11-15,AAPL,4.4305855,4.547312,4.4249711
2024-11-15,AMGN,0.11080187,0.11221157,0.11224034
2024-11-15,CRM,0.54800446,0.55994947,0.54109026
2024-11-15,CSCO,3.9580191,4.0385251,3.9030733
2024-11-15,IBM,1.0078716,1.0070181,1.0075286
2024-11-15,INTC,4.969113,5.0557351,4.990322
2024-11-15,MSFT,78.270389,77.646244,76.373972
2024-11-15,NKE,1.1587553,1.1626039,1.1337925
2024-11-15,VZ,0.23370785,0.23402077,0.23141752
2024-11-15,WMT,0.57294932,0.57864753,0.56148638
2024-11-18,AAPL,4.2217252,4.2994822,4.1840326
2024-11-18,AMGN,0.10836622,0.10823992,0.10706226
2024-11-18,CRM,0.56987879,0.56127637,0.57500087
2024-11-18,CSCO,3.8801803,3.9471942,3.8088069
2024-11-18,IBM,0.99106676,1.0164752,0.98184684
2024-11-18,INTC,4.9393451,5.0314088,4.8733797
2024-11-18,MSFT,79.157436,79.603821,78.561874
2024-11-18,NKE,1.1208851,1.1406738,1.0961215
2024-11-18,VZ,0.23204297,0.23407182,0.23484364
2024-11-18,WMT,0.5747786,0.58092098,0.57079943
2024-11-19,AAPL,4.14934,4.1912973,4.1683247
2024-11-19,AMGN,0.1087931,0.11086714,0.10796775
2024-11-19,CRM,0.57960572,0.58514232,0.55499295
2024-11-19,CSCO,4.0397707,4.041646,4.0188553
2024-11-19,IBM,0.99994823,1.005655,0.9969194
2024-11-19,INTC,5.0280613,5.166739,4.9646172
2024-11-19,MSFT,79.893293,80.232653,78.875785
2024-11-19,NKE,1.1286376,1.1370131,1.1235812
2024-11-19,VZ,0.23516196,0.24094479,0.23405939
2024-11-19,WMT,0.57208969,0.58028032,0.5678706
2024-11-20,AAPL,4.0475207,4.067643,4.0019388
2024-11-20,AMGN,0.10898797,0.1102443,0.10807263
2024-11-20,CRM,0.60071057,0.59739164,0.58621174
2024-11-20,CSCO,3.9735803,4.0044699,3.970795
2024-11-20,IBM,1.0305773,1.0431512,1.0203708
2024-11-20,INTC,4.7620494,4.8240929,4.6763018
2024-11-20,MSFT,78.168298,79.742481,76.983339
2024-11-20,NKE,1.1114996,1.1240828,1.0954334
2024-11-20,VZ,0.23607473,0.23499576,0.2346882
2024-11-20,WMT,0.56258892,0.56609411,0.54687808
2024-11-21,AAPL,4.0505157,4.1482966,4.0143428
2024-11-21,AMGN,0.10992362,0.11023564,0.10796304
2024-11-21,CRM,0.61389215,0.61675691,0.61588174
2024-11-21,CSCO,4.0390054,4.0458367,4.0420123
2024-11-21,IBM,1.0648937,1.076964,1.058274
2024-11-21,INTC,4.8052653,4.8961199,4.70879
2024-11-21,MSFT,76.657498,77.049311,75.344852
2024-11-21,NKE,1.0941761,1.0916125,1.0933323
2024-11-21,VZ,0.23699325,0.23622234,0.23733527
2024-11-21,WMT,0.56757265,0.57409737,0.56953553
2024-11-22,AAPL,4.0166416,3.9728901,3.9937963
2024-11-22,AMGN,0.11045181,0.11096808,0.11098211
2024-11-22,CRM,0.62519044,0.64543402,0.60875086
2024-11-22,CSCO,3.954425,3.9743848,3.8950215
2024-11-22,IBM,1.0706231,1.0804426,1.0466115
2024-11-22,INTC,4.8028934,4.8147899,4.7372667
2024-11-22,MSFT,76.563333,77.337663,74.261401
2024-11-22,NKE,1.0552324,1.0675514,1.0572332
2024-11-22,VZ,0.23591707,0.23742947,0.23358235
2024-11-22,WMT,0.56712845,0.57231363,0.55872771
2024-11-25,AAPL,3.9873674,4.0096642,3.9444685
2024-11-25,AMGN,0.11090425,0.11291193,0.11061246
2024-11-25,CRM,0.64225581,0.66189312,0.61646102
2024-11-25,CSCO,3.8714838,3.9029616,3.8176234
2024-11-25,IBM,1.0586248,1.0654718,1.0563639
2024-11-25,INTC,4.8660265,4.9066091,4.8685278
2024-11-25,MSFT,74.949251,75.720821,74.3742
2024-11-25,NKE,1.0584384,1.0775719,1.0630096
2024-11-25,VZ,0.2333939,0.23915721,0.23123597
2024-11-25,WMT,0.57223915,0.58034986,0.56621634
2024-11-26,AAPL,4.0960397,4.1440045,3.9309895
2024-11-26,AMGN,0.10969276,0.10968039,0.10818256
2024-11-26,CRM,0.65838755,0.66937079,0.64595805
2024-11-26,CSCO,3.8837306,3.8607494,3.8709851
2024-11-26,IBM,1.0539322,1.0582783,1.0425292
2024-11-26,INTC,4.7654931,4.8543999,4.7683199
2024-11-26,MSFT,74.592261,75.047216,73.865977
2024-11-26,NKE,1.0438829,1.0618898,1.006521
2024-11-26,VZ,0.22885304,0.23161905,0.23013197
2024-11-26,WMT,0.56139187,0.57002662,0.56146816
2024-11-27,AAPL,4.2390631,4.2799635,4.2260199
2024-11-27,AMGN,0.10554599,0.10665412,0.10393323
2024-11-27,CRM,0.67216809,0.68916147,0.66058597
2024-11-27,CSCO,3.8883236,3.9952884,3.9195554
2024-11-27,IBM,1.0622736,1.0849134,1.0508439
2024-11-27,INTC,4.7185118,4.7546282,4.7197234
2024-11-27,MSFT,74.073586,73.181871,73.412919
2024-11-27,NKE,1.0287688,1.0344244,0.99719348
2024-11-27,VZ,0.22751006,0.22973173,0.22513936
2024-11-27,WMT,0.56212932,0.57473624,0.56325832
2024-11-29,AAPL,4.129744,4.187992,4.1529202
2024-11-29,AMGN,0.10463708,0.10552637,0.10344446
2024-11-29,CRM,0.68376704,0.69975264,0.6616539
2024-11-29,CSCO,3.8726482,3.9080599,3.8140941
2024-11-29,IBM,1.0779052,1.1016828,1.0765319
2024-11-29,INTC,4.7449183,4.8757572,4.7125584
2024-11-29,MSFT,75.480366,75.607138,76.251077
2024-11-29,NKE,1.0279005,1.0361927,1.0089377
2024-11-29,VZ,0.22579512,0.22791488,0.22326546
2024-11-29,WMT,0.56952681,0.58139211,0.55672717
2024-12-02,AAPL,4.2382803,4.3060176,4.2038412
2024-12-02,AMGN,0.10253902,0.10309428,0.10234846
2024-12-02,CRM,0.66434504,0.68448413,0.67165048
2024-12-02,CSCO,3.8242074,3.9516093,3.8277852
2024-12-02,IBM,1.0937213,1.1037298,1.0824804
2024-12-02,INTC,4.8483561,4.8211008,4.7426918
2024-12-02,MSFT,76.663034,78.280947,75.322949
2024-12-02,NKE,1.0180903,1.0217979,1.0173584
2024-12-02,VZ,0.21679709,0.22071758,0.21483856
2024-12-02,WMT,0.56753476,0.56858836,0.56767318
2024-12-03,AAPL,4.28643,4.2756329,4.1981141
2024-12-03,AMGN,0.10200793,0.10420927,0.10035559
2024-12-03,CRM,0.62904323,0.64595365,0.62689719
2024-12-03,CSCO,3.8589144,3.9148127,3.8167945
2024-12-03,IBM,1.0690799,1.0759281,1.071993
2024-12-03,INTC,4.7419352,4.838997,4.6544286
2024-12-03,MSFT,76.705247,77.000653,75.253435
2024-12-03,NKE,0.98666395,0.99460233,0.97665342
2024-12-03,VZ,0.21429892,0.21552775,0.21120263
2024-12-03,WMT,0.55647962,0.56267575,0.56232436
2024-12-04,AAPL,4.24327,4.323731,4.1889287
2024-12-04,AMGN,0.10253706,0.10418722,0.10137036
2024-12-04,CRM,0.62806886,0.63884716,0.60956621
2024-12-04,CSCO,3.8451816,3.8849952,3.8176297
2024-12-04,IBM,1.0859785,1.0895105,1.0629978
2024-12-04,INTC,4.7168287,4.7328686,4.6153402
2024-12-04,MSFT,78.10316,77.390232,78.979317
2024-12-04,NKE,0.9845181,0.97730921,0.95931149
2024-12-04,VZ,0.21604448,0.22036356,0.21418087
2024-12-04,WMT,0.54356627,0.54736694,0.54198202
2024-12-05,AAPL,4.2374972,4.2275099,4.2161296
2024-12-05,AMGN,0.10099287,0.10367668,0.09995661
2024-12-05,CRM,0.61105489,0.61253689,0.59282062
2024-12-05,CSCO,3.8216561,3.8693759,3.7252343
2024-12-05,IBM,1.0761846,1.1042972,1.072857
2024-12-05,INTC,4.6621839,4.7286897,4.6696919
2024-12-05,MSFT,81.001458,81.160533,80.789941
2024-12-05,NKE,0.94224881,0.95388813,0.93176446
2024-12-05,VZ,0.21787509,0.2207892,0.21374151
2024-12-05,WMT,0.54134097,0.54429251,0.5335374
2024-12-06,AAPL,4.1461607,4.1959081,4.0289791
2024-12-06,AMGN,0.10214462,0.10356223,0.1006485
2024-12-06,CRM,0.60614383,0.6071975,0.5923883
2024-12-06,CSCO,3.803889,3.8506107,3.8030123
2024-12-06,IBM,1.0562358,1.0682841,1.0601923
2024-12-06,INTC,4.7259935,4.7417648,4.6865525
2024-12-06,MSFT,79.994051,79.448094,78.772533
2024-12-06,NKE,0.95188136,0.95627391,0.95009569
2024-12-06,VZ,0.21806573,0.22181302,0.22018922
2024-12-06,WMT,0.53937503,0.54503182,0.53029936
2024-12-09,AAPL,4.3044041,4.4227302,4.3130647
2024-12-09,AMGN,0.10048977,0.099552967,0.09847414
2024-12-09,CRM,0.6476513,0.64666213,0.65101401
2024-12-09,CSCO,3.7872114,3.8207751,3.7484716
2024-12-09,IBM,1.0493748,1.0695952,1.0494138
2024-12-09,INTC,4.7198189,4.7516151,4.7004599
2024-12-09,MSFT,80.273216,79.515805,79.740617
2024-12-09,NKE,0.93643313,0.93318281,0.93579683
2024-12-09,VZ,0.22151654,0.22510911,0.22168367
2024-12-09,WMT,0.53531847,0.53621309,0.52826433
2024-12-10,AAPL,4.2966592,4.3105409,4.2651038
2024-12-10,AMGN,0.10223046,0.10364056,0.10055513
2024-12-10,CRM,0.62366483,0.6471403,0.5996112
2024-12-10,CSCO,3.7747137,3.8917771,3.6670918
2024-12-10,IBM,1.0525159,1.0543877,1.0268924
2024-12-10,INTC,4.7726853,4.8238395,4.8439882
2024-12-10,MSFT,81.543413,82.171965,80.309609
2024-12-10,NKE,0.93254538,0.93069343,0.94198099
2024-12-10,VZ,0.22239809,0.22172998,0.22119699
2024-12-10,WMT,0.52239099,0.52826498,0.51992411
2024-12-11,AAPL,4.315825,4.3280873,4.242813
2024-12-11,AMGN,0.10311224,0.1040492,0.10305987
2024-12-11,CRM,0.6245082,0.61015091,0.62154859
2024-12-11,CSCO,3.76945,3.8346134,3.7814935
2024-12-11,IBM,1.0612308,1.0599152,1.04669
2024-12-11,INTC,4.8010856,4.8236648,4.7904311
2024-12-11,MSFT,80.385037,80.386379,81.349511
2024-12-11,NKE,0.92222427,0.91750091,0.92141601
2024-12-11,VZ,0.22571587,0.22794978,0.2242649
2024-12-11,WMT,0.51555482,0.52278214,0.50952972
2024-12-12,AAPL,4.2140592,4.2126039,4.2556728
2024-12-12,AMGN,0.10440303,0.10542239,0.10285764
2024-12-12,CRM,0.6120201,0.60120557,0.59909317
2024-12-12,CSCO,3.7564507,3.7931635,3.7336672
2024-12-12,IBM,1.0599574,1.0837199,1.0751439
2024-12-12,INTC,5.0112921,5.0663322,4.9472414
2024-12-12,MSFT,80.717602,80.821927,79.490693
2024-12-12,NKE,0.93227459,0.96044562,0.94296396
2024-12-12,VZ,0.22099715,0.22250814,0.217319
2024-12-12,WMT,0.50497545,0.50823733,0.50590039
2024-12-13,AAPL,4.1971285,4.2756999,4.1747394
2024-12-13,AMGN,0.10372797,0.10722427,0.10225396
2024-12-13,CRM,0.61558645,0.62399944,0.61717425
2024-12-13,CSCO,3.780241,3.7678006,3.714535
2024-12-13,IBM,1.0711072,1.0833431,1.0632181
2024-12-13,INTC,4.8348684,4.8789497,4.7569032
2024-12-13,MSFT,82.133338,82.438721,81.536108
2024-12-13,NKE,0.92076577,0.92005648,0.90231579
2024-12-13,VZ,0.21448662,0.21915737,0.20876634
2024-12-13,WMT,0.50670245,0.51355065,0.4945464
2024-12-16,AAPL,4.109697,4.1813753,4.1552957
2024-12-16,AMGN,0.10715699,0.10878259,0.10578559
2024-12-16,CRM,0.60063437,0.61009518,0.59150468
2024-12-16,CSCO,3.9328897,3.9284301,3.8731027
2024-12-16,IBM,1.0464441,1.0574693,1.0448444
2024-12-16,INTC,4.8487927,4.9897466,4.9044457
2024-12-16,MSFT,81.731291,83.482258,80.829062
2024-12-16,NKE,0.9197096,0.9341545,0.89289578
2024-12-16,VZ,0.21702248,0.21921358,0.21870907
2024-12-16,WMT,0.50913147,0.51119146,0.51520485
2024-12-17,AAPL,4.063785,4.1088089,3.9819731
2024-12-17,AMGN,0.10454331,0.10834225,0.10359851
2024-12-17,CRM,0.60168895,0.62025517,0.5780483
2024-12-17,CSCO,4.123814,4.1527459,4.1396803
2024-12-17,IBM,1.0564122,1.0651447,1.0509688
2024-12-17,INTC,4.7860793,4.8232652,4.7225563
2024-12-17,MSFT,79.797981,80.861192,78.600442
2024-12-17,NKE,0.92780258,0.95104165,0.92377913
2024-12-17,VZ,0.21178772,0.21379466,0.21106691
2024-12-17,WMT,0.51206382,0.52084659,0.50979504
2024-12-18,AAPL,4.0937423,4.2110126,4.0281217
2024-12-18,AMGN,0.10275496,0.10315946,0.1010875
2024-12-18,CRM,0.59733122,0.60667442,0.59183155
2024-12-18,CSCO,4.0413082,4.1007388,3.9951959
2024-12-18,IBM,1.0331629,1.0358834,1.0058569
2024-12-18,INTC,4.763871,4.8912623,4.6814278
2024-12-18,MSFT,79.650673,79.14683,79.172267
2024-12-18,NKE,0.92100605,0.9331401,0.92162561
2024-12-18,VZ,0.21314286,0.21172628,0.21157561
2024-12-18,WMT,0.50682621,0.51551715,0.50682681
2024-12-19,AAPL,4.0714143,4.1019264,4.0812519
2024-12-19,AMGN,0.10474326,0.10746224,0.10427795
2024-12-19,CRM,0.58051818,0.5881996,0.56424599
2024-12-19,CSCO,4.1191199,4.1938754,4.1077254
2024-12-19,IBM,1.0270275,1.0383845,1.0024617
2024-12-19,INTC,4.7370578,4.7405742,4.6462044
2024-12-19,MSFT,79.613862,79.154929,78.176379
2024-12-19,NKE,0.89210153,0.89843969,0.86885859
2024-12-19,VZ,0.21216657,0.21436836,0.21116184
2024-12-19,WMT,0.49680934,0.49023601,0.49102876
2024-12-20,AAPL,4.0730105,4.0499241,4.0692343
2024-12-20,AMGN,0.10614513,0.10770516,0.10430072
2024-12-20,CRM,0.56192906,0.57218653,0.5489509
2024-12-20,CSCO,4.2247887,4.2360973,4.1785377
2024-12-20,IBM,1.050885,1.0650373,1.0480962
2024-12-20,INTC,4.6963313,4.7802467,4.6771457
2024-12-20,MSFT,79.223027,80.882444,78.787795
2024-12-20,NKE,0.88137612,0.90690024,0.85942558
2024-12-20,VZ,0.20985351,0.21103279,0.20972512
2024-12-20,WMT,0.5010202,0.50501708,0.49495046
2024-12-23,AAPL,4.1082824,4.194555,4.1002917
2024-12-23,AMGN,0.10783514,0.10907906,0.10675865
2024-12-23,CRM,0.59920055,0.61517658,0.59672689
2024-12-23,CSCO,4.316412,4.313912,4.3032404
2024-12-23,IBM,1.0482775,1.0285326,1.0310909
2024-12-23,INTC,4.4779065,4.5219158,4.4234663
2024-12-23,MSFT,80.579721,80.468202,80.207105
2024-12-23,NKE,0.89124313,0.90540393,0.88848641
2024-12-23,VZ,0.2043222,0.20649736,0.20388257
2024-12-23,WMT,0.50289692,0.51154878,0.49552973
2024-12-24,AAPL,4.2043269,4.2155893,4.2216603
2024-12-24,AMGN,0.10401976,0.10560308,0.10365605
2024-12-24,CRM,0.60136086,0.61064135,0.60585705
2024-12-24,CSCO,4.2516779,4.3075697,4.2235129
2024-12-24,IBM,1.0468169,1.0516563,1.0494567
2024-12-24,INTC,4.4992617,4.4870811,4.4424613
2024-12-24,MSFT,79.764084,79.724072,79.35276
2024-12-24,NKE,0.88991051,0.89794915,0.87923607
2024-12-24,VZ,0.20469717,0.20669585,0.20492069
2024-12-24,WMT,0.50620766,0.50689336,0.49474076
2024-12-26,AAPL,4.2594419,4.3105149,4.1312556
2024-12-26,AMGN,0.10592291,0.1066039,0.10234792
2024-12-26,CRM,0.59480467,0.61353335,0.60090977
2024-12-26,CSCO,4.3327097,4.4176418,4.3328285
2024-12-26,IBM,1.0555566,1.0599833,1.0437001
2024-12-26,INTC,4.5454599,4.5616632,4.536484
2024-12-26,MSFT,79.28422,79.462993,78.877601
2024-12-26,NKE,0.85909031,0.88271245,0.85122413
2024-12-26,VZ,0.20356485,0.20754109,0.20158769
2024-12-26,WMT,0.50474893,0.51245319,0.50794923
2024-12-27,AAPL,4.3423354,4.3687679,4.2894055
2024-12-27,AMGN,0.10795353,0.10930423,0.10641096
2024-12-27,CRM,0.58949022,0.60263881,0.58191662
2024-12-27,CSCO,4.2721112,4.3664102,4.2274519
2024-12-27,IBM,1.0491967,1.0558035,1.0386243
2024-12-27,INTC,4.6099665,4.5698542,4.5259492
2024-12-27,MSFT,79.344559,79.907469,78.942299
2024-12-27,NKE,0.8258963,0.82869497,0.8408608
2024-12-27,VZ,0.20547992,0.20823381,0.20604049
2024-12-27,WMT,0.49245281,0.49704248,0.49171891
2024-12-30,AAPL,4.2442474,4.324907,4.1932718
2024-12-30,AMGN,0.10674829,0.10798756,0.10750962
2024-12-30,CRM,0.58188224,0.58258887,0.57189804
2024-12-30,CSCO,4.2753375,4.3553683,4.2840389
2024-12-30,IBM,1.0491476,1.0581005,1.0326426
2024-12-30,INTC,4.6549532,4.6742203,4.5519218
2024-12-30,MSFT,79.977943,80.243897,78.579426
2024-12-30,NKE,0.84078248,0.86504082,0.81564492
2024-12-30,VZ,0.19871969,0.20036359,0.19658236
2024-12-30,WMT,0.49000295,0.49666763,0.49375937
2024-12-31,AAPL,4.0797226,4.1549415,4.0556859
2024-12-31,AMGN,0.10508189,0.10740492,0.10403836
2024-12-31,CRM,0.56217529,0.57107522,0.55208415
2024-12-31,CSCO,4.2157869,4.3207825,4.193723
2024-12-31,IBM,1.0370835,1.0352438,1.0085679
2024-12-31,INTC,4.5875347,4.6150267,4.5954174
2024-12-31,MSFT,79.263704,79.497575,78.069264
2024-12-31,NKE,0.85045042,0.87959885,0.84488184
2024-12-31,VZ,0.19885781,0.20453127,0.19909826
2024-12-31,WMT,0.4927027,0.49604424,0.4882931
