date,tic,close,high,low
2020-01-02,AAPL,71.086472,71.766592,71.842622
2020-01-02,AMGN,200.77733,203.066,197.92504
2020-01-02,CRM,158.11284,154.61079,160.24604
2020-01-02,CSCO,41.022978,41.090308,41.075221
2020-01-02,IBM,96.237668,98.016226,95.87643
2020-01-02,INTC,51.43306,51.076304,50.62371
2020-01-02,MSFT,154.58557,158.34903,153.04782
2020-01-02,NKE,92.558545,90.469508,91.223699
2020-01-02,VZ,41.700936,42.191811,42.17218
2020-01-02,WMT,35.618536,35.736263,35.749595
2020-01-03,AAPL,72.469242,73.596088,70.892515
2020-01-03,AMGN,198.75339,204.30757,197.83603
2020-01-03,CRM,161.6899,166.1633,165.48654
2020-01-03,CSCO,41.166879,41.236075,40.976273
2020-01-03,IBM,95.964012,97.286155,94.452259
2020-01-03,INTC,51.298387,51.533414,50.81265
2020-01-03,MSFT,156.62201,157.3298,157.57722
2020-01-03,NKE,92.037287,92.429547,89.757582
2020-01-03,VZ,42.187581,42.475349,41.24414
2020-01-03,WMT,35.001103,35.032054,34.535238
2020-01-06,AAPL,73.297205,73.111276,72.572356
2020-01-06,AMGN,200.74929,203.3261,200.0459
2020-01-06,CRM,159.95323,163.65654,164.07035
2020-01-06,CSCO,41.763658,42.776467,41.022889
2020-01-06,IBM,96.779782,96.951776,97.227385
2020-01-06,INTC,50.86672,51.361634,50.878574
2020-01-06,MSFT,157.85371,158.368,156.0903
2020-01-06,NKE,92.955615,92.535998,91.300608
2020-01-06,VZ,40.82355,41.21319,40.636344
2020-01-06,WMT,34.801118,34.732549,34.585653
2020-01-07,AAPL,71.562715,72.395002,70.319505
2020-01-07,AMGN,201.39827,200.59564,202.15617
2020-01-07,CRM,161.51814,162.3022,156.63325
2020-01-07,CSCO,41.982645,42.007679,41.76041
2020-01-07,IBM,97.394938,98.79306,96.997897
2020-01-07,INTC,51.485815,51.91463,50.583298
2020-01-07,MSFT,158.53096,159.30423,155.19852
2020-01-07,NKE,91.712501,91.856314,90.024957
2020-01-07,VZ,41.02986,41.291643,41.027644
2020-01-07,WMT,34.874485,35.030315,35.082162
2020-01-08,AAPL,72.810089,73.861054,72.320909
2020-01-08,AMGN,199.44837,200.77298,196.24773
2020-01-08,CRM,155.82799,159.35193,155.24595
2020-01-08,CSCO,41.237589,41.449642,41.105649
2020-01-08,IBM,96.662895,95.991916,95.90846
2020-01-08,INTC,50.737563,51.84896,49.678106
2020-01-08,MSFT,159.20702,158.75688,156.54271
2020-01-08,NKE,90.104259,90.362383,88.773508
2020-01-08,VZ,40.260249,40.146067,39.909377
2020-01-08,WMT,34.706352,34.604733,34.556353
2020-01-09,AAPL,72.650409,73.611624,72.114807
2020-01-09,AMGN,194.70907,194.87591,196.78101
2020-01-09,CRM,160.92977,155.34428,163.38383
2020-01-09,CSCO,41.769731,41.677501,41.218125
2020-01-09,IBM,96.954276,97.857152,95.335668
2020-01-09,INTC,52.724977,53.289398,51.740698
2020-01-09,MSFT,155.17798,157.7004,154.32569
2020-01-09,NKE,88.496006,88.941693,89.118567
2020-01-09,VZ,40.131677,40.602181,40.043064
2020-01-09,WMT,34.998687,35.330478,34.565532
2020-01-10,AAPL,77.360052,77.735545,76.226184
2020-01-10,AMGN,198.72283,201.00027,197.43637
2020-01-10,CRM,163.60668,166.32741,162.53785
2020-01-10,CSCO,41.815799,42.547039,40.902319
2020-01-10,IBM,97.290432,97.836195,96.014202
2020-01-10,INTC,53.929734,54.408252,52.740752
2020-01-10,MSFT,154.51486,157.24665,155.28673
2020-01-10,NKE,89.765675,90.302796,87.685543
2020-01-10,VZ,40.746315,41.106273,40.779748
2020-01-10,WMT,35.150092,35.967255,34.737776
2020-01-13,AAPL,80.074091,81.113442,81.877785
2020-01-13,AMGN,194.1317,196.99014,192.11013
2020-01-13,CRM,164.98915,164.79692,166.45113
2020-01-13,CSCO,42.937555,43.060789,41.997924
2020-01-13,IBM,97.322688,97.141677,97.159498
2020-01-13,INTC,53.620871,53.084301,53.263689
2020-01-13,MSFT,156.53026,155.80295,154.4062
2020-01-13,NKE,87.719351,88.21887,86.727989
2020-01-13,VZ,40.643693,41.515861,39.875979
2020-01-13,WMT,34.488776,34.608048,34.496091
2020-01-14,AAPL,80.725613,80.242949,78.873408
2020-01-14,AMGN,197.57649,199.45123,195.4001
2020-01-14,CRM,163.34425,168.75626,158.31815
2020-01-14,CSCO,42.207875,42.515511,42.125657
2020-01-14,IBM,96.144855,96.371962,96.211881
2020-01-14,INTC,53.189852,54.445176,52.737346
2020-01-14,MSFT,159.67899,159.55881,160.07907
2020-01-14,NKE,87.000995,88.001776,86.6583
2020-01-14,VZ,40.377189,40.461331,40.193642
2020-01-14,WMT,33.97018,34.237188,33.588135
2020-01-15,AAPL,80.888577,81.965924,80.133913
2020-01-15,AMGN,202.5533,204.91417,203.68569
2020-01-15,CRM,166.64683,168.69973,164.9872
2020-01-15,CSCO,41.481411,42.035782,41.525407
2020-01-15,IBM,95.209521,96.176552,94.789724
2020-01-15,INTC,54.066503,54.772919,53.636609
2020-01-15,MSFT,162.39895,162.4934,160.18216
2020-01-15,NKE,87.795595,88.034985,87.603684
2020-01-15,VZ,40.763111,41.159477,40.991874
2020-01-15,WMT,33.911756,34.077931,33.525534
2020-01-16,AAPL,81.71126,80.181442,80.71297
2020-01-16,AMGN,205.23223,202.82576,200.42742
2020-01-16,CRM,168.65455,174.37281,166.75234
2020-01-16,CSCO,41.721416,42.353588,42.060763
2020-01-16,IBM,93.447533,93.982166,93.844634
2020-01-16,INTC,53.916253,54.875698,53.328501
2020-01-16,MSFT,160.7949,164.36844,158.74982
2020-01-16,NKE,87.492857,89.168597,88.023251
2020-01-16,VZ,40.841086,40.790172,39.666826
2020-01-16,WMT,33.694697,33.802429,33.344816
2020-01-17,AAPL,79.931123,81.122133,79.335175
2020-01-17,AMGN,210.52439,212.45716,212.38712
2020-01-17,CRM,164.92961,163.66314,164.12389
2020-01-17,CSCO,40.511666,40.577828,40.310397
2020-01-17,IBM,95.49535,97.506618,94.082319
2020-01-17,INTC,53.336269,53.897181,53.326201
2020-01-17,MSFT,161.93757,164.5403,159.84691
2020-01-17,NKE,88.600012,89.511751,88.615147
2020-01-17,VZ,39.621361,40.953771,39.191598
2020-01-17,WMT,32.842865,33.091651,32.066388
2020-01-21,AAPL,79.467971,78.992273,78.445861
2020-01-21,AMGN,210.45273,209.30705,208.34652
2020-01-21,CRM,158.12319,161.59247,158.07867
2020-01-21,CSCO,39.635147,40.560925,39.665962
2020-01-21,IBM,94.039599,94.217575,93.771188
2020-01-21,INTC,52.997663,53.875182,52.900766
2020-01-21,MSFT,163.92001,159.92918,161.91959
2020-01-21,NKE,86.886398,87.031944,86.963459
2020-01-21,VZ,38.947236,39.223733,38.510441
2020-01-21,WMT,33.010723,33.430489,32.688359
2020-01-22,AAPL,78.614577,79.259877,78.704957
2020-01-22,AMGN,211.00135,214.29776,211.60321
2020-01-22,CRM,160.84349,160.20111,161.46856
2020-01-22,CSCO,38.378538,38.71736,37.458762
2020-01-22,IBM,96.163198,96.625098,93.444646
2020-01-22,INTC,53.156257,53.191521,52.766321
2020-01-22,MSFT,162.16546,164.14237,159.84215
2020-01-22,NKE,85.55978,86.135736,85.268991
2020-01-22,VZ,38.172494,38.697541,37.998439
2020-01-22,WMT,32.35035,32.90307,32.38743
2020-01-23,AAPL,81.072179,83.263057,79.587679
2020-01-23,AMGN,205.2805,208.33969,200.62754
2020-01-23,CRM,167.60132,170.0349,168.58538
2020-01-23,CSCO,37.868345,38.074926,37.247408
2020-01-23,IBM,94.629732,95.884004,95.185106
2020-01-23,INTC,51.648302,52.874454,51.015656
2020-01-23,MSFT,165.2743,165.1634,161.61317
2020-01-23,NKE,86.342221,86.645241,85.171138
2020-01-23,VZ,37.934229,37.289825,38.729415
2020-01-23,WMT,32.284768,32.178747,32.149652
2020-01-24,AAPL,79.243137,80.692601,80.178758
2020-01-24,AMGN,209.72871,211.90163,203.52038
2020-01-24,CRM,175.43965,175.15624,170.2998
2020-01-24,CSCO,38.059059,38.181118,38.396353
2020-01-24,IBM,95.517735,95.787563,96.80146
2020-01-24,INTC,52.626347,53.267522,51.839672
2020-01-24,MSFT,171.47327,175.00355,171.97843
2020-01-24,NKE,85.701315,85.06064,84.735764
2020-01-24,VZ,37.442066,37.774017,36.694893
2020-01-24,WMT,32.539683,32.838074,32.671442
2020-01-27,AAPL,79.1405,80.046408,76.904966
2020-01-27,AMGN,211.11047,213.98145,208.25334
2020-01-27,CRM,172.95851,175.52346,172.37394
2020-01-27,CSCO,38.274286,39.100719,38.056023
2020-01-27,IBM,95.789645,96.089325,95.816205
2020-01-27,INTC,53.524826,54.082757,52.695746
2020-01-27,MSFT,174.89001,178.91029,172.96832
2020-01-27,NKE,86.766011,87.934878,85.357153
2020-01-27,VZ,36.463217,37.161036,36.554816
2020-01-27,WMT,32.414578,33.162258,32.417928
2020-01-28,AAPL,79.002527,79.472326,77.069238
2020-01-28,AMGN,209.60501,212.84843,204.31343
2020-01-28,CRM,170.87122,173.26441,168.20507
2020-01-28,CSCO,38.409474,38.628926,38.034824
2020-01-28,IBM,95.88606,95.764634,95.913471
2020-01-28,INTC,52.624949,52.748855,53.404279
2020-01-28,MSFT,176.50254,178.15401,174.7408
2020-01-28,NKE,86.06045,86.471064,82.894387
2020-01-28,VZ,36.305062,36.661949,35.589506
2020-01-28,WMT,32.130337,32.436721,31.892638
2020-01-29,AAPL,77.748675,78.688246,76.775659
2020-01-29,AMGN,206.15111,205.53936,205.53683
2020-01-29,CRM,167.77761,169.07061,162.96601
2020-01-29,CSCO,37.139234,37.309368,37.185965
2020-01-29,IBM,95.151844,97.659415,93.32475
2020-01-29,INTC,52.791678,52.87889,52.148426
2020-01-29,MSFT,176.3882,178.85826,176.62978
2020-01-29,NKE,87.611056,87.078222,87.11981
2020-01-29,VZ,36.568392,37.345501,37.171626
2020-01-29,WMT,32.426153,32.359787,32.235747
2020-01-30,AAPL,77.223098,76.460713,77.988719
2020-01-30,AMGN,202.6048,203.84976,199.48899
2020-01-30,CRM,167.17996,170.54189,163.3731
2020-01-30,CSCO,38.554356,38.991811,37.727458
2020-01-30,IBM,94.040113,94.34904,94.625478
2020-01-30,INTC,53.137415,53.506037,53.221245
2020-01-30,MSFT,177.39735,176.78568,175.12907
2020-01-30,NKE,83.799291,84.421107,82.109886
2020-01-30,VZ,36.538482,36.818773,36.309863
2020-01-30,WMT,32.253279,32.565357,31.858881
2020-01-31,AAPL,77.799467,78.141471,76.548729
2020-01-31,AMGN,205.58827,207.04872,204.55068
2020-01-31,CRM,164.24916,168.57269,163.15713
2020-01-31,CSCO,39.360017,39.424974,39.72164
2020-01-31,IBM,90.755514,91.397616,88.589046
2020-01-31,INTC,54.104339,55.873683,54.742063
2020-01-31,MSFT,176.17231,179.29461,172.27334
2020-01-31,NKE,85.412343,86.473322,84.031386
2020-01-31,VZ,37.431286,38.114411,36.541268
2020-01-31,WMT,32.347748,33.217569,32.77678
2020-02-03,AAPL,81.739393,82.930648,80.872349
2020-02-03,AMGN,202.92231,202.75874,201.97425
2020-02-03,CRM,161.77749,166.42851,159.52644
2020-02-03,CSCO,39.742734,39.446028,39.327273
2020-02-03,IBM,90.244685,90.061148,89.437555
2020-02-03,INTC,53.279055,53.977038,52.908669
2020-02-03,MSFT,177.99872,178.11666,176.08292
2020-02-03,NKE,86.946606,88.128779,86.328514
2020-02-03,VZ,38.015534,38.471552,38.723669
2020-02-03,WMT,31.51637,32.103844,30.942889
2020-02-04,AAPL,80.455176,80.141358,78.024518
2020-02-04,AMGN,194.57319,193.74253,195.33863
2020-02-04,CRM,160.12607,161.49588,156.51632
2020-02-04,CSCO,39.745385,40.22999,39.054101
2020-02-04,IBM,91.128027,92.034678,91.137499
2020-02-04,INTC,53.321573,54.623885,52.413078
2020-02-04,MSFT,179.92561,181.69689,178.20502
2020-02-04,NKE,87.793659,88.730475,87.729346
2020-02-04,VZ,37.65321,38.187099,37.174361
2020-02-04,WMT,31.305006,31.236088,31.128297
2020-02-05,AAPL,80.320387,79.923506,79.120293
2020-02-05,AMGN,199.01709,201.67791,195.90706
2020-02-05,CRM,158.01667,160.97938,155.8643
2020-02-05,CSCO,40.374721,41.220999,40.088499
2020-02-05,IBM,88.384773,88.638054,88.690198
2020-02-05,INTC,52.960204,52.989662,51.316865
2020-02-05,MSFT,180.30147,183.6644,182.09131
2020-02-05,NKE,86.710799,86.523255,85.781584
2020-02-05,VZ,37.008668,37.884088,37.255992
2020-02-05,WMT,31.334557,31.605408,31.370487
2020-02-06,AAPL,80.971454,82.701731,79.652196
2020-02-06,AMGN,196.03974,197.47609,193.1393
2020-02-06,CRM,146.43258,147.62836,147.11582
2020-02-06,CSCO,41.449121,41.897805,40.077306
2020-02-06,IBM,88.411685,89.129162,88.991885
2020-02-06,INTC,54.897161,55.25735,53.831302
2020-02-06,MSFT,180.00195,183.01277,179.1907
2020-02-06,NKE,88.43355,87.565714,86.426418
2020-02-06,VZ,36.658303,36.865349,36.753399
2020-02-06,WMT,31.101401,31.4162,31.000519
2020-02-07,AAPL,81.529983,82.885384,78.753689
2020-02-07,AMGN,191.71,195.263,192.56493
2020-02-07,CRM,149.04656,146.13341,145.76509
2020-02-07,CSCO,40.59998,40.786166,40.114047
2020-02-07,IBM,89.443366,89.087255,88.801954
2020-02-07,INTC,57.323924,58.484957,55.692071
2020-02-07,MSFT,176.41802,177.47361,176.00413
2020-02-07,NKE,90.006588,91.687662,88.892901
2020-02-07,VZ,35.862363,36.071143,36.25591
2020-02-07,WMT,30.860328,30.978588,30.649932
2020-02-10,AAPL,85.218256,86.210161,85.319417
2020-02-10,AMGN,190.74131,191.68967,188.04033
2020-02-10,CRM,145.54007,145.19181,144.95974
2020-02-10,CSCO,40.330097,40.048364,39.526212
2020-02-10,IBM,87.65247,88.376711,86.775064
2020-02-10,INTC,57.717057,58.664709,57.886748
2020-02-10,MSFT,177.01008,181.82543,176.44672
2020-02-10,NKE,89.752282,91.552376,89.164334
2020-02-10,VZ,35.721103,35.745209,35.891865
2020-02-10,WMT,31.597941,32.374287,31.420998
2020-02-11,AAPL,89.155183,89.843928,90.715094
2020-02-11,AMGN,189.52071,191.4137,186.81547
2020-02-11,CRM,149.68367,155.06184,145.94443
2020-02-11,CSCO,40.493384,40.427575,40.354166
2020-02-11,IBM,85.00495,84.346863,84.764246
2020-02-11,INTC,56.698677,56.963631,56.356695
2020-02-11,MSFT,178.40753,182.24661,175.8077
2020-02-11,NKE,92.949297,94.275911,92.892421
2020-02-11,VZ,35.505216,36.289503,35.183326
2020-02-11,WMT,31.246666,31.60766,30.979125
2020-02-12,AAPL,85.763703,87.082383,86.367339
2020-02-12,AMGN,186.19099,186.07643,184.22502
2020-02-12,CRM,150.00751,153.54224,151.46051
2020-02-12,CSCO,41.62574,43.231118,41.504931
2020-02-12,IBM,84.284236,85.63352,84.118684
2020-02-12,INTC,55.660436,55.260849,55.375555
2020-02-12,MSFT,181.57014,184.5678,178.93267
2020-02-12,NKE,92.499149,93.238857,92.751496
2020-02-12,VZ,34.828812,34.88603,34.701815
2020-02-12,WMT,31.404444,31.820575,31.234334
2020-02-13,AAPL,85.566793,85.498012,84.076179
2020-02-13,AMGN,184.81043,187.5599,180.42051
2020-02-13,CRM,152.68566,157.66224,148.26368
2020-02-13,CSCO,41.591255,42.224524,41.130919
2020-02-13,IBM,85.352237,85.739815,83.415137
2020-02-13,INTC,55.681702,55.814285,55.70883
2020-02-13,MSFT,178.33449,182.68681,176.32325
2020-02-13,NKE,94.419135,94.511228,92.881851
2020-02-13,VZ,34.724206,35.205988,34.492592
2020-02-13,WMT,31.388501,32.093378,31.385865
2020-02-14,AAPL,82.557055,84.056891,83.242835
2020-02-14,AMGN,182.51354,184.729,181.74449
2020-02-14,CRM,149.56576,149.87257,150.20394
2020-02-14,CSCO,40.292514,40.68027,39.929232
2020-02-14,IBM,85.119026,85.746332,85.110938
2020-02-14,INTC,54.853479,55.570027,54.578724
2020-02-14,MSFT,182.97367,185.23116,179.50148
2020-02-14,NKE,95.988065,96.775504,95.84169
2020-02-14,VZ,35.036688,35.125192,34.67868
2020-02-14,WMT,31.075099,31.556602,31.113002
2020-02-18,AAPL,81.733261,82.899123,79.543596
2020-02-18,AMGN,179.01219,180.10406,177.65793
2020-02-18,CRM,146.78939,151.68481,145.49022
2020-02-18,CSCO,39.21954,39.42936,39.110858
2020-02-18,IBM,85.065819,85.479982,84.247997
2020-02-18,INTC,54.870018,55.627552,54.067631
2020-02-18,MSFT,183.05585,184.1284,180.56183
2020-02-18,NKE,98.375123,97.526435,97.494813
2020-02-18,VZ,35.886416,36.306797,35.650425
2020-02-18,WMT,31.161643,31.410019,31.043549
2020-02-19,AAPL,80.685779,82.067793,78.969085
2020-02-19,AMGN,179.02766,181.54274,178.22219
2020-02-19,CRM,149.53859,152.67006,147.76841
2020-02-19,CSCO,39.415033,39.946177,39.201038
2020-02-19,IBM,86.970877,87.495049,86.721398
2020-02-19,INTC,54.013701,54.385652,54.844774
2020-02-19,MSFT,181.3227,183.14976,180.72357
2020-02-19,NKE,97.012088,97.529124,94.887529
2020-02-19,VZ,36.274881,36.520536,36.282526
2020-02-19,WMT,30.794145,30.900188,31.102681
2020-02-20,AAPL,80.177352,82.15461,79.844321
2020-02-20,AMGN,191.31947,193.93152,188.44522
2020-02-20,CRM,153.95939,150.90585,156.04042
2020-02-20,CSCO,40.862314,41.519005,40.48426
2020-02-20,IBM,87.962853,89.767659,87.523181
2020-02-20,INTC,54.55612,54.655235,54.784728
2020-02-20,MSFT,178.27635,181.1247,176.41181
2020-02-20,NKE,95.145674,95.628479,93.950127
2020-02-20,VZ,36.706594,36.358055,36.555704
2020-02-20,WMT,30.541644,30.389788,30.617264
2020-02-21,AAPL,76.481254,75.843067,75.672232
2020-02-21,AMGN,187.68145,189.72633,187.34566
2020-02-21,CRM,156.18501,156.73521,155.76995
2020-02-21,CSCO,43.204646,43.497544,42.79906
2020-02-21,IBM,88.613595,88.997581,88.030402
2020-02-21,INTC,56.090026,56.459653,55.475515
2020-02-21,MSFT,179.04474,181.50419,176.26745
2020-02-21,NKE,95.797406,96.157019,95.169286
2020-02-21,VZ,35.772613,35.827181,35.907795
2020-02-21,WMT,29.772019,30.286195,29.48263
2020-02-24,AAPL,75.05935,76.353985,74.686841
2020-02-24,AMGN,187.78849,188.39437,184.19795
2020-02-24,CRM,161.77919,168.16748,156.91764
2020-02-24,CSCO,44.264013,44.799569,44.089972
2020-02-24,IBM,86.202357,86.537328,85.555429
2020-02-24,INTC,55.154607,55.949774,54.315033
2020-02-24,MSFT,188.06044,187.98326,185.8918
2020-02-24,NKE,98.555252,98.463054,97.993576
2020-02-24,VZ,35.110793,35.545548,35.014459
2020-02-24,WMT,28.946832,29.287478,29.008507
2020-02-25,AAPL,73.620633,74.583293,72.604254
2020-02-25,AMGN,188.8642,190.34913,185.24331
2020-02-25,CRM,158.25598,161.0195,153.21299
2020-02-25,CSCO,44.517852,44.471334,44.005315
2020-02-25,IBM,86.423258,87.786788,86.826867
2020-02-25,INTC,55.38399,55.381482,54.481653
2020-02-25,MSFT,187.00999,185.90616,188.05419
2020-02-25,NKE,96.787601,96.542084,98.769838
2020-02-25,VZ,34.985623,35.368769,35.204063
2020-02-25,WMT,28.413568,28.987485,28.602562
2020-02-26,AAPL,75.089859,75.918312,74.133566
2020-02-26,AMGN,186.33319,190.69944,185.97518
2020-02-26,CRM,163.42456,169.69322,164.57396
2020-02-26,CSCO,44.235869,44.229965,43.984969
2020-02-26,IBM,88.565998,89.834328,87.269795
2020-02-26,INTC,54.339972,55.130656,53.090819
2020-02-26,MSFT,188.15603,192.65305,184.42693
2020-02-26,NKE,99.747909,100.4747,98.141499
2020-02-26,VZ,34.810079,35.098042,35.212105
2020-02-26,WMT,27.980066,28.504711,27.788603
2020-02-27,AAPL,76.849965,77.213565,75.040219
2020-02-27,AMGN,182.5424,183.67722,179.52151
2020-02-27,CRM,159.70435,163.03016,156.79976
2020-02-27,CSCO,45.840201,46.329723,45.521627
2020-02-27,IBM,87.914365,88.513948,86.652018
2020-02-27,INTC,54.779417,55.011064,54.076841
2020-02-27,MSFT,188.95152,190.80666,188.62166
2020-02-27,NKE,102.34584,105.69596,101.67212
2020-02-27,VZ,34.126307,34.770331,33.62128
2020-02-27,WMT,27.332449,27.469847,27.324442
2020-02-28,AAPL,76.261921,77.32481,75.220932
2020-02-28,AMGN,180.53611,184.8867,180.07374
2020-02-28,CRM,162.74251,166.35062,160.56824
2020-02-28,CSCO,46.20395,45.709736,45.999977
2020-02-28,IBM,90.438135,91.924758,90.57844
2020-02-28,INTC,54.355774,54.170837,53.463576
2020-02-28,MSFT,185.37238,187.27611,186.24178
2020-02-28,NKE,105.78144,105.48931,107.46956
2020-02-28,VZ,33.808038,34.268206,33.578434
2020-02-28,WMT,27.098774,27.739539,26.896136
2020-03-02,AAPL,78.07372,77.736365,76.672679
2020-03-02,AMGN,178.37457,179.32679,181.97345
2020-03-02,CRM,168.60713,167.07303,165.20836
2020-03-02,CSCO,46.53414,46.516264,45.627767
2020-03-02,IBM,90.770769,90.926003,88.87875
2020-03-02,INTC,54.099531,53.948427,53.482458
2020-03-02,MSFT,186.21716,187.3856,187.47315
2020-03-02,NKE,106.42236,109.54879,105.66664
2020-03-02,VZ,33.494807,34.066134,32.787672
2020-03-02,WMT,27.110372,27.56117,27.180156
2020-03-03,AAPL,78.589156,77.924888,78.550618
2020-03-03,AMGN,175.4746,178.46396,171.88467
2020-03-03,CRM,167.32017,167.91425,163.40932
2020-03-03,CSCO,46.645094,47.386418,45.633753
2020-03-03,IBM,91.652445,92.525156,90.715829
2020-03-03,INTC,54.141086,54.344875,52.933088
2020-03-03,MSFT,180.68407,178.94274,180.83099
2020-03-03,NKE,106.33146,107.89372,103.39073
2020-03-03,VZ,33.465311,33.600499,33.32599
2020-03-03,WMT,26.821577,26.845385,26.601829
2020-03-04,AAPL,77.450711,79.020664,77.133263
2020-03-04,AMGN,178.86425,183.21952,179.05504
2020-03-04,CRM,156.13803,157.37066,156.1161
2020-03-04,CSCO,45.827476,46.049768,45.76547
2020-03-04,IBM,89.432662,89.354803,87.340694
2020-03-04,INTC,53.708129,53.925488,53.27532
2020-03-04,MSFT,180.77788,184.23836,179.81302
2020-03-04,NKE,106.23117,107.68759,103.77017
2020-03-04,VZ,32.597416,32.963741,32.199071
2020-03-04,WMT,26.869569,27.058299,26.703442
2020-03-05,AAPL,75.537083,75.546997,74.359499
2020-03-05,AMGN,175.73442,176.43735,172.41219
2020-03-05,CRM,154.10064,158.78064,149.64571
2020-03-05,CSCO,45.590268,45.914273,45.896083
2020-03-05,IBM,88.365811,89.784333,87.807013
2020-03-05,INTC,52.711994,52.614891,51.804723
2020-03-05,MSFT,184.96536,183.94396,182.17435
2020-03-05,NKE,103.21846,104.15732,101.85219
2020-03-05,VZ,32.716947,32.991788,32.52251
2020-03-05,WMT,27.255665,27.641086,26.930032
2020-03-06,AAPL,76.92521,78.128413,75.322034
2020-03-06,AMGN,169.52804,172.50569,168.21185
2020-03-06,CRM,158.96529,160.87245,155.38359
2020-03-06,CSCO,46.4837,46.17873,45.961755
2020-03-06,IBM,87.027681,89.343675,84.849241
2020-03-06,INTC,52.286089,53.097711,52.058404
2020-03-06,MSFT,180.68154,181.95118,180.14806
2020-03-06,NKE,103.55557,105.38264,102.97182
2020-03-06,VZ,32.160317,32.504286,31.737198
2020-03-06,WMT,27.102247,27.557272,26.69946
2020-03-09,AAPL,77.994205,78.827161,77.695574
2020-03-09,AMGN,162.7232,160.90272,162.3399
2020-03-09,CRM,165.70035,165.66703,161.41175
2020-03-09,CSCO,46.603477,46.35116,46.748394
2020-03-09,IBM,88.632667,88.757048,88.762965
2020-03-09,INTC,52.269024,53.282582,52.222317
2020-03-09,MSFT,178.38228,180.77276,174.54519
2020-03-09,NKE,106.04096,108.79225,104.14436
2020-03-09,VZ,31.394677,31.169214,31.153031
2020-03-09,WMT,26.835046,27.225837,26.311613
2020-03-10,AAPL,76.30664,76.287064,74.77214
2020-03-10,AMGN,163.69867,167.97482,162.58124
2020-03-10,CRM,168.97814,171.54202,167.52635
2020-03-10,CSCO,47.189617,47.601535,47.202584
2020-03-10,IBM,87.790094,89.169904,87.303908
2020-03-10,INTC,51.511354,51.136216,50.729249
2020-03-10,MSFT,180.08249,184.62035,177.74917
2020-03-10,NKE,106.20924,105.89934,103.69232
2020-03-10,VZ,30.820804,31.571013,30.904831
2020-03-10,WMT,26.839569,26.89374,26.708419
2020-03-11,AAPL,79.007421,80.115856,76.614747
2020-03-11,AMGN,161.907,166.14398,160.56581
2020-03-11,CRM,159.35448,162.61136,157.2008
2020-03-11,CSCO,46.551999,47.226343,46.39414
2020-03-11,IBM,87.046243,87.414077,86.322
2020-03-11,INTC,53.165635,52.766135,52.732275
2020-03-11,MSFT,180.00348,182.02723,178.5789
2020-03-11,NKE,106.11022,106.52305,105.05972
2020-03-11,VZ,31.147851,31.81509,30.988863
2020-03-11,WMT,26.836081,27.300214,26.292234
2020-03-12,AAPL,78.469605,78.611799,77.23442
2020-03-12,AMGN,161.74821,164.90959,162.36589
2020-03-12,CRM,160.28441,160.3492,157.59968
2020-03-12,CSCO,47.198963,47.830572,47.073912
2020-03-12,IBM,86.448835,87.709816,85.914159
2020-03-12,INTC,51.208548,51.474046,50.026872
2020-03-12,MSFT,179.45361,182.11201,176.12805
2020-03-12,NKE,107.4139,110.20593,106.85134
2020-03-12,VZ,31.303688,31.721271,31.056805
2020-03-12,WMT,26.89287,27.078484,26.518375
2020-03-13,AAPL,79.840742,80.650712,79.603745
2020-03-13,AMGN,160.36163,164.2279,157.65872
2020-03-13,CRM,151.31253,153.24611,147.67044
2020-03-13,CSCO,46.353187,46.886177,45.463743
2020-03-13,IBM,85.997654,87.440717,85.785367
2020-03-13,INTC,52.07428,51.753001,52.366478
2020-03-13,MSFT,178.19368,179.69734,175.2388
2020-03-13,NKE,104.76892,107.48021,106.01221
2020-03-13,VZ,30.867004,30.855974,30.901942
2020-03-13,WMT,27.222083,27.436612,26.971811
2020-03-16,AAPL,81.372308,82.350635,80.50681
2020-03-16,AMGN,158.12356,163.00967,157.33336
2020-03-16,CRM,142.75499,144.61038,144.28332
2020-03-16,CSCO,47.265277,48.191656,47.57142
2020-03-16,IBM,85.917031,88.945469,86.807583
2020-03-16,INTC,51.889592,52.739109,50.687286
2020-03-16,MSFT,176.85402,176.92829,171.31145
2020-03-16,NKE,106.82153,107.62791,106.4379
2020-03-16,VZ,30.24575,30.739843,29.256133
2020-03-16,WMT,26.730341,26.846536,26.693713
2020-03-17,AAPL,82.712565,82.34429,81.986206
2020-03-17,AMGN,160.28315,163.9805,162.01006
2020-03-17,CRM,140.61207,141.21843,138.52405
2020-03-17,CSCO,46.560075,46.169496,45.015772
2020-03-17,IBM,86.314236,88.030528,85.753471
2020-03-17,INTC,52.620771,52.92079,51.188392
2020-03-17,MSFT,175.60072,176.66545,177.56051
2020-03-17,NKE,106.20306,106.96793,106.29074
2020-03-17,VZ,30.001329,30.287326,29.784448
2020-03-17,WMT,27.091098,27.299165,27.20509
2020-03-18,AAPL,78.440789,77.943458,76.691722
2020-03-18,AMGN,159.82837,161.04813,160.1377
2020-03-18,CRM,137.05676,140.22537,134.9806
2020-03-18,CSCO,46.332264,46.458403,45.42692
2020-03-18,IBM,86.993661,88.153534,87.240861
2020-03-18,INTC,53.925398,54.013242,54.0775
2020-03-18,MSFT,174.16915,176.36665,172.70954
2020-03-18,NKE,105.58151,106.42152,106.74781
2020-03-18,VZ,29.788537,30.212865,29.145223
2020-03-18,WMT,26.935158,26.84065,26.669424
2020-03-19,AAPL,76.184368,77.930378,75.728135
2020-03-19,AMGN,159.20331,163.04783,159.21286
2020-03-19,CRM,134.52766,136.73396,128.58206
2020-03-19,CSCO,46.782254,46.58865,45.758727
2020-03-19,IBM,87.280363,87.806483,86.823194
2020-03-19,INTC,53.449865,53.081634,52.019156
2020-03-19,MSFT,174.34236,176.47911,171.45707
2020-03-19,NKE,105.25246,107.36077,104.95477
2020-03-19,VZ,29.620366,29.797048,29.630447
2020-03-19,WMT,26.524058,26.562304,26.516822
2020-03-20,AAPL,76.955567,78.37428,76.212295
2020-03-20,AMGN,158.87867,160.7482,154.89739
2020-03-20,CRM,130.79413,131.53749,130.88636
2020-03-20,CSCO,45.097298,45.16288,44.484567
2020-03-20,IBM,87.439862,89.121613,86.221083
2020-03-20,INTC,53.822531,54.594817,53.762771
2020-03-20,MSFT,180.1058,182.5261,178.20871
2020-03-20,NKE,104.62405,105.93958,101.43468
2020-03-20,VZ,29.471475,29.639765,29.527031
2020-03-20,WMT,26.423409,26.470834,26.309796
2020-03-23,AAPL,76.089766,77.547504,76.707865
2020-03-23,AMGN,155.04139,156.76836,153.41213
2020-03-23,CRM,133.47804,137.92863,132.81967
2020-03-23,CSCO,45.159918,46.825411,44.1369
2020-03-23,IBM,87.761787,89.015441,86.449939
2020-03-23,INTC,53.713787,54.264704,53.323103
2020-03-23,MSFT,185.81008,188.1317,184.40645
2020-03-23,NKE,105.9885,104.85003,105.91844
2020-03-23,VZ,29.928572,30.104206,29.943517
2020-03-23,WMT,26.187191,26.398921,26.035923
2020-03-24,AAPL,76.366521,76.626647,75.214547
2020-03-24,AMGN,150.34392,153.28458,149.5383
2020-03-24,CRM,139.74013,139.64661,139.64802
2020-03-24,CSCO,45.27545,44.948068,44.680834
2020-03-24,IBM,86.11764,85.593354,86.604794
2020-03-24,INTC,52.86421,52.434442,52.632707
2020-03-24,MSFT,185.27199,186.68712,183.79158
2020-03-24,NKE,106.42782,107.87153,106.52079
2020-03-24,VZ,29.440272,29.640137,28.921898
2020-03-24,WMT,26.174085,26.005858,26.384845
2020-03-25,AAPL,75.688196,75.702208,75.359732
2020-03-25,AMGN,152.20323,154.38035,152.67449
2020-03-25,CRM,138.55778,140.72625,134.2858
2020-03-25,CSCO,44.724923,45.285122,44.296407
2020-03-25,IBM,87.171185,88.71542,85.181315
2020-03-25,INTC,52.30557,53.143396,51.852971
2020-03-25,MSFT,187.69783,188.86131,184.56246
2020-03-25,NKE,103.04657,104.12541,104.84872
2020-03-25,VZ,28.9095,29.447885,28.742766
2020-03-25,WMT,26.501803,26.496666,26.36079
2020-03-26,AAPL,76.102772,77.050749,74.365322
2020-03-26,AMGN,155.98966,157.88334,154.35141
2020-03-26,CRM,140.90431,143.18558,143.97902
2020-03-26,CSCO,43.662322,44.545499,42.245924
2020-03-26,IBM,87.263246,86.513646,87.548454
2020-03-26,INTC,53.659223,52.981661,52.605453
2020-03-26,MSFT,186.23556,186.10597,186.30096
2020-03-26,NKE,99.179968,100.62801,99.558995
2020-03-26,VZ,28.787436,29.382958,28.152228
2020-03-26,WMT,26.138591,26.44226,25.750182
2020-03-27,AAPL,76.578172,77.73976,76.030647
2020-03-27,AMGN,155.05588,156.43779,154.81445
2020-03-27,CRM,138.54833,142.90842,137.57441
2020-03-27,CSCO,43.631245,44.329742,43.247018
2020-03-27,IBM,89.231469,89.406877,87.522802
2020-03-27,INTC,54.56556,55.39337,53.56219
2020-03-27,MSFT,191.27071,194.56464,187.05573
2020-03-27,NKE,97.042099,100.70518,98.561447
2020-03-27,VZ,29.001329,29.090453,28.80129
2020-03-27,WMT,26.804337,27.258233,26.77157
2020-03-30,AAPL,74.483124,74.15513,74.145155
2020-03-30,AMGN,152.31974,156.02276,151.56027
2020-03-30,CRM,140.08586,141.60469,140.17616
2020-03-30,CSCO,42.797071,43.219638,42.324394
2020-03-30,IBM,89.34588,89.165993,87.650296
2020-03-30,INTC,54.583861,54.28157,53.063748
2020-03-30,MSFT,188.63684,189.3559,187.76711
2020-03-30,NKE,97.62227,98.304692,96.53029
2020-03-30,VZ,28.922505,29.096173,28.882254
2020-03-30,WMT,26.844214,26.983945,26.469606
2020-03-31,AAPL,72.984602,72.6102,72.236498
2020-03-31,AMGN,151.19371,154.22679,149.51507
2020-03-31,CRM,139.19014,137.89428,132.12812
2020-03-31,CSCO,42.356835,42.231271,41.409667
2020-03-31,IBM,90.655161,90.741649,88.871827
2020-03-31,INTC,50.896403,52.022595,49.246036
2020-03-31,MSFT,190.61086,197.10129,188.82549
2020-03-31,NKE,93.704431,93.204398,92.364191
2020-03-31,VZ,28.380768,28.595259,28.094047
2020-03-31,WMT,26.566621,26.708511,26.338007
2020-04-01,AAPL,71.824012,72.236482,71.343097
2020-04-01,AMGN,149.25629,152.49252,144.94173
2020-04-01,CRM,136.20001,139.96605,133.13168
2020-04-01,CSCO,41.780689,42.074681,41.530655
2020-04-01,IBM,90.286379,90.395332,89.70225
2020-04-01,INTC,51.566635,51.86729,51.47853
2020-04-01,MSFT,189.50959,194.49533,191.29292
2020-04-01,NKE,94.397515,94.447614,93.038044
2020-04-01,VZ,28.120234,28.655881,28.51949
2020-04-01,WMT,26.47098,27.175364,26.469948
2020-04-02,AAPL,72.551613,72.584643,70.627733
2020-04-02,AMGN,143.929,146.76161,141.41514
2020-04-02,CRM,134.125,135.82754,129.34467
2020-04-02,CSCO,43.252279,43.455439,41.900689
2020-04-02,IBM,91.265823,92.217332,90.500244
2020-04-02,INTC,50.862028,52.213127,49.937434
2020-04-02,MSFT,185.77644,187.59425,182.62143
2020-04-02,NKE,93.415064,96.371746,90.851297
2020-04-02,VZ,28.011979,28.368875,27.28001
2020-04-02,WMT,26.581337,26.772802,25.981053
2020-04-03,AAPL,74.350036,76.218969,72.883697
2020-04-03,AMGN,142.78425,142.75588,138.33105
2020-04-03,CRM,128.81454,132.53511,124.06219
2020-04-03,CSCO,43.504361,43.976542,42.303117
2020-04-03,IBM,91.206828,93.084413,89.386792
2020-04-03,INTC,50.43172,50.227447,48.484396
2020-04-03,MSFT,185.52195,191.76417,183.75358
2020-04-03,NKE,92.794933,93.475469,90.754798
2020-04-03,VZ,28.079133,28.59149,27.031355
2020-04-03,WMT,26.889027,27.261106,26.41711
2020-04-06,AAPL,74.036784,75.273624,74.652768
2020-04-06,AMGN,142.87502,146.31794,140.12082
2020-04-06,CRM,126.85773,131.07945,122.76875
2020-04-06,CSCO,42.330026,42.769489,41.706115
2020-04-06,IBM,91.102478,92.607798,90.309375
2020-04-06,INTC,49.535569,50.756289,48.155252
2020-04-06,MSFT,189.90645,192.90729,188.35254
2020-04-06,NKE,93.285852,95.029497,92.417655
2020-04-06,VZ,27.781624,28.219623,27.747963
2020-04-06,WMT,26.353858,26.696757,25.88641
2020-04-07,AAPL,73.517558,73.892577,71.766432
2020-04-07,AMGN,145.18847,144.68746,144.01558
2020-04-07,CRM,124.02052,126.20861,118.51262
2020-04-07,CSCO,41.813054,42.831906,42.265168
2020-04-07,IBM,91.444776,94.122274,89.629323
2020-04-07,INTC,50.491461,51.282912,50.249868
2020-04-07,MSFT,192.65833,194.97174,193.9367
2020-04-07,NKE,92.363246,93.333628,90.791175
2020-04-07,VZ,27.707162,27.632067,26.998805
2020-04-07,WMT,26.565877,26.933887,26.509546
2020-04-08,AAPL,72.525854,73.758298,70.317301
2020-04-08,AMGN,147.93936,148.69613,144.04436
2020-04-08,CRM,126.9837,129.93339,125.38505
2020-04-08,CSCO,41.582004,42.171828,40.680196
2020-04-08,IBM,92.438446,92.450986,92.103194
2020-04-08,INTC,50.378446,50.465563,48.977132
2020-04-08,MSFT,197.23072,201.6833,193.74219
2020-04-08,NKE,89.263985,91.012381,85.273393
2020-04-08,VZ,27.666762,28.294819,27.367296
2020-04-08,WMT,26.511538,26.711349,26.228217
2020-04-09,AAPL,72.741456,73.893849,71.627924
2020-04-09,AMGN,149.4803,151.23981,150.67474
2020-04-09,CRM,128.63096,133.87502,126.51025
2020-04-09,CSCO,41.4467,41.8121,41.408132
2020-04-09,IBM,92.642143,93.496668,90.278946
2020-04-09,INTC,50.882611,51.169984,49.188466
2020-04-09,MSFT,194.17412,196.97337,194.80486
2020-04-09,NKE,88.651467,89.344331,87.820752
2020-04-09,VZ,27.362475,28.059662,26.993916
2020-04-09,WMT,26.079276,26.538867,25.563991
2020-04-13,AAPL,72.274623,73.809339,70.256081
2020-04-13,AMGN,152.74722,151.0558,149.23212
2020-04-13,CRM,126.23657,130.97773,128.03406
2020-04-13,CSCO,41.616423,42.771061,40.631044
2020-04-13,IBM,93.797556,95.348235,92.901132
2020-04-13,INTC,52.130474,53.724309,51.636902
2020-04-13,MSFT,191.76901,196.7263,189.26251
2020-04-13,NKE,88.237977,89.957935,87.203575
2020-04-13,VZ,27.236182,27.552704,26.947277
2020-04-13,WMT,26.284163,26.4076,26.097826
2020-04-14,AAPL,73.200296,75.730532,71.787165
2020-04-14,AMGN,152.28627,154.58971,151.73058
2020-04-14,CRM,121.60529,123.70248,119.35332
2020-04-14,CSCO,42.029879,43.076476,41.603175
2020-04-14,IBM,93.413797,94.471085,92.671318
2020-04-14,INTC,53.1679,54.443654,53.289883
2020-04-14,MSFT,193.79347,197.71136,191.51477
2020-04-14,NKE,87.191001,88.343247,85.948796
2020-04-14,VZ,26.945381,27.164416,26.386725
2020-04-14,WMT,26.534678,26.632256,26.394764
2020-04-15,AAPL,72.512335,73.802318,71.599414
2020-04-15,AMGN,151.13106,154.36987,151.30135
2020-04-15,CRM,116.5598,118.79391,114.99164
2020-04-15,CSCO,42.409705,42.562617,42.031422
2020-04-15,IBM,93.827823,95.193507,91.158214
2020-04-15,INTC,52.471484,53.258881,52.334782
2020-04-15,MSFT,184.00163,186.67837,185.04184
2020-04-15,NKE,87.038409,87.872498,86.333198
2020-04-15,VZ,27.245711,27.618448,26.919928
2020-04-15,WMT,27.025288,27.392632,27.149902
2020-04-16,AAPL,70.866507,73.233242,71.126307
2020-04-16,AMGN,155.04253,155.36734,153.42202
2020-04-16,CRM,112.35908,117.14367,111.35831
2020-04-16,CSCO,43.165629,43.552002,43.340517
2020-04-16,IBM,90.759169,92.336033,88.966026
2020-04-16,INTC,52.603536,53.766951,52.485535
2020-04-16,MSFT,179.93453,182.4196,175.67868
2020-04-16,NKE,85.406749,86.440454,82.452208
2020-04-16,VZ,27.171262,27.544198,26.921235
2020-04-16,WMT,26.964462,27.323316,26.695088
2020-04-17,AAPL,72.089538,75.14659,69.196425
2020-04-17,AMGN,150.89724,155.20813,149.73994
2020-04-17,CRM,108.58856,108.67824,103.90061
2020-04-17,CSCO,43.42329,44.099015,42.895646
2020-04-17,IBM,88.160796,89.400874,86.596985
2020-04-17,INTC,53.957274,53.705746,53.639436
2020-04-17,MSFT,175.1332,178.12643,172.25687
2020-04-17,NKE,83.128501,83.940184,83.558155
2020-04-17,VZ,27.454143,27.68048,26.987141
2020-04-17,WMT,26.833155,27.064771,26.406569
2020-04-20,AAPL,73.631448,73.458895,72.973286
2020-04-20,AMGN,152.25219,155.15938,152.1628
2020-04-20,CRM,108.86076,111.67376,103.6372
2020-04-20,CSCO,43.987097,45.835873,43.021213
2020-04-20,IBM,88.279677,89.295051,87.417618
2020-04-20,INTC,54.328656,54.448516,53.737988
2020-04-20,MSFT,175.20251,177.34889,175.42433
2020-04-20,NKE,82.528607,85.013682,81.891891
2020-04-20,VZ,27.562673,27.553902,27.433971
2020-04-20,WMT,27.43477,27.732897,27.20288
2020-04-21,AAPL,70.970349,73.146099,68.886478
2020-04-21,AMGN,147.8038,149.28503,146.45035
2020-04-21,CRM,109.03417,108.40331,110.44703
2020-04-21,CSCO,41.30781,42.15677,41.291402
2020-04-21,IBM,89.924541,89.852847,88.135845
2020-04-21,INTC,54.918232,56.070154,53.364642
2020-04-21,MSFT,174.27931,174.5441,171.25322
2020-04-21,NKE,83.476529,84.463407,82.402474
2020-04-21,VZ,27.844365,28.074954,27.607637
2020-04-21,WMT,26.803451,27.161536,26.472223
2020-04-22,AAPL,69.650725,70.432893,69.573922
2020-04-22,AMGN,149.27862,151.43076,148.81218
2020-04-22,CRM,107.37042,110.38317,106.52243
2020-04-22,CSCO,41.086444,41.429173,40.830062
2020-04-22,IBM,89.251015,90.049226,87.962464
2020-04-22,INTC,54.744841,55.527555,53.209822
2020-04-22,MSFT,171.10668,172.71425,168.72464
2020-04-22,NKE,82.158044,82.804898,80.735906
2020-04-22,VZ,28.128931,28.863859,28.109204
2020-04-22,WMT,26.595097,27.041243,26.439427
2020-04-23,AAPL,66.909617,69.392161,65.89456
2020-04-23,AMGN,147.93105,151.63158,146.86615
2020-04-23,CRM,103.17833,103.02475,100.85282
2020-04-23,CSCO,42.522839,43.279339,42.637062
2020-04-23,IBM,87.092528,87.275785,86.119598
2020-04-23,INTC,55.137621,56.063969,54.902505
2020-04-23,MSFT,171.60116,174.21028,168.52469
2020-04-23,NKE,82.838958,84.283419,79.441281
2020-04-23,VZ,28.120499,28.801212,28.216604
2020-04-23,WMT,26.785627,27.321154,26.674541
2020-04-24,AAPL,68.53207,69.171559,69.017994
2020-04-24,AMGN,142.49953,146.05753,139.93502
2020-04-24,CRM,104.14696,104.12356,100.15518
2020-04-24,CSCO,43.581379,44.585429,43.249427
2020-04-24,IBM,86.492061,88.0065,85.113423
2020-04-24,INTC,55.17941,55.746194,54.511233
2020-04-24,MSFT,172.34239,175.81528,169.73114
2020-04-24,NKE,84.391742,85.832495,84.312216
2020-04-24,VZ,28.891517,28.909837,28.046305
2020-04-24,WMT,27.059401,26.99977,26.926528
2020-04-27,AAPL,67.868613,69.529429,65.405196
2020-04-27,AMGN,140.46315,141.15324,139.86544
2020-04-27,CRM,102.1717,102.39925,100.64486
2020-04-27,CSCO,43.793282,44.465357,43.383731
2020-04-27,IBM,86.380061,87.644971,84.626826
2020-04-27,INTC,56.125565,56.357632,55.403329
2020-04-27,MSFT,173.47913,175.18583,171.40967
2020-04-27,NKE,83.380892,84.357356,81.633052
2020-04-27,VZ,28.805409,29.172033,28.69524
2020-04-27,WMT,26.854499,26.952325,26.629927
2020-04-28,AAPL,68.692618,70.582068,69.027793
2020-04-28,AMGN,138.06432,140.36274,136.05574
2020-04-28,CRM,104.98692,109.44374,102.92834
2020-04-28,CSCO,45.075966,44.988671,43.566855
2020-04-28,IBM,87.051708,89.626209,85.415258
2020-04-28,INTC,56.041409,56.833929,55.647875
2020-04-28,MSFT,172.56281,179.35351,171.25041
2020-04-28,NKE,81.91661,83.497043,81.041876
2020-04-28,VZ,28.332549,28.690057,28.181709
2020-04-28,WMT,26.972001,27.023822,26.358074
2020-04-29,AAPL,70.249976,70.687608,68.945953
2020-04-29,AMGN,136.27832,136.75245,137.58627
2020-04-29,CRM,105.29908,108.17545,102.40768
2020-04-29,CSCO,45.464686,45.986083,44.728998
2020-04-29,IBM,86.974098,87.495376,86.803024
2020-04-29,INTC,55.253011,56.525359,54.994692
2020-04-29,MSFT,171.11175,176.12954,171.96616
2020-04-29,NKE,83.181299,82.929036,79.994302
2020-04-29,VZ,27.635796,27.857921,26.537648
2020-04-29,WMT,27.142669,27.339161,26.800241
2020-04-30,AAPL,68.929964,69.120477,66.01827
2020-04-30,AMGN,135.89916,140.35068,132.88005
2020-04-30,CRM,98.381892,100.7088,95.899091
2020-04-30,CSCO,45.910469,46.914805,45.092886
2020-04-30,IBM,87.273794,87.933606,86.94034
2020-04-30,INTC,55.406584,55.865471,54.365926
2020-04-30,MSFT,173.83701,173.36411,174.04533
2020-04-30,NKE,81.932997,84.312037,79.627573
2020-04-30,VZ,27.617773,27.939664,27.140391
2020-04-30,WMT,27.549858,28.143723,27.210557
2020-05-01,AAPL,69.566955,70.809458,67.808713
2020-05-01,AMGN,135.36012,136.83946,133.99796
2020-05-01,CRM,99.993944,100.49632,97.648691
2020-05-01,CSCO,45.600502,46.511059,45.035057
2020-05-01,IBM,88.168342,89.082208,86.806062
2020-05-01,INTC,53.715782,55.542524,52.54362
2020-05-01,MSFT,178.21241,183.81157,178.25989
2020-05-01,NKE,81.735899,82.720108,79.248567
2020-05-01,VZ,27.4934,28.347469,27.07383
2020-05-01,WMT,27.268001,27.783097,27.1607
2020-05-04,AAPL,70.359756,70.791731,68.145778
2020-05-04,AMGN,135.60296,135.9809,135.04436
2020-05-04,CRM,103.25998,106.70915,101.96004
2020-05-04,CSCO,45.654279,46.758425,45.357803
2020-05-04,IBM,87.870404,90.0541,86.00564
2020-05-04,INTC,54.105484,54.281237,52.374154
2020-05-04,MSFT,174.85678,177.93561,172.84431
2020-05-04,NKE,82.687002,84.047631,80.38047
2020-05-04,VZ,27.525371,28.127961,27.264996
2020-05-04,WMT,27.606759,27.420659,27.037735
2020-05-05,AAPL,70.255965,68.94655,69.782894
2020-05-05,AMGN,137.29793,140.02788,135.96845
2020-05-05,CRM,102.61176,102.27461,98.88809
2020-05-05,CSCO,45.636524,45.729564,45.226103
2020-05-05,IBM,88.815049,91.424251,86.523447
2020-05-05,INTC,53.451344,53.615969,52.645717
2020-05-05,MSFT,175.9832,175.43515,171.29487
2020-05-05,NKE,82.703121,85.126912,79.487506
2020-05-05,VZ,27.516169,27.204622,27.429705
2020-05-05,WMT,27.714658,28.035362,27.402937
2020-05-06,AAPL,68.898528,67.598573,67.035959
2020-05-06,AMGN,134.60732,134.17443,131.35352
2020-05-06,CRM,102.44326,104.85126,101.14681
2020-05-06,CSCO,46.417748,46.506537,45.981637
2020-05-06,IBM,89.530101,90.921922,87.525799
2020-05-06,INTC,54.60254,55.621636,54.763609
2020-05-06,MSFT,168.90269,172.01578,162.05612
2020-05-06,NKE,85.121851,86.648728,83.013584
2020-05-06,VZ,27.047831,27.257456,26.38209
2020-05-06,WMT,28.513603,28.9008,27.888259
2020-05-07,AAPL,70.87146,70.110184,68.782729
2020-05-07,AMGN,136.77615,139.59062,134.5037
2020-05-07,CRM,103.01302,103.71931,101.73686
2020-05-07,CSCO,46.18949,46.434148,45.903456
2020-05-07,IBM,89.795621,90.118735,89.643794
2020-05-07,INTC,53.06319,53.592449,52.927097
2020-05-07,MSFT,168.87093,170.8513,167.04339
2020-05-07,NKE,86.128363,88.654961,84.454284
2020-05-07,VZ,27.053849,27.525535,26.597418
2020-05-07,WMT,28.210367,28.679614,27.551339
2020-05-08,AAPL,70.39366,73.063038,69.7115
2020-05-08,AMGN,137.17478,138.05262,137.30402
2020-05-08,CRM,105.89179,104.68641,100.92751
2020-05-08,CSCO,45.367633,45.280722,45.001162
2020-05-08,IBM,89.567932,92.337791,87.92137
2020-05-08,INTC,53.662785,54.896511,52.248597
2020-05-08,MSFT,167.47646,173.81336,163.78341
2020-05-08,NKE,88.089097,90.522514,88.16187
2020-05-08,VZ,26.548422,26.661861,27.079459
2020-05-08,WMT,28.614329,29.166476,28.470349
2020-05-11,AAPL,68.623517,68.80596,66.940506
2020-05-11,AMGN,135.90328,137.36213,133.22064
2020-05-11,CRM,107.52403,107.93915,105.49953
2020-05-11,CSCO,45.487485,46.213735,45.085564
2020-05-11,IBM,88.04554,88.695485,87.672408
2020-05-11,INTC,53.581014,54.712764,52.769143
2020-05-11,MSFT,172.6708,176.9303,169.64202
2020-05-11,NKE,87.249542,87.824049,84.83237
2020-05-11,VZ,26.419142,27.277138,26.184636
2020-05-11,WMT,28.318204,28.53708,27.911324
2020-05-12,AAPL,68.411711,70.094127,67.566013
2020-05-12,AMGN,135.38478,135.6794,132.90251
2020-05-12,CRM,107.77698,111.08447,105.8422
2020-05-12,CSCO,45.524837,46.495432,45.751626
2020-05-12,IBM,87.580845,88.228665,86.214754
2020-05-12,INTC,53.09399,53.334434,52.479317
2020-05-12,MSFT,171.46956,172.51999,167.83578
2020-05-12,NKE,86.058557,88.529607,82.675669
2020-05-12,VZ,26.74399,27.257442,26.517912
2020-05-12,WMT,28.49423,28.813255,28.388919
2020-05-13,AAPL,68.705535,67.647003,66.167623
2020-05-13,AMGN,134.91532,137.91879,132.85265
2020-05-13,CRM,105.23283,107.19513,100.98056
2020-05-13,CSCO,45.475718,46.533142,43.963256
2020-05-13,IBM,87.381329,87.425184,85.271918
2020-05-13,INTC,52.161192,53.201747,50.917781
2020-05-13,MSFT,171.2049,175.10827,167.90044
2020-05-13,NKE,85.33051,87.454474,83.549045
2020-05-13,VZ,27.032231,27.01468,26.877688
2020-05-13,WMT,27.933554,28.018787,27.41268
2020-05-14,AAPL,69.149697,70.426021,68.121318
2020-05-14,AMGN,131.79335,133.83654,129.27327
2020-05-14,CRM,103.97987,105.30908,101.60876
2020-05-14,CSCO,45.301398,46.33105,43.986397
2020-05-14,IBM,85.160465,86.533461,84.159907
2020-05-14,INTC,52.143388,52.375524,50.801704
2020-05-14,MSFT,170.15625,171.71629,170.09339
2020-05-14,NKE,85.257946,87.506914,84.815421
2020-05-14,VZ,26.86267,27.384046,26.641008
2020-05-14,WMT,27.832888,27.869193,27.789851
2020-05-15,AAPL,67.955065,67.367031,65.206065
2020-05-15,AMGN,132.38575,132.18801,133.41228
2020-05-15,CRM,94.920492,97.145689,93.370332
2020-05-15,CSCO,45.211566,46.21537,43.736818
2020-05-15,IBM,86.346347,88.678446,83.397856
2020-05-15,INTC,51.144427,51.886919,50.566137
2020-05-15,MSFT,168.31356,169.00978,172.0253
2020-05-15,NKE,83.821404,86.426214,82.538154
2020-05-15,VZ,27.209027,27.303668,26.99717
2020-05-15,WMT,28.073211,28.24629,28.0329
2020-05-18,AAPL,67.577804,68.110855,65.166633
2020-05-18,AMGN,133.02927,134.78438,130.12384
2020-05-18,CRM,93.861641,97.612656,89.927922
2020-05-18,CSCO,44.782639,45.008485,44.992582
2020-05-18,IBM,85.554778,85.853555,83.72582
2020-05-18,INTC,49.88533,49.949014,48.651917
2020-05-18,MSFT,166.55811,169.39767,165.04723
2020-05-18,NKE,82.478842,84.745597,83.137101
2020-05-18,VZ,27.319499,28.114414,27.444014
2020-05-18,WMT,28.192554,28.766662,28.054018
2020-05-19,AAPL,68.08918,67.080741,68.404999
2020-05-19,AMGN,133.61642,134.52871,131.79234
2020-05-19,CRM,94.248737,95.425537,93.061107
2020-05-19,CSCO,45.402762,45.724027,44.533804
2020-05-19,IBM,84.762734,84.690214,83.62478
2020-05-19,INTC,48.31703,49.202288,47.924408
2020-05-19,MSFT,168.83912,168.57151,166.07672
2020-05-19,NKE,81.120727,82.115747,80.807122
2020-05-19,VZ,27.345499,27.799399,27.542051
2020-05-19,WMT,27.891317,28.041447,27.915509
2020-05-20,AAPL,68.793848,70.462364,66.644623
2020-05-20,AMGN,129.492,130.02802,126.85335
2020-05-20,CRM,94.519053,94.816922,96.203484
2020-05-20,CSCO,44.863663,46.117374,43.88416
2020-05-20,IBM,83.308677,82.672471,82.135732
2020-05-20,INTC,47.378499,47.667375,46.460999
2020-05-20,MSFT,166.15175,167.38748,161.99899
2020-05-20,NKE,83.037208,84.383723,83.397871
2020-05-20,VZ,27.383393,27.269075,26.742086
2020-05-20,WMT,27.815949,27.972311,27.459177
2020-05-21,AAPL,68.049645,69.374043,66.586915
2020-05-21,AMGN,126.55445,128.47958,126.00859
2020-05-21,CRM,96.203661,97.628319,94.829245
2020-05-21,CSCO,44.591377,44.76468,44.099781
2020-05-21,IBM,81.753821,81.371361,81.598375
2020-05-21,INTC,47.437305,48.849859,47.1923
2020-05-21,MSFT,163.93791,168.04094,155.99052
2020-05-21,NKE,83.262797,84.484125,81.322616
2020-05-21,VZ,27.133645,27.579555,26.965068
2020-05-21,WMT,27.146697,27.598501,26.807623
2020-05-22,AAPL,66.076448,66.618593,63.972419
2020-05-22,AMGN,125.33451,126.79253,123.94158
2020-05-22,CRM,93.820198,94.563995,92.720849
2020-05-22,CSCO,43.870841,43.937924,43.797948
2020-05-22,IBM,80.690203,82.26829,79.905291
2020-05-22,INTC,46.927876,47.443156,46.399413
2020-05-22,MSFT,161.59286,164.27014,157.87482
2020-05-22,NKE,82.98317,84.266566,81.205072
2020-05-22,VZ,26.780466,27.179067,26.646232
2020-05-22,WMT,27.539153,27.70457,26.88423
2020-05-26,AAPL,67.823393,67.911262,66.550693
2020-05-26,AMGN,126.74298,130.5712,124.23661
2020-05-26,CRM,91.032791,95.711155,88.231229
2020-05-26,CSCO,43.906497,44.276246,43.199466
2020-05-26,IBM,79.908643,81.464158,78.739259
2020-05-26,INTC,46.797923,47.016537,46.512201
2020-05-26,MSFT,161.31513,162.13238,161.70212
2020-05-26,NKE,84.419762,85.941452,85.746559
2020-05-26,VZ,26.761394,26.912007,26.362244
2020-05-26,WMT,27.098729,27.527906,26.89016
2020-05-27,AAPL,69.229798,70.414732,68.540129
2020-05-27,AMGN,126.78009,130.37658,123.0576
2020-05-27,CRM,93.050483,95.588088,88.596907
2020-05-27,CSCO,44.28629,44.634467,42.903787
2020-05-27,IBM,78.371835,79.391324,78.495009
2020-05-27,INTC,47.640488,48.742467,47.352255
2020-05-27,MSFT,160.3028,161.63164,157.65963
2020-05-27,NKE,82.914138,83.612175,82.135985
2020-05-27,VZ,26.790071,26.737926,26.450536
2020-05-27,WMT,27.216322,27.547767,26.607649
2020-05-28,AAPL,68.818377,70.26989,66.809867
2020-05-28,AMGN,128.31295,133.75008,127.85013
2020-05-28,CRM,89.161458,91.697422,88.685864
2020-05-28,CSCO,43.886871,44.146066,43.110101
2020-05-28,IBM,77.403094,77.760924,76.690162
2020-05-28,INTC,46.845227,47.280206,46.978365
2020-05-28,MSFT,166.78445,171.1286,164.20661
2020-05-28,NKE,82.705495,84.795255,81.213276
2020-05-28,VZ,26.592323,26.44279,26.187075
2020-05-28,WMT,26.346359,26.474633,25.957036
2020-05-29,AAPL,68.781277,69.789831,67.770344
2020-05-29,AMGN,128.12264,130.92422,128.68766
2020-05-29,CRM,89.470348,90.381945,88.65943
2020-05-29,CSCO,41.61554,43.168215,40.937491
2020-05-29,IBM,78.292658,78.79751,77.098646
2020-05-29,INTC,46.52772,47.311784,45.762312
2020-05-29,MSFT,168.34034,172.2039,166.64592
2020-05-29,NKE,81.324812,82.465535,81.189329
2020-05-29,VZ,26.20804,26.662152,26.264598
2020-05-29,WMT,26.310078,26.387435,25.575647
2020-06-01,AAPL,67.950925,67.578166,65.857005
2020-06-01,AMGN,127.1563,129.52778,124.79558
2020-06-01,CRM,92.927985,95.722712,94.678932
2020-06-01,CSCO,41.068388,41.609342,40.511748
2020-06-01,IBM,76.781439,77.779617,74.776429
2020-06-01,INTC,46.139981,45.515319,44.708907
2020-06-01,MSFT,164.39301,168.71405,162.1723
2020-06-01,NKE,80.729925,82.228085,77.830562
2020-06-01,VZ,26.021537,26.790724,25.286867
2020-06-01,WMT,25.589472,25.624983,25.05798
2020-06-02,AAPL,66.197183,66.930097,65.388425
2020-06-02,AMGN,124.43032,127.93594,122.3985
2020-06-02,CRM,90.106463,90.393777,87.521649
2020-06-02,CSCO,40.341195,41.510308,39.963714
2020-06-02,IBM,77.364784,78.884281,77.488099
2020-06-02,INTC,44.581685,45.390809,44.373644
2020-06-02,MSFT,161.10448,163.00243,158.61817
2020-06-02,NKE,80.815306,81.851667,80.484983
2020-06-02,VZ,26.82101,27.305729,26.374193
2020-06-02,WMT,25.669567,26.106726,25.344536
2020-06-03,AAPL,65.862847,66.356955,66.268092
2020-06-03,AMGN,124.15943,124.6121,122.74838
2020-06-03,CRM,93.023258,94.059714,89.88496
2020-06-03,CSCO,41.999225,42.966609,42.189254
2020-06-03,IBM,75.555864,76.551232,74.307999
2020-06-03,INTC,46.271061,46.95362,45.796136
2020-06-03,MSFT,160.848,164.43828,159.75478
2020-06-03,NKE,81.03109,83.440981,81.13127
2020-06-03,VZ,26.687267,26.79809,26.301694
2020-06-03,WMT,25.912658,26.098232,25.688359
2020-06-04,AAPL,64.547741,66.617644,64.303685
2020-06-04,AMGN,124.59289,126.46722,121.93685
2020-06-04,CRM,94.452272,94.827239,91.371385
2020-06-04,CSCO,42.876684,43.080441,42.620664
2020-06-04,IBM,75.774919,75.419897,74.850696
2020-06-04,INTC,44.376638,44.651787,44.100449
2020-06-04,MSFT,163.53757,166.92635,161.00164
2020-06-04,NKE,78.956773,79.933195,78.393141
2020-06-04,VZ,27.165024,27.175309,26.295593
2020-06-04,WMT,25.930002,26.186495,25.981392
2020-06-05,AAPL,65.601259,67.054267,65.745214
2020-06-05,AMGN,122.65014,126.5277,119.71025
2020-06-05,CRM,92.413225,95.605425,90.921082
2020-06-05,CSCO,43.018385,42.5259,42.724353
2020-06-05,IBM,75.068038,75.980199,73.933656
2020-06-05,INTC,43.50802,44.426545,42.698663
2020-06-05,MSFT,167.3523,166.58055,165.41473
2020-06-05,NKE,78.948569,80.270814,78.215806
2020-06-05,VZ,26.861287,27.030336,26.257296
2020-06-05,WMT,25.709295,26.059416,25.467788
2020-06-08,AAPL,64.369657,64.845043,62.58565
2020-06-08,AMGN,124.80969,127.71768,124.84715
2020-06-08,CRM,93.957734,92.995745,92.527872
2020-06-08,CSCO,41.401662,41.317014,40.557034
2020-06-08,IBM,75.665007,77.092841,74.020337
2020-06-08,INTC,42.989929,43.216353,42.805902
2020-06-08,MSFT,173.61612,175.50612,171.55556
2020-06-08,NKE,78.564601,79.10453,77.560086
2020-06-08,VZ,26.140858,26.241082,25.710801
2020-06-08,WMT,25.331983,25.752548,25.109446
2020-06-09,AAPL,63.57777,63.83561,62.12455
2020-06-09,AMGN,121.81205,123.42626,119.19476
2020-06-09,CRM,94.119445,93.891434,90.342278
2020-06-09,CSCO,42.072351,42.298767,41.616638
2020-06-09,IBM,76.858887,78.110273,76.071127
2020-06-09,INTC,44.008418,44.218398,43.587903
2020-06-09,MSFT,169.27387,172.32888,164.12653
2020-06-09,NKE,77.618445,76.738644,76.757117
2020-06-09,VZ,25.677192,25.793738,24.857458
2020-06-09,WMT,24.939382,25.075118,24.758973
2020-06-10,AAPL,64.228315,65.438113,63.679129
2020-06-10,AMGN,118.23384,119.07543,115.18801
2020-06-10,CRM,91.939774,94.17723,91.048501
2020-06-10,CSCO,41.903474,42.318887,41.585384
2020-06-10,IBM,76.41992,77.910492,75.677936
2020-06-10,INTC,44.019177,44.536375,43.83897
2020-06-10,MSFT,167.14958,166.34308,168.75916
2020-06-10,NKE,76.980435,78.497982,74.605099
2020-06-10,VZ,25.469435,25.692902,25.415958
2020-06-10,WMT,25.378173,25.799944,24.920296
2020-06-11,AAPL,62.919341,63.637093,63.156892
2020-06-11,AMGN,118.83786,120.49252,118.2353
2020-06-11,CRM,88.232167,86.848958,87.756244
2020-06-11,CSCO,42.92082,43.004092,42.604476
2020-06-11,IBM,76.084833,76.163942,75.940321
2020-06-11,INTC,43.408682,43.898676,42.521916
2020-06-11,MSFT,167.43879,169.90065,165.55295
2020-06-11,NKE,78.578855,78.742053,77.236044
2020-06-11,VZ,25.428426,25.650129,24.891689
2020-06-11,WMT,25.179277,25.65395,24.548535
2020-06-12,AAPL,62.970989,62.599162,61.862729
2020-06-12,AMGN,117.42842,118.68216,115.42014
2020-06-12,CRM,86.827433,88.88839,84.37324
2020-06-12,CSCO,42.679555,42.736162,41.954511
2020-06-12,IBM,75.899763,77.071066,74.957576
2020-06-12,INTC,43.381157,43.770355,42.756246
2020-06-12,MSFT,168.45617,173.67299,166.32703
2020-06-12,NKE,77.683095,78.859592,78.340076
2020-06-12,VZ,25.106683,25.216946,24.846504
2020-06-12,WMT,25.038909,25.598199,24.283343
2020-06-15,AAPL,62.902756,63.004789,61.101714
2020-06-15,AMGN,115.66168,117.13206,115.04318
2020-06-15,CRM,84.31422,87.991292,82.572556
2020-06-15,CSCO,43.140499,43.196827,43.43092
2020-06-15,IBM,77.125217,77.353514,75.700949
2020-06-15,INTC,44.019035,43.875204,43.365257
2020-06-15,MSFT,166.15392,169.22223,162.52676
2020-06-15,NKE,76.822392,77.641524,75.754525
2020-06-15,VZ,24.414402,24.700456,23.654761
2020-06-15,WMT,24.773821,24.707909,24.608073
2020-06-16,AAPL,61.905797,62.694027,60.746926
2020-06-16,AMGN,114.51305,115.29754,112.33885
2020-06-16,CRM,81.684112,83.693066,79.418896
2020-06-16,CSCO,43.319665,44.768357,42.044237
2020-06-16,IBM,76.586613,76.558689,75.233452
2020-06-16,INTC,43.117368,42.908042,42.279076
2020-06-16,MSFT,167.33267,167.60391,162.53697
2020-06-16,NKE,79.833041,82.137668,79.056272
2020-06-16,VZ,24.738213,24.877708,24.438591
2020-06-16,WMT,24.304099,24.638966,24.133748
2020-06-17,AAPL,60.745805,61.624977,59.721587
2020-06-17,AMGN,112.79559,113.95452,110.39824
2020-06-17,CRM,80.424146,80.819412,78.571136
2020-06-17,CSCO,41.93724,42.598144,41.065161
2020-06-17,IBM,76.61544,77.318327,75.414643
2020-06-17,INTC,41.544669,41.671839,40.95709
2020-06-17,MSFT,168.90455,171.12615,168.49131
2020-06-17,NKE,80.423836,80.469491,79.722647
2020-06-17,VZ,24.75247,24.97432,24.534358
2020-06-17,WMT,23.945981,24.309655,23.942064
2020-06-18,AAPL,60.11973,60.539105,59.451818
2020-06-18,AMGN,113.56261,116.6569,113.74218
2020-06-18,CRM,81.296872,84.84871,80.121768
2020-06-18,CSCO,40.877836,41.461682,40.178492
2020-06-18,IBM,74.626983,75.345442,74.488513
2020-06-18,INTC,40.08297,40.123112,38.851585
2020-06-18,MSFT,171.94266,172.24222,169.78023
2020-06-18,NKE,79.150635,79.166015,77.786598
2020-06-18,VZ,25.291256,25.522916,24.588868
2020-06-18,WMT,24.296347,24.534314,23.829992
2020-06-19,AAPL,60.048524,60.944813,57.283948
2020-06-19,AMGN,112.88369,115.47026,110.41592
2020-06-19,CRM,79.116621,80.366427,80.061075
2020-06-19,CSCO,40.692962,41.386637,40.001217
2020-06-19,IBM,74.883256,75.936991,73.973827
2020-06-19,INTC,40.308404,40.535615,39.493503
2020-06-19,MSFT,167.49207,169.6394,166.64638
2020-06-19,NKE,78.7762,79.690137,77.618969
2020-06-19,VZ,25.424977,25.531343,26.134688
2020-06-19,WMT,24.56534,24.992057,24.158595
2020-06-22,AAPL,60.507301,62.623186,58.160588
2020-06-22,AMGN,111.79517,112.19158,109.70241
2020-06-22,CRM,80.88965,83.153432,80.619488
2020-06-22,CSCO,40.234665,41.069608,39.614279
2020-06-22,IBM,72.980355,73.566609,70.723979
2020-06-22,INTC,41.028103,41.204876,40.642485
2020-06-22,MSFT,169.23764,173.07719,166.25533
2020-06-22,NKE,80.013094,79.951686,79.09848
2020-06-22,VZ,25.349026,25.647463,25.244592
2020-06-22,WMT,24.899482,24.92554,24.490219
2020-06-23,AAPL,59.203348,59.517291,59.817619
2020-06-23,AMGN,111.11539,112.24721,108.43358
2020-06-23,CRM,80.434324,81.44784,80.744052
2020-06-23,CSCO,41.375389,42.343965,40.999674
2020-06-23,IBM,70.662462,71.838046,69.638811
2020-06-23,INTC,40.198857,40.503183,39.46133
2020-06-23,MSFT,170.69565,171.29882,168.63541
2020-06-23,NKE,79.751044,81.275959,78.706551
2020-06-23,VZ,24.769139,24.649828,24.422181
2020-06-23,WMT,24.622053,24.783813,23.933664
2020-06-24,AAPL,59.181485,59.445306,58.851584
2020-06-24,AMGN,107.70026,109.06533,104.88255
2020-06-24,CRM,79.512437,79.794151,77.741238
2020-06-24,CSCO,40.997439,42.150332,40.500913
2020-06-24,IBM,67.447979,67.586395,66.113887
2020-06-24,INTC,39.219485,39.674179,38.265234
2020-06-24,MSFT,168.67887,170.74525,166.57034
2020-06-24,NKE,79.082421,80.067853,76.627494
2020-06-24,VZ,24.663992,24.914918,24.541755
2020-06-24,WMT,24.748558,24.710058,24.452115
2020-06-25,AAPL,59.447142,60.370426,58.254661
2020-06-25,AMGN,106.60044,107.45113,103.42782
2020-06-25,CRM,81.025994,84.723363,80.236188
2020-06-25,CSCO,41.382026,41.621327,40.356926
2020-06-25,IBM,65.613522,66.039705,64.680353
2020-06-25,INTC,40.09562,40.463332,39.536284
2020-06-25,MSFT,171.81478,174.35165,167.61251
2020-06-25,NKE,78.08543,79.185742,77.678122
2020-06-25,VZ,25.080483,25.369183,25.118283
2020-06-25,WMT,24.640032,24.777669,24.497267
2020-06-26,AAPL,59.207361,58.032387,58.130943
2020-06-26,AMGN,104.0932,105.22215,103.9538
2020-06-26,CRM,81.748596,83.95826,81.25318
2020-06-26,CSCO,41.189326,41.042061,40.325142
2020-06-26,IBM,64.661077,65.147703,64.248106
2020-06-26,INTC,40.433612,41.300312,39.791782
2020-06-26,MSFT,165.29566,165.36734,161.25346
2020-06-26,NKE,77.838682,77.686663,77.034166
2020-06-26,VZ,25.143144,25.83736,24.91133
2020-06-26,WMT,24.440449,24.969001,24.632896
2020-06-29,AAPL,58.456622,59.17534,57.65148
2020-06-29,AMGN,103.90097,105.37222,102.99575
2020-06-29,CRM,79.476821,80.876281,77.866641
2020-06-29,CSCO,40.097787,40.631721,40.24928
2020-06-29,IBM,63.186179,63.185685,61.661531
2020-06-29,INTC,41.433498,42.464361,41.598143
2020-06-29,MSFT,162.79505,163.7256,160.59002
2020-06-29,NKE,78.452955,79.599382,77.059291
2020-06-29,VZ,24.951082,24.750183,24.278714
2020-06-29,WMT,24.732758,25.251182,24.664466
2020-06-30,AAPL,58.909044,60.03723,56.56984
2020-06-30,AMGN,103.88984,105.46332,103.71901
2020-06-30,CRM,75.877046,75.063313,73.721486
2020-06-30,CSCO,39.37408,40.16548,38.579889
2020-06-30,IBM,64.224341,64.946346,62.255749
2020-06-30,INTC,41.389457,42.094615,40.440921
2020-06-30,MSFT,160.83495,166.41549,158.32097
2020-06-30,NKE,78.510997,78.846862,77.088402
2020-06-30,VZ,25.109021,25.66123,24.54076
2020-06-30,WMT,24.159923,24.678685,23.881219
2020-07-01,AAPL,59.090893,60.699489,57.682919
2020-07-01,AMGN,103.73573,104.48304,103.29129
2020-07-01,CRM,74.999322,75.754599,73.668842
2020-07-01,CSCO,38.498141,38.865944,37.753524
2020-07-01,IBM,62.843002,63.162948,63.199139
2020-07-01,INTC,40.815328,40.831088,40.553519
2020-07-01,MSFT,165.10207,168.15241,163.96363
2020-07-01,NKE,77.402382,79.152815,77.670023
2020-07-01,VZ,25.047347,25.01353,24.965612
2020-07-01,WMT,24.217518,24.642024,23.886779
2020-07-02,AAPL,57.574522,58.832024,56.326732
2020-07-02,AMGN,102.14557,103.21604,102.27712
2020-07-02,CRM,77.109687,78.131913,77.651051
2020-07-02,CSCO,38.706058,39.058231,38.1484
2020-07-02,IBM,63.09155,64.097647,62.67279
2020-07-02,INTC,41.670644,41.720429,40.998476
2020-07-02,MSFT,167.03258,170.14601,165.36134
2020-07-02,NKE,75.011041,74.960702,74.240843
2020-07-02,VZ,24.353982,24.405871,24.293286
2020-07-02,WMT,24.308752,24.672105,24.340034
2020-07-06,AAPL,56.154375,57.213385,55.488145
2020-07-06,AMGN,100.13097,101.17871,98.845852
2020-07-06,CRM,74.832737,74.23725,71.548466
2020-07-06,CSCO,39.806595,39.953785,39.514388
2020-07-06,IBM,61.946846,62.489927,61.120158
2020-07-06,INTC,41.649709,42.363641,41.486533
2020-07-06,MSFT,168.38937,170.47999,163.55505
2020-07-06,NKE,75.070519,77.222993,74.095653
2020-07-06,VZ,24.191193,24.758059,23.871743
2020-07-06,WMT,23.934526,24.062679,24.381637
2020-07-07,AAPL,57.432443,58.436541,56.809708
2020-07-07,AMGN,100.76268,102.86185,97.720982
2020-07-07,CRM,73.382963,71.091968,71.856996
2020-07-07,CSCO,38.519843,38.473992,38.223714
2020-07-07,IBM,61.551533,60.920591,61.437801
2020-07-07,INTC,41.505523,41.531104,40.918781
2020-07-07,MSFT,167.08758,167.55301,165.14169
2020-07-07,NKE,75.034042,77.341181,73.795726
2020-07-07,VZ,24.035978,24.598453,23.649532
2020-07-07,WMT,23.992856,24.302281,24.078395
2020-07-08,AAPL,58.88892,59.221807,57.924144
2020-07-08,AMGN,99.950208,100.43236,98.669686
2020-07-08,CRM,74.048223,74.824905,71.903774
2020-07-08,CSCO,37.758433,38.49763,37.749781
2020-07-08,IBM,62.050004,62.735205,61.083343
2020-07-08,INTC,43.227777,42.963443,42.96409
2020-07-08,MSFT,167.08379,166.82947,166.38483
2020-07-08,NKE,72.447895,75.074425,71.037505
2020-07-08,VZ,23.538837,23.665353,23.673701
2020-07-08,WMT,23.723899,23.972521,23.77112
2020-07-09,AAPL,60.081392,59.935937,58.465683
2020-07-09,AMGN,98.124669,100.1194,95.915194
2020-07-09,CRM,71.804807,73.424347,70.664068
2020-07-09,CSCO,37.865531,38.829082,37.477189
2020-07-09,IBM,61.381035,61.518956,60.357133
2020-07-09,INTC,43.837897,45.032853,43.503739
2020-07-09,MSFT,169.20823,168.88398,168.93411
2020-07-09,NKE,73.861179,75.112554,72.33696
2020-07-09,VZ,23.084012,23.221116,23.029901
2020-07-09,WMT,23.509073,23.836878,23.402946
2020-07-10,AAPL,61.913264,62.946693,60.517737
2020-07-10,AMGN,96.24959,97.90857,96.129143
2020-07-10,CRM,71.841795,73.744377,71.184209
2020-07-10,CSCO,39.979035,39.734181,39.309303
2020-07-10,IBM,60.478859,61.627117,60.447562
2020-07-10,INTC,43.729956,43.572812,43.069795
2020-07-10,MSFT,167.39305,168.6705,168.06914
2020-07-10,NKE,72.924127,74.494846,73.420432
2020-07-10,VZ,22.656223,22.790527,22.538448
2020-07-10,WMT,23.118439,23.145745,23.17698
2020-07-13,AAPL,60.731907,61.48628,59.271924
2020-07-13,AMGN,95.876898,97.060414,94.640675
2020-07-13,CRM,70.616273,70.551238,67.449037
2020-07-13,CSCO,39.586869,39.908982,39.723507
2020-07-13,IBM,59.636031,60.76469,58.973488
2020-07-13,INTC,43.567261,44.117795,42.587507
2020-07-13,MSFT,168.38041,169.87605,166.47588
2020-07-13,NKE,72.073191,72.087642,72.006003
2020-07-13,VZ,23.124328,23.20303,23.082858
2020-07-13,WMT,23.281069,23.445413,23.20991
2020-07-14,AAPL,60.968369,62.042048,60.189352
2020-07-14,AMGN,94.565374,96.353768,93.536092
2020-07-14,CRM,70.688904,70.720075,70.562903
2020-07-14,CSCO,39.231248,39.352352,38.234008
2020-07-14,IBM,59.388437,59.951914,58.639654
2020-07-14,INTC,43.836532,44.785465,43.256281
2020-07-14,MSFT,172.49353,174.82539,170.76061
2020-07-14,NKE,72.925476,72.527584,72.635321
2020-07-14,VZ,23.667619,23.752414,23.321116
2020-07-14,WMT,23.642051,23.623811,23.61934
2020-07-15,AAPL,60.34509,62.535793,58.898226
2020-07-15,AMGN,95.295074,97.626578,94.970574
2020-07-15,CRM,67.289544,69.721506,65.889849
2020-07-15,CSCO,38.004372,38.394904,37.553239
2020-07-15,IBM,60.266019,60.371183,60.018701
2020-07-15,INTC,45.563367,46.030156,44.755162
2020-07-15,MSFT,178.30327,182.20428,174.67408
2020-07-15,NKE,71.80195,71.392842,71.54921
2020-07-15,VZ,23.36121,23.52027,23.28114
2020-07-15,WMT,23.466948,23.566871,23.37284
2020-07-16,AAPL,62.995736,64.978298,63.179092
2020-07-16,AMGN,92.415349,93.291248,92.521033
2020-07-16,CRM,69.624827,70.413536,68.999004
2020-07-16,CSCO,38.061193,38.11403,37.242574
2020-07-16,IBM,60.596636,61.553015,60.24909
2020-07-16,INTC,44.952267,45.205446,44.769066
2020-07-16,MSFT,177.09906,178.75537,173.95725
2020-07-16,NKE,71.028053,70.58079,69.996976
2020-07-16,VZ,23.205841,23.391917,23.301825
2020-07-16,WMT,23.54528,23.847114,23.433338
2020-07-17,AAPL,63.19025,63.457697,61.884609
2020-07-17,AMGN,90.519499,90.627774,90.289024
2020-07-17,CRM,71.800628,70.787554,69.882078
2020-07-17,CSCO,37.395715,37.938342,36.878835
2020-07-17,IBM,60.649605,60.849768,60.763377
2020-07-17,INTC,44.411913,45.170662,44.61793
2020-07-17,MSFT,177.78932,180.90106,176.09084
2020-07-17,NKE,70.240023,70.626516,69.122716
2020-07-17,VZ,23.734581,24.016489,23.556498
2020-07-17,WMT,23.670132,23.591376,23.490208
2020-07-20,AAPL,65.363748,67.134722,64.240131
2020-07-20,AMGN,91.571625,93.687335,92.022027
2020-07-20,CRM,73.022172,72.316625,71.743641
2020-07-20,CSCO,37.587123,37.671132,36.621007
2020-07-20,IBM,60.906289,61.521233,59.762833
2020-07-20,INTC,44.407926,44.866843,43.832038
2020-07-20,MSFT,177.23257,177.60116,174.20223
2020-07-20,NKE,70.209656,70.448442,70.450601
2020-07-20,VZ,24.164322,24.083469,23.877402
2020-07-20,WMT,23.839869,24.007901,23.602087
2020-07-21,AAPL,65.74311,65.538466,65.940631
2020-07-21,AMGN,93.977822,93.207434,93.579504
2020-07-21,CRM,70.92653,71.046128,68.481687
2020-07-21,CSCO,37.717216,38.093223,37.542224
2020-07-21,IBM,59.793003,59.571383,58.784497
2020-07-21,INTC,44.611556,45.415314,44.3889
2020-07-21,MSFT,178.21332,178.38249,175.68142
2020-07-21,NKE,70.234023,71.476133,67.859904
2020-07-21,VZ,24.207751,24.441708,23.621568
2020-07-21,WMT,23.656806,23.935534,23.510936
2020-07-22,AAPL,66.439166,67.408784,64.403505
2020-07-22,AMGN,95.694982,98.356611,94.333435
2020-07-22,CRM,73.403608,74.227904,73.158037
2020-07-22,CSCO,37.259213,37.362712,36.982905
2020-07-22,IBM,58.218087,60.092701,57.81253
2020-07-22,INTC,45.417117,46.359297,45.132008
2020-07-22,MSFT,181.85233,183.82635,180.42957
2020-07-22,NKE,68.846648,69.535155,69.011834
2020-07-22,VZ,24.119545,24.137435,23.540243
2020-07-22,WMT,24.106061,24.661641,23.872431
2020-07-23,AAPL,67.397543,68.244627,66.631156
2020-07-23,AMGN,95.264272,97.582179,92.520802
2020-07-23,CRM,72.512038,72.070675,71.478596
2020-07-23,CSCO,36.245437,36.722405,36.419124
2020-07-23,IBM,58.59419,59.091772,58.137405
2020-07-23,INTC,45.416862,45.632674,44.907613
2020-07-23,MSFT,187.21363,189.63292,183.22255
2020-07-23,NKE,68.991349,68.783538,68.159005
2020-07-23,VZ,23.830208,23.959824,23.534437
2020-07-23,WMT,24.559256,24.84516,23.946801
2020-07-24,AAPL,68.134072,68.79176,67.441129
2020-07-24,AMGN,91.981501,93.034946,91.68659
2020-07-24,CRM,74.9017,75.870932,72.285893
2020-07-24,CSCO,35.117375,35.111575,34.547389
2020-07-24,IBM,57.760592,57.286019,56.463521
2020-07-24,INTC,45.697467,45.402983,44.223
2020-07-24,MSFT,188.55401,190.71933,182.77799
2020-07-24,NKE,69.342245,70.04619,68.82537
2020-07-24,VZ,24.030339,24.164097,23.829813
2020-07-24,WMT,24.461428,24.775689,24.214895
2020-07-27,AAPL,69.359192,71.22786,69.574307
2020-07-27,AMGN,92.427441,93.336466,91.308955
2020-07-27,CRM,75.24014,75.879178,71.728314
2020-07-27,CSCO,36.024146,35.117398,35.138499
2020-07-27,IBM,57.070868,57.751743,57.369257
2020-07-27,INTC,46.289312,46.908323,45.691981
2020-07-27,MSFT,187.44322,190.68136,184.78486
2020-07-27,NKE,68.450467,68.859108,68.071267
2020-07-27,VZ,23.729313,23.938712,23.519372
2020-07-27,WMT,24.297907,24.423313,24.027702
2020-07-28,AAPL,69.562874,70.075926,67.953334
2020-07-28,AMGN,93.557408,94.900007,92.85613
2020-07-28,CRM,71.761044,71.306188,72.18962
2020-07-28,CSCO,35.878578,36.387493,34.965114
2020-07-28,IBM,56.912612,56.558301,57.848379
2020-07-28,INTC,47.885618,47.910056,47.480809
2020-07-28,MSFT,182.16584,181.3795,184.20802
2020-07-28,NKE,68.978554,70.025491,69.248757
2020-07-28,VZ,23.920126,24.288976,23.384041
2020-07-28,WMT,24.281681,24.782314,23.969366
2020-07-29,AAPL,68.783088,68.448475,68.001593
2020-07-29,AMGN,93.203397,92.86717,92.04835
2020-07-29,CRM,73.176903,73.241142,70.503082
2020-07-29,CSCO,36.330534,36.58625,35.533072
2020-07-29,IBM,57.220184,57.786403,56.672136
2020-07-29,INTC,46.448876,46.809039,46.685904
2020-07-29,MSFT,188.90288,187.2753,186.12377
2020-07-29,NKE,67.444663,67.561171,66.108961
2020-07-29,VZ,23.780477,23.960348,23.448622
2020-07-29,WMT,23.552042,24.027707,23.285355
2020-07-30,AAPL,69.291262,68.585056,67.120756
2020-07-30,AMGN,90.731958,91.436291,88.029481
2020-07-30,CRM,74.797745,76.232647,73.586806
2020-07-30,CSCO,36.936579,36.863156,36.485594
2020-07-30,IBM,58.002865,59.041614,57.927124
2020-07-30,INTC,46.151567,46.122455,44.998321
2020-07-30,MSFT,187.9487,188.27181,183.79689
2020-07-30,NKE,66.817414,68.10076,66.111266
2020-07-30,VZ,23.528544,23.742748,23.05224
2020-07-30,WMT,23.542965,23.886124,23.204069
2020-07-31,AAPL,71.08755,72.023791,69.80425
2020-07-31,AMGN,88.288701,88.672604,88.580228
2020-07-31,CRM,74.55808,76.801558,74.032945
2020-07-31,CSCO,37.339952,38.027379,37.235053
2020-07-31,IBM,58.085553,58.223929,57.797933
2020-07-31,INTC,45.984099,45.815073,45.33407
2020-07-31,MSFT,190.17614,195.20397,188.97015
2020-07-31,NKE,67.712312,68.162113,67.016766
2020-07-31,VZ,23.154264,23.246036,23.045576
2020-07-31,WMT,23.477106,23.683918,23.020888
2020-08-03,AAPL,69.224693,70.798286,67.245983
2020-08-03,AMGN,87.799542,88.66035,86.35557
2020-08-03,CRM,78.316488,76.748862,76.773645
2020-08-03,CSCO,38.455629,38.572244,38.131863
2020-08-03,IBM,56.882443,57.716042,57.134192
2020-08-03,INTC,44.668745,44.748012,44.661189
2020-08-03,MSFT,185.8469,186.99318,183.33691
2020-08-03,NKE,66.645325,66.667927,65.110424
2020-08-03,VZ,22.838645,22.465653,22.596706
2020-08-03,WMT,23.408204,23.429004,23.668502
2020-08-04,AAPL,65.639555,66.317758,64.487464
2020-08-04,AMGN,87.041636,88.272717,87.5068
2020-08-04,CRM,78.28578,78.117741,78.896968
2020-08-04,CSCO,38.692083,39.335437,38.462735
2020-08-04,IBM,57.917963,58.452381,57.647047
2020-08-04,INTC,43.906285,44.577027,42.82385
2020-08-04,MSFT,183.77378,184.86844,183.70832
2020-08-04,NKE,64.875573,64.877955,64.152542
2020-08-04,VZ,23.620417,23.803335,23.616657
2020-08-04,WMT,22.825823,23.018422,22.514267
2020-08-05,AAPL,66.091829,65.715157,63.872024
2020-08-05,AMGN,86.107031,86.532259,84.860505
2020-08-05,CRM,79.659887,80.886948,79.908887
2020-08-05,CSCO,38.019224,37.792551,37.677026
2020-08-05,IBM,56.956723,58.511981,56.325871
2020-08-05,INTC,42.719648,43.129987,42.58791
2020-08-05,MSFT,182.2062,183.50994,181.39723
2020-08-05,NKE,63.73873,64.946692,62.085405
2020-08-05,VZ,23.442141,23.642945,23.180156
2020-08-05,WMT,22.449399,22.637733,22.349253
2020-08-06,AAPL,68.448318,69.17541,66.815738
2020-08-06,AMGN,85.916355,86.20177,85.334623
2020-08-06,CRM,77.787139,80.374153,77.91314
2020-08-06,CSCO,38.039642,38.755523,37.304723
2020-08-06,IBM,56.545079,56.240409,55.65381
2020-08-06,INTC,40.928431,41.596124,40.426442
2020-08-06,MSFT,188.35387,191.15243,186.42861
2020-08-06,NKE,64.252788,64.913292,63.43835
2020-08-06,VZ,23.092018,23.525205,22.998212
2020-08-06,WMT,22.07939,21.970967,22.268415
2020-08-07,AAPL,68.035739,69.652946,68.109966
2020-08-07,AMGN,88.317625,90.618496,86.342166
2020-08-07,CRM,80.74431,83.09536,78.509295
2020-08-07,CSCO,37.842711,37.599242,37.27868
2020-08-07,IBM,55.910499,56.188278,55.152009
2020-08-07,INTC,41.957191,41.751259,41.599753
2020-08-07,MSFT,188.3023,190.58167,184.37164
2020-08-07,NKE,63.934435,65.344496,63.090715
2020-08-07,VZ,22.565703,22.697795,22.308175
2020-08-07,WMT,21.888536,21.976238,21.730132
2020-08-10,AAPL,68.918997,70.465635,69.190988
2020-08-10,AMGN,88.130251,88.817057,87.66052
2020-08-10,CRM,81.421429,82.682865,80.004262
2020-08-10,CSCO,36.884751,36.871522,36.417114
2020-08-10,IBM,55.224389,55.674809,54.226811
2020-08-10,INTC,42.355789,42.789273,42.76224
2020-08-10,MSFT,190.67533,195.49649,193.92
2020-08-10,NKE,64.303507,64.508101,63.288343
2020-08-10,VZ,22.410901,22.139018,21.914506
2020-08-10,WMT,21.946997,22.394869,21.83389
2020-08-11,AAPL,68.931413,69.311289,68.010368
2020-08-11,AMGN,86.217676,86.12815,84.903111
2020-08-11,CRM,78.386809,79.858567,77.034202
2020-08-11,CSCO,35.810701,35.710009,35.69324
2020-08-11,IBM,55.616603,55.234057,54.826902
2020-08-11,INTC,42.58279,42.589415,41.912048
2020-08-11,MSFT,191.69752,194.08675,192.12252
2020-08-11,NKE,63.007365,63.844015,62.54919
2020-08-11,VZ,22.602241,22.510155,22.325249
2020-08-11,WMT,22.091279,22.248122,21.684028
2020-08-12,AAPL,69.050248,69.092162,67.99846
2020-08-12,AMGN,89.319138,91.933578,89.325048
2020-08-12,CRM,77.852434,81.261423,75.304302
2020-08-12,CSCO,34.659741,35.460328,34.069077
2020-08-12,IBM,55.867654,56.646168,55.740223
2020-08-12,INTC,42.700352,44.344105,42.826784
2020-08-12,MSFT,193.97891,195.61614,193.26925
2020-08-12,NKE,61.64693,63.48252,61.044957
2020-08-12,VZ,21.74986,21.849304,21.69561
2020-08-12,WMT,22.086561,22.451971,22.269286
2020-08-13,AAPL,68.48143,68.964202,68.726094
2020-08-13,AMGN,87.406845,88.01967,88.127337
2020-08-13,CRM,76.592964,77.242824,75.11536
2020-08-13,CSCO,35.597747,36.423722,34.988396
2020-08-13,IBM,56.083136,57.448255,55.234787
2020-08-13,INTC,42.654145,43.454071,42.472149
2020-08-13,MSFT,197.91284,197.20842,194.66263
2020-08-13,NKE,60.763362,61.502487,60.515371
2020-08-13,VZ,21.634467,21.85322,21.393117
2020-08-13,WMT,21.750101,21.644175,21.333258
2020-08-14,AAPL,69.651592,70.394032,67.43067
2020-08-14,AMGN,89.453997,89.531832,87.44765
2020-08-14,CRM,74.478111,74.877288,73.923486
2020-08-14,CSCO,35.907634,35.763565,35.586336
2020-08-14,IBM,55.996043,56.321301,55.969936
2020-08-14,INTC,42.840922,44.538521,42.649827
2020-08-14,MSFT,191.59843,196.48436,190.00933
2020-08-14,NKE,60.697703,61.217829,59.412547
2020-08-14,VZ,21.588581,21.904616,21.815883
2020-08-14,WMT,21.561535,21.718907,21.134835
2020-08-17,AAPL,70.340842,70.717987,68.811111
2020-08-17,AMGN,87.380541,90.281431,86.170453
2020-08-17,CRM,75.30158,74.890988,73.854571
2020-08-17,CSCO,35.535931,35.819834,34.922875
2020-08-17,IBM,55.060656,55.044818,54.669664
2020-08-17,INTC,42.346412,43.117643,41.880113
2020-08-17,MSFT,190.26698,193.6785,189.53191
2020-08-17,NKE,59.268817,59.619232,57.955801
2020-08-17,VZ,21.219458,21.557406,21.175247
2020-08-17,WMT,21.414574,21.839217,21.234739
2020-08-18,AAPL,69.078205,70.786655,68.52482
2020-08-18,AMGN,89.290067,90.293784,89.028028
2020-08-18,CRM,76.146776,76.670687,75.192137
2020-08-18,CSCO,35.511405,35.651281,35.038258
2020-08-18,IBM,54.16878,54.644866,53.56052
2020-08-18,INTC,42.669857,42.793864,42.726049
2020-08-18,MSFT,188.93064,190.32211,188.07894
2020-08-18,NKE,58.548239,58.990244,56.743405
2020-08-18,VZ,20.898828,21.481183,20.533462
2020-08-18,WMT,21.70379,21.823628,21.694412
2020-08-19,AAPL,69.580841,70.465013,69.412824
2020-08-19,AMGN,87.499063,89.795799,85.719856
2020-08-19,CRM,76.101626,77.945079,76.387105
2020-08-19,CSCO,35.548696,35.337642,35.848444
2020-08-19,IBM,53.44566,54.047881,53.659599
2020-08-19,INTC,42.485034,43.108974,41.476468
2020-08-19,MSFT,187.01296,188.2821,182.53594
2020-08-19,NKE,59.087843,59.125851,57.79565
2020-08-19,VZ,21.608222,21.613845,21.41025
2020-08-19,WMT,21.691635,21.636434,21.753049
2020-08-20,AAPL,70.46273,73.106378,69.924739
2020-08-20,AMGN,88.06953,88.671274,86.548567
2020-08-20,CRM,74.024929,74.367609,72.907898
2020-08-20,CSCO,35.250716,35.4478,34.732835
2020-08-20,IBM,53.684123,53.599971,53.118029
2020-08-20,INTC,43.533147,44.39617,44.008443
2020-08-20,MSFT,184.03996,186.12867,180.91647
2020-08-20,NKE,58.977809,60.248876,59.561941
2020-08-20,VZ,21.88006,22.013483,21.665242
2020-08-20,WMT,21.368797,21.612355,21.089169
2020-08-21,AAPL,67.967493,68.984809,67.211552
2020-08-21,AMGN,87.835419,89.374961,86.846405
2020-08-21,CRM,74.774799,75.504371,72.340961
2020-08-21,CSCO,34.699759,34.791673,34.439458
2020-08-21,IBM,53.238766,53.241787,52.829943
2020-08-21,INTC,42.936998,42.814725,41.634458
2020-08-21,MSFT,187.57325,186.42174,185.83543
2020-08-21,NKE,60.386113,61.197537,59.658667
2020-08-21,VZ,21.79085,21.672214,22.012379
2020-08-21,WMT,21.11163,21.620754,20.911848
2020-08-24,AAPL,67.609463,67.480839,65.112064
2020-08-24,AMGN,87.018488,87.785643,86.191779
2020-08-24,CRM,75.025061,77.577445,75.33741
2020-08-24,CSCO,34.760195,34.619439,34.432401
2020-08-24,IBM,52.431872,52.424993,51.792472
2020-08-24,INTC,43.738634,43.990864,43.383789
2020-08-24,MSFT,186.36171,188.33007,185.3404
2020-08-24,NKE,59.151335,61.702027,58.851398
2020-08-24,VZ,21.552515,21.370919,21.475885
2020-08-24,WMT,21.35503,21.613736,21.182141
2020-08-25,AAPL,67.629671,69.976431,66.841001
2020-08-25,AMGN,83.506867,83.574401,81.92735
2020-08-25,CRM,74.826576,75.494195,73.995297
2020-08-25,CSCO,35.117377,34.851628,34.609339
2020-08-25,IBM,51.696557,52.116373,51.010438
2020-08-25,INTC,45.050351,45.313329,45.584901
2020-08-25,MSFT,185.22222,187.0429,182.93154
2020-08-25,NKE,58.893679,59.296062,58.601313
2020-08-25,VZ,21.28032,21.485977,20.97527
2020-08-25,WMT,21.47747,21.548242,21.236292
2020-08-26,AAPL,66.602678,66.46055,64.950134
2020-08-26,AMGN,82.042146,84.115496,81.301497
2020-08-26,CRM,73.448491,74.716804,70.141495
2020-08-26,CSCO,35.66054,36.414803,35.604394
2020-08-26,IBM,51.873578,51.965012,51.557109
2020-08-26,INTC,44.787191,45.686639,43.537696
2020-08-26,MSFT,180.64714,180.05608,178.79692
2020-08-26,NKE,57.896633,58.038362,58.644045
2020-08-26,VZ,21.087387,20.922771,21.025967
2020-08-26,WMT,21.327625,21.715097,21.515103
2020-08-27,AAPL,66.484289,66.204815,66.899089
2020-08-27,AMGN,81.08985,81.460431,79.831932
2020-08-27,CRM,69.053716,69.069776,69.219884
2020-08-27,CSCO,36.419388,35.859863,35.369366
2020-08-27,IBM,51.073935,51.2185,50.953925
2020-08-27,INTC,44.176057,44.922282,43.171127
2020-08-27,MSFT,180.74184,183.79867,178.73899
2020-08-27,NKE,57.213674,58.480086,55.806788
2020-08-27,VZ,20.906998,21.216406,20.876617
2020-08-27,WMT,21.29745,21.781947,21.185511
2020-08-28,AAPL,63.444485,63.828732,61.196548
2020-08-28,AMGN,78.133043,77.608943,76.768352
2020-08-28,CRM,69.415293,70.526991,69.319597
2020-08-28,CSCO,36.096017,35.791265,34.71731
2020-08-28,IBM,50.539726,50.856806,50.854016
2020-08-28,INTC,43.971583,45.352949,43.308802
2020-08-28,MSFT,182.312,184.52775,178.82246
2020-08-28,NKE,56.151347,57.085683,55.077896
2020-08-28,VZ,20.936529,21.259659,20.811841
2020-08-28,WMT,21.522884,21.61388,21.389687
2020-08-31,AAPL,63.02854,63.261296,61.983389
2020-08-31,AMGN,79.151247,81.029886,77.605852
2020-08-31,CRM,68.594378,69.108373,66.309802
2020-08-31,CSCO,34.950301,35.05284,34.147032
2020-08-31,IBM,50.563418,50.816754,50.447347
2020-08-31,INTC,44.090985,44.836115,42.777904
2020-08-31,MSFT,180.74321,185.70626,179.20622
2020-08-31,NKE,57.571102,57.839158,56.578989
2020-08-31,VZ,20.525474,20.774351,20.161691
2020-08-31,WMT,21.777133,22.029203,21.55434
2020-09-01,AAPL,62.899875,62.256829,61.457752
2020-09-01,AMGN,78.032642,78.241086,77.095658
2020-09-01,CRM,69.727109,68.840962,70.627245
2020-09-01,CSCO,34.233478,34.279781,33.9726
2020-09-01,IBM,50.375104,49.82787,49.822927
2020-09-01,INTC,43.854591,44.086097,43.222041
2020-09-01,MSFT,181.43108,183.12934,180.49413
2020-09-01,NKE,57.703638,57.765224,56.488049
2020-09-01,VZ,20.774435,20.845746,20.672641
2020-09-01,WMT,21.826801,22.124415,21.73514
2020-09-02,AAPL,61.927474,62.531828,61.463572
2020-09-02,AMGN,77.737697,78.563401,76.232148
2020-09-02,CRM,70.090792,69.064573,69.553138
2020-09-02,CSCO,33.621216,33.913047,33.495243
2020-09-02,IBM,49.495463,49.935786,49.536346
2020-09-02,INTC,44.476546,45.48788,44.152967
2020-09-02,MSFT,182.36128,185.96496,180.01718
2020-09-02,NKE,58.289047,59.169809,58.275417
2020-09-02,VZ,20.660978,21.001536,20.486708
2020-09-02,WMT,21.864186,22.1802,21.270928
2020-09-03,AAPL,61.498499,62.808502,60.343737
2020-09-03,AMGN,75.442086,76.695001,75.057254
2020-09-03,CRM,65.841104,65.674908,64.622171
2020-09-03,CSCO,33.666029,33.605267,33.07707
2020-09-03,IBM,50.455865,51.265994,50.043198
2020-09-03,INTC,44.645919,44.582347,43.914655
2020-09-03,MSFT,180.60055,181.36406,178.64866
2020-09-03,NKE,57.849693,58.046421,57.582481
2020-09-03,VZ,20.159353,20.286607,20.38985
2020-09-03,WMT,21.953602,22.050832,21.883751
2020-09-04,AAPL,61.965913,62.492822,61.375189
2020-09-04,AMGN,74.748475,75.678593,73.055952
2020-09-04,CRM,66.602557,67.5845,65.177562
2020-09-04,CSCO,32.412065,32.969034,32.084094
2020-09-04,IBM,50.136496,51.11386,49.711574
2020-09-04,INTC,45.746525,45.70924,45.244375
2020-09-04,MSFT,178.3965,179.41429,177.00652
2020-09-04,NKE,57.783737,58.682647,57.626118
2020-09-04,VZ,20.131176,19.981374,19.853389
2020-09-04,WMT,21.579048,21.665718,21.686457
2020-09-08,AAPL,61.435425,63.045667,60.314907
2020-09-08,AMGN,75.717668,76.391188,73.916606
2020-09-08,CRM,68.661206,69.989256,68.450715
2020-09-08,CSCO,33.639523,34.063519,33.238076
2020-09-08,IBM,50.810023,50.600974,50.428482
2020-09-08,INTC,44.614143,45.373209,44.040269
2020-09-08,MSFT,184.24557,187.67231,181.43114
2020-09-08,NKE,57.705969,58.111752,57.192686
2020-09-08,VZ,19.966985,20.196568,19.739804
2020-09-08,WMT,21.586794,21.78525,21.598991
2020-09-09,AAPL,62.882582,63.0289,61.313548
2020-09-09,AMGN,74.298037,75.413542,72.082064
2020-09-09,CRM,68.218416,67.355241,68.387713
2020-09-09,CSCO,33.821955,34.659008,33.050188
2020-09-09,IBM,48.984408,49.508838,49.775092
2020-09-09,INTC,46.006233,46.138044,44.628773
2020-09-09,MSFT,184.5091,181.7451,182.87787
2020-09-09,NKE,56.878994,57.597585,57.312668
2020-09-09,VZ,19.928916,19.792479,19.754222
2020-09-09,WMT,21.234336,21.583923,21.273351
2020-09-10,AAPL,61.953771,62.201207,62.173607
2020-09-10,AMGN,73.065214,75.41529,70.128942
2020-09-10,CRM,69.569681,70.54653,66.870444
2020-09-10,CSCO,32.766642,33.088207,32.027394
2020-09-10,IBM,49.630305,49.663188,49.30388
2020-09-10,INTC,46.141205,46.840704,45.587292
2020-09-10,MSFT,193.09444,194.57624,191.95143
2020-09-10,NKE,56.737947,57.717167,56.267316
2020-09-10,VZ,20.061072,20.022102,20.058417
2020-09-10,WMT,21.150798,21.245296,21.271947
2020-09-11,AAPL,62.162647,61.14679,61.380557
2020-09-11,AMGN,72.912039,73.356094,71.758078
2020-09-11,CRM,67.501455,67.292037,66.976023
2020-09-11,CSCO,33.943828,34.145295,33.590812
2020-09-11,IBM,48.959756,49.828641,48.547472
2020-09-11,INTC,46.234987,46.313131,46.214437
2020-09-11,MSFT,199.83241,204.46912,195.49698
2020-09-11,NKE,57.487701,57.828956,58.536227
2020-09-11,VZ,19.714709,19.332515,19.419102
2020-09-11,WMT,21.204627,21.491622,21.300729
2020-09-14,AAPL,62.23355,63.128393,61.335606
2020-09-14,AMGN,72.122396,74.493966,70.96289
2020-09-14,CRM,68.112394,69.220431,65.976509
2020-09-14,CSCO,34.381944,34.709221,33.959058
2020-09-14,IBM,47.910887,48.053775,47.435699
2020-09-14,INTC,46.484887,47.295631,45.885024
2020-09-14,MSFT,202.46037,202.85952,199.75632
2020-09-14,NKE,58.522808,59.906708,58.043919
2020-09-14,VZ,19.57159,20.029849,19.8721
2020-09-14,WMT,21.443169,21.692156,21.447438
2020-09-15,AAPL,62.533047,64.397236,62.044187
2020-09-15,AMGN,74.223339,75.257082,74.719674
2020-09-15,CRM,68.342267,70.525835,68.056258
2020-09-15,CSCO,33.432222,33.724238,33.520136
2020-09-15,IBM,47.756852,48.566986,47.385297
2020-09-15,INTC,47.049899,47.50185,45.894944
2020-09-15,MSFT,198.78956,199.35338,193.7165
2020-09-15,NKE,60.114005,60.044776,59.444733
2020-09-15,VZ,19.695382,19.838607,19.375252
2020-09-15,WMT,21.534006,21.712177,21.365389
2020-09-16,AAPL,62.970833,63.089311,61.303041
2020-09-16,AMGN,73.34514,75.031353,72.984421
2020-09-16,CRM,69.784846,71.555904,68.822126
2020-09-16,CSCO,33.528135,34.356637,33.751855
2020-09-16,IBM,49.594666,49.687877,49.727003
2020-09-16,INTC,47.959751,48.466077,47.921154
2020-09-16,MSFT,200.17548,203.06328,197.45904
2020-09-16,NKE,60.437326,61.794646,59.860724
2020-09-16,VZ,19.884961,20.014436,19.571881
2020-09-16,WMT,21.224937,21.192039,20.919018
2020-09-17,AAPL,62.974354,64.523044,61.415198
2020-09-17,AMGN,74.360983,75.130787,74.157205
2020-09-17,CRM,68.608028,69.659983,68.624885
2020-09-17,CSCO,33.708928,34.097208,33.292234
2020-09-17,IBM,49.768743,49.707771,49.614699
2020-09-17,INTC,48.844691,49.072261,48.811455
2020-09-17,MSFT,197.13855,202.53037,190.68082
2020-09-17,NKE,60.283143,60.678929,59.846212
2020-09-17,VZ,19.768558,19.931988,19.725139
2020-09-17,WMT,21.211446,21.656027,21.010158
2020-09-18,AAPL,63.363719,64.973628,60.730753
2020-09-18,AMGN,72.671087,74.792005,71.852899
2020-09-18,CRM,64.030558,65.19981,63.215781
2020-09-18,CSCO,34.298838,34.467994,34.084979
2020-09-18,IBM,49.40025,49.270696,48.364024
2020-09-18,INTC,51.223485,51.486893,49.231144
2020-09-18,MSFT,186.64323,190.36012,183.42262
2020-09-18,NKE,60.394125,61.252735,59.874084
2020-09-18,VZ,19.16179,19.200241,19.069994
2020-09-18,WMT,21.020579,21.195056,20.844353
2020-09-21,AAPL,64.091761,64.519062,63.438245
2020-09-21,AMGN,72.158614,72.895735,70.884584
2020-09-21,CRM,64.772124,65.314609,65.443016
2020-09-21,CSCO,33.93602,34.316943,34.239852
2020-09-21,IBM,49.110923,49.266459,49.172453
2020-09-21,INTC,51.324322,51.811788,50.570653
2020-09-21,MSFT,191.94392,192.28051,187.05763
2020-09-21,NKE,60.280955,59.485844,60.48976
2020-09-21,VZ,18.829243,18.900054,18.559087
2020-09-21,WMT,20.945734,21.146214,20.873708
2020-09-22,AAPL,65.13835,66.920324,64.331662
2020-09-22,AMGN,72.470891,72.460684,71.716658
2020-09-22,CRM,66.164174,66.37726,64.639464
2020-09-22,CSCO,33.944373,33.797644,34.281798
2020-09-22,IBM,48.98121,49.923452,48.329579
2020-09-22,INTC,50.659241,50.858614,51.305667
2020-09-22,MSFT,189.99953,195.10942,184.80495
2020-09-22,NKE,59.665716,60.677691,59.094057
2020-09-22,VZ,18.543286,18.714034,18.482833
2020-09-22,WMT,21.271057,21.382268,20.73272
2020-09-23,AAPL,66.553297,67.103321,65.014693
2020-09-23,AMGN,71.517665,72.248067,71.624132
2020-09-23,CRM,66.644781,66.424503,67.195173
2020-09-23,CSCO,32.799656,32.735808,32.742093
2020-09-23,IBM,49.838258,49.579017,49.711396
2020-09-23,INTC,51.421779,50.770226,51.276741
2020-09-23,MSFT,189.8675,190.7887,188.0067
2020-09-23,NKE,58.413625,58.936775,57.586883
2020-09-23,VZ,18.53605,19.019163,18.502491
2020-09-23,WMT,21.015105,21.283055,20.737137
2020-09-24,AAPL,66.447202,66.299049,65.233495
2020-09-24,AMGN,69.588599,70.405949,68.664576
2020-09-24,CRM,64.938099,64.601445,63.44808
2020-09-24,CSCO,32.635365,33.719623,31.861302
2020-09-24,IBM,49.641546,50.306848,49.167539
2020-09-24,INTC,52.176923,53.342334,52.278383
2020-09-24,MSFT,189.71151,190.29184,189.3973
2020-09-24,NKE,59.123025,59.772972,58.116678
2020-09-24,VZ,18.365832,18.536706,18.168097
2020-09-24,WMT,20.723479,20.807432,20.555611
2020-09-25,AAPL,65.289615,65.50864,65.222186
2020-09-25,AMGN,68.776284,69.311795,67.114487
2020-09-25,CRM,66.316313,66.676038,63.899232
2020-09-25,CSCO,32.862925,32.418863,32.831367
2020-09-25,IBM,48.573157,48.807853,48.059129
2020-09-25,INTC,50.930667,51.063036,50.702058
2020-09-25,MSFT,191.43896,191.95826,189.08067
2020-09-25,NKE,61.59723,62.624055,60.479804
2020-09-25,VZ,18.43085,18.452294,18.354559
2020-09-25,WMT,20.233385,20.096757,20.016108
2020-09-28,AAPL,67.652797,67.726961,66.946865
2020-09-28,AMGN,67.52196,69.404952,68.156651
2020-09-28,CRM,64.720118,67.855036,63.377948
2020-09-28,CSCO,32.60261,32.895608,31.724891
2020-09-28,IBM,48.227795,47.159139,48.117264
2020-09-28,INTC,50.008597,49.881891,48.828406
2020-09-28,MSFT,186.9559,186.70108,184.89629
2020-09-28,NKE,62.670481,62.927966,62.716001
2020-09-28,VZ,18.638833,18.472926,18.401561
2020-09-28,WMT,20.30942,20.437673,20.016864
2020-09-29,AAPL,69.161148,71.019031,68.230628
2020-09-29,AMGN,69.141634,70.899475,68.814859
2020-09-29,CRM,66.069696,67.485752,64.960723
2020-09-29,CSCO,33.018237,33.849711,32.165115
2020-09-29,IBM,49.18216,49.499165,48.118667
2020-09-29,INTC,49.345482,49.263122,48.938229
2020-09-29,MSFT,190.66031,193.78698,188.88045
2020-09-29,NKE,60.365776,61.22697,59.760054
2020-09-29,VZ,18.71896,18.835693,18.525749
2020-09-29,WMT,20.31634,20.714083,20.130873
2020-09-30,AAPL,67.485755,66.756824,66.263425
2020-09-30,AMGN,68.774111,69.425836,67.322765
2020-09-30,CRM,67.018732,67.767174,65.283482
2020-09-30,CSCO,32.512373,32.210008,31.820597
2020-09-30,IBM,48.322904,49.034987,48.462459
2020-09-30,INTC,49.727418,50.052146,49.963144
2020-09-30,MSFT,192.58515,193.98354,192.71689
2020-09-30,NKE,61.093204,60.534356,60.953038
2020-09-30,VZ,18.437945,18.658769,18.377899
2020-09-30,WMT,20.051224,20.47012,20.104054
2020-10-01,AAPL,68.139707,68.406958,66.389733
2020-10-01,AMGN,69.281226,70.107412,68.376766
2020-10-01,CRM,67.147182,66.953111,65.828449
2020-10-01,CSCO,32.149898,32.188258,32.10792
2020-10-01,IBM,47.593848,47.37576,47.212856
2020-10-01,INTC,50.122593,51.095389,49.106886
2020-10-01,MSFT,190.29683,195.05298,187.33955
2020-10-01,NKE,60.488495,61.742416,60.390717
2020-10-01,VZ,18.235672,18.37591,18.364602
2020-10-01,WMT,20.437583,20.772975,20.072064
2020-10-02,AAPL,68.916002,68.63379,67.729912
2020-10-02,AMGN,68.464289,70.044942,67.644206
2020-10-02,CRM,65.537555,67.580697,63.403856
2020-10-02,CSCO,32.551258,33.100616,31.795429
2020-10-02,IBM,47.385271,47.631789,46.755812
2020-10-02,INTC,50.862192,52.108407,49.802091
2020-10-02,MSFT,182.80877,183.56728,180.26631
2020-10-02,NKE,59.650075,60.519055,59.538196
2020-10-02,VZ,18.184501,18.383643,18.248784
2020-10-02,WMT,20.480206,20.802058,20.568562
2020-10-05,AAPL,69.277322,69.814091,67.536859
2020-10-05,AMGN,69.239709,69.348836,67.582245
2020-10-05,CRM,66.276719,67.370269,65.36629
2020-10-05,CSCO,31.628265,31.561188,31.091579
2020-10-05,IBM,47.217106,47.716509,46.783954
2020-10-05,INTC,50.440647,51.224092,49.074616
2020-10-05,MSFT,182.32823,186.2916,178.28337
2020-10-05,NKE,60.19468,60.391038,59.987566
2020-10-05,VZ,18.023444,18.340104,17.873869
2020-10-05,WMT,20.122173,20.163395,19.706141
2020-10-06,AAPL,66.89646,68.57903,65.15928
2020-10-06,AMGN,70.311505,70.816004,68.907518
2020-10-06,CRM,67.091107,67.385485,65.979273
2020-10-06,CSCO,31.57417,31.958151,31.212
2020-10-06,IBM,45.586413,45.763833,45.645674
2020-10-06,INTC,51.06327,51.316212,51.044811
2020-10-06,MSFT,182.53685,180.11453,179.06558
2020-10-06,NKE,60.834878,60.867919,60.55208
2020-10-06,VZ,17.972423,18.455962,17.850986
2020-10-06,WMT,19.739399,19.63362,19.374557
2020-10-07,AAPL,68.17559,69.399183,67.680455
2020-10-07,AMGN,71.716818,72.082865,71.339879
2020-10-07,CRM,67.310751,67.499782,64.358119
2020-10-07,CSCO,31.042068,30.979367,31.301211
2020-10-07,IBM,44.365634,44.689917,44.116006
2020-10-07,INTC,52.337459,53.655359,50.85503
2020-10-07,MSFT,183.39349,183.83246,183.81229
2020-10-07,NKE,60.827875,60.35679,60.839817
2020-10-07,VZ,17.766518,17.926223,17.634802
2020-10-07,WMT,19.294222,19.344524,19.112929
2020-10-08,AAPL,67.539137,69.017371,67.514452
2020-10-08,AMGN,70.276476,71.877755,69.390322
2020-10-08,CRM,67.004238,68.247401,66.879218
2020-10-08,CSCO,31.043615,31.125799,30.719675
2020-10-08,IBM,43.585543,43.47222,43.042416
2020-10-08,INTC,53.443836,52.955665,51.827669
2020-10-08,MSFT,181.60424,183.38527,178.44084
2020-10-08,NKE,58.935815,59.517199,58.726622
2020-10-08,VZ,17.757015,18.180225,17.606044
2020-10-08,WMT,18.991263,19.369336,18.644877
2020-10-09,AAPL,68.675228,69.924579,67.225551
2020-10-09,AMGN,70.897468,71.371638,69.913017
2020-10-09,CRM,62.275306,63.010202,61.99838
2020-10-09,CSCO,30.970117,31.38959,30.493168
2020-10-09,IBM,43.27724,43.980836,43.04759
2020-10-09,INTC,52.162215,53.149264,51.289425
2020-10-09,MSFT,181.61814,183.06565,177.27274
2020-10-09,NKE,58.907055,59.034313,58.340706
2020-10-09,VZ,17.971457,18.092321,17.578104
2020-10-09,WMT,18.641686,18.920069,18.478703
2020-10-12,AAPL,69.389545,68.866886,68.110741
2020-10-12,AMGN,69.630693,70.226869,68.768943
2020-10-12,CRM,64.011929,65.073459,64.098554
2020-10-12,CSCO,30.697113,31.012288,30.177876
2020-10-12,IBM,42.826371,42.624212,42.720893
2020-10-12,INTC,52.579155,52.116429,51.743165
2020-10-12,MSFT,181.0787,185.16603,177.63295
2020-10-12,NKE,59.579869,60.254327,60.713538
2020-10-12,VZ,17.691135,17.689571,17.613339
2020-10-12,WMT,18.362932,18.859902,18.284358
2020-10-13,AAPL,70.377495,70.616055,70.240564
2020-10-13,AMGN,68.249994,69.941516,67.954416
2020-10-13,CRM,67.999787,70.391644,65.781317
2020-10-13,CSCO,30.375732,30.556376,30.171522
2020-10-13,IBM,42.697249,42.70894,42.083411
2020-10-13,INTC,51.249742,51.355606,50.698172
2020-10-13,MSFT,185.59289,189.3553,184.00118
2020-10-13,NKE,59.420421,60.530599,58.371955
2020-10-13,VZ,17.996665,18.076203,17.717336
2020-10-13,WMT,18.190049,18.095031,18.036669
2020-10-14,AAPL,71.933237,72.277047,70.942117
2020-10-14,AMGN,67.901028,69.165864,67.386262
2020-10-14,CRM,64.907934,65.471799,62.195191
2020-10-14,CSCO,29.817045,30.103812,29.323236
2020-10-14,IBM,42.720394,42.871499,42.542164
2020-10-14,INTC,50.918178,51.450449,49.320235
2020-10-14,MSFT,186.15934,191.59163,183.53123
2020-10-14,NKE,59.015586,59.087197,58.546967
2020-10-14,VZ,17.682954,17.695119,17.423613
2020-10-14,WMT,18.154572,18.237554,17.803482
2020-10-15,AAPL,72.898592,73.762927,72.13442
2020-10-15,AMGN,66.05688,66.987184,65.635778
2020-10-15,CRM,63.606903,63.570628,61.839839
2020-10-15,CSCO,29.313049,29.392144,28.752306
2020-10-15,IBM,43.135071,43.61286,42.587792
2020-10-15,INTC,50.457678,50.561623,49.849056
2020-10-15,MSFT,192.95055,196.33711,190.2975
2020-10-15,NKE,58.606341,59.055316,58.641084
2020-10-15,VZ,17.129232,17.664155,16.97356
2020-10-15,WMT,18.180014,18.36321,18.038272
2020-10-16,AAPL,73.919608,74.296687,73.938333
2020-10-16,AMGN,64.23349,63.673731,63.601772
2020-10-16,CRM,60.056628,61.066405,59.180013
2020-10-16,CSCO,28.484478,28.564014,27.856801
2020-10-16,IBM,43.471178,43.540065,43.484201
2020-10-16,INTC,49.098653,50.507269,48.137708
2020-10-16,MSFT,194.52489,193.50702,191.56228
2020-10-16,NKE,57.185001,57.793662,55.583702
2020-10-16,VZ,17.177266,17.264534,16.97226
2020-10-16,WMT,18.393499,18.648829,18.232038
2020-10-19,AAPL,75.525172,76.215573,74.431442
2020-10-19,AMGN,64.711287,64.725079,63.782051
2020-10-19,CRM,58.746657,58.919663,59.093936
2020-10-19,CSCO,29.35353,29.95367,29.217806
2020-10-19,IBM,42.700319,42.903864,42.530146
2020-10-19,INTC,48.071215,48.457705,46.835516
2020-10-19,MSFT,195.5829,200.52118,194.60364
2020-10-19,NKE,56.108098,57.703123,57.324668
2020-10-19,VZ,16.780177,17.105624,16.523883
2020-10-19,WMT,18.511284,18.764158,18.401675
2020-10-20,AAPL,73.112905,73.0375,71.676277
2020-10-20,AMGN,64.164821,64.667126,62.460381
2020-10-20,CRM,55.893989,56.669812,55.633979
2020-10-20,CSCO,29.277494,29.666908,28.809947
2020-10-20,IBM,41.621076,42.165177,41.595777
2020-10-20,INTC,48.433311,48.53879,47.437772
2020-10-20,MSFT,195.32486,192.69687,189.35263
2020-10-20,NKE,54.947864,56.064742,54.856167
2020-10-20,VZ,16.63994,16.937836,16.260786
2020-10-20,WMT,18.534966,18.760527,18.518394
2020-10-21,AAPL,75.243777,75.60481,73.810392
2020-10-21,AMGN,62.746597,63.34682,62.326903
2020-10-21,CRM,56.900877,58.552436,56.700277
2020-10-21,CSCO,29.283946,29.328399,28.576302
2020-10-21,IBM,42.938051,43.171505,42.987865
2020-10-21,INTC,49.665755,49.885203,49.982408
2020-10-21,MSFT,196.8745,197.30358,192.98408
2020-10-21,NKE,54.81925,55.306778,54.706407
2020-10-21,VZ,16.784301,17.000114,16.626091
2020-10-21,WMT,18.284346,18.416819,18.158191
2020-10-22,AAPL,73.924569,74.544907,72.062802
2020-10-22,AMGN,63.083353,62.732303,61.241961
2020-10-22,CRM,55.746138,56.934074,55.5963
2020-10-22,CSCO,28.722617,27.987545,28.24144
2020-10-22,IBM,43.350764,43.799739,42.875953
2020-10-22,INTC,49.510109,50.665515,49.741234
2020-10-22,MSFT,197.11006,199.25027,196.16145
2020-10-22,NKE,53.945159,54.376239,52.672954
2020-10-22,VZ,17.028699,17.328598,16.845886
2020-10-22,WMT,17.956852,17.882671,17.79634
2020-10-23,AAPL,72.636216,72.428696,71.484226
2020-10-23,AMGN,62.774815,64.233355,61.832453
2020-10-23,CRM,56.745998,58.916159,56.714678
2020-10-23,CSCO,27.974524,27.799263,27.305665
2020-10-23,IBM,43.751965,44.394578,43.200137
2020-10-23,INTC,48.693755,48.222439,48.647959
2020-10-23,MSFT,198.26978,200.69063,198.2601
2020-10-23,NKE,53.454323,54.361107,52.447344
2020-10-23,VZ,17.045436,17.219363,16.995564
2020-10-23,WMT,18.108434,18.4321,17.819796
2020-10-26,AAPL,72.187636,74.132413,71.219064
2020-10-26,AMGN,60.238857,60.461957,59.322759
2020-10-26,CRM,55.562686,54.769366,53.847213
2020-10-26,CSCO,27.298345,27.514548,27.131862
2020-10-26,IBM,44.048604,44.208088,43.358279
2020-10-26,INTC,48.506906,48.353425,48.230079
2020-10-26,MSFT,195.80429,193.82111,193.13972
2020-10-26,NKE,53.078774,53.317035,52.648451
2020-10-26,VZ,16.999621,17.112573,16.750724
2020-10-26,WMT,18.221625,18.60706,18.341138
2020-10-27,AAPL,73.284107,74.645872,71.702074
2020-10-27,AMGN,58.806987,60.119014,59.382003
2020-10-27,CRM,59.899705,62.005725,61.016123
2020-10-27,CSCO,27.728115,28.744927,27.338331
2020-10-27,IBM,43.278671,44.039676,43.026457
2020-10-27,INTC,48.758741,49.007301,47.180013
2020-10-27,MSFT,199.32721,205.34466,197.98175
2020-10-27,NKE,53.053035,53.488446,52.444579
2020-10-27,VZ,16.983688,17.121983,17.132699
2020-10-27,WMT,18.181893,18.253878,18.140735
2020-10-28,AAPL,72.031772,72.265686,69.632982
2020-10-28,AMGN,58.143065,59.012985,57.519562
2020-10-28,CRM,58.121754,58.048352,55.969201
2020-10-28,CSCO,27.783351,27.972787,27.037266
2020-10-28,IBM,42.987071,43.229053,42.088269
2020-10-28,INTC,49.002725,49.482226,48.300974
2020-10-28,MSFT,196.66942,201.24553,191.00196
2020-10-28,NKE,53.116534,53.574095,52.415877
2020-10-28,VZ,17.020612,17.051185,16.815064
2020-10-28,WMT,18.181877,18.339226,18.166204
2020-10-29,AAPL,69.517528,70.157626,69.129081
2020-10-29,AMGN,57.635679,58.27627,57.130813
2020-10-29,CRM,55.043743,54.413679,53.550274
2020-10-29,CSCO,27.751047,28.112493,27.063622
2020-10-29,IBM,42.057343,42.742084,42.058872
2020-10-29,INTC,48.156242,48.698035,47.639094
2020-10-29,MSFT,191.57584,197.62345,193.60029
2020-10-29,NKE,53.020019,53.720752,52.631746
2020-10-29,VZ,17.178436,17.349481,17.024928
2020-10-29,WMT,18.25582,18.588133,18.294614
2020-10-30,AAPL,68.586257,69.363389,68.944338
2020-10-30,AMGN,56.847425,57.400366,56.351957
2020-10-30,CRM,53.725058,53.923611,52.305344
2020-10-30,CSCO,27.97338,28.121576,27.555969
2020-10-30,IBM,41.379202,41.576681,41.002283
2020-10-30,INTC,47.394031,48.375572,46.69485
2020-10-30,MSFT,188.0035,191.762,187.08907
2020-10-30,NKE,53.074945,53.614419,52.659184
2020-10-30,VZ,16.939968,16.988981,17.09197
2020-10-30,WMT,18.646142,18.838912,18.543907
2020-11-02,AAPL,69.240479,70.964696,68.119067
2020-11-02,AMGN,57.965353,60.742616,57.810534
2020-11-02,CRM,50.878227,51.461452,49.974072
2020-11-02,CSCO,29.239679,29.459476,28.576945
2020-11-02,IBM,41.671713,41.976463,41.536761
2020-11-02,INTC,47.181281,47.678224,47.290395
2020-11-02,MSFT,188.16674,187.50959,184.72216
2020-11-02,NKE,53.230247,54.057179,54.036949
2020-11-02,VZ,16.886659,16.952083,16.855428
2020-11-02,WMT,18.56651,18.840729,18.383427
2020-11-03,AAPL,68.810253,69.177829,68.079422
2020-11-03,AMGN,57.938954,59.050683,57.567617
2020-11-03,CRM,50.666053,52.105347,50.50693
2020-11-03,CSCO,28.653997,28.619444,28.456373
2020-11-03,IBM,41.6791,42.069076,41.371145
2020-11-03,INTC,47.247869,47.696021,46.32384
2020-11-03,MSFT,186.45129,189.17278,183.36761
2020-11-03,NKE,52.448321,53.782361,52.635866
2020-11-03,VZ,16.776324,16.893154,16.758226
2020-11-03,WMT,18.282653,18.472485,18.318745
2020-11-04,AAPL,65.339114,66.556065,65.705954
2020-11-04,AMGN,56.177428,56.743246,56.156229
2020-11-04,CRM,49.364831,50.149521,48.443942
2020-11-04,CSCO,28.581141,29.039081,28.626347
2020-11-04,IBM,41.683004,41.821768,41.889918
2020-11-04,INTC,48.142082,48.948088,48.077243
2020-11-04,MSFT,190.12272,194.24499,183.52522
2020-11-04,NKE,51.690549,52.330657,50.572178
2020-11-04,VZ,16.437851,16.719777,16.135562
2020-11-04,WMT,18.118803,18.526853,17.983814
2020-11-05,AAPL,65.055655,66.548236,65.202237
2020-11-05,AMGN,55.269109,56.434308,55.289336
2020-11-05,CRM,49.989778,52.620934,48.906363
2020-11-05,CSCO,28.619363,29.361264,28.412796
2020-11-05,IBM,41.662194,42.420378,41.444184
2020-11-05,INTC,47.400261,47.435255,47.596889
2020-11-05,MSFT,188.94143,185.95082,187.10977
2020-11-05,NKE,50.909709,51.588486,48.598583
2020-11-05,VZ,16.29319,16.316378,16.307179
2020-11-05,WMT,17.8701,17.824675,17.934158
2020-11-06,AAPL,64.809675,65.129404,63.79437
2020-11-06,AMGN,54.450224,55.886553,53.369814
2020-11-06,CRM,50.552003,50.043901,50.43365
2020-11-06,CSCO,28.281676,28.781178,27.708271
2020-11-06,IBM,41.082484,41.852191,41.110752
2020-11-06,INTC,47.824559,47.628001,47.234058
2020-11-06,MSFT,188.46586,187.99717,186.80239
2020-11-06,NKE,50.512524,51.731108,49.841719
2020-11-06,VZ,16.137666,16.411904,16.075189
2020-11-06,WMT,17.552494,17.308282,17.545352
2020-11-09,AAPL,63.323249,63.759044,64.145841
2020-11-09,AMGN,53.773892,54.399138,52.687457
2020-11-09,CRM,50.990195,51.439603,51.69442
2020-11-09,CSCO,28.286586,28.240847,28.146173
2020-11-09,IBM,42.065115,42.646512,41.916215
2020-11-09,INTC,48.625736,49.012343,48.009449
2020-11-09,MSFT,185.47274,185.49903,185.35756
2020-11-09,NKE,50.196881,51.02869,49.559128
2020-11-09,VZ,15.928729,16.289801,15.842364
2020-11-09,WMT,17.779219,18.068196,17.31539
2020-11-10,AAPL,63.136021,62.334802,63.880984
2020-11-10,AMGN,54.729138,55.582519,55.135668
2020-11-10,CRM,49.60583,49.600053,49.70847
2020-11-10,CSCO,29.133586,29.349005,28.766338
2020-11-10,IBM,41.774168,42.151428,42.286921
2020-11-10,INTC,47.857946,48.407644,46.956598
2020-11-10,MSFT,183.27214,186.62422,181.16746
2020-11-10,NKE,51.537649,51.769976,50.952867
2020-11-10,VZ,15.823238,15.892851,15.509595
2020-11-10,WMT,17.256828,17.500042,17.080483
2020-11-11,AAPL,61.586724,62.757125,60.21675
2020-11-11,AMGN,53.338872,54.456987,52.910669
2020-11-11,CRM,49.552871,49.778478,48.923446
2020-11-11,CSCO,28.753139,28.944319,28.751014
2020-11-11,IBM,41.119372,41.497066,40.44916
2020-11-11,INTC,46.081635,46.408259,46.170006
2020-11-11,MSFT,180.82605,183.736,178.85187
2020-11-11,NKE,51.454402,51.277477,50.956828
2020-11-11,VZ,15.25175,15.14069,15.104829
2020-11-11,WMT,17.254595,17.442549,16.995483
2020-11-12,AAPL,61.365188,62.363727,60.269155
2020-11-12,AMGN,51.794844,52.885772,50.930161
2020-11-12,CRM,49.583522,50.855731,49.56508
2020-11-12,CSCO,28.158493,28.45383,27.859917
2020-11-12,IBM,41.240199,41.356915,41.50946
2020-11-12,INTC,46.052376,46.075505,45.834934
2020-11-12,MSFT,178.71848,182.28562,177.233
2020-11-12,NKE,50.676727,50.961941,49.675898
2020-11-12,VZ,15.199656,15.495048,14.926922
2020-11-12,WMT,17.349218,17.586139,17.351406
2020-11-13,AAPL,60.431117,61.937528,59.964593
2020-11-13,AMGN,51.243003,51.869561,49.979959
2020-11-13,CRM,50.671961,51.457845,50.651565
2020-11-13,CSCO,28.605842,28.759629,29.191274
2020-11-13,IBM,40.393104,41.027569,39.360728
2020-11-13,INTC,46.361998,47.265262,45.714425
2020-11-13,MSFT,176.10071,177.51811,174.41965
2020-11-13,NKE,52.855257,52.939934,52.829115
2020-11-13,VZ,15.307815,15.642163,15.175956
2020-11-13,WMT,17.306477,17.564467,16.99839
2020-11-16,AAPL,60.412855,61.127034,59.23152
2020-11-16,AMGN,49.481706,50.849504,48.28226
2020-11-16,CRM,52.640535,53.088431,52.667299
2020-11-16,CSCO,29.04133,29.152273,28.55071
2020-11-16,IBM,40.312923,40.445507,40.371557
2020-11-16,INTC,46.704887,46.935978,46.002761
2020-11-16,MSFT,170.73949,172.67534,170.84977
2020-11-16,NKE,52.791715,53.23084,52.667005
2020-11-16,VZ,15.290934,15.503229,15.241661
2020-11-16,WMT,16.867084,17.047728,16.588883
2020-11-17,AAPL,61.924673,63.342053,61.195587
2020-11-17,AMGN,49.512049,49.74676,48.827935
2020-11-17,CRM,51.987949,52.381444,52.677025
2020-11-17,CSCO,29.924743,30.677748,29.164617
2020-11-17,IBM,39.219747,39.429427,39.438979
2020-11-17,INTC,46.631389,47.556094,46.081217
2020-11-17,MSFT,164.19416,163.09978,162.00235
2020-11-17,NKE,52.891548,54.331704,54.306622
2020-11-17,VZ,15.275122,15.216607,15.141363
2020-11-17,WMT,16.959762,17.185162,16.96017
2020-11-18,AAPL,63.254861,63.27838,62.044671
2020-11-18,AMGN,48.672959,50.425348,48.342688
2020-11-18,CRM,51.982622,53.867079,50.167171
2020-11-18,CSCO,29.577486,29.638068,29.183658
2020-11-18,IBM,38.822713,38.854179,38.310996
2020-11-18,INTC,46.598773,46.365315,46.325356
2020-11-18,MSFT,159.77397,163.42942,159.20262
2020-11-18,NKE,53.487739,54.703713,52.972622
2020-11-18,VZ,15.348261,15.553863,15.24924
2020-11-18,WMT,16.708269,16.832257,16.689876
2020-11-19,AAPL,63.174124,63.051207,63.131521
2020-11-19,AMGN,48.002614,48.936463,48.310826
2020-11-19,CRM,52.59874,53.656884,51.72687
2020-11-19,CSCO,28.811044,28.995342,28.452821
2020-11-19,IBM,39.113885,40.135775,38.30317
2020-11-19,INTC,47.139068,46.570681,47.709455
2020-11-19,MSFT,158.82576,160.39691,154.30527
2020-11-19,NKE,53.988809,54.397635,54.173103
2020-11-19,VZ,15.121951,15.191822,14.99487
2020-11-19,WMT,16.682369,17.005838,16.593929
2020-11-20,AAPL,63.536281,66.054425,62.517389
2020-11-20,AMGN,47.797435,48.548184,47.647481
2020-11-20,CRM,54.274357,54.655893,53.71409
2020-11-20,CSCO,29.225632,29.183362,29.054145
2020-11-20,IBM,38.260142,38.875366,38.344871
2020-11-20,INTC,49.363588,49.478473,49.233112
2020-11-20,MSFT,158.39406,162.52305,156.85128
2020-11-20,NKE,54.395137,55.33107,54.881448
2020-11-20,VZ,14.806438,15.228914,14.667881
2020-11-20,WMT,16.595092,16.759038,16.351365
2020-11-23,AAPL,64.911377,63.830679,64.246045
2020-11-23,AMGN,47.821484,48.572195,47.352485
2020-11-23,CRM,54.351582,54.903345,53.763632
2020-11-23,CSCO,29.357697,29.234119,29.661637
2020-11-23,IBM,37.06678,37.403251,36.523089
2020-11-23,INTC,49.473903,49.912436,47.731799
2020-11-23,MSFT,155.64483,156.76204,154.96733
2020-11-23,NKE,54.466708,55.56469,54.360944
2020-11-23,VZ,14.527397,14.53683,14.535751
2020-11-23,WMT,16.166272,16.301972,16.071584
2020-11-24,AAPL,64.468559,66.815189,64.308068
2020-11-24,AMGN,48.279841,49.625702,47.667679
2020-11-24,CRM,56.881309,56.471058,54.878324
2020-11-24,CSCO,29.899875,30.220859,29.695061
2020-11-24,IBM,36.12937,36.201072,36.427596
2020-11-24,INTC,50.575198,51.256696,49.730485
2020-11-24,MSFT,157.86046,160.62625,155.99061
2020-11-24,NKE,53.354891,53.96671,53.904569
2020-11-24,VZ,14.68104,14.93454,14.387785
2020-11-24,WMT,16.066986,16.321657,15.917275
2020-11-25,AAPL,63.831664,64.677813,63.631763
2020-11-25,AMGN,47.820012,48.749334,47.054044
2020-11-25,CRM,54.425891,55.44967,53.917687
2020-11-25,CSCO,31.63144,32.263284,31.803741
2020-11-25,IBM,35.976257,36.162734,35.814254
2020-11-25,INTC,50.687372,51.863774,49.916963
2020-11-25,MSFT,157.3094,157.98317,157.05769
2020-11-25,NKE,52.6148,53.477644,51.808085
2020-11-25,VZ,14.397207,14.659619,14.036729
2020-11-25,WMT,15.993563,15.947953,15.894443
2020-11-27,AAPL,63.985009,64.871726,63.120599
2020-11-27,AMGN,48.309363,48.853869,47.650121
2020-11-27,CRM,53.890638,54.765642,52.315135
2020-11-27,CSCO,31.087226,31.404198,31.105085
2020-11-27,IBM,36.290312,36.895582,36.406763
2020-11-27,INTC,50.441365,50.697781,49.5509
2020-11-27,MSFT,157.30148,159.11284,153.87994
2020-11-27,NKE,51.926399,52.908293,50.431247
2020-11-27,VZ,14.292562,14.361086,14.239369
2020-11-27,WMT,16.088222,16.051372,15.879824
2020-11-30,AAPL,62.678078,63.679114,62.31162
2020-11-30,AMGN,48.89076,49.638889,47.332337
2020-11-30,CRM,54.009239,55.607315,51.829061
2020-11-30,CSCO,30.794363,31.303744,30.727247
2020-11-30,IBM,35.624274,36.021115,35.395092
2020-11-30,INTC,50.167817,49.91127,50.048752
2020-11-30,MSFT,154.72233,158.75974,154.66351
2020-11-30,NKE,51.042766,51.201031,50.815682
2020-11-30,VZ,14.191375,14.267109,14.153684
2020-11-30,WMT,16.088091,16.194249,16.048579
2020-12-01,AAPL,61.086694,61.81221,60.209405
2020-12-01,AMGN,48.5204,49.097478,48.147323
2020-12-01,CRM,54.00589,54.437152,53.84943
2020-12-01,CSCO,30.764245,31.402594,30.11693
2020-12-01,IBM,35.488073,36.598954,35.740029
2020-12-01,INTC,48.524348,48.809423,49.020195
2020-12-01,MSFT,153.42272,156.77096,151.7448
2020-12-01,NKE,50.804749,51.407475,50.994187
2020-12-01,VZ,14.140783,14.296543,14.095736
2020-12-01,WMT,15.986453,16.132055,15.771492
2020-12-02,AAPL,59.933109,61.577949,59.184617
2020-12-02,AMGN,47.838996,48.725145,46.978381
2020-12-02,CRM,51.893638,52.621891,50.87177
2020-12-02,CSCO,30.918578,31.687671,31.058604
2020-12-02,IBM,35.784094,35.791841,35.428233
2020-12-02,INTC,47.200967,46.855623,46.47064
2020-12-02,MSFT,148.88383,150.13327,145.81794
2020-12-02,NKE,51.750658,52.021163,50.893549
2020-12-02,VZ,14.22963,14.243475,14.248147
2020-12-02,WMT,16.283909,16.255893,16.164589
2020-12-03,AAPL,60.81213,61.216384,59.726584
2020-12-03,AMGN,47.666079,47.348098,47.209588
2020-12-03,CRM,49.924855,50.795025,48.619936
2020-12-03,CSCO,30.734157,31.451877,31.114602
2020-12-03,IBM,36.705723,37.40351,36.373026
2020-12-03,INTC,46.998888,47.846062,47.230638
2020-12-03,MSFT,147.94637,148.2211,146.12996
2020-12-03,NKE,51.498721,52.01105,50.4167
2020-12-03,VZ,13.732796,13.747598,13.687054
2020-12-03,WMT,16.267794,16.34473,16.086188
2020-12-04,AAPL,58.502689,58.064843,57.365561
2020-12-04,AMGN,46.598087,47.163322,45.808118
2020-12-04,CRM,50.487089,51.518858,48.49922
2020-12-04,CSCO,31.159508,31.272489,30.807572
2020-12-04,IBM,36.385889,36.846717,36.3737
2020-12-04,INTC,46.411052,47.317407,45.0771
2020-12-04,MSFT,149.23247,152.00892,149.52915
2020-12-04,NKE,50.778012,50.3908,50.519259
2020-12-04,VZ,13.866349,13.939864,13.732819
2020-12-04,WMT,16.107274,16.080345,15.976857
2020-12-07,AAPL,55.875801,56.802534,55.871301
2020-12-07,AMGN,45.914296,46.543623,45.404825
2020-12-07,CRM,49.912505,49.70323,49.232666
2020-12-07,CSCO,30.798371,31.546513,30.466249
2020-12-07,IBM,36.092745,36.814289,36.05536
2020-12-07,INTC,47.283553,46.665123,46.921241
2020-12-07,MSFT,148.54971,150.09415,145.50886
2020-12-07,NKE,49.819544,50.392629,49.017794
2020-12-07,VZ,13.966042,14.226709,13.912669
2020-12-07,WMT,15.70753,15.742811,15.757063
2020-12-08,AAPL,56.013753,56.536663,56.054404
2020-12-08,AMGN,46.223579,46.936989,45.65005
2020-12-08,CRM,50.128161,49.984794,49.088696
2020-12-08,CSCO,30.2571,30.092866,29.895682
2020-12-08,IBM,35.621744,36.160838,35.264166
2020-12-08,INTC,46.476142,46.810787,45.817614
2020-12-08,MSFT,146.44456,148.69943,147.45383
2020-12-08,NKE,50.159121,50.802388,49.976826
2020-12-08,VZ,13.880949,13.965435,13.853286
2020-12-08,WMT,15.919506,15.902729,15.944456
2020-12-09,AAPL,55.418772,56.665802,54.064926
2020-12-09,AMGN,45.840593,46.463954,45.060573
2020-12-09,CRM,48.902034,50.141728,49.231009
2020-12-09,CSCO,29.252484,29.327248,29.124681
2020-12-09,IBM,36.389292,36.447685,36.646246
2020-12-09,INTC,45.929374,45.91412,45.352668
2020-12-09,MSFT,145.64918,147.16206,145.21051
2020-12-09,NKE,50.47404,51.417129,50.498547
2020-12-09,VZ,13.736537,13.742144,13.516704
2020-12-09,WMT,15.831839,15.865923,15.747354
2020-12-10,AAPL,57.504609,58.118119,57.099388
2020-12-10,AMGN,46.127252,47.352532,45.68583
2020-12-10,CRM,46.179859,47.529564,45.265335
2020-12-10,CSCO,29.030419,29.045255,28.685433
2020-12-10,IBM,35.998339,35.962081,35.296797
2020-12-10,INTC,48.053933,48.582419,47.788762
2020-12-10,MSFT,146.79161,150.95778,145.68187
2020-12-10,NKE,50.227917,50.63607,49.691563
2020-12-10,VZ,13.652521,13.766497,13.518116
2020-12-10,WMT,15.784384,16.086939,15.372004
2020-12-11,AAPL,58.102269,59.840881,57.705092
2020-12-11,AMGN,44.669262,45.331356,44.230504
2020-12-11,CRM,45.727177,47.276218,44.974036
2020-12-11,CSCO,29.303109,29.820197,28.909081
2020-12-11,IBM,36.098264,36.184149,35.722651
2020-12-11,INTC,49.170732,50.030741,48.350986
2020-12-11,MSFT,147.94717,148.96853,147.09348
2020-12-11,NKE,48.324933,49.241612,47.899545
2020-12-11,VZ,13.594025,13.699467,13.565977
2020-12-11,WMT,16.111765,16.271169,15.972413
2020-12-14,AAPL,57.958812,58.552633,57.052961
2020-12-14,AMGN,43.529034,44.146948,44.262664
2020-12-14,CRM,44.903451,45.293999,44.743859
2020-12-14,CSCO,28.406586,28.448227,28.15732
2020-12-14,IBM,35.651059,36.349639,35.25967
2020-12-14,INTC,50.340119,50.920297,49.78517
2020-12-14,MSFT,151.72836,152.25751,153.34663
2020-12-14,NKE,49.060751,48.828838,48.684056
2020-12-14,VZ,13.332213,13.35078,13.011725
2020-12-14,WMT,16.14166,16.273441,16.026475
2020-12-15,AAPL,55.605288,54.787795,54.760286
2020-12-15,AMGN,43.164434,43.932436,43.664098
2020-12-15,CRM,43.011897,43.541877,42.498148
2020-12-15,CSCO,28.566545,28.603609,27.732718
2020-12-15,IBM,35.465101,35.94828,34.986575
2020-12-15,INTC,51.334036,51.919928,50.086987
2020-12-15,MSFT,153.88564,153.61628,152.23207
2020-12-15,NKE,49.371415,49.746959,48.984506
2020-12-15,VZ,13.246904,13.445641,13.240069
2020-12-15,WMT,16.247,16.607459,16.135338
2020-12-16,AAPL,54.595593,56.042115,54.899537
2020-12-16,AMGN,43.736862,44.4445,44.067706
2020-12-16,CRM,43.167038,43.389573,42.624733
2020-12-16,CSCO,27.452294,28.159126,27.119896
2020-12-16,IBM,36.360208,36.906867,36.97595
2020-12-16,INTC,50.768948,51.477416,50.313059
2020-12-16,MSFT,155.03274,156.60406,151.97429
2020-12-16,NKE,48.881417,49.533798,48.417325
2020-12-16,VZ,13.056991,13.197474,13.134888
2020-12-16,WMT,16.080835,16.20043,16.18445
2020-12-17,AAPL,55.929305,57.204932,55.768377
2020-12-17,AMGN,43.16995,43.518069,43.233177
2020-12-17,CRM,43.392123,43.043232,43.813045
2020-12-17,CSCO,28.029352,28.407477,28.074043
2020-12-17,IBM,36.782154,36.762826,35.939409
2020-12-17,INTC,49.89309,49.824132,49.375023
2020-12-17,MSFT,155.38868,158.88266,152.58355
2020-12-17,NKE,48.246216,49.063742,47.794274
2020-12-17,VZ,12.872918,12.971792,12.827878
2020-12-17,WMT,16.476149,16.749235,16.403988
2020-12-18,AAPL,55.324032,56.04399,54.267355
2020-12-18,AMGN,44.477406,44.761817,44.125327
2020-12-18,CRM,41.873448,42.995079,39.337114
2020-12-18,CSCO,28.566968,29.361749,28.889675
2020-12-18,IBM,36.952921,37.124831,37.142385
2020-12-18,INTC,50.931599,51.114327,50.227439
2020-12-18,MSFT,154.94222,156.01046,152.07821
2020-12-18,NKE,48.293886,48.805305,48.588337
2020-12-18,VZ,12.875365,12.889138,12.603448
2020-12-18,WMT,16.112802,16.336769,15.948162
2020-12-21,AAPL,55.035093,56.716291,54.569526
2020-12-21,AMGN,44.633327,45.799695,43.31444
2020-12-21,CRM,40.307947,40.009866,38.846332
2020-12-21,CSCO,28.607195,28.824633,28.652964
2020-12-21,IBM,37.307677,37.338302,37.37172
2020-12-21,INTC,49.557294,51.07612,48.836491
2020-12-21,MSFT,156.02465,155.00871,151.40481
2020-12-21,NKE,49.793647,50.578048,50.146374
2020-12-21,VZ,12.737709,12.934522,12.648445
2020-12-21,WMT,16.043469,16.174848,15.749037
2020-12-22,AAPL,54.647594,55.374768,52.999467
2020-12-22,AMGN,43.005838,43.780984,42.464664
2020-12-22,CRM,39.416344,39.46734,38.03841
2020-12-22,CSCO,28.59212,28.410719,28.792632
2020-12-22,IBM,37.178259,36.886789,37.213995
2020-12-22,INTC,50.663847,51.11654,50.337193
2020-12-22,MSFT,154.93922,159.41711,152.79901
2020-12-22,NKE,49.305909,49.321473,49.959706
2020-12-22,VZ,12.659344,12.756158,12.652616
2020-12-22,WMT,16.117156,16.158643,16.189783
2020-12-23,AAPL,55.492547,56.318544,55.03217
2020-12-23,AMGN,42.583958,43.18441,42.058413
2020-12-23,CRM,38.677673,40.142301,38.477405
2020-12-23,CSCO,28.251656,29.576023,27.837862
2020-12-23,IBM,37.090316,37.195857,36.465205
2020-12-23,INTC,51.093274,51.137591,50.307391
2020-12-23,MSFT,157.61548,158.25071,154.82771
2020-12-23,NKE,50.591461,50.6938,50.307782
2020-12-23,VZ,12.524173,12.562222,12.360827
2020-12-23,WMT,16.221588,16.230357,16.320838
2020-12-24,AAPL,57.325497,58.33063,56.145121
2020-12-24,AMGN,41.755185,42.981473,41.322054
2020-12-24,CRM,37.933406,39.187564,37.324722
2020-12-24,CSCO,27.74367,27.952499,27.15531
2020-12-24,IBM,37.910848,38.731313,37.749711
2020-12-24,INTC,50.086994,51.167697,49.579464
2020-12-24,MSFT,156.42507,158.02516,154.95574
2020-12-24,NKE,50.851909,51.824081,51.436821
2020-12-24,VZ,12.323049,12.602295,12.103362
2020-12-24,WMT,15.908596,15.920528,15.705086
2020-12-28,AAPL,56.871446,58.496172,56.001596
2020-12-28,AMGN,41.79191,42.157503,41.81387
2020-12-28,CRM,37.508592,37.445917,37.535282
2020-12-28,CSCO,27.155522,27.369235,26.740291
2020-12-28,IBM,38.388652,39.162511,38.428361
2020-12-28,INTC,48.146714,48.761946,47.973127
2020-12-28,MSFT,154.28942,156.47737,151.5692
2020-12-28,NKE,51.619745,51.840344,50.821602
2020-12-28,VZ,12.316741,12.248347,12.413958
2020-12-28,WMT,15.778621,15.904152,15.718148
2020-12-29,AAPL,56.250463,56.314548,56.012851
2020-12-29,AMGN,40.886706,41.706554,40.355468
2020-12-29,CRM,37.800949,38.242767,38.055556
2020-12-29,CSCO,26.20215,26.627838,25.811025
2020-12-29,IBM,38.609943,38.75089,38.169647
2020-12-29,INTC,49.341095,49.64802,48.813382
2020-12-29,MSFT,154.41021,156.77904,150.34028
2020-12-29,NKE,49.907409,50.258217,49.023518
2020-12-29,VZ,12.260485,12.231333,12.051759
2020-12-29,WMT,15.700395,15.807405,15.484543
2020-12-30,AAPL,54.226532,54.681251,53.983694
2020-12-30,AMGN,40.036132,41.025981,39.25855
2020-12-30,CRM,36.796372,36.640703,37.068948
2020-12-30,CSCO,26.270955,26.447874,26.24059
2020-12-30,IBM,39.166011,39.75717,38.914396
2020-12-30,INTC,49.73914,50.199555,49.478523
2020-12-30,MSFT,157.59748,159.82854,157.6037
2020-12-30,NKE,49.963559,50.194734,49.959547
2020-12-30,VZ,11.97707,11.962329,11.974004
2020-12-30,WMT,15.83719,15.990925,15.728662
2020-12-31,AAPL,54.50033,54.187804,54.510563
2020-12-31,AMGN,39.570766,39.828439,38.900629
2020-12-31,CRM,37.029617,37.270694,37.163868
2020-12-31,CSCO,26.880132,26.798182,26.707712
2020-12-31,IBM,39.680341,40.082002,39.412464
2020-12-31,INTC,50.65352,50.88776,50.804075
2020-12-31,MSFT,157.37935,156.71594,156.7984
2020-12-31,NKE,49.069099,50.045812,48.454068
2020-12-31,VZ,12.018513,12.17676,12.008765
2020-12-31,WMT,15.708841,16.01557,15.762445
2021-01-04,AAPL,54.729876,55.990804,53.505743
2021-01-04,AMGN,39.298084,39.575798,38.406671
2021-01-04,CRM,39.092016,40.198089,38.616133
2021-01-04,CSCO,27.293743,27.447039,27.302807
2021-01-04,IBM,40.129142,40.780132,39.233298
2021-01-04,INTC,48.736415,49.473921,48.643978
2021-01-04,MSFT,155.81759,159.21043,155.80301
2021-01-04,NKE,50.117763,50.552175,49.885887
2021-01-04,VZ,12.132279,12.172191,11.91246
2021-01-04,WMT,15.627678,15.923617,15.609669
2021-01-05,AAPL,55.058362,55.075926,53.417534
2021-01-05,AMGN,38.738411,38.886851,38.194425
2021-01-05,CRM,37.964181,37.242997,37.452396
2021-01-05,CSCO,27.630168,28.002852,27.89364
2021-01-05,IBM,39.421177,40.352977,38.928363
2021-01-05,INTC,50.233455,50.014451,50.302159
2021-01-05,MSFT,154.18918,153.18357,149.4713
2021-01-05,NKE,48.774538,49.582021,48.753068
2021-01-05,VZ,12.010045,12.13982,11.910402
2021-01-05,WMT,15.583502,15.890952,15.633313
2021-01-06,AAPL,54.795098,55.83496,53.636316
2021-01-06,AMGN,38.48468,38.768151,38.207565
2021-01-06,CRM,36.914368,37.64498,36.165256
2021-01-06,CSCO,27.055061,27.224207,26.554888
2021-01-06,IBM,39.973517,40.58002,39.711292
2021-01-06,INTC,50.374632,50.982411,50.294602
2021-01-06,MSFT,156.05506,158.90446,152.49781
2021-01-06,NKE,47.399009,48.557788,46.999461
2021-01-06,VZ,12.072026,12.333359,12.022016
2021-01-06,WMT,15.639785,15.766565,15.639329
2021-01-07,AAPL,53.487691,54.45939,52.236455
2021-01-07,AMGN,38.211518,38.442396,37.883357
2021-01-07,CRM,35.386002,35.779691,35.210319
2021-01-07,CSCO,27.29438,27.324138,27.142443
2021-01-07,IBM,38.350998,38.407226,38.094575
2021-01-07,INTC,50.750801,51.420308,50.213893
2021-01-07,MSFT,160.6452,158.86252,157.92046
2021-01-07,NKE,46.667584,47.583049,46.365051
2021-01-07,VZ,11.845517,11.912555,11.719484
2021-01-07,WMT,15.896556,16.113408,15.785386
2021-01-08,AAPL,54.402801,54.627414,53.035472
2021-01-08,AMGN,38.203985,38.568582,37.528703
2021-01-08,CRM,35.024432,35.682746,34.577869
2021-01-08,CSCO,26.840546,27.021745,26.493132
2021-01-08,IBM,37.622102,38.041063,37.651653
2021-01-08,INTC,51.527046,51.186285,50.564915
2021-01-08,MSFT,155.2851,155.57373,153.0483
2021-01-08,NKE,45.347324,45.285679,45.16041
2021-01-08,VZ,11.838888,11.735117,11.648147
2021-01-08,WMT,15.174026,15.251195,15.287322
2021-01-11,AAPL,51.370119,51.928854,49.800459
2021-01-11,AMGN,38.245752,38.9423,37.241774
2021-01-11,CRM,37.13847,37.614178,36.433158
2021-01-11,CSCO,26.822126,26.918724,26.528097
2021-01-11,IBM,37.544653,38.228679,37.544309
2021-01-11,INTC,49.783593,50.249536,49.723457
2021-01-11,MSFT,157.3008,160.22035,156.69667
2021-01-11,NKE,44.719545,44.687208,44.192511
2021-01-11,VZ,11.568107,11.658009,11.612695
2021-01-11,WMT,15.0221,15.041333,15.023638
2021-01-12,AAPL,49.916042,50.113449,49.033664
2021-01-12,AMGN,38.526809,39.521429,37.570818
2021-01-12,CRM,36.787417,37.867393,35.944558
2021-01-12,CSCO,26.339101,26.430684,26.426549
2021-01-12,IBM,37.660837,37.557976,37.441075
2021-01-12,INTC,49.368119,50.245429,48.852678
2021-01-12,MSFT,160.27385,159.02819,157.81727
2021-01-12,NKE,45.279625,45.21096,45.408156
2021-01-12,VZ,11.553449,11.674884,11.401354
2021-01-12,WMT,14.883173,15.102971,14.534313
2021-01-13,AAPL,49.387605,50.772378,48.766125
2021-01-13,AMGN,38.4702,38.489723,38.333124
2021-01-13,CRM,37.193277,37.734691,37.020934
2021-01-13,CSCO,25.044233,25.251036,24.882511
2021-01-13,IBM,37.009892,36.826674,37.403149
2021-01-13,INTC,48.745884,49.610497,48.930626
2021-01-13,MSFT,161.81515,161.01333,158.43691
2021-01-13,NKE,45.926097,46.297766,45.025895
2021-01-13,VZ,11.465985,11.687511,11.502472
2021-01-13,WMT,15.018228,15.036455,14.790184
2021-01-14,AAPL,48.752408,50.611258,48.938692
2021-01-14,AMGN,38.574189,39.092659,38.029589
2021-01-14,CRM,36.412794,36.015961,35.747337
2021-01-14,CSCO,25.093972,25.051419,25.146962
2021-01-14,IBM,37.21391,37.272415,37.381289
2021-01-14,INTC,48.939171,48.392207,48.002825
2021-01-14,MSFT,158.48918,161.22753,156.70234
2021-01-14,NKE,45.942526,47.028214,45.52255
2021-01-14,VZ,11.499933,11.584072,11.282059
2021-01-14,WMT,15.262468,15.295217,15.264724
2021-01-15,AAPL,48.140829,49.382518,48.184031
2021-01-15,AMGN,38.686294,39.483359,38.597448
2021-01-15,CRM,37.087181,38.169851,35.939186
2021-01-15,CSCO,26.024306,26.265947,25.964752
2021-01-15,IBM,36.858052,37.417658,37.132205
2021-01-15,INTC,49.043828,50.464359,49.039946
2021-01-15,MSFT,158.35461,158.44662,155.65963
2021-01-15,NKE,45.875986,46.214059,45.141086
2021-01-15,VZ,11.512448,11.662364,11.39787
2021-01-15,WMT,15.146423,15.290101,14.999839
2021-01-19,AAPL,49.132482,49.965993,48.584918
2021-01-19,AMGN,38.672359,39.297498,38.726044
2021-01-19,CRM,36.261606,37.29707,36.051859
2021-01-19,CSCO,25.360497,25.944166,25.252098
2021-01-19,IBM,37.220037,37.312202,37.401154
2021-01-19,INTC,47.736435,49.016479,46.988963
2021-01-19,MSFT,156.14277,158.1956,156.49935
2021-01-19,NKE,45.952164,46.259722,46.131665
2021-01-19,VZ,11.325296,11.277613,11.282631
2021-01-19,WMT,14.966789,15.128146,14.989128
2021-01-20,AAPL,50.048148,51.292072,50.013333
2021-01-20,AMGN,37.826001,38.43046,37.725082
2021-01-20,CRM,35.111629,35.629283,34.68076
2021-01-20,CSCO,24.692247,24.479572,24.120255
2021-01-20,IBM,36.506852,36.942557,36.527097
2021-01-20,INTC,47.731655,47.860387,47.332828
2021-01-20,MSFT,156.65973,156.76984,156.86365
2021-01-20,NKE,46.147894,46.879594,45.678279
2021-01-20,VZ,11.242055,11.50318,11.136104
2021-01-20,WMT,14.975599,15.061526,15.06525
2021-01-21,AAPL,50.626299,50.969451,50.281208
2021-01-21,AMGN,37.800497,38.567317,38.068358
2021-01-21,CRM,35.329596,36.484539,34.459007
2021-01-21,CSCO,23.894662,24.071526,23.451408
2021-01-21,IBM,36.009771,36.540138,35.60166
2021-01-21,INTC,48.761822,48.704295,49.127352
2021-01-21,MSFT,152.47605,154.60844,151.48359
2021-01-21,NKE,44.764221,45.091647,44.132981
2021-01-21,VZ,11.481932,11.430124,11.372972
2021-01-21,WMT,15.112648,15.488952,14.926339
2021-01-22,AAPL,51.64235,53.065711,51.218034
2021-01-22,AMGN,37.691436,37.854484,37.945799
2021-01-22,CRM,36.787365,37.857669,37.18102
2021-01-22,CSCO,23.820984,24.111915,23.54845
2021-01-22,IBM,36.581854,36.645637,36.152199
2021-01-22,INTC,47.988374,49.052914,47.055858
2021-01-22,MSFT,153.95299,155.78866,151.95311
2021-01-22,NKE,43.729355,44.804531,43.33552
2021-01-22,VZ,11.421332,11.610332,11.503504
2021-01-22,WMT,15.124899,15.398889,14.932018
2021-01-25,AAPL,52.162751,53.279425,50.846011
2021-01-25,AMGN,36.914382,37.076265,36.284762
2021-01-25,CRM,37.819963,37.669719,37.822654
2021-01-25,CSCO,23.774885,24.157594,24.093913
2021-01-25,IBM,37.216405,37.593897,36.874971
2021-01-25,INTC,46.517987,46.820216,46.873047
2021-01-25,MSFT,154.86405,156.85492,156.64495
2021-01-25,NKE,44.448685,45.318588,44.964582
2021-01-25,VZ,11.457817,11.541247,11.286519
2021-01-25,WMT,15.214572,15.513532,15.125976
2021-01-26,AAPL,51.691348,51.750479,51.673105
2021-01-26,AMGN,36.46367,37.522866,36.198124
2021-01-26,CRM,37.319613,36.847299,36.595252
2021-01-26,CSCO,23.983315,24.210985,24.04027
2021-01-26,IBM,36.994094,37.594203,36.914649
2021-01-26,INTC,46.858478,47.660936,46.480917
2021-01-26,MSFT,155.02389,156.24008,154.87247
2021-01-26,NKE,44.280109,44.693624,43.387442
2021-01-26,VZ,11.438778,11.777786,11.346775
2021-01-26,WMT,15.128451,15.150276,15.085072
2021-01-27,AAPL,51.58097,51.745706,51.184816
2021-01-27,AMGN,36.681357,37.996416,36.208795
2021-01-27,CRM,37.461053,37.698031,37.075299
2021-01-27,CSCO,23.743578,23.705931,23.761738
2021-01-27,IBM,36.993429,37.641556,36.133938
2021-01-27,INTC,46.19148,46.28705,45.573921
2021-01-27,MSFT,154.80109,153.63483,152.20126
2021-01-27,NKE,43.14235,43.931791,42.259503
2021-01-27,VZ,11.301417,11.622281,11.306885
2021-01-27,WMT,15.099862,15.13465,15.002425
2021-01-28,AAPL,51.465782,53.018619,50.450219
2021-01-28,AMGN,36.657796,37.144608,36.535488
2021-01-28,CRM,39.014084,39.734531,38.518655
2021-01-28,CSCO,23.296079,23.331684,23.132242
2021-01-28,IBM,36.726755,36.911864,36.119709
2021-01-28,INTC,44.410648,44.502708,43.046297
2021-01-28,MSFT,154.83471,158.35364,152.34609
2021-01-28,NKE,43.400909,43.81815,43.316892
2021-01-28,VZ,11.16664,11.164665,11.289141
2021-01-28,WMT,14.97876,14.751664,14.975972
2021-01-29,AAPL,51.107271,52.306493,50.124737
2021-01-29,AMGN,35.390515,35.812732,35.408264
2021-01-29,CRM,38.021859,38.716505,37.752112
2021-01-29,CSCO,22.616569,22.785418,21.656306
2021-01-29,IBM,36.241216,36.753123,36.380835
2021-01-29,INTC,46.291433,45.885314,46.14165
2021-01-29,MSFT,155.32581,155.47085,153.16791
2021-01-29,NKE,44.133448,44.356872,44.026434
2021-01-29,VZ,11.043452,11.196751,10.916276
2021-01-29,WMT,14.926747,15.10638,14.793473
2021-02-01,AAPL,51.201443,51.813118,50.061259
2021-02-01,AMGN,34.793584,35.330461,34.556795
2021-02-01,CRM,39.103344,39.905785,38.760236
2021-02-01,CSCO,22.040246,22.440502,21.726489
2021-02-01,IBM,36.282462,36.714827,35.687657
2021-02-01,INTC,47.162206,48.623684,46.5686
2021-02-01,MSFT,154.59079,153.28114,154.35256
2021-02-01,NKE,42.789342,43.99609,42.816918
2021-02-01,VZ,10.799087,11.019651,10.66602
2021-02-01,WMT,14.652355,14.911871,14.629255
2021-02-02,AAPL,49.583627,50.868564,49.256859
2021-02-02,AMGN,33.731417,33.773912,33.195524
2021-02-02,CRM,38.554105,39.200046,38.202147
2021-02-02,CSCO,22.073096,22.918941,21.542678
2021-02-02,IBM,35.819701,35.753003,35.131608
2021-02-02,INTC,47.752924,48.445416,46.572696
2021-02-02,MSFT,149.67324,149.82121,150.90691
2021-02-02,NKE,43.228044,43.972076,43.239407
2021-02-02,VZ,10.834467,10.976851,10.728867
2021-02-02,WMT,14.725061,14.7574,14.661364
2021-02-03,AAPL,49.884931,50.169001,49.425679
2021-02-03,AMGN,33.516268,33.73756,33.36015
2021-02-03,CRM,37.763283,37.972838,37.3211
2021-02-03,CSCO,21.640515,21.239476,21.031474
2021-02-03,IBM,36.166451,36.63834,36.139059
2021-02-03,INTC,47.221644,47.194883,46.320876
2021-02-03,MSFT,150.29878,152.83977,147.61324
2021-02-03,NKE,43.006214,43.494531,42.838357
2021-02-03,VZ,10.787288,10.849165,10.5625
2021-02-03,WMT,14.513711,14.597028,14.336248
2021-02-04,AAPL,49.98903,51.239005,49.43428
2021-02-04,AMGN,33.704198,34.040452,33.552743
2021-02-04,CRM,37.576884,37.729227,35.84576
2021-02-04,CSCO,22.309563,22.550153,22.429924
2021-02-04,IBM,36.184283,36.419813,36.358147
2021-02-04,INTC,47.305237,47.080074,46.787096
2021-02-04,MSFT,150.89379,153.29504,148.44598
2021-02-04,NKE,44.313978,44.609055,44.189888
2021-02-04,VZ,10.870455,10.950924,10.811638
2021-02-04,WMT,14.387546,14.604268,14.297655
2021-02-05,AAPL,47.86795,47.859995,47.458708
2021-02-05,AMGN,34.805612,35.297448,34.471441
2021-02-05,CRM,36.868499,36.193852,37.115256
2021-02-05,CSCO,23.290217,23.154494,22.945317
2021-02-05,IBM,35.407653,35.592039,35.382306
2021-02-05,INTC,46.600132,46.508308,45.836219
2021-02-05,MSFT,150.31629,151.90478,150.22777
2021-02-05,NKE,44.367565,45.047909,44.176005
2021-02-05,VZ,10.872419,10.918735,10.748228
2021-02-05,WMT,14.300087,14.550081,14.118288
2021-02-08,AAPL,47.046682,47.998714,46.827237
2021-02-08,AMGN,35.124285,35.913909,35.130666
2021-02-08,CRM,37.634071,38.080528,35.904505
2021-02-08,CSCO,24.000433,24.743414,24.156919
2021-02-08,IBM,35.420444,35.611079,35.61151
2021-02-08,INTC,48.352128,48.332692,48.199725
2021-02-08,MSFT,152.26222,153.64065,148.9103
2021-02-08,NKE,43.717232,44.352498,43.646562
2021-02-08,VZ,10.872121,11.076125,10.513587
2021-02-08,WMT,14.213579,14.471999,14.182859
2021-02-09,AAPL,47.908293,48.108262,47.612157
2021-02-09,AMGN,35.506841,36.221921,35.220529
2021-02-09,CRM,38.055263,38.118476,38.066215
2021-02-09,CSCO,23.202417,23.512015,22.928293
2021-02-09,IBM,34.574184,34.751634,34.125327
2021-02-09,INTC,47.686204,47.83492,47.23419
2021-02-09,MSFT,153.82611,152.88068,150.09886
2021-02-09,NKE,43.608715,44.388614,44.083838
2021-02-09,VZ,10.88406,11.082052,10.975228
2021-02-09,WMT,13.850489,14.061499,13.647882
2021-02-10,AAPL,47.374368,48.384022,46.481936
2021-02-10,AMGN,36.054021,36.273798,35.845617
2021-02-10,CRM,38.398723,38.770498,38.767916
2021-02-10,CSCO,23.619488,23.618106,23.36238
2021-02-10,IBM,35.110206,35.566447,34.734609
2021-02-10,INTC,47.757005,47.901661,47.044815
2021-02-10,MSFT,154.46512,156.21793,154.31977
2021-02-10,NKE,43.612859,44.28178,42.774064
2021-02-10,VZ,10.862209,11.053752,10.900422
2021-02-10,WMT,13.606337,13.873918,13.611848
2021-02-11,AAPL,48.590126,48.887542,47.247133
2021-02-11,AMGN,37.244883,37.670709,36.843295
2021-02-11,CRM,39.183025,39.012621,38.246818
2021-02-11,CSCO,22.689718,22.989302,22.705247
2021-02-11,IBM,34.100891,34.981758,33.773124
2021-02-11,INTC,48.634732,49.359075,48.133743
2021-02-11,MSFT,155.83042,155.50442,154.47412
2021-02-11,NKE,42.787231,43.609116,42.98384
2021-02-11,VZ,10.752772,10.652,10.567561
2021-02-11,WMT,13.599249,13.835747,13.437072
2021-02-12,AAPL,48.911869,49.466396,48.359615
2021-02-12,AMGN,37.457056,37.921605,36.984497
2021-02-12,CRM,38.535666,38.74665,36.981132
2021-02-12,CSCO,23.479829,23.542225,22.963769
2021-02-12,IBM,33.844877,34.179662,33.391602
2021-02-12,INTC,47.444781,48.323673,46.660331
2021-02-12,MSFT,155.94108,158.85212,154.7297
2021-02-12,NKE,40.89402,40.82675,40.384654
2021-02-12,VZ,10.561291,10.58859,10.470205
2021-02-12,WMT,13.551935,13.952915,13.429476
2021-02-16,AAPL,47.994981,48.105662,47.547715
2021-02-16,AMGN,38.446589,39.108874,38.547695
2021-02-16,CRM,39.203834,40.068658,37.219824
2021-02-16,CSCO,23.390836,23.238257,23.048602
2021-02-16,IBM,33.441332,33.941054,33.282141
2021-02-16,INTC,46.737118,47.15926,46.17199
2021-02-16,MSFT,163.32651,160.1499,162.26916
2021-02-16,NKE,41.674276,41.427897,42.247851
2021-02-16,VZ,10.461817,10.498672,10.467141
2021-02-16,WMT,13.215845,13.300326,13.187645
2021-02-17,AAPL,49.130069,49.634394,48.721826
2021-02-17,AMGN,38.392174,38.555612,37.813884
2021-02-17,CRM,38.155804,38.742132,37.832195
2021-02-17,CSCO,23.361839,23.926913,22.93018
2021-02-17,IBM,32.628624,33.144459,32.184365
2021-02-17,INTC,47.532562,47.689684,47.016802
2021-02-17,MSFT,156.32506,157.45843,154.15507
2021-02-17,NKE,41.81676,41.743269,41.824178
2021-02-17,VZ,10.509348,10.695335,10.406582
2021-02-17,WMT,13.196089,13.301911,13.126466
2021-02-18,AAPL,47.042323,46.38799,46.951605
2021-02-18,AMGN,37.598903,37.958062,37.286075
2021-02-18,CRM,37.207752,37.423167,36.686908
2021-02-18,CSCO,22.888657,23.036462,22.717311
2021-02-18,IBM,32.830967,32.984414,32.459458
2021-02-18,INTC,47.347346,48.261753,46.537256
2021-02-18,MSFT,154.45094,152.04629,152.33003
2021-02-18,NKE,41.272552,42.277014,41.220486
2021-02-18,VZ,10.319556,10.279238,10.300672
2021-02-18,WMT,13.181747,13.160651,13.056033
2021-02-19,AAPL,47.706817,48.170747,47.593991
2021-02-19,AMGN,36.754553,38.297054,36.390259
2021-02-19,CRM,38.946581,38.494714,38.588728
2021-02-19,CSCO,23.003441,23.298968,22.74071
2021-02-19,IBM,33.602581,34.138981,33.534115
2021-02-19,INTC,47.533906,48.773919,47.624394
2021-02-19,MSFT,148.95056,153.18967,148.09249
2021-02-19,NKE,40.762597,41.203217,41.971086
2021-02-19,VZ,10.207628,10.322461,10.068654
2021-02-19,WMT,13.425328,13.40295,13.077053
2021-02-22,AAPL,48.129016,48.537297,47.615588
2021-02-22,AMGN,35.906434,35.979316,35.548885
2021-02-22,CRM,39.303198,38.94197,38.049928
2021-02-22,CSCO,23.486312,23.762785,23.335579
2021-02-22,IBM,34.288144,34.932202,34.386284
2021-02-22,INTC,46.609802,47.225859,46.204116
2021-02-22,MSFT,148.34931,149.7705,149.07357
2021-02-22,NKE,41.034683,41.301727,40.613976
2021-02-22,VZ,10.011035,10.058393,9.8379213
2021-02-22,WMT,13.681454,13.947878,13.359906
2021-02-23,AAPL,47.570722,48.090067,46.799685
2021-02-23,AMGN,35.747087,36.205817,35.136049
2021-02-23,CRM,37.74361,38.258376,37.972876
2021-02-23,CSCO,22.946818,22.983998,22.728214
2021-02-23,IBM,34.292461,34.450494,33.591497
2021-02-23,INTC,46.100232,45.902171,45.882986
2021-02-23,MSFT,150.04634,151.57508,148.51606
2021-02-23,NKE,38.476762,38.48205,38.304418
2021-02-23,VZ,9.7694351,9.6919159,9.6349165
2021-02-23,WMT,13.609936,13.790753,13.596808
2021-02-24,AAPL,47.315199,47.799327,47.183244
2021-02-24,AMGN,34.852922,35.42686,34.483185
2021-02-24,CRM,37.779049,37.202289,37.607628
2021-02-24,CSCO,23.21008,23.407169,23.028488
2021-02-24,IBM,34.352116,33.862959,34.370257
2021-02-24,INTC,44.938746,45.422236,44.724954
2021-02-24,MSFT,149.33891,149.09712,145.74442
2021-02-24,NKE,37.802388,38.6657,38.127718
2021-02-24,VZ,9.8286586,9.6777145,9.5140237
2021-02-24,WMT,13.673956,13.7146,13.405032
2021-02-25,AAPL,46.453441,46.749801,46.508829
2021-02-25,AMGN,35.269853,35.77871,34.904226
2021-02-25,CRM,38.848487,39.663593,38.433931
2021-02-25,CSCO,23.500651,23.163056,23.385104
2021-02-25,IBM,33.969695,34.377796,33.613922
2021-02-25,INTC,44.511906,45.095215,43.622722
2021-02-25,MSFT,150.16693,149.30584,148.78674
2021-02-25,NKE,37.129258,36.929491,36.73042
2021-02-25,VZ,9.7668364,9.916295,9.6483592
2021-02-25,WMT,13.867289,14.064132,13.646726
2021-02-26,AAPL,46.648696,46.726127,45.985655
2021-02-26,AMGN,34.74646,35.3178,34.027546
2021-02-26,CRM,39.237041,39.756754,37.539924
2021-02-26,CSCO,23.777494,24.080808,23.747108
2021-02-26,IBM,33.354944,33.695288,32.893547
2021-02-26,INTC,45.199659,45.572675,44.943988
2021-02-26,MSFT,147.98999,148.91573,146.17509
2021-02-26,NKE,37.263629,38.195592,36.774313
2021-02-26,VZ,9.7622367,9.7913595,9.7669371
2021-02-26,WMT,14.040465,14.218678,14.049355
2021-03-01,AAPL,47.019539,48.159265,46.401818
2021-03-01,AMGN,34.49239,35.001383,33.961578
2021-03-01,CRM,39.233575,39.857418,39.226277
2021-03-01,CSCO,24.007971,24.032025,23.800157
2021-03-01,IBM,33.488921,33.369848,33.704511
2021-03-01,INTC,46.415536,46.99757,46.527544
2021-03-01,MSFT,145.37253,147.93565,145.22704
2021-03-01,NKE,37.534429,37.688529,37.442394
2021-03-01,VZ,9.6129042,9.6852845,9.5727445
2021-03-01,WMT,14.135406,14.155221,13.84435
2021-03-02,AAPL,46.498885,47.496415,44.836177
2021-03-02,AMGN,34.235224,35.493526,34.54984
2021-03-02,CRM,37.954032,38.276907,37.525015
2021-03-02,CSCO,23.18518,23.200453,23.041001
2021-03-02,IBM,33.417886,33.868604,33.190212
2021-03-02,INTC,46.443073,46.433808,46.014793
2021-03-02,MSFT,146.67511,145.31343,143.78887
2021-03-02,NKE,39.172742,39.339816,40.125685
2021-03-02,VZ,9.6550093,9.7684705,9.5540229
2021-03-02,WMT,14.240068,14.280853,14.006674
2021-03-03,AAPL,47.407926,47.30345,46.926416
2021-03-03,AMGN,33.981404,34.554416,33.256439
2021-03-03,CRM,36.773845,36.593018,36.02451
2021-03-03,CSCO,23.238665,23.607817,23.373037
2021-03-03,IBM,33.478807,34.054858,33.040052
2021-03-03,INTC,46.668747,47.618961,45.788555
2021-03-03,MSFT,145.04569,149.12324,144.5507
2021-03-03,NKE,38.521775,39.442938,38.857581
2021-03-03,VZ,9.4717672,9.6844905,9.3916085
2021-03-03,WMT,14.246854,14.241387,14.367107
2021-03-04,AAPL,46.609688,46.857005,45.856903
2021-03-04,AMGN,34.142567,34.245317,33.376263
2021-03-04,CRM,36.162094,37.590501,34.182372
2021-03-04,CSCO,23.162378,23.720687,22.725076
2021-03-04,IBM,33.758561,34.689921,33.765825
2021-03-04,INTC,46.099401,46.752148,45.945673
2021-03-04,MSFT,145.45198,148.68687,142.20315
2021-03-04,NKE,37.737455,38.13649,37.75424
2021-03-04,VZ,9.6836264,9.8119263,9.5832348
2021-03-04,WMT,14.30332,14.326789,14.39239
2021-03-05,AAPL,46.524542,46.639375,45.324328
2021-03-05,AMGN,33.39905,33.658332,33.038587
2021-03-05,CRM,37.100457,36.922823,36.310239
2021-03-05,CSCO,22.450576,22.800708,22.730066
2021-03-05,IBM,33.416015,33.812174,32.738625
2021-03-05,INTC,46.787526,47.002539,46.60757
2021-03-05,MSFT,144.91745,145.37236,142.49448
2021-03-05,NKE,37.53521,38.231942,37.037068
2021-03-05,VZ,9.6149492,9.5452527,9.5242482
2021-03-05,WMT,14.258623,14.433989,14.114538
2021-03-08,AAPL,46.680545,47.400696,44.815706
2021-03-08,AMGN,32.669433,32.214186,32.081079
2021-03-08,CRM,37.633621,37.832462,37.565898
2021-03-08,CSCO,21.956381,21.62609,22.073369
2021-03-08,IBM,34.198202,34.507118,34.661765
2021-03-08,INTC,46.299419,47.034642,45.102957
2021-03-08,MSFT,144.05968,147.53574,142.31593
2021-03-08,NKE,37.230843,37.835077,36.585866
2021-03-08,VZ,9.5965553,9.5309367,9.4156416
2021-03-08,WMT,13.978081,14.035503,13.864734
2021-03-09,AAPL,45.846331,46.222415,45.790388
2021-03-09,AMGN,32.324491,32.927842,31.967678
2021-03-09,CRM,38.678554,38.31149,37.25408
2021-03-09,CSCO,22.947732,23.381989,22.530149
2021-03-09,IBM,33.405534,33.86816,33.313399
2021-03-09,INTC,46.505702,47.70719,46.199277
2021-03-09,MSFT,144.41527,145.4946,145.3963
2021-03-09,NKE,36.400811,37.137913,36.265687
2021-03-09,VZ,9.7071075,9.7930036,9.7090134
2021-03-09,WMT,13.67637,13.789553,13.576725
2021-03-10,AAPL,46.205638,46.607985,45.837471
2021-03-10,AMGN,31.687377,32.66045,31.150155
2021-03-10,CRM,39.992605,39.931236,39.611201
2021-03-10,CSCO,22.497018,22.690763,22.202735
2021-03-10,IBM,33.521252,33.441469,33.319742
2021-03-10,INTC,47.67576,47.907398,47.910763
2021-03-10,MSFT,145.91133,149.33212,140.71171
2021-03-10,NKE,36.619729,36.925661,36.581341
2021-03-10,VZ,9.5013418,9.4609992,9.3186122
2021-03-10,WMT,13.550578,13.673597,13.38452
2021-03-11,AAPL,44.552852,45.245347,44.443624
2021-03-11,AMGN,31.260002,31.251498,30.610233
2021-03-11,CRM,38.335366,38.923891,38.105962
2021-03-11,CSCO,22.289068,22.477262,22.055294
2021-03-11,IBM,33.108868,33.538171,32.726255
2021-03-11,INTC,47.832249,48.852745,47.255644
2021-03-11,MSFT,146.19861,148.79425,143.03642
2021-03-11,NKE,36.81135,36.811335,36.505493
2021-03-11,VZ,9.6117283,9.7124734,9.464476
2021-03-11,WMT,13.507913,13.502331,13.410009
2021-03-12,AAPL,43.454186,43.020717,43.360926
2021-03-12,AMGN,31.326095,31.796572,31.03929
2021-03-12,CRM,37.772147,39.027944,37.776475
2021-03-12,CSCO,22.355995,22.71878,22.1218
2021-03-12,IBM,32.712693,32.833391,32.807669
2021-03-12,INTC,47.866933,48.904174,47.113368
2021-03-12,MSFT,147.78943,148.27372,145.62155
2021-03-12,NKE,37.588595,38.218038,37.752968
2021-03-12,VZ,9.3604627,9.341,9.1557398
2021-03-12,WMT,13.461695,13.584265,13.426753
2021-03-15,AAPL,43.621367,44.350214,43.12723
2021-03-15,AMGN,31.220251,31.767012,31.032102
2021-03-15,CRM,36.925772,36.829562,37.174211
2021-03-15,CSCO,22.527987,22.791554,22.359634
2021-03-15,IBM,32.397161,32.619383,32.380659
2021-03-15,INTC,47.560162,48.320871,47.20021
2021-03-15,MSFT,146.45088,148.95207,146.74035
2021-03-15,NKE,37.327763,37.495668,37.370157
2021-03-15,VZ,9.3272131,9.3880424,9.1033634
2021-03-15,WMT,13.352818,13.672649,13.449141
2021-03-16,AAPL,45.203367,45.370416,45.112773
2021-03-16,AMGN,31.609648,32.336425,30.988803
2021-03-16,CRM,36.280209,35.852758,35.204573
2021-03-16,CSCO,23.156326,23.682324,22.698598
2021-03-16,IBM,32.539419,32.830069,32.685549
2021-03-16,INTC,47.480434,47.602324,46.893605
2021-03-16,MSFT,148.65039,153.35816,147.87884
2021-03-16,NKE,37.307945,37.77898,36.789699
2021-03-16,VZ,9.0052427,9.0674718,9.0609599
2021-03-16,WMT,13.164165,13.230147,13.094281
2021-03-17,AAPL,46.486132,47.309167,47.403125
2021-03-17,AMGN,31.002117,31.350489,30.587708
2021-03-17,CRM,34.784736,35.926594,34.182161
2021-03-17,CSCO,22.978999,23.191088,22.528584
2021-03-17,IBM,31.987825,32.010327,31.898799
2021-03-17,INTC,48.645846,48.615117,47.802516
2021-03-17,MSFT,147.35233,147.57387,145.49238
2021-03-17,NKE,38.204125,39.110204,37.675622
2021-03-17,VZ,8.8695206,8.9234762,8.8635552
2021-03-17,WMT,12.986531,13.031981,12.917947
2021-03-18,AAPL,46.840704,46.404628,45.897542
2021-03-18,AMGN,30.767687,30.935265,30.051596
2021-03-18,CRM,33.513245,34.03162,34.416682
2021-03-18,CSCO,23.20395,23.426023,23.25179
2021-03-18,IBM,32.454193,33.121774,32.542562
2021-03-18,INTC,46.392741,47.063258,45.180811
2021-03-18,MSFT,147.55235,146.73321,146.46442
2021-03-18,NKE,39.178407,39.740909,38.571513
2021-03-18,VZ,8.8194551,8.8852219,8.6627681
2021-03-18,WMT,12.918006,13.231756,12.830752
2021-03-19,AAPL,47.688711,49.186874,47.898963
2021-03-19,AMGN,29.766907,30.447624,29.908623
2021-03-19,CRM,32.004109,32.249936,30.792649
2021-03-19,CSCO,23.828157,23.84046,23.351515
2021-03-19,IBM,33.13919,33.66975,33.310626
2021-03-19,INTC,48.05111,47.35452,47.17795
2021-03-19,MSFT,150.53474,151.80446,148.98453
2021-03-19,NKE,39.824531,40.349979,40.036571
2021-03-19,VZ,8.9351965,9.0215905,8.81126
2021-03-19,WMT,12.984702,13.005526,12.783455
2021-03-22,AAPL,48.672581,49.506424,47.228349
2021-03-22,AMGN,29.789328,30.189722,29.257239
2021-03-22,CRM,32.27837,32.694506,32.237948
2021-03-22,CSCO,23.950792,24.156843,24.065966
2021-03-22,IBM,32.336226,32.784078,32.419304
2021-03-22,INTC,48.224513,48.401462,47.315434
2021-03-22,MSFT,149.86257,149.38342,149.22493
2021-03-22,NKE,39.960207,39.751143,39.685229
2021-03-22,VZ,8.8626792,8.9167389,8.696133
2021-03-22,WMT,13.124967,13.339348,12.8396
2021-03-23,AAPL,47.663024,49.061362,46.832073
2021-03-23,AMGN,30.110533,30.50472,29.827413
2021-03-23,CRM,33.094523,34.315065,32.383697
2021-03-23,CSCO,23.366615,23.694097,23.777331
2021-03-23,IBM,32.546729,32.533933,32.352776
2021-03-23,INTC,50.291477,50.386106,49.473413
2021-03-23,MSFT,151.93624,150.92523,148.52673
2021-03-23,NKE,40.392089,41.258043,40.345587
2021-03-23,VZ,8.8048091,8.87024,8.7256204
2021-03-23,WMT,13.016423,13.149494,13.22624
2021-03-24,AAPL,46.123085,46.466355,45.117105
2021-03-24,AMGN,29.696101,29.852228,29.453467
2021-03-24,CRM,32.701237,32.881977,32.170157
2021-03-24,CSCO,23.50991,23.570076,23.356024
2021-03-24,IBM,31.741283,32.075735,31.768701
2021-03-24,INTC,49.456794,49.364626,49.270982
2021-03-24,MSFT,152.26505,153.50268,150.778
2021-03-24,NKE,41.079151,41.475471,41.212688
2021-03-24,VZ,8.6726624,8.831446,8.5816268
2021-03-24,WMT,12.958209,13.126587,12.812245
2021-03-25,AAPL,45.237646,45.220675,43.757124
2021-03-25,AMGN,29.002708,29.775698,28.695406
2021-03-25,CRM,33.455028,34.14416,33.214818
2021-03-25,CSCO,22.23239,22.161101,22.27894
2021-03-25,IBM,31.758956,31.921245,31.206775
2021-03-25,INTC,48.515645,49.545625,47.812048
2021-03-25,MSFT,152.24317,153.01538,150.93577
2021-03-25,NKE,41.459474,41.557975,41.74617
2021-03-25,VZ,8.5451625,8.5578662,8.5137597
2021-03-25,WMT,12.953306,12.955331,13.083062
2021-03-26,AAPL,44.23754,44.692182,43.945377
2021-03-26,AMGN,28.517296,29.151298,28.194893
2021-03-26,CRM,32.646582,33.377255,31.845993
2021-03-26,CSCO,21.800469,22.021631,21.627194
2021-03-26,IBM,31.589177,31.74393,31.920211
2021-03-26,INTC,48.810291,48.920985,48.625831
2021-03-26,MSFT,156.94502,157.34386,151.90514
2021-03-26,NKE,42.481418,43.179749,42.523279
2021-03-26,VZ,8.5402071,8.867843,8.2970024
2021-03-26,WMT,12.684045,12.604671,12.616354
2021-03-29,AAPL,43.746056,44.112228,43.612134
2021-03-29,AMGN,28.497733,28.837167,28.273888
2021-03-29,CRM,32.840473,33.658211,31.60284
2021-03-29,CSCO,22.502,22.687497,22.164433
2021-03-29,IBM,31.299084,31.541701,30.766866
2021-03-29,INTC,48.105385,48.372078,48.224452
2021-03-29,MSFT,157.26331,160.0421,157.00863
2021-03-29,NKE,42.169519,42.557879,41.453267
2021-03-29,VZ,8.4772152,8.6337766,8.3605103
2021-03-29,WMT,12.692626,12.913728,12.614329
2021-03-30,AAPL,43.629512,43.68509,43.692736
2021-03-30,AMGN,28.765255,29.352842,29.302565
2021-03-30,CRM,32.970228,33.333613,33.453328
2021-03-30,CSCO,22.230488,22.382407,22.36022
2021-03-30,IBM,30.974846,31.866615,30.885547
2021-03-30,INTC,49.537721,50.586578,48.783318
2021-03-30,MSFT,154.48159,154.94425,150.74136
2021-03-30,NKE,42.436729,43.228475,42.284657
2021-03-30,VZ,8.5801454,8.6024533,8.425918
2021-03-30,WMT,12.672225,12.948536,12.639376
2021-03-31,AAPL,43.03753,43.518327,42.547968
2021-03-31,AMGN,27.975632,27.900544,27.943695
2021-03-31,CRM,33.299332,34.095541,33.619996
2021-03-31,CSCO,22.100222,22.369639,21.894331
2021-03-31,IBM,31.447798,31.472604,31.489849
2021-03-31,INTC,50.280759,50.620124,49.8647
2021-03-31,MSFT,151.21842,152.74046,148.42295
2021-03-31,NKE,42.20715,42.850666,42.227306
2021-03-31,VZ,8.4638954,8.6110302,8.2595548
2021-03-31,WMT,12.57387,12.730145,12.471147
2021-04-01,AAPL,43.348849,44.386087,42.508047
2021-04-01,AMGN,28.029874,28.332667,28.109757
2021-04-01,CRM,34.049369,34.163597,34.045373
2021-04-01,CSCO,22.792431,23.355769,23.195106
2021-04-01,IBM,31.655601,32.001817,31.812396
2021-04-01,INTC,50.638488,51.141733,50.238003
2021-04-01,MSFT,155.30872,156.78347,154.72379
2021-04-01,NKE,42.943539,44.845367,42.208918
2021-04-01,VZ,8.4415847,8.5444885,8.4397064
2021-04-01,WMT,12.601711,12.697866,12.404954
2021-04-05,AAPL,42.891825,42.942158,42.257455
2021-04-05,AMGN,28.391515,28.395465,28.446626
2021-04-05,CRM,34.419513,34.599985,34.96035
2021-04-05,CSCO,22.714475,22.737339,22.59244
2021-04-05,IBM,32.404751,32.906115,32.200308
2021-04-05,INTC,49.663999,49.480712,50.127573
2021-04-05,MSFT,159.99464,159.58747,159.22754
2021-04-05,NKE,43.512404,44.674611,42.997462
2021-04-05,VZ,8.2932215,8.3999895,8.1958074
2021-04-05,WMT,12.435801,12.570736,12.297406
2021-04-06,AAPL,42.976327,43.889769,43.138491
2021-04-06,AMGN,29.262132,29.481502,29.386215
2021-04-06,CRM,33.405135,34.464015,32.550666
2021-04-06,CSCO,23.063034,22.908743,22.718187
2021-04-06,IBM,32.600797,32.427654,32.735206
2021-04-06,INTC,49.261512,49.480665,48.765294
2021-04-06,MSFT,157.47424,159.22505,155.28535
2021-04-06,NKE,43.856662,44.087159,43.07052
2021-04-06,VZ,8.4347952,8.3179514,8.3165583
2021-04-06,WMT,12.47197,12.633368,12.462969
2021-04-07,AAPL,44.218504,44.529308,42.501052
2021-04-07,AMGN,28.923039,29.472716,28.735389
2021-04-07,CRM,32.670796,33.129112,32.352705
2021-04-07,CSCO,22.728681,22.686519,22.877935
2021-04-07,IBM,32.212125,32.64003,31.785998
2021-04-07,INTC,49.087249,49.486771,47.675008
2021-04-07,MSFT,161.59146,163.53533,160.94672
2021-04-07,NKE,45.321172,45.043184,44.799276
2021-04-07,VZ,8.3905022,8.4718686,8.3927927
2021-04-07,WMT,12.073403,12.082082,11.944951
2021-04-08,AAPL,43.967394,43.537949,43.852289
2021-04-08,AMGN,28.664118,29.080934,28.279003
2021-04-08,CRM,33.226655,33.4204,33.386855
2021-04-08,CSCO,22.163039,21.962079,22.183668
2021-04-08,IBM,31.882469,32.219624,31.684858
2021-04-08,INTC,49.331687,49.610666,48.476316
2021-04-08,MSFT,162.05578,160.81347,158.69744
2021-04-08,NKE,45.993352,46.553111,45.571846
2021-04-08,VZ,8.4015233,8.547006,8.3335764
2021-04-08,WMT,12.23269,12.297492,12.327261
2021-04-09,AAPL,46.833174,48.355214,45.412288
2021-04-09,AMGN,28.142703,28.923187,27.999092
2021-04-09,CRM,33.981256,34.466094,33.589581
2021-04-09,CSCO,23.02774,22.98075,22.927481
2021-04-09,IBM,31.812547,32.036406,31.126285
2021-04-09,INTC,49.877765,50.900298,48.784244
2021-04-09,MSFT,162.62353,166.16935,161.96558
2021-04-09,NKE,45.764958,46.278723,45.783741
2021-04-09,VZ,8.154409,8.0968764,8.0336206
2021-04-09,WMT,12.175954,12.286595,11.924909
2021-04-12,AAPL,46.328655,46.115803,45.657333
2021-04-12,AMGN,27.332669,27.355819,27.105399
2021-04-12,CRM,34.454533,34.435919,33.536593
2021-04-12,CSCO,23.314699,23.776879,22.956927
2021-04-12,IBM,31.434139,31.600052,31.241923
2021-04-12,INTC,50.68393,51.276082,49.806665
2021-04-12,MSFT,161.74233,163.91116,158.06589
2021-04-12,NKE,45.111172,45.220134,44.992226
2021-04-12,VZ,8.0523492,8.1710081,7.9835915
2021-04-12,WMT,12.32896,12.193502,12.321921
2021-04-13,AAPL,46.342734,47.084247,46.081755
2021-04-13,AMGN,28.477048,29.558164,27.650326
2021-04-13,CRM,34.364463,33.775512,34.231351
2021-04-13,CSCO,22.628664,23.441831,22.36614
2021-04-13,IBM,31.596044,31.603306,31.373809
2021-04-13,INTC,51.514038,51.800704,50.702606
2021-04-13,MSFT,158.16192,159.43678,156.5512
2021-04-13,NKE,44.693349,44.809592,43.961551
2021-04-13,VZ,8.0172965,8.0561768,7.8524406
2021-04-13,WMT,12.27947,12.246785,12.163846
2021-04-14,AAPL,45.511591,45.832032,44.797944
2021-04-14,AMGN,28.189989,28.670575,28.077788
2021-04-14,CRM,33.660917,33.534984,32.593047
2021-04-14,CSCO,22.532746,22.314122,22.256951
2021-04-14,IBM,31.428863,31.631221,31.279453
2021-04-14,INTC,50.395973,50.166321,49.367851
2021-04-14,MSFT,161.63836,164.32878,160.58166
2021-04-14,NKE,46.081626,46.480521,45.867399
2021-04-14,VZ,8.0371156,8.1248228,7.8142148
2021-04-14,WMT,12.377672,12.712183,12.135704
2021-04-15,AAPL,45.440124,45.982435,44.385776
2021-04-15,AMGN,28.267836,28.518296,28.081072
2021-04-15,CRM,33.354852,33.703919,32.76893
2021-04-15,CSCO,22.255363,22.330086,21.70251
2021-04-15,IBM,31.164762,31.348483,31.065674
2021-04-15,INTC,50.144355,50.514834,49.755544
2021-04-15,MSFT,165.72058,168.1278,162.41158
2021-04-15,NKE,46.439993,46.954577,46.653021
2021-04-15,VZ,8.0487646,8.2820064,7.8652827
2021-04-15,WMT,12.126884,12.163929,12.051843
2021-04-16,AAPL,43.984464,44.18659,43.181643
2021-04-16,AMGN,27.903928,28.416175,27.028416
2021-04-16,CRM,32.962936,34.714902,32.63535
2021-04-16,CSCO,22.10944,22.200299,22.135691
2021-04-16,IBM,31.310516,31.31448,31.12393
2021-04-16,INTC,50.773124,51.174806,50.720445
2021-04-16,MSFT,166.66883,165.52478,163.96969
2021-04-16,NKE,44.857475,45.47775,45.710475
2021-04-16,VZ,8.0512686,7.9956758,7.9205572
2021-04-16,WMT,11.935623,11.895435,11.799304
2021-04-19,AAPL,44.041919,44.05853,42.572848
2021-04-19,AMGN,28.221062,28.37923,27.941274
2021-04-19,CRM,33.453215,34.759427,32.653415
2021-04-19,CSCO,22.451431,23.004827,22.183664
2021-04-19,IBM,30.984335,31.071331,30.822957
2021-04-19,INTC,50.757595,50.888981,50.152063
2021-04-19,MSFT,165.51315,166.54921,166.20915
2021-04-19,NKE,45.051631,45.463956,44.357632
2021-04-19,VZ,7.9315528,8.0060858,7.8670516
2021-04-19,WMT,11.801071,12.104831,11.774708
2021-04-20,AAPL,44.23036,45.005468,42.764167
2021-04-20,AMGN,27.9757,27.75433,27.547177
2021-04-20,CRM,35.032301,35.432128,34.792903
2021-04-20,CSCO,22.050802,22.800238,21.74973
2021-04-20,IBM,30.422285,30.920071,29.996364
2021-04-20,INTC,49.675422,51.273738,49.284336
2021-04-20,MSFT,159.58462,157.14987,158.78255
2021-04-20,NKE,45.914018,46.144671,45.631156
2021-04-20,VZ,8.0039272,8.0328921,7.9830615
2021-04-20,WMT,11.727564,11.833502,11.648397
2021-04-21,AAPL,44.280916,44.679172,43.264073
2021-04-21,AMGN,28.143186,28.403172,27.74716
2021-04-21,CRM,35.321911,35.638042,35.103491
2021-04-21,CSCO,22.295073,22.592112,22.11362
2021-04-21,IBM,29.992177,30.029336,29.896372
2021-04-21,INTC,49.33629,49.74682,48.952418
2021-04-21,MSFT,162.66664,163.80123,162.72265
2021-04-21,NKE,46.481087,47.3631,45.783525
2021-04-21,VZ,8.0271899,8.2296513,7.8443817
2021-04-21,WMT,11.476009,11.562229,11.42991
2021-04-22,AAPL,44.655738,45.358041,43.675094
2021-04-22,AMGN,28.122775,28.554053,27.81224
2021-04-22,CRM,33.82133,34.335761,33.602094
2021-04-22,CSCO,22.176246,22.448953,22.118957
2021-04-22,IBM,30.079415,30.179945,30.042018
2021-04-22,INTC,48.820571,49.418184,47.572082
2021-04-22,MSFT,160.71148,165.3385,159.90235
2021-04-22,NKE,45.598449,45.923567,44.383209
2021-04-22,VZ,7.8287915,7.9121647,7.6598323
2021-04-22,WMT,11.574498,11.760746,11.505879
2021-04-23,AAPL,44.930951,46.000458,44.056645
2021-04-23,AMGN,28.499711,28.858259,28.717673
2021-04-23,CRM,33.72334,33.919527,33.957835
2021-04-23,CSCO,22.143993,22.373028,21.579196
2021-04-23,IBM,29.64715,30.071715,29.434325
2021-04-23,INTC,48.816846,49.121882,48.073854
2021-04-23,MSFT,155.72067,152.7844,153.52057
2021-04-23,NKE,44.430995,45.207316,43.723196
2021-04-23,VZ,7.8981912,8.0567377,7.6890597
2021-04-23,WMT,11.434257,11.463819,11.534368
2021-04-26,AAPL,43.252075,42.863427,42.285217
2021-04-26,AMGN,28.713212,28.7589,28.311971
2021-04-26,CRM,35.770883,35.517874,35.557971
2021-04-26,CSCO,21.092566,20.981346,21.164336
2021-04-26,IBM,29.316008,29.887496,28.913672
2021-04-26,INTC,48.269974,48.649805,47.365432
2021-04-26,MSFT,153.78469,156.30798,149.68384
2021-04-26,NKE,45.33055,45.204244,45.77047
2021-04-26,VZ,7.8196545,7.9518631,7.6583196
2021-04-26,WMT,11.192912,11.376513,11.097757
2021-04-27,AAPL,42.842898,43.865721,41.408248
2021-04-27,AMGN,28.59778,28.811904,28.545633
2021-04-27,CRM,33.252029,33.388706,33.37878
2021-04-27,CSCO,20.857831,21.264522,20.527319
2021-04-27,IBM,29.135954,29.357931,28.873513
2021-04-27,INTC,49.447206,50.780616,49.453584
2021-04-27,MSFT,151.4845,149.62087,146.60935
2021-04-27,NKE,44.280251,44.72621,43.826095
2021-04-27,VZ,7.7621413,7.8402808,7.7287419
2021-04-27,WMT,11.317301,11.392408,11.177496
2021-04-28,AAPL,42.817557,43.16608,42.245567
2021-04-28,AMGN,29.082804,29.482604,28.509828
2021-04-28,CRM,33.012507,33.538477,32.595894
2021-04-28,CSCO,20.556786,20.575016,20.235684
2021-04-28,IBM,29.09816,29.532818,28.634819
2021-04-28,INTC,49.893782,50.059333,50.626997
2021-04-28,MSFT,148.72946,150.15379,150.06268
2021-04-28,NKE,42.996337,44.018405,42.618737
2021-04-28,VZ,7.5690744,7.5542946,7.5313698
2021-04-28,WMT,11.095564,11.096691,11.016091
2021-04-29,AAPL,43.967087,44.790975,42.527209
2021-04-29,AMGN,29.520979,30.233936,29.379573
2021-04-29,CRM,33.592447,34.247268,33.249661
2021-04-29,CSCO,20.374343,20.585586,20.369481
2021-04-29,IBM,29.188591,29.566964,28.958278
2021-04-29,INTC,49.957428,51.270389,49.712989
2021-04-29,MSFT,146.17207,149.38065,143.62436
2021-04-29,NKE,43.004423,43.85314,43.165443
2021-04-29,VZ,7.7071457,7.6448628,7.5207231
2021-04-29,WMT,11.17998,11.307444,11.208006
2021-04-30,AAPL,43.000632,43.193249,43.019419
2021-04-30,AMGN,29.260118,29.938117,29.576567
2021-04-30,CRM,33.479087,33.799534,32.613888
2021-04-30,CSCO,20.29696,20.491877,20.505391
2021-04-30,IBM,28.515024,28.636704,27.961531
2021-04-30,INTC,48.972898,49.002841,48.123477
2021-04-30,MSFT,147.47573,150.20786,145.90255
2021-04-30,NKE,41.25036,42.431127,40.920204
2021-04-30,VZ,7.8021724,7.8668863,7.7419531
2021-04-30,WMT,11.016941,10.980381,10.853514
2021-05-03,AAPL,43.043035,43.829704,42.902108
2021-05-03,AMGN,29.131311,29.411175,29.120201
2021-05-03,CRM,34.261854,35.50624,33.911268
2021-05-03,CSCO,20.425711,20.749957,20.311305
2021-05-03,IBM,27.741647,28.349607,27.455836
2021-05-03,INTC,48.240124,49.453481,48.550747
2021-05-03,MSFT,149.31602,150.05073,147.36385
2021-05-03,NKE,41.39784,41.916159,41.212462
2021-05-03,VZ,7.5315003,7.6564218,7.4396326
2021-05-03,WMT,10.845878,10.960017,10.801255
2021-05-04,AAPL,42.715366,42.389871,42.668914
2021-05-04,AMGN,29.358553,29.826107,28.88306
2021-05-04,CRM,34.611111,34.965671,33.006776
2021-05-04,CSCO,20.568496,20.365324,20.499356
2021-05-04,IBM,27.483054,27.997889,27.252378
2021-05-04,INTC,48.389276,49.702452,48.184669
2021-05-04,MSFT,150.42222,147.58924,151.15769
2021-05-04,NKE,42.747041,43.326046,41.940071
2021-05-04,VZ,7.526903,7.6133736,7.4157942
2021-05-04,WMT,10.668213,10.732342,10.555599
2021-05-05,AAPL,41.841917,41.389198,40.854054
2021-05-05,AMGN,28.636221,29.170022,28.527665
2021-05-05,CRM,33.895222,35.33507,33.7005
2021-05-05,CSCO,19.975478,20.039089,19.436186
2021-05-05,IBM,27.45818,27.661761,26.923668
2021-05-05,INTC,46.620322,47.975509,46.541888
2021-05-05,MSFT,154.8682,156.69649,153.24372
2021-05-05,NKE,42.85663,42.589158,42.910999
2021-05-05,VZ,7.5633346,7.5675848,7.5040139
2021-05-05,WMT,10.85938,10.969232,10.794557
2021-05-06,AAPL,41.56232,41.884637,41.213326
2021-05-06,AMGN,27.580848,27.764826,27.229422
2021-05-06,CRM,32.596084,33.217921,32.373026
2021-05-06,CSCO,20.061198,20.082826,19.847932
2021-05-06,IBM,27.487417,27.63882,27.689888
2021-05-06,INTC,48.027293,48.873933,46.769782
2021-05-06,MSFT,154.60353,153.88076,152.01476
2021-05-06,NKE,43.615774,44.633292,43.448847
2021-05-06,VZ,7.468235,7.572293,7.5348246
2021-05-06,WMT,10.865661,10.895498,10.816078
2021-05-07,AAPL,41.785073,41.745385,40.983331
2021-05-07,AMGN,26.775091,27.080295,26.602999
2021-05-07,CRM,32.204882,32.78806,31.960248
2021-05-07,CSCO,19.456889,19.398867,19.123608
2021-05-07,IBM,27.505983,27.441846,27.305615
2021-05-07,INTC,48.596839,48.53246,47.780031
2021-05-07,MSFT,151.05387,151.0865,146.18018
2021-05-07,NKE,44.704411,45.435687,44.134082
2021-05-07,VZ,7.4165358,7.5182281,7.4442335
2021-05-07,WMT,10.986094,11.016498,10.865688
2021-05-10,AAPL,40.732162,41.031586,39.952837
2021-05-10,AMGN,26.001405,26.580232,26.006454
2021-05-10,CRM,31.83774,32.506557,31.306523
2021-05-10,CSCO,19.371047,19.082805,19.408029
2021-05-10,IBM,27.883517,27.84988,27.611374
2021-05-10,INTC,49.760676,49.833069,49.273213
2021-05-10,MSFT,147.95861,149.23283,146.34655
2021-05-10,NKE,46.278137,46.563747,46.570847
2021-05-10,VZ,7.2009719,7.2082281,7.0857333
2021-05-10,WMT,10.949895,10.984725,10.885609
2021-05-11,AAPL,39.914672,39.782304,39.64489
2021-05-11,AMGN,26.213352,26.174405,25.464863
2021-05-11,CRM,33.808065,34.310055,33.15723
2021-05-11,CSCO,19.087008,19.053946,18.914597
2021-05-11,IBM,27.138655,28.091351,26.69538
2021-05-11,INTC,50.245538,51.149234,50.285681
2021-05-11,MSFT,149.14383,150.35133,149.27207
2021-05-11,NKE,45.725157,46.507923,45.724885
2021-05-11,VZ,7.1636254,7.1737262,7.1917808
2021-05-11,WMT,11.155067,11.218558,11.089556
2021-05-12,AAPL,39.201299,39.552823,37.910993
2021-05-12,AMGN,26.15306,26.461761,25.501565
2021-05-12,CRM,33.427436,33.553214,32.365813
2021-05-12,CSCO,18.584267,18.634814,18.291091
2021-05-12,IBM,26.811578,27.046226,26.694055
2021-05-12,INTC,51.410297,51.494926,51.353233
2021-05-12,MSFT,147.14246,145.26936,146.66369
2021-05-12,NKE,46.109163,46.497281,45.36126
2021-05-12,VZ,7.0984184,7.1541304,6.9771532
2021-05-12,WMT,11.101394,11.178829,11.017877
2021-05-13,AAPL,39.914032,40.26709,38.858909
2021-05-13,AMGN,25.996681,26.289881,26.117664
2021-05-13,CRM,32.717077,33.804568,32.181163
2021-05-13,CSCO,18.585784,18.708056,18.425424
2021-05-13,IBM,26.330515,26.368539,26.07803
2021-05-13,INTC,52.846312,53.399526,52.618818
2021-05-13,MSFT,144.63039,146.6631,142.77529
2021-05-13,NKE,47.021436,47.94729,46.722394
2021-05-13,VZ,7.1906448,7.2240667,7.1871504
2021-05-13,WMT,11.019747,10.836006,10.933903
2021-05-14,AAPL,40.885195,42.391936,40.955345
2021-05-14,AMGN,26.406229,26.30438,25.840984
2021-05-14,CRM,33.120883,33.197611,32.037883
2021-05-14,CSCO,18.590935,18.538854,18.43606
2021-05-14,IBM,25.825147,26.123433,25.857805
2021-05-14,INTC,53.577219,53.820835,52.684177
2021-05-14,MSFT,149.40569,150.16693,146.63898
2021-05-14,NKE,45.374963,45.33857,45.490155
2021-05-14,VZ,7.168021,7.2818713,7.2255986
2021-05-14,WMT,10.965866,11.061481,10.919788
2021-05-17,AAPL,41.202314,41.814597,40.577337
2021-05-17,AMGN,26.025516,26.825054,25.555498
2021-05-17,CRM,33.446797,33.400919,33.518355
2021-05-17,CSCO,18.037854,18.031631,18.024344
2021-05-17,IBM,25.673773,25.83103,25.210422
2021-05-17,INTC,52.975623,53.953486,51.809881
2021-05-17,MSFT,151.21977,151.42333,150.29629
2021-05-17,NKE,45.117685,44.820636,43.905799
2021-05-17,VZ,7.268874,7.3468493,7.2269489
2021-05-17,WMT,10.974526,11.177835,10.739498
2021-05-18,AAPL,41.344777,42.572891,40.872873
2021-05-18,AMGN,25.640988,25.623761,25.400435
2021-05-18,CRM,32.217042,32.524825,31.821647
2021-05-18,CSCO,17.994112,17.768804,17.832434
2021-05-18,IBM,25.47803,25.575042,25.432326
2021-05-18,INTC,52.072971,52.492603,51.308097
2021-05-18,MSFT,147.26994,146.40175,146.79792
2021-05-18,NKE,43.958962,44.222267,42.768724
2021-05-18,VZ,7.4894966,7.44018,7.5610568
2021-05-18,WMT,10.950339,11.115335,10.91822
2021-05-19,AAPL,40.95283,40.859062,40.322974
2021-05-19,AMGN,25.484876,25.772931,25.907987
2021-05-19,CRM,31.524323,31.506516,31.372038
2021-05-19,CSCO,17.662451,17.971842,17.516324
2021-05-19,IBM,25.643087,25.86554,25.80273
2021-05-19,INTC,52.999639,53.026522,52.989761
2021-05-19,MSFT,143.71715,146.5531,141.96368
2021-05-19,NKE,43.718129,44.616188,42.611963
2021-05-19,VZ,7.5358142,7.5977529,7.4736748
2021-05-19,WMT,10.978297,11.062139,10.857719
2021-05-20,AAPL,39.972498,39.996752,39.730498
2021-05-20,AMGN,25.512641,25.662022,25.248743
2021-05-20,CRM,31.352116,32.042593,31.887732
2021-05-20,CSCO,17.500038,17.696417,17.459926
2021-05-20,IBM,25.300373,25.301757,24.989641
2021-05-20,INTC,53.804671,53.289128,53.594275
2021-05-20,MSFT,143.63045,146.21309,142.43981
2021-05-20,NKE,43.37159,43.78755,43.279667
2021-05-20,VZ,7.5134014,7.5181296,7.5467149
2021-05-20,WMT,10.967178,10.969856,11.006359
2021-05-21,AAPL,39.641582,39.908052,38.827788
2021-05-21,AMGN,26.225002,26.902445,25.904429
2021-05-21,CRM,30.721504,31.618347,29.8043
2021-05-21,CSCO,17.108709,17.282865,17.127499
2021-05-21,IBM,25.179395,25.027707,25.282537
2021-05-21,INTC,53.715247,53.772557,52.858433
2021-05-21,MSFT,143.66145,144.56456,143.53653
2021-05-21,NKE,43.029424,43.535917,42.870227
2021-05-21,VZ,7.398002,7.506716,7.3537632
2021-05-21,WMT,10.896694,11.042106,10.82962
2021-05-24,AAPL,40.457976,40.828723,39.705126
2021-05-24,AMGN,27.227899,27.956021,27.06729
2021-05-24,CRM,30.702679,31.065916,30.426563
2021-05-24,CSCO,16.834494,16.802854,16.9402
2021-05-24,IBM,24.914214,25.271372,24.909396
2021-05-24,INTC,54.086491,53.387679,54.541105
2021-05-24,MSFT,143.8178,144.93839,141.54906
2021-05-24,NKE,42.042796,42.238816,42.427609
2021-05-24,VZ,7.3488495,7.3579473,7.2997959
2021-05-24,WMT,10.696308,10.890578,10.513374
2021-05-25,AAPL,41.241575,42.360484,41.189985
2021-05-25,AMGN,27.930597,28.636093,27.791159
2021-05-25,CRM,31.021372,32.190991,30.285487
2021-05-25,CSCO,17.065142,17.262789,16.863306
2021-05-25,IBM,25.05526,25.067267,25.182839
2021-05-25,INTC,53.627894,54.16533,52.336088
2021-05-25,MSFT,145.92643,147.04314,143.75234
2021-05-25,NKE,42.317644,42.922947,41.998521
2021-05-25,VZ,7.2762239,7.3619172,7.1147721
2021-05-25,WMT,10.803688,10.870767,10.669202
2021-05-26,AAPL,40.880318,41.990069,39.888528
2021-05-26,AMGN,28.232781,28.410852,28.669229
2021-05-26,CRM,31.668946,31.696936,32.259166
2021-05-26,CSCO,16.538338,16.892932,16.194317
2021-05-26,IBM,24.986246,24.633818,24.884987
2021-05-26,INTC,52.922506,52.664597,52.20254
2021-05-26,MSFT,145.89293,147.96645,145.0153
2021-05-26,NKE,41.915992,42.116672,41.118904
2021-05-26,VZ,7.5023197,7.5250155,7.5635305
2021-05-26,WMT,10.835857,10.986866,10.814237
2021-05-27,AAPL,40.18941,40.97915,39.727718
2021-05-27,AMGN,28.270806,28.247114,28.072675
2021-05-27,CRM,33.027737,32.489642,32.219791
2021-05-27,CSCO,16.816132,16.737471,16.289991
2021-05-27,IBM,24.375552,24.591903,24.222376
2021-05-27,INTC,53.030735,53.096557,52.807988
2021-05-27,MSFT,147.23387,147.82703,145.75111
2021-05-27,NKE,41.816653,42.168335,40.603739
2021-05-27,VZ,7.5723287,7.5834868,7.7028011
2021-05-27,WMT,10.871485,10.920852,10.729749
2021-05-28,AAPL,38.331518,38.167433,37.825643
2021-05-28,AMGN,28.935726,28.928116,28.915102
2021-05-28,CRM,33.59138,33.69762,32.883679
2021-05-28,CSCO,16.591477,16.764229,16.200577
2021-05-28,IBM,24.677827,24.856052,24.601211
2021-05-28,INTC,53.222376,54.60201,53.280899
2021-05-28,MSFT,146.70139,146.56717,145.22022
2021-05-28,NKE,41.033863,41.953688,39.98005
2021-05-28,VZ,7.4921095,7.5183996,7.521731
2021-05-28,WMT,10.936654,11.072528,10.877588
2021-06-01,AAPL,39.219249,40.039301,37.730281
2021-06-01,AMGN,29.232634,30.034891,29.05287
2021-06-01,CRM,32.943022,33.506119,31.242762
2021-06-01,CSCO,16.524417,16.626561,16.238419
2021-06-01,IBM,24.87767,25.32222,24.824396
2021-06-01,INTC,53.711773,53.875298,52.983358
2021-06-01,MSFT,149.25775,150.05972,148.39037
2021-06-01,NKE,40.555814,41.24939,40.366207
2021-06-01,VZ,7.4716934,7.6042707,7.4097718
2021-06-01,WMT,10.724379,10.919896,10.492752
2021-06-02,AAPL,38.982656,39.755361,38.885432
2021-06-02,AMGN,29.897294,30.642691,29.663606
2021-06-02,CRM,32.403555,32.594718,31.558601
2021-06-02,CSCO,16.501898,16.767601,16.26775
2021-06-02,IBM,25.484877,25.485952,25.401671
2021-06-02,INTC,54.409124,54.922017,53.422761
2021-06-02,MSFT,146.29527,147.95988,146.7283
2021-06-02,NKE,40.492535,40.698043,40.046925
2021-06-02,VZ,7.4245822,7.4637496,7.3900504
2021-06-02,WMT,10.516058,10.574239,10.400263
2021-06-03,AAPL,38.228931,38.386931,38.215713
2021-06-03,AMGN,29.610182,30.30368,29.517703
2021-06-03,CRM,32.993008,33.735489,32.478444
2021-06-03,CSCO,16.616255,16.482881,16.422869
2021-06-03,IBM,25.554041,25.915101,25.689439
2021-06-03,INTC,53.764732,54.289074,52.600254
2021-06-03,MSFT,145.66216,147.89865,143.93069
2021-06-03,NKE,40.993076,41.175279,40.125379
2021-06-03,VZ,7.5078547,7.6527024,7.4528673
2021-06-03,WMT,10.649264,10.829884,10.520303
2021-06-04,AAPL,37.822686,38.141518,37.086119
2021-06-04,AMGN,29.811155,30.856453,29.512116
2021-06-04,CRM,31.972862,33.408507,31.226576
2021-06-04,CSCO,17.22417,17.569555,17.255173
2021-06-04,IBM,25.606768,25.988201,25.156339
2021-06-04,INTC,52.85499,53.040612,52.224166
2021-06-04,MSFT,148.23074,149.82912,148.448
2021-06-04,NKE,41.058231,41.84804,40.585987
2021-06-04,VZ,7.474409,7.5905987,7.3286445
2021-06-04,WMT,10.612238,10.728198,10.524038
2021-06-07,AAPL,37.302163,38.623977,37.2079
2021-06-07,AMGN,30.234548,30.800932,29.457
2021-06-07,CRM,31.629428,31.074489,31.223826
2021-06-07,CSCO,16.82506,16.978627,16.929108
2021-06-07,IBM,25.424812,25.692932,24.7532
2021-06-07,INTC,52.408247,53.498208,52.36578
2021-06-07,MSFT,147.72756,149.62671,146.02911
2021-06-07,NKE,40.826293,41.787184,40.562684
2021-06-07,VZ,7.3565241,7.3606055,7.3132296
2021-06-07,WMT,10.63749,10.777513,10.573521
2021-06-08,AAPL,37.832402,38.314298,37.639242
2021-06-08,AMGN,29.899411,30.390441,29.775532
2021-06-08,CRM,32.521289,32.420759,31.801608
2021-06-08,CSCO,16.54736,16.490309,16.503937
2021-06-08,IBM,24.937778,24.891179,24.696369
2021-06-08,INTC,52.729946,54.132223,53.430723
2021-06-08,MSFT,148.3951,148.47186,148.14453
2021-06-08,NKE,41.059964,41.698677,40.920873
2021-06-08,VZ,7.1728094,7.233944,7.070252
2021-06-08,WMT,10.69486,10.822861,10.618028
2021-06-09,AAPL,37.614817,38.201611,37.139662
2021-06-09,AMGN,29.005519,29.408144,28.626905
2021-06-09,CRM,31.324069,31.243593,29.726679
2021-06-09,CSCO,16.177461,16.137456,16.185834
2021-06-09,IBM,24.687007,24.685515,24.436332
2021-06-09,INTC,52.204006,52.817098,50.997751
2021-06-09,MSFT,150.83733,151.94127,147.77602
2021-06-09,NKE,41.121109,41.930359,40.976308
2021-06-09,VZ,7.0650853,7.1303248,7.0047728
2021-06-09,WMT,10.403243,10.361293,10.397468
2021-06-10,AAPL,37.805932,38.059901,37.490894
2021-06-10,AMGN,28.853557,28.976159,28.312611
2021-06-10,CRM,31.612526,31.805281,31.606998
2021-06-10,CSCO,16.307177,16.236871,16.172173
2021-06-10,IBM,24.143952,24.533016,24.141336
2021-06-10,INTC,51.771266,52.052606,50.980803
2021-06-10,MSFT,149.81912,151.50195,147.93849
2021-06-10,NKE,40.284123,41.167428,39.445493
2021-06-10,VZ,6.9467211,6.9987216,6.8669298
2021-06-10,WMT,10.473668,10.591735,10.379082
2021-06-11,AAPL,36.668431,37.11364,37.089261
2021-06-11,AMGN,28.863183,28.983451,28.285603
2021-06-11,CRM,31.372163,31.849877,30.79694
2021-06-11,CSCO,15.789582,15.819269,15.611826
2021-06-11,IBM,24.691402,24.831633,24.672155
2021-06-11,INTC,53.377472,53.883637,53.96922
2021-06-11,MSFT,148.2792,148.37546,145.94894
2021-06-11,NKE,41.211651,40.672187,41.064254
2021-06-11,VZ,6.9086583,7.0941195,6.8668594
2021-06-11,WMT,10.397564,10.395968,10.226209
2021-06-14,AAPL,36.35656,36.543877,36.109867
2021-06-14,AMGN,29.60645,30.267697,29.15296
2021-06-14,CRM,31.280086,31.489593,30.863261
2021-06-14,CSCO,15.826723,15.809028,15.945919
2021-06-14,IBM,24.457658,24.889829,24.457177
2021-06-14,INTC,52.567251,52.485273,51.833754
2021-06-14,MSFT,145.51885,148.07696,143.59089
2021-06-14,NKE,39.895845,39.592457,39.657167
2021-06-14,VZ,6.7140344,6.7947595,6.7036423
2021-06-14,WMT,10.479781,10.686886,10.265795
2021-06-15,AAPL,36.396971,36.949854,35.732588
2021-06-15,AMGN,29.795054,29.909196,29.752849
2021-06-15,CRM,32.763667,33.681788,32.858042
2021-06-15,CSCO,15.883794,15.908483,15.763744
2021-06-15,IBM,24.329475,24.301893,24.179592
2021-06-15,INTC,53.17167,53.975355,53.999454
2021-06-15,MSFT,147.01315,149.47723,146.17084
2021-06-15,NKE,39.442886,39.961141,39.455398
2021-06-15,VZ,6.7495251,6.720159,6.6960945
2021-06-15,WMT,10.413277,10.578496,10.265157
2021-06-16,AAPL,35.595625,36.474002,35.237108
2021-06-16,AMGN,30.188925,31.110153,30.20997
2021-06-16,CRM,32.919016,33.236684,33.014018
2021-06-16,CSCO,15.833985,15.913785,15.621536
2021-06-16,IBM,25.141183,25.388378,25.163514
2021-06-16,INTC,52.255005,52.233387,52.202399
2021-06-16,MSFT,145.62027,146.20783,140.27955
2021-06-16,NKE,38.324271,38.956695,38.293031
2021-06-16,VZ,6.7538978,6.8188362,6.8958056
2021-06-16,WMT,10.372623,10.482434,10.137895
2021-06-17,AAPL,36.100586,37.105054,35.498004
2021-06-17,AMGN,29.594608,30.014071,28.973725
2021-06-17,CRM,31.577508,32.948083,31.70102
2021-06-17,CSCO,15.439394,15.884382,15.485834
2021-06-17,IBM,25.674467,25.976925,25.22988
2021-06-17,INTC,51.570078,52.577656,50.899328
2021-06-17,MSFT,148.24643,148.99427,147.68221
2021-06-17,NKE,38.159424,38.252182,39.460867
2021-06-17,VZ,6.6645219,6.7457551,6.6395405
2021-06-17,WMT,10.393529,10.391753,10.334387
2021-06-18,AAPL,35.38004,36.521031,35.013604
2021-06-18,AMGN,29.722626,30.118658,29.358481
2021-06-18,CRM,29.023958,29.15566,29.086327
2021-06-18,CSCO,15.379291,15.532536,14.742836
2021-06-18,IBM,26.351914,26.456921,26.594659
2021-06-18,INTC,52.544224,52.873096,51.56656
2021-06-18,MSFT,146.3835,149.26049,145.40783
2021-06-18,NKE,37.88396,38.387855,37.257858
2021-06-18,VZ,6.7330636,6.7995362,6.6948971
2021-06-18,WMT,10.364384,10.426296,10.265197
2021-06-21,AAPL,34.794622,35.343896,34.163445
2021-06-21,AMGN,29.000989,29.195054,28.739461
2021-06-21,CRM,30.297355,31.103731,29.732978
2021-06-21,CSCO,15.261846,15.502987,15.084903
2021-06-21,IBM,25.746306,25.762763,25.355056
2021-06-21,INTC,52.216216,52.857748,51.681262
2021-06-21,MSFT,154.15801,154.1869,152.39704
2021-06-21,NKE,38.143253,38.377216,37.354237
2021-06-21,VZ,6.7026434,6.6076738,6.6299096
2021-06-21,WMT,10.306386,10.476585,10.174887
2021-06-22,AAPL,35.185785,35.484578,34.054777
2021-06-22,AMGN,28.546812,28.469537,28.675658
2021-06-22,CRM,31.596498,31.721922,31.547696
2021-06-22,CSCO,15.068801,15.076222,15.219926
2021-06-22,IBM,25.609888,25.863126,25.403114
2021-06-22,INTC,51.785348,52.851822,49.987141
2021-06-22,MSFT,158.40577,160.34986,154.70736
2021-06-22,NKE,37.459504,37.890025,37.647801
2021-06-22,VZ,6.3846374,6.509246,6.2562373
2021-06-22,WMT,10.307728,10.436858,10.316376
2021-06-23,AAPL,34.833327,34.440446,33.831235
2021-06-23,AMGN,28.737629,29.296499,28.086567
2021-06-23,CRM,31.712352,32.533929,31.477766
2021-06-23,CSCO,14.941499,15.017695,14.967776
2021-06-23,IBM,25.314318,25.552219,25.311504
2021-06-23,INTC,50.987104,51.15669,50.236986
2021-06-23,MSFT,158.67883,159.39525,158.38611
2021-06-23,NKE,37.500966,37.38926,36.460003
2021-06-23,VZ,6.3218916,6.3626358,6.2426514
2021-06-23,WMT,10.249349,10.279517,10.215549
2021-06-24,AAPL,35.625152,35.257258,35.889119
2021-06-24,AMGN,28.954809,29.842986,28.548077
2021-06-24,CRM,30.756567,31.550233,30.885128
2021-06-24,CSCO,15.247533,15.384031,15.312302
2021-06-24,IBM,25.80088,25.995926,25.656819
2021-06-24,INTC,50.789449,51.652395,49.910267
2021-06-24,MSFT,158.44246,158.14201,155.30189
2021-06-24,NKE,36.611998,36.985948,36.824789
2021-06-24,VZ,6.3187895,6.3162943,6.2681035
2021-06-24,WMT,10.087982,10.179996,9.974422
2021-06-25,AAPL,35.826531,36.308929,35.363485
2021-06-25,AMGN,27.896325,28.425538,27.703346
2021-06-25,CRM,30.78287,31.002121,31.360583
2021-06-25,CSCO,15.527867,15.327432,15.480116
2021-06-25,IBM,25.892661,26.156375,26.059442
2021-06-25,INTC,50.635732,50.535798,50.020242
2021-06-25,MSFT,160.07182,160.17801,159.10649
2021-06-25,NKE,36.724873,37.062522,36.560463
2021-06-25,VZ,6.4268464,6.5734174,6.3570105
2021-06-25,WMT,10.108649,10.342289,10.203137
2021-06-28,AAPL,35.815252,36.297408,34.99464
2021-06-28,AMGN,27.517725,27.961421,27.350717
2021-06-28,CRM,30.74846,30.396275,29.636686
2021-06-28,CSCO,15.28635,15.639697,15.163885
2021-06-28,IBM,26.535201,26.849345,26.584361
2021-06-28,INTC,50.104575,49.969703,48.959208
2021-06-28,MSFT,164.10957,168.28682,162.0154
2021-06-28,NKE,36.308909,36.905102,36.048351
2021-06-28,VZ,6.4804607,6.6197689,6.4391879
2021-06-28,WMT,9.9436774,9.8712419,9.9470522
2021-06-29,AAPL,36.428339,36.917693,35.414692
2021-06-29,AMGN,27.714103,28.051108,27.224625
2021-06-29,CRM,31.025194,31.74475,30.304853
2021-06-29,CSCO,15.085336,14.799981,14.895151
2021-06-29,IBM,25.934184,25.841518,25.809891
2021-06-29,INTC,50.828012,51.069688,50.378982
2021-06-29,MSFT,163.94233,162.81635,163.02944
2021-06-29,NKE,35.115649,35.334658,34.999233
2021-06-29,VZ,6.4854291,6.6161024,6.4123028
2021-06-29,WMT,9.9412125,10.047402,9.8788362
2021-06-30,AAPL,36.366967,37.488747,36.849063
2021-06-30,AMGN,27.223602,28.27032,26.6838
2021-06-30,CRM,32.271113,33.052361,31.844181
2021-06-30,CSCO,14.95554,15.00591,14.528875
2021-06-30,IBM,25.621639,25.799209,25.370841
2021-06-30,INTC,50.046382,50.235045,49.587442
2021-06-30,MSFT,160.91371,160.72826,156.9216
2021-06-30,NKE,35.422953,36.250463,35.093965
2021-06-30,VZ,6.4032837,6.5619267,6.3186303
2021-06-30,WMT,10.162047,10.290079,10.073855
2021-07-01,AAPL,36.823533,37.835084,35.987482
2021-07-01,AMGN,27.055074,27.787856,27.031818
2021-07-01,CRM,31.397775,32.206879,30.484467
2021-07-01,CSCO,15.088886,15.370965,14.873833
2021-07-01,IBM,25.560145,26.01165,25.05277
2021-07-01,INTC,49.705816,50.189713,48.459566
2021-07-01,MSFT,160.30671,161.61154,158.88729
2021-07-01,NKE,34.884781,35.228771,34.615061
2021-07-01,VZ,6.4199345,6.3999888,6.3512676
2021-07-01,WMT,10.080699,10.116941,10.072859
2021-07-02,AAPL,37.27691,37.644702,36.670549
2021-07-02,AMGN,26.380638,26.801206,26.789624
2021-07-02,CRM,30.185813,30.385486,30.995855
2021-07-02,CSCO,14.984686,14.968413,14.398579
2021-07-02,IBM,25.283722,25.710991,25.252639
2021-07-02,INTC,48.556448,48.493138,49.03891
2021-07-02,MSFT,159.0173,161.78129,160.44041
2021-07-02,NKE,34.816048,35.449012,33.971247
2021-07-02,VZ,6.3956554,6.4615225,6.2411739
2021-07-02,WMT,9.9791702,10.063715,9.9165771
2021-07-06,AAPL,37.361105,37.864891,37.524269
2021-07-06,AMGN,26.264161,26.835406,25.940727
2021-07-06,CRM,29.7071,30.388904,29.180414
2021-07-06,CSCO,15.510959,15.64564,15.416987
2021-07-06,IBM,24.493045,24.39128,24.380791
2021-07-06,INTC,49.553905,48.618965,48.459772
2021-07-06,MSFT,157.00693,158.4504,155.01095
2021-07-06,NKE,33.71821,34.552181,34.324033
2021-07-06,VZ,6.3101097,6.3470138,6.13741
2021-07-06,WMT,9.8133487,9.8122935,9.8246564
2021-07-07,AAPL,37.209221,36.88666,36.788072
2021-07-07,AMGN,25.903971,26.042693,25.383124
2021-07-07,CRM,30.326253,31.789562,30.790441
2021-07-07,CSCO,15.261237,15.579028,15.050874
2021-07-07,IBM,24.091442,23.85692,24.146534
2021-07-07,INTC,50.436506,51.951013,50.170844
2021-07-07,MSFT,155.78404,156.5292,152.95625
2021-07-07,NKE,33.679326,34.196219,33.644272
2021-07-07,VZ,6.164068,6.2080069,6.2561049
2021-07-07,WMT,9.8756764,9.9001154,9.8169299
2021-07-08,AAPL,37.561279,38.42895,36.869931
2021-07-08,AMGN,25.684354,25.762277,25.165728
2021-07-08,CRM,31.230725,31.780641,30.382886
2021-07-08,CSCO,15.423599,15.572119,15.450136
2021-07-08,IBM,23.854967,24.121055,23.659066
2021-07-08,INTC,49.576634,49.491822,48.094782
2021-07-08,MSFT,150.45868,152.0706,150.35697
2021-07-08,NKE,34.295179,34.996719,34.025874
2021-07-08,VZ,6.1047708,6.0516028,6.1299901
2021-07-08,WMT,9.9297202,9.9970783,9.953643
2021-07-09,AAPL,38.077372,39.226991,37.483409
2021-07-09,AMGN,25.133082,25.158878,25.090035
2021-07-09,CRM,30.550009,30.647315,30.025381
2021-07-09,CSCO,15.461056,15.535652,15.278916
2021-07-09,IBM,23.541293,23.410673,23.169464
2021-07-09,INTC,49.611726,49.477394,49.289406
2021-07-09,MSFT,152.44981,155.59835,151.35454
2021-07-09,NKE,33.349909,33.953754,32.514828
2021-07-09,VZ,5.9132379,5.9210786,5.9000176
2021-07-09,WMT,9.8202398,9.8429893,9.844956
2021-07-12,AAPL,37.87414,38.63597,37.933303
2021-07-12,AMGN,25.005281,25.406249,24.93937
2021-07-12,CRM,30.382213,30.187295,29.832838
2021-07-12,CSCO,15.620613,15.535837,15.262146
2021-07-12,IBM,23.640636,23.884713,23.148054
2021-07-12,INTC,48.097622,49.143279,47.430835
2021-07-12,MSFT,149.72711,151.27107,147.96064
2021-07-12,NKE,33.631982,33.373233,33.848152
2021-07-12,VZ,5.7842033,5.916436,5.8096925
2021-07-12,WMT,9.7624182,9.7925319,9.6890395
2021-07-13,AAPL,38.284554,38.668673,37.962625
2021-07-13,AMGN,25.320693,25.210142,25.311768
2021-07-13,CRM,30.785979,31.571427,30.124774
2021-07-13,CSCO,15.450981,15.501247,15.52647
2021-07-13,IBM,23.68865,23.767564,23.258622
2021-07-13,INTC,48.78164,48.895944,48.378886
2021-07-13,MSFT,149.01637,150.74333,147.55778
2021-07-13,NKE,34.462359,34.854839,33.80495
2021-07-13,VZ,5.7089605,5.7848492,5.7445062
2021-07-13,WMT,9.9739595,10.148388,9.9239209
2021-07-14,AAPL,38.320391,38.513016,38.699967
2021-07-14,AMGN,25.258097,25.18583,25.129588
2021-07-14,CRM,30.863892,30.766684,30.642702
2021-07-14,CSCO,15.18755,15.213811,14.902191
2021-07-14,IBM,23.129023,23.580086,23.054278
2021-07-14,INTC,50.025828,50.349016,50.098237
2021-07-14,MSFT,148.83013,152.97546,148.41731
2021-07-14,NKE,34.219991,34.804646,33.964149
2021-07-14,VZ,5.7956617,5.7319124,5.8132914
2021-07-14,WMT,9.8935033,9.9877903,10.027709
2021-07-15,AAPL,38.041619,38.689881,37.539366
2021-07-15,AMGN,24.615695,25.37048,24.154087
2021-07-15,CRM,31.48938,32.15559,30.281015
2021-07-15,CSCO,14.982023,15.081667,15.130459
2021-07-15,IBM,23.22897,23.438932,23.071635
2021-07-15,INTC,50.187305,50.73905,49.953327
2021-07-15,MSFT,153.95701,155.71081,153.20777
2021-07-15,NKE,35.075133,35.490251,34.330436
2021-07-15,VZ,5.6605045,5.6850882,5.6533069
2021-07-15,WMT,9.9297385,9.933704,9.8334017
2021-07-16,AAPL,38.064952,37.413581,37.339202
2021-07-16,AMGN,23.962828,24.263839,24.172868
2021-07-16,CRM,31.601615,31.504628,30.926044
2021-07-16,CSCO,14.713834,14.828283,14.55381
2021-07-16,IBM,23.3954,23.932086,23.243447
2021-07-16,INTC,50.937511,50.811191,50.675817
2021-07-16,MSFT,154.90067,156.08566,155.17862
2021-07-16,NKE,34.489312,34.79934,34.15556
2021-07-16,VZ,5.7070411,5.695024,5.6218138
2021-07-16,WMT,9.9926109,10.121918,9.8725784
2021-07-19,AAPL,38.45857,38.989267,37.960543
2021-07-19,AMGN,23.840839,24.471779,23.410387
2021-07-19,CRM,33.304149,34.341152,33.337292
2021-07-19,CSCO,14.914166,15.16401,15.032441
2021-07-19,IBM,23.297484,23.610097,23.160827
2021-07-19,INTC,51.899546,52.135483,51.733566
2021-07-19,MSFT,159.41309,159.85469,156.94971
2021-07-19,NKE,33.805966,34.017991,33.911463
2021-07-19,VZ,5.7633944,5.8129191,5.7921447
2021-07-19,WMT,9.9578075,10.077208,10.013429
2021-07-20,AAPL,38.361821,39.295791,38.739521
2021-07-20,AMGN,23.656755,23.791672,23.395354
2021-07-20,CRM,33.565124,35.748448,33.716128
2021-07-20,CSCO,14.749688,14.536701,14.426582
2021-07-20,IBM,23.026949,23.368537,22.944153
2021-07-20,INTC,50.642176,50.867091,50.302699
2021-07-20,MSFT,156.36281,158.34207,155.34902
2021-07-20,NKE,34.500012,34.29472,34.814541
2021-07-20,VZ,5.6510712,5.6427236,5.59191
2021-07-20,WMT,10.156715,10.285955,10.036758
2021-07-21,AAPL,37.607072,38.650073,37.305926
2021-07-21,AMGN,23.855951,23.877257,23.607777
2021-07-21,CRM,33.127966,33.700815,32.301868
2021-07-21,CSCO,14.634614,14.735283,14.684769
2021-07-21,IBM,22.851628,23.197557,22.650952
2021-07-21,INTC,50.538315,50.682943,49.947606
2021-07-21,MSFT,161.10702,160.33969,160.13172
2021-07-21,NKE,32.860866,33.533912,32.245141
2021-07-21,VZ,5.5534657,5.5589387,5.5500709
2021-07-21,WMT,10.17206,10.231869,10.067697
2021-07-22,AAPL,37.683227,37.757487,37.453235
2021-07-22,AMGN,23.081424,23.166309,23.067229
2021-07-22,CRM,33.700885,33.234677,32.43141
2021-07-22,CSCO,14.562473,14.690809,14.442022
2021-07-22,IBM,22.852079,22.812772,22.544669
2021-07-22,INTC,49.797099,49.613324,50.483861
2021-07-22,MSFT,160.37321,161.5481,155.86011
2021-07-22,NKE,33.24245,33.631503,33.821599
2021-07-22,VZ,5.4543083,5.4836474,5.4246245
2021-07-22,WMT,10.217421,10.262879,10.192614
2021-07-23,AAPL,38.390594,38.651241,38.084767
2021-07-23,AMGN,22.551589,22.599555,22.285137
2021-07-23,CRM,33.573462,34.088486,32.736026
2021-07-23,CSCO,14.983665,14.934989,14.904521
2021-07-23,IBM,23.295878,23.525457,23.093675
2021-07-23,INTC,50.885487,51.111416,51.040613
2021-07-23,MSFT,161.3903,164.25123,159.22421
2021-07-23,NKE,32.886371,33.425538,32.533119
2021-07-23,VZ,5.4620745,5.5631884,5.3981029
2021-07-23,WMT,10.234026,10.341508,10.163886
2021-07-26,AAPL,37.908464,37.813668,37.492647
2021-07-26,AMGN,23.211204,23.295016,23.108469
2021-07-26,CRM,34.840744,34.649842,34.055856
2021-07-26,CSCO,14.694587,14.925985,14.551545
2021-07-26,IBM,23.046081,23.375936,23.473801
2021-07-26,INTC,51.14955,51.287963,50.888818
2021-07-26,MSFT,165.24805,166.14987,162.72863
2021-07-26,NKE,31.960392,32.419033,32.194976
2021-07-26,VZ,5.4374032,5.4450467,5.4215988
2021-07-26,WMT,10.184806,10.240442,10.161678
2021-07-27,AAPL,38.259853,38.795343,37.760821
2021-07-27,AMGN,22.932195,23.118788,23.011085
2021-07-27,CRM,32.969518,33.238883,32.497453
2021-07-27,CSCO,14.620951,14.770589,14.378995
2021-07-27,IBM,23.655492,23.644894,23.599094
2021-07-27,INTC,52.30174,52.0793,51.289471
2021-07-27,MSFT,163.40852,162.17575,160.42424
2021-07-27,NKE,32.044567,32.834606,31.471401
2021-07-27,VZ,5.471363,5.5468777,5.3890689
2021-07-27,WMT,9.8806689,9.9210226,9.7916857
2021-07-28,AAPL,39.991669,39.665969,40.299942
2021-07-28,AMGN,22.321464,22.562318,21.975297
2021-07-28,CRM,33.890364,34.457304,34.481318
2021-07-28,CSCO,14.632577,15.008109,14.477844
2021-07-28,IBM,23.546944,23.767977,23.042951
2021-07-28,INTC,53.944586,53.954412,53.463069
2021-07-28,MSFT,165.6317,165.13491,164.62045
2021-07-28,NKE,31.142341,31.408487,31.117347
2021-07-28,VZ,5.4916615,5.6213333,5.5016489
2021-07-28,WMT,9.9392944,9.9164634,9.8966343
2021-07-29,AAPL,40.343441,41.135891,38.93816
2021-07-29,AMGN,22.968248,23.043927,22.346579
2021-07-29,CRM,34.288887,35.333702,33.355252
2021-07-29,CSCO,14.745043,14.876853,14.54095
2021-07-29,IBM,23.199172,23.64558,23.375235
2021-07-29,INTC,54.402157,55.933719,53.361704
2021-07-29,MSFT,169.44714,169.85913,171.66581
2021-07-29,NKE,29.73121,30.426614,29.631399
2021-07-29,VZ,5.4594944,5.4917563,5.4140026
2021-07-29,WMT,9.9392696,10.012892,9.9418786
2021-07-30,AAPL,42.160459,43.084866,41.910711
2021-07-30,AMGN,22.947574,22.868282,22.757239
2021-07-30,CRM,34.801769,34.480615,33.727179
2021-07-30,CSCO,15.035477,15.279628,14.988041
2021-07-30,IBM,23.124165,23.459973,22.951855
2021-07-30,INTC,53.60542,54.151392,52.695517
2021-07-30,MSFT,172.89098,176.47176,171.84107
2021-07-30,NKE,28.992828,29.507839,28.684005
2021-07-30,VZ,5.3853168,5.3994115,5.3220012
2021-07-30,WMT,9.8492986,9.8286703,9.8495686
2021-08-02,AAPL,43.168651,42.881974,42.56377
2021-08-02,AMGN,22.845671,23.218701,22.297652
2021-08-02,CRM,35.304575,35.890033,34.963353
2021-08-02,CSCO,15.200517,15.072037,15.326362
2021-08-02,IBM,22.814945,22.939809,22.722998
2021-08-02,INTC,53.465876,53.621838,52.991757
2021-08-02,MSFT,171.26568,173.51837,170.64319
2021-08-02,NKE,29.689236,29.784147,29.216702
2021-08-02,VZ,5.3454992,5.4237852,5.389293
2021-08-02,WMT,9.7010803,9.8507179,9.689747
2021-08-03,AAPL,43.127465,43.630217,42.589596
2021-08-03,AMGN,22.881364,23.063685,23.225861
2021-08-03,CRM,35.543025,35.171354,34.496603
2021-08-03,CSCO,15.290259,15.52573,15.303403
2021-08-03,IBM,22.576325,22.287758,22.454541
2021-08-03,INTC,55.241293,55.728235,55.570109
2021-08-03,MSFT,173.39495,172.67054,172.29133
2021-08-03,NKE,29.376993,29.42586,30.130233
2021-08-03,VZ,5.2643144,5.3068256,5.2791786
2021-08-03,WMT,9.8526042,9.9031039,9.8750869
2021-08-04,AAPL,43.386198,43.385973,42.981527
2021-08-04,AMGN,22.738159,23.218865,22.166305
2021-08-04,CRM,35.608007,34.604522,34.758172
2021-08-04,CSCO,15.680078,15.706097,15.69057
2021-08-04,IBM,22.199772,22.243192,21.799944
2021-08-04,INTC,55.164041,55.251174,55.088285
2021-08-04,MSFT,173.48183,175.247,171.31621
2021-08-04,NKE,29.203546,29.820233,28.835757
2021-08-04,VZ,5.2515625,5.2928113,5.3031734
2021-08-04,WMT,9.9347861,10.086647,9.8648201
2021-08-05,AAPL,42.913342,43.003674,42.95064
2021-08-05,AMGN,22.279427,22.267653,21.844146
2021-08-05,CRM,35.629567,36.66788,35.033964
2021-08-05,CSCO,16.366902,16.788788,16.305772
2021-08-05,IBM,22.471477,22.560483,22.24716
2021-08-05,INTC,53.991246,54.050839,53.289633
2021-08-05,MSFT,170.67369,168.07948,170.6588
2021-08-05,NKE,28.71594,29.397258,28.348666
2021-08-05,VZ,5.1088713,5.1068329,5.0960626
2021-08-05,WMT,10.1166,10.189143,10.113087
2021-08-06,AAPL,44.084241,44.660968,43.829569
2021-08-06,AMGN,22.003037,22.048212,21.765254
2021-08-06,CRM,35.539299,36.565496,34.514398
2021-08-06,CSCO,16.470004,16.454454,16.267102
2021-08-06,IBM,22.591402,22.912681,22.696988
2021-08-06,INTC,54.911724,56.007575,55.263794
2021-08-06,MSFT,168.73317,168.18254,166.90558
2021-08-06,NKE,29.0378,29.450638,29.212295
2021-08-06,VZ,5.0483812,5.0517556,5.0574415
2021-08-06,WMT,10.083266,10.189032,10.134932
2021-08-09,AAPL,44.614864,46.028922,44.082429
2021-08-09,AMGN,22.040383,22.122355,21.785289
2021-08-09,CRM,34.302304,35.297383,33.587996
2021-08-09,CSCO,16.308534,16.521025,16.253661
2021-08-09,IBM,22.020455,22.168012,21.680504
2021-08-09,INTC,54.278976,54.332164,52.198348
2021-08-09,MSFT,172.53155,174.17149,168.60949
2021-08-09,NKE,28.810664,29.147915,28.358538
2021-08-09,VZ,4.9575887,5.0211432,4.9797248
2021-08-09,WMT,10.196263,10.348618,10.080687
2021-08-10,AAPL,44.554111,44.185417,43.59307
2021-08-10,AMGN,21.9978,22.409946,21.946637
2021-08-10,CRM,34.523961,35.231898,34.973374
2021-08-10,CSCO,16.485089,16.308129,16.462577
2021-08-10,IBM,22.178161,22.055462,22.205707
2021-08-10,INTC,53.226933,53.648948,53.043428
2021-08-10,MSFT,168.03147,167.11767,169.51534
2021-08-10,NKE,28.617734,28.847649,28.186715
2021-08-10,VZ,4.9767132,4.9963172,4.9656288
2021-08-10,WMT,10.024518,10.011172,10.099972
2021-08-11,AAPL,44.387053,44.764855,44.206856
2021-08-11,AMGN,22.769862,22.789994,22.670852
2021-08-11,CRM,33.188421,34.463598,32.382952
2021-08-11,CSCO,16.331028,16.756406,16.110833
2021-08-11,IBM,21.960176,22.073273,21.62378
2021-08-11,INTC,52.674038,52.867307,51.831779
2021-08-11,MSFT,167.98212,167.01178,166.98893
2021-08-11,NKE,28.839235,28.856143,28.727601
2021-08-11,VZ,4.9537365,4.9907032,4.9233224
2021-08-11,WMT,9.7924755,9.8946878,9.6725999
2021-08-12,AAPL,44.717868,45.61207,45.131292
2021-08-12,AMGN,22.73257,22.622695,22.823169
2021-08-12,CRM,31.692014,31.945781,31.502994
2021-08-12,CSCO,16.461915,16.771172,16.225863
2021-08-12,IBM,21.514816,21.691336,21.290718
2021-08-12,INTC,52.711113,52.602594,52.011573
2021-08-12,MSFT,163.20441,164.97058,163.36595
2021-08-12,NKE,28.705767,28.909523,28.602313
2021-08-12,VZ,4.9339134,5.001508,4.8388451
2021-08-12,WMT,9.6462023,9.6939319,9.5836778
2021-08-13,AAPL,45.315211,45.739646,43.859377
2021-08-13,AMGN,22.606698,23.237053,22.326616
2021-08-13,CRM,32.182227,33.300739,31.503915
2021-08-13,CSCO,16.231895,15.977096,16.233898
2021-08-13,IBM,21.104489,21.033227,20.971166
2021-08-13,INTC,53.141499,53.653846,52.00966
2021-08-13,MSFT,162.55199,163.90895,164.34491
2021-08-13,NKE,28.890478,29.569087,28.803713
2021-08-13,VZ,4.965306,5.0671081,4.9841134
2021-08-13,WMT,9.6766648,9.7593408,9.7404584
2021-08-16,AAPL,46.084452,46.490453,44.951372
2021-08-16,AMGN,22.426316,22.983003,22.18377
2021-08-16,CRM,31.508588,31.838544,30.407193
2021-08-16,CSCO,15.818341,15.758541,15.782439
2021-08-16,IBM,20.69204,21.158551,20.459423
2021-08-16,INTC,50.397733,50.892986,49.482787
2021-08-16,MSFT,160.48456,161.08648,161.16613
2021-08-16,NKE,29.284754,29.515548,29.081476
2021-08-16,VZ,4.9061196,4.9113511,4.8318544
2021-08-16,WMT,9.8085367,9.9619436,9.7279472
2021-08-17,AAPL,44.900926,45.796177,43.41819
2021-08-17,AMGN,22.569457,22.94167,22.252719
2021-08-17,CRM,31.962011,31.962079,31.885118
2021-08-17,CSCO,15.660843,15.815891,15.580075
2021-08-17,IBM,20.393023,20.915721,20.293506
2021-08-17,INTC,50.073897,50.728142,49.386517
2021-08-17,MSFT,161.82738,161.43716,159.93703
2021-08-17,NKE,28.822192,28.824724,28.516607
2021-08-17,VZ,4.7271895,4.7333843,4.7089192
2021-08-17,WMT,9.7480957,9.7743839,9.5887111
2021-08-18,AAPL,45.123035,46.341328,44.823729
2021-08-18,AMGN,22.17685,22.550916,21.573607
2021-08-18,CRM,31.445905,31.694496,31.015506
2021-08-18,CSCO,15.547555,15.768,15.531572
2021-08-18,IBM,19.960086,19.681223,19.949032
2021-08-18,INTC,49.380115,49.842581,48.885449
2021-08-18,MSFT,163.00355,162.39784,162.2746
2021-08-18,NKE,29.719767,29.6109,29.486568
2021-08-18,VZ,4.7758852,4.7649547,4.6859106
2021-08-18,WMT,9.5469996,9.6332316,9.6062179
2021-08-19,AAPL,45.284071,45.722918,45.116319
2021-08-19,AMGN,21.711741,21.743574,21.617027
2021-08-19,CRM,31.369721,31.723117,31.292978
2021-08-19,CSCO,15.915162,16.081531,15.68957
2021-08-19,IBM,20.177606,20.120056,19.822595
2021-08-19,INTC,50.777441,51.597121,50.448707
2021-08-19,MSFT,158.72677,161.62895,155.90313
2021-08-19,NKE,28.794055,28.84868,29.142994
2021-08-19,VZ,4.7128955,4.8110428,4.6730902
2021-08-19,WMT,9.558265,9.5177923,9.401676
2021-08-20,AAPL,45.400092,46.070161,44.621027
2021-08-20,AMGN,21.05432,21.217996,20.709617
2021-08-20,CRM,31.310725,31.238818,30.978624
2021-08-20,CSCO,16.098006,16.295718,15.923148
2021-08-20,IBM,20.276757,20.284739,19.875491
2021-08-20,INTC,50.172742,50.882688,49.38661
2021-08-20,MSFT,158.17943,157.72549,155.84879
2021-08-20,NKE,29.080743,29.263448,28.350021
2021-08-20,VZ,4.7348076,4.8066232,4.7617372
2021-08-20,WMT,9.4524479,9.6169647,9.2718142
2021-08-23,AAPL,45.034271,45.605705,43.934337
2021-08-23,AMGN,21.078156,21.083827,21.103002
2021-08-23,CRM,31.022764,32.545742,30.456521
2021-08-23,CSCO,16.175482,16.088359,16.137486
2021-08-23,IBM,19.814427,20.319066,19.969006
2021-08-23,INTC,50.896289,52.614121,49.666649
2021-08-23,MSFT,159.72816,159.7991,158.45476
2021-08-23,NKE,28.688039,28.96877,28.108128
2021-08-23,VZ,4.7185156,4.7920657,4.6460777
2021-08-23,WMT,9.5265468,9.4399038,9.3989891
2021-08-24,AAPL,44.58182,46.728543,44.464349
2021-08-24,AMGN,20.717708,20.673169,20.212079
2021-08-24,CRM,31.394857,31.029991,31.609455
2021-08-24,CSCO,15.839829,15.886479,15.725239
2021-08-24,IBM,19.69785,19.741503,19.609654
2021-08-24,INTC,51.169091,51.426852,51.011563
2021-08-24,MSFT,156.86535,155.92186,157.29659
2021-08-24,NKE,28.500906,28.268547,28.087158
2021-08-24,VZ,4.7152152,4.7468573,4.645005
2021-08-24,WMT,9.5379592,9.5691406,9.4814541
2021-08-25,AAPL,46.04934,46.098954,44.456463
2021-08-25,AMGN,20.434852,20.412332,20.20603
2021-08-25,CRM,31.548883,32.38158,30.838802
2021-08-25,CSCO,15.87385,16.025655,15.617823
2021-08-25,IBM,19.734919,19.955175,19.714463
2021-08-25,INTC,52.265685,52.941626,52.311305
2021-08-25,MSFT,153.94485,153.2512,153.59339
2021-08-25,NKE,28.669312,28.94352,28.81257
2021-08-25,VZ,4.7711912,4.8359781,4.7564893
2021-08-25,WMT,9.6057462,9.6454615,9.5890742
2021-08-26,AAPL,46.072832,46.798191,45.546675
2021-08-26,AMGN,20.271625,20.261555,20.13291
2021-08-26,CRM,31.865985,31.82327,31.550698
2021-08-26,CSCO,16.013886,16.001681,16.112704
2021-08-26,IBM,19.115474,19.387738,19.135345
2021-08-26,INTC,51.676582,52.297524,51.096081
2021-08-26,MSFT,155.09458,155.0795,152.62511
2021-08-26,NKE,29.143207,29.136026,29.35801
2021-08-26,VZ,4.8596483,4.8876958,4.7859371
2021-08-26,WMT,9.6751476,9.8527732,9.5859981
2021-08-27,AAPL,45.995549,46.419628,44.243702
2021-08-27,AMGN,20.333554,20.687172,20.029189
2021-08-27,CRM,30.488383,31.006757,30.935732
2021-08-27,CSCO,16.1107,16.120404,16.131926
2021-08-27,IBM,18.999779,19.197738,18.95969
2021-08-27,INTC,51.756861,53.159575,51.810021
2021-08-27,MSFT,158.13975,159.53924,155.0872
2021-08-27,NKE,29.085862,29.616818,28.328957
2021-08-27,VZ,4.9047055,4.8960171,4.8780067
2021-08-27,WMT,9.6968194,9.6919823,9.6484873
2021-08-30,AAPL,46.772127,47.105306,45.389686
2021-08-30,AMGN,19.618355,19.931267,19.221296
2021-08-30,CRM,30.759797,31.6422,30.748674
2021-08-30,CSCO,16.245463,16.182762,16.013858
2021-08-30,IBM,19.096033,19.487641,19.137618
2021-08-30,INTC,52.710956,53.599374,51.660027
2021-08-30,MSFT,156.69741,158.2974,153.76623
2021-08-30,NKE,28.620391,29.201912,28.128523
2021-08-30,VZ,4.8429214,4.8365293,4.834375
2021-08-30,WMT,9.5977929,9.6708672,9.5403447
2021-08-31,AAPL,45.869188,46.562266,45.58073
2021-08-31,AMGN,19.461804,20.017887,19.28158
2021-08-31,CRM,31.860012,33.123572,30.84985
2021-08-31,CSCO,16.252517,16.636063,15.991442
2021-08-31,IBM,19.229942,19.142955,18.987073
2021-08-31,INTC,50.871238,50.297268,50.394676
2021-08-31,MSFT,160.80743,163.91965,156.77882
2021-08-31,NKE,28.514592,28.868419,27.895855
2021-08-31,VZ,4.7446831,4.7522397,4.7232213
2021-08-31,WMT,9.4475581,9.55633,9.3918381
2021-09-01,AAPL,46.521463,47.306642,45.653985
2021-09-01,AMGN,18.574324,18.83762,18.194417
2021-09-01,CRM,32.820629,33.563183,31.771898
2021-09-01,CSCO,16.097544,16.298563,15.63418
2021-09-01,IBM,19.259198,19.618409,19.23313
2021-09-01,INTC,51.97805,52.477686,52.734496
2021-09-01,MSFT,159.55635,161.95749,159.50536
2021-09-01,NKE,29.154456,29.552635,28.797465
2021-09-01,VZ,4.7680315,4.8486365,4.7227186
2021-09-01,WMT,9.3111325,9.3668965,9.2573593
2021-09-02,AAPL,46.945313,46.874763,46.412963
2021-09-02,AMGN,18.437886,18.511757,18.17668
2021-09-02,CRM,31.630882,30.98578,31.610727
2021-09-02,CSCO,15.917687,15.924958,15.89632
2021-09-02,IBM,19.106405,19.373354,18.921962
2021-09-02,INTC,51.529476,52.136709,50.960266
2021-09-02,MSFT,158.58514,160.06571,159.2007
2021-09-02,NKE,29.290364,29.638751,29.354426
2021-09-02,VZ,4.684781,4.7220739,4.632451
2021-09-02,WMT,9.118676,9.2118769,9.0046796
2021-09-03,AAPL,46.946905,46.869569,47.616868
2021-09-03,AMGN,18.248358,18.138559,18.214386
2021-09-03,CRM,32.375015,32.663679,32.953767
2021-09-03,CSCO,15.455301,15.325862,15.444278
2021-09-03,IBM,19.664165,19.291328,19.266345
2021-09-03,INTC,52.206794,53.261596,52.374892
2021-09-03,MSFT,158.26897,159.58109,154.86288
2021-09-03,NKE,29.635853,29.92421,29.411991
2021-09-03,VZ,4.5873499,4.7044173,4.594155
2021-09-03,WMT,8.8195302,8.8731101,8.7013825
2021-09-07,AAPL,46.152537,47.018137,45.459009
2021-09-07,AMGN,18.738397,18.833675,18.481051
2021-09-07,CRM,32.66802,33.994838,32.018915
2021-09-07,CSCO,15.266614,15.501757,15.246044
2021-09-07,IBM,19.738241,19.842942,19.3985
2021-09-07,INTC,53.211061,54.13703,52.321733
2021-09-07,MSFT,163.78023,166.02917,163.19871
2021-09-07,NKE,30.021178,30.157688,29.815798
2021-09-07,VZ,4.6332667,4.6997234,4.5848054
2021-09-07,WMT,8.7856756,8.8160535,8.7743911
2021-09-08,AAPL,44.200567,44.051501,43.731312
2021-09-08,AMGN,18.231248,18.299052,17.935003
2021-09-08,CRM,31.658852,31.70887,31.616015
2021-09-08,CSCO,15.21486,15.32169,14.987394
2021-09-08,IBM,19.495148,19.662188,19.548875
2021-09-08,INTC,53.337175,53.469103,53.083578
2021-09-08,MSFT,169.76551,173.69997,171.16041
2021-09-08,NKE,30.823325,31.322327,30.232569
2021-09-08,VZ,4.5109523,4.5353607,4.4761111
2021-09-08,WMT,8.8592936,8.8402087,8.7006627
2021-09-09,AAPL,43.010702,43.371088,41.846716
2021-09-09,AMGN,17.99197,18.29853,17.676447
2021-09-09,CRM,31.918696,31.94062,32.596652
2021-09-09,CSCO,15.32505,15.019089,14.893474
2021-09-09,IBM,19.597777,19.626497,19.586552
2021-09-09,INTC,55.030356,54.485662,55.524084
2021-09-09,MSFT,173.0105,171.90313,170.24721
2021-09-09,NKE,31.447783,31.503679,30.946284
2021-09-09,VZ,4.4482248,4.4320932,4.4183919
2021-09-09,WMT,8.7873387,8.9878248,8.7093389
2021-09-10,AAPL,44.203978,43.498307,44.242561
2021-09-10,AMGN,17.752515,17.931706,17.596092
2021-09-10,CRM,30.852853,30.73532,30.755376
2021-09-10,CSCO,15.308774,15.259302,15.285774
2021-09-10,IBM,19.492173,19.435945,19.422263
2021-09-10,INTC,55.970728,57.552393,56.211342
2021-09-10,MSFT,172.30359,176.3702,170.42985
2021-09-10,NKE,29.790617,30.141179,29.615571
2021-09-10,VZ,4.4231426,4.4835066,4.3839475
2021-09-10,WMT,8.6096979,8.6501055,8.5421631
2021-09-13,AAPL,46.13268,45.556321,46.420707
2021-09-13,AMGN,17.737996,17.845372,17.742728
2021-09-13,CRM,31.330956,32.149946,30.751633
2021-09-13,CSCO,15.4517,15.414595,15.09881
2021-09-13,IBM,19.252616,19.30323,19.319814
2021-09-13,INTC,56.464757,56.728334,56.131953
2021-09-13,MSFT,172.49926,174.00295,172.01969
2021-09-13,NKE,30.324204,30.422097,30.048178
2021-09-13,VZ,4.3036105,4.3710088,4.2879651
2021-09-13,WMT,8.8730207,8.9675874,8.9039344
2021-09-14,AAPL,46.711707,47.42613,46.401139
2021-09-14,AMGN,17.871081,18.064415,17.625246
2021-09-14,CRM,31.843384,32.443566,30.890531
2021-09-14,CSCO,15.501198,15.668426,15.349801
2021-09-14,IBM,19.301606,19.314942,18.99024
2021-09-14,INTC,55.892054,55.641174,55.672129
2021-09-14,MSFT,172.22713,171.93067,171.33918
2021-09-14,NKE,30.259711,30.913021,29.899665
2021-09-14,VZ,4.3054968,4.3909892,4.3144593
2021-09-14,WMT,8.6362524,8.7140358,8.5411107
2021-09-15,AAPL,45.899659,47.334521,45.675586
2021-09-15,AMGN,17.788422,17.811029,17.727776
2021-09-15,CRM,31.732456,31.344401,31.447388
2021-09-15,CSCO,15.625219,15.745494,15.440702
2021-09-15,IBM,19.033215,19.284127,18.908853
2021-09-15,INTC,56.905247,56.408828,56.542584
2021-09-15,MSFT,175.1364,176.28656,172.305
2021-09-15,NKE,30.335532,30.889995,30.209764
2021-09-15,VZ,4.3236786,4.3262485,4.2727079
2021-09-15,WMT,8.5572026,8.7022534,8.585543
2021-09-16,AAPL,44.889445,45.16421,44.560895
2021-09-16,AMGN,18.36174,18.513942,17.816369
2021-09-16,CRM,31.008539,31.431759,30.930337
2021-09-16,CSCO,15.554365,15.7463,15.285478
2021-09-16,IBM,19.120966,19.238296,18.852298
2021-09-16,INTC,55.45634,56.843554,56.352336
2021-09-16,MSFT,179.01626,182.64509,175.65604
2021-09-16,NKE,31.432731,31.659433,31.278685
2021-09-16,VZ,4.1315268,4.1698726,4.1240792
2021-09-16,WMT,8.6508785,8.5992044,8.5324594
2021-09-17,AAPL,46.092804,45.578545,45.679133
2021-09-17,AMGN,18.492217,18.660317,18.320174
2021-09-17,CRM,31.477382,31.287457,30.507825
2021-09-17,CSCO,16.245194,16.237936,16.406851
2021-09-17,IBM,18.768697,18.95784,18.624951
2021-09-17,INTC,55.783737,56.648608,56.31129
2021-09-17,MSFT,179.88911,180.45037,178.3022
2021-09-17,NKE,30.817001,30.904001,30.074964
2021-09-17,VZ,4.1029527,4.1674981,4.114008
2021-09-17,WMT,8.6590896,8.8102462,8.5776032
2021-09-20,AAPL,47.095028,47.838815,46.945691
2021-09-20,AMGN,18.610461,18.623519,18.559592
2021-09-20,CRM,31.571078,31.163454,30.423373
2021-09-20,CSCO,16.156825,16.113609,15.72133
2021-09-20,IBM,18.858754,18.68975,18.747612
2021-09-20,INTC,55.348263,54.993909,54.42792
2021-09-20,MSFT,175.59649,179.86269,176.72278
2021-09-20,NKE,30.573363,31.036092,30.740455
2021-09-20,VZ,4.1521188,4.1597077,4.0561172
2021-09-20,WMT,8.4529935,8.5489302,8.4731097
2021-09-21,AAPL,47.322847,47.755418,46.378605
2021-09-21,AMGN,18.099627,18.697197,17.856628
2021-09-21,CRM,31.233205,31.644465,30.523273
2021-09-21,CSCO,16.369697,16.873464,16.128125
2021-09-21,IBM,18.933257,19.101157,18.693974
2021-09-21,INTC,55.597263,56.515896,55.666323
2021-09-21,MSFT,172.36508,176.74466,171.01054
2021-09-21,NKE,31.301635,31.567583,30.765917
2021-09-21,VZ,4.1277881,4.224016,4.1574772
2021-09-21,WMT,8.3921278,8.4471389,8.3426085
2021-09-22,AAPL,46.69395,46.019364,46.093046
2021-09-22,AMGN,17.690749,17.667533,17.37602
2021-09-22,CRM,30.640189,30.58742,30.61166
2021-09-22,CSCO,15.983078,16.022666,16.251614
2021-09-22,IBM,18.803191,19.164942,18.926174
2021-09-22,INTC,55.030853,56.186614,54.244129
2021-09-22,MSFT,174.08158,174.82428,169.8574
2021-09-22,NKE,31.404149,31.908208,31.091156
2021-09-22,VZ,4.1311099,4.1603353,4.1235426
2021-09-22,WMT,8.3892398,8.5555454,8.4026929
2021-09-23,AAPL,47.131745,47.709387,46.264894
2021-09-23,AMGN,16.644103,16.819425,16.152847
2021-09-23,CRM,30.90984,31.016145,29.383431
2021-09-23,CSCO,15.768881,15.93088,15.671783
2021-09-23,IBM,19.577158,19.727362,19.390754
2021-09-23,INTC,54.78128,55.53343,55.153097
2021-09-23,MSFT,175.16888,174.59273,175.1681
2021-09-23,NKE,30.562633,30.835939,30.375944
2021-09-23,VZ,4.0023787,3.9928124,4.0315222
2021-09-23,WMT,8.4462067,8.5578933,8.4420176
2021-09-24,AAPL,48.103653,48.536715,47.352931
2021-09-24,AMGN,16.571753,16.773895,16.617719
2021-09-24,CRM,30.211914,30.584968,29.383233
2021-09-24,CSCO,15.35375,15.189585,15.076335
2021-09-24,IBM,19.317112,19.809198,19.106847
2021-09-24,INTC,55.817206,55.292134,54.605335
2021-09-24,MSFT,173.7489,177.13477,168.74931
2021-09-24,NKE,29.717705,30.17621,28.981877
2021-09-24,VZ,4.0557533,4.0535936,3.9810742
2021-09-24,WMT,8.1721279,8.3096899,8.2064118
2021-09-27,AAPL,48.778175,50.745918,49.914621
2021-09-27,AMGN,16.151002,16.30019,15.982044
2021-09-27,CRM,30.222746,31.228159,30.065907
2021-09-27,CSCO,15.549631,15.622831,15.4126
2021-09-27,IBM,19.597228,19.68886,19.519535
2021-09-27,INTC,57.674928,57.480056,56.647392
2021-09-27,MSFT,174.57459,173.45651,173.67001
2021-09-27,NKE,30.390799,30.587401,29.903023
2021-09-27,VZ,4.045441,4.0290866,4.055225
2021-09-27,WMT,8.2041163,8.2588035,8.2465305
2021-09-28,AAPL,49.579087,50.786677,48.790031
2021-09-28,AMGN,16.145763,16.182577,15.844103
2021-09-28,CRM,30.300014,30.362083,29.992905
2021-09-28,CSCO,15.347406,15.284117,15.325975
2021-09-28,IBM,19.364425,19.278432,19.152131
2021-09-28,INTC,57.309317,58.126606,57.121289
2021-09-28,MSFT,169.64888,169.60072,166.53708
2021-09-28,NKE,30.375758,31.185908,29.573703
2021-09-28,VZ,4.0645179,4.1107588,4.0390932
2021-09-28,WMT,8.0286865,8.1466014,7.9951882
2021-09-29,AAPL,49.600954,50.040932,48.270659
2021-09-29,AMGN,15.829764,16.061158,15.334263
2021-09-29,CRM,31.258677,31.296566,31.855723
2021-09-29,CSCO,15.574206,15.764263,15.568696
2021-09-29,IBM,19.634006,19.698247,19.398302
2021-09-29,INTC,58.111272,59.305133,58.286092
2021-09-29,MSFT,170.27497,170.27976,167.99056
2021-09-29,NKE,29.823162,29.697313,29.781909
2021-09-29,VZ,3.9342275,4.0137501,4.0022006
2021-09-29,WMT,8.1052751,8.28161,8.0277907
2021-09-30,AAPL,48.553067,49.088345,48.95752
2021-09-30,AMGN,16.592192,16.83179,16.536412
2021-09-30,CRM,30.130655,30.501137,29.649257
2021-09-30,CSCO,15.616246,15.960377,15.496058
2021-09-30,IBM,19.990325,20.316,19.665381
2021-09-30,INTC,59.477445,59.03402,57.734435
2021-09-30,MSFT,165.84489,169.84573,169.12728
2021-09-30,NKE,29.284762,29.869594,28.624848
2021-09-30,VZ,3.8499752,3.8684284,3.7935178
2021-09-30,WMT,8.1162007,8.2466939,8.1086288
2021-10-01,AAPL,47.476555,47.359768,46.909951
2021-10-01,AMGN,16.352593,16.49815,15.872405
2021-10-01,CRM,30.299137,30.338944,30.210878
2021-10-01,CSCO,15.814106,15.682262,15.716919
2021-10-01,IBM,20.036266,20.238661,19.936422
2021-10-01,INTC,59.189162,59.73013,59.096486
2021-10-01,MSFT,166.12468,168.53326,165.75487
2021-10-01,NKE,28.689539,28.61551,28.047812
2021-10-01,VZ,3.9558102,3.9567279,3.9930383
2021-10-01,WMT,8.1885328,8.3189385,8.1189778
2021-10-04,AAPL,47.182015,48.002038,47.0361
2021-10-04,AMGN,15.622284,15.80511,15.474949
2021-10-04,CRM,29.548619,30.652012,28.546638
2021-10-04,CSCO,15.876755,15.899115,16.089954
2021-10-04,IBM,19.898702,19.77964,19.922034
2021-10-04,INTC,58.353084,59.438242,58.269526
2021-10-04,MSFT,167.68138,170.86403,165.17118
2021-10-04,NKE,27.80237,28.589991,27.707792
2021-10-04,VZ,3.950342,3.9327773,3.9316195
2021-10-04,WMT,8.3218132,8.3809555,8.3705728
2021-10-05,AAPL,48.354645,49.69564,47.830518
2021-10-05,AMGN,15.68517,16.092671,15.798375
2021-10-05,CRM,28.586571,28.471548,27.752255
2021-10-05,CSCO,15.320872,15.107788,14.888779
2021-10-05,IBM,19.902393,19.917174,19.799608
2021-10-05,INTC,58.980597,59.468396,58.028113
2021-10-05,MSFT,170.70664,171.35781,171.37332
2021-10-05,NKE,27.952311,28.634513,27.794782
2021-10-05,VZ,3.9017264,3.9332584,3.8682441
2021-10-05,WMT,8.2383729,8.2633868,8.2050977
2021-10-06,AAPL,49.516275,49.534981,48.749625
2021-10-06,AMGN,15.528309,15.733465,15.556522
2021-10-06,CRM,27.713952,28.560663,27.120936
2021-10-06,CSCO,15.358718,15.468184,15.295833
2021-10-06,IBM,19.677244,19.672436,19.456065
2021-10-06,INTC,58.170921,58.013549,58.421895
2021-10-06,MSFT,168.10589,170.24378,165.72387
2021-10-06,NKE,27.460531,27.742718,27.186144
2021-10-06,VZ,3.8992342,3.9186127,3.9511003
2021-10-06,WMT,8.2540359,8.3493017,8.1932254
2021-10-07,AAPL,47.660632,47.014522,47.401989
2021-10-07,AMGN,15.23411,15.2584,15.217239
2021-10-07,CRM,27.554726,27.248872,26.97469
2021-10-07,CSCO,15.321277,15.545661,15.134407
2021-10-07,IBM,19.671887,19.76664,19.599337
2021-10-07,INTC,55.962288,55.638464,55.989233
2021-10-07,MSFT,167.07569,169.06619,167.51506
2021-10-07,NKE,26.20409,26.323853,26.254967
2021-10-07,VZ,3.8403907,3.9047978,3.8042709
2021-10-07,WMT,8.1473219,8.3349191,8.0828007
2021-10-08,AAPL,46.625124,46.611159,46.060046
2021-10-08,AMGN,15.134541,15.587171,14.846228
2021-10-08,CRM,27.31822,27.724335,26.715577
2021-10-08,CSCO,15.250071,15.030062,15.288369
2021-10-08,IBM,19.708748,19.783952,19.468342
2021-10-08,INTC,54.927326,55.647465,54.727653
2021-10-08,MSFT,169.87549,169.68902,168.17187
2021-10-08,NKE,25.996989,26.69639,26.529139
2021-10-08,VZ,3.8575602,3.8697841,3.8446948
2021-10-08,WMT,8.2138905,8.2263035,8.0743937
2021-10-11,AAPL,46.661449,47.389422,46.316097
2021-10-11,AMGN,14.803225,14.74218,14.587344
2021-10-11,CRM,27.760827,29.314334,27.392883
2021-10-11,CSCO,14.9208,15.065178,14.98688
2021-10-11,IBM,19.438728,19.714442,19.259742
2021-10-11,INTC,54.622371,54.361794,54.485568
2021-10-11,MSFT,169.06441,169.5931,165.57911
2021-10-11,NKE,26.123138,26.519155,26.336396
2021-10-11,VZ,3.7738773,3.7592537,3.7934845
2021-10-11,WMT,8.1732594,8.1681938,8.0921475
2021-10-12,AAPL,45.437235,45.850696,45.310076
2021-10-12,AMGN,14.880521,14.981763,14.963396
2021-10-12,CRM,27.598691,27.711927,26.532822
2021-10-12,CSCO,14.768698,14.758968,14.466083
2021-10-12,IBM,19.238328,19.383624,19.156938
2021-10-12,INTC,54.766195,55.49784,54.545158
2021-10-12,MSFT,171.08811,172.11579,170.12229
2021-10-12,NKE,26.653797,26.547723,26.593784
2021-10-12,VZ,3.7338252,3.7525744,3.740715
2021-10-12,WMT,8.1239817,8.1695794,8.0785597
2021-10-13,AAPL,45.0355,44.649873,45.029348
2021-10-13,AMGN,14.689013,14.872288,14.582209
2021-10-13,CRM,27.008076,27.627227,26.275972
2021-10-13,CSCO,15.016348,14.890586,14.968512
2021-10-13,IBM,19.039188,19.079218,18.936667
2021-10-13,INTC,54.566724,54.881104,54.834757
2021-10-13,MSFT,167.23242,171.50164,168.19049
2021-10-13,NKE,26.361358,26.443736,26.504751
2021-10-13,VZ,3.7516562,3.7714355,3.6774662
2021-10-13,WMT,8.1063871,8.1207317,8.1194735
2021-10-14,AAPL,44.379215,45.185686,43.582516
2021-10-14,AMGN,14.791484,14.730807,14.486229
2021-10-14,CRM,27.281959,27.479771,27.349736
2021-10-14,CSCO,15.46292,15.390275,15.129544
2021-10-14,IBM,18.767332,18.750299,18.527052
2021-10-14,INTC,54.05228,54.172136,53.493148
2021-10-14,MSFT,167.17014,169.13707,165.17737
2021-10-14,NKE,27.039558,27.520703,26.867098
2021-10-14,VZ,3.6512814,3.6970288,3.6234811
2021-10-14,WMT,7.9895882,8.0418234,7.9112258
2021-10-15,AAPL,43.557666,44.405458,43.086693
2021-10-15,AMGN,14.807074,14.944142,14.675583
2021-10-15,CRM,27.429571,27.515915,27.151873
2021-10-15,CSCO,15.296333,15.117885,15.162361
2021-10-15,IBM,18.878567,19.150927,19.197783
2021-10-15,INTC,54.781274,55.809844,54.762244
2021-10-15,MSFT,170.38094,173.3973,168.15695
2021-10-15,NKE,27.832216,27.695625,27.609026
2021-10-15,VZ,3.6039583,3.6441798,3.5895089
2021-10-15,WMT,7.975933,8.0448217,7.8322573
2021-10-18,AAPL,43.109814,43.312505,42.357973
2021-10-18,AMGN,15.023721,15.048698,14.855284
2021-10-18,CRM,26.613787,26.689749,26.56912
2021-10-18,CSCO,15.993767,16.023506,15.73906
2021-10-18,IBM,19.056233,19.489688,19.14946
2021-10-18,INTC,53.759465,53.839342,53.218804
2021-10-18,MSFT,170.40672,172.70398,171.19623
2021-10-18,NKE,27.720266,27.956592,27.245771
2021-10-18,VZ,3.5086248,3.521337,3.4335249
2021-10-18,WMT,7.8626385,7.908464,7.8778743
2021-10-19,AAPL,43.310503,44.190998,43.784638
2021-10-19,AMGN,14.836294,14.98087,14.565275
2021-10-19,CRM,26.736695,27.196378,26.624928
2021-10-19,CSCO,15.481331,15.700023,15.457464
2021-10-19,IBM,19.28122,19.561975,18.756319
2021-10-19,INTC,53.648499,53.357604,53.568521
2021-10-19,MSFT,169.49682,168.66028,164.19274
2021-10-19,NKE,28.347801,28.37518,28.411643
2021-10-19,VZ,3.3833425,3.4611981,3.4370393
2021-10-19,WMT,7.8617195,7.8080129,7.7740711
2021-10-20,AAPL,43.698633,43.857355,43.366648
2021-10-20,AMGN,14.94307,15.137925,15.052501
2021-10-20,CRM,27.49851,28.371459,27.132059
2021-10-20,CSCO,15.643352,15.708649,15.427019
2021-10-20,IBM,19.215644,19.547569,19.105818
2021-10-20,INTC,53.250118,52.458943,51.801941
2021-10-20,MSFT,171.20319,170.27257,171.18108
2021-10-20,NKE,28.94074,29.241349,28.903206
2021-10-20,VZ,3.3474482,3.4207455,3.3529578
2021-10-20,WMT,7.728914,7.8263974,7.694773
2021-10-21,AAPL,45.24024,46.134873,44.434925
2021-10-21,AMGN,14.506047,14.526377,14.434776
2021-10-21,CRM,27.508566,28.156909,27.024504
2021-10-21,CSCO,15.659661,16.002866,15.395406
2021-10-21,IBM,19.183533,19.154829,19.1832
2021-10-21,INTC,52.762162,53.210897,51.604098
2021-10-21,MSFT,171.16467,171.53687,169.66671
2021-10-21,NKE,27.73463,27.874797,27.927016
2021-10-21,VZ,3.3626376,3.3897211,3.3741326
2021-10-21,WMT,7.6070967,7.5849876,7.4889477
2021-10-22,AAPL,45.906044,45.95454,44.988583
2021-10-22,AMGN,14.592895,14.95334,14.368914
2021-10-22,CRM,28.465176,28.235263,28.400061
2021-10-22,CSCO,15.440159,15.642856,15.38385
2021-10-22,IBM,19.158726,19.288593,19.175853
2021-10-22,INTC,54.251467,53.771107,53.6272
2021-10-22,MSFT,169.92525,171.62582,167.86702
2021-10-22,NKE,28.056648,28.497485,28.124076
2021-10-22,VZ,3.3488876,3.4082302,3.358502
2021-10-22,WMT,7.5310257,7.4798928,7.4993219
2021-10-25,AAPL,45.566995,45.054289,45.082786
2021-10-25,AMGN,14.061133,14.358264,13.831817
2021-10-25,CRM,28.896983,28.900397,28.723232
2021-10-25,CSCO,15.802112,15.768342,15.701289
2021-10-25,IBM,18.616923,18.814149,18.43679
2021-10-25,INTC,54.074137,54.712298,53.732485
2021-10-25,MSFT,170.26719,171.95874,169.96765
2021-10-25,NKE,28.665355,29.014187,28.237311
2021-10-25,VZ,3.3064856,3.2791002,3.2628979
2021-10-25,WMT,7.6599404,7.7370283,7.6265813
2021-10-26,AAPL,44.726797,44.890794,45.0294
2021-10-26,AMGN,14.010227,14.10032,13.641284
2021-10-26,CRM,29.010007,28.909175,28.606622
2021-10-26,CSCO,15.208289,15.510048,14.951529
2021-10-26,IBM,18.804886,18.755075,18.691259
2021-10-26,INTC,54.877771,54.149866,54.901872
2021-10-26,MSFT,166.88897,168.24368,163.38757
2021-10-26,NKE,29.09752,29.568169,28.847631
2021-10-26,VZ,3.23341,3.2332959,3.1959284
2021-10-26,WMT,7.5880228,7.7244182,7.5690021
2021-10-27,AAPL,45.126295,45.526791,44.876695
2021-10-27,AMGN,13.921926,14.139725,13.833778
2021-10-27,CRM,29.479294,29.47728,29.511944
2021-10-27,CSCO,15.132564,15.405833,15.226687
2021-10-27,IBM,18.808016,18.917146,18.792114
2021-10-27,INTC,56.669438,57.641362,56.330213
2021-10-27,MSFT,163.83166,163.44929,161.16063
2021-10-27,NKE,28.763696,28.782695,28.093709
2021-10-27,VZ,3.2376602,3.2471544,3.2404696
2021-10-27,WMT,7.6049841,7.6556214,7.5758188
2021-10-28,AAPL,44.739667,44.833007,44.070144
2021-10-28,AMGN,13.814013,14.213133,13.760532
2021-10-28,CRM,30.811141,30.265194,29.841354
2021-10-28,CSCO,14.950596,14.775641,14.961828
2021-10-28,IBM,18.655935,18.64038,18.452785
2021-10-28,INTC,57.934759,58.027028,56.869446
2021-10-28,MSFT,162.04688,165.41844,159.94059
2021-10-28,NKE,28.895439,29.170057,28.759999
2021-10-28,VZ,3.1728803,3.1850739,3.1917713
2021-10-28,WMT,7.7052733,7.7575566,7.5805223
2021-10-29,AAPL,45.244591,46.810556,45.415438
2021-10-29,AMGN,13.82147,13.924554,13.773807
2021-10-29,CRM,30.784892,32.0369,30.075254
2021-10-29,CSCO,15.134824,15.403977,14.981391
2021-10-29,IBM,18.65816,18.57119,18.734126
2021-10-29,INTC,58.53061,58.961471,57.930414
2021-10-29,MSFT,167.56601,168.89587,165.54391
2021-10-29,NKE,28.74277,28.984078,28.48677
2021-10-29,VZ,3.1028691,3.1609479,3.073249
2021-10-29,WMT,7.4899477,7.5814581,7.4683183
2021-11-01,AAPL,44.600844,44.0658,44.236473
2021-11-01,AMGN,13.611648,13.774517,13.48753
2021-11-01,CRM,31.011803,31.942751,30.055091
2021-11-01,CSCO,15.477745,15.409566,15.244107
2021-11-01,IBM,18.112272,18.25244,18.365958
2021-11-01,INTC,59.468817,59.727397,58.821127
2021-11-01,MSFT,167.85524,171.38247,167.00954
2021-11-01,NKE,28.36613,28.49364,27.701802
2021-11-01,VZ,3.1070668,3.0962056,3.0931656
2021-11-01,WMT,7.5313369,7.5948378,7.6393617
2021-11-02,AAPL,44.716444,44.630507,45.164962
2021-11-02,AMGN,13.320587,13.503181,13.030776
2021-11-02,CRM,30.106299,30.829207,29.289084
2021-11-02,CSCO,15.624669,15.808991,15.631082
2021-11-02,IBM,18.41017,18.707773,18.312049
2021-11-02,INTC,60.218617,60.199048,60.101635
2021-11-02,MSFT,168.53407,169.46149,167.68709
2021-11-02,NKE,28.960064,29.143517,28.360945
2021-11-02,VZ,3.074771,3.1161656,3.0656905
2021-11-02,WMT,7.3585086,7.3930994,7.3356128
2021-11-03,AAPL,45.098801,44.783334,44.236107
2021-11-03,AMGN,13.241201,13.46022,13.029384
2021-11-03,CRM,30.424651,31.18473,30.443555
2021-11-03,CSCO,15.88364,15.85279,15.803919
2021-11-03,IBM,18.526686,18.567637,18.479121
2021-11-03,INTC,60.740048,61.819409,58.716192
2021-11-03,MSFT,169.44628,169.62608,170.31563
2021-11-03,NKE,28.174439,28.241589,27.595404
2021-11-03,VZ,3.0328558,3.0588284,3.0052475
2021-11-03,WMT,7.3326338,7.406072,7.2946897
2021-11-04,AAPL,45.488448,45.645379,45.334217
2021-11-04,AMGN,13.238684,13.354388,13.144138
2021-11-04,CRM,29.224196,29.427643,28.414914
2021-11-04,CSCO,15.576965,15.446463,15.423574
2021-11-04,IBM,18.679064,18.980417,18.616615
2021-11-04,INTC,61.11863,61.156553,60.934558
2021-11-04,MSFT,169.4197,171.27789,169.63045
2021-11-04,NKE,27.791242,27.671467,26.979941
2021-11-04,VZ,3.0278858,3.0664232,2.9803248
2021-11-04,WMT,7.1035584,7.2432914,7.0859892
2021-11-05,AAPL,44.615736,45.655237,44.996878
2021-11-05,AMGN,13.064538,13.220435,13.015588
2021-11-05,CRM,27.882048,28.216299,27.719119
2021-11-05,CSCO,15.135689,15.033464,15.135689
2021-11-05,IBM,18.950198,19.242533,19.015134
2021-11-05,INTC,63.14148,63.781573,62.264465
2021-11-05,MSFT,175.88116,175.23296,173.33899
2021-11-05,NKE,27.668195,27.997903,27.802676
2021-11-05,VZ,3.1084592,3.1622585,3.0743118
2021-11-05,WMT,7.0689825,7.0907037,7.0415395
2021-11-08,AAPL,45.125722,45.853927,45.178144
2021-11-08,AMGN,13.02852,13.194438,12.854451
2021-11-08,CRM,26.449108,26.737908,25.92684
2021-11-08,CSCO,14.735827,14.650046,14.209672
2021-11-08,IBM,19.450816,19.554412,19.251347
2021-11-08,INTC,64.169696,65.798148,63.255581
2021-11-08,MSFT,176.9533,176.41688,176.07055
2021-11-08,NKE,27.264864,27.719694,26.565943
2021-11-08,VZ,3.0928872,3.1009628,3.0922589
2021-11-08,WMT,6.9982984,7.0790499,6.9835323
2021-11-09,AAPL,44.680961,45.063689,44.944873
2021-11-09,AMGN,12.97183,13.039238,13.107687
2021-11-09,CRM,26.297791,26.307691,25.610162
2021-11-09,CSCO,14.70216,14.754837,14.654733
2021-11-09,IBM,19.365355,19.499914,19.320071
2021-11-09,INTC,63.723132,65.51408,61.815056
2021-11-09,MSFT,171.75452,172.09852,170.1725
2021-11-09,NKE,26.908799,27.376387,26.47648
2021-11-09,VZ,3.1067519,3.0790126,3.0786122
2021-11-09,WMT,7.0478846,7.0045224,6.9428028
2021-11-10,AAPL,45.254522,45.819132,44.75962
2021-11-10,AMGN,12.738957,12.66685,12.41839
2021-11-10,CRM,25.239909,25.82294,24.852247
2021-11-10,CSCO,14.745452,14.761137,14.798044
2021-11-10,IBM,19.312185,19.357732,19.181327
2021-11-10,INTC,63.324096,63.521762,63.74489
2021-11-10,MSFT,172.26208,175.06188,173.49278
2021-11-10,NKE,27.18536,27.258274,27.563176
2021-11-10,VZ,3.1132748,3.1402976,3.0900531
2021-11-10,WMT,7.023756,7.0579412,7.0387227
2021-11-11,AAPL,45.439223,45.330023,45.239495
2021-11-11,AMGN,12.723371,12.870519,12.830715
2021-11-11,CRM,24.769839,25.953334,24.570592
2021-11-11,CSCO,14.719303,14.685168,14.3172
2021-11-11,IBM,19.503206,19.55768,19.186187
2021-11-11,INTC,64.379324,65.619273,64.301085
2021-11-11,MSFT,171.48164,174.72672,170.21152
2021-11-11,NKE,26.605526,26.898226,26.667119
2021-11-11,VZ,3.0363717,3.0057565,3.0076867
2021-11-11,WMT,6.9534009,7.0225619,6.9805494
2021-11-12,AAPL,44.871997,45.381333,44.309755
2021-11-12,AMGN,12.896523,13.110509,12.806151
2021-11-12,CRM,24.904061,24.649058,24.638276
2021-11-12,CSCO,14.50639,14.616752,14.283185
2021-11-12,IBM,19.572442,19.857248,19.245459
2021-11-12,INTC,64.386404,65.311419,63.617097
2021-11-12,MSFT,173.07217,176.08041,172.76823
2021-11-12,NKE,26.847725,26.856766,27.127176
2021-11-12,VZ,3.0016428,3.0247092,3.0498248
2021-11-12,WMT,6.8636504,6.9282326,6.8946189
2021-11-15,AAPL,45.135476,45.43548,44.993082
2021-11-15,AMGN,12.438748,12.512174,12.395749
2021-11-15,CRM,25.622268,26.298786,24.772251
2021-11-15,CSCO,13.983049,14.042739,13.811512
2021-11-15,IBM,19.877865,20.082023,19.742439
2021-11-15,INTC,64.731234,65.850205,64.460136
2021-11-15,MSFT,175.09297,178.42561,173.30045
2021-11-15,NKE,27.688594,28.019331,27.379841
2021-11-15,VZ,2.9985617,2.9724994,3.0103728
2021-11-15,WMT,6.8263411,6.9144936,6.759335
2021-11-16,AAPL,43.779678,43.699058,42.52538
2021-11-16,AMGN,12.392566,12.513989,12.274555
2021-11-16,CRM,26.67972,27.360901,25.94229
2021-11-16,CSCO,13.795691,13.897386,13.669831
2021-11-16,IBM,19.548673,19.786323,19.477423
2021-11-16,INTC,64.288944,64.456521,64.060148
2021-11-16,MSFT,170.89687,173.04115,171.53528
2021-11-16,NKE,27.785648,27.99495,27.594982
2021-11-16,VZ,3.0090673,2.9981069,2.9513899
2021-11-16,WMT,6.6183139,6.7349536,6.5984778
2021-11-17,AAPL,43.570554,44.458065,43.416476
2021-11-17,AMGN,12.183566,12.301642,12.066366
2021-11-17,CRM,25.324,25.392096,24.906855
2021-11-17,CSCO,13.969689,14.31058,13.734361
2021-11-17,IBM,19.341439,19.561698,19.270779
2021-11-17,INTC,63.462294,63.730673,62.239077
2021-11-17,MSFT,171.3978,171.4942,172.2262
2021-11-17,NKE,26.881133,27.373886,26.998349
2021-11-17,VZ,2.951538,2.9673966,2.962761
2021-11-17,WMT,6.616479,6.6262476,6.5931747
2021-11-18,AAPL,43.174673,43.290683,42.994318
2021-11-18,AMGN,11.844605,11.988626,11.764827
2021-11-18,CRM,24.845368,24.942032,24.062171
2021-11-18,CSCO,13.712132,13.685969,13.551027
2021-11-18,IBM,19.754229,19.884221,19.350643
2021-11-18,INTC,63.566438,64.753971,62.401539
2021-11-18,MSFT,169.09239,170.92114,168.63604
2021-11-18,NKE,26.992499,27.021526,26.398745
2021-11-18,VZ,3.0038623,3.0209388,3.0304059
2021-11-18,WMT,6.7767446,6.8051963,6.7882371
2021-11-19,AAPL,40.160783,40.278097,40.153463
2021-11-19,AMGN,11.826697,11.927247,11.621738
2021-11-19,CRM,24.680579,24.811178,24.304598
2021-11-19,CSCO,13.944911,14.286302,13.64957
2021-11-19,IBM,20.398128,20.412343,20.163894
2021-11-19,INTC,63.856125,65.170699,63.103221
2021-11-19,MSFT,167.06931,167.03656,167.51278
2021-11-19,NKE,27.131481,27.321339,26.909595
2021-11-19,VZ,2.9706018,2.9813123,2.9352557
2021-11-19,WMT,6.7331736,6.7331271,6.737935
2021-11-22,AAPL,41.366428,41.233721,41.428868
2021-11-22,AMGN,11.526953,11.545537,11.567338
2021-11-22,CRM,25.767407,25.944578,26.170745
2021-11-22,CSCO,13.652738,13.715157,13.405187
2021-11-22,IBM,20.627721,20.751137,20.558446
2021-11-22,INTC,64.193592,65.717995,63.555804
2021-11-22,MSFT,166.95746,168.6426,162.71131
2021-11-22,NKE,26.977529,28.138132,27.631918
2021-11-22,VZ,2.9184115,2.9419244,2.9146948
2021-11-22,WMT,6.7895115,6.791454,6.7574705
2021-11-23,AAPL,41.156841,41.991855,40.885652
2021-11-23,AMGN,11.661411,11.987484,11.459007
2021-11-23,CRM,26.746749,27.015705,26.270165
2021-11-23,CSCO,13.759723,13.934116,13.676011
2021-11-23,IBM,20.527748,20.585778,20.48727
2021-11-23,INTC,64.366095,65.603656,64.857116
2021-11-23,MSFT,162.92142,161.21168,160.84324
2021-11-23,NKE,26.504657,26.554023,26.550155
2021-11-23,VZ,2.9705072,3.0086174,2.9969179
2021-11-23,WMT,6.770389,6.8801948,6.6826716
2021-11-24,AAPL,39.584965,39.952039,39.74118
2021-11-24,AMGN,11.319714,11.415941,11.370702
2021-11-24,CRM,26.151179,26.71836,26.384165
2021-11-24,CSCO,13.677693,13.549112,13.745549
2021-11-24,IBM,20.763439,20.985932,20.587148
2021-11-24,INTC,64.434335,63.753445,63.053007
2021-11-24,MSFT,160.16408,162.94434,158.32738
2021-11-24,NKE,25.946936,26.446291,26.399638
2021-11-24,VZ,3.0035468,3.0073922,2.9362529
2021-11-24,WMT,6.8753983,6.9559432,6.8687812
2021-11-26,AAPL,38.98638,39.149806,38.615294
2021-11-26,AMGN,11.094085,11.421339,11.312523
2021-11-26,CRM,26.380259,26.925713,25.547281
2021-11-26,CSCO,13.741395,13.873628,13.572617
2021-11-26,IBM,20.768628,20.860787,20.2867
2021-11-26,INTC,64.757742,64.794557,63.202202
2021-11-26,MSFT,162.24207,165.24612,161.34363
2021-11-26,NKE,26.187448,25.714593,26.068811
2021-11-26,VZ,2.9634864,2.9888264,2.969946
2021-11-26,WMT,6.9400575,6.9507374,6.9781175
2021-11-29,AAPL,38.683703,38.852344,38.08829
2021-11-29,AMGN,11.307212,11.55258,11.240324
2021-11-29,CRM,26.109274,26.576172,24.939113
2021-11-29,CSCO,14.082015,13.997528,13.872064
2021-11-29,IBM,21.023881,21.036938,20.816517
2021-11-29,INTC,65.298638,65.419815,64.687956
2021-11-29,MSFT,159.39421,158.83181,159.18894
2021-11-29,NKE,25.878959,26.44716,25.999565
2021-11-29,VZ,2.9669284,2.9814797,2.9550016
2021-11-29,WMT,6.8275454,6.8979052,6.7752031
2021-11-30,AAPL,38.468501,39.122868,38.356461
2021-11-30,AMGN,11.423182,11.310483,11.124673
2021-11-30,CRM,25.983836,26.369476,26.06788
2021-11-30,CSCO,13.715389,13.996418,13.600579
2021-11-30,IBM,20.503439,20.816983,20.346759
2021-11-30,INTC,65.773113,66.057796,64.887506
2021-11-30,MSFT,160.3825,161.1127,158.73152
2021-11-30,NKE,24.980422,25.540133,24.44571
2021-11-30,VZ,2.9512163,2.9827904,2.9028097
2021-11-30,WMT,6.6546561,6.6612547,6.6127204
2021-12-01,AAPL,37.755945,38.021225,36.846393
2021-12-01,AMGN,11.690476,11.831617,11.634861
2021-12-01,CRM,27.575295,27.92669,28.102435
2021-12-01,CSCO,13.594932,13.933901,13.498676
2021-12-01,IBM,20.66598,20.945551,20.650347
2021-12-01,INTC,66.154357,66.71125,64.612516
2021-12-01,MSFT,164.33316,162.86502,164.47561
2021-12-01,NKE,24.603762,25.181214,24.795181
2021-12-01,VZ,2.9489706,2.9176689,2.9336896
2021-12-01,WMT,6.7511594,6.8149399,6.7549066
2021-12-02,AAPL,38.820677,40.188132,37.90317
2021-12-02,AMGN,11.437376,11.545875,11.410269
2021-12-02,CRM,28.307602,29.078709,28.051568
2021-12-02,CSCO,13.680962,13.78811,13.56619
2021-12-02,IBM,20.923757,21.001537,20.774474
2021-12-02,INTC,67.007458,66.518394,67.085812
2021-12-02,MSFT,160.584,162.40426,156.58448
2021-12-02,NKE,24.549099,24.991949,24.08334
2021-12-02,VZ,2.91903,2.9556005,2.9164886
2021-12-02,WMT,6.840388,6.8946293,6.8075915
2021-12-03,AAPL,40.722846,40.468011,40.402482
2021-12-03,AMGN,11.394702,11.540689,11.600383
2021-12-03,CRM,28.801091,29.218103,27.586355
2021-12-03,CSCO,13.414025,13.588453,12.989858
2021-12-03,IBM,21.08537,21.40025,21.040494
2021-12-03,INTC,67.548782,68.768558,67.759217
2021-12-03,MSFT,160.55576,164.35345,160.3425
2021-12-03,NKE,24.35538,24.254274,24.00963
2021-12-03,VZ,2.9538462,3.0185095,2.9519378
2021-12-03,WMT,6.8745425,6.952227,6.8621601
2021-12-06,AAPL,40.075906,40.325493,39.415296
2021-12-06,AMGN,11.268151,11.463786,11.389486
2021-12-06,CRM,28.255847,29.422495,28.054166
2021-12-06,CSCO,13.150667,13.036582,12.950875
2021-12-06,IBM,20.437981,20.366935,20.27851
2021-12-06,INTC,66.349982,65.800642,65.025487
2021-12-06,MSFT,159.30023,161.05799,158.69951
2021-12-06,NKE,24.197709,24.575712,24.090653
2021-12-06,VZ,2.9845398,3.0064014,2.971513
2021-12-06,WMT,6.8460002,6.9486893,6.8484158
2021-12-07,AAPL,38.090019,38.784612,37.941848
2021-12-07,AMGN,11.035801,11.070468,10.991347
2021-12-07,CRM,27.579388,26.926012,27.430582
2021-12-07,CSCO,13.101218,13.2152,13.063677
2021-12-07,IBM,20.412294,20.376278,20.339586
2021-12-07,INTC,67.484148,66.927288,67.968739
2021-12-07,MSFT,159.30286,160.23094,158.59676
2021-12-07,NKE,23.396018,23.457306,23.124098
2021-12-07,VZ,3.0370163,3.0597934,3.0238568
2021-12-07,WMT,6.6928548,6.7104083,6.6237657
2021-12-08,AAPL,38.041649,38.345026,37.001189
2021-12-08,AMGN,11.208542,11.216954,10.992081
2021-12-08,CRM,27.084865,27.019082,27.227893
2021-12-08,CSCO,13.25487,13.44739,13.27957
2021-12-08,IBM,19.705884,19.867001,19.717197
2021-12-08,INTC,67.15154,66.358648,66.218191
2021-12-08,MSFT,162.05683,160.6363,161.42312
2021-12-08,NKE,22.981059,23.128349,23.318123
2021-12-08,VZ,2.9474207,2.9843676,2.8977219
2021-12-08,WMT,6.732207,6.8587237,6.6972969
2021-12-09,AAPL,39.813956,39.63884,39.494625
2021-12-09,AMGN,10.809685,11.0766,10.69903
2021-12-09,CRM,27.298713,27.740639,26.182567
2021-12-09,CSCO,13.477017,13.711487,13.405501
2021-12-09,IBM,19.423202,19.766744,19.509197
2021-12-09,INTC,66.027727,66.647011,65.274284
2021-12-09,MSFT,161.08724,162.03685,157.52783
2021-12-09,NKE,23.119166,22.865369,22.762738
2021-12-09,VZ,2.9050249,2.9841932,2.8751434
2021-12-09,WMT,6.6460344,6.7318419,6.5362782
2021-12-10,AAPL,39.506793,40.178271,39.287751
2021-12-10,AMGN,10.708577,11.010002,10.614732
2021-12-10,CRM,27.729197,28.626135,27.405905
2021-12-10,CSCO,13.095391,12.889232,12.981445
2021-12-10,IBM,19.492474,19.4869,19.382985
2021-12-10,INTC,65.979569,66.428903,64.957766
2021-12-10,MSFT,161.92448,163.00067,158.55452
2021-12-10,NKE,23.259144,23.222013,23.268962
2021-12-10,VZ,2.9712785,2.9991944,2.9224361
2021-12-10,WMT,6.5343344,6.6319521,6.5911723
2021-12-13,AAPL,38.72509,38.414654,37.722639
2021-12-13,AMGN,10.847756,11.029756,10.794881
2021-12-13,CRM,27.172739,27.067969,26.516903
2021-12-13,CSCO,13.187121,13.33225,13.034354
2021-12-13,IBM,19.656445,19.698163,19.476675
2021-12-13,INTC,65.223935,65.513277,63.952195
2021-12-13,MSFT,160.37598,162.08869,160.17993
2021-12-13,NKE,22.589261,23.185571,22.322582
2021-12-13,VZ,2.921595,2.9719373,2.9371353
2021-12-13,WMT,6.6289488,6.6612472,6.650157
2021-12-14,AAPL,39.720794,39.774632,39.011753
2021-12-14,AMGN,10.771433,10.851816,10.840648
2021-12-14,CRM,26.750839,26.480257,26.712125
2021-12-14,CSCO,13.125726,13.330053,12.961369
2021-12-14,IBM,19.434814,19.744201,19.272732
2021-12-14,INTC,64.013102,65.243388,63.785498
2021-12-14,MSFT,162.2788,162.30823,161.53436
2021-12-14,NKE,21.95343,21.923021,22.002319
2021-12-14,VZ,2.8764706,2.920935,2.8621758
2021-12-14,WMT,6.7701404,6.7970277,6.773886
2021-12-15,AAPL,40.344305,40.767803,39.282922
2021-12-15,AMGN,10.541483,10.91912,10.45167
2021-12-15,CRM,27.662876,28.284978,28.23148
2021-12-15,CSCO,13.233789,13.466489,13.015572
2021-12-15,IBM,19.512449,19.429023,19.463375
2021-12-15,INTC,64.014663,66.18699,64.504056
2021-12-15,MSFT,157.89908,157.75373,157.6759
2021-12-15,NKE,21.702428,21.956326,21.571858
2021-12-15,VZ,2.9408147,2.9788448,2.9780669
2021-12-15,WMT,6.7402252,6.775113,6.6729423
2021-12-16,AAPL,40.5148,41.829083,39.11397
2021-12-16,AMGN,10.471544,10.622896,10.376212
2021-12-16,CRM,28.128427,28.448064,27.664031
2021-12-16,CSCO,13.176908,13.264087,12.864192
2021-12-16,IBM,19.205135,19.553195,19.155031
2021-12-16,INTC,63.446718,63.932374,61.908791
2021-12-16,MSFT,158.9075,160.2842,156.91819
2021-12-16,NKE,21.526743,21.491993,21.462915
2021-12-16,VZ,2.9402744,2.9579708,2.8764388
2021-12-16,WMT,6.7652344,6.8986575,6.7007855
2021-12-17,AAPL,39.931233,40.416542,39.233317
2021-12-17,AMGN,10.368347,10.497899,10.196165
2021-12-17,CRM,28.350575,28.086723,28.196663
2021-12-17,CSCO,13.544441,13.60251,13.377681
2021-12-17,IBM,18.940743,18.931366,18.890248
2021-12-17,INTC,63.369409,63.284934,64.930444
2021-12-17,MSFT,157.35296,157.84807,156.28192
2021-12-17,NKE,21.547003,21.678613,21.331631
2021-12-17,VZ,2.8994036,2.8936142,2.8529695
2021-12-17,WMT,6.6678515,6.765979,6.6465486
2021-12-20,AAPL,39.957732,40.708524,39.469841
2021-12-20,AMGN,10.254081,10.345828,10.054136
2021-12-20,CRM,27.834326,27.002351,27.296248
2021-12-20,CSCO,13.348919,13.300003,13.273972
2021-12-20,IBM,18.374852,18.740679,18.334365
2021-12-20,INTC,63.193627,63.918697,62.357205
2021-12-20,MSFT,163.25195,167.34506,163.84156
2021-12-20,NKE,21.550969,21.644854,21.071802
2021-12-20,VZ,2.8300466,2.850294,2.8625499
2021-12-20,WMT,6.6787814,6.7282826,6.6332065
2021-12-21,AAPL,37.551836,38.114335,37.000514
2021-12-21,AMGN,10.240616,9.931056,10.053216
2021-12-21,CRM,28.453941,28.495859,27.825849
2021-12-21,CSCO,13.395914,13.554957,13.564583
2021-12-21,IBM,18.577862,18.972963,18.50097
2021-12-21,INTC,61.712542,61.322412,60.709366
2021-12-21,MSFT,163.24185,165.48578,161.03494
2021-12-21,NKE,20.841039,21.179686,20.262211
2021-12-21,VZ,2.77827,2.7951835,2.7534398
2021-12-21,WMT,6.5012497,6.489246,6.4731669
2021-12-22,AAPL,37.061161,37.066573,36.680525
2021-12-22,AMGN,10.047064,10.058968,9.8829527
2021-12-22,CRM,27.821187,28.432755,26.990645
2021-12-22,CSCO,13.276836,13.485716,13.079873
2021-12-22,IBM,18.629247,18.745419,18.511317
2021-12-22,INTC,63.521018,64.52041,62.475034
2021-12-22,MSFT,162.73499,165.65854,161.81835
2021-12-22,NKE,21.574453,21.604385,21.523242
2021-12-22,VZ,2.7665623,2.8310329,2.7596032
2021-12-22,WMT,6.473982,6.607582,6.4287905
2021-12-23,AAPL,36.821145,36.894259,36.642269
2021-12-23,AMGN,10.151215,10.434575,10.167417
2021-12-23,CRM,28.049796,28.222841,26.881355
2021-12-23,CSCO,13.016757,13.216411,12.975302
2021-12-23,IBM,18.627315,18.816219,18.368396
2021-12-23,INTC,62.33108,61.968879,62.051543
2021-12-23,MSFT,162.26967,164.62783,161.50838
2021-12-23,NKE,21.780136,22.074744,21.395611
2021-12-23,VZ,2.7233143,2.751497,2.7398712
2021-12-23,WMT,6.5531631,6.5832845,6.5581549
2021-12-27,AAPL,37.498926,38.215842,36.667648
2021-12-27,AMGN,10.217886,10.332709,10.013777
2021-12-27,CRM,28.589215,28.916495,28.006253
2021-12-27,CSCO,12.876778,12.821827,12.911884
2021-12-27,IBM,18.781682,18.913728,19.024312
2021-12-27,INTC,62.826141,63.024918,61.122996
2021-12-27,MSFT,158.70257,162.34452,157.34577
2021-12-27,NKE,21.377223,21.428401,21.40079
2021-12-27,VZ,2.6611,2.701826,2.6387503
2021-12-27,WMT,6.5978735,6.6552436,6.6481696
2021-12-28,AAPL,36.075367,36.097944,35.697966
2021-12-28,AMGN,10.256022,10.584267,10.162997
2021-12-28,CRM,29.307525,30.028711,28.245873
2021-12-28,CSCO,12.776933,12.880652,12.580285
2021-12-28,IBM,18.737902,18.925297,18.842657
2021-12-28,INTC,61.775369,62.472751,61.876133
2021-12-28,MSFT,163.73904,164.49306,163.09527
2021-12-28,NKE,21.587242,21.896299,21.132074
2021-12-28,VZ,2.6983109,2.6907985,2.6568539
2021-12-28,WMT,6.4843559,6.5584298,6.4305214
2021-12-29,AAPL,36.013519,36.848708,35.533839
2021-12-29,AMGN,10.033936,10.088156,9.8495537
2021-12-29,CRM,28.580139,29.426329,28.267673
2021-12-29,CSCO,12.97832,13.088416,12.733058
2021-12-29,IBM,18.883117,19.129455,18.671183
2021-12-29,INTC,60.889762,60.015566,60.509349
2021-12-29,MSFT,163.74248,165.31327,161.27928
2021-12-29,NKE,21.464135,21.708867,21.717953
2021-12-29,VZ,2.7063843,2.7075409,2.6887577
2021-12-29,WMT,6.4273583,6.4112712,6.4146991
2021-12-30,AAPL,35.01582,35.29846,34.983998
2021-12-30,AMGN,10.080511,10.3146,10.019913
2021-12-30,CRM,27.025217,27.735428,26.980067
2021-12-30,CSCO,12.672584,12.851334,12.615622
2021-12-30,IBM,18.944918,18.973081,18.705306
2021-12-30,INTC,61.470634,63.25662,61.136853
2021-12-30,MSFT,167.25739,170.03207,163.07669
2021-12-30,NKE,21.606691,22.026069,21.503845
2021-12-30,VZ,2.6637704,2.7011852,2.6337548
2021-12-30,WMT,6.3916396,6.4695178,6.3525021
2021-12-31,AAPL,34.491389,34.846684,34.285089
2021-12-31,AMGN,10.136321,10.178843,9.9635883
2021-12-31,CRM,26.989813,27.012554,26.901357
2021-12-31,CSCO,12.877827,13.027872,12.775026
2021-12-31,IBM,18.97032,19.118591,18.833197
2021-12-31,INTC,60.361,61.76958,59.11014
2021-12-31,MSFT,167.89889,166.6544,166.84314
2021-12-31,NKE,21.5163,21.968538,21.306744
2021-12-31,VZ,2.6093819,2.6445942,2.5946806
2021-12-31,WMT,6.3298025,6.2928723,6.3073925
2022-01-03,AAPL,34.437063,34.557617,34.992844
2022-01-03,AMGN,9.8138696,10.042903,9.7906926
2022-01-03,CRM,27.534853,27.394036,27.464447
2022-01-03,CSCO,12.964577,13.027374,12.602629
2022-01-03,IBM,19.157555,19.192264,19.207738
2022-01-03,INTC,59.369815,60.513762,58.425614
2022-01-03,MSFT,166.81203,168.95857,164.9932
2022-01-03,NKE,21.025836,21.147586,21.085172
2022-01-03,VZ,2.5623838,2.6075165,2.531864
2022-01-03,WMT,6.3906833,6.4298329,6.4434255
2022-01-04,AAPL,34.506772,34.844834,34.400567
2022-01-04,AMGN,9.6958106,9.9883109,9.582983
2022-01-04,CRM,27.297682,28.447154,27.407922
2022-01-04,CSCO,13.105592,13.33678,12.950156
2022-01-04,IBM,18.981069,19.042825,18.5981
2022-01-04,INTC,57.915426,58.265545,57.575201
2022-01-04,MSFT,170.48667,170.91087,169.49459
2022-01-04,NKE,20.977677,20.911265,20.904548
2022-01-04,VZ,2.5716872,2.5610575,2.5728506
2022-01-04,WMT,6.5427421,6.6370442,6.3598745
2022-01-05,AAPL,34.336622,34.590391,33.88702
2022-01-05,AMGN,9.6032499,9.7537575,9.6864263
2022-01-05,CRM,27.471931,27.372569,26.64828
2022-01-05,CSCO,13.369332,13.376272,13.492119
2022-01-05,IBM,18.747081,18.765187,18.473879
2022-01-05,INTC,56.915486,56.971312,55.907461
2022-01-05,MSFT,170.11953,169.69139,166.98489
2022-01-05,NKE,20.721269,20.836969,20.618708
2022-01-05,VZ,2.5424132,2.5828952,2.5185699
2022-01-05,WMT,6.4083676,6.3965579,6.3931557
2022-01-06,AAPL,34.941395,35.033965,33.897411
2022-01-06,AMGN,9.6845144,9.7652856,9.4761145
2022-01-06,CRM,26.359931,27.113394,25.67011
2022-01-06,CSCO,13.003319,12.990862,12.696514
2022-01-06,IBM,18.610115,18.977898,18.501159
2022-01-06,INTC,57.286321,58.500132,55.835921
2022-01-06,MSFT,166.17217,167.77272,165.13124
2022-01-06,NKE,20.805744,21.282696,20.446437
2022-01-06,VZ,2.5150962,2.5181726,2.5113199
2022-01-06,WMT,6.6424165,6.609577,6.5482084
2022-01-07,AAPL,34.543712,35.377259,34.562341
2022-01-07,AMGN,9.6570475,9.8350268,9.69827
2022-01-07,CRM,26.595267,26.682225,25.774022
2022-01-07,CSCO,12.909655,13.146026,12.783585
2022-01-07,IBM,18.750452,18.778542,18.95331
2022-01-07,INTC,58.717575,59.808706,58.081591
2022-01-07,MSFT,164.06056,164.24901,160.85999
2022-01-07,NKE,20.990991,21.265468,20.705293
2022-01-07,VZ,2.5368907,2.5747795,2.5176675
2022-01-07,WMT,6.7172632,6.7544449,6.6081924
2022-01-10,AAPL,34.903313,34.774984,34.255196
2022-01-10,AMGN,9.6637722,9.7788132,9.7755957
2022-01-10,CRM,26.580852,26.580988,26.293059
2022-01-10,CSCO,12.754335,12.431591,12.69874
2022-01-10,IBM,18.759728,18.872861,18.437001
2022-01-10,INTC,57.524207,58.713729,55.96677
2022-01-10,MSFT,163.53668,165.25939,159.0676
2022-01-10,NKE,20.79906,21.198718,20.384202
2022-01-10,VZ,2.4936626,2.5143964,2.4472637
2022-01-10,WMT,6.680572,6.7285733,6.5697138
2022-01-11,AAPL,35.664051,36.004484,35.65886
2022-01-11,AMGN,9.4007348,9.4500694,9.1816305
2022-01-11,CRM,26.976091,27.29891,25.900329
2022-01-11,CSCO,12.297056,12.42161,12.098291
2022-01-11,IBM,18.469261,18.321182,18.280499
2022-01-11,INTC,58.147119,57.8092,58.410384
2022-01-11,MSFT,161.02986,161.1153,159.04833
2022-01-11,NKE,20.793973,21.03408,20.429924
2022-01-11,VZ,2.4952696,2.4892687,2.4927091
2022-01-11,WMT,6.7642511,6.8386097,6.7371468
2022-01-12,AAPL,35.296618,35.120358,34.928151
2022-01-12,AMGN,9.5303343,9.5644787,9.4096311
2022-01-12,CRM,26.805218,26.980232,26.881244
2022-01-12,CSCO,12.398104,12.461992,12.216932
2022-01-12,IBM,18.443444,18.339075,18.225859
2022-01-12,INTC,58.758747,60.002671,58.604954
2022-01-12,MSFT,164.16279,164.57491,160.27263
2022-01-12,NKE,20.695284,21.09412,20.318788
2022-01-12,VZ,2.4663293,2.4741047,2.4584165
2022-01-12,WMT,6.7464711,6.7726452,6.768665
2022-01-13,AAPL,36.796528,36.99563,36.65289
2022-01-13,AMGN,9.576917,9.6819187,9.4921598
2022-01-13,CRM,26.109293,26.273021,25.818663
2022-01-13,CSCO,11.942859,12.099862,11.725916
2022-01-13,IBM,18.688513,18.608847,18.611284
2022-01-13,INTC,58.800202,59.659956,58.037789
2022-01-13,MSFT,163.95081,164.21257,162.61126
2022-01-13,NKE,20.706221,20.996509,20.292314
2022-01-13,VZ,2.4538642,2.501361,2.4351922
2022-01-13,WMT,6.9419913,6.9688221,6.9361301
2022-01-14,AAPL,36.626837,37.098681,36.069606
2022-01-14,AMGN,9.603492,9.7837265,9.3993347
2022-01-14,CRM,26.022874,25.991943,25.353487
2022-01-14,CSCO,11.998002,12.220682,11.835264
2022-01-14,IBM,18.43491,18.488358,18.353329
2022-01-14,INTC,59.583351,60.027559,59.678487
2022-01-14,MSFT,165.04664,167.40917,166.42378
2022-01-14,NKE,20.485141,20.502189,20.394268
2022-01-14,VZ,2.4527984,2.4684791,2.4054519
2022-01-14,WMT,6.8045769,6.8582487,6.7913216
2022-01-18,AAPL,36.041758,36.30183,35.25993
2022-01-18,AMGN,9.9158262,9.96043,9.7622875
2022-01-18,CRM,25.969141,26.699636,25.203705
2022-01-18,CSCO,11.786832,12.073269,11.65129
2022-01-18,IBM,18.088037,18.406338,17.74679
2022-01-18,INTC,59.636172,59.530828,58.808713
2022-01-18,MSFT,169.07561,169.61757,167.05805
2022-01-18,NKE,20.765406,20.826864,20.942375
2022-01-18,VZ,2.3762888,2.4005692,2.3716983
2022-01-18,WMT,6.8510364,6.9246201,6.95692
2022-01-19,AAPL,35.102742,35.675744,34.853879
2022-01-19,AMGN,10.035604,10.017054,9.8110338
2022-01-19,CRM,25.540616,24.82616,25.327539
2022-01-19,CSCO,11.636746,11.67833,11.514148
2022-01-19,IBM,18.107921,18.219019,17.957344
2022-01-19,INTC,60.131673,61.035368,59.577438
2022-01-19,MSFT,170.80274,172.35885,170.37185
2022-01-19,NKE,21.0404,20.898941,20.431667
2022-01-19,VZ,2.3258642,2.3609645,2.3179432
2022-01-19,WMT,6.8430052,6.8845383,6.7888403
2022-01-20,AAPL,33.70264,33.888445,32.974094
2022-01-20,AMGN,9.963217,10.053146,9.8420037
2022-01-20,CRM,25.327123,25.496973,25.123757
2022-01-20,CSCO,11.732249,11.948916,11.641602
2022-01-20,IBM,17.978619,18.05962,17.687272
2022-01-20,INTC,61.655561,61.48318,61.029976
2022-01-20,MSFT,168.80916,170.4985,165.21692
2022-01-20,NKE,21.289294,21.709714,21.062669
2022-01-20,VZ,2.3608638,2.3564297,2.3786117
2022-01-20,WMT,6.8898672,6.8631422,6.9682572
2022-01-21,AAPL,33.464135,34.152254,33.256655
2022-01-21,AMGN,10.067311,10.23909,9.956549
2022-01-21,CRM,24.902674,25.186318,23.903387
2022-01-21,CSCO,12.16375,12.351327,12.242794
2022-01-21,IBM,17.623637,17.865029,17.313964
2022-01-21,INTC,61.364193,60.660477,61.554198
2022-01-21,MSFT,163.13672,168.19004,161.87105
2022-01-21,NKE,21.142325,21.326727,20.616324
2022-01-21,VZ,2.3393476,2.3577871,2.309952
2022-01-21,WMT,6.8603626,6.8365543,6.7833772
2022-01-24,AAPL,33.352976,33.961918,33.126661
2022-01-24,AMGN,9.9884917,9.9103536,9.9799888
2022-01-24,CRM,24.716166,24.649064,24.505481
2022-01-24,CSCO,12.163091,12.209815,12.079355
2022-01-24,IBM,17.749397,17.836807,17.798818
2022-01-24,INTC,61.089655,61.380829,60.875802
2022-01-24,MSFT,162.3176,162.37892,159.52892
2022-01-24,NKE,21.713476,22.095293,21.171372
2022-01-24,VZ,2.3480242,2.3846253,2.3828784
2022-01-24,WMT,6.8229344,6.9521411,6.8246043
2022-01-25,AAPL,33.020066,33.482077,32.918054
2022-01-25,AMGN,9.8762758,10.045117,9.7640031
2022-01-25,CRM,24.419075,24.308545,24.506928
2022-01-25,CSCO,12.040695,12.064004,11.913355
2022-01-25,IBM,17.468089,17.726287,17.137869
2022-01-25,INTC,62.14266,61.934385,61.961809
2022-01-25,MSFT,159.77838,158.80106,158.85465
2022-01-25,NKE,21.410893,21.199773,20.902169
2022-01-25,VZ,2.3308912,2.3243845,2.3349813
2022-01-25,WMT,6.9585004,7.0880794,6.9064419
2022-01-26,AAPL,33.629433,33.502612,32.977018
2022-01-26,AMGN,10.012546,10.204869,9.7621654
2022-01-26,CRM,23.717294,24.336506,23.741349
2022-01-26,CSCO,11.406412,11.40951,11.220573
2022-01-26,IBM,17.397978,17.426827,17.455527
2022-01-26,INTC,61.100731,61.748885,60.559878
2022-01-26,MSFT,157.3203,158.55662,155.63705
2022-01-26,NKE,21.382567,21.653149,21.202706
2022-01-26,VZ,2.2943372,2.3079944,2.2690793
2022-01-26,WMT,6.807862,6.827376,6.7250837
2022-01-27,AAPL,33.742589,33.62509,33.733876
2022-01-27,AMGN,10.158459,10.223293,9.8850672
2022-01-27,CRM,25.222209,25.962662,24.835528
2022-01-27,CSCO,11.15938,11.244783,11.071182
2022-01-27,IBM,17.261035,17.370648,17.348892
2022-01-27,INTC,60.647446,61.408904,61.317896
2022-01-27,MSFT,154.28357,155.9503,151.27948
2022-01-27,NKE,21.055107,20.964577,21.087899
2022-01-27,VZ,2.2800328,2.3225009,2.2406196
2022-01-27,WMT,6.6390174,6.629635,6.5713998
2022-01-28,AAPL,33.537792,34.148741,32.964845
2022-01-28,AMGN,9.9575624,10.137202,9.8886378
2022-01-28,CRM,25.357965,25.54839,24.778948
2022-01-28,CSCO,10.754183,10.821399,10.607352
2022-01-28,IBM,17.166276,17.233338,17.014689
2022-01-28,INTC,60.661317,61.472665,59.448692
2022-01-28,MSFT,153.31054,155.89212,150.21465
2022-01-28,NKE,21.110981,21.168059,20.696347
2022-01-28,VZ,2.2494053,2.2746248,2.2523944
2022-01-28,WMT,6.7798946,6.7641956,6.7997026
2022-01-31,AAPL,33.700643,33.484923,34.087229
2022-01-31,AMGN,9.7974015,10.059866,9.4571837
2022-01-31,CRM,24.89603,25.500935,24.999186
2022-01-31,CSCO,10.516891,10.740721,10.410419
2022-01-31,IBM,17.165056,17.283232,17.09839
2022-01-31,INTC,62.2054,62.909342,62.387108
2022-01-31,MSFT,153.40264,153.99265,149.86094
2022-01-31,NKE,20.996421,21.47832,20.710856
2022-01-31,VZ,2.2229925,2.2481485,2.2017116
2022-01-31,WMT,6.6000407,6.6549804,6.5611015
2022-02-01,AAPL,33.044794,34.12035,32.297856
2022-02-01,AMGN,9.6911184,9.9485418,9.4502114
2022-02-01,CRM,25.001778,25.416302,25.050494
2022-02-01,CSCO,10.077421,10.150191,10.042999
2022-02-01,IBM,17.351688,17.352929,17.263818
2022-02-01,INTC,62.312162,62.333763,62.081524
2022-02-01,MSFT,153.09574,154.42009,150.27623
2022-02-01,NKE,21.38745,21.271547,20.93985
2022-02-01,VZ,2.2125571,2.2314044,2.2406607
2022-02-01,WMT,6.6308031,6.7910241,6.5018837
2022-02-02,AAPL,33.701757,33.689086,33.699021
2022-02-02,AMGN,9.5650646,9.8737995,9.476028
2022-02-02,CRM,24.442314,24.23149,24.014235
2022-02-02,CSCO,10.162378,10.428455,10.012492
2022-02-02,IBM,17.252769,17.592902,17.103733
2022-02-02,INTC,61.878078,62.037217,61.770913
2022-02-02,MSFT,157.67224,158.02154,153.10487
2022-02-02,NKE,21.331484,21.483639,20.656766
2022-02-02,VZ,2.1829732,2.1824124,2.1994484
2022-02-02,WMT,6.7010702,6.7763766,6.6037339
2022-02-03,AAPL,33.506892,33.473321,33.324646
2022-02-03,AMGN,9.2818052,9.397836,9.1881225
2022-02-03,CRM,23.481469,23.997797,23.556138
2022-02-03,CSCO,9.9484122,9.8210929,9.7971137
2022-02-03,IBM,16.897308,17.068974,16.614333
2022-02-03,INTC,60.51366,60.772664,59.64007
2022-02-03,MSFT,160.63308,162.47598,157.17493
2022-02-03,NKE,21.219028,21.53786,20.654298
2022-02-03,VZ,2.1394076,2.1524206,2.1042006
2022-02-03,WMT,6.7525183,6.7260209,6.6830166
2022-02-04,AAPL,33.286236,32.959657,33.627713
2022-02-04,AMGN,9.0559487,9.2283274,8.9297829
2022-02-04,CRM,23.048282,23.551705,22.921295
2022-02-04,CSCO,10.168613,10.502937,9.9487692
2022-02-04,IBM,17.034484,17.32173,16.933486
2022-02-04,INTC,60.038046,60.199281,59.819561
2022-02-04,MSFT,164.35569,170.1066,163.87712
2022-02-04,NKE,21.263065,21.668091,20.90239
2022-02-04,VZ,2.1384284,2.151942,2.1295198
2022-02-04,WMT,6.6695189,6.73474,6.5792881
2022-02-07,AAPL,32.816591,32.917041,32.065798
2022-02-07,AMGN,9.0584066,9.3332706,8.95594
2022-02-07,CRM,23.652074,24.509952,23.390331
2022-02-07,CSCO,10.233347,10.279294,10.126945
2022-02-07,IBM,16.722162,16.91855,16.664114
2022-02-07,INTC,58.062416,57.954913,58.175445
2022-02-07,MSFT,164.1568,168.32205,164.79225
2022-02-07,NKE,21.609937,21.508024,21.429826
2022-02-07,VZ,2.1006726,2.1299733,2.0774625
2022-02-07,WMT,6.6298695,6.6922298,6.557188
2022-02-08,AAPL,32.826112,33.692106,31.777615
2022-02-08,AMGN,8.7895069,9.193401,8.7689482
2022-02-08,CRM,23.78984,23.923017,23.141872
2022-02-08,CSCO,10.045178,10.150894,9.9995456
2022-02-08,IBM,16.71963,16.709401,16.56467
2022-02-08,INTC,57.359476,57.194709,57.617616
2022-02-08,MSFT,163.39916,163.61563,161.30324
2022-02-08,NKE,21.483105,21.607211,21.126382
2022-02-08,VZ,2.0651399,2.1102321,2.0470388
2022-02-08,WMT,6.6683659,6.7231827,6.6780012
2022-02-09,AAPL,32.35454,33.280678,32.088117
2022-02-09,AMGN,8.8150002,8.8814368,8.8369247
2022-02-09,CRM,24.581453,24.761625,24.314847
2022-02-09,CSCO,10.412323,10.657686,10.23624
2022-02-09,IBM,16.908828,17.059662,16.7497
2022-02-09,INTC,58.487531,59.611982,58.044057
2022-02-09,MSFT,160.29235,163.2734,157.26919
2022-02-09,NKE,21.415036,21.41668,21.205584
2022-02-09,VZ,2.0434083,2.075453,2.0391314
2022-02-09,WMT,6.777869,6.7942493,6.6982041
2022-02-10,AAPL,32.63443,33.40787,32.059399
2022-02-10,AMGN,8.7511987,8.9756505,8.5757013
2022-02-10,CRM,25.040824,24.885205,24.582203
2022-02-10,CSCO,10.276345,10.246185,10.066304
2022-02-10,IBM,17.039413,17.098039,16.926816
2022-02-10,INTC,58.172224,58.769569,58.090467
2022-02-10,MSFT,160.85754,161.40259,159.42158
2022-02-10,NKE,21.898356,22.169116,21.664683
2022-02-10,VZ,2.0207054,2.0504351,2.0172656
2022-02-10,WMT,6.8338103,6.9017931,6.9229945
2022-02-11,AAPL,32.386176,32.358483,32.2673
2022-02-11,AMGN,8.5893298,8.6327761,8.5266142
2022-02-11,CRM,24.68921,25.389449,24.027027
2022-02-11,CSCO,10.063432,10.194789,9.9452574
2022-02-11,IBM,17.191767,17.483483,17.189654
2022-02-11,INTC,59.196135,59.660954,58.478589
2022-02-11,MSFT,159.39971,160.62993,155.48007
2022-02-11,NKE,21.565555,21.779874,21.464744
2022-02-11,VZ,2.0158706,2.0302022,1.983147
2022-02-11,WMT,6.71584,6.7467308,6.5920275
2022-02-14,AAPL,31.835112,32.006329,31.697045
2022-02-14,AMGN,8.6169836,8.737209,8.6882514
2022-02-14,CRM,25.091356,25.506852,24.453629
2022-02-14,CSCO,9.9594544,10.076364,9.8425735
2022-02-14,IBM,17.034865,16.969992,16.872586
2022-02-14,INTC,58.734473,60.568644,58.712925
2022-02-14,MSFT,161.80844,163.2187,159.70914
2022-02-14,NKE,21.835842,22.033509,21.589793
2022-02-14,VZ,1.989073,2.0071322,1.9763322
2022-02-14,WMT,6.6673544,6.6713626,6.6379961
2022-02-15,AAPL,32.26358,32.319264,31.220076
2022-02-15,AMGN,8.3944563,8.4853816,8.3568126
2022-02-15,CRM,24.936706,25.780577,24.480107
2022-02-15,CSCO,9.7679208,9.9162956,9.7667022
2022-02-15,IBM,17.053643,17.029208,16.944523
2022-02-15,INTC,60.034087,60.675958,59.136747
2022-02-15,MSFT,162.4048,163.59219,159.27297
2022-02-15,NKE,22.22562,22.615542,21.937634
2022-02-15,VZ,1.9878125,2.0067683,2.0051788
2022-02-15,WMT,6.6509463,6.744611,6.5668705
2022-02-16,AAPL,31.585485,31.952694,30.810264
2022-02-16,AMGN,8.0496444,8.1357995,8.0464202
2022-02-16,CRM,25.49718,25.972026,24.69971
2022-02-16,CSCO,9.9284008,9.9329125,9.8410134
2022-02-16,IBM,16.96989,17.161512,17.08908
2022-02-16,INTC,60.110754,60.758854,59.070436
2022-02-16,MSFT,157.66092,160.05722,155.05333
2022-02-16,NKE,21.658984,22.014997,21.293789
2022-02-16,VZ,1.9965859,2.0197216,1.9788875
2022-02-16,WMT,6.6776673,6.7583587,6.603591
2022-02-17,AAPL,31.423489,30.8658,31.212195
2022-02-17,AMGN,7.9717518,7.9845962,7.9708742
2022-02-17,CRM,25.074344,25.738263,24.685277
2022-02-17,CSCO,9.9691792,9.9700242,9.9790799
2022-02-17,IBM,16.807758,17.10252,16.803826
2022-02-17,INTC,60.55599,59.784495,59.537473
2022-02-17,MSFT,163.34231,166.41333,161.71867
2022-02-17,NKE,21.609407,21.835591,21.563388
2022-02-17,VZ,1.9825183,2.0036492,2.0088665
2022-02-17,WMT,6.6607086,6.7508369,6.658506
2022-02-18,AAPL,32.193292,32.24854,31.26268
2022-02-18,AMGN,7.9714104,8.1022307,7.8660211
2022-02-18,CRM,25.120896,25.366158,24.770038
2022-02-18,CSCO,9.8229591,9.8492385,9.6679625
2022-02-18,IBM,16.481102,16.769703,16.468364
2022-02-18,INTC,60.239877,61.396092,58.872258
2022-02-18,MSFT,170.56758,171.18228,166.01782
2022-02-18,NKE,21.475929,22.003526,20.803857
2022-02-18,VZ,1.976146,1.9649695,1.9369202
2022-02-18,WMT,6.5514016,6.5836471,6.5804044
2022-02-22,AAPL,32.636833,32.509425,32.318238
2022-02-22,AMGN,7.9235368,8.113704,7.8147505
2022-02-22,CRM,24.860426,24.664822,24.589958
2022-02-22,CSCO,9.8088285,9.9289569,9.6411077
2022-02-22,IBM,16.483372,16.723731,16.254055
2022-02-22,INTC,58.69755,59.614356,58.706604
2022-02-22,MSFT,171.07965,172.65283,168.37267
2022-02-22,NKE,21.106576,21.335954,20.449176
2022-02-22,VZ,2.0023116,1.9866589,1.9692336
2022-02-22,WMT,6.5565216,6.6697986,6.5464718
2022-02-23,AAPL,31.023155,31.422754,29.881735
2022-02-23,AMGN,7.9088423,7.977193,7.7490303
2022-02-23,CRM,25.639804,25.695493,24.78416
2022-02-23,CSCO,9.7844171,9.9242024,9.8710242
2022-02-23,IBM,16.382999,16.444298,16.057912
2022-02-23,INTC,58.959174,60.07193,57.897304
2022-02-23,MSFT,172.12713,172.97185,171.33525
2022-02-23,NKE,21.480452,21.509531,21.339082
2022-02-23,VZ,1.9777042,2.0233756,1.9681608
2022-02-23,WMT,6.5660921,6.6490945,6.5711486
2022-02-24,AAPL,31.206358,31.65291,31.325438
2022-02-24,AMGN,7.793966,7.7960361,7.749777
2022-02-24,CRM,24.154236,24.996907,23.295383
2022-02-24,CSCO,9.6197728,9.6695413,9.8371183
2022-02-24,IBM,16.669243,16.838759,16.783588
2022-02-24,INTC,60.93325,60.845757,59.701904
2022-02-24,MSFT,171.97772,174.03249,172.23657
2022-02-24,NKE,20.724497,21.134576,20.526369
2022-02-24,VZ,1.9635332,1.97909,1.9675463
2022-02-24,WMT,6.6760831,6.7054993,6.6679956
2022-02-25,AAPL,31.823244,32.505914,31.156999
2022-02-25,AMGN,7.7230925,7.8606306,7.5588557
2022-02-25,CRM,23.167714,23.904578,22.441008
2022-02-25,CSCO,9.5187282,9.7001235,9.3078329
2022-02-25,IBM,16.64919,16.715603,16.595906
2022-02-25,INTC,59.916803,59.80917,58.939197
2022-02-25,MSFT,171.98646,170.99546,167.47919
2022-02-25,NKE,19.699998,19.753629,19.412348
2022-02-25,VZ,1.9546899,1.9302155,1.9463442
2022-02-25,WMT,6.6322447,6.7409627,6.6063845
2022-02-28,AAPL,32.4919,33.233892,31.90436
2022-02-28,AMGN,7.7346447,7.9172929,7.7086953
2022-02-28,CRM,22.965223,23.332757,23.043799
2022-02-28,CSCO,9.6293725,9.7821973,9.5254751
2022-02-28,IBM,16.808633,17.044418,16.664361
2022-02-28,INTC,60.802894,61.713349,59.611134
2022-02-28,MSFT,169.45419,171.24182,171.11069
2022-02-28,NKE,19.514194,19.829922,19.092034
2022-02-28,VZ,1.9537277,2.0019613,1.9245932
2022-02-28,WMT,6.4925951,6.5179042,6.5345733
2022-03-01,AAPL,31.420031,31.069757,30.993507
2022-03-01,AMGN,7.816888,7.9334256,7.8166783
2022-03-01,CRM,22.976794,23.719366,22.378404
2022-03-01,CSCO,9.6474395,9.7479988,9.4331698
2022-03-01,IBM,16.281859,16.318728,16.208982
2022-03-01,INTC,59.697275,59.831826,59.409884
2022-03-01,MSFT,166.2905,167.71402,165.76303
2022-03-01,NKE,18.44561,18.665261,18.415265
2022-03-01,VZ,1.9647746,1.9627924,1.9347359
2022-03-01,WMT,6.43543,6.513073,6.3841935
2022-03-02,AAPL,30.776726,31.090701,30.369698
2022-03-02,AMGN,7.5680793,7.5744208,7.5537129
2022-03-02,CRM,22.032675,21.885646,21.661648
2022-03-02,CSCO,9.9538146,10.278141,9.7413283
2022-03-02,IBM,16.468295,16.651441,16.431083
2022-03-02,INTC,58.416938,58.454849,58.644648
2022-03-02,MSFT,165.08103,166.99554,163.9194
2022-03-02,NKE,18.235238,18.468768,18.239695
2022-03-02,VZ,1.9313948,1.9292377,1.9261345
2022-03-02,WMT,6.3440947,6.383784,6.2285582
2022-03-03,AAPL,30.542499,31.340711,30.719278
2022-03-03,AMGN,7.5213545,7.5952508,7.5203579
2022-03-03,CRM,21.341,21.788622,20.756153
2022-03-03,CSCO,9.7633728,9.6376697,9.6590974
2022-03-03,IBM,16.28607,16.67775,16.160602
2022-03-03,INTC,58.614753,59.591637,58.554783
2022-03-03,MSFT,161.65789,164.26883,158.51052
2022-03-03,NKE,18.225698,18.769966,18.186284
2022-03-03,VZ,1.9650009,1.9986511,1.9238359
2022-03-03,WMT,6.2024487,6.2307045,6.1269674
2022-03-04,AAPL,30.000296,30.228336,29.94298
2022-03-04,AMGN,7.394135,7.3967529,7.2334943
2022-03-04,CRM,20.454273,20.997486,20.491148
2022-03-04,CSCO,9.9557607,10.129351,9.8926493
2022-03-04,IBM,16.062326,16.376714,15.976322
2022-03-04,INTC,57.974232,58.197217,56.298046
2022-03-04,MSFT,161.13216,162.43851,159.24664
2022-03-04,NKE,17.861994,18.189364,17.623457
2022-03-04,VZ,2.0005442,2.018595,1.99911
2022-03-04,WMT,6.2702103,6.2818454,6.2468479
2022-03-07,AAPL,29.394759,29.218131,28.874389
2022-03-07,AMGN,7.593574,7.8063851,7.6568863
2022-03-07,CRM,20.453311,20.773467,20.131014
2022-03-07,CSCO,10.043322,9.9782819,9.8677595
2022-03-07,IBM,15.812175,15.946567,15.867522
2022-03-07,INTC,57.140741,57.201284,56.316181
2022-03-07,MSFT,157.91235,160.56486,155.31667
2022-03-07,NKE,17.860781,17.8728,17.561304
2022-03-07,VZ,1.9948284,1.988642,1.9807962
2022-03-07,WMT,6.2346478,6.2856199,6.19578
2022-03-08,AAPL,27.977446,28.482244,27.645342
2022-03-08,AMGN,7.5287901,7.5708264,7.4863369
2022-03-08,CRM,20.028135,20.456632,19.854271
2022-03-08,CSCO,10.222308,10.337301,10.177715
2022-03-08,IBM,15.577876,15.622311,15.560342
2022-03-08,INTC,57.248183,56.778841,55.799103
2022-03-08,MSFT,155.68749,157.36292,153.27089
2022-03-08,NKE,17.686333,17.903774,17.260179
2022-03-08,VZ,1.9526496,1.9779159,1.9331602
2022-03-08,WMT,6.2618734,6.2987171,6.1950815
2022-03-09,AAPL,28.576994,29.524681,27.71669
2022-03-09,AMGN,7.3662751,7.3673569,7.3159083
2022-03-09,CRM,20.892785,21.048247,20.355769
2022-03-09,CSCO,9.9861903,10.003432,9.7972902
2022-03-09,IBM,16.055027,16.405066,16.178958
2022-03-09,INTC,56.127139,56.353538,56.04005
2022-03-09,MSFT,155.34436,157.64766,152.16641
2022-03-09,NKE,17.218361,17.039035,17.408263
2022-03-09,VZ,1.9658304,1.9593408,1.9613653
2022-03-09,WMT,6.0831671,6.0405927,6.0353595
2022-03-10,AAPL,28.854428,29.263187,28.56186
2022-03-10,AMGN,7.3916491,7.5583967,7.2986019
2022-03-10,CRM,20.872762,21.349436,20.309665
2022-03-10,CSCO,10.239642,10.401589,10.178182
2022-03-10,IBM,15.987814,16.144186,15.817013
2022-03-10,INTC,55.433595,56.154748,54.218869
2022-03-10,MSFT,154.68263,155.27648,155.58676
2022-03-10,NKE,17.365841,17.604196,17.075549
2022-03-10,VZ,1.9565498,1.9996281,1.9811991
2022-03-10,WMT,6.0876587,6.124576,6.0300779
2022-03-11,AAPL,29.263139,30.379028,28.809489
2022-03-11,AMGN,7.5664802,7.6328832,7.5322937
2022-03-11,CRM,20.073449,20.594498,19.832725
2022-03-11,CSCO,10.151191,10.293286,10.302102
2022-03-11,IBM,15.814364,16.191811,15.500594
2022-03-11,INTC,56.504928,56.174157,55.754763
2022-03-11,MSFT,154.40841,155.83119,151.29292
2022-03-11,NKE,17.283403,17.395488,16.886815
2022-03-11,VZ,1.8971824,1.9495707,1.8814905
2022-03-11,WMT,6.1390771,6.1181473,6.2180457
2022-03-14,AAPL,28.462699,28.539829,27.762476
2022-03-14,AMGN,7.4913995,7.6093841,7.3862332
2022-03-14,CRM,20.150286,20.462785,20.091112
2022-03-14,CSCO,10.233508,10.138755,10.285602
2022-03-14,IBM,15.817299,15.997752,15.713508
2022-03-14,INTC,56.173773,57.381522,56.047465
2022-03-14,MSFT,152.26805,154.62112,148.98178
2022-03-14,NKE,17.2367,17.497562,16.98044
2022-03-14,VZ,1.8939335,1.8961867,1.8641233
2022-03-14,WMT,6.1838167,6.1749239,6.0983192
2022-03-15,AAPL,29.317379,29.96849,29.167769
2022-03-15,AMGN,7.3354362,7.468478,7.2152174
2022-03-15,CRM,20.749601,21.344498,20.356437
2022-03-15,CSCO,10.018619,10.125689,9.8468135
2022-03-15,IBM,15.950796,15.907634,16.05846
2022-03-15,INTC,57.406765,57.170434,57.276743
2022-03-15,MSFT,149.86545,153.50544,148.01462
2022-03-15,NKE,17.555059,17.864638,17.460743
2022-03-15,VZ,1.8612884,1.8576618,1.8633685
2022-03-15,WMT,6.0891316,6.1119779,6.0754574
2022-03-16,AAPL,29.435079,29.972893,29.256406
2022-03-16,AMGN,7.223692,7.1815061,7.031885
2022-03-16,CRM,20.004507,20.782621,19.707587
2022-03-16,CSCO,9.9333331,9.961009,9.6668382
2022-03-16,IBM,16.331349,16.575272,16.305753
2022-03-16,INTC,58.280653,59.377741,57.452222
2022-03-16,MSFT,148.94488,150.27626,148.36465
2022-03-16,NKE,17.7017,17.807907,17.460123
2022-03-16,VZ,1.8498347,1.8848251,1.8483071
2022-03-16,WMT,6.0197549,6.0364674,5.9647788
2022-03-17,AAPL,29.397212,30.117321,28.852646
2022-03-17,AMGN,7.0011485,7.030297,6.9125743
2022-03-17,CRM,19.932523,20.044423,19.688285
2022-03-17,CSCO,9.8277569,10.096917,9.5885794
2022-03-17,IBM,16.117761,16.254366,16.034773
2022-03-17,INTC,58.384212,59.22342,57.651149
2022-03-17,MSFT,148.27611,148.20131,146.66648
2022-03-17,NKE,17.480083,17.799909,17.053335
2022-03-17,VZ,1.8372088,1.8619859,1.8295438
2022-03-17,WMT,5.9955659,6.0849633,5.9664504
2022-03-18,AAPL,29.719256,29.733874,29.815688
2022-03-18,AMGN,7.0951604,7.04378,7.0458569
2022-03-18,CRM,19.873517,20.438917,19.532754
2022-03-18,CSCO,9.9364592,10.128438,9.8898816
2022-03-18,IBM,16.068598,16.37305,15.988282
2022-03-18,INTC,58.60131,59.321562,58.725937
2022-03-18,MSFT,146.81736,147.65861,145.34268
2022-03-18,NKE,17.7894,18.029209,17.782526
2022-03-18,VZ,1.8599499,1.8564396,1.8568956
2022-03-18,WMT,5.9854303,6.0417669,5.9497186
2022-03-21,AAPL,29.482224,30.198603,28.895659
2022-03-21,AMGN,7.2124386,7.276836,7.1770144
2022-03-21,CRM,19.182294,19.791285,18.837665
2022-03-21,CSCO,9.7174587,9.8451573,9.6308067
2022-03-21,IBM,16.046453,16.27189,15.865349
2022-03-21,INTC,60.451116,60.713484,58.941576
2022-03-21,MSFT,148.51405,153.03843,148.27981
2022-03-21,NKE,17.384781,17.519317,17.162858
2022-03-21,VZ,1.8930667,1.8920143,1.8771391
2022-03-21,WMT,5.986425,5.9993861,5.9675279
2022-03-22,AAPL,29.864919,29.816927,29.730384
2022-03-22,AMGN,7.1393698,7.2641074,6.9760963
2022-03-22,CRM,18.184394,19.181795,17.955371
2022-03-22,CSCO,9.4829103,9.5068804,9.4041246
2022-03-22,IBM,16.093134,16.329032,16.112645
2022-03-22,INTC,60.745907,61.848653,60.231125
2022-03-22,MSFT,148.9676,151.04713,147.39203
2022-03-22,NKE,17.525538,17.574396,16.861243
2022-03-22,VZ,1.895144,1.9081583,1.9012136
2022-03-22,WMT,5.9317728,6.0022192,5.9036467
2022-03-23,AAPL,28.68665,29.504916,28.030285
2022-03-23,AMGN,7.0480602,7.1158614,6.8656965
2022-03-23,CRM,18.079259,18.828688,17.680752
2022-03-23,CSCO,9.2268627,9.2745127,9.1456319
2022-03-23,IBM,15.966976,16.078552,15.884689
2022-03-23,INTC,60.837867,61.098149,61.044619
2022-03-23,MSFT,146.11979,147.01709,143.78585
2022-03-23,NKE,17.351302,17.456239,17.592436
2022-03-23,VZ,1.8712499,1.8781147,1.846149
2022-03-23,WMT,5.941567,5.9813538,5.8408584
2022-03-24,AAPL,28.814477,29.060014,28.561499
2022-03-24,AMGN,6.8858087,6.953144,6.9055953
2022-03-24,CRM,18.892966,19.121759,19.131034
2022-03-24,CSCO,9.1943195,9.2565553,8.9928335
2022-03-24,IBM,15.675084,15.948874,15.721316
2022-03-24,INTC,59.817127,59.982461,58.510987
2022-03-24,MSFT,142.82089,142.95937,141.91136
2022-03-24,NKE,17.26696,17.360077,17.542159
2022-03-24,VZ,1.9033053,1.8919435,1.8758891
2022-03-24,WMT,5.9243614,6.0073509,5.917251
2022-03-25,AAPL,28.650735,28.852024,28.689787
2022-03-25,AMGN,6.780957,6.9065395,6.6964077
2022-03-25,CRM,18.055529,18.183951,18.007998
2022-03-25,CSCO,9.1869028,9.154383,9.0601934
2022-03-25,IBM,15.478766,15.497923,15.318989
2022-03-25,INTC,61.340536,62.312006,59.610815
2022-03-25,MSFT,143.56551,145.09211,140.22497
2022-03-25,NKE,16.62376,16.727073,16.306915
2022-03-25,VZ,1.8922123,1.8916359,1.8599727
2022-03-25,WMT,5.8754976,5.9432942,5.824172
2022-03-28,AAPL,29.432655,29.376948,29.189848
2022-03-28,AMGN,6.6731749,6.7874785,6.5915959
2022-03-28,CRM,17.464994,17.767234,17.571617
2022-03-28,CSCO,9.3495282,9.49775,9.2017516
2022-03-28,IBM,15.840548,16.178877,15.75686
2022-03-28,INTC,61.685599,62.505551,60.901334
2022-03-28,MSFT,142.71059,141.31092,144.09366
2022-03-28,NKE,16.913122,17.217611,17.306039
2022-03-28,VZ,1.8889707,1.9206435,1.8805466
2022-03-28,WMT,5.8708202,5.8745511,5.8118303
2022-03-29,AAPL,28.520825,28.712678,28.184623
2022-03-29,AMGN,6.6318641,6.6374322,6.6968102
2022-03-29,CRM,17.054985,17.608409,17.184242
2022-03-29,CSCO,9.5315197,9.755176,9.4978948
2022-03-29,IBM,15.448502,15.612263,15.416577
2022-03-29,INTC,60.355342,61.247678,60.340852
2022-03-29,MSFT,144.97891,143.53281,142.23703
2022-03-29,NKE,16.915354,17.201872,16.540637
2022-03-29,VZ,1.8563031,1.8779664,1.8132445
2022-03-29,WMT,5.8435065,5.7668223,5.7319537
2022-03-30,AAPL,27.604241,28.095326,26.741651
2022-03-30,AMGN,6.5660168,6.6780952,6.5755246
2022-03-30,CRM,17.106339,17.740329,16.621207
2022-03-30,CSCO,9.8163709,9.8568366,9.6205937
2022-03-30,IBM,15.416516,15.599397,15.182275
2022-03-30,INTC,59.247911,60.829245,58.695656
2022-03-30,MSFT,143.26253,144.6231,138.95051
2022-03-30,NKE,16.628467,16.877401,16.533107
2022-03-30,VZ,1.796746,1.834872,1.7926485
2022-03-30,WMT,5.7771713,5.8213923,5.7339961
2022-03-31,AAPL,26.727178,27.019623,26.490206
2022-03-31,AMGN,6.5844115,6.7127142,6.590457
2022-03-31,CRM,17.003774,17.343758,16.945973
2022-03-31,CSCO,10.025453,10.174649,10.074804
2022-03-31,IBM,15.342119,15.64428,15.233081
2022-03-31,INTC,60.503364,61.723333,60.447276
2022-03-31,MSFT,142.24203,144.3915,138.78464
2022-03-31,NKE,16.52149,16.831516,16.142749
2022-03-31,VZ,1.7632278,1.8150091,1.7688242
2022-03-31,WMT,5.71999,5.7142578,5.6222519
2022-04-01,AAPL,26.361489,26.404036,25.945639
2022-04-01,AMGN,6.4050707,6.5173659,6.3468536
2022-04-01,CRM,17.485514,17.649534,16.948144
2022-04-01,CSCO,10.36004,10.463132,10.260283
2022-04-01,IBM,15.104189,15.237723,14.99187
2022-04-01,INTC,59.626644,60.344486,58.778707
2022-04-01,MSFT,140.21891,141.01299,135.00637
2022-04-01,NKE,16.477352,16.826296,16.356225
2022-04-01,VZ,1.7616162,1.7998631,1.7170409
2022-04-01,WMT,5.7706579,5.7947955,5.7864552
2022-04-04,AAPL,26.469214,26.237656,25.805163
2022-04-04,AMGN,6.3854022,6.4533255,6.3795935
2022-04-04,CRM,17.584281,17.796086,17.620239
2022-04-04,CSCO,10.241959,10.347014,10.179113
2022-04-04,IBM,14.864653,15.101768,14.809226
2022-04-04,INTC,59.749171,60.25421,59.389249
2022-04-04,MSFT,140.30749,143.10954,140.14719
2022-04-04,NKE,16.344239,16.716053,15.984737
2022-04-04,VZ,1.7362126,1.7602757,1.725102
2022-04-04,WMT,5.7421324,5.7866621,5.6922948
2022-04-05,AAPL,26.007651,25.68742,25.309472
2022-04-05,AMGN,6.2714599,6.2680612,6.2067896
2022-04-05,CRM,17.78647,18.385782,17.101735
2022-04-05,CSCO,10.707712,10.584046,10.641772
2022-04-05,IBM,15.184931,15.205522,15.216902
2022-04-05,INTC,59.388519,62.051272,58.062587
2022-04-05,MSFT,140.41588,141.70383,139.53555
2022-04-05,NKE,16.287407,16.394494,16.24515
2022-04-05,VZ,1.7457116,1.7624281,1.7250564
2022-04-05,WMT,5.6710894,5.8047688,5.6505829
2022-04-06,AAPL,26.247225,26.785502,26.133097
2022-04-06,AMGN,6.2085223,6.3560085,6.1769239
2022-04-06,CRM,16.767556,17.234191,16.394259
2022-04-06,CSCO,10.570563,10.702878,10.328965
2022-04-06,IBM,15.182936,15.254641,15.271596
2022-04-06,INTC,60.132819,59.631354,59.109904
2022-04-06,MSFT,140.59466,142.97762,137.96488
2022-04-06,NKE,16.248708,16.444676,15.990609
2022-04-06,VZ,1.747867,1.7731951,1.7771756
2022-04-06,WMT,5.7480828,5.7670875,5.605925
2022-04-07,AAPL,26.405761,26.916963,26.361097
2022-04-07,AMGN,6.1745316,6.3508772,6.1866052
2022-04-07,CRM,16.991456,17.276824,16.511376
2022-04-07,CSCO,10.272745,10.424035,10.159256
2022-04-07,IBM,15.231598,15.315149,15.297667
2022-04-07,INTC,59.294193,58.619198,58.364576
2022-04-07,MSFT,141.66958,144.36992,141.1639
2022-04-07,NKE,16.572627,16.910023,16.30672
2022-04-07,VZ,1.7432282,1.7520626,1.7039356
2022-04-07,WMT,5.7783405,5.7786333,5.726486
2022-04-08,AAPL,26.368893,26.677036,26.141209
2022-04-08,AMGN,6.0063056,6.0528604,5.9923868
2022-04-08,CRM,17.252913,17.475869,16.64311
2022-04-08,CSCO,10.411022,10.482777,10.234762
2022-04-08,IBM,15.120047,15.030887,15.262286
2022-04-08,INTC,58.813229,58.26125,58.302728
2022-04-08,MSFT,139.01551,138.91105,138.71206
2022-04-08,NKE,16.406713,16.556504,16.444725
2022-04-08,VZ,1.7318815,1.7643098,1.7063044
2022-04-08,WMT,5.715727,5.7504011,5.7622031
2022-04-11,AAPL,27.276077,27.598947,27.007784
2022-04-11,AMGN,5.9729952,5.9801156,5.8389946
2022-04-11,CRM,17.238379,17.426109,16.502284
2022-04-11,CSCO,10.210165,10.241413,9.9822298
2022-04-11,IBM,15.10629,15.293641,15.029312
2022-04-11,INTC,57.382038,57.843462,57.077186
2022-04-11,MSFT,137.79643,136.9269,137.10017
2022-04-11,NKE,15.872758,16.024649,15.807174
2022-04-11,VZ,1.6921344,1.7123052,1.6496763
2022-04-11,WMT,5.6780156,5.6761901,5.632829
2022-04-12,AAPL,27.643447,28.081281,26.906328
2022-04-12,AMGN,6.0074728,6.0739211,5.945858
2022-04-12,CRM,16.631593,16.827587,16.469982
2022-04-12,CSCO,10.274241,10.46469,10.090062
2022-04-12,IBM,14.901742,14.936739,14.852687
2022-04-12,INTC,57.784308,57.987951,56.606525
2022-04-12,MSFT,140.22574,142.87493,139.93162
2022-04-12,NKE,15.528103,15.4991,15.450493
2022-04-12,VZ,1.6681631,1.7056475,1.6586415
2022-04-12,WMT,5.576381,5.6190677,5.6196327
2022-04-13,AAPL,27.929191,28.154656,27.397567
2022-04-13,AMGN,5.9471959,6.0780198,5.8679192
2022-04-13,CRM,17.56386,17.991053,17.283795
2022-04-13,CSCO,10.40095,10.472074,10.379856
2022-04-13,IBM,14.785506,14.915289,14.452524
2022-04-13,INTC,58.637976,59.399222,57.761591
2022-04-13,MSFT,139.30651,140.33036,137.8259
2022-04-13,NKE,15.33897,15.736302,15.100041
2022-04-13,VZ,1.6586069,1.656977,1.6219033
2022-04-13,WMT,5.5157806,5.5765813,5.4780416
2022-04-14,AAPL,29.013259,29.130106,29.21954
2022-04-14,AMGN,5.9361433,5.9803739,5.7727071
2022-04-14,CRM,17.591242,17.090521,17.247486
2022-04-14,CSCO,10.139455,10.273349,10.114266
2022-04-14,IBM,14.825768,14.984865,14.957363
2022-04-14,INTC,58.258293,59.472065,56.669195
2022-04-14,MSFT,142.38768,144.69189,138.854
2022-04-14,NKE,14.93656,15.453833,14.912986
2022-04-14,VZ,1.6009304,1.6299281,1.5649334
2022-04-14,WMT,5.3141961,5.3765631,5.1649656
2022-04-18,AAPL,29.078864,29.427511,27.670197
2022-04-18,AMGN,6.0847321,6.124655,6.0192349
2022-04-18,CRM,17.259479,17.763525,17.333931
2022-04-18,CSCO,9.986537,9.9518099,9.8389986
2022-04-18,IBM,14.672837,14.727128,14.400095
2022-04-18,INTC,58.295921,58.292401,57.976675
2022-04-18,MSFT,145.7392,145.9836,142.56221
2022-04-18,NKE,14.970764,15.24014,15.028491
2022-04-18,VZ,1.5728003,1.5812504,1.551731
2022-04-18,WMT,5.3027243,5.3729335,5.2178167
2022-04-19,AAPL,28.207906,28.93416,27.64184
2022-04-19,AMGN,6.2723179,6.3505285,6.1499385
2022-04-19,CRM,16.869465,17.301061,16.641526
2022-04-19,CSCO,9.7577753,9.8884744,9.5962928
2022-04-19,IBM,14.447206,14.620043,14.352185
2022-04-19,INTC,58.746116,59.820277,58.38863
2022-04-19,MSFT,147.32196,146.51649,147.49813
2022-04-19,NKE,14.428989,14.651077,14.134578
2022-04-19,VZ,1.54401,1.5413144,1.5323426
2022-04-19,WMT,5.2216981,5.2482965,5.153098
2022-04-20,AAPL,27.897123,28.041192,27.992941
2022-04-20,AMGN,6.2738214,6.3901367,6.227832
2022-04-20,CRM,17.340482,17.605648,17.071427
2022-04-20,CSCO,9.7294546,9.8053859,9.4912516
2022-04-20,IBM,14.533937,14.577875,14.432084
2022-04-20,INTC,58.748621,58.980307,58.109797
2022-04-20,MSFT,148.1151,148.41184,145.46038
2022-04-20,NKE,14.229073,14.429102,14.061176
2022-04-20,VZ,1.5669317,1.580225,1.5601332
2022-04-20,WMT,5.1618477,5.201363,5.1369507
2022-04-21,AAPL,27.449929,27.420365,27.147354
2022-04-21,AMGN,6.1917371,6.270972,6.0766155
2022-04-21,CRM,16.897701,17.097063,16.452147
2022-04-21,CSCO,9.615005,9.6188585,9.5308764
2022-04-21,IBM,14.325679,14.458675,14.106383
2022-04-21,INTC,59.670056,60.188176,59.218281
2022-04-21,MSFT,146.76509,149.94559,143.96074
2022-04-21,NKE,13.993576,14.282733,13.891228
2022-04-21,VZ,1.5571585,1.5755192,1.5698677
2022-04-21,WMT,5.1980153,5.1996797,5.1308699
2022-04-22,AAPL,27.972697,28.115591,27.266723
2022-04-22,AMGN,6.1678974,6.1666567,5.9970654
2022-04-22,CRM,16.571466,17.187945,16.321245
2022-04-22,CSCO,9.5783057,9.6655524,9.6816019
2022-04-22,IBM,14.040834,14.034236,13.813055
2022-04-22,INTC,60.222255,61.305387,59.474621
2022-04-22,MSFT,152.31315,156.38416,150.78762
2022-04-22,NKE,13.574263,13.6518,13.702379
2022-04-22,VZ,1.5757254,1.604005,1.5720017
2022-04-22,WMT,5.1655704,5.2142801,5.1141155
2022-04-25,AAPL,27.523738,28.174282,27.217645
2022-04-25,AMGN,6.1011402,6.1957432,6.0706254
2022-04-25,CRM,16.433426,16.518212,15.902557
2022-04-25,CSCO,9.59509,9.6290867,9.3882192
2022-04-25,IBM,14.011127,14.175931,13.70422
2022-04-25,INTC,59.086069,61.145493,59.643373
2022-04-25,MSFT,149.39274,150.86408,145.44288
2022-04-25,NKE,13.337103,13.763039,13.067574
2022-04-25,VZ,1.5605673,1.5770262,1.5608356
2022-04-25,WMT,5.1630796,5.224291,5.2067035
2022-04-26,AAPL,27.475392,27.536765,26.988684
2022-04-26,AMGN,6.060636,6.2159303,5.9954553
2022-04-26,CRM,15.870548,15.978365,15.375772
2022-04-26,CSCO,9.4805017,9.5766685,9.3406535
2022-04-26,IBM,13.848918,13.623175,13.86258
2022-04-26,INTC,58.661035,59.364784,57.785362
2022-04-26,MSFT,152.25744,151.92403,151.78262
2022-04-26,NKE,13.153348,13.153148,13.035586
2022-04-26,VZ,1.5412423,1.5534301,1.5340706
2022-04-26,WMT,5.2210919,5.3199525,5.1567398
2022-04-27,AAPL,27.677578,27.844179,27.327489
2022-04-27,AMGN,5.9810483,6.0995675,5.9520104
2022-04-27,CRM,15.568573,16.292537,15.251753
2022-04-27,CSCO,9.6102824,9.5496829,9.5369452
2022-04-27,IBM,13.705134,13.832794,13.760759
2022-04-27,INTC,59.584572,60.253287,59.756068
2022-04-27,MSFT,151.92387,152.50698,150.28847
2022-04-27,NKE,12.849751,13.284546,12.753248
2022-04-27,VZ,1.5168635,1.5122522,1.5120465
2022-04-27,WMT,5.2879047,5.3630603,5.2001024
2022-04-28,AAPL,27.43507,27.549761,27.135206
2022-04-28,AMGN,5.8593719,5.9258404,5.8239168
2022-04-28,CRM,15.188205,15.305583,15.165645
2022-04-28,CSCO,9.5243098,9.5679881,9.3044003
2022-04-28,IBM,13.46215,13.602616,13.159674
2022-04-28,INTC,59.694884,59.063991,58.467413
2022-04-28,MSFT,147.52578,148.55394,146.26341
2022-04-28,NKE,12.773774,13.047734,12.672767
2022-04-28,VZ,1.4779897,1.5073045,1.4795926
2022-04-28,WMT,5.3375823,5.3683838,5.2776594
2022-04-29,AAPL,28.348374,28.783335,27.655859
2022-04-29,AMGN,5.7613052,5.8759749,5.6966353
2022-04-29,CRM,14.811562,15.288305,14.165366
2022-04-29,CSCO,9.2419676,9.3414052,9.0800422
2022-04-29,IBM,13.405839,13.416245,13.323215
2022-04-29,INTC,60.934351,61.588789,59.983912
2022-04-29,MSFT,146.1483,147.3596,142.4212
2022-04-29,NKE,13.126179,13.340846,12.957691
2022-04-29,VZ,1.4542653,1.4844256,1.4577119
2022-04-29,WMT,5.4175284,5.5290595,5.3383657
2022-05-02,AAPL,27.677472,27.61494,27.089549
2022-05-02,AMGN,5.7802941,5.8170799,5.8627759
2022-05-02,CRM,14.52735,15.080591,14.067556
2022-05-02,CSCO,9.2175081,9.3907381,9.196351
2022-05-02,IBM,13.47913,13.80274,13.29708
2022-05-02,INTC,61.235071,60.90235,60.498267
2022-05-02,MSFT,142.45652,143.13942,138.36655
2022-05-02,NKE,12.837709,12.933495,12.48887
2022-05-02,VZ,1.4364451,1.4360643,1.4251978
2022-05-02,WMT,5.4005211,5.4888546,5.3708368
2022-05-03,AAPL,27.601648,27.940659,27.571046
2022-05-03,AMGN,5.6671278,5.7168568,5.6794287
2022-05-03,CRM,14.438569,14.051582,13.954725
2022-05-03,CSCO,9.232234,9.3073158,9.18562
2022-05-03,IBM,13.5432,13.687744,13.22051
2022-05-03,INTC,62.533722,64.206974,62.137406
2022-05-03,MSFT,138.27096,141.67469,137.11324
2022-05-03,NKE,12.836074,13.198207,12.713333
2022-05-03,VZ,1.4502502,1.4776589,1.441302
2022-05-03,WMT,5.3490481,5.3968035,5.3062697
2022-05-04,AAPL,27.109802,26.885831,26.771095
2022-05-04,AMGN,5.6917825,5.7830384,5.7659711
2022-05-04,CRM,13.917249,14.298284,13.41825
2022-05-04,CSCO,9.0968528,9.136621,8.9419968
2022-05-04,IBM,13.372548,13.528328,13.341801
2022-05-04,INTC,61.94314,61.272699,60.772958
2022-05-04,MSFT,141.89601,144.04819,137.72888
2022-05-04,NKE,12.54242,12.383647,12.405895
2022-05-04,VZ,1.4017999,1.3873222,1.4046054
2022-05-04,WMT,5.453327,5.3902367,5.404407
2022-05-05,AAPL,27.141907,27.018153,26.085875
2022-05-05,AMGN,5.8756615,5.9222369,5.8214756
2022-05-05,CRM,13.577622,13.754168,13.466511
2022-05-05,CSCO,8.9977208,9.0590538,8.8314536
2022-05-05,IBM,13.3709,13.523532,13.373639
2022-05-05,INTC,63.922999,64.023304,64.214899
2022-05-05,MSFT,141.43046,142.33401,139.25903
2022-05-05,NKE,12.249476,12.501589,12.012502
2022-05-05,VZ,1.4079166,1.422551,1.4165953
2022-05-05,WMT,5.5175858,5.5689704,5.4605864
2022-05-06,AAPL,27.438694,27.577108,26.789949
2022-05-06,AMGN,5.7043495,5.6796491,5.6688692
2022-05-06,CRM,13.33841,13.589246,13.687661
2022-05-06,CSCO,9.1756608,9.1863092,9.1173715
2022-05-06,IBM,13.398199,13.639857,13.273413
2022-05-06,INTC,61.479313,62.103816,60.397812
2022-05-06,MSFT,141.51893,143.35262,137.93694
2022-05-06,NKE,12.532626,12.949966,12.261959
2022-05-06,VZ,1.4324822,1.4306965,1.435325
2022-05-06,WMT,5.5414096,5.6190498,5.4514488
2022-05-09,AAPL,26.657695,27.021907,26.503289
2022-05-09,AMGN,5.5907722,5.6589429,5.530827
2022-05-09,CRM,13.419234,13.576007,13.473742
2022-05-09,CSCO,9.0523666,9.0871177,8.9444497
2022-05-09,IBM,13.055808,13.11869,13.087058
2022-05-09,INTC,62.008786,62.843967,61.387332
2022-05-09,MSFT,142.92651,143.37084,140.68897
2022-05-09,NKE,12.437727,12.566135,12.506825
2022-05-09,VZ,1.4282591,1.4529125,1.4064755
2022-05-09,WMT,5.5415458,5.5548107,5.564832
2022-05-10,AAPL,26.457293,27.233642,25.653779
2022-05-10,AMGN,5.4842621,5.5644482,5.4407589
2022-05-10,CRM,13.472272,13.672525,13.46099
2022-05-10,CSCO,9.2712202,9.3234151,9.1494917
2022-05-10,IBM,13.166553,13.325475,12.977513
2022-05-10,INTC,61.429324,62.846146,61.869411
2022-05-10,MSFT,144.35797,143.36408,141.37784
2022-05-10,NKE,12.048623,12.212107,12.190721
2022-05-10,VZ,1.4487285,1.4648302,1.4303864
2022-05-10,WMT,5.5289263,5.5799683,5.4865986
2022-05-11,AAPL,25.423459,25.532552,25.528685
2022-05-11,AMGN,5.5397754,5.5872662,5.4878454
2022-05-11,CRM,13.82967,14.098732,13.122479
2022-05-11,CSCO,9.1911006,9.2716243,9.1046598
2022-05-11,IBM,12.975632,13.096379,12.852553
2022-05-11,INTC,60.531181,60.936151,60.164687
2022-05-11,MSFT,142.41298,146.28125,142.58678
2022-05-11,NKE,11.991263,12.047599,12.012728
2022-05-11,VZ,1.4040697,1.4186858,1.374672
2022-05-11,WMT,5.6475968,5.6719717,5.5701261
2022-05-12,AAPL,25.135676,25.772173,24.548186
2022-05-12,AMGN,5.5927481,5.6642778,5.6435458
2022-05-12,CRM,14.168138,14.499273,14.357144
2022-05-12,CSCO,9.1275679,9.2405564,8.9754653
2022-05-12,IBM,12.983414,13.1872,12.745748
2022-05-12,INTC,62.824259,63.255983,63.003798
2022-05-12,MSFT,140.88104,141.67064,139.25609
2022-05-12,NKE,11.883326,12.066953,11.837985
2022-05-12,VZ,1.3973307,1.3954744,1.3828491
2022-05-12,WMT,5.6313109,5.6897184,5.5933063
2022-05-13,AAPL,25.633105,25.781566,25.347942
2022-05-13,AMGN,5.4600313,5.5626195,5.3375973
2022-05-13,CRM,14.036281,14.440512,14.020383
2022-05-13,CSCO,9.2481868,9.4078641,9.242998
2022-05-13,IBM,12.938548,13.074398,12.850993
2022-05-13,INTC,64.962984,65.821861,64.285398
2022-05-13,MSFT,138.96383,140.16786,136.41162
2022-05-13,NKE,11.675594,12.100008,11.706105
2022-05-13,VZ,1.3715687,1.3908275,1.377511
2022-05-13,WMT,5.5627107,5.6179492,5.5187182
2022-05-16,AAPL,24.370939,25.071295,24.089824
2022-05-16,AMGN,5.3908378,5.4490422,5.3749904
2022-05-16,CRM,13.805326,13.859989,13.736971
2022-05-16,CSCO,9.116031,9.0973172,8.9798177
2022-05-16,IBM,12.882929,13.009955,12.559463
2022-05-16,INTC,64.947653,64.787487,63.929555
2022-05-16,MSFT,136.26376,137.37393,135.69784
2022-05-16,NKE,11.621044,11.838816,11.377743
2022-05-16,VZ,1.3589357,1.367115,1.331561
2022-05-16,WMT,5.6513498,5.6808192,5.5807966
2022-05-17,AAPL,24.20721,24.084245,24.468311
2022-05-17,AMGN,5.5718962,5.6310073,5.5407402
2022-05-17,CRM,13.924174,14.744761,13.653849
2022-05-17,CSCO,9.0605778,9.225715,9.0338959
2022-05-17,IBM,12.336551,12.200632,12.295504
2022-05-17,INTC,63.401751,64.088856,62.447748
2022-05-17,MSFT,135.95932,136.06773,134.5917
2022-05-17,NKE,11.461028,11.618269,11.697727
2022-05-17,VZ,1.343716,1.3647315,1.3173321
2022-05-17,WMT,5.5943549,5.6378888,5.6204507
2022-05-18,AAPL,24.261532,25.00295,24.480312
2022-05-18,AMGN,5.6592959,5.815061,5.6268005
2022-05-18,CRM,13.765625,14.025302,13.437926
2022-05-18,CSCO,9.0373222,9.2356086,8.8677781
2022-05-18,IBM,12.176563,12.508319,11.962931
2022-05-18,INTC,60.981458,60.645343,59.996258
2022-05-18,MSFT,130.9711,130.02115,128.58321
2022-05-18,NKE,11.674222,11.830446,11.734176
2022-05-18,VZ,1.3593381,1.3694974,1.3250616
2022-05-18,WMT,5.5053414,5.5041912,5.4587433
2022-05-19,AAPL,23.617307,24.221889,23.027155
2022-05-19,AMGN,5.6801817,5.7480829,5.678089
2022-05-19,CRM,13.94872,14.121449,13.574704
2022-05-19,CSCO,9.0329117,9.1559164,9.0553534
2022-05-19,IBM,12.544607,12.53012,12.485379
2022-05-19,INTC,60.355091,61.505035,59.251726
2022-05-19,MSFT,131.65222,133.1074,129.82445
2022-05-19,NKE,11.603647,11.734807,11.341664
2022-05-19,VZ,1.3584503,1.3825811,1.3473061
2022-05-19,WMT,5.5520358,5.5619067,5.5102679
2022-05-20,AAPL,24.441766,24.786755,23.865049
2022-05-20,AMGN,5.570512,5.6140714,5.484752
2022-05-20,CRM,13.947191,14.00876,13.763464
2022-05-20,CSCO,9.215019,9.3989347,9.1779452
2022-05-20,IBM,12.526056,12.647058,12.377214
2022-05-20,INTC,58.953686,58.75885,58.858751
2022-05-20,MSFT,133.42588,135.26245,133.52033
2022-05-20,NKE,11.292105,11.424281,11.199243
2022-05-20,VZ,1.3445551,1.3444206,1.3303561
2022-05-20,WMT,5.5155753,5.5877802,5.5357122
2022-05-23,AAPL,24.755806,25.681969,24.217296
2022-05-23,AMGN,5.6129788,5.7451995,5.5626467
2022-05-23,CRM,13.09327,13.104358,13.090265
2022-05-23,CSCO,9.0781277,9.2084264,8.9401843
2022-05-23,IBM,12.352928,12.570722,12.273517
2022-05-23,INTC,59.142213,59.968028,58.165619
2022-05-23,MSFT,133.84069,135.21799,131.41743
2022-05-23,NKE,11.118844,11.07448,10.964966
2022-05-23,VZ,1.318029,1.3488128,1.3232476
2022-05-23,WMT,5.534458,5.5899365,5.5071427
2022-05-24,AAPL,25.401832,25.556691,25.285417
2022-05-24,AMGN,5.5516283,5.6009553,5.5347923
2022-05-24,CRM,12.756945,12.726876,12.693831
2022-05-24,CSCO,8.6959883,8.6655597,8.6298754
2022-05-24,IBM,12.473306,12.570117,12.447363
2022-05-24,INTC,59.453562,59.687446,57.934455
2022-05-24,MSFT,135.70564,137.83601,133.19674
2022-05-24,NKE,11.011812,11.406465,10.78908
2022-05-24,VZ,1.3085306,1.3062089,1.3024894
2022-05-24,WMT,5.5599497,5.6269725,5.4974695
2022-05-25,AAPL,25.784466,25.572831,25.43439
2022-05-25,AMGN,5.5866643,5.5733047,5.489692
2022-05-25,CRM,12.672986,13.09943,11.931445
2022-05-25,CSCO,8.5203112,8.7716157,8.4555659
2022-05-25,IBM,12.434716,12.473027,12.379091
2022-05-25,INTC,60.657868,62.174783,60.355035
2022-05-25,MSFT,134.6068,137.97991,133.68521
2022-05-25,NKE,10.667183,10.795963,10.703821
2022-05-25,VZ,1.2881424,1.3005573,1.2784634
2022-05-25,WMT,5.4780104,5.5660663,5.4417118
2022-05-26,AAPL,26.121889,26.407244,26.096568
2022-05-26,AMGN,5.4405593,5.4962178,5.4369273
2022-05-26,CRM,12.124752,12.417093,12.095342
2022-05-26,CSCO,8.2662796,8.281528,8.0758058
2022-05-26,IBM,12.308223,12.517835,12.186079
2022-05-26,INTC,60.405608,60.380016,59.230024
2022-05-26,MSFT,138.63308,139.73361,138.1421
2022-05-26,NKE,10.764387,10.810027,10.719698
2022-05-26,VZ,1.2847407,1.298339,1.269727
2022-05-26,WMT,5.6388104,5.7466391,5.5643146
2022-05-27,AAPL,25.006347,25.224377,24.799075
2022-05-27,AMGN,5.3642308,5.4746897,5.2811162
2022-05-27,CRM,11.349858,11.469179,11.292774
2022-05-27,CSCO,8.2608449,8.5099591,8.1855317
2022-05-27,IBM,12.215387,12.292411,12.126376
2022-05-27,INTC,58.894106,59.773045,58.813968
2022-05-27,MSFT,141.19953,141.8248,138.36043
2022-05-27,NKE,11.100206,11.367117,10.960723
2022-05-27,VZ,1.3000173,1.3030714,1.287191
2022-05-27,WMT,5.7305773,5.7443508,5.5786563
2022-05-31,AAPL,25.215133,25.692752,24.425833
2022-05-31,AMGN,5.2581134,5.35596,5.2709756
2022-05-31,CRM,11.183833,11.420519,11.020898
2022-05-31,CSCO,8.3152016,8.3633545,8.1913485
2022-05-31,IBM,12.127302,12.325977,11.994616
2022-05-31,INTC,56.243523,56.721733,55.429828
2022-05-31,MSFT,142.02598,140.24211,140.17621
2022-05-31,NKE,10.785743,10.738558,10.657009
2022-05-31,VZ,1.2949738,1.3059726,1.2923055
2022-05-31,WMT,5.7427191,5.790866,5.6223543
2022-06-01,AAPL,25.548948,25.758338,25.910013
2022-06-01,AMGN,5.2307653,5.2998191,5.1980723
2022-06-01,CRM,11.474882,12.189164,11.110717
2022-06-01,CSCO,8.1551929,8.2733957,7.9840561
2022-06-01,IBM,12.069695,12.1622,12.080387
2022-06-01,INTC,56.142791,56.420278,56.016683
2022-06-01,MSFT,141.55987,144.32901,139.67906
2022-06-01,NKE,11.034832,11.253884,10.963674
2022-06-01,VZ,1.2432914,1.2577956,1.218719
2022-06-01,WMT,5.6691724,5.7392852,5.676599
2022-06-02,AAPL,24.578347,24.981772,24.415664
2022-06-02,AMGN,5.1128847,5.0935949,5.04401
2022-06-02,CRM,11.554685,11.854171,11.2377
2022-06-02,CSCO,7.8639438,7.9097835,7.6886017
2022-06-02,IBM,11.873844,12.080815,11.817024
2022-06-02,INTC,55.804952,56.752743,54.99233
2022-06-02,MSFT,137.14614,138.33529,136.73269
2022-06-02,NKE,10.798039,10.861467,10.763303
2022-06-02,VZ,1.2309924,1.2423214,1.2091189
2022-06-02,WMT,5.6627811,5.7353929,5.6202874
2022-06-03,AAPL,24.130517,24.729896,23.967261
2022-06-03,AMGN,5.0626846,5.1258743,5.0000964
2022-06-03,CRM,11.461184,11.540417,11.216601
2022-06-03,CSCO,7.9603317,8.0249368,7.9405016
2022-06-03,IBM,11.56798,11.686713,11.456251
2022-06-03,INTC,56.279723,56.660845,56.560753
2022-06-03,MSFT,138.07615,138.41834,137.81163
2022-06-03,NKE,10.634162,10.710861,10.531081
2022-06-03,VZ,1.2321835,1.2450706,1.2298609
2022-06-03,WMT,5.6375687,5.6393658,5.5843675
2022-06-06,AAPL,23.883808,23.804331,23.74664
2022-06-06,AMGN,5.0472939,5.0807091,4.9472759
2022-06-06,CRM,11.34874,11.782676,11.070342
2022-06-06,CSCO,7.7678738,7.9859067,7.6091625
2022-06-06,IBM,11.603693,11.506552,11.682592
2022-06-06,INTC,58.030684,58.925992,56.433157
2022-06-06,MSFT,136.34189,138.39971,132.84441
2022-06-06,NKE,10.664734,10.832361,10.737253
2022-06-06,VZ,1.2172157,1.2232635,1.2354903
2022-06-06,WMT,5.6403027,5.679515,5.5829678
2022-06-07,AAPL,23.948974,24.46024,23.302679
2022-06-07,AMGN,5.1494772,5.2622192,5.0878672
2022-06-07,CRM,11.008434,11.223473,10.603452
2022-06-07,CSCO,7.6847469,7.7329737,7.5534497
2022-06-07,IBM,11.645421,11.693302,11.645037
2022-06-07,INTC,56.488181,56.061506,56.042577
2022-06-07,MSFT,133.29357,134.04834,132.60026
2022-06-07,NKE,10.878244,10.971396,10.84536
2022-06-07,VZ,1.2237979,1.2514167,1.1968449
2022-06-07,WMT,5.7312365,5.8256762,5.6621271
2022-06-08,AAPL,22.802639,23.506241,22.8599
2022-06-08,AMGN,5.2569676,5.3147612,5.2082987
2022-06-08,CRM,11.022262,11.424398,10.912953
2022-06-08,CSCO,7.7198831,7.8601295,7.4912267
2022-06-08,IBM,11.572694,11.649724,11.413204
2022-06-08,INTC,56.544369,57.189675,54.671139
2022-06-08,MSFT,131.52611,133.67154,131.30363
2022-06-08,NKE,10.665621,10.811274,10.488016
2022-06-08,VZ,1.2240731,1.2381762,1.2372817
2022-06-08,WMT,5.6625499,5.7083708,5.6456202
2022-06-09,AAPL,22.675947,22.978958,22.895197
2022-06-09,AMGN,5.1428048,5.1721942,5.0824986
2022-06-09,CRM,10.771243,10.990988,10.561152
2022-06-09,CSCO,7.7694815,7.7960438,7.6725974
2022-06-09,IBM,11.616542,11.67787,11.396704
2022-06-09,INTC,56.722366,57.69536,55.698171
2022-06-09,MSFT,130.81204,132.16584,128.66774
2022-06-09,NKE,10.637261,10.791868,10.416041
2022-06-09,VZ,1.2438882,1.2500087,1.2241571
2022-06-09,WMT,5.6452606,5.6411396,5.6258246
2022-06-10,AAPL,22.465667,23.049708,22.216035
2022-06-10,AMGN,5.1888305,5.2262563,5.2095738
2022-06-10,CRM,10.594666,10.957097,10.487594
2022-06-10,CSCO,7.8885819,8.0642387,7.8069432
2022-06-10,IBM,11.849597,12.037689,11.619066
2022-06-10,INTC,57.394436,57.891736,57.24171
2022-06-10,MSFT,128.87785,132.48242,124.85032
2022-06-10,NKE,10.649088,10.661746,10.55399
2022-06-10,VZ,1.2349874,1.2477583,1.2029025
2022-06-10,WMT,5.6398548,5.6752869,5.5248593
2022-06-13,AAPL,21.799346,22.17372,21.50595
2022-06-13,AMGN,5.2531361,5.2747877,5.2099424
2022-06-13,CRM,10.554916,10.676005,10.721578
2022-06-13,CSCO,7.8527247,7.8579379,7.8775852
2022-06-13,IBM,11.597642,11.683104,11.397862
2022-06-13,INTC,56.306565,56.471915,55.497401
2022-06-13,MSFT,131.43728,133.54838,131.78968
2022-06-13,NKE,10.679772,10.654224,10.58891
2022-06-13,VZ,1.2148554,1.2415642,1.2136627
2022-06-13,WMT,5.5137329,5.5078212,5.4601202
2022-06-14,AAPL,21.654904,21.920655,21.938584
2022-06-14,AMGN,5.2229629,5.2368748,5.1859652
2022-06-14,CRM,10.266932,10.226701,10.287038
2022-06-14,CSCO,7.8216059,7.8751625,7.6838444
2022-06-14,IBM,11.563223,11.610252,11.323423
2022-06-14,INTC,55.574908,57.262586,55.169439
2022-06-14,MSFT,130.13413,131.77272,129.58017
2022-06-14,NKE,10.743081,10.97428,10.633664
2022-06-14,VZ,1.2021507,1.2065816,1.1819414
2022-06-14,WMT,5.4766553,5.6064292,5.3739601
2022-06-15,AAPL,21.573651,21.925015,21.33823
2022-06-15,AMGN,5.1165407,5.2012527,5.0030664
2022-06-15,CRM,9.4999139,9.7566229,9.2546996
2022-06-15,CSCO,7.9156328,7.9723715,7.8440373
2022-06-15,IBM,11.522606,11.509185,11.45249
2022-06-15,INTC,57.797669,57.002541,57.396264
2022-06-15,MSFT,128.11439,131.44318,127.06459
2022-06-15,NKE,10.496229,10.712519,10.467008
2022-06-15,VZ,1.1675341,1.1785808,1.1605868
2022-06-15,WMT,5.3592756,5.4210721,5.3419107
2022-06-16,AAPL,21.68611,21.533451,21.440719
2022-06-16,AMGN,5.0475254,5.1104337,5.0506248
2022-06-16,CRM,9.3445111,9.4134179,9.061234
2022-06-16,CSCO,8.0215187,8.0976,7.7809857
2022-06-16,IBM,11.402443,11.526075,11.104769
2022-06-16,INTC,56.926733,58.636705,56.199948
2022-06-16,MSFT,128.15998,128.68954,126.60502
2022-06-16,NKE,10.559487,10.606887,10.532307
2022-06-16,VZ,1.1562677,1.1916029,1.1272599
2022-06-16,WMT,5.2605938,5.3871662,5.1906458
2022-06-17,AAPL,21.277881,22.052826,20.797351
2022-06-17,AMGN,5.1141189,5.2001674,5.1016405
2022-06-17,CRM,9.364454,9.747325,9.4120811
2022-06-17,CSCO,8.22174,8.386893,8.1941387
2022-06-17,IBM,11.375806,11.451829,11.307021
2022-06-17,INTC,55.88177,56.924048,55.381858
2022-06-17,MSFT,126.94487,126.07765,125.30856
2022-06-17,NKE,10.433084,10.763783,10.266281
2022-06-17,VZ,1.1375617,1.1369457,1.1246712
2022-06-17,WMT,5.3048191,5.3693146,5.3464761
2022-06-21,AAPL,20.670834,21.209114,20.419673
2022-06-21,AMGN,4.9989888,5.1193378,4.9147856
2022-06-21,CRM,9.4632746,9.3745216,9.4082188
2022-06-21,CSCO,8.1656586,8.2824683,8.2151396
2022-06-21,IBM,11.28919,11.309361,11.082108
2022-06-21,INTC,55.253981,55.13367,54.660989
2022-06-21,MSFT,128.20771,128.93003,126.13189
2022-06-21,NKE,10.037885,10.022719,9.9062216
2022-06-21,VZ,1.1287276,1.146468,1.1339147
2022-06-21,WMT,5.3855027,5.427783,5.3936304
2022-06-22,AAPL,20.273128,20.319414,20.431152
2022-06-22,AMGN,4.9681724,5.0403709,4.9270772
2022-06-22,CRM,9.2496052,9.5137754,9.0202866
2022-06-22,CSCO,8.2327281,8.2940029,8.1420839
2022-06-22,IBM,11.495317,11.701647,11.298648
2022-06-22,INTC,55.898316,56.14259,54.505277
2022-06-22,MSFT,128.76468,129.69771,127.94813
2022-06-22,NKE,9.7050527,9.9230835,9.5554781
2022-06-22,VZ,1.0980641,1.1036819,1.0691759
2022-06-22,WMT,5.4147771,5.4575338,5.3181599
2022-06-23,AAPL,20.253374,20.223448,19.665491
2022-06-23,AMGN,4.7893898,4.8984513,4.7224348
2022-06-23,CRM,9.2907995,9.671307,9.4214239
2022-06-23,CSCO,8.3077455,8.4366667,8.1937169
2022-06-23,IBM,11.689382,11.933224,11.799809
2022-06-23,INTC,57.337739,57.39566,56.863978
2022-06-23,MSFT,130.32238,131.22251,128.78962
2022-06-23,NKE,9.7837427,9.9504368,9.6055394
2022-06-23,VZ,1.1241988,1.1268805,1.1176651
2022-06-23,WMT,5.3329486,5.3346422,5.2325689
2022-06-24,AAPL,20.139371,20.433865,19.429916
2022-06-24,AMGN,4.8997649,4.9902445,4.8317269
2022-06-24,CRM,9.1420201,9.2218413,9.2118586
2022-06-24,CSCO,8.3285854,8.3798857,8.2656202
2022-06-24,IBM,11.755803,11.819054,11.711226
2022-06-24,INTC,55.700488,56.252784,56.240321
2022-06-24,MSFT,128.32511,130.9385,128.77972
2022-06-24,NKE,9.8156735,9.9922176,9.6837542
2022-06-24,VZ,1.0866984,1.1025945,1.0795982
2022-06-24,WMT,5.285241,5.3376549,5.22873
2022-06-27,AAPL,20.308491,20.499948,20.743516
2022-06-27,AMGN,4.8549306,4.9373114,4.7428626
2022-06-27,CRM,9.1847063,9.2431369,9.0558516
2022-06-27,CSCO,8.4059526,8.5398018,8.2827329
2022-06-27,IBM,11.731979,11.841525,11.563401
2022-06-27,INTC,55.146828,55.770577,53.761703
2022-06-27,MSFT,127.09346,126.60015,124.31296
2022-06-27,NKE,9.8873441,10.032132,9.903031
2022-06-27,VZ,1.0707239,1.0718058,1.0494726
2022-06-27,WMT,5.2854815,5.3662374,5.2554951
2022-06-28,AAPL,20.129758,20.156603,19.515058
2022-06-28,AMGN,4.715647,4.729043,4.6004126
2022-06-28,CRM,8.8802215,9.0530631,8.675463
2022-06-28,CSCO,8.3583181,8.4104541,8.4096341
2022-06-28,IBM,11.441059,11.56129,11.349358
2022-06-28,INTC,54.020384,54.865393,54.247308
2022-06-28,MSFT,124.48502,126.8256,124.01354
2022-06-28,NKE,9.983214,10.021259,9.7072228
2022-06-28,VZ,1.0704889,1.0749606,1.0544184
2022-06-28,WMT,5.2948947,5.4267999,5.2129693
2022-06-29,AAPL,19.819578,20.127315,19.182655
2022-06-29,AMGN,4.659369,4.7384481,4.6545995
2022-06-29,CRM,8.7302426,9.0655604,8.6898312
2022-06-29,CSCO,8.585384,8.5833278,8.5282054
2022-06-29,IBM,11.472099,11.496296,11.383573
2022-06-29,INTC,54.831363,55.514274,54.350183
2022-06-29,MSFT,124.7416,125.15958,122.30354
2022-06-29,NKE,9.9382825,10.124851,9.9785635
2022-06-29,VZ,1.0583583,1.0666814,1.0436347
2022-06-29,WMT,5.1347837,5.1447599,5.0683776
2022-06-30,AAPL,20.040232,19.934432,19.754275
2022-06-30,AMGN,4.6791675,4.7279761,4.5605005
2022-06-30,CRM,8.6222871,8.7255836,8.1340366
2022-06-30,CSCO,8.4089318,8.5159424,8.4296649
2022-06-30,IBM,11.124793,11.221921,11.061352
2022-06-30,INTC,55.130163,55.925129,54.00493
2022-06-30,MSFT,119.34315,120.46094,117.51322
2022-06-30,NKE,9.768505,10.060201,9.6385577
2022-06-30,VZ,1.0511352,1.0628203,1.0422514
2022-06-30,WMT,5.2583218,5.2667647,5.176284
2022-07-01,AAPL,19.440109,19.840854,19.013929
2022-07-01,AMGN,4.5063693,4.5620555,4.5640867
2022-07-01,CRM,8.2977998,8.4186156,8.1470248
2022-07-01,CSCO,8.3670199,8.5557779,8.3081782
2022-07-01,IBM,10.907614,11.012366,10.770659
2022-07-01,INTC,52.88248,54.140788,52.96628
2022-07-01,MSFT,119.91231,124.55654,120.32549
2022-07-01,NKE,10.165393,10.473025,10.253026
2022-07-01,VZ,1.0562162,1.0711098,1.0400637
2022-07-01,WMT,5.277573,5.3329482,5.2340478
2022-07-05,AAPL,19.9465,19.706682,19.627606
2022-07-05,AMGN,4.4303477,4.4781126,4.380553
2022-07-05,CRM,8.5773222,8.9861541,8.5619755
2022-07-05,CSCO,8.2958542,8.3894438,8.0945435
2022-07-05,IBM,10.97432,11.077562,11.001549
2022-07-05,INTC,52.405705,52.997275,52.797064
2022-07-05,MSFT,118.03542,119.31856,116.03162
2022-07-05,NKE,9.9040256,10.24882,9.9075546
2022-07-05,VZ,1.0408772,1.0411253,1.0457277
2022-07-05,WMT,5.2335119,5.2698881,5.1425401
2022-07-06,AAPL,20.171104,20.623257,20.319349
2022-07-06,AMGN,4.4277721,4.4160349,4.3906494
2022-07-06,CRM,8.2340587,8.5373795,8.1772917
2022-07-06,CSCO,8.6777785,8.6359797,8.6065851
2022-07-06,IBM,10.710556,10.768723,10.453166
2022-07-06,INTC,52.482457,53.167288,52.722583
2022-07-06,MSFT,115.83759,116.73829,114.70004
2022-07-06,NKE,9.2957699,9.5862948,9.1603571
2022-07-06,VZ,1.0427309,1.0725925,1.0351606
2022-07-06,WMT,5.2174967,5.1783425,5.1461332
2022-07-07,AAPL,20.14867,20.280093,19.705499
2022-07-07,AMGN,4.456812,4.5295253,4.41613
2022-07-07,CRM,7.996219,8.1776089,7.9241096
2022-07-07,CSCO,8.4204165,8.655901,8.4060386
2022-07-07,IBM,10.603876,10.769485,10.333548
2022-07-07,INTC,51.317579,51.884606,50.629182
2022-07-07,MSFT,113.99508,116.18949,111.16707
2022-07-07,NKE,9.3035611,9.390113,9.3232804
2022-07-07,VZ,1.0000286,1.0034051,0.98803705
2022-07-07,WMT,5.224458,5.3015094,5.1431777
2022-07-08,AAPL,20.447683,20.433726,20.203097
2022-07-08,AMGN,4.4480687,4.4814893,4.4322974
2022-07-08,CRM,7.939875,8.2340153,7.8559615
2022-07-08,CSCO,8.5236511,8.6665328,8.430452
2022-07-08,IBM,10.543468,10.605769,10.623307
2022-07-08,INTC,52.119316,52.098343,51.361671
2022-07-08,MSFT,115.27184,115.98239,115.34416
2022-07-08,NKE,9.164972,9.2965445,8.9837235
2022-07-08,VZ,0.97498476,0.98424609,0.97022717
2022-07-08,WMT,5.1670011,5.2227339,5.1819713
2022-07-11,AAPL,20.468506,20.646474,20.2818
2022-07-11,AMGN,4.5408615,4.5963585,4.5295989
2022-07-11,CRM,7.8904927,8.3056241,7.7947752
2022-07-11,CSCO,8.4849986,8.4326636,8.3365265
2022-07-11,IBM,10.49221,10.520955,10.356561
2022-07-11,INTC,52.192002,53.270384,52.5463
2022-07-11,MSFT,113.15145,113.72337,113.45007
2022-07-11,NKE,8.8746374,9.0146102,8.8404792
2022-07-11,VZ,0.96819157,0.97462563,0.9670842
2022-07-11,WMT,5.1614884,5.2187535,5.0793508
2022-07-12,AAPL,20.772705,20.95055,20.01337
2022-07-12,AMGN,4.5153112,4.54825,4.4997257
2022-07-12,CRM,7.5780409,7.7058338,7.3703234
2022-07-12,CSCO,8.4133905,8.5079771,8.2698753
2022-07-12,IBM,10.376295,10.605724,10.284888
2022-07-12,INTC,52.860195,52.841222,52.272477
2022-07-12,MSFT,113.07867,114.36504,111.59779
2022-07-12,NKE,9.0427915,9.0809015,9.0935322
2022-07-12,VZ,0.92847941,0.9440768,0.92225231
2022-07-12,WMT,5.2248897,5.271374,5.1988282
2022-07-13,AAPL,20.678015,20.907986,20.570789
2022-07-13,AMGN,4.4940267,4.5590235,4.4356056
2022-07-13,CRM,7.4255796,7.6228646,7.2388396
2022-07-13,CSCO,8.4249339,8.5170541,8.2787617
2022-07-13,IBM,10.426961,10.364593,10.3099
2022-07-13,INTC,50.455135,51.431853,50.250313
2022-07-13,MSFT,113.20848,115.41685,110.86248
2022-07-13,NKE,9.088144,9.1633161,8.9342444
2022-07-13,VZ,0.90791908,0.92540424,0.89518451
2022-07-13,WMT,5.1655039,5.1955618,5.2050423
2022-07-14,AAPL,20.743411,21.010991,20.284782
2022-07-14,AMGN,4.5552289,4.6496307,4.5218174
2022-07-14,CRM,7.5379115,7.5759164,7.3910124
2022-07-14,CSCO,8.4824337,8.5023288,8.4768803
2022-07-14,IBM,10.317314,10.389831,10.351585
2022-07-14,INTC,49.972995,50.930931,50.109981
2022-07-14,MSFT,116.22193,117.98978,115.84609
2022-07-14,NKE,8.8684599,9.0312004,8.8451475
2022-07-14,VZ,0.92887305,0.93416441,0.91009358
2022-07-14,WMT,5.0220463,5.0940129,5.0070285
2022-07-15,AAPL,20.596893,20.690957,20.092593
2022-07-15,AMGN,4.4800669,4.6096382,4.3766451
2022-07-15,CRM,7.2941434,7.6591676,7.1725888
2022-07-15,CSCO,8.3481837,8.5180402,8.2654458
2022-07-15,IBM,10.141394,10.263326,10.00221
2022-07-15,INTC,49.959567,49.929956,49.06522
2022-07-15,MSFT,112.87969,113.97611,112.15642
2022-07-15,NKE,8.6470764,9.0207797,8.5008088
2022-07-15,VZ,0.9185052,0.92579435,0.90637586
2022-07-15,WMT,5.084421,5.1282549,5.0322143
2022-07-18,AAPL,20.351782,20.415521,20.035368
2022-07-18,AMGN,4.3926716,4.5122941,4.3861312
2022-07-18,CRM,7.3741283,7.3702222,7.36222
2022-07-18,CSCO,8.315848,8.5319293,8.2508645
2022-07-18,IBM,10.15674,10.205294,10.064694
2022-07-18,INTC,51.386363,51.985404,50.051728
2022-07-18,MSFT,113.43252,116.84019,112.3638
2022-07-18,NKE,8.60095,8.5923532,8.5436467
2022-07-18,VZ,0.89322492,0.90928562,0.90261428
2022-07-18,WMT,5.0940282,5.0572346,5.0549729
2022-07-19,AAPL,19.922845,20.264568,19.706224
2022-07-19,AMGN,4.2264263,4.2876546,4.1304702
2022-07-19,CRM,7.3740544,7.7594316,7.4852181
2022-07-19,CSCO,8.1935891,8.2830899,8.0996627
2022-07-19,IBM,10.200376,10.166837,9.9776419
2022-07-19,INTC,50.549285,50.948263,49.576122
2022-07-19,MSFT,112.45201,113.35726,111.69139
2022-07-19,NKE,8.3470043,8.4620737,8.3343817
2022-07-19,VZ,0.86600432,0.87433163,0.856962
2022-07-19,WMT,5.1338181,5.140197,5.1201452
2022-07-20,AAPL,19.85484,19.951487,19.941189
2022-07-20,AMGN,4.1866981,4.2091583,4.1748756
2022-07-20,CRM,7.3023249,7.3179687,7.2862793
2022-07-20,CSCO,8.0505492,8.1958737,7.9208668
2022-07-20,IBM,10.118907,10.377811,9.9658463
2022-07-20,INTC,50.972427,50.579592,51.050491
2022-07-20,MSFT,114.10006,117.20925,112.61318
2022-07-20,NKE,8.3648162,8.4347782,8.4159368
2022-07-20,VZ,0.86762599,0.88160216,0.85471913
2022-07-20,WMT,5.2354046,5.2947792,5.1844845
2022-07-21,AAPL,18.874262,19.51281,18.444251
2022-07-21,AMGN,4.16769,4.2475918,4.1365909
2022-07-21,CRM,7.1552929,7.471611,6.9766854
2022-07-21,CSCO,7.9522322,7.934632,7.829055
2022-07-21,IBM,10.069433,10.11008,9.9966067
2022-07-21,INTC,50.368499,50.450706,48.825785
2022-07-21,MSFT,115.91488,118.7229,114.97623
2022-07-21,NKE,8.0087806,8.1336553,8.0689548
2022-07-21,VZ,0.85853395,0.86424778,0.84155063
2022-07-21,WMT,5.2216619,5.264806,5.2583167
2022-07-22,AAPL,18.789756,19.158777,18.109185
2022-07-22,AMGN,4.1777936,4.2770977,4.2288773
2022-07-22,CRM,6.9530771,6.999789,6.9392266
2022-07-22,CSCO,7.8926029,8.0420095,7.6704688
2022-07-22,IBM,10.06159,10.153438,10.022985
2022-07-22,INTC,49.654062,50.391899,48.836309
2022-07-22,MSFT,114.13918,116.68937,114.76312
2022-07-22,NKE,7.8584172,7.9896043,7.6816976
2022-07-22,VZ,0.85272314,0.86568841,0.862415
2022-07-22,WMT,5.1939501,5.2499952,5.1928334
2022-07-25,AAPL,18.376266,18.75805,18.359171
2022-07-25,AMGN,4.1088066,4.1315974,4.0921651
2022-07-25,CRM,7.0145258,7.0245158,6.8567723
2022-07-25,CSCO,7.8864037,7.9763274,7.6986456
2022-07-25,IBM,10.027809,10.150103,9.9763109
2022-07-25,INTC,48.866174,49.379266,48.498463
2022-07-25,MSFT,111.49584,112.97794,112.01058
2022-07-25,NKE,7.8526696,7.8605582,7.8723831
2022-07-25,VZ,0.85135292,0.85199606,0.85366779
2022-07-25,WMT,5.2645553,5.3123728,5.2312495
2022-07-26,AAPL,18.23699,18.527672,18.077566
2022-07-26,AMGN,4.1062865,4.1543522,4.1136746
2022-07-26,CRM,6.9079692,7.1212221,6.6924127
2022-07-26,CSCO,7.9523162,7.9884375,7.8722618
2022-07-26,IBM,10.169253,10.366246,10.073388
2022-07-26,INTC,49.463147,49.757758,48.26852
2022-07-26,MSFT,109.34765,109.90677,108.29016
2022-07-26,NKE,7.8470172,7.956252,7.8368233
2022-07-26,VZ,0.83058753,0.82466082,0.81905798
2022-07-26,WMT,5.0878115,5.1678932,5.0880274
2022-07-27,AAPL,18.579084,18.96257,17.989394
2022-07-27,AMGN,4.1628831,4.2197911,4.1193529
2022-07-27,CRM,6.8179138,6.959884,6.8412042
2022-07-27,CSCO,8.2724583,8.3290802,8.3334026
2022-07-27,IBM,10.111995,10.256935,10.015341
2022-07-27,INTC,47.657657,48.101992,47.247361
2022-07-27,MSFT,110.21213,111.65014,107.90591
2022-07-27,NKE,7.8773356,8.070384,7.7510398
2022-07-27,VZ,0.83987643,0.86078362,0.83538005
2022-07-27,WMT,5.1620054,5.2190455,5.0914521
2022-07-28,AAPL,18.501651,18.820033,18.094915
2022-07-28,AMGN,4.0380107,4.0564828,3.9705503
2022-07-28,CRM,6.8432228,7.0866625,6.7128965
2022-07-28,CSCO,8.1833696,8.2809522,7.9995322
2022-07-28,IBM,10.105342,10.164482,10.048597
2022-07-28,INTC,48.290799,48.777063,48.128241
2022-07-28,MSFT,110.54185,112.43931,113.02997
2022-07-28,NKE,7.8452334,7.8253435,7.9283057
2022-07-28,VZ,0.84497194,0.86424956,0.83328356
2022-07-28,WMT,5.1561172,5.1978352,5.0713892
2022-07-29,AAPL,17.745927,17.971192,17.790259
2022-07-29,AMGN,4.0470741,4.0571211,4.0542433
2022-07-29,CRM,6.6385836,6.8528231,6.4635626
2022-07-29,CSCO,8.258327,8.2640901,8.1208936
2022-07-29,IBM,10.10251,10.235639,10.072065
2022-07-29,INTC,46.809053,46.978888,46.364203
2022-07-29,MSFT,109.58063,110.23208,107.67365
2022-07-29,NKE,7.7044224,7.9038531,7.5178839
2022-07-29,VZ,0.82786063,0.84098513,0.82189411
2022-07-29,WMT,5.1907801,5.2655199,5.1525377
2022-08-01,AAPL,17.35396,17.56455,16.846838
2022-08-01,AMGN,4.0601397,4.0935652,4.013506
2022-08-01,CRM,6.7797825,6.933718,6.630272
2022-08-01,CSCO,8.1084233,8.2405661,8.0246133
2022-08-01,IBM,10.010758,10.103857,9.9927749
2022-08-01,INTC,47.164037,46.906973,45.611661
2022-08-01,MSFT,108.06144,109.86867,107.11322
2022-08-01,NKE,7.5147942,7.6422668,7.408474
2022-08-01,VZ,0.80416057,0.80846148,0.79751345
2022-08-01,WMT,5.0879319,5.154752,5.0911277
2022-08-02,AAPL,17.087154,17.225438,16.977241
2022-08-02,AMGN,4.040256,4.1094531,3.9611636
2022-08-02,CRM,6.4671621,6.7167666,6.1625784
2022-08-02,CSCO,8.0409266,8.264489,7.9767313
2022-08-02,IBM,9.8002476,9.8771076,9.7944173
2022-08-02,INTC,47.473099,48.362034,46.532446
2022-08-02,MSFT,106.11063,109.59553,104.30641
2022-08-02,NKE,7.3641771,7.508503,7.3409362
2022-08-02,VZ,0.80418454,0.80659605,0.78924109
2022-08-02,WMT,5.0679487,5.1383172,5.0601086
2022-08-03,AAPL,16.667322,17.016798,16.667885
2022-08-03,AMGN,4.0508272,4.0892692,4.0085605
2022-08-03,CRM,6.5048479,6.7793383,6.2907509
2022-08-03,CSCO,8.1065606,8.1238606,8.0420264
2022-08-03,IBM,9.6361018,9.7882741,9.5512912
2022-08-03,INTC,48.065198,48.05218,47.231444
2022-08-03,MSFT,107.88298,108.2034,106.8691
2022-08-03,NKE,7.4282094,7.622372,7.3578648
2022-08-03,VZ,0.79587492,0.80187884,0.79961368
2022-08-03,WMT,4.9681419,5.0004491,4.9215852
2022-08-04,AAPL,16.617875,16.840868,16.37977
2022-08-04,AMGN,3.9422371,3.9960611,3.9507992
2022-08-04,CRM,6.5856278,6.6175997,6.5784378
2022-08-04,CSCO,8.1871343,8.317428,8.1143719
2022-08-04,IBM,9.7564376,9.8231157,9.6360599
2022-08-04,INTC,48.356839,48.32889,47.913257
2022-08-04,MSFT,108.55205,110.08497,107.28358
2022-08-04,NKE,7.4605673,7.5407235,7.3286904
2022-08-04,VZ,0.80490363,0.81414947,0.79384665
2022-08-04,WMT,5.0410435,5.0617813,5.0464886
2022-08-05,AAPL,17.017301,17.497135,16.500661
2022-08-05,AMGN,3.9140295,4.0469933,3.8354565
2022-08-05,CRM,6.6011152,6.6963563,6.6801623
2022-08-05,CSCO,8.1959207,8.1931313,8.0622044
2022-08-05,IBM,9.6266853,9.834141,9.5360854
2022-08-05,INTC,48.788915,50.06984,48.231577
2022-08-05,MSFT,108.95735,109.15607,108.22127
2022-08-05,NKE,7.5704279,7.5838502,7.3939675
2022-08-05,VZ,0.80657687,0.80878009,0.82100824
2022-08-05,WMT,4.9538951,4.9770222,4.9078906
2022-08-08,AAPL,17.357795,17.575174,17.461616
2022-08-08,AMGN,3.8353296,3.9283457,3.7888813
2022-08-08,CRM,6.8249463,7.0185133,6.7761077
2022-08-08,CSCO,8.0515381,8.0016472,7.9236678
2022-08-08,IBM,9.5743776,9.6330261,9.5199572
2022-08-08,INTC,48.704854,48.752951,47.555557
2022-08-08,MSFT,109.31242,112.77749,109.40357
2022-08-08,NKE,7.4198937,7.4020503,7.4144893
2022-08-08,VZ,0.79750811,0.80386252,0.79176904
2022-08-08,WMT,4.9531181,5.0147548,4.8950516
2022-08-09,AAPL,17.960314,17.785291,17.674352
2022-08-09,AMGN,3.6911265,3.728516,3.7295241
2022-08-09,CRM,6.8906594,7.1369875,6.5976846
2022-08-09,CSCO,8.3509319,8.3904427,8.1747871
2022-08-09,IBM,9.4026275,9.4799089,9.2781022
2022-08-09,INTC,48.251326,48.633812,48.412664
2022-08-09,MSFT,109.62743,110.06798,107.36396
2022-08-09,NKE,7.4151319,7.4934103,7.3737174
2022-08-09,VZ,0.78253126,0.80112846,0.76658153
2022-08-09,WMT,4.9529841,5.0095526,4.8741035
2022-08-10,AAPL,18.28104,18.474842,17.847766
2022-08-10,AMGN,3.6415652,3.6662716,3.581762
2022-08-10,CRM,6.9374467,7.1800942,6.866121
2022-08-10,CSCO,8.3746193,8.3338554,8.2018509
2022-08-10,IBM,9.5532482,9.6403555,9.4050834
2022-08-10,INTC,46.58094,46.911292,46.733234
2022-08-10,MSFT,110.81812,111.7542,110.79451
2022-08-10,NKE,7.2007664,7.2192726,7.1261716
2022-08-10,VZ,0.75765297,0.76152153,0.75304479
2022-08-10,WMT,4.9064031,4.9540803,4.8046912
2022-08-11,AAPL,18.548023,18.976671,18.092084
2022-08-11,AMGN,3.5663807,3.6747095,3.5774957
2022-08-11,CRM,7.1626405,7.345477,7.0682953
2022-08-11,CSCO,8.0706845,7.999161,7.8535692
2022-08-11,IBM,9.5436568,9.4882404,9.2957297
2022-08-11,INTC,45.926313,46.522972,45.685201
2022-08-11,MSFT,110.927,110.89945,110.84198
2022-08-11,NKE,7.1177622,7.0854839,6.8935032
2022-08-11,VZ,0.72895097,0.72469619,0.73910149
2022-08-11,WMT,4.9698849,5.0289481,4.8849853
2022-08-12,AAPL,19.090512,18.933755,19.311209
2022-08-12,AMGN,3.4818407,3.5320407,3.47711
2022-08-12,CRM,7.0968233,7.1420737,6.9572025
2022-08-12,CSCO,8.1538737,8.2311598,7.9124906
2022-08-12,IBM,9.4317183,9.559894,9.1345732
2022-08-12,INTC,46.332702,47.145691,46.150663
2022-08-12,MSFT,111.93386,113.72498,109.68402
2022-08-12,NKE,6.9065899,7.0917922,6.9048877
2022-08-12,VZ,0.72345764,0.74130845,0.72034608
2022-08-12,WMT,4.9968139,5.0236695,4.9484809
2022-08-15,AAPL,18.840847,18.57,18.305566
2022-08-15,AMGN,3.460101,3.5562067,3.4059323
2022-08-15,CRM,7.2595541,7.2650208,7.4267748
2022-08-15,CSCO,8.3098151,8.4467229,8.2819245
2022-08-15,IBM,9.2513064,9.3408417,9.2515468
2022-08-15,INTC,45.661576,45.576252,45.218079
2022-08-15,MSFT,111.70085,112.50982,109.1903
2022-08-15,NKE,6.7910208,6.8865132,6.6944651
2022-08-15,VZ,0.72497632,0.73436904,0.71141282
2022-08-15,WMT,5.0211083,5.1207822,4.9721928
2022-08-16,AAPL,18.598478,18.904761,18.452429
2022-08-16,AMGN,3.3915787,3.4435775,3.3550491
2022-08-16,CRM,7.0211164,7.0120352,6.7355067
2022-08-16,CSCO,8.3200887,8.3398242,8.2152312
2022-08-16,IBM,9.1604264,9.3100937,9.206733
2022-08-16,INTC,44.235822,43.479897,43.588596
2022-08-16,MSFT,108.4684,109.2638,107.11334
2022-08-16,NKE,6.9419601,7.0967675,6.96259
2022-08-16,VZ,0.71225402,0.71831997,0.69827734
2022-08-16,WMT,5.0851731,5.1176473,5.1087525
2022-08-17,AAPL,18.972092,18.963874,18.685109
2022-08-17,AMGN,3.4028958,3.4405647,3.3592266
2022-08-17,CRM,7.1352398,7.3906659,6.8709459
2022-08-17,CSCO,8.5018522,8.5219783,8.5822005
2022-08-17,IBM,9.0515953,9.0564639,8.9756054
2022-08-17,INTC,42.01443,42.36443,41.449948
2022-08-17,MSFT,105.99555,106.64619,103.0888
2022-08-17,NKE,6.715361,6.7777657,6.5845714
2022-08-17,VZ,0.69880026,0.7028678,0.70471364
2022-08-17,WMT,5.1196799,5.1835742,5.0479794
2022-08-18,AAPL,18.771896,19.002851,18.297805
2022-08-18,AMGN,3.4051532,3.4515683,3.3602094
2022-08-18,CRM,7.113076,7.2814659,6.9049925
2022-08-18,CSCO,8.3757546,8.4306443,8.2741196
2022-08-18,IBM,9.1453515,9.3848359,9.0816401
2022-08-18,INTC,41.165747,41.701457,39.910145
2022-08-18,MSFT,103.76777,103.55066,102.7224
2022-08-18,NKE,6.8722412,6.9122027,6.7981373
2022-08-18,VZ,0.71563035,0.71453971,0.70452076
2022-08-18,WMT,5.0478622,5.1344212,4.9351314
2022-08-19,AAPL,18.799769,18.91993,18.542802
2022-08-19,AMGN,3.463056,3.4708618,3.4349242
2022-08-19,CRM,7.3810328,7.6060993,7.4660854
2022-08-19,CSCO,8.4940471,8.6818888,8.4566134
2022-08-19,IBM,9.318183,9.4212398,9.2142047
2022-08-19,INTC,40.362257,41.614436,39.350947
2022-08-19,MSFT,102.82738,103.07057,105.00489
2022-08-19,NKE,6.9509497,6.9993402,7.0044743
2022-08-19,VZ,0.7054248,0.72714397,0.69498577
2022-08-19,WMT,5.0916401,5.1234702,5.0051659
2022-08-22,AAPL,18.222344,18.093023,17.742085
2022-08-22,AMGN,3.4906782,3.494762,3.4899756
2022-08-22,CRM,7.5818627,7.6363003,7.1789116
2022-08-22,CSCO,8.2576419,8.3879787,8.25801
2022-08-22,IBM,9.3623132,9.4995636,9.23569
2022-08-22,INTC,40.592358,41.700452,40.341331
2022-08-22,MSFT,99.68157,101.21142,98.087832
2022-08-22,NKE,6.9347543,7.0724911,6.812901
2022-08-22,VZ,0.70677523,0.71793562,0.70546204
2022-08-22,WMT,5.1106492,5.1464492,5.0032097
2022-08-23,AAPL,17.943404,18.340229,17.711815
2022-08-23,AMGN,3.5096211,3.5760941,3.4883193
2022-08-23,CRM,7.3786326,7.3782597,7.2745824
2022-08-23,CSCO,8.5299784,8.7721571,8.2951358
2022-08-23,IBM,9.3524182,9.4729874,9.2711167
2022-08-23,INTC,40.451007,40.151888,39.635097
2022-08-23,MSFT,98.926442,99.960259,97.948623
2022-08-23,NKE,6.9758475,7.1438893,6.9361447
2022-08-23,VZ,0.69216837,0.70736493,0.68859671
2022-08-23,WMT,5.1603872,5.1250324,5.1357108
2022-08-24,AAPL,17.309702,17.379321,17.048588
2022-08-24,AMGN,3.5514437,3.5157159,3.532468
2022-08-24,CRM,7.5710613,7.665774,7.3504488
2022-08-24,CSCO,8.6372692,8.6562795,8.507561
2022-08-24,IBM,9.3040059,9.4325578,9.2894386
2022-08-24,INTC,39.571294,39.620741,39.422689
2022-08-24,MSFT,99.756873,100.89852,98.955468
2022-08-24,NKE,7.0571193,7.1240948,6.9447738
2022-08-24,VZ,0.69041038,0.69653819,0.67038581
2022-08-24,WMT,5.1781488,5.2335654,5.1390571
2022-08-25,AAPL,16.977936,17.169756,16.84482
2022-08-25,AMGN,3.5693188,3.5862714,3.4859816
2022-08-25,CRM,7.5518432,7.9140552,7.4770788
2022-08-25,CSCO,8.6227672,8.6042689,8.7034605
2022-08-25,IBM,9.2293392,9.2827682,9.1021837
2022-08-25,INTC,40.234824,40.523494,39.413955
2022-08-25,MSFT,98.580691,100.47149,98.803516
2022-08-25,NKE,7.0202587,7.0708439,6.9648137
2022-08-25,VZ,0.70227092,0.70314485,0.68960551
2022-08-25,WMT,5.2016381,5.2968054,5.1677409
2022-08-26,AAPL,17.208814,17.633567,16.66164
2022-08-26,AMGN,3.5406877,3.5917994,3.3907666
2022-08-26,CRM,7.7558315,7.6484088,7.8085392
2022-08-26,CSCO,8.6120482,8.7050193,8.5081403
2022-08-26,IBM,9.0291605,9.0991346,9.0673099
2022-08-26,INTC,39.534887,40.949203,39.477936
2022-08-26,MSFT,99.111823,99.943922,96.539244
2022-08-26,NKE,7.0113582,7.1743112,6.9517121
2022-08-26,VZ,0.70720576,0.72169956,0.70898848
2022-08-26,WMT,5.1642828,5.2357502,5.1810532
2022-08-29,AAPL,16.948986,16.889106,16.951393
2022-08-29,AMGN,3.5164069,3.5412874,3.4638616
2022-08-29,CRM,7.9245735,8.0431415,7.8634851
2022-08-29,CSCO,8.9895478,9.1662512,8.8940794
2022-08-29,IBM,8.9325903,8.9273033,8.8590258
2022-08-29,INTC,40.050077,40.211383,40.010376
2022-08-29,MSFT,99.138594,100.53529,97.713391
2022-08-29,NKE,7.0843013,7.0745661,7.0187319
2022-08-29,VZ,0.71143603,0.7198975,0.70919341
2022-08-29,WMT,5.1285847,5.2312853,5.0712399
2022-08-30,AAPL,16.998291,17.296289,16.66683
2022-08-30,AMGN,3.4756819,3.554068,3.4305832
2022-08-30,CRM,7.9223502,8.0747235,7.7682415
2022-08-30,CSCO,8.8355603,8.9705919,8.6607404
2022-08-30,IBM,8.9637512,8.9442815,8.8645507
2022-08-30,INTC,40.15306,41.617478,39.238768
2022-08-30,MSFT,100.26769,99.380523,97.778156
2022-08-30,NKE,6.9136991,7.0127116,6.8607024
2022-08-30,VZ,0.69165425,0.68846981,0.67484134
2022-08-30,WMT,5.1042973,5.1859011,5.0861801
2022-08-31,AAPL,16.519061,16.946332,16.34951
2022-08-31,AMGN,3.4695316,3.5697044,3.4552888
2022-08-31,CRM,8.018091,8.1319152,7.819964
2022-08-31,CSCO,8.8492326,8.8439886,8.7588731
2022-08-31,IBM,9.0447775,9.2422419,9.0565786
2022-08-31,INTC,39.838548,40.172564,38.790124
2022-08-31,MSFT,98.588688,100.49082,95.285853
2022-08-31,NKE,6.909099,7.0221734,6.9017762
2022-08-31,VZ,0.67998044,0.69368177,0.66611553
2022-08-31,WMT,5.0206825,5.1476969,5.0151098
2022-09-01,AAPL,15.937279,16.282482,16.135635
2022-09-01,AMGN,3.3885364,3.4654165,3.3363047
2022-09-01,CRM,8.1720049,8.1546485,8.0472316
2022-09-01,CSCO,8.8058605,8.8082151,8.6880119
2022-09-01,IBM,8.908224,8.7836485,8.8985369
2022-09-01,INTC,40.609366,41.448483,41.040395
2022-09-01,MSFT,96.676942,98.346619,98.361406
2022-09-01,NKE,6.7947173,6.7612221,6.836713
2022-09-01,VZ,0.68096591,0.67903648,0.66653349
2022-09-01,WMT,4.9720273,5.0327725,4.9568147
2022-09-02,AAPL,15.7046,16.006452,15.595098
2022-09-02,AMGN,3.4103759,3.4702072,3.3856152
2022-09-02,CRM,8.0793938,8.3979433,7.9900747
2022-09-02,CSCO,8.7093709,8.8907978,8.5802827
2022-09-02,IBM,8.8834768,9.0224897,8.9410214
2022-09-02,INTC,40.737349,41.480567,40.180561
2022-09-02,MSFT,97.30073,98.818977,96.651322
2022-09-02,NKE,6.7139453,6.7591643,6.6175862
2022-09-02,VZ,0.68366173,0.68941791,0.68847766
2022-09-02,WMT,5.0555194,5.1023838,4.9829037
2022-09-06,AAPL,15.886616,16.039202,15.975914
2022-09-06,AMGN,3.4599034,3.5311306,3.4787838
2022-09-06,CRM,7.9243918,8.1395497,7.8053007
2022-09-06,CSCO,8.5293003,8.4379195,8.6251493
2022-09-06,IBM,8.8540036,8.9073486,8.666361
2022-09-06,INTC,40.350306,40.075243,39.743147
2022-09-06,MSFT,99.423783,100.95292,100.16659
2022-09-06,NKE,6.7972929,6.8704947,6.7405216
2022-09-06,VZ,0.6805728,0.68762054,0.67060445
2022-09-06,WMT,5.0706486,5.10288,4.9596014
2022-09-07,AAPL,16.246252,16.44232,15.976964
2022-09-07,AMGN,3.2851624,3.3319095,3.2239578
2022-09-07,CRM,7.7007424,7.7299265,7.4883892
2022-09-07,CSCO,8.6229987,8.54647,8.4945353
2022-09-07,IBM,8.9169068,9.1072808,8.8210022
2022-09-07,INTC,40.348437,41.311116,40.750997
2022-09-07,MSFT,94.994214,95.264534,95.048627
2022-09-07,NKE,6.7462004,6.7938442,6.7823882
2022-09-07,VZ,0.66668318,0.67342654,0.66231385
2022-09-07,WMT,4.9912309,5.020687,4.992879
2022-09-08,AAPL,15.955453,15.774138,15.9412
2022-09-08,AMGN,3.2166265,3.2904333,3.2240386
2022-09-08,CRM,7.7905411,7.8423963,7.6744289
2022-09-08,CSCO,8.2733467,8.2475397,8.1120913
2022-09-08,IBM,9.074226,9.1520891,8.8927417
2022-09-08,INTC,40.353755,40.246621,40.070055
2022-09-08,MSFT,93.8524,95.709084,91.963842
2022-09-08,NKE,6.7944849,6.8252555,6.7341052
2022-09-08,VZ,0.67058375,0.66477069,0.6763901
2022-09-08,WMT,4.9903243,5.0028438,4.9805029
2022-09-09,AAPL,15.540581,15.687368,15.103962
2022-09-09,AMGN,3.1816585,3.2516541,3.1094926
2022-09-09,CRM,8.1097778,8.1772084,7.9496691
2022-09-09,CSCO,8.3360374,8.2606945,8.3662697
2022-09-09,IBM,9.2120178,9.3219192,9.1561155
2022-09-09,INTC,39.215797,40.051045,38.383438
2022-09-09,MSFT,94.378041,95.615488,93.181801
2022-09-09,NKE,6.5679269,6.6940418,6.3498551
2022-09-09,VZ,0.65243617,0.6547004,0.64590462
2022-09-09,WMT,5.0574602,5.0255546,4.9998122
2022-09-12,AAPL,15.411707,15.249307,15.065386
2022-09-12,AMGN,3.1008591,3.159359,3.104448
2022-09-12,CRM,8.322197,8.594501,8.090682
2022-09-12,CSCO,8.3264677,8.4177197,8.219707
2022-09-12,IBM,9.0888339,9.1317709,8.9066663
2022-09-12,INTC,38.727665,38.654867,38.684531
2022-09-12,MSFT,94.199599,96.479765,93.286565
2022-09-12,NKE,6.6309747,6.7636787,6.6365531
2022-09-12,VZ,0.65918196,0.65981312,0.64389646
2022-09-12,WMT,5.0639288,5.125201,5.0120958
2022-09-13,AAPL,15.641544,15.56977,15.51537
2022-09-13,AMGN,3.0675036,3.1201904,3.0731215
2022-09-13,CRM,8.1963813,8.45807,7.8730092
2022-09-13,CSCO,8.2943029,8.270376,8.2618722
2022-09-13,IBM,9.0605477,9.1776145,9.0122213
2022-09-13,INTC,38.185019,38.230294,37.785888
2022-09-13,MSFT,93.688175,95.700962,93.131821
2022-09-13,NKE,6.5772058,6.7206056,6.457656
2022-09-13,VZ,0.6657349,0.66761133,0.65766064
2022-09-13,WMT,5.0606907,5.1147568,5.0438196
2022-09-14,AAPL,15.065525,15.475325,14.564742
2022-09-14,AMGN,2.9741813,3.0083373,2.8979394
2022-09-14,CRM,7.9336322,8.3119373,7.6754532
2022-09-14,CSCO,8.1879805,8.2379071,8.1584315
2022-09-14,IBM,9.1084895,9.3085088,9.0039579
2022-09-14,INTC,38.245864,38.014844,38.327142
2022-09-14,MSFT,93.388716,93.71798,93.483423
2022-09-14,NKE,6.6715571,6.764195,6.5001552
2022-09-14,VZ,0.65864782,0.65292566,0.64998544
2022-09-14,WMT,5.0058127,5.0441061,4.9941545
2022-09-15,AAPL,15.294685,15.512509,14.964217
2022-09-15,AMGN,2.9792486,3.0253643,2.934531
2022-09-15,CRM,7.814073,7.9927562,7.7515272
2022-09-15,CSCO,8.4917466,8.3977257,8.4972596
2022-09-15,IBM,9.2009677,9.3401293,9.1593009
2022-09-15,INTC,38.538459,39.136492,38.056302
2022-09-15,MSFT,94.256847,94.954654,93.016057
2022-09-15,NKE,6.5474009,6.5952181,6.5070851
2022-09-15,VZ,0.63682973,0.63351429,0.62290514
2022-09-15,WMT,4.9384704,4.9641947,4.9128794
2022-09-16,AAPL,14.80245,15.076097,14.680415
2022-09-16,AMGN,2.8685413,2.9160015,2.8701584
2022-09-16,CRM,7.9683538,8.3906221,7.7021343
2022-09-16,CSCO,8.4116929,8.6120778,8.3073566
2022-09-16,IBM,8.9846703,8.8952917,8.9702003
2022-09-16,INTC,39.57182,39.876215,39.267715
2022-09-16,MSFT,95.013291,94.684427,92.538962
2022-09-16,NKE,6.2889401,6.2720393,6.3792213
2022-09-16,VZ,0.63881632,0.64136303,0.62802486
2022-09-16,WMT,4.8871617,4.868373,4.82122
2022-09-19,AAPL,14.970201,15.29382,14.722616
2022-09-19,AMGN,2.8929341,2.9182803,2.8137205
2022-09-19,CRM,8.234023,8.4258732,8.1509231
2022-09-19,CSCO,8.2342488,8.3258026,8.2354228
2022-09-19,IBM,9.2046758,9.3334365,9.1066896
2022-09-19,INTC,39.422096,39.535287,39.442177
2022-09-19,MSFT,95.168107,96.370986,94.075177
2022-09-19,NKE,6.1807332,6.3604138,6.0198571
2022-09-19,VZ,0.63742701,0.64702526,0.6307081
2022-09-19,WMT,4.7487191,4.8844826,4.7579107
2022-09-20,AAPL,14.307109,14.53338,13.985603
2022-09-20,AMGN,2.8355462,2.8417601,2.8360529
2022-09-20,CRM,8.4342746,8.644529,8.3083045
2022-09-20,CSCO,8.3134435,8.5076318,8.2914786
2022-09-20,IBM,9.1392616,9.3477595,9.0693673
2022-09-20,INTC,38.979239,38.923474,38.937509
2022-09-20,MSFT,99.962139,99.362177,99.230298
2022-09-20,NKE,6.127272,6.1036277,6.0633939
2022-09-20,VZ,0.63509483,0.64286236,0.6340687
2022-09-20,WMT,4.6955604,4.6679827,4.632108
2022-09-21,AAPL,14.266471,14.375351,14.035281
2022-09-21,AMGN,2.8326391,2.8524161,2.7887596
2022-09-21,CRM,8.4179802,8.6337962,8.2185072
2022-09-21,CSCO,8.0409818,8.2262637,8.0118972
2022-09-21,IBM,9.2548179,9.3583004,9.1161194
2022-09-21,INTC,39.517479,39.541457,39.489365
2022-09-21,MSFT,104.48263,105.04252,103.64583
2022-09-21,NKE,5.8816215,5.9636756,5.9051098
2022-09-21,VZ,0.62538993,0.62779126,0.62239416
2022-09-21,WMT,4.6753043,4.7587068,4.6072113
2022-09-22,AAPL,14.454977,14.566192,13.987342
2022-09-22,AMGN,2.8565228,2.8879379,2.9067375
2022-09-22,CRM,8.2607549,8.4373477,8.2741496
2022-09-22,CSCO,7.7832067,7.9464371,7.769369
2022-09-22,IBM,9.3666126,9.6048164,9.2691938
2022-09-22,INTC,39.314015,39.635366,38.745998
2022-09-22,MSFT,101.77932,102.88463,97.352057
2022-09-22,NKE,5.8420201,5.9514142,5.8047872
2022-09-22,VZ,0.62440277,0.62481082,0.62347423
2022-09-22,WMT,4.7262137,4.7797155,4.7309795
2022-09-23,AAPL,14.282768,14.638899,14.148198
2022-09-23,AMGN,2.902288,2.8924349,2.9119526
2022-09-23,CRM,8.2592665,8.4366773,8.107833
2022-09-23,CSCO,7.8314529,7.9260808,7.6746018
2022-09-23,IBM,9.2748544,9.3333598,9.3122297
2022-09-23,INTC,38.744201,38.338324,38.04357
2022-09-23,MSFT,101.72749,102.10544,101.89162
2022-09-23,NKE,5.91473,6.029528,5.8528372
2022-09-23,VZ,0.62663288,0.63839014,0.63219261
2022-09-23,WMT,4.678665,4.6859262,4.6387458
2022-09-26,AAPL,14.62732,14.98899,14.692964
2022-09-26,AMGN,2.906853,2.9457937,2.8562474
2022-09-26,CRM,8.0086112,8.0570642,7.8310311
2022-09-26,CSCO,7.6976283,7.7289286,7.6791996
2022-09-26,IBM,9.3837086,9.4495016,9.3133812
2022-09-26,INTC,38.109589,38.303876,37.355592
2022-09-26,MSFT,100.58805,100.49893,98.907471
2022-09-26,NKE,5.7327851,5.7949234,5.8616233
2022-09-26,VZ,0.61913131,0.61505917,0.60497407
2022-09-26,WMT,4.7242945,4.7241056,4.6682426
2022-09-27,AAPL,14.848642,14.736643,14.623878
2022-09-27,AMGN,2.9499739,3.0054184,2.9445984
2022-09-27,CRM,7.6934001,7.7830967,7.3965864
2022-09-27,CSCO,7.6706168,7.7133837,7.689834
2022-09-27,IBM,9.538581,9.5284945,9.4590492
2022-09-27,INTC,37.385793,38.058061,37.542359
2022-09-27,MSFT,100.42268,100.92843,100.8862
2022-09-27,NKE,5.6590173,5.7856978,5.7249366
2022-09-27,VZ,0.62073381,0.62954037,0.61734522
2022-09-27,WMT,4.6465372,4.6559775,4.618966
2022-09-28,AAPL,14.329117,14.526717,13.978344
2022-09-28,AMGN,2.9026839,2.9891979,2.8873885
2022-09-28,CRM,7.6671113,7.7771741,7.7134598
2022-09-28,CSCO,7.7436323,7.8030521,7.6590774
2022-09-28,IBM,9.6756369,9.6194114,9.6878321
2022-09-28,INTC,37.656408,38.38205,37.546022
2022-09-28,MSFT,101.38751,103.87246,99.275439
2022-09-28,NKE,5.6917403,5.6497413,5.6134492
2022-09-28,VZ,0.60889611,0.61019032,0.59719781
2022-09-28,WMT,4.5505877,4.5981951,4.5556652
2022-09-29,AAPL,14.647528,14.421329,14.490405
2022-09-29,AMGN,2.9318503,3.0177195,2.8716126
2022-09-29,CRM,7.4378467,7.5179432,7.3047461
2022-09-29,CSCO,7.677413,7.6769632,7.5978498
2022-09-29,IBM,9.5192819,9.5852289,9.3650235
2022-09-29,INTC,36.65982,37.820748,35.682733
2022-09-29,MSFT,100.05668,102.07154,99.597408
2022-09-29,NKE,5.5231937,5.6093731,5.4389902
2022-09-29,VZ,0.60993702,0.62372744,0.60575538
2022-09-29,WMT,4.4861192,4.4710086,4.5440153
2022-09-30,AAPL,15.050594,15.276934,14.691076
2022-09-30,AMGN,2.9298195,2.9502377,2.8592784
2022-09-30,CRM,7.3040788,7.4398885,7.2703274
2022-09-30,CSCO,7.766299,7.8384728,7.6489992
2022-09-30,IBM,9.3951266,9.4682785,9.4542585
2022-09-30,INTC,36.138396,36.028576,35.363359
2022-09-30,MSFT,99.65607,100.3308,97.9325
2022-09-30,NKE,5.4181337,5.5004191,5.33412
2022-09-30,VZ,0.61031872,0.61742098,0.60760413
2022-09-30,WMT,4.4305337,4.533636,4.4800863
2022-10-03,AAPL,14.579529,14.964391,14.483002
2022-10-03,AMGN,2.9806498,3.0167483,2.9830517
2022-10-03,CRM,7.1233628,7.2122107,7.118213
2022-10-03,CSCO,7.7366674,7.7916853,7.8498592
2022-10-03,IBM,9.2397626,9.3109822,9.1448493
2022-10-03,INTC,34.707585,34.739547,34.052006
2022-10-03,MSFT,99.354425,100.35427,99.369112
2022-10-03,NKE,5.4755587,5.6127713,5.4451689
2022-10-03,VZ,0.60655836,0.60469941,0.61134106
2022-10-03,WMT,4.4753123,4.4863226,4.5315148
2022-10-04,AAPL,14.89363,14.854927,14.755234
2022-10-04,AMGN,2.9477324,3.0333475,2.9463394
2022-10-04,CRM,7.0773675,7.3113922,6.9461285
2022-10-04,CSCO,7.5852365,7.4882754,7.5156785
2022-10-04,IBM,9.2475042,9.3240905,9.0641335
2022-10-04,INTC,34.525749,34.55151,33.959237
2022-10-04,MSFT,98.470976,100.53757,96.564296
2022-10-04,NKE,5.474334,5.5194111,5.5110435
2022-10-04,VZ,0.60504962,0.61137038,0.60052737
2022-10-04,WMT,4.4293796,4.4603424,4.3717174
2022-10-05,AAPL,14.71431,14.991692,14.381746
2022-10-05,AMGN,2.940783,2.9885831,2.8916931
2022-10-05,CRM,7.3303986,7.340385,7.2939411
2022-10-05,CSCO,7.4275576,7.4628882,7.3693
2022-10-05,IBM,9.2582637,9.3332648,9.2788682
2022-10-05,INTC,35.149857,35.358281,35.177039
2022-10-05,MSFT,99.533614,100.0663,98.853558
2022-10-05,NKE,5.4694381,5.5441021,5.4193975
2022-10-05,VZ,0.61131427,0.62052348,0.60154237
2022-10-05,WMT,4.3986834,4.4342924,4.3614116
2022-10-06,AAPL,14.692542,14.69498,14.725234
2022-10-06,AMGN,2.8458081,2.853779,2.8561449
2022-10-06,CRM,7.4575008,7.6540772,7.2559117
2022-10-06,CSCO,7.4658628,7.5387903,7.5369942
2022-10-06,IBM,9.378747,9.3824924,9.3703282
2022-10-06,INTC,33.96124,34.167207,33.420527
2022-10-06,MSFT,97.260879,98.790146,96.788558
2022-10-06,NKE,5.5462364,5.6444759,5.4742671
2022-10-06,VZ,0.6021562,0.61235163,0.59212519
2022-10-06,WMT,4.3493981,4.3895183,4.2829561
2022-10-07,AAPL,14.494193,14.825731,14.060411
2022-10-07,AMGN,2.7852028,2.8100039,2.7503367
2022-10-07,CRM,7.4959465,7.5626661,7.5597182
2022-10-07,CSCO,7.6400862,7.5494888,7.6554991
2022-10-07,IBM,9.2569041,9.2138915,9.1281439
2022-10-07,INTC,33.814184,34.147094,33.145758
2022-10-07,MSFT,97.875391,100.66223,98.092467
2022-10-07,NKE,5.681346,5.7941858,5.710071
2022-10-07,VZ,0.59845245,0.60873484,0.59822323
2022-10-07,WMT,4.4067442,4.4171399,4.3550541
2022-10-10,AAPL,13.874943,13.894432,13.862935
2022-10-10,AMGN,2.7496847,2.7922064,2.7493035
2022-10-10,CRM,7.595664,7.544138,7.6343015
2022-10-10,CSCO,7.8464832,7.9446684,7.7944778
2022-10-10,IBM,9.0969312,9.2519018,9.0098389
2022-10-10,INTC,33.31278,34.114202,32.930632
2022-10-10,MSFT,95.925572,95.866584,94.668813
2022-10-10,NKE,5.8153234,5.7873692,5.9634405
2022-10-10,VZ,0.57938068,0.58150623,0.57790522
2022-10-10,WMT,4.3900109,4.4162685,4.4014556
2022-10-11,AAPL,13.760221,13.715093,13.408898
2022-10-11,AMGN,2.6986873,2.7381394,2.679765
2022-10-11,CRM,7.4962336,7.5942879,7.3899128
2022-10-11,CSCO,7.7357807,7.8888482,7.6917634
2022-10-11,IBM,9.1887618,9.3170139,8.9843124
2022-10-11,INTC,32.556585,33.643597,31.999847
2022-10-11,MSFT,95.610049,97.894266,95.117929
2022-10-11,NKE,5.8333965,5.8782419,5.9326218
2022-10-11,VZ,0.57624281,0.58534119,0.57070917
2022-10-11,WMT,4.4373189,4.4262865,4.3928405
2022-10-12,AAPL,13.850044,13.805844,13.876986
2022-10-12,AMGN,2.7099735,2.7515408,2.6976086
2022-10-12,CRM,7.2544136,7.3766176,7.1742983
2022-10-12,CSCO,7.6490354,7.6519569,7.7094272
2022-10-12,IBM,9.1619834,9.2366632,9.0918247
2022-10-12,INTC,32.483883,32.539138,32.643042
2022-10-12,MSFT,96.763085,98.009621,96.12192
2022-10-12,NKE,5.9481142,5.9856226,5.9272774
2022-10-12,VZ,0.57918679,0.5811449,0.57164069
2022-10-12,WMT,4.39659,4.4018626,4.4032405
2022-10-13,AAPL,13.459714,13.476659,13.519622
2022-10-13,AMGN,2.7189059,2.7343851,2.6985878
2022-10-13,CRM,7.2969146,7.4638121,7.1902702
2022-10-13,CSCO,7.6195419,7.652057,7.5609516
2022-10-13,IBM,9.0396496,9.2441941,9.0292027
2022-10-13,INTC,32.98329,33.865014,32.415836
2022-10-13,MSFT,92.668835,93.569915,92.372952
2022-10-13,NKE,5.7900212,5.8758216,5.8717306
2022-10-13,VZ,0.57726693,0.57287612,0.57248229
2022-10-13,WMT,4.4246846,4.4580899,4.3623165
2022-10-14,AAPL,13.618467,13.783958,13.384578
2022-10-14,AMGN,2.6446737,2.710619,2.6166874
2022-10-14,CRM,7.5845696,7.9921338,7.5698686
2022-10-14,CSCO,7.5833503,7.5765521,7.4573527
2022-10-14,IBM,8.9416171,9.014036,8.9209307
2022-10-14,INTC,32.357291,32.66327,32.179574
2022-10-14,MSFT,93.067995,94.761714,92.20816
2022-10-14,NKE,5.7892335,5.8939546,5.7021984
2022-10-14,VZ,0.56622333,0.56511159,0.56998789
2022-10-14,WMT,4.4751567,4.4836678,4.4653025
2022-10-17,AAPL,14.123482,14.412184,13.856092
2022-10-17,AMGN,2.6035874,2.6207953,2.5346685
2022-10-17,CRM,7.5553244,7.6637923,7.4945673
2022-10-17,CSCO,7.5750251,7.6513144,7.5524823
2022-10-17,IBM,8.8932055,8.9607086,8.9076734
2022-10-17,INTC,31.584309,32.040429,31.661724
2022-10-17,MSFT,96.505244,95.419254,95.419633
2022-10-17,NKE,5.7204325,5.7212099,5.5885141
2022-10-17,VZ,0.56069749,0.56205422,0.56900147
2022-10-17,WMT,4.4713526,4.5167068,4.4613589
2022-10-18,AAPL,14.683465,14.800373,14.752888
2022-10-18,AMGN,2.6551107,2.7118705,2.6634771
2022-10-18,CRM,7.6811973,7.6000767,7.4777835
2022-10-18,CSCO,7.3596884,7.4549187,7.3497823
2022-10-18,IBM,9.0752337,9.0777511,9.0018354
2022-10-18,INTC,31.993587,32.523125,31.774823
2022-10-18,MSFT,95.997622,96.864537,95.781357
2022-10-18,NKE,5.7142108,5.8628615,5.6256218
2022-10-18,VZ,0.54363794,0.5514918,0.54452819
2022-10-18,WMT,4.4320174,4.409692,4.3864277
2022-10-19,AAPL,14.743241,14.886694,14.346202
2022-10-19,AMGN,2.6002782,2.6421047,2.5514947
2022-10-19,CRM,7.6138214,7.9266444,7.6825296
2022-10-19,CSCO,7.4718381,7.5099677,7.4224481
2022-10-19,IBM,9.0700473,9.1615164,9.0821398
2022-10-19,INTC,33.408236,34.127572,33.17773
2022-10-19,MSFT,95.017324,96.585076,94.577799
2022-10-19,NKE,5.6869373,5.7896758,5.671294
2022-10-19,VZ,0.55036018,0.55773728,0.54948651
2022-10-19,WMT,4.4020371,4.4862275,4.3371771
2022-10-20,AAPL,14.904088,15.047797,14.934584
2022-10-20,AMGN,2.5476474,2.6061124,2.5633343
2022-10-20,CRM,7.1629657,7.0897411,6.9831945
2022-10-20,CSCO,7.5208776,7.6189163,7.4622929
2022-10-20,IBM,9.0406703,9.0475171,9.018788
2022-10-20,INTC,34.087565,34.814121,33.645136
2022-10-20,MSFT,95.77112,95.531807,95.357918
2022-10-20,NKE,5.5889327,5.7371159,5.6138712
2022-10-20,VZ,0.54614526,0.55759798,0.54612657
2022-10-20,WMT,4.2749151,4.2832339,4.2155815
2022-10-21,AAPL,15.217495,15.403479,14.970735
2022-10-21,AMGN,2.497953,2.5497877,2.4581036
2022-10-21,CRM,7.1910412,7.0615416,7.0915904
2022-10-21,CSCO,7.3609394,7.6021076,7.242169
2022-10-21,IBM,9.0139981,9.0726913,9.1001278
2022-10-21,INTC,33.421405,33.310821,33.137262
2022-10-21,MSFT,94.608986,94.964613,94.134769
2022-10-21,NKE,5.6783107,5.7739252,5.6011423
2022-10-21,VZ,0.5327266,0.53866358,0.52688307
2022-10-21,WMT,4.2838396,4.3268812,4.255329
2022-10-24,AAPL,15.189621,15.337089,15.018789
2022-10-24,AMGN,2.5028321,2.5288727,2.4667292
2022-10-24,CRM,7.010944,7.2083603,6.9078714
2022-10-24,CSCO,7.2450501,7.2633765,7.1051176
2022-10-24,IBM,8.9983378,9.0866176,8.887723
2022-10-24,INTC,33.459477,33.561655,33.060308
2022-10-24,MSFT,94.364447,97.688618,93.972336
2022-10-24,NKE,5.8200784,5.8264233,5.7962589
2022-10-24,VZ,0.52593747,0.53042474,0.51320874
2022-10-24,WMT,4.3067654,4.3149044,4.2924845
2022-10-25,AAPL,14.848422,14.750726,14.589486
2022-10-25,AMGN,2.4059482,2.4206203,2.3475085
2022-10-25,CRM,6.6451332,6.7317758,6.6418358
2022-10-25,CSCO,7.1807594,7.2205152,7.1127218
2022-10-25,IBM,8.9908831,9.1095321,9.0040255
2022-10-25,INTC,33.753107,34.091615,33.817964
2022-10-25,MSFT,94.576804,94.031183,93.88461
2022-10-25,NKE,5.8504653,5.879899,5.8438778
2022-10-25,VZ,0.52273643,0.52430228,0.51738696
2022-10-25,WMT,4.2942576,4.389333,4.2642593
2022-10-26,AAPL,15.019535,14.944346,14.517375
2022-10-26,AMGN,2.4091615,2.4625975,2.3442108
2022-10-26,CRM,6.5743011,6.7852772,6.6429689
2022-10-26,CSCO,6.9806086,7.0422945,6.9320833
2022-10-26,IBM,9.0071774,9.167332,8.9169527
2022-10-26,INTC,33.393128,33.89502,33.182967
2022-10-26,MSFT,92.8667,91.770315,93.186883
2022-10-26,NKE,5.8730432,6.0197095,5.8493203
2022-10-26,VZ,0.52159462,0.52667495,0.51424134
2022-10-26,WMT,4.2142045,4.1920933,4.1767928
2022-10-27,AAPL,14.766771,14.800978,14.72482
2022-10-27,AMGN,2.3727769,2.3806811,2.3561377
2022-10-27,CRM,7.0822203,7.3168858,7.0078611
2022-10-27,CSCO,6.8561557,6.9202268,6.791521
2022-10-27,IBM,8.904922,8.8379722,8.8744338
2022-10-27,INTC,33.234725,34.432246,33.199877
2022-10-27,MSFT,91.236492,91.388433,91.083317
2022-10-27,NKE,5.8925203,6.0932982,5.9411554
2022-10-27,VZ,0.52244512,0.52246387,0.5206469
2022-10-27,WMT,4.166317,4.2187289,4.0836808
2022-10-28,AAPL,14.762984,14.921831,14.33482
2022-10-28,AMGN,2.3737378,2.4007191,2.3973057
2022-10-28,CRM,7.2474978,7.2289873,7.2223265
2022-10-28,CSCO,6.9124644,7.0707087,6.7677957
2022-10-28,IBM,9.0647807,9.27774,8.9373415
2022-10-28,INTC,32.603305,32.538169,32.642299
2022-10-28,MSFT,89.348764,88.31245,87.052237
2022-10-28,NKE,5.7921286,5.9141142,5.676139
2022-10-28,VZ,0.51659368,0.53506598,0.50268164
2022-10-28,WMT,4.0715464,4.1045077,3.9732598
2022-10-31,AAPL,14.910669,15.107536,14.240447
2022-10-31,AMGN,2.3564525,2.4115692,2.3249863
2022-10-31,CRM,7.1810939,7.2005631,7.0028148
2022-10-31,CSCO,6.9281352,7.0284826,6.8631337
2022-10-31,IBM,9.2680712,9.4304154,9.1820721
2022-10-31,INTC,32.17322,32.393124,32.398815
2022-10-31,MSFT,87.771361,89.172263,87.605656
2022-10-31,NKE,5.6227052,5.7534384,5.4075608
2022-10-31,VZ,0.50849998,0.51488505,0.50083669
2022-10-31,WMT,3.985075,3.9716554,3.9138299
2022-11-01,AAPL,14.889945,14.877369,14.646578
2022-11-01,AMGN,2.3526173,2.4042079,2.3147392
2022-11-01,CRM,7.0553282,7.0900867,6.9408687
2022-11-01,CSCO,6.8501768,6.9991215,6.7368917
2022-11-01,IBM,9.5161795,9.5284901,9.4218981
2022-11-01,INTC,32.366693,33.090388,32.346217
2022-11-01,MSFT,88.909318,89.422757,87.784948
2022-11-01,NKE,5.5135309,5.5853521,5.4865791
2022-11-01,VZ,0.5011285,0.49750084,0.50065665
2022-11-01,WMT,3.9659217,3.9771732,3.9222054
2022-11-02,AAPL,14.345147,14.472425,14.377387
2022-11-02,AMGN,2.3800292,2.3919861,2.3688763
2022-11-02,CRM,6.9716633,7.0360925,6.7903122
2022-11-02,CSCO,6.950038,6.9314471,6.7105281
2022-11-02,IBM,9.4601542,9.5771356,9.4475641
2022-11-02,INTC,31.655151,32.192261,30.994326
2022-11-02,MSFT,89.844773,91.171847,89.210003
2022-11-02,NKE,5.431128,5.4577093,5.333321
2022-11-02,VZ,0.50516343,0.51100364,0.49968815
2022-11-02,WMT,3.8932011,3.9231341,3.8287758
2022-11-03,AAPL,14.313252,14.470461,14.046247
2022-11-03,AMGN,2.3003898,2.3203152,2.2508503
2022-11-03,CRM,7.0865311,7.2517583,6.885949
2022-11-03,CSCO,7.2001802,7.2790023,7.0941741
2022-11-03,IBM,9.6891895,9.8882077,9.670792
2022-11-03,INTC,31.991538,32.316087,31.707437
2022-11-03,MSFT,88.055181,90.054754,87.808854
2022-11-03,NKE,5.3249183,5.3379884,5.2216101
2022-11-03,VZ,0.49761431,0.50699711,0.49946711
2022-11-03,WMT,3.8860679,3.9379002,3.7982315
2022-11-04,AAPL,14.319899,14.35474,13.976079
2022-11-04,AMGN,2.3556191,2.3921423,2.3535623
2022-11-04,CRM,7.2547353,7.5360599,7.0718635
2022-11-04,CSCO,7.1627459,7.1577106,7.1428196
2022-11-04,IBM,9.7675173,9.8156271,9.6318486
2022-11-04,INTC,32.277024,32.623058,31.603527
2022-11-04,MSFT,89.870282,90.845124,89.150595
2022-11-04,NKE,5.3310351,5.4857263,5.3810541
2022-11-04,VZ,0.4952389,0.49755552,0.48847249
2022-11-04,WMT,3.9593115,4.032074,3.9598878
2022-11-07,AAPL,14.093246,14.513088,13.747996
2022-11-07,AMGN,2.3771802,2.4353826,2.4057788
2022-11-07,CRM,7.0132667,6.9313262,7.0967209
2022-11-07,CSCO,6.9660772,6.978316,6.9009162
2022-11-07,IBM,9.541789,9.6186956,9.4270126
2022-11-07,INTC,32.354015,32.361794,32.001822
2022-11-07,MSFT,90.549726,91.582564,89.526026
2022-11-07,NKE,5.1951097,5.2799663,5.0538799
2022-11-07,VZ,0.4934479,0.4899479,0.48565307
2022-11-07,WMT,3.9882445,3.9819835,3.9387454
2022-11-08,AAPL,14.413958,14.285908,14.231594
2022-11-08,AMGN,2.3851348,2.4005696,2.3688314
2022-11-08,CRM,7.0101471,7.0809438,6.9097792
2022-11-08,CSCO,6.9143753,6.826326,6.9362198
2022-11-08,IBM,9.6160711,9.7865537,9.5314471
2022-11-08,INTC,31.713906,32.065739,31.949792
2022-11-08,MSFT,88.49508,88.94303,85.769248
2022-11-08,NKE,5.3077412,5.3569899,5.3291459
2022-11-08,VZ,0.48084414,0.47996566,0.47722554
2022-11-08,WMT,3.8899333,3.9367571,3.8602385
2022-11-09,AAPL,14.75662,15.038904,14.867422
2022-11-09,AMGN,2.3727679,2.414654,2.348357
2022-11-09,CRM,6.9955715,7.264693,6.7456106
2022-11-09,CSCO,6.9056171,7.0130819,6.8307376
2022-11-09,IBM,9.6558065,9.6641678,9.5258366
2022-11-09,INTC,31.813239,32.243904,32.165245
2022-11-09,MSFT,87.473608,88.674187,87.639846
2022-11-09,NKE,5.331297,5.4087446,5.287541
2022-11-09,VZ,0.48022614,0.4857038,0.47855973
2022-11-09,WMT,3.9420898,3.9946246,3.8290413
2022-11-10,AAPL,14.710746,15.307268,14.460843
2022-11-10,AMGN,2.3539044,2.4030489,2.3572984
2022-11-10,CRM,7.1291155,7.183191,7.1364965
2022-11-10,CSCO,6.7748733,6.9040752,6.7091328
2022-11-10,IBM,9.6521373,9.8229912,9.6128613
2022-11-10,INTC,33.029304,33.179847,32.815464
2022-11-10,MSFT,86.231116,86.722848,84.327811
2022-11-10,NKE,5.3264029,5.3988876,5.1954288
2022-11-10,VZ,0.47941117,0.48190646,0.47621438
2022-11-10,WMT,3.9420841,3.948955,3.9149391
2022-11-11,AAPL,14.807116,14.648753,14.946639
2022-11-11,AMGN,2.40113,2.4100489,2.3934728
2022-11-11,CRM,6.6474672,6.7105502,6.596551
2022-11-11,CSCO,6.7458316,6.7253347,6.6275461
2022-11-11,IBM,9.6231203,9.8505297,9.5021884
2022-11-11,INTC,32.921709,33.700764,33.033174
2022-11-11,MSFT,86.742132,88.154764,85.004344
2022-11-11,NKE,5.250997,5.3313249,5.1362471
2022-11-11,VZ,0.47961677,0.47999132,0.48046576
2022-11-11,WMT,3.9312312,3.9875705,3.9405276
2022-11-14,AAPL,14.454637,14.54985,14.075768
2022-11-14,AMGN,2.3589123,2.3760609,2.3100719
2022-11-14,CRM,6.6996791,6.9378367,6.67046
2022-11-14,CSCO,6.7530251,6.8262218,6.6683624
2022-11-14,IBM,9.6066554,9.6020059,9.6400564
2022-11-14,INTC,33.067074,33.818578,32.804567
2022-11-14,MSFT,86.589759,87.962171,85.264695
2022-11-14,NKE,5.3790712,5.4337839,5.3890526
2022-11-14,VZ,0.48193859,0.48597668,0.47406456
2022-11-14,WMT,3.9546109,3.9839501,3.9606145
2022-11-15,AAPL,14.036787,14.056053,13.934271
2022-11-15,AMGN,2.396917,2.401667,2.3809973
2022-11-15,CRM,6.3886454,6.2956013,6.3950556
2022-11-15,CSCO,6.606235,6.5918367,6.5448546
2022-11-15,IBM,9.5824257,9.653914,9.5779953
2022-11-15,INTC,34.129722,34.773668,34.10577
2022-11-15,MSFT,86.980114,86.682429,85.448242
2022-11-15,NKE,5.3746353,5.4201236,5.3199869
2022-11-15,VZ,0.48095969,0.47998044,0.47943585
2022-11-15,WMT,3.9439976,3.9690398,3.8839319
2022-11-16,AAPL,14.211455,14.14279,14.283821
2022-11-16,AMGN,2.3482553,2.3596248,2.3362626
2022-11-16,CRM,6.3862196,6.5716532,6.1534733
2022-11-16,CSCO,6.6263727,6.690532,6.4258206
2022-11-16,IBM,9.5593223,9.6080385,9.6063382
2022-11-16,INTC,34.436581,35.436433,34.139149
2022-11-16,MSFT,85.32947,87.140423,83.985536
2022-11-16,NKE,5.3214512,5.3546038,5.2653414
2022-11-16,VZ,0.47786763,0.4812835,0.47611105
2022-11-16,WMT,3.9584427,3.9530335,3.9277765
2022-11-17,AAPL,14.399459,14.816614,13.873783
2022-11-17,AMGN,2.3488398,2.3734999,2.2974004
2022-11-17,CRM,6.4592094,6.6526782,6.2332828
2022-11-17,CSCO,6.6618245,6.8109495,6.554628
2022-11-17,IBM,9.4231721,9.4152858,9.4788331
2022-11-17,INTC,33.715985,33.975215,33.567644
2022-11-17,MSFT,84.395561,85.399884,84.510908
2022-11-17,NKE,5.0964685,5.2410208,5.0697699
2022-11-17,VZ,0.48568579,0.49239904,0.48005281
2022-11-17,WMT,3.8892293,3.844996,3.8696837
2022-11-18,AAPL,14.389909,14.831488,14.203961
2022-11-18,AMGN,2.3574068,2.4093829,2.355435
2022-11-18,CRM,6.7021841,6.7728492,6.4487524
2022-11-18,CSCO,6.5267048,6.5803463,6.4115847
2022-11-18,IBM,9.5055811,9.5802378,9.4570465
2022-11-18,INTC,33.542865,34.845344,32.559244
2022-11-18,MSFT,85.10813,86.812411,85.142483
2022-11-18,NKE,5.1461612,5.1569742,5.268097
2022-11-18,VZ,0.48117372,0.47815249,0.4745243
2022-11-18,WMT,3.8293643,3.85538,3.8260946
2022-11-21,AAPL,14.037244,14.242734,13.906849
2022-11-21,AMGN,2.2919469,2.2901146,2.2504614
2022-11-21,CRM,6.6567755,6.737593,6.6725346
2022-11-21,CSCO,6.6342049,6.759231,6.5678384
2022-11-21,IBM,9.5260448,9.7036584,9.3648315
2022-11-21,INTC,33.677208,34.057755,33.854598
2022-11-21,MSFT,80.259062,82.370695,79.989518
2022-11-21,NKE,5.0613119,5.1181425,5.0358138
2022-11-21,VZ,0.48200597,0.48826677,0.4737675
2022-11-21,WMT,3.7828051,3.846595,3.7355007
2022-11-22,AAPL,13.929282,14.238434,13.495412
2022-11-22,AMGN,2.290865,2.273558,2.3052916
2022-11-22,CRM,6.7550321,6.9711501,6.7064756
2022-11-22,CSCO,6.5956552,6.6937848,6.5509829
2022-11-22,IBM,9.6271443,9.6722732,9.5850252
2022-11-22,INTC,32.721017,32.718856,32.434479
2022-11-22,MSFT,78.585272,79.244618,77.766524
2022-11-22,NKE,5.0324791,5.1270988,4.9702654
2022-11-22,VZ,0.47479908,0.48599329,0.47285505
2022-11-22,WMT,3.7292614,3.8069461,3.6742315
2022-11-23,AAPL,13.909716,13.693527,13.608342
2022-11-23,AMGN,2.2961637,2.3601209,2.2633247
2022-11-23,CRM,6.7857109,6.8239445,6.5236633
2022-11-23,CSCO,6.7064782,6.6844666,6.5734996
2022-11-23,IBM,9.5315001,9.5505503,9.6463606
2022-11-23,INTC,32.667737,33.511861,32.898268
2022-11-23,MSFT,76.761153,77.141564,76.023813
2022-11-23,NKE,5.0410779,5.0926779,4.968672
2022-11-23,VZ,0.47651918,0.48290253,0.4733836
2022-11-23,WMT,3.7034869,3.7526856,3.6690495
2022-11-25,AAPL,14.309673,14.43322,13.856533
2022-11-25,AMGN,2.2411097,2.2641703,2.2392574
2022-11-25,CRM,6.7770542,6.8683738,6.6762253
2022-11-25,CSCO,6.5405282,6.6687259,6.4359914
2022-11-25,IBM,9.3450734,9.3253586,9.2513047
2022-11-25,INTC,33.309045,34.270474,33.293386
2022-11-25,MSFT,74.994166,74.857362,72.410179
2022-11-25,NKE,4.9503757,5.0545031,4.9641057
2022-11-25,VZ,0.47167377,0.47234648,0.4708631
2022-11-25,WMT,3.7606449,3.7601036,3.6915075
2022-11-28,AAPL,14.525576,14.796484,14.099326
2022-11-28,AMGN,2.20764,2.2085638,2.159828
2022-11-28,CRM,6.8835529,7.0679536,6.6182866
2022-11-28,CSCO,6.6740936,6.6715202,6.6453477
2022-11-28,IBM,9.2329397,9.3150043,9.1021795
2022-11-28,INTC,33.181269,34.06253,33.294159
2022-11-28,MSFT,74.0058,74.583441,73.60908
2022-11-28,NKE,4.9730235,5.0277963,4.8918167
2022-11-28,VZ,0.47552003,0.48546424,0.47697687
2022-11-28,WMT,3.7531387,3.8087548,3.7477078
2022-11-29,AAPL,14.411949,14.790278,13.82748
2022-11-29,AMGN,2.1768159,2.200659,2.1453267
2022-11-29,CRM,6.622347,6.7623788,6.5520879
2022-11-29,CSCO,6.6846869,6.7715369,6.6198726
2022-11-29,IBM,9.4604483,9.554967,9.3795842
2022-11-29,INTC,32.09105,32.703001,31.200064
2022-11-29,MSFT,71.596029,71.800978,70.923175
2022-11-29,NKE,4.7869999,4.7793286,4.7177484
2022-11-29,VZ,0.47524078,0.48878053,0.47318441
2022-11-29,WMT,3.7559299,3.7595137,3.6439629
2022-11-30,AAPL,14.347041,14.859636,14.269066
2022-11-30,AMGN,2.1519905,2.1905948,2.1142901
2022-11-30,CRM,6.8070141,6.6891801,6.4880712
2022-11-30,CSCO,6.8201363,7.0576676,6.7764041
2022-11-30,IBM,9.748104,9.8424973,9.6601211
2022-11-30,INTC,31.776529,32.307933,31.358399
2022-11-30,MSFT,74.818345,76.549023,73.966202
2022-11-30,NKE,4.7268135,4.7373669,4.7263639
2022-11-30,VZ,0.4772225,0.47752953,0.47270782
2022-11-30,WMT,3.7147863,3.7327876,3.7014963
2022-12-01,AAPL,14.423904,14.763917,14.389396
2022-12-01,AMGN,2.1763841,2.199303,2.1578834
2022-12-01,CRM,6.6772854,6.9614761,6.5978265
2022-12-01,CSCO,6.8298323,6.9163836,6.6380031
2022-12-01,IBM,9.7739824,9.8438856,9.7839876
2022-12-01,INTC,31.538102,31.788058,30.823176
2022-12-01,MSFT,73.112018,74.019533,73.068592
2022-12-01,NKE,4.5923072,4.6254019,4.6558311
2022-12-01,VZ,0.48117213,0.47771286,0.47626523
2022-12-01,WMT,3.7776614,3.813951,3.7799545
2022-12-02,AAPL,14.620389,14.914238,14.554807
2022-12-02,AMGN,2.1491144,2.2222667,2.1152339
2022-12-02,CRM,6.4261602,6.5682931,6.6161387
2022-12-02,CSCO,6.564433,6.6545254,6.5007838
2022-12-02,IBM,9.402853,9.6348786,9.3988699
2022-12-02,INTC,31.986576,31.879106,31.25143
2022-12-02,MSFT,72.652465,73.756212,72.848841
2022-12-02,NKE,4.579086,4.6341479,4.5431288
2022-12-02,VZ,0.47803994,0.49284785,0.48005209
2022-12-02,WMT,3.7752106,3.7836785,3.7300038
2022-12-05,AAPL,14.273383,14.360935,13.912241
2022-12-05,AMGN,2.0803,2.1476757,2.0743766
2022-12-05,CRM,6.5470839,6.7026673,6.4373751
2022-12-05,CSCO,6.6685696,6.6434224,6.4926324
2022-12-05,IBM,9.3698221,9.5248351,9.3505912
2022-12-05,INTC,31.494699,32.073866,30.86374
2022-12-05,MSFT,72.784939,73.291247,70.706537
2022-12-05,NKE,4.5664754,4.621845,4.4898958
2022-12-05,VZ,0.47931792,0.47868102,0.48455266
2022-12-05,WMT,3.7632173,3.8459716,3.6895918
2022-12-06,AAPL,14.377289,14.616878,14.198266
2022-12-06,AMGN,2.0347368,2.0424885,2.0259238
2022-12-06,CRM,6.4970452,6.5565158,6.3742888
2022-12-06,CSCO,6.8983161,6.8066355,6.6983115
2022-12-06,IBM,9.2401854,9.3195992,9.2090875
2022-12-06,INTC,31.306982,31.637163,31.571628
2022-12-06,MSFT,73.62705,73.75745,72.090161
2022-12-06,NKE,4.5556783,4.6584892,4.5332274
2022-12-06,VZ,0.48498646,0.50299504,0.47667811
2022-12-06,WMT,3.7982096,3.8336905,3.8074816
2022-12-07,AAPL,13.657238,13.722682,13.309833
2022-12-07,AMGN,2.0242456,2.062869,2.0109287
2022-12-07,CRM,6.3017691,6.124465,6.1808936
2022-12-07,CSCO,6.9812509,6.9977165,6.8667302
2022-12-07,IBM,9.2608522,9.3989137,9.1164649
2022-12-07,INTC,31.624168,31.86088,31.5371
2022-12-07,MSFT,72.829592,73.834243,70.684339
2022-12-07,NKE,4.5593755,4.6302391,4.5609903
2022-12-07,VZ,0.48832084,0.49066197,0.48577976
2022-12-07,WMT,3.8568154,3.8929739,3.7809801
2022-12-08,AAPL,13.542199,13.712255,13.248124
2022-12-08,AMGN,2.0561248,2.0782128,2.0557119
2022-12-08,CRM,6.5355565,6.6087894,6.4601069
2022-12-08,CSCO,6.9473186,6.9996375,6.831485
2022-12-08,IBM,9.2936302,9.3270817,9.2692855
2022-12-08,INTC,32.305968,32.470124,32.6139
2022-12-08,MSFT,72.469882,72.898061,71.178534
2022-12-08,NKE,4.520884,4.5257042,4.484923
2022-12-08,VZ,0.48444447,0.48581627,0.47638727
2022-12-08,WMT,3.8081958,3.8054509,3.8237979
2022-12-09,AAPL,13.482336,13.464087,13.358667
2022-12-09,AMGN,2.0235796,2.0091614,2.0170358
2022-12-09,CRM,6.1158822,6.3325363,6.0831178
2022-12-09,CSCO,6.7110597,6.8121967,6.6263927
2022-12-09,IBM,9.4036019,9.4112572,9.3210999
2022-12-09,INTC,32.658196,33.043261,32.277953
2022-12-09,MSFT,71.598615,70.685154,69.677337
2022-12-09,NKE,4.6144566,4.7105632,4.6543917
2022-12-09,VZ,0.47661672,0.48182322,0.46794552
2022-12-09,WMT,3.7909395,3.7834942,3.7312067
2022-12-12,AAPL,13.669177,13.829008,13.675876
2022-12-12,AMGN,2.0395137,2.0389493,2.0428407
2022-12-12,CRM,5.8447408,6.0825874,5.8610517
2022-12-12,CSCO,6.610263,6.7401246,6.6452835
2022-12-12,IBM,9.3583043,9.6155498,9.1867746
2022-12-12,INTC,32.41486,32.744824,31.8379
2022-12-12,MSFT,73.044965,73.728323,71.114277
2022-12-12,NKE,4.5894018,4.5333441,4.5045634
2022-12-12,VZ,0.49393495,0.50373715,0.48963597
2022-12-12,WMT,3.8136486,3.8611494,3.7654802
2022-12-13,AAPL,13.894976,13.875134,13.784935
2022-12-13,AMGN,2.0060185,2.0126562,1.9648198
2022-12-13,CRM,5.8565196,5.8815762,5.717224
2022-12-13,CSCO,6.6100156,6.8169679,6.5537885
2022-12-13,IBM,9.4546425,9.5261524,9.4373908
2022-12-13,INTC,33.580333,33.616909,33.542824
2022-12-13,MSFT,73.595432,74.310751,72.863751
2022-12-13,NKE,4.6904962,4.7118843,4.7029262
2022-12-13,VZ,0.4880687,0.49100429,0.48499999
2022-12-13,WMT,3.7463165,3.736478,3.7063507
2022-12-14,AAPL,13.952019,14.276026,13.841461
2022-12-14,AMGN,2.0158393,2.0122162,1.9984778
2022-12-14,CRM,5.9359333,6.0239263,5.7942394
2022-12-14,CSCO,6.6537121,6.6630288,6.6289754
2022-12-14,IBM,9.4478955,9.4380924,9.4934354
2022-12-14,INTC,33.399019,33.772784,33.069598
2022-12-14,MSFT,72.182503,73.265265,72.094613
2022-12-14,NKE,4.5233996,4.6273521,4.5114602
2022-12-14,VZ,0.48260529,0.49067063,0.4772029
2022-12-14,WMT,3.7540051,3.811459,3.6830449
2022-12-15,AAPL,14.028518,14.243311,13.628554
2022-12-15,AMGN,1.9862416,1.9744679,1.9966411
2022-12-15,CRM,6.1156601,6.3773634,5.8753316
2022-12-15,CSCO,6.547577,6.7557465,6.4923809
2022-12-15,IBM,9.5358342,9.8233936,9.5529163
2022-12-15,INTC,34.603083,34.474869,33.710796
2022-12-15,MSFT,73.20717,74.087948,71.643837
2022-12-15,NKE,4.5434286,4.5874628,4.4299952
2022-12-15,VZ,0.4839372,0.49172815,0.47595031
2022-12-15,WMT,3.7685718,3.808634,3.7388277
2022-12-16,AAPL,14.216717,14.395177,13.985167
2022-12-16,AMGN,1.9510013,1.9808398,1.9202319
2022-12-16,CRM,6.3651576,6.4329999,6.2180897
2022-12-16,CSCO,6.594758,6.6545892,6.4881689
2022-12-16,IBM,9.7325477,9.89754,9.6509495
2022-12-16,INTC,33.722338,34.087665,33.576309
2022-12-16,MSFT,72.630163,73.237847,71.386899
2022-12-16,NKE,4.4934346,4.5270215,4.3916246
2022-12-16,VZ,0.48447517,0.48653612,0.4777231
2022-12-16,WMT,3.8016732,3.8341736,3.7645835
2022-12-19,AAPL,13.640552,13.736894,13.256817
2022-12-19,AMGN,1.8975809,1.8895019,1.8600547
2022-12-19,CRM,6.4515663,6.4820698,6.3187858
2022-12-19,CSCO,6.5433827,6.6753228,6.5133921
2022-12-19,IBM,10.00668,10.046713,9.9199465
2022-12-19,INTC,34.067521,34.571909,33.135597
2022-12-19,MSFT,72.2331,72.539319,70.514438
2022-12-19,NKE,4.5411728,4.6255866,4.4192261
2022-12-19,VZ,0.48494876,0.49369871,0.4945635
2022-12-19,WMT,3.7884819,3.80527,3.8026226
2022-12-20,AAPL,13.878895,14.338234,13.539755
2022-12-20,AMGN,1.9020206,1.9001429,1.8803993
2022-12-20,CRM,6.4790034,6.5151744,6.4911109
2022-12-20,CSCO,6.4342498,6.4930152,6.3983754
2022-12-20,IBM,10.090288,10.268905,10.001725
2022-12-20,INTC,33.998104,34.166027,33.526244
2022-12-20,MSFT,72.916774,73.707935,71.741663
2022-12-20,NKE,4.5519897,4.5257857,4.3830837
2022-12-20,VZ,0.48444861,0.49231553,0.48635357
2022-12-20,WMT,3.8037415,3.8562523,3.7755254
2022-12-21,AAPL,13.918812,14.037065,13.625044
2022-12-21,AMGN,1.9488422,1.9830267,1.9150906
2022-12-21,CRM,6.1782547,6.45781,6.2113591
2022-12-21,CSCO,6.2868621,6.3269556,6.151387
2022-12-21,IBM,10.163985,10.183582,10.097665
2022-12-21,INTC,34.051894,34.416744,33.829337
2022-12-21,MSFT,72.255189,72.481698,71.364485
2022-12-21,NKE,4.3421642,4.3832068,4.4112363
2022-12-21,VZ,0.48661308,0.4884827,0.47815075
2022-12-21,WMT,3.7390175,3.7073901,3.6852434
2022-12-22,AAPL,13.636795,13.604229,13.506271
2022-12-22,AMGN,1.9124016,1.9617792,1.9021065
2022-12-22,CRM,5.9385514,6.0601767,5.7272338
2022-12-22,CSCO,6.4253488,6.4365019,6.3518659
2022-12-22,IBM,10.015874,10.21428,9.7792574
2022-12-22,INTC,34.859484,34.830119,34.509572
2022-12-22,MSFT,72.632056,74.371627,70.186083
2022-12-22,NKE,4.398385,4.5042731,4.3978961
2022-12-22,VZ,0.4828366,0.48130485,0.48786987
2022-12-22,WMT,3.7820817,3.8734036,3.778948
2022-12-23,AAPL,13.888181,14.182123,13.620494
2022-12-23,AMGN,1.8649779,1.8836414,1.8162773
2022-12-23,CRM,5.9694637,6.1078843,5.8881495
2022-12-23,CSCO,6.5012282,6.5778399,6.4819677
2022-12-23,IBM,10.136267,10.34111,9.8947876
2022-12-23,INTC,34.823929,34.920626,34.309097
2022-12-23,MSFT,73.437595,73.670288,72.506476
2022-12-23,NKE,4.402319,4.382446,4.4186502
2022-12-23,VZ,0.48474394,0.48391266,0.48924616
2022-12-23,WMT,3.7070137,3.809198,3.6818277
2022-12-27,AAPL,13.410884,13.736754,13.293883
2022-12-27,AMGN,1.8669781,1.9060244,1.8531409
2022-12-27,CRM,5.7027063,5.7802998,5.7451662
2022-12-27,CSCO,6.4468873,6.4427864,6.3526457
2022-12-27,IBM,10.101736,10.139666,10.007664
2022-12-27,INTC,35.027975,35.499745,34.41732
2022-12-27,MSFT,72.816464,74.362686,72.856185
2022-12-27,NKE,4.3777589,4.3912759,4.3906569
2022-12-27,VZ,0.47600464,0.47867871,0.47456467
2022-12-27,WMT,3.7480285,3.7858581,3.7112805
2022-12-28,AAPL,13.018609,13.206647,12.903064
2022-12-28,AMGN,1.8624486,1.8494086,1.8242262
2022-12-28,CRM,5.7207118,5.9561019,5.8231739
2022-12-28,CSCO,6.4846331,6.5769946,6.4431833
2022-12-28,IBM,10.051377,10.075464,9.8291804
2022-12-28,INTC,35.765956,36.44138,35.101471
2022-12-28,MSFT,72.502398,73.648541,73.001555
2022-12-28,NKE,4.4014501,4.4533801,4.3828293
2022-12-28,VZ,0.47982306,0.48047451,0.4750144
2022-12-28,WMT,3.717835,3.7437804,3.6483972
2022-12-29,AAPL,13.021331,13.30733,12.961812
2022-12-29,AMGN,1.8790872,1.9036363,1.887346
2022-12-29,CRM,5.5630321,5.6171185,5.5333651
2022-12-29,CSCO,6.4519354,6.5377788,6.3338858
2022-12-29,IBM,10.100017,10.184725,10.133641
2022-12-29,INTC,35.193307,35.781355,34.481621
2022-12-29,MSFT,70.101983,71.843826,69.19659
2022-12-29,NKE,4.4002593,4.3535438,4.2884055
2022-12-29,VZ,0.47543432,0.48173807,0.4589352
2022-12-29,WMT,3.7166201,3.7765988,3.6405802
2022-12-30,AAPL,12.669304,12.860927,12.579924
2022-12-30,AMGN,1.8779352,1.9119861,1.8609033
2022-12-30,CRM,5.7590885,6.023399,5.5077761
2022-12-30,CSCO,6.5284882,6.678933,6.3773524
2022-12-30,IBM,9.993516,10.115606,9.8109569
2022-12-30,INTC,35.093408,36.189395,34.235301
2022-12-30,MSFT,68.533323,68.271558,67.535201
2022-12-30,NKE,4.3063069,4.4078551,4.3088583
2022-12-30,VZ,0.47568925,0.47765713,0.47694359
2022-12-30,WMT,3.6937397,3.7092489,3.7084132
2023-01-03,AAPL,12.57481,12.68489,12.414698
2023-01-03,AMGN,1.8594617,1.8957086,1.8165442
2023-01-03,CRM,5.7482734,5.8198591,5.7142566
2023-01-03,CSCO,6.3766401,6.4840165,6.2624869
2023-01-03,IBM,10.058672,10.071613,10.070808
2023-01-03,INTC,34.750998,34.761416,34.948312
2023-01-03,MSFT,69.09427,71.098657,67.907863
2023-01-03,NKE,4.1923547,4.2636206,4.0901577
2023-01-03,VZ,0.48071733,0.48675869,0.4785395
2023-01-03,WMT,3.6850534,3.6916297,3.6377069
2023-01-04,AAPL,12.789549,12.9021,12.899449
2023-01-04,AMGN,1.8195308,1.8712711,1.8008771
2023-01-04,CRM,5.6674166,5.7529007,5.4789964
2023-01-04,CSCO,6.4021449,6.4419494,6.3107737
2023-01-04,IBM,9.928372,10.068461,9.8861032
2023-01-04,INTC,34.538937,35.566207,34.075631
2023-01-04,MSFT,69.363639,68.653631,68.173421
2023-01-04,NKE,4.1580355,4.2443099,4.1058462
2023-01-04,VZ,0.47354573,0.48003173,0.46726713
2023-01-04,WMT,3.7183677,3.7605452,3.658637
2023-01-05,AAPL,12.507148,12.651006,12.287377
2023-01-05,AMGN,1.7764373,1.8175804,1.7786234
2023-01-05,CRM,5.8534148,5.8993861,5.7877996
2023-01-05,CSCO,6.2879815,6.4222241,6.1684867
2023-01-05,IBM,9.9690615,9.991085,10.005607
2023-01-05,INTC,34.134099,34.753685,33.794382
2023-01-05,MSFT,69.656536,69.508676,69.265186
2023-01-05,NKE,4.1062231,4.1296628,4.1053792
2023-01-05,VZ,0.47561641,0.47867736,0.46666143
2023-01-05,WMT,3.7446724,3.7521509,3.7698484
2023-01-06,AAPL,12.810178,12.77951,12.507384
2023-01-06,AMGN,1.6985409,1.7243938,1.7021365
2023-01-06,CRM,5.8781831,5.9082957,5.7521652
2023-01-06,CSCO,6.3321739,6.408907,6.3215787
2023-01-06,IBM,10.069513,10.316211,9.9589649
2023-01-06,INTC,35.137276,35.593085,34.039641
2023-01-06,MSFT,69.492266,70.018423,68.865978
2023-01-06,NKE,4.0708673,4.1295747,4.065956
2023-01-06,VZ,0.46737205,0.47177148,0.4631979
2023-01-06,WMT,3.7381422,3.7511227,3.7294593
2023-01-09,AAPL,12.691333,12.876426,12.598379
2023-01-09,AMGN,1.6859249,1.6971943,1.6629604
2023-01-09,CRM,6.2165259,6.1812099,6.0170353
2023-01-09,CSCO,6.4604686,6.49981,6.4053337
2023-01-09,IBM,9.993169,10.034282,10.013358
2023-01-09,INTC,35.58042,36.367666,34.657236
2023-01-09,MSFT,68.82483,69.362343,68.612967
2023-01-09,NKE,4.1088498,4.1535261,3.9821993
2023-01-09,VZ,0.46961852,0.47123458,0.46515836
2023-01-09,WMT,3.7881301,3.8178748,3.7750377
2023-01-10,AAPL,12.781717,12.967371,12.395036
2023-01-10,AMGN,1.650891,1.6743175,1.6529378
2023-01-10,CRM,6.2209111,6.4199925,6.1330783
2023-01-10,CSCO,6.6225363,6.5824281,6.5621921
2023-01-10,IBM,10.035551,10.161482,9.9993743
2023-01-10,INTC,35.087536,35.564074,34.425173
2023-01-10,MSFT,68.164058,68.432907,67.41165
2023-01-10,NKE,4.0116489,4.0136732,4.0197907
2023-01-10,VZ,0.46678734,0.47014977,0.4550921
2023-01-10,WMT,3.7424474,3.7497707,3.7182031
2023-01-11,AAPL,12.62246,12.650738,12.760559
2023-01-11,AMGN,1.6510991,1.6818184,1.6126956
2023-01-11,CRM,6.4431705,6.6293276,6.1590413
2023-01-11,CSCO,6.5844649,6.6235921,6.5073664
2023-01-11,IBM,9.7915272,9.8382694,9.7025379
2023-01-11,INTC,34.384458,34.200051,32.913037
2023-01-11,MSFT,67.048415,67.001314,66.803892
2023-01-11,NKE,4.0240217,4.0295642,3.9454659
2023-01-11,VZ,0.45865143,0.45907576,0.45324856
2023-01-11,WMT,3.7067184,3.7013881,3.6825487
2023-01-12,AAPL,12.590062,12.912056,12.585822
2023-01-12,AMGN,1.6848784,1.7304374,1.6544838
2023-01-12,CRM,6.3161112,6.4386784,6.250267
2023-01-12,CSCO,6.5930316,6.6221801,6.6239006
2023-01-12,IBM,9.518335,9.5146212,9.3667953
2023-01-12,INTC,34.797333,34.820185,34.024901
2023-01-12,MSFT,67.148196,68.077173,66.604974
2023-01-12,NKE,4.0822563,4.1238112,3.9985661
2023-01-12,VZ,0.46373004,0.46862019,0.45671784
2023-01-12,WMT,3.7133931,3.7750452,3.6964997
2023-01-13,AAPL,12.350851,12.305119,11.837714
2023-01-13,AMGN,1.7100221,1.6812915,1.7142614
2023-01-13,CRM,6.3831142,6.6030463,6.2880342
2023-01-13,CSCO,6.5396973,6.5606769,6.4790193
2023-01-13,IBM,9.321542,9.485295,9.2802715
2023-01-13,INTC,35.367966,35.307101,34.687576
2023-01-13,MSFT,65.151717,66.981542,65.235846
2023-01-13,NKE,4.0471905,4.1522043,3.9815391
2023-01-13,VZ,0.46830853,0.46730692,0.46857125
2023-01-13,WMT,3.7077288,3.7785825,3.6834146
2023-01-17,AAPL,12.127659,12.199285,12.170397
2023-01-17,AMGN,1.7497821,1.7480464,1.7466186
2023-01-17,CRM,5.844885,5.9579071,5.8511126
2023-01-17,CSCO,6.4618083,6.5303472,6.4899006
2023-01-17,IBM,9.3844784,9.5406614,9.3254935
2023-01-17,INTC,36.575198,37.113876,36.192259
2023-01-17,MSFT,63.945264,65.601446,62.679418
2023-01-17,NKE,3.9444679,3.9705734,3.8866512
2023-01-17,VZ,0.46591411,0.47231113,0.46572965
2023-01-17,WMT,3.6948611,3.7027344,3.6520621
2023-01-18,AAPL,12.206343,12.161296,11.948442
2023-01-18,AMGN,1.7187882,1.7256788,1.7118777
2023-01-18,CRM,5.9673964,5.9035937,5.8254032
2023-01-18,CSCO,6.2928492,6.3428403,6.2371752
2023-01-18,IBM,9.3118848,9.5359034,9.2818821
2023-01-18,INTC,36.735181,37.224904,36.303381
2023-01-18,MSFT,63.586896,63.621749,62.532205
2023-01-18,NKE,4.0117349,4.0507361,4.0355946
2023-01-18,VZ,0.46225439,0.4657146,0.45746058
2023-01-18,WMT,3.7543514,3.7995293,3.7442703
2023-01-19,AAPL,12.299497,12.654392,12.295764
2023-01-19,AMGN,1.6891999,1.6731792,1.6836218
2023-01-19,CRM,5.9680385,6.1743762,5.8651823
2023-01-19,CSCO,6.3186825,6.258099,6.2036518
2023-01-19,IBM,9.3238732,9.2543727,9.2401617
2023-01-19,INTC,36.202328,36.50457,35.689192
2023-01-19,MSFT,63.628634,64.603042,63.709211
2023-01-19,NKE,4.114413,4.175776,4.051876
2023-01-19,VZ,0.45853204,0.46372967,0.45958329
2023-01-19,WMT,3.7962907,3.891182,3.7328866
2023-01-20,AAPL,12.268198,12.035802,12.111766
2023-01-20,AMGN,1.6397344,1.6724602,1.6191549
2023-01-20,CRM,6.140074,6.370649,6.107476
2023-01-20,CSCO,6.1843015,6.2173329,6.1548342
2023-01-20,IBM,9.2084737,9.3217677,9.1817806
2023-01-20,INTC,36.274259,36.86196,35.812377
2023-01-20,MSFT,63.782646,64.455965,62.892301
2023-01-20,NKE,4.107357,4.1123184,4.0318339
2023-01-20,VZ,0.45651011,0.45865324,0.449083
2023-01-20,WMT,3.794925,3.78133,3.7870505
2023-01-23,AAPL,12.823708,12.813015,12.531265
2023-01-23,AMGN,1.5689405,1.5793318,1.5559536
2023-01-23,CRM,6.0531679,6.1643655,5.9207143
2023-01-23,CSCO,6.1702202,6.257412,6.0962631
2023-01-23,IBM,8.9818187,9.0790525,8.9003698
2023-01-23,INTC,35.252528,36.62052,35.010575
2023-01-23,MSFT,65.617432,65.387436,63.281748
2023-01-23,NKE,4.0393341,4.0179669,3.864796
2023-01-23,VZ,0.45863635,0.46743351,0.46431563
2023-01-23,WMT,3.7342795,3.8045922,3.7245639
2023-01-24,AAPL,12.281386,12.341569,12.233275
2023-01-24,AMGN,1.5620213,1.5598618,1.5465667
2023-01-24,CRM,6.1508414,6.0326923,5.9579281
2023-01-24,CSCO,6.0453383,6.1115872,5.9452108
2023-01-24,IBM,8.7944089,8.9477862,8.7104697
2023-01-24,INTC,35.122717,35.310589,34.336208
2023-01-24,MSFT,65.006742,66.081127,62.818057
2023-01-24,NKE,3.9391655,3.9725835,3.9855009
2023-01-24,VZ,0.45707008,0.46051551,0.45509724
2023-01-24,WMT,3.7637912,3.8033902,3.7453215
2023-01-25,AAPL,12.480685,12.602156,12.297061
2023-01-25,AMGN,1.6050926,1.6516541,1.5786125
2023-01-25,CRM,6.1665986,6.3322481,6.1095485
2023-01-25,CSCO,6.1249407,6.1254088,6.1402293
2023-01-25,IBM,8.7935148,8.8977672,8.9297058
2023-01-25,INTC,34.751111,34.777292,34.0812
2023-01-25,MSFT,64.824586,66.20139,64.671519
2023-01-25,NKE,3.8818417,3.9114943,3.8570949
2023-01-25,VZ,0.45370009,0.4545032,0.44441438
2023-01-25,WMT,3.7502789,3.7070266,3.7042981
2023-01-26,AAPL,12.339722,12.480218,12.246212
2023-01-26,AMGN,1.5749083,1.6205409,1.569043
2023-01-26,CRM,5.9534456,6.0068822,5.9425985
2023-01-26,CSCO,6.1757495,6.3144553,6.0203241
2023-01-26,IBM,8.9499009,8.9221713,8.8493583
2023-01-26,INTC,33.815179,34.216264,33.461538
2023-01-26,MSFT,64.2447,64.121841,62.909475
2023-01-26,NKE,3.8509121,3.9096026,3.8166191
2023-01-26,VZ,0.45360142,0.46086036,0.45610816
2023-01-26,WMT,3.77278,3.8125555,3.7421286
2023-01-27,AAPL,12.536705,12.381089,12.440019
2023-01-27,AMGN,1.5579577,1.5433205,1.5611527
2023-01-27,CRM,6.1844624,6.3263519,6.1227251
2023-01-27,CSCO,6.0392207,6.1406094,6.0035525
2023-01-27,IBM,8.7657229,8.8837371,8.6418821
2023-01-27,INTC,33.304498,33.739084,32.752157
2023-01-27,MSFT,63.018068,63.461011,61.491482
2023-01-27,NKE,3.7900176,3.8093923,3.7468311
2023-01-27,VZ,0.45966948,0.46287192,0.44515965
2023-01-27,WMT,3.7672335,3.753948,3.6805635
2023-01-30,AAPL,12.135105,12.357224,11.888957
2023-01-30,AMGN,1.5485241,1.5339113,1.5567716
2023-01-30,CRM,5.8861525,6.0767945,5.6471007
2023-01-30,CSCO,6.2664142,6.3863997,6.2294309
2023-01-30,IBM,8.7784739,8.781065,8.7513602
2023-01-30,INTC,33.482309,33.793371,33.220062
2023-01-30,MSFT,63.358132,63.832211,62.879219
2023-01-30,NKE,3.7532732,3.817919,3.6937856
2023-01-30,VZ,0.4555848,0.45761947,0.44986412
2023-01-30,WMT,3.7990692,3.8720696,3.7984759
2023-01-31,AAPL,12.15492,12.599114,12.241926
2023-01-31,AMGN,1.5663503,1.564934,1.5651189
2023-01-31,CRM,5.8070074,5.8669569,5.7186536
2023-01-31,CSCO,6.4037503,6.4557842,6.2890377
2023-01-31,IBM,8.5213432,8.5761966,8.4677615
2023-01-31,INTC,33.021397,33.878958,32.863055
2023-01-31,MSFT,62.803166,63.455221,62.283082
2023-01-31,NKE,3.6540836,3.7422465,3.5579197
2023-01-31,VZ,0.45868904,0.46081801,0.45652978
2023-01-31,WMT,3.8099016,3.8097015,3.7333686
2023-02-01,AAPL,11.635575,11.862174,11.570933
2023-02-01,AMGN,1.5456059,1.5794297,1.5267896
2023-02-01,CRM,5.7378531,5.8079042,5.6429245
2023-02-01,CSCO,6.3072484,6.4114871,6.2602309
2023-02-01,IBM,8.3183157,8.3914854,8.1711186
2023-02-01,INTC,32.153745,33.155273,31.775891
2023-02-01,MSFT,62.642521,65.095207,61.977974
2023-02-01,NKE,3.5996215,3.6703665,3.5767477
2023-02-01,VZ,0.46183314,0.46509519,0.45812993
2023-02-01,WMT,3.8378004,3.9313429,3.7995038
2023-02-02,AAPL,11.66133,11.994372,11.648484
2023-02-02,AMGN,1.5165626,1.5046551,1.4879879
2023-02-02,CRM,5.9751669,6.0784526,5.9550147
2023-02-02,CSCO,6.3478217,6.3314244,6.3003376
2023-02-02,IBM,8.4131619,8.5645247,8.4543953
2023-02-02,INTC,31.106039,31.469324,30.474277
2023-02-02,MSFT,62.543837,62.969735,61.658549
2023-02-02,NKE,3.6137582,3.6507307,3.5477716
2023-02-02,VZ,0.46420371,0.47213489,0.46011931
2023-02-02,WMT,3.8881416,3.9230624,3.8909495
2023-02-03,AAPL,11.783397,11.902609,11.65378
2023-02-03,AMGN,1.4926582,1.4748313,1.4997886
2023-02-03,CRM,5.8660262,5.8023633,5.8579833
2023-02-03,CSCO,6.3208508,6.3843297,6.2791884
2023-02-03,IBM,8.3481763,8.5043459,8.2376809
2023-02-03,INTC,31.260439,31.073996,30.526911
2023-02-03,MSFT,63.578895,64.298047,63.088843
2023-02-03,NKE,3.6306371,3.6787465,3.6347951
2023-02-03,VZ,0.45834102,0.45849166,0.44629189
2023-02-03,WMT,3.8984472,3.9183214,3.863459
2023-02-06,AAPL,11.666907,11.734692,11.475309
2023-02-06,AMGN,1.5145927,1.550074,1.47875
2023-02-06,CRM,5.670049,5.6007633,5.5639545
2023-02-06,CSCO,6.3380082,6.4242421,6.1944829
2023-02-06,IBM,8.3799466,8.5134167,8.2280122
2023-02-06,INTC,31.298668,31.419365,31.240812
2023-02-06,MSFT,63.824047,63.308778,62.764441
2023-02-06,NKE,3.5478928,3.5021068,3.5296088
2023-02-06,VZ,0.45274354,0.45329933,0.44868822
2023-02-06,WMT,3.933263,3.9538207,3.9096806
2023-02-07,AAPL,11.721027,11.837767,11.614237
2023-02-07,AMGN,1.5431895,1.5567787,1.5122641
2023-02-07,CRM,5.6064634,5.6050158,5.5764077
2023-02-07,CSCO,6.2712995,6.32612,6.3074884
2023-02-07,IBM,8.5433768,8.716444,8.5126313
2023-02-07,INTC,31.024592,31.534194,30.849309
2023-02-07,MSFT,63.364507,63.193742,62.084672
2023-02-07,NKE,3.4537923,3.4701007,3.3882724
2023-02-07,VZ,0.44833693,0.44540387,0.44264563
2023-02-07,WMT,3.9028124,3.9013945,3.8803437
2023-02-08,AAPL,11.713898,11.83127,11.719646
2023-02-08,AMGN,1.5320494,1.555452,1.4944607
2023-02-08,CRM,5.3625572,5.3431024,5.102118
2023-02-08,CSCO,6.0336785,6.0456651,5.9591016
2023-02-08,IBM,8.7031581,8.7423869,8.567454
2023-02-08,INTC,30.330636,30.511201,30.164548
2023-02-08,MSFT,62.566512,63.357114,61.077868
2023-02-08,NKE,3.5001231,3.5753298,3.4791072
2023-02-08,VZ,0.44222897,0.44509845,0.44482501
2023-02-08,WMT,3.9706426,4.0072624,3.93817
2023-02-09,AAPL,11.452255,11.428099,11.319266
2023-02-09,AMGN,1.5463112,1.5784032,1.5402835
2023-02-09,CRM,5.4567829,5.5373882,5.2280752
2023-02-09,CSCO,6.0224659,6.1223319,6.0183359
2023-02-09,IBM,8.6565543,8.8219116,8.6092615
2023-02-09,INTC,30.732041,31.170901,30.580312
2023-02-09,MSFT,64.960361,66.149774,64.074693
2023-02-09,NKE,3.4124993,3.4384277,3.3829287
2023-02-09,VZ,0.43753975,0.44342389,0.43346025
2023-02-09,WMT,3.9378411,3.9329247,3.9154332
2023-02-10,AAPL,11.264226,11.388119,11.079312
2023-02-10,AMGN,1.5686516,1.5770759,1.5663272
2023-02-10,CRM,5.2715607,5.3169589,5.2324158
2023-02-10,CSCO,6.3117788,6.3491554,6.2154149
2023-02-10,IBM,8.7167201,8.7492028,8.6600593
2023-02-10,INTC,30.267658,30.516276,29.62463
2023-02-10,MSFT,64.613495,64.502725,63.087462
2023-02-10,NKE,3.335383,3.3871552,3.2676963
2023-02-10,VZ,0.42710425,0.43078671,0.42578754
2023-02-10,WMT,3.8919262,3.9425088,3.8218098
2023-02-13,AAPL,11.443982,11.634474,11.540862
2023-02-13,AMGN,1.5871749,1.5825606,1.5625502
2023-02-13,CRM,5.2990269,5.510178,5.3864059
2023-02-13,CSCO,6.3321269,6.3017623,6.2902188
2023-02-13,IBM,8.6502533,8.7865901,8.5446362
2023-02-13,INTC,30.515563,31.544555,30.197448
2023-02-13,MSFT,64.963853,65.25764,64.128743
2023-02-13,NKE,3.2936636,3.3270082,3.2797993
2023-02-13,VZ,0.41904132,0.4206777,0.42064179
2023-02-13,WMT,3.822451,3.8388197,3.7794181
2023-02-14,AAPL,11.253089,11.195053,11.084652
2023-02-14,AMGN,1.5368997,1.5385964,1.4959508
2023-02-14,CRM,5.3149705,5.5976326,5.2337536
2023-02-14,CSCO,6.3856081,6.4010343,6.3072777
2023-02-14,IBM,8.5578893,8.5971836,8.5827256
2023-02-14,INTC,31.860556,32.442618,31.481869
2023-02-14,MSFT,66.0402,67.110063,64.19039
2023-02-14,NKE,3.1895929,3.2203142,3.1613348
2023-02-14,VZ,0.4135243,0.4225209,0.41077523
2023-02-14,WMT,3.748146,3.8046836,3.7039901
2023-02-15,AAPL,11.391557,11.517713,11.22525
2023-02-15,AMGN,1.5681529,1.5852314,1.5655979
2023-02-15,CRM,5.2527535,5.3789777,5.2175787
2023-02-15,CSCO,6.5313498,6.5766206,6.472375
2023-02-15,IBM,8.5090628,8.6297695,8.417385
2023-02-15,INTC,32.222929,32.957008,32.033082
2023-02-15,MSFT,64.792368,66.450864,64.419309
2023-02-15,NKE,3.1662191,3.1755506,3.0616658
2023-02-15,VZ,0.41420751,0.41539316,0.41017289
2023-02-15,WMT,3.7460172,3.7377382,3.6834829
2023-02-16,AAPL,11.592005,11.660639,11.185986
2023-02-16,AMGN,1.5356662,1.5392193,1.5305373
2023-02-16,CRM,5.4079003,5.5503425,5.392238
2023-02-16,CSCO,6.4663205,6.4832405,6.4837054
2023-02-16,IBM,8.4624778,8.533753,8.4458522
2023-02-16,INTC,32.488182,32.690324,32.16488
2023-02-16,MSFT,65.453051,65.749363,64.743474
2023-02-16,NKE,3.1242077,3.1538672,3.1270657
2023-02-16,VZ,0.41064599,0.41588551,0.40137063
2023-02-16,WMT,3.6546468,3.668268,3.6444432
2023-02-17,AAPL,11.628825,11.795325,11.512939
2023-02-17,AMGN,1.5010111,1.5154229,1.4805938
2023-02-17,CRM,5.5831936,5.753062,5.5147665
2023-02-17,CSCO,6.5965078,6.6533023,6.5095233
2023-02-17,IBM,8.1544713,8.2967569,8.0921371
2023-02-17,INTC,32.261612,32.403775,31.534297
2023-02-17,MSFT,66.360703,65.856318,65.556284
2023-02-17,NKE,3.0684023,3.0056714,3.0369095
2023-02-17,VZ,0.41556861,0.42535234,0.41250049
2023-02-17,WMT,3.6380475,3.6709293,3.6280813
2023-02-21,AAPL,11.162231,11.298503,10.830281
2023-02-21,AMGN,1.4702408,1.4663468,1.4687732
2023-02-21,CRM,5.7174284,5.9254403,5.6188184
2023-02-21,CSCO,6.4950766,6.6557306,6.3210733
2023-02-21,IBM,7.9279255,7.9733906,7.8718646
2023-02-21,INTC,31.847525,32.099686,31.460518
2023-02-21,MSFT,67.217586,67.564619,66.365399
2023-02-21,NKE,3.0009923,3.0396393,3.0113548
2023-02-21,VZ,0.41107057,0.42008612,0.4079233
2023-02-21,WMT,3.603086,3.6385374,3.5548115
2023-02-22,AAPL,11.225455,11.240481,11.360569
2023-02-22,AMGN,1.4594929,1.4865576,1.4532183
2023-02-22,CRM,5.5939211,5.6372115,5.3356538
2023-02-22,CSCO,6.4222768,6.5110843,6.3742158
2023-02-22,IBM,7.8653462,7.9959101,7.8571696
2023-02-22,INTC,31.917892,32.123392,32.162217
2023-02-22,MSFT,68.042286,68.237775,67.811828
2023-02-22,NKE,2.9844671,3.0219845,2.9862222
2023-02-22,VZ,0.41415598,0.42050936,0.40789311
2023-02-22,WMT,3.5046087,3.5654445,3.4746648
2023-02-23,AAPL,11.417624,11.482499,11.214901
2023-02-23,AMGN,1.4477519,1.4355521,1.438592
2023-02-23,CRM,5.4025377,5.5098786,5.4048672
2023-02-23,CSCO,6.3033203,6.412908,6.1822543
2023-02-23,IBM,7.8332513,7.9424382,7.7859531
2023-02-23,INTC,32.138521,32.424242,31.869118
2023-02-23,MSFT,67.733018,68.02431,66.55994
2023-02-23,NKE,2.9845981,2.9695735,2.9913332
2023-02-23,VZ,0.40769153,0.41345896,0.40523304
2023-02-23,WMT,3.5141233,3.5406972,3.5226432
2023-02-24,AAPL,11.367782,11.520316,11.413828
2023-02-24,AMGN,1.4330707,1.4633456,1.4368099
2023-02-24,CRM,5.4819567,5.6942829,5.3090994
2023-02-24,CSCO,6.2241238,6.2331804,6.1103982
2023-02-24,IBM,7.6869423,7.9446332,7.6961196
2023-02-24,INTC,31.6994,31.918204,30.85018
2023-02-24,MSFT,70.49567,71.311841,69.409276
2023-02-24,NKE,2.9820938,2.9510087,2.9354991
2023-02-24,VZ,0.39422505,0.39929729,0.38883469
2023-02-24,WMT,3.4744409,3.4714035,3.4002669
2023-02-27,AAPL,11.421824,11.496384,11.062658
2023-02-27,AMGN,1.4307582,1.4623482,1.4248488
2023-02-27,CRM,5.5121763,5.6006684,5.5399218
2023-02-27,CSCO,6.4570252,6.496843,6.3716671
2023-02-27,IBM,7.5986161,7.6167082,7.6011262
2023-02-27,INTC,32.629485,33.368353,32.653007
2023-02-27,MSFT,70.792387,71.098854,68.863409
2023-02-27,NKE,2.9952323,3.0159018,3.0100656
2023-02-27,VZ,0.38723689,0.38765766,0.37732623
2023-02-27,WMT,3.5613864,3.5638875,3.5543476
2023-02-28,AAPL,11.774941,11.864329,11.736664
2023-02-28,AMGN,1.4185758,1.4394846,1.4023965
2023-02-28,CRM,5.4239785,5.4927774,5.4181815
2023-02-28,CSCO,6.248554,6.1730535,6.1561967
2023-02-28,IBM,7.6933518,7.6985032,7.6400387
2023-02-28,INTC,32.640537,32.530939,32.027765
2023-02-28,MSFT,71.562194,70.916791,72.236492
2023-02-28,NKE,3.0642818,3.1036499,3.0264777
2023-02-28,VZ,0.38096586,0.3843929,0.37834748
2023-02-28,WMT,3.5318886,3.5510237,3.4809462
2023-03-01,AAPL,11.673232,11.6912,11.395241
2023-03-01,AMGN,1.4148346,1.4184696,1.3851406
2023-03-01,CRM,5.2048929,5.2865526,5.1777907
2023-03-01,CSCO,6.2757964,6.3731457,6.2729355
2023-03-01,IBM,7.7018878,7.7322212,7.5343182
2023-03-01,INTC,32.71028,32.845768,32.344327
2023-03-01,MSFT,70.666573,70.700294,69.314671
2023-03-01,NKE,3.0527742,3.0806384,3.064218
2023-03-01,VZ,0.37318408,0.37671849,0.36925368
2023-03-01,WMT,3.4609735,3.4669831,3.44702
2023-03-02,AAPL,12.272405,11.994998,11.862047
2023-03-02,AMGN,1.4087576,1.4176941,1.4003325
2023-03-02,CRM,5.0327055,5.17892,4.9969446
2023-03-02,CSCO,6.1980414,6.2842107,6.1283351
2023-03-02,IBM,7.6650142,7.7283584,7.6751997
2023-03-02,INTC,32.468527,32.773167,32.297244
2023-03-02,MSFT,69.449497,70.277283,67.830984
2023-03-02,NKE,3.0849905,3.1508441,3.0460832
2023-03-02,VZ,0.36981285,0.37237164,0.35939177
2023-03-02,WMT,3.3682518,3.4006791,3.3288762
2023-03-03,AAPL,12.179049,12.2697,12.066877
2023-03-03,AMGN,1.453805,1.4893663,1.452611
2023-03-03,CRM,4.9654154,5.1947065,4.9622803
2023-03-03,CSCO,6.1030226,6.2381691,6.0668305
2023-03-03,IBM,7.6274799,7.8786275,7.5976969
2023-03-03,INTC,32.534612,32.904001,31.82899
2023-03-03,MSFT,68.68192,69.607093,66.924664
2023-03-03,NKE,3.1801021,3.188365,3.1357181
2023-03-03,VZ,0.36727913,0.37285197,0.36487634
2023-03-03,WMT,3.3124399,3.366177,3.3043013
2023-03-06,AAPL,12.342683,12.171643,12.322779
2023-03-06,AMGN,1.445497,1.4342307,1.4404049
2023-03-06,CRM,5.0249088,5.0891311,5.0757311
2023-03-06,CSCO,6.2322416,6.2733686,6.1286366
2023-03-06,IBM,7.6962229,7.8567327,7.6458598
2023-03-06,INTC,32.828135,33.10299,31.941135
2023-03-06,MSFT,70.221858,71.093248,69.387653
2023-03-06,NKE,3.1709192,3.1957317,3.1362665
2023-03-06,VZ,0.37010695,0.37519052,0.36190847
2023-03-06,WMT,3.367631,3.4179724,3.3626686
2023-03-07,AAPL,12.094702,12.161232,11.9943
2023-03-07,AMGN,1.4631268,1.459503,1.4698753
2023-03-07,CRM,5.2697817,5.3533024,5.1676977
2023-03-07,CSCO,6.4482852,6.5438856,6.3488279
2023-03-07,IBM,7.4673227,7.5352395,7.3759081
2023-03-07,INTC,32.267817,32.556679,31.918326
2023-03-07,MSFT,69.939277,70.008452,69.457495
2023-03-07,NKE,3.1527268,3.1703102,3.149325
2023-03-07,VZ,0.36687022,0.3705907,0.36159795
2023-03-07,WMT,3.3611448,3.3925445,3.2728619
2023-03-08,AAPL,12.103886,11.805339,12.024367
2023-03-08,AMGN,1.4992487,1.5170579,1.4822227
2023-03-08,CRM,5.2768476,5.3083731,5.1501341
2023-03-08,CSCO,6.2608701,6.2389437,6.1794377
2023-03-08,IBM,7.3520497,7.4130731,7.3907504
2023-03-08,INTC,31.212753,31.401039,30.777116
2023-03-08,MSFT,67.853959,68.89334,65.318748
2023-03-08,NKE,3.2170823,3.2307271,3.178326
2023-03-08,VZ,0.37093452,0.37722726,0.37167514
2023-03-08,WMT,3.3420825,3.3508024,3.2769543
2023-03-09,AAPL,12.377769,12.763979,12.237106
2023-03-09,AMGN,1.4682889,1.4908627,1.4501823
2023-03-09,CRM,5.2739775,5.3176853,5.2953511
2023-03-09,CSCO,6.1634434,6.2032677,6.1502985
2023-03-09,IBM,7.2144749,7.2013224,7.1765745
2023-03-09,INTC,31.352597,31.357388,31.55104
2023-03-09,MSFT,70.940406,70.560398,68.983915
2023-03-09,NKE,3.2082374,3.2119453,3.150985
2023-03-09,VZ,0.36866107,0.373343,0.36597403
2023-03-09,WMT,3.281045,3.3216546,3.2907908
2023-03-10,AAPL,12.544384,12.513373,12.532008
2023-03-10,AMGN,1.4797746,1.4978015,1.4609225
2023-03-10,CRM,4.9810913,5.1226152,4.9157281
2023-03-10,CSCO,6.3551662,6.2665336,6.2170229
2023-03-10,IBM,7.1374973,7.1487209,7.1796785
2023-03-10,INTC,31.848482,32.654454,31.713521
2023-03-10,MSFT,70.103032,69.964699,69.79652
2023-03-10,NKE,3.2997691,3.3165602,3.2582384
2023-03-10,VZ,0.36543246,0.37024773,0.36269657
2023-03-10,WMT,3.2256505,3.2679758,3.1702151
2023-03-13,AAPL,12.581311,12.763022,12.53389
2023-03-13,AMGN,1.4351367,1.4612467,1.4120958
2023-03-13,CRM,4.8653206,4.9161383,4.8271485
2023-03-13,CSCO,6.3887447,6.3836644,6.347725
2023-03-13,IBM,6.945105,6.9907019,6.8364743
2023-03-13,INTC,31.87623,32.47466,31.248356
2023-03-13,MSFT,73.013823,73.943985,73.014545
2023-03-13,NKE,3.2694617,3.2901372,3.2232876
2023-03-13,VZ,0.37522124,0.3759269,0.37492685
2023-03-13,WMT,3.2672269,3.3273581,3.2709928
2023-03-14,AAPL,12.873517,12.890108,12.385806
2023-03-14,AMGN,1.4596078,1.4791695,1.4395614
2023-03-14,CRM,4.6835102,4.8582006,4.7802058
2023-03-14,CSCO,6.3110637,6.4188104,6.2313607
2023-03-14,IBM,6.9207994,7.1032724,6.8938261
2023-03-14,INTC,31.016008,30.48945,30.511809
2023-03-14,MSFT,69.774398,70.524618,69.851088
2023-03-14,NKE,3.24891,3.1967457,3.2208307
2023-03-14,VZ,0.37274234,0.37842465,0.37514264
2023-03-14,WMT,3.325508,3.3450101,3.3351968
2023-03-15,AAPL,12.580866,12.597171,12.405705
2023-03-15,AMGN,1.4719986,1.5018292,1.4747908
2023-03-15,CRM,4.6808589,4.6918929,4.6646819
2023-03-15,CSCO,6.4124309,6.4220772,6.3888092
2023-03-15,IBM,6.8957053,6.9614193,6.8918224
2023-03-15,INTC,30.758062,30.715101,30.353539
2023-03-15,MSFT,71.894351,73.246875,70.445469
2023-03-15,NKE,3.2587798,3.2938783,3.2814039
2023-03-15,VZ,0.37286072,0.37671334,0.37449585
2023-03-15,WMT,3.3053961,3.357902,3.266703
2023-03-16,AAPL,12.525922,12.547869,12.306011
2023-03-16,AMGN,1.4560202,1.4729276,1.4291297
2023-03-16,CRM,4.7079217,4.8016715,4.55011
2023-03-16,CSCO,6.3365086,6.4051658,6.2640776
2023-03-16,IBM,6.9483838,7.0121911,6.8999114
2023-03-16,INTC,30.837365,31.018115,30.507926
2023-03-16,MSFT,72.950462,73.167828,71.670017
2023-03-16,NKE,3.233698,3.3770964,3.203964
2023-03-16,VZ,0.37477046,0.37462003,0.36932783
2023-03-16,WMT,3.3187779,3.3642709,3.2954829
2023-03-17,AAPL,12.268106,12.44644,11.988008
2023-03-17,AMGN,1.4620033,1.4774419,1.4592019
2023-03-17,CRM,4.7788898,4.8990473,4.7405703
2023-03-17,CSCO,6.3351595,6.3062123,6.3549543
2023-03-17,IBM,6.8119127,6.8240414,6.7607321
2023-03-17,INTC,30.855802,30.975909,30.534061
2023-03-17,MSFT,71.676059,71.709698,71.028056
2023-03-17,NKE,3.2652843,3.3130603,3.2064066
2023-03-17,VZ,0.37063061,0.37514466,0.37551849
2023-03-17,WMT,3.2502258,3.2768589,3.2207059
2023-03-20,AAPL,12.353179,12.246467,12.148794
2023-03-20,AMGN,1.4180293,1.445525,1.4075844
2023-03-20,CRM,4.8565462,4.897117,4.7365731
2023-03-20,CSCO,6.3852467,6.3776684,6.3663816
2023-03-20,IBM,6.6138035,6.6346739,6.5418619
2023-03-20,INTC,31.105963,31.539639,30.370648
2023-03-20,MSFT,70.825254,70.851199,68.851937
2023-03-20,NKE,3.2171879,3.2561945,3.1896428
2023-03-20,VZ,0.36482239,0.37136223,0.36242766
2023-03-20,WMT,3.2197936,3.2400962,3.1621892
2023-03-21,AAPL,12.159399,12.186431,12.148678
2023-03-21,AMGN,1.4191285,1.4737217,1.4158878
2023-03-21,CRM,4.8360232,4.8474079,4.8820457
2023-03-21,CSCO,6.628769,6.7773768,6.429061
2023-03-21,IBM,6.5960165,6.6341115,6.5513476
2023-03-21,INTC,30.986451,31.569255,30.677975
2023-03-21,MSFT,71.683167,72.851343,71.075797
2023-03-21,NKE,3.1946481,3.2354946,3.139095
2023-03-21,VZ,0.35921377,0.36101566,0.35554884
2023-03-21,WMT,3.3122167,3.3271885,3.2630901
2023-03-22,AAPL,12.04922,12.136094,11.981199
2023-03-22,AMGN,1.3895946,1.4195535,1.380686
2023-03-22,CRM,4.9188901,4.8362179,4.9695983
2023-03-22,CSCO,6.610575,6.7031384,6.6454443
2023-03-22,IBM,6.8347191,6.8414539,6.7955364
2023-03-22,INTC,30.868741,31.066735,30.393291
2023-03-22,MSFT,69.046974,67.649005,68.189258
2023-03-22,NKE,3.220556,3.2722294,3.1649596
2023-03-22,VZ,0.35321105,0.35898008,0.35141466
2023-03-22,WMT,3.3398119,3.4234536,3.3238209
2023-03-23,AAPL,12.186021,12.342813,12.046995
2023-03-23,AMGN,1.3711674,1.3755971,1.3550171
2023-03-23,CRM,4.8432026,4.8847687,4.8100616
2023-03-23,CSCO,6.5569211,6.5684035,6.4995667
2023-03-23,IBM,6.873574,6.9035597,6.8016865
2023-03-23,INTC,30.628791,30.784604,29.984806
2023-03-23,MSFT,68.565985,68.626348,66.782626
2023-03-23,NKE,3.2116699,3.1743906,3.2130027
2023-03-23,VZ,0.34542896,0.34662173,0.3492569
2023-03-23,WMT,3.2668522,3.3261642,3.2325337
2023-03-24,AAPL,12.570533,12.822936,12.41785
2023-03-24,AMGN,1.3551624,1.3673729,1.356159
2023-03-24,CRM,4.6848136,4.8200976,4.6581283
2023-03-24,CSCO,6.4402174,6.3988055,6.4107407
2023-03-24,IBM,6.8415369,6.9520269,6.7727318
2023-03-24,INTC,30.617425,30.509812,29.910819
2023-03-24,MSFT,65.817838,66.368823,65.701414
2023-03-24,NKE,3.2837112,3.3486764,3.2334268
2023-03-24,VZ,0.34236856,0.34011796,0.34459841
2023-03-24,WMT,3.2585447,3.3039349,3.2047078
2023-03-27,AAPL,12.657803,12.756406,12.483122
2023-03-27,AMGN,1.3748324,1.388685,1.3686532
2023-03-27,CRM,4.7646817,4.8898716,4.6527536
2023-03-27,CSCO,6.4426243,6.5248739,6.4593679
2023-03-27,IBM,6.8781908,7.0451019,6.8079089
2023-03-27,INTC,30.465731,30.918188,30.220981
2023-03-27,MSFT,66.385906,66.940253,65.381318
2023-03-27,NKE,3.2978256,3.3733862,3.258535
2023-03-27,VZ,0.34452487,0.34953918,0.34056468
2023-03-27,WMT,3.2078817,3.2412786,3.2085241
2023-03-28,AAPL,12.790973,12.709037,12.830032
2023-03-28,AMGN,1.3711236,1.4207841,1.3864954
2023-03-28,CRM,4.8975455,5.1236914,4.7927475
2023-03-28,CSCO,6.2580003,6.1770125,6.1810052
2023-03-28,IBM,6.7294444,6.8092068,6.6394715
2023-03-28,INTC,30.948319,31.429543,30.229553
2023-03-28,MSFT,66.418626,67.685168,65.104024
2023-03-28,NKE,3.36968,3.411483,3.3948266
2023-03-28,VZ,0.34454888,0.34587284,0.34624994
2023-03-28,WMT,3.2000199,3.1738215,3.1687352
2023-03-29,AAPL,12.879596,13.159749,12.674842
2023-03-29,AMGN,1.4201628,1.4320527,1.4228367
2023-03-29,CRM,4.7845481,4.8223643,4.7470085
2023-03-29,CSCO,6.3127354,6.4311493,6.343165
2023-03-29,IBM,6.623053,6.6643738,6.5394268
2023-03-29,INTC,31.290207,32.173949,30.557609
2023-03-29,MSFT,65.930543,65.264318,65.936925
2023-03-29,NKE,3.4290104,3.5095148,3.4176773
2023-03-29,VZ,0.34394349,0.34846499,0.33778877
2023-03-29,WMT,3.2133209,3.2510054,3.1833392
2023-03-30,AAPL,12.573359,12.483669,12.234447
2023-03-30,AMGN,1.4402137,1.4449269,1.4369264
2023-03-30,CRM,4.6891303,4.6402404,4.6016574
2023-03-30,CSCO,6.2501464,6.3586219,6.1298648
2023-03-30,IBM,6.5855216,6.6915048,6.6292554
2023-03-30,INTC,31.960191,33.192653,31.401831
2023-03-30,MSFT,66.357589,67.463659,66.573109
2023-03-30,NKE,3.3580404,3.3488559,3.3165789
2023-03-30,VZ,0.35585743,0.35769228,0.34926962
2023-03-30,WMT,3.1767775,3.2087849,3.1315863
2023-03-31,AAPL,11.934585,11.933041,11.73161
2023-03-31,AMGN,1.4199727,1.4823662,1.3892069
2023-03-31,CRM,4.550091,4.6251024,4.4568887
2023-03-31,CSCO,6.2154191,6.2429671,6.1451458
2023-03-31,IBM,6.5733157,6.6540704,6.5940999
2023-03-31,INTC,31.45686,32.079198,31.366783
2023-03-31,MSFT,67.649914,67.853946,66.865218
2023-03-31,NKE,3.1530076,3.1465866,3.1719389
2023-03-31,VZ,0.35402699,0.35114849,0.35190553
2023-03-31,WMT,3.1375468,3.1555789,3.1058757
2023-04-03,AAPL,11.724979,11.807724,11.568923
2023-04-03,AMGN,1.381712,1.3954774,1.3560163
2023-04-03,CRM,4.365244,4.4927381,4.3655567
2023-04-03,CSCO,6.1041102,6.2014058,6.0876901
2023-04-03,IBM,6.4987018,6.6081491,6.4812891
2023-04-03,INTC,31.657419,31.959585,31.217505
2023-04-03,MSFT,67.171649,69.738488,66.196289
2023-04-03,NKE,3.1005771,3.1444001,3.0150212
2023-04-03,VZ,0.35114718,0.35438697,0.3500419
2023-04-03,WMT,3.1364805,3.1577594,3.1123329
2023-04-04,AAPL,11.70635,12.072214,11.629674
2023-04-04,AMGN,1.3946642,1.4191388,1.3540834
2023-04-04,CRM,4.5155162,4.6087058,4.4665373
2023-04-04,CSCO,6.0467708,6.0140051,6.0429897
2023-04-04,IBM,6.3218498,6.3671991,6.2841585
2023-04-04,INTC,31.275008,31.047434,30.66999
2023-04-04,MSFT,67.103988,68.294989,67.269304
2023-04-04,NKE,3.228748,3.194085,3.1512254
2023-04-04,VZ,0.34153012,0.34129573,0.33778171
2023-04-04,WMT,3.1123952,3.1191312,3.1461749
2023-04-05,AAPL,12.066917,12.471602,11.8308
2023-04-05,AMGN,1.3972181,1.4114636,1.3961148
2023-04-05,CRM,4.5815958,4.6235891,4.5236025
2023-04-05,CSCO,5.7980783,5.816808,5.6503417
2023-04-05,IBM,6.2645769,6.2816644,6.1289334
2023-04-05,INTC,31.231026,31.221024,30.441364
2023-04-05,MSFT,68.286798,68.685369,68.203778
2023-04-05,NKE,3.1175205,3.157648,3.0589365
2023-04-05,VZ,0.3377956,0.3400867,0.33486674
2023-04-05,WMT,3.0792924,3.0944128,3.0649868
2023-04-06,AAPL,11.879934,12.056628,11.338735
2023-04-06,AMGN,1.394075,1.3963213,1.3531984
2023-04-06,CRM,4.5380329,4.4607426,4.4338929
2023-04-06,CSCO,5.7360768,5.8133257,5.6377507
2023-04-06,IBM,6.2491818,6.2950833,6.2403816
2023-04-06,INTC,30.71649,31.377631,30.851885
2023-04-06,MSFT,67.574847,67.281098,67.008917
2023-04-06,NKE,3.0572141,3.0678921,3.0436162
2023-04-06,VZ,0.33755134,0.34144006,0.33299903
2023-04-06,WMT,2.9857724,3.0011676,2.9814514
2023-04-10,AAPL,11.821184,11.780238,11.625953
2023-04-10,AMGN,1.364769,1.3822071,1.336512
2023-04-10,CRM,4.4852329,4.4796503,4.46123
2023-04-10,CSCO,5.9000689,5.9086736,5.795862
2023-04-10,IBM,6.1759862,6.2711578,6.1439338
2023-04-10,INTC,31.47692,31.88522,30.798825
2023-04-10,MSFT,67.293354,67.380754,67.012569
2023-04-10,NKE,3.0115806,3.0387611,3.0435851
2023-04-10,VZ,0.33452388,0.33488211,0.32867446
2023-04-10,WMT,2.966993,2.9807799,2.9525179
2023-04-11,AAPL,12.005282,12.272521,11.738329
2023-04-11,AMGN,1.4110146,1.4609299,1.4048959
2023-04-11,CRM,4.6748594,4.7491424,4.5851415
2023-04-11,CSCO,5.9754841,6.0274118,6.0065761
2023-04-11,IBM,6.0459946,6.1174083,6.07077
2023-04-11,INTC,31.588764,31.46349,31.768184
2023-04-11,MSFT,65.927193,66.013651,65.551774
2023-04-11,NKE,3.0413663,3.0340268,3.0009743
2023-04-11,VZ,0.33767432,0.33965811,0.33119199
2023-04-11,WMT,2.9503942,2.9620813,2.9318231
2023-04-12,AAPL,12.0635,11.903265,11.891248
2023-04-12,AMGN,1.394051,1.4140737,1.3864462
2023-04-12,CRM,4.7923469,4.8702517,4.7572741
2023-04-12,CSCO,6.0862072,6.0628258,5.9852417
2023-04-12,IBM,6.0301933,6.0580324,5.9577475
2023-04-12,INTC,31.757095,31.896751,31.458604
2023-04-12,MSFT,67.929936,68.920866,67.975333
2023-04-12,NKE,3.0940706,3.1269624,3.0147358
2023-04-12,VZ,0.3323799,0.34055741,0.32765958
2023-04-12,WMT,2.9032977,2.949989,2.9204383
2023-04-13,AAPL,12.375299,12.151791,12.580684
2023-04-13,AMGN,1.3842866,1.4060232,1.3773327
2023-04-13,CRM,4.8134726,4.9175601,4.8134075
2023-04-13,CSCO,6.1359436,6.2118634,6.1192692
2023-04-13,IBM,6.0456856,6.0605141,5.9612503
2023-04-13,INTC,31.691149,31.151394,31.349459
2023-04-13,MSFT,68.806495,68.450971,68.545159
2023-04-13,NKE,3.1274126,3.1624074,3.1112747
2023-04-13,VZ,0.3297793,0.33459012,0.33136773
2023-04-13,WMT,2.8734514,2.9171382,2.8458557
2023-04-14,AAPL,11.860084,11.838505,11.948772
2023-04-14,AMGN,1.4007225,1.3990084,1.3831806
2023-04-14,CRM,4.8809786,4.9372495,4.8135212
2023-04-14,CSCO,6.2256534,6.2879952,6.235478
2023-04-14,IBM,6.1029141,6.1253888,6.0791451
2023-04-14,INTC,32.629145,32.715438,31.840445
2023-04-14,MSFT,69.082834,70.211394,68.322311
2023-04-14,NKE,3.1867204,3.2066907,3.2339445
2023-04-14,VZ,0.32681764,0.32823176,0.32056874
2023-04-14,WMT,2.8332279,2.9015399,2.8078362
2023-04-17,AAPL,11.769852,11.874726,11.592271
2023-04-17,AMGN,1.4130615,1.4471848,1.3860002
2023-04-17,CRM,4.8253585,4.9004292,4.6823239
2023-04-17,CSCO,6.1980572,6.2756359,6.1460909
2023-04-17,IBM,6.0467739,6.1250727,5.9563888
2023-04-17,INTC,32.714333,32.610531,31.961912
2023-04-17,MSFT,69.189453,70.203663,69.654204
2023-04-17,NKE,3.2088777,3.2797391,3.2777477
2023-04-17,VZ,0.32836237,0.33090782,0.32538259
2023-04-17,WMT,2.8468553,2.8541694,2.847719
2023-04-18,AAPL,12.044929,11.984383,12.043797
2023-04-18,AMGN,1.4049701,1.4169586,1.4032183
2023-04-18,CRM,4.8844761,4.9571423,4.8809691
2023-04-18,CSCO,6.2952407,6.2286299,6.2378233
2023-04-18,IBM,6.0485336,6.1233885,6.0456628
2023-04-18,INTC,32.463499,32.613765,31.59454
2023-04-18,MSFT,69.529601,70.635736,69.212095
2023-04-18,NKE,3.2061355,3.2505438,3.1554618
2023-04-18,VZ,0.3225402,0.32386718,0.32137521
2023-04-18,WMT,2.8246716,2.8501554,2.7978339
2023-04-19,AAPL,11.959815,12.1423,11.910327
2023-04-19,AMGN,1.4216813,1.4614198,1.4033911
2023-04-19,CRM,5.0122903,5.0396594,4.9457338
2023-04-19,CSCO,6.2171843,6.1625488,6.2631531
2023-04-19,IBM,6.0809455,6.1628119,6.0715677
2023-04-19,INTC,32.28643,33.070755,31.846711
2023-04-19,MSFT,68.405811,68.681095,67.043184
2023-04-19,NKE,3.2574968,3.2690032,3.2644828
2023-04-19,VZ,0.32165127,0.32401823,0.31753122
2023-04-19,WMT,2.822452,2.8118013,2.8114576
2023-04-20,AAPL,11.647874,11.551696,11.634035
2023-04-20,AMGN,1.3812102,1.4036882,1.387823
2023-04-20,CRM,5.006244,5.2462649,4.8076186
2023-04-20,CSCO,6.1594682,6.2923322,6.1036031
2023-04-20,IBM,6.072108,6.1872902,6.0817331
2023-04-20,INTC,32.840322,33.251599,32.589827
2023-04-20,MSFT,70.119842,70.345015,69.181029
2023-04-20,NKE,3.2471464,3.2508207,3.1925472
2023-04-20,VZ,0.3230044,0.32544166,0.31962224
2023-04-20,WMT,2.7655657,2.8016483,2.7860425
2023-04-21,AAPL,12.050511,12.091274,11.967937
2023-04-21,AMGN,1.3950986,1.4225811,1.3918592
2023-04-21,CRM,5.2629814,5.3775621,5.2652802
2023-04-21,CSCO,6.2723113,6.284043,6.1538216
2023-04-21,IBM,6.1301385,6.1841394,6.1935926
2023-04-21,INTC,33.556751,34.401234,33.160024
2023-04-21,MSFT,71.725669,71.648169,71.769592
2023-04-21,NKE,3.2977131,3.2885616,3.2941619
2023-04-21,VZ,0.32811027,0.33470861,0.32437328
2023-04-21,WMT,2.7614247,2.8137484,2.7378116
2023-04-24,AAPL,11.697939,11.891691,11.627941
2023-04-24,AMGN,1.3629741,1.3805764,1.3554117
2023-04-24,CRM,5.2218496,5.1214085,4.9886706
2023-04-24,CSCO,6.5253968,6.5796475,6.3410479
2023-04-24,IBM,6.183464,6.2698677,6.2196569
2023-04-24,INTC,33.704059,33.482752,33.010365
2023-04-24,MSFT,70.387274,71.943435,69.707064
2023-04-24,NKE,3.316564,3.4058284,3.2518568
2023-04-24,VZ,0.33667029,0.33684993,0.33175782
2023-04-24,WMT,2.7535816,2.7974598,2.7653856
2023-04-25,AAPL,11.564766,11.690889,11.270968
2023-04-25,AMGN,1.3741816,1.3670331,1.3723167
2023-04-25,CRM,5.2789101,5.2874962,5.2132844
2023-04-25,CSCO,6.6060523,6.7174406,6.6257217
2023-04-25,IBM,6.0719801,6.00631,6.0148234
2023-04-25,INTC,34.257095,35.088067,33.559941
2023-04-25,MSFT,71.356581,71.066463,70.022039
2023-04-25,NKE,3.3321712,3.384663,3.2542756
2023-04-25,VZ,0.33585432,0.33391098,0.34013891
2023-04-25,WMT,2.7183538,2.7691469,2.7505705
2023-04-26,AAPL,11.349767,11.58859,11.316743
2023-04-26,AMGN,1.33926,1.3270676,1.3238409
2023-04-26,CRM,5.3500286,5.5111747,5.3704577
2023-04-26,CSCO,6.5263341,6.5831537,6.5622247
2023-04-26,IBM,6.1333255,6.1534452,6.0449277
2023-04-26,INTC,34.612882,34.998626,33.874245
2023-04-26,MSFT,72.516414,73.403189,71.813226
2023-04-26,NKE,3.267611,3.2963564,3.1713224
2023-04-26,VZ,0.34069748,0.34080381,0.33975466
2023-04-26,WMT,2.7457583,2.7801311,2.7310406
2023-04-27,AAPL,11.09749,11.113602,10.822775
2023-04-27,AMGN,1.3406082,1.335287,1.3405577
2023-04-27,CRM,5.4439601,5.437838,5.4870758
2023-04-27,CSCO,6.4688701,6.4336085,6.4180409
2023-04-27,IBM,6.1879824,6.2093393,6.1701675
2023-04-27,INTC,34.231204,34.097286,34.469352
2023-04-27,MSFT,73.014969,73.488757,72.412944
2023-04-27,NKE,3.2741001,3.3524367,3.2802724
2023-04-27,VZ,0.33932846,0.34257664,0.33473417
2023-04-27,WMT,2.7692349,2.7835442,2.7342938
2023-04-28,AAPL,11.416929,11.682507,11.036214
2023-04-28,AMGN,1.320839,1.3390254,1.3166139
2023-04-28,CRM,5.3811886,5.3313357,5.3087797
2023-04-28,CSCO,6.3231254,6.3989062,6.262575
2023-04-28,IBM,6.2729192,6.3065361,6.2497482
2023-04-28,INTC,34.131462,35.099573,32.803025
2023-04-28,MSFT,74.751049,76.599203,74.360978
2023-04-28,NKE,3.2414865,3.2317201,3.2561436
2023-04-28,VZ,0.333474,0.33949355,0.32890256
2023-04-28,WMT,2.8067801,2.8082443,2.8028913
2023-05-01,AAPL,11.776605,11.82142,11.860195
2023-05-01,AMGN,1.3118549,1.3266821,1.2911919
2023-05-01,CRM,5.4473942,5.4823153,5.4248146
2023-05-01,CSCO,6.5423744,6.6473373,6.5907789
2023-05-01,IBM,6.2812355,6.2915463,6.1796611
2023-05-01,INTC,34.360276,34.814967,34.222261
2023-05-01,MSFT,74.828412,75.117651,73.967555
2023-05-01,NKE,3.1898668,3.1707645,3.1717433
2023-05-01,VZ,0.33340565,0.33931864,0.33282269
2023-05-01,WMT,2.8038754,2.8025837,2.8029405
2023-05-02,AAPL,12.035897,12.038193,11.749706
2023-05-02,AMGN,1.2808383,1.3196125,1.2698535
2023-05-02,CRM,5.6128647,5.7596497,5.5997586
2023-05-02,CSCO,6.4309933,6.4059458,6.3527322
2023-05-02,IBM,6.3845578,6.387106,6.2528897
2023-05-02,INTC,33.914942,34.409257,33.724112
2023-05-02,MSFT,74.951757,76.5445,73.700614
2023-05-02,NKE,3.1902441,3.2186671,3.1719343
2023-05-02,VZ,0.3364137,0.33992104,0.33109802
2023-05-02,WMT,2.7687829,2.7702187,2.744243
2023-05-03,AAPL,11.900336,11.949349,11.800363
2023-05-03,AMGN,1.2636816,1.270325,1.2495725
2023-05-03,CRM,5.7766949,5.9293806,5.8264977
2023-05-03,CSCO,6.3355831,6.4035075,6.3592092
2023-05-03,IBM,6.3489253,6.3895296,6.1917493
2023-05-03,INTC,34.094205,34.261038,34.227633
2023-05-03,MSFT,74.393618,75.810435,73.799909
2023-05-03,NKE,3.1831703,3.2293267,3.1030834
2023-05-03,VZ,0.32912407,0.33520509,0.33156592
2023-05-03,WMT,2.7755052,2.7986711,2.7246112
2023-05-04,AAPL,11.729495,11.904594,11.75162
2023-05-04,AMGN,1.2895103,1.3010144,1.2741968
2023-05-04,CRM,5.9849118,6.0927965,5.9124987
2023-05-04,CSCO,6.2261622,6.2830531,6.1396105
2023-05-04,IBM,6.329791,6.4258349,6.192692
2023-05-04,INTC,33.296892,33.759415,33.256784
2023-05-04,MSFT,74.046775,75.583407,72.124911
2023-05-04,NKE,3.2986904,3.3483016,3.2575207
2023-05-04,VZ,0.32924369,0.33295322,0.33084854
2023-05-04,WMT,2.7522881,2.7654816,2.7512586
2023-05-05,AAPL,12.086231,12.155393,11.908785
2023-05-05,AMGN,1.2710549,1.2700547,1.2689006
2023-05-05,CRM,5.7129759,5.6389104,5.6691503
2023-05-05,CSCO,6.1837121,6.2816433,6.0688772
2023-05-05,IBM,6.3171449,6.3983822,6.2848016
2023-05-05,INTC,32.807923,33.605882,31.967058
2023-05-05,MSFT,74.367251,75.616004,73.658393
2023-05-05,NKE,3.1711989,3.219171,3.225232
2023-05-05,VZ,0.32887165,0.33055169,0.33089359
2023-05-05,WMT,2.7552247,2.7692307,2.7279027
2023-05-08,AAPL,12.239893,12.439666,12.372537
2023-05-08,AMGN,1.2902041,1.3044861,1.2872778
2023-05-08,CRM,5.4988455,5.6024599,5.4395389
2023-05-08,CSCO,6.1264891,6.1421138,6.0152332
2023-05-08,IBM,6.0632098,6.1540343,5.9466836
2023-05-08,INTC,33.332019,33.899067,32.992393
2023-05-08,MSFT,74.148724,73.488094,73.755356
2023-05-08,NKE,3.0574126,3.0406664,3.0776758
2023-05-08,VZ,0.32878962,0.33308438,0.31649012
2023-05-08,WMT,2.7444596,2.7384524,2.7377622
2023-05-09,AAPL,12.151754,12.317472,12.171838
2023-05-09,AMGN,1.2749588,1.3012568,1.2803358
2023-05-09,CRM,5.4661025,5.5061302,5.5601389
2023-05-09,CSCO,6.4489451,6.5101057,6.3870103
2023-05-09,IBM,6.03993,6.1540942,6.0083991
2023-05-09,INTC,33.590547,33.691391,33.693614
2023-05-09,MSFT,74.354781,74.136032,73.981461
2023-05-09,NKE,3.1351216,3.1550342,3.1175949
2023-05-09,VZ,0.32596165,0.32737517,0.3262837
2023-05-09,WMT,2.7573335,2.8139902,2.7018262
2023-05-10,AAPL,11.804691,11.939383,11.529519
2023-05-10,AMGN,1.2682738,1.2984366,1.2607391
2023-05-10,CRM,5.2601119,5.36178,5.1770858
2023-05-10,CSCO,6.3896948,6.418355,6.5131103
2023-05-10,IBM,5.9464412,5.9174144,5.8686512
2023-05-10,INTC,33.50692,33.766016,33.437802
2023-05-10,MSFT,75.087417,76.195449,73.936406
2023-05-10,NKE,3.144093,3.1668448,3.1187967
2023-05-10,VZ,0.33501843,0.34069444,0.33446811
2023-05-10,WMT,2.7734841,2.7501362,2.7730119
2023-05-11,AAPL,11.837812,11.949858,11.523669
2023-05-11,AMGN,1.2251211,1.2297339,1.220165
2023-05-11,CRM,4.9751692,5.0308511,4.9598744
2023-05-11,CSCO,6.4213096,6.4022656,6.3232539
2023-05-11,IBM,6.0153226,5.997312,5.9737896
2023-05-11,INTC,33.201528,33.390056,33.068321
2023-05-11,MSFT,76.655215,77.928588,76.103877
2023-05-11,NKE,3.0346339,3.0217707,3.0215871
2023-05-11,VZ,0.32678041,0.3349332,0.3243495
2023-05-11,WMT,2.7654887,2.8086975,2.7385596
2023-05-12,AAPL,11.778868,11.958445,11.591188
2023-05-12,AMGN,1.2274205,1.2550169,1.2071172
2023-05-12,CRM,4.8901776,4.9321602,4.8144407
2023-05-12,CSCO,6.4140692,6.5145704,6.3260083
2023-05-12,IBM,5.9968099,5.999282,6.0072064
2023-05-12,INTC,33.163975,33.841644,32.717027
2023-05-12,MSFT,77.975097,77.822918,76.968819
2023-05-12,NKE,2.9825161,3.0134057,2.9774272
2023-05-12,VZ,0.32673835,0.3304852,0.32949489
2023-05-12,WMT,2.7515806,2.7948142,2.7043463
2023-05-15,AAPL,12.101131,12.10976,11.847957
2023-05-15,AMGN,1.2173878,1.2491887,1.1987087
2023-05-15,CRM,4.6930099,4.6787408,4.6973759
2023-05-15,CSCO,6.5595289,6.5737183,6.3819922
2023-05-15,IBM,6.0637144,6.1415864,6.0094127
2023-05-15,INTC,33.103529,33.67523,33.044493
2023-05-15,MSFT,77.348404,77.774214,75.510609
2023-05-15,NKE,2.8672819,2.9469888,2.8902578
2023-05-15,VZ,0.32424433,0.32733487,0.32696287
2023-05-15,WMT,2.7824738,2.8153924,2.7790935
2023-05-16,AAPL,12.167926,12.296923,11.911817
2023-05-16,AMGN,1.2058768,1.2112054,1.2035771
2023-05-16,CRM,4.9466785,4.939119,4.7500045
2023-05-16,CSCO,6.660577,6.6986852,6.5600642
2023-05-16,IBM,5.8626754,5.9895714,5.777865
2023-05-16,INTC,33.06491,33.5716,33.39609
2023-05-16,MSFT,76.362233,75.26203,75.412067
2023-05-16,NKE,2.8403093,2.9177174,2.8367189
2023-05-16,VZ,0.32915608,0.33331583,0.32513183
2023-05-16,WMT,2.7664345,2.770511,2.7586532
2023-05-17,AAPL,12.53506,12.746609,12.736177
2023-05-17,AMGN,1.2278501,1.2378234,1.1965254
2023-05-17,CRM,4.8988433,4.9206715,4.8317367
2023-05-17,CSCO,6.6924486,6.7658791,6.6259223
2023-05-17,IBM,5.8614878,5.9466158,5.7123203
2023-05-17,INTC,31.904113,32.768356,31.133033
2023-05-17,MSFT,76.238942,77.235084,75.928619
2023-05-17,NKE,2.9071801,2.881055,2.8727709
2023-05-17,VZ,0.32516481,0.32646041,0.31923666
2023-05-17,WMT,2.7557491,2.7637178,2.7507025
2023-05-18,AAPL,12.194876,12.151712,11.752916
2023-05-18,AMGN,1.2196143,1.2280112,1.1959539
2023-05-18,CRM,4.7500007,4.715814,4.8177411
2023-05-18,CSCO,6.4579125,6.4562566,6.4080932
2023-05-18,IBM,5.7506238,5.8823925,5.6622267
2023-05-18,INTC,31.757155,31.925904,31.07982
2023-05-18,MSFT,78.422975,79.732398,77.494051
2023-05-18,NKE,2.9386163,2.9842884,2.8892211
2023-05-18,VZ,0.31363394,0.31265653,0.30622069
2023-05-18,WMT,2.7350304,2.7887212,2.7432939
2023-05-19,AAPL,12.012855,12.009362,11.849837
2023-05-19,AMGN,1.2229383,1.236603,1.2112235
2023-05-19,CRM,4.6914349,4.7556612,4.6682602
2023-05-19,CSCO,6.3865629,6.4828409,6.3046205
2023-05-19,IBM,5.7657814,5.8441376,5.7118617
2023-05-19,INTC,30.984267,31.475491,30.868147
2023-05-19,MSFT,80.159468,80.131226,79.060131
2023-05-19,NKE,2.9493342,3.0018203,2.9662315
2023-05-19,VZ,0.3078199,0.31250031,0.30367832
2023-05-19,WMT,2.714717,2.7357044,2.6997076
2023-05-22,AAPL,11.857087,12.131994,11.553644
2023-05-22,AMGN,1.2391944,1.2486548,1.2225825
2023-05-22,CRM,4.6741947,4.6518507,4.5921769
2023-05-22,CSCO,6.3163562,6.3527344,6.1982769
2023-05-22,IBM,5.7246278,5.7166939,5.6529919
2023-05-22,INTC,31.663357,32.404418,30.818277
2023-05-22,MSFT,81.077463,81.890063,81.84916
2023-05-22,NKE,2.9120204,2.9401231,2.9842293
2023-05-22,VZ,0.30791812,0.3137481,0.2999979
2023-05-22,WMT,2.7316041,2.7679092,2.6919445
2023-05-23,AAPL,11.714749,11.822484,11.558239
2023-05-23,AMGN,1.2364745,1.2347189,1.2289611
2023-05-23,CRM,4.7363674,4.6855053,4.838486
2023-05-23,CSCO,6.31721,6.3955903,6.2758307
2023-05-23,IBM,5.6893452,5.7338271,5.6140377
2023-05-23,INTC,31.482654,31.775724,30.715239
2023-05-23,MSFT,80.082984,80.839583,80.534396
2023-05-23,NKE,2.9369418,2.9851241,2.8825171
2023-05-23,VZ,0.29675479,0.30076058,0.29382853
2023-05-23,WMT,2.6690818,2.6793876,2.6110609
2023-05-24,AAPL,11.161727,11.38854,10.768244
2023-05-24,AMGN,1.2200534,1.2321577,1.195034
2023-05-24,CRM,4.8494279,4.9708976,4.9185683
2023-05-24,CSCO,6.3728024,6.444669,6.260357
2023-05-24,IBM,5.6446664,5.6923552,5.6458372
2023-05-24,INTC,31.838255,32.249268,32.155423
2023-05-24,MSFT,80.243193,79.488069,77.999522
2023-05-24,NKE,2.8490602,2.8821769,2.7918574
2023-05-24,VZ,0.29761611,0.30342396,0.29707464
2023-05-24,WMT,2.6349136,2.646777,2.5942242
2023-05-25,AAPL,11.250497,11.229612,11.283551
2023-05-25,AMGN,1.1884908,1.1996523,1.1832372
2023-05-25,CRM,4.8565126,4.8167193,4.8496148
2023-05-25,CSCO,6.4807802,6.5327293,6.3875156
2023-05-25,IBM,5.5947906,5.6893049,5.5504301
2023-05-25,INTC,31.547772,31.870933,31.506437
2023-05-25,MSFT,82.489494,81.795272,81.549877
2023-05-25,NKE,2.8555201,2.9023703,2.9025095
2023-05-25,VZ,0.29553925,0.29893408,0.29073946
2023-05-25,WMT,2.619792,2.6396042,2.5845638
2023-05-26,AAPL,11.665155,12.053942,11.546221
2023-05-26,AMGN,1.1947845,1.2074557,1.1813907
2023-05-26,CRM,4.7985409,4.8078163,4.8393627
2023-05-26,CSCO,6.4866656,6.514989,6.4065165
2023-05-26,IBM,5.5519988,5.5788633,5.4926811
2023-05-26,INTC,31.732648,31.967081,31.252038
2023-05-26,MSFT,84.405815,85.206877,83.13014
2023-05-26,NKE,2.9130683,2.915005,2.9108901
2023-05-26,VZ,0.29357261,0.29405763,0.29540118
2023-05-26,WMT,2.5858579,2.5950295,2.5343142
2023-05-30,AAPL,11.496193,11.756232,11.421044
2023-05-30,AMGN,1.1576333,1.1771201,1.1197725
2023-05-30,CRM,4.7853992,4.8348955,4.8623508
2023-05-30,CSCO,6.353314,6.4773848,6.2938977
2023-05-30,IBM,5.4788251,5.5290081,5.3982711
2023-05-30,INTC,32.246035,32.204818,31.629438
2023-05-30,MSFT,84.176487,84.147031,82.955354
2023-05-30,NKE,2.9127399,2.9608949,2.8189834
2023-05-30,VZ,0.29424179,0.29665554,0.29506654
2023-05-30,WMT,2.5441786,2.5677042,2.5612753
2023-05-31,AAPL,10.95269,11.160355,10.766532
2023-05-31,AMGN,1.1640227,1.160724,1.1553353
2023-05-31,CRM,4.7518449,4.6760373,4.6439859
2023-05-31,CSCO,6.091941,6.158519,6.0841905
2023-05-31,IBM,5.5775635,5.5447841,5.5591409
2023-05-31,INTC,32.915132,33.566979,32.58665
2023-05-31,MSFT,83.20256,84.079099,81.663161
2023-05-31,NKE,2.9186823,2.9098004,2.9411299
2023-05-31,VZ,0.28974686,0.29395255,0.28835051
2023-05-31,WMT,2.5475912,2.5657048,2.5143754
2023-06-01,AAPL,10.77552,10.954067,10.750078
2023-06-01,AMGN,1.1800226,1.2090056,1.1751952
2023-06-01,CRM,4.6239191,4.6211547,4.5657778
2023-06-01,CSCO,5.8647799,5.8200883,5.7208173
2023-06-01,IBM,5.5788589,5.6375244,5.5282617
2023-06-01,INTC,32.822153,33.003209,31.50135
2023-06-01,MSFT,82.263232,82.098001,82.303115
2023-06-01,NKE,2.9464583,3.0197927,2.889447
2023-06-01,VZ,0.28317379,0.28452124,0.28406856
2023-06-01,WMT,2.5486907,2.5436739,2.5122751
2023-06-02,AAPL,10.546783,10.672675,10.39749
2023-06-02,AMGN,1.1801916,1.2029905,1.1747865
2023-06-02,CRM,4.5135401,4.6514966,4.4519467
2023-06-02,CSCO,5.7215184,5.8801092,5.5845154
2023-06-02,IBM,5.5160251,5.6257195,5.4811599
2023-06-02,INTC,34.314903,35.497536,33.645543
2023-06-02,MSFT,83.235115,84.362508,83.350433
2023-06-02,NKE,3.0072263,3.0702817,3.0150651
2023-06-02,VZ,0.28592448,0.2900753,0.2880134
2023-06-02,WMT,2.5816089,2.6031316,2.5873565
2023-06-05,AAPL,10.402482,10.470546,10.343557
2023-06-05,AMGN,1.1925044,1.2095439,1.2030785
2023-06-05,CRM,4.4864282,4.55628,4.4796392
2023-06-05,CSCO,5.8788518,5.8799829,5.7331362
2023-06-05,IBM,5.4542832,5.5204568,5.4266809
2023-06-05,INTC,34.925263,35.465683,34.457487
2023-06-05,MSFT,83.89511,84.234856,81.449397
2023-06-05,NKE,3.0769888,3.1164296,3.0973447
2023-06-05,VZ,0.28734865,0.2899558,0.28639517
2023-06-05,WMT,2.5538058,2.5800035,2.5248486
2023-06-06,AAPL,10.726163,10.64954,10.452282
2023-06-06,AMGN,1.1797459,1.1854365,1.1687815
2023-06-06,CRM,4.6182971,4.6689136,4.569887
2023-06-06,CSCO,6.019693,6.0260423,6.0722488
2023-06-06,IBM,5.2782817,5.2757063,5.189277
2023-06-06,INTC,34.500802,34.950012,34.080318
2023-06-06,MSFT,80.984665,81.660531,80.768331
2023-06-06,NKE,3.2091533,3.2265101,3.1849772
2023-06-06,VZ,0.28839603,0.28793947,0.28671046
2023-06-06,WMT,2.53347,2.5264045,2.5303882
2023-06-07,AAPL,10.673318,10.703036,10.510695
2023-06-07,AMGN,1.1820309,1.2046406,1.1774561
2023-06-07,CRM,4.7902707,4.8472358,4.6183071
2023-06-07,CSCO,5.8473434,5.793488,5.7740467
2023-06-07,IBM,5.2166634,5.2171883,5.1280693
2023-06-07,INTC,33.869384,33.93902,33.40177
2023-06-07,MSFT,81.85109,82.438252,81.00847
2023-06-07,NKE,3.1924886,3.2153475,3.1210581
2023-06-07,VZ,0.28435964,0.28692079,0.28386111
2023-06-07,WMT,2.5099587,2.519502,2.4901202
2023-06-08,AAPL,10.332529,10.258324,10.170126
2023-06-08,AMGN,1.1744093,1.1649086,1.1603611
2023-06-08,CRM,4.8207494,4.6817353,4.733754
2023-06-08,CSCO,5.7095431,5.7548152,5.6963753
2023-06-08,IBM,5.1696946,5.1737657,5.1322913
2023-06-08,INTC,33.949959,34.386671,33.913917
2023-06-08,MSFT,79.87897,80.104725,78.451094
2023-06-08,NKE,3.0541436,3.0063576,3.0243196
2023-06-08,VZ,0.2770107,0.27546112,0.27764004
2023-06-08,WMT,2.5129726,2.541852,2.5085819
2023-06-09,AAPL,10.458021,10.502348,10.383976
2023-06-09,AMGN,1.1742195,1.1866764,1.1721259
2023-06-09,CRM,4.7052195,4.6879139,4.6128877
2023-06-09,CSCO,5.6523976,5.6483517,5.5925659
2023-06-09,IBM,5.2186155,5.2803397,5.1735929
2023-06-09,INTC,34.197364,34.333426,34.216785
2023-06-09,MSFT,80.240741,80.857301,79.991284
2023-06-09,NKE,3.0208718,3.0387955,2.9991264
2023-06-09,VZ,0.27817475,0.28413713,0.27823202
2023-06-09,WMT,2.5212368,2.5317719,2.4825249
2023-06-12,AAPL,10.236738,10.355162,10.098449
2023-06-12,AMGN,1.1672102,1.1774305,1.1345093
2023-06-12,CRM,4.4761322,4.4905254,4.3819273
2023-06-12,CSCO,5.6183231,5.5906806,5.6020062
2023-06-12,IBM,5.1956811,5.2844522,5.173546
2023-06-12,INTC,34.781823,34.952154,35.405052
2023-06-12,MSFT,80.448584,81.517798,79.268234
2023-06-12,NKE,3.0019798,3.0523048,2.8989245
2023-06-12,VZ,0.27654484,0.27515941,0.27517977
2023-06-12,WMT,2.4883913,2.54588,2.473426
2023-06-13,AAPL,9.9316358,10.007541,9.9765404
2023-06-13,AMGN,1.1712518,1.1819435,1.1591452
2023-06-13,CRM,4.4695993,4.6106686,4.4360587
2023-06-13,CSCO,5.5721647,5.608508,5.4936479
2023-06-13,IBM,5.3492138,5.3882677,5.3365375
2023-06-13,INTC,34.520161,34.592529,33.72122
2023-06-13,MSFT,79.805471,81.165177,78.327665
2023-06-13,NKE,2.9349606,2.9459883,2.9471747
2023-06-13,VZ,0.27383775,0.27272201,0.27248932
2023-06-13,WMT,2.4871175,2.5037181,2.503443
2023-06-14,AAPL,9.8045247,9.9228671,9.6665379
2023-06-14,AMGN,1.1666087,1.1676181,1.1595299
2023-06-14,CRM,4.5402601,4.5419769,4.5569152
2023-06-14,CSCO,5.4128939,5.375864,5.4157331
2023-06-14,IBM,5.3339022,5.3849114,5.2640105
2023-06-14,INTC,34.432122,34.40014,34.579186
2023-06-14,MSFT,80.680888,80.071661,80.122049
2023-06-14,NKE,3.0110925,3.0871522,2.9835059
2023-06-14,VZ,0.27101513,0.27514119,0.26727459
2023-06-14,WMT,2.4880422,2.5122582,2.4916245
2023-06-15,AAPL,9.8205942,9.9431941,9.6258947
2023-06-15,AMGN,1.1521935,1.1562751,1.1409778
2023-06-15,CRM,4.6920489,4.8757936,4.5525033
2023-06-15,CSCO,5.5206837,5.5792166,5.5708618
2023-06-15,IBM,5.4712342,5.5558965,5.3917414
2023-06-15,INTC,34.370927,34.296895,34.409459
2023-06-15,MSFT,82.415196,84.020132,82.144261
2023-06-15,NKE,2.9090657,2.9519172,2.8294108
2023-06-15,VZ,0.27378697,0.278299,0.27328217
2023-06-15,WMT,2.5012009,2.5090978,2.4488606
2023-06-16,AAPL,9.7790623,9.8851041,9.4342658
2023-06-16,AMGN,1.1156797,1.1172511,1.1198093
2023-06-16,CRM,4.7005556,4.7619935,4.6309699
2023-06-16,CSCO,5.6650757,5.6793954,5.5960158
2023-06-16,IBM,5.4862115,5.4859872,5.4095886
2023-06-16,INTC,34.723347,34.951421,33.955484
2023-06-16,MSFT,83.229615,83.639244,84.449236
2023-06-16,NKE,2.9050121,2.9316242,2.8498484
2023-06-16,VZ,0.27435335,0.28118431,0.27186896
2023-06-16,WMT,2.4911809,2.5145145,2.4834829
2023-06-20,AAPL,9.7274204,9.8688103,9.5673314
2023-06-20,AMGN,1.1291422,1.1617416,1.1108303
2023-06-20,CRM,4.6966903,4.6943964,4.6474259
2023-06-20,CSCO,5.7994027,5.8405542,5.7137208
2023-06-20,IBM,5.7370054,5.767976,5.6695991
2023-06-20,INTC,34.492894,35.361351,34.285586
2023-06-20,MSFT,85.112039,84.386691,85.148494
2023-06-20,NKE,2.8416619,2.81433,2.8344785
2023-06-20,VZ,0.27537175,0.27833993,0.27256573
2023-06-20,WMT,2.5353005,2.5799984,2.5435853
2023-06-21,AAPL,9.8141094,9.7438444,9.8361193
2023-06-21,AMGN,1.0858813,1.1143924,1.0684052
2023-06-21,CRM,4.7889771,4.7774311,4.6492419
2023-06-21,CSCO,6.0009855,6.0150798,6.0474969
2023-06-21,IBM,5.5705903,5.6064047,5.4106865
2023-06-21,INTC,34.242997,34.77464,33.869617
2023-06-21,MSFT,85.800378,86.861942,83.175841
2023-06-21,NKE,2.791375,2.8298472,2.8362597
2023-06-21,VZ,0.27152865,0.27340535,0.26335528
2023-06-21,WMT,2.5366637,2.5521179,2.5343623
2023-06-22,AAPL,10.003257,9.90747,9.9641135
2023-06-22,AMGN,1.0846926,1.0896982,1.0761783
2023-06-22,CRM,4.8505419,4.914312,4.7038774
2023-06-22,CSCO,5.8931323,6.00706,5.717844
2023-06-22,IBM,5.5206564,5.5621715,5.5125523
2023-06-22,INTC,34.810836,35.175493,34.981777
2023-06-22,MSFT,85.059847,85.537184,82.443017
2023-06-22,NKE,2.6929709,2.7331628,2.6724866
2023-06-22,VZ,0.26454498,0.26398529,0.26484486
2023-06-22,WMT,2.519292,2.5366486,2.5030758
2023-06-23,AAPL,10.192607,10.256887,10.1945
2023-06-23,AMGN,1.066682,1.0838232,1.0543152
2023-06-23,CRM,4.7719099,4.9623567,4.6822394
2023-06-23,CSCO,5.752451,5.7227921,5.6158474
2023-06-23,IBM,5.5116331,5.6655738,5.489149
2023-06-23,INTC,33.979151,34.15987,33.542202
2023-06-23,MSFT,82.81504,83.764441,81.875481
2023-06-23,NKE,2.6378666,2.665016,2.614315
2023-06-23,VZ,0.26885735,0.26723221,0.27057018
2023-06-23,WMT,2.6011821,2.6180554,2.5809399
2023-06-26,AAPL,10.131227,10.107173,10.248799
2023-06-26,AMGN,1.0565441,1.0924173,1.0594088
2023-06-26,CRM,4.6926296,4.8076455,4.7192791
2023-06-26,CSCO,5.8058951,5.8125644,5.7428007
2023-06-26,IBM,5.5072563,5.3969754,5.4163285
2023-06-26,INTC,34.809958,35.013196,34.038511
2023-06-26,MSFT,81.51745,80.749528,80.804827
2023-06-26,NKE,2.6886147,2.7376431,2.6813253
2023-06-26,VZ,0.26909798,0.27075887,0.26491212
2023-06-26,WMT,2.645348,2.6552506,2.62095
2023-06-27,AAPL,10.33956,10.484901,10.380281
2023-06-27,AMGN,1.0596682,1.0566372,1.03487
2023-06-27,CRM,4.7368858,4.8044612,4.6632029
2023-06-27,CSCO,5.7936025,5.8770159,5.7729513
2023-06-27,IBM,5.5571649,5.5983067,5.4924344
2023-06-27,INTC,36.402038,36.493765,36.370772
2023-06-27,MSFT,79.399612,80.91227,78.92262
2023-06-27,NKE,2.6349897,2.6586542,2.5579621
2023-06-27,VZ,0.27272246,0.27189796,0.27320577
2023-06-27,WMT,2.642238,2.6837003,2.6022315
2023-06-28,AAPL,10.248444,10.210025,9.8389414
2023-06-28,AMGN,1.051062,1.0646267,1.040623
2023-06-28,CRM,4.654826,4.7118357,4.6650466
2023-06-28,CSCO,5.9928772,5.9834734,5.9565803
2023-06-28,IBM,5.5409353,5.6124596,5.3696402
2023-06-28,INTC,35.305525,35.922237,35.04928
2023-06-28,MSFT,81.385602,84.147196,80.414935
2023-06-28,NKE,2.5708915,2.5319728,2.532197
2023-06-28,VZ,0.26920408,0.2739686,0.26955683
2023-06-28,WMT,2.6304625,2.678793,2.629158
2023-06-29,AAPL,10.328174,10.594662,10.003038
2023-06-29,AMGN,1.0464273,1.0581126,1.0235156
2023-06-29,CRM,4.6163746,4.5034547,4.5223497
2023-06-29,CSCO,5.9954432,5.9853826,6.0139829
2023-06-29,IBM,5.4550079,5.5240866,5.5302878
2023-06-29,INTC,35.547379,35.767606,35.218435
2023-06-29,MSFT,79.954974,79.923397,78.938058
2023-06-29,NKE,2.5539013,2.5363543,2.5407901
2023-06-29,VZ,0.26778592,0.27062049,0.26622775
2023-06-29,WMT,2.6065296,2.6210117,2.5920597
2023-06-30,AAPL,10.272499,10.230082,10.061125
2023-06-30,AMGN,1.0383121,1.0442265,1.0402154
2023-06-30,CRM,4.7828671,4.9501903,4.5201859
2023-06-30,CSCO,6.002156,6.0501583,5.980359
2023-06-30,IBM,5.4310637,5.4831452,5.337969
2023-06-30,INTC,34.639025,35.274552,34.196127
2023-06-30,MSFT,79.804547,79.604927,78.346484
2023-06-30,NKE,2.5521043,2.5558029,2.5368447
2023-06-30,VZ,0.26775287,0.27058957,0.26799395
2023-06-30,WMT,2.5670544,2.5850565,2.5390243
2023-07-03,AAPL,10.254967,10.401144,9.9811765
2023-07-03,AMGN,1.0086293,1.0337236,1.004535
2023-07-03,CRM,4.6170914,4.5589441,4.5307955
2023-07-03,CSCO,6.1557522,6.3027421,6.0341974
2023-07-03,IBM,5.5653081,5.5878756,5.5317163
2023-07-03,INTC,34.206458,34.451305,33.639364
2023-07-03,MSFT,78.711558,79.195194,77.615442
2023-07-03,NKE,2.5550279,2.5687298,2.5974892
2023-07-03,VZ,0.2700592,0.26810351,0.26983556
2023-07-03,WMT,2.5612701,2.5745406,2.5296016
2023-07-05,AAPL,10.09308,10.125463,10.106359
2023-07-05,AMGN,1.0192236,1.0182371,1.0103848
2023-07-05,CRM,4.5672201,4.7364133,4.4056383
2023-07-05,CSCO,6.4082337,6.4488491,6.4350549
2023-07-05,IBM,5.4834972,5.5369725,5.5013166
2023-07-05,INTC,33.963392,34.600492,34.092766
2023-07-05,MSFT,80.399609,80.26271,80.847314
2023-07-05,NKE,2.5517444,2.597138,2.5238126
2023-07-05,VZ,0.27450229,0.28170326,0.2710386
2023-07-05,WMT,2.5678654,2.5647553,2.5395995
2023-07-06,AAPL,9.8787641,9.9550529,9.7286739
2023-07-06,AMGN,1.0081696,1.0005899,0.98894809
2023-07-06,CRM,4.5252545,4.649075,4.4644313
2023-07-06,CSCO,6.3401329,6.417905,6.2602163
2023-07-06,IBM,5.3335719,5.4994296,5.262175
2023-07-06,INTC,33.897261,34.536062,34.074861
2023-07-06,MSFT,81.040411,83.229513,78.814043
2023-07-06,NKE,2.5194674,2.5364672,2.5097423
2023-07-06,VZ,0.27348245,0.27480363,0.27542232
2023-07-06,WMT,2.5360332,2.5396483,2.5283543
2023-07-07,AAPL,9.6767903,9.7346496,9.8506658
2023-07-07,AMGN,0.99270933,1.0094148,0.98662913
2023-07-07,CRM,4.417974,4.462089,4.4591834
2023-07-07,CSCO,6.2871812,6.4320442,6.1653984
2023-07-07,IBM,5.3004162,5.3519279,5.2718597
2023-07-07,INTC,33.759318,33.766792,33.095791
2023-07-07,MSFT,86.219254,87.383376,86.065108
2023-07-07,NKE,2.4695922,2.4892707,2.4837083
2023-07-07,VZ,0.27315623,0.27309601,0.26821576
2023-07-07,WMT,2.5500261,2.5349094,2.5912655
2023-07-10,AAPL,9.3279698,9.5006837,9.1964074
2023-07-10,AMGN,1.025178,1.0381908,1.0115828
2023-07-10,CRM,4.4150325,4.388706,4.3634659
2023-07-10,CSCO,6.3182083,6.2986198,6.171048
2023-07-10,IBM,5.3994372,5.4611034,5.4031344
2023-07-10,INTC,34.411954,34.754084,34.420413
2023-07-10,MSFT,86.254795,85.300524,86.866915
2023-07-10,NKE,2.4949205,2.5399424,2.4300063
2023-07-10,VZ,0.27309816,0.27537961,0.26940996
2023-07-10,WMT,2.4963335,2.5225753,2.5073629
2023-07-11,AAPL,9.5702288,9.6758417,9.3754053
2023-07-11,AMGN,1.048492,1.0644452,1.0419211
2023-07-11,CRM,4.1762446,4.2810614,4.1869832
2023-07-11,CSCO,6.3183987,6.4215707,6.1620071
2023-07-11,IBM,5.2596805,5.39551,5.1400396
2023-07-11,INTC,34.831242,34.640963,35.136504
2023-07-11,MSFT,88.432795,89.136347,89.289322
2023-07-11,NKE,2.4705638,2.4665444,2.4245127
2023-07-11,VZ,0.26110675,0.26660653,0.25637385
2023-07-11,WMT,2.4849109,2.4883189,2.4908125
2023-07-12,AAPL,9.7105423,9.7900002,9.7845526
2023-07-12,AMGN,1.0461838,1.0532576,1.0586984
2023-07-12,CRM,4.2878162,4.3033592,4.2851373
2023-07-12,CSCO,6.2800912,6.3265222,6.2498223
2023-07-12,IBM,5.0703776,5.1105835,4.997256
2023-07-12,INTC,34.658566,34.518258,34.446496
2023-07-12,MSFT,90.388619,92.530108,88.681828
2023-07-12,NKE,2.5017167,2.4975853,2.4599369
2023-07-12,VZ,0.26693701,0.26967056,0.26502731
2023-07-12,WMT,2.4770929,2.4773424,2.49211
2023-07-13,AAPL,9.6694095,9.7871388,9.4453145
2023-07-13,AMGN,1.0555209,1.0775096,1.0434841
2023-07-13,CRM,4.1918848,4.2377813,4.1027048
2023-07-13,CSCO,6.177497,6.3107661,6.0268328
2023-07-13,IBM,5.1232817,5.204163,5.0666646
2023-07-13,INTC,35.287532,35.71263,35.223802
2023-07-13,MSFT,93.391142,94.799478,92.245441
2023-07-13,NKE,2.5642685,2.5855671,2.5042351
2023-07-13,VZ,0.25998241,0.26406054,0.25877364
2023-07-13,WMT,2.4629617,2.4742107,2.4698967
2023-07-14,AAPL,9.5349164,9.6459774,9.6249198
2023-07-14,AMGN,1.0811028,1.0990182,1.0575731
2023-07-14,CRM,4.3434057,4.5013015,4.371031
2023-07-14,CSCO,6.1078779,6.1496529,6.078896
2023-07-14,IBM,5.1893364,5.271975,5.1545828
2023-07-14,INTC,35.130835,34.898565,35.106897
2023-07-14,MSFT,96.766932,98.056453,96.568561
2023-07-14,NKE,2.5262268,2.514634,2.4961561
2023-07-14,VZ,0.26655921,0.2723521,0.2651999
2023-07-14,WMT,2.4548327,2.4485504,2.4215641
2023-07-17,AAPL,9.4196211,9.6544185,9.1621841
2023-07-17,AMGN,1.0708201,1.0686047,1.0742774
2023-07-17,CRM,4.4153749,4.3889222,4.2821548
2023-07-17,CSCO,5.8716026,5.9972274,5.8336121
2023-07-17,IBM,5.209795,5.2568698,5.190723
2023-07-17,INTC,34.689297,34.586928,34.172692
2023-07-17,MSFT,96.974535,97.669423,96.667437
2023-07-17,NKE,2.4947301,2.5107252,2.4989228
2023-07-17,VZ,0.26402114,0.27055334,0.25996041
2023-07-17,WMT,2.4236829,2.4374652,2.4059936
2023-07-18,AAPL,9.4232294,9.4567385,9.3770799
2023-07-18,AMGN,1.0695245,1.0808119,1.0593193
2023-07-18,CRM,4.4686467,4.4663499,4.4077383
2023-07-18,CSCO,5.8178517,5.909565,5.7402585
2023-07-18,IBM,5.2503757,5.3014179,5.2589198
2023-07-18,INTC,33.980888,34.06218,33.11523
2023-07-18,MSFT,93.692475,93.490277,92.082607
2023-07-18,NKE,2.543328,2.5590367,2.4808957
2023-07-18,VZ,0.27073523,0.27684747,0.27144174
2023-07-18,WMT,2.4133757,2.4443187,2.421628
2023-07-19,AAPL,9.4646655,9.3627364,9.5066227
2023-07-19,AMGN,1.0921641,1.0947973,1.0888285
2023-07-19,CRM,4.3039892,4.3796288,4.3321827
2023-07-19,CSCO,5.6371681,5.6834644,5.6418863
2023-07-19,IBM,5.3804044,5.5951041,5.3415395
2023-07-19,INTC,35.031861,35.548314,34.306751
2023-07-19,MSFT,91.699181,93.064108,90.155543
2023-07-19,NKE,2.5052168,2.5121286,2.4983427
2023-07-19,VZ,0.27234841,0.27504605,0.27558564
2023-07-19,WMT,2.3886367,2.4291685,2.4021408
2023-07-20,AAPL,9.6373095,9.7236438,9.4303613
2023-07-20,AMGN,1.0805023,1.0872663,1.0826371
2023-07-20,CRM,4.3178274,4.4900307,4.3360919
2023-07-20,CSCO,5.6698535,5.6342076,5.6991612
2023-07-20,IBM,5.213582,5.2394081,5.125969
2023-07-20,INTC,34.171979,34.614781,33.552914
2023-07-20,MSFT,93.990752,96.225347,93.974668
2023-07-20,NKE,2.5379205,2.5665487,2.4761242
2023-07-20,VZ,0.27603947,0.27998252,0.27246062
2023-07-20,WMT,2.4041221,2.4456719,2.3747353
2023-07-21,AAPL,9.696566,9.8416607,9.5055091
2023-07-21,AMGN,1.0967241,1.1000998,1.0880656
2023-07-21,CRM,4.3452594,4.3386112,4.2304351
2023-07-21,CSCO,5.7193073,5.821766,5.6183372
2023-07-21,IBM,5.1826537,5.2200152,5.0890685
2023-07-21,INTC,33.456107,33.990448,32.60628
2023-07-21,MSFT,92.563891,94.423521,93.783455
2023-07-21,NKE,2.5842958,2.5857336,2.5571513
2023-07-21,VZ,0.27214525,0.27249563,0.27143697
2023-07-21,WMT,2.3440699,2.3968286,2.3380932
2023-07-24,AAPL,9.4618121,9.4367759,9.4074089
2023-07-24,AMGN,1.0731408,1.0812111,1.0585596
2023-07-24,CRM,4.1803684,4.3115651,4.1470864
2023-07-24,CSCO,5.6567993,5.6224911,5.7187276
2023-07-24,IBM,5.1322532,5.116299,5.1216897
2023-07-24,INTC,32.661233,32.599641,32.18736
2023-07-24,MSFT,95.548448,96.677918,94.95358
2023-07-24,NKE,2.5957992,2.5546542,2.5673711
2023-07-24,VZ,0.27820859,0.28171964,0.27623521
2023-07-24,WMT,2.360629,2.3499145,2.3668917
2023-07-25,AAPL,9.3030085,9.5719267,9.087785
2023-07-25,AMGN,1.0550564,1.0577518,1.0407301
2023-07-25,CRM,4.3071889,4.323753,4.2617921
2023-07-25,CSCO,5.5180688,5.6175165,5.4449663
2023-07-25,IBM,5.1728039,5.1365553,5.109352
2023-07-25,INTC,32.295876,32.287655,32.068951
2023-07-25,MSFT,93.783824,94.246426,92.036092
2023-07-25,NKE,2.5340115,2.5368024,2.5131899
2023-07-25,VZ,0.2801272,0.28214852,0.27467066
2023-07-25,WMT,2.370549,2.402292,2.3806514
2023-07-26,AAPL,8.8297797,8.8781536,8.6559068
2023-07-26,AMGN,1.0859765,1.0770149,1.0594807
2023-07-26,CRM,4.3826438,4.3861123,4.3059186
2023-07-26,CSCO,5.6347061,5.7262325,5.5713142
2023-07-26,IBM,5.1102965,5.2103903,5.0503795
2023-07-26,INTC,33.005814,33.067572,32.45714
2023-07-26,MSFT,93.514504,93.773579,92.434851
2023-07-26,NKE,2.5815235,2.6745322,2.5460292
2023-07-26,VZ,0.27769063,0.28491146,0.27401205
2023-07-26,WMT,2.3936961,2.4162713,2.3863483
2023-07-27,AAPL,9.072084,9.1722114,9.1035517
2023-07-27,AMGN,1.0952567,1.1123069,1.0837078
2023-07-27,CRM,4.157506,4.2100663,4.0517961
2023-07-27,CSCO,5.7065974,5.8009284,5.648839
2023-07-27,IBM,5.1499907,5.2178001,5.1504867
2023-07-27,INTC,32.836747,33.278199,32.204509
2023-07-27,MSFT,94.756659,95.015989,93.497146
2023-07-27,NKE,2.4916813,2.5098519,2.5194734
2023-07-27,VZ,0.27731628,0.27914634,0.27778307
2023-07-27,WMT,2.4060173,2.4151915,2.4188427
2023-07-28,AAPL,8.7543363,8.7273989,8.7188299
2023-07-28,AMGN,1.1004876,1.1083397,1.0814809
2023-07-28,CRM,3.9632554,4.0165245,3.9186042
2023-07-28,CSCO,5.7302226,5.757323,5.6473234
2023-07-28,IBM,5.1059515,5.0928172,5.1090655
2023-07-28,INTC,32.631087,32.501486,32.286566
2023-07-28,MSFT,97.074059,97.957926,95.956185
2023-07-28,NKE,2.4615148,2.4846909,2.4616609
2023-07-28,VZ,0.27776042,0.2760774,0.27094167
2023-07-28,WMT,2.35192,2.3909575,2.3470668
2023-07-31,AAPL,8.8026947,8.8252917,8.6632107
2023-07-31,AMGN,1.0747975,1.0918153,1.0759683
2023-07-31,CRM,3.9009557,4.0404317,3.9184705
2023-07-31,CSCO,5.759357,5.9601256,5.6238764
2023-07-31,IBM,5.2229742,5.3108256,5.20366
2023-07-31,INTC,32.065923,32.920142,31.525269
2023-07-31,MSFT,99.327085,99.220886,97.545644
2023-07-31,NKE,2.5399731,2.5914368,2.4916128
2023-07-31,VZ,0.27472542,0.27870767,0.27588634
2023-07-31,WMT,2.3249109,2.3575055,2.3195104
2023-08-01,AAPL,8.952697,9.1554159,8.7456729
2023-08-01,AMGN,1.0738544,1.078606,1.0737476
2023-08-01,CRM,3.8320232,3.9072534,3.7670909
2023-08-01,CSCO,5.8103209,5.7934648,5.835804
2023-08-01,IBM,5.1721837,5.2577375,5.2109335
2023-08-01,INTC,31.2051,31.363711,30.699505
2023-08-01,MSFT,98.892287,99.376657,96.701206
2023-08-01,NKE,2.6120808,2.6248207,2.5649669
2023-08-01,VZ,0.27533431,0.2723897,0.27128458
2023-08-01,WMT,2.349292,2.3785821,2.3290707
2023-08-02,AAPL,8.7953896,8.8178399,8.6041352
2023-08-02,AMGN,1.060162,1.0775751,1.0577951
2023-08-02,CRM,3.8612226,3.8574631,3.7128368
2023-08-02,CSCO,5.8636564,5.9135023,5.734421
2023-08-02,IBM,5.0696877,5.1053107,5.0544175
2023-08-02,INTC,31.121549,31.061861,31.340278
2023-08-02,MSFT,98.601696,97.688773,97.016161
2023-08-02,NKE,2.5029575,2.5436184,2.438827
2023-08-02,VZ,0.28330439,0.28765017,0.28241383
2023-08-02,WMT,2.3500327,2.3490217,2.3133423
2023-08-03,AAPL,8.7888721,8.9700619,8.5803092
2023-08-03,AMGN,1.0541543,1.0783487,1.0508172
2023-08-03,CRM,3.9524713,3.9119569,3.843431
2023-08-03,CSCO,5.9003381,5.9217636,5.7909263
2023-08-03,IBM,5.0090532,5.0134104,4.9872942
2023-08-03,INTC,31.507843,31.921438,31.271927
2023-08-03,MSFT,97.39725,99.907207,97.606973
2023-08-03,NKE,2.4212062,2.4897005,2.3944939
2023-08-03,VZ,0.28186462,0.28642386,0.28054372
2023-08-03,WMT,2.3562422,2.3450138,2.3306037
2023-08-04,AAPL,8.5052739,8.521393,8.4001697
2023-08-04,AMGN,1.078265,1.0729577,1.065344
2023-08-04,CRM,3.8986135,3.9260078,3.7919481
2023-08-04,CSCO,5.9414285,5.9499391,5.9800903
2023-08-04,IBM,5.0204451,5.1449381,4.9829292
2023-08-04,INTC,30.658427,30.706736,30.636005
2023-08-04,MSFT,99.679562,101.7732,99.956798
2023-08-04,NKE,2.3902895,2.3974573,2.371128
2023-08-04,VZ,0.28181517,0.28710836,0.2837494
2023-08-04,WMT,2.3294157,2.3648009,2.3294066
2023-08-07,AAPL,8.4223885,8.5220201,8.2534494
2023-08-07,AMGN,1.0758271,1.0776665,1.0637328
2023-08-07,CRM,3.8221092,3.8548404,3.6690617
2023-08-07,CSCO,5.8390858,5.8138678,5.8894878
2023-08-07,IBM,4.9480789,4.9679294,4.8467769
2023-08-07,INTC,30.74809,30.871843,30.794487
2023-08-07,MSFT,101.27858,103.86658,98.686634
2023-08-07,NKE,2.455544,2.4852882,2.4825984
2023-08-07,VZ,0.28177205,0.28607709,0.27965154
2023-08-07,WMT,2.3416717,2.3853815,2.3366159
2023-08-08,AAPL,8.3565097,8.3606658,8.4113521
2023-08-08,AMGN,1.0625634,1.0695048,1.0481774
2023-08-08,CRM,3.6662839,3.7678183,3.6142922
2023-08-08,CSCO,5.6762548,5.732725,5.5968377
2023-08-08,IBM,4.9084188,4.9072076,4.8792094
2023-08-08,INTC,30.744606,31.06798,30.593333
2023-08-08,MSFT,98.987901,98.135248,97.785099
2023-08-08,NKE,2.4737278,2.4973159,2.4552952
2023-08-08,VZ,0.28166148,0.28509798,0.28096679
2023-08-08,WMT,2.3660612,2.3810342,2.3460371
2023-08-09,AAPL,8.334752,8.3018138,8.3145192
2023-08-09,AMGN,1.045676,1.050703,1.0223675
2023-08-09,CRM,3.532703,3.584209,3.5430481
2023-08-09,CSCO,5.6439326,5.588372,5.5882391
2023-08-09,IBM,4.9602151,4.9335204,4.9679783
2023-08-09,INTC,30.993754,31.20134,31.13506
2023-08-09,MSFT,99.672196,99.276228,99.188926
2023-08-09,NKE,2.4977361,2.5454242,2.5059832
2023-08-09,VZ,0.28135234,0.28383949,0.2809034
2023-08-09,WMT,2.3774615,2.3860084,2.3515515
2023-08-10,AAPL,8.5380982,8.6106861,8.3643379
2023-08-10,AMGN,1.0506515,1.074065,1.0314678
2023-08-10,CRM,3.4671945,3.6248239,3.4736481
2023-08-10,CSCO,5.836602,5.873536,5.8669992
2023-08-10,IBM,4.9167741,5.0079324,4.8943302
2023-08-10,INTC,31.064678,31.356068,30.383023
2023-08-10,MSFT,100.07224,100.64145,98.278158
2023-08-10,NKE,2.4756888,2.4913883,2.4722078
2023-08-10,VZ,0.27745146,0.2789347,0.27280442
2023-08-10,WMT,2.3715878,2.3981913,2.3582093
2023-08-11,AAPL,8.935622,9.0982795,8.7541184
2023-08-11,AMGN,1.0440163,1.063388,1.032766
2023-08-11,CRM,3.5121999,3.474185,3.4856204
2023-08-11,CSCO,5.9589937,6.0041752,5.9414632
2023-08-11,IBM,4.9203131,4.9419209,4.9503719
2023-08-11,INTC,31.205223,31.272711,30.829668
2023-08-11,MSFT,98.106335,98.310674,96.615766
2023-08-11,NKE,2.4781414,2.5034563,2.4370228
2023-08-11,VZ,0.28030664,0.28445801,0.27851867
2023-08-11,WMT,2.3175927,2.3483974,2.3226853
2023-08-14,AAPL,8.8705693,8.7995184,8.6515774
2023-08-14,AMGN,1.0520643,1.061899,1.0414926
2023-08-14,CRM,3.5719072,3.7037622,3.4328375
2023-08-14,CSCO,5.9731684,6.0657793,5.8560539
2023-08-14,IBM,4.8289698,4.8587066,4.8018281
2023-08-14,INTC,31.466432,32.133932,30.828901
2023-08-14,MSFT,96.768318,97.165296,95.600526
2023-08-14,NKE,2.4577041,2.4865514,2.4890279
2023-08-14,VZ,0.27864417,0.27758273,0.27189677
2023-08-14,WMT,2.3314599,2.3405033,2.3352687
2023-08-15,AAPL,8.9297426,9.002886,8.925715
2023-08-15,AMGN,1.0671674,1.0569762,1.0488422
2023-08-15,CRM,3.5799221,3.6396946,3.5220932
2023-08-15,CSCO,6.0158612,5.9711227,5.9678687
2023-08-15,IBM,4.7758402,4.7609524,4.7562697
2023-08-15,INTC,30.516702,30.514459,30.048633
2023-08-15,MSFT,96.028125,96.768146,94.087045
2023-08-15,NKE,2.4485135,2.4391889,2.4132625
2023-08-15,VZ,0.27924588,0.28141588,0.27709251
2023-08-15,WMT,2.3190169,2.3399222,2.3523569
2023-08-16,AAPL,8.6634615,8.5784329,8.5832296
2023-08-16,AMGN,1.0738048,1.0638404,1.0690591
2023-08-16,CRM,3.6142703,3.5907504,3.547094
2023-08-16,CSCO,6.0267789,6.0465477,5.973276
2023-08-16,IBM,4.6131238,4.6376748,4.6223967
2023-08-16,INTC,31.072671,30.864066,30.830543
2023-08-16,MSFT,96.978329,97.511822,95.013348
2023-08-16,NKE,2.4168801,2.4432696,2.4253457
2023-08-16,VZ,0.27322397,0.27621618,0.27116648
2023-08-16,WMT,2.3255209,2.3223734,2.3296706
2023-08-17,AAPL,8.8793505,9.0718527,8.8270087
2023-08-17,AMGN,1.0760298,1.091492,1.0593238
2023-08-17,CRM,3.6059739,3.5819399,3.5466112
2023-08-17,CSCO,6.1455979,6.1649828,5.9591938
2023-08-17,IBM,4.5683532,4.5480797,4.5392407
2023-08-17,INTC,31.073923,31.552078,31.382054
2023-08-17,MSFT,96.364867,98.226982,93.872778
2023-08-17,NKE,2.3430271,2.3513927,2.3223102
2023-08-17,VZ,0.27373122,0.27781202,0.27676505
2023-08-17,WMT,2.3056038,2.3306731,2.2924994
2023-08-18,AAPL,8.9121864,9.0400014,8.8140187
2023-08-18,AMGN,1.071097,1.0987404,1.0640989
2023-08-18,CRM,3.4939741,3.4852108,3.4520669
2023-08-18,CSCO,6.1817466,6.2385559,6.205555
2023-08-18,IBM,4.5419553,4.6286637,4.5601581
2023-08-18,INTC,31.521925,31.281349,31.388254
2023-08-18,MSFT,98.345126,98.890627,97.990872
2023-08-18,NKE,2.4006466,2.4521583,2.3711306
2023-08-18,VZ,0.26931889,0.27111354,0.26979462
2023-08-18,WMT,2.285872,2.3623091,2.2435646
2023-08-21,AAPL,8.7381842,8.8819475,8.656929
2023-08-21,AMGN,1.0577614,1.0722845,1.0421442
2023-08-21,CRM,3.5361433,3.6094957,3.5361602
2023-08-21,CSCO,6.2916763,6.3703466,6.3431416
2023-08-21,IBM,4.4995513,4.4853153,4.4492818
2023-08-21,INTC,31.863143,31.793661,31.464084
2023-08-21,MSFT,96.585665,98.804095,94.922947
2023-08-21,NKE,2.4133958,2.4384935,2.3767353
2023-08-21,VZ,0.2660953,0.27199376,0.26317137
2023-08-21,WMT,2.2737002,2.26974,2.2630299
2023-08-22,AAPL,8.776501,8.6222826,8.6791719
2023-08-22,AMGN,1.1125745,1.1270373,1.0923872
2023-08-22,CRM,3.528841,3.5743794,3.4867116
2023-08-22,CSCO,6.2457535,6.367516,6.0785636
2023-08-22,IBM,4.4662854,4.5184926,4.4991619
2023-08-22,INTC,32.220733,32.970809,32.098408
2023-08-22,MSFT,94.799956,94.276916,94.975134
2023-08-22,NKE,2.4753802,2.4975602,2.4460634
2023-08-22,VZ,0.26053016,0.25934851,0.26170091
2023-08-22,WMT,2.2980181,2.304787,2.2986676
2023-08-23,AAPL,8.7045391,8.9459999,8.4553767
2023-08-23,AMGN,1.1324567,1.1568065,1.1127426
2023-08-23,CRM,3.5355853,3.5122095,3.466533
2023-08-23,CSCO,6.1713025,6.3114452,6.0934665
2023-08-23,IBM,4.4901803,4.5738936,4.5647335
2023-08-23,INTC,32.252083,31.887609,32.172126
2023-08-23,MSFT,94.018225,94.337257,92.68397
2023-08-23,NKE,2.3687366,2.3712966,2.3669416
2023-08-23,VZ,0.26181179,0.26159758,0.260357
2023-08-23,WMT,2.2777439,2.2839836,2.2144831
2023-08-24,AAPL,8.7000405,8.5064475,8.7498464
2023-08-24,AMGN,1.1328121,1.145461,1.1224858
2023-08-24,CRM,3.4667303,3.4769396,3.4461882
2023-08-24,CSCO,5.9522609,6.0454807,5.8777754
2023-08-24,IBM,4.5126296,4.5199984,4.4865817
2023-08-24,INTC,32.478975,33.083687,31.623025
2023-08-24,MSFT,96.905,97.761925,96.262542
2023-08-24,NKE,2.4216705,2.4585108,2.3909178
2023-08-24,VZ,0.26127017,0.26410372,0.25806815
2023-08-24,WMT,2.2418765,2.2572831,2.2337146
2023-08-25,AAPL,8.7958487,8.811256,8.4507871
2023-08-25,AMGN,1.1272388,1.1455636,1.1089342
2023-08-25,CRM,3.4525609,3.5179741,3.3668787
2023-08-25,CSCO,5.8773669,5.9810226,5.8264191
2023-08-25,IBM,4.6355384,4.6043779,4.6337803
2023-08-25,INTC,32.934148,33.215202,32.317272
2023-08-25,MSFT,97.606737,97.6567,96.791341
2023-08-25,NKE,2.4666298,2.4804152,2.5311704
2023-08-25,VZ,0.25517743,0.25725128,0.25367056
2023-08-25,WMT,2.2876753,2.3156509,2.2241501
2023-08-28,AAPL,8.778918,8.8298619,8.7836441
2023-08-28,AMGN,1.1360203,1.1408794,1.1473035
2023-08-28,CRM,3.4725339,3.5552779,3.3646483
2023-08-28,CSCO,6.06117,6.1809374,5.8790295
2023-08-28,IBM,4.6333041,4.7277066,4.6014538
2023-08-28,INTC,32.566205,32.8619,32.346717
2023-08-28,MSFT,98.372679,98.729705,97.277705
2023-08-28,NKE,2.5008865,2.5388705,2.5101342
2023-08-28,VZ,0.25783956,0.26206366,0.25967522
2023-08-28,WMT,2.2688391,2.284002,2.2330347
2023-08-29,AAPL,8.8248189,8.8138933,8.6249846
2023-08-29,AMGN,1.121384,1.1239989,1.1132421
2023-08-29,CRM,3.4665608,3.464077,3.4358188
2023-08-29,CSCO,6.0349483,6.0861416,5.9670877
2023-08-29,IBM,4.5595215,4.5938872,4.4288173
2023-08-29,INTC,31.977815,32.713698,31.761245
2023-08-29,MSFT,101.2527,102.52703,101.48159
2023-08-29,NKE,2.4560281,2.4669594,2.4029014
2023-08-29,VZ,0.26213617,0.26513968,0.26298634
2023-08-29,WMT,2.26855,2.2986937,2.2308155
2023-08-30,AAPL,9.200984,9.3561433,9.0262443
2023-08-30,AMGN,1.1188896,1.1409943,1.107083
2023-08-30,CRM,3.4857619,3.5144659,3.4565592
2023-08-30,CSCO,6.0371054,6.0703438,5.940925
2023-08-30,IBM,4.5648058,4.6457159,4.5238387
2023-08-30,INTC,31.925665,32.428549,31.363891
2023-08-30,MSFT,101.87192,102.28532,100.08272
2023-08-30,NKE,2.4013663,2.4296095,2.377378
2023-08-30,VZ,0.26282194,0.25967675,0.26130353
2023-08-30,WMT,2.312236,2.3222128,2.3102747
2023-08-31,AAPL,8.9973445,8.9200939,8.6444136
2023-08-31,AMGN,1.1004508,1.0884715,1.0750663
2023-08-31,CRM,3.3766045,3.3424255,3.3371998
2023-08-31,CSCO,5.9069151,5.9699916,5.8296389
2023-08-31,IBM,4.5025774,4.5195301,4.5333863
2023-08-31,INTC,32.454304,32.847956,32.250905
2023-08-31,MSFT,100.14546,100.75428,97.371387
2023-08-31,NKE,2.4439476,2.4780887,2.4199928
2023-08-31,VZ,0.25886722,0.26183256,0.25879915
2023-08-31,WMT,2.2225098,2.2412811,2.1833195
2023-09-01,AAPL,9.0033892,8.9741024,8.7721966
2023-09-01,AMGN,1.090789,1.0889892,1.0809939
2023-09-01,CRM,3.2999558,3.3247674,3.319627
2023-09-01,CSCO,5.8042169,5.853159,5.7216997
2023-09-01,IBM,4.4284204,4.5241144,4.4706885
2023-09-01,INTC,32.761226,33.252862,32.75957
2023-09-01,MSFT,101.17832,101.03729,99.984895
2023-09-01,NKE,2.4581801,2.5135865,2.4506793
2023-09-01,VZ,0.25551374,0.25996102,0.25314145
2023-09-01,WMT,2.2458765,2.265919,2.2529373
2023-09-05,AAPL,8.7346285,8.7760088,8.5129445
2023-09-05,AMGN,1.0950687,1.0918042,1.0629475
2023-09-05,CRM,3.1970227,3.314214,3.1292983
2023-09-05,CSCO,5.951725,6.0248143,5.9258357
2023-09-05,IBM,4.3669131,4.4426715,4.3467863
2023-09-05,INTC,32.087903,32.566574,31.660166
2023-09-05,MSFT,100.65952,103.51053,101.57956
2023-09-05,NKE,2.418226,2.4163598,2.4277266
2023-09-05,VZ,0.2569045,0.25610743,0.25633581
2023-09-05,WMT,2.2210892,2.2290399,2.2075582
2023-09-06,AAPL,8.779505,8.7246203,8.6480239
2023-09-06,AMGN,1.1121432,1.1036447,1.1179459
2023-09-06,CRM,3.1768011,3.2634929,3.0930332
2023-09-06,CSCO,5.8892788,5.9229523,5.8482769
2023-09-06,IBM,4.3904079,4.4288286,4.3192878
2023-09-06,INTC,32.43021,32.566408,31.750133
2023-09-06,MSFT,100.0311,102.37502,100.39251
2023-09-06,NKE,2.3973481,2.407334,2.3732079
2023-09-06,VZ,0.2568156,0.26012197,0.25364748
2023-09-06,WMT,2.233732,2.2453257,2.2316947
2023-09-07,AAPL,8.764461,8.785378,8.7567378
2023-09-07,AMGN,1.1051298,1.1077481,1.0923807
2023-09-07,CRM,3.2492888,3.2263206,3.3002368
2023-09-07,CSCO,5.9316649,6.0245918,5.90445
2023-09-07,IBM,4.2814887,4.3139859,4.211081
2023-09-07,INTC,33.331531,33.324828,32.804265
2023-09-07,MSFT,102.32264,103.18967,101.78824
2023-09-07,NKE,2.3662331,2.3654721,2.3946755
2023-09-07,VZ,0.26028244,0.26003425,0.2610847
2023-09-07,WMT,2.2402419,2.2579083,2.2378671
2023-09-08,AAPL,8.8094501,8.9170619,8.6359471
2023-09-08,AMGN,1.1312422,1.1552211,1.0948162
2023-09-08,CRM,3.2330084,3.2358885,3.1472455
2023-09-08,CSCO,5.9545279,5.9772568,5.836614
2023-09-08,IBM,4.3548806,4.430393,4.2908906
2023-09-08,INTC,33.259871,33.556428,33.741152
2023-09-08,MSFT,101.99678,103.03352,101.77722
2023-09-08,NKE,2.4476129,2.4287943,2.4195129
2023-09-08,VZ,0.26006633,0.26201479,0.25565826
2023-09-08,WMT,2.242285,2.3008135,2.2448756
2023-09-11,AAPL,8.7202026,8.8224569,8.6961708
2023-09-11,AMGN,1.1302465,1.1232572,1.1000977
2023-09-11,CRM,3.1546411,3.1886537,3.1347758
2023-09-11,CSCO,5.9402733,5.9258489,5.7416575
2023-09-11,IBM,4.3050823,4.3260205,4.2519596
2023-09-11,INTC,32.412749,32.149766,32.495459
2023-09-11,MSFT,101.89731,102.45206,101.0752
2023-09-11,NKE,2.4444182,2.4982606,2.4290001
2023-09-11,VZ,0.26243723,0.26381042,0.25808014
2023-09-11,WMT,2.2521529,2.2772783,2.2588036
2023-09-12,AAPL,8.6902553,8.888915,8.6340473
2023-09-12,AMGN,1.0919089,1.1091785,1.1013107
2023-09-12,CRM,3.2551964,3.2913339,3.2065805
2023-09-12,CSCO,5.8052417,5.7689754,5.749962
2023-09-12,IBM,4.3229079,4.296431,4.3080241
2023-09-12,INTC,32.94551,33.401381,32.90029
2023-09-12,MSFT,102.1675,104.47866,102.13831
2023-09-12,NKE,2.4671299,2.5114592,2.3689188
2023-09-12,VZ,0.2633561,0.26584754,0.2618108
2023-09-12,WMT,2.25545,2.2609446,2.2387735
2023-09-13,AAPL,8.3486498,8.5516104,8.1943662
2023-09-13,AMGN,1.0609788,1.0571152,1.0497522
2023-09-13,CRM,3.27761,3.2403514,3.2154857
2023-09-13,CSCO,5.7906181,5.8579957,5.736569
2023-09-13,IBM,4.4250335,4.5216102,4.3787452
2023-09-13,INTC,31.781866,31.841208,31.492419
2023-09-13,MSFT,103.60363,103.0045,102.06379
2023-09-13,NKE,2.4386846,2.4729016,2.4401359
2023-09-13,VZ,0.25807537,0.25771256,0.25768976
2023-09-13,WMT,2.2618577,2.2247769,2.2127898
2023-09-14,AAPL,8.3042477,8.3677644,8.0577716
2023-09-14,AMGN,1.0612226,1.0804474,1.0429151
2023-09-14,CRM,3.4143987,3.4122593,3.3597834
2023-09-14,CSCO,5.7326358,5.7258902,5.7053364
2023-09-14,IBM,4.4888673,4.6348461,4.4792323
2023-09-14,INTC,31.994056,32.707584,31.781996
2023-09-14,MSFT,99.619134,101.51598,98.088699
2023-09-14,NKE,2.4311143,2.4561009,2.4323205
2023-09-14,VZ,0.25762485,0.25843023,0.25496208
2023-09-14,WMT,2.2689369,2.2826891,2.2323131
2023-09-15,AAPL,8.3137581,8.4411818,8.1824369
2023-09-15,AMGN,1.043886,1.0698221,1.0240048
2023-09-15,CRM,3.5137291,3.5798966,3.4907512
2023-09-15,CSCO,5.7572476,5.7890796,5.7441536
2023-09-15,IBM,4.5058971,4.5001615,4.5186194
2023-09-15,INTC,31.972947,32.171498,31.800217
2023-09-15,MSFT,101.1149,102.77324,101.56683
2023-09-15,NKE,2.4135939,2.4515491,2.3424016
2023-09-15,VZ,0.2601208,0.26776519,0.26173193
2023-09-15,WMT,2.2630141,2.2356308,2.2525582
2023-09-18,AAPL,8.1797641,8.3750618,7.9911181
2023-09-18,AMGN,1.0322322,1.0340863,1.0288264
2023-09-18,CRM,3.3878657,3.3884234,3.4195634
2023-09-18,CSCO,5.6375189,5.7548378,5.6304712
2023-09-18,IBM,4.5750181,4.5852228,4.536854
2023-09-18,INTC,33.09637,33.618113,31.847055
2023-09-18,MSFT,99.754323,101.09629,97.463749
2023-09-18,NKE,2.3939966,2.4443668,2.3922258
2023-09-18,VZ,0.25960967,0.25773809,0.25654301
2023-09-18,WMT,2.2395995,2.2377106,2.2129243
2023-09-19,AAPL,8.1793335,8.4985871,8.0284368
2023-09-19,AMGN,1.0201003,1.0214006,1.0204567
2023-09-19,CRM,3.3501448,3.4024541,3.301572
2023-09-19,CSCO,5.5044476,5.5315118,5.4757587
2023-09-19,IBM,4.5292185,4.6015215,4.4262786
2023-09-19,INTC,33.359685,33.716963,33.348025
2023-09-19,MSFT,98.608164,99.500522,99.602967
2023-09-19,NKE,2.4263461,2.4816974,2.4172448
2023-09-19,VZ,0.25510774,0.25911694,0.25117222
2023-09-19,WMT,2.2121362,2.2500151,2.2098161
2023-09-20,AAPL,8.5683693,8.7296233,8.3189909
2023-09-20,AMGN,1.0032508,1.0145525,0.99945874
2023-09-20,CRM,3.3213501,3.3820795,3.2497162
2023-09-20,CSCO,5.4073781,5.4889896,5.3827015
2023-09-20,IBM,4.5583642,4.5825074,4.486576
2023-09-20,INTC,33.672176,34.061353,33.650972
2023-09-20,MSFT,100.49782,101.98841,97.916125
2023-09-20,NKE,2.4052542,2.4204353,2.4250161
2023-09-20,VZ,0.254193,0.25653645,0.24901429
2023-09-20,WMT,2.1672802,2.182214,2.141406
2023-09-21,AAPL,8.763813,8.8080206,8.676749
2023-09-21,AMGN,1.0249394,1.046943,1.0005376
2023-09-21,CRM,3.2535809,3.3260601,3.1663828
2023-09-21,CSCO,5.453928,5.4153726,5.388836
2023-09-21,IBM,4.5923952,4.6264979,4.5873994
2023-09-21,INTC,32.911954,33.669443,33.033544
2023-09-21,MSFT,97.988597,98.766585,96.697544
2023-09-21,NKE,2.3507742,2.383,2.3097753
2023-09-21,VZ,0.25846316,0.26072341,0.26037447
2023-09-21,WMT,2.1018149,2.1322329,2.0888502
2023-09-22,AAPL,8.6931919,8.8116607,8.4059384
2023-09-22,AMGN,1.0224178,1.031337,0.98555061
2023-09-22,CRM,3.128434,3.2171594,3.1439303
2023-09-22,CSCO,5.5622095,5.7022871,5.4870386
2023-09-22,IBM,4.5254756,4.5527867,4.4533225
2023-09-22,INTC,32.607543,32.556945,32.216287
2023-09-22,MSFT,96.919545,96.511993,94.513259
2023-09-22,NKE,2.3125372,2.3400069,2.329354
2023-09-22,VZ,0.25351383,0.25147656,0.25598257
2023-09-22,WMT,2.0987362,2.1193435,2.0957665
2023-09-25,AAPL,8.6949702,8.828213,8.4412977
2023-09-25,AMGN,1.0040251,1.0195153,0.96205314
2023-09-25,CRM,3.3070423,3.2525687,3.2844671
2023-09-25,CSCO,5.5789086,5.537816,5.5109104
2023-09-25,IBM,4.4869478,4.5333128,4.4458702
2023-09-25,INTC,31.99617,32.331964,31.615599
2023-09-25,MSFT,97.655401,97.69227,99.392477
2023-09-25,NKE,2.2753194,2.2783806,2.207862
2023-09-25,VZ,0.24874847,0.24820721,0.24682854
2023-09-25,WMT,2.065485,2.0813286,2.0480762
2023-09-26,AAPL,8.7055446,8.6591952,8.4784343
2023-09-26,AMGN,0.99575865,1.0170086,0.98541896
2023-09-26,CRM,3.2801007,3.3960514,3.2252954
2023-09-26,CSCO,5.5790449,5.6842556,5.5695789
2023-09-26,IBM,4.3770466,4.4462008,4.2645459
2023-09-26,INTC,32.0978,31.990074,31.405011
2023-09-26,MSFT,99.64021,99.286975,98.305094
2023-09-26,NKE,2.224341,2.2783484,2.1839706
2023-09-26,VZ,0.24877348,0.25239019,0.24511049
2023-09-26,WMT,2.0473686,2.0848175,2.0111798
2023-09-27,AAPL,8.4591955,8.5716539,8.400469
2023-09-27,AMGN,0.97152751,0.97452515,0.97173482
2023-09-27,CRM,3.2455763,3.2727609,3.1178508
2023-09-27,CSCO,5.4678841,5.440592,5.5082117
2023-09-27,IBM,4.3549591,4.4446768,4.3031672
2023-09-27,INTC,31.503095,31.709018,30.759112
2023-09-27,MSFT,100.75007,100.61625,99.488241
2023-09-27,NKE,2.2135465,2.254144,2.2106209
2023-09-27,VZ,0.24911439,0.25132576,0.24379658
2023-09-27,WMT,2.0614722,2.0737162,2.0502918
2023-09-28,AAPL,8.3993683,8.5831698,8.0329684
2023-09-28,AMGN,0.9664689,0.97182153,0.9620826
2023-09-28,CRM,3.3495513,3.4385396,3.2707984
2023-09-28,CSCO,5.5716687,5.550538,5.4886749
2023-09-28,IBM,4.3526915,4.4325261,4.2948451
2023-09-28,INTC,31.410836,32.268801,31.709176
2023-09-28,MSFT,101.35341,102.9069,99.911619
2023-09-28,NKE,2.2650676,2.2834968,2.2434561
2023-09-28,VZ,0.25435524,0.25523375,0.25386169
2023-09-28,WMT,2.0516653,2.0673542,2.0358117
2023-09-29,AAPL,8.4248523,8.4167861,8.288915
2023-09-29,AMGN,0.9929806,0.99315142,0.96825389
2023-09-29,CRM,3.3709939,3.3815293,3.392905
2023-09-29,CSCO,5.733814,5.779284,5.6055794
2023-09-29,IBM,4.2560002,4.3008179,4.2474191
2023-09-29,INTC,30.856777,31.299655,30.365255
2023-09-29,MSFT,102.11522,103.89181,101.86598
2023-09-29,NKE,2.2188959,2.245991,2.2092257
2023-09-29,VZ,0.25750866,0.26050798,0.25889253
2023-09-29,WMT,2.037963,2.0559564,2.033196
2023-10-02,AAPL,8.5955685,8.7668803,8.4151274
2023-10-02,AMGN,0.97527133,0.98784837,0.95573889
2023-10-02,CRM,3.4097162,3.4331431,3.3389919
2023-10-02,CSCO,5.6883212,5.6345217,5.5942544
2023-10-02,IBM,4.2133713,4.2459146,4.205954
2023-10-02,INTC,30.494791,30.549833,30.572935
2023-10-02,MSFT,100.48576,101.68779,99.737457
2023-10-02,NKE,2.2059832,2.2361779,2.2003455
2023-10-02,VZ,0.26137034,0.26452818,0.26060651
2023-10-02,WMT,2.0415764,2.0457306,2.0402227
2023-10-03,AAPL,8.5159061,8.6151821,8.5486526
2023-10-03,AMGN,0.97105929,0.9762078,0.96202682
2023-10-03,CRM,3.5555198,3.5405952,3.4917517
2023-10-03,CSCO,5.5387683,5.7681463,5.5376973
2023-10-03,IBM,4.219209,4.210441,4.1974717
2023-10-03,INTC,30.183518,30.147238,29.775829
2023-10-03,MSFT,101.08784,101.34143,99.094833
2023-10-03,NKE,2.2058583,2.2443612,2.1821007
2023-10-03,VZ,0.25759833,0.26071078,0.25598247
2023-10-03,WMT,2.059079,2.0991444,2.0495513
2023-10-04,AAPL,8.4451466,8.6055998,8.3588368
2023-10-04,AMGN,1.000687,1.0063408,0.97748755
2023-10-04,CRM,3.3307034,3.3808088,3.2995748
2023-10-04,CSCO,5.6051003,5.7779278,5.6266585
2023-10-04,IBM,4.2645203,4.2634469,4.2592613
2023-10-04,INTC,30.380131,30.345043,30.249683
2023-10-04,MSFT,99.762115,102.48098,97.682455
2023-10-04,NKE,2.2156073,2.2732509,2.2351903
2023-10-04,VZ,0.25695254,0.2553861,0.25662352
2023-10-04,WMT,2.0853409,2.0973255,2.0642826
2023-10-05,AAPL,8.3343566,8.3987514,8.212469
2023-10-05,AMGN,0.98159735,0.97773672,0.98346703
2023-10-05,CRM,3.2683125,3.2772915,3.1991953
2023-10-05,CSCO,5.6061469,5.7456815,5.5471058
2023-10-05,IBM,4.2918416,4.2663669,4.2798849
2023-10-05,INTC,30.37015,30.171422,30.082024
2023-10-05,MSFT,101.82606,102.51525,102.58658
2023-10-05,NKE,2.1698145,2.2081736,2.1692959
2023-10-05,VZ,0.26206336,0.26449267,0.26540586
2023-10-05,WMT,2.0471377,2.0665511,2.0408788
2023-10-06,AAPL,8.2066964,8.2450277,8.0896964
2023-10-06,AMGN,0.9665136,0.97428525,0.95004575
2023-10-06,CRM,3.1995018,3.2573397,3.1809756
2023-10-06,CSCO,5.4180108,5.5331804,5.1750557
2023-10-06,IBM,4.1901251,4.1947445,4.1825444
2023-10-06,INTC,30.298222,30.443143,30.065589
2023-10-06,MSFT,102.0061,103.9416,102.30875
2023-10-06,NKE,2.2053074,2.2428509,2.1633217
2023-10-06,VZ,0.260241,0.26518264,0.25884404
2023-10-06,WMT,2.056123,2.0607867,2.0413586
2023-10-09,AAPL,8.2662609,8.3164442,8.1370222
2023-10-09,AMGN,0.94012838,0.94940368,0.92810781
2023-10-09,CRM,3.320957,3.2960734,3.2241523
2023-10-09,CSCO,5.4516915,5.4273687,5.4554154
2023-10-09,IBM,4.2591785,4.2903854,4.1874645
2023-10-09,INTC,30.674242,30.884262,30.816673
2023-10-09,MSFT,100.00789,99.617812,99.986376
2023-10-09,NKE,2.1945136,2.2256317,2.2121289
2023-10-09,VZ,0.25899625,0.25814726,0.25816997
2023-10-09,WMT,2.0486866,2.1023454,2.0558877
2023-10-10,AAPL,8.0964608,8.1640789,7.9698609
2023-10-10,AMGN,0.93821346,0.96186148,0.92378914
2023-10-10,CRM,3.4173271,3.482393,3.3491619
2023-10-10,CSCO,5.2978843,5.4238585,5.2503553
2023-10-10,IBM,4.2544324,4.2030882,4.1885104
2023-10-10,INTC,30.116477,30.304113,29.331418
2023-10-10,MSFT,100.94347,101.48305,101.49607
2023-10-10,NKE,2.21518,2.2514675,2.2325022
2023-10-10,VZ,0.26068687,0.26725849,0.25571945
2023-10-10,WMT,2.029199,2.019184,2.0324722
2023-10-11,AAPL,7.8547935,7.9975057,7.7634488
2023-10-11,AMGN,0.93342364,0.94558587,0.91476381
2023-10-11,CRM,3.2241623,3.2310868,3.1567033
2023-10-11,CSCO,5.3921751,5.3515654,5.3058198
2023-10-11,IBM,4.310496,4.4169151,4.3657905
2023-10-11,INTC,30.659834,31.389798,30.063821
2023-10-11,MSFT,103.19093,103.15987,102.15807
2023-10-11,NKE,2.1687156,2.2158112,2.1594978
2023-10-11,VZ,0.26481534,0.26750674,0.26313651
2023-10-11,WMT,2.0428169,2.0432555,2.0264919
2023-10-12,AAPL,7.5649151,7.6378939,7.3557105
2023-10-12,AMGN,0.93758463,0.9452912,0.92920393
2023-10-12,CRM,3.0450174,3.0189535,3.0009259
2023-10-12,CSCO,5.2783401,5.3014655,5.2892704
2023-10-12,IBM,4.2489724,4.2908127,4.2617326
2023-10-12,INTC,30.062514,30.634094,29.804249
2023-10-12,MSFT,101.63771,101.81862,99.718361
2023-10-12,NKE,2.1621904,2.1688938,2.1381318
2023-10-12,VZ,0.26466033,0.26403007,0.26281494
2023-10-12,WMT,2.0104485,2.0426301,1.9894119
2023-10-13,AAPL,7.6352982,7.7011484,7.4934106
2023-10-13,AMGN,0.93720251,0.95598118,0.93574318
2023-10-13,CRM,3.0485223,3.0360464,3.0200127
2023-10-13,CSCO,5.2449696,5.4063845,5.2209566
2023-10-13,IBM,4.1481587,4.2060631,4.1882621
2023-10-13,INTC,30.363208,30.122593,30.200814
2023-10-13,MSFT,102.28185,102.53768,100.27991
2023-10-13,NKE,2.1947879,2.2249177,2.1866169
2023-10-13,VZ,0.26693941,0.27581749,0.26252081
2023-10-13,WMT,1.9616977,1.9950689,1.9446267
2023-10-16,AAPL,7.725437,7.8174596,7.6431696
2023-10-16,AMGN,0.93439356,0.94377091,0.91458631
2023-10-16,CRM,2.9542386,3.0141086,3.0021834
2023-10-16,CSCO,5.4462192,5.4540834,5.4606141
2023-10-16,IBM,4.0376792,4.0773999,3.9829887
2023-10-16,INTC,29.513326,29.400536,29.425361
2023-10-16,MSFT,99.736925,99.305328,98.879307
2023-10-16,NKE,2.1915642,2.2379466,2.1917565
2023-10-16,VZ,0.26626296,0.26763483,0.26801373
2023-10-16,WMT,1.9405167,1.9650335,1.9366252
2023-10-17,AAPL,7.8878552,8.0145671,7.8199821
2023-10-17,AMGN,0.91676432,0.93103434,0.91210351
2023-10-17,CRM,2.893171,2.8608666,2.772906
2023-10-17,CSCO,5.4814865,5.6219175,5.5303654
2023-10-17,IBM,4.0460786,4.0810408,4.0047519
2023-10-17,INTC,29.633739,29.648622,28.783217
2023-10-17,MSFT,101.24409,102.25613,100.69267
2023-10-17,NKE,2.1306723,2.1425854,2.118047
2023-10-17,VZ,0.25889709,0.26311753,0.26427174
2023-10-17,WMT,1.9103991,1.9099858,1.9048486
2023-10-18,AAPL,7.6403938,7.7572657,7.5656813
2023-10-18,AMGN,0.90999317,0.91477549,0.90455036
2023-10-18,CRM,2.9187198,2.9659782,2.8914026
2023-10-18,CSCO,5.5429779,5.5618284,5.5605479
2023-10-18,IBM,4.0327035,4.0578061,3.9959818
2023-10-18,INTC,29.958917,30.291724,30.534771
2023-10-18,MSFT,101.51379,103.08349,100.33642
2023-10-18,NKE,2.1620497,2.1879029,2.1213591
2023-10-18,VZ,0.26060634,0.26338423,0.2583342
2023-10-18,WMT,1.9199345,1.9515548,1.9143878
2023-10-19,AAPL,7.7538324,7.824647,7.813055
2023-10-19,AMGN,0.90256062,0.92308991,0.89146368
2023-10-19,CRM,2.8080258,2.8977677,2.743996
2023-10-19,CSCO,5.6213775,5.6660832,5.5205458
2023-10-19,IBM,3.9843133,4.0495647,3.9226661
2023-10-19,INTC,30.146088,30.445823,30.0573
2023-10-19,MSFT,102.182,102.63983,102.0333
2023-10-19,NKE,2.1030584,2.1128812,2.101715
2023-10-19,VZ,0.26579968,0.27025987,0.26263603
2023-10-19,WMT,1.927188,1.966964,1.9274643
2023-10-20,AAPL,7.6647538,7.8164973,7.5390886
2023-10-20,AMGN,0.90003656,0.90775069,0.88959665
2023-10-20,CRM,2.8120698,2.7912143,2.7548675
2023-10-20,CSCO,5.5323429,5.5189608,5.4757222
2023-10-20,IBM,4.0098636,4.0035696,4.0154305
2023-10-20,INTC,30.736419,31.254507,30.270978
2023-10-20,MSFT,102.36838,103.15039,102.44067
2023-10-20,NKE,2.1255649,2.1354258,2.1534036
2023-10-20,VZ,0.26162073,0.26416374,0.26146643
2023-10-20,WMT,1.9379825,1.9355091,1.930285
2023-10-23,AAPL,7.7012281,7.8288739,7.547743
2023-10-23,AMGN,0.8822892,0.90063755,0.87210349
2023-10-23,CRM,2.7887216,2.7356952,2.7349255
2023-10-23,CSCO,5.6005623,5.6244224,5.5420083
2023-10-23,IBM,3.93489,3.9770674,3.8685783
2023-10-23,INTC,29.925858,30.850146,29.892058
2023-10-23,MSFT,100.78588,100.89211,99.940976
2023-10-23,NKE,2.0777911,2.0857663,2.0530713
2023-10-23,VZ,0.25864573,0.25981526,0.25660935
2023-10-23,WMT,1.9404764,1.9513771,1.946684
2023-10-24,AAPL,7.5733178,7.8360509,7.5840703
2023-10-24,AMGN,0.89413267,0.90883022,0.8943985
2023-10-24,CRM,2.7683434,2.7672712,2.7289609
2023-10-24,CSCO,5.6038634,5.7702289,5.6754558
2023-10-24,IBM,3.9876991,4.0522016,3.9713306
2023-10-24,INTC,30.990148,31.221423,30.493287
2023-10-24,MSFT,100.42908,100.99742,98.998146
2023-10-24,NKE,2.0997004,2.1389348,2.1095999
2023-10-24,VZ,0.25594017,0.25974174,0.25041515
2023-10-24,WMT,1.9326736,1.9591178,1.9138395
2023-10-25,AAPL,7.4982614,7.441279,7.2273143
2023-10-25,AMGN,0.86578589,0.88892458,0.88982054
2023-10-25,CRM,2.7113949,2.6968642,2.6577461
2023-10-25,CSCO,5.6399199,5.7041893,5.6278855
2023-10-25,IBM,3.9189666,3.9765854,3.8927182
2023-10-25,INTC,30.720644,30.894301,29.681407
2023-10-25,MSFT,99.762844,99.301111,99.732482
2023-10-25,NKE,2.1205863,2.154127,2.0567564
2023-10-25,VZ,0.25553506,0.2609498,0.25193283
2023-10-25,WMT,1.9061434,1.9373764,1.9061618
2023-10-26,AAPL,7.5631768,7.4823631,7.4748595
2023-10-26,AMGN,0.89134782,0.89173757,0.88403208
2023-10-26,CRM,2.6150426,2.6924554,2.5570947
2023-10-26,CSCO,5.5281333,5.5101003,5.4819117
2023-10-26,IBM,3.9333753,3.9313851,3.949081
2023-10-26,INTC,31.463991,31.538766,30.791373
2023-10-26,MSFT,99.093057,99.993288,99.765053
2023-10-26,NKE,2.0982515,2.110747,2.1375191
2023-10-26,VZ,0.25366849,0.256143,0.25134412
2023-10-26,WMT,1.86935,1.8733013,1.8591341
2023-10-27,AAPL,7.5405567,7.5885923,7.4152296
2023-10-27,AMGN,0.87490191,0.88212361,0.85446716
2023-10-27,CRM,2.5337392,2.5841294,2.4549996
2023-10-27,CSCO,5.4629482,5.4605927,5.4044
2023-10-27,IBM,3.9134715,3.9450588,3.87762
2023-10-27,INTC,32.660081,33.619162,32.252827
2023-10-27,MSFT,97.264745,97.269777,97.500758
2023-10-27,NKE,2.1187436,2.1506793,2.1482364
2023-10-27,VZ,0.2470723,0.24735402,0.24182818
2023-10-27,WMT,1.851572,1.8544417,1.8502572
2023-10-30,AAPL,7.5265061,7.7269337,7.4339892
2023-10-30,AMGN,0.88714948,0.88935609,0.87175594
2023-10-30,CRM,2.5410037,2.555913,2.4896042
2023-10-30,CSCO,5.6069977,5.6901214,5.5025743
2023-10-30,IBM,3.8536733,3.9327102,3.79926
2023-10-30,INTC,31.427725,31.246822,30.78373
2023-10-30,MSFT,95.706045,96.957435,95.121217
2023-10-30,NKE,2.1958602,2.1839344,2.1893107
2023-10-30,VZ,0.24345964,0.24716438,0.24369187
2023-10-30,WMT,1.8407721,1.8674734,1.8716574
2023-10-31,AAPL,7.4810464,7.5061169,7.4034152
2023-10-31,AMGN,0.87912481,0.90106487,0.88173003
2023-10-31,CRM,2.4763236,2.54405,2.4340269
2023-10-31,CSCO,5.6805467,5.6922665,5.5659905
2023-10-31,IBM,3.8373584,3.9036707,3.8201019
2023-10-31,INTC,30.977851,30.604323,31.020259
2023-10-31,MSFT,96.304811,97.011638,94.234529
2023-10-31,NKE,2.215961,2.2609184,2.2019362
2023-10-31,VZ,0.23736275,0.24185441,0.23555796
2023-10-31,WMT,1.8356964,1.8443582,1.8329702
2023-11-01,AAPL,7.3716131,7.5069516,7.3008501
2023-11-01,AMGN,0.8697699,0.89239917,0.86394282
2023-11-01,CRM,2.4504733,2.5189112,2.4165864
2023-11-01,CSCO,5.6708536,5.5773045,5.6103956
2023-11-01,IBM,3.8180604,3.8488794,3.8371147
2023-11-01,INTC,31.159202,31.697726,31.533101
2023-11-01,MSFT,96.367861,97.814274,94.31832
2023-11-01,NKE,2.1440187,2.1899778,2.1670231
2023-11-01,VZ,0.23786786,0.23953987,0.23811892
2023-11-01,WMT,1.8422056,1.8501836,1.8205844
2023-11-02,AAPL,7.4424468,7.6011028,7.2935514
2023-11-02,AMGN,0.86569951,0.87877519,0.8507291
2023-11-02,CRM,2.3572122,2.4411674,2.3467565
2023-11-02,CSCO,5.6444003,5.7566894,5.5107858
2023-11-02,IBM,3.8232146,3.8724192,3.8471681
2023-11-02,INTC,30.487689,30.6616,30.200857
2023-11-02,MSFT,97.577185,96.82496,97.525788
2023-11-02,NKE,2.1380279,2.1353416,2.0756902
2023-11-02,VZ,0.23468098,0.23852496,0.23675206
2023-11-02,WMT,1.8542222,1.8749375,1.8490912
2023-11-03,AAPL,7.6854566,7.7890937,7.4341618
2023-11-03,AMGN,0.86148085,0.88692504,0.85810054
2023-11-03,CRM,2.2482068,2.2399841,2.2403261
2023-11-03,CSCO,5.5550325,5.564234,5.5426925
2023-11-03,IBM,3.730422,3.778724,3.7206746
2023-11-03,INTC,31.529169,31.972623,31.455378
2023-11-03,MSFT,94.291188,94.680072,93.528461
2023-11-03,NKE,2.1124447,2.138658,2.1228954
2023-11-03,VZ,0.23482818,0.23703719,0.23287425
2023-11-03,WMT,1.8632057,1.8735989,1.8604184
2023-11-06,AAPL,7.5188226,7.7814218,7.5494836
2023-11-06,AMGN,0.86393334,0.88581209,0.85730096
2023-11-06,CRM,2.2352974,2.2564555,2.1955359
2023-11-06,CSCO,5.296547,5.404932,5.1948607
2023-11-06,IBM,3.7043931,3.7282205,3.6947277
2023-11-06,INTC,31.436032,31.739588,30.560048
2023-11-06,MSFT,93.376765,94.911448,93.461709
2023-11-06,NKE,2.1767824,2.214692,2.1680793
2023-11-06,VZ,0.22720021,0.22870564,0.2294259
2023-11-06,WMT,1.8690791,1.888047,1.8432402
2023-11-07,AAPL,7.5885292,7.6823069,7.4915798
2023-11-07,AMGN,0.86092349,0.85829765,0.84740039
2023-11-07,CRM,2.2550451,2.246963,2.2925189
2023-11-07,CSCO,5.2925113,5.3407632,5.2646589
2023-11-07,IBM,3.6347076,3.6780739,3.5954471
2023-11-07,INTC,31.457832,32.155776,31.644544
2023-11-07,MSFT,93.083215,95.886217,92.245932
2023-11-07,NKE,2.1359328,2.2024322,2.1276488
2023-11-07,VZ,0.23116048,0.23271108,0.23071801
2023-11-07,WMT,1.8470152,1.8638031,1.8461947
2023-11-08,AAPL,7.6785006,7.7520177,7.5270237
2023-11-08,AMGN,0.85216926,0.86711304,0.84881838
2023-11-08,CRM,2.354845,2.4195912,2.2780914
2023-11-08,CSCO,5.3193506,5.3375637,5.2454688
2023-11-08,IBM,3.5691205,3.5660484,3.5788319
2023-11-08,INTC,31.034189,31.39486,30.913961
2023-11-08,MSFT,94.789969,95.889286,94.75177
2023-11-08,NKE,2.1322686,2.1779852,2.1472699
2023-11-08,VZ,0.22952646,0.22987776,0.22658178
2023-11-08,WMT,1.8437852,1.8533697,1.8368281
2023-11-09,AAPL,7.6788591,7.8114709,7.5533274
2023-11-09,AMGN,0.84453986,0.84860026,0.83387686
2023-11-09,CRM,2.3538593,2.4039428,2.3376826
2023-11-09,CSCO,5.1231233,5.2714901,4.9611428
2023-11-09,IBM,3.5403305,3.58362,3.5458233
2023-11-09,INTC,30.494367,30.329375,30.12219
2023-11-09,MSFT,94.484246,95.183737,93.811793
2023-11-09,NKE,2.0958346,2.1516373,2.0897654
2023-11-09,VZ,0.23133417,0.2303413,0.22839833
2023-11-09,WMT,1.8342676,1.8339186,1.8557039
2023-11-10,AAPL,7.828963,7.9805724,7.6418921
2023-11-10,AMGN,0.80232928,0.82312577,0.78653578
2023-11-10,CRM,2.3135505,2.2861385,2.2500964
2023-11-10,CSCO,5.3988685,5.503071,5.2978092
2023-11-10,IBM,3.526504,3.5573128,3.5149364
2023-11-10,INTC,29.85427,30.170967,29.76933
2023-11-10,MSFT,94.938264,94.384169,94.199529
2023-11-10,NKE,2.0867027,2.1190522,2.0548796
2023-11-10,VZ,0.22994361,0.23623609,0.22690473
2023-11-10,WMT,1.8241367,1.8196297,1.8238467
2023-11-13,AAPL,7.7078014,7.881615,7.6578518
2023-11-13,AMGN,0.80273954,0.80225892,0.78377122
2023-11-13,CRM,2.2847667,2.3335239,2.2245689
2023-11-13,CSCO,5.4880676,5.521468,5.3767411
2023-11-13,IBM,3.5165327,3.525891,3.4230967
2023-11-13,INTC,29.157253,29.908832,28.184197
2023-11-13,MSFT,94.736924,95.757204,94.864044
2023-11-13,NKE,2.0464847,2.0538998,2.0076419
2023-11-13,VZ,0.22687923,0.22657028,0.2296173
2023-11-13,WMT,1.8670333,1.876423,1.8697222
2023-11-14,AAPL,7.8243592,7.9010488,7.7213646
2023-11-14,AMGN,0.81823264,0.82002934,0.81511196
2023-11-14,CRM,2.3330982,2.3662857,2.3228024
2023-11-14,CSCO,5.4828721,5.6047257,5.4787556
2023-11-14,IBM,3.4705668,3.4736838,3.4707989
2023-11-14,INTC,29.014788,29.660583,28.35067
2023-11-14,MSFT,94.812929,94.406544,94.458463
2023-11-14,NKE,2.0469142,2.0448129,2.0492228
2023-11-14,VZ,0.22677181,0.2306672,0.22593921
2023-11-14,WMT,1.8513786,1.8708968,1.8433797
2023-11-15,AAPL,7.6894171,7.7488454,7.6858825
2023-11-15,AMGN,0.82011922,0.83944391,0.82167634
2023-11-15,CRM,2.3882335,2.3874231,2.3445791
2023-11-15,CSCO,5.4819818,5.5789918,5.40524
2023-11-15,IBM,3.4927169,3.5205642,3.4775298
2023-11-15,INTC,27.899717,28.806335,27.429001
2023-11-15,MSFT,96.727606,97.978782,96.517681
2023-11-15,NKE,2.0112079,2.0555457,1.9971397
2023-11-15,VZ,0.22274512,0.22570197,0.21801029
2023-11-15,WMT,1.8467748,1.8726227,1.8480301
2023-11-16,AAPL,7.8582896,7.9728458,7.7235426
2023-11-16,AMGN,0.79423635,0.80931751,0.79038854
2023-11-16,CRM,2.2880583,2.3585861,2.2668628
2023-11-16,CSCO,5.6954195,5.7669031,5.6852974
2023-11-16,IBM,3.5520608,3.5695564,3.5113056
2023-11-16,INTC,28.227353,28.466952,27.759685
2023-11-16,MSFT,94.492225,95.506907,94.25858
2023-11-16,NKE,2.062278,2.0414207,2.0321252
2023-11-16,VZ,0.22347247,0.22597549,0.21974695
2023-11-16,WMT,1.8670168,1.9019192,1.8677157
2023-11-17,AAPL,7.8253816,7.8889055,7.6988366
2023-11-17,AMGN,0.7924814,0.79775308,0.77603227
2023-11-17,CRM,2.2315901,2.2862563,2.244425
2023-11-17,CSCO,5.6335767,5.6471768,5.6331926
2023-11-17,IBM,3.4622072,3.5022958,3.4585116
2023-11-17,INTC,28.644171,29.352065,27.88024
2023-11-17,MSFT,90.394564,90.550415,90.305878
2023-11-17,NKE,2.092224,2.1377924,2.0500431
2023-11-17,VZ,0.22509623,0.22648406,0.22433609
2023-11-17,WMT,1.8653102,1.880003,1.8551743
2023-11-20,AAPL,8.0688862,8.1777554,8.1592294
2023-11-20,AMGN,0.76425848,0.7827761,0.74444391
2023-11-20,CRM,2.189828,2.1934759,2.1552147
2023-11-20,CSCO,5.4175854,5.4326228,5.3978818
2023-11-20,IBM,3.4445344,3.4861233,3.4271637
2023-11-20,INTC,28.268219,28.465402,28.303542
2023-11-20,MSFT,91.267795,92.26205,90.605569
2023-11-20,NKE,2.1310157,2.124718,2.1119268
2023-11-20,VZ,0.21809754,0.21984602,0.21510712
2023-11-20,WMT,1.8436017,1.8229512,1.8026172
2023-11-21,AAPL,7.9747732,8.011583,7.8786608
2023-11-21,AMGN,0.77384534,0.78258663,0.77493546
2023-11-21,CRM,2.2690976,2.3495265,2.2629392
2023-11-21,CSCO,5.2957543,5.3311243,5.1759317
2023-11-21,IBM,3.4220605,3.4620351,3.3939815
2023-11-21,INTC,28.312223,28.391338,28.203665
2023-11-21,MSFT,92.348771,94.174058,90.413446
2023-11-21,NKE,2.1188754,2.1234169,2.1351765
2023-11-21,VZ,0.22053374,0.22104605,0.21323645
2023-11-21,WMT,1.8269958,1.8317113,1.8341741
2023-11-22,AAPL,7.8472599,8.0044295,7.8273981
2023-11-22,AMGN,0.7749882,0.78028967,0.7572754
2023-11-22,CRM,2.3136572,2.3842297,2.3135564
2023-11-22,CSCO,5.3526113,5.4322725,5.3932442
2023-11-22,IBM,3.4367256,3.4203478,3.4665252
2023-11-22,INTC,28.429118,28.391572,27.787752
2023-11-22,MSFT,91.673059,90.293314,90.323356
2023-11-22,NKE,2.0965344,2.0968868,2.0722648
2023-11-22,VZ,0.22126731,0.22582491,0.21602016
2023-11-22,WMT,1.8170157,1.8370274,1.7988521
2023-11-24,AAPL,7.6565096,7.5849855,7.698412
2023-11-24,AMGN,0.77311431,0.78770362,0.77111158
2023-11-24,CRM,2.2484997,2.2766106,2.231297
2023-11-24,CSCO,5.320517,5.2887399,5.2218133
2023-11-24,IBM,3.4585919,3.4804856,3.47174
2023-11-24,INTC,27.666085,27.843834,27.52475
2023-11-24,MSFT,91.482853,92.669132,88.698428
2023-11-24,NKE,2.0889925,2.1066288,2.0713471
2023-11-24,VZ,0.22084736,0.22409375,0.22149727
2023-11-24,WMT,1.8473322,1.8364291,1.84537
2023-11-27,AAPL,7.403225,7.6024577,7.199539
2023-11-27,AMGN,0.75272161,0.75412851,0.73294252
2023-11-27,CRM,2.2308391,2.319167,2.2002735
2023-11-27,CSCO,5.4641129,5.4847633,5.3813595
2023-11-27,IBM,3.4572152,3.4986333,3.4078057
2023-11-27,INTC,27.65072,27.975681,27.220825
2023-11-27,MSFT,91.208708,91.113325,89.45029
2023-11-27,NKE,2.0518693,2.0347757,1.9857432
2023-11-27,VZ,0.22021904,0.22301287,0.21816729
2023-11-27,WMT,1.8586095,1.8487753,1.8450462
2023-11-28,AAPL,7.3611651,7.305676,7.2902659
2023-11-28,AMGN,0.7632926,0.76325712,0.75215569
2023-11-28,CRM,2.182763,2.1436365,2.1911619
2023-11-28,CSCO,5.2525056,5.2813178,5.2442793
2023-11-28,IBM,3.4049755,3.4179344,3.4114358
2023-11-28,INTC,27.574034,27.441262,26.599444
2023-11-28,MSFT,92.132771,93.688294,91.275383
2023-11-28,NKE,2.0448267,2.061657,2.0258531
2023-11-28,VZ,0.21990633,0.22037443,0.21922886
2023-11-28,WMT,1.8310739,1.8604806,1.8226518
2023-11-29,AAPL,7.5315754,7.5739809,7.3630165
2023-11-29,AMGN,0.75902684,0.76608877,0.75253183
2023-11-29,CRM,2.211862,2.1512977,2.1997446
2023-11-29,CSCO,5.1876384,5.2407974,5.0901735
2023-11-29,IBM,3.4440111,3.5202887,3.4347567
2023-11-29,INTC,27.936939,28.150427,27.718161
2023-11-29,MSFT,93.324147,95.760923,92.040004
2023-11-29,NKE,2.0616989,2.0973911,2.0577722
2023-11-29,VZ,0.21465697,0.213565,0.21319288
2023-11-29,WMT,1.8773373,1.8857594,1.8619436
2023-11-30,AAPL,7.6678857,7.6748803,7.4928995
2023-11-30,AMGN,0.74866374,0.76843459,0.73763255
2023-11-30,CRM,2.1707496,2.2019525,2.1990576
2023-11-30,CSCO,5.2438391,5.2534677,5.2427032
2023-11-30,IBM,3.4934455,3.5259941,3.4684499
2023-11-30,INTC,28.726822,28.68979,28.484825
2023-11-30,MSFT,93.893352,92.692364,93.212115
2023-11-30,NKE,2.0321893,2.0294231,2.032674
2023-11-30,VZ,0.20842155,0.20988668,0.20794128
2023-11-30,WMT,1.8596353,1.8620958,1.8525339
2023-12-01,AAPL,7.4519356,7.5137703,7.2170568
2023-12-01,AMGN,0.72470005,0.74937193,0.72750906
2023-12-01,CRM,2.1155216,2.1395898,2.1136579
2023-12-01,CSCO,5.2634368,5.3349285,5.1901443
2023-12-01,IBM,3.5479142,3.59519,3.5579862
2023-12-01,INTC,28.417336,28.895796,27.298046
2023-12-01,MSFT,94.652142,95.789465,93.331661
2023-12-01,NKE,2.0221016,2.0263265,2.0129176
2023-12-01,VZ,0.20526212,0.20729394,0.20682211
2023-12-01,WMT,1.8313403,1.8404477,1.80919
2023-12-04,AAPL,7.5660159,7.7086369,7.5936008
2023-12-04,AMGN,0.72154941,0.72109504,0.71419174
2023-12-04,CRM,2.1770575,2.2095672,2.1541094
2023-12-04,CSCO,5.200001,5.1626186,5.2465614
2023-12-04,IBM,3.5155536,3.5530015,3.5259147
2023-12-04,INTC,27.860247,28.145515,26.906372
2023-12-04,MSFT,94.141552,94.689572,94.44657
2023-12-04,NKE,1.9651164,1.9922449,1.9678238
2023-12-04,VZ,0.20412988,0.2089664,0.20301652
2023-12-04,WMT,1.797217,1.8185019,1.7860636
2023-12-05,AAPL,7.6917656,7.7784155,7.6277735
2023-12-05,AMGN,0.74375557,0.74635152,0.74954302
2023-12-05,CRM,2.2607976,2.240118,2.1962901
2023-12-05,CSCO,5.251053,5.2477329,5.2259449
2023-12-05,IBM,3.4470008,3.4801414,3.4054092
2023-12-05,INTC,27.074659,27.135492,26.90523
2023-12-05,MSFT,93.047808,95.754794,92.822504
2023-12-05,NKE,1.9640283,1.99971,1.9205702
2023-12-05,VZ,0.20540183,0.20718006,0.20199002
2023-12-05,WMT,1.7944347,1.805754,1.7953353
2023-12-06,AAPL,7.7245184,7.8067839,7.6457926
2023-12-06,AMGN,0.75165376,0.77280625,0.74641779
2023-12-06,CRM,2.2767624,2.3154553,2.2534659
2023-12-06,CSCO,5.3561862,5.4445256,5.3884998
2023-12-06,IBM,3.455703,3.4752127,3.4555362
2023-12-06,INTC,27.035995,27.26183,26.601839
2023-12-06,MSFT,94.126501,94.339751,92.364208
2023-12-06,NKE,1.9326399,1.9712406,1.9219268
2023-12-06,VZ,0.20531938,0.20759508,0.20456641
2023-12-06,WMT,1.8178973,1.8360379,1.8074935
2023-12-07,AAPL,7.9301805,8.0953182,7.9596017
2023-12-07,AMGN,0.76258356,0.77081319,0.76215998
2023-12-07,CRM,2.2853563,2.3119288,2.2536111
2023-12-07,CSCO,5.4590894,5.4825381,5.4951521
2023-12-07,IBM,3.446961,3.496135,3.3971176
2023-12-07,INTC,27.299939,27.505413,27.098145
2023-12-07,MSFT,94.035303,93.589418,93.943791
2023-12-07,NKE,1.8884304,1.8950834,1.8477244
2023-12-07,VZ,0.2058667,0.20528537,0.20069051
2023-12-07,WMT,1.7905748,1.8079319,1.7571553
2023-12-08,AAPL,7.6677462,7.7159495,7.5082763
2023-12-08,AMGN,0.74986919,0.77143218,0.74124101
2023-12-08,CRM,2.2254556,2.2242373,2.2212937
2023-12-08,CSCO,5.4963728,5.6074232,5.4479253
2023-12-08,IBM,3.3747668,3.404028,3.3301489
2023-12-08,INTC,27.499498,27.266164,27.669984
2023-12-08,MSFT,92.594519,91.968309,92.706203
2023-12-08,NKE,1.8668778,1.8656393,1.8248468
2023-12-08,VZ,0.20137713,0.20359483,0.1980217
2023-12-08,WMT,1.8035324,1.8165822,1.7771409
2023-12-11,AAPL,7.6547944,7.736383,7.5534619
2023-12-11,AMGN,0.73913372,0.7662469,0.73723034
2023-12-11,CRM,2.2051421,2.1809024,2.1427594
2023-12-11,CSCO,5.4770989,5.5559894,5.4275092
2023-12-11,IBM,3.3662622,3.3652907,3.3518511
2023-12-11,INTC,27.948069,28.128136,27.94351
2023-12-11,MSFT,94.062598,95.955028,93.540374
2023-12-11,NKE,1.8598376,1.8823378,1.859946
2023-12-11,VZ,0.20103548,0.20123543,0.1976167
2023-12-11,WMT,1.7849983,1.788622,1.7769703
2023-12-12,AAPL,7.7368874,7.7664059,7.6785758
2023-12-12,AMGN,0.73494969,0.74820753,0.74286358
2023-12-12,CRM,2.1818148,2.1677367,2.179306
2023-12-12,CSCO,5.5389305,5.6917359,5.4341326
2023-12-12,IBM,3.3078414,3.3226432,3.3034977
2023-12-12,INTC,27.429886,28.159335,26.723773
2023-12-12,MSFT,93.808703,94.905776,92.788098
2023-12-12,NKE,1.9086531,1.9301571,1.8861824
2023-12-12,VZ,0.19560235,0.19600689,0.19402653
2023-12-12,WMT,1.8303687,1.8243826,1.8289944
2023-12-13,AAPL,7.5376001,7.6436355,7.4163971
2023-12-13,AMGN,0.74429945,0.74868596,0.7333406
2023-12-13,CRM,2.1043864,2.1617887,2.0053547
2023-12-13,CSCO,5.5028517,5.6236807,5.3985422
2023-12-13,IBM,3.3175427,3.361122,3.3209624
2023-12-13,INTC,27.407525,27.744932,27.210603
2023-12-13,MSFT,93.106779,93.421929,92.552879
2023-12-13,NKE,1.9274054,1.9405755,1.944343
2023-12-13,VZ,0.19084642,0.1929886,0.18896765
2023-12-13,WMT,1.8411984,1.8490337,1.8291768
2023-12-14,AAPL,7.3486823,7.3418217,7.4229698
2023-12-14,AMGN,0.75796792,0.76461195,0.75245118
2023-12-14,CRM,2.0759743,2.1031857,2.0731755
2023-12-14,CSCO,5.5358979,5.5144402,5.5691207
2023-12-14,IBM,3.2868974,3.2921264,3.2537413
2023-12-14,INTC,26.812223,27.343755,26.386259
2023-12-14,MSFT,94.311589,94.644444,93.884041
2023-12-14,NKE,1.9126118,1.9577601,1.9068488
2023-12-14,VZ,0.18565272,0.18692216,0.18624232
2023-12-14,WMT,1.8890932,1.8833604,1.8810819
2023-12-15,AAPL,7.3370177,7.3232933,7.1446873
2023-12-15,AMGN,0.73571232,0.73304972,0.72963405
2023-12-15,CRM,1.9863463,1.998327,1.9604435
2023-12-15,CSCO,5.6130559,5.6741078,5.5193722
2023-12-15,IBM,3.3096402,3.3481205,3.3424024
2023-12-15,INTC,27.020595,27.3025,26.473642
2023-12-15,MSFT,93.783024,94.290923,92.137055
2023-12-15,NKE,1.8497917,1.8880087,1.8226539
2023-12-15,VZ,0.18446716,0.18817526,0.18218815
2023-12-15,WMT,1.8794795,1.8957469,1.8679236
2023-12-18,AAPL,7.2144957,7.2224923,7.2312655
2023-12-18,AMGN,0.71313669,0.72569839,0.70029725
2023-12-18,CRM,2.0754538,2.1994495,2.0224576
2023-12-18,CSCO,5.5714631,5.6589097,5.4673992
2023-12-18,IBM,3.3215523,3.2997626,3.3208718
2023-12-18,INTC,27.083423,27.170934,26.537616
2023-12-18,MSFT,95.719773,96.185637,95.961896
2023-12-18,NKE,1.8980643,1.9412871,1.8678206
2023-12-18,VZ,0.18228736,0.18354685,0.1800269
2023-12-18,WMT,1.8631428,1.8892882,1.8554342
2023-12-19,AAPL,7.157454,7.1994007,6.9904456
2023-12-19,AMGN,0.70499542,0.70944074,0.68715624
2023-12-19,CRM,2.0514294,2.0471611,2.0608905
2023-12-19,CSCO,5.6494537,5.6806292,5.6040206
2023-12-19,IBM,3.1722186,3.2015742,3.1521938
2023-12-19,INTC,27.954967,28.61575,27.634046
2023-12-19,MSFT,98.401423,98.569237,98.980809
2023-12-19,NKE,1.8786932,1.8780468,1.8623011
2023-12-19,VZ,0.17899891,0.17992388,0.17677899
2023-12-19,WMT,1.8544905,1.8419368,1.8587125
2023-12-20,AAPL,7.061441,7.2341181,7.0035297
2023-12-20,AMGN,0.68984742,0.69443266,0.6879816
2023-12-20,CRM,2.01471,2.0642534,1.9340084
2023-12-20,CSCO,5.5587168,5.4953793,5.4858027
2023-12-20,IBM,3.0643312,3.0796331,2.9882098
2023-12-20,INTC,28.026702,28.811978,27.749859
2023-12-20,MSFT,100.08431,100.02376,99.689097
2023-12-20,NKE,1.8276434,1.8550758,1.8240107
2023-12-20,VZ,0.17738603,0.1816056,0.17822953
2023-12-20,WMT,1.8657279,1.882287,1.8526569
2023-12-21,AAPL,7.0615168,7.2187765,6.9934759
2023-12-21,AMGN,0.68660474,0.68447182,0.68780302
2023-12-21,CRM,1.9558082,1.9656831,1.9106658
2023-12-21,CSCO,5.7775774,5.7810005,5.6874257
2023-12-21,IBM,3.0315964,3.0319155,2.9871005
2023-12-21,INTC,29.201342,29.693325,28.496063
2023-12-21,MSFT,100.37215,100.62805,100.12824
2023-12-21,NKE,1.7803362,1.8005866,1.7713333
2023-12-21,VZ,0.1724499,0.17283246,0.17125196
2023-12-21,WMT,1.8709441,1.8728912,1.8621351
2023-12-22,AAPL,6.9533907,6.9254428,6.8118172
2023-12-22,AMGN,0.68786742,0.69473952,0.69298759
2023-12-22,CRM,2.1011695,2.103803,1.9922397
2023-12-22,CSCO,5.6501371,5.6552938,5.6417662
2023-12-22,IBM,3.0607141,3.0830924,3.0592147
2023-12-22,INTC,28.780848,28.933436,28.170068
2023-12-22,MSFT,98.350413,100.49587,98.096635
2023-12-22,NKE,1.7578809,1.753633,1.7547518
2023-12-22,VZ,0.16528293,0.16688535,0.1616818
2023-12-22,WMT,1.8910584,1.9045748,1.8540576
2023-12-26,AAPL,7.0929319,7.2350626,6.8505315
2023-12-26,AMGN,0.68774894,0.68652062,0.68576713
2023-12-26,CRM,2.0031162,2.0818393,1.9523161
2023-12-26,CSCO,5.524989,5.6634172,5.4614312
2023-12-26,IBM,3.0766047,3.0729531,3.0915883
2023-12-26,INTC,29.662522,29.574589,29.471448
2023-12-26,MSFT,99.600661,101.26375,97.737096
2023-12-26,NKE,1.8434315,1.8458919,1.8081842
2023-12-26,VZ,0.1619989,0.1650165,0.15954696
2023-12-26,WMT,1.8936459,1.9187148,1.8849469
2023-12-27,AAPL,7.1037847,7.3487213,6.9443922
2023-12-27,AMGN,0.70342698,0.71089141,0.69453838
2023-12-27,CRM,1.9862677,2.0384122,1.938662
2023-12-27,CSCO,5.5021807,5.4669497,5.4829343
2023-12-27,IBM,3.0061724,3.02706,3.0027807
2023-12-27,INTC,29.409525,29.687574,29.190772
2023-12-27,MSFT,98.267878,97.176578,96.706764
2023-12-27,NKE,1.8139651,1.8146141,1.7935755
2023-12-27,VZ,0.16226664,0.16121775,0.15912437
2023-12-27,WMT,1.8977913,1.917763,1.8712421
2023-12-28,AAPL,7.1922915,7.2922732,6.9684532
2023-12-28,AMGN,0.69871636,0.70408037,0.68717496
2023-12-28,CRM,1.99953,2.0023899,2.016096
2023-12-28,CSCO,5.4562601,5.4552331,5.3304868
2023-12-28,IBM,2.9799541,2.9723701,2.9351903
2023-12-28,INTC,29.573561,29.846874,28.997047
2023-12-28,MSFT,94.813444,95.329964,93.494301
2023-12-28,NKE,1.8052389,1.7980704,1.7840281
2023-12-28,VZ,0.16397988,0.16693523,0.16550395
2023-12-28,WMT,1.8998978,1.9222617,1.861408
2023-12-29,AAPL,7.3732277,7.2827122,7.0508996
2023-12-29,AMGN,0.68991953,0.70591985,0.67768389
2023-12-29,CRM,2.0072917,1.9772005,1.9956163
2023-12-29,CSCO,5.3614629,5.4090185,5.3640795
2023-12-29,IBM,3.0195035,3.0906618,2.9923742
2023-12-29,INTC,29.090033,29.257864,28.595992
2023-12-29,MSFT,94.835026,95.782562,95.130793
2023-12-29,NKE,1.689499,1.665598,1.7019304
2023-12-29,VZ,0.16157238,0.16160961,0.16157099
2023-12-29,WMT,1.8874468,1.9088663,1.8791613
2024-01-02,AAPL,7.288424,7.4415584,7.1874608
2024-01-02,AMGN,0.68603667,0.68862311,0.69443682
2024-01-02,CRM,1.9075291,1.9327636,1.8667397
2024-01-02,CSCO,5.356413,5.4365625,5.3388508
2024-01-02,IBM,2.971994,2.995613,2.925026
2024-01-02,INTC,29.753541,30.591889,29.273267
2024-01-02,MSFT,95.321244,95.403706,93.121548
2024-01-02,NKE,1.6746682,1.6935607,1.6821811
2024-01-02,VZ,0.16116979,0.15802368,0.15802343
2024-01-02,WMT,1.8805379,1.8887659,1.8843839
2024-01-03,AAPL,6.9063215,6.8796146,6.7615232
2024-01-03,AMGN,0.69981672,0.70878929,0.69729554
2024-01-03,CRM,1.8677089,1.907001,1.8781705
2024-01-03,CSCO,5.3345172,5.3620699,5.3153435
2024-01-03,IBM,2.8975501,2.8973826,2.877129
2024-01-03,INTC,29.535032,29.885801,29.112896
2024-01-03,MSFT,95.437853,96.663904,93.87024
2024-01-03,NKE,1.6467091,1.6830204,1.6350311
2024-01-03,VZ,0.15644964,0.16039824,0.1540727
2024-01-03,WMT,1.9088406,1.8900338,1.9155331
2024-01-04,AAPL,6.9131486,6.9440528,6.8308615
2024-01-04,AMGN,0.71816365,0.72166363,0.71190094
2024-01-04,CRM,1.8468025,1.8337242,1.8329765
2024-01-04,CSCO,5.1610483,5.2547285,5.1903198
2024-01-04,IBM,2.8591773,2.9353214,2.8436035
2024-01-04,INTC,29.790036,29.962726,29.35463
2024-01-04,MSFT,95.073515,95.301049,93.825992
2024-01-04,NKE,1.6428512,1.6550992,1.6108329
2024-01-04,VZ,0.15936412,0.15849594,0.15650268
2024-01-04,WMT,1.903483,1.9316833,1.8587755
2024-01-05,AAPL,7.187455,7.2126187,7.2060409
2024-01-05,AMGN,0.71653712,0.72889956,0.70223475
2024-01-05,CRM,1.811768,1.835848,1.7765719
2024-01-05,CSCO,5.2070076,5.2140565,5.2141744
2024-01-05,IBM,2.8782501,2.920741,2.8509579
2024-01-05,INTC,29.666273,29.762667,29.374676
2024-01-05,MSFT,100.30996,102.06193,98.69472
2024-01-05,NKE,1.6124061,1.6291447,1.6143629
2024-01-05,VZ,0.15707568,0.15703348,0.15824041
2024-01-05,WMT,1.862761,1.8869163,1.8733239
2024-01-08,AAPL,7.0107193,7.0807964,6.966094
2024-01-08,AMGN,0.70105318,0.71775539,0.70003707
2024-01-08,CRM,1.6885916,1.6838093,1.6272625
2024-01-08,CSCO,5.2243736,5.3636651,5.2075036
2024-01-08,IBM,2.9335612,2.937301,2.9320032
2024-01-08,INTC,30.125791,30.09347,29.423738
2024-01-08,MSFT,95.609676,94.312565,95.122641
2024-01-08,NKE,1.6747528,1.6778,1.6564399
2024-01-08,VZ,0.15889367,0.15965973,0.15971041
2024-01-08,WMT,1.8757678,1.8937686,1.895127
2024-01-09,AAPL,7.2188247,7.2997466,7.1601614
2024-01-09,AMGN,0.70917655,0.7197682,0.68948641
2024-01-09,CRM,1.6307531,1.7119625,1.6447988
2024-01-09,CSCO,5.2661885,5.2284662,5.2244218
2024-01-09,IBM,2.8201271,2.8897403,2.7774705
2024-01-09,INTC,29.531004,30.459699,29.469474
2024-01-09,MSFT,96.129177,96.996821,95.1305
2024-01-09,NKE,1.6829679,1.7321659,1.6891781
2024-01-09,VZ,0.15740424,0.15962442,0.15763585
2024-01-09,WMT,1.8528062,1.8418357,1.8263135
2024-01-10,AAPL,7.1008092,7.1366713,7.1015642
2024-01-10,AMGN,0.71040722,0.7090974,0.71068846
2024-01-10,CRM,1.5886246,1.568024,1.5453652
2024-01-10,CSCO,5.287807,5.2752487,5.3362044
2024-01-10,IBM,2.7839514,2.8018841,2.7895155
2024-01-10,INTC,28.576969,28.518055,28.338699
2024-01-10,MSFT,96.690839,97.096823,95.162253
2024-01-10,NKE,1.7213023,1.7342086,1.7182242
2024-01-10,VZ,0.15373208,0.15437031,0.15279787
2024-01-10,WMT,1.8785319,1.8842152,1.8622396
2024-01-11,AAPL,7.2371843,7.252849,7.2139528
2024-01-11,AMGN,0.70911676,0.70641694,0.69827456
2024-01-11,CRM,1.555097,1.6228505,1.5031946
2024-01-11,CSCO,5.3751887,5.3404454,5.2949053
2024-01-11,IBM,2.7744075,2.7700964,2.7972812
2024-01-11,INTC,28.426418,29.096491,28.326885
2024-01-11,MSFT,96.421261,97.844291,96.108863
2024-01-11,NKE,1.7446664,1.7556584,1.7478225
2024-01-11,VZ,0.15213238,0.15478988,0.14994507
2024-01-11,WMT,1.8899947,1.9175206,1.875232
2024-01-12,AAPL,7.4165153,7.6587724,7.3059096
2024-01-12,AMGN,0.71806573,0.73176072,0.71345715
2024-01-12,CRM,1.4841833,1.520886,1.4558401
2024-01-12,CSCO,5.515122,5.5603614,5.4365251
2024-01-12,IBM,2.7973241,2.8373488,2.7606573
2024-01-12,INTC,27.921382,27.955595,27.379694
2024-01-12,MSFT,97.386117,97.302495,96.884553
2024-01-12,NKE,1.755269,1.7582055,1.7288494
2024-01-12,VZ,0.15323282,0.15483158,0.14931657
2024-01-12,WMT,1.8954618,1.9100836,1.9176638
2024-01-16,AAPL,7.4488701,7.4173274,7.3569887
2024-01-16,AMGN,0.71727615,0.71692306,0.70570578
2024-01-16,CRM,1.5113762,1.5420607,1.4898723
2024-01-16,CSCO,5.4745211,5.5271896,5.3935167
2024-01-16,IBM,2.7949387,2.8327133,2.7684662
2024-01-16,INTC,27.637415,27.242708,27.711018
2024-01-16,MSFT,93.023426,93.745437,91.556201
2024-01-16,NKE,1.6911988,1.7213688,1.7143626
2024-01-16,VZ,0.15125542,0.15393404,0.14930571
2024-01-16,WMT,1.8825065,1.8825548,1.8698285
2024-01-17,AAPL,7.5685192,7.5871784,7.5066298
2024-01-17,AMGN,0.72520953,0.7332881,0.71205076
2024-01-17,CRM,1.5342812,1.5584963,1.519442
2024-01-17,CSCO,5.4410783,5.5116015,5.3533307
2024-01-17,IBM,2.7243946,2.7379218,2.7294452
2024-01-17,INTC,27.321296,27.755057,27.453948
2024-01-17,MSFT,90.937104,90.647326,91.146555
2024-01-17,NKE,1.6802641,1.6882278,1.6903344
2024-01-17,VZ,0.15144008,0.15270233,0.15179139
2024-01-17,WMT,1.8704641,1.8814756,1.8565415
2024-01-18,AAPL,7.3456894,7.3786568,7.1254337
2024-01-18,AMGN,0.70182983,0.70224071,0.69888814
2024-01-18,CRM,1.6098716,1.6072603,1.611275
2024-01-18,CSCO,5.5206889,5.5332425,5.4697744
2024-01-18,IBM,2.69566,2.7179102,2.7122156
2024-01-18,INTC,27.010822,27.485859,26.857908
2024-01-18,MSFT,90.526385,91.32861,89.727273
2024-01-18,NKE,1.6996693,1.715293,1.6536899
2024-01-18,VZ,0.14821441,0.14921349,0.14677121
2024-01-18,WMT,1.9035879,1.910979,1.8986032
2024-01-19,AAPL,7.5122514,7.727852,7.5314515
2024-01-19,AMGN,0.69665076,0.70139218,0.68887501
2024-01-19,CRM,1.5856339,1.5680402,1.6191085
2024-01-19,CSCO,5.4258077,5.4466711,5.3792162
2024-01-19,IBM,2.6869957,2.7523611,2.6690843
2024-01-19,INTC,26.616865,26.216135,25.990062
2024-01-19,MSFT,90.226508,89.619078,88.622329
2024-01-19,NKE,1.67218,1.6590499,1.6610709
2024-01-19,VZ,0.1491467,0.15055476,0.1481264
2024-01-19,WMT,1.8854846,1.9045185,1.8753489
2024-01-22,AAPL,7.5621223,7.5856129,7.2007745
2024-01-22,AMGN,0.68151141,0.67839076,0.69273376
2024-01-22,CRM,1.5480669,1.5845643,1.4900297
2024-01-22,CSCO,5.3851339,5.4832552,5.3378553
2024-01-22,IBM,2.6285816,2.6210652,2.6021159
2024-01-22,INTC,26.540513,26.717082,26.115433
2024-01-22,MSFT,91.22822,92.549345,90.379744
2024-01-22,NKE,1.6258808,1.6647859,1.5946776
2024-01-22,VZ,0.14687102,0.1511267,0.14651289
2024-01-22,WMT,1.8797216,1.8816402,1.8643466
2024-01-23,AAPL,7.6627096,7.6266606,7.6413628
2024-01-23,AMGN,0.67499529,0.68108566,0.67638638
2024-01-23,CRM,1.5652533,1.5806017,1.5382871
2024-01-23,CSCO,5.4473509,5.4652542,5.3685113
2024-01-23,IBM,2.5717317,2.6306072,2.5675369
2024-01-23,INTC,25.874272,26.310423,25.585328
2024-01-23,MSFT,91.232947,92.494324,89.31057
2024-01-23,NKE,1.660975,1.6834144,1.6539
2024-01-23,VZ,0.14770671,0.14873576,0.14892686
2024-01-23,WMT,1.8509085,1.8536105,1.8580643
2024-01-24,AAPL,7.5420797,7.7436512,7.4521095
2024-01-24,AMGN,0.66130369,0.6687317,0.65699879
2024-01-24,CRM,1.5827007,1.5743657,1.5767981
2024-01-24,CSCO,5.4546959,5.5144436,5.3359944
2024-01-24,IBM,2.5795366,2.5870514,2.592465
2024-01-24,INTC,25.998053,26.21033,25.578855
2024-01-24,MSFT,89.185044,88.797998,88.135006
2024-01-24,NKE,1.6601937,1.6870612,1.6336927
2024-01-24,VZ,0.1461173,0.14702087,0.1439042
2024-01-24,WMT,1.8321193,1.8228734,1.808486
2024-01-25,AAPL,7.3670745,7.4455701,7.3145695
2024-01-25,AMGN,0.67376495,0.67262884,0.66841964
2024-01-25,CRM,1.6282806,1.6126504,1.5875612
2024-01-25,CSCO,5.3852625,5.4301686,5.2571112
2024-01-25,IBM,2.5476528,2.5766067,2.5651306
2024-01-25,INTC,25.658366,25.410997,25.348309
2024-01-25,MSFT,88.579045,90.788894,88.524469
2024-01-25,NKE,1.6376204,1.6246161,1.6290384
2024-01-25,VZ,0.14531602,0.14596645,0.14328932
2024-01-25,WMT,1.8041715,1.8169041,1.79507
2024-01-26,AAPL,7.3047124,7.6153274,7.3153996
2024-01-26,AMGN,0.6770561,0.68621717,0.68496961
2024-01-26,CRM,1.6527049,1.6646404,1.5944768
2024-01-26,CSCO,5.4181236,5.4524533,5.3343299
2024-01-26,IBM,2.6025819,2.6551596,2.5651864
2024-01-26,INTC,26.242869,26.445636,25.876545
2024-01-26,MSFT,90.706284,93.43346,90.313263
2024-01-26,NKE,1.6084459,1.6112902,1.6411449
2024-01-26,VZ,0.14582141,0.14967046,0.14202148
2024-01-26,WMT,1.7989201,1.7812067,1.7870667
2024-01-29,AAPL,7.4861719,7.5323128,7.4844629
2024-01-29,AMGN,0.67189134,0.67308853,0.6532453
2024-01-29,CRM,1.571578,1.5579198,1.550583
2024-01-29,CSCO,5.3629595,5.4044523,5.4095643
2024-01-29,IBM,2.5908895,2.6059019,2.5941616
2024-01-29,INTC,26.034415,26.296363,25.521323
2024-01-29,MSFT,92.617603,92.031481,92.058277
2024-01-29,NKE,1.6008791,1.6066625,1.5729718
2024-01-29,VZ,0.14557554,0.14534079,0.14197047
2024-01-29,WMT,1.7895082,1.7712145,1.784432
2024-01-30,AAPL,7.3609134,7.3084935,7.1562386
2024-01-30,AMGN,0.65036318,0.66622506,0.63776179
2024-01-30,CRM,1.5592342,1.5694761,1.5818831
2024-01-30,CSCO,5.4266297,5.3949298,5.398677
2024-01-30,IBM,2.5576742,2.5928797,2.5498263
2024-01-30,INTC,26.073788,26.150994,25.794278
2024-01-30,MSFT,95.59458,96.043926,95.577874
2024-01-30,NKE,1.635851,1.6333603,1.6366707
2024-01-30,VZ,0.14464378,0.14424603,0.14357786
2024-01-30,WMT,1.8313111,1.8470584,1.8271151
2024-01-31,AAPL,7.3987407,7.469327,7.283844
2024-01-31,AMGN,0.6518653,0.65688798,0.63930288
2024-01-31,CRM,1.5613234,1.6155518,1.5084859
2024-01-31,CSCO,5.3973607,5.3427717,5.3547151
2024-01-31,IBM,2.5595786,2.5872385,2.5654541
2024-01-31,INTC,25.698406,25.694902,24.724669
2024-01-31,MSFT,96.263397,96.246821,95.759262
2024-01-31,NKE,1.6114719,1.6400091,1.6070859
2024-01-31,VZ,0.14388605,0.14340337,0.14359635
2024-01-31,WMT,1.8118405,1.8359033,1.7833698
2024-02-01,AAPL,7.4392112,7.421708,7.4205786
2024-02-01,AMGN,0.6476056,0.64959197,0.6434421
2024-02-01,CRM,1.5603678,1.5857269,1.5570762
2024-02-01,CSCO,5.3361084,5.5165987,5.3036612
2024-02-01,IBM,2.5991473,2.6337347,2.5431254
2024-02-01,INTC,25.864328,26.18546,25.271979
2024-02-01,MSFT,94.848221,96.778584,93.835562
2024-02-01,NKE,1.6060094,1.605476,1.5972465
2024-02-01,VZ,0.14492864,0.14641348,0.14312092
2024-02-01,WMT,1.7820637,1.793044,1.7419536
2024-02-02,AAPL,7.2740539,7.4602728,7.3331327
2024-02-02,AMGN,0.65675902,0.6543867,0.64891778
2024-02-02,CRM,1.5649497,1.5879695,1.5399799
2024-02-02,CSCO,5.3583856,5.372443,5.2840303
2024-02-02,IBM,2.5712774,2.6042909,2.5662733
2024-02-02,INTC,26.212963,26.105791,26.331381
2024-02-02,MSFT,96.36914,97.178684,94.253808
2024-02-02,NKE,1.6113867,1.6584374,1.574732
2024-02-02,VZ,0.14386801,0.14543502,0.14203061
2024-02-02,WMT,1.8452901,1.8507222,1.8410478
2024-02-05,AAPL,7.1438278,7.2648476,7.0635205
2024-02-05,AMGN,0.65195945,0.63718565,0.64236142
2024-02-05,CRM,1.5614574,1.5647275,1.5156609
2024-02-05,CSCO,5.3455759,5.3277411,5.3270022
2024-02-05,IBM,2.5419194,2.5687097,2.5516969
2024-02-05,INTC,26.43427,26.806573,26.284039
2024-02-05,MSFT,99.275054,99.843086,98.703695
2024-02-05,NKE,1.6268347,1.6858383,1.6390777
2024-02-05,VZ,0.14437277,0.14426364,0.14368637
2024-02-05,WMT,1.8579632,1.867775,1.8597548
2024-02-06,AAPL,7.0662949,7.0230553,7.0074285
2024-02-06,AMGN,0.65662278,0.66763122,0.65138545
2024-02-06,CRM,1.525602,1.5306373,1.5268548
2024-02-06,CSCO,5.3918378,5.4001969,5.3140876
2024-02-06,IBM,2.5368148,2.5512765,2.4990256
2024-02-06,INTC,26.466257,26.415497,26.207486
2024-02-06,MSFT,101.11379,102.05457,100.90047
2024-02-06,NKE,1.6443779,1.6567635,1.6687162
2024-02-06,VZ,0.14707376,0.14879751,0.14783457
2024-02-06,WMT,1.8614794,1.8818292,1.8466006
2024-02-07,AAPL,6.9720361,7.1412054,6.9564819
2024-02-07,AMGN,0.66837187,0.68253765,0.66400765
2024-02-07,CRM,1.5312174,1.5306386,1.4808143
2024-02-07,CSCO,5.3383272,5.3951825,5.2495528
2024-02-07,IBM,2.5230917,2.5685621,2.5133652
2024-02-07,INTC,27.114912,27.064722,27.148309
2024-02-07,MSFT,101.57621,102.7489,100.92232
2024-02-07,NKE,1.6642398,1.6696972,1.6762324
2024-02-07,VZ,0.14786907,0.14736575,0.14470277
2024-02-07,WMT,1.8314994,1.841899,1.8298641
2024-02-08,AAPL,7.0100871,7.116267,6.9065057
2024-02-08,AMGN,0.66935674,0.67366368,0.66207036
2024-02-08,CRM,1.5588475,1.5593498,1.5753884
2024-02-08,CSCO,5.2893089,5.2495325,5.2790078
2024-02-08,IBM,2.5509852,2.5908307,2.5557563
2024-02-08,INTC,27.536934,28.242775,27.622336
2024-02-08,MSFT,103.94544,104.07041,103.45342
2024-02-08,NKE,1.7122143,1.7268379,1.666701
2024-02-08,VZ,0.1438569,0.14338367,0.13901584
2024-02-08,WMT,1.7819694,1.7729391,1.764664
2024-02-09,AAPL,7.3424728,7.5171949,7.3424658
2024-02-09,AMGN,0.65609445,0.66564076,0.63932881
2024-02-09,CRM,1.5332301,1.5454547,1.519202
2024-02-09,CSCO,5.2327915,5.3320857,5.1329019
2024-02-09,IBM,2.4910852,2.5476169,2.4804416
2024-02-09,INTC,27.001875,27.341621,26.676058
2024-02-09,MSFT,104.89448,105.9043,104.18866
2024-02-09,NKE,1.7529441,1.7686168,1.7045272
2024-02-09,VZ,0.14551522,0.14723987,0.1439809
2024-02-09,WMT,1.7540733,1.7438408,1.7284947
2024-02-12,AAPL,7.5274285,7.5922173,7.5391029
2024-02-12,AMGN,0.64057035,0.65085776,0.63772083
2024-02-12,CRM,1.4912488,1.5229883,1.504679
2024-02-12,CSCO,5.2357601,5.2782798,5.2242698
2024-02-12,IBM,2.4814273,2.4949034,2.4770179
2024-02-12,INTC,26.89782,27.120743,26.499278
2024-02-12,MSFT,105.52776,107.29952,103.17042
2024-02-12,NKE,1.7727479,1.7743582,1.7570764
2024-02-12,VZ,0.1460902,0.1453759,0.14384824
2024-02-12,WMT,1.7847497,1.799685,1.765293
2024-02-13,AAPL,7.6392572,7.6367892,7.6121228
2024-02-13,AMGN,0.64130143,0.65496624,0.63392214
2024-02-13,CRM,1.5029097,1.4845784,1.527709
2024-02-13,CSCO,5.3728853,5.4263137,5.3113937
2024-02-13,IBM,2.4531164,2.4490787,2.4416589
2024-02-13,INTC,26.497837,26.534877,26.191356
2024-02-13,MSFT,106.785,108.28851,106.36936
2024-02-13,NKE,1.771686,1.8095768,1.7390469
2024-02-13,VZ,0.14522209,0.14531992,0.14581198
2024-02-13,WMT,1.7934707,1.8170204,1.7508566
2024-02-14,AAPL,7.4500493,7.4325166,7.4159186
2024-02-14,AMGN,0.64426225,0.63594536,0.63670616
2024-02-14,CRM,1.5597361,1.5620518,1.5458258
2024-02-14,CSCO,5.3210893,5.4014416,5.2729141
2024-02-14,IBM,2.3995092,2.3483261,2.4093729
2024-02-14,INTC,26.263625,26.734523,25.803794
2024-02-14,MSFT,108.28716,108.87939,107.80314
2024-02-14,NKE,1.7532329,1.7616964,1.717528
2024-02-14,VZ,0.14767552,0.14901599,0.14754795
2024-02-14,WMT,1.7486788,1.7438737,1.7251282
2024-02-15,AAPL,7.5857342,7.5805201,7.3947274
2024-02-15,AMGN,0.62751149,0.63845085,0.62794529
2024-02-15,CRM,1.5272455,1.5401637,1.536401
2024-02-15,CSCO,5.369771,5.3810487,5.4046329
2024-02-15,IBM,2.4352393,2.4523193,2.4400909
2024-02-15,INTC,26.586254,27.004133,26.386896
2024-02-15,MSFT,112.24224,114.031,109.51566
2024-02-15,NKE,1.7257714,1.7509224,1.6833939
2024-02-15,VZ,0.14920167,0.15023153,0.14766447
2024-02-15,WMT,1.7847224,1.8009131,1.7552174
2024-02-16,AAPL,7.6266018,7.646977,7.4983372
2024-02-16,AMGN,0.63035908,0.63518539,0.63569457
2024-02-16,CRM,1.5086941,1.5137166,1.5205076
2024-02-16,CSCO,5.3293064,5.4309097,5.2907349
2024-02-16,IBM,2.451313,2.4521496,2.4600623
2024-02-16,INTC,26.244803,26.634842,26.210851
2024-02-16,MSFT,115.48739,116.50404,115.2959
2024-02-16,NKE,1.6624854,1.6491984,1.6674262
2024-02-16,VZ,0.14817985,0.14974698,0.14701458
2024-02-16,WMT,1.770934,1.7762044,1.7392005
2024-02-20,AAPL,7.518523,7.6689175,7.4989824
2024-02-20,AMGN,0.63773174,0.63138081,0.62542334
2024-02-20,CRM,1.4942319,1.4947043,1.4266146
2024-02-20,CSCO,5.415356,5.4917658,5.3690877
2024-02-20,IBM,2.469086,2.4905471,2.4703955
2024-02-20,INTC,26.17571,26.14226,25.75512
2024-02-20,MSFT,118.28292,119.48886,117.46422
2024-02-20,NKE,1.636412,1.6751025,1.6303502
2024-02-20,VZ,0.14714467,0.15104406,0.14604529
2024-02-20,WMT,1.7580678,1.790312,1.7714527
2024-02-21,AAPL,7.7449485,7.8007047,7.4089733
2024-02-21,AMGN,0.62354805,0.62017695,0.62089095
2024-02-21,CRM,1.4626377,1.4615888,1.4324804
2024-02-21,CSCO,5.3407293,5.3253956,5.3278095
2024-02-21,IBM,2.4829483,2.5031183,2.4802557
2024-02-21,INTC,26.182158,26.349109,26.28044
2024-02-21,MSFT,119.2654,120.04923,118.5451
2024-02-21,NKE,1.6047893,1.6019051,1.5955787
2024-02-21,VZ,0.14699558,0.1472085,0.14515568
2024-02-21,WMT,1.7343599,1.7340519,1.7254381
2024-02-22,AAPL,7.418828,7.5456606,7.4508263
2024-02-22,AMGN,0.63202434,0.63166043,0.62537266
2024-02-22,CRM,1.5425722,1.5620208,1.4895044
2024-02-22,CSCO,5.3334742,5.4833863,5.2568556
2024-02-22,IBM,2.5434252,2.5736946,2.5285619
2024-02-22,INTC,25.551665,25.095413,25.541949
2024-02-22,MSFT,118.64849,119.51632,120.63757
2024-02-22,NKE,1.5682767,1.5890666,1.5841488
2024-02-22,VZ,0.14814707,0.14804671,0.14359432
2024-02-22,WMT,1.7122901,1.7230105,1.689195
2024-02-23,AAPL,7.3304855,7.4124922,7.2538889
2024-02-23,AMGN,0.6303031,0.63215623,0.62108382
2024-02-23,CRM,1.5156176,1.4967906,1.4490421
2024-02-23,CSCO,5.2893212,5.3818089,5.2558845
2024-02-23,IBM,2.5450289,2.5522201,2.5208543
2024-02-23,INTC,25.478841,25.641623,25.281739
2024-02-23,MSFT,114.62882,114.44839,114.83147
2024-02-23,NKE,1.53506,1.5373373,1.5406773
2024-02-23,VZ,0.14630539,0.15017408,0.14428969
2024-02-23,WMT,1.7213789,1.7287092,1.7069491
2024-02-26,AAPL,7.245508,7.3416733,7.1108034
2024-02-26,AMGN,0.635898,0.64434176,0.62564379
2024-02-26,CRM,1.5179082,1.5570521,1.525442
2024-02-26,CSCO,5.4176094,5.5448191,5.3950258
2024-02-26,IBM,2.5660603,2.5991885,2.5217035
2024-02-26,INTC,25.718478,25.606622,25.515011
2024-02-26,MSFT,114.981,114.93318,113.88264
2024-02-26,NKE,1.5589769,1.5773024,1.5767404
2024-02-26,VZ,0.14685302,0.14663342,0.14460691
2024-02-26,WMT,1.7282956,1.7528281,1.7187176
2024-02-27,AAPL,7.5118291,7.53749,7.4230965
2024-02-27,AMGN,0.61899565,0.6256414,0.62215423
2024-02-27,CRM,1.4414887,1.4808441,1.4146943
2024-02-27,CSCO,5.3550986,5.3375343,5.2957789
2024-02-27,IBM,2.5292702,2.5245791,2.4876848
2024-02-27,INTC,25.550045,25.368873,25.524104
2024-02-27,MSFT,114.8135,113.46646,112.46461
2024-02-27,NKE,1.5497893,1.5403781,1.5606389
2024-02-27,VZ,0.14581904,0.14736466,0.14381421
2024-02-27,WMT,1.6868724,1.6901291,1.6798933
2024-02-28,AAPL,7.8608408,7.8048186,7.9569033
2024-02-28,AMGN,0.61794758,0.62066678,0.60933488
2024-02-28,CRM,1.4495865,1.4675934,1.4025542
2024-02-28,CSCO,5.101835,5.1242595,5.059487
2024-02-28,IBM,2.523398,2.5550432,2.4884735
2024-02-28,INTC,25.562681,25.635194,25.259725
2024-02-28,MSFT,112.18139,113.74595,111.68892
2024-02-28,NKE,1.5510254,1.5607226,1.5491174
2024-02-28,VZ,0.14459419,0.14486524,0.14272201
2024-02-28,WMT,1.7162932,1.7330881,1.6932502
2024-02-29,AAPL,7.8969982,8.0230538,7.7909062
2024-02-29,AMGN,0.61538953,0.61946153,0.60632761
2024-02-29,CRM,1.5088645,1.5249557,1.509435
2024-02-29,CSCO,5.1100215,5.1890219,5.1214677
2024-02-29,IBM,2.5104786,2.5071328,2.5006019
2024-02-29,INTC,25.616485,25.532868,25.189933
2024-02-29,MSFT,111.66901,110.86885,112.78089
2024-02-29,NKE,1.5331792,1.573978,1.5357394
2024-02-29,VZ,0.14192812,0.14163182,0.14055002
2024-02-29,WMT,1.7383524,1.7457966,1.7328591
2024-03-01,AAPL,7.9308665,7.8677962,7.8730277
2024-03-01,AMGN,0.6198182,0.62235722,0.60941838
2024-03-01,CRM,1.5704147,1.5768612,1.5920224
2024-03-01,CSCO,5.1250729,5.1780098,5.1137501
2024-03-01,IBM,2.5119527,2.5343864,2.4854622
2024-03-01,INTC,26.335145,26.705522,26.405232
2024-03-01,MSFT,111.87996,111.50722,111.66458
2024-03-01,NKE,1.5752537,1.5829517,1.595034
2024-03-01,VZ,0.1416622,0.14333786,0.14045354
2024-03-01,WMT,1.6857684,1.7054122,1.6546161
2024-03-04,AAPL,7.9810612,7.9132832,7.8226593
2024-03-04,AMGN,0.62521321,0.6248204,0.61595256
2024-03-04,CRM,1.5743653,1.5803981,1.5250575
2024-03-04,CSCO,5.0002457,5.0257726,5.0716257
2024-03-04,IBM,2.4734767,2.4492561,2.4381803
2024-03-04,INTC,26.683626,27.103802,26.361196
2024-03-04,MSFT,111.3082,112.33487,109.52214
2024-03-04,NKE,1.5654966,1.5889208,1.5601431
2024-03-04,VZ,0.13960065,0.1422822,0.13688217
2024-03-04,WMT,1.6780343,1.692285,1.6622208
2024-03-05,AAPL,8.3134417,8.423561,8.1880266
2024-03-05,AMGN,0.60926942,0.60418626,0.61447151
2024-03-05,CRM,1.6799244,1.6922968,1.64669
2024-03-05,CSCO,5.0792617,5.177688,5.0406432
2024-03-05,IBM,2.5050508,2.5390645,2.4745951
2024-03-05,INTC,26.484643,26.834841,26.250573
2024-03-05,MSFT,108.66155,108.17121,107.19823
2024-03-05,NKE,1.6583382,1.7164255,1.6232594
2024-03-05,VZ,0.13875497,0.13951441,0.13780951
2024-03-05,WMT,1.6668316,1.6915306,1.6802424
2024-03-06,AAPL,8.1587897,8.2614023,7.994622
2024-03-06,AMGN,0.6042012,0.61450141,0.60713152
2024-03-06,CRM,1.6808452,1.6682328,1.6139488
2024-03-06,CSCO,5.2119052,5.2082687,5.1071341
2024-03-06,IBM,2.5680823,2.5708743,2.5168639
2024-03-06,INTC,26.211786,26.598891,25.770899
2024-03-06,MSFT,107.74231,107.47522,107.27597
2024-03-06,NKE,1.6620098,1.6826767,1.6533416
2024-03-06,VZ,0.13692933,0.13660334,0.13701129
2024-03-06,WMT,1.7002687,1.7084763,1.7047371
2024-03-07,AAPL,8.0332695,8.1833979,7.9389602
2024-03-07,AMGN,0.61188828,0.62643803,0.6075802
2024-03-07,CRM,1.6379657,1.6350222,1.6574158
2024-03-07,CSCO,5.159108,5.1364023,5.1021205
2024-03-07,IBM,2.574774,2.5664601,2.5397944
2024-03-07,INTC,26.242843,26.871536,25.489329
2024-03-07,MSFT,106.47993,108.51214,105.33266
2024-03-07,NKE,1.6240591,1.6064106,1.5913177
2024-03-07,VZ,0.13953584,0.14218224,0.1382552
2024-03-07,WMT,1.7009242,1.7147737,1.6946385
2024-03-08,AAPL,7.9683321,8.03056,7.7608384
2024-03-08,AMGN,0.59461898,0.59883517,0.59139443
2024-03-08,CRM,1.6120478,1.6872353,1.5841661
2024-03-08,CSCO,5.2833394,5.3255861,5.2394168
2024-03-08,IBM,2.542541,2.565926,2.4766742
2024-03-08,INTC,25.920559,26.032901,26.175617
2024-03-08,MSFT,107.65575,107.13797,107.34846
2024-03-08,NKE,1.6184751,1.6021844,1.602386
2024-03-08,VZ,0.14095213,0.14297753,0.14237923
2024-03-08,WMT,1.683038,1.6964265,1.6559941
2024-03-11,AAPL,8.0742034,8.0078371,7.9620501
2024-03-11,AMGN,0.60308152,0.6080532,0.5908677
2024-03-11,CRM,1.7372383,1.7605705,1.7051521
2024-03-11,CSCO,5.2983327,5.2981944,5.2596945
2024-03-11,IBM,2.5601601,2.6106482,2.5801247
2024-03-11,INTC,25.742594,26.326477,25.467348
2024-03-11,MSFT,105.3259,106.54929,105.51618
2024-03-11,NKE,1.5967607,1.6177545,1.5945359
2024-03-11,VZ,0.13745213,0.13698647,0.13599002
2024-03-11,WMT,1.6836757,1.6950802,1.6894728
2024-03-12,AAPL,8.1241064,8.1282718,8.0895776
2024-03-12,AMGN,0.60301455,0.608249,0.59793556
2024-03-12,CRM,1.6555707,1.6520458,1.628179
2024-03-12,CSCO,5.1604948,5.1542993,5.141706
2024-03-12,IBM,2.6196339,2.656876,2.6229891
2024-03-12,INTC,25.930004,26.2355,25.782159
2024-03-12,MSFT,103.08989,103.23617,103.13873
2024-03-12,NKE,1.5682777,1.5652577,1.5517061
2024-03-12,VZ,0.13821341,0.13938124,0.13694784
2024-03-12,WMT,1.6572796,1.6718746,1.6195899
2024-03-13,AAPL,7.9978182,8.0070396,8.0342396
2024-03-13,AMGN,0.61541395,0.61692875,0.61708538
2024-03-13,CRM,1.7326403,1.7698939,1.69179
2024-03-13,CSCO,5.1355834,5.1872679,5.0375286
2024-03-13,IBM,2.6145762,2.6362443,2.596575
2024-03-13,INTC,26.282608,26.653909,26.1779
2024-03-13,MSFT,100.88888,101.60249,100.94253
2024-03-13,NKE,1.6093426,1.6306955,1.599694
2024-03-13,VZ,0.1390716,0.14098071,0.13764206
2024-03-13,WMT,1.6512696,1.6644426,1.6317794
2024-03-14,AAPL,7.8860369,7.7352419,7.8030665
2024-03-14,AMGN,0.61833839,0.62258839,0.61127246
2024-03-14,CRM,1.685492,1.7381231,1.6407599
2024-03-14,CSCO,5.0712644,5.1187288,4.9852085
2024-03-14,IBM,2.6244493,2.6596665,2.6264666
2024-03-14,INTC,26.418533,26.334993,26.30446
2024-03-14,MSFT,100.47004,101.3961,100.16512
2024-03-14,NKE,1.5515107,1.5498968,1.533177
2024-03-14,VZ,0.13658325,0.13880553,0.13512088
2024-03-14,WMT,1.6551255,1.6653797,1.6400381
2024-03-15,AAPL,7.5700143,7.569666,7.3065811
2024-03-15,AMGN,0.61725279,0.62215072,0.61321611
2024-03-15,CRM,1.6168763,1.6473862,1.5952046
2024-03-15,CSCO,5.0823966,5.02257,5.056977
2024-03-15,IBM,2.5930666,2.6161162,2.5999744
2024-03-15,INTC,26.030828,26.457776,25.912503
2024-03-15,MSFT,103.58742,105.30948,103.78256
2024-03-15,NKE,1.5747789,1.5958668,1.5496018
2024-03-15,VZ,0.13802696,0.14094362,0.1383114
2024-03-15,WMT,1.6486127,1.6570973,1.6301598
2024-03-18,AAPL,7.8360459,7.861684,7.7902087
2024-03-18,AMGN,0.61159277,0.6227396,0.6078891
2024-03-18,CRM,1.5275208,1.5585111,1.5125454
2024-03-18,CSCO,5.0092524,5.0562236,4.8775995
2024-03-18,IBM,2.5915425,2.5914229,2.6019817
2024-03-18,INTC,25.704659,26.081603,25.829946
2024-03-18,MSFT,105.03858,104.50234,104.91378
2024-03-18,NKE,1.6087259,1.6010226,1.5620268
2024-03-18,VZ,0.1379012,0.13889991,0.13723317
2024-03-18,WMT,1.6795226,1.6785254,1.6796978
2024-03-19,AAPL,7.9502226,7.9980114,7.9965747
2024-03-19,AMGN,0.61058752,0.62721536,0.59670556
2024-03-19,CRM,1.5396429,1.5741001,1.5366334
2024-03-19,CSCO,5.07317,5.1514308,5.0137373
2024-03-19,IBM,2.6583247,2.6905579,2.6023195
2024-03-19,INTC,25.52947,25.872023,25.064051
2024-03-19,MSFT,103.45449,103.28835,102.42855
2024-03-19,NKE,1.591342,1.569123,1.575732
2024-03-19,VZ,0.13591168,0.13479092,0.13294508
2024-03-19,WMT,1.6561009,1.6508042,1.6594127
2024-03-20,AAPL,7.9214903,8.0970036,7.7209834
2024-03-20,AMGN,0.58109209,0.59945099,0.57645394
2024-03-20,CRM,1.4962269,1.5348358,1.4895734
2024-03-20,CSCO,5.0205614,4.9864381,4.9241575
2024-03-20,IBM,2.6544967,2.6664373,2.6737107
2024-03-20,INTC,25.633509,25.881034,25.246433
2024-03-20,MSFT,103.89653,104.92754,104.89549
2024-03-20,NKE,1.5901004,1.5907974,1.5749353
2024-03-20,VZ,0.13368193,0.13415002,0.13387795
2024-03-20,WMT,1.6729165,1.6692741,1.6424368
2024-03-21,AAPL,7.9444169,8.0919253,7.8451288
2024-03-21,AMGN,0.58286723,0.58356442,0.57421997
2024-03-21,CRM,1.4946218,1.5015921,1.472345
2024-03-21,CSCO,5.2734683,5.3555632,5.3155574
2024-03-21,IBM,2.6886671,2.7092537,2.7171069
2024-03-21,INTC,24.9212,24.659455,24.592796
2024-03-21,MSFT,103.76368,103.3489,101.55688
2024-03-21,NKE,1.5945034,1.6008427,1.579626
2024-03-21,VZ,0.13261695,0.13300892,0.13284146
2024-03-21,WMT,1.695751,1.7197199,1.6498666
2024-03-22,AAPL,8.028024,8.1921673,7.8943538
2024-03-22,AMGN,0.58663593,0.5947439,0.5859543
2024-03-22,CRM,1.5274188,1.5610534,1.4920405
2024-03-22,CSCO,5.1263839,5.1314133,5.1076352
2024-03-22,IBM,2.6850316,2.6603935,2.6653988
2024-03-22,INTC,25.060208,25.475493,25.019743
2024-03-22,MSFT,105.47154,106.62251,105.95787
2024-03-22,NKE,1.5527495,1.5704153,1.4936791
2024-03-22,VZ,0.13084293,0.13226742,0.12944749
2024-03-22,WMT,1.6876328,1.6903123,1.6524755
2024-03-25,AAPL,8.202548,8.2701613,8.2458253
2024-03-25,AMGN,0.58591576,0.59444047,0.57547994
2024-03-25,CRM,1.5507754,1.5849371,1.4829051
2024-03-25,CSCO,5.1766873,5.09751,5.026515
2024-03-25,IBM,2.6534889,2.7091569,2.640674
2024-03-25,INTC,24.601274,24.543051,24.137226
2024-03-25,MSFT,107.80286,110.32155,106.02848
2024-03-25,NKE,1.5920297,1.5801522,1.5764835
2024-03-25,VZ,0.12555195,0.12650668,0.12501587
2024-03-25,WMT,1.682192,1.718228,1.6876587
2024-03-26,AAPL,8.3180765,8.3862951,8.0007855
2024-03-26,AMGN,0.56222546,0.57422939,0.55797858
2024-03-26,CRM,1.5244611,1.5736911,1.5049065
2024-03-26,CSCO,5.2003624,5.2191934,5.038166
2024-03-26,IBM,2.6416876,2.658167,2.5621003
2024-03-26,INTC,24.945511,25.330878,24.877109
2024-03-26,MSFT,107.52179,108.55774,105.24614
2024-03-26,NKE,1.573082,1.5825542,1.5600282
2024-03-26,VZ,0.12574674,0.12912469,0.12501857
2024-03-26,WMT,1.6645782,1.6711323,1.6619604
2024-03-27,AAPL,8.5339924,8.6427044,8.4668613
2024-03-27,AMGN,0.5718804,0.5732001,0.56763561
2024-03-27,CRM,1.4740052,1.4707973,1.4725287
2024-03-27,CSCO,5.3120632,5.3031569,5.304399
2024-03-27,IBM,2.6797599,2.7197285,2.6750063
2024-03-27,INTC,24.949006,25.184258,24.550969
2024-03-27,MSFT,105.04919,105.64256,104.39163
2024-03-27,NKE,1.5637551,1.5859451,1.5425214
2024-03-27,VZ,0.12485642,0.12603086,0.12452683
2024-03-27,WMT,1.6357702,1.6171846,1.600648
2024-03-28,AAPL,8.1908997,8.1434016,8.051022
2024-03-28,AMGN,0.57298287,0.56713178,0.57317782
2024-03-28,CRM,1.4343485,1.4452327,1.4181303
2024-03-28,CSCO,5.2901321,5.2904304,5.2748421
2024-03-28,IBM,2.7134286,2.7187244,2.6473176
2024-03-28,INTC,24.988305,24.719776,24.810117
2024-03-28,MSFT,103.14031,105.57629,102.33031
2024-03-28,NKE,1.5064692,1.5215046,1.5176013
2024-03-28,VZ,0.12597834,0.12777749,0.12699348
2024-03-28,WMT,1.6308041,1.6309357,1.6290259
2024-04-01,AAPL,8.336026,8.3734469,8.0903417
2024-04-01,AMGN,0.58404389,0.59355682,0.59032887
2024-04-01,CRM,1.4306072,1.4414835,1.4109537
2024-04-01,CSCO,5.300089,5.3458682,5.3008447
2024-04-01,IBM,2.7275274,2.7652464,2.709998
2024-04-01,INTC,25.096897,25.312197,24.62844
2024-04-01,MSFT,100.20469,100.24546,98.477895
2024-04-01,NKE,1.5214429,1.5232931,1.4946209
2024-04-01,VZ,0.12448927,0.12411244,0.1239006
2024-04-01,WMT,1.6197428,1.6317826,1.6012678
2024-04-02,AAPL,8.2455044,8.3695565,8.0593733
2024-04-02,AMGN,0.58104857,0.59184416,0.56981852
2024-04-02,CRM,1.3594299,1.3569652,1.3377403
2024-04-02,CSCO,5.1901028,5.121007,5.1309324
2024-04-02,IBM,2.711204,2.7010453,2.7181658
2024-04-02,INTC,24.664657,24.571805,24.300427
2024-04-02,MSFT,100.29727,101.10339,99.929195
2024-04-02,NKE,1.5629704,1.5759288,1.5406274
2024-04-02,VZ,0.12372386,0.121925,0.12574359
2024-04-02,WMT,1.6302914,1.6351745,1.6188334
2024-04-03,AAPL,8.2662883,8.2365769,8.2141631
2024-04-03,AMGN,0.56632602,0.57127284,0.56034107
2024-04-03,CRM,1.3203777,1.3340931,1.2794743
2024-04-03,CSCO,5.2726698,5.3631818,5.1926307
2024-04-03,IBM,2.766402,2.7859554,2.7682604
2024-04-03,INTC,24.499509,24.515961,24.390238
2024-04-03,MSFT,98.934119,101.05898,98.835722
2024-04-03,NKE,1.6101217,1.6207913,1.5879584
2024-04-03,VZ,0.12356531,0.12513818,0.12384147
2024-04-03,WMT,1.631748,1.657157,1.6165793
2024-04-04,AAPL,8.2802993,8.4183249,8.2693821
2024-04-04,AMGN,0.55766087,0.56392759,0.54420383
2024-04-04,CRM,1.3127375,1.3251676,1.2568148
2024-04-04,CSCO,5.1321512,5.2081612,5.1047945
2024-04-04,IBM,2.7884288,2.7735789,2.8015399
2024-04-04,INTC,23.811444,24.467333,23.819398
2024-04-04,MSFT,97.357258,97.735876,97.501263
2024-04-04,NKE,1.6263637,1.6502743,1.5982577
2024-04-04,VZ,0.12136577,0.12209494,0.12074067
2024-04-04,WMT,1.6101584,1.619481,1.5945583
2024-04-05,AAPL,8.033666,7.8979975,7.9282241
2024-04-05,AMGN,0.54102018,0.54364182,0.53786559
2024-04-05,CRM,1.3169322,1.3357619,1.3219601
2024-04-05,CSCO,5.1626671,5.161848,5.1046781
2024-04-05,IBM,2.7824618,2.817709,2.7666606
2024-04-05,INTC,23.469081,23.303924,23.474447
2024-04-05,MSFT,99.425312,100.12852,98.408018
2024-04-05,NKE,1.6205642,1.6555927,1.6069866
2024-04-05,VZ,0.1222755,0.12284979,0.12041831
2024-04-05,WMT,1.6162416,1.6233489,1.5972455
2024-04-08,AAPL,7.9639614,8.0493571,8.0522859
2024-04-08,AMGN,0.5566818,0.55540099,0.55114664
2024-04-08,CRM,1.2683631,1.2584484,1.2411213
2024-04-08,CSCO,5.1257951,5.1681379,5.0833961
2024-04-08,IBM,2.7848291,2.7806367,2.7723781
2024-04-08,INTC,23.265301,22.975733,22.628647
2024-04-08,MSFT,99.225563,100.96747,98.442408
2024-04-08,NKE,1.5968018,1.5965776,1.5986881
2024-04-08,VZ,0.11807349,0.11835597,0.1178261
2024-04-08,WMT,1.628278,1.6424765,1.6109818
2024-04-09,AAPL,7.8597263,8.0391883,7.7990914
2024-04-09,AMGN,0.54458063,0.54614381,0.53823274
2024-04-09,CRM,1.2044629,1.2333836,1.2308749
2024-04-09,CSCO,4.9985863,5.080078,4.9203919
2024-04-09,IBM,2.7618104,2.7881737,2.7260879
2024-04-09,INTC,23.295396,23.331251,22.8982
2024-04-09,MSFT,100.77663,102.59395,99.706785
2024-04-09,NKE,1.6109228,1.6164367,1.6160538
2024-04-09,VZ,0.11748738,0.11784224,0.11634793
2024-04-09,WMT,1.686419,1.7040953,1.6776381
2024-04-10,AAPL,8.0341166,8.1239614,8.0153295
2024-04-10,AMGN,0.5379969,0.54332075,0.53068281
2024-04-10,CRM,1.2377663,1.2631338,1.2286002
2024-04-10,CSCO,4.864229,4.8729171,4.7781402
2024-04-10,IBM,2.7225201,2.6926953,2.7258802
2024-04-10,INTC,23.159631,23.062374,22.63621
2024-04-10,MSFT,97.065502,98.038262,95.982608
2024-04-10,NKE,1.6107707,1.6476727,1.6023652
2024-04-10,VZ,0.1180467,0.11995432,0.11722197
2024-04-10,WMT,1.7082883,1.7261725,1.7194258
2024-04-11,AAPL,7.8718674,7.8570397,7.8224925
2024-04-11,AMGN,0.53313836,0.54334918,0.52528684
2024-04-11,CRM,1.2088755,1.1934357,1.1862084
2024-04-11,CSCO,4.8789508,4.9362185,4.7734744
2024-04-11,IBM,2.7798207,2.7926855,2.7355723
2024-04-11,INTC,23.502657,23.556058,23.177053
2024-04-11,MSFT,96.014336,97.085903,93.906551
2024-04-11,NKE,1.6037319,1.6326813,1.6066648
2024-04-11,VZ,0.11443143,0.11652838,0.11324482
2024-04-11,WMT,1.7091251,1.7370696,1.7009011
2024-04-12,AAPL,8.0290137,8.0838766,7.828044
2024-04-12,AMGN,0.53279428,0.53818954,0.51940241
2024-04-12,CRM,1.2137331,1.2337998,1.2146978
2024-04-12,CSCO,4.8346615,4.7909763,4.7502599
2024-04-12,IBM,2.7277452,2.7493789,2.6892647
2024-04-12,INTC,24.372094,24.419922,23.559423
2024-04-12,MSFT,95.030563,95.489799,93.894414
2024-04-12,NKE,1.5500385,1.5419539,1.5678281
2024-04-12,VZ,0.11388328,0.11455709,0.11685899
2024-04-12,WMT,1.6799824,1.6689491,1.6579955
2024-04-15,AAPL,8.0889541,8.0261362,8.0075372
2024-04-15,AMGN,0.53780786,0.5355855,0.5276886
2024-04-15,CRM,1.1816335,1.1922846,1.1932946
2024-04-15,CSCO,4.6591224,4.7739891,4.5263257
2024-04-15,IBM,2.7602881,2.7617013,2.7634723
2024-04-15,INTC,24.962769,25.517398,24.741034
2024-04-15,MSFT,92.878126,93.371071,91.827549
2024-04-15,NKE,1.5477392,1.581027,1.5248486
2024-04-15,VZ,0.11153035,0.11297673,0.11011002
2024-04-15,WMT,1.6823889,1.7007126,1.66071
2024-04-16,AAPL,8.1868949,8.2862988,8.0487618
2024-04-16,AMGN,0.53073862,0.53457506,0.52389849
2024-04-16,CRM,1.1440841,1.1315758,1.1509885
2024-04-16,CSCO,4.4633249,4.4883087,4.4199942
2024-04-16,IBM,2.7514336,2.8135302,2.7266882
2024-04-16,INTC,25.062135,25.510947,25.143889
2024-04-16,MSFT,93.028447,95.624072,92.167208
2024-04-16,NKE,1.551132,1.5681852,1.5211914
2024-04-16,VZ,0.11147829,0.11251073,0.11020377
2024-04-16,WMT,1.6826465,1.678331,1.6665783
2024-04-17,AAPL,8.2986152,8.3694559,8.1125717
2024-04-17,AMGN,0.51636153,0.52335154,0.51166149
2024-04-17,CRM,1.1283299,1.1405702,1.1143851
2024-04-17,CSCO,4.4966763,4.5256265,4.5024752
2024-04-17,IBM,2.8354544,2.890617,2.7819886
2024-04-17,INTC,25.081083,24.980273,24.672959
2024-04-17,MSFT,89.930817,90.807911,90.284918
2024-04-17,NKE,1.5594328,1.5585263,1.5833884
2024-04-17,VZ,0.11320397,0.11528588,0.11164681
2024-04-17,WMT,1.6332462,1.6493105,1.6292795
2024-04-18,AAPL,8.3477001,8.4221005,8.2830429
2024-04-18,AMGN,0.5218213,0.52711683,0.52335903
2024-04-18,CRM,1.0815678,1.1061376,1.0807422
2024-04-18,CSCO,4.4759792,4.4393581,4.4086285
2024-04-18,IBM,2.8294257,2.8491948,2.7731926
2024-04-18,INTC,25.273749,25.262008,24.715674
2024-04-18,MSFT,93.554452,93.767678,93.653186
2024-04-18,NKE,1.5337516,1.5398662,1.5566079
2024-04-18,VZ,0.10983013,0.10886238,0.10818962
2024-04-18,WMT,1.6138503,1.6194942,1.6188793
2024-04-19,AAPL,8.0420108,8.1373115,7.9503425
2024-04-19,AMGN,0.52128491,0.52622384,0.51233056
2024-04-19,CRM,1.0878931,1.1334038,1.1082354
2024-04-19,CSCO,4.4117566,4.4056591,4.3850805
2024-04-19,IBM,2.9193539,2.9529964,2.9247405
2024-04-19,INTC,25.227185,25.568398,25.048886
2024-04-19,MSFT,92.023323,92.181028,90.912042
2024-04-19,NKE,1.5339074,1.5345095,1.5249733
2024-04-19,VZ,0.10923258,0.11068542,0.10884272
2024-04-19,WMT,1.5980397,1.6019181,1.58828
2024-04-22,AAPL,8.5491658,8.712536,8.6082321
2024-04-22,AMGN,0.5182327,0.52619195,0.51793703
2024-04-22,CRM,1.1002298,1.126607,1.0774798
2024-04-22,CSCO,4.2667244,4.3017423,4.2035318
2024-04-22,IBM,2.9329386,2.979878,2.9307812
2024-04-22,INTC,25.596749,25.418018,25.076784
2024-04-22,MSFT,91.642822,92.559086,90.794281
2024-04-22,NKE,1.5554603,1.5818627,1.5641416
2024-04-22,VZ,0.10746067,0.10724845,0.10719236
2024-04-22,WMT,1.6255496,1.6482846,1.6069749
2024-04-23,AAPL,8.4453256,8.4845097,8.4058102
2024-04-23,AMGN,0.51189997,0.50673572,0.50056215
2024-04-23,CRM,1.1540788,1.1698101,1.1115481
2024-04-23,CSCO,4.1946761,4.1984165,4.1624975
2024-04-23,IBM,2.9348764,2.917101,2.9178674
2024-04-23,INTC,24.720222,24.643868,24.416273
2024-04-23,MSFT,89.026337,92.115384,89.77113
2024-04-23,NKE,1.5491687,1.583146,1.5188784
2024-04-23,VZ,0.10681584,0.10646953,0.10557053
2024-04-23,WMT,1.6108338,1.625664,1.6051241
2024-04-24,AAPL,8.444917,8.5953702,8.4228756
2024-04-24,AMGN,0.49504591,0.49078223,0.4928949
2024-04-24,CRM,1.1754299,1.1820605,1.181969
2024-04-24,CSCO,4.0894619,4.1492657,4.0336885
2024-04-24,IBM,3.0132053,3.0530768,3.062976
2024-04-24,INTC,24.547654,24.184395,24.233768
2024-04-24,MSFT,89.271613,88.954859,87.312463
2024-04-24,NKE,1.5957394,1.6124822,1.6018501
2024-04-24,VZ,0.10760475,0.1076208,0.1080028
2024-04-24,WMT,1.6141359,1.6233863,1.5855529
2024-04-25,AAPL,8.2045874,8.2519179,8.0875642
2024-04-25,AMGN,0.49696137,0.4983217,0.48983199
2024-04-25,CRM,1.1731046,1.2182202,1.188511
2024-04-25,CSCO,4.0094211,3.9857276,3.890847
2024-04-25,IBM,3.0022716,3.0671311,2.9564554
2024-04-25,INTC,24.199477,24.50724,23.53106
2024-04-25,MSFT,89.463961,90.021118,88.961344
2024-04-25,NKE,1.6133751,1.6180339,1.6084477
2024-04-25,VZ,0.10940982,0.1084403,0.10776303
2024-04-25,WMT,1.6011184,1.6100537,1.5882308
2024-04-26,AAPL,7.9947426,8.1210729,7.720364
2024-04-26,AMGN,0.50732475,0.51720641,0.49930585
2024-04-26,CRM,1.2386525,1.265663,1.2005791
2024-04-26,CSCO,3.9834097,4.0023295,3.9983108
2024-04-26,IBM,2.9969972,3.0236403,3.0204177
2024-04-26,INTC,24.091867,24.375271,24.157972
2024-04-26,MSFT,88.281008,89.553918,87.081256
2024-04-26,NKE,1.5611418,1.583024,1.5390194
2024-04-26,VZ,0.10735229,0.10806213,0.10600377
2024-04-26,WMT,1.5976831,1.6050518,1.5774201
2024-04-29,AAPL,7.9733486,8.0842973,7.8892268
2024-04-29,AMGN,0.50839996,0.52386358,0.50957608
2024-04-29,CRM,1.2646646,1.2625157,1.2421272
2024-04-29,CSCO,4.0152648,4.0681755,3.9421049
2024-04-29,IBM,2.9997193,2.9992886,2.9801081
2024-04-29,INTC,23.791412,23.886846,23.515518
2024-04-29,MSFT,89.907929,89.761308,90.180248
2024-04-29,NKE,1.5493437,1.5384889,1.5410885
2024-04-29,VZ,0.10625071,0.10697383,0.10567904
2024-04-29,WMT,1.5482552,1.5744618,1.5432887
2024-04-30,AAPL,8.1221017,8.2085433,8.1359958
2024-04-30,AMGN,0.51344003,0.52707171,0.50816498
2024-04-30,CRM,1.2639466,1.2936355,1.2513205
2024-04-30,CSCO,4.0383449,4.0643626,3.8850989
2024-04-30,IBM,3.0056437,3.0431442,2.9835788
2024-04-30,INTC,23.882184,24.732952,23.827877
2024-04-30,MSFT,88.242704,88.567205,86.559918
2024-04-30,NKE,1.5428272,1.5467425,1.5200073
2024-04-30,VZ,0.10439281,0.10434637,0.10295291
2024-04-30,WMT,1.5194502,1.5342018,1.5072541
2024-05-01,AAPL,7.7017024,7.8933414,7.606903
2024-05-01,AMGN,0.5041456,0.5097676,0.48906932
2024-05-01,CRM,1.253936,1.2584317,1.2239819
2024-05-01,CSCO,4.1112487,4.1860074,4.0418029
2024-05-01,IBM,2.9634805,3.0392512,2.9619554
2024-05-01,INTC,23.250342,23.565382,22.95946
2024-05-01,MSFT,85.129357,85.912189,82.101273
2024-05-01,NKE,1.5680331,1.5809909,1.5338786
2024-05-01,VZ,0.10457736,0.10453542,0.10335175
2024-05-01,WMT,1.500869,1.5095823,1.4752837
2024-05-02,AAPL,7.7157477,7.9457335,7.5531005
2024-05-02,AMGN,0.49869121,0.50414782,0.49568246
2024-05-02,CRM,1.2929108,1.2710349,1.2603599
2024-05-02,CSCO,4.0387694,4.0951406,3.9958794
2024-05-02,IBM,2.9919406,3.0176606,3.0318071
2024-05-02,INTC,22.991865,22.963648,23.170796
2024-05-02,MSFT,86.80033,88.687572,86.118596
2024-05-02,NKE,1.5744742,1.5991827,1.5564188
2024-05-02,VZ,0.10602826,0.10495293,0.10606729
2024-05-02,WMT,1.478488,1.4995387,1.4468287
2024-05-03,AAPL,7.8587945,7.949611,7.7075176
2024-05-03,AMGN,0.48601024,0.49360994,0.47169043
2024-05-03,CRM,1.2556239,1.2694361,1.269217
2024-05-03,CSCO,4.0112374,4.0821089,3.9939101
2024-05-03,IBM,2.9323669,2.988707,2.8990942
2024-05-03,INTC,22.49109,22.877888,21.714261
2024-05-03,MSFT,86.10435,85.989804,86.274401
2024-05-03,NKE,1.5652212,1.5579177,1.5396619
2024-05-03,VZ,0.102797,0.10402048,0.10293228
2024-05-03,WMT,1.4743141,1.4877227,1.4689658
2024-05-06,AAPL,7.8863807,8.034971,7.868592
2024-05-06,AMGN,0.48431522,0.49900216,0.48591799
2024-05-06,CRM,1.2404772,1.244903,1.220444
2024-05-06,CSCO,3.9536632,3.9595377,3.9163701
2024-05-06,IBM,2.9011898,2.9045016,2.8960901
2024-05-06,INTC,22.668905,22.902979,22.693658
2024-05-06,MSFT,86.628978,87.261341,87.244828
2024-05-06,NKE,1.5803864,1.6235547,1.5789137
2024-05-06,VZ,0.10265827,0.10429295,0.10209387
2024-05-06,WMT,1.4782651,1.4974901,1.4873975
2024-05-07,AAPL,7.8505629,7.8930799,7.7785751
2024-05-07,AMGN,0.48277957,0.4824458,0.48207467
2024-05-07,CRM,1.2156329,1.247101,1.1797234
2024-05-07,CSCO,3.9302476,3.9680887,3.903305
2024-05-07,IBM,2.878425,2.8939268,2.8715571
2024-05-07,INTC,22.104083,22.190111,21.803859
2024-05-07,MSFT,88.197158,88.784182,87.684999
2024-05-07,NKE,1.5320895,1.5552544,1.5088505
2024-05-07,VZ,0.10066299,0.10197875,0.099753933
2024-05-07,WMT,1.4734293,1.4809416,1.4586061
2024-05-08,AAPL,7.8745555,8.0831945,7.8521093
2024-05-08,AMGN,0.47691008,0.48917274,0.46574433
2024-05-08,CRM,1.2173772,1.2087308,1.1878756
2024-05-08,CSCO,3.7998234,3.8199998,3.7293775
2024-05-08,IBM,2.8617429,2.9003289,2.8423298
2024-05-08,INTC,22.108131,22.003484,21.809847
2024-05-08,MSFT,88.037073,90.501335,86.40573
2024-05-08,NKE,1.5165951,1.5126203,1.4843281
2024-05-08,VZ,0.098386617,0.099327732,0.099242629
2024-05-08,WMT,1.4750969,1.4971813,1.4403235
2024-05-09,AAPL,7.9720388,7.9144952,7.9912813
2024-05-09,AMGN,0.47864493,0.49501673,0.47620113
2024-05-09,CRM,1.1923899,1.2100589,1.1992911
2024-05-09,CSCO,3.7423812,3.7553443,3.7125846
2024-05-09,IBM,2.8335499,2.8350524,2.8250323
2024-05-09,INTC,21.402295,21.668261,21.379096
2024-05-09,MSFT,87.422269,88.384741,86.124594
2024-05-09,NKE,1.5380793,1.5304021,1.5229766
2024-05-09,VZ,0.095963371,0.095111484,0.095319452
2024-05-09,WMT,1.4763837,1.4889625,1.471896
2024-05-10,AAPL,8.2664762,8.4776493,8.1613795
2024-05-10,AMGN,0.4745665,0.47999409,0.46253297
2024-05-10,CRM,1.1788511,1.1834595,1.1775847
2024-05-10,CSCO,3.5456838,3.6099846,3.5180049
2024-05-10,IBM,2.8194519,2.8309652,2.8301276
2024-05-10,INTC,22.081426,22.073844,21.933102
2024-05-10,MSFT,85.600709,86.371029,83.246982
2024-05-10,NKE,1.5159182,1.5044357,1.4980843
2024-05-10,VZ,0.095589665,0.097552462,0.093267551
2024-05-10,WMT,1.4449812,1.4526727,1.4589364
2024-05-13,AAPL,8.1494267,7.9760813,8.0364631
2024-05-13,AMGN,0.46459711,0.47363471,0.46130645
2024-05-13,CRM,1.200019,1.1933391,1.1401456
2024-05-13,CSCO,3.5409303,3.6057532,3.4632314
2024-05-13,IBM,2.7582289,2.7719513,2.6930085
2024-05-13,INTC,22.331345,22.731832,22.000547
2024-05-13,MSFT,83.295801,83.636159,82.408559
2024-05-13,NKE,1.5181927,1.5336333,1.4914591
2024-05-13,VZ,0.097817973,0.098233133,0.097826218
2024-05-13,WMT,1.4337688,1.4356772,1.4388137
2024-05-14,AAPL,8.0402335,8.1103897,7.9263724
2024-05-14,AMGN,0.47824777,0.4816553,0.46900768
2024-05-14,CRM,1.2153617,1.2460275,1.1908181
2024-05-14,CSCO,3.478738,3.5428552,3.4319018
2024-05-14,IBM,2.7631924,2.7873617,2.7321444
2024-05-14,INTC,22.163092,22.406387,22.223692
2024-05-14,MSFT,85.331922,85.214584,86.128367
2024-05-14,NKE,1.505102,1.526323,1.4941858
2024-05-14,VZ,0.097909474,0.099537189,0.097095815
2024-05-14,WMT,1.428955,1.4205045,1.4261176
2024-05-15,AAPL,8.1546939,8.1505498,7.9972054
2024-05-15,AMGN,0.46872889,0.47204227,0.4604851
2024-05-15,CRM,1.2235436,1.2279959,1.186701
2024-05-15,CSCO,3.4232245,3.5027655,3.3754996
2024-05-15,IBM,2.7674256,2.8380241,2.764597
2024-05-15,INTC,21.583946,21.301098,21.635329
2024-05-15,MSFT,82.237838,82.146979,81.314729
2024-05-15,NKE,1.4875847,1.5114491,1.482416
2024-05-15,VZ,0.097458311,0.098540673,0.095949629
2024-05-15,WMT,1.4356348,1.440253,1.4370327
2024-05-16,AAPL,8.1776904,8.2898594,8.0959994
2024-05-16,AMGN,0.47634031,0.48565008,0.4743128
2024-05-16,CRM,1.22562,1.2332492,1.2268539
2024-05-16,CSCO,3.3328587,3.3571922,3.2862102
2024-05-16,IBM,2.7281628,2.726552,2.7192177
2024-05-16,INTC,21.676412,21.537856,21.727633
2024-05-16,MSFT,82.206517,82.426395,80.742797
2024-05-16,NKE,1.4500207,1.4689623,1.4391711
2024-05-16,VZ,0.095994039,0.096702362,0.094906901
2024-05-16,WMT,1.4138185,1.4442744,1.3910062
2024-05-17,AAPL,8.0302709,8.0109548,7.9959259
2024-05-17,AMGN,0.46349403,0.46428343,0.4537986
2024-05-17,CRM,1.1875084,1.2003815,1.1872756
2024-05-17,CSCO,3.3107731,3.3502816,3.2523387
2024-05-17,IBM,2.7459921,2.7602886,2.7396618
2024-05-17,INTC,21.858766,22.331275,21.420525
2024-05-17,MSFT,80.335662,80.453762,79.260398
2024-05-17,NKE,1.4612531,1.4641691,1.4282349
2024-05-17,VZ,0.096005202,0.096189783,0.093781415
2024-05-17,WMT,1.382751,1.3939327,1.3929107
2024-05-20,AAPL,8.2566189,8.3519067,8.0892726
2024-05-20,AMGN,0.46596065,0.46252185,0.4666141
2024-05-20,CRM,1.1567321,1.1735336,1.1483097
2024-05-20,CSCO,3.3110863,3.3760804,3.2636857
2024-05-20,IBM,2.803126,2.8531075,2.7851625
2024-05-20,INTC,22.215245,22.367179,21.904849
2024-05-20,MSFT,79.314465,80.020765,77.715318
2024-05-20,NKE,1.4533715,1.480341,1.424879
2024-05-20,VZ,0.096713992,0.097451066,0.096867607
2024-05-20,WMT,1.3847651,1.4197719,1.3987109
2024-05-21,AAPL,8.2525305,8.4085292,8.2040755
2024-05-21,AMGN,0.47614906,0.48297065,0.47686102
2024-05-21,CRM,1.1735963,1.1732877,1.1450092
2024-05-21,CSCO,3.2839699,3.2906141,3.2810375
2024-05-21,IBM,2.8258131,2.7908757,2.8353339
2024-05-21,INTC,22.344944,22.710884,22.088979
2024-05-21,MSFT,78.541264,78.749671,78.858074
2024-05-21,NKE,1.4333713,1.4592912,1.4274622
2024-05-21,VZ,0.096146121,0.097054366,0.094665541
2024-05-21,WMT,1.3726067,1.3722811,1.3591262
2024-05-22,AAPL,8.0825972,8.1138721,7.8730984
2024-05-22,AMGN,0.46968129,0.47511342,0.46491572
2024-05-22,CRM,1.2139143,1.2084363,1.207246
2024-05-22,CSCO,3.3930418,3.4844887,3.3747153
2024-05-22,IBM,2.8167469,2.8374344,2.8178701
2024-05-22,INTC,21.986584,21.968173,21.815587
2024-05-22,MSFT,78.040333,78.762414,77.267386
2024-05-22,NKE,1.439107,1.4631554,1.4344994
2024-05-22,VZ,0.09578499,0.095139853,0.093342279
2024-05-22,WMT,1.3676529,1.3731288,1.3608281
2024-05-23,AAPL,8.0092685,8.3083006,7.8801895
2024-05-23,AMGN,0.47161626,0.47724033,0.46239145
2024-05-23,CRM,1.2791276,1.3177856,1.2854002
2024-05-23,CSCO,3.3811308,3.4421548,3.3716633
2024-05-23,IBM,2.7961622,2.8379215,2.7545376
2024-05-23,INTC,21.637353,21.84302,21.506988
2024-05-23,MSFT,78.873847,78.4711,78.539564
2024-05-23,NKE,1.4132526,1.4226054,1.4073274
2024-05-23,VZ,0.09506583,0.096506242,0.093898371
2024-05-23,WMT,1.3490846,1.3482857,1.3414663
2024-05-24,AAPL,8.0277323,8.0557335,8.0767134
2024-05-24,AMGN,0.45801485,0.46745382,0.45676212
2024-05-24,CRM,1.2769926,1.2823774,1.2664307
2024-05-24,CSCO,3.4272376,3.5064236,3.3411124
2024-05-24,IBM,2.7468651,2.7601056,2.7409118
2024-05-24,INTC,21.814087,21.969017,21.325762
2024-05-24,MSFT,79.10138,80.987464,79.634294
2024-05-24,NKE,1.4258409,1.4382588,1.3978043
2024-05-24,VZ,0.095253499,0.096195325,0.092632259
2024-05-24,WMT,1.3361487,1.3552139,1.32086
2024-05-28,AAPL,8.0494432,8.1318126,7.8531966
2024-05-28,AMGN,0.44460432,0.45430196,0.44041791
2024-05-28,CRM,1.3312795,1.329079,1.3229146
2024-05-28,CSCO,3.5147518,3.5570137,3.4295462
2024-05-28,IBM,2.7549676,2.8013132,2.7243549
2024-05-28,INTC,22.14295,22.589108,22.165091
2024-05-28,MSFT,78.373182,79.526384,78.010961
2024-05-28,NKE,1.4327809,1.4370774,1.4044095
2024-05-28,VZ,0.095840459,0.095021452,0.093743878
2024-05-28,WMT,1.3296141,1.3382216,1.3364983
2024-05-29,AAPL,8.2865309,8.2925083,8.0992317
2024-05-29,AMGN,0.43721616,0.44477401,0.42172037
2024-05-29,CRM,1.2582114,1.2959691,1.2753229
2024-05-29,CSCO,3.5075375,3.4930037,3.408347
2024-05-29,IBM,2.6855388,2.6840333,2.6700614
2024-05-29,INTC,22.05244,22.387194,22.502046
2024-05-29,MSFT,80.099901,78.497499,78.725769
2024-05-29,NKE,1.4038067,1.4110381,1.4212592
2024-05-29,VZ,0.094486815,0.096087849,0.093469601
2024-05-29,WMT,1.3210437,1.3286116,1.3134705
2024-05-30,AAPL,8.2077093,8.1347268,8.1040803
2024-05-30,AMGN,0.42938962,0.44374549,0.43335397
2024-05-30,CRM,1.2268989,1.2737324,1.2051799
2024-05-30,CSCO,3.5481605,3.514186,3.5027896
2024-05-30,IBM,2.71764,2.7379237,2.6810402
2024-05-30,INTC,21.957754,22.342089,21.545532
2024-05-30,MSFT,79.500202,80.173886,78.499267
2024-05-30,NKE,1.3673171,1.3740887,1.3438346
2024-05-30,VZ,0.094487994,0.095640725,0.093239588
2024-05-30,WMT,1.3330576,1.3582806,1.3290397
2024-05-31,AAPL,8.1322101,8.3467558,8.0933896
2024-05-31,AMGN,0.41772884,0.41990692,0.40923061
2024-05-31,CRM,1.2167544,1.2254498,1.1932561
2024-05-31,CSCO,3.5138654,3.4951611,3.4974985
2024-05-31,IBM,2.703365,2.7436235,2.7116601
2024-05-31,INTC,22.145388,22.32237,21.759283
2024-05-31,MSFT,77.831947,77.853028,78.23186
2024-05-31,NKE,1.3316826,1.3159459,1.315942
2024-05-31,VZ,0.090600795,0.091654779,0.087667521
2024-05-31,WMT,1.3371191,1.3594446,1.3174715
2024-06-03,AAPL,8.2139483,8.3604638,7.9813052
2024-06-03,AMGN,0.40751237,0.41440732,0.40183491
2024-06-03,CRM,1.1436888,1.172491,1.1089124
2024-06-03,CSCO,3.5294145,3.5418663,3.490388
2024-06-03,IBM,2.6980964,2.71658,2.6902339
2024-06-03,INTC,22.240926,22.270841,21.990144
2024-06-03,MSFT,77.627543,76.880446,76.659596
2024-06-03,NKE,1.3396048,1.3741472,1.3313318
2024-06-03,VZ,0.087653945,0.086722314,0.086498184
2024-06-03,WMT,1.3077248,1.3166504,1.3068665
2024-06-04,AAPL,8.454647,8.4906643,8.3117669
2024-06-04,AMGN,0.39915714,0.40162494,0.39168709
2024-06-04,CRM,1.1534534,1.1937426,1.1477975
2024-06-04,CSCO,3.5485974,3.533823,3.5067728
2024-06-04,IBM,2.6699451,2.6987404,2.6830354
2024-06-04,INTC,22.126231,22.441615,22.08392
2024-06-04,MSFT,77.873521,81.08843,77.532316
2024-06-04,NKE,1.3723586,1.4063118,1.3590852
2024-06-04,VZ,0.0865342,0.086643598,0.085258862
2024-06-04,WMT,1.3126886,1.3438229,1.3101999
2024-06-05,AAPL,8.6551862,8.6147487,8.6359373
2024-06-05,AMGN,0.40907479,0.4160582,0.40080459
2024-06-05,CRM,1.1475613,1.1488848,1.1309002
2024-06-05,CSCO,3.5032468,3.5427186,3.5553921
2024-06-05,IBM,2.6992719,2.684212,2.6618843
2024-06-05,INTC,22.176785,22.643402,21.673439
2024-06-05,MSFT,76.838855,78.97139,75.729929
2024-06-05,NKE,1.3709535,1.3879256,1.3577986
2024-06-05,VZ,0.086221501,0.086037297,0.085145193
2024-06-05,WMT,1.2980374,1.293977,1.3005222
2024-06-06,AAPL,8.7465921,8.6447619,8.6888227
2024-06-06,AMGN,0.39884341,0.40786029,0.39383553
2024-06-06,CRM,1.1728988,1.18636,1.1540309
2024-06-06,CSCO,3.4941011,3.5051016,3.5192961
2024-06-06,IBM,2.6682145,2.7008815,2.6332859
2024-06-06,INTC,22.057656,21.918216,22.01424
2024-06-06,MSFT,77.011779,78.182258,75.608357
2024-06-06,NKE,1.3517902,1.3415939,1.347094
2024-06-06,VZ,0.086230006,0.08687466,0.084848592
2024-06-06,WMT,1.2757069,1.2784492,1.2694104
2024-06-07,AAPL,8.840932,8.8899594,8.9059253
2024-06-07,AMGN,0.38618074,0.38883985,0.38647731
2024-06-07,CRM,1.1838855,1.2314134,1.144134
2024-06-07,CSCO,3.5080643,3.509607,3.5219822
2024-06-07,IBM,2.6506169,2.701216,2.6297399
2024-06-07,INTC,22.368669,22.620183,21.870466
2024-06-07,MSFT,76.566709,77.095244,75.310081
2024-06-07,NKE,1.3642498,1.3645451,1.3769163
2024-06-07,VZ,0.087398117,0.089448031,0.085781541
2024-06-07,WMT,1.2825617,1.2820733,1.2531327
2024-06-10,AAPL,8.6100191,8.6488476,8.5914994
2024-06-10,AMGN,0.37735595,0.37961957,0.37228138
2024-06-10,CRM,1.1827959,1.1732908,1.1574596
2024-06-10,CSCO,3.4934462,3.5114981,3.4653299
2024-06-10,IBM,2.6891183,2.7347598,2.6954537
2024-06-10,INTC,22.402593,22.703249,21.805611
2024-06-10,MSFT,77.010908,76.51747,77.089575
2024-06-10,NKE,1.34961,1.3538672,1.3437854
2024-06-10,VZ,0.087905,0.089018089,0.087879813
2024-06-10,WMT,1.2623296,1.2727706,1.2574322
2024-06-11,AAPL,8.6717826,8.696692,8.6755114
2024-06-11,AMGN,0.36579668,0.3675746,0.35602918
2024-06-11,CRM,1.1763253,1.1944047,1.1552416
2024-06-11,CSCO,3.503493,3.6038441,3.4421713
2024-06-11,IBM,2.6631146,2.6766175,2.6337795
2024-06-11,INTC,22.228706,22.767241,22.085581
2024-06-11,MSFT,78.093804,77.77863,77.240578
2024-06-11,NKE,1.3379456,1.3414294,1.3313303
2024-06-11,VZ,0.087739086,0.088641255,0.087042862
2024-06-11,WMT,1.2812778,1.3056991,1.2651259
2024-06-12,AAPL,8.8538902,8.8999243,8.7290665
2024-06-12,AMGN,0.35446524,0.35624099,0.3520518
2024-06-12,CRM,1.1632492,1.1890712,1.1409753
2024-06-12,CSCO,3.4378262,3.4819462,3.4225987
2024-06-12,IBM,2.6611682,2.6587781,2.6553926
2024-06-12,INTC,22.29116,22.519532,22.231242
2024-06-12,MSFT,78.083657,79.097116,77.222658
2024-06-12,NKE,1.3569819,1.3774044,1.3416726
2024-06-12,VZ,0.086467423,0.087357021,0.085817253
2024-06-12,WMT,1.2860426,1.3020598,1.2658072
2024-06-13,AAPL,8.6039902,8.5471349,8.5545557
2024-06-13,AMGN,0.35018878,0.35881433,0.35624551
2024-06-13,CRM,1.1408988,1.1322951,1.1102491
2024-06-13,CSCO,3.3141847,3.3651885,3.2553122
2024-06-13,IBM,2.6770167,2.7202562,2.6503003
2024-06-13,INTC,22.174014,22.205219,21.973076
2024-06-13,MSFT,78.861461,79.567289,79.330684
2024-06-13,NKE,1.3406495,1.338173,1.3489513
2024-06-13,VZ,0.083738872,0.083050911,0.083534656
2024-06-13,WMT,1.2859924,1.2848745,1.2825677
2024-06-14,AAPL,8.5794243,8.6609894,8.5328658
2024-06-14,AMGN,0.349546,0.35449795,0.34673306
2024-06-14,CRM,1.0942683,1.095238,1.0813555
2024-06-14,CSCO,3.3346321,3.350127,3.3275252
2024-06-14,IBM,2.6470544,2.6899179,2.626627
2024-06-14,INTC,22.209344,22.900783,21.863558
2024-06-14,MSFT,78.979821,78.961899,76.961646
2024-06-14,NKE,1.3676405,1.3657984,1.3782132
2024-06-14,VZ,0.08317739,0.085134227,0.081876737
2024-06-14,WMT,1.2978583,1.2995929,1.307444
2024-06-17,AAPL,8.5613406,8.5654618,8.4042333
2024-06-17,AMGN,0.34906046,0.35132777,0.34831395
2024-06-17,CRM,1.1495789,1.1519894,1.1395362
2024-06-17,CSCO,3.402375,3.508307,3.3435171
2024-06-17,IBM,2.6701083,2.6809576,2.6613372
2024-06-17,INTC,21.868383,21.858186,21.734468
2024-06-17,MSFT,80.449517,81.022175,81.033578
2024-06-17,NKE,1.3740989,1.4055413,1.362184
2024-06-17,VZ,0.083770497,0.083947253,0.082954483
2024-06-17,WMT,1.3014785,1.3261663,1.2964995
2024-06-18,AAPL,8.77471,8.8648671,8.5758718
2024-06-18,AMGN,0.34951313,0.3603395,0.34194738
2024-06-18,CRM,1.1119629,1.1537522,1.1099672
2024-06-18,CSCO,3.4034597,3.4286129,3.3574881
2024-06-18,IBM,2.6940613,2.7235165,2.7158916
2024-06-18,INTC,22.017554,22.243045,21.803706
2024-06-18,MSFT,80.0065,80.346827,79.434287
2024-06-18,NKE,1.3810834,1.4109535,1.3724506
2024-06-18,VZ,0.082439006,0.082127582,0.082333237
2024-06-18,WMT,1.3090932,1.3160777,1.327608
2024-06-20,AAPL,8.472857,8.515703,8.2596136
2024-06-20,AMGN,0.35783626,0.3598241,0.3503122
2024-06-20,CRM,1.1345828,1.1266043,1.1259686
2024-06-20,CSCO,3.4383806,3.4449478,3.4182787
2024-06-20,IBM,2.6793851,2.724748,2.6324179
2024-06-20,INTC,22.276366,22.656731,21.856863
2024-06-20,MSFT,79.936911,81.546168,78.791946
2024-06-20,NKE,1.407257,1.4240093,1.3928663
2024-06-20,VZ,0.082084485,0.083540401,0.081784
2024-06-20,WMT,1.3029572,1.2944488,1.3048613
2024-06-21,AAPL,8.4742916,8.6092825,8.3192514
2024-06-21,AMGN,0.3556604,0.35439666,0.347735
2024-06-21,CRM,1.1368335,1.1512561,1.1094164
2024-06-21,CSCO,3.3869745,3.4639051,3.3798647
2024-06-21,IBM,2.6085262,2.6157109,2.5874511
2024-06-21,INTC,22.321351,22.149977,22.291384
2024-06-21,MSFT,80.370225,80.33159,79.006828
2024-06-21,NKE,1.410331,1.422148,1.4182413
2024-06-21,VZ,0.080596113,0.082284128,0.07943072
2024-06-21,WMT,1.2983727,1.2994122,1.3014087
2024-06-24,AAPL,8.8423229,8.9859982,8.7105731
2024-06-24,AMGN,0.35781987,0.35723171,0.35666397
2024-06-24,CRM,1.0913211,1.0953938,1.0716345
2024-06-24,CSCO,3.3364777,3.3964023,3.2993361
2024-06-24,IBM,2.5563493,2.6165215,2.5034838
2024-06-24,INTC,22.484111,22.824752,22.659685
2024-06-24,MSFT,78.11663,78.258772,76.129424
2024-06-24,NKE,1.426703,1.4597783,1.4322453
2024-06-24,VZ,0.080144703,0.080983429,0.080536293
2024-06-24,WMT,1.3092395,1.3047785,1.2918879
2024-06-25,AAPL,8.7380257,8.792175,8.8453004
2024-06-25,AMGN,0.3589337,0.36403265,0.35633736
2024-06-25,CRM,1.1066526,1.12148,1.0633197
2024-06-25,CSCO,3.3736612,3.3834106,3.3538166
2024-06-25,IBM,2.505666,2.5393702,2.4911146
2024-06-25,INTC,22.446978,22.696676,22.315539
2024-06-25,MSFT,77.462278,77.48419,76.692734
2024-06-25,NKE,1.4110648,1.4235182,1.4098864
2024-06-25,VZ,0.077426591,0.07857179,0.077437898
2024-06-25,WMT,1.3053646,1.3185956,1.2897718
2024-06-26,AAPL,8.5253228,8.790049,8.6320107
2024-06-26,AMGN,0.35623693,0.35973131,0.35160853
2024-06-26,CRM,1.1236683,1.1377019,1.0982183
2024-06-26,CSCO,3.406742,3.4236998,3.419747
2024-06-26,IBM,2.4793352,2.5148239,2.4521146
2024-06-26,INTC,22.591307,22.70342,22.345347
2024-06-26,MSFT,77.035351,77.877435,76.157558
2024-06-26,NKE,1.4122212,1.437981,1.4280284
2024-06-26,VZ,0.076010998,0.075432136,0.075774754
2024-06-26,WMT,1.310706,1.3291305,1.3162946
2024-06-27,AAPL,8.2740798,8.3809998,8.3092658
2024-06-27,AMGN,0.34747318,0.34634578,0.33973869
2024-06-27,CRM,1.0837251,1.0916229,1.0537662
2024-06-27,CSCO,3.3776284,3.3605669,3.2694893
2024-06-27,IBM,2.4116338,2.4086116,2.3991946
2024-06-27,INTC,22.139592,22.612109,21.759203
2024-06-27,MSFT,76.378564,77.163691,75.663883
2024-06-27,NKE,1.4027294,1.4102743,1.37333
2024-06-27,VZ,0.076077359,0.07577065,0.075881212
2024-06-27,WMT,1.2869167,1.3124869,1.2878467
2024-06-28,AAPL,7.9756003,8.0981254,8.0252283
2024-06-28,AMGN,0.35507558,0.36430548,0.34436235
2024-06-28,CRM,1.0780561,1.1007275,1.0638941
2024-06-28,CSCO,3.3219989,3.298292,3.2567627
2024-06-28,IBM,2.3739098,2.3996785,2.3529405
2024-06-28,INTC,22.174157,22.019834,22.079396
2024-06-28,MSFT,78.536501,79.077894,77.557268
2024-06-28,NKE,1.3857726,1.4010817,1.4046472
2024-06-28,VZ,0.074916503,0.075614887,0.074110852
2024-06-28,WMT,1.2809601,1.315981,1.2883881
2024-07-01,AAPL,7.837003,7.9346081,7.6978778
2024-07-01,AMGN,0.34820497,0.35038512,0.34879693
2024-07-01,CRM,1.0943238,1.0777917,1.0688976
2024-07-01,CSCO,3.3968853,3.4363605,3.4493878
2024-07-01,IBM,2.3987727,2.3845711,2.3748898
2024-07-01,INTC,21.885351,22.037911,21.212088
2024-07-01,MSFT,75.431897,75.401332,74.186826
2024-07-01,NKE,1.3230159,1.3262111,1.3342059
2024-07-01,VZ,0.074721106,0.075020432,0.075680554
2024-07-01,WMT,1.2929567,1.3010743,1.2934742
2024-07-02,AAPL,7.6965921,7.7548666,7.5955262
2024-07-02,AMGN,0.35686652,0.36113015,0.35111334
2024-07-02,CRM,1.1080519,1.1251942,1.0922357
2024-07-02,CSCO,3.2294428,3.231072,3.2204918
2024-07-02,IBM,2.352273,2.3861645,2.3836921
2024-07-02,INTC,21.943646,22.417961,21.598848
2024-07-02,MSFT,74.864051,76.491289,74.345087
2024-07-02,NKE,1.3099627,1.3247855,1.3080435
2024-07-02,VZ,0.074319637,0.072736503,0.074291419
2024-07-02,WMT,1.3229847,1.340456,1.3065677
2024-07-03,AAPL,7.7139398,7.7401826,7.9419434
2024-07-03,AMGN,0.34619708,0.34609427,0.34677514
2024-07-03,CRM,1.1509612,1.181776,1.1130408
2024-07-03,CSCO,3.1934148,3.3028815,3.1468906
2024-07-03,IBM,2.3960678,2.4097096,2.3768167
2024-07-03,INTC,22.140171,21.838105,21.947405
2024-07-03,MSFT,74.848466,74.822814,74.11541
2024-07-03,NKE,1.3115307,1.3345779,1.2823713
2024-07-03,VZ,0.074059342,0.074943488,0.07509691
2024-07-03,WMT,1.3012274,1.3003664,1.287686
2024-07-05,AAPL,7.601133,7.7373518,7.3576067
2024-07-05,AMGN,0.34667403,0.35385006,0.34319546
2024-07-05,CRM,1.1786342,1.2120402,1.1828926
2024-07-05,CSCO,3.1457627,3.2180387,3.1528682
2024-07-05,IBM,2.4035111,2.4088667,2.3877384
2024-07-05,INTC,22.245784,22.488131,22.136925
2024-07-05,MSFT,76.192499,77.429765,75.244835
2024-07-05,NKE,1.3125456,1.3334564,1.3061689
2024-07-05,VZ,0.071912672,0.072327931,0.071325145
2024-07-05,WMT,1.2973356,1.2866721,1.2875552
2024-07-08,AAPL,7.4050955,7.3882984,7.3246888
2024-07-08,AMGN,0.33922741,0.34044507,0.34109942
2024-07-08,CRM,1.1859975,1.2063223,1.1599891
2024-07-08,CSCO,3.2130131,3.2105099,3.1884852
2024-07-08,IBM,2.4135607,2.4352205,2.3782992
2024-07-08,INTC,22.410463,22.24928,22.126046
2024-07-08,MSFT,78.250975,77.436815,77.517476
2024-07-08,NKE,1.3140898,1.3282703,1.3107673
2024-07-08,VZ,0.071410737,0.072234923,0.070465337
2024-07-08,WMT,1.2750872,1.2954702,1.2581279
2024-07-09,AAPL,7.7027522,7.6369929,7.5787774
2024-07-09,AMGN,0.34201026,0.34591247,0.34150584
2024-07-09,CRM,1.1526736,1.1712175,1.1268438
2024-07-09,CSCO,3.1751149,3.1716992,3.1295936
2024-07-09,IBM,2.3969728,2.4061251,2.3677216
2024-07-09,INTC,22.642034,23.219393,22.219996
2024-07-09,MSFT,78.652773,77.860663,77.722215
2024-07-09,NKE,1.2981487,1.333419,1.2974602
2024-07-09,VZ,0.072440717,0.072861565,0.072614673
2024-07-09,WMT,1.245315,1.2533687,1.2342661
2024-07-10,AAPL,7.6327518,7.7615065,7.5830251
2024-07-10,AMGN,0.3495603,0.3562716,0.34621921
2024-07-10,CRM,1.1486212,1.1753711,1.1022208
2024-07-10,CSCO,3.1335417,3.1461982,3.1057251
2024-07-10,IBM,2.3487542,2.3512484,2.3400294
2024-07-10,INTC,22.681847,23.209652,22.288455
2024-07-10,MSFT,79.292838,80.813718,77.663563
2024-07-10,NKE,1.3213155,1.3145666,1.3171741
2024-07-10,VZ,0.073292532,0.073360411,0.072641689
2024-07-10,WMT,1.242401,1.2513402,1.2369622
2024-07-11,AAPL,7.4915728,7.6853027,7.4361974
2024-07-11,AMGN,0.34687655,0.34993424,0.34034424
2024-07-11,CRM,1.199758,1.2312905,1.1943471
2024-07-11,CSCO,3.0994958,3.0753495,3.0789762
2024-07-11,IBM,2.3151469,2.3492363,2.330361
2024-07-11,INTC,22.50961,22.592673,22.165785
2024-07-11,MSFT,80.647995,81.610808,79.099311
2024-07-11,NKE,1.3361414,1.3306878,1.357643
2024-07-11,VZ,0.071344197,0.072039234,0.071064195
2024-07-11,WMT,1.2429637,1.2314603,1.2439633
2024-07-12,AAPL,7.754631,7.8812817,7.7282928
2024-07-12,AMGN,0.34090001,0.34942762,0.33563501
2024-07-12,CRM,1.1584985,1.197358,1.1266814
2024-07-12,CSCO,3.0917491,3.140207,3.0899302
2024-07-12,IBM,2.326976,2.3238096,2.2604042
2024-07-12,INTC,22.457285,22.876562,22.597116
2024-07-12,MSFT,80.642762,80.096511,79.480203
2024-07-12,NKE,1.3125911,1.317061,1.3169699
2024-07-12,VZ,0.071216302,0.071097141,0.070221952
2024-07-12,WMT,1.2606392,1.2826304,1.2422912
2024-07-15,AAPL,7.3442791,7.5630269,7.3592389
2024-07-15,AMGN,0.34125541,0.34570459,0.33580607
2024-07-15,CRM,1.227316,1.2659131,1.221409
2024-07-15,CSCO,3.1801923,3.2474193,3.1504892
2024-07-15,IBM,2.3468773,2.3626681,2.3473943
2024-07-15,INTC,23.085488,23.115738,23.285972
2024-07-15,MSFT,82.267088,84.371013,80.934635
2024-07-15,NKE,1.3156685,1.3326055,1.312688
2024-07-15,VZ,0.069514251,0.069606549,0.069101579
2024-07-15,WMT,1.2486332,1.2653139,1.2472651
2024-07-16,AAPL,7.3489387,7.364198,7.2821955
2024-07-16,AMGN,0.34121928,0.34524955,0.33312939
2024-07-16,CRM,1.1897217,1.1939142,1.1711389
2024-07-16,CSCO,3.1916611,3.2267714,3.1660291
2024-07-16,IBM,2.3025429,2.3330266,2.2693242
2024-07-16,INTC,23.00517,23.357728,22.812958
2024-07-16,MSFT,81.196258,82.545869,80.327643
2024-07-16,NKE,1.3295659,1.3302231,1.3219419
2024-07-16,VZ,0.068357662,0.068393688,0.067360159
2024-07-16,WMT,1.2503642,1.2731195,1.2215381
2024-07-17,AAPL,7.1390639,7.2950064,7.2911597
2024-07-17,AMGN,0.34370728,0.35082689,0.34142577
2024-07-17,CRM,1.2258388,1.2354221,1.2196806
2024-07-17,CSCO,3.172163,3.2481832,3.1021203
2024-07-17,IBM,2.293177,2.2921679,2.2740899
2024-07-17,INTC,22.925227,23.112532,22.521232
2024-07-17,MSFT,81.956327,82.273567,80.628693
2024-07-17,NKE,1.3725868,1.3977043,1.3825477
2024-07-17,VZ,0.068814909,0.068264807,0.067656662
2024-07-17,WMT,1.2496084,1.2602146,1.2492077
2024-07-18,AAPL,7.0512678,6.9690939,6.9776249
2024-07-18,AMGN,0.34815817,0.35305436,0.34814761
2024-07-18,CRM,1.2240502,1.2238086,1.1849324
2024-07-18,CSCO,3.2255114,3.283824,3.2148682
2024-07-18,IBM,2.2534287,2.2616063,2.2544661
2024-07-18,INTC,22.506404,22.593396,22.050017
2024-07-18,MSFT,78.927291,78.934602,77.526697
2024-07-18,NKE,1.340727,1.3650918,1.332347
2024-07-18,VZ,0.069827622,0.07109778,0.068634237
2024-07-18,WMT,1.2543881,1.2652134,1.2441257
2024-07-19,AAPL,7.1837135,7.1360289,7.2130962
2024-07-19,AMGN,0.34968405,0.34831922,0.34427997
2024-07-19,CRM,1.2469205,1.257377,1.2635278
2024-07-19,CSCO,3.272678,3.2656969,3.2113624
2024-07-19,IBM,2.2570012,2.2612982,2.2487486
2024-07-19,INTC,22.295931,22.468892,22.14098
2024-07-19,MSFT,76.736888,79.324978,76.364295
2024-07-19,NKE,1.3218059,1.3204305,1.2920377
2024-07-19,VZ,0.069173639,0.069485005,0.068349565
2024-07-19,WMT,1.2514869,1.2502071,1.2274477
2024-07-22,AAPL,7.3734325,7.4753425,7.1929367
2024-07-22,AMGN,0.34386826,0.33981094,0.34347865
2024-07-22,CRM,1.2679718,1.308346,1.2465049
2024-07-22,CSCO,3.2287338,3.2536646,3.1494872
2024-07-22,IBM,2.2412781,2.2686377,2.2337103
2024-07-22,INTC,22.004623,22.446074,21.55491
2024-07-22,MSFT,75.768576,77.134018,76.348216
2024-07-22,NKE,1.2730589,1.2756589,1.2379027
2024-07-22,VZ,0.069382649,0.069641666,0.069465451
2024-07-22,WMT,1.2462048,1.244974,1.2506167
2024-07-23,AAPL,7.412081,7.5189131,7.1783377
2024-07-23,AMGN,0.3391231,0.34476003,0.33630577
2024-07-23,CRM,1.2210234,1.2429166,1.2315373
2024-07-23,CSCO,3.2744698,3.2596847,3.2609232
2024-07-23,IBM,2.2644808,2.3121734,2.2440568
2024-07-23,INTC,21.487889,21.998458,20.818736
2024-07-23,MSFT,75.322129,75.402303,73.766734
2024-07-23,NKE,1.2658701,1.2712222,1.2528857
2024-07-23,VZ,0.069740282,0.070483692,0.069156752
2024-07-23,WMT,1.2214768,1.2265691,1.2146702
2024-07-24,AAPL,7.2048195,7.249313,7.0429277
2024-07-24,AMGN,0.3371224,0.33667929,0.33390442
2024-07-24,CRM,1.2347021,1.2948066,1.2172858
2024-07-24,CSCO,3.26861,3.2722672,3.2941292
2024-07-24,IBM,2.2217503,2.1990694,2.1826798
2024-07-24,INTC,21.145839,21.392588,21.214389
2024-07-24,MSFT,74.565143,75.501931,74.276891
2024-07-24,NKE,1.2853995,1.2727082,1.2947989
2024-07-24,VZ,0.069808287,0.070298465,0.069268951
2024-07-24,WMT,1.2080308,1.2100014,1.1949211
2024-07-25,AAPL,7.1916903,7.3284657,7.1666339
2024-07-25,AMGN,0.3358044,0.3358074,0.32735149
2024-07-25,CRM,1.2752565,1.3087943,1.2652655
2024-07-25,CSCO,3.2458745,3.2855233,3.1861374
2024-07-25,IBM,2.2116029,2.2208803,2.211667
2024-07-25,INTC,22.038576,22.687837,21.68359
2024-07-25,MSFT,74.80061,75.345782,73.144737
2024-07-25,NKE,1.3289194,1.312931,1.3243982
2024-07-25,VZ,0.07048333,0.070508049,0.06986565
2024-07-25,WMT,1.1963629,1.2069066,1.1923564
2024-07-26,AAPL,7.3704812,7.447812,7.3006573
2024-07-26,AMGN,0.3278288,0.32631925,0.32277068
2024-07-26,CRM,1.3042931,1.3124158,1.2485951
2024-07-26,CSCO,3.2598033,3.3206882,3.2707214
2024-07-26,IBM,2.2165929,2.2170339,2.2298748
2024-07-26,INTC,22.043084,22.396799,21.606395
2024-07-26,MSFT,72.725484,73.553157,72.067967
2024-07-26,NKE,1.3202543,1.3309336,1.3152429
2024-07-26,VZ,0.071771158,0.071959429,0.071541983
2024-07-26,WMT,1.1731732,1.1761174,1.1572521
2024-07-29,AAPL,7.4708885,7.6156189,7.5091566
2024-07-29,AMGN,0.32449775,0.32932626,0.31395207
2024-07-29,CRM,1.2794209,1.2645252,1.287807
2024-07-29,CSCO,3.2756101,3.2609443,3.2837993
2024-07-29,IBM,2.2196834,2.2184776,2.1869979
2024-07-29,INTC,22.010171,22.370279,21.580744
2024-07-29,MSFT,72.015767,72.298684,71.382039
2024-07-29,NKE,1.2877075,1.2980312,1.2814474
2024-07-29,VZ,0.071231143,0.071949848,0.070998894
2024-07-29,WMT,1.1468434,1.1373298,1.1362773
2024-07-30,AAPL,7.4204469,7.4825837,7.4436885
2024-07-30,AMGN,0.32628657,0.3283839,0.32235695
2024-07-30,CRM,1.2626535,1.2607534,1.2607144
2024-07-30,CSCO,3.1829167,3.219285,3.1656728
2024-07-30,IBM,2.2519138,2.2716357,2.2363914
2024-07-30,INTC,22.042782,22.417755,21.882318
2024-07-30,MSFT,70.794093,70.238394,70.559607
2024-07-30,NKE,1.2820597,1.2868309,1.2839231
2024-07-30,VZ,0.071424559,0.072131132,0.070440307
2024-07-30,WMT,1.1514195,1.1720593,1.146248
2024-07-31,AAPL,7.4344489,7.679495,7.2272446
2024-07-31,AMGN,0.32288559,0.3301421,0.32425567
2024-07-31,CRM,1.2237297,1.2475323,1.2049217
2024-07-31,CSCO,3.107974,3.0703431,3.1277323
2024-07-31,IBM,2.2966774,2.2859185,2.2692007
2024-07-31,INTC,22.433516,22.825226,22.272158
2024-07-31,MSFT,71.908314,72.985257,72.074168
2024-07-31,NKE,1.2733183,1.2934704,1.2862986
2024-07-31,VZ,0.072404081,0.072517288,0.071973511
2024-07-31,WMT,1.1510259,1.1424768,1.1428643
2024-08-01,AAPL,7.7069343,7.6546067,7.7653605
2024-08-01,AMGN,0.31768106,0.32083038,0.31848142
2024-08-01,CRM,1.2213821,1.22927,1.2110683
2024-08-01,CSCO,3.0264883,2.9792046,2.9450972
2024-08-01,IBM,2.311903,2.3370333,2.3032129
2024-08-01,INTC,21.88028,21.871601,21.97688
2024-08-01,MSFT,70.581914,70.790817,70.143363
2024-08-01,NKE,1.2824658,1.2946412,1.2869395
2024-08-01,VZ,0.072218818,0.072680949,0.072968908
2024-08-01,WMT,1.1593512,1.1653123,1.1508226
2024-08-02,AAPL,7.632179,7.7322354,7.5831548
2024-08-02,AMGN,0.31799932,0.32461222,0.31529586
2024-08-02,CRM,1.2501718,1.2776276,1.2036836
2024-08-02,CSCO,2.993294,2.977922,2.9696224
2024-08-02,IBM,2.2973594,2.3318554,2.278078
2024-08-02,INTC,22.169791,22.471023,21.983478
2024-08-02,MSFT,71.08185,71.794007,70.778855
2024-08-02,NKE,1.2506416,1.2554154,1.2558767
2024-08-02,VZ,0.072413234,0.072839153,0.0706925
2024-08-02,WMT,1.1435248,1.1370248,1.1369002
2024-08-05,AAPL,7.436032,7.5905658,7.4031476
2024-08-05,AMGN,0.31515622,0.3229294,0.30703503
2024-08-05,CRM,1.2508801,1.2916113,1.2197834
2024-08-05,CSCO,2.9418189,2.9848317,2.9361612
2024-08-05,IBM,2.3128938,2.3484069,2.2776513
2024-08-05,INTC,22.336843,22.473248,21.919001
2024-08-05,MSFT,69.309745,70.73321,68.544138
2024-08-05,NKE,1.2569602,1.2576819,1.2562435
2024-08-05,VZ,0.073246874,0.074125703,0.073103539
2024-08-05,WMT,1.1541112,1.1637186,1.1630425
2024-08-06,AAPL,7.2725256,7.3540382,7.2259148
2024-08-06,AMGN,0.30911361,0.3134861,0.30431721
2024-08-06,CRM,1.2113857,1.2417319,1.226063
2024-08-06,CSCO,2.9841462,2.984582,2.9556102
2024-08-06,IBM,2.3421747,2.3655409,2.3154551
2024-08-06,INTC,22.63476,22.760529,22.536524
2024-08-06,MSFT,68.448363,70.558293,68.06263
2024-08-06,NKE,1.236087,1.2593704,1.2174677
2024-08-06,VZ,0.071939077,0.072046026,0.071340803
2024-08-06,WMT,1.1423883,1.1437301,1.1435808
2024-08-07,AAPL,7.2784382,7.3343587,7.1918395
2024-08-07,AMGN,0.29548012,0.30235884,0.29432837
2024-08-07,CRM,1.2530616,1.295894,1.2428789
2024-08-07,CSCO,2.9357787,2.9595218,2.8676781
2024-08-07,IBM,2.3227763,2.3432113,2.3500515
2024-08-07,INTC,23.063471,23.234287,22.791004
2024-08-07,MSFT,69.54157,68.806446,68.849392
2024-08-07,NKE,1.2551701,1.2730346,1.2061801
2024-08-07,VZ,0.072307375,0.072640441,0.071959402
2024-08-07,WMT,1.1394668,1.1518956,1.1302742
2024-08-08,AAPL,7.2785582,7.4250958,7.1777881
2024-08-08,AMGN,0.29140057,0.29355249,0.28703698
2024-08-08,CRM,1.2000492,1.1942839,1.2175718
2024-08-08,CSCO,2.836416,2.9091096,2.7647897
2024-08-08,IBM,2.2808011,2.2560391,2.2377284
2024-08-08,INTC,22.982203,23.27446,22.946833
2024-08-08,MSFT,67.688289,67.769158,66.503298
2024-08-08,NKE,1.2758666,1.2945531,1.261162
2024-08-08,VZ,0.073663962,0.073898391,0.073776663
2024-08-08,WMT,1.1506947,1.1660327,1.1391137
2024-08-09,AAPL,7.2886303,7.2345374,7.1649746
2024-08-09,AMGN,0.29014978,0.29624615,0.28856246
2024-08-09,CRM,1.2146462,1.2234526,1.2026475
2024-08-09,CSCO,2.8832605,2.908303,2.8595678
2024-08-09,IBM,2.2894696,2.311617,2.2714163
2024-08-09,INTC,23.366591,23.422148,23.103177
2024-08-09,MSFT,67.985522,68.823601,67.09647
2024-08-09,NKE,1.2628718,1.2854322,1.2569639
2024-08-09,VZ,0.073481425,0.073810429,0.073589703
2024-08-09,WMT,1.1305692,1.1501685,1.1247975
2024-08-12,AAPL,7.2911457,7.3625178,7.2361184
2024-08-12,AMGN,0.29230681,0.29864451,0.28624056
2024-08-12,CRM,1.2275794,1.2523297,1.201201
2024-08-12,CSCO,2.8632918,2.8021113,2.9006962
2024-08-12,IBM,2.2928252,2.283408,2.2868928
2024-08-12,INTC,23.470313,23.844756,23.642097
2024-08-12,MSFT,70.056118,71.119911,69.961843
2024-08-12,NKE,1.2419136,1.2497438,1.2296395
2024-08-12,VZ,0.074537336,0.075491412,0.075160106
2024-08-12,WMT,1.1537266,1.161993,1.1281731
2024-08-13,AAPL,7.0174121,7.2064344,6.8745046
2024-08-13,AMGN,0.29480443,0.29416423,0.29090732
2024-08-13,CRM,1.2370235,1.2580303,1.2304449
2024-08-13,CSCO,2.9425793,2.9611143,2.9233655
2024-08-13,IBM,2.2355241,2.2568698,2.2244938
2024-08-13,INTC,23.456475,23.740617,23.281226
2024-08-13,MSFT,68.799991,69.667802,67.36052
2024-08-13,NKE,1.2434181,1.2816642,1.2052932
2024-08-13,VZ,0.074059478,0.073473737,0.072000614
2024-08-13,WMT,1.1737287,1.1718352,1.1730329
2024-08-14,AAPL,6.9957054,7.1400885,6.7622302
2024-08-14,AMGN,0.28581604,0.28563479,0.28534278
2024-08-14,CRM,1.1809407,1.1810536,1.1473629
2024-08-14,CSCO,2.9534302,2.9737204,2.9427963
2024-08-14,IBM,2.281982,2.2834333,2.3109811
2024-08-14,INTC,23.314423,23.938692,23.075622
2024-08-14,MSFT,66.025335,66.390117,64.859653
2024-08-14,NKE,1.2324493,1.2464816,1.2156683
2024-08-14,VZ,0.073651842,0.074772256,0.073367309
2024-08-14,WMT,1.1861027,1.1852827,1.1759807
2024-08-15,AAPL,7.0051237,7.097438,7.0003086
2024-08-15,AMGN,0.28280448,0.28235229,0.28255949
2024-08-15,CRM,1.1500494,1.1654531,1.1182459
2024-08-15,CSCO,2.9371395,3.0351659,2.8671866
2024-08-15,IBM,2.2534119,2.2450792,2.2695314
2024-08-15,INTC,22.570781,22.726265,22.253929
2024-08-15,MSFT,66.401384,67.071849,65.753472
2024-08-15,NKE,1.2445937,1.2739717,1.2327077
2024-08-15,VZ,0.073878579,0.074309893,0.073639393
2024-08-15,WMT,1.1913578,1.2089718,1.1931693
2024-08-16,AAPL,7.0872061,7.2153023,6.992733
2024-08-16,AMGN,0.28860875,0.29143659,0.28622271
2024-08-16,CRM,1.1417697,1.1614363,1.1050243
2024-08-16,CSCO,2.9097567,2.9473352,2.8976282
2024-08-16,IBM,2.2106928,2.2341,2.2152304
2024-08-16,INTC,22.99561,22.986427,22.831237
2024-08-16,MSFT,66.157796,67.071193,65.765097
2024-08-16,NKE,1.2405636,1.2467313,1.247285
2024-08-16,VZ,0.073691784,0.073379517,0.073347597
2024-08-16,WMT,1.1836965,1.1836898,1.16891
2024-08-19,AAPL,7.0404997,7.1633001,6.9381924
2024-08-19,AMGN,0.27971065,0.28230715,0.27193257
2024-08-19,CRM,1.1044864,1.1315759,1.080303
2024-08-19,CSCO,2.8552877,2.8485808,2.8452349
2024-08-19,IBM,2.1710211,2.1950422,2.1547305
2024-08-19,INTC,23.288832,23.283206,22.898401
2024-08-19,MSFT,67.015656,68.102184,66.339033
2024-08-19,NKE,1.2310138,1.2471986,1.226188
2024-08-19,VZ,0.074100777,0.075271269,0.073544435
2024-08-19,WMT,1.1857617,1.1847063,1.1807135
2024-08-20,AAPL,7.0887392,7.152709,6.9834489
2024-08-20,AMGN,0.27411736,0.2773682,0.27332769
2024-08-20,CRM,1.1483375,1.1434581,1.1523669
2024-08-20,CSCO,2.7925697,2.7752658,2.7505291
2024-08-20,IBM,2.1577946,2.2164271,2.1208729
2024-08-20,INTC,23.026986,23.074041,22.759009
2024-08-20,MSFT,68.0346,68.084114,67.422653
2024-08-20,NKE,1.2013099,1.2083305,1.2119561
2024-08-20,VZ,0.074277163,0.075179988,0.074053272
2024-08-20,WMT,1.1820637,1.1935889,1.1647167
2024-08-21,AAPL,7.0222355,6.9693942,6.982863
2024-08-21,AMGN,0.27540632,0.28051127,0.27472665
2024-08-21,CRM,1.1131517,1.1229439,1.1487145
2024-08-21,CSCO,2.76263,2.8055197,2.7173795
2024-08-21,IBM,2.1768826,2.1728765,2.1599844
2024-08-21,INTC,22.750397,23.460156,22.947729
2024-08-21,MSFT,67.583612,67.295291,65.054684
2024-08-21,NKE,1.1647438,1.1692269,1.1476888
2024-08-21,VZ,0.073941132,0.073641841,0.0738965
2024-08-21,WMT,1.1838885,1.1850338,1.1754684
2024-08-22,AAPL,6.858,6.9642479,6.770425
2024-08-22,AMGN,0.26980827,0.2749147,0.26850779
2024-08-22,CRM,1.0483719,1.0420242,1.0233088
2024-08-22,CSCO,2.7821948,2.844173,2.7123804
2024-08-22,IBM,2.1722286,2.2052147,2.162138
2024-08-22,INTC,21.952696,22.218114,21.445977
2024-08-22,MSFT,67.899145,68.446167,67.452255
2024-08-22,NKE,1.1756317,1.1844689,1.1927975
2024-08-22,VZ,0.074404309,0.074905606,0.073726164
2024-08-22,WMT,1.1741378,1.1698372,1.1637591
2024-08-23,AAPL,7.1340015,7.1558247,7.3145311
2024-08-23,AMGN,0.26812725,0.27384174,0.26459499
2024-08-23,CRM,1.0910938,1.1614627,1.0679558
2024-08-23,CSCO,2.7451015,2.7854216,2.7139754
2024-08-23,IBM,2.1534761,2.1761135,2.1534861
2024-08-23,INTC,22.169165,22.551941,22.08465
2024-08-23,MSFT,67.652433,69.126896,67.256145
2024-08-23,NKE,1.1760556,1.2088779,1.1753854
2024-08-23,VZ,0.073769279,0.074620317,0.072958136
2024-08-23,WMT,1.1797661,1.1925012,1.1843069
2024-08-26,AAPL,7.0962527,7.1225521,7.0046971
2024-08-26,AMGN,0.26305158,0.26889963,0.26335271
2024-08-26,CRM,1.0604177,1.0623614,1.0284778
2024-08-26,CSCO,2.767597,2.778714,2.7262785
2024-08-26,IBM,2.2051441,2.2173551,2.1924718
2024-08-26,INTC,22.001742,22.036051,22.127283
2024-08-26,MSFT,67.610779,68.150199,68.234594
2024-08-26,NKE,1.1780026,1.1859714,1.1686458
2024-08-26,VZ,0.072442795,0.074247887,0.072695152
2024-08-26,WMT,1.1678754,1.1681988,1.1640628
2024-08-27,AAPL,7.1664105,7.3534413,7.2329035
2024-08-27,AMGN,0.259902,0.26520891,0.25632439
2024-08-27,CRM,1.0563394,1.0357654,1.052157
2024-08-27,CSCO,2.7095131,2.7527659,2.7048139
2024-08-27,IBM,2.222857,2.2136417,2.1956858
2024-08-27,INTC,21.398898,21.933051,21.19357
2024-08-27,MSFT,66.601688,66.705704,65.249299
2024-08-27,NKE,1.1726912,1.1842716,1.1646219
2024-08-27,VZ,0.072300271,0.073088079,0.071913289
2024-08-27,WMT,1.1599387,1.1614134,1.1468067
2024-08-28,AAPL,6.968015,6.9967614,6.8479222
2024-08-28,AMGN,0.25681612,0.26032388,0.25750728
2024-08-28,CRM,1.1034495,1.1136288,1.0520992
2024-08-28,CSCO,2.6482873,2.7167185,2.5943039
2024-08-28,IBM,2.2042095,2.2331359,2.1698592
2024-08-28,INTC,21.873162,21.704061,21.430963
2024-08-28,MSFT,67.082597,67.77499,67.500513
2024-08-28,NKE,1.1395863,1.1488853,1.1116593
2024-08-28,VZ,0.072145193,0.073189821,0.071086388
2024-08-28,WMT,1.1375501,1.1599828,1.147835
2024-08-29,AAPL,7.0353658,7.1613029,6.8108937
2024-08-29,AMGN,0.26233782,0.26345715,0.25845411
2024-08-29,CRM,1.0813001,1.0964029,1.0587102
2024-08-29,CSCO,2.5571202,2.6110271,2.5270356
2024-08-29,IBM,2.195483,2.23967,2.2040279
2024-08-29,INTC,21.091981,21.280903,21.303922
2024-08-29,MSFT,67.094356,67.39442,67.148761
2024-08-29,NKE,1.1453904,1.1388941,1.1642671
2024-08-29,VZ,0.070774413,0.071076245,0.070305322
2024-08-29,WMT,1.1327004,1.13275,1.119749
2024-08-30,AAPL,7.1735766,7.1432074,7.0722922
2024-08-30,AMGN,0.26665498,0.26877523,0.26525257
2024-08-30,CRM,1.1025206,1.1029903,1.11042
2024-08-30,CSCO,2.4625611,2.5016613,2.4817265
2024-08-30,IBM,2.1143698,2.1228494,2.1209237
2024-08-30,INTC,21.293343,21.518821,21.037346
2024-08-30,MSFT,67.710325,68.583739,67.862831
2024-08-30,NKE,1.1482735,1.1690845,1.1337093
2024-08-30,VZ,0.069767316,0.069905343,0.068639551
2024-08-30,WMT,1.1364907,1.1440166,1.1160787
2024-09-03,AAPL,7.1717209,7.3178559,6.9843591
2024-09-03,AMGN,0.26033676,0.26258068,0.25778268
2024-09-03,CRM,1.0921161,1.0955506,1.0369144
2024-09-03,CSCO,2.4395142,2.4311427,2.4135952
2024-09-03,IBM,2.1240977,2.1399591,2.0936942
2024-09-03,INTC,21.584056,22.254189,20.879629
2024-09-03,MSFT,68.217036,68.328169,68.539181
2024-09-03,NKE,1.1641453,1.1667049,1.1611866
2024-09-03,VZ,0.069560968,0.069396734,0.068837136
2024-09-03,WMT,1.1304379,1.1446649,1.1174463
2024-09-04,AAPL,7.3684728,7.4636797,7.2293651
2024-09-04,AMGN,0.25850251,0.25911871,0.25839218
2024-09-04,CRM,1.021502,1.041552,1.0005357
2024-09-04,CSCO,2.4834297,2.5410228,2.4943624
2024-09-04,IBM,2.1083361,2.1248072,2.1049969
2024-09-04,INTC,21.654231,22.037404,21.296115
2024-09-04,MSFT,67.039677,68.245113,66.020233
2024-09-04,NKE,1.1588444,1.1695094,1.149722
2024-09-04,VZ,0.068465023,0.068784389,0.06856089
2024-09-04,WMT,1.1386018,1.1414345,1.1340141
2024-09-05,AAPL,7.4836976,7.5620629,7.345637
2024-09-05,AMGN,0.25992778,0.26409627,0.25768577
2024-09-05,CRM,0.99636792,0.99043082,0.99338485
2024-09-05,CSCO,2.5393761,2.5660939,2.4867462
2024-09-05,IBM,2.1233477,2.1340186,2.1409395
2024-09-05,INTC,21.341961,21.614947,21.37631
2024-09-05,MSFT,64.868039,65.241892,64.292914
2024-09-05,NKE,1.1635697,1.1909256,1.1621894
2024-09-05,VZ,0.068680205,0.068492887,0.069154595
2024-09-05,WMT,1.1194991,1.1331402,1.1071553
2024-09-06,AAPL,7.3590782,7.4207073,7.2769574
2024-09-06,AMGN,0.25911562,0.25682038,0.2614347
2024-09-06,CRM,0.94986679,0.98741303,0.93269909
2024-09-06,CSCO,2.5741992,2.6199438,2.537529
2024-09-06,IBM,2.0974015,2.1397145,2.0588439
2024-09-06,INTC,21.647434,21.729166,21.512835
2024-09-06,MSFT,64.73221,64.837566,65.174453
2024-09-06,NKE,1.1631752,1.1768765,1.1462446
2024-09-06,VZ,0.069478553,0.070020998,0.068847617
2024-09-06,WMT,1.111936,1.0991653,1.1014582
2024-09-09,AAPL,7.1197094,7.2507677,6.9326375
2024-09-09,AMGN,0.26179511,0.26220501,0.26244434
2024-09-09,CRM,0.93134724,0.94393062,0.94539571
2024-09-09,CSCO,2.5543388,2.5529275,2.529017
2024-09-09,IBM,2.1308799,2.156521,2.1033399
2024-09-09,INTC,21.091163,21.31272,20.716385
2024-09-09,MSFT,63.789612,63.910361,63.668567
2024-09-09,NKE,1.1907683,1.1903131,1.1846667
2024-09-09,VZ,0.068941224,0.069510367,0.066668149
2024-09-09,WMT,1.10752,1.1110711,1.0971511
2024-09-10,AAPL,7.3294657,7.3395609,7.2501629
2024-09-10,AMGN,0.26644047,0.27029208,0.2638944
2024-09-10,CRM,0.94706542,0.96717431,0.9400632
2024-09-10,CSCO,2.5383887,2.5936775,2.5189674
2024-09-10,IBM,2.1174808,2.1397281,2.0845028
2024-09-10,INTC,21.230451,21.415698,20.775713
2024-09-10,MSFT,62.535849,63.005535,62.095446
2024-09-10,NKE,1.1926452,1.179662,1.1851697
2024-09-10,VZ,0.068292702,0.069039023,0.067382508
2024-09-10,WMT,1.1067134,1.1101988,1.1025275
2024-09-11,AAPL,7.3259869,7.5061898,7.3368712
2024-09-11,AMGN,0.26236107,0.26399877,0.25880313
2024-09-11,CRM,0.92929384,0.95327437,0.91062561
2024-09-11,CSCO,2.5626942,2.5484022,2.5579969
2024-09-11,IBM,2.0890951,2.1068258,2.0470695
2024-09-11,INTC,21.064125,21.571395,21.004879
2024-09-11,MSFT,60.869127,61.228707,58.65197
2024-09-11,NKE,1.195772,1.1993021,1.1658857
2024-09-11,VZ,0.069302037,0.070132651,0.068273053
2024-09-11,WMT,1.1084879,1.1210529,1.1145084
2024-09-12,AAPL,7.3726286,7.395114,7.4135706
2024-09-12,AMGN,0.26231855,0.26784673,0.26102982
2024-09-12,CRM,0.98462648,1.0020951,0.98060381
2024-09-12,CSCO,2.5432355,2.5694512,2.5254928
2024-09-12,IBM,2.0524288,2.0669386,2.0426773
2024-09-12,INTC,20.800247,21.230423,20.556565
2024-09-12,MSFT,61.344296,62.400288,61.164382
2024-09-12,NKE,1.2077301,1.2310035,1.195787
2024-09-12,VZ,0.069063156,0.069678323,0.069123026
2024-09-12,WMT,1.0978131,1.1188779,1.0804901
2024-09-13,AAPL,7.3893356,7.4807328,7.3803907
2024-09-13,AMGN,0.26572563,0.26638036,0.26166545
2024-09-13,CRM,0.96007871,1.0070535,0.93272377
2024-09-13,CSCO,2.5900474,2.6545907,2.5403021
2024-09-13,IBM,2.0330686,2.0280632,1.9904845
2024-09-13,INTC,20.831389,21.005336,20.707702
2024-09-13,MSFT,60.212096,59.53281,61.097849
2024-09-13,NKE,1.2262813,1.2390616,1.2057453
2024-09-13,VZ,0.068596519,0.069541386,0.06809169
2024-09-13,WMT,1.0895696,1.114539,1.0881573
2024-09-16,AAPL,7.5318502,7.56139,7.3932187
2024-09-16,AMGN,0.27246861,0.27728954,0.26890342
2024-09-16,CRM,0.98735244,1.0457695,0.99870664
2024-09-16,CSCO,2.5707723,2.6028351,2.5763649
2024-09-16,IBM,2.0750075,2.0999087,2.1012304
2024-09-16,INTC,20.792214,21.183576,20.478915
2024-09-16,MSFT,61.772133,62.434287,60.708537
2024-09-16,NKE,1.2332523,1.266157,1.2336631
2024-09-16,VZ,0.069126782,0.070230876,0.068988341
2024-09-16,WMT,1.0903396,1.0921324,1.0716374
2024-09-17,AAPL,7.7269222,7.9541305,7.7664677
2024-09-17,AMGN,0.2742064,0.27825775,0.2734543
2024-09-17,CRM,1.0195624,1.0311138,0.99637364
2024-09-17,CSCO,2.4726933,2.4661559,2.4374096
2024-09-17,IBM,2.0648996,2.0827831,2.0686732
2024-09-17,INTC,20.648725,20.553048,19.999402
2024-09-17,MSFT,63.758047,64.642584,62.524391
2024-09-17,NKE,1.2409469,1.2415671,1.2167636
2024-09-17,VZ,0.069405546,0.070728632,0.068552602
2024-09-17,WMT,1.0768339,1.0785123,1.0679973
2024-09-18,AAPL,7.8251468,7.973922,7.74597
2024-09-18,AMGN,0.26790013,0.27588664,0.26353336
2024-09-18,CRM,1.0289449,1.0428505,0.98259672
2024-09-18,CSCO,2.4682795,2.5069064,2.4728876
2024-09-18,IBM,2.091738,2.108362,2.0784406
2024-09-18,INTC,19.910852,20.200089,19.881164
2024-09-18,MSFT,63.173662,64.903642,62.988861
2024-09-18,NKE,1.2246836,1.2090761,1.1920299
2024-09-18,VZ,0.066397409,0.066454644,0.065502997
2024-09-18,WMT,1.0731192,1.077909,1.0512047
2024-09-19,AAPL,7.820296,7.8323463,7.8273783
2024-09-19,AMGN,0.26437607,0.27203104,0.26569467
2024-09-19,CRM,1.0349985,1.0388253,0.99163929
2024-09-19,CSCO,2.5151061,2.5337018,2.5128204
2024-09-19,IBM,2.0818443,2.1033564,2.0484984
2024-09-19,INTC,20.457738,20.47406,20.105599
2024-09-19,MSFT,62.596948,63.449371,62.959683
2024-09-19,NKE,1.2421919,1.2665598,1.2357841
2024-09-19,VZ,0.067285977,0.067553577,0.066963789
2024-09-19,WMT,1.0435158,1.0403667,1.0373611
2024-09-20,AAPL,7.8776794,8.170265,7.7008107
2024-09-20,AMGN,0.26419536,0.27239474,0.26101921
2024-09-20,CRM,0.99702372,0.9929977,0.99047139
2024-09-20,CSCO,2.4528986,2.5142675,2.4287512
2024-09-20,IBM,2.1033512,2.1321797,2.079824
2024-09-20,INTC,20.2112,20.364209,19.576735
2024-09-20,MSFT,63.630256,64.397488,63.658443
2024-09-20,NKE,1.2461021,1.2561611,1.218307
2024-09-20,VZ,0.067389496,0.067787707,0.067489127
2024-09-20,WMT,1.0202802,1.0219966,1.0061316
2024-09-23,AAPL,7.9474798,8.1402793,7.931045
2024-09-23,AMGN,0.26548991,0.26698222,0.26686926
2024-09-23,CRM,0.95455711,0.95859434,0.91805649
2024-09-23,CSCO,2.4522537,2.4606965,2.3880929
2024-09-23,IBM,2.1123152,2.156633,2.0945971
2024-09-23,INTC,20.060688,20.261481,19.887139
2024-09-23,MSFT,63.55064,64.065947,63.784195
2024-09-23,NKE,1.2345319,1.247385,1.2107246
2024-09-23,VZ,0.066171678,0.067460126,0.065907472
2024-09-23,WMT,1.0196914,1.0320105,1.0033628
2024-09-24,AAPL,8.1660811,8.2018601,8.0181677
2024-09-24,AMGN,0.264339,0.26353413,0.26432855
2024-09-24,CRM,0.96010522,0.97513971,0.9402718
2024-09-24,CSCO,2.4084765,2.4360399,2.3781584
2024-09-24,IBM,2.1320045,2.1532419,2.1124654
2024-09-24,INTC,20.141299,20.410961,20.129373
2024-09-24,MSFT,63.136122,63.974338,62.280602
2024-09-24,NKE,1.2226653,1.2419181,1.2296511
2024-09-24,VZ,0.066589298,0.067336301,0.06588058
2024-09-24,WMT,1.0138342,1.0163692,1.0066971
2024-09-25,AAPL,8.0395696,8.1217862,7.9529857
2024-09-25,AMGN,0.2638261,0.26880707,0.25839031
2024-09-25,CRM,0.96682646,0.98619581,0.94694168
2024-09-25,CSCO,2.4629275,2.4466002,2.4768041
2024-09-25,IBM,2.1438605,2.1813996,2.1370078
2024-09-25,INTC,19.655837,19.806317,19.609693
2024-09-25,MSFT,64.639444,65.038788,63.462198
2024-09-25,NKE,1.2160793,1.2473187,1.2091326
2024-09-25,VZ,0.066760952,0.067910689,0.065970778
2024-09-25,WMT,1.0037399,1.0080652,1.007444
2024-09-26,AAPL,8.5723661,8.5826046,8.4800308
2024-09-26,AMGN,0.26386639,0.27241616,0.25847468
2024-09-26,CRM,0.98083131,0.97988779,0.97253951
2024-09-26,CSCO,2.5008465,2.531087,2.5050244
2024-09-26,IBM,2.1231029,2.1315364,2.1200414
2024-09-26,INTC,19.504532,19.966915,19.103038
2024-09-26,MSFT,63.46248,65.156915,63.586438
2024-09-26,NKE,1.2138385,1.2260794,1.2091984
2024-09-26,VZ,0.066275057,0.067595224,0.06707489
2024-09-26,WMT,1.0083125,1.0101696,1.0030467
2024-09-27,AAPL,8.7971343,8.7836171,8.829214
2024-09-27,AMGN,0.26401125,0.26784864,0.26126846
2024-09-27,CRM,0.9496937,0.96116709,0.92795128
2024-09-27,CSCO,2.5123259,2.5429837,2.5250675
2024-09-27,IBM,2.1295325,2.1581502,2.0871625
2024-09-27,INTC,18.626506,18.776335,18.599059
2024-09-27,MSFT,64.102874,64.364624,63.753219
2024-09-27,NKE,1.2199108,1.238267,1.2175505
2024-09-27,VZ,0.067144889,0.068297619,0.066832953
2024-09-27,WMT,1.0022986,1.0127576,0.99247002
2024-09-30,AAPL,8.8343219,8.8478073,8.593137
2024-09-30,AMGN,0.26080569,0.26252676,0.25926842
2024-09-30,CRM,0.93527247,0.95813871,0.92655643
2024-09-30,CSCO,2.4269313,2.4296065,2.4039341
2024-09-30,IBM,2.1450505,2.1302624,2.0900828
2024-09-30,INTC,18.448431,18.974378,18.378253
2024-09-30,MSFT,64.192384,64.966134,63.33861
2024-09-30,NKE,1.2372399,1.2533555,1.220537
2024-09-30,VZ,0.067719056,0.068356948,0.067628403
2024-09-30,WMT,0.99584185,1.0047029,0.9865404
2024-10-01,AAPL,8.6239596,8.726062,8.5255587
2024-10-01,AMGN,0.26630796,0.26989298,0.26635078
2024-10-01,CRM,0.91809058,0.93116826,0.89772884
2024-10-01,CSCO,2.4827783,2.5016443,2.4793479
2024-10-01,IBM,2.0995138,2.1077361,2.0927483
2024-10-01,INTC,17.810988,17.813177,17.535529
2024-10-01,MSFT,63.793366,65.167935,63.477251
2024-10-01,NKE,1.2546734,1.2903457,1.2640171
2024-10-01,VZ,0.068212543,0.068585538,0.068160387
2024-10-01,WMT,0.97957048,0.97478497,0.96041168
2024-10-02,AAPL,8.5326531,8.6826686,8.6364809
2024-10-02,AMGN,0.25731099,0.26682142,0.25021504
2024-10-02,CRM,0.88579629,0.90384841,0.84910498
2024-10-02,CSCO,2.4663146,2.4867995,2.4293087
2024-10-02,IBM,2.1344941,2.1505872,2.1164147
2024-10-02,INTC,17.779929,17.513187,17.799775
2024-10-02,MSFT,64.632456,64.664038,63.677162
2024-10-02,NKE,1.2608321,1.2912031,1.2590327
2024-10-02,VZ,0.068141895,0.068087803,0.067725255
2024-10-02,WMT,0.99451971,1.008945,0.97885302
2024-10-03,AAPL,8.4343664,8.635572,8.4025558
2024-10-03,AMGN,0.24843899,0.24769003,0.24406278
2024-10-03,CRM,0.90670894,0.87435557,0.86954987
2024-10-03,CSCO,2.5058619,2.5632148,2.4422476
2024-10-03,IBM,2.1184468,2.1535303,2.0793188
2024-10-03,INTC,17.39414,17.478776,17.473575
2024-10-03,MSFT,63.648697,65.33701,63.639228
2024-10-03,NKE,1.236491,1.245634,1.227127
2024-10-03,VZ,0.068165464,0.068931043,0.067073181
2024-10-03,WMT,1.0017996,1.0119183,0.99899453
2024-10-04,AAPL,8.3488441,8.4405791,8.3077831
2024-10-04,AMGN,0.23920256,0.24186234,0.23779197
2024-10-04,CRM,0.92030494,0.93446934,0.92354475
2024-10-04,CSCO,2.5367854,2.561142,2.5078776
2024-10-04,IBM,2.0676909,2.0954237,2.0663488
2024-10-04,INTC,16.90969,17.068583,17.18493
2024-10-04,MSFT,64.642194,64.421257,64.210341
2024-10-04,NKE,1.2267415,1.2387445,1.2044977
2024-10-04,VZ,0.067249853,0.067410646,0.066548463
2024-10-04,WMT,0.98965195,0.99744212,0.96703058
2024-10-07,AAPL,8.2584583,8.3741983,8.3446362
2024-10-07,AMGN,0.24911883,0.25243536,0.24936336
2024-10-07,CRM,0.91535018,0.9350314,0.90564449
2024-10-07,CSCO,2.5055164,2.530332,2.5048053
2024-10-07,IBM,2.0101541,2.0437482,1.9871924
2024-10-07,INTC,16.665108,16.89339,16.699789
2024-10-07,MSFT,62.118372,62.370286,60.30804
2024-10-07,NKE,1.2262164,1.2561424,1.2456299
2024-10-07,VZ,0.067908485,0.068462367,0.06851697
2024-10-07,WMT,1.0023727,1.0054481,0.97136943
2024-10-08,AAPL,8.5535833,8.8451427,8.5701458
2024-10-08,AMGN,0.25123654,0.25399476,0.24760052
2024-10-08,CRM,0.95430533,0.97655401,0.93476391
2024-10-08,CSCO,2.4323933,2.3993854,2.445959
2024-10-08,IBM,2.0075165,2.0273683,1.9763562
2024-10-08,INTC,16.838517,17.044608,16.579336
2024-10-08,MSFT,61.927638,62.790885,61.39626
2024-10-08,NKE,1.2302838,1.272196,1.2170403
2024-10-08,VZ,0.067114994,0.067808514,0.066774647
2024-10-08,WMT,0.9804836,0.982123,0.98070942
2024-10-09,AAPL,8.5618323,8.5234406,8.5975673
2024-10-09,AMGN,0.25561724,0.25569065,0.25592275
2024-10-09,CRM,0.95496814,0.9755119,0.96301955
2024-10-09,CSCO,2.5049861,2.5530188,2.4889668
2024-10-09,IBM,1.9636993,1.9809869,1.9622677
2024-10-09,INTC,16.978479,17.107433,16.76407
2024-10-09,MSFT,62.797572,63.440999,61.902255
2024-10-09,NKE,1.2303078,1.2406418,1.1995732
2024-10-09,VZ,0.066238407,0.065401122,0.065568427
2024-10-09,WMT,0.97874968,0.98671562,0.97011618
2024-10-10,AAPL,8.8501587,8.9229804,8.7185121
2024-10-10,AMGN,0.25727956,0.26448532,0.25545252
2024-10-10,CRM,0.94257685,0.94606968,0.93801342
2024-10-10,CSCO,2.4468369,2.4653239,2.4254155
2024-10-10,IBM,1.9356412,1.9486715,1.9097419
2024-10-10,INTC,16.227733,16.195,16.043462
2024-10-10,MSFT,64.133706,63.901074,63.3948
2024-10-10,NKE,1.2306482,1.2726643,1.241383
2024-10-10,VZ,0.065453354,0.065810473,0.065469926
2024-10-10,WMT,0.97156602,0.97758297,0.96052794
2024-10-11,AAPL,8.8650594,8.9781896,8.7559223
2024-10-11,AMGN,0.25884161,0.26011628,0.26008527
2024-10-11,CRM,0.94956431,0.96392232,0.93839812
2024-10-11,CSCO,2.4716171,2.5080095,2.4490776
2024-10-11,IBM,1.9058204,1.9353024,1.8592228
2024-10-11,INTC,16.396959,16.474395,16.080749
2024-10-11,MSFT,63.551777,64.189521,63.029047
2024-10-11,NKE,1.2280333,1.2585361,1.1931152
2024-10-11,VZ,0.065328972,0.065137306,0.065679128
2024-10-11,WMT,0.95200309,0.95535143,0.9460741
2024-10-14,AAPL,8.8334227,8.9515196,8.6767814
2024-10-14,AMGN,0.25409914,0.25542116,0.2532743
2024-10-14,CRM,0.97318439,0.97438188,0.97844139
2024-10-14,CSCO,2.4095186,2.4527202,2.3654741
2024-10-14,IBM,1.9355066,1.9440944,1.9193008
2024-10-14,INTC,16.337493,16.199479,16.590313
2024-10-14,MSFT,62.961047,62.605862,62.018385
2024-10-14,NKE,1.2491552,1.2526384,1.2444332
2024-10-14,VZ,0.066317676,0.067699321,0.065379267
2024-10-14,WMT,0.95327525,0.96282992,0.9505416
2024-10-15,AAPL,8.9977309,9.0830026,9.0171967
2024-10-15,AMGN,0.26099689,0.26168244,0.25828583
2024-10-15,CRM,0.97791209,0.9870301,0.95650444
2024-10-15,CSCO,2.342571,2.4030652,2.3701691
2024-10-15,IBM,1.9318698,1.9426625,1.9300217
2024-10-15,INTC,16.73432,17.003941,16.573505
2024-10-15,MSFT,62.252824,64.031041,61.378638
2024-10-15,NKE,1.2630653,1.279543,1.2383503
2024-10-15,VZ,0.067930541,0.067753091,0.068246677
2024-10-15,WMT,0.94295989,0.9460805,0.94255662
2024-10-16,AAPL,9.0536508,9.4380112,9.07078
2024-10-16,AMGN,0.26529427,0.26605876,0.26183178
2024-10-16,CRM,1.0373218,1.0717711,1.0115903
2024-10-16,CSCO,2.3387962,2.3562899,2.3094962
2024-10-16,IBM,1.9222978,1.9429401,1.8985595
2024-10-16,INTC,16.730209,17.111561,16.718878
2024-10-16,MSFT,62.145832,62.258787,61.826254
2024-10-16,NKE,1.2692373,1.3033847,1.2299387
2024-10-16,VZ,0.068575289,0.067769216,0.068882997
2024-10-16,WMT,0.94273209,0.94552501,0.9333685
2024-10-17,AAPL,9.0528895,9.1116869,8.8971977
2024-10-17,AMGN,0.26247295,0.26466995,0.2551945
2024-10-17,CRM,1.0218624,1.0381065,1.0007785
2024-10-17,CSCO,2.4102027,2.4346796,2.3637769
2024-10-17,IBM,1.9028779,1.9232745,1.9223637
2024-10-17,INTC,16.727986,16.752809,16.706773
2024-10-17,MSFT,61.496775,62.81636,61.835921
2024-10-17,NKE,1.24834,1.2754104,1.2440355
2024-10-17,VZ,0.068892231,0.068484993,0.068119787
2024-10-17,WMT,0.94055201,0.95801285,0.94195825
2024-10-18,AAPL,8.7724173,8.789576,8.7373589
2024-10-18,AMGN,0.25939774,0.26145286,0.25792825
2024-10-18,CRM,0.99038437,1.0058335,0.9918323
2024-10-18,CSCO,2.3319571,2.3611543,2.2818391
2024-10-18,IBM,1.9125343,1.9359154,1.8994028
2024-10-18,INTC,16.957371,17.097443,16.950822
2024-10-18,MSFT,61.864686,62.625585,61.059928
2024-10-18,NKE,1.2615141,1.2840164,1.2434308
2024-10-18,VZ,0.069477296,0.069561569,0.068535043
2024-10-18,WMT,0.94178033,0.93962202,0.93784407
2024-10-21,AAPL,8.7666432,8.7129252,8.6213362
2024-10-21,AMGN,0.25669923,0.25724408,0.25069722
2024-10-21,CRM,0.95622682,0.99463829,0.95214303
2024-10-21,CSCO,2.3275612,2.3348183,2.2939895
2024-10-21,IBM,1.8809069,1.9146691,1.8591752
2024-10-21,INTC,17.288862,17.298695,17.497644
2024-10-21,MSFT,62.726308,63.096844,62.749549
2024-10-21,NKE,1.2675281,1.2809361,1.2152896
2024-10-21,VZ,0.069013911,0.069650911,0.068061542
2024-10-21,WMT,0.95708611,0.95805373,0.9532581
2024-10-22,AAPL,8.818642,8.8841505,8.6575179
2024-10-22,AMGN,0.25405567,0.25584729,0.24890603
2024-10-22,CRM,0.95867531,0.98134334,0.98771702
2024-10-22,CSCO,2.3279388,2.3663476,2.3218752
2024-10-22,IBM,1.8415101,1.9009379,1.8399352
2024-10-22,INTC,17.321745,17.03615,17.324972
2024-10-22,MSFT,63.603293,64.135648,62.63584
2024-10-22,NKE,1.2784695,1.3092199,1.2819213
2024-10-22,VZ,0.069307551,0.069942386,0.068928291
2024-10-22,WMT,0.95292101,0.96332525,0.94809529
2024-10-23,AAPL,8.9059374,9.0611781,8.8035722
2024-10-23,AMGN,0.24892278,0.25207207,0.24770035
2024-10-23,CRM,0.93404416,0.92663398,0.91778264
2024-10-23,CSCO,2.3021111,2.3174491,2.2830868
2024-10-23,IBM,1.8592215,1.8907393,1.8599285
2024-10-23,INTC,17.368052,17.189003,16.756931
2024-10-23,MSFT,63.548432,64.587132,62.440309
2024-10-23,NKE,1.2913888,1.2831977,1.2660672
2024-10-23,VZ,0.068547472,0.069583087,0.067299881
2024-10-23,WMT,0.95067893,0.96180497,0.93859084
2024-10-24,AAPL,8.66185,8.6341032,8.4861149
2024-10-24,AMGN,0.25562285,0.2569059,0.2549855
2024-10-24,CRM,0.90281022,0.91959796,0.86095
2024-10-24,CSCO,2.2920482,2.2813158,2.2586655
2024-10-24,IBM,1.8581553,1.8419144,1.8551686
2024-10-24,INTC,16.929349,17.30942,16.352854
2024-10-24,MSFT,62.906363,64.355902,61.320188
2024-10-24,NKE,1.2435235,1.2691116,1.2325584
2024-10-24,VZ,0.068796627,0.069355637,0.068578693
2024-10-24,WMT,0.94741865,0.9520489,0.93926741
2024-10-25,AAPL,8.6153768,8.8081242,8.5294517
2024-10-25,AMGN,0.25032461,0.24981606,0.25025816
2024-10-25,CRM,0.90013169,0.89572964,0.90002492
2024-10-25,CSCO,2.2709307,2.2593502,2.2557557
2024-10-25,IBM,1.8198062,1.8468124,1.835534
2024-10-25,INTC,16.900217,17.112326,16.504561
2024-10-25,MSFT,63.061312,64.307209,63.593889
2024-10-25,NKE,1.2549176,1.268369,1.24817
2024-10-25,VZ,0.069356481,0.068755989,0.068912703
2024-10-25,WMT,0.94570689,0.94364921,0.92425387
2024-10-28,AAPL,8.7885815,8.8494162,8.6238511
2024-10-28,AMGN,0.24613492,0.24650727,0.24713204
2024-10-28,CRM,0.91309383,0.93201281,0.88048428
2024-10-28,CSCO,2.2810323,2.307345,2.2236396
2024-10-28,IBM,1.790439,1.8092039,1.7863873
2024-10-28,INTC,17.420428,17.469556,17.50212
2024-10-28,MSFT,61.32984,62.130543,60.722032
2024-10-28,NKE,1.3184764,1.3272593,1.3153489
2024-10-28,VZ,0.069127739,0.070101061,0.068384842
2024-10-28,WMT,0.96847046,0.98174533,0.97896169
2024-10-29,AAPL,8.9662932,8.9046213,8.8387749
2024-10-29,AMGN,0.24299401,0.24544005,0.24150487
2024-10-29,CRM,0.90380215,0.90307538,0.88531219
2024-10-29,CSCO,2.2664379,2.2612156,2.2165258
2024-10-29,IBM,1.7447575,1.7302436,1.7444479
2024-10-29,INTC,17.583259,17.691302,17.392176
2024-10-29,MSFT,62.015521,63.254899,61.477187
2024-10-29,NKE,1.3194205,1.3097288,1.3067937
2024-10-29,VZ,0.0685409,0.068677008,0.066534324
2024-10-29,WMT,0.95640066,0.96893159,0.94960248
2024-10-30,AAPL,8.8570721,8.9427982,8.7276001
2024-10-30,AMGN,0.24640868,0.25387698,0.24460052
2024-10-30,CRM,0.92053617,0.93146932,0.89030844
2024-10-30,CSCO,2.2180762,2.2362577,2.245482
2024-10-30,IBM,1.7570413,1.7843667,1.7146107
2024-10-30,INTC,17.972904,18.198384,17.798398
2024-10-30,MSFT,60.363665,61.173089,59.983156
2024-10-30,NKE,1.320542,1.3379352,1.3123558
2024-10-30,VZ,0.068556988,0.069071389,0.067879885
2024-10-30,WMT,0.97933274,0.99460341,0.97947809
2024-10-31,AAPL,9.0043063,9.210303,9.0329037
2024-10-31,AMGN,0.24583421,0.24873665,0.24352419
2024-10-31,CRM,0.89388534,0.90727635,0.84737508
2024-10-31,CSCO,2.1909247,2.2126979,2.1836252
2024-10-31,IBM,1.8020136,1.7826482,1.7692032
2024-10-31,INTC,17.651616,17.867538,17.617959
2024-10-31,MSFT,60.189052,59.883235,60.11197
2024-10-31,NKE,1.3297753,1.3619636,1.3092745
2024-10-31,VZ,0.068070358,0.068902001,0.067451233
2024-10-31,WMT,0.9616461,0.96462529,0.94620305
2024-11-01,AAPL,8.9477694,8.9618397,8.8487106
2024-11-01,AMGN,0.24596833,0.24949239,0.24268851
2024-11-01,CRM,0.90037773,0.90111833,0.87624253
2024-11-01,CSCO,2.2125549,2.2090227,2.1827961
2024-11-01,IBM,1.8383455,1.8604408,1.8331085
2024-11-01,INTC,17.670828,17.667446,17.584893
2024-11-01,MSFT,59.847824,61.560198,60.020541
2024-11-01,NKE,1.3436606,1.3676537,1.3274333
2024-11-01,VZ,0.067000065,0.068018116,0.066423453
2024-11-01,WMT,0.97449584,0.99054551,0.97885961
2024-11-04,AAPL,8.5651363,8.7292855,8.4697412
2024-11-04,AMGN,0.24257494,0.24476128,0.23815539
2024-11-04,CRM,0.93632813,0.95140283,0.93223813
2024-11-04,CSCO,2.2022189,2.1986454,2.2155297
2024-11-04,IBM,1.8710192,1.8807816,1.8745317
2024-11-04,INTC,17.882481,18.247557,17.742426
2024-11-04,MSFT,61.484318,61.606919,60.417909
2024-11-04,NKE,1.2958573,1.3052728,1.2960402
2024-11-04,VZ,0.064970783,0.065701249,0.064554169
2024-11-04,WMT,0.98582515,1.001711,0.98239252
2024-11-05,AAPL,8.3082329,8.4560281,8.3558562
2024-11-05,AMGN,0.23541502,0.23855775,0.2352597
2024-11-05,CRM,0.96099799,0.96483563,0.93914202
2024-11-05,CSCO,2.2354431,2.2640474,2.2003227
2024-11-05,IBM,1.8290725,1.8664607,1.7966941
2024-11-05,INTC,17.511788,17.713668,17.32427
2024-11-05,MSFT,61.168671,61.820717,61.174373
2024-11-05,NKE,1.2968722,1.3065189,1.2792351
2024-11-05,VZ,0.063481836,0.064019584,0.06363194
2024-11-05,WMT,0.97900167,0.98837842,0.9757629
2024-11-06,AAPL,8.2567142,8.2827661,8.1206044
2024-11-06,AMGN,0.22632356,0.23073385,0.22521838
2024-11-06,CRM,0.97269602,0.9896947,0.94257095
2024-11-06,CSCO,2.3011238,2.3175094,2.2545561
2024-11-06,IBM,1.7990429,1.81844,1.7978946
2024-11-06,INTC,17.606437,17.705897,17.469707
2024-11-06,MSFT,60.150424,61.043601,59.922334
2024-11-06,NKE,1.3074633,1.3239264,1.327802
2024-11-06,VZ,0.063012386,0.063701003,0.062238806
2024-11-06,WMT,0.9572172,0.96085466,0.95234702
2024-11-07,AAPL,8.3100029,8.4599971,8.3752764
2024-11-07,AMGN,0.22285671,0.22677233,0.2178524
2024-11-07,CRM,0.9318403,0.94587666,0.93476748
2024-11-07,CSCO,2.3898095,2.4078221,2.3895927
2024-11-07,IBM,1.7843306,1.8081527,1.7648638
2024-11-07,INTC,17.666753,17.806836,17.167489
2024-11-07,MSFT,60.937464,61.161037,59.924975
2024-11-07,NKE,1.291961,1.3219004,1.2475209
2024-11-07,VZ,0.063632913,0.064955309,0.063496956
2024-11-07,WMT,0.96657249,0.97633316,0.96721902
2024-11-08,AAPL,8.2108738,8.410252,8.1035
2024-11-08,AMGN,0.22168027,0.22186772,0.21938911
2024-11-08,CRM,0.90768443,0.91105867,0.89699913
2024-11-08,CSCO,2.4149176,2.4165248,2.4100438
2024-11-08,IBM,1.7243374,1.7417004,1.7252147
2024-11-08,INTC,17.803135,18.270739,17.441712
2024-11-08,MSFT,59.926494,60.060304,59.829106
2024-11-08,NKE,1.3066312,1.3190327,1.3024821
2024-11-08,VZ,0.063729237,0.064093891,0.063307855
2024-11-08,WMT,0.96211847,0.97809435,0.95830818
2024-11-11,AAPL,7.9994807,8.1077748,7.8812471
2024-11-11,AMGN,0.2177315,0.21944753,0.21519451
2024-11-11,CRM,0.95281714,0.94526824,0.95578703
2024-11-11,CSCO,2.4038363,2.42776,2.3691599
2024-11-11,IBM,1.7208326,1.7601772,1.7246079
2024-11-11,INTC,17.982273,18.115938,18.067736
2024-11-11,MSFT,59.383997,60.3691,58.148573
2024-11-11,NKE,1.2952074,1.3117184,1.2952704
2024-11-11,VZ,0.064206714,0.065050495,0.063616526
2024-11-11,WMT,0.95869251,0.96725395,0.96187821
2024-11-12,AAPL,7.921345,8.0831911,7.7630802
2024-11-12,AMGN,0.21885088,0.22175532,0.22362925
2024-11-12,CRM,0.96893942,0.97327727,0.9487469
2024-11-12,CSCO,2.4364747,2.46997,2.4288018
2024-11-12,IBM,1.7479075,1.7730778,1.7626513
2024-11-12,INTC,18.16395,18.061083,17.750877
2024-11-12,MSFT,58.541451,59.881736,57.211855
2024-11-12,NKE,1.2949893,1.3013383,1.3042475
2024-11-12,VZ,0.064049301,0.063980541,0.063093796
2024-11-12,WMT,0.95473523,0.95259019,0.94777276
2024-11-13,AAPL,7.9396946,8.0305752,7.9155952
2024-11-13,AMGN,0.22343695,0.22946902,0.22552072
2024-11-13,CRM,0.99578797,1.0129226,0.98934461
2024-11-13,CSCO,2.4270504,2.4573143,2.4004047
2024-11-13,IBM,1.7619843,1.7374679,1.7569687
2024-11-13,INTC,17.470236,17.529665,17.391347
2024-11-13,MSFT,59.547104,59.881091,58.714651
2024-11-13,NKE,1.2854031,1.3164454,1.2940034
2024-11-13,VZ,0.065093952,0.065553457,0.063627435
2024-11-13,WMT,0.95439119,0.96129102,0.95029123
2024-11-14,AAPL,7.8673099,8.0989829,7.8202848
2024-11-14,AMGN,0.21441377,0.21521007,0.21438713
2024-11-14,CRM,0.96862115,0.97018876,0.94179381
2024-11-14,CSCO,2.4451412,2.4833629,2.394273
2024-11-14,IBM,1.7336397,1.7333388,1.7402301
2024-11-14,INTC,17.677685,17.826996,17.457035
2024-11-14,MSFT,59.506032,60.460003,57.693698
2024-11-14,NKE,1.309801,1.3252849,1.2973141
2024-11-14,VZ,0.063867677,0.064736924,0.063349269
2024-11-14,WMT,0.94488082,0.95094585,0.95339652
2024-11-15,AAPL,8.0863408,8.2593102,7.9522843
2024-11-15,AMGN,0.21029049,0.21241147,0.20573147
2024-11-15,CRM,0.99465422,0.98627781,0.95859042
2024-11-15,CSCO,2.494112,2.4583658,2.5073553
2024-11-15,IBM,1.7297775,1.7582102,1.7317897
2024-11-15,INTC,17.889306,17.991454,17.683669
2024-11-15,MSFT,58.854989,59.500887,57.970435
2024-11-15,NKE,1.3093961,1.318575,1.3205619
2024-11-15,VZ,0.061786435,0.06307199,0.060444323
2024-11-15,WMT,0.9341033,0.95366159,0.92531058
2024-11-18,AAPL,7.8908065,7.9661231,7.7054237
2024-11-18,AMGN,0.21221346,0.21659886,0.20997416
2024-11-18,CRM,1.0142749,1.0420257,0.99301435
2024-11-18,CSCO,2.6046599,2.620827,2.5983229
2024-11-18,IBM,1.70366,1.7173397,1.6917163
2024-11-18,INTC,18.252896,18.557907,18.023179
2024-11-18,MSFT,57.644848,57.470641,56.622362
2024-11-18,NKE,1.3156673,1.3459292,1.3325708
2024-11-18,VZ,0.061627804,0.062650988,0.06011638
2024-11-18,WMT,0.93798224,0.9519908,0.93045064
2024-11-19,AAPL,7.7659081,7.7517217,7.5076465
2024-11-19,AMGN,0.21204576,0.21110864,0.21126588
2024-11-19,CRM,0.96873096,0.99006587,0.97055673
2024-11-19,CSCO,2.6123998,2.5945814,2.5545623
2024-11-19,IBM,1.6788611,1.6613589,1.6859465
2024-11-19,INTC,18.284794,18.146046,17.613797
2024-11-19,MSFT,57.286018,58.013883,57.35325
2024-11-19,NKE,1.2858077,1.3034118,1.2742016
2024-11-19,VZ,0.060672266,0.061071374,0.059812443
2024-11-19,WMT,0.94905207,0.94967929,0.93900459
2024-11-20,AAPL,7.607014,7.6863323,7.4802006
2024-11-20,AMGN,0.21388104,0.21718912,0.21353881
2024-11-20,CRM,0.9950531,0.99995672,0.94002792
2024-11-20,CSCO,2.655632,2.625274,2.6524883
2024-11-20,IBM,1.6653474,1.6884333,1.6573992
2024-11-20,INTC,18.006729,18.234186,17.910821
2024-11-20,MSFT,57.916265,58.193335,57.78095
2024-11-20,NKE,1.2926556,1.3040747,1.2944509
2024-11-20,VZ,0.060712957,0.061062017,0.060291073
2024-11-20,WMT,0.9367941,0.93010318,0.92635114
2024-11-21,AAPL,7.8682986,7.8595937,7.6325959
2024-11-21,AMGN,0.21446139,0.21439894,0.21171771
2024-11-21,CRM,0.99674,0.99979013,0.97172279
2024-11-21,CSCO,2.5575383,2.5380204,2.5268417
2024-11-21,IBM,1.6484873,1.666479,1.6443226
2024-11-21,INTC,17.514875,17.71493,17.37942
2024-11-21,MSFT,58.075719,58.198121,57.67367
2024-11-21,NKE,1.3036497,1.3226776,1.3012473
2024-11-21,VZ,0.059965043,0.060675435,0.059285313
2024-11-21,WMT,0.92807793,0.94396773,0.91854651
2024-11-22,AAPL,7.8153268,8.0450713,7.8656532
2024-11-22,AMGN,0.21635688,0.21749305,0.21246393
2024-11-22,CRM,1.0121666,1.0229645,1.0101859
2024-11-22,CSCO,2.5573409,2.5995251,2.5608498
2024-11-22,IBM,1.6511031,1.637319,1.6692749
2024-11-22,INTC,17.453254,17.732524,17.108831
2024-11-22,MSFT,56.882398,56.952214,55.752037
2024-11-22,NKE,1.2973776,1.2959912,1.312907
2024-11-22,VZ,0.060227241,0.061093767,0.059521453
2024-11-22,WMT,0.90175352,0.90436162,0.89621574
2024-11-25,AAPL,7.7183784,7.731096,7.7151962
2024-11-25,AMGN,0.21886362,0.21634866,0.21303379
2024-11-25,CRM,0.99804931,1.0384329,1.009913
2024-11-25,CSCO,2.469725,2.4789796,2.4433087
2024-11-25,IBM,1.6771937,1.7018537,1.6739449
2024-11-25,INTC,17.198054,17.283544,16.760353
2024-11-25,MSFT,57.675839,58.38636,57.808942
2024-11-25,NKE,1.3148269,1.3333695,1.2922949
2024-11-25,VZ,0.059724142,0.060315487,0.058518785
2024-11-25,WMT,0.90263388,0.9036433,0.90054936
2024-11-26,AAPL,7.6836014,7.8394001,7.7012455
2024-11-26,AMGN,0.21903828,0.2214732,0.21565648
2024-11-26,CRM,0.98776085,0.99715085,0.95331078
2024-11-26,CSCO,2.4612152,2.4988126,2.4650385
2024-11-26,IBM,1.6868084,1.7198749,1.6929999
2024-11-26,INTC,17.360229,17.543335,16.999156
2024-11-26,MSFT,57.591257,57.721857,57.1817
2024-11-26,NKE,1.3181465,1.3417385,1.295422
2024-11-26,VZ,0.060543434,0.060849211,0.060308509
2024-11-26,WMT,0.88915834,0.90473603,0.88204272
2024-11-27,AAPL,7.6877872,7.8529591,7.8217034
2024-11-27,AMGN,0.21435538,0.21841416,0.2108868
2024-11-27,CRM,0.9861493,0.96315181,0.9932859
2024-11-27,CSCO,2.4921914,2.5290347,2.4112438
2024-11-27,IBM,1.66667,1.6879521,1.6583235
2024-11-27,INTC,17.315614,17.834532,16.899545
2024-11-27,MSFT,57.754149,58.398714,57.264545
2024-11-27,NKE,1.317165,1.3261796,1.3089355
2024-11-27,VZ,0.058625041,0.058601545,0.058904685
2024-11-27,WMT,0.90397662,0.91164219,0.90678932
2024-11-29,AAPL,7.4568869,7.3983269,7.3576165
2024-11-29,AMGN,0.21005716,0.21060435,0.21032002
2024-11-29,CRM,0.99122585,0.99098988,0.96585163
2024-11-29,CSCO,2.5317805,2.5447418,2.5075678
2024-11-29,IBM,1.6270722,1.6364177,1.6206958
2024-11-29,INTC,17.528749,17.419379,17.453773
2024-11-29,MSFT,58.24468,58.698599,57.677919
2024-11-29,NKE,1.3053769,1.3011828,1.2975825
2024-11-29,VZ,0.057620375,0.057860216,0.056278459
2024-11-29,WMT,0.88172465,0.88876479,0.89397719
2024-12-02,AAPL,7.4664104,7.6786715,7.4286743
2024-12-02,AMGN,0.20716354,0.21391965,0.20567085
2024-12-02,CRM,0.97623107,0.99533579,0.96000741
2024-12-02,CSCO,2.5155759,2.5690016,2.451011
2024-12-02,IBM,1.6494881,1.6529433,1.6281428
2024-12-02,INTC,17.229994,17.213098,16.780948
2024-12-02,MSFT,59.089519,60.427854,56.908754
2024-12-02,NKE,1.3017451,1.3211674,1.2573328
2024-12-02,VZ,0.054931746,0.055544307,0.054781176
2024-12-02,WMT,0.85866458,0.8642285,0.8443421
2024-12-03,AAPL,7.3605207,7.5159061,7.3805378
2024-12-03,AMGN,0.20038385,0.19998834,0.19599821
2024-12-03,CRM,0.96640523,0.97109959,0.93692389
2024-12-03,CSCO,2.5171671,2.4869767,2.5040605
2024-12-03,IBM,1.6246171,1.6593038,1.6320352
2024-12-03,INTC,16.939552,16.955142,16.961424
2024-12-03,MSFT,57.143788,58.323461,57.017989
2024-12-03,NKE,1.3047112,1.3376332,1.2954277
2024-12-03,VZ,0.054430739,0.055561088,0.053819742
2024-12-03,WMT,0.82916634,0.83451727,0.81943531
2024-12-04,AAPL,7.3790155,7.4345151,7.3121197
2024-12-04,AMGN,0.19327055,0.19828368,0.19059003
2024-12-04,CRM,0.93922055,0.93203454,0.91537175
2024-12-04,CSCO,2.5697487,2.5984063,2.5198484
2024-12-04,IBM,1.6082758,1.6024373,1.5967872
2024-12-04,INTC,16.731375,16.742759,16.486254
2024-12-04,MSFT,57.709514,58.53046,57.478652
2024-12-04,NKE,1.3185456,1.3252786,1.2984387
2024-12-04,VZ,0.05371212,0.054899624,0.053720937
2024-12-04,WMT,0.82040903,0.82920333,0.81903278
2024-12-05,AAPL,7.2682613,7.3096505,7.1264929
2024-12-05,AMGN,0.19016623,0.19307093,0.18849929
2024-12-05,CRM,0.92598198,0.96084177,0.91599268
2024-12-05,CSCO,2.6616702,2.6574997,2.6653988
2024-12-05,IBM,1.5958171,1.6136911,1.575554
2024-12-05,INTC,16.599022,16.686095,16.575282
2024-12-05,MSFT,59.852706,60.569339,60.310031
2024-12-05,NKE,1.306027,1.3227058,1.3132957
2024-12-05,VZ,0.053491207,0.053276544,0.053125082
2024-12-05,WMT,0.81967049,0.81744431,0.80235308
2024-12-06,AAPL,7.2439829,7.3014772,7.3708237
2024-12-06,AMGN,0.19238565,0.19077708,0.18918373
2024-12-06,CRM,0.97271128,0.98596867,0.98216751
2024-12-06,CSCO,2.6890301,2.6926919,2.6862931
2024-12-06,IBM,1.5886008,1.6046278,1.5733041
2024-12-06,INTC,16.548151,16.742682,16.515959
2024-12-06,MSFT,59.382158,59.243136,58.041994
2024-12-06,NKE,1.2968365,1.3114443,1.2735276
2024-12-06,VZ,0.053906145,0.054002851,0.054391246
2024-12-06,WMT,0.80808379,0.8120221,0.80576573
2024-12-09,AAPL,7.1201126,7.1639922,6.9862612
2024-12-09,AMGN,0.18450941,0.1874234,0.18350501
2024-12-09,CRM,0.95221501,0.94078801,0.94313392
2024-12-09,CSCO,2.724784,2.7242378,2.7564168
2024-12-09,IBM,1.5895607,1.5939288,1.5670591
2024-12-09,INTC,16.696034,16.87979,16.236001
2024-12-09,MSFT,58.755674,59.318842,57.517524
2024-12-09,NKE,1.2794751,1.2849805,1.2611072
2024-12-09,VZ,0.053420221,0.054241348,0.052893769
2024-12-09,WMT,0.79888242,0.8039464,0.79544118
2024-12-10,AAPL,7.3191867,7.5476129,7.3494045
2024-12-10,AMGN,0.18295609,0.18674375,0.1827656
2024-12-10,CRM,0.96407452,0.97980108,0.94065557
2024-12-10,CSCO,2.6184301,2.6036664,2.5870006
2024-12-10,IBM,1.5878987,1.6126038,1.577007
2024-12-10,INTC,16.91857,17.146349,16.427256
2024-12-10,MSFT,59.537165,58.979989,58.706339
2024-12-10,NKE,1.2602034,1.2676367,1.2624217
2024-12-10,VZ,0.053351868,0.053889527,0.052606027
2024-12-10,WMT,0.79617386,0.8045363,0.79665885
2024-12-11,AAPL,7.2239713,7.3406032,7.0965621
2024-12-11,AMGN,0.18189947,0.18504427,0.18387263
2024-12-11,CRM,0.9509739,0.97282283,0.92459122
2024-12-11,CSCO,2.621289,2.6080656,2.6545068
2024-12-11,IBM,1.6030496,1.6263124,1.5957269
2024-12-11,INTC,16.876335,16.741282,16.38719
2024-12-11,MSFT,58.867099,59.99536,58.192394
2024-12-11,NKE,1.2542846,1.2955824,1.2484934
2024-12-11,VZ,0.052680918,0.052650077,0.051055254
2024-12-11,WMT,0.79115278,0.80479785,0.80305042
2024-12-12,AAPL,7.6673387,7.8318711,7.4530152
2024-12-12,AMGN,0.18416609,0.18883544,0.18298968
2024-12-12,CRM,0.97731219,0.98529649,0.96854125
2024-12-12,CSCO,2.7124158,2.7705064,2.7332939
2024-12-12,IBM,1.628262,1.6241712,1.5885581
2024-12-12,INTC,16.862734,16.864582,16.807963
2024-12-12,MSFT,58.275956,59.348044,57.723935
2024-12-12,NKE,1.2611569,1.283693,1.2667368
2024-12-12,VZ,0.052292342,0.052202866,0.051616871
2024-12-12,WMT,0.80375856,0.81309923,0.79698939
2024-12-13,AAPL,7.5237496,7.527061,7.3161364
2024-12-13,AMGN,0.19037028,0.19283881,0.19188165
2024-12-13,CRM,0.97878074,0.9752842,0.96473343
2024-12-13,CSCO,2.7158559,2.7339008,2.7119738
2024-12-13,IBM,1.6247998,1.6515011,1.6073813
2024-12-13,INTC,17.471832,17.791401,17.248149
2024-12-13,MSFT,59.033209,59.685651,58.681927
2024-12-13,NKE,1.2492123,1.2639124,1.256297
2024-12-13,VZ,0.051016194,0.052162522,0.05032097
2024-12-13,WMT,0.80338021,0.81719902,0.79077348
2024-12-16,AAPL,7.5494832,7.5951242,7.4472324
2024-12-16,AMGN,0.1903064,0.19444161,0.1870607
2024-12-16,CRM,0.98655719,1.0027986,0.96944805
2024-12-16,CSCO,2.7276524,2.7732289,2.7248277
2024-12-16,IBM,1.6392909,1.6465496,1.6295513
2024-12-16,INTC,17.12676,17.289904,16.846768
2024-12-16,MSFT,57.751972,57.941408,57.082909
2024-12-16,NKE,1.2437317,1.2359831,1.2333895
2024-12-16,VZ,0.051735094,0.052741826,0.051146764
2024-12-16,WMT,0.79883656,0.80663046,0.79623639
2024-12-17,AAPL,7.6822831,7.7723282,7.5590248
2024-12-17,AMGN,0.18911609,0.19221347,0.18961275
2024-12-17,CRM,0.97611895,0.98026064,0.94196186
2024-12-17,CSCO,2.6609683,2.6544157,2.665802
2024-12-17,IBM,1.6358529,1.6719354,1.6253741
2024-12-17,INTC,17.037344,16.94244,16.7894
2024-12-17,MSFT,58.924231,59.175927,58.196351
2024-12-17,NKE,1.225083,1.2303323,1.2311934
2024-12-17,VZ,0.050834894,0.051638273,0.050314856
2024-12-17,WMT,0.79416391,0.79797265,0.7947184
2024-12-18,AAPL,7.8876526,8.1319471,7.8364618
2024-12-18,AMGN,0.18804953,0.19167377,0.18212284
2024-12-18,CRM,1.0184827,1.0127657,0.98654394
2024-12-18,CSCO,2.6895046,2.7186016,2.5972408
2024-12-18,IBM,1.6403942,1.6373995,1.626394
2024-12-18,INTC,17.050671,17.342645,16.720408
2024-12-18,MSFT,58.038623,59.22864,56.212746
2024-12-18,NKE,1.2456886,1.2676517,1.2492028
2024-12-18,VZ,0.050105155,0.050552312,0.04962885
2024-12-18,WMT,0.80674592,0.80567005,0.80406538
2024-12-19,AAPL,7.7170612,7.8290949,7.5680972
2024-12-19,AMGN,0.18355711,0.18411188,0.18252447
2024-12-19,CRM,1.0233121,1.052467,0.98110857
2024-12-19,CSCO,2.684768,2.6988633,2.6057904
2024-12-19,IBM,1.644415,1.6622805,1.6468467
2024-12-19,INTC,17.398089,17.553912,16.91549
2024-12-19,MSFT,58.068868,59.597641,58.184084
2024-12-19,NKE,1.2480275,1.2319175,1.2533316
2024-12-19,VZ,0.048445853,0.049537602,0.04845652
2024-12-19,WMT,0.81216447,0.81506638,0.80739354
2024-12-20,AAPL,7.7010365,7.7576388,7.6088299
2024-12-20,AMGN,0.17779569,0.17941303,0.17826794
2024-12-20,CRM,1.037527,1.0478121,1.0197601
2024-12-20,CSCO,2.6364406,2.6527321,2.5841168
2024-12-20,IBM,1.608515,1.5958445,1.591762
2024-12-20,INTC,17.32449,17.593133,17.124912
2024-12-20,MSFT,59.711889,60.197778,57.676959
2024-12-20,NKE,1.2332293,1.227443,1.1950772
2024-12-20,VZ,0.048403462,0.048330611,0.048277892
2024-12-20,WMT,0.81077858,0.82505113,0.81128291
2024-12-23,AAPL,8.1346629,8.2666205,8.1458661
2024-12-23,AMGN,0.17170742,0.1741829,0.16686142
2024-12-23,CRM,1.0579409,1.0579836,1.0538471
2024-12-23,CSCO,2.5759632,2.6030798,2.5293609
2024-12-23,IBM,1.6238084,1.6438868,1.6152872
2024-12-23,INTC,16.89931,16.920721,16.991351
2024-12-23,MSFT,60.227952,60.294752,59.245
2024-12-23,NKE,1.2381967,1.2728292,1.2368894
2024-12-23,VZ,0.047564636,0.047718393,0.047787989
2024-12-23,WMT,0.7981347,0.79657599,0.79788504
2024-12-24,AAPL,8.2914864,8.3606315,8.2555494
2024-12-24,AMGN,0.1680261,0.16921121,0.16762412
2024-12-24,CRM,1.0721577,1.1084323,1.0507177
2024-12-24,CSCO,2.4847379,2.4694722,2.4114783
2024-12-24,IBM,1.6372809,1.6326579,1.621418
2024-12-24,INTC,16.320072,16.427522,16.178952
2024-12-24,MSFT,58.817866,58.423381,57.19456
2024-12-24,NKE,1.2525717,1.2602178,1.2554244
2024-12-24,VZ,0.04773659,0.048310207,0.046733162
2024-12-24,WMT,0.78965389,0.79211296,0.7890914
2024-12-26,AAPL,8.2234245,8.4531539,8.3252873
2024-12-26,AMGN,0.17376683,0.17931611,0.17278552
2024-12-26,CRM,1.071197,1.0770082,1.0628396
2024-12-26,CSCO,2.4408103,2.4256103,2.395325
2024-12-26,IBM,1.6245504,1.6332227,1.613091
2024-12-26,INTC,16.184306,16.329586,15.93824
2024-12-26,MSFT,56.898884,56.618728,56.601126
2024-12-26,NKE,1.2693051,1.2852597,1.2529297
2024-12-26,VZ,0.048362853,0.04872236,0.048072789
2024-12-26,WMT,0.79651033,0.80270449,0.80389632
2024-12-27,AAPL,7.7483683,7.8068389,7.6667018
2024-12-27,AMGN,0.17422374,0.17672078,0.17034582
2024-12-27,CRM,1.0264604,1.0384168,1.0129886
2024-12-27,CSCO,2.4334833,2.4874202,2.3808976
2024-12-27,IBM,1.6788419,1.686658,1.6937993
2024-12-27,INTC,16.211433,16.304392,16.128783
2024-12-27,MSFT,58.462839,59.088809,56.694787
2024-12-27,NKE,1.2966807,1.3192545,1.3008017
2024-12-27,VZ,0.048787186,0.048891464,0.048504888
2024-12-27,WMT,0.78251913,0.78683946,0.78472081
2024-12-30,AAPL,7.739297,7.894902,7.4177902
2024-12-30,AMGN,0.17137771,0.17434432,0.17187106
2024-12-30,CRM,1.0192113,1.0598895,1.0317378
2024-12-30,CSCO,2.3572558,2.3642989,2.318516
2024-12-30,IBM,1.6917768,1.7037243,1.677839
2024-12-30,INTC,16.310383,16.384978,16.249412
2024-12-30,MSFT,58.59355,59.468534,57.473305
2024-12-30,NKE,1.2759469,1.2907323,1.256803
2024-12-30,VZ,0.047891379,0.048448118,0.047724767
2024-12-30,WMT,0.76955701,0.76336219,0.75975211
2024-12-31,AAPL,7.6840231,7.8132222,7.5925176
2024-12-31,AMGN,0.17323273,0.1780915,0.16896303
2024-12-31,CRM,1.016397,1.0163412,1.0106899
2024-12-31,CSCO,2.4395746,2.4864565,2.4445249
2024-12-31,IBM,1.6864016,1.6965494,1.686952
2024-12-31,INTC,16.448966,16.531185,16.065782
2024-12-31,MSFT,60.940134,62.226961,60.232995
2024-12-31,NKE,1.2951598,1.3067388,1.3056302
2024-12-31,VZ,0.047247892,0.047696422,0.047820092
2024-12-31,WMT,0.76995393,0.78354243,0.76226684
