date,tic,close,high,low
2020-01-02,AAPL,0.0040040016,0.0065988302,-0.0089657903
2020-01-02,AMGN,0.0026345253,0.004878521,-0.0083572268
2020-01-02,CRM,0.0052226782,0.0080043077,-0.010170341
2020-01-02,CSCO,0.001911521,0.0046988726,-0.0079702139
2020-01-02,IBM,0.0024092197,0.0041511059,-0.0062734485
2020-01-02,INTC,0.0027801991,0.0046981573,-0.0085628033
2020-01-02,MSFT,0.0011794567,0.0038508177,-0.0073506236
2020-01-02,NKE,0.00034368038,0.0065975189,-0.007095933
2020-01-02,VZ,0.0015559196,0.0045799017,-0.0068842173
2020-01-02,WMT,0.00049650669,0.0049786568,-0.0053872466
2020-01-03,AAPL,-0.0026329756,0.0088351965,-0.0066245198
2020-01-03,AMGN,-0.0070729256,0.0077303648,-0.0032199025
2020-01-03,CRM,-0.0048100948,0.0087566376,-0.0054140687
2020-01-03,CSCO,0.0002887249,0.0043075085,-0.007024467
2020-01-03,IBM,-0.0010527968,0.0053422451,-0.0038399696
2020-01-03,INTC,-0.0023627877,0.005562067,-0.0056495667
2020-01-03,MSFT,-0.0038331747,0.0053857565,-0.0062924027
2020-01-03,NKE,-0.0048209429,0.0085014105,-0.0050023198
2020-01-03,VZ,-0.0013747811,0.0054324865,-0.006182611
2020-01-03,WMT,-0.0025032163,0.0048552752,-0.0051716566
2020-01-06,AAPL,-0.0028234124,0.010609031,-0.0083453655
2020-01-06,AMGN,-0.0021374822,0.0061894655,-0.0059910417
2020-01-06,CRM,-0.0081657171,0.0085035563,-0.004876554
2020-01-06,CSCO,-0.0018706918,0.0044552088,-0.0071065426
2020-01-06,IBM,-0.0016400218,0.0047841072,-0.0048320889
2020-01-06,INTC,0.00046217442,0.0042697191,-0.0074971318
2020-01-06,MSFT,-0.0024695396,0.0049966574,-0.007008791
2020-01-06,NKE,-0.0058891177,0.0086331367,-0.004583478
2020-01-06,VZ,0.00043463707,0.004773736,-0.006850183
2020-01-06,WMT,-0.0022688508,0.0053830147,-0.0060014725
2020-01-07,AAPL,-0.0054289103,0.01098299,-0.0075649023
2020-01-07,AMGN,-0.0039303899,0.007008791,-0.0054895878
2020-01-07,CRM,-0.0031611323,0.0070300102,-0.0071415901
2020-01-07,CSCO,-0.0012272596,0.0049420595,-0.0070743561
2020-01-07,IBM,-0.0023792982,0.0050516129,-0.0048471689
2020-01-07,INTC,-0.0018965602,0.0061136484,-0.0057139397
2020-01-07,MSFT,-0.0029532313,0.005953908,-0.0068949461
2020-01-07,NKE,-0.0044860244,0.010082006,-0.0051876307
2020-01-07,VZ,-0.00049626827,0.0060616732,-0.0063635707
2020-01-07,WMT,-0.0030863881,0.006487608,-0.0054736733
2020-01-08,AAPL,-0.0042768121,0.0092865229,-0.0095094442
2020-01-08,AMGN,-0.004873395,0.0067136288,-0.0049797297
2020-01-08,CRM,-0.0039567351,0.0065157413,-0.0079202652
2020-01-08,CSCO,-0.0019410253,0.0040713549,-0.0079878569
2020-01-08,IBM,-0.0026732683,0.0047284365,-0.0044264793
2020-01-08,INTC,-0.0020063519,0.0051035881,-0.0061039925
2020-01-08,MSFT,-0.004154861,0.0054227114,-0.0069746375
2020-01-08,NKE,-0.0041241646,0.0086802244,-0.0067763329
2020-01-08,VZ,-0.001496613,0.0053782463,-0.0064906478
2020-01-08,WMT,-0.0038368106,0.0062484741,-0.0051060319
2020-01-09,AAPL,-0.0031578541,0.0095067024,-0.0092528462
2020-01-09,AMGN,-0.0014418364,0.0054727793,-0.0069896579
2020-01-09,CRM,-0.001118958,0.0051814318,-0.0077338815
2020-01-09,CSCO,0.00073802471,0.0042357445,-0.0083136559
2020-01-09,IBM,-0.00043714046,0.0045832396,-0.0049951077
2020-01-09,INTC,-0.0025478005,0.0056326389,-0.0067209601
2020-01-09,MSFT,-0.0032199621,0.0048387051,-0.0072703958
2020-01-09,NKE,-0.0037029982,0.0083996058,-0.0065529943
2020-01-09,VZ,-0.001003623,0.0058817863,-0.006621778
2020-01-09,WMT,-0.0029361844,0.0063825846,-0.0056647062
2020-01-10,AAPL,-0.0042759776,0.0099184513,-0.0098329782
2020-01-10,AMGN,-0.0039972663,0.0060175657,-0.0065719485
2020-01-10,CRM,-0.004748106,0.0067894459,-0.0081655979
2020-01-10,CSCO,-0.00025641918,0.0045129061,-0.008679688
2020-01-10,IBM,-0.001740098,0.0044831038,-0.0050343275
2020-01-10,INTC,-0.0019350052,0.00512743,-0.007645905
2020-01-10,MSFT,-0.0039345622,0.0056481361,-0.0074309111
2020-01-10,NKE,-0.0049510598,0.0090150833,-0.0061058998
2020-01-10,VZ,-0.0024499893,0.0056023598,-0.0072539449
2020-01-10,WMT,-0.0041828752,0.0066702366,-0.0058037043
2020-01-13,AAPL,-0.0014907122,0.010357261,-0.010283768
2020-01-13,AMGN,-0.0058640838,0.0072711706,-0.0057889223
2020-01-13,CRM,-0.0028283,0.0078440905,-0.0075724125
2020-01-13,CSCO,0.001210928,0.0034573078,-0.0084325671
2020-01-13,IBM,-0.00039511919,0.0046525002,-0.0052472949
2020-01-13,INTC,0.00015079975,0.0046153069,-0.0075148344
2020-01-13,MSFT,-0.0026782155,0.0051846504,-0.0081480145
2020-01-13,NKE,-0.0049248338,0.0096486807,-0.0059236884
2020-01-13,VZ,-0.0026658773,0.0056471825,-0.0070846081
2020-01-13,WMT,-0.0044836402,0.0070694685,-0.0051232576
2020-01-14,AAPL,-0.0017098188,0.0089594126,-0.011034966
2020-01-14,AMGN,-0.0048183203,0.0068222284,-0.0067596436
2020-01-14,CRM,-0.0016896725,0.0049536228,-0.0081558824
2020-01-14,CSCO,0.00020194054,0.0032570362,-0.0095073581
2020-01-14,IBM,0.00076234341,0.0041544437,-0.0053674579
2020-01-14,INTC,0.001101613,0.0038398504,-0.0084064007
2020-01-14,MSFT,-0.0026648045,0.004037261,-0.0078437328
2020-01-14,NKE,-0.0056589842,0.0092785358,-0.0057082176
2020-01-14,VZ,-0.0019816756,0.005403161,-0.0069653988
2020-01-14,WMT,-0.0056604147,0.0065054893,-0.0056640506
2020-01-15,AAPL,-0.0037544966,0.010497451,-0.0099490881
2020-01-15,AMGN,-0.0005697608,0.0057215691,-0.0085119009
2020-01-15,CRM,-0.0049989223,0.0071263313,-0.0083969831
2020-01-15,CSCO,-0.0014670491,0.0037469864,-0.0090036988
2020-01-15,IBM,-0.00045669079,0.004176259,-0.0059087276
2020-01-15,INTC,-0.00078117847,0.0047804117,-0.0077105761
2020-01-15,MSFT,-0.0041714311,0.0056705475,-0.0089697242
2020-01-15,NKE,-0.0048515201,0.0097746849,-0.0058593154
2020-01-15,VZ,-0.0012185574,0.006051302,-0.0084291101
2020-01-15,WMT,-0.0032503009,0.0063077211,-0.006183207
2020-01-16,AAPL,-0.0044600964,0.01065731,-0.0099244714
2020-01-16,AMGN,-0.0005646348,0.0057148933,-0.0084835291
2020-01-16,CRM,-0.0065581799,0.0084043741,-0.0081148744
2020-01-16,CSCO,-0.001285851,0.0041093826,-0.0085114837
2020-01-16,IBM,-0.00047278404,0.0041847229,-0.0056279302
2020-01-16,INTC,-0.0014181137,0.0051189661,-0.0067996383
2020-01-16,MSFT,-0.0041465759,0.005725503,-0.007799983
2020-01-16,NKE,-0.0033488274,0.0081247091,-0.0059419274
2020-01-16,VZ,-0.0015467405,0.0062308311,-0.0076156259
2020-01-16,WMT,-0.0014185309,0.0053989887,-0.0062660575
2020-01-17,AAPL,-0.0029799342,0.0096952915,-0.010751128
2020-01-17,AMGN,-0.0017632246,0.0051357746,-0.0078427792
2020-01-17,CRM,-0.0046539307,0.0077564716,-0.0094801188
2020-01-17,CSCO,-0.00077646971,0.0030908585,-0.0086447001
2020-01-17,IBM,-0.0026758313,0.0055494308,-0.0047982931
2020-01-17,INTC,-0.0017903447,0.0049513578,-0.0072799921
2020-01-17,MSFT,-0.0038248897,0.0063546896,-0.0073847771
2020-01-17,NKE,-0.006318748,0.008795023,-0.0060543418
2020-01-17,VZ,-0.0041775107,0.0062568188,-0.0071885586
2020-01-17,WMT,-0.0045583844,0.0061914921,-0.005400598
2020-01-21,AAPL,-0.0030348897,0.010704756,-0.010243893
2020-01-21,AMGN,-0.0034294128,0.0061253309,-0.0079364777
2020-01-21,CRM,-0.0065594316,0.0076531172,-0.0073356628
2020-01-21,CSCO,-0.00063979626,0.0031539202,-0.009036243
2020-01-21,IBM,-0.0019595623,0.0051515102,-0.0054545999
2020-01-21,INTC,-0.0012622476,0.0046674013,-0.00802356
2020-01-21,MSFT,-0.0038869977,0.0059142113,-0.0073916912
2020-01-21,NKE,-0.0046607852,0.0087720156,-0.0068157315
2020-01-21,VZ,-0.0033100247,0.0059791803,-0.0071883798
2020-01-21,WMT,-0.0030471087,0.0054733753,-0.0057174563
2020-01-22,AAPL,-0.0046455264,0.010022759,-0.011537433
2020-01-22,AMGN,-0.0019201636,0.004891634,-0.0087464452
2020-01-22,CRM,-0.008348763,0.0086356401,-0.0084291697
2020-01-22,CSCO,-0.0017460585,0.0038458109,-0.0095475912
2020-01-22,IBM,-0.0020926595,0.0044238567,-0.0058592558
2020-01-22,INTC,-0.0028677583,0.0038548708,-0.0087731481
2020-01-22,MSFT,-0.0048956275,0.0052214861,-0.0079399347
2020-01-22,NKE,-0.0058656931,0.0079109669,-0.0072787404
2020-01-22,VZ,-0.0015946627,0.0052881241,-0.0081487894
2020-01-22,WMT,-0.0029967427,0.0053942204,-0.0067826509
2020-01-23,AAPL,-0.0057530999,0.012419343,-0.010331392
2020-01-23,AMGN,-0.0022354126,0.0069226027,-0.0081178546
2020-01-23,CRM,-0.0090333223,0.010740995,-0.0071070194
2020-01-23,CSCO,-0.0013921261,0.0049570799,-0.0086542368
2020-01-23,IBM,-0.0010339022,0.0042265654,-0.0059301853
2020-01-23,INTC,-0.0022230744,0.0057965517,-0.0067400336
2020-01-23,MSFT,-0.0054168105,0.0070140362,-0.0077605844
2020-01-23,NKE,-0.0036299825,0.0086308718,-0.006854713
2020-01-23,VZ,-0.00031870604,0.0058773756,-0.0086965561
2020-01-23,WMT,-0.00089251995,0.004719615,-0.0074334741
2020-01-24,AAPL,-0.0024040341,0.010009408,-0.011050284
2020-01-24,AMGN,-0.0053030252,0.0072532892,-0.0066446662
2020-01-24,CRM,-0.0077000856,0.0086638927,-0.0085170269
2020-01-24,CSCO,0.00011539459,0.0038695335,-0.0099345446
2020-01-24,IBM,-0.0014002919,0.0046083927,-0.0057432652
2020-01-24,INTC,-0.0010549426,0.0045853853,-0.0080502629
2020-01-24,MSFT,-0.0030841827,0.006069541,-0.0079212189
2020-01-24,NKE,-0.0051920414,0.0091063976,-0.0066086054
2020-01-24,VZ,-0.002191186,0.0060311556,-0.0075347424
2020-01-24,WMT,-0.0039871335,0.006460309,-0.0057009459
2020-01-27,AAPL,-0.0035187602,0.012286663,-0.0088876486
2020-01-27,AMGN,-0.0012962818,0.0071628094,-0.0085819364
2020-01-27,CRM,-0.0056616664,0.0079610348,-0.0085062385
2020-01-27,CSCO,0.00078773499,0.0039913654,-0.0084756613
2020-01-27,IBM,0.00080573559,0.004217267,-0.0062063336
2020-01-27,INTC,0.0010385513,0.0041326284,-0.0079367161
2020-01-27,MSFT,-0.0027261376,0.0059591532,-0.0078177452
2020-01-27,NKE,-0.0058573484,0.0099862814,-0.0053555369
2020-01-27,VZ,0.00010251999,0.0065265894,-0.0079867244
2020-01-27,WMT,-0.0025232434,0.0062699318,-0.0057077408
2020-01-28,AAPL,0.00031256676,0.01012373,-0.010257006
2020-01-28,AMGN,-0.0050035119,0.0084383488,-0.0066534877
2020-01-28,CRM,-0.0041610003,0.0077023506,-0.0084577203
2020-01-28,CSCO,-0.0013452768,0.0040874481,-0.0096201897
2020-01-28,IBM,-0.0016320348,0.0057225227,-0.0058227181
2020-01-28,INTC,0.00022172928,0.0051060915,-0.0082007051
2020-01-28,MSFT,-0.0028187037,0.0055733919,-0.0079700351
2020-01-28,NKE,-0.0076032281,0.010035753,-0.005969286
2020-01-28,VZ,-0.0019865036,0.0068951845,-0.0067917109
2020-01-28,WMT,-0.0045807958,0.0068385601,-0.0050141215
2020-01-29,AAPL,-0.0075589418,0.013242245,-0.0083899498
2020-01-29,AMGN,-0.0057734251,0.0088282824,-0.0070334077
2020-01-29,CRM,-0.014401972,0.013069391,-0.0059449077
2020-01-29,CSCO,-0.002559185,0.0067352057,-0.0082482696
2020-01-29,IBM,-0.0027100444,0.0059995651,-0.0047081113
2020-01-29,INTC,-0.0031747818,0.0069016218,-0.0056762099
2020-01-29,MSFT,-0.0044078231,0.0079507828,-0.00733006
2020-01-29,NKE,-0.0089142323,0.011591196,-0.0044922829
2020-01-29,VZ,0.000238657,0.0062813759,-0.0076190829
2020-01-29,WMT,-0.002908349,0.0052009821,-0.0060563087
2020-01-30,AAPL,-0.0045377016,0.010130763,-0.013034344
2020-01-30,AMGN,-0.0048105717,0.010069847,-0.0084265471
2020-01-30,CRM,-0.0056096315,0.0097590685,-0.012823761
2020-01-30,CSCO,-0.002846837,0.0057704449,-0.0098256469
2020-01-30,IBM,-0.00050449371,0.0050365925,-0.0072642565
2020-01-30,INTC,0.0015990734,0.0052455664,-0.010691226
2020-01-30,MSFT,-0.00091320276,0.0068882704,-0.011094451
2020-01-30,NKE,-0.0069518089,0.008785367,-0.0083013773
2020-01-30,VZ,-0.0026656985,0.0065598488,-0.0083309412
2020-01-30,WMT,-0.0069691539,0.0075684786,-0.0052673817
2020-01-31,AAPL,-0.0080497861,0.012906551,-0.010914385
2020-01-31,AMGN,-0.003379941,0.0093002319,-0.0090534687
2020-01-31,CRM,-0.0040377378,0.01219368,-0.012342215
2020-01-31,CSCO,-0.0060537457,0.0096062422,-0.0083078146
2020-01-31,IBM,-0.0017599463,0.0073542595,-0.0066862106
2020-01-31,INTC,-0.00228405,0.0093253851,-0.0091762543
2020-01-31,MSFT,-0.0028733611,0.0089015961,-0.0092509985
2020-01-31,NKE,-0.0051091313,0.010277152,-0.008090198
2020-01-31,VZ,-0.0051521659,0.0089845657,-0.0075232983
2020-01-31,WMT,-0.0050953627,0.0096769333,-0.0051088333
2020-02-03,AAPL,0.0011366606,0.0077123642,-0.0082437396
2020-02-03,AMGN,-0.0020220876,0.0077381134,-0.0062003136
2020-02-03,CRM,-0.00086641312,0.0099452734,-0.0084653497
2020-02-03,CSCO,1.680851e-05,0.005110383,-0.0072944164
2020-02-03,IBM,0.00018048286,0.0053087473,-0.0048696399
2020-02-03,INTC,0.00032234192,0.0065274239,-0.0074875355
2020-02-03,MSFT,-0.001328826,0.0050622225,-0.0066292286
2020-02-03,NKE,-0.0015890002,0.0095210075,-0.0064225793
2020-02-03,VZ,0.00046670437,0.0055762529,-0.0062550306
2020-02-03,WMT,-0.0010152459,0.0059481859,-0.0046643019
2020-02-04,AAPL,-0.00245893,0.0087478161,-0.0080581903
2020-02-04,AMGN,-0.011496782,0.0097323656,-0.0019761324
2020-02-04,CRM,-0.0046487451,0.0077501535,-0.0061187744
2020-02-04,CSCO,0.0010050535,0.004385829,-0.0074645281
2020-02-04,IBM,0.00031077862,0.0049142838,-0.0052611232
2020-02-04,INTC,0.00012695789,0.004797101,-0.0063996315
2020-02-04,MSFT,-0.0016822815,0.0053137541,-0.0074213147
2020-02-04,NKE,-0.0047653317,0.0085234642,-0.0057686567
2020-02-04,VZ,-0.00038725138,0.0055481195,-0.0065892935
2020-02-04,WMT,-0.0032488704,0.0049399137,-0.0056968331
2020-02-05,AAPL,-0.0038233995,0.00961411,-0.0080655217
2020-02-05,AMGN,-0.0028581023,0.0070405006,-0.0053804517
2020-02-05,CRM,-0.0034213662,0.0068012476,-0.0072416663
2020-02-05,CSCO,-0.0032947063,0.0048229694,-0.0070920587
2020-02-05,IBM,-0.0020901561,0.0057377815,-0.0047616959
2020-02-05,INTC,0.00018811226,0.005700469,-0.0066071749
2020-02-05,MSFT,-0.0031917691,0.0058470964,-0.0070434213
2020-02-05,NKE,-0.0060282946,0.0095959902,-0.0045776963
2020-02-05,VZ,-0.0020656586,0.0067682266,-0.0055446625
2020-02-05,WMT,-0.007060647,0.0076919794,-0.0036991835
2020-02-06,AAPL,-0.0043950081,0.010572195,-0.0072343349
2020-02-06,AMGN,-0.0042868257,0.0074948072,-0.0048014522
2020-02-06,CRM,-0.0016265512,0.0053985119,-0.0063019395
2020-02-06,CSCO,0.00064098835,0.0049817562,-0.0073255301
2020-02-06,IBM,-0.0016592741,0.0055016279,-0.0048377514
2020-02-06,INTC,-0.00093722343,0.0063766241,-0.0059896111
2020-02-06,MSFT,-0.0016429424,0.0058538914,-0.0070473552
2020-02-06,NKE,-0.0049037933,0.0095201731,-0.0049011111
2020-02-06,VZ,-0.00065886974,0.0059341192,-0.0059856176
2020-02-06,WMT,-0.0017920136,0.0064144135,-0.0052534938
2020-02-07,AAPL,-0.0062701106,0.011331916,-0.0092480779
2020-02-07,AMGN,-0.0088613629,0.0092520714,-0.0036934018
2020-02-07,CRM,-0.0080080628,0.0083866119,-0.0078384876
2020-02-07,CSCO,-0.0023306608,0.0046725273,-0.0085530281
2020-02-07,IBM,-0.0012966394,0.0050560236,-0.0042373538
2020-02-07,INTC,-0.0028487444,0.0062453747,-0.0059475303
2020-02-07,MSFT,-0.0047957301,0.0060856342,-0.0054336786
2020-02-07,NKE,-0.0052535534,0.0092303753,-0.005995512
2020-02-07,VZ,-0.0011817217,0.0053659678,-0.0062608719
2020-02-07,WMT,-0.001339674,0.0050396919,-0.0056861043
2020-02-10,AAPL,-0.0031718612,0.0099061728,-0.011863828
2020-02-10,AMGN,-0.010952234,0.0098534822,-0.0047641993
2020-02-10,CRM,-0.0058444142,0.0062783957,-0.0092613101
2020-02-10,CSCO,-0.00047671795,0.004301548,-0.0096576214
2020-02-10,IBM,-0.0012937188,0.0048024654,-0.0053822398
2020-02-10,INTC,-0.0012832284,0.0055158138,-0.0085337162
2020-02-10,MSFT,-0.0033488274,0.0050393343,-0.0078191161
2020-02-10,NKE,-0.0053442717,0.0085326433,-0.0079255104
2020-02-10,VZ,-0.0050736666,0.0070365667,-0.0069634318
2020-02-10,WMT,-0.0084692836,0.0075528622,-0.0043118
2020-02-11,AAPL,-0.0064364076,0.011716247,-0.011648655
2020-02-11,AMGN,-0.0035014749,0.0070905685,-0.0081005692
2020-02-11,CRM,-0.0030195117,0.0073809624,-0.009734571
2020-02-11,CSCO,-0.00020647049,0.0049505234,-0.00984025
2020-02-11,IBM,6.4134598e-05,0.0049250126,-0.0056799054
2020-02-11,INTC,0.0010882616,0.0055378675,-0.0099049807
2020-02-11,MSFT,-0.003495276,0.0063737631,-0.0087987185
2020-02-11,NKE,-0.0045993328,0.009557724,-0.0069157481
2020-02-11,VZ,-0.0034813881,0.0069147348,-0.0076707602
2020-02-11,WMT,-0.0056283474,0.0066787004,-0.005997479
2020-02-12,AAPL,-0.0017053485,0.010261178,-0.0093051195
2020-02-12,AMGN,-0.0058383346,0.0078201294,-0.005371511
2020-02-12,CRM,-0.0010032654,0.0059992075,-0.0098211169
2020-02-12,CSCO,0.00025725365,0.0037090778,-0.0087373257
2020-02-12,IBM,0.00078451633,0.0047605038,-0.0052070022
2020-02-12,INTC,0.0020993948,0.005779624,-0.0077667832
2020-02-12,MSFT,-8.72612e-05,0.0055139065,-0.0085785985
2020-02-12,NKE,-0.0038825274,0.010082006,-0.0044978857
2020-02-12,VZ,-0.0021917224,0.0073306561,-0.0069821477
2020-02-12,WMT,-0.0055621862,0.0071973801,-0.0054035783
2020-02-13,AAPL,-0.0020679832,0.01044786,-0.010149837
2020-02-13,AMGN,-0.0060104728,0.008630991,-0.0053030849
2020-02-13,CRM,-0.0023369193,0.0070472956,-0.00870049
2020-02-13,CSCO,-0.00055855513,0.0036532879,-0.0094989538
2020-02-13,IBM,0.00071585178,0.0046921968,-0.0054789186
2020-02-13,INTC,0.0015259981,0.0044307709,-0.0073946714
2020-02-13,MSFT,-0.0010883808,0.0057492256,-0.0074355602
2020-02-13,NKE,-0.0052767992,0.0091793537,-0.0056012273
2020-02-13,VZ,-0.0032250881,0.0070723295,-0.0073544383
2020-02-13,WMT,-0.0046869516,0.0064269304,-0.0054543018
2020-02-14,AAPL,-0.0035997033,0.010236621,-0.011413574
2020-02-14,AMGN,-0.004904151,0.0074003935,-0.0070812106
2020-02-14,CRM,-0.0042986274,0.0078303814,-0.0089959502
2020-02-14,CSCO,-0.00033098459,0.0045114756,-0.0091426969
2020-02-14,IBM,-0.0015210509,0.0049643517,-0.0058318973
2020-02-14,INTC,-0.00046902895,0.0049525499,-0.008498013
2020-02-14,MSFT,-0.0025640726,0.0057792664,-0.0086944103
2020-02-14,NKE,-0.004823029,0.0090332031,-0.0068203211
2020-02-14,VZ,-0.003323853,0.0070371628,-0.006930232
2020-02-14,WMT,-0.0052524805,0.0065995455,-0.005676806
2020-02-18,AAPL,-0.0044443011,0.011556387,-0.010743737
2020-02-18,AMGN,-0.0060873628,0.008372426,-0.0067079067
2020-02-18,CRM,-0.0052681565,0.0078133345,-0.009044528
2020-02-18,CSCO,-0.0011039376,0.0047149658,-0.0098056197
2020-02-18,IBM,-0.00028556585,0.0043061972,-0.0061884522
2020-02-18,INTC,0.00038766861,0.004627347,-0.0088903904
2020-02-18,MSFT,-0.0026888847,0.0061591864,-0.0084865689
2020-02-18,NKE,-0.0048468709,0.0089668036,-0.0063345432
2020-02-18,VZ,-0.0022798777,0.0064278841,-0.0072954297
2020-02-18,WMT,-0.0039716959,0.0057604313,-0.0068603754
2020-02-19,AAPL,-0.0036255717,0.01026237,-0.0099933743
2020-02-19,AMGN,-0.0032259822,0.0066001415,-0.0057518482
2020-02-19,CRM,-0.0031969547,0.0071040392,-0.010201991
2020-02-19,CSCO,-0.00030505657,0.0037074089,-0.0093057156
2020-02-19,IBM,-0.00025254488,0.0047297478,-0.0061334372
2020-02-19,INTC,0.0020092726,0.0050047636,-0.0076160431
2020-02-19,MSFT,-0.0016742349,0.0058971643,-0.0088908672
2020-02-19,NKE,-0.0041683316,0.0092748404,-0.0057512522
2020-02-19,VZ,-0.0034177899,0.006966114,-0.0074830055
2020-02-19,WMT,-0.0064809322,0.0073320866,-0.004961729
2020-02-20,AAPL,-0.0023829341,0.0099862814,-0.0089724064
2020-02-20,AMGN,-0.0023294091,0.0068593025,-0.00701648
2020-02-20,CRM,-0.0028767586,0.0075451136,-0.0080890059
2020-02-20,CSCO,0.0007481575,0.0044728518,-0.0088839531
2020-02-20,IBM,-5.0425529e-05,0.0047883987,-0.005100131
2020-02-20,INTC,0.0010935068,0.0055663586,-0.0077836514
2020-02-20,MSFT,-0.0025603771,0.006159544,-0.0077030659
2020-02-20,NKE,-0.0049678683,0.01015842,-0.004975915
2020-02-20,VZ,-0.0013965368,0.0066001415,-0.0074010491
2020-02-20,WMT,-0.0029292107,0.0063146353,-0.0063042641
2020-02-21,AAPL,-0.0030432343,0.010258079,-0.0097178817
2020-02-21,AMGN,-0.0065264106,0.0076984167,-0.0057824254
2020-02-21,CRM,-0.0072247982,0.0073029995,-0.0089082122
2020-02-21,CSCO,-0.00096219778,0.0041766167,-0.0087215304
2020-02-21,IBM,-0.0016536117,0.0052999258,-0.00518471
2020-02-21,INTC,-0.00042647123,0.0050731897,-0.0079211593
2020-02-21,MSFT,-0.0025051236,0.0060348511,-0.0081343055
2020-02-21,NKE,-0.0054382682,0.010258079,-0.0058777928
2020-02-21,VZ,-0.003341496,0.0066851377,-0.0067517757
2020-02-21,WMT,-0.0045300722,0.0067251921,-0.0057487488
2020-02-24,AAPL,-0.0049777627,0.011168718,-0.011987627
2020-02-24,AMGN,-0.0072527528,0.0083218813,-0.006539464
2020-02-24,CRM,-0.0045334101,0.0074893236,-0.0089554191
2020-02-24,CSCO,-0.0018802881,0.0045058727,-0.0090315342
2020-02-24,IBM,-0.0020210743,0.0057162046,-0.0055627227
2020-02-24,INTC,-0.0025071502,0.0054217577,-0.0087639689
2020-02-24,MSFT,-0.0054561496,0.006550312,-0.0081584454
2020-02-24,NKE,-0.0048918128,0.009041667,-0.0072048306
2020-02-24,VZ,-0.0052180886,0.0069601536,-0.0064505935
2020-02-24,WMT,-0.0060549378,0.0071300268,-0.0056105852
2020-02-25,AAPL,-0.0027166009,0.011273861,-0.010673404
2020-02-25,AMGN,-0.007370472,0.0089361668,-0.0057561994
2020-02-25,CRM,-0.0038912892,0.0063998699,-0.0093266964
2020-02-25,CSCO,-0.0014441609,0.0045053959,-0.0092577934
2020-02-25,IBM,0.00018072128,0.0053750277,-0.0056811571
2020-02-25,INTC,7.5697899e-05,0.0052950382,-0.0082686543
2020-02-25,MSFT,-0.0036316514,0.0065807104,-0.0090751648
2020-02-25,NKE,-0.0060207248,0.010165691,-0.0058594942
2020-02-25,VZ,-0.003718257,0.0073533058,-0.00668329
2020-02-25,WMT,-0.0065422058,0.0080281496,-0.0052211285
2020-02-26,AAPL,-0.00030702353,0.010844707,-0.0092493296
2020-02-26,AMGN,-0.0059019923,0.009018302,-0.005207181
2020-02-26,CRM,-0.0015752316,0.0064446926,-0.0085093975
2020-02-26,CSCO,0.0026431084,0.0048413277,-0.0087132454
2020-02-26,IBM,0.00027084351,0.0050843954,-0.0053237081
2020-02-26,INTC,0.0030759573,0.0055369139,-0.0080538988
2020-02-26,MSFT,-0.0013843179,0.005863905,-0.007866025
2020-02-26,NKE,-0.0042899251,0.011051893,-0.0051422119
2020-02-26,VZ,-0.0018632412,0.0070801973,-0.0068743825
2020-02-26,WMT,-0.0045761466,0.0078154802,-0.0054106712
2020-02-27,AAPL,-0.0012613535,0.0114398,-0.010257185
2020-02-27,AMGN,-0.0080501437,0.0097370148,-0.0062497258
2020-02-27,CRM,-0.0049448609,0.0083832741,-0.0070832372
2020-02-27,CSCO,-0.00010299683,0.004850626,-0.0099002123
2020-02-27,IBM,-0.00081294775,0.0054198503,-0.0058806539
2020-02-27,INTC,6.6757202e-06,0.0060178041,-0.0077483058
2020-02-27,MSFT,-0.0025795102,0.0064227581,-0.0083965659
2020-02-27,NKE,-0.0083569288,0.010832071,-0.0060285926
2020-02-27,VZ,-0.001670301,0.0065000057,-0.0072906613
2020-02-27,WMT,-0.0038189292,0.0066255331,-0.0058274269
2020-02-28,AAPL,-0.0052296519,0.012992382,-0.0090228915
2020-02-28,AMGN,-0.010192811,0.012177587,-0.0057879686
2020-02-28,CRM,-0.014140368,0.013662457,-0.0076794028
2020-02-28,CSCO,-0.0026556849,0.0067589283,-0.008508265
2020-02-28,IBM,-0.0017623901,0.0054836273,-0.0051332712
2020-02-28,INTC,-0.0031805634,0.0071843863,-0.005666256
2020-02-28,MSFT,-0.0034838915,0.0077507496,-0.0077338815
2020-02-28,NKE,-0.0087649226,0.012147427,-0.0050261617
2020-02-28,VZ,-0.00075894594,0.0060479641,-0.0073429942
2020-02-28,WMT,-0.0036702156,0.0058517456,-0.0057022572
2020-03-02,AAPL,-0.0026029348,0.0091562271,-0.014417768
2020-03-02,AMGN,-0.005554378,0.011212111,-0.0087390542
2020-03-02,CRM,-0.004869163,0.0094619989,-0.014345884
2020-03-02,CSCO,-0.0025162697,0.0054112673,-0.011364102
2020-03-02,IBM,0.0010926723,0.004963398,-0.0075789094
2020-03-02,INTC,0.0022839308,0.0054234266,-0.01281023
2020-03-02,MSFT,0.0010229349,0.0059790611,-0.012134671
2020-03-02,NKE,-0.0058455467,0.0088009834,-0.0092041492
2020-03-02,VZ,-0.0032609105,0.0061117411,-0.009655714
2020-03-02,WMT,-0.008033216,0.0087776184,-0.0050592422
2020-03-03,AAPL,-0.0077604055,0.01297009,-0.010806859
2020-03-03,AMGN,-0.0045315027,0.01147151,-0.007361114
2020-03-03,CRM,-0.0031123757,0.012691021,-0.01300621
2020-03-03,CSCO,-0.0061787367,0.0099161863,-0.0078280568
2020-03-03,IBM,-0.00064700842,0.0076086521,-0.0065892339
2020-03-03,INTC,-0.0018054843,0.010450482,-0.0093146563
2020-03-03,MSFT,-0.002792418,0.010238051,-0.0093611479
2020-03-03,NKE,-0.0040675402,0.011555552,-0.0082120895
2020-03-03,VZ,-0.0061715245,0.010499835,-0.0065687299
2020-03-03,WMT,-0.0052978992,0.01034224,-0.0052011013
2020-03-04,AAPL,-0.0056369305,0.013534188,-0.010932982
2020-03-04,AMGN,-0.0041216612,0.011708856,-0.009675324
2020-03-04,CRM,-0.0080102682,0.013590455,-0.011342347
2020-03-04,CSCO,-0.0050506592,0.0092390776,-0.008969605
2020-03-04,IBM,-0.0034193993,0.0090203285,-0.0057045221
2020-03-04,INTC,-0.0059871078,0.010212421,-0.0089996457
2020-03-04,MSFT,-0.0058244467,0.01099813,-0.0073494315
2020-03-04,NKE,-0.0086464882,0.011502862,-0.0086895823
2020-03-04,VZ,-0.006464541,0.0092976093,-0.0059503913
2020-03-04,WMT,-0.0036389828,0.0085391998,-0.0070165396
2020-03-05,AAPL,-0.0075361133,0.013191581,-0.01754719
2020-03-05,AMGN,-0.012802303,0.014401674,-0.0097321868
2020-03-05,CRM,-0.016699612,0.014091611,-0.01104033
2020-03-05,CSCO,-0.0059967041,0.0075224638,-0.012750387
2020-03-05,IBM,-0.00082820654,0.0064780712,-0.0098258853
2020-03-05,INTC,-0.0016694665,0.0091245174,-0.013950765
2020-03-05,MSFT,-0.0047584176,0.0098631382,-0.012517393
2020-03-05,NKE,-0.0034716129,0.0093244314,-0.013155103
2020-03-05,VZ,-0.0063338876,0.0078049898,-0.011239469
2020-03-05,WMT,-0.0048085451,0.0084990263,-0.0086167455
2020-03-06,AAPL,-0.0031223893,0.014754176,-0.01117301
2020-03-06,AMGN,-0.0060750842,0.014674902,-0.006978631
2020-03-06,CRM,-0.0057138205,0.012227535,-0.0091452003
2020-03-06,CSCO,-0.00099402666,0.0086990595,-0.010664999
2020-03-06,IBM,0.0026750565,0.0070130825,-0.006585598
2020-03-06,INTC,0.0033638477,0.010483146,-0.010318458
2020-03-06,MSFT,0.00046372414,0.0091758966,-0.010930896
2020-03-06,NKE,-0.0054662824,0.012955666,-0.0067927837
2020-03-06,VZ,-0.0025470853,0.009942174,-0.0080189705
2020-03-06,WMT,-0.0042144656,0.0094765425,-0.0061511993
2020-03-09,AAPL,-0.0038282275,0.012457013,-0.010120928
2020-03-09,AMGN,-0.0049791336,0.013483405,-0.0084788203
2020-03-09,CRM,-0.0033318996,0.010599136,-0.011075437
2020-03-09,CSCO,0.0018079281,0.0064948797,-0.0091428757
2020-03-09,IBM,0.00057089329,0.0063347816,-0.0066763163
2020-03-09,INTC,0.0028828382,0.0096641779,-0.0076483488
2020-03-09,MSFT,0.0023031235,0.0091720819,-0.0094220042
2020-03-09,NKE,-0.0037114024,0.012220383,-0.0055357814
2020-03-09,VZ,-0.0031192303,0.0092339516,-0.0066628456
2020-03-09,WMT,-0.00064080954,0.006627202,-0.0066491961
2020-03-10,AAPL,-0.0039277077,0.013366222,-0.012481093
2020-03-10,AMGN,-0.0079529881,0.013523579,-0.0085152984
2020-03-10,CRM,-0.0053488016,0.010108232,-0.0096846819
2020-03-10,CSCO,-0.0027676821,0.0048639774,-0.010978103
2020-03-10,IBM,-0.00099736452,0.0064852238,-0.0060459375
2020-03-10,INTC,0.00070405006,0.0080639124,-0.0088402629
2020-03-10,MSFT,-0.00069451332,0.0078792572,-0.0096586347
2020-03-10,NKE,-0.0064821243,0.010744691,-0.0067628622
2020-03-10,VZ,-0.0068105459,0.0085829496,-0.0072907805
2020-03-10,WMT,-0.0053312778,0.0073347092,-0.0053815246
2020-03-11,AAPL,-0.0081040859,0.015265465,-0.01194793
2020-03-11,AMGN,-0.0092347264,0.01513195,-0.0087630153
2020-03-11,CRM,-0.010868907,0.012854695,-0.0078987479
2020-03-11,CSCO,-0.0041319728,0.0057860613,-0.0097656846
2020-03-11,IBM,-0.00090634823,0.0066475868,-0.0064110756
2020-03-11,INTC,0.00045466423,0.0073035955,-0.009600997
2020-03-11,MSFT,-0.0016029477,0.0079442263,-0.010015786
2020-03-11,NKE,-0.0071799755,0.012523055,-0.0069991946
2020-03-11,VZ,-0.0067152977,0.0093359947,-0.00796628
2020-03-11,WMT,-0.006067872,0.0080845356,-0.0058192015
2020-03-12,AAPL,-0.0056072474,0.01307106,-0.01379025
2020-03-12,AMGN,-0.0073664784,0.013598442,-0.010602772
2020-03-12,CRM,-0.010163844,0.011739254,-0.011173308
2020-03-12,CSCO,-0.0036280751,0.005882144,-0.010482728
2020-03-12,IBM,-0.0002259016,0.0051027536,-0.0073014498
2020-03-12,INTC,0.00074398518,0.0077476501,-0.011030078
2020-03-12,MSFT,-0.0016672611,0.0073513985,-0.010404348
2020-03-12,NKE,-0.0052863359,0.010554671,-0.0077905059
2020-03-12,VZ,-0.0066823959,0.0090668201,-0.0081192255
2020-03-12,WMT,-0.0065986514,0.0089128017,-0.0061214566
2020-03-13,AAPL,-0.0054726005,0.01438868,-0.011044562
2020-03-13,AMGN,-0.0065007806,0.013415813,-0.0098914504
2020-03-13,CRM,-0.0060031414,0.011465549,-0.011986434
2020-03-13,CSCO,-0.00096195936,0.0043716431,-0.010555208
2020-03-13,IBM,0.0015556812,0.0051002502,-0.0069131255
2020-03-13,INTC,0.0013645887,0.008035779,-0.0099753141
2020-03-13,MSFT,0.00049805641,0.0081379414,-0.010635972
2020-03-13,NKE,-0.0041279793,0.010578036,-0.0079504251
2020-03-13,VZ,-0.0036486387,0.0087001324,-0.0088002086
2020-03-13,WMT,-0.0028434396,0.0067417622,-0.0073074102
2020-03-16,AAPL,-0.005004108,0.012739539,-0.012899876
2020-03-16,AMGN,-0.0023201704,0.012444615,-0.01056844
2020-03-16,CRM,-0.0060629845,0.011744618,-0.011791706
2020-03-16,CSCO,-0.0043066144,0.0060385466,-0.0095307827
2020-03-16,IBM,-0.0026999712,0.0068515539,-0.0054863691
2020-03-16,INTC,-0.00077545643,0.0080776215,-0.0094974041
2020-03-16,MSFT,-0.0022899508,0.0085932016,-0.010521412
2020-03-16,NKE,-0.0035238862,0.011046052,-0.007537961
2020-03-16,VZ,-0.0066132545,0.0092592239,-0.0081846714
2020-03-16,WMT,-0.0060278177,0.008051753,-0.0056310892
2020-03-17,AAPL,-0.0080451965,0.015027523,-0.010660946
2020-03-17,AMGN,-0.0014745593,0.010426641,-0.011326849
2020-03-17,CRM,-0.0089605451,0.013806581,-0.011268973
2020-03-17,CSCO,-0.0054409504,0.0064622164,-0.0098481178
2020-03-17,IBM,-0.003130734,0.0067336559,-0.0059863329
2020-03-17,INTC,-0.0013564825,0.008072257,-0.0091895461
2020-03-17,MSFT,-0.0020012259,0.0083632469,-0.01028204
2020-03-17,NKE,-0.0061252713,0.010944724,-0.0064194798
2020-03-17,VZ,-0.0045731068,0.0089753866,-0.0083233714
2020-03-17,WMT,-0.0044776797,0.0064764023,-0.0068079233
2020-03-18,AAPL,-0.0010413527,0.012532115,-0.013894081
2020-03-18,AMGN,-0.0075591207,0.012378216,-0.0081700683
2020-03-18,CRM,-0.0089972615,0.01238215,-0.013333976
2020-03-18,CSCO,-0.0024054646,0.0054969788,-0.01038295
2020-03-18,IBM,-0.0015166402,0.0066190958,-0.0061333179
2020-03-18,INTC,0.0032485723,0.0070083141,-0.010440409
2020-03-18,MSFT,-0.0012432933,0.0076961517,-0.010636747
2020-03-18,NKE,-0.0060718656,0.010203958,-0.0070673227
2020-03-18,VZ,-0.007840991,0.0098086596,-0.0079264641
2020-03-18,WMT,-0.0062965155,0.0081353188,-0.0054568052
2020-03-19,AAPL,-0.0023491383,0.014215469,-0.010476708
2020-03-19,AMGN,-0.0051630735,0.011367679,-0.00666219
2020-03-19,CRM,-0.0047190189,0.012147188,-0.0099030137
2020-03-19,CSCO,-0.0013228059,0.0055499077,-0.0087878704
2020-03-19,IBM,-0.00064492226,0.0070939064,-0.0061925054
2020-03-19,INTC,0.0011509657,0.007994771,-0.0077969432
2020-03-19,MSFT,-0.0004440546,0.0088368654,-0.0083879828
2020-03-19,NKE,-0.0043027997,0.011479497,-0.006234169
2020-03-19,VZ,-0.0054580569,0.010128856,-0.0074914694
2020-03-19,WMT,-0.0071100593,0.0086021423,-0.0054721236
2020-03-20,AAPL,-0.0040124059,0.012238026,-0.012519956
2020-03-20,AMGN,-0.004820466,0.011473894,-0.0088562369
2020-03-20,CRM,-0.012354255,0.014480591,-0.010532916
2020-03-20,CSCO,-0.0050904155,0.0055940151,-0.010392547
2020-03-20,IBM,-0.0020714402,0.0053931475,-0.0063914061
2020-03-20,INTC,-0.00016611814,0.0072515011,-0.0090380311
2020-03-20,MSFT,-0.0058333278,0.0083866119,-0.0078235865
2020-03-20,NKE,-0.0053915381,0.010093093,-0.0078483224
2020-03-20,VZ,-0.0055091381,0.0088711977,-0.008512795
2020-03-20,WMT,-0.0034033656,0.0059119463,-0.0069998503
2020-03-23,AAPL,-0.0051201582,0.015494466,-0.010211229
2020-03-23,AMGN,-0.0029072165,0.012127399,-0.0081326365
2020-03-23,CRM,-0.010493636,0.014868379,-0.010182023
2020-03-23,CSCO,-0.0052548051,0.0074468851,-0.0091498494
2020-03-23,IBM,-0.0022354722,0.007235527,-0.0059530735
2020-03-23,INTC,-0.0014670491,0.0088691711,-0.0071153641
2020-03-23,MSFT,-0.0043190718,0.0089856386,-0.0082058311
2020-03-23,NKE,-0.0068719387,0.011431336,-0.0058938265
2020-03-23,VZ,-0.006069243,0.010029793,-0.0079609752
2020-03-23,WMT,-0.0041041374,0.0074055195,-0.0059241056
2020-03-24,AAPL,-0.0050084591,0.013608932,-0.011918366
2020-03-24,AMGN,-0.0049254894,0.011912942,-0.0085992217
2020-03-24,CRM,-0.0073694587,0.013729692,-0.012086689
2020-03-24,CSCO,-0.0041645169,0.0071390867,-0.010282934
2020-03-24,IBM,-0.002951324,0.0076305866,-0.0056607127
2020-03-24,INTC,-0.0019956231,0.0091514587,-0.0071000457
2020-03-24,MSFT,-0.0041664839,0.0083152056,-0.0088990927
2020-03-24,NKE,-0.005217135,0.011176705,-0.0067789555
2020-03-24,VZ,-0.0064385533,0.0090720654,-0.0068939328
2020-03-24,WMT,-0.0043630004,0.0067398548,-0.0058990717
2020-03-25,AAPL,-0.0069768429,0.013827801,-0.011198521
2020-03-25,AMGN,-0.0049461722,0.010313272,-0.0091082454
2020-03-25,CRM,-0.012358129,0.014694333,-0.011445582
2020-03-25,CSCO,-0.0055695772,0.0066034794,-0.01051873
2020-03-25,IBM,-0.0031532049,0.0073325634,-0.0066294074
2020-03-25,INTC,-0.0028048158,0.0091968775,-0.010061502
2020-03-25,MSFT,-0.0043783784,0.010210037,-0.0093279481
2020-03-25,NKE,-0.0081836581,0.011307597,-0.0076738
2020-03-25,VZ,-0.0074720383,0.010061622,-0.0069971681
2020-03-25,WMT,-0.0068586469,0.0083866119,-0.0055545568
2020-03-26,AAPL,-0.0020953417,0.01354897,-0.011041164
2020-03-26,AMGN,-0.011952043,0.015582323,-0.0064210296
2020-03-26,CRM,-0.0061476827,0.012119174,-0.01089251
2020-03-26,CSCO,0.0008443594,0.006554842,-0.010044873
2020-03-26,IBM,0.00059628487,0.0071995258,-0.0064067245
2020-03-26,INTC,0.0013446808,0.0096758604,-0.0087071657
2020-03-26,MSFT,-0.0011319518,0.0080670118,-0.0082969069
2020-03-26,NKE,-0.0061612129,0.013195276,-0.006252408
2020-03-26,VZ,-0.0035233498,0.0090671778,-0.00740695
2020-03-26,WMT,-0.0036225915,0.008051157,-0.005977571
2020-03-27,AAPL,-0.0018822551,0.013352036,-0.013132751
2020-03-27,AMGN,-0.0068647861,0.013064146,-0.0087313652
2020-03-27,CRM,-0.009347856,0.012944579,-0.011856496
2020-03-27,CSCO,-0.0046548247,0.0059443712,-0.011258125
2020-03-27,IBM,-0.0041443706,0.006611228,-0.0066793561
2020-03-27,INTC,-0.0025920272,0.0089951754,-0.0094681382
2020-03-27,MSFT,-0.0061160326,0.0091832876,-0.0087733865
2020-03-27,NKE,-0.0074755549,0.01295042,-0.0089265704
2020-03-27,VZ,-0.00845474,0.0089709759,-0.0071300268
2020-03-27,WMT,-0.0073652267,0.0094532967,-0.0056913495
2020-03-30,AAPL,-0.0088981986,0.016034365,-0.013038754
2020-03-30,AMGN,-0.013863385,0.017983794,-0.0077077746
2020-03-30,CRM,-0.016877532,0.017499328,-0.013084412
2020-03-30,CSCO,-0.0036399961,0.0098985434,-0.011317313
2020-03-30,IBM,-0.0006326437,0.0072292089,-0.0069233179
2020-03-30,INTC,-0.0036061406,0.010500789,-0.0088188052
2020-03-30,MSFT,-0.005872786,0.01181221,-0.0083294511
2020-03-30,NKE,-0.0080109835,0.014464855,-0.0088256598
2020-03-30,VZ,-0.0026769638,0.0079430342,-0.0090271831
2020-03-30,WMT,-0.0021339059,0.006352663,-0.0081872344
2020-03-31,AAPL,-0.002633214,0.012555838,-0.0186373
2020-03-31,AMGN,-0.0097911954,0.016906738,-0.008790195
2020-03-31,CRM,-0.01276809,0.017541409,-0.01963228
2020-03-31,CSCO,-0.0087329745,0.011339664,-0.012995541
2020-03-31,IBM,-0.0025343299,0.007568717,-0.0078679919
2020-03-31,INTC,9.5963478e-05,0.010194302,-0.014423072
2020-03-31,MSFT,-0.0018430352,0.010422111,-0.013043761
2020-03-31,NKE,-0.0083783269,0.012453079,-0.01258564
2020-03-31,VZ,-0.0074759722,0.009703517,-0.011778474
2020-03-31,WMT,-0.010520995,0.011567831,-0.0066896081
2020-04-01,AAPL,-0.0081537962,0.017946601,-0.0095210075
2020-04-01,AMGN,-0.0074074268,0.016946912,-0.0073200464
2020-04-01,CRM,-0.0047055483,0.018861532,-0.01352489
2020-04-01,CSCO,-0.0057621598,0.014394403,-0.0089981556
2020-04-01,IBM,-0.0034874678,0.010798573,-0.006721139
2020-04-01,INTC,-0.0033337474,0.015212178,-0.0087484717
2020-04-01,MSFT,-0.0031216145,0.01368463,-0.0087153912
2020-04-01,NKE,-0.0094095469,0.015796423,-0.0081163049
2020-04-01,VZ,-0.0083122253,0.013507485,-0.0073561668
2020-04-01,WMT,-0.0063214898,0.012801647,-0.0058714747
2020-04-02,AAPL,0.0069072247,0.011043191,-0.022862852
2020-04-02,AMGN,-0.00051724911,0.013584137,-0.013025224
2020-04-02,CRM,-0.0038631558,0.016991496,-0.023614943
2020-04-02,CSCO,0.0021029711,0.012124419,-0.021326303
2020-04-02,IBM,0.0049785376,0.010660291,-0.01386708
2020-04-02,INTC,0.00026285648,0.013489127,-0.019178331
2020-04-02,MSFT,-0.002110064,0.014513612,-0.015220344
2020-04-02,NKE,-0.0048438311,0.019887805,-0.017639339
2020-04-02,VZ,0.00010740757,0.011774063,-0.013987541
2020-04-02,WMT,0.0040775537,0.0097616911,-0.015305221
2020-04-03,AAPL,-0.007147193,0.019051194,-0.04468745
2020-04-03,AMGN,-0.016670525,0.014976978,-0.014926016
2020-04-03,CRM,-0.022164285,0.0298841,-0.026899219
2020-04-03,CSCO,-0.010366142,0.019067287,-0.02884227
2020-04-03,IBM,3.6716461e-05,0.010300159,-0.019339025
2020-04-03,INTC,-0.01019305,0.018983722,-0.02820611
2020-04-03,MSFT,-0.01291275,0.017289519,-0.019381642
2020-04-03,NKE,-0.011962354,0.023150802,-0.028070629
2020-04-03,VZ,-0.0052745342,0.012550116,-0.026084185
2020-04-03,WMT,-0.0067867041,0.014233232,-0.017242014
2020-04-06,AAPL,0.00039279461,0.013418794,-0.020682096
2020-04-06,AMGN,-0.0043000579,0.014230967,-0.010779202
2020-04-06,CRM,0.0016555786,0.021218777,-0.022478938
2020-04-06,CSCO,-0.00011432171,0.01618433,-0.01647836
2020-04-06,IBM,0.0059270859,0.010720611,-0.0151366
2020-04-06,INTC,0.0029418468,0.015211463,-0.023716629
2020-04-06,MSFT,-0.0084641576,0.016601086,-0.012937844
2020-04-06,NKE,-0.005690217,0.018378377,-0.018153369
2020-04-06,VZ,0.0028476715,0.013950229,-0.015165448
2020-04-06,WMT,-0.00037539005,0.013181448,-0.010269463
2020-04-07,AAPL,0.0094053745,0.010029912,-0.013559163
2020-04-07,AMGN,-0.0013854504,0.013000011,-0.0096569657
2020-04-07,CRM,0.016765714,0.01352036,-0.025519311
2020-04-07,CSCO,0.0060936213,0.013054729,-0.01142174
2020-04-07,IBM,0.0085912943,0.0084598064,-0.012301326
2020-04-07,INTC,0.0099730492,0.011907458,-0.01737839
2020-04-07,MSFT,-0.0056934953,0.014405489,-0.010794461
2020-04-07,NKE,-0.003311336,0.01967907,-0.018425941
2020-04-07,VZ,0.0052947998,0.012820482,-0.0091665387
2020-04-07,WMT,-0.00094944239,0.011101484,-0.0084671378
2020-04-08,AAPL,0.001018405,0.012611866,-0.01227951
2020-04-08,AMGN,-0.0031077862,0.011700511,-0.011771262
2020-04-08,CRM,-0.0038957596,0.015044451,-0.020890892
2020-04-08,CSCO,-0.0052581429,0.015931249,-0.012882173
2020-04-08,IBM,0.0019389391,0.0097219944,-0.011616468
2020-04-08,INTC,-0.0064361691,0.017558932,-0.015076756
2020-04-08,MSFT,-0.010870695,0.016463041,-0.010278046
2020-04-08,NKE,-0.0078086257,0.020367861,-0.016481936
2020-04-08,VZ,-0.0020954013,0.013027549,-0.011613309
2020-04-08,WMT,-0.0027368069,0.010191202,-0.0095571876
2020-04-09,AAPL,0.004186511,0.0093227625,-0.012906492
2020-04-09,AMGN,-0.0022541881,0.011946201,-0.010901511
2020-04-09,CRM,0.0057134628,0.0080060959,-0.020351231
2020-04-09,CSCO,0.0033966303,0.011496782,-0.014455736
2020-04-09,IBM,0.0030674934,0.0074766874,-0.013199627
2020-04-09,INTC,0.0024219751,0.013775706,-0.016469598
2020-04-09,MSFT,-0.0059876442,0.013259888,-0.011083543
2020-04-09,NKE,-0.0058632493,0.018387675,-0.017431319
2020-04-09,VZ,-0.0005376935,0.012414098,-0.010496378
2020-04-09,WMT,-0.0019625425,0.010932207,-0.010078728
2020-04-13,AAPL,0.0024440289,0.0092419386,-0.020657539
2020-04-13,AMGN,-0.0026597381,0.012524843,-0.012596667
2020-04-13,CRM,-0.0046609044,0.012333274,-0.021919906
2020-04-13,CSCO,-0.0017670393,0.014984965,-0.017009914
2020-04-13,IBM,0.0033662319,0.0074615479,-0.014173329
2020-04-13,INTC,-0.0024754405,0.016065955,-0.019348621
2020-04-13,MSFT,-0.0092058778,0.017068267,-0.012614548
2020-04-13,NKE,-0.0043876767,0.020824432,-0.01938051
2020-04-13,VZ,-8.8214874e-05,0.011107802,-0.013179362
2020-04-13,WMT,-0.0016309023,0.010315657,-0.011598408
2020-04-14,AAPL,0.0039231777,0.010121226,-0.023980618
2020-04-14,AMGN,-0.0036304593,0.012622476,-0.014090419
2020-04-14,CRM,-0.0036417246,0.013832331,-0.023153424
2020-04-14,CSCO,0.0011464357,0.012326121,-0.017998874
2020-04-14,IBM,0.0046292543,0.0075711012,-0.015437543
2020-04-14,INTC,0.00052404404,0.015201211,-0.021633744
2020-04-14,MSFT,-0.0047742724,0.014679193,-0.01545006
2020-04-14,NKE,-0.0081373453,0.019311905,-0.020123065
2020-04-14,VZ,0.0010585785,0.011708379,-0.016293228
2020-04-14,WMT,-0.004924655,0.013210535,-0.011577904
2020-04-15,AAPL,0.00088095665,0.010846138,-0.016621828
2020-04-15,AMGN,-0.0024795532,0.014120221,-0.010872066
2020-04-15,CRM,0.0011821985,0.014664769,-0.020609617
2020-04-15,CSCO,-0.0012280941,0.015173197,-0.013920605
2020-04-15,IBM,0.0052540302,0.0080189705,-0.012470126
2020-04-15,INTC,0.0015499592,0.016248941,-0.01887095
2020-04-15,MSFT,-0.006929934,0.015497684,-0.010501981
2020-04-15,NKE,-0.0064265132,0.021381855,-0.017340779
2020-04-15,VZ,0.0011941195,0.013259292,-0.012631893
2020-04-15,WMT,-0.0010123849,0.012423396,-0.010016918
2020-04-16,AAPL,-0.0011808276,0.011858821,-0.01677078
2020-04-16,AMGN,-0.001078248,0.01267457,-0.011716366
2020-04-16,CRM,-0.0033528805,0.013122678,-0.020385861
2020-04-16,CSCO,-0.0024216771,0.0141716,-0.014287472
2020-04-16,IBM,0.0021983385,0.009098649,-0.012149274
2020-04-16,INTC,-0.0013678074,0.016414285,-0.018272758
2020-04-16,MSFT,-0.0073769093,0.015504122,-0.010834396
2020-04-16,NKE,-0.0066533089,0.021313667,-0.0177145
2020-04-16,VZ,-0.0013244152,0.013597727,-0.012233675
2020-04-16,WMT,-0.0033393502,0.01326859,-0.0094410181
2020-04-17,AAPL,0.0022860765,0.011199594,-0.016000628
2020-04-17,AMGN,-0.00064659119,0.01257062,-0.011778951
2020-04-17,CRM,0.0018986464,0.010869026,-0.020192742
2020-04-17,CSCO,0.0016982555,0.012357712,-0.013417959
2020-04-17,IBM,0.0050119162,0.0083440542,-0.013064861
2020-04-17,INTC,-0.00054836273,0.014733195,-0.017514646
2020-04-17,MSFT,-0.003703177,0.014425635,-0.012461543
2020-04-17,NKE,-0.0073885918,0.019757509,-0.017127156
2020-04-17,VZ,0.0018854141,0.012188554,-0.012807548
2020-04-17,WMT,-0.0026007295,0.012214422,-0.010146916
2020-04-20,AAPL,0.0011262894,0.010508537,-0.012681901
2020-04-20,AMGN,-0.0032173395,0.01312232,-0.010736406
2020-04-20,CRM,-0.0044395924,0.015383601,-0.017877042
2020-04-20,CSCO,-0.003210783,0.014685869,-0.013324916
2020-04-20,IBM,0.0017461777,0.0091531277,-0.010700345
2020-04-20,INTC,-0.00090074539,0.016661406,-0.014955938
2020-04-20,MSFT,-0.0084121227,0.017033696,-0.010290682
2020-04-20,NKE,-0.0078095198,0.02259481,-0.015560508
2020-04-20,VZ,-0.000259161,0.013186812,-0.011259437
2020-04-20,WMT,-0.0046505928,0.012739062,-0.0089873672
2020-04-21,AAPL,0.0032138824,0.010480881,-0.019672573
2020-04-21,AMGN,0.0036679506,0.0087605715,-0.01585114
2020-04-21,CRM,-0.0032347441,0.011412263,-0.022381663
2020-04-21,CSCO,0.00020194054,0.010739565,-0.015372753
2020-04-21,IBM,0.0046342611,0.0067764521,-0.01451242
2020-04-21,INTC,-0.0019096732,0.013736844,-0.018916428
2020-04-21,MSFT,-0.0030970573,0.01251924,-0.014369428
2020-04-21,NKE,-0.0065568686,0.01856029,-0.017116308
2020-04-21,VZ,0.0024434328,0.011937141,-0.014312387
2020-04-21,WMT,-0.0015935898,0.011096716,-0.011329114
2020-04-22,AAPL,-0.0027846098,0.011503339,-0.016079366
2020-04-22,AMGN,-0.0010452271,0.013028145,-0.012794137
2020-04-22,CRM,-0.00094121695,0.013259888,-0.019962668
2020-04-22,CSCO,-0.0036306381,0.016074181,-0.013216734
2020-04-22,IBM,0.00033032894,0.0088245869,-0.011454582
2020-04-22,INTC,-0.0014195442,0.015926719,-0.01612854
2020-04-22,MSFT,-0.0086426735,0.017615438,-0.011841953
2020-04-22,NKE,-0.010165095,0.020921111,-0.015641332
2020-04-22,VZ,-0.00035464764,0.014014721,-0.012684703
2020-04-22,WMT,-0.002227962,0.011706471,-0.010449111
2020-04-23,AAPL,0.0018633604,0.010105014,-0.017056406
2020-04-23,AMGN,-0.0031579733,0.012501121,-0.011823952
2020-04-23,CRM,-0.0025318265,0.013910055,-0.021177053
2020-04-23,CSCO,0.0002682209,0.014243364,-0.015586972
2020-04-23,IBM,0.002753377,0.0094498396,-0.01231122
2020-04-23,INTC,-0.00032389164,0.015835047,-0.018333852
2020-04-23,MSFT,-0.0077487826,0.014551997,-0.010564446
2020-04-23,NKE,-0.0062811375,0.019239306,-0.016758084
2020-04-23,VZ,0.0033857822,0.011434436,-0.014245152
2020-04-23,WMT,-0.0021290183,0.011393428,-0.010031581
2020-04-24,AAPL,0.0089093447,0.0083096027,-0.01515758
2020-04-24,AMGN,0.00015044212,0.010149598,-0.01173377
2020-04-24,CRM,0.0073609352,0.012025714,-0.021560788
2020-04-24,CSCO,0.0041513443,0.011668921,-0.014528215
2020-04-24,IBM,0.0077693462,0.0065389872,-0.013879061
2020-04-24,INTC,0.0042943954,0.012316585,-0.018285096
2020-04-24,MSFT,-0.0027842522,0.013363957,-0.012816548
2020-04-24,NKE,-0.0039182901,0.017225266,-0.016662896
2020-04-24,VZ,0.0045913458,0.011309028,-0.012277663
2020-04-24,WMT,0.00065970421,0.011623621,-0.0097051263
2020-04-27,AAPL,0.0041332245,0.0080986023,-0.014227211
2020-04-27,AMGN,-0.002984345,0.012745261,-0.011977851
2020-04-27,CRM,0.0032094717,0.010122061,-0.022960186
2020-04-27,CSCO,-0.0021111965,0.013907552,-0.013240159
2020-04-27,IBM,0.0029318333,0.0081152916,-0.011643112
2020-04-27,INTC,-6.3359737e-05,0.014170408,-0.016337156
2020-04-27,MSFT,-0.008836329,0.015877962,-0.0098301768
2020-04-27,NKE,-0.0091907382,0.019850016,-0.016291976
2020-04-27,VZ,0.00083446503,0.011921644,-0.011050284
2020-04-27,WMT,-0.0032899976,0.011780381,-0.0091391206
2020-04-28,AAPL,0.0008585453,0.0090341568,-0.016136765
2020-04-28,AMGN,-0.0033472776,0.012159705,-0.013101399
2020-04-28,CRM,-0.0037415624,0.013208628,-0.022961497
2020-04-28,CSCO,-0.0055001378,0.015229106,-0.014960706
2020-04-28,IBM,0.0023645163,0.0069942474,-0.014103115
2020-04-28,INTC,-0.0028608441,0.016267896,-0.018910944
2020-04-28,MSFT,-0.010142386,0.015019178,-0.012141526
2020-04-28,NKE,-0.0098852515,0.018794894,-0.016862452
2020-04-28,VZ,-0.00046879053,0.012745261,-0.014713228
2020-04-28,WMT,-0.0013670325,0.010757565,-0.010501862
2020-04-29,AAPL,0.0026249886,0.0089075565,-0.016356528
2020-04-29,AMGN,-0.0029270053,0.011928797,-0.010818005
2020-04-29,CRM,0.0050046444,0.015462637,-0.021016836
2020-04-29,CSCO,0.0050036907,0.013996482,-0.016372561
2020-04-29,IBM,0.0077836514,0.0069566965,-0.014990926
2020-04-29,INTC,0.0026757717,0.012458205,-0.019110799
2020-04-29,MSFT,-0.0020498633,0.014749765,-0.010797441
2020-04-29,NKE,-0.0048410296,0.018203616,-0.017684758
2020-04-29,VZ,0.0036662817,0.012241244,-0.01302743
2020-04-29,WMT,-0.0021983981,0.011312842,-0.010172844
2020-04-30,AAPL,0.0002412796,0.012197495,-0.024554312
2020-04-30,AMGN,0.0013172626,0.010855556,-0.012457013
2020-04-30,CRM,0.0062890053,0.016696334,-0.024592042
2020-04-30,CSCO,-0.0010949969,0.014518976,-0.016409516
2020-04-30,IBM,0.0041497946,0.0077549219,-0.017162383
2020-04-30,INTC,0.0007096529,0.014765501,-0.0213781
2020-04-30,MSFT,-0.0059125423,0.016951561,-0.014908016
2020-04-30,NKE,-0.0062655807,0.021952868,-0.019284189
2020-04-30,VZ,0.0018614531,0.0123564,-0.016532481
2020-04-30,WMT,-0.0030627251,0.012120843,-0.0093545318
2020-05-01,AAPL,-0.0018716455,0.014665365,-0.016539633
2020-05-01,AMGN,-0.0036697984,0.015756607,-0.010890126
2020-05-01,CRM,0.00094735622,0.019232392,-0.022322953
2020-05-01,CSCO,-0.0016433597,0.017720819,-0.013338149
2020-05-01,IBM,-0.00013661385,0.012160301,-0.012693107
2020-05-01,INTC,0.0011856556,0.02056694,-0.01562196
2020-05-01,MSFT,-0.0020445585,0.01732409,-0.012611389
2020-05-01,NKE,-0.0083397627,0.021162391,-0.015143514
2020-05-01,VZ,-0.0025964975,0.016128898,-0.012748241
2020-05-01,WMT,-0.0061990023,0.016082525,-0.0092316866
2020-05-04,AAPL,0.0063662529,0.010269403,-0.020714521
2020-05-04,AMGN,0.0014311075,0.011601806,-0.0145666
2020-05-04,CRM,-0.0049403906,0.013482094,-0.024681509
2020-05-04,CSCO,0.0015301704,0.012271166,-0.020125508
2020-05-04,IBM,0.0028386116,0.0095502138,-0.016683817
2020-05-04,INTC,-0.0011973381,0.012075186,-0.021197021
2020-05-04,MSFT,0.0010271072,0.013203382,-0.017448604
2020-05-04,NKE,0.00046277046,0.014588594,-0.019121647
2020-05-04,VZ,0.00072038174,0.010476828,-0.017441928
2020-05-04,WMT,0.0030875206,0.010602117,-0.015136898
2020-05-05,AAPL,0.0012382269,0.014114976,-0.033728957
2020-05-05,AMGN,-0.0025889874,0.011769295,-0.017225385
2020-05-05,CRM,-0.012422621,0.018750072,-0.025627792
2020-05-05,CSCO,-0.00089335442,0.013155341,-0.02359885
2020-05-05,IBM,0.0032106638,0.0087234974,-0.018666863
2020-05-05,INTC,-0.0038503408,0.014327288,-0.02551049
2020-05-05,MSFT,-0.001457274,0.01423943,-0.020608723
2020-05-05,NKE,-0.002640605,0.019255996,-0.024641752
2020-05-05,VZ,-0.0017529726,0.01221931,-0.017903984
2020-05-05,WMT,-0.0070329309,0.014443874,-0.016340494
2020-05-06,AAPL,-0.0087661147,0.015430331,-0.024572492
2020-05-06,AMGN,-0.0027391911,0.014132619,-0.01373589
2020-05-06,CRM,-0.020808578,0.026691318,-0.016025245
2020-05-06,CSCO,-0.0049300194,0.018733263,-0.018895864
2020-05-06,IBM,0.0026981831,0.0092704296,-0.014096677
2020-05-06,INTC,-0.0061706901,0.019822359,-0.02095747
2020-05-06,MSFT,-0.012585223,0.014803648,-0.011853039
2020-05-06,NKE,-0.0074726939,0.02058959,-0.019800901
2020-05-06,VZ,0.00052630901,0.011366844,-0.018350005
2020-05-06,WMT,0.0044468641,0.010990381,-0.014977992
2020-05-07,AAPL,0.0017390251,0.011519074,-0.023195446
2020-05-07,AMGN,-0.0025205612,0.015432954,-0.012360513
2020-05-07,CRM,-0.0023983121,0.01819849,-0.022284091
2020-05-07,CSCO,0.0057737827,0.01301074,-0.016979933
2020-05-07,IBM,0.006047368,0.0088344812,-0.014976382
2020-05-07,INTC,0.0035616159,0.012885809,-0.020728767
2020-05-07,MSFT,-0.001445353,0.014016867,-0.01427424
2020-05-07,NKE,-0.0018937588,0.018188,-0.020035684
2020-05-07,VZ,0.0036315918,0.012387633,-0.016140997
2020-05-07,WMT,0.00045847893,0.012469411,-0.012984216
2020-05-08,AAPL,0.002599597,0.013001323,-0.014276683
2020-05-08,AMGN,0.0014441013,0.012512207,-0.011978209
2020-05-08,CRM,-0.0040489435,0.014425755,-0.018602073
2020-05-08,CSCO,-0.0031175613,0.015155673,-0.012449622
2020-05-08,IBM,0.0013593435,0.010360956,-0.010540068
2020-05-08,INTC,-0.0018459558,0.014426947,-0.016081691
2020-05-08,MSFT,-0.0053610802,0.01743269,-0.01047951
2020-05-08,NKE,-0.006919086,0.021691561,-0.016464174
2020-05-08,VZ,-0.0016832352,0.015080571,-0.010937274
2020-05-08,WMT,-0.0035312176,0.013194203,-0.0094613433
2020-05-11,AAPL,-0.0033333898,0.013257146,-0.014247656
2020-05-11,AMGN,-0.00072145462,0.012152433,-0.013176143
2020-05-11,CRM,-0.013141811,0.013408542,-0.01560533
2020-05-11,CSCO,-0.0059479475,0.01386404,-0.011628032
2020-05-11,IBM,-0.0002732873,0.0098562241,-0.01081568
2020-05-11,INTC,-0.0067867041,0.016734242,-0.013303876
2020-05-11,MSFT,-0.0079352856,0.016952872,-0.0089882612
2020-05-11,NKE,-0.010757744,0.023583055,-0.014007509
2020-05-11,VZ,-0.0024369359,0.015525103,-0.0094944239
2020-05-11,WMT,-0.0036683083,0.012352347,-0.0095278621
2020-05-12,AAPL,-0.0038695931,0.013776541,-0.020871937
2020-05-12,AMGN,0.0006531477,0.013058186,-0.015469074
2020-05-12,CRM,-0.018014431,0.017152548,-0.01534462
2020-05-12,CSCO,-0.0052757263,0.014825583,-0.015510082
2020-05-12,IBM,-0.001457572,0.010800242,-0.012471437
2020-05-12,INTC,-0.0053774714,0.015509009,-0.015939355
2020-05-12,MSFT,-0.0053148866,0.016308546,-0.012303472
2020-05-12,NKE,-0.0090613365,0.023566246,-0.016906202
2020-05-12,VZ,-0.0028780103,0.013608575,-0.012538016
2020-05-12,WMT,-0.0062349439,0.013179779,-0.011808038
2020-05-13,AAPL,-0.0019083023,0.013675094,-0.032519221
2020-05-13,AMGN,-0.0011276603,0.012280464,-0.018217564
2020-05-13,CRM,-0.016984761,0.020963311,-0.021844506
2020-05-13,CSCO,-0.0050891042,0.015317917,-0.021489143
2020-05-13,IBM,0.0001693964,0.010230303,-0.016603947
2020-05-13,INTC,-0.0049324036,0.016962409,-0.022940397
2020-05-13,MSFT,-0.0028070211,0.012923121,-0.016385615
2020-05-13,NKE,-0.0072256327,0.022163272,-0.022987366
2020-05-13,VZ,0.00033688545,0.012439251,-0.021389186
2020-05-13,WMT,-0.0062378645,0.013841987,-0.014810026
2020-05-14,AAPL,-0.0043130517,0.015069008,-0.017970324
2020-05-14,AMGN,0.0027267933,0.013007402,-0.013462842
2020-05-14,CRM,-0.013033628,0.020674944,-0.014030397
2020-05-14,CSCO,-0.0016589761,0.015256524,-0.013882399
2020-05-14,IBM,0.002605319,0.010467052,-0.01286447
2020-05-14,INTC,-3.8564205e-05,0.016265512,-0.018711448
2020-05-14,MSFT,-0.0019310713,0.015669346,-0.012200713
2020-05-14,NKE,-0.0086455941,0.023530126,-0.014568865
2020-05-14,VZ,0.0022972822,0.013489723,-0.014672279
2020-05-14,WMT,0.0015628338,0.013747215,-0.011841655
2020-05-15,AAPL,-0.0016251206,0.01338017,-0.016687095
2020-05-15,AMGN,0.0024782419,0.013430357,-0.012007117
2020-05-15,CRM,-0.0027729869,0.014350533,-0.01995343
2020-05-15,CSCO,0.00076901913,0.01395309,-0.013939023
2020-05-15,IBM,0.0025117397,0.010579467,-0.012606204
2020-05-15,INTC,-0.00084215403,0.014295101,-0.015602529
2020-05-15,MSFT,0.0010294914,0.014636278,-0.01137495
2020-05-15,NKE,-0.0064108372,0.021730304,-0.01486665
2020-05-15,VZ,0.0026477575,0.013868213,-0.012559235
2020-05-15,WMT,-0.00094938278,0.011983037,-0.010859728
2020-05-18,AAPL,-0.007378161,0.016145468,-0.016865492
2020-05-18,AMGN,0.0013693571,0.011897087,-0.014416635
2020-05-18,CRM,-0.024537444,0.020531297,-0.014572144
2020-05-18,CSCO,-0.0065834522,0.015319109,-0.012895584
2020-05-18,IBM,-0.00078785419,0.0096591711,-0.012561679
2020-05-18,INTC,-0.0071448684,0.016303539,-0.013521135
2020-05-18,MSFT,-0.0072389245,0.015525341,-0.01003933
2020-05-18,NKE,-0.011259615,0.024330616,-0.016226649
2020-05-18,VZ,-0.0013847947,0.013417244,-0.013771832
2020-05-18,WMT,-0.0019046068,0.011478901,-0.011930466
2020-05-19,AAPL,0.00066947937,0.012287974,-0.018776596
2020-05-19,AMGN,0.0034273863,0.011572242,-0.014467359
2020-05-19,CRM,-0.0078710914,0.012651801,-0.016829848
2020-05-19,CSCO,0.0024074316,0.010223985,-0.014350414
2020-05-19,IBM,0.0014292002,0.010346532,-0.013024151
2020-05-19,INTC,-0.0016679168,0.014502048,-0.016861558
2020-05-19,MSFT,0.0014544725,0.012166977,-0.01228565
2020-05-19,NKE,-0.0049048066,0.019548774,-0.017435908
2020-05-19,VZ,0.001847744,0.013137341,-0.013478637
2020-05-19,WMT,-0.0024009943,0.011619091,-0.011958063
2020-05-20,AAPL,-0.0058287978,0.01625371,-0.013459504
2020-05-20,AMGN,0.0027003288,0.011683941,-0.012843609
2020-05-20,CRM,-0.017067254,0.0174613,-0.014038503
2020-05-20,CSCO,-0.0055898428,0.013340235,-0.012439549
2020-05-20,IBM,0.00086116791,0.0099556446,-0.012133121
2020-05-20,INTC,-0.007507205,0.015690327,-0.013365746
2020-05-20,MSFT,-0.0053955913,0.01611805,-0.0096598268
2020-05-20,NKE,-0.0070543885,0.021860123,-0.013793588
2020-05-20,VZ,-0.00051158667,0.013914585,-0.011454761
2020-05-20,WMT,-0.00035142899,0.01128602,-0.012337387
2020-05-21,AAPL,0.00075495243,0.012745976,-0.019181311
2020-05-21,AMGN,0.0014624596,0.013436317,-0.013267219
2020-05-21,CRM,-0.010769308,0.014600873,-0.015748441
2020-05-21,CSCO,0.001960516,0.011446238,-0.01527369
2020-05-21,IBM,0.00085031986,0.010268807,-0.011423588
2020-05-21,INTC,-0.002813518,0.01259017,-0.015592933
2020-05-21,MSFT,0.0010148287,0.013528943,-0.011735082
2020-05-21,NKE,-0.005487442,0.019644022,-0.016469598
2020-05-21,VZ,0.0012360811,0.011754036,-0.013186455
2020-05-21,WMT,-0.0059577227,0.013411045,-0.011407912
2020-05-22,AAPL,-0.0084374547,0.016666174,-0.021946013
2020-05-22,AMGN,0.0069931746,0.010819674,-0.018580437
2020-05-22,CRM,-0.01941216,0.020952225,-0.016450822
2020-05-22,CSCO,-0.0057742,0.013231874,-0.014750242
2020-05-22,IBM,-0.00083202124,0.0094444752,-0.013372242
2020-05-22,INTC,-0.0053052902,0.013948441,-0.017800272
2020-05-22,MSFT,-0.0043283105,0.013826013,-0.012426555
2020-05-22,NKE,-0.0081583261,0.021108985,-0.019752324
2020-05-22,VZ,-0.0001809001,0.012455702,-0.016404808
2020-05-22,WMT,-0.00049197674,0.011543512,-0.014922857
2020-05-26,AAPL,-0.0059607029,0.015498519,-0.018303156
2020-05-26,AMGN,-0.00090312958,0.014597058,-0.013190269
2020-05-26,CRM,-0.006496489,0.015672445,-0.017404199
2020-05-26,CSCO,-0.0039970279,0.014823556,-0.013258815
2020-05-26,IBM,-0.0023863912,0.012027502,-0.01052773
2020-05-26,INTC,-0.0037624836,0.017549276,-0.015833199
2020-05-26,MSFT,-0.0011285543,0.015728712,-0.012303591
2020-05-26,NKE,-0.0053411126,0.020863175,-0.016162574
2020-05-26,VZ,-0.0017783046,0.015268207,-0.013470888
2020-05-26,WMT,-0.0055271983,0.01395607,-0.011132598
2020-05-27,AAPL,-0.0044714212,0.013990998,-0.014237881
2020-05-27,AMGN,0.0031148195,0.011191368,-0.014065444
2020-05-27,CRM,-0.01330328,0.018478751,-0.014751077
2020-05-27,CSCO,-0.0043706298,0.015168071,-0.012168646
2020-05-27,IBM,-0.0015872717,0.010956883,-0.010930479
2020-05-27,INTC,-0.0048775077,0.016064882,-0.014358938
2020-05-27,MSFT,-0.0016311407,0.015552044,-0.0095265508
2020-05-27,NKE,-0.007306993,0.022000074,-0.013288498
2020-05-27,VZ,-0.00050425529,0.013718724,-0.011310518
2020-05-27,WMT,-0.00067132711,0.01155889,-0.01078862
2020-05-28,AAPL,-0.0026631951,0.011768818,-0.023312688
2020-05-28,AMGN,0.0012930632,0.011471748,-0.014947236
2020-05-28,CRM,-0.013832033,0.016955972,-0.019495666
2020-05-28,CSCO,-0.0060147643,0.013030052,-0.015914738
2020-05-28,IBM,-0.0017637014,0.010704756,-0.013812661
2020-05-28,INTC,-0.0050352216,0.016210914,-0.018090427
2020-05-28,MSFT,-0.00052267313,0.013895631,-0.01263696
2020-05-28,NKE,-0.0080090165,0.0212363,-0.019567072
2020-05-28,VZ,-0.0010499954,0.01394248,-0.016880631
2020-05-28,WMT,-0.0064151287,0.014388442,-0.012101352
2020-05-29,AAPL,-0.0085935593,0.016064882,-0.016147971
2020-05-29,AMGN,0.00069105625,0.013109088,-0.012366056
2020-05-29,CRM,-0.01282835,0.022777319,-0.014345527
2020-05-29,CSCO,-0.0037447214,0.016459227,-0.012360692
2020-05-29,IBM,-0.000636518,0.010026097,-0.011919677
2020-05-29,INTC,-0.0042042732,0.019179106,-0.013672471
2020-05-29,MSFT,-0.0022856593,0.017236233,-0.008831501
2020-05-29,NKE,-0.0086998343,0.023982644,-0.014584661
2020-05-29,VZ,0.0021648407,0.013429999,-0.012872458
2020-05-29,WMT,-0.001206398,0.012041211,-0.011007965
2020-06-01,AAPL,-0.010519147,0.018128514,-0.019252121
2020-06-01,AMGN,-0.0014424324,0.014874578,-0.010798633
2020-06-01,CRM,-0.013741255,0.027621984,-0.017205775
2020-06-01,CSCO,-0.0091598034,0.02059865,-0.012308419
2020-06-01,IBM,-0.0030859709,0.011518717,-0.013044059
2020-06-01,INTC,-0.0035784245,0.018392324,-0.015865684
2020-06-01,MSFT,-0.002030611,0.018670917,-0.011726558
2020-06-01,NKE,-0.00829494,0.024030089,-0.013986766
2020-06-01,VZ,-0.0025944114,0.014136672,-0.013818741
2020-06-01,WMT,-0.0037299991,0.013297081,-0.0089408159
2020-06-02,AAPL,-0.006544292,0.019055963,-0.012406051
2020-06-02,AMGN,-0.0039080977,0.017366767,-0.010551691
2020-06-02,CRM,-0.0076386333,0.027476072,-0.01825887
2020-06-02,CSCO,-0.0075250268,0.019142866,-0.010649621
2020-06-02,IBM,-0.0050991178,0.014887929,-0.0097330809
2020-06-02,INTC,-0.006395936,0.020967126,-0.012334347
2020-06-02,MSFT,-0.0031747818,0.018583775,-0.010069728
2020-06-02,NKE,-0.013861299,0.024608135,-0.010635793
2020-06-02,VZ,-0.0049275756,0.01660955,-0.0099927783
2020-06-02,WMT,-0.0040281415,0.01523149,-0.008471787
2020-06-03,AAPL,-0.0034736395,0.012756944,-0.012883127
2020-06-03,AMGN,-0.0030764341,0.011461377,-0.011426091
2020-06-03,CRM,-0.0086922646,0.015148044,-0.012620568
2020-06-03,CSCO,-0.0071973205,0.0096702576,-0.011696696
2020-06-03,IBM,-0.0039395094,0.0096849203,-0.0061407089
2020-06-03,INTC,-0.0080779791,0.012412548,-0.011635184
2020-06-03,MSFT,-0.0039293766,0.0098513365,-0.0095746517
2020-06-03,NKE,-0.0080654025,0.011219501,-0.011448324
2020-06-03,VZ,-0.0069618225,0.010092616,-0.0084180832
2020-06-03,WMT,-0.0053976178,0.0096210241,-0.0070705414
2020-06-04,AAPL,-0.0085586309,0.016886115,-0.0096649528
2020-06-04,AMGN,-0.0086376071,0.014612794,-0.0094969273
2020-06-04,CRM,-0.01189822,0.012057304,-0.010466278
2020-06-04,CSCO,-0.0061640143,0.012672782,-0.010407329
2020-06-04,IBM,-0.0032172203,0.009262085,-0.0064002275
2020-06-04,INTC,-0.0057216883,0.012580514,-0.011385381
2020-06-04,MSFT,-0.0081523061,0.011698246,-0.010606825
2020-06-04,NKE,-0.0055488944,0.012355328,-0.012758851
2020-06-04,VZ,-0.0067616105,0.011334181,-0.0077732801
2020-06-04,WMT,-0.0066030025,0.011112213,-0.0071238875
2020-06-05,AAPL,-0.0055337548,0.015572548,-0.016096532
2020-06-05,AMGN,0.00044322014,0.009863019,-0.014282405
2020-06-05,CRM,-0.015651107,0.014059544,-0.014787614
2020-06-05,CSCO,-0.0067025423,0.011528015,-0.014423847
2020-06-05,IBM,1.5974045e-05,0.0072289705,-0.0099336505
2020-06-05,INTC,-0.0055951476,0.013657451,-0.013326347
2020-06-05,MSFT,-0.0072453618,0.011860609,-0.011853158
2020-06-05,NKE,-0.005389154,0.013096094,-0.015094936
2020-06-05,VZ,-0.0041181445,0.009352684,-0.01042676
2020-06-05,WMT,0.001006484,0.0065037012,-0.011656225
2020-06-08,AAPL,0.002599597,0.012414336,-0.023708463
2020-06-08,AMGN,-0.00029653311,0.01180315,-0.014052749
2020-06-08,CRM,-0.0068582892,0.013135791,-0.01915288
2020-06-08,CSCO,-0.00074118376,0.010082841,-0.01656723
2020-06-08,IBM,0.0014675856,0.0078761578,-0.010935605
2020-06-08,INTC,-0.00056231022,0.010287046,-0.018341362
2020-06-08,MSFT,0.0014419556,0.010524988,-0.015159249
2020-06-08,NKE,-0.0016655922,0.01449883,-0.017396331
2020-06-08,VZ,-0.0012532473,0.009807229,-0.013577878
2020-06-08,WMT,-0.0054076314,0.011193514,-0.010951579
2020-06-09,AAPL,-0.0045933723,0.01710856,-0.013831794
2020-06-09,AMGN,0.0038329363,0.010211706,-0.01230222
2020-06-09,CRM,-0.014463067,0.018068075,-0.012624919
2020-06-09,CSCO,-0.0049275756,0.014340639,-0.011021018
2020-06-09,IBM,-0.00066035986,0.0090916157,-0.0065704584
2020-06-09,INTC,-0.0054066181,0.015996218,-0.011853933
2020-06-09,MSFT,-0.0045490265,0.013073087,-0.010768294
2020-06-09,NKE,-0.0077065825,0.018509984,-0.012127161
2020-06-09,VZ,-0.0034976602,0.012351871,-0.01089102
2020-06-09,WMT,-0.0017094612,0.010827065,-0.0087305307
2020-06-10,AAPL,-0.0019261241,0.014138222,-0.013551712
2020-06-10,AMGN,-0.0043513179,0.012946844,-0.010286629
2020-06-10,CRM,-0.0091465712,0.014560103,-0.012576997
2020-06-10,CSCO,-0.001203239,0.013618946,-0.012042522
2020-06-10,IBM,0.00023293495,0.0091602802,-0.0098781586
2020-06-10,INTC,-0.0055506229,0.015015841,-0.012831926
2020-06-10,MSFT,-0.0017861724,0.013030648,-0.011054099
2020-06-10,NKE,-0.005538404,0.01782763,-0.012144208
2020-06-10,VZ,-0.0040972233,0.012489676,-0.0092484355
2020-06-10,WMT,-0.00094151497,0.0096516609,-0.010295391
2020-06-11,AAPL,-0.00082540512,0.01335144,-0.01637727
2020-06-11,AMGN,0.00018024445,0.0095300674,-0.012513399
2020-06-11,CRM,-0.0084490776,0.011030793,-0.016759634
2020-06-11,CSCO,-0.0021119118,0.011256099,-0.013528943
2020-06-11,IBM,-0.00098502636,0.008374691,-0.010409653
2020-06-11,INTC,-0.0037683845,0.013033986,-0.015689492
2020-06-11,MSFT,-0.0032200217,0.012204409,-0.01159358
2020-06-11,NKE,-0.0060590506,0.017790318,-0.015929163
2020-06-11,VZ,-0.0046092272,0.011742949,-0.010893941
2020-06-11,WMT,-0.0079572201,0.013739228,-0.0086345673
2020-06-12,AAPL,-0.0020394921,0.013285279,-0.018494487
2020-06-12,AMGN,-0.00036418438,0.011964202,-0.013820469
2020-06-12,CRM,-0.012371242,0.014449358,-0.015331209
2020-06-12,CSCO,-0.0028876662,0.012212992,-0.014201105
2020-06-12,IBM,0.0017091036,0.0077549219,-0.010983169
2020-06-12,INTC,-0.005810678,0.013614058,-0.015730917
2020-06-12,MSFT,-0.0033544898,0.012857437,-0.012494981
2020-06-12,NKE,-0.0056626201,0.018033266,-0.016492605
2020-06-12,VZ,-0.0021144152,0.011026144,-0.012781858
2020-06-12,WMT,0.00062048435,0.0096646547,-0.012120306
2020-06-15,AAPL,-0.00056451559,0.011835933,-0.021128058
2020-06-15,AMGN,-0.0020459294,0.012710333,-0.012885749
2020-06-15,CRM,-0.008063674,0.013188004,-0.017124772
2020-06-15,CSCO,-0.0005992651,0.012914658,-0.014748573
2020-06-15,IBM,0.0011552572,0.0087727308,-0.01061964
2020-06-15,INTC,-0.0037778616,0.013852596,-0.017976999
2020-06-15,MSFT,-0.00042897463,0.012613416,-0.012644112
2020-06-15,NKE,-0.0025027394,0.018013477,-0.016378045
2020-06-15,VZ,-0.0010300875,0.011904955,-0.012672484
2020-06-15,WMT,-0.0052330494,0.012620091,-0.011031508
2020-06-16,AAPL,-0.0041076541,0.01371038,-0.019840002
2020-06-16,AMGN,0.003959775,0.010427713,-0.015854239
2020-06-16,CRM,-0.011036754,0.015956998,-0.016115665
2020-06-16,CSCO,-0.0029146671,0.013734818,-0.01432091
2020-06-16,IBM,0.00027036667,0.0087502003,-0.011158645
2020-06-16,INTC,-0.0044006705,0.013337612,-0.016573191
2020-06-16,MSFT,-0.0017186999,0.011973858,-0.012628913
2020-06-16,NKE,-0.0047212243,0.018048882,-0.016208649
2020-06-16,VZ,0.00085866451,0.011384845,-0.014356017
2020-06-16,WMT,-0.0016016364,0.011152148,-0.011175513
2020-06-17,AAPL,-0.00658077,0.014591098,-0.012720406
2020-06-17,AMGN,0.0021901131,0.010929585,-0.011866391
2020-06-17,CRM,-0.014433146,0.017941117,-0.011684775
2020-06-17,CSCO,-0.0034611821,0.014113307,-0.010894179
2020-06-17,IBM,0.0015097857,0.009304285,-0.010578811
2020-06-17,INTC,-0.004324913,0.014662862,-0.013050973
2020-06-17,MSFT,-0.0023714304,0.013334274,-0.010510027
2020-06-17,NKE,-0.0061158538,0.018817902,-0.012391329
2020-06-17,VZ,0.00069284439,0.011618972,-0.01089108
2020-06-17,WMT,0.0015814304,0.0092618465,-0.010748267
2020-06-18,AAPL,0.00045061111,0.012436628,-0.016606092
2020-06-18,AMGN,0.0015362501,0.013251901,-0.011825085
2020-06-18,CRM,-0.0042386651,0.010680437,-0.01623559
2020-06-18,CSCO,0.002987504,0.011086106,-0.013761401
2020-06-18,IBM,0.0003169775,0.0097920895,-0.01066947
2020-06-18,INTC,-0.0011103749,0.012110829,-0.015307426
2020-06-18,MSFT,0.0023676157,0.012062311,-0.01177001
2020-06-18,NKE,-0.0037667155,0.017863154,-0.014477134
2020-06-18,VZ,0.00066757202,0.011264563,-0.011654615
2020-06-18,WMT,-0.004240036,0.012287855,-0.0093715191
2020-06-19,AAPL,-0.006770432,0.016740561,-0.015159011
2020-06-19,AMGN,0.0038915873,0.011185884,-0.01402092
2020-06-19,CRM,-0.015338421,0.017408729,-0.012710154
2020-06-19,CSCO,-0.0062019825,0.013980269,-0.010843873
2020-06-19,IBM,-0.0012238026,0.0092574358,-0.010328114
2020-06-19,INTC,-0.0079655647,0.014445305,-0.013413608
2020-06-19,MSFT,-0.0045804381,0.015024424,-0.010608137
2020-06-19,NKE,-0.0070274472,0.02021718,-0.01442945
2020-06-19,VZ,-0.0016636252,0.011731386,-0.011414111
2020-06-19,WMT,-0.0015566349,0.010938406,-0.010749161
2020-06-22,AAPL,-0.00061410666,0.013193369,-0.019141197
2020-06-22,AMGN,0.0011742115,0.012746811,-0.01406163
2020-06-22,CRM,-0.0080622435,0.010690451,-0.016614795
2020-06-22,CSCO,-0.00064176321,0.011570215,-0.014481902
2020-06-22,IBM,-0.00032812357,0.0096040964,-0.010336041
2020-06-22,INTC,-0.0053640604,0.013647795,-0.01602608
2020-06-22,MSFT,-0.00092488527,0.012336254,-0.012370884
2020-06-22,NKE,-0.0038463473,0.017927051,-0.016796827
2020-06-22,VZ,-0.0012640953,0.012715816,-0.012628257
2020-06-22,WMT,-0.0043798685,0.012660027,-0.010480165
2020-06-23,AAPL,-0.0064662695,0.016597152,-0.016752303
2020-06-23,AMGN,0.00067007542,0.012760282,-0.0139094
2020-06-23,CRM,-0.011674643,0.015449286,-0.014285386
2020-06-23,CSCO,-0.0049183965,0.013655543,-0.012115777
2020-06-23,IBM,-0.00052416325,0.0093406439,-0.0095595121
2020-06-23,INTC,-0.0055125356,0.01484108,-0.01489383
2020-06-23,MSFT,-0.0028860569,0.013771057,-0.011503637
2020-06-23,NKE,-0.00597018,0.019793153,-0.014850676
2020-06-23,VZ,-0.0019444823,0.011674166,-0.01240027
2020-06-23,WMT,-0.00081545115,0.011418343,-0.011378467
2020-06-24,AAPL,0.0011790991,0.013979793,-0.0206393
2020-06-24,AMGN,0.00023913383,0.012578249,-0.013201416
2020-06-24,CRM,-0.0074304342,0.013947368,-0.017166555
2020-06-24,CSCO,-0.0011812449,0.012795091,-0.015093386
2020-06-24,IBM,0.00013720989,0.0097210407,-0.011007547
2020-06-24,INTC,-0.0030332208,0.014075637,-0.017425239
2020-06-24,MSFT,0.0003247261,0.012643933,-0.013745189
2020-06-24,NKE,-0.0032031536,0.017660022,-0.017328858
2020-06-24,VZ,-0.0014600754,0.011924982,-0.013468444
2020-06-24,WMT,-0.0049495101,0.013459563,-0.0096005797
2020-06-25,AAPL,-0.0042828321,0.013409615,-0.015803754
2020-06-25,AMGN,0.00093102455,0.011844516,-0.014419258
2020-06-25,CRM,-0.0084329844,0.014347911,-0.015081048
2020-06-25,CSCO,-0.0028200746,0.013285637,-0.012559831
2020-06-25,IBM,-0.00089246035,0.0091781616,-0.010567307
2020-06-25,INTC,-0.0029828548,0.014254212,-0.015279591
2020-06-25,MSFT,0.00052011013,0.014351606,-0.012016535
2020-06-25,NKE,-0.0063096285,0.019355297,-0.014699996
2020-06-25,VZ,0.00075912476,0.011989355,-0.011278808
2020-06-25,WMT,-0.00034630299,0.010866165,-0.010782778
2020-06-26,AAPL,-0.003313005,0.01297915,-0.016055167
2020-06-26,AMGN,-0.00098639727,0.011806726,-0.012178063
2020-06-26,CRM,-0.0092660785,0.012841105,-0.018788457
2020-06-26,CSCO,-0.0056020021,0.013576269,-0.012983799
2020-06-26,IBM,-0.0022129416,0.0096616745,-0.011426389
2020-06-26,INTC,-0.0062260032,0.016148925,-0.014940917
2020-06-26,MSFT,-0.001413703,0.014270663,-0.011886537
2020-06-26,NKE,-0.0054357648,0.018818974,-0.015720963
2020-06-26,VZ,-0.00454247,0.013240933,-0.011543989
2020-06-26,WMT,-0.0057020187,0.013904333,-0.0092635155
2020-06-29,AAPL,-0.0042303801,0.015909314,-0.015329123
2020-06-29,AMGN,0.0005903244,0.012532711,-0.012081265
2020-06-29,CRM,-0.0098231435,0.017640233,-0.015542924
2020-06-29,CSCO,7.4386597e-05,0.014148951,-0.012731493
2020-06-29,IBM,0.0011496544,0.0095545053,-0.010283232
2020-06-29,INTC,-0.0040510297,0.01464951,-0.013337851
2020-06-29,MSFT,-0.00072747469,0.014975786,-0.0090808272
2020-06-29,NKE,-0.0065381527,0.020985603,-0.013520122
2020-06-29,VZ,0.0013099909,0.011054516,-0.012324095
2020-06-29,WMT,-0.00027787685,0.0099024773,-0.011127293
2020-06-30,AAPL,-0.004396975,0.014440775,-0.026130259
2020-06-30,AMGN,-0.0019693971,0.0138942,-0.013008237
2020-06-30,CRM,-0.012661695,0.021582127,-0.023573637
2020-06-30,CSCO,-0.0092887878,0.016918659,-0.015703619
2020-06-30,IBM,-0.0024784207,0.0088381767,-0.01306951
2020-06-30,INTC,-0.0012767315,0.014785171,-0.019614041
2020-06-30,MSFT,0.00064480305,0.014408469,-0.01538974
2020-06-30,NKE,-0.0047906041,0.01913321,-0.01698947
2020-06-30,VZ,-0.0028453469,0.010456324,-0.01726371
2020-06-30,WMT,-0.0054454803,0.012134194,-0.010477781
2020-07-01,AAPL,-0.0090953708,0.020117283,-0.011123478
2020-07-01,AMGN,-0.0050044656,0.017831802,-0.0089915991
2020-07-01,CRM,-0.0059593916,0.024843812,-0.016125441
2020-07-01,CSCO,-0.0083474517,0.019137979,-0.0092179179
2020-07-01,IBM,-0.0048299432,0.013688207,-0.0082678795
2020-07-01,INTC,-0.0060278177,0.020292163,-0.011494637
2020-07-01,MSFT,-0.0064704418,0.018209577,-0.010032892
2020-07-01,NKE,-0.012493491,0.021730781,-0.0089035034
2020-07-01,VZ,-0.0048589706,0.016869903,-0.0098665357
2020-07-01,WMT,-0.0046123266,0.015310884,-0.0075765848
2020-07-02,AAPL,-0.00238204,0.011245728,-0.01069057
2020-07-02,AMGN,-0.00081855059,0.0098443031,-0.012130737
2020-07-02,CRM,-0.0016857386,0.010544896,-0.014150083
2020-07-02,CSCO,-0.0018696785,0.0078959465,-0.011151135
2020-07-02,IBM,-0.0017081499,0.0073304176,-0.0063522458
2020-07-02,INTC,-0.0021149516,0.0096755028,-0.010383427
2020-07-02,MSFT,-0.0016976595,0.0070014,-0.0096713305
2020-07-02,NKE,-0.005892992,0.0086234808,-0.0095467567
2020-07-02,VZ,-0.0056344271,0.0085151196,-0.0070570707
2020-07-02,WMT,-0.0046543479,0.008228898,-0.0061593652
2020-07-06,AAPL,-0.0064825416,0.014963865,-0.011297405
2020-07-06,AMGN,-0.0064247847,0.01121819,-0.011192322
2020-07-06,CRM,-0.0045881271,0.01087904,-0.011342764
2020-07-06,CSCO,-0.00091540813,0.00785923,-0.011187434
2020-07-06,IBM,-0.0010652542,0.0071544647,-0.0075736046
2020-07-06,INTC,-2.8371811e-05,0.009287715,-0.011659443
2020-07-06,MSFT,-0.00094974041,0.0080491304,-0.011804342
2020-07-06,NKE,-0.003682971,0.0094840527,-0.010415137
2020-07-06,VZ,-0.0049984455,0.0087661743,-0.0081213713
2020-07-06,WMT,-0.0061468482,0.0098103285,-0.0064195991
2020-07-07,AAPL,-0.0026015639,0.013061285,-0.014366865
2020-07-07,AMGN,0.00436759,0.008412838,-0.016845882
2020-07-07,CRM,-0.0093756914,0.012948036,-0.01212275
2020-07-07,CSCO,-0.001969099,0.0081120729,-0.012627006
2020-07-07,IBM,0.00026202202,0.00613904,-0.0080043077
2020-07-07,INTC,0.00019156933,0.0094786882,-0.011624694
2020-07-07,MSFT,-0.0010633469,0.0078262091,-0.012141049
2020-07-07,NKE,-0.0041382909,0.010177255,-0.0094314814
2020-07-07,VZ,-0.0024703145,0.008533597,-0.0092244148
2020-07-07,WMT,-0.00012516975,0.0064759254,-0.0086823106
2020-07-08,AAPL,-0.0019909143,0.013015747,-0.014665723
2020-07-08,AMGN,0.0010390282,0.010384917,-0.013230443
2020-07-08,CRM,0.00094282627,0.010040522,-0.016773164
2020-07-08,CSCO,0.0013325214,0.0066652298,-0.012988985
2020-07-08,IBM,0.00056421757,0.006162405,-0.008486867
2020-07-08,INTC,0.0014406443,0.0088099241,-0.012021661
2020-07-08,MSFT,0.0039260387,0.0082149506,-0.014538765
2020-07-08,NKE,-0.0010166764,0.0099170208,-0.010589004
2020-07-08,VZ,-0.0022266507,0.0093238354,-0.0099648237
2020-07-08,WMT,-0.0042743683,0.0088278055,-0.0078612566
2020-07-09,AAPL,-0.0025535226,0.012939453,-0.013083637
2020-07-09,AMGN,0.003616333,0.0086336136,-0.014226019
2020-07-09,CRM,-0.0066357851,0.01351583,-0.012211859
2020-07-09,CSCO,-0.0014458895,0.0073693991,-0.01220423
2020-07-09,IBM,-3.2901764e-05,0.0073678493,-0.0072128177
2020-07-09,INTC,-0.0011742115,0.0087943077,-0.010440171
2020-07-09,MSFT,-0.0018795133,0.008666873,-0.012372136
2020-07-09,NKE,-0.0037246346,0.012244344,-0.0096874833
2020-07-09,VZ,-0.0039792657,0.0098216534,-0.0094355941
2020-07-09,WMT,-0.0027393699,0.0081195831,-0.0070640445
2020-07-10,AAPL,-0.0014178157,0.011777639,-0.012105227
2020-07-10,AMGN,-0.00014740229,0.010724664,-0.011484742
2020-07-10,CRM,0.00023937225,0.0095398426,-0.013255656
2020-07-10,CSCO,0.0034271479,0.00717628,-0.010910094
2020-07-10,IBM,0.00058579445,0.0070003271,-0.0070998669
2020-07-10,INTC,0.00033569336,0.0088026524,-0.010347247
2020-07-10,MSFT,0.0014646053,0.009215951,-0.011920512
2020-07-10,NKE,-0.0029514432,0.01102519,-0.0084071159
2020-07-10,VZ,-0.0048142076,0.010276079,-0.0074625611
2020-07-10,WMT,-0.0022124648,0.0079350471,-0.0081889033
2020-07-13,AAPL,-0.0029149055,0.011961222,-0.016626954
2020-07-13,AMGN,0.0013107061,0.0092600584,-0.014654279
2020-07-13,CRM,-0.0011073351,0.0082014799,-0.014613509
2020-07-13,CSCO,-0.0031171441,0.0058740377,-0.012916625
2020-07-13,IBM,-0.003646791,0.0075968504,-0.0074796081
2020-07-13,INTC,-0.001363039,0.0079830885,-0.012907565
2020-07-13,MSFT,-0.0020949841,0.008941412,-0.012117267
2020-07-13,NKE,-0.003700912,0.011129379,-0.011261702
2020-07-13,VZ,-0.0075401068,0.010409474,-0.0093424916
2020-07-13,WMT,-0.0092543364,0.010730147,-0.006790936
2020-07-14,AAPL,-0.0061907768,0.013802886,-0.016410887
2020-07-14,AMGN,-2.5570393e-05,0.010817051,-0.014713943
2020-07-14,CRM,-0.011181355,0.014792919,-0.013504684
2020-07-14,CSCO,-0.0049832463,0.0082381964,-0.013087332
2020-07-14,IBM,-0.0012344122,0.0074945688,-0.0088453293
2020-07-14,INTC,-0.0015010238,0.0097335577,-0.013838828
2020-07-14,MSFT,-0.0035526156,0.0096578598,-0.013868272
2020-07-14,NKE,-0.0043634772,0.012140274,-0.011619091
2020-07-14,VZ,-0.0040297508,0.0094116926,-0.01198262
2020-07-14,WMT,-0.0038254857,0.0083928108,-0.0089619756
2020-07-15,AAPL,-0.0008789897,0.01213026,-0.012656331
2020-07-15,AMGN,0.0023761988,0.0113554,-0.013322353
2020-07-15,CRM,-0.0042132735,0.011193275,-0.012460411
2020-07-15,CSCO,0.0015074015,0.0084431171,-0.011038423
2020-07-15,IBM,-0.00047034025,0.0076062679,-0.0074183941
2020-07-15,INTC,0.0024707317,0.0094761848,-0.012432277
2020-07-15,MSFT,0.002379179,0.0090426207,-0.012941301
2020-07-15,NKE,-0.0043495893,0.013441682,-0.0084499717
2020-07-15,VZ,-0.0028794408,0.0099778175,-0.00952667
2020-07-15,WMT,-0.0055857301,0.0098474026,-0.0073311329
2020-07-16,AAPL,-0.0035438538,0.012277365,-0.013751507
2020-07-16,AMGN,0.0042506456,0.010203004,-0.01474452
2020-07-16,CRM,-0.0059555173,0.011439443,-0.013520002
2020-07-16,CSCO,-0.0014132857,0.0076439381,-0.010936737
2020-07-16,IBM,-0.00097364187,0.0080835819,-0.0080919862
2020-07-16,INTC,-0.0015812516,0.0083572865,-0.010980964
2020-07-16,MSFT,-0.00029939413,0.010038495,-0.012147605
2020-07-16,NKE,-0.0042474866,0.012560248,-0.010447443
2020-07-16,VZ,-0.0023854971,0.0088078976,-0.010325968
2020-07-16,WMT,-0.0025523305,0.0076105595,-0.0089048147
2020-07-17,AAPL,-0.0046132803,0.012942195,-0.014776349
2020-07-17,AMGN,0.0029284954,0.008869648,-0.014930487
2020-07-17,CRM,-0.014085531,0.015634298,-0.011453331
2020-07-17,CSCO,-0.0031657815,0.0072109699,-0.01271534
2020-07-17,IBM,-0.00029194355,0.0068346262,-0.009549737
2020-07-17,INTC,-0.001368463,0.0078862906,-0.012348652
2020-07-17,MSFT,-0.00048321486,0.0093994141,-0.011649907
2020-07-17,NKE,-0.0064784288,0.01189971,-0.0108127
2020-07-17,VZ,-0.0016083121,0.0090626478,-0.010919333
2020-07-17,WMT,-0.00039380789,0.0067149401,-0.009816587
2020-07-20,AAPL,-0.0028604865,0.013035178,-0.012330711
2020-07-20,AMGN,0.00064170361,0.011516809,-0.012346566
2020-07-20,CRM,-0.0034276247,0.011812687,-0.012166619
2020-07-20,CSCO,0.0011917353,0.0079046488,-0.010496795
2020-07-20,IBM,-0.00046491623,0.0078365803,-0.0074705482
2020-07-20,INTC,0.0010968447,0.0087189674,-0.010699391
2020-07-20,MSFT,0.0015733242,0.0091508627,-0.011610866
2020-07-20,NKE,-0.0048373938,0.013133883,-0.0086141229
2020-07-20,VZ,-0.0038233995,0.010174632,-0.0091437697
2020-07-20,WMT,-0.0021968484,0.0081883669,-0.0070160627
2020-07-21,AAPL,-0.0059771538,0.013997197,-0.012723863
2020-07-21,AMGN,0.0040448904,0.0088663101,-0.015273273
2020-07-21,CRM,-0.0078072548,0.013518214,-0.012902796
2020-07-21,CSCO,-0.0023124814,0.007489562,-0.011083245
2020-07-21,IBM,-0.0022926927,0.0086883307,-0.007589817
2020-07-21,INTC,-0.0035015941,0.0094408989,-0.010401547
2020-07-21,MSFT,-0.00206846,0.0098128319,-0.010412514
2020-07-21,NKE,-0.0061126947,0.012991667,-0.010204256
2020-07-21,VZ,-0.0043401122,0.0093514919,-0.0093981624
2020-07-21,WMT,-0.0025351644,0.0074615479,-0.0075416565
2020-07-22,AAPL,-0.0054514408,0.013240099,-0.01485759
2020-07-22,AMGN,0.0021651983,0.0097959042,-0.014819205
2020-07-22,CRM,-0.0092504621,0.013918757,-0.014033973
2020-07-22,CSCO,-0.0016666055,0.0074888468,-0.012757421
2020-07-22,IBM,-0.0031093359,0.0072410107,-0.0080834627
2020-07-22,INTC,-0.00230515,0.008251667,-0.012354493
2020-07-22,MSFT,-0.0012880564,0.0091898441,-0.012648523
2020-07-22,NKE,-0.0074731112,0.012431264,-0.010402679
2020-07-22,VZ,-0.0059075952,0.0099734068,-0.010025322
2020-07-22,WMT,-0.0037442446,0.0084731579,-0.0082954168
2020-07-23,AAPL,-0.0046581626,0.013788581,-0.015180886
2020-07-23,AMGN,-0.002674818,0.011151075,-0.012355804
2020-07-23,CRM,-0.0068866611,0.012870908,-0.01350981
2020-07-23,CSCO,0.00064313412,0.0083712339,-0.012522042
2020-07-23,IBM,0.00066268444,0.0069385767,-0.0083130002
2020-07-23,INTC,-0.00042247772,0.0085912943,-0.012583792
2020-07-23,MSFT,0.00017595291,0.0099351406,-0.012107849
2020-07-23,NKE,-0.0029286146,0.013169646,-0.011668324
2020-07-23,VZ,-0.0026610494,0.008997798,-0.010303676
2020-07-23,WMT,-0.0020171404,0.0076315403,-0.0093126297
2020-07-24,AAPL,-0.000854671,0.010490179,-0.018376648
2020-07-24,AMGN,-0.00030755997,0.0093126297,-0.013729036
2020-07-24,CRM,-0.0079339743,0.012096047,-0.014367461
2020-07-24,CSCO,0.0010963678,0.0065420866,-0.01560849
2020-07-24,IBM,0.00036644936,0.0063256025,-0.0095257163
2020-07-24,INTC,0.0018068552,0.0078701973,-0.016239524
2020-07-24,MSFT,0.001278162,0.0081185102,-0.014554083
2020-07-24,NKE,-0.0050459504,0.010912418,-0.013246298
2020-07-24,VZ,-0.0040960312,0.0096145868,-0.010994732
2020-07-24,WMT,-0.005307734,0.0098884106,-0.0076599717
2020-07-27,AAPL,-0.0015226603,0.012074828,-0.011573613
2020-07-27,AMGN,-0.00034326315,0.011299372,-0.010999084
2020-07-27,CRM,-0.0021573901,0.011356473,-0.011487782
2020-07-27,CSCO,0.0030528307,0.007840991,-0.010276377
2020-07-27,IBM,0.0026830435,0.0077226162,-0.0078810453
2020-07-27,INTC,0.0019496679,0.009626627,-0.010775566
2020-07-27,MSFT,0.0015563965,0.01038754,-0.010753095
2020-07-27,NKE,-0.0045297742,0.01518774,-0.0087983012
2020-07-27,VZ,-0.0011491776,0.0099753141,-0.0092346668
2020-07-27,WMT,-2.6345253e-05,0.0075334311,-0.0080366731
2020-07-28,AAPL,-0.0040052533,0.01133275,-0.014983177
2020-07-28,AMGN,0.00065851212,0.0091878176,-0.013522565
2020-07-28,CRM,-0.0096319318,0.012159586,-0.013056695
2020-07-28,CSCO,-0.0038021803,0.0068132877,-0.01190275
2020-07-28,IBM,-0.0019839406,0.0062422752,-0.0091152191
2020-07-28,INTC,-0.0032991171,0.0091906786,-0.012170315
2020-07-28,MSFT,-0.0024366379,0.0095210075,-0.012351573
2020-07-28,NKE,-0.0073358417,0.013087153,-0.010173857
2020-07-28,VZ,-0.0059512854,0.0094610453,-0.0090982318
2020-07-28,WMT,-0.0049914122,0.0091298819,-0.0078332424
2020-07-29,AAPL,-0.0078775883,0.01545608,-0.013593435
2020-07-29,AMGN,-0.0012076497,0.010985136,-0.012892306
2020-07-29,CRM,-0.013345659,0.016794682,-0.013725579
2020-07-29,CSCO,-0.0027330518,0.010900497,-0.010636628
2020-07-29,IBM,-0.0011672974,0.0072280169,-0.0087400079
2020-07-29,INTC,-0.0027555823,0.010644436,-0.010537744
2020-07-29,MSFT,-0.0010582805,0.01164484,-0.0099967122
2020-07-29,NKE,-0.0055779219,0.013179898,-0.010152459
2020-07-29,VZ,-0.00099444389,0.0093635321,-0.010520756
2020-07-29,WMT,-0.0014342666,0.0077961683,-0.0084220171
2020-07-30,AAPL,-0.0058268309,0.012990236,-0.016498208
2020-07-30,AMGN,0.0025107861,0.010852337,-0.012688816
2020-07-30,CRM,-0.013354421,0.017218709,-0.01389879
2020-07-30,CSCO,-0.0066159368,0.012862682,-0.011576056
2020-07-30,IBM,-0.0012159348,0.006504178,-0.0093604922
2020-07-30,INTC,0.001501441,0.0097897053,-0.014250219
2020-07-30,MSFT,0.00092339516,0.01115346,-0.012552619
2020-07-30,NKE,-0.0043230653,0.011923432,-0.012971282
2020-07-30,VZ,-0.00064128637,0.0081082582,-0.012107909
2020-07-30,WMT,-0.0039202571,0.0083309412,-0.008384347
2020-07-31,AAPL,-0.0020132661,0.012294531,-0.01204139
2020-07-31,AMGN,-0.0011425614,0.011767983,-0.01064235
2020-07-31,CRM,0.0018912554,0.015564561,-0.015771031
2020-07-31,CSCO,-0.0002630353,0.012546301,-0.010147274
2020-07-31,IBM,-0.00036537647,0.0090738535,-0.0082659125
2020-07-31,INTC,0.0019645691,0.011808038,-0.011338413
2020-07-31,MSFT,0.0025140047,0.011030316,-0.012375236
2020-07-31,NKE,-0.0038436055,0.013955712,-0.0098007917
2020-07-31,VZ,-0.00095790625,0.010733485,-0.0095735192
2020-07-31,WMT,-0.0022376776,0.010957241,-0.0063838959
2020-08-03,AAPL,0.001262784,0.0093630552,-0.012102544
2020-08-03,AMGN,0.0029263496,0.0067292452,-0.012840271
2020-08-03,CRM,0.0007597208,0.0088078976,-0.014780402
2020-08-03,CSCO,-0.0011568069,0.0060335398,-0.011067629
2020-08-03,IBM,0.0017660856,0.0057303905,-0.0064705014
2020-08-03,INTC,-0.001219213,0.0081852674,-0.010998666
2020-08-03,MSFT,0.0005197525,0.0071290731,-0.009857893
2020-08-03,NKE,-0.0015583634,0.0080533028,-0.010033369
2020-08-03,VZ,-0.0028637648,0.0074975491,-0.007935822
2020-08-03,WMT,-0.0023213029,0.0067408085,-0.0071356893
2020-08-04,AAPL,-0.0084395409,0.015535951,-0.010914028
2020-08-04,AMGN,-0.0085574389,0.011059046,-0.008474946
2020-08-04,CRM,-0.005638659,0.010441899,-0.0092171431
2020-08-04,CSCO,-0.0017197728,0.0069215298,-0.010322094
2020-08-04,IBM,-0.0003964901,0.0062384605,-0.0079867244
2020-08-04,INTC,-0.00058698654,0.0081424713,-0.010993481
2020-08-04,MSFT,-0.0035648942,0.0084807873,-0.011794388
2020-08-04,NKE,-0.0029815435,0.0092265606,-0.0099065304
2020-08-04,VZ,-0.0050495863,0.0081825256,-0.0082134008
2020-08-04,WMT,-0.0034216046,0.006582737,-0.007973671
2020-08-05,AAPL,-0.0065051317,0.01420176,-0.015829086
2020-08-05,AMGN,-0.00077807903,0.0088248253,-0.013646841
2020-08-05,CRM,-0.014555454,0.014649034,-0.01155895
2020-08-05,CSCO,-0.0053626895,0.007119298,-0.01412338
2020-08-05,IBM,-0.0012443662,0.0055824518,-0.0084635615
2020-08-05,INTC,-0.00096237659,0.0088454485,-0.012512743
2020-08-05,MSFT,-0.0055669546,0.0078543425,-0.01199764
2020-08-05,NKE,-0.0050417185,0.0091444254,-0.011726558
2020-08-05,VZ,-0.0033321381,0.0086688995,-0.010706365
2020-08-05,WMT,-0.0021698475,0.00631392,-0.0097613931
2020-08-06,AAPL,-0.0054368973,0.014594197,-0.011864364
2020-08-06,AMGN,-0.0034528971,0.010789037,-0.010489941
2020-08-06,CRM,-0.0040848255,0.012147903,-0.011051297
2020-08-06,CSCO,-0.0014949441,0.0079768896,-0.010249972
2020-08-06,IBM,0.0027064085,0.0066401958,-0.0078822374
2020-08-06,INTC,0.0023463964,0.0093616247,-0.01050967
2020-08-06,MSFT,0.00042176247,0.0099643469,-0.011628866
2020-08-06,NKE,-0.0034546256,0.012046456,-0.0081700087
2020-08-06,VZ,-0.0040772557,0.0098280907,-0.0095692277
2020-08-06,WMT,-0.0033364296,0.0081584454,-0.0075592995
2020-08-07,AAPL,-0.0039628744,0.012299418,-0.014646471
2020-08-07,AMGN,0.0014092922,0.0097165108,-0.01191318
2020-08-07,CRM,-0.0045817494,0.010563731,-0.012577057
2020-08-07,CSCO,-0.00054490566,0.0052217245,-0.010878503
2020-08-07,IBM,-0.00065493584,0.0076453686,-0.0066154599
2020-08-07,INTC,0.0017806292,0.0078889132,-0.010658801
2020-08-07,MSFT,-0.001137197,0.0089937449,-0.010498524
2020-08-07,NKE,-0.0069192648,0.012193084,-0.0074087977
2020-08-07,VZ,-0.0074695349,0.0097930431,-0.0085966587
2020-08-07,WMT,-0.0046193004,0.0089472532,-0.0063266754
2020-08-10,AAPL,-0.0086371303,0.01488924,-0.01177597
2020-08-10,AMGN,-0.0056438446,0.013141513,-0.010410845
2020-08-10,CRM,-0.0084257126,0.013264894,-0.010547161
2020-08-10,CSCO,-0.004719317,0.0074055195,-0.010807693
2020-08-10,IBM,-0.0019978881,0.0072823763,-0.0073724985
2020-08-10,INTC,-0.0023856759,0.0086662769,-0.0095777512
2020-08-10,MSFT,-0.0030224919,0.01032424,-0.010286212
2020-08-10,NKE,-0.0050673485,0.011528134,-0.0092015266
2020-08-10,VZ,-0.0052607059,0.0092124939,-0.009706676
2020-08-10,WMT,-0.0030907393,0.0065506697,-0.0082979798
2020-08-11,AAPL,-0.0082750916,0.013539672,-0.016424119
2020-08-11,AMGN,-0.0016516447,0.010099053,-0.013401747
2020-08-11,CRM,-0.014582872,0.014834881,-0.012528062
2020-08-11,CSCO,-0.0076450706,0.0065588951,-0.012803495
2020-08-11,IBM,-0.003002286,0.0069371462,-0.0080916882
2020-08-11,INTC,-0.0018160939,0.008056879,-0.012361348
2020-08-11,MSFT,-0.005369246,0.0096707344,-0.011377394
2020-08-11,NKE,-0.0070407391,0.010679245,-0.010957718
2020-08-11,VZ,-0.0061597228,0.0097602606,-0.010783255
2020-08-11,WMT,-0.0056045651,0.0083266497,-0.0079489946
2020-08-12,AAPL,-0.0027976632,0.013966322,-0.011657536
2020-08-12,AMGN,-0.001888454,0.013179541,-0.010198355
2020-08-12,CRM,0.0019583702,0.0092090368,-0.012105703
2020-08-12,CSCO,0.0043033361,0.0057610273,-0.011099935
2020-08-12,IBM,0.0031806231,0.0070455074,-0.006167233
2020-08-12,INTC,0.0046832561,0.009749651,-0.010165989
2020-08-12,MSFT,0.0044201612,0.0077896118,-0.011927307
2020-08-12,NKE,-0.0048829913,0.011374593,-0.0074492097
2020-08-12,VZ,-0.0041526556,0.010270357,-0.0086835623
2020-08-12,WMT,-0.0027243495,0.0070656538,-0.0070587397
2020-08-13,AAPL,-0.005033493,0.012583733,-0.012114286
2020-08-13,AMGN,-0.00073570013,0.011499405,-0.011606574
2020-08-13,CRM,-0.0047425628,0.010368228,-0.012370884
2020-08-13,CSCO,-0.0039613247,0.0054399967,-0.010471463
2020-08-13,IBM,-0.0018545985,0.0064502954,-0.0062107444
2020-08-13,INTC,-0.00015074015,0.0086423159,-0.0095114708
2020-08-13,MSFT,-0.00065237284,0.0095908642,-0.0094621181
2020-08-13,NKE,-0.0047884583,0.011520743,-0.0079590082
2020-08-13,VZ,-0.0060538054,0.010131001,-0.008028686
2020-08-13,WMT,-0.0050308108,0.0079036951,-0.0064578652
2020-08-14,AAPL,-0.0053700805,0.013657451,-0.014097154
2020-08-14,AMGN,-0.0019889474,0.012060761,-0.012738466
2020-08-14,CRM,-0.0084326863,0.012149096,-0.012896001
2020-08-14,CSCO,-0.0039346218,0.0058928728,-0.011218846
2020-08-14,IBM,-0.00067007542,0.0066523552,-0.0073773861
2020-08-14,INTC,7.1763992e-05,0.0075036287,-0.011071026
2020-08-14,MSFT,-0.0020669699,0.0075742006,-0.011323988
2020-08-14,NKE,-0.0049881339,0.009717226,-0.009853363
2020-08-14,VZ,-0.0034117103,0.0088350773,-0.010313272
2020-08-14,WMT,-0.0043433309,0.0075429678,-0.0077138543
2020-08-17,AAPL,-0.0088046193,0.016415238,-0.012556016
2020-08-17,AMGN,-0.0016060472,0.011708617,-0.012315214
2020-08-17,CRM,-0.01532954,0.015622616,-0.010342896
2020-08-17,CSCO,-0.0077802539,0.0079404116,-0.010073543
2020-08-17,IBM,-0.0019117594,0.0064606667,-0.0069987774
2020-08-17,INTC,-0.0033749342,0.0086340904,-0.010145485
2020-08-17,MSFT,-0.0047256351,0.0099271536,-0.0097995996
2020-08-17,NKE,-0.0051962137,0.01097846,-0.0086392164
2020-08-17,VZ,-0.0033237934,0.0087593794,-0.0099241138
2020-08-17,WMT,-0.00076115131,0.0058013201,-0.0088746548
2020-08-18,AAPL,-0.0049594641,0.014287353,-0.011162639
2020-08-18,AMGN,-0.0012989044,0.011748195,-0.010501266
2020-08-18,CRM,-0.0085638762,0.013763666,-0.010080755
2020-08-18,CSCO,-0.00093048811,0.0074492693,-0.0098744631
2020-08-18,IBM,-0.0014878511,0.0075442791,-0.0053394437
2020-08-18,INTC,-0.0013042688,0.0084593296,-0.0098739266
2020-08-18,MSFT,-0.001426518,0.0087813139,-0.0096312165
2020-08-18,NKE,-0.0072072148,0.01196444,-0.0083423853
2020-08-18,VZ,-0.0051575899,0.009398222,-0.0080421567
2020-08-18,WMT,-0.0030303597,0.0067766905,-0.0068075657
2020-08-19,AAPL,-0.0073916316,0.015115857,-0.010562003
2020-08-19,AMGN,0.0040817261,0.008474946,-0.014093339
2020-08-19,CRM,-0.010032833,0.013476968,-0.010363698
2020-08-19,CSCO,-0.0027711391,0.0068511963,-0.010217667
2020-08-19,IBM,-0.00039923191,0.0071969032,-0.0072433352
2020-08-19,INTC,-0.0011681914,0.0082954168,-0.0086437464
2020-08-19,MSFT,-0.0017757416,0.0086555481,-0.0092883706
2020-08-19,NKE,-0.0061926246,0.01079762,-0.0078006387
2020-08-19,VZ,-0.0034304261,0.0085303783,-0.0095090866
2020-08-19,WMT,0.0015133619,0.0046340227,-0.0081157684
2020-08-20,AAPL,-0.0054675341,0.013777733,-0.012258053
2020-08-20,AMGN,-0.0025697351,0.011232018,-0.010361552
2020-08-20,CRM,-0.012887836,0.012893558,-0.010071754
2020-08-20,CSCO,-0.0018979311,0.0057518482,-0.010683954
2020-08-20,IBM,-0.00083631277,0.006035924,-0.0074876547
2020-08-20,INTC,-0.00017786026,0.0064229965,-0.010349452
2020-08-20,MSFT,-0.0030665994,0.0080476999,-0.010411799
2020-08-20,NKE,-0.0063867569,0.010555267,-0.0087755322
2020-08-20,VZ,-0.0032311678,0.0083137751,-0.0094318986
2020-08-20,WMT,-0.0011156797,0.0063916445,-0.008307755
2020-08-21,AAPL,-0.0057332516,0.015056491,-0.013141692
2020-08-21,AMGN,0.0017635822,0.0081263781,-0.01307708
2020-08-21,CRM,-0.0049384236,0.011016726,-0.010424614
2020-08-21,CSCO,0.00083863735,0.0053348541,-0.011863351
2020-08-21,IBM,-0.0009214282,0.0059760809,-0.0076035261
2020-08-21,INTC,0.00086343288,0.0073965788,-0.010454178
2020-08-21,MSFT,-0.0022281408,0.0078275204,-0.010321677
2020-08-21,NKE,-0.0055670738,0.010490417,-0.010046542
2020-08-21,VZ,-0.0032681227,0.0077594519,-0.0093976259
2020-08-21,WMT,-0.0015600324,0.0066736937,-0.0079689622
2020-08-24,AAPL,-0.0074894428,0.014941931,-0.012450933
2020-08-24,AMGN,-0.00055330992,0.0096811056,-0.011623621
2020-08-24,CRM,-0.0089885592,0.013209462,-0.010179877
2020-08-24,CSCO,-0.0023444891,0.0079501867,-0.010142446
2020-08-24,IBM,-0.00034409761,0.0069775581,-0.0066956282
2020-08-24,INTC,-0.001523912,0.0088498592,-0.0093897581
2020-08-24,MSFT,-0.0019798279,0.0091838837,-0.010160863
2020-08-24,NKE,-0.0052152872,0.01182127,-0.007193625
2020-08-24,VZ,-0.0056057572,0.010007024,-0.0084133744
2020-08-24,WMT,-0.001357317,0.0073877573,-0.0072639585
2020-08-25,AAPL,-0.0013781786,0.013551593,-0.011967957
2020-08-25,AMGN,-0.0040413737,0.011566877,-0.0096692443
2020-08-25,CRM,2.6941299e-05,0.0085122585,-0.011831701
2020-08-25,CSCO,0.0033252239,0.004172802,-0.011529386
2020-08-25,IBM,0.00075411797,0.0065648556,-0.0064089298
2020-08-25,INTC,0.0042052269,0.0073504448,-0.0097109079
2020-08-25,MSFT,0.00074386597,0.0071322918,-0.0094715357
2020-08-25,NKE,-0.006097734,0.011983037,-0.0083672404
2020-08-25,VZ,-0.0053181648,0.0094243288,-0.0080290437
2020-08-25,WMT,-0.0053730607,0.0091104507,-0.0060821772
2020-08-26,AAPL,-0.005607903,0.013180614,-0.013850093
2020-08-26,AMGN,-0.0033805966,0.010321259,-0.012179196
2020-08-26,CRM,-0.014345229,0.012391329,-0.011978388
2020-08-26,CSCO,-0.0071334839,0.0060309172,-0.012158215
2020-08-26,IBM,-0.0046534538,0.006469965,-0.0081287622
2020-08-26,INTC,-0.0066996217,0.0095200539,-0.011627018
2020-08-26,MSFT,-0.0067631602,0.010114789,-0.010473609
2020-08-26,NKE,-0.00578475,0.012260914,-0.011198461
2020-08-26,VZ,-0.0069756508,0.0085451603,-0.0091286898
2020-08-26,WMT,-0.0054470301,0.0089775324,-0.0078104734
2020-08-27,AAPL,-0.0032598376,0.012975574,-0.015862286
2020-08-27,AMGN,-0.0040739179,0.012357831,-0.011088252
2020-08-27,CRM,-0.0083727241,0.012654662,-0.013840258
2020-08-27,CSCO,0.00096666813,0.006890893,-0.011843085
2020-08-27,IBM,-0.00011706352,0.0065807104,-0.0078986287
2020-08-27,INTC,0.0010750294,0.008390069,-0.011707664
2020-08-27,MSFT,-0.0016815066,0.0089184046,-0.011017919
2020-08-27,NKE,-0.0036528111,0.011777282,-0.0097433925
2020-08-27,VZ,-0.00052058697,0.0080914497,-0.0099556446
2020-08-27,WMT,-0.002776444,0.0071849823,-0.007829845
2020-08-28,AAPL,-0.0070174336,0.01440227,-0.015997529
2020-08-28,AMGN,-0.0030648708,0.013464928,-0.010068476
2020-08-28,CRM,-0.01226449,0.016306162,-0.01557076
2020-08-28,CSCO,-0.0090031624,0.012077451,-0.010428488
2020-08-28,IBM,-0.0017510653,0.0077666044,-0.007568121
2020-08-28,INTC,0.0022027493,0.011051536,-0.013263881
2020-08-28,MSFT,-0.00081324577,0.011748314,-0.012319863
2020-08-28,NKE,-0.0059069395,0.012784839,-0.010753214
2020-08-28,VZ,-0.0042353272,0.0088492632,-0.011291981
2020-08-28,WMT,-0.0056379437,0.0099879503,-0.0066518784
2020-08-31,AAPL,-0.0054686666,0.015752792,-0.01027745
2020-08-31,AMGN,-0.0063796043,0.015606403,-0.0069376826
2020-08-31,CRM,-0.0031089187,0.016644716,-0.012795031
2020-08-31,CSCO,-0.0046902299,0.013575435,-0.0084412694
2020-08-31,IBM,-0.0012180805,0.010179758,-0.0063873529
2020-08-31,INTC,-0.0031406283,0.013525605,-0.0094496012
2020-08-31,MSFT,-0.001704514,0.012499213,-0.0095853806
2020-08-31,NKE,-0.0086513758,0.015220165,-0.0066662431
2020-08-31,VZ,-0.0045163035,0.012889981,-0.008051455
2020-08-31,WMT,-0.004232347,0.011481285,-0.0055772662
2020-09-01,AAPL,-9.5367432e-07,0.010190845,-0.011156082
2020-09-01,AMGN,0.00058507919,0.0075181723,-0.010578692
2020-09-01,CRM,0.00058591366,0.0099695921,-0.014616966
2020-09-01,CSCO,-0.00038588047,0.0061354637,-0.010660112
2020-09-01,IBM,0.00012338161,0.0057574511,-0.0061744452
2020-09-01,INTC,-0.0012102723,0.007579565,-0.010747612
2020-09-01,MSFT,-0.0015279651,0.0073068142,-0.0087201595
2020-09-01,NKE,-0.0036563873,0.0089321136,-0.008726716
2020-09-01,VZ,-0.0033069253,0.0077928305,-0.0068226457
2020-09-01,WMT,-0.0019084215,0.0061714649,-0.0065715909
2020-09-02,AAPL,-0.0082026124,0.014525414,-0.013260961
2020-09-02,AMGN,-0.008374989,0.0099518299,-0.0078265071
2020-09-02,CRM,-0.01466918,0.01347971,-0.010132611
2020-09-02,CSCO,-0.0036671758,0.0066517591,-0.010687709
2020-09-02,IBM,0.00091993809,0.0052902699,-0.0085355639
2020-09-02,INTC,-0.0030930042,0.0077853203,-0.010580122
2020-09-02,MSFT,-0.0053722262,0.0083595514,-0.01013422
2020-09-02,NKE,-0.004552722,0.0085704327,-0.0097160339
2020-09-02,VZ,-0.0042327046,0.00733006,-0.0088949203
2020-09-02,WMT,0.00084221363,0.0041162968,-0.010030329
2020-09-03,AAPL,-0.0026392937,0.011847973,-0.012306511
2020-09-03,AMGN,-0.003207922,0.0086967945,-0.0096744299
2020-09-03,CRM,-0.0069845915,0.010515213,-0.01197648
2020-09-03,CSCO,-0.0013381839,0.0060330629,-0.012055099
2020-09-03,IBM,0.0022798777,0.0049945116,-0.0073683858
2020-09-03,INTC,0.002543211,0.0073654652,-0.011498809
2020-09-03,MSFT,-0.0023664236,0.0067613125,-0.010791898
2020-09-03,NKE,-0.0051806569,0.01056993,-0.0080683231
2020-09-03,VZ,-0.0028711557,0.00852108,-0.009114325
2020-09-03,WMT,-0.0032674074,0.0065956116,-0.0073903203
2020-09-04,AAPL,-0.0049486756,0.013664007,-0.010762095
2020-09-04,AMGN,-0.0016337633,0.0079011917,-0.010166228
2020-09-04,CRM,-0.0055136085,0.012134194,-0.011330247
2020-09-04,CSCO,-0.0016806722,0.0062996149,-0.010688782
2020-09-04,IBM,0.0031943321,0.0049614906,-0.0071815848
2020-09-04,INTC,0.00093305111,0.0079860687,-0.0095816851
2020-09-04,MSFT,-0.0019600987,0.0095407963,-0.0096938014
2020-09-04,NKE,-0.0038788319,0.011145711,-0.008362174
2020-09-04,VZ,-0.0032737851,0.0085780621,-0.0088269114
2020-09-04,WMT,0.00028276443,0.0054563284,-0.0079590678
2020-09-08,AAPL,-0.0041176081,0.013483167,-0.012754858
2020-09-08,AMGN,-0.0021191239,0.009190321,-0.0096971393
2020-09-08,CRM,-0.008559525,0.011656046,-0.010409534
2020-09-08,CSCO,-0.0021554828,0.0045648813,-0.010470688
2020-09-08,IBM,0.00055968761,0.0058070421,-0.0072535276
2020-09-08,INTC,-0.00088661909,0.0076751709,-0.0098501444
2020-09-08,MSFT,-0.0038667917,0.0081510544,-0.0095025897
2020-09-08,NKE,-0.0077332258,0.010553479,-0.0083978772
2020-09-08,VZ,-0.0057033896,0.0082095861,-0.0084779263
2020-09-08,WMT,-0.0026242733,0.0064877272,-0.0077909827
2020-09-09,AAPL,-0.0052604079,0.014097452,-0.015165806
2020-09-09,AMGN,-0.0054580569,0.010998249,-0.010057926
2020-09-09,CRM,-0.0067213774,0.012057185,-0.01050204
2020-09-09,CSCO,-0.0032386184,0.0057692528,-0.012414157
2020-09-09,IBM,-0.00086903572,0.006275177,-0.0082035065
2020-09-09,INTC,-0.0014511943,0.0075085163,-0.012270927
2020-09-09,MSFT,-0.0039708018,0.0088272095,-0.010688365
2020-09-09,NKE,-0.0032853484,0.010486841,-0.010700405
2020-09-09,VZ,-0.0055193901,0.0084707737,-0.0097668767
2020-09-09,WMT,-0.004575789,0.0064170361,-0.0082155466
2020-09-10,AAPL,-0.0076285601,0.013869405,-0.014226675
2020-09-10,AMGN,0.0026006699,0.0062719584,-0.014388442
2020-09-10,CRM,-0.0088077784,0.012104511,-0.011665761
2020-09-10,CSCO,-0.0050515532,0.0064921379,-0.011778235
2020-09-10,IBM,-0.0012229085,0.0065671206,-0.0079633594
2020-09-10,INTC,-0.0011137724,0.0080621243,-0.012130439
2020-09-10,MSFT,-0.0038910508,0.0081726313,-0.011334181
2020-09-10,NKE,-0.0057954192,0.011267543,-0.0095638633
2020-09-10,VZ,-0.0053281188,0.0093683004,-0.0094388127
2020-09-10,WMT,-0.0048032403,0.0074049234,-0.0080060363
2020-09-11,AAPL,-3.2186508e-05,0.012116075,-0.010588586
2020-09-11,AMGN,-0.00097966194,0.0096174479,-0.0094299912
2020-09-11,CRM,-0.0014289021,0.0085257292,-0.011000276
2020-09-11,CSCO,0.0044460297,0.0036737919,-0.010901213
2020-09-11,IBM,0.0033675432,0.0054093599,-0.0066580772
2020-09-11,INTC,0.0052734613,0.0077024698,-0.010277212
2020-09-11,MSFT,0.0035822392,0.006526947,-0.010341763
2020-09-11,NKE,-0.0040224791,0.011345506,-0.0069530606
2020-09-11,VZ,-0.0030893683,0.0086420774,-0.0086259246
2020-09-11,WMT,-0.0010644197,0.0064426661,-0.0077773333
2020-09-14,AAPL,-0.0043267608,0.012375951,-0.011823118
2020-09-14,AMGN,-0.0024231076,0.0090335608,-0.010731339
2020-09-14,CRM,-0.0077478886,0.010153413,-0.011241078
2020-09-14,CSCO,-0.0043805838,0.0048673153,-0.010127902
2020-09-14,IBM,-0.00013738871,0.0052224398,-0.0069702864
2020-09-14,INTC,-0.0019174814,0.0069937706,-0.010772288
2020-09-14,MSFT,-0.0041682124,0.0084623098,-0.0091540217
2020-09-14,NKE,-0.0062584877,0.010083199,-0.0085456967
2020-09-14,VZ,-0.00457865,0.0083366632,-0.0076918602
2020-09-14,WMT,-0.0037181973,0.0057917833,-0.0076069236
2020-09-15,AAPL,-0.0054046512,0.014011383,-0.018348098
2020-09-15,AMGN,-0.0028843284,0.0084639788,-0.012810051
2020-09-15,CRM,-0.018901527,0.015445828,-0.011870801
2020-09-15,CSCO,-0.0072618723,0.0056629181,-0.012381732
2020-09-15,IBM,-0.00073009729,0.0054223537,-0.0087010264
2020-09-15,INTC,-0.0017617345,0.0050845146,-0.012917936
2020-09-15,MSFT,-0.0066181421,0.0090607405,-0.010860741
2020-09-15,NKE,-0.0074701309,0.0087155104,-0.011875093
2020-09-15,VZ,-0.0040714741,0.0083677769,-0.012419641
2020-09-15,WMT,-0.0019027591,0.004945159,-0.010051787
2020-09-16,AAPL,-0.0084317327,0.015112877,-0.013402164
2020-09-16,AMGN,0.0036627054,0.0074089766,-0.012634277
2020-09-16,CRM,-0.013048172,0.017317414,-0.010647595
2020-09-16,CSCO,-0.0057497621,0.0069104433,-0.010765016
2020-09-16,IBM,0.0015794039,0.0055388212,-0.0081834793
2020-09-16,INTC,-6.0379505e-05,0.0075508356,-0.011386395
2020-09-16,MSFT,-0.0040501356,0.0091431141,-0.011069417
2020-09-16,NKE,-0.0063336492,0.012475014,-0.0091301203
2020-09-16,VZ,-0.0033328533,0.0090709925,-0.01049149
2020-09-16,WMT,-0.00061881542,0.006033659,-0.0095780492
2020-09-17,AAPL,-0.0022271872,0.011433482,-0.011956751
2020-09-17,AMGN,0.00049674511,0.0081954002,-0.011039972
2020-09-17,CRM,-0.0072700381,0.013537049,-0.011364996
2020-09-17,CSCO,-0.00026589632,0.0061122179,-0.010498464
2020-09-17,IBM,0.002022028,0.0056992769,-0.0073084235
2020-09-17,INTC,0.00084519386,0.0068525076,-0.010649323
2020-09-17,MSFT,-0.0010980964,0.0088031292,-0.0097494125
2020-09-17,NKE,-0.0057942271,0.010815859,-0.0088063478
2020-09-17,VZ,-0.0046333075,0.0090259314,-0.0095484853
2020-09-17,WMT,-0.00017958879,0.0054987669,-0.0075213909
2020-09-18,AAPL,-0.0057464242,0.014374733,-0.011072278
2020-09-18,AMGN,0.0016396046,0.0079220533,-0.011793137
2020-09-18,CRM,-0.011854947,0.014543653,-0.009342134
2020-09-18,CSCO,-0.0028377175,0.0069094896,-0.0098774433
2020-09-18,IBM,0.0001064539,0.0061100721,-0.0074028373
2020-09-18,INTC,-0.0010969639,0.0087820292,-0.0091401339
2020-09-18,MSFT,-0.0026279688,0.0099315643,-0.0087149143
2020-09-18,NKE,-0.0080476403,0.011157513,-0.0079572201
2020-09-18,VZ,-0.0042315125,0.0090214014,-0.0087432265
2020-09-18,WMT,0.0012578964,0.0047345161,-0.0079154968
2020-09-21,AAPL,-0.0047493577,0.013222575,-0.016990662
2020-09-21,AMGN,-0.0034957528,0.0090533495,-0.011690557
2020-09-21,CRM,-0.013992965,0.014944553,-0.012362659
2020-09-21,CSCO,-0.0046336055,0.0054894686,-0.013291061
2020-09-21,IBM,0.00025677681,0.005746603,-0.0082547069
2020-09-21,INTC,0.0010037422,0.0053371191,-0.012962103
2020-09-21,MSFT,-0.0024747252,0.0081157684,-0.01142329
2020-09-21,NKE,-0.0069552064,0.010396957,-0.01104939
2020-09-21,VZ,-0.0046876073,0.0087598562,-0.01063019
2020-09-21,WMT,-0.0017850399,0.0062309504,-0.0089116096
2020-09-22,AAPL,-0.0070591569,0.014417648,-0.013381481
2020-09-22,AMGN,0.0035177469,0.0075396299,-0.01245147
2020-09-22,CRM,-0.011993825,0.017128706,-0.011425018
2020-09-22,CSCO,-0.005645752,0.0072159767,-0.011084318
2020-09-22,IBM,-9.8347664e-05,0.0070021152,-0.0076010823
2020-09-22,INTC,-0.00076323748,0.0082050562,-0.010734379
2020-09-22,MSFT,-0.0037341118,0.0091700554,-0.011093438
2020-09-22,NKE,-0.0043759942,0.011054754,-0.0088109374
2020-09-22,VZ,-0.0035546422,0.0090615749,-0.0093411207
2020-09-22,WMT,-0.0033568144,0.006767869,-0.007863462
2020-09-23,AAPL,-0.0048098564,0.013687015,-0.012345314
2020-09-23,AMGN,0.0030034781,0.0070447922,-0.011316121
2020-09-23,CRM,-0.0055971742,0.013559818,-0.011915684
2020-09-23,CSCO,-0.0003438592,0.0066457987,-0.010016263
2020-09-23,IBM,0.001614213,0.0059833527,-0.0069929361
2020-09-23,INTC,0.00036787987,0.0085195303,-0.01029098
2020-09-23,MSFT,-0.0015397072,0.0091276169,-0.010148048
2020-09-23,NKE,-0.0037574768,0.010406017,-0.008664608
2020-09-23,VZ,-0.0048143268,0.0094301701,-0.0083813071
2020-09-23,WMT,-0.0019057393,0.0059366226,-0.0076015592
2020-09-24,AAPL,-0.0030293465,0.012289762,-0.01135987
2020-09-24,AMGN,-0.0017632246,0.0076569319,-0.01008904
2020-09-24,CRM,-0.0034769773,0.011033654,-0.011864007
2020-09-24,CSCO,-0.0010069013,0.0058034658,-0.0092523694
2020-09-24,IBM,-0.0020743608,0.0065019131,-0.0060247779
2020-09-24,INTC,-0.00042146444,0.0076928139,-0.0097514987
2020-09-24,MSFT,-0.0028820038,0.0082877874,-0.0087477565
2020-09-24,NKE,-0.0061658025,0.01162076,-0.0083882809
2020-09-24,VZ,-0.0062093139,0.0098801851,-0.0081157088
2020-09-24,WMT,-0.0033583045,0.0068584681,-0.0068064332
2020-09-25,AAPL,-0.0017738938,0.012158632,-0.010550439
2020-09-25,AMGN,-0.0043468475,0.0098189116,-0.0090728402
2020-09-25,CRM,-0.010440528,0.010643601,-0.010387361
2020-09-25,CSCO,-0.0028918386,0.0059815645,-0.010791063
2020-09-25,IBM,-0.0021357536,0.0058966875,-0.0073748827
2020-09-25,INTC,-0.0024192333,0.0080323219,-0.010425389
2020-09-25,MSFT,-0.004924953,0.0091738701,-0.0093280077
2020-09-25,NKE,-0.0058920979,0.011984825,-0.008929193
2020-09-25,VZ,-0.0069609284,0.0095933676,-0.0078340173
2020-09-25,WMT,-0.0030254126,0.0064965487,-0.0065789223
2020-09-28,AAPL,-0.003426075,0.012473345,-0.014725149
2020-09-28,AMGN,-0.003233254,0.0095835924,-0.010140717
2020-09-28,CRM,-0.010946572,0.012099862,-0.012285233
2020-09-28,CSCO,-9.9003315e-05,0.0055214167,-0.012248814
2020-09-28,IBM,-0.00011253357,0.0055338144,-0.0080482364
2020-09-28,INTC,-0.00041055679,0.0081820488,-0.0098090768
2020-09-28,MSFT,-0.0025410056,0.0093429089,-0.0094861388
2020-09-28,NKE,-0.0043221116,0.011231542,-0.010117054
2020-09-28,VZ,-0.0020353198,0.0073087215,-0.0096134543
2020-09-28,WMT,-0.0018666387,0.0055888891,-0.0075907111
2020-09-29,AAPL,-0.0075209737,0.013726354,-0.019331455
2020-09-29,AMGN,-0.0026726127,0.011553645,-0.011060953
2020-09-29,CRM,-0.014797926,0.01678896,-0.014917433
2020-09-29,CSCO,-0.0096212029,0.010901809,-0.012560606
2020-09-29,IBM,-0.00090152025,0.0058976412,-0.0090062618
2020-09-29,INTC,0.00039958954,0.008939147,-0.014899373
2020-09-29,MSFT,-0.0030609369,0.010887504,-0.012658179
2020-09-29,NKE,-0.006936729,0.011274099,-0.012226045
2020-09-29,VZ,-0.0032970905,0.0080111027,-0.012533665
2020-09-29,WMT,-0.0059657097,0.0083227158,-0.008002162
2020-09-30,AAPL,-0.0064817667,0.015870929,-0.011844516
2020-09-30,AMGN,-0.0058169365,0.014985681,-0.0077112913
2020-09-30,CRM,-0.0049570799,0.017621875,-0.012539148
2020-09-30,CSCO,-0.0056516528,0.014351845,-0.0095436573
2020-09-30,IBM,-0.0020557642,0.0094009638,-0.0067242384
2020-09-30,INTC,-0.0026074052,0.013881803,-0.01086092
2020-09-30,MSFT,-0.0049825311,0.012781739,-0.0092703104
2020-09-30,NKE,-0.0080180168,0.014836311,-0.0071648359
2020-09-30,VZ,-0.0059745908,0.011607051,-0.0086874366
2020-09-30,WMT,-0.0053251386,0.011890411,-0.0058930516
2020-10-01,AAPL,-0.0020689368,0.011610031,-0.010348916
2020-10-01,AMGN,-0.0014373064,0.0094799995,-0.010974646
2020-10-01,CRM,0.0014219284,0.011425138,-0.013215542
2020-10-01,CSCO,-0.0024099946,0.006485343,-0.0096083879
2020-10-01,IBM,-0.0012233257,0.0065054893,-0.0048674345
2020-10-01,INTC,-0.003885746,0.0090084076,-0.0091284513
2020-10-01,MSFT,-0.0019083619,0.0089782476,-0.0084619522
2020-10-01,NKE,-0.0039086342,0.008538723,-0.0085513592
2020-10-01,VZ,-0.0052111745,0.0090363026,-0.007060945
2020-10-01,WMT,-0.0033918619,0.0067408085,-0.0059193969
2020-10-02,AAPL,-0.01148808,0.015715241,-0.013145566
2020-10-02,AMGN,-0.0065265894,0.010112047,-0.011444509
2020-10-02,CRM,-0.013417184,0.012627125,-0.010237634
2020-10-02,CSCO,-0.0085082054,0.0080268383,-0.010410368
2020-10-02,IBM,-0.0042566061,0.0073412657,-0.0075514317
2020-10-02,INTC,-0.0063349009,0.0093415976,-0.010364413
2020-10-02,MSFT,-0.007768333,0.010485411,-0.010504425
2020-10-02,NKE,-0.0035380125,0.0087324381,-0.011457264
2020-10-02,VZ,-0.0062090755,0.009193778,-0.0094103813
2020-10-02,WMT,-0.0040311217,0.007185936,-0.008690536
2020-10-05,AAPL,-0.010753095,0.016026855,-0.014920413
2020-10-05,AMGN,0.00051403046,0.0099871159,-0.0143857
2020-10-05,CRM,-0.014379263,0.014851689,-0.011315703
2020-10-05,CSCO,-0.007660985,0.0084505081,-0.010997653
2020-10-05,IBM,-9.6321106e-05,0.0059540272,-0.0078553557
2020-10-05,INTC,-0.0022838116,0.010686398,-0.011352658
2020-10-05,MSFT,-0.0032896996,0.0098587275,-0.011388719
2020-10-05,NKE,-0.0041564703,0.0094124079,-0.010659397
2020-10-05,VZ,-0.0029733181,0.0087320805,-0.010486603
2020-10-05,WMT,0.0013152361,0.0045400858,-0.0096700788
2020-10-06,AAPL,-0.0039864182,0.012999654,-0.013786554
2020-10-06,AMGN,-0.0061830878,0.012163639,-0.0094320774
2020-10-06,CRM,-0.0060186386,0.012047172,-0.011369467
2020-10-06,CSCO,-0.0037532449,0.0069767237,-0.010457635
2020-10-06,IBM,0.00082027912,0.0062526464,-0.0068842173
2020-10-06,INTC,0.0015957355,0.0085697174,-0.010999143
2020-10-06,MSFT,0.0013107061,0.0095796585,-0.011385977
2020-10-06,NKE,-0.005115509,0.010477662,-0.0086993575
2020-10-06,VZ,-0.0048345923,0.01017487,-0.0094002485
2020-10-06,WMT,-0.0041134357,0.0080659389,-0.0069540143
2020-10-07,AAPL,-0.0087404847,0.017723799,-0.01019913
2020-10-07,AMGN,-0.0018914342,0.01200211,-0.010445297
2020-10-07,CRM,-0.0070204735,0.013892651,-0.010048926
2020-10-07,CSCO,-0.0046428442,0.0075867176,-0.0083394647
2020-10-07,IBM,0.00056564808,0.0070939064,-0.0063115954
2020-10-07,INTC,-0.0024107695,0.010378957,-0.0085867047
2020-10-07,MSFT,-0.0022162199,0.01145637,-0.0083924532
2020-10-07,NKE,-0.0061174035,0.012368202,-0.0085661411
2020-10-07,VZ,-0.0049815774,0.0096524954,-0.0095350742
2020-10-07,WMT,-0.0014201999,0.0059952736,-0.0069951415
2020-10-08,AAPL,-0.0033193827,0.012452722,-0.016189933
2020-10-08,AMGN,-0.0064613819,0.011587262,-0.0097846389
2020-10-08,CRM,-0.0088870525,0.012459278,-0.013443589
2020-10-08,CSCO,-0.0053457618,0.0056858063,-0.011160731
2020-10-08,IBM,-0.0016333461,0.0060681105,-0.0072777271
2020-10-08,INTC,-0.0012786388,0.0072642565,-0.011938989
2020-10-08,MSFT,-0.0020806193,0.0082036257,-0.01055187
2020-10-08,NKE,-0.0046966672,0.0091177225,-0.011433423
2020-10-08,VZ,-0.0043544173,0.0087832212,-0.010063708
2020-10-08,WMT,-0.0041249394,0.006896615,-0.0081660748
2020-10-09,AAPL,-0.0096939206,0.017199516,-0.012087047
2020-10-09,AMGN,0.00054061413,0.0097819567,-0.011755407
2020-10-09,CRM,-0.01341176,0.014076352,-0.011115074
2020-10-09,CSCO,-0.0078832507,0.007956624,-0.0085283518
2020-10-09,IBM,-0.00053369999,0.0066648722,-0.0073401928
2020-10-09,INTC,-0.0036702156,0.009749651,-0.009912014
2020-10-09,MSFT,-0.0045720935,0.011012197,-0.0089713335
2020-10-09,NKE,-0.0061131716,0.012337208,-0.0091012716
2020-10-09,VZ,-0.0036399364,0.0092155933,-0.0094723105
2020-10-09,WMT,-0.0022875071,0.0064408779,-0.0083323717
2020-10-12,AAPL,-0.0025285482,0.013488054,-0.012837887
2020-10-12,AMGN,-0.0048989058,0.012858629,-0.0085372329
2020-10-12,CRM,-0.0089226961,0.013334751,-0.011812031
2020-10-12,CSCO,-0.00044202805,0.0075969696,-0.0097990036
2020-10-12,IBM,0.0019826889,0.0063595772,-0.0061353445
2020-10-12,INTC,0.0010046959,0.0091779232,-0.010587692
2020-10-12,MSFT,-0.00012421608,0.0084239244,-0.0096219778
2020-10-12,NKE,-0.0053329468,0.011304498,-0.0091644526
2020-10-12,VZ,-0.0015199184,0.0083409548,-0.0094302893
2020-10-12,WMT,-0.001806438,0.0062013865,-0.0078774095
2020-10-13,AAPL,-0.0071626902,0.014514208,-0.01421231
2020-10-13,AMGN,-5.3167343e-05,0.0094405413,-0.012403965
2020-10-13,CRM,-0.015104353,0.015114903,-0.013061345
2020-10-13,CSCO,-0.005243361,0.0063946247,-0.011265397
2020-10-13,IBM,0.0007622242,0.005615592,-0.0086814165
2020-10-13,INTC,-0.0026311874,0.0082645416,-0.011398077
2020-10-13,MSFT,-0.003552556,0.008839488,-0.010285795
2020-10-13,NKE,-0.0048453808,0.0099724531,-0.011463284
2020-10-13,VZ,-0.0029959083,0.0085419416,-0.010632932
2020-10-13,WMT,-0.0006095171,0.0061309338,-0.0093046427
2020-10-14,AAPL,-0.0044933558,0.01388371,-0.013741434
2020-10-14,AMGN,-0.00040978193,0.01038146,-0.011517406
2020-10-14,CRM,-0.0071589351,0.013874531,-0.012268901
2020-10-14,CSCO,-0.00424999,0.0072176456,-0.01045078
2020-10-14,IBM,-0.00053119659,0.0066553354,-0.0068384409
2020-10-14,INTC,-0.0013170838,0.0090754032,-0.01127845
2020-10-14,MSFT,-0.0029125214,0.0092921257,-0.010561049
2020-10-14,NKE,-0.0053620934,0.01109159,-0.010112882
2020-10-14,VZ,-0.0032559633,0.0088778734,-0.010169446
2020-10-14,WMT,-0.0032975674,0.0075410604,-0.0077462196
2020-10-15,AAPL,-0.0072886348,0.013516545,-0.014449775
2020-10-15,AMGN,0.00042200089,0.0089458227,-0.012677968
2020-10-15,CRM,-0.0097074509,0.014289737,-0.011205792
2020-10-15,CSCO,-0.0044196248,0.0074700117,-0.010996521
2020-10-15,IBM,0.00061535835,0.0063695908,-0.0077577829
2020-10-15,INTC,-0.0017715096,0.0084397793,-0.011292934
2020-10-15,MSFT,-0.0029605031,0.0090926886,-0.010757029
2020-10-15,NKE,-0.0056301355,0.010911465,-0.010916948
2020-10-15,VZ,-0.0034657717,0.0092563629,-0.010059834
2020-10-15,WMT,-0.00097483397,0.0058557987,-0.009324193
2020-10-16,AAPL,-0.002864182,0.012474298,-0.01175493
2020-10-16,AMGN,0.0017880201,0.0081086159,-0.012003243
2020-10-16,CRM,-0.0067943335,0.012339473,-0.011442244
2020-10-16,CSCO,-0.00013595819,0.0061099529,-0.010982335
2020-10-16,IBM,0.0012165308,0.0065881014,-0.0075191259
2020-10-16,INTC,0.0025823116,0.0074257851,-0.011254489
2020-10-16,MSFT,-0.00025343895,0.0093505383,-0.0099992752
2020-10-16,NKE,-0.0065023899,0.011881948,-0.007835865
2020-10-16,VZ,-0.003773272,0.0097062588,-0.0090479255
2020-10-16,WMT,-0.0038228631,0.0074193478,-0.0075838566
2020-10-19,AAPL,-0.0040424466,0.012578607,-0.011916995
2020-10-19,AMGN,-0.0015713573,0.00984478,-0.011236906
2020-10-19,CRM,-0.0075222254,0.011786222,-0.011083603
2020-10-19,CSCO,-0.0018184781,0.0061578751,-0.010897696
2020-10-19,IBM,-0.00030726194,0.0071763992,-0.0073450804
2020-10-19,INTC,-0.00011348724,0.0081744194,-0.010782838
2020-10-19,MSFT,-0.0013488531,0.00930655,-0.0090832114
2020-10-19,NKE,-0.005094707,0.012026668,-0.0091195107
2020-10-19,VZ,-0.0038431883,0.0089399815,-0.0087609887
2020-10-19,WMT,-0.0024777651,0.0063421726,-0.0083323121
2020-10-20,AAPL,-0.008287549,0.013897657,-0.016462743
2020-10-20,AMGN,-0.00043064356,0.0087398291,-0.013219774
2020-10-20,CRM,-0.015854597,0.015541553,-0.012910068
2020-10-20,CSCO,-0.0073075891,0.0065186024,-0.012169182
2020-10-20,IBM,-0.0005671978,0.0065485239,-0.0089017749
2020-10-20,INTC,-0.0028487444,0.0075458288,-0.012544334
2020-10-20,MSFT,-0.0053591132,0.0099875927,-0.010644913
2020-10-20,NKE,-0.0057769418,0.010595083,-0.011909366
2020-10-20,VZ,-0.0043222308,0.0098707676,-0.0096916556
2020-10-20,WMT,-0.0011559725,0.00598979,-0.0098429322
2020-10-21,AAPL,-0.005315721,0.014249325,-0.014695108
2020-10-21,AMGN,-0.0037807226,0.011810899,-0.0090033412
2020-10-21,CRM,-0.0083514452,0.013628244,-0.012207866
2020-10-21,CSCO,-0.0018556118,0.0073654652,-0.011630237
2020-10-21,IBM,0.00053668022,0.0070447922,-0.0072730184
2020-10-21,INTC,0.00019299984,0.0090560913,-0.010725319
2020-10-21,MSFT,-0.0020797253,0.010365963,-0.010853052
2020-10-21,NKE,-0.0050268769,0.011883259,-0.0094256401
2020-10-21,VZ,-0.005662322,0.010534167,-0.0094109178
2020-10-21,WMT,-0.0021921992,0.0068632364,-0.0087099075
2020-10-22,AAPL,-0.0048851967,0.013789058,-0.012085319
2020-10-22,AMGN,-0.0025371313,0.010630012,-0.0092505813
2020-10-22,CRM,-0.0029679537,0.011591315,-0.01132524
2020-10-22,CSCO,-0.00056940317,0.0071288347,-0.010219812
2020-10-22,IBM,0.0009021759,0.0065442324,-0.0066465735
2020-10-22,INTC,0.00055658817,0.008579731,-0.010214448
2020-10-22,MSFT,-0.0018139482,0.010221958,-0.0094097257
2020-10-22,NKE,-0.0054183602,0.011370778,-0.008102417
2020-10-22,VZ,-0.005348444,0.01007998,-0.0080110431
2020-10-22,WMT,-0.0042838454,0.0070546865,-0.0068683028
2020-10-23,AAPL,-0.0053271651,0.013238192,-0.012276232
2020-10-23,AMGN,-0.0054469705,0.010974288,-0.0099505186
2020-10-23,CRM,-0.0082272291,0.011881948,-0.012123108
2020-10-23,CSCO,-0.0027499199,0.005241394,-0.010398865
2020-10-23,IBM,-0.00056290627,0.0054143667,-0.0080142021
2020-10-23,INTC,-0.00096446276,0.0072982311,-0.011115909
2020-10-23,MSFT,-0.0031772852,0.0085808039,-0.0099164248
2020-10-23,NKE,-0.0062512159,0.012014151,-0.0098993182
2020-10-23,VZ,-0.002399683,0.0083847046,-0.0091722608
2020-10-23,WMT,-0.0014885664,0.0055040121,-0.0082609057
2020-10-26,AAPL,-0.0071533322,0.015225887,-0.010710239
2020-10-26,AMGN,-0.0037027597,0.011534929,-0.0097836852
2020-10-26,CRM,-0.013842225,0.014914632,-0.011090338
2020-10-26,CSCO,-0.0076868534,0.0070940256,-0.01008743
2020-10-26,IBM,-0.0020099282,0.0051608086,-0.0072675347
2020-10-26,INTC,-0.0050473809,0.0094313622,-0.01003468
2020-10-26,MSFT,-0.0055641532,0.010294557,-0.0094697475
2020-10-26,NKE,-0.0062330365,0.014137149,-0.0096844435
2020-10-26,VZ,-0.006332159,0.007922411,-0.0089528561
2020-10-26,WMT,-0.0025759339,0.0071752071,-0.0071437359
2020-10-27,AAPL,-0.0055736303,0.014944673,-0.01401633
2020-10-27,AMGN,-0.005984664,0.013407826,-0.0086517334
2020-10-27,CRM,-0.012415528,0.016031981,-0.013610303
2020-10-27,CSCO,-0.0012193918,0.0084168911,-0.010932684
2020-10-27,IBM,0.00011599064,0.0065485239,-0.0070530772
2020-10-27,INTC,-0.0024920702,0.0094462633,-0.0092835426
2020-10-27,MSFT,-0.0033806562,0.010941029,-0.0082581639
2020-10-27,NKE,-0.0049069524,0.013148189,-0.0098339319
2020-10-27,VZ,-0.0024258494,0.0077991486,-0.0087274313
2020-10-27,WMT,-0.0018328428,0.0065072775,-0.0085677505
2020-10-28,AAPL,-0.0079424977,0.013617873,-0.022102058
2020-10-28,AMGN,-0.0023674965,0.010937691,-0.011814833
2020-10-28,CRM,-0.019144833,0.019594431,-0.018335521
2020-10-28,CSCO,-0.014705956,0.011800051,-0.013563454
2020-10-28,IBM,-0.0030860305,0.0076508522,-0.010701895
2020-10-28,INTC,-0.002583921,0.0099447966,-0.016193449
2020-10-28,MSFT,-0.0046590567,0.011362433,-0.014135718
2020-10-28,NKE,-0.0063135028,0.011392355,-0.015317082
2020-10-28,VZ,-0.005525589,0.0092366934,-0.013677001
2020-10-28,WMT,-0.0067664385,0.009352684,-0.009624064
2020-10-29,AAPL,-0.012625039,0.019134879,-0.009362042
2020-10-29,AMGN,-0.0079336166,0.017833352,-0.006100297
2020-10-29,CRM,-0.0090661049,0.022013426,-0.012307405
2020-10-29,CSCO,-0.0099748373,0.018490434,-0.0073688626
2020-10-29,IBM,-0.0051041842,0.0128299,-0.0060173273
2020-10-29,INTC,-0.0065982342,0.018111944,-0.0077314973
2020-10-29,MSFT,-0.0069790483,0.016276836,-0.0078774691
2020-10-29,NKE,-0.011553407,0.018448472,-0.0065649152
2020-10-29,VZ,-0.0080425143,0.014275789,-0.0070597529
2020-10-29,WMT,-0.0057508945,0.013575315,-0.0063586235
2020-10-30,AAPL,-0.0073811412,0.014056921,-0.0086214542
2020-10-30,AMGN,-0.0044030547,0.01091361,-0.0083737373
2020-10-30,CRM,-0.0072137117,0.015972733,-0.010079443
2020-10-30,CSCO,-0.010034442,0.010831833,-0.0080387592
2020-10-30,IBM,-0.0067884922,0.0099354982,-0.0045261979
2020-10-30,INTC,-0.0087493658,0.012111664,-0.0071728826
2020-10-30,MSFT,-0.0074843168,0.01155889,-0.0059807897
2020-10-30,NKE,-0.0079149604,0.011723161,-0.0073074698
2020-10-30,VZ,-0.0071855783,0.0095869303,-0.0063989758
2020-10-30,WMT,-0.0065822005,0.0088294744,-0.0047299266
2020-11-02,AAPL,-0.010650158,0.017192602,-0.0079314113
2020-11-02,AMGN,-0.0085389018,0.013265014,-0.0070326328
2020-11-02,CRM,-0.017546952,0.017155409,-0.0055891871
2020-11-02,CSCO,-0.0084623098,0.011288285,-0.0083069205
2020-11-02,IBM,-0.005146265,0.0086846352,-0.0050593019
2020-11-02,INTC,-0.0075076222,0.011660576,-0.0078856349
2020-11-02,MSFT,-0.0093227625,0.011700034,-0.0078080893
2020-11-02,NKE,-0.0065629482,0.011026859,-0.0082449913
2020-11-02,VZ,-0.0041587949,0.0090831518,-0.0083906054
2020-11-02,WMT,-0.0022583008,0.0065010786,-0.0062613487
2020-11-03,AAPL,-0.0047969222,0.014002681,-0.010419309
2020-11-03,AMGN,-0.005604744,0.012429833,-0.0070928931
2020-11-03,CRM,-0.0066201091,0.013504028,-0.010536313
2020-11-03,CSCO,-0.0032142997,0.0090013742,-0.0092616081
2020-11-03,IBM,-0.00046008825,0.0062563419,-0.0053355694
2020-11-03,INTC,0.00046002865,0.010158181,-0.0085321069
2020-11-03,MSFT,-0.0032961965,0.0099124908,-0.0080230832
2020-11-03,NKE,-0.0046319962,0.010373592,-0.0062733889
2020-11-03,VZ,-0.0025177002,0.0086263418,-0.0065671802
2020-11-03,WMT,-0.0036793351,0.0071558952,-0.0054619908
2020-11-04,AAPL,-0.0058552027,0.01365447,-0.0097072124
2020-11-04,AMGN,-0.0066677928,0.011297464,-0.0054680109
2020-11-04,CRM,-0.002446115,0.0098859072,-0.011949182
2020-11-04,CSCO,-0.0037302971,0.0071099997,-0.008818388
2020-11-04,IBM,-0.00080162287,0.0061330795,-0.00584203
2020-11-04,INTC,0.00013542175,0.009999752,-0.0083943605
2020-11-04,MSFT,-0.0016745329,0.0095789433,-0.0082930923
2020-11-04,NKE,-0.0047236085,0.010865808,-0.0065438151
2020-11-04,VZ,-0.0039162636,0.0092914104,-0.0072928667
2020-11-04,WMT,-0.0049189329,0.0077558756,-0.0057338476
2020-11-05,AAPL,-0.010153711,0.014933705,-0.0092635155
2020-11-05,AMGN,-0.0073950887,0.0121243,-0.0058895946
2020-11-05,CRM,-0.0071188807,0.011375785,-0.0085186958
2020-11-05,CSCO,-0.004742384,0.0073144436,-0.008449018
2020-11-05,IBM,-0.0019561648,0.0071508884,-0.005273819
2020-11-05,INTC,-0.0035505295,0.010008216,-0.0072945952
2020-11-05,MSFT,-0.0061022639,0.0090643167,-0.0070622563
2020-11-05,NKE,-0.0044134259,0.01078558,-0.0062914491
2020-11-05,VZ,-0.004648447,0.0090630054,-0.007602632
2020-11-05,WMT,-0.0034237504,0.0070205927,-0.005836904
2020-11-06,AAPL,-0.0081298947,0.015836239,-0.0092063546
2020-11-06,AMGN,-0.005546689,0.012140512,-0.0072873831
2020-11-06,CRM,-0.00072312355,0.010484576,-0.011334956
2020-11-06,CSCO,-0.004969418,0.0065082312,-0.007144928
2020-11-06,IBM,-0.0028011203,0.0070114136,-0.0043057799
2020-11-06,INTC,-0.0033259392,0.010739446,-0.0065985918
2020-11-06,MSFT,-0.0061022639,0.0089200735,-0.0059913993
2020-11-06,NKE,-0.0030365586,0.0094826221,-0.0070169568
2020-11-06,VZ,-0.0054472685,0.0091267824,-0.0060222149
2020-11-06,WMT,-0.0055756569,0.0080624819,-0.0051141381
2020-11-09,AAPL,-0.0084261298,0.014546037,-0.012637019
2020-11-09,AMGN,-0.0041627288,0.0094994307,-0.010166466
2020-11-09,CRM,-0.0042328238,0.0086066723,-0.01227957
2020-11-09,CSCO,-0.0075030923,0.0069020987,-0.0090650916
2020-11-09,IBM,-0.0051908493,0.007414341,-0.0055865049
2020-11-09,INTC,-0.0063923001,0.008280158,-0.009103179
2020-11-09,MSFT,-0.0070553422,0.009031415,-0.0083711743
2020-11-09,NKE,-0.0041605234,0.0094674826,-0.0088738799
2020-11-09,VZ,-0.0081509948,0.0095242262,-0.0076844692
2020-11-09,WMT,-0.0090875626,0.0095629692,-0.005423665
2020-11-10,AAPL,-0.0069932938,0.014624119,-0.011181772
2020-11-10,AMGN,-0.0056036115,0.011854053,-0.0093688965
2020-11-10,CRM,-0.0076022148,0.010162473,-0.01027441
2020-11-10,CSCO,-0.0032096505,0.0059275627,-0.0093928576
2020-11-10,IBM,-0.00012505054,0.0050985813,-0.0062365532
2020-11-10,INTC,-0.0025399923,0.009229064,-0.0089443922
2020-11-10,MSFT,-0.004699707,0.008007288,-0.0086221695
2020-11-10,NKE,-0.0032866001,0.0095508099,-0.0076103806
2020-11-10,VZ,-0.002691865,0.0073928833,-0.0096402168
2020-11-10,WMT,-0.0027113557,0.0061227083,-0.0068396926
2020-11-11,AAPL,-0.0086236596,0.015661597,-0.010521412
2020-11-11,AMGN,-0.005156517,0.012749553,-0.0083959103
2020-11-11,CRM,-0.0081804991,0.012389779,-0.010175645
2020-11-11,CSCO,-0.006937623,0.0071327686,-0.0079185963
2020-11-11,IBM,-0.0019214749,0.0060127974,-0.0053203702
2020-11-11,INTC,-0.0027066469,0.0084582567,-0.0074483752
2020-11-11,MSFT,-0.0050204992,0.0096049309,-0.0073450804
2020-11-11,NKE,-0.0038178563,0.010040879,-0.0071746707
2020-11-11,VZ,-0.0032001138,0.0085511208,-0.0081876516
2020-11-11,WMT,-0.0023856759,0.0065685511,-0.0065398812
2020-11-12,AAPL,-0.0086125135,0.014407516,-0.012567818
2020-11-12,AMGN,-0.0019789338,0.010059476,-0.0097581744
2020-11-12,CRM,-0.008433044,0.012482285,-0.011313975
2020-11-12,CSCO,-0.0062410831,0.0069099665,-0.010452151
2020-11-12,IBM,-0.0051130652,0.0063931942,-0.0055716634
2020-11-12,INTC,-0.0011652112,0.0073047876,-0.010416508
2020-11-12,MSFT,-0.0045610666,0.0081008673,-0.0094548464
2020-11-12,NKE,-0.0062248111,0.0095179081,-0.0090309381
2020-11-12,VZ,-0.003099978,0.0079605579,-0.0092580318
2020-11-12,WMT,-0.0067255497,0.0082796812,-0.0062875748
2020-11-13,AAPL,-0.012328625,0.018272996,-0.0098033547
2020-11-13,AMGN,0.00092363358,0.010159492,-0.011838913
2020-11-13,CRM,-0.012523115,0.014534235,-0.0090380907
2020-11-13,CSCO,-0.0063967705,0.0080641508,-0.0077441335
2020-11-13,IBM,-0.0014945865,0.0063688755,-0.0054883957
2020-11-13,INTC,-0.0030155778,0.0090088844,-0.0069924593
2020-11-13,MSFT,-0.004344821,0.0096789598,-0.0080060363
2020-11-13,NKE,-0.0058925748,0.01116693,-0.0054126978
2020-11-13,VZ,0.00021958351,0.0079255104,-0.0096971989
2020-11-13,WMT,0.0006159544,0.004598856,-0.0083189607
2020-11-16,AAPL,-0.0062460899,0.014841914,-0.010302782
2020-11-16,AMGN,-0.0049998164,0.01153028,-0.0072152615
2020-11-16,CRM,-0.0035459399,0.010326028,-0.011778653
2020-11-16,CSCO,-0.0029206276,0.0064029694,-0.0088321567
2020-11-16,IBM,-0.0024767518,0.0065174103,-0.0040639639
2020-11-16,INTC,0.0010330677,0.0081831217,-0.0076332092
2020-11-16,MSFT,-0.0019165277,0.0087499619,-0.0085248947
2020-11-16,NKE,-0.0046961904,0.010834813,-0.005559206
2020-11-16,VZ,-0.0035583973,0.0095671415,-0.0069856048
2020-11-16,WMT,-0.0056037903,0.0080764294,-0.0049808621
2020-11-17,AAPL,-0.012280941,0.017274976,-0.010045409
2020-11-17,AMGN,-0.0022210479,0.010529041,-0.010402322
2020-11-17,CRM,-0.0091888905,0.013857365,-0.010941863
2020-11-17,CSCO,-0.0080032349,0.007501483,-0.0090067983
2020-11-17,IBM,-0.0040670633,0.0073763132,-0.0054819584
2020-11-17,INTC,-0.0039762259,0.008821249,-0.0083594918
2020-11-17,MSFT,-0.0073091388,0.011124134,-0.0076889992
2020-11-17,NKE,-0.0059089661,0.010146976,-0.0072886944
2020-11-17,VZ,-0.0037406683,0.0087716579,-0.0088723898
2020-11-17,WMT,-0.0030096769,0.0065193176,-0.0068336129
2020-11-18,AAPL,-0.0080064535,0.015142202,-0.012118936
2020-11-18,AMGN,-0.0035857558,0.010125518,-0.0096692443
2020-11-18,CRM,-0.0093902349,0.012612581,-0.012357891
2020-11-18,CSCO,-0.0080532432,0.0077346563,-0.0084351897
2020-11-18,IBM,-0.004126668,0.0078320503,-0.0052389503
2020-11-18,INTC,-0.001983583,0.0092190504,-0.0088046193
2020-11-18,MSFT,-0.0047805309,0.0089046955,-0.0087467432
2020-11-18,NKE,-0.0061363578,0.010747433,-0.0065568686
2020-11-18,VZ,-0.0055984259,0.0097526312,-0.0086788535
2020-11-18,WMT,-0.0069035888,0.0088013411,-0.0056807399
2020-11-19,AAPL,-0.010081112,0.017530322,-0.0086650848
2020-11-19,AMGN,-0.0018373728,0.0097645521,-0.0083693266
2020-11-19,CRM,-0.006539464,0.013045549,-0.0099058151
2020-11-19,CSCO,-0.0072569847,0.0088757277,-0.0083361864
2020-11-19,IBM,-0.0032189488,0.0076065063,-0.0051515102
2020-11-19,INTC,-0.004203856,0.010705352,-0.0071428418
2020-11-19,MSFT,-0.0061141253,0.011272907,-0.0071781874
2020-11-19,NKE,-0.0050820112,0.011496425,-0.0062266588
2020-11-19,VZ,-0.0057459474,0.010106564,-0.0076406598
2020-11-19,WMT,-0.0037624836,0.0072081089,-0.0059002638
2020-11-20,AAPL,-0.0081433654,0.016372919,-0.011296988
2020-11-20,AMGN,-0.0075939894,0.011949062,-0.00668329
2020-11-20,CRM,-0.011517763,0.013526678,-0.010789692
2020-11-20,CSCO,-0.0048406124,0.0077762604,-0.0088617802
2020-11-20,IBM,-0.0016759038,0.0067381859,-0.0055096149
2020-11-20,INTC,-0.0047037601,0.0095182657,-0.0081769228
2020-11-20,MSFT,-0.0057371259,0.010410786,-0.0070368648
2020-11-20,NKE,-0.0036689043,0.0092769861,-0.0072669983
2020-11-20,VZ,-0.0042241812,0.0095683336,-0.0080002546
2020-11-20,WMT,-0.0026609898,0.0057308674,-0.0066269636
2020-11-23,AAPL,-0.006839633,0.014783859,-0.012139738
2020-11-23,AMGN,-0.0033271909,0.010347962,-0.0090782046
2020-11-23,CRM,-0.0055238605,0.010861039,-0.013446689
2020-11-23,CSCO,-0.0049292445,0.0062285662,-0.0089773536
2020-11-23,IBM,-0.0026555657,0.0065019131,-0.0059275031
2020-11-23,INTC,-0.0018903017,0.0081806183,-0.010005772
2020-11-23,MSFT,-0.0049905181,0.0094307661,-0.0073677301
2020-11-23,NKE,-0.0053238869,0.010233164,-0.0078780055
2020-11-23,VZ,-0.0064205527,0.0099465847,-0.0069461465
2020-11-23,WMT,-0.0077195764,0.0082672834,-0.0053285956
2020-11-24,AAPL,-0.0070923567,0.016501904,-0.0099101067
2020-11-24,AMGN,-0.0031865239,0.010785699,-0.0078874826
2020-11-24,CRM,-0.0084346533,0.011850238,-0.01125437
2020-11-24,CSCO,-0.006716907,0.0086747408,-0.009095192
2020-11-24,IBM,-0.0045924187,0.0079255104,-0.005510807
2020-11-24,INTC,-0.0050091743,0.010721564,-0.0083477497
2020-11-24,MSFT,-0.0041635036,0.0092178583,-0.0077372789
2020-11-24,NKE,-0.0062742233,0.01219511,-0.008278966
2020-11-24,VZ,-0.0063514113,0.0094196796,-0.0080028772
2020-11-24,WMT,-0.0050551891,0.0082682371,-0.0055618882
2020-11-25,AAPL,-0.010546446,0.017658234,-0.0091677904
2020-11-25,AMGN,-0.0049185157,0.014119387,-0.00932616
2020-11-25,CRM,-0.017300546,0.018891573,-0.011094928
2020-11-25,CSCO,-0.0077415705,0.010725617,-0.0093215704
2020-11-25,IBM,-0.0065960288,0.0089014769,-0.0059397221
2020-11-25,INTC,-0.0057450533,0.01225996,-0.0054736733
2020-11-25,MSFT,-0.007539928,0.01290679,-0.006055057
2020-11-25,NKE,-0.0068217516,0.013092041,-0.0070661902
2020-11-25,VZ,-0.0031818748,0.0092197657,-0.0070359707
2020-11-25,WMT,-0.0024741292,0.0062254667,-0.0064949393
2020-11-27,AAPL,-0.0058504343,0.013992786,-0.015408874
2020-11-27,AMGN,-0.0081246495,0.015167952,-0.0087003708
2020-11-27,CRM,-0.016606927,0.018258333,-0.016615927
2020-11-27,CSCO,-0.0094839931,0.011293888,-0.011031508
2020-11-27,IBM,-0.0038766265,0.0081061125,-0.0084502101
2020-11-27,INTC,-0.0041972995,0.010851502,-0.0096440315
2020-11-27,MSFT,-0.0025008321,0.011322021,-0.010986626
2020-11-27,NKE,-0.0078206658,0.011524796,-0.011294603
2020-11-27,VZ,-0.0054304004,0.0085980892,-0.010199726
2020-11-27,WMT,-0.0062123537,0.0083450079,-0.0070966482
2020-11-30,AAPL,-0.010852635,0.018279791,-0.0098133087
2020-11-30,AMGN,-0.0088723898,0.016793489,-0.0069565177
2020-11-30,CRM,-0.0076320171,0.019479156,-0.012528837
2020-11-30,CSCO,-0.0082162023,0.016178012,-0.0087348223
2020-11-30,IBM,-0.0064160824,0.012484074,-0.0059090853
2020-11-30,INTC,-0.007730782,0.016219854,-0.0070841908
2020-11-30,MSFT,-0.0059470534,0.014565706,-0.0069285631
2020-11-30,NKE,-0.011546612,0.016402841,-0.0071399212
2020-11-30,VZ,-0.0093203187,0.013773322,-0.006310761
2020-11-30,WMT,-0.0068742633,0.013505697,-0.0054652095
2020-12-01,AAPL,-0.006503284,0.013461828,-0.0071226954
2020-12-01,AMGN,-0.0058876872,0.011271477,-0.0069107413
2020-12-01,CRM,-0.0090966225,0.015384793,-0.0080490112
2020-12-01,CSCO,-0.0073181987,0.0099020004,-0.0078092217
2020-12-01,IBM,-0.0043780208,0.0093871355,-0.004853189
2020-12-01,INTC,-0.0079666376,0.011794329,-0.0058713555
2020-12-01,MSFT,-0.0067192316,0.011484265,-0.0057664514
2020-12-01,NKE,-0.0088351369,0.011761427,-0.0065764785
2020-12-01,VZ,-0.0063803196,0.0094606876,-0.0051631927
2020-12-01,WMT,-0.0052485466,0.0082762241,-0.0047539473
2020-12-02,AAPL,-0.0078294277,0.013631701,-0.011888742
2020-12-02,AMGN,-0.010193944,0.012840867,-0.0068384409
2020-12-02,CRM,-0.020534873,0.018306375,-0.0071852207
2020-12-02,CSCO,-0.0042836666,0.007119894,-0.0098477602
2020-12-02,IBM,-0.00040364265,0.0059318542,-0.0077678561
2020-12-02,INTC,-0.002378881,0.0083992481,-0.00977391
2020-12-02,MSFT,-0.0063694715,0.0095196962,-0.0081837773
2020-12-02,NKE,-0.005087018,0.010026932,-0.0091620088
2020-12-02,VZ,-0.0018107891,0.0068196058,-0.0095381141
2020-12-02,WMT,0.0021625757,0.0043011904,-0.0090224147
2020-12-03,AAPL,-0.0051703453,0.014177442,-0.010575056
2020-12-03,AMGN,-0.007138133,0.013783216,-0.0055761337
2020-12-03,CRM,-0.005639255,0.012548923,-0.010912657
2020-12-03,CSCO,-0.0039072633,0.0083159208,-0.0094530582
2020-12-03,IBM,0.00058186054,0.0061969757,-0.00651443
2020-12-03,INTC,0.0017940998,0.0090045929,-0.0090067983
2020-12-03,MSFT,-0.0039457083,0.0092164278,-0.0082663894
2020-12-03,NKE,-0.0067323446,0.012266278,-0.0071026683
2020-12-03,VZ,-0.0016058683,0.0086228848,-0.0082591176
2020-12-03,WMT,-0.0044436455,0.007781744,-0.006103754
2020-12-04,AAPL,-0.0093718171,0.015724301,-0.0099924207
2020-12-04,AMGN,-0.0085973144,0.012266636,-0.0058679581
2020-12-04,CRM,-0.0071786642,0.014246583,-0.010855675
2020-12-04,CSCO,-0.0061249137,0.0074323416,-0.0096011162
2020-12-04,IBM,-0.0021047592,0.0065783262,-0.0062283874
2020-12-04,INTC,-0.00021702051,0.010277152,-0.0086895227
2020-12-04,MSFT,-0.0035498142,0.010878325,-0.007758677
2020-12-04,NKE,-0.0079388618,0.01193428,-0.0070317984
2020-12-04,VZ,-0.0038401484,0.0090401173,-0.007638514
2020-12-04,WMT,-0.0029435754,0.0067850351,-0.0068373084
2020-12-07,AAPL,-0.0026957989,0.014229059,-0.010852277
2020-12-07,AMGN,-0.0048090219,0.011913419,-0.0063555837
2020-12-07,CRM,-0.0021650195,0.010844707,-0.010960042
2020-12-07,CSCO,-0.0010117292,0.0060116053,-0.0093867779
2020-12-07,IBM,-0.00016874075,0.0067088604,-0.0057882667
2020-12-07,INTC,0.0012489557,0.0083954334,-0.0084626675
2020-12-07,MSFT,-0.0034348369,0.0092294216,-0.0079253316
2020-12-07,NKE,-0.0073825717,0.012605786,-0.0055449605
2020-12-07,VZ,-0.0045861602,0.0093188286,-0.0079213977
2020-12-07,WMT,-0.0061298609,0.0086505413,-0.0057024956
2020-12-08,AAPL,-0.005279243,0.014735937,-0.010225296
2020-12-08,AMGN,-0.0093403459,0.013271928,-0.0055285096
2020-12-08,CRM,-0.0040543079,0.010419726,-0.010552287
2020-12-08,CSCO,-0.0036486387,0.0069043636,-0.0082303286
2020-12-08,IBM,-0.00025302172,0.0064710379,-0.0055977702
2020-12-08,INTC,-0.0013786554,0.0091079473,-0.0072580576
2020-12-08,MSFT,-0.0036486387,0.0091186762,-0.0068665147
2020-12-08,NKE,-0.0047240853,0.011291385,-0.0072630644
2020-12-08,VZ,-0.0038360953,0.0083159208,-0.0069332719
2020-12-08,WMT,-0.0052762032,0.0077706575,-0.0054830909
2020-12-09,AAPL,-0.0091224313,0.014908433,-0.013856709
2020-12-09,AMGN,-0.0068364143,0.010304928,-0.0080856085
2020-12-09,CRM,-0.016417623,0.014959574,-0.010406733
2020-12-09,CSCO,-0.0096662641,0.0060460567,-0.010989726
2020-12-09,IBM,-0.0030534863,0.006049037,-0.0074912906
2020-12-09,INTC,-0.0027880669,0.0089464188,-0.010183275
2020-12-09,MSFT,-0.0072149038,0.008912921,-0.0084208846
2020-12-09,NKE,-0.0077131391,0.010689616,-0.0084812045
2020-12-09,VZ,-0.0047802925,0.0089464188,-0.0090016127
2020-12-09,WMT,-0.0058746338,0.0077257156,-0.0066077113
2020-12-10,AAPL,-0.0048317313,0.015511394,-0.011085272
2020-12-10,AMGN,-0.0064316392,0.013667464,-0.0060950518
2020-12-10,CRM,-0.0041767955,0.012356997,-0.011407614
2020-12-10,CSCO,-0.0010564923,0.0070961714,-0.0079723597
2020-12-10,IBM,-1.6450882e-05,0.0068584681,-0.0051541328
2020-12-10,INTC,-1.8239021e-05,0.0099787712,-0.0073515177
2020-12-10,MSFT,-0.0013852715,0.0090192556,-0.0080122948
2020-12-10,NKE,-0.0077295303,0.013038754,-0.0059053898
2020-12-10,VZ,-0.0040367246,0.0096446276,-0.0077065825
2020-12-10,WMT,-0.0050832033,0.0079354048,-0.0054641962
2020-12-11,AAPL,-0.0064581037,0.014057994,-0.010490298
2020-12-11,AMGN,-0.0085929036,0.011746526,-0.0066525936
2020-12-11,CRM,-0.0078426003,0.011700034,-0.010951519
2020-12-11,CSCO,-0.0047789812,0.0061044693,-0.010041595
2020-12-11,IBM,-0.002186656,0.0062986612,-0.0059427619
2020-12-11,INTC,-0.0012392998,0.0078953505,-0.0085100532
2020-12-11,MSFT,-0.0037622452,0.0090630054,-0.0080524087
2020-12-11,NKE,-0.0064844489,0.010748029,-0.0068238378
2020-12-11,VZ,-0.0046566725,0.008746624,-0.0070618987
2020-12-11,WMT,-0.0073807836,0.0084373951,-0.0049503446
2020-12-14,AAPL,-0.0069784522,0.014000773,-0.012684107
2020-12-14,AMGN,-0.0070463419,0.011590362,-0.0084692836
2020-12-14,CRM,-0.012328386,0.012888312,-0.011802852
2020-12-14,CSCO,-0.0033280849,0.0057462454,-0.0093847513
2020-12-14,IBM,-0.0018206835,0.0053604841,-0.0070053935
2020-12-14,INTC,-0.0019689798,0.0083969831,-0.008697629
2020-12-14,MSFT,-0.0038858056,0.008711338,-0.0091126561
2020-12-14,NKE,-0.005099535,0.011064053,-0.0080731511
2020-12-14,VZ,-0.0044767261,0.0082314014,-0.008815527
2020-12-14,WMT,-0.0048217177,0.0073130131,-0.0066844225
2020-12-15,AAPL,-0.0057854652,0.014779329,-0.010972977
2020-12-15,AMGN,-0.0056378245,0.012625337,-0.0074673295
2020-12-15,CRM,-0.0078577399,0.012170076,-0.0090182424
2020-12-15,CSCO,-0.0023373365,0.0061870813,-0.0092961788
2020-12-15,IBM,-0.00057935715,0.0055019855,-0.0058866739
2020-12-15,INTC,-0.00091326237,0.0081863403,-0.0077693462
2020-12-15,MSFT,-0.0032166839,0.0082523823,-0.0080319047
2020-12-15,NKE,-0.0065140128,0.011512399,-0.006853044
2020-12-15,VZ,-0.0021955967,0.0081224442,-0.0082427263
2020-12-15,WMT,-0.0030822158,0.0071052313,-0.0058755279
2020-12-16,AAPL,-0.0077291131,0.015520334,-0.012398243
2020-12-16,AMGN,-0.0078328848,0.013074756,-0.0077530742
2020-12-16,CRM,-0.01338923,0.013978124,-0.010045409
2020-12-16,CSCO,-0.0057495832,0.0065053701,-0.0092839599
2020-12-16,IBM,-0.0025365353,0.0063456297,-0.0054448247
2020-12-16,INTC,-0.0021048188,0.0087304115,-0.0081849694
2020-12-16,MSFT,-0.0038244128,0.0089449883,-0.0083698034
2020-12-16,NKE,-0.0079128146,0.011860251,-0.0077595711
2020-12-16,VZ,-0.0048810244,0.0087053776,-0.0081089139
2020-12-16,WMT,-0.0050143003,0.0076771975,-0.0059548616
2020-12-17,AAPL,-0.0069035292,0.016776323,-0.010670185
2020-12-17,AMGN,-0.0064454675,0.013138056,-0.0088506341
2020-12-17,CRM,-0.0083363056,0.0135746,-0.010737777
2020-12-17,CSCO,-0.0036370158,0.0064421892,-0.0095717907
2020-12-17,IBM,-0.00092750788,0.0068279505,-0.0056867003
2020-12-17,INTC,0.0010631084,0.0085480213,-0.0082307458
2020-12-17,MSFT,-0.0015468597,0.0088086128,-0.008502841
2020-12-17,NKE,-0.0083021522,0.012049079,-0.0068841577
2020-12-17,VZ,-0.0047895908,0.0088787079,-0.0074636936
2020-12-17,WMT,-0.0056223869,0.0077302456,-0.0053287148
2020-12-18,AAPL,-0.004658699,0.013617039,-0.014029086
2020-12-18,AMGN,-0.0050810575,0.011842489,-0.010593116
2020-12-18,CRM,-0.0077467561,0.01351428,-0.012725592
2020-12-18,CSCO,-0.0057215095,0.0065839291,-0.0099597573
2020-12-18,IBM,-0.0027801394,0.0065248013,-0.0060516596
2020-12-18,INTC,-2.348423e-05,0.0078808069,-0.0099625587
2020-12-18,MSFT,-0.0034386516,0.0089484453,-0.0095056295
2020-12-18,NKE,-0.0066145658,0.011040568,-0.0083662868
2020-12-18,VZ,-0.005840838,0.0089771748,-0.0086396337
2020-12-18,WMT,-0.0078064203,0.0090960264,-0.0054737926
2020-12-21,AAPL,-0.0080613494,0.017933846,-0.0098164082
2020-12-21,AMGN,-0.005173564,0.013132095,-0.008518219
2020-12-21,CRM,-0.0082532167,0.014986992,-0.010323703
2020-12-21,CSCO,-0.0074688792,0.008813858,-0.0083735585
2020-12-21,IBM,-0.0028954744,0.0074287653,-0.0062678456
2020-12-21,INTC,-0.0036451221,0.010437965,-0.0080880523
2020-12-21,MSFT,-0.003549695,0.0097715855,-0.0085768104
2020-12-21,NKE,-0.0075573325,0.012327075,-0.0067811012
2020-12-21,VZ,-0.0031103492,0.0096844435,-0.0084916353
2020-12-21,WMT,-0.0044685602,0.0073851347,-0.0060507059
2020-12-22,AAPL,-0.0039185286,0.014344454,-0.012635946
2020-12-22,AMGN,-0.0098497272,0.014050484,-0.0073325634
2020-12-22,CRM,-0.013785362,0.015162945,-0.010983884
2020-12-22,CSCO,-0.0058312416,0.0071904659,-0.0099409819
2020-12-22,IBM,-0.0019061565,0.0068507195,-0.0063666105
2020-12-22,INTC,-0.0035300851,0.008498311,-0.009185493
2020-12-22,MSFT,-0.0044397712,0.0098513365,-0.0088303685
2020-12-22,NKE,-0.0077573657,0.011229753,-0.0083742738
2020-12-22,VZ,-0.0062112212,0.0097587109,-0.0089141726
2020-12-22,WMT,-0.0048870444,0.0079791546,-0.0061625838
2020-12-23,AAPL,-0.006439507,0.016621947,-0.008707583
2020-12-23,AMGN,-0.004298389,0.011227012,-0.0077415109
2020-12-23,CRM,-0.0080249906,0.014878392,-0.011906385
2020-12-23,CSCO,-0.0045982003,0.0082617998,-0.0078759193
2020-12-23,IBM,-0.002764225,0.0064477921,-0.006017983
2020-12-23,INTC,-0.0027993917,0.0094251633,-0.007922709
2020-12-23,MSFT,-0.0029271245,0.0096343756,-0.0066071749
2020-12-23,NKE,-0.0088202357,0.013057113,-0.0079866052
2020-12-23,VZ,-0.0035908818,0.0097179413,-0.0076893568
2020-12-23,WMT,-0.0056482553,0.0085545778,-0.0051976442
2020-12-24,AAPL,-0.0038519502,0.013713837,-0.013858199
2020-12-24,AMGN,-0.0057095289,0.012267232,-0.0090640187
2020-12-24,CRM,-0.016028821,0.01725769,-0.013838112
2020-12-24,CSCO,-0.0076345205,0.0068949461,-0.010815442
2020-12-24,IBM,-0.0023085475,0.0059512854,-0.0077143312
2020-12-24,INTC,-0.0051493645,0.009834528,-0.009504199
2020-12-24,MSFT,-0.004909873,0.0088248253,-0.008084476
2020-12-24,NKE,-0.0083380342,0.013171792,-0.0097029209
2020-12-24,VZ,-0.005330205,0.0083098412,-0.0093551874
2020-12-24,WMT,-0.0027552247,0.006806612,-0.0078418255
2020-12-28,AAPL,-0.0081781745,0.017853498,-0.01108712
2020-12-28,AMGN,-0.0049905777,0.012908697,-0.0081316233
2020-12-28,CRM,-0.015275359,0.019295335,-0.012110412
2020-12-28,CSCO,-0.0056530833,0.011296153,-0.0088508725
2020-12-28,IBM,-0.0025673509,0.008736968,-0.0067139864
2020-12-28,INTC,-0.0033732653,0.012202621,-0.0070841908
2020-12-28,MSFT,-0.0037658215,0.011946797,-0.0063894987
2020-12-28,NKE,-0.0084447265,0.014871597,-0.0078448653
2020-12-28,VZ,-0.0018962026,0.009377718,-0.0080379248
2020-12-28,WMT,-0.0051292777,0.0082648993,-0.0061715841
2020-12-29,AAPL,-0.008871913,0.014348984,-0.017212212
2020-12-29,AMGN,-0.0058420897,0.013860941,-0.0099813938
2020-12-29,CRM,-0.02077812,0.023097277,-0.016459882
2020-12-29,CSCO,-0.011264205,0.012642503,-0.011921167
2020-12-29,IBM,-0.0025712848,0.0073689222,-0.0088322759
2020-12-29,INTC,-0.0029180646,0.010833502,-0.011446893
2020-12-29,MSFT,-0.0050771832,0.011484265,-0.01190412
2020-12-29,NKE,-0.0098124743,0.012548327,-0.012468755
2020-12-29,VZ,-0.0038427711,0.0082578659,-0.012275934
2020-12-29,WMT,-0.0027983785,0.00697124,-0.0091120005
2020-12-30,AAPL,-0.011442661,0.019565225,-0.0093370676
2020-12-30,AMGN,-0.0089913011,0.018021226,-0.0056260228
2020-12-30,CRM,-0.0088186264,0.022449255,-0.011717141
2020-12-30,CSCO,-0.0093058944,0.017780304,-0.0078434944
2020-12-30,IBM,-0.00572294,0.012360096,-0.0059067607
2020-12-30,INTC,-0.007209301,0.017533183,-0.0070100427
2020-12-30,MSFT,-0.0067324042,0.015962958,-0.0071954131
2020-12-30,NKE,-0.013064861,0.017953634,-0.006967783
2020-12-30,VZ,-0.0090174079,0.014535308,-0.0062857866
2020-12-30,WMT,-0.0069022179,0.013303995,-0.0053191185
2020-12-31,AAPL,-0.004325211,0.011977434,-0.0063660145
2020-12-31,AMGN,-0.005915463,0.0099586248,-0.0053998828
2020-12-31,CRM,-0.0053207278,0.012705088,-0.0081589222
2020-12-31,CSCO,-0.0052137375,0.0084342957,-0.0069021583
2020-12-31,IBM,-0.0027399659,0.0074419975,-0.0045647621
2020-12-31,INTC,-0.0033666492,0.0088480711,-0.0064531565
2020-12-31,MSFT,-0.0054033995,0.0085222721,-0.0057938099
2020-12-31,NKE,-0.0054557323,0.011205196,-0.0054377913
2020-12-31,VZ,-0.0034649968,0.0072749853,-0.0061370134
2020-12-31,WMT,-0.003700614,0.0069044828,-0.004645288
2021-01-04,AAPL,-0.0080129504,0.012359858,-0.0089598298
2021-01-04,AMGN,-0.0098544955,0.010451317,-0.0046331882
2021-01-04,CRM,-0.011990428,0.011293292,-0.0059053898
2021-01-04,CSCO,-0.003229022,0.00699687,-0.0086886883
2021-01-04,IBM,-0.003860116,0.0064162016,-0.0055086017
2021-01-04,INTC,-0.0027593374,0.0072283745,-0.0074770451
2021-01-04,MSFT,-0.0068631768,0.0080088377,-0.0074276924
2021-01-04,NKE,-0.0060834885,0.0099595785,-0.0079578161
2021-01-04,VZ,-0.0019794703,0.0064977407,-0.0079035759
2021-01-04,WMT,-0.0035284758,0.0058336258,-0.0059632659
2021-01-05,AAPL,-0.0081826448,0.014482737,-0.0085221529
2021-01-05,AMGN,-0.0050503612,0.009829998,-0.0064190626
2021-01-05,CRM,-0.0071913004,0.010653734,-0.0067828298
2021-01-05,CSCO,-0.0024091601,0.0068523884,-0.0081359744
2021-01-05,IBM,-0.00073748827,0.005567193,-0.0057626367
2021-01-05,INTC,0.00067996979,0.0081355572,-0.0071187019
2021-01-05,MSFT,-0.0038350224,0.007799387,-0.0069582462
2021-01-05,NKE,-0.0073811412,0.011162877,-0.0049979687
2021-01-05,VZ,0.0020816326,0.0066350698,-0.0078059435
2021-01-05,WMT,-0.0016943812,0.005759716,-0.006044507
2021-01-06,AAPL,-0.0067173243,0.013243914,-0.0087226629
2021-01-06,AMGN,-0.0063591599,0.0096418858,-0.0055217147
2021-01-06,CRM,-0.0033147931,0.0088928938,-0.0094344616
2021-01-06,CSCO,-0.0034501553,0.0060474873,-0.0085144639
2021-01-06,IBM,-0.0020798445,0.005531311,-0.0051306486
2021-01-06,INTC,-0.00062167645,0.0080494881,-0.0061469078
2021-01-06,MSFT,-0.0038086176,0.0084878206,-0.0071325898
2021-01-06,NKE,-0.0061490536,0.011322975,-0.0052794218
2021-01-06,VZ,-0.0017447472,0.0073643923,-0.0067418218
2021-01-06,WMT,-0.0031453371,0.0068962574,-0.0054425001
2021-01-07,AAPL,-0.0072102547,0.015093684,-0.010911584
2021-01-07,AMGN,-0.009362042,0.011460185,-0.0053582788
2021-01-07,CRM,-0.0082184076,0.01067245,-0.0094940662
2021-01-07,CSCO,-0.0029165745,0.0050635338,-0.0096068382
2021-01-07,IBM,-0.0019083023,0.0060750246,-0.0052271485
2021-01-07,INTC,-0.00083899498,0.0076037645,-0.0069532394
2021-01-07,MSFT,-0.004815042,0.0080077648,-0.0072102547
2021-01-07,NKE,-0.0067563653,0.011162996,-0.0063262582
2021-01-07,VZ,-0.0022861362,0.0075941086,-0.0080446005
2021-01-07,WMT,-0.0043136477,0.0072010756,-0.0056788325
2021-01-08,AAPL,-0.0063239336,0.0143255,-0.011241257
2021-01-08,AMGN,-0.0077569485,0.01178515,-0.0071524978
2021-01-08,CRM,-0.0049012303,0.0099047422,-0.010099828
2021-01-08,CSCO,-0.0039809346,0.0062675476,-0.0095108151
2021-01-08,IBM,-0.0024776459,0.0070326328,-0.0052443743
2021-01-08,INTC,-0.00093966722,0.0079734325,-0.0076251626
2021-01-08,MSFT,-0.0055293441,0.0086128712,-0.0074950457
2021-01-08,NKE,-0.0064022541,0.010659814,-0.0068870187
2021-01-08,VZ,-0.0047394037,0.0080543756,-0.0071792603
2021-01-08,WMT,-0.0079459548,0.0086495876,-0.0047830343
2021-01-11,AAPL,-0.0074027777,0.014996886,-0.01352185
2021-01-11,AMGN,-0.006609261,0.010287762,-0.008520782
2021-01-11,CRM,-0.0081654191,0.009945631,-0.011578739
2021-01-11,CSCO,-0.0068409443,0.0054985285,-0.010956585
2021-01-11,IBM,-0.0036436319,0.005772233,-0.0063061118
2021-01-11,INTC,-0.0020020604,0.0084893703,-0.0098389983
2021-01-11,MSFT,-0.0055217743,0.0083144903,-0.0087557435
2021-01-11,NKE,-0.0065842867,0.010436296,-0.0086969733
2021-01-11,VZ,-0.0056036115,0.0090054274,-0.0083135366
2021-01-11,WMT,-0.0079700947,0.0084263086,-0.0061353445
2021-01-12,AAPL,-0.0051706433,0.014661193,-0.011621594
2021-01-12,AMGN,-0.0073429942,0.012129307,-0.0066323876
2021-01-12,CRM,-0.0070132017,0.01129663,-0.010587335
2021-01-12,CSCO,-0.0026874542,0.005556345,-0.0091964006
2021-01-12,IBM,-0.00012075901,0.0064762831,-0.005918622
2021-01-12,INTC,0.00054883957,0.008492589,-0.0088474751
2021-01-12,MSFT,-0.0037549138,0.0076358318,-0.0086411238
2021-01-12,NKE,-0.0074273348,0.012450814,-0.0056344867
2021-01-12,VZ,-0.0052310824,0.0095448494,-0.0083522797
2021-01-12,WMT,-0.0049525499,0.0076953173,-0.0057772994
2021-01-13,AAPL,-0.0017653108,0.012790084,-0.0097303987
2021-01-13,AMGN,-0.0047386885,0.010713339,-0.006065011
2021-01-13,CRM,-0.00059747696,0.009298563,-0.011031449
2021-01-13,CSCO,-0.0021955371,0.0056830645,-0.0086606145
2021-01-13,IBM,-0.0025142431,0.0067819357,-0.0052403212
2021-01-13,INTC,0.0017879009,0.0083988905,-0.0082476735
2021-01-13,MSFT,-0.002548933,0.00829494,-0.0075795054
2021-01-13,NKE,-0.0074825883,0.011891723,-0.0059880614
2021-01-13,VZ,-0.0054126978,0.0094280243,-0.0067164898
2021-01-13,WMT,-0.0091958642,0.0098263025,-0.0045804977
2021-01-14,AAPL,-0.0071139932,0.014765859,-0.01138401
2021-01-14,AMGN,-0.0061192513,0.011087537,-0.0075048208
2021-01-14,CRM,-0.014575183,0.013949394,-0.010505319
2021-01-14,CSCO,-0.0075471997,0.0069954395,-0.010058343
2021-01-14,IBM,-0.0020219088,0.0062228441,-0.0070461631
2021-01-14,INTC,-0.0031744838,0.0080683231,-0.0091542006
2021-01-14,MSFT,-0.007148385,0.0087803602,-0.0081715584
2021-01-14,NKE,-0.0082083344,0.010961771,-0.0080672503
2021-01-14,VZ,-0.0022644401,0.0084096193,-0.0092723966
2021-01-14,WMT,-0.0029832721,0.0061011314,-0.0072988868
2021-01-15,AAPL,-0.0043461323,0.013587236,-0.010541737
2021-01-15,AMGN,-0.0044554472,0.010926485,-0.0066924095
2021-01-15,CRM,-0.0090668201,0.011961818,-0.0097661018
2021-01-15,CSCO,-0.0012726784,0.0067206621,-0.0091093183
2021-01-15,IBM,-0.00052881241,0.0057410002,-0.005589962
2021-01-15,INTC,0.001093626,0.0073078871,-0.00856179
2021-01-15,MSFT,-0.0032028556,0.0073486567,-0.0080683827
2021-01-15,NKE,-0.0069268942,0.011490345,-0.0057141781
2021-01-15,VZ,-0.0022572279,0.0085642338,-0.0079119802
2021-01-15,WMT,-0.0041509867,0.0073263645,-0.0059125423
2021-01-19,AAPL,-0.0079172254,0.014925003,-0.0097523332
2021-01-19,AMGN,-0.0079420805,0.011263371,-0.0056968927
2021-01-19,CRM,-0.0089936852,0.013106346,-0.0096989274
2021-01-19,CSCO,-0.003179431,0.0063478947,-0.0092020631
2021-01-19,IBM,-0.00027483702,0.0062707663,-0.0058524013
2021-01-19,INTC,-0.0005491972,0.007899642,-0.0073751807
2021-01-19,MSFT,-0.0034250021,0.0081889629,-0.007404387
2021-01-19,NKE,-0.00606215,0.011497021,-0.0063508749
2021-01-19,VZ,-0.0017895103,0.0080360174,-0.0078173876
2021-01-19,WMT,-0.0018820167,0.0058826208,-0.006280601
2021-01-20,AAPL,-0.0062645674,0.014490962,-0.011904836
2021-01-20,AMGN,-0.0062371492,0.0096737146,-0.006960988
2021-01-20,CRM,-0.0092432499,0.012356997,-0.010712922
2021-01-20,CSCO,-0.0046958327,0.0050793886,-0.0097033978
2021-01-20,IBM,-0.0031203032,0.0061759949,-0.0056647062
2021-01-20,INTC,0.00040066242,0.0071786642,-0.0087998509
2021-01-20,MSFT,-0.0040960312,0.0076599121,-0.0073352456
2021-01-20,NKE,-0.0067285895,0.010718822,-0.0068842173
2021-01-20,VZ,-0.0036672354,0.008033514,-0.0081445575
2021-01-20,WMT,-0.0065422654,0.0082347393,-0.0050569177
2021-01-21,AAPL,-0.004324019,0.014171004,-0.0095764399
2021-01-21,AMGN,-0.0051971078,0.010786295,-0.006534934
2021-01-21,CRM,-0.0019353032,0.0091005564,-0.010091364
2021-01-21,CSCO,-0.000657022,0.0051187277,-0.0082229376
2021-01-21,IBM,-0.00021737814,0.0062543154,-0.0054388046
2021-01-21,INTC,0.0017032623,0.0072500706,-0.0082911253
2021-01-21,MSFT,-0.0025415421,0.0070261955,-0.0079504848
2021-01-21,NKE,-0.0054727793,0.011515975,-0.0053223372
2021-01-21,VZ,-0.00374192,0.0086928606,-0.0073395371
2021-01-21,WMT,-0.0063510537,0.0082366467,-0.0046344399
2021-01-22,AAPL,-0.0063555837,0.012930036,-0.010073185
2021-01-22,AMGN,-0.0068324208,0.010584354,-0.0070379972
2021-01-22,CRM,-0.0043101907,0.0096375942,-0.0095413327
2021-01-22,CSCO,-0.0042824745,0.0048327446,-0.0092653036
2021-01-22,IBM,-0.0025712252,0.0056796074,-0.005854547
2021-01-22,INTC,-0.0022322536,0.0067257881,-0.007648766
2021-01-22,MSFT,-0.0055418015,0.0076098442,-0.0074097514
2021-01-22,NKE,-0.0055578947,0.0097984076,-0.0067703128
2021-01-22,VZ,-0.003192246,0.0074532032,-0.0074011683
2021-01-22,WMT,-0.005641222,0.0071239471,-0.0056422353
2021-01-25,AAPL,-0.0064886808,0.014995098,-0.010289431
2021-01-25,AMGN,-0.0063612461,0.0102669,-0.0070958138
2021-01-25,CRM,-0.010619104,0.011455297,-0.0078289509
2021-01-25,CSCO,-0.0043455958,0.0061110258,-0.0090640187
2021-01-25,IBM,-0.0022311211,0.0062030554,-0.0054702759
2021-01-25,INTC,-0.0025835037,0.0076057911,-0.007813096
2021-01-25,MSFT,-0.0055704117,0.0083284378,-0.00798738
2021-01-25,NKE,-0.0065396428,0.010985017,-0.0061144829
2021-01-25,VZ,-0.0023815036,0.0077968836,-0.0085425377
2021-01-25,WMT,-0.0058308244,0.0075463057,-0.0056881309
2021-01-26,AAPL,-0.0042421818,0.01352489,-0.010877728
2021-01-26,AMGN,-0.006588459,0.011795282,-0.0060057044
2021-01-26,CRM,-0.007219553,0.010066032,-0.009998858
2021-01-26,CSCO,-0.00093752146,0.0056023598,-0.0089939237
2021-01-26,IBM,0.00014853477,0.0061808825,-0.0057381988
2021-01-26,INTC,0.0004991293,0.0076562166,-0.0078572631
2021-01-26,MSFT,-0.0037619472,0.0082839727,-0.006965816
2021-01-26,NKE,-0.0063295364,0.012048006,-0.0063148141
2021-01-26,VZ,-0.000882864,0.0075010061,-0.0076775551
2021-01-26,WMT,-0.0044683814,0.0073907375,-0.0051025152
2021-01-27,AAPL,-0.0045933723,0.014176607,-0.011556745
2021-01-27,AMGN,-0.0052383542,0.010508657,-0.0079069734
2021-01-27,CRM,-0.0094083548,0.012158632,-0.010157406
2021-01-27,CSCO,-0.0059373975,0.0062168837,-0.01026386
2021-01-27,IBM,-0.0020304322,0.0057419538,-0.0064101815
2021-01-27,INTC,-0.0036357045,0.0085266829,-0.0085505247
2021-01-27,MSFT,-0.0050659776,0.0088962317,-0.0078995824
2021-01-27,NKE,-0.0071877837,0.011792779,-0.0078639388
2021-01-27,VZ,-0.0027909279,0.0076724291,-0.0085823536
2021-01-27,WMT,-0.0049505234,0.0075662136,-0.0058088303
2021-01-28,AAPL,-0.0084841251,0.016345501,-0.0080984831
2021-01-28,AMGN,-0.0080391169,0.014489651,-0.0064601898
2021-01-28,CRM,-0.016102493,0.017083764,-0.0085893273
2021-01-28,CSCO,-0.0062946081,0.0091195107,-0.008202672
2021-01-28,IBM,-0.0034884214,0.0074945688,-0.0062927604
2021-01-28,INTC,-0.0049145222,0.010870457,-0.0062526464
2021-01-28,MSFT,-0.005753696,0.010126591,-0.0065119863
2021-01-28,NKE,-0.010753274,0.01436007,-0.0057199597
2021-01-28,VZ,-0.0017435551,0.0080894232,-0.0076258779
2021-01-28,WMT,-0.0040067434,0.0072023869,-0.0055966973
2021-01-29,AAPL,-0.0073285699,0.013899446,-0.013367414
2021-01-29,AMGN,-0.0065236688,0.013656616,-0.0084059238
2021-01-29,CRM,-0.014677823,0.017780304,-0.014783263
2021-01-29,CSCO,-0.0076599121,0.010308266,-0.010595441
2021-01-29,IBM,-0.0020554066,0.0071514845,-0.0077194571
2021-01-29,INTC,-0.0019959211,0.0096774101,-0.010068655
2021-01-29,MSFT,-0.0030453205,0.011175156,-0.010407031
2021-01-29,NKE,-0.0093317032,0.011575818,-0.0095931292
2021-01-29,VZ,-0.0049180984,0.0077719688,-0.0095065236
2021-01-29,WMT,-0.005700171,0.0082447529,-0.0062465668
2021-02-01,AAPL,-0.008428216,0.015995026,-0.0095967054
2021-02-01,AMGN,-0.0067272186,0.014109492,-0.0069214106
2021-02-01,CRM,-0.00706774,0.017755747,-0.012086391
2021-02-01,CSCO,-0.0072286725,0.013884187,-0.0088762045
2021-02-01,IBM,-0.0039545894,0.0099122524,-0.0065430403
2021-02-01,INTC,-0.0054149032,0.013902426,-0.0083705783
2021-02-01,MSFT,-0.0047239065,0.012563944,-0.008920908
2021-02-01,NKE,-0.0087106824,0.014474511,-0.0076695085
2021-02-01,VZ,-0.0077449679,0.012226224,-0.0062957406
2021-02-01,WMT,-0.0062128305,0.011270761,-0.005166471
2021-02-02,AAPL,-0.0047134757,0.012438416,-0.00965029
2021-02-02,AMGN,-0.004830718,0.0097931623,-0.0093859434
2021-02-02,CRM,-0.0060544014,0.013387084,-0.0098719001
2021-02-02,CSCO,-0.0021755099,0.007401824,-0.0096796751
2021-02-02,IBM,-0.0033329129,0.0066661835,-0.0054225922
2021-02-02,INTC,-0.0022860169,0.0095075369,-0.0088108778
2021-02-02,MSFT,-0.0038613677,0.0083850622,-0.007273674
2021-02-02,NKE,-0.0058835745,0.010136008,-0.0078229904
2021-02-02,VZ,-0.0043200254,0.0083949566,-0.0060644746
2021-02-02,WMT,-0.0032628179,0.0079755783,-0.00566715
2021-02-03,AAPL,-0.0070608854,0.014608741,-0.011832893
2021-02-03,AMGN,-0.011560142,0.012961388,-0.0072980523
2021-02-03,CRM,-0.010553837,0.010416389,-0.0091038346
2021-02-03,CSCO,-0.0040394664,0.0078681707,-0.009572506
2021-02-03,IBM,-0.0034735203,0.0069566965,-0.0066839457
2021-02-03,INTC,-0.0014436245,0.0092408657,-0.010235071
2021-02-03,MSFT,-0.0048536062,0.0087798834,-0.01022017
2021-02-03,NKE,-0.0063557625,0.010579824,-0.0084589124
2021-02-03,VZ,-0.0069004297,0.0091370344,-0.0081754923
2021-02-03,WMT,-0.0061637163,0.0086116791,-0.0064307451
2021-02-04,AAPL,0.0016345978,0.011444688,-0.010331869
2021-02-04,AMGN,-0.0063599944,0.01202929,-0.0076360106
2021-02-04,CRM,0.0032662153,0.0074902773,-0.0094720721
2021-02-04,CSCO,0.0018550158,0.0060093403,-0.0098606348
2021-02-04,IBM,0.00091075897,0.0066233873,-0.0052258968
2021-02-04,INTC,0.0069544315,0.0086292028,-0.0099018812
2021-02-04,MSFT,0.0023106337,0.0066456795,-0.0099546313
2021-02-04,NKE,-0.0055388212,0.011572123,-0.005553484
2021-02-04,VZ,-0.0040379763,0.0084364414,-0.0070604086
2021-02-04,WMT,-0.0091824532,0.011087298,-0.004101336
2021-02-05,AAPL,-0.0053917766,0.013155937,-0.0095434785
2021-02-05,AMGN,-0.0040726066,0.0090097189,-0.0086696744
2021-02-05,CRM,-0.003059566,0.010409951,-0.010547996
2021-02-05,CSCO,-0.0049495101,0.005802989,-0.0086707473
2021-02-05,IBM,9.0003014e-05,0.0058523417,-0.0068252087
2021-02-05,INTC,-0.0013704896,0.0082836151,-0.0084607005
2021-02-05,MSFT,-0.0033633113,0.0083658695,-0.0093125701
2021-02-05,NKE,-0.0050489306,0.011069894,-0.0060126781
2021-02-05,VZ,-0.0017935038,0.0085031986,-0.0080962777
2021-02-05,WMT,-0.0046733618,0.0078829527,-0.0062819123
2021-02-08,AAPL,-0.0030785799,0.012061954,-0.012425065
2021-02-08,AMGN,-0.0069764256,0.01087153,-0.0077943206
2021-02-08,CRM,-0.010171592,0.010213614,-0.0088452101
2021-02-08,CSCO,-0.0033025146,0.0055485964,-0.010145545
2021-02-08,IBM,-0.0016724467,0.0065131187,-0.0068526268
2021-02-08,INTC,-0.0003336668,0.0080810785,-0.0096262097
2021-02-08,MSFT,-0.0041381121,0.0076901913,-0.0090063214
2021-02-08,NKE,-0.006911695,0.011323929,-0.0066638589
2021-02-08,VZ,-0.0031484365,0.0085122585,-0.0090385675
2021-02-08,WMT,-0.0043289065,0.0076115131,-0.0069245696
2021-02-09,AAPL,-0.0049902201,0.013472557,-0.01102066
2021-02-09,AMGN,-0.005985558,0.011853576,-0.0068641305
2021-02-09,CRM,-0.0012984276,0.0084552765,-0.010848403
2021-02-09,CSCO,0.0012308359,0.0058919191,-0.0094879866
2021-02-09,IBM,0.00058841705,0.0063230991,-0.0067076683
2021-02-09,INTC,0.0010976791,0.0083763599,-0.0081971884
2021-02-09,MSFT,-0.00095921755,0.0072193146,-0.0080167651
2021-02-09,NKE,-0.0038152933,0.010504365,-0.0055178404
2021-02-09,VZ,-0.0036442876,0.0086874962,-0.0071169734
2021-02-09,WMT,-0.0028560758,0.0072199106,-0.0059635043
2021-02-10,AAPL,-0.0050225854,0.013158798,-0.012994111
2021-02-10,AMGN,-0.0061605573,0.0098655224,-0.0087921023
2021-02-10,CRM,-0.0070317984,0.010339499,-0.010712504
2021-02-10,CSCO,-0.0047383308,0.0053650141,-0.010577559
2021-02-10,IBM,-0.0012470484,0.0062599182,-0.0063195229
2021-02-10,INTC,-0.00087887049,0.0080823898,-0.009565413
2021-02-10,MSFT,-0.0043243766,0.0084401369,-0.0091016889
2021-02-10,NKE,-0.0058442354,0.010511637,-0.0075569749
2021-02-10,VZ,-0.0060798526,0.0092350245,-0.0073734522
2021-02-10,WMT,-0.0068565011,0.0086848736,-0.0055055618
2021-02-11,AAPL,-0.0037549734,0.013726592,-0.011634409
2021-02-11,AMGN,-0.0065856576,0.012409091,-0.0081258416
2021-02-11,CRM,-0.0067643523,0.010171175,-0.010086656
2021-02-11,CSCO,0.00088429451,0.0057091713,-0.010845304
2021-02-11,IBM,-0.00015330315,0.0059584379,-0.0056372285
2021-02-11,INTC,0.0012674332,0.0079554319,-0.0091903806
2021-02-11,MSFT,-0.0019633174,0.0069109201,-0.0093353391
2021-02-11,NKE,-0.005011797,0.012065411,-0.0070183873
2021-02-11,VZ,-0.0047365427,0.0086892843,-0.0080960393
2021-02-11,WMT,-0.0049214959,0.0074571371,-0.0061886907
2021-02-12,AAPL,-0.0045868754,0.013648391,-0.013115942
2021-02-12,AMGN,-0.0054379702,0.010933995,-0.0096604228
2021-02-12,CRM,-0.0064070225,0.0099771023,-0.010541558
2021-02-12,CSCO,-0.0027256012,0.005530715,-0.009319067
2021-02-12,IBM,-0.00060260296,0.005584836,-0.0056266189
2021-02-12,INTC,0.00097465515,0.0078988075,-0.0089291334
2021-02-12,MSFT,-0.0020116568,0.0071111917,-0.0092153549
2021-02-12,NKE,-0.0042855144,0.010823965,-0.0069923401
2021-02-12,VZ,-0.0055787563,0.0092148781,-0.0067721009
2021-02-12,WMT,-0.0054157376,0.0075364113,-0.0061050653
2021-02-16,AAPL,-0.0043741465,0.013208151,-0.015282691
2021-02-16,AMGN,-0.0045135617,0.010646462,-0.010453343
2021-02-16,CRM,-0.0070921779,0.0091302395,-0.013604939
2021-02-16,CSCO,-0.004840672,0.0043565035,-0.010541856
2021-02-16,IBM,-0.0013872385,0.0059752464,-0.0067081451
2021-02-16,INTC,0.00097417831,0.0066204071,-0.011371613
2021-02-16,MSFT,-0.0011775494,0.0075969696,-0.011578977
2021-02-16,NKE,-0.0060604811,0.010404229,-0.0088506341
2021-02-16,VZ,-0.00685215,0.0090335608,-0.009292841
2021-02-16,WMT,-0.0089356303,0.009773016,-0.0059819818
2021-02-17,AAPL,-0.0070031285,0.014971852,-0.010211051
2021-02-17,AMGN,-0.0076956749,0.013014913,-0.007973671
2021-02-17,CRM,-0.012496114,0.013548493,-0.0086917281
2021-02-17,CSCO,-0.0029527545,0.0071177483,-0.0090969801
2021-02-17,IBM,0.001219511,0.0061427355,-0.0066816211
2021-02-17,INTC,6.5565109e-05,0.0079721212,-0.008427918
2021-02-17,MSFT,-0.003320694,0.0078624487,-0.0090872645
2021-02-17,NKE,-0.0052775145,0.011643052,-0.0053578615
2021-02-17,VZ,-0.0012407303,0.0078780651,-0.0094486475
2021-02-17,WMT,-0.001368165,0.0059173107,-0.0078800321
2021-02-18,AAPL,-0.0029876828,0.012533069,-0.010630906
2021-02-18,AMGN,-0.0028582811,0.010600567,-0.0073872805
2021-02-18,CRM,-0.0042060018,0.0092506409,-0.010418236
2021-02-18,CSCO,-0.00033897161,0.0052175522,-0.0092157125
2021-02-18,IBM,-0.00041031837,0.0059939623,-0.0058662295
2021-02-18,INTC,0.002646327,0.0064239502,-0.010136783
2021-02-18,MSFT,0.00094234943,0.0064686537,-0.0089950562
2021-02-18,NKE,-0.0048579574,0.011111736,-0.0064631701
2021-02-18,VZ,-0.0026817918,0.0088207722,-0.0081092119
2021-02-18,WMT,-0.0058857799,0.0076841116,-0.0055786371
2021-02-19,AAPL,-0.0076463223,0.014615178,-0.01038605
2021-02-19,AMGN,0.00011456013,0.0082321167,-0.0097517967
2021-02-19,CRM,-0.0074584484,0.011000514,-0.0097319484
2021-02-19,CSCO,-0.0038970113,0.0067361593,-0.008736372
2021-02-19,IBM,-0.00075560808,0.0061740875,-0.0065368414
2021-02-19,INTC,-0.0029377937,0.0074491501,-0.0084252357
2021-02-19,MSFT,-0.004167676,0.0089110136,-0.0085238814
2021-02-19,NKE,-0.0050255656,0.010846972,-0.0070445538
2021-02-19,VZ,-0.0025632381,0.0080859661,-0.008823812
2021-02-19,WMT,-0.00058835745,0.0055948496,-0.0074278712
2021-02-22,AAPL,-0.0063860416,0.014020681,-0.011382222
2021-02-22,AMGN,-0.0026926994,0.008903265,-0.0081450939
2021-02-22,CRM,-0.010493279,0.010588884,-0.0087890029
2021-02-22,CSCO,-0.0024712682,0.0050902367,-0.0092779398
2021-02-22,IBM,-0.0011729002,0.0054631233,-0.00620538
2021-02-22,INTC,-0.00096070766,0.0066634417,-0.0079246163
2021-02-22,MSFT,-0.004666388,0.0072702169,-0.0085906386
2021-02-22,NKE,-0.0045899153,0.010151386,-0.0068743825
2021-02-22,VZ,-0.0025530457,0.0068200827,-0.0079258084
2021-02-22,WMT,-0.0022757649,0.0063236952,-0.0064687133
2021-02-23,AAPL,-0.0041539669,0.013713241,-0.012038708
2021-02-23,AMGN,-0.0038490295,0.0093984604,-0.0082187653
2021-02-23,CRM,-0.006542027,0.008710742,-0.010065973
2021-02-23,CSCO,3.516674e-05,0.0058703423,-0.010206938
2021-02-23,IBM,-0.00067138672,0.0056107044,-0.0066844225
2021-02-23,INTC,-0.00047594309,0.0072741508,-0.008569181
2021-02-23,MSFT,-0.0030046105,0.0074169636,-0.0086762309
2021-02-23,NKE,-0.0031808615,0.0096188784,-0.0071621537
2021-02-23,VZ,-0.0047659278,0.0077108145,-0.0078405738
2021-02-23,WMT,-0.0024434328,0.0064973831,-0.0067071915
2021-02-24,AAPL,-0.0044580698,0.014995456,-0.010108411
2021-02-24,AMGN,-0.0080097318,0.012129903,-0.0068073869
2021-02-24,CRM,-0.0077182651,0.010023713,-0.0080420971
2021-02-24,CSCO,0.001211524,0.005063653,-0.010229766
2021-02-24,IBM,-9.0360641e-05,0.0056232214,-0.0049699545
2021-02-24,INTC,3.0755997e-05,0.0080425739,-0.0070540905
2021-02-24,MSFT,-0.0019815564,0.0072804689,-0.0078044534
2021-02-24,NKE,-0.0049530268,0.011864781,-0.0062788725
2021-02-24,VZ,-0.003326416,0.0081112385,-0.0069382191
2021-02-24,WMT,-0.0033904314,0.0072944164,-0.0056340098
2021-02-25,AAPL,-0.0048602223,0.013669014,-0.014375389
2021-02-25,AMGN,-0.01017046,0.013026476,-0.0083951354
2021-02-25,CRM,-0.0045574307,0.009573698,-0.010162771
2021-02-25,CSCO,-0.00083607435,0.0048056841,-0.010744214
2021-02-25,IBM,-0.00098437071,0.0054696798,-0.0065437555
2021-02-25,INTC,0.00096285343,0.0071117878,-0.0092554092
2021-02-25,MSFT,-0.0035508275,0.0083498955,-0.0078012347
2021-02-25,NKE,-0.0059767365,0.010655165,-0.008548677
2021-02-25,VZ,-0.0048477054,0.0079007149,-0.0069946647
2021-02-25,WMT,-0.0059651136,0.008734107,-0.0060967207
2021-02-26,AAPL,-0.0044459701,0.014051557,-0.013865411
2021-02-26,AMGN,-0.0046500564,0.011296868,-0.011018395
2021-02-26,CRM,-0.0069328547,0.0098109245,-0.011839986
2021-02-26,CSCO,-0.0060412288,0.0058604479,-0.011638224
2021-02-26,IBM,-0.002958715,0.0062314272,-0.0066131949
2021-02-26,INTC,-0.0012970567,0.0082476139,-0.010962963
2021-02-26,MSFT,-0.005006671,0.0092657804,-0.010502458
2021-02-26,NKE,-0.006629169,0.01236999,-0.009067595
2021-02-26,VZ,-0.0084412098,0.0090250969,-0.0081760287
2021-02-26,WMT,-0.010528862,0.010355711,-0.0056712627
2021-03-01,AAPL,-0.0034013391,0.0141958,-0.011993647
2021-03-01,AMGN,-0.011078596,0.015760303,-0.0068272948
2021-03-01,CRM,-0.0088267922,0.012886047,-0.011652708
2021-03-01,CSCO,5.698204e-05,0.0081152916,-0.0099090934
2021-03-01,IBM,0.0010284185,0.0068715811,-0.0063687563
2021-03-01,INTC,0.00018072128,0.0093467236,-0.0084199905
2021-03-01,MSFT,-0.0012649894,0.0093839169,-0.0086744428
2021-03-01,NKE,-0.0047165155,0.013033867,-0.0061398745
2021-03-01,VZ,-0.0017031431,0.0082428455,-0.0087456107
2021-03-01,WMT,-0.0043234229,0.0072332621,-0.0065274835
2021-03-02,AAPL,-0.0053373575,0.013111711,-0.014801681
2021-03-02,AMGN,-0.0086632371,0.01450491,-0.0077437758
2021-03-02,CRM,-0.013843119,0.015657783,-0.014980555
2021-03-02,CSCO,-0.010796547,0.010115623,-0.011038244
2021-03-02,IBM,-0.0018191338,0.0070910454,-0.0082401037
2021-03-02,INTC,-0.0016733408,0.011051774,-0.011835694
2021-03-02,MSFT,-0.003870666,0.011165142,-0.01066798
2021-03-02,NKE,-0.0058739185,0.012063384,-0.011052251
2021-03-02,VZ,-0.005428791,0.0093195438,-0.0099241734
2021-03-02,WMT,-0.0073512197,0.009657383,-0.0067098737
2021-03-03,AAPL,-0.0086565018,0.016251326,-0.0094899535
2021-03-03,AMGN,-0.009123683,0.01609838,-0.0059630871
2021-03-03,CRM,-0.004914999,0.016997576,-0.011470973
2021-03-03,CSCO,-0.005492866,0.013909698,-0.0084895492
2021-03-03,IBM,-0.0031580925,0.010714173,-0.0065159202
2021-03-03,INTC,-0.0042205453,0.014918685,-0.0074890256
2021-03-03,MSFT,-0.0037114024,0.013422251,-0.0086258054
2021-03-03,NKE,-0.01026541,0.014611721,-0.0068210959
2021-03-03,VZ,-0.0085824132,0.012797594,-0.0067421794
2021-03-03,WMT,-0.0061892271,0.011968613,-0.0052654147
2021-03-04,AAPL,-0.0044456124,0.013871193,-0.0091782212
2021-03-04,AMGN,-0.0031937957,0.010245681,-0.0082982779
2021-03-04,CRM,-0.0063738823,0.014018893,-0.0092702508
2021-03-04,CSCO,-0.004663527,0.0082092285,-0.0094425082
2021-03-04,IBM,-0.0035051107,0.0082062483,-0.0047957301
2021-03-04,INTC,-0.0034661889,0.010131955,-0.0073817968
2021-03-04,MSFT,-0.0048364997,0.0093252659,-0.0062573552
2021-03-04,NKE,-0.0074363351,0.011531234,-0.0074067712
2021-03-04,VZ,-0.0056387186,0.0081534386,-0.0060001612
2021-03-04,WMT,-0.0038271546,0.0078173876,-0.0061055422
2021-03-05,AAPL,-0.0058412552,0.013588309,-0.012175381
2021-03-05,AMGN,-0.012714148,0.013631582,-0.0065281987
2021-03-05,CRM,-0.01313746,0.01268208,-0.0078888535
2021-03-05,CSCO,-0.0051013827,0.0079877377,-0.010868609
2021-03-05,IBM,-0.0029224157,0.0076849461,-0.0066470504
2021-03-05,INTC,-0.001704514,0.0093603134,-0.010264933
2021-03-05,MSFT,-0.0054357648,0.0095398426,-0.0091378689
2021-03-05,NKE,-0.0067768693,0.011597037,-0.0083753467
2021-03-05,VZ,-0.0075888634,0.0093346834,-0.007810533
2021-03-05,WMT,-0.0074204206,0.0092066526,-0.0062020421
2021-03-08,AAPL,-0.0027771592,0.0133214,-0.010355055
2021-03-08,AMGN,-0.0059489012,0.010928154,-0.0060605407
2021-03-08,CRM,-0.00031590462,0.0096766949,-0.010881901
2021-03-08,CSCO,0.0012053251,0.0067044497,-0.011051714
2021-03-08,IBM,0.0021407604,0.005759716,-0.0064783096
2021-03-08,INTC,0.0049700737,0.0094732046,-0.010291159
2021-03-08,MSFT,-0.00067478418,0.0072339773,-0.0097067952
2021-03-08,NKE,-0.0054866076,0.01154232,-0.0064371824
2021-03-08,VZ,-0.0033991337,0.009360671,-0.0071816444
2021-03-08,WMT,-0.0070539713,0.008929491,-0.0053886771
2021-03-09,AAPL,-0.0027368069,0.011737943,-0.010663867
2021-03-09,AMGN,-0.004112184,0.0097122192,-0.0065430999
2021-03-09,CRM,-0.00091707706,0.008440733,-0.013314784
2021-03-09,CSCO,-0.0024034977,0.0058085918,-0.0093562603
2021-03-09,IBM,-0.00012379885,0.0055351257,-0.0064442754
2021-03-09,INTC,0.0018622875,0.0089553595,-0.008912921
2021-03-09,MSFT,-0.0014269352,0.0084578991,-0.01006645
2021-03-09,NKE,-0.0039080977,0.010902524,-0.0062510371
2021-03-09,VZ,-0.0048326254,0.0097546577,-0.0069941878
2021-03-09,WMT,-0.0044733286,0.0076935291,-0.0059755445
2021-03-10,AAPL,-0.0030236244,0.013028502,-0.010331333
2021-03-10,AMGN,-0.008366704,0.011899233,-0.0052363873
2021-03-10,CRM,-0.0013238192,0.0073440075,-0.010495543
2021-03-10,CSCO,-0.0014147758,0.0058706999,-0.0091046095
2021-03-10,IBM,-0.00078219175,0.0069756508,-0.0056504011
2021-03-10,INTC,0.00087451935,0.0079829693,-0.0085471272
2021-03-10,MSFT,-0.0021386743,0.0077773333,-0.008366406
2021-03-10,NKE,-0.0054503679,0.011489868,-0.0061322451
2021-03-10,VZ,-0.0064099431,0.010687351,-0.0070550442
2021-03-10,WMT,-0.0069401264,0.0087660551,-0.0057975054
2021-03-11,AAPL,-0.0054702163,0.012503624,-0.010450125
2021-03-11,AMGN,-0.0035710931,0.0096474886,-0.0080404878
2021-03-11,CRM,-0.003260076,0.0094783306,-0.010201156
2021-03-11,CSCO,-0.0029318929,0.0060970783,-0.0091452003
2021-03-11,IBM,-0.0028840899,0.007255435,-0.0054755211
2021-03-11,INTC,-0.0010986924,0.0085967779,-0.0083842874
2021-03-11,MSFT,-0.0051394701,0.0080659389,-0.0083818436
2021-03-11,NKE,-0.0041652322,0.010025144,-0.0060333014
2021-03-11,VZ,-0.0069781542,0.0094025135,-0.0065201521
2021-03-11,WMT,-0.007244885,0.0082740784,-0.0054892898
2021-03-12,AAPL,-0.0040730238,0.012673616,-0.012426972
2021-03-12,AMGN,-0.0068779588,0.010100365,-0.0078350306
2021-03-12,CRM,-0.0044767857,0.008488059,-0.012114584
2021-03-12,CSCO,-0.0028876662,0.0051188469,-0.010182858
2021-03-12,IBM,-0.0010681748,0.0067288876,-0.006177783
2021-03-12,INTC,-0.000261724,0.0084164143,-0.0099954009
2021-03-12,MSFT,-0.0030069351,0.007552743,-0.0090345144
2021-03-12,NKE,-0.0047969818,0.010429025,-0.0071408153
2021-03-12,VZ,-0.0069349408,0.0096240044,-0.0069737434
2021-03-12,WMT,-0.0082634091,0.0092545748,-0.0050349236
2021-03-15,AAPL,-0.0024361014,0.013319731,-0.011673152
2021-03-15,AMGN,-0.0070953369,0.011514068,-0.0068637729
2021-03-15,CRM,-0.0054453611,0.010731459,-0.011047542
2021-03-15,CSCO,-0.0018286705,0.0056797266,-0.0096111298
2021-03-15,IBM,-0.000459373,0.0064675808,-0.0054118633
2021-03-15,INTC,0.00060641766,0.0083987713,-0.008123517
2021-03-15,MSFT,-0.002209425,0.0086364746,-0.0086522698
2021-03-15,NKE,-0.0058364272,0.0114398,-0.005404532
2021-03-15,VZ,-0.0058685541,0.0098819733,-0.0074099898
2021-03-15,WMT,-0.0067409873,0.0082039833,-0.0053983927
2021-03-16,AAPL,-0.0042077303,0.013462067,-0.011026442
2021-03-16,AMGN,-0.0079621673,0.013059378,-0.0067536235
2021-03-16,CRM,-0.005825758,0.0099284649,-0.010641813
2021-03-16,CSCO,-0.0048087835,0.0066990852,-0.010133803
2021-03-16,IBM,-0.0016402006,0.0069960356,-0.0057400465
2021-03-16,INTC,-0.00073009729,0.0083721876,-0.008467555
2021-03-16,MSFT,-0.0045083761,0.0084320307,-0.0082936883
2021-03-16,NKE,-0.0042445064,0.011364937,-0.0069784522
2021-03-16,VZ,-0.006211102,0.0098185539,-0.0081298351
2021-03-16,WMT,-0.0086246729,0.0086791515,-0.0054194331
2021-03-17,AAPL,-0.0054314733,0.013424635,-0.012442112
2021-03-17,AMGN,-0.0029334426,0.0091344118,-0.010255516
2021-03-17,CRM,-0.0097561479,0.012457848,-0.01204139
2021-03-17,CSCO,-0.0046309829,0.0062164068,-0.011169016
2021-03-17,IBM,-0.002022326,0.0056661367,-0.0066865683
2021-03-17,INTC,-0.0013036728,0.0078908205,-0.0094206929
2021-03-17,MSFT,-0.004312396,0.0082757473,-0.0099719167
2021-03-17,NKE,-0.005610764,0.010437965,-0.0076149106
2021-03-17,VZ,-0.0055494308,0.0090821981,-0.008797586
2021-03-17,WMT,-0.0061070919,0.0071142912,-0.0065619946
2021-03-18,AAPL,-0.0020279288,0.012682438,-0.011820555
2021-03-18,AMGN,-0.0054422021,0.011030316,-0.0072119236
2021-03-18,CRM,-0.0038436651,0.0091817379,-0.012572169
2021-03-18,CSCO,-0.00095158815,0.006013751,-0.0092814565
2021-03-18,IBM,0.00012767315,0.0065193176,-0.0053857565
2021-03-18,INTC,0.002596736,0.0080364943,-0.0081760287
2021-03-18,MSFT,-0.00033974648,0.0072267056,-0.0093950629
2021-03-18,NKE,-0.0050887465,0.011690736,-0.0054897666
2021-03-18,VZ,-0.0050590038,0.010125637,-0.0068341494
2021-03-18,WMT,-0.0055432916,0.0080815554,-0.0052443147
2021-03-19,AAPL,-0.0019122362,0.01216507,-0.010802805
2021-03-19,AMGN,-0.0070977211,0.011190057,-0.0063074231
2021-03-19,CRM,0.0007853508,0.0095765591,-0.011348069
2021-03-19,CSCO,-0.0013005137,0.0047471523,-0.0096687675
2021-03-19,IBM,-0.0021175146,0.0071706772,-0.0055507421
2021-03-19,INTC,0.0010570288,0.0073091984,-0.0083155036
2021-03-19,MSFT,-0.00072610378,0.0072492361,-0.0086462498
2021-03-19,NKE,-0.0054566264,0.010496497,-0.0057854056
2021-03-19,VZ,-0.007802844,0.010751605,-0.0061593056
2021-03-19,WMT,-0.009046793,0.0098084211,-0.0039892197
2021-03-22,AAPL,-0.0039256811,0.013473988,-0.010812819
2021-03-22,AMGN,-0.0062664747,0.01159656,-0.0082127452
2021-03-22,CRM,-0.0074798465,0.01245749,-0.0083996058
2021-03-22,CSCO,-0.0042713284,0.0055910349,-0.0094379783
2021-03-22,IBM,-0.0017204881,0.0064558983,-0.0054631829
2021-03-22,INTC,-3.9875507e-05,0.0075700283,-0.0081170797
2021-03-22,MSFT,-0.0039203167,0.0080399513,-0.0079091191
2021-03-22,NKE,-0.0067375898,0.01170826,-0.0059643984
2021-03-22,VZ,-0.0057011843,0.0093243122,-0.0078809857
2021-03-22,WMT,-0.0064059496,0.0080761909,-0.0059737563
2021-03-23,AAPL,-0.0030508637,0.012980223,-0.011540592
2021-03-23,AMGN,-0.0057147741,0.011798859,-0.0085122585
2021-03-23,CRM,-0.0095402598,0.011874318,-0.011638224
2021-03-23,CSCO,-0.0040535331,0.0055992603,-0.010340512
2021-03-23,IBM,-0.0013685226,0.0055807829,-0.0070873499
2021-03-23,INTC,0.0013021231,0.0072199106,-0.0098028779
2021-03-23,MSFT,-0.0030423999,0.0071145296,-0.010257542
2021-03-23,NKE,-0.0064433813,0.011001706,-0.0062219501
2021-03-23,VZ,-0.0058541298,0.0092555285,-0.0078388453
2021-03-23,WMT,-0.0084237456,0.0090138912,-0.0060808063
2021-03-24,AAPL,-0.0028421283,0.012956738,-0.012833476
2021-03-24,AMGN,-0.0016662478,0.01063931,-0.01045984
2021-03-24,CRM,-0.0052953362,0.011591911,-0.012532711
2021-03-24,CSCO,-0.0030016899,0.0059168339,-0.01031512
2021-03-24,IBM,-0.0026085377,0.0066052675,-0.0059837699
2021-03-24,INTC,-0.00065773726,0.0086393356,-0.0093405247
2021-03-24,MSFT,-0.0026035905,0.0085324049,-0.01001054
2021-03-24,NKE,-0.0053191781,0.011165142,-0.0071169138
2021-03-24,VZ,-0.0066883564,0.0096482038,-0.0078685284
2021-03-24,WMT,-0.0052874088,0.0075247288,-0.0060124993
2021-03-25,AAPL,-0.0061109662,0.015157104,-0.0091581345
2021-03-25,AMGN,-0.0062691569,0.012375355,-0.0071157813
2021-03-25,CRM,-0.0052663684,0.01365602,-0.010675967
2021-03-25,CSCO,-0.0035814643,0.0064600706,-0.0091457367
2021-03-25,IBM,-0.0026887059,0.0081144571,-0.005363524
2021-03-25,INTC,-0.00049853325,0.0089324713,-0.008074522
2021-03-25,MSFT,-0.0020619631,0.008754015,-0.0089907646
2021-03-25,NKE,-0.0073541999,0.011529565,-0.0052321553
2021-03-25,VZ,-0.0060946345,0.011044979,-0.0071434379
2021-03-25,WMT,-0.0073190331,0.0088733435,-0.0045832992
2021-03-26,AAPL,-0.0016128421,0.012527823,-0.012067854
2021-03-26,AMGN,-0.0063356161,0.012510419,-0.0079982281
2021-03-26,CRM,-0.0060597062,0.012068272,-0.010528028
2021-03-26,CSCO,-0.00043588877,0.0059361458,-0.010425448
2021-03-26,IBM,-0.002748251,0.0076811314,-0.0060983896
2021-03-26,INTC,-0.00025427341,0.0089166164,-0.008338213
2021-03-26,MSFT,-0.0040277243,0.0080268383,-0.0082904696
2021-03-26,NKE,-0.0062654018,0.012132525,-0.00620085
2021-03-26,VZ,-0.0064346194,0.010221362,-0.0071777701
2021-03-26,WMT,-0.0071542263,0.0091941357,-0.0048061609
2021-03-29,AAPL,-0.0016076565,0.01407814,-0.010803819
2021-03-29,AMGN,-0.0054543614,0.012465239,-0.0085590482
2021-03-29,CRM,-0.0084705949,0.01189959,-0.011063337
2021-03-29,CSCO,-0.0032380223,0.0059901476,-0.010804951
2021-03-29,IBM,-0.0030674934,0.0071332455,-0.0066026449
2021-03-29,INTC,-0.0021026731,0.010262012,-0.0078861117
2021-03-29,MSFT,-0.0031636357,0.008212328,-0.0085433125
2021-03-29,NKE,-0.0061416626,0.012693524,-0.0076019764
2021-03-29,VZ,-0.0059065819,0.0094488859,-0.0075726509
2021-03-29,WMT,-0.0078870654,0.0093226433,-0.0048005581
2021-03-30,AAPL,-0.0062941313,0.014960051,-0.011217952
2021-03-30,AMGN,-0.010667324,0.016426921,-0.0073726177
2021-03-30,CRM,-0.014494479,0.016492963,-0.013520658
2021-03-30,CSCO,-0.0057233572,0.009088397,-0.010147154
2021-03-30,IBM,-0.0041143298,0.0078686476,-0.0058249235
2021-03-30,INTC,-0.0044335127,0.011802673,-0.0083309412
2021-03-30,MSFT,-0.0056862831,0.011953354,-0.0070573688
2021-03-30,NKE,-0.0088831782,0.013912797,-0.0065223575
2021-03-30,VZ,-0.0057613254,0.0099447966,-0.0081368685
2021-03-30,WMT,-0.0062547326,0.0083901882,-0.0062599778
2021-03-31,AAPL,-0.0053087473,0.013925552,-0.013596833
2021-03-31,AMGN,-0.010012388,0.01592958,-0.0074192882
2021-03-31,CRM,-0.011846602,0.01757884,-0.016858399
2021-03-31,CSCO,-0.0084232092,0.012367368,-0.011177599
2021-03-31,IBM,-0.00260216,0.0084071159,-0.0084024072
2021-03-31,INTC,-0.0018415451,0.011905551,-0.011884928
2021-03-31,MSFT,-0.0033481717,0.011640072,-0.010656536
2021-03-31,NKE,-0.0080666542,0.01270175,-0.010964811
2021-03-31,VZ,-0.0070638657,0.010228515,-0.010491312
2021-03-31,WMT,-0.010244608,0.011303425,-0.0058711171
2021-04-01,AAPL,-0.0081166029,0.01603055,-0.0098008513
2021-04-01,AMGN,-0.006464839,0.015395761,-0.0070192814
2021-04-01,CRM,-0.0067418218,0.018031836,-0.013065636
2021-04-01,CSCO,-0.005915761,0.014168143,-0.0096537471
2021-04-01,IBM,-0.002822578,0.010619521,-0.006919682
2021-04-01,INTC,-0.0044602156,0.01511848,-0.0085003376
2021-04-01,MSFT,-0.0041300058,0.013099074,-0.0083435178
2021-04-01,NKE,-0.0081404448,0.015366316,-0.0082641244
2021-04-01,VZ,-0.0076979995,0.013198376,-0.0077652335
2021-04-01,WMT,-0.0055813789,0.011699796,-0.0057346821
2021-04-05,AAPL,-0.0028682947,0.01158905,-0.010753453
2021-04-05,AMGN,-0.0061891079,0.011116982,-0.0072282553
2021-04-05,CRM,-0.0083339214,0.013101101,-0.011197746
2021-04-05,CSCO,-0.0042029023,0.0075854063,-0.0095837116
2021-04-05,IBM,-0.0012623668,0.0068341494,-0.0063483119
2021-04-05,INTC,-0.0038606524,0.0097923279,-0.0090450048
2021-04-05,MSFT,-0.0049298406,0.009752512,-0.0075674653
2021-04-05,NKE,-0.0067223907,0.010856509,-0.0090007782
2021-04-05,VZ,-0.0043222904,0.0083432198,-0.0066241026
2021-04-05,WMT,-0.003275454,0.0077750683,-0.0067098141
2021-04-06,AAPL,-0.0071097612,0.014392138,-0.010147214
2021-04-06,AMGN,-0.0097574592,0.010781884,-0.0060830116
2021-04-06,CRM,-0.013822556,0.014010191,-0.0067028999
2021-04-06,CSCO,-0.0028730035,0.0075207949,-0.0096023083
2021-04-06,IBM,0.0014523268,0.0055344105,-0.0076547861
2021-04-06,INTC,-0.001126349,0.0085481405,-0.010403633
2021-04-06,MSFT,-0.0062387586,0.0095653534,-0.0089777112
2021-04-06,NKE,-0.0076575875,0.011811495,-0.0087718368
2021-04-06,VZ,-0.0029427409,0.0081712008,-0.0082737207
2021-04-06,WMT,-0.0023748875,0.0069717169,-0.0076643229
2021-04-07,AAPL,-0.00089532137,0.012847543,-0.010907531
2021-04-07,AMGN,-0.0042612553,0.011074781,-0.0071201921
2021-04-07,CRM,-0.00088602304,0.0098254681,-0.0092509985
2021-04-07,CSCO,6.0200691e-05,0.0068848133,-0.010466814
2021-04-07,IBM,0.0016471148,0.0061303377,-0.0064381361
2021-04-07,INTC,0.0048476458,0.0090036392,-0.0098902583
2021-04-07,MSFT,-0.00016486645,0.0067828894,-0.0092144012
2021-04-07,NKE,-0.0062600374,0.012007356,-0.0073540211
2021-04-07,VZ,-0.0015540123,0.0076808929,-0.008436203
2021-04-07,WMT,-0.0021390915,0.0071645975,-0.0062556863
2021-04-08,AAPL,-0.0069694519,0.014078498,-0.010007083
2021-04-08,AMGN,-0.0043247938,0.0085148811,-0.0078349113
2021-04-08,CRM,-0.0035478473,0.010602474,-0.010299921
2021-04-08,CSCO,-0.003470242,0.0064983368,-0.0096481442
2021-04-08,IBM,-0.00045752525,0.0055152178,-0.0065991282
2021-04-08,INTC,5.2571297e-05,0.0086568594,-0.0087819695
2021-04-08,MSFT,-0.002214551,0.0085043907,-0.0096270442
2021-04-08,NKE,-0.0051459074,0.012091279,-0.0064509511
2021-04-08,VZ,-0.003242135,0.0090987682,-0.0077207088
2021-04-08,WMT,-0.0037734509,0.0072462559,-0.0065594912
2021-04-09,AAPL,-0.0027198792,0.01202631,-0.012203634
2021-04-09,AMGN,-0.0042186975,0.0092797279,-0.0085513592
2021-04-09,CRM,-0.0058564544,0.0094153881,-0.010447741
2021-04-09,CSCO,-0.0016798377,0.0047491789,-0.010336936
2021-04-09,IBM,-0.00063383579,0.0069807768,-0.005821228
2021-04-09,INTC,0.00074136257,0.0080257654,-0.0094910264
2021-04-09,MSFT,-0.0027961135,0.007440567,-0.008852303
2021-04-09,NKE,-0.0065196753,0.011608124,-0.0069971085
2021-04-09,VZ,-0.0063402653,0.0094180107,-0.0076634288
2021-04-09,WMT,-0.0063678026,0.0089147091,-0.0057995319
2021-04-12,AAPL,-0.004963696,0.014304638,-0.011403859
2021-04-12,AMGN,-0.0055177212,0.011302233,-0.0077654719
2021-04-12,CRM,-0.0016359687,0.0091738701,-0.0098746419
2021-04-12,CSCO,-0.0012151003,0.0064643621,-0.0095467567
2021-04-12,IBM,0.00046920776,0.0062960386,-0.0061274171
2021-04-12,INTC,0.00014686584,0.008693099,-0.008471787
2021-04-12,MSFT,-0.0025067329,0.0080879927,-0.0082695484
2021-04-12,NKE,-0.0040134192,0.011121154,-0.0064903498
2021-04-12,VZ,-0.0048689246,0.0088574886,-0.0067512393
2021-04-12,WMT,-0.0058367848,0.0082070827,-0.0056740642
2021-04-13,AAPL,-0.0057208538,0.013646841,-0.015752196
2021-04-13,AMGN,-0.0065361261,0.010691285,-0.010307789
2021-04-13,CRM,-0.01295352,0.010925889,-0.010758638
2021-04-13,CSCO,-0.005407989,0.0054248571,-0.011663496
2021-04-13,IBM,-0.0014910102,0.0057350397,-0.0077897906
2021-04-13,INTC,-0.0017319322,0.0069562197,-0.011089206
2021-04-13,MSFT,-0.0066598058,0.0086967945,-0.0101704
2021-04-13,NKE,-0.0073760152,0.010062099,-0.0091607571
2021-04-13,VZ,-0.00553298,0.0083301067,-0.0090896487
2021-04-13,WMT,-0.0055597425,0.0074934959,-0.0073484182
2021-04-14,AAPL,-0.0029339194,0.013747454,-0.011624038
2021-04-14,AMGN,-0.0056779385,0.012131333,-0.0084816217
2021-04-14,CRM,-0.0056564808,0.009544611,-0.010840297
2021-04-14,CSCO,0.0010670424,0.0062717199,-0.010957539
2021-04-14,IBM,0.0019813776,0.005636096,-0.0074648857
2021-04-14,INTC,0.004319191,0.0076342821,-0.010037065
2021-04-14,MSFT,-1.1146069e-05,0.0071743727,-0.011241853
2021-04-14,NKE,-0.0066896081,0.012266636,-0.0063245893
2021-04-14,VZ,-0.0040688515,0.0092567205,-0.0084997416
2021-04-14,WMT,-0.0054487586,0.0083858967,-0.0064790845
2021-04-15,AAPL,-0.0041795969,0.012811065,-0.013087928
2021-04-15,AMGN,-0.0027495027,0.0097846985,-0.0098459125
2021-04-15,CRM,-0.002148807,0.0096082687,-0.011493683
2021-04-15,CSCO,-0.0011953115,0.0054502487,-0.0099410415
2021-04-15,IBM,2.2053719e-05,0.0061620474,-0.0062399507
2021-04-15,INTC,0.0019783974,0.007306695,-0.010203302
2021-04-15,MSFT,-0.00040864944,0.0082958937,-0.010176778
2021-04-15,NKE,-0.004815042,0.011255145,-0.0067090988
2021-04-15,VZ,-0.0044213533,0.008710146,-0.0082410574
2021-04-15,WMT,-0.006297946,0.0087149143,-0.0055708289
2021-04-16,AAPL,-0.0081350803,0.015192151,-0.01317513
2021-04-16,AMGN,-0.0033619404,0.01076889,-0.010094166
2021-04-16,CRM,-0.0094118714,0.012433767,-0.010650039
2021-04-16,CSCO,-0.0041621923,0.0061058998,-0.010150969
2021-04-16,IBM,-0.0012242198,0.0057017803,-0.0073210001
2021-04-16,INTC,-0.0016875267,0.0076993704,-0.010039926
2021-04-16,MSFT,-0.0032840967,0.0087311268,-0.010564506
2021-04-16,NKE,-0.0052634478,0.0097706318,-0.0087339282
2021-04-16,VZ,-0.0028603077,0.007994175,-0.0094886422
2021-04-16,WMT,-0.0033094287,0.007043004,-0.0075824261
2021-04-19,AAPL,-0.0072889328,0.01488173,-0.010888219
2021-04-19,AMGN,-0.0018758178,0.010771155,-0.009961009
2021-04-19,CRM,-0.0060966611,0.011237383,-0.0089581013
2021-04-19,CSCO,-0.0030709505,0.0065867901,-0.0087434053
2021-04-19,IBM,-0.0012891889,0.0067149401,-0.0062010884
2021-04-19,INTC,-0.0015514493,0.008484602,-0.008628428
2021-04-19,MSFT,-0.0032835603,0.0088199377,-0.0099769831
2021-04-19,NKE,-0.0062163472,0.010917664,-0.007065773
2021-04-19,VZ,-0.0040636063,0.0090944767,-0.0085864067
2021-04-19,WMT,-0.0043798089,0.0077456236,-0.0063716769
2021-04-20,AAPL,-0.0036389232,0.013249636,-0.011438072
2021-04-20,AMGN,-0.0024759173,0.010095596,-0.0093768835
2021-04-20,CRM,-0.0069617033,0.010219932,-0.010330737
2021-04-20,CSCO,-0.0019651651,0.0062367916,-0.0093996525
2021-04-20,IBM,-0.0015727282,0.0073105097,-0.0063279867
2021-04-20,INTC,0.00027167797,0.0075553656,-0.0087330341
2021-04-20,MSFT,-0.0017601252,0.0076767206,-0.0095060468
2021-04-20,NKE,-0.0067259669,0.011322498,-0.0076656938
2021-04-20,VZ,-0.0035309792,0.008505702,-0.0079857111
2021-04-20,WMT,-0.0042024851,0.0081291199,-0.0063125491
2021-04-21,AAPL,-0.0059361458,0.014797688,-0.0099231601
2021-04-21,AMGN,-0.0018742681,0.010269046,-0.0099694133
2021-04-21,CRM,-0.013249636,0.013970017,-0.0080382228
2021-04-21,CSCO,-0.0023696423,0.0073494911,-0.0095222592
2021-04-21,IBM,-0.0012744069,0.0071879625,-0.0063884854
2021-04-21,INTC,-0.0023850203,0.0078024864,-0.0086297989
2021-04-21,MSFT,-0.0043072104,0.0088341236,-0.0087048411
2021-04-21,NKE,-0.0093400478,0.01205337,-0.0065690279
2021-04-21,VZ,-0.0026776195,0.0084933043,-0.008664608
2021-04-21,WMT,-0.0027577877,0.0066164732,-0.0070061088
2021-04-22,AAPL,-0.0033847094,0.01393652,-0.011453271
2021-04-22,AMGN,-0.0069347024,0.011991143,-0.0076905489
2021-04-22,CRM,-0.010799885,0.012370825,-0.0083168149
2021-04-22,CSCO,0.00043678284,0.005995512,-0.010378838
2021-04-22,IBM,0.00033903122,0.0064245462,-0.0070979595
2021-04-22,INTC,0.00080263615,0.006560564,-0.0091981888
2021-04-22,MSFT,-0.0014195442,0.0077246428,-0.0093564391
2021-04-22,NKE,-0.0081337094,0.011346102,-0.0074090958
2021-04-22,VZ,-0.0023553371,0.0079739094,-0.0087337494
2021-04-22,WMT,-0.0032588243,0.0066063404,-0.0070710182
2021-04-23,AAPL,-0.0069586039,0.014882088,-0.014645934
2021-04-23,AMGN,-0.0042962432,0.011627078,-0.010625958
2021-04-23,CRM,-0.012684405,0.013768673,-0.011470675
2021-04-23,CSCO,-0.0059790611,0.0075023174,-0.011215746
2021-04-23,IBM,-0.0018364191,0.0064228773,-0.0074666142
2021-04-23,INTC,-0.0017101765,0.0079610348,-0.010948837
2021-04-23,MSFT,-0.0057013035,0.0095325708,-0.0092526674
2021-04-23,NKE,-0.0084627867,0.011080265,-0.0089605451
2021-04-23,VZ,-0.0054129958,0.0089595318,-0.0095243454
2021-04-23,WMT,-0.0046547055,0.0073806047,-0.0075185895
2021-04-26,AAPL,-0.0050576329,0.014370322,-0.012131393
2021-04-26,AMGN,-0.0047206283,0.012334943,-0.0085416436
2021-04-26,CRM,-0.0041068792,0.012397528,-0.0096302032
2021-04-26,CSCO,-0.0010359883,0.0072852373,-0.0098329782
2021-04-26,IBM,0.00078058243,0.0060098171,-0.0064348578
2021-04-26,INTC,0.0014227629,0.0082544088,-0.0093638897
2021-04-26,MSFT,-0.0017803907,0.0084258318,-0.0094835162
2021-04-26,NKE,-0.0069959164,0.012601852,-0.0074263215
2021-04-26,VZ,-0.0031882524,0.0089029074,-0.008569777
2021-04-26,WMT,-0.0038617849,0.0074051619,-0.0065372586
2021-04-27,AAPL,-0.0059472919,0.014787316,-0.011042356
2021-04-27,AMGN,-0.00382936,0.011336565,-0.0093858242
2021-04-27,CRM,-0.007514298,0.011801958,-0.010154068
2021-04-27,CSCO,-0.0020574927,0.0059583187,-0.0096380711
2021-04-27,IBM,-0.000238657,0.0058307648,-0.0065420866
2021-04-27,INTC,0.0010828972,0.0089641809,-0.0093085766
2021-04-27,MSFT,-0.0024911165,0.0092424154,-0.0087288618
2021-04-27,NKE,-0.0055455565,0.012251019,-0.0072816014
2021-04-27,VZ,-0.0034683347,0.0090947151,-0.0080451965
2021-04-27,WMT,-0.0021281242,0.0067806244,-0.0068291426
2021-04-28,AAPL,-0.0034211278,0.014042139,-0.011563778
2021-04-28,AMGN,-0.0033606887,0.010990262,-0.0092923045
2021-04-28,CRM,-0.0068197846,0.010674357,-0.01222527
2021-04-28,CSCO,-0.0032109022,0.0061951876,-0.010327935
2021-04-28,IBM,-0.0022987127,0.0070586205,-0.0058035851
2021-04-28,INTC,-0.0014653206,0.009406805,-0.0096129179
2021-04-28,MSFT,-0.0020037293,0.0083390474,-0.0093411207
2021-04-28,NKE,-0.0059392452,0.012930512,-0.0083780885
2021-04-28,VZ,-0.0059397221,0.0095921755,-0.0078271627
2021-04-28,WMT,-0.0073490143,0.0094786882,-0.0056529045
2021-04-29,AAPL,-0.0063821673,0.015731215,-0.010982633
2021-04-29,AMGN,-0.0065394044,0.012868285,-0.0085375905
2021-04-29,CRM,-0.013684392,0.013533592,-0.010407627
2021-04-29,CSCO,-0.0031641722,0.0085829496,-0.01052916
2021-04-29,IBM,-0.0027038455,0.0070059299,-0.0062656403
2021-04-29,INTC,-0.0033931136,0.0097936392,-0.0073640347
2021-04-29,MSFT,-0.0048251152,0.010191679,-0.0073800683
2021-04-29,NKE,-0.0073488355,0.013338447,-0.007927537
2021-04-29,VZ,-0.0016765594,0.0076637268,-0.0089611411
2021-04-29,WMT,-0.0012792945,0.0054342747,-0.0069592595
2021-04-30,AAPL,-0.0073865652,0.014350176,-0.016462445
2021-04-30,AMGN,-0.0069688559,0.013425827,-0.0083565116
2021-04-30,CRM,-0.018291473,0.017964959,-0.014063418
2021-04-30,CSCO,-0.011328101,0.011379242,-0.011556864
2021-04-30,IBM,-0.002084136,0.0064747334,-0.008939147
2021-04-30,INTC,-0.0023633242,0.010481358,-0.011748135
2021-04-30,MSFT,-0.0040619373,0.011245489,-0.011350036
2021-04-30,NKE,-0.0074950457,0.011964321,-0.011930883
2021-04-30,VZ,-0.0044998527,0.0084643364,-0.011515498
2021-04-30,WMT,-0.0064040422,0.008658886,-0.0079008937
2021-05-03,AAPL,-0.008020997,0.015785694,-0.011129379
2021-05-03,AMGN,-0.0052443147,0.013691187,-0.0078932047
2021-05-03,CRM,-0.0044049621,0.017081976,-0.013181567
2021-05-03,CSCO,-0.0053343177,0.01444757,-0.0094237924
2021-05-03,IBM,-0.0022677183,0.0093212128,-0.007049799
2021-05-03,INTC,-0.002722621,0.013598561,-0.0092143416
2021-05-03,MSFT,-0.0025090575,0.01249516,-0.0090978742
2021-05-03,NKE,-0.0082757473,0.014823794,-0.0081321597
2021-05-03,VZ,-0.0065757632,0.011986256,-0.0075703263
2021-05-03,WMT,-0.0051850677,0.011750937,-0.0062772632
2021-05-04,AAPL,-4.2974949e-05,0.010620832,-0.0088191032
2021-05-04,AMGN,-0.0010544658,0.007797718,-0.0079851747
2021-05-04,CRM,0.00071716309,0.0097504854,-0.010351896
2021-05-04,CSCO,-0.00086712837,0.0060274601,-0.0085644126
2021-05-04,IBM,0.00040471554,0.0056831837,-0.0055860877
2021-05-04,INTC,1.5854836e-05,0.0083408356,-0.0076195598
2021-05-04,MSFT,-0.0024177432,0.0060589314,-0.0069665313
2021-05-04,NKE,-0.0027272701,0.0088262558,-0.0069893003
2021-05-04,VZ,-0.0019808412,0.0064755678,-0.0067969561
2021-05-04,WMT,-0.0025453568,0.0066924095,-0.0053474307
2021-05-05,AAPL,-0.0069372654,0.012588978,-0.0087191463
2021-05-05,AMGN,-0.0095365644,0.0095796585,-0.0055437684
2021-05-05,CRM,-0.013837099,0.012915611,-0.0056089759
2021-05-05,CSCO,-0.0018857718,0.0061175823,-0.0084576607
2021-05-05,IBM,-0.00057888031,0.0055599213,-0.0059978962
2021-05-05,INTC,-0.0026909709,0.0070157051,-0.0078220963
2021-05-05,MSFT,-0.0061469078,0.0072283745,-0.0077245831
2021-05-05,NKE,-0.0069009066,0.010109544,-0.0068808198
2021-05-05,VZ,-0.0014870763,0.0062007904,-0.0076532364
2021-05-05,WMT,-0.00063711405,0.0042761564,-0.0080227852
2021-05-06,AAPL,-0.0062043071,0.013568401,-0.012054801
2021-05-06,AMGN,-0.007768929,0.010398149,-0.0066205859
2021-05-06,CRM,-0.011730909,0.012363553,-0.0094543695
2021-05-06,CSCO,-0.0019669533,0.0060696602,-0.010172129
2021-05-06,IBM,0.0012044907,0.0046026707,-0.0068641305
2021-05-06,INTC,0.00062632561,0.0070291758,-0.0094168782
2021-05-06,MSFT,-0.0038944483,0.0072587729,-0.0084728003
2021-05-06,NKE,-0.0081055164,0.010272026,-0.0068221092
2021-05-06,VZ,-0.00092053413,0.0059527159,-0.0083745122
2021-05-06,WMT,-0.0030063391,0.0057791471,-0.007098496
2021-05-07,AAPL,-0.0042394996,0.011963725,-0.012956321
2021-05-07,AMGN,-0.0050251484,0.0091204643,-0.0076466203
2021-05-07,CRM,-0.0036205053,0.0081151724,-0.01071018
2021-05-07,CSCO,-0.0032856464,0.0047482252,-0.010831594
2021-05-07,IBM,0.00051593781,0.0048384666,-0.0071678758
2021-05-07,INTC,0.0019953251,0.0058230162,-0.011252642
2021-05-07,MSFT,-0.0027765632,0.0068455935,-0.010023475
2021-05-07,NKE,-0.006391108,0.010742784,-0.0081903934
2021-05-07,VZ,-0.0019023418,0.0070668459,-0.0090407133
2021-05-07,WMT,-0.0045589209,0.0074363947,-0.0067241788
2021-05-10,AAPL,-0.0067775846,0.013541937,-0.0096718669
2021-05-10,AMGN,-0.0052679777,0.010172367,-0.0068678856
2021-05-10,CRM,-0.0034233928,0.008264184,-0.009539485
2021-05-10,CSCO,-0.00062692165,0.0050683022,-0.0093331933
2021-05-10,IBM,0.0014263391,0.0052592754,-0.0061247349
2021-05-10,INTC,-0.00077027082,0.0067759752,-0.0087679625
2021-05-10,MSFT,-0.0032342076,0.0077848434,-0.0085859895
2021-05-10,NKE,-0.0053770542,0.011206746,-0.0068055987
2021-05-10,VZ,-0.00040060282,0.0074138641,-0.008485496
2021-05-10,WMT,-0.002012372,0.0061584711,-0.007006526
2021-05-11,AAPL,-0.005356133,0.01265204,-0.010588706
2021-05-11,AMGN,-0.005587399,0.0091750622,-0.0063180327
2021-05-11,CRM,-0.0020921826,0.0070707798,-0.0083723664
2021-05-11,CSCO,-0.00021260977,0.0050157309,-0.0083934665
2021-05-11,IBM,0.00038719177,0.005443573,-0.0059197545
2021-05-11,INTC,-0.00021648407,0.0066226721,-0.0074363947
2021-05-11,MSFT,-0.0033280253,0.0070459843,-0.0072342753
2021-05-11,NKE,-0.0048751831,0.010641456,-0.0061516762
2021-05-11,VZ,-0.0020949841,0.0071883202,-0.0065723658
2021-05-11,WMT,-0.0034242868,0.006534338,-0.0058038235
2021-05-12,AAPL,-0.0078533292,0.014041662,-0.01251018
2021-05-12,AMGN,-0.004330039,0.0079386234,-0.0092002749
2021-05-12,CRM,-0.0077530146,0.0076038837,-0.0099614263
2021-05-12,CSCO,-0.0044090748,0.004757762,-0.010601223
2021-05-12,IBM,-0.001517415,0.0049939156,-0.0065321326
2021-05-12,INTC,-0.0021163821,0.0053197145,-0.010198414
2021-05-12,MSFT,-0.0049756765,0.0073618889,-0.0087503791
2021-05-12,NKE,-0.0057455301,0.0098060369,-0.0090732574
2021-05-12,VZ,-0.0038199425,0.0074543953,-0.008787632
2021-05-12,WMT,-0.0048237443,0.0072300434,-0.0064650774
2021-05-13,AAPL,-0.0053967237,0.013439178,-0.011413217
2021-05-13,AMGN,-0.006319046,0.01100719,-0.0062438846
2021-05-13,CRM,-0.0091094971,0.0097646713,-0.0083041787
2021-05-13,CSCO,-0.0011498928,0.0048224926,-0.0096337199
2021-05-13,IBM,0.0016059875,0.0042922497,-0.0057550073
2021-05-13,INTC,0.00010323524,0.006565094,-0.0087516308
2021-05-13,MSFT,-0.0049909949,0.0074659586,-0.0078387856
2021-05-13,NKE,-0.004796207,0.011816859,-0.0069488287
2021-05-13,VZ,-0.0010656714,0.0065947771,-0.0083323121
2021-05-13,WMT,-0.0024911761,0.0061306953,-0.0069535971
2021-05-14,AAPL,-0.005487144,0.013503909,-0.011553347
2021-05-14,AMGN,-0.0062971711,0.0092103481,-0.0081933737
2021-05-14,CRM,-0.0085389018,0.010030508,-0.0083189011
2021-05-14,CSCO,-0.0035856962,0.0057396889,-0.0093481541
2021-05-14,IBM,-0.00031679869,0.004709363,-0.0066387653
2021-05-14,INTC,0.00026166439,0.0059998035,-0.0091844797
2021-05-14,MSFT,-0.0046898127,0.0077478886,-0.0078936815
2021-05-14,NKE,-0.0083895922,0.010476828,-0.0078831911
2021-05-14,VZ,-0.0026576519,0.0063077211,-0.0074785948
2021-05-14,WMT,-0.0040686727,0.0064495802,-0.0062384605
2021-05-17,AAPL,-0.0073756576,0.013676882,-0.014505923
2021-05-17,AMGN,-0.0051981807,0.0087710619,-0.0090919137
2021-05-17,CRM,-0.016004026,0.013123989,-0.010540605
2021-05-17,CSCO,-0.0055225492,0.006018281,-0.011049867
2021-05-17,IBM,-0.00077241659,0.0045473576,-0.0067861676
2021-05-17,INTC,-0.0017396808,0.0059702396,-0.010464609
2021-05-17,MSFT,-0.0063368082,0.0074392557,-0.0097657442
2021-05-17,NKE,-0.0082975626,0.010581136,-0.0098115206
2021-05-17,VZ,-0.0019283891,0.0069682598,-0.010618389
2021-05-17,WMT,-0.0026817322,0.0058022738,-0.0081569552
2021-05-18,AAPL,-0.0060684681,0.014272094,-0.011496305
2021-05-18,AMGN,-0.00090759993,0.0080239773,-0.0086735487
2021-05-18,CRM,-0.0046366453,0.010757565,-0.010167837
2021-05-18,CSCO,-0.0010179281,0.0054448843,-0.009354651
2021-05-18,IBM,0.0022038221,0.0045069456,-0.0073704123
2021-05-18,INTC,0.0030419827,0.0059722662,-0.0093842745
2021-05-18,MSFT,-0.001632154,0.0071569681,-0.0091577172
2021-05-18,NKE,-0.0053664446,0.011265397,-0.007043004
2021-05-18,VZ,1.2993813e-05,0.0070453882,-0.0090831518
2021-05-18,WMT,-0.0021188259,0.005890727,-0.0073183775
2021-05-19,AAPL,-0.0040521622,0.011813283,-0.011256397
2021-05-19,AMGN,-0.004966855,0.0083019733,-0.0078533888
2021-05-19,CRM,-0.0079470277,0.011076927,-0.010599732
2021-05-19,CSCO,-0.0024911761,0.0052219629,-0.0096572042
2021-05-19,IBM,6.6518784e-05,0.0053926706,-0.0059715509
2021-05-19,INTC,7.6770782e-05,0.0063964128,-0.0092651248
2021-05-19,MSFT,-0.00370574,0.008287549,-0.0079368949
2021-05-19,NKE,-0.0062862635,0.011505008,-0.007871449
2021-05-19,VZ,-0.003341198,0.0072101355,-0.0092063546
2021-05-19,WMT,-0.0028309822,0.006885767,-0.0067483187
2021-05-20,AAPL,-0.0078402758,0.014175773,-0.010153949
2021-05-20,AMGN,-0.00500983,0.010064125,-0.0073795319
2021-05-20,CRM,-0.0093765259,0.011863947,-0.0078588128
2021-05-20,CSCO,-0.0021213889,0.0061417818,-0.0094997883
2021-05-20,IBM,-6.300211e-05,0.0054568052,-0.0061855316
2021-05-20,INTC,-0.0015000701,0.0061750412,-0.0081993937
2021-05-20,MSFT,-0.005990088,0.0082337856,-0.0078014135
2021-05-20,NKE,-0.008731842,0.011514425,-0.0076928735
2021-05-20,VZ,-0.0015738606,0.0067147017,-0.0079846978
2021-05-20,WMT,-0.0028347969,0.0055776834,-0.0065675974
2021-05-21,AAPL,-0.0062231421,0.013263583,-0.01486069
2021-05-21,AMGN,-0.0039740801,0.0081726313,-0.0091038346
2021-05-21,CRM,-0.013374746,0.012691498,-0.01035285
2021-05-21,CSCO,-0.0060815811,0.0057678223,-0.010671258
2021-05-21,IBM,-0.000885427,0.0058779716,-0.0075418949
2021-05-21,INTC,-0.00054943562,0.0055732727,-0.011903465
2021-05-21,MSFT,-0.0064247847,0.007840395,-0.0095755458
2021-05-21,NKE,-0.0092741847,0.011282086,-0.0087376237
2021-05-21,VZ,-0.0038156509,0.0071941614,-0.0094673038
2021-05-21,WMT,-0.0042612553,0.0070269108,-0.0079838037
2021-05-24,AAPL,-0.005142808,0.013827801,-0.011209905
2021-05-24,AMGN,-0.0012252927,0.0090255737,-0.0083056688
2021-05-24,CRM,-0.0056001544,0.011126161,-0.010822177
2021-05-24,CSCO,-8.970499e-05,0.0066137314,-0.0096008778
2021-05-24,IBM,0.0014380217,0.0059080124,-0.0063865185
2021-05-24,INTC,0.0019609928,0.0064239502,-0.0094650984
2021-05-24,MSFT,-0.0018746257,0.0074957609,-0.0095516443
2021-05-24,NKE,-0.0076113939,0.012473822,-0.0058037043
2021-05-24,VZ,-0.0023646951,0.0073952675,-0.0082757473
2021-05-24,WMT,-0.0029674172,0.0070723295,-0.006747961
2021-05-25,AAPL,-0.0049741268,0.013389468,-0.0096889734
2021-05-25,AMGN,-0.004090488,0.0083236694,-0.0074558854
2021-05-25,CRM,-0.0063892603,0.0096465349,-0.0099697709
2021-05-25,CSCO,-0.00084906816,0.0057338476,-0.0090306997
2021-05-25,IBM,0.0013949871,0.0054104328,-0.0064011812
2021-05-25,INTC,5.4955482e-05,0.0067044497,-0.0087091923
2021-05-25,MSFT,-0.0015076399,0.0075529814,-0.0085772872
2021-05-25,NKE,-0.0034554601,0.01030004,-0.0070795417
2021-05-25,VZ,-0.0011139512,0.0076754093,-0.0079599023
2021-05-25,WMT,-0.0027068257,0.0061424971,-0.0064074397
2021-05-26,AAPL,-0.0045449734,0.013370872,-0.011589885
2021-05-26,AMGN,-0.0045469999,0.0091094971,-0.0089809895
2021-05-26,CRM,-0.0080525875,0.010285497,-0.010560334
2021-05-26,CSCO,-0.0024538636,0.0050299168,-0.010315835
2021-05-26,IBM,-0.0016536117,0.005241394,-0.0070366263
2021-05-26,INTC,0.00018167496,0.0066062212,-0.0091302395
2021-05-26,MSFT,-0.0046265721,0.0075991154,-0.0075826049
2021-05-26,NKE,-0.0067020655,0.011212111,-0.0088751316
2021-05-26,VZ,-0.002633214,0.0076563358,-0.0083352327
2021-05-26,WMT,-0.0039903522,0.0065684319,-0.0064712763
2021-05-27,AAPL,-0.0036152005,0.014976144,-0.010404587
2021-05-27,AMGN,-0.0042029619,0.010568738,-0.0080015063
2021-05-27,CRM,-0.0092746615,0.011823416,-0.0081374049
2021-05-27,CSCO,-0.0038490295,0.0068958998,-0.010637701
2021-05-27,IBM,-0.0016182661,0.0064967871,-0.0062538385
2021-05-27,INTC,-0.0014867187,0.0079684258,-0.0080883503
2021-05-27,MSFT,-0.0041708946,0.0080981255,-0.0086629987
2021-05-27,NKE,-0.0069545507,0.013032913,-0.0072818398
2021-05-27,VZ,-0.0039263368,0.0074968338,-0.007430017
2021-05-27,WMT,-0.0039998889,0.0079641342,-0.006475091
2021-05-28,AAPL,-0.0065290928,0.014774442,-0.011249363
2021-05-28,AMGN,-0.0076269507,0.01305759,-0.0078326464
2021-05-28,CRM,-0.014039934,0.014885187,-0.0095807314
2021-05-28,CSCO,-0.003392756,0.0073589087,-0.0099290609
2021-05-28,IBM,-0.0020858645,0.0066369772,-0.0061975121
2021-05-28,INTC,-0.0018181205,0.0090088844,-0.0065661669
2021-05-28,MSFT,-0.0040864348,0.0099259615,-0.0075268149
2021-05-28,NKE,-0.0093748569,0.013747454,-0.0064088702
2021-05-28,VZ,-0.0024396181,0.0073231459,-0.007530272
2021-05-28,WMT,-0.0037616491,0.0065846443,-0.0060100555
2021-06-01,AAPL,-0.009221673,0.015034556,-0.013963819
2021-06-01,AMGN,-0.0072873235,0.014043331,-0.008641541
2021-06-01,CRM,-0.016931534,0.018746614,-0.012261271
2021-06-01,CSCO,-0.0090173483,0.011169553,-0.011155546
2021-06-01,IBM,-0.0020571947,0.0068616867,-0.0080708265
2021-06-01,INTC,-0.0015153289,0.0094965696,-0.01068455
2021-06-01,MSFT,-0.0042646527,0.011305451,-0.010850668
2021-06-01,NKE,-0.0094001293,0.012207389,-0.0094740987
2021-06-01,VZ,-0.0044265985,0.0075757504,-0.010367811
2021-06-01,WMT,-0.0069180727,0.008431673,-0.0065608025
2021-06-02,AAPL,-0.0071877241,0.016100645,-0.011333644
2021-06-02,AMGN,-0.0063277483,0.01455605,-0.0079615116
2021-06-02,CRM,-0.0065410733,0.016870379,-0.012494683
2021-06-02,CSCO,-0.0059456825,0.01336205,-0.0096216798
2021-06-02,IBM,-0.0022326112,0.0088204145,-0.0066956878
2021-06-02,INTC,-0.0042171478,0.013124943,-0.0091652274
2021-06-02,MSFT,-0.0047873855,0.011715889,-0.0095869303
2021-06-02,NKE,-0.0083357692,0.014037848,-0.008485198
2021-06-02,VZ,-0.0079309344,0.011574268,-0.0076932907
2021-06-02,WMT,-0.0052472949,0.011186719,-0.0055658221
2021-06-03,AAPL,-0.0024399757,0.011142015,-0.0066671371
2021-06-03,AMGN,-0.0032353401,0.0086244345,-0.0059354305
2021-06-03,CRM,-0.0047139525,0.012728453,-0.0078328252
2021-06-03,CSCO,-0.0028923154,0.0074346066,-0.0071001053
2021-06-03,IBM,-0.0016393661,0.0066735744,-0.0043251514
2021-06-03,INTC,-0.0013664365,0.0087486506,-0.0063698292
2021-06-03,MSFT,-0.0034922361,0.0078877211,-0.0059818625
2021-06-03,NKE,-0.004394114,0.010247946,-0.0059438348
2021-06-03,VZ,-0.0021118522,0.0066810846,-0.0053091049
2021-06-03,WMT,-0.0022194386,0.006717205,-0.0050139427
2021-06-04,AAPL,-0.0044462681,0.011171103,-0.0077678561
2021-06-04,AMGN,-0.012499571,0.010865927,-0.0035606623
2021-06-04,CRM,-0.009109199,0.010555506,-0.0050460696
2021-06-04,CSCO,-0.0006505847,0.0066369772,-0.0077978373
2021-06-04,IBM,-0.0042070746,0.0065870285,-0.0045995116
2021-06-04,INTC,-0.0019080043,0.0069919825,-0.0064670444
2021-06-04,MSFT,-0.0048558116,0.0070499182,-0.0065546036
2021-06-04,NKE,-0.0062965155,0.010213852,-0.0061663389
2021-06-04,VZ,-0.0027840137,0.0069425106,-0.0059564114
2021-06-04,WMT,-0.003851831,0.0064246655,-0.005610168
2021-06-07,AAPL,-0.0068795085,0.012602806,-0.0094059706
2021-06-07,AMGN,-0.0072979927,0.010364771,-0.0050646067
2021-06-07,CRM,-0.0059098601,0.0078634024,-0.0078565478
2021-06-07,CSCO,-0.0022705197,0.005472064,-0.0088392496
2021-06-07,IBM,-0.00028657913,0.0052615404,-0.0055195093
2021-06-07,INTC,0.0012352467,0.0073702335,-0.0075467229
2021-06-07,MSFT,-0.0041154027,0.0066332817,-0.0080600977
2021-06-07,NKE,-0.0066434145,0.010592818,-0.0048466325
2021-06-07,VZ,-0.00050312281,0.0067378283,-0.0073401928
2021-06-07,WMT,-0.0044672489,0.0064064264,-0.0053917766
2021-06-08,AAPL,-0.0054420829,0.012327313,-0.0085745454
2021-06-08,AMGN,-0.0092887282,0.011148214,-0.0035740733
2021-06-08,CRM,-0.0012754202,0.0064194202,-0.0098499656
2021-06-08,CSCO,-0.0021383166,0.0058656931,-0.0081332922
2021-06-08,IBM,-0.00085234642,0.0057549477,-0.0048310757
2021-06-08,INTC,-0.00025331974,0.00733006,-0.0063914061
2021-06-08,MSFT,-0.0019872189,0.0073008537,-0.0073321462
2021-06-08,NKE,-0.0057086349,0.011603594,-0.0048868656
2021-06-08,VZ,-0.0013620257,0.0071197748,-0.0070468783
2021-06-08,WMT,-0.0044113398,0.007157445,-0.0052521825
2021-06-09,AAPL,-0.0045645237,0.012104154,-0.008877635
2021-06-09,AMGN,-0.0086307526,0.010207057,-0.0041950941
2021-06-09,CRM,-0.0047009587,0.0078949928,-0.0074890256
2021-06-09,CSCO,-0.0014701486,0.0046700239,-0.0081192851
2021-06-09,IBM,-0.0012419224,0.0061722994,-0.0051314235
2021-06-09,INTC,-0.00030863285,0.006572485,-0.0068897605
2021-06-09,MSFT,-0.0049906969,0.0064767599,-0.0068875551
2021-06-09,NKE,-0.0072501898,0.011081934,-0.0048995018
2021-06-09,VZ,-0.0017011762,0.0073632002,-0.0066666603
2021-06-09,WMT,-0.0048682094,0.0074772835,-0.0050514936
2021-06-10,AAPL,-0.004493475,0.011896372,-0.0089382529
2021-06-10,AMGN,-0.0075345635,0.010269523,-0.0048183203
2021-06-10,CRM,-0.0022413731,0.0069242716,-0.0084407926
2021-06-10,CSCO,0.00119102,0.0052845478,-0.0080702305
2021-06-10,IBM,-0.00022417307,0.0057983398,-0.0045005083
2021-06-10,INTC,-0.00032138824,0.0061433315,-0.0075449944
2021-06-10,MSFT,-0.0025362372,0.0063662529,-0.007545352
2021-06-10,NKE,-0.0056205392,0.010706663,-0.0055554509
2021-06-10,VZ,-0.0010397434,0.0072776079,-0.0068387985
2021-06-10,WMT,-0.005495429,0.0075129271,-0.0052210093
2021-06-11,AAPL,-0.006495595,0.013162255,-0.011674821
2021-06-11,AMGN,-0.010314167,0.011024833,-0.0052992105
2021-06-11,CRM,-0.0061991215,0.0085728168,-0.0082578063
2021-06-11,CSCO,-0.002648592,0.0047301054,-0.0091116428
2021-06-11,IBM,-0.001311481,0.0051085949,-0.0055761337
2021-06-11,INTC,-0.0010149479,0.0062628984,-0.0084869862
2021-06-11,MSFT,-0.0054149032,0.00677073,-0.0080777407
2021-06-11,NKE,-0.0062940717,0.010747313,-0.0069463849
2021-06-11,VZ,-0.0026835799,0.0073034763,-0.0078724623
2021-06-11,WMT,-0.0068082213,0.0074568987,-0.0056129694
2021-06-14,AAPL,-0.0025635958,0.0116328,-0.010674894
2021-06-14,AMGN,-0.0078268647,0.010373354,-0.0058184862
2021-06-14,CRM,-0.0040839911,0.0078072548,-0.0099285841
2021-06-14,CSCO,0.00064766407,0.0044742823,-0.0095008612
2021-06-14,IBM,0.0011379719,0.0054007769,-0.0058122873
2021-06-14,INTC,0.001655817,0.0064313412,-0.0088230968
2021-06-14,MSFT,-0.0022497773,0.006986022,-0.0086241364
2021-06-14,NKE,-0.0061001182,0.011340618,-0.0066972971
2021-06-14,VZ,-0.0018767118,0.0072323084,-0.0082940459
2021-06-14,WMT,-0.0065921545,0.0084933043,-0.0050047636
2021-06-15,AAPL,-0.006278038,0.012431026,-0.0092180371
2021-06-15,AMGN,-0.006316781,0.010948062,-0.005956471
2021-06-15,CRM,-0.004494369,0.0097740889,-0.0087521076
2021-06-15,CSCO,-0.0015372038,0.0058522224,-0.0084141493
2021-06-15,IBM,-3.7789345e-05,0.0051093102,-0.0057932734
2021-06-15,INTC,0.0008045435,0.0071946383,-0.0071154237
2021-06-15,MSFT,-0.0024030209,0.006970644,-0.0079684854
2021-06-15,NKE,-0.0054093599,0.011643887,-0.0054069161
2021-06-15,VZ,-0.0011678338,0.0071204901,-0.0078496337
2021-06-15,WMT,-0.0041267276,0.0066232681,-0.0055864453
2021-06-16,AAPL,-0.0062540174,0.01267457,-0.011609077
2021-06-16,AMGN,-0.0081270933,0.0099599361,-0.0063209534
2021-06-16,CRM,-0.009986043,0.010495305,-0.0098785162
2021-06-16,CSCO,-0.0024186969,0.005096674,-0.0094630718
2021-06-16,IBM,-0.0017796159,0.0053158998,-0.006003201
2021-06-16,INTC,-0.00082474947,0.0066990852,-0.0087765455
2021-06-16,MSFT,-0.0038186312,0.0068212748,-0.0083867311
2021-06-16,NKE,-0.0075069666,0.011206508,-0.0065723658
2021-06-16,VZ,-0.0017578602,0.0072097778,-0.0080877542
2021-06-16,WMT,-0.0060456991,0.0077776909,-0.0054155588
2021-06-17,AAPL,-0.0071876645,0.01400435,-0.010297358
2021-06-17,AMGN,-0.0063072443,0.010393977,-0.0058985353
2021-06-17,CRM,-0.0043873787,0.0094430447,-0.0090231299
2021-06-17,CSCO,-0.001912415,0.0061346292,-0.0084753036
2021-06-17,IBM,0.00061118603,0.0051890612,-0.0058698058
2021-06-17,INTC,-0.00095677376,0.0064040422,-0.007569015
2021-06-17,MSFT,-0.0028346777,0.0071296692,-0.0076975226
2021-06-17,NKE,-0.0047887564,0.011066556,-0.0059625506
2021-06-17,VZ,-0.00014197826,0.0076018572,-0.0086289644
2021-06-17,WMT,-0.0040085316,0.0069053173,-0.0058460832
2021-06-18,AAPL,-0.0017557144,0.010524869,-0.012489498
2021-06-18,AMGN,-0.0072454214,0.0098102093,-0.0059371591
2021-06-18,CRM,-0.002748251,0.0070275068,-0.010262311
2021-06-18,CSCO,-0.0010657907,0.0043261051,-0.0094602704
2021-06-18,IBM,-0.0009393692,0.0054247379,-0.0057314038
2021-06-18,INTC,0.00037455559,0.0054204464,-0.0096513033
2021-06-18,MSFT,-0.0034252405,0.0065248013,-0.0083860159
2021-06-18,NKE,-0.0059228539,0.0099050999,-0.0065256953
2021-06-18,VZ,-0.0034653544,0.0073413849,-0.0075842142
2021-06-18,WMT,-0.0081347823,0.0083286762,-0.004797101
2021-06-21,AAPL,-0.0070980787,0.013919234,-0.009044528
2021-06-21,AMGN,-0.0040686131,0.009594202,-0.0065804124
2021-06-21,CRM,-0.0039052367,0.0093942881,-0.007819891
2021-06-21,CSCO,-0.0017637014,0.0058327913,-0.0082190633
2021-06-21,IBM,-0.00014418364,0.0057770014,-0.0055596232
2021-06-21,INTC,-0.0012741685,0.0060555935,-0.0078323483
2021-06-21,MSFT,-0.0032895803,0.0071792603,-0.0079550743
2021-06-21,NKE,-0.0057561994,0.011294007,-0.0050776601
2021-06-21,VZ,-0.00022435188,0.0071790218,-0.0072656274
2021-06-21,WMT,-0.004426837,0.0067664385,-0.0060411692
2021-06-22,AAPL,-0.0033320785,0.011721134,-0.0097879767
2021-06-22,AMGN,-0.0086880326,0.0096596479,-0.0049170852
2021-06-22,CRM,-0.0046771765,0.0078097582,-0.0084649324
2021-06-22,CSCO,0.00065624714,0.0052193403,-0.0088685751
2021-06-22,IBM,-0.0010647178,0.0054483414,-0.0053397417
2021-06-22,INTC,0.00027287006,0.0052453279,-0.0081541538
2021-06-22,MSFT,-0.0031419992,0.0059876442,-0.0084007382
2021-06-22,NKE,-0.0067025423,0.010677457,-0.0058214068
2021-06-22,VZ,-0.00033557415,0.0067681074,-0.0073438883
2021-06-22,WMT,-0.0055295229,0.0071949959,-0.0049366355
2021-06-23,AAPL,-0.0063601136,0.012550592,-0.0095553398
2021-06-23,AMGN,-0.0058792233,0.009778738,-0.005453527
2021-06-23,CRM,-0.005841136,0.0084472895,-0.0082428455
2021-06-23,CSCO,-0.0011499524,0.0047751665,-0.0088662505
2021-06-23,IBM,-0.0009214282,0.0046811104,-0.0054594874
2021-06-23,INTC,-0.00128299,0.0058556795,-0.0077210665
2021-06-23,MSFT,-0.0040138364,0.0069631338,-0.0074716806
2021-06-23,NKE,-0.0053294301,0.010727048,-0.0057327151
2021-06-23,VZ,0.00012636185,0.0061999559,-0.0077880621
2021-06-23,WMT,-0.0030976534,0.0062640905,-0.0059915185
2021-06-24,AAPL,-0.0060859919,0.012559891,-0.0096856356
2021-06-24,AMGN,-0.0079038739,0.010189295,-0.0056293011
2021-06-24,CRM,-0.0053440332,0.0072412491,-0.0075436234
2021-06-24,CSCO,-0.00039589405,0.0051834583,-0.0088651776
2021-06-24,IBM,-0.00038105249,0.0045211315,-0.0051941276
2021-06-24,INTC,-0.0012788773,0.0063877106,-0.0071192384
2021-06-24,MSFT,-0.0031979084,0.0069899559,-0.0077398419
2021-06-24,NKE,-0.0045992732,0.010706782,-0.0063316822
2021-06-24,VZ,-9.4890594e-05,0.006218195,-0.007486105
2021-06-24,WMT,-0.0042586923,0.0067673922,-0.0055500865
2021-06-25,AAPL,-0.0060064197,0.01279366,-0.010852396
2021-06-25,AMGN,-0.0081022978,0.0093970299,-0.0068415403
2021-06-25,CRM,-0.0043357015,0.0074335337,-0.009750545
2021-06-25,CSCO,-0.0005787015,0.0041714907,-0.0089304447
2021-06-25,IBM,-0.0005441308,0.0051337481,-0.0055986047
2021-06-25,INTC,0.00052917004,0.0062448978,-0.0082303286
2021-06-25,MSFT,-0.003862083,0.0074721575,-0.0073919296
2021-06-25,NKE,-0.0058317184,0.01105535,-0.0074002743
2021-06-25,VZ,-0.0014215708,0.0061472654,-0.0074557662
2021-06-25,WMT,-0.0053108335,0.0071692467,-0.0050264597
2021-06-28,AAPL,-0.002708137,0.013177037,-0.012553751
2021-06-28,AMGN,-0.0096341372,0.013326049,-0.0054659247
2021-06-28,CRM,-0.0077399015,0.010552168,-0.0095114708
2021-06-28,CSCO,-0.0027064681,0.0051412582,-0.010092258
2021-06-28,IBM,-0.0022726059,0.004786253,-0.0058031082
2021-06-28,INTC,-0.00073695183,0.0070059299,-0.0086327791
2021-06-28,MSFT,-0.0049811006,0.0079622269,-0.0088002086
2021-06-28,NKE,-0.0074864626,0.012431264,-0.0074695945
2021-06-28,VZ,-0.0026385784,0.0065288544,-0.0079523921
2021-06-28,WMT,-0.0053933859,0.0075637102,-0.0056472421
2021-06-29,AAPL,-0.0064228177,0.015402675,-0.010393977
2021-06-29,AMGN,-0.011482716,0.014968872,-0.0053489804
2021-06-29,CRM,-0.012862563,0.015188575,-0.0091099739
2021-06-29,CSCO,-0.0037843585,0.0082579851,-0.0091099143
2021-06-29,IBM,-0.0013499856,0.0059356689,-0.0059298277
2021-06-29,INTC,-0.002612412,0.008887291,-0.006221652
2021-06-29,MSFT,-0.0025626421,0.008928299,-0.0074197054
2021-06-29,NKE,-0.0080669522,0.013097405,-0.005612731
2021-06-29,VZ,-0.00099694729,0.0061852932,-0.0077232718
2021-06-29,WMT,-0.0043840408,0.0069843531,-0.0051605701
2021-06-30,AAPL,-0.0051816702,0.011649489,-0.015764415
2021-06-30,AMGN,-0.0078516603,0.013696194,-0.0081124306
2021-06-30,CRM,-0.011061132,0.014410257,-0.015946209
2021-06-30,CSCO,-0.0088168383,0.0086796284,-0.010997057
2021-06-30,IBM,-0.0016363859,0.0062000751,-0.0076234341
2021-06-30,INTC,-6.7353249e-05,0.0082867146,-0.010942042
2021-06-30,MSFT,-0.0032069683,0.009816885,-0.010961592
2021-06-30,NKE,-0.0081958175,0.011491895,-0.010418952
2021-06-30,VZ,-0.0050163269,0.0077188015,-0.010347247
2021-06-30,WMT,-0.0077531338,0.0090659857,-0.006156683
2021-07-01,AAPL,-0.0096027851,0.01702106,-0.0088132024
2021-07-01,AMGN,-0.0076824427,0.01527071,-0.0059397817
2021-07-01,CRM,-0.0078884959,0.018364549,-0.011126161
2021-07-01,CSCO,-0.007642746,0.013837576,-0.0075552464
2021-07-01,IBM,-0.0030218363,0.010371208,-0.0055396557
2021-07-01,INTC,-0.0061494112,0.014254332,-0.007211864
2021-07-01,MSFT,-0.0059098005,0.013475657,-0.007563889
2021-07-01,NKE,-0.010209918,0.014243007,-0.0069932938
2021-07-01,VZ,-0.0079149008,0.012350202,-0.0062198639
2021-07-01,WMT,-0.0067859292,0.011565566,-0.0055109859
2021-07-02,AAPL,0.00040721893,0.0089174509,-0.0067444444
2021-07-02,AMGN,-0.0022848248,0.007329464,-0.0064126253
2021-07-02,CRM,-0.00047981739,0.0099978447,-0.0089613795
2021-07-02,CSCO,-0.0016229749,0.0061758757,-0.0069095492
2021-07-02,IBM,-0.00062799454,0.0058635473,-0.0041456223
2021-07-02,INTC,0.00041377544,0.0068291426,-0.0062071681
2021-07-02,MSFT,-0.0015595555,0.0058041811,-0.0057072639
2021-07-02,NKE,-0.0017293096,0.0083214045,-0.0061939359
2021-07-02,VZ,-0.00071001053,0.0056654215,-0.0060436726
2021-07-02,WMT,-0.0020483732,0.0060511827,-0.0045357347
2021-07-06,AAPL,-0.0046371222,0.0097309351,-0.0064200759
2021-07-06,AMGN,-0.0097212195,0.0089073181,-0.0030883551
2021-07-06,CRM,-0.0050874352,0.0079126358,-0.0048306584
2021-07-06,CSCO,6.0915947e-05,0.0053696632,-0.0064169765
2021-07-06,IBM,-0.0015591979,0.0055451393,-0.0041396022
2021-07-06,INTC,-0.0033479929,0.0062550306,-0.0061400533
2021-07-06,MSFT,-0.0040415525,0.0062440634,-0.0059586167
2021-07-06,NKE,-0.005212009,0.0091433525,-0.0046534538
2021-07-06,VZ,-0.0003567338,0.0055295229,-0.0059016347
2021-07-06,WMT,-0.002664566,0.0048789978,-0.0052671432
2021-07-07,AAPL,-0.0036792159,0.010105371,-0.0086224079
2021-07-07,AMGN,-0.0073028207,0.0079572201,-0.0048916936
2021-07-07,CRM,-0.0059477687,0.007601738,-0.0066026449
2021-07-07,CSCO,-0.0015909076,0.0048288107,-0.0078387856
2021-07-07,IBM,-0.00067925453,0.004522562,-0.0051622987
2021-07-07,INTC,-0.00058978796,0.0050293207,-0.0071737766
2021-07-07,MSFT,-0.0028890967,0.0057679415,-0.0066892505
2021-07-07,NKE,-0.0056313276,0.0096452236,-0.0053578615
2021-07-07,VZ,0.00025331974,0.0051518679,-0.0064669251
2021-07-07,WMT,-0.0045925379,0.0060040951,-0.0057470798
2021-07-08,AAPL,-0.0053773522,0.011253119,-0.0072024465
2021-07-08,AMGN,-0.0069360137,0.0082794428,-0.0044776201
2021-07-08,CRM,-0.0032095909,0.0073760748,-0.0072006583
2021-07-08,CSCO,-0.0010313392,0.0056346655,-0.0068301558
2021-07-08,IBM,-0.0012934804,0.0045192242,-0.0050603151
2021-07-08,INTC,-0.0025957823,0.0068048239,-0.0065819621
2021-07-08,MSFT,-0.0024231076,0.0057692528,-0.0069402456
2021-07-08,NKE,-0.0038907528,0.0099834204,-0.0052133203
2021-07-08,VZ,0.00096988678,0.0056151152,-0.0066393018
2021-07-08,WMT,-0.0023831725,0.0058395863,-0.0051281452
2021-07-09,AAPL,-0.007133007,0.01155138,-0.0088201165
2021-07-09,AMGN,-0.005725503,0.007786274,-0.0045973063
2021-07-09,CRM,-0.0048292875,0.0087566376,-0.008221209
2021-07-09,CSCO,-0.0017608404,0.0047836304,-0.0079168081
2021-07-09,IBM,-0.00058835745,0.0045031309,-0.005017817
2021-07-09,INTC,-0.0019372106,0.0059685707,-0.0070849657
2021-07-09,MSFT,-0.003549099,0.006049037,-0.006744504
2021-07-09,NKE,-0.0040661693,0.009423852,-0.0059143305
2021-07-09,VZ,-0.00038576126,0.0056145191,-0.0070375204
2021-07-09,WMT,-0.0033347011,0.0057220459,-0.0063774586
2021-07-12,AAPL,-0.0068027973,0.01155448,-0.009391129
2021-07-12,AMGN,-0.0068310499,0.008284688,-0.0051053166
2021-07-12,CRM,-0.0026100874,0.0068460703,-0.0097231865
2021-07-12,CSCO,-0.00035989285,0.0048235655,-0.008420527
2021-07-12,IBM,-0.0012122393,0.0051665306,-0.0048433542
2021-07-12,INTC,-0.00095784664,0.0059984922,-0.0075924397
2021-07-12,MSFT,-0.0032507777,0.0066199303,-0.0070601106
2021-07-12,NKE,-0.0047840476,0.0092430115,-0.0065116286
2021-07-12,VZ,-0.0022801757,0.0069127083,-0.006205976
2021-07-12,WMT,-0.0064364672,0.0080033541,-0.0047753453
2021-07-13,AAPL,-0.0053683519,0.010639548,-0.011158347
2021-07-13,AMGN,-0.0072754622,0.0072551966,-0.0062383413
2021-07-13,CRM,-0.0015826821,0.0049217939,-0.010387599
2021-07-13,CSCO,-0.00048452616,0.0041124821,-0.008803606
2021-07-13,IBM,-0.0028233528,0.0054877996,-0.0052461624
2021-07-13,INTC,-0.0020236969,0.0054574013,-0.0087159872
2021-07-13,MSFT,-0.0055273771,0.0060901642,-0.0077993274
2021-07-13,NKE,-0.005687952,0.0090719461,-0.0066747069
2021-07-13,VZ,-0.004221499,0.0073341131,-0.0072848201
2021-07-13,WMT,-0.007420361,0.0084040165,-0.0051755905
2021-07-14,AAPL,-0.0036078691,0.011140227,-0.0098090768
2021-07-14,AMGN,-0.0052265525,0.0082317591,-0.0052776933
2021-07-14,CRM,-0.00068175793,0.0047520399,-0.0088626146
2021-07-14,CSCO,-0.00073766708,0.004805088,-0.008210361
2021-07-14,IBM,9.3460083e-05,0.0051925182,-0.0052200556
2021-07-14,INTC,0.00082588196,0.0060088634,-0.0078048706
2021-07-14,MSFT,-0.003133595,0.0062013865,-0.0076832175
2021-07-14,NKE,-0.0046759844,0.0095794201,-0.0054525137
2021-07-14,VZ,-0.0020033121,0.006685257,-0.0068699121
2021-07-14,WMT,-0.0061659217,0.0077700615,-0.004989028
2021-07-15,AAPL,-0.0023508072,0.01066494,-0.0099011064
2021-07-15,AMGN,-0.0066332221,0.008027792,-0.0051717162
2021-07-15,CRM,-0.0022323132,0.0068746805,-0.0077768564
2021-07-15,CSCO,-0.00070571899,0.0041992664,-0.0082317591
2021-07-15,IBM,-0.0016385913,0.0053690672,-0.004889071
2021-07-15,INTC,-0.0012492537,0.0057725906,-0.0069019794
2021-07-15,MSFT,-0.0035711527,0.0057108402,-0.0076597333
2021-07-15,NKE,-0.0046110749,0.010823607,-0.0051165223
2021-07-15,VZ,-0.0014996529,0.0068018436,-0.0069590807
2021-07-15,WMT,-0.0057677627,0.0071091652,-0.0056149364
2021-07-16,AAPL,-0.0075209141,0.013473868,-0.0096364617
2021-07-16,AMGN,-0.0047206283,0.0074846745,-0.0062798858
2021-07-16,CRM,-0.0081593394,0.009499073,-0.0077482462
2021-07-16,CSCO,-0.0032565594,0.005471468,-0.0083188415
2021-07-16,IBM,-0.0025076866,0.0047605038,-0.0051993132
2021-07-16,INTC,-0.00273633,0.0061539412,-0.0070032477
2021-07-16,MSFT,-0.0050996542,0.0063178539,-0.0071455836
2021-07-16,NKE,-0.0064233541,0.01061213,-0.0059357285
2021-07-16,VZ,-3.0398369e-05,0.0068849325,-0.0080478787
2021-07-16,WMT,-0.0033821464,0.0061790943,-0.0065205693
2021-07-19,AAPL,-0.0045951009,0.012668371,-0.010560036
2021-07-19,AMGN,-0.006148994,0.0080071688,-0.0054323673
2021-07-19,CRM,-0.0082833767,0.0093121529,-0.0094675422
2021-07-19,CSCO,-0.0028228164,0.0055915117,-0.0079965591
2021-07-19,IBM,-0.0025122166,0.005183816,-0.0051359534
2021-07-19,INTC,-0.0021294951,0.0061402321,-0.0072843432
2021-07-19,MSFT,-0.0055675507,0.0065350533,-0.0076264739
2021-07-19,NKE,-0.0051793456,0.010119438,-0.0066114068
2021-07-19,VZ,-0.0015864372,0.0065091848,-0.0077693462
2021-07-19,WMT,-0.004602015,0.0067996979,-0.0057919621
2021-07-20,AAPL,-0.0065480471,0.011816263,-0.0098267794
2021-07-20,AMGN,-0.0047376752,0.0078263283,-0.0063806772
2021-07-20,CRM,-0.0049655437,0.0082165003,-0.0086600184
2021-07-20,CSCO,-0.0022470951,0.0057297945,-0.0084207058
2021-07-20,IBM,-0.0024802089,0.0057145357,-0.0055553317
2021-07-20,INTC,-0.0012246966,0.0061113834,-0.0079209805
2021-07-20,MSFT,-0.0049443841,0.0068558455,-0.0074756742
2021-07-20,NKE,-0.0047499537,0.0096390247,-0.0063811541
2021-07-20,VZ,-0.0022258162,0.0066485405,-0.0073005557
2021-07-20,WMT,-0.0051487684,0.0072212219,-0.0051237345
2021-07-21,AAPL,-0.0035762787,0.011854887,-0.0087176561
2021-07-21,AMGN,-0.0054727197,0.0080682039,-0.0051820874
2021-07-21,CRM,-0.0037454963,0.0076975822,-0.0090272427
2021-07-21,CSCO,-0.00047844648,0.0044696331,-0.0085338354
2021-07-21,IBM,-0.00015592575,0.0053124428,-0.0050399303
2021-07-21,INTC,0.0016393661,0.0059696436,-0.0067529082
2021-07-21,MSFT,-0.0030573606,0.0061029196,-0.0074786544
2021-07-21,NKE,-0.0059188604,0.010518312,-0.0043507814
2021-07-21,VZ,-0.0010573864,0.0069397688,-0.0067831278
2021-07-21,WMT,-0.0053337812,0.0069041252,-0.0049037933
2021-07-22,AAPL,-0.0043258071,0.011924267,-0.0088401437
2021-07-22,AMGN,-0.0065728426,0.0089334249,-0.0045570731
2021-07-22,CRM,-0.001529634,0.0067001581,-0.0089708567
2021-07-22,CSCO,-0.0012488961,0.0050492287,-0.0080788732
2021-07-22,IBM,-0.0020006895,0.0057586432,-0.0046617389
2021-07-22,INTC,-0.00014656782,0.0058550835,-0.0068907142
2021-07-22,MSFT,-0.0033570528,0.0061202049,-0.0064536333
2021-07-22,NKE,-0.0065775514,0.011078954,-0.0047239065
2021-07-22,VZ,-0.0026424527,0.0067421198,-0.0057172179
2021-07-22,WMT,-0.0065481067,0.0079048872,-0.0044817924
2021-07-23,AAPL,-0.0064759851,0.011393189,-0.010702968
2021-07-23,AMGN,-0.0052288175,0.0077939034,-0.0060807467
2021-07-23,CRM,-0.0022704601,0.006005764,-0.0088291764
2021-07-23,CSCO,-0.0027021766,0.003852129,-0.0093781352
2021-07-23,IBM,-0.0028204322,0.0054256916,-0.0053965449
2021-07-23,INTC,-0.0018568635,0.0060353279,-0.008628428
2021-07-23,MSFT,-0.0043618679,0.0058414936,-0.0079284906
2021-07-23,NKE,-0.005838573,0.0088570118,-0.0068297386
2021-07-23,VZ,-0.0035982132,0.006883502,-0.007142365
2021-07-23,WMT,-0.0068413615,0.0076534748,-0.005409658
2021-07-26,AAPL,-0.0053392649,0.012409925,-0.009413898
2021-07-26,AMGN,-0.006141305,0.0089836121,-0.0063764453
2021-07-26,CRM,-0.0062409639,0.008148551,-0.008857429
2021-07-26,CSCO,-0.002032876,0.0050961971,-0.0091586113
2021-07-26,IBM,0.00014209747,0.0055351257,-0.0060200691
2021-07-26,INTC,-0.00084739923,0.006234169,-0.0074293613
2021-07-26,MSFT,-0.0047498345,0.0063613653,-0.0086073875
2021-07-26,NKE,-0.003995657,0.010311127,-0.0056633353
2021-07-26,VZ,-0.0028083324,0.0078561306,-0.0067389607
2021-07-26,WMT,-0.0054792762,0.0072832108,-0.0051531792
2021-07-27,AAPL,-0.0019803643,0.01005435,-0.010393262
2021-07-27,AMGN,-0.0045247674,0.0077456236,-0.0062296391
2021-07-27,CRM,0.00093126297,0.005972743,-0.0093762279
2021-07-27,CSCO,0.00032520294,0.0040951967,-0.0091666579
2021-07-27,IBM,-0.00027740002,0.0055992603,-0.0058180094
2021-07-27,INTC,0.0019458532,0.0067423582,-0.0081988573
2021-07-27,MSFT,-0.0038217902,0.006519556,-0.0075554848
2021-07-27,NKE,-0.0045342445,0.0096859932,-0.0056025386
2021-07-27,VZ,-0.0033302307,0.0070972443,-0.0065864325
2021-07-27,WMT,-0.0068466663,0.0084776878,-0.0045357943
2021-07-28,AAPL,-0.0029089451,0.011416793,-0.0092618465
2021-07-28,AMGN,-0.0070712566,0.0097161531,-0.0058556199
2021-07-28,CRM,-0.0061053038,0.00803864,-0.0070584416
2021-07-28,CSCO,-0.0022571087,0.0055365562,-0.0093877912
2021-07-28,IBM,-0.001909554,0.0058726072,-0.0053151846
2021-07-28,INTC,-0.0025931001,0.0072838068,-0.0077073574
2021-07-28,MSFT,-0.0031410456,0.0070207119,-0.0072839856
2021-07-28,NKE,-0.0070841908,0.01119411,-0.0060648322
2021-07-28,VZ,-0.0027073026,0.0066128969,-0.0070977211
2021-07-28,WMT,-0.0053501129,0.0071982145,-0.0052343607
2021-07-29,AAPL,-0.0062863231,0.011898994,-0.0089783669
2021-07-29,AMGN,-0.0097751617,0.012056589,-0.0062356591
2021-07-29,CRM,-0.012612402,0.01322031,-0.0081345439
2021-07-29,CSCO,-0.0032315254,0.0062658787,-0.0091096163
2021-07-29,IBM,-0.00031429529,0.0052319765,-0.0054672956
2021-07-29,INTC,-0.0030831099,0.0071191788,-0.0056900978
2021-07-29,MSFT,-0.0035238862,0.0078238249,-0.0078797936
2021-07-29,NKE,-0.007163465,0.010370016,-0.0053346753
2021-07-29,VZ,-0.00089681149,0.0060589314,-0.0075272322
2021-07-29,WMT,-0.0033684373,0.0052504539,-0.0059764981
2021-07-30,AAPL,-0.0056251884,0.011525512,-0.011940598
2021-07-30,AMGN,-0.0068659186,0.011828303,-0.0067744851
2021-07-30,CRM,-0.0069971085,0.011384249,-0.012699127
2021-07-30,CSCO,-0.0065532327,0.0069473982,-0.010159135
2021-07-30,IBM,-0.0020878315,0.0061454773,-0.0058486462
2021-07-30,INTC,-0.0015482903,0.007694006,-0.0091998577
2021-07-30,MSFT,-0.0037879944,0.0084773302,-0.0092887282
2021-07-30,NKE,-0.0073722601,0.010111809,-0.0085298419
2021-07-30,VZ,-0.0047917366,0.0071249008,-0.0081036091
2021-07-30,WMT,-0.0072915554,0.0083127022,-0.0048420429
2021-08-02,AAPL,-0.010258913,0.015478373,-0.010509133
2021-08-02,AMGN,-0.0070691705,0.01257813,-0.0069127083
2021-08-02,CRM,-0.0065027475,0.01547575,-0.011351347
2021-08-02,CSCO,-0.007078588,0.011974096,-0.0080459714
2021-08-02,IBM,-0.00225842,0.0086952448,-0.0057459474
2021-08-02,INTC,-0.0049722195,0.012243748,-0.0076313019
2021-08-02,MSFT,-0.0049990416,0.011049986,-0.0081734061
2021-08-02,NKE,-0.0070278049,0.011648417,-0.0072135925
2021-08-02,VZ,-0.0067030787,0.01030302,-0.0062534213
2021-08-02,WMT,-0.0053476691,0.0099482536,-0.0052224398
2021-08-03,AAPL,0.00033950806,0.0083897114,-0.0078117847
2021-08-03,AMGN,-0.0022214055,0.0069279671,-0.006298244
2021-08-03,CRM,-0.0010943413,0.010191321,-0.0082067847
2021-08-03,CSCO,-0.0011712313,0.0059574842,-0.006891489
2021-08-03,IBM,0.00031173229,0.0048911572,-0.0045665503
2021-08-03,INTC,5.6028366e-05,0.006092906,-0.0064954162
2021-08-03,MSFT,-0.001609385,0.0056934357,-0.006478548
2021-08-03,NKE,-0.0021938682,0.0087053776,-0.0067487955
2021-08-03,VZ,0.00011444092,0.0056545734,-0.0068206787
2021-08-03,WMT,-0.00062388182,0.0051938295,-0.0051199794
2021-08-04,AAPL,-0.0045124888,0.0099533796,-0.0063889623
2021-08-04,AMGN,-0.010203958,0.0096675158,-0.0026163459
2021-08-04,CRM,-0.0057977438,0.0083577633,-0.0044804215
2021-08-04,CSCO,0.0003067255,0.0054712296,-0.0066075921
2021-08-04,IBM,-0.0016255975,0.0058628321,-0.0039510727
2021-08-04,INTC,0.0003786087,0.0056438446,-0.0054356456
2021-08-04,MSFT,-0.0032261014,0.0058971643,-0.0066604018
2021-08-04,NKE,-0.006213069,0.009622097,-0.0044688582
2021-08-04,VZ,-0.00096714497,0.0064604282,-0.0054813623
2021-08-04,WMT,-0.0031977892,0.005166173,-0.0051876903
2021-08-05,AAPL,-0.0061200857,0.011646509,-0.0076875091
2021-08-05,AMGN,-0.0066391826,0.0081385374,-0.0046901107
2021-08-05,CRM,-0.0054650903,0.0083953142,-0.0055926442
2021-08-05,CSCO,-0.0018248558,0.0054427385,-0.0069795847
2021-08-05,IBM,-0.0022469759,0.0056357384,-0.0042687654
2021-08-05,INTC,2.1696091e-05,0.0058128834,-0.006603539
2021-08-05,MSFT,-0.0034492612,0.0062874556,-0.0061335564
2021-08-05,NKE,-0.0067682862,0.010598302,-0.0039265156
2021-08-05,VZ,5.9008598e-05,0.0061547756,-0.0065094233
2021-08-05,WMT,-0.0039459467,0.0067596436,-0.0047476888
2021-08-06,AAPL,-0.0052767396,0.010782242,-0.0076170564
2021-08-06,AMGN,-0.0095445514,0.0092875957,-0.003154397
2021-08-06,CRM,-0.0013548732,0.0058767796,-0.0075144768
2021-08-06,CSCO,-0.0013628602,0.0061081648,-0.0071156621
2021-08-06,IBM,-0.0023970604,0.0053203106,-0.0042613149
2021-08-06,INTC,-0.0013644099,0.00572896,-0.0070769191
2021-08-06,MSFT,-0.0026589632,0.005403161,-0.0067772269
2021-08-06,NKE,-0.0061807036,0.010527968,-0.0052269697
2021-08-06,VZ,-0.00047022104,0.0068359375,-0.0061910152
2021-08-06,WMT,-0.0050660372,0.0070159435,-0.004812181
2021-08-09,AAPL,-0.0053117275,0.011194468,-0.0096485019
2021-08-09,AMGN,-0.009103775,0.0087428093,-0.0041250587
2021-08-09,CRM,-0.0041086674,0.0069659948,-0.0077624917
2021-08-09,CSCO,-0.0033376813,0.0047870874,-0.0077893138
2021-08-09,IBM,-0.0020034909,0.0059660673,-0.0046464801
2021-08-09,INTC,-0.0029072165,0.0058293343,-0.0066489577
2021-08-09,MSFT,-0.0054024458,0.0065239668,-0.0065956116
2021-08-09,NKE,-0.0054088235,0.00956285,-0.0063393712
2021-08-09,VZ,-0.0018657446,0.0061559677,-0.0069241524
2021-08-09,WMT,-0.0060009956,0.0068087578,-0.005276382
2021-08-10,AAPL,-0.0055301785,0.010677934,-0.0089381933
2021-08-10,AMGN,-0.0051777959,0.0079294443,-0.0054414272
2021-08-10,CRM,-0.00095152855,0.0044564009,-0.0092874169
2021-08-10,CSCO,-0.00039553642,0.0054767132,-0.0084725022
2021-08-10,IBM,-0.0010684133,0.0056096315,-0.004739821
2021-08-10,INTC,-0.00076681376,0.0061957836,-0.0074294209
2021-08-10,MSFT,-0.0026074052,0.0059257746,-0.0073966384
2021-08-10,NKE,-0.0047113895,0.0091507435,-0.005540967
2021-08-10,VZ,-0.0018020868,0.0071583986,-0.0062499046
2021-08-10,WMT,-0.0064666271,0.0077973604,-0.0047982335
2021-08-11,AAPL,-0.0075023174,0.012211323,-0.010280669
2021-08-11,AMGN,-0.0082120895,0.0089508295,-0.0054168701
2021-08-11,CRM,-0.0043789148,0.0064140558,-0.0088811517
2021-08-11,CSCO,-0.0027791858,0.0052053928,-0.0087465048
2021-08-11,IBM,-0.0015186667,0.0055352449,-0.0050962567
2021-08-11,INTC,-0.0017518997,0.0059996843,-0.0077418089
2021-08-11,MSFT,-0.0042306781,0.0061172247,-0.0076880455
2021-08-11,NKE,-0.0041890144,0.0095773935,-0.0070411563
2021-08-11,VZ,-0.0020455122,0.006937623,-0.0075166225
2021-08-11,WMT,-0.0051319003,0.0069997311,-0.0052862763
2021-08-12,AAPL,-0.0053172708,0.011505961,-0.0092466474
2021-08-12,AMGN,-0.0057548285,0.0079613924,-0.0053638816
2021-08-12,CRM,-0.0019104481,0.0066249371,-0.0093906522
2021-08-12,CSCO,-0.00012296438,0.0044631958,-0.0084753036
2021-08-12,IBM,-0.00057917833,0.0058507919,-0.0049196482
2021-08-12,INTC,0.00072836876,0.0061014891,-0.0071334839
2021-08-12,MSFT,-0.0031898618,0.006506443,-0.0075406432
2021-08-12,NKE,-0.0042818189,0.0099492073,-0.0055778623
2021-08-12,VZ,-0.0026633143,0.0073004961,-0.0062119365
2021-08-12,WMT,-0.0070040226,0.0077259541,-0.003978014
2021-08-13,AAPL,-0.0021468401,0.010807157,-0.0095518827
2021-08-13,AMGN,-0.0060457587,0.0082321167,-0.0058093071
2021-08-13,CRM,-0.0006557107,0.0058721304,-0.0090342164
2021-08-13,CSCO,-0.0011197925,0.0046460629,-0.0082833767
2021-08-13,IBM,-0.0013073683,0.0058732033,-0.0051653981
2021-08-13,INTC,-0.0010375381,0.0062321424,-0.0073161721
2021-08-13,MSFT,-0.0039426684,0.0059400797,-0.0076932907
2021-08-13,NKE,-0.0052662492,0.0095318556,-0.0053178072
2021-08-13,VZ,-0.0032436252,0.0070879459,-0.007073462
2021-08-13,WMT,-0.0064342618,0.0072309971,-0.0045035481
2021-08-16,AAPL,-0.0055118203,0.012495637,-0.0088751316
2021-08-16,AMGN,-0.0067648292,0.008220911,-0.0057439208
2021-08-16,CRM,-0.0068368316,0.0083426237,-0.0079748034
2021-08-16,CSCO,-0.0029522181,0.0044078827,-0.0087150931
2021-08-16,IBM,-0.0015026927,0.005022049,-0.0048907399
2021-08-16,INTC,-0.0026792884,0.0058441162,-0.0077588558
2021-08-16,MSFT,-0.0050498843,0.0059298277,-0.0082101226
2021-08-16,NKE,-0.00536412,0.0096870661,-0.0060981512
2021-08-16,VZ,-0.0022448897,0.0069167614,-0.0071792006
2021-08-16,WMT,-0.005403161,0.0066928864,-0.005718708
2021-08-17,AAPL,-0.0064558387,0.012971282,-0.0088807344
2021-08-17,AMGN,-0.0062102675,0.0086297989,-0.0052779913
2021-08-17,CRM,-0.0083667636,0.0099910498,-0.0075466037
2021-08-17,CSCO,-0.002427578,0.0054602623,-0.0086043477
2021-08-17,IBM,-0.0010308623,0.0050245523,-0.0051245689
2021-08-17,INTC,-0.001498878,0.0065414906,-0.0074833035
2021-08-17,MSFT,-0.0046027899,0.0063928366,-0.007589817
2021-08-17,NKE,-0.0044845343,0.010053992,-0.0057224035
2021-08-17,VZ,-0.0003580451,0.0066331625,-0.0078758001
2021-08-17,WMT,-0.0029568672,0.0061600208,-0.0060181618
2021-08-18,AAPL,-0.0043759346,0.011179447,-0.0096142888
2021-08-18,AMGN,-0.0065222383,0.0090782642,-0.0051000714
2021-08-18,CRM,-0.0037709475,0.0086250305,-0.0086401701
2021-08-18,CSCO,-0.00094199181,0.0041832924,-0.0085904598
2021-08-18,IBM,-0.00043332577,0.0053508282,-0.0050567985
2021-08-18,INTC,0.00096857548,0.0058149099,-0.0068648458
2021-08-18,MSFT,-0.0026111603,0.0064378977,-0.0072587729
2021-08-18,NKE,-0.0051579475,0.0098221302,-0.0050663948
2021-08-18,VZ,-0.0016237497,0.0074617863,-0.0068765879
2021-08-18,WMT,-0.0057017207,0.0070010424,-0.0052252412
2021-08-19,AAPL,-0.0058512688,0.011452436,-0.0096516013
2021-08-19,AMGN,-0.0037558675,0.007687211,-0.0070601702
2021-08-19,CRM,-0.0035355091,0.0069643259,-0.00992167
2021-08-19,CSCO,-0.0025301576,0.0044336319,-0.0087863803
2021-08-19,IBM,-0.0028326511,0.0063775778,-0.004858911
2021-08-19,INTC,-0.00046420097,0.0058072805,-0.0081178546
2021-08-19,MSFT,-0.0033709407,0.0068091154,-0.0072852373
2021-08-19,NKE,-0.0064998269,0.010023355,-0.0054235458
2021-08-19,VZ,-0.004258275,0.0078543425,-0.0065456033
2021-08-19,WMT,-0.0082674026,0.0084965229,-0.004321456
2021-08-20,AAPL,-0.006515801,0.012804151,-0.010341346
2021-08-20,AMGN,-0.0065563321,0.0089946985,-0.0061789751
2021-08-20,CRM,-0.0029330254,0.0070205927,-0.009003222
2021-08-20,CSCO,-0.0025894046,0.0047483444,-0.0087950826
2021-08-20,IBM,-0.002196908,0.0060851574,-0.0050723553
2021-08-20,INTC,-0.0012683272,0.0063376427,-0.0079590082
2021-08-20,MSFT,-0.004814446,0.0064477921,-0.0082440376
2021-08-20,NKE,-0.0046832561,0.00966537,-0.0059602857
2021-08-20,VZ,-0.0039035678,0.0078542233,-0.0075458884
2021-08-20,WMT,-0.005892992,0.0070387125,-0.0053060055
2021-08-23,AAPL,-0.0069414973,0.012206197,-0.0098218918
2021-08-23,AMGN,-0.0048256516,0.0077303648,-0.0057681203
2021-08-23,CRM,-0.0019347668,0.0063638687,-0.0091719627
2021-08-23,CSCO,-0.003775835,0.004793644,-0.0078781247
2021-08-23,IBM,-0.0032206774,0.0064702034,-0.0047420263
2021-08-23,INTC,-0.0025684237,0.006532073,-0.0072132945
2021-08-23,MSFT,-0.0050903559,0.0069371462,-0.0077896714
2021-08-23,NKE,-0.0034779906,0.008379817,-0.0057365894
2021-08-23,VZ,-0.0046782494,0.0075498819,-0.0067173243
2021-08-23,WMT,-0.006755352,0.0076042414,-0.0047326088
2021-08-24,AAPL,-0.0042468905,0.012321353,-0.0096490383
2021-08-24,AMGN,-0.0061071515,0.0088658333,-0.005094409
2021-08-24,CRM,-0.0029041171,0.0066483021,-0.008484304
2021-08-24,CSCO,0.00022113323,0.0046573877,-0.009088099
2021-08-24,IBM,-0.0005839467,0.0056405067,-0.0051955581
2021-08-24,INTC,-0.00016963482,0.006439209,-0.0084351897
2021-08-24,MSFT,-0.0031561852,0.0057882071,-0.0076057315
2021-08-24,NKE,-0.0036640167,0.0097019672,-0.0057385564
2021-08-24,VZ,-0.0026498437,0.007242918,-0.006975472
2021-08-24,WMT,-0.0044667125,0.0062735081,-0.0048388839
2021-08-25,AAPL,-0.0045314431,0.012178063,-0.0095696449
2021-08-25,AMGN,-0.006147027,0.008665204,-0.0062561035
2021-08-25,CRM,-0.0021829009,0.0068632364,-0.0083658695
2021-08-25,CSCO,0.00040698051,0.0046787262,-0.0083095431
2021-08-25,IBM,-0.00074571371,0.0054504871,-0.0055091977
2021-08-25,INTC,-9.2983246e-05,0.0072494745,-0.0068792701
2021-08-25,MSFT,-0.0027942061,0.0066372156,-0.0066241026
2021-08-25,NKE,-0.0053389072,0.010423541,-0.0055623055
2021-08-25,VZ,-0.0023017526,0.0074919462,-0.0062147379
2021-08-25,WMT,-0.0036537051,0.0069167614,-0.004940629
2021-08-26,AAPL,-0.004784584,0.012583852,-0.010571241
2021-08-26,AMGN,-0.0079358816,0.010834813,-0.0059227943
2021-08-26,CRM,-0.0068012476,0.0089095831,-0.0085304379
2021-08-26,CSCO,-0.0028746128,0.0057064295,-0.0097565055
2021-08-26,IBM,-0.0027416945,0.0056191683,-0.0056204796
2021-08-26,INTC,-0.0013414025,0.0071954727,-0.0065521598
2021-08-26,MSFT,-0.0037840605,0.0068494081,-0.007681191
2021-08-26,NKE,-0.0066106319,0.011027336,-0.0063550472
2021-08-26,VZ,-0.0043764114,0.007357955,-0.0068746805
2021-08-26,WMT,-0.0058770776,0.0075135231,-0.0052412748
2021-08-27,AAPL,-0.0061405301,0.01348865,-0.0097349286
2021-08-27,AMGN,-0.011275053,0.013170838,-0.0055128932
2021-08-27,CRM,-0.011247814,0.012351036,-0.0078142285
2021-08-27,CSCO,-0.0024979711,0.0065348148,-0.0092548132
2021-08-27,IBM,-0.002251327,0.0060975552,-0.0051004887
2021-08-27,INTC,-0.002624929,0.0080883503,-0.0058456659
2021-08-27,MSFT,-0.0048120022,0.0081479549,-0.0070260167
2021-08-27,NKE,-0.0069894195,0.011808276,-0.0048540235
2021-08-27,VZ,-0.0030220747,0.0072216988,-0.0074694753
2021-08-27,WMT,-0.0054177642,0.0071371794,-0.0049039125
2021-08-30,AAPL,-0.0059344769,0.01156652,-0.012460172
2021-08-30,AMGN,-0.008085072,0.012782216,-0.0068768263
2021-08-30,CRM,-0.0068593025,0.011763096,-0.012379467
2021-08-30,CSCO,-0.007255733,0.0080837011,-0.0098160505
2021-08-30,IBM,-0.0020510554,0.0059832335,-0.0064857006
2021-08-30,INTC,-0.00081127882,0.0087120533,-0.010386705
2021-08-30,MSFT,-0.0038858056,0.0088596344,-0.0098954439
2021-08-30,NKE,-0.0070806146,0.01067245,-0.0085983872
2021-08-30,VZ,-0.0059238076,0.0081415176,-0.0084636807
2021-08-30,WMT,-0.0087295175,0.0092031956,-0.0046440363
2021-08-31,AAPL,-0.0091657639,0.014651179,-0.010110199
2021-08-31,AMGN,-0.0083229542,0.013285279,-0.0061020851
2021-08-31,CRM,-0.0045148134,0.014451504,-0.011312127
2021-08-31,CSCO,-0.0070573688,0.011749864,-0.0086491704
2021-08-31,IBM,-0.0020917654,0.0083788633,-0.0059257746
2021-08-31,INTC,-0.0042409301,0.011813164,-0.0089627504
2021-08-31,MSFT,-0.0046542883,0.010970473,-0.0081104636
2021-08-31,NKE,-0.0070593357,0.012174249,-0.0075147748
2021-08-31,VZ,-0.0072973371,0.011266708,-0.0062503815
2021-08-31,WMT,-0.0074358582,0.011404991,-0.0050527453
2021-09-01,AAPL,0.0016657114,0.0073057413,-0.0080524087
2021-09-01,AMGN,-0.00088500977,0.0071732998,-0.0067189336
2021-09-01,CRM,0.0009521246,0.0086164474,-0.0090028048
2021-09-01,CSCO,0.0010550022,0.0050214529,-0.0078406334
2021-09-01,IBM,0.0007314682,0.0046548843,-0.0052050352
2021-09-01,INTC,0.0025042295,0.0050065517,-0.0073583126
2021-09-01,MSFT,-0.00023037195,0.0048886538,-0.0070770979
2021-09-01,NKE,-0.0003670454,0.0080776215,-0.0065649748
2021-09-01,VZ,0.0001758337,0.0052243471,-0.0063155293
2021-09-01,WMT,-0.00042116642,0.0052925348,-0.0056323409
2021-09-02,AAPL,-0.0023611784,0.0095108747,-0.0070945621
2021-09-02,AMGN,-0.0096154809,0.00925529,-0.0031532645
2021-09-02,CRM,-0.0055136085,0.008031249,-0.0055552125
2021-09-02,CSCO,7.712841e-05,0.0047290325,-0.0068814754
2021-09-02,IBM,-0.0015807152,0.005756259,-0.0040671229
2021-09-02,INTC,-0.0018250346,0.0059429407,-0.0058968663
2021-09-02,MSFT,-0.0026717782,0.0057749748,-0.0064902306
2021-09-02,NKE,-0.0035230517,0.0081605911,-0.0059176683
2021-09-02,VZ,-0.001491487,0.0061680079,-0.0058870912
2021-09-02,WMT,-0.0026260018,0.0049141645,-0.0057807565
2021-09-03,AAPL,-0.005813241,0.011274338,-0.0080848336
2021-09-03,AMGN,-0.0050778985,0.0069055557,-0.0053289533
2021-09-03,CRM,-0.006385088,0.0092098713,-0.0060467124
2021-09-03,CSCO,-0.00088340044,0.0052964687,-0.0074295402
2021-09-03,IBM,-0.0016154647,0.005277276,-0.0046127439
2021-09-03,INTC,-0.00013029575,0.0046485662,-0.0066335201
2021-09-03,MSFT,-0.003031373,0.0059262514,-0.0071864128
2021-09-03,NKE,-0.0064411759,0.0094701052,-0.0039990544
2021-09-03,VZ,-0.00055420399,0.0057126284,-0.0059657097
2021-09-03,WMT,-0.0027870536,0.0059690475,-0.0052332282
2021-09-07,AAPL,-0.0052277446,0.010740757,-0.0078586936
2021-09-07,AMGN,-0.0081270337,0.0094102621,-0.0035691261
2021-09-07,CRM,-0.0022038817,0.0070852041,-0.0064086914
2021-09-07,CSCO,-0.00076329708,0.0055987835,-0.0074121356
2021-09-07,IBM,-0.0011594296,0.0057162046,-0.0042577386
2021-09-07,INTC,-0.0013952851,0.0063223839,-0.00605762
2021-09-07,MSFT,-0.0017627478,0.0057725906,-0.0070712566
2021-09-07,NKE,-0.0060684681,0.010109544,-0.0044711232
2021-09-07,VZ,-0.0014797449,0.0064089298,-0.0054665208
2021-09-07,WMT,-0.0040344,0.0070062876,-0.004799664
2021-09-08,AAPL,-0.0034126043,0.0097123384,-0.010898769
2021-09-08,AMGN,-0.0085311532,0.0091432333,-0.0045799017
2021-09-08,CRM,-0.0045747757,0.0060725212,-0.0098072886
2021-09-08,CSCO,-0.00062537193,0.0043053627,-0.0089120865
2021-09-08,IBM,-0.001154542,0.0046806335,-0.0052646399
2021-09-08,INTC,-0.00030821562,0.0052760839,-0.0076155663
2021-09-08,MSFT,-0.004311502,0.0062726736,-0.007445097
2021-09-08,NKE,-0.0046924353,0.0090533495,-0.0072527528
2021-09-08,VZ,-0.0027419925,0.0062402487,-0.0067913532
2021-09-08,WMT,-0.0054963231,0.0071601868,-0.0047212243
2021-09-09,AAPL,-0.0031398535,0.010783195,-0.0090186596
2021-09-09,AMGN,-0.0056211352,0.0082176924,-0.0049558282
2021-09-09,CRM,-0.0010649562,0.0056502819,-0.008441627
2021-09-09,CSCO,-0.000659585,0.0047947168,-0.0077440739
2021-09-09,IBM,-0.00020867586,0.0054937601,-0.0048139691
2021-09-09,INTC,0.00021541119,0.0060031414,-0.0070893168
2021-09-09,MSFT,-0.0025259852,0.0064169168,-0.0076489449
2021-09-09,NKE,-0.0049034357,0.0096715689,-0.0059915781
2021-09-09,VZ,-0.0020770431,0.0070325136,-0.0062330961
2021-09-09,WMT,-0.0064825416,0.0078070164,-0.0050550103
2021-09-10,AAPL,-0.0050465465,0.010269046,-0.010674834
2021-09-10,AMGN,-0.0068415999,0.0083614588,-0.0055459738
2021-09-10,CRM,-0.0040216446,0.0065118074,-0.0084394813
2021-09-10,CSCO,-0.0017994642,0.0048253536,-0.0093570948
2021-09-10,IBM,-0.0018050671,0.005628705,-0.0047776699
2021-09-10,INTC,-0.0018395185,0.0062481165,-0.0079513788
2021-09-10,MSFT,-0.0043460727,0.0062515736,-0.0077130198
2021-09-10,NKE,-0.0056772232,0.0096719265,-0.0060830116
2021-09-10,VZ,-0.0036293268,0.0072076321,-0.0070892572
2021-09-10,WMT,-0.0059555769,0.007019639,-0.0054843426
2021-09-13,AAPL,-0.0023810863,0.011517882,-0.0094572306
2021-09-13,AMGN,-0.0074474812,0.0087877512,-0.0052396059
2021-09-13,CRM,-0.0045372844,0.0066995621,-0.0084881783
2021-09-13,CSCO,0.00045681,0.004348278,-0.0087193847
2021-09-13,IBM,0.00090992451,0.0048514605,-0.0055035353
2021-09-13,INTC,0.0012761354,0.0051621199,-0.0077505112
2021-09-13,MSFT,-0.001509428,0.005892992,-0.0079496503
2021-09-13,NKE,-0.0053768754,0.0096793175,-0.0051191449
2021-09-13,VZ,-0.0018133521,0.0066982508,-0.00668329
2021-09-13,WMT,-0.005186975,0.0067541599,-0.0055686831
2021-09-14,AAPL,-0.0015890002,0.0093524456,-0.010575056
2021-09-14,AMGN,-0.0063099861,0.0084067583,-0.004946053
2021-09-14,CRM,-0.00062578917,0.0055303574,-0.0094998479
2021-09-14,CSCO,-0.00078606606,0.0034552813,-0.0085397363
2021-09-14,IBM,-0.0007942915,0.004778266,-0.0053260922
2021-09-14,INTC,0.00097715855,0.0051556826,-0.0080064535
2021-09-14,MSFT,-0.0013270974,0.0050747395,-0.0080426931
2021-09-14,NKE,-0.0036674738,0.0092052221,-0.0054729581
2021-09-14,VZ,-0.0023155808,0.0067001581,-0.0073408484
2021-09-14,WMT,-0.0066042542,0.0072486401,-0.0049368143
2021-09-15,AAPL,-0.0058144331,0.010729313,-0.0093533397
2021-09-15,AMGN,-0.004766345,0.0074913502,-0.0060328841
2021-09-15,CRM,-0.0043301582,0.0074751377,-0.0082604289
2021-09-15,CSCO,-0.0028477907,0.0048106909,-0.0087674856
2021-09-15,IBM,-0.0023476481,0.00461483,-0.0061042905
2021-09-15,INTC,-0.0026233792,0.0056228638,-0.007872045
2021-09-15,MSFT,-0.0031974316,0.0054728985,-0.0083563924
2021-09-15,NKE,-0.0046159625,0.0093511343,-0.0056765676
2021-09-15,VZ,-0.0011608601,0.0062286854,-0.0077775717
2021-09-15,WMT,-0.0046705008,0.0065065622,-0.0059573054
2021-09-16,AAPL,-0.0060544014,0.01091361,-0.0089848042
2021-09-16,AMGN,-0.0029395819,0.0062541962,-0.007972002
2021-09-16,CRM,-0.0065485835,0.0088746548,-0.0075041056
2021-09-16,CSCO,-0.00070518255,0.004262805,-0.0077389479
2021-09-16,IBM,-0.0013905168,0.0049564838,-0.005271554
2021-09-16,INTC,-0.0020519495,0.0059117079,-0.0069944263
2021-09-16,MSFT,-0.0024206042,0.0056239367,-0.0076367259
2021-09-16,NKE,-0.0042892694,0.0089262724,-0.0057008266
2021-09-16,VZ,-0.0014392734,0.0060728788,-0.0068506598
2021-09-16,WMT,-0.0029219389,0.0056710243,-0.0057948828
2021-09-17,AAPL,-0.0040717721,0.009978056,-0.0086624026
2021-09-17,AMGN,-0.0044865608,0.0062917471,-0.0064325333
2021-09-17,CRM,-0.003872335,0.0061079264,-0.008179605
2021-09-17,CSCO,-0.00049710274,0.0039435625,-0.0082548261
2021-09-17,IBM,-0.001968801,0.0055160522,-0.0044052005
2021-09-17,INTC,-0.0020346045,0.0057737827,-0.0067777634
2021-09-17,MSFT,-0.0026935935,0.0059455633,-0.0068156719
2021-09-17,NKE,-0.0038454533,0.0091276169,-0.005343616
2021-09-17,VZ,-0.003229022,0.0069185495,-0.0058259964
2021-09-17,WMT,-0.0046206713,0.0066564083,-0.0049282908
2021-09-20,AAPL,-0.0044631362,0.010509253,-0.0096766949
2021-09-20,AMGN,-0.0074687004,0.0077680349,-0.0055943131
2021-09-20,CRM,-0.0034775138,0.0067279339,-0.0087869763
2021-09-20,CSCO,-0.0012831688,0.0034526587,-0.0087240934
2021-09-20,IBM,-0.002358079,0.0056529045,-0.0042003393
2021-09-20,INTC,-0.0019594431,0.0054811239,-0.0064916611
2021-09-20,MSFT,-0.0044049621,0.0058809519,-0.0066802502
2021-09-20,NKE,-0.0055048466,0.0085394382,-0.0059450269
2021-09-20,VZ,-0.003954947,0.0061253309,-0.0064308047
2021-09-20,WMT,-0.0049163699,0.0069971085,-0.0046938062
2021-09-21,AAPL,-0.0043073893,0.011125207,-0.010291457
2021-09-21,AMGN,-0.0090577602,0.0092605352,-0.0055048466
2021-09-21,CRM,-0.0063112974,0.0065441132,-0.0075045228
2021-09-21,CSCO,-0.00076603889,0.005086422,-0.0090625286
2021-09-21,IBM,-0.0027216673,0.005412221,-0.0046043396
2021-09-21,INTC,-0.00052905083,0.006043911,-0.0076431036
2021-09-21,MSFT,-0.0037159324,0.0055066347,-0.0083495975
2021-09-21,NKE,-0.0053433776,0.0091750622,-0.0069830418
2021-09-21,VZ,-0.0038853288,0.0061402321,-0.0072601438
2021-09-21,WMT,-0.0069139004,0.0073996782,-0.0052150488
2021-09-22,AAPL,-0.0055652857,0.011610389,-0.010943353
2021-09-22,AMGN,-0.0060802698,0.0088558197,-0.0069183111
2021-09-22,CRM,-0.0035718083,0.0080302954,-0.0095114112
2021-09-22,CSCO,-0.0021435618,0.0049284697,-0.0096483827
2021-09-22,IBM,-0.0010097623,0.0052444935,-0.0054323673
2021-09-22,INTC,-0.0012461543,0.0057293177,-0.0082976222
2021-09-22,MSFT,-0.003244102,0.0063003302,-0.0077766776
2021-09-22,NKE,-0.0040206313,0.0086596012,-0.006599009
2021-09-22,VZ,-0.0018720627,0.0061694384,-0.0074685812
2021-09-22,WMT,-0.0045690536,0.0064336061,-0.0064559579
2021-09-23,AAPL,-0.003780961,0.010488629,-0.010315239
2021-09-23,AMGN,-0.0080797076,0.0097732544,-0.005663693
2021-09-23,CRM,-0.0031427741,0.00778687,-0.0097566247
2021-09-23,CSCO,-2.2053719e-05,0.0048714876,-0.0090067387
2021-09-23,IBM,-0.00049710274,0.0049659014,-0.0053550005
2021-09-23,INTC,0.00016593933,0.0051543713,-0.0082749724
2021-09-23,MSFT,-0.0013656616,0.0057618618,-0.0084494352
2021-09-23,NKE,-0.0032233,0.0088775158,-0.0057000518
2021-09-23,VZ,-0.0029826164,0.0072362423,-0.006531477
2021-09-23,WMT,-0.0070884228,0.0077009201,-0.0047827363
2021-09-24,AAPL,-0.0027377009,0.011054158,-0.0099624395
2021-09-24,AMGN,-0.0046772361,0.0090438128,-0.0063676834
2021-09-24,CRM,-0.0029956698,0.0065898895,-0.0090484619
2021-09-24,CSCO,0.0018023252,0.0042524338,-0.0080043077
2021-09-24,IBM,-0.0005428195,0.0051701069,-0.0053338408
2021-09-24,INTC,0.0018997192,0.0054166317,-0.0069850683
2021-09-24,MSFT,0.00024294853,0.0056918859,-0.0076614022
2021-09-24,NKE,-0.0037852526,0.0099210739,-0.0054548383
2021-09-24,VZ,-0.001966536,0.007168889,-0.0067924261
2021-09-24,WMT,-0.0035658479,0.0066617727,-0.0050421953
2021-09-27,AAPL,-0.0011824369,0.010767817,-0.010368764
2021-09-27,AMGN,-0.0078906417,0.010629773,-0.0055458546
2021-09-27,CRM,-0.0071659088,0.0080304146,-0.0069690347
2021-09-27,CSCO,-0.0007135272,0.0045334101,-0.0088368654
2021-09-27,IBM,-0.0019581914,0.0050421953,-0.0048545599
2021-09-27,INTC,-0.0003554225,0.0066020489,-0.0059736967
2021-09-27,MSFT,-0.0009983182,0.0060930252,-0.0079874396
2021-09-27,NKE,-0.0073194504,0.01048398,-0.0047100186
2021-09-27,VZ,-0.0029627681,0.0070985556,-0.0066853762
2021-09-27,WMT,-0.0044831038,0.0066744089,-0.0047584772
2021-09-28,AAPL,-0.0078780055,0.014030099,-0.0090199113
2021-09-28,AMGN,-0.012774527,0.014052272,-0.0051094294
2021-09-28,CRM,-0.015360653,0.01427722,-0.0073045492
2021-09-28,CSCO,-0.0027766228,0.0066735744,-0.0082336664
2021-09-28,IBM,-0.0020695925,0.0056918859,-0.0050486326
2021-09-28,INTC,-0.0026094913,0.0071111917,-0.0054634213
2021-09-28,MSFT,-0.0025591254,0.0076218843,-0.0071147084
2021-09-28,NKE,-0.0085014105,0.011575103,-0.0047770739
2021-09-28,VZ,-0.0021572113,0.0071231127,-0.0068202615
2021-09-28,WMT,-0.0041046739,0.0055514574,-0.0052764416
2021-09-29,AAPL,-0.0041251183,0.010291457,-0.01283747
2021-09-29,AMGN,-0.0077457428,0.01205039,-0.0082800984
2021-09-29,CRM,-0.0073248148,0.011057377,-0.013729513
2021-09-29,CSCO,-0.0054092407,0.0065697432,-0.010451138
2021-09-29,IBM,-0.00049769878,0.0054444075,-0.0066326261
2021-09-29,INTC,-0.00033515692,0.0067353249,-0.010508955
2021-09-29,MSFT,-0.0012452602,0.0075623989,-0.01104039
2021-09-29,NKE,-0.0065015554,0.009077549,-0.0091250539
2021-09-29,VZ,-0.0044156313,0.0071743727,-0.0086871386
2021-09-29,WMT,-0.0094786882,0.0089348555,-0.0046296716
2021-09-30,AAPL,-0.0087028742,0.013222933,-0.010269105
2021-09-30,AMGN,-0.0037709475,0.01082325,-0.0087424517
2021-09-30,CRM,-0.002536118,0.012309313,-0.013292909
2021-09-30,CSCO,-0.0047736764,0.0099185705,-0.0086776614
2021-09-30,IBM,-0.00075912476,0.0070847273,-0.0061784983
2021-09-30,INTC,-0.0019019246,0.010211468,-0.0089299679
2021-09-30,MSFT,-0.0024722219,0.0098272562,-0.0090093613
2021-09-30,NKE,-0.0041906238,0.010194063,-0.0081630349
2021-09-30,VZ,-0.0053683519,0.010249615,-0.0070589185
2021-09-30,WMT,-0.0048289895,0.010205626,-0.0054123998
2021-10-01,AAPL,-0.0016278625,0.010015011,-0.0067509413
2021-10-01,AMGN,-0.00045365095,0.0074206591,-0.007058382
2021-10-01,CRM,-0.0020208359,0.011762738,-0.0080076456
2021-10-01,CSCO,-0.00083321333,0.0075227022,-0.0059857965
2021-10-01,IBM,-0.0028771162,0.0066815615,-0.00427109
2021-10-01,INTC,-0.0014113188,0.0078877211,-0.0057523847
2021-10-01,MSFT,-0.0015999675,0.0073667765,-0.0055574775
2021-10-01,NKE,-0.0028297305,0.0098595619,-0.0051445961
2021-10-01,VZ,-0.0003759861,0.0061614513,-0.0050737262
2021-10-01,WMT,-0.0017397404,0.0058887005,-0.0044290423
2021-10-04,AAPL,-0.0056573749,0.011035085,-0.0056014657
2021-10-04,AMGN,-0.013874829,0.011818886,-0.0015231967
2021-10-04,CRM,-0.0068775415,0.0091353655,-0.0043767095
2021-10-04,CSCO,-0.0017400384,0.0064790249,-0.0061864257
2021-10-04,IBM,-0.0029947162,0.0067456961,-0.0031859875
2021-10-04,INTC,-0.0029669404,0.0068938732,-0.0056815743
2021-10-04,MSFT,-0.0032977462,0.007558465,-0.0057428479
2021-10-04,NKE,-0.0068110228,0.010920882,-0.0039709806
2021-10-04,VZ,-0.0032946467,0.0071706772,-0.0048533082
2021-10-04,WMT,-0.005361557,0.0063309669,-0.0045449138
2021-10-05,AAPL,-0.0048872232,0.010285378,-0.0074356794
2021-10-05,AMGN,-0.0069459081,0.0089085102,-0.0048239827
2021-10-05,CRM,-0.0023338795,0.0059715509,-0.0060904026
2021-10-05,CSCO,-0.0032111406,0.0056079626,-0.006586194
2021-10-05,IBM,-0.0030452013,0.0063911676,-0.0042771697
2021-10-05,INTC,-0.0005531311,0.0074065924,-0.0060424805
2021-10-05,MSFT,-0.0047135353,0.0070412159,-0.005836904
2021-10-05,NKE,-0.0060341358,0.010381222,-0.0043551326
2021-10-05,VZ,-0.0013449192,0.0069020987,-0.0053345561
2021-10-05,WMT,-0.0073536038,0.0081504583,-0.0033364892
2021-10-06,AAPL,-0.0051189065,0.01104176,-0.0066332221
2021-10-06,AMGN,-0.0078932047,0.0098024607,-0.0022272468
2021-10-06,CRM,-0.0010455847,0.0052001476,-0.006537497
2021-10-06,CSCO,0.00041937828,0.0056018829,-0.0059068799
2021-10-06,IBM,-0.00093048811,0.0062191486,-0.0036619306
2021-10-06,INTC,-0.00061261654,0.0078262091,-0.0047259927
2021-10-06,MSFT,-0.0018724203,0.0062761307,-0.0060302019
2021-10-06,NKE,-0.0050576925,0.010761619,-0.0032792687
2021-10-06,VZ,-0.00097203255,0.006582737,-0.0046949983
2021-10-06,WMT,-0.0036944151,0.0070092678,-0.004707098
2021-10-07,AAPL,-0.0063867569,0.011160731,-0.0088312626
2021-10-07,AMGN,-0.0097311139,0.0103755,-0.0030484796
2021-10-07,CRM,-0.0033693314,0.0062761307,-0.0082987547
2021-10-07,CSCO,-0.002102375,0.0049564838,-0.0073329806
2021-10-07,IBM,-0.0039817095,0.0057139397,-0.0032490492
2021-10-07,INTC,-0.0032761097,0.007563591,-0.0055859089
2021-10-07,MSFT,-0.006483078,0.0061299801,-0.0058268905
2021-10-07,NKE,-0.0068821311,0.0094715357,-0.0054839253
2021-10-07,VZ,-0.0036789179,0.0068507195,-0.0059663653
2021-10-07,WMT,-0.0059207082,0.0068577528,-0.0042827129
2021-10-08,AAPL,-0.0066710114,0.012110233,-0.009776473
2021-10-08,AMGN,-0.012776077,0.011869669,-0.0028758049
2021-10-08,CRM,-0.0040567517,0.0062847137,-0.0088310838
2021-10-08,CSCO,-0.0026537776,0.0052146912,-0.0080456138
2021-10-08,IBM,-0.0019851327,0.0055572987,-0.0042569637
2021-10-08,INTC,-0.00090014935,0.0066986084,-0.0076487064
2021-10-08,MSFT,-0.0043386817,0.0060306787,-0.0075317025
2021-10-08,NKE,-0.005420208,0.0089805126,-0.0064976811
2021-10-08,VZ,-0.0037959814,0.0070819855,-0.0061152577
2021-10-08,WMT,-0.010616243,0.0095312595,-0.0040280223
2021-10-11,AAPL,-0.0043272972,0.011496186,-0.010247767
2021-10-11,AMGN,-0.0079786777,0.0096620321,-0.0044847727
2021-10-11,CRM,-0.0016069412,0.0058882236,-0.0089727044
2021-10-11,CSCO,-0.0024709105,0.0058919191,-0.0080899596
2021-10-11,IBM,-0.0019392371,0.0056186914,-0.004863143
2021-10-11,INTC,-0.00016373396,0.0073959827,-0.0069622993
2021-10-11,MSFT,-0.0037808418,0.0067260265,-0.0075438023
2021-10-11,NKE,-0.0052931905,0.010222673,-0.0053074956
2021-10-11,VZ,-0.0026857257,0.0070024729,-0.0066102743
2021-10-11,WMT,-0.0081380606,0.008613348,-0.0042422414
2021-10-12,AAPL,-0.0051198602,0.011719942,-0.0070003271
2021-10-12,AMGN,-0.0090870261,0.011705875,-0.0035737753
2021-10-12,CRM,-0.0020198226,0.00710392,-0.0079262853
2021-10-12,CSCO,-0.0016550422,0.0053391457,-0.0069920421
2021-10-12,IBM,-0.0006275177,0.0059498549,-0.0042356849
2021-10-12,INTC,0.00082337856,0.0076056719,-0.0057604313
2021-10-12,MSFT,-0.0025465488,0.0066738129,-0.0072450638
2021-10-12,NKE,-0.0054495335,0.011627197,-0.0040861368
2021-10-12,VZ,-0.0022595525,0.0078268051,-0.0062429905
2021-10-12,WMT,-0.0065959096,0.0076878071,-0.0039135218
2021-10-13,AAPL,-0.0045890212,0.010317087,-0.0082226396
2021-10-13,AMGN,-0.0061706901,0.0095680952,-0.0046112537
2021-10-13,CRM,-0.002813518,0.0054217577,-0.0081492066
2021-10-13,CSCO,-0.0028866529,0.0044368505,-0.007730782
2021-10-13,IBM,-0.0021564364,0.0056083202,-0.0045984983
2021-10-13,INTC,-0.00038588047,0.0056260824,-0.006475687
2021-10-13,MSFT,-0.0037794113,0.0058773756,-0.0074121952
2021-10-13,NKE,-0.0059779286,0.010020614,-0.0045176744
2021-10-13,VZ,-0.0023073554,0.0071445704,-0.0061605573
2021-10-13,WMT,-0.0076001287,0.0080009699,-0.0035737753
2021-10-14,AAPL,-0.0067850351,0.012100935,-0.0086989999
2021-10-14,AMGN,-0.0069306493,0.010190845,-0.0045838356
2021-10-14,CRM,-0.0081662536,0.0080559254,-0.0070260763
2021-10-14,CSCO,-0.003277123,0.0054084063,-0.0077678561
2021-10-14,IBM,-0.0027852654,0.0059194565,-0.0045213103
2021-10-14,INTC,-0.0034345388,0.006659627,-0.005987525
2021-10-14,MSFT,-0.0037258863,0.0065749884,-0.007103622
2021-10-14,NKE,-0.0058300495,0.010348797,-0.0041630864
2021-10-14,VZ,-0.0019786358,0.0069574118,-0.006587863
2021-10-14,WMT,-0.0055186749,0.0070008039,-0.005056262
2021-10-15,AAPL,-0.0051916838,0.012250304,-0.0083668828
2021-10-15,AMGN,-0.0074799061,0.010294795,-0.0047850609
2021-10-15,CRM,-0.0041322112,0.0073461533,-0.0078052282
2021-10-15,CSCO,-0.0018976331,0.0043201447,-0.0073626637
2021-10-15,IBM,-0.0017868876,0.0054998398,-0.0044494867
2021-10-15,INTC,-0.00084263086,0.0061879158,-0.006106019
2021-10-15,MSFT,-0.0045770407,0.0061813593,-0.0073949695
2021-10-15,NKE,-0.0059155822,0.010230303,-0.0037870407
2021-10-15,VZ,-0.0020201206,0.0074663162,-0.0061809421
2021-10-15,WMT,-0.0062448978,0.0076252222,-0.0042486787
2021-10-18,AAPL,-0.0055955648,0.011622071,-0.0085183382
2021-10-18,AMGN,-0.0081028938,0.00999403,-0.0045225024
2021-10-18,CRM,-0.0048648715,0.0073671341,-0.008379221
2021-10-18,CSCO,-0.0025405288,0.0043078661,-0.0083538294
2021-10-18,IBM,-0.0027745366,0.0063115358,-0.0042107105
2021-10-18,INTC,-0.0009316206,0.0069264174,-0.0070004463
2021-10-18,MSFT,-0.0039440989,0.0067611933,-0.0070642233
2021-10-18,NKE,-0.006352663,0.010172963,-0.0047425032
2021-10-18,VZ,-0.0033982396,0.0080616474,-0.0065856576
2021-10-18,WMT,-0.0087299347,0.0084762573,-0.0039894581
2021-10-19,AAPL,-0.0068123341,0.012617826,-0.008163929
2021-10-19,AMGN,-0.0060146451,0.0089486837,-0.0046896935
2021-10-19,CRM,-0.002186358,0.0074598789,-0.0077152848
2021-10-19,CSCO,-0.0015383959,0.0053076744,-0.0075306892
2021-10-19,IBM,-0.0018647313,0.0059512854,-0.0042400956
2021-10-19,INTC,-0.00044119358,0.0067318678,-0.0059773922
2021-10-19,MSFT,-0.0043141842,0.0066165924,-0.0069932342
2021-10-19,NKE,-0.0049901605,0.010726094,-0.0050286055
2021-10-19,VZ,-0.0013956428,0.0069743395,-0.0061938763
2021-10-19,WMT,-0.0058046579,0.0071617365,-0.0043486953
2021-10-20,AAPL,-0.0050651431,0.01178205,-0.0091666579
2021-10-20,AMGN,-0.0089803934,0.0099983215,-0.0039892197
2021-10-20,CRM,-0.0044763684,0.0071338415,-0.0077747703
2021-10-20,CSCO,-0.0037499666,0.0052444935,-0.0076281428
2021-10-20,IBM,-0.0027958751,0.0058188438,-0.0042776465
2021-10-20,INTC,-0.0021274686,0.0079319477,-0.0059130192
2021-10-20,MSFT,-0.0045669675,0.0066202879,-0.0066675544
2021-10-20,NKE,-0.0067262053,0.01056385,-0.0048626661
2021-10-20,VZ,-0.0029512048,0.0077083111,-0.006036818
2021-10-20,WMT,-0.0068368316,0.0077887774,-0.0042088032
2021-10-21,AAPL,-0.0063381195,0.013414979,-0.0088751316
2021-10-21,AMGN,-0.0067590475,0.0092775822,-0.0051441789
2021-10-21,CRM,-0.0056080222,0.0073593855,-0.0086788535
2021-10-21,CSCO,-0.0039942265,0.0058774948,-0.0074977279
2021-10-21,IBM,-0.0030233264,0.0065048933,-0.004360199
2021-10-21,INTC,-0.0043948889,0.0071351528,-0.0061858296
2021-10-21,MSFT,-0.006711781,0.0078591108,-0.0065771341
2021-10-21,NKE,-0.0052187443,0.009809494,-0.0056634545
2021-10-21,VZ,-0.0034736395,0.0079760551,-0.0061260462
2021-10-21,WMT,-0.0075979829,0.0076378584,-0.0043162107
2021-10-22,AAPL,-0.0056798458,0.012850046,-0.0094895959
2021-10-22,AMGN,-0.0078253746,0.0099779367,-0.0047231913
2021-10-22,CRM,-0.005405128,0.0078897476,-0.0077777505
2021-10-22,CSCO,-0.0015096664,0.005941987,-0.0079860091
2021-10-22,IBM,-0.0018280149,0.0061757565,-0.004765749
2021-10-22,INTC,-0.0030462146,0.0078749657,-0.0067123771
2021-10-22,MSFT,-0.00494349,0.0071750879,-0.0071239471
2021-10-22,NKE,-0.0051133037,0.010329008,-0.0053752065
2021-10-22,VZ,-0.0032089949,0.0079804659,-0.0059298277
2021-10-22,WMT,-0.0069081783,0.0082857609,-0.0041984916
2021-10-25,AAPL,-0.0031507015,0.011864662,-0.0083642006
2021-10-25,AMGN,-0.0063246489,0.010347843,-0.0048905611
2021-10-25,CRM,-0.00063496828,0.0079612732,-0.0093433857
2021-10-25,CSCO,0.0003554821,0.004863143,-0.0079597235
2021-10-25,IBM,-0.00037360191,0.0059196949,-0.0044309497
2021-10-25,INTC,0.00039815903,0.0077006817,-0.0056124926
2021-10-25,MSFT,-0.0020887852,0.0063803196,-0.0065808892
2021-10-25,NKE,-0.0042922497,0.010107398,-0.0041452646
2021-10-25,VZ,-0.0027878881,0.0077491999,-0.006080091
2021-10-25,WMT,-0.0056144595,0.0081502199,-0.0037222505
2021-10-26,AAPL,-0.0034694672,0.01217854,-0.010567248
2021-10-26,AMGN,-0.0096452832,0.012365341,-0.0045224428
2021-10-26,CRM,-0.0048170686,0.0090020895,-0.0093098879
2021-10-26,CSCO,-0.003965199,0.0050555468,-0.0089725852
2021-10-26,IBM,-0.0030653477,0.0059890747,-0.0046498775
2021-10-26,INTC,-0.0013767481,0.008338809,-0.0067501664
2021-10-26,MSFT,-0.0034971237,0.0070407391,-0.0074636936
2021-10-26,NKE,-0.0071880817,0.011010528,-0.0053087473
2021-10-26,VZ,-0.0042550564,0.0081838369,-0.0062417388
2021-10-26,WMT,-0.0069913864,0.0080053806,-0.0043532848
2021-10-27,AAPL,-0.0036605,0.012366891,-0.0097480416
2021-10-27,AMGN,-0.014167249,0.015910625,-0.0046015978
2021-10-27,CRM,-0.011149287,0.012794495,-0.0084325671
2021-10-27,CSCO,-0.0034360886,0.0066783428,-0.0081601143
2021-10-27,IBM,-0.0020532608,0.0061826706,-0.0051535368
2021-10-27,INTC,-0.0010482669,0.0088940859,-0.0063782334
2021-10-27,MSFT,-0.0025789738,0.0081660748,-0.0073007345
2021-10-27,NKE,-0.008326292,0.011866927,-0.0047425032
2021-10-27,VZ,-0.003249228,0.0079567432,-0.0073255301
2021-10-27,WMT,-0.0066785216,0.0080888271,-0.0043281913
2021-10-28,AAPL,-0.0050726533,0.011947036,-0.010050058
2021-10-28,AMGN,-0.0091021061,0.0139575,-0.0061525106
2021-10-28,CRM,-0.0054931641,0.013021469,-0.013497949
2021-10-28,CSCO,-0.0070988536,0.0084614754,-0.0091477036
2021-10-28,IBM,-0.00082474947,0.0067759752,-0.0058075786
2021-10-28,INTC,-0.0018692613,0.010070443,-0.0081470609
2021-10-28,MSFT,-0.0039121509,0.0096269846,-0.0091407299
2021-10-28,NKE,-0.0067449808,0.010446668,-0.0065404177
2021-10-28,VZ,-0.0056474805,0.0086512566,-0.0076544881
2021-10-28,WMT,-0.0075631142,0.0085784197,-0.0047935843
2021-10-29,AAPL,-0.0099647045,0.01488781,-0.0086869597
2021-10-29,AMGN,-0.0090406537,0.013839483,-0.0061633587
2021-10-29,CRM,-0.0074309707,0.016217709,-0.010777593
2021-10-29,CSCO,-0.0079895258,0.01239562,-0.0081302524
2021-10-29,IBM,-0.0021328926,0.0090962648,-0.0059643388
2021-10-29,INTC,-0.0052621365,0.012993813,-0.0074893832
2021-10-29,MSFT,-0.00567168,0.011450887,-0.007499814
2021-10-29,NKE,-0.0071820617,0.012379408,-0.0071243644
2021-10-29,VZ,-0.0075419545,0.011556745,-0.0056335926
2021-10-29,WMT,-0.0066059232,0.010317445,-0.0050518513
2021-11-01,AAPL,-0.0020067692,0.0096713305,-0.0064208508
2021-11-01,AMGN,-0.0014207363,0.0083101988,-0.006090641
2021-11-01,CRM,-0.0051413178,0.011279821,-0.0079756975
2021-11-01,CSCO,-0.0021541715,0.007165432,-0.0064702034
2021-11-01,IBM,-0.0016057491,0.0065208673,-0.0040530562
2021-11-01,INTC,-0.0015226603,0.0076737404,-0.0061179399
2021-11-01,MSFT,-0.0030423403,0.0068727732,-0.0052362084
2021-11-01,NKE,-0.0022621155,0.01020515,-0.0054081678
2021-11-01,VZ,-0.00081723928,0.0061110258,-0.0055087805
2021-11-01,WMT,-0.0015362501,0.005849719,-0.0045980811
2021-11-02,AAPL,-0.0052638054,0.010487556,-0.007025063
2021-11-02,AMGN,-0.0096482038,0.0090200901,-0.0032820702
2021-11-02,CRM,-0.0071086884,0.0082367659,-0.0054902434
2021-11-02,CSCO,-0.00039297342,0.0059815645,-0.0073907375
2021-11-02,IBM,-0.0024194717,0.0062491894,-0.0044339299
2021-11-02,INTC,-0.0023880601,0.0063521862,-0.0066000819
2021-11-02,MSFT,-0.0036652684,0.0058972836,-0.0068374872
2021-11-02,NKE,-0.0060433745,0.0095268488,-0.0056214929
2021-11-02,VZ,-0.0021417737,0.0068515539,-0.0060468316
2021-11-02,WMT,-0.0042846799,0.0059971809,-0.0054530501
2021-11-03,AAPL,-0.0063180923,0.011306882,-0.0077181458
2021-11-03,AMGN,-0.0056080818,0.008626461,-0.0048370957
2021-11-03,CRM,-0.0032249689,0.0078815222,-0.0067026019
2021-11-03,CSCO,-0.0024418831,0.0062921047,-0.0075563192
2021-11-03,IBM,-0.0011377931,0.0058592558,-0.0050547719
2021-11-03,INTC,0.00041639805,0.0068619251,-0.0067003369
2021-11-03,MSFT,-0.0032076836,0.0060873032,-0.0063426495
2021-11-03,NKE,-0.0065730214,0.010174036,-0.0038974285
2021-11-03,VZ,-0.00042504072,0.0061776638,-0.0057593584
2021-11-03,WMT,-0.0051240325,0.0070946217,-0.0043028593
2021-11-04,AAPL,-0.007255137,0.012385368,-0.0060851574
2021-11-04,AMGN,-0.0064653754,0.0089710951,-0.0036316514
2021-11-04,CRM,-0.00091016293,0.0069847107,-0.0067495704
2021-11-04,CSCO,-0.00086426735,0.0061080456,-0.0063401461
2021-11-04,IBM,-0.0028351545,0.0065103769,-0.0035364032
2021-11-04,INTC,-0.0012089014,0.0071246624,-0.0046380162
2021-11-04,MSFT,-0.0033243895,0.0066213608,-0.0060671568
2021-11-04,NKE,-0.0065391064,0.011660695,-0.0029025078
2021-11-04,VZ,-0.0014683604,0.0066570044,-0.0049594641
2021-11-04,WMT,-0.0037221313,0.0067384243,-0.0046707392
2021-11-05,AAPL,-0.0051062107,0.01086843,-0.0096110106
2021-11-05,AMGN,-0.010256112,0.0097388029,-0.0040844083
2021-11-05,CRM,-0.0043766499,0.0067425966,-0.009080708
2021-11-05,CSCO,-0.0029687285,0.0040746927,-0.0084066391
2021-11-05,IBM,-0.0032844543,0.0057582855,-0.003913939
2021-11-05,INTC,-0.0021076202,0.0059993267,-0.007165134
2021-11-05,MSFT,-0.0053290129,0.0065476894,-0.0063777566
2021-11-05,NKE,-0.0063173771,0.0095183849,-0.0063755512
2021-11-05,VZ,-0.0044588447,0.0074511766,-0.0058912039
2021-11-05,WMT,-0.0073558092,0.0079498291,-0.0042564273
2021-11-08,AAPL,-0.0062198639,0.011663914,-0.00887537
2021-11-08,AMGN,-0.0080498457,0.0092601776,-0.0044606924
2021-11-08,CRM,0.00018787384,0.0060232878,-0.0081470609
2021-11-08,CSCO,-0.0026210546,0.0052335262,-0.0075199604
2021-11-08,IBM,-0.002787292,0.0065228939,-0.0046343803
2021-11-08,INTC,-0.0015258789,0.0073510408,-0.0059660077
2021-11-08,MSFT,-0.0049598217,0.0065869093,-0.0069496632
2021-11-08,NKE,-0.003651917,0.0099823475,-0.0058658719
2021-11-08,VZ,-0.0039817691,0.0076413155,-0.0056735873
2021-11-08,WMT,-0.0090865493,0.008661747,-0.0039185882
2021-11-09,AAPL,-0.0034160614,0.010467291,-0.010544717
2021-11-09,AMGN,-0.0050737262,0.0078998804,-0.005479157
2021-11-09,CRM,-0.00036299229,0.0060960054,-0.0090773702
2021-11-09,CSCO,-0.0015925765,0.0048136711,-0.0094663501
2021-11-09,IBM,-0.0032821894,0.0058708191,-0.0047817826
2021-11-09,INTC,-0.0016359091,0.0073238611,-0.0070157051
2021-11-09,MSFT,-0.0050981641,0.0066591501,-0.0076090693
2021-11-09,NKE,-0.0043456554,0.0099798441,-0.005592525
2021-11-09,VZ,-0.0043075085,0.0078976154,-0.0061663389
2021-11-09,WMT,-0.0075166225,0.0082238913,-0.0045139194
2021-11-10,AAPL,-0.0044879317,0.011955619,-0.0080020428
2021-11-10,AMGN,-0.010202229,0.011395574,-0.0035434961
2021-11-10,CRM,-0.0032628775,0.007617712,-0.0078259706
2021-11-10,CSCO,0.00010204315,0.004750371,-0.0079913139
2021-11-10,IBM,-4.61936e-05,0.0058581829,-0.00410074
2021-11-10,INTC,0.00089597702,0.006611824,-0.0064145327
2021-11-10,MSFT,-0.0035129189,0.0061368942,-0.0075078607
2021-11-10,NKE,-0.0063832998,0.010422826,-0.0040666461
2021-11-10,VZ,-0.003349483,0.0079176426,-0.0061704516
2021-11-10,WMT,-0.0067688823,0.0076949596,-0.0045161247
2021-11-11,AAPL,-0.0016697645,0.0099595785,-0.01150322
2021-11-11,AMGN,-0.0088649988,0.010431647,-0.0045393705
2021-11-11,CRM,-0.0043913722,0.0070705414,-0.008911252
2021-11-11,CSCO,-0.0019779205,0.0040473938,-0.0083882809
2021-11-11,IBM,-0.0020490289,0.005433321,-0.0047547817
2021-11-11,INTC,0.00036382675,0.0054574013,-0.0075147152
2021-11-11,MSFT,-0.0035762191,0.0055223703,-0.007577002
2021-11-11,NKE,-0.0059158206,0.0090870857,-0.0058348775
2021-11-11,VZ,-0.0035189986,0.0070410967,-0.0072734952
2021-11-11,WMT,-0.0081893802,0.0076992512,-0.0046249628
2021-11-12,AAPL,-0.0043299794,0.011870146,-0.0098378658
2021-11-12,AMGN,-0.0054599047,0.0091911554,-0.0067197084
2021-11-12,CRM,-0.0049946904,0.0071748495,-0.0099531412
2021-11-12,CSCO,-0.0018684864,0.0038901567,-0.0090641379
2021-11-12,IBM,-0.00065016747,0.0045670271,-0.0057247281
2021-11-12,INTC,0.0019366741,0.0054814816,-0.0088370442
2021-11-12,MSFT,-0.0026242137,0.006410718,-0.0090480447
2021-11-12,NKE,-0.0048220754,0.0095564127,-0.0056521297
2021-11-12,VZ,-0.0025177002,0.0072089434,-0.0073385835
2021-11-12,WMT,-0.0071040392,0.0079176426,-0.0052606463
2021-11-15,AAPL,-0.0057215095,0.012422204,-0.0086628795
2021-11-15,AMGN,-0.0059559345,0.0096013546,-0.005490005
2021-11-15,CRM,-0.0063634515,0.0090129375,-0.0085567236
2021-11-15,CSCO,-0.0033475161,0.005685091,-0.0076494217
2021-11-15,IBM,-0.0015314817,0.006388545,-0.0049145222
2021-11-15,INTC,-0.0014996529,0.0069411993,-0.0060226321
2021-11-15,MSFT,-0.0033825636,0.0069452524,-0.0079740882
2021-11-15,NKE,-0.0048667789,0.011289477,-0.0038743615
2021-11-15,VZ,-0.0012322068,0.0074571371,-0.0067516565
2021-11-15,WMT,-0.0044116974,0.0068747997,-0.005716145
2021-11-16,AAPL,-0.0041045547,0.010826707,-0.0077450871
2021-11-16,AMGN,-0.002165556,0.0070568323,-0.0057858825
2021-11-16,CRM,-0.0020315051,0.0068384409,-0.0069872141
2021-11-16,CSCO,-0.0012792349,0.0045032501,-0.0074557662
2021-11-16,IBM,-0.0027824044,0.0061691999,-0.0039588809
2021-11-16,INTC,-3.0398369e-05,0.0066212416,-0.005112052
2021-11-16,MSFT,-0.001355648,0.0052453279,-0.0071384311
2021-11-16,NKE,-0.0045842528,0.0097949505,-0.0043605566
2021-11-16,VZ,-0.0020919442,0.007172823,-0.0057820082
2021-11-16,WMT,-0.0045980215,0.0069942474,-0.0041380525
2021-11-17,AAPL,-0.0074208975,0.011468768,-0.0081728697
2021-11-17,AMGN,-0.0053978562,0.0083477497,-0.0056348443
2021-11-17,CRM,-0.0044190288,0.0074145794,-0.0080922246
2021-11-17,CSCO,-0.0024625063,0.0046504736,-0.00671345
2021-11-17,IBM,-0.0027862191,0.0065479279,-0.0044834018
2021-11-17,INTC,-0.0045250058,0.0065522194,-0.0055571795
2021-11-17,MSFT,-0.0040334463,0.0064744949,-0.0061567426
2021-11-17,NKE,-0.005135417,0.010389686,-0.0043079257
2021-11-17,VZ,-0.0031275153,0.0071122646,-0.0054838061
2021-11-17,WMT,-0.005213201,0.0069066286,-0.004183352
2021-11-18,AAPL,-0.0040737987,0.010112524,-0.010803699
2021-11-18,AMGN,-0.01003027,0.0096230507,-0.005882144
2021-11-18,CRM,-0.0032047033,0.0052249432,-0.010025501
2021-11-18,CSCO,-0.0019664168,0.0038537979,-0.0083069801
2021-11-18,IBM,-0.0040522814,0.005907774,-0.0042242408
2021-11-18,INTC,-0.0028577447,0.0054498911,-0.0081431866
2021-11-18,MSFT,-0.0056433082,0.0060012341,-0.0070298314
2021-11-18,NKE,-0.0056226254,0.0089557171,-0.0065391064
2021-11-18,VZ,-0.0060260892,0.00692451,-0.0056611896
2021-11-18,WMT,-0.010526299,0.0094381571,-0.0040457249
2021-11-19,AAPL,-0.0072769523,0.012605906,-0.0079210997
2021-11-19,AMGN,-0.0057333112,0.0090020895,-0.0065592527
2021-11-19,CRM,-0.0036447048,0.0070348978,-0.006329298
2021-11-19,CSCO,-0.002687037,0.0048620701,-0.0075628161
2021-11-19,IBM,-0.0021565557,0.0057753325,-0.0048661232
2021-11-19,INTC,-0.0027813315,0.0060873032,-0.007447958
2021-11-19,MSFT,-0.0064036846,0.0059416294,-0.0076105595
2021-11-19,NKE,-0.0025935769,0.0093423128,-0.0054822564
2021-11-19,VZ,-0.0026039481,0.0066556931,-0.0069786906
2021-11-19,WMT,-0.0061101317,0.0075186491,-0.0049574375
2021-11-22,AAPL,-0.003990531,0.010202885,-0.0098497868
2021-11-22,AMGN,-0.0046794415,0.0083739758,-0.0069687963
2021-11-22,CRM,-0.0054298043,0.0067980289,-0.0079392195
2021-11-22,CSCO,-0.00095319748,0.0046682358,-0.0090028048
2021-11-22,IBM,-0.0010181665,0.0049461126,-0.0047835112
2021-11-22,INTC,-0.00098323822,0.0062898397,-0.0064667463
2021-11-22,MSFT,-0.004094243,0.0058467388,-0.0079555511
2021-11-22,NKE,-0.003655076,0.0092786551,-0.005653441
2021-11-22,VZ,-4.7266483e-05,0.0067498684,-0.0071384907
2021-11-22,WMT,-0.004502058,0.0065330267,-0.0049164295
2021-11-23,AAPL,-0.0062209964,0.012182236,-0.0073974729
2021-11-23,AMGN,-0.0056673884,0.0089987516,-0.0055159926
2021-11-23,CRM,-0.003670752,0.0070385933,-0.0065230727
2021-11-23,CSCO,-0.00037336349,0.0051906109,-0.0068704486
2021-11-23,IBM,-0.0024043322,0.0056914091,-0.0039574504
2021-11-23,INTC,-0.00082826614,0.0070303679,-0.0053086281
2021-11-23,MSFT,-0.003262639,0.0069986582,-0.0059310198
2021-11-23,NKE,-0.0056499243,0.01111865,-0.0042711496
2021-11-23,VZ,-0.0013728142,0.0071822405,-0.0065104961
2021-11-23,WMT,-0.0032874346,0.0070780516,-0.0044702888
2021-11-24,AAPL,-0.0026039481,0.011259675,-0.01179868
2021-11-24,AMGN,-0.0099841952,0.010697603,-0.0061292648
2021-11-24,CRM,-0.0092042089,0.008575201,-0.0084822178
2021-11-24,CSCO,-0.0044195056,0.0047322512,-0.009726584
2021-11-24,IBM,-0.0047139525,0.0060111284,-0.0045592785
2021-11-24,INTC,-0.0039440393,0.0063890219,-0.0068840384
2021-11-24,MSFT,-0.0047546029,0.0062605143,-0.0076594949
2021-11-24,NKE,-0.0086203218,0.010680556,-0.0059464574
2021-11-24,VZ,-0.0042540431,0.0065327883,-0.0069901347
2021-11-24,WMT,-0.0082112551,0.0084038973,-0.0047495961
2021-11-26,AAPL,-0.0063180923,0.014688253,-0.0085276961
2021-11-26,AMGN,-0.012246192,0.013597846,-0.0054180622
2021-11-26,CRM,-0.015911818,0.0145787,-0.0060036778
2021-11-26,CSCO,-0.0036319494,0.0074323416,-0.0084370375
2021-11-26,IBM,-0.0019751191,0.0063489676,-0.0045914054
2021-11-26,INTC,-0.0020678639,0.0083862543,-0.0059238672
2021-11-26,MSFT,-0.0035520792,0.0082558393,-0.0075100064
2021-11-26,NKE,-0.0092555881,0.012554526,-0.0048795342
2021-11-26,VZ,-0.0018125176,0.0073485374,-0.0074033737
2021-11-26,WMT,-0.0052498579,0.0076669455,-0.0058877468
2021-11-29,AAPL,-0.0025947094,0.011114717,-0.011690974
2021-11-29,AMGN,-0.0088297725,0.014218688,-0.0064126253
2021-11-29,CRM,-0.0037082434,0.011771321,-0.014013946
2021-11-29,CSCO,-0.0033774972,0.0076465607,-0.0098643303
2021-11-29,IBM,-0.00037503242,0.0058817863,-0.0064169168
2021-11-29,INTC,-0.00067430735,0.0084990263,-0.0095788836
2021-11-29,MSFT,-0.0018914938,0.0081325769,-0.0099483728
2021-11-29,NKE,-0.007185638,0.010709882,-0.00740242
2021-11-29,VZ,-0.0042236447,0.0077955723,-0.0081622005
2021-11-29,WMT,-0.0064634681,0.0084643364,-0.0051137209
2021-11-30,AAPL,-0.0096572638,0.01432991,-0.0098294616
2021-11-30,AMGN,-0.0075649023,0.013532043,-0.0073928237
2021-11-30,CRM,-0.0052115321,0.014226675,-0.010956705
2021-11-30,CSCO,-0.0057889819,0.011160016,-0.0081675649
2021-11-30,IBM,-0.0024995208,0.0083700418,-0.0059285164
2021-11-30,INTC,-0.0045644045,0.01226294,-0.0077452064
2021-11-30,MSFT,-0.0046750903,0.010724187,-0.0080249906
2021-11-30,NKE,-0.0071069598,0.012517929,-0.0083736181
2021-11-30,VZ,-0.0064466,0.011796832,-0.0059831738
2021-11-30,WMT,-0.0061663985,0.010928273,-0.0050702095
2021-12-01,AAPL,-0.0044649243,0.012604356,-0.0078240633
2021-12-01,AMGN,-0.0040270686,0.0095704794,-0.0068354011
2021-12-01,CRM,-0.0043286681,0.012612581,-0.0091074109
2021-12-01,CSCO,-0.0050259233,0.0095038414,-0.0064890981
2021-12-01,IBM,-0.0039628744,0.0076551437,-0.0042946935
2021-12-01,INTC,-0.0047651529,0.009367466,-0.0055425167
2021-12-01,MSFT,-0.0054651499,0.0087932348,-0.0055627227
2021-12-01,NKE,-0.0050253272,0.011149168,-0.0063539743
2021-12-01,VZ,-0.0035025477,0.0076400042,-0.0054023862
2021-12-01,WMT,-0.0031549335,0.0068683624,-0.0047684908
2021-12-02,AAPL,-0.0064441562,0.012078762,-0.0090522766
2021-12-02,AMGN,-0.012793362,0.011974812,-0.0038528442
2021-12-02,CRM,-0.013036907,0.011837125,-0.0066498518
2021-12-02,CSCO,-0.0044047832,0.0071592331,-0.0083016157
2021-12-02,IBM,-0.0032436848,0.006401062,-0.0055295825
2021-12-02,INTC,-0.0025405288,0.0070205927,-0.0086271167
2021-12-02,MSFT,-0.0051746964,0.0081546307,-0.0073336959
2021-12-02,NKE,-0.0057830215,0.0095875263,-0.0071365237
2021-12-02,VZ,-0.0024148822,0.0068775415,-0.0067447424
2021-12-02,WMT,-0.0049138069,0.0066156387,-0.0061240792
2021-12-03,AAPL,-0.0047335625,0.013090134,-0.0073630214
2021-12-03,AMGN,-0.0071053505,0.011023402,-0.0040664673
2021-12-03,CRM,-0.0021936297,0.008788228,-0.0082826614
2021-12-03,CSCO,-0.0029522777,0.0072705746,-0.0062854886
2021-12-03,IBM,-0.0018826723,0.0066642761,-0.0038295388
2021-12-03,INTC,0.00099337101,0.0088237524,-0.0072691441
2021-12-03,MSFT,-0.0040137172,0.008456707,-0.0065532327
2021-12-03,NKE,-0.0059466958,0.012160182,-0.0043010116
2021-12-03,VZ,-0.0020202398,0.0081907511,-0.0060457587
2021-12-03,WMT,-0.0063333511,0.0084052086,-0.0039311647
2021-12-06,AAPL,-0.0056236982,0.011974454,-0.0059198737
2021-12-06,AMGN,-0.0073394179,0.0098525286,-0.0031353235
2021-12-06,CRM,-6.0915947e-05,0.0074881315,-0.0090664625
2021-12-06,CSCO,-0.0026329756,0.006324172,-0.0067801476
2021-12-06,IBM,-0.0012281537,0.0062636137,-0.0035562515
2021-12-06,INTC,0.0001488924,0.0081863403,-0.0054110885
2021-12-06,MSFT,-0.0021573901,0.0074599981,-0.0057786107
2021-12-06,NKE,-0.0045025349,0.011162043,-0.0039113164
2021-12-06,VZ,-0.0019373298,0.0083355904,-0.0051571727
2021-12-06,WMT,-0.0041977167,0.0076266527,-0.0042224526
2021-12-07,AAPL,-0.0033982396,0.010392785,-0.010168493
2021-12-07,AMGN,-0.0074411035,0.009090066,-0.0050173998
2021-12-07,CRM,-0.0049679279,0.0083487034,-0.0090727806
2021-12-07,CSCO,-0.0034307241,0.0047391653,-0.0080723166
2021-12-07,IBM,-0.003469348,0.0058200359,-0.0048336983
2021-12-07,INTC,-0.0018200278,0.0077884197,-0.0066436529
2021-12-07,MSFT,-0.0059340596,0.0069224834,-0.006490767
2021-12-07,NKE,-0.0060096383,0.0097147226,-0.0057306886
2021-12-07,VZ,-0.0042191744,0.007719636,-0.006272316
2021-12-07,WMT,-0.0075004697,0.0081543922,-0.0043269396
2021-12-08,AAPL,-0.0057420135,0.012034297,-0.0083926916
2021-12-08,AMGN,-0.0089009404,0.011138678,-0.0040212274
2021-12-08,CRM,-0.0024026036,0.0065362453,-0.0077896118
2021-12-08,CSCO,-0.0014910102,0.0056780577,-0.0077469945
2021-12-08,IBM,-0.0021073222,0.005669713,-0.0044276714
2021-12-08,INTC,-0.00064730644,0.0072020292,-0.0071313381
2021-12-08,MSFT,-0.0035257339,0.0060545206,-0.0067427158
2021-12-08,NKE,-0.0061119795,0.010244012,-0.005278945
2021-12-08,VZ,-0.003905654,0.0082032681,-0.0063562393
2021-12-08,WMT,-0.0080519915,0.0088777542,-0.0044320822
2021-12-09,AAPL,-0.0070690513,0.012650609,-0.01127845
2021-12-09,AMGN,-0.009111166,0.011282802,-0.0050671101
2021-12-09,CRM,-0.0065707564,0.0086128712,-0.0090374947
2021-12-09,CSCO,-0.0043803453,0.0055832863,-0.0091627836
2021-12-09,IBM,-0.0026837587,0.0062116385,-0.0049465895
2021-12-09,INTC,-0.0036914349,0.0078372955,-0.0077044368
2021-12-09,MSFT,-0.0068870187,0.0078349113,-0.0079280138
2021-12-09,NKE,-0.004801333,0.010432482,-0.0062678456
2021-12-09,VZ,-0.0048952699,0.0082553625,-0.0068858266
2021-12-09,WMT,-0.0078104734,0.0084908009,-0.0051057339
2021-12-10,AAPL,-0.006690383,0.012523532,-0.0089172721
2021-12-10,AMGN,-0.0068909526,0.01037395,-0.0049780011
2021-12-10,CRM,-0.00080257654,0.0070922375,-0.0097048283
2021-12-10,CSCO,-0.0020839572,0.00565207,-0.0080446005
2021-12-10,IBM,-0.001576364,0.0059812069,-0.0051615238
2021-12-10,INTC,-0.00064581633,0.0080063343,-0.0069514513
2021-12-10,MSFT,-0.003025949,0.0074495077,-0.0083276033
2021-12-10,NKE,-0.0045273304,0.010892987,-0.0044641495
2021-12-10,VZ,-0.004047811,0.0085533857,-0.0062084794
2021-12-10,WMT,-0.0087894201,0.0089874268,-0.0041800141
2021-12-13,AAPL,-0.0043460131,0.010885954,-0.0090278387
2021-12-13,AMGN,-0.0046319366,0.0094857216,-0.0058450699
2021-12-13,CRM,-0.0006917119,0.0062308311,-0.0088501573
2021-12-13,CSCO,-0.0024508238,0.0041120052,-0.0076950192
2021-12-13,IBM,-0.0028971434,0.0070749521,-0.0047807097
2021-12-13,INTC,0.00049364567,0.0075683594,-0.0066684484
2021-12-13,MSFT,-0.0037423968,0.0070589781,-0.007560432
2021-12-13,NKE,-0.0035995841,0.011017084,-0.003942728
2021-12-13,VZ,-0.0041211843,0.0081927776,-0.0056663156
2021-12-13,WMT,-0.0080202818,0.0085833073,-0.0040338039
2021-12-14,AAPL,-0.0041963458,0.011358142,-0.008993268
2021-12-14,AMGN,-0.0071129799,0.0096002817,-0.0056555867
2021-12-14,CRM,-0.0025215149,0.0073904991,-0.0089563727
2021-12-14,CSCO,-0.0034713745,0.0038625002,-0.0075157881
2021-12-14,IBM,-0.002726078,0.0057799816,-0.0044851899
2021-12-14,INTC,-0.00041365623,0.0067238808,-0.0064156651
2021-12-14,MSFT,-0.0037381649,0.0059937239,-0.0081340075
2021-12-14,NKE,-0.0044207573,0.009554863,-0.0051566362
2021-12-14,VZ,-0.0045557618,0.0079442263,-0.0067246556
2021-12-14,WMT,-0.0068987012,0.0076378584,-0.0045970082
2021-12-15,AAPL,-0.0058709979,0.012366891,-0.0086607337
2021-12-15,AMGN,-0.0063444376,0.0096359253,-0.00566715
2021-12-15,CRM,-0.0073032975,0.009431839,-0.0071359873
2021-12-15,CSCO,-0.0036514997,0.00548172,-0.0076057315
2021-12-15,IBM,-0.0029413104,0.0060812235,-0.0039359927
2021-12-15,INTC,-0.0024017096,0.0062615871,-0.006146431
2021-12-15,MSFT,-0.0059876442,0.0065022707,-0.0067272782
2021-12-15,NKE,-0.0060375333,0.010398388,-0.0043905377
2021-12-15,VZ,-0.0029921532,0.007768631,-0.0064536333
2021-12-15,WMT,-0.0053254962,0.0076010227,-0.0049694777
2021-12-16,AAPL,-0.0036970377,0.011934042,-0.0099669695
2021-12-16,AMGN,-0.010157943,0.011036277,-0.0050128102
2021-12-16,CRM,-0.0065946579,0.0088096857,-0.0090028644
2021-12-16,CSCO,-0.0032692552,0.0051915646,-0.0084611177
2021-12-16,IBM,-0.0021689534,0.0058227777,-0.0046784878
2021-12-16,INTC,5.4597855e-05,0.0067280531,-0.0068092942
2021-12-16,MSFT,-0.0050108433,0.0065407753,-0.0074777603
2021-12-16,NKE,-0.0052515864,0.010387063,-0.0047079325
2021-12-16,VZ,-0.0037317276,0.0086846352,-0.006285131
2021-12-16,WMT,-0.0083637834,0.0085557699,-0.0045956373
2021-12-17,AAPL,-0.0051481128,0.012462497,-0.009657681
2021-12-17,AMGN,-0.0039194226,0.0086611509,-0.0068241954
2021-12-17,CRM,-0.001683712,0.007356286,-0.0093966722
2021-12-17,CSCO,-0.0021526814,0.0046309233,-0.0085547566
2021-12-17,IBM,-0.0022119284,0.0059475899,-0.0049624443
2021-12-17,INTC,0.00027108192,0.0061796904,-0.0073803663
2021-12-17,MSFT,-0.0038937926,0.0067396164,-0.0079126358
2021-12-17,NKE,-0.0039926171,0.0097737312,-0.0053868294
2021-12-17,VZ,-0.0034021735,0.0079474449,-0.0064445734
2021-12-17,WMT,-0.0084807873,0.00824821,-0.0043010116
2021-12-20,AAPL,-0.0048676729,0.011384249,-0.010947704
2021-12-20,AMGN,-0.0076166391,0.010501146,-0.0058614612
2021-12-20,CRM,-0.004589498,0.0073804855,-0.010271728
2021-12-20,CSCO,-0.0031716824,0.0054621696,-0.0083594322
2021-12-20,IBM,-0.0018425584,0.0057480335,-0.0046865344
2021-12-20,INTC,-0.00035172701,0.007104516,-0.0073949695
2021-12-20,MSFT,-0.0037432909,0.0070166588,-0.0085101128
2021-12-20,NKE,-0.0052266121,0.010330677,-0.0054295063
2021-12-20,VZ,-0.0038567185,0.0080776215,-0.0069117546
2021-12-20,WMT,-0.0067668557,0.0075041056,-0.0049924254
2021-12-21,AAPL,-0.0071027875,0.012677431,-0.0075881481
2021-12-21,AMGN,-0.0048092008,0.0089697838,-0.0059388876
2021-12-21,CRM,-0.0043879747,0.0074976683,-0.0088170767
2021-12-21,CSCO,-0.004229188,0.005007863,-0.0079051256
2021-12-21,IBM,-0.0025777221,0.0058240891,-0.0052397251
2021-12-21,INTC,-0.0015251637,0.0067203045,-0.0069816113
2021-12-21,MSFT,-0.0044651031,0.0076159239,-0.0080584288
2021-12-21,NKE,-0.0052801967,0.010416031,-0.0055949688
2021-12-21,VZ,-0.0044983625,0.0085066557,-0.0064438581
2021-12-21,WMT,-0.0074864626,0.0081892014,-0.0043487549
2021-12-22,AAPL,-0.0054120421,0.012941003,-0.0098153949
2021-12-22,AMGN,-0.0052195191,0.0097645521,-0.0062017441
2021-12-22,CRM,-0.004588306,0.008871913,-0.0089532733
2021-12-22,CSCO,-0.0045341253,0.0057268143,-0.0083668232
2021-12-22,IBM,-0.0031939745,0.0070067644,-0.0047593713
2021-12-22,INTC,-0.0035532117,0.0089412928,-0.0058023334
2021-12-22,MSFT,-0.0048933029,0.0077313185,-0.0074509382
2021-12-22,NKE,-0.0052122474,0.010225892,-0.0048477054
2021-12-22,VZ,-0.004359901,0.0090233088,-0.0070235133
2021-12-22,WMT,-0.0056231022,0.008025527,-0.0046383142
2021-12-23,AAPL,-0.0056815147,0.013827443,-0.0090110302
2021-12-23,AMGN,-0.0073847771,0.010608077,-0.0047806501
2021-12-23,CRM,-0.00090718269,0.007946372,-0.0087679029
2021-12-23,CSCO,-0.0018987656,0.0049738884,-0.0082142353
2021-12-23,IBM,-0.0025872588,0.0066937208,-0.0049365759
2021-12-23,INTC,4.5657158e-05,0.0077739954,-0.006510675
2021-12-23,MSFT,-0.0046344995,0.0074343681,-0.0067692995
2021-12-23,NKE,-0.0058916807,0.010963082,-0.0046158433
2021-12-23,VZ,-0.0049815178,0.0087035894,-0.0059304833
2021-12-23,WMT,-0.0066759586,0.0092463493,-0.0040461421
2021-12-27,AAPL,-0.0034692287,0.013235807,-0.012337565
2021-12-27,AMGN,-0.0096411109,0.012269735,-0.0062538981
2021-12-27,CRM,-0.0096765161,0.010222077,-0.010276496
2021-12-27,CSCO,-0.0052236915,0.0063551664,-0.010071993
2021-12-27,IBM,-0.0048549771,0.006282568,-0.005494833
2021-12-27,INTC,-0.0038522482,0.0081089735,-0.0080758333
2021-12-27,MSFT,-0.0070770383,0.008174181,-0.007886529
2021-12-27,NKE,-0.0072337389,0.011083245,-0.0070143938
2021-12-27,VZ,-0.0066392422,0.0088393688,-0.0071920156
2021-12-27,WMT,-0.0088512897,0.0094091892,-0.0050321817
2021-12-28,AAPL,-0.0048385859,0.013362885,-0.0081885457
2021-12-28,AMGN,-0.010109305,0.014431596,-0.0059298873
2021-12-28,CRM,-0.0093897581,0.012485504,-0.0089818239
2021-12-28,CSCO,-0.0031804442,0.0083106756,-0.0085963011
2021-12-28,IBM,-0.0024403334,0.007050395,-0.0047809482
2021-12-28,INTC,-0.0023197532,0.0092698336,-0.0066456199
2021-12-28,MSFT,-0.0034528971,0.0089848042,-0.0070340633
2021-12-28,NKE,-0.0064716935,0.012865186,-0.0046932697
2021-12-28,VZ,-0.0034243464,0.0086957216,-0.0067537427
2021-12-28,WMT,-0.0069397688,0.0087360144,-0.0046265721
2021-12-29,AAPL,-0.0023147464,0.0097093582,-0.012045681
2021-12-29,AMGN,-0.0072238445,0.013045192,-0.0067693591
2021-12-29,CRM,-0.0057217479,0.011025786,-0.015591621
2021-12-29,CSCO,-0.00705266,0.0079485178,-0.0093688965
2021-12-29,IBM,-0.0017134547,0.0068784952,-0.0061532259
2021-12-29,INTC,-0.0011258721,0.0091384649,-0.0097966194
2021-12-29,MSFT,-0.0022895932,0.0094720125,-0.0099967718
2021-12-29,NKE,-0.007406354,0.010993838,-0.0074295998
2021-12-29,VZ,-0.0071752667,0.0092949867,-0.0085055232
2021-12-29,WMT,-0.0095004439,0.0099389553,-0.0043859482
2021-12-30,AAPL,-0.010784805,0.015816569,-0.0082117319
2021-12-30,AMGN,-0.010421038,0.015792489,-0.0057752728
2021-12-30,CRM,-0.0072466731,0.016316056,-0.010100305
2021-12-30,CSCO,-0.0082120895,0.013827205,-0.0072997212
2021-12-30,IBM,-0.0047830939,0.010110974,-0.0056945086
2021-12-30,INTC,-0.00651443,0.014374256,-0.0073735714
2021-12-30,MSFT,-0.0075319409,0.012564301,-0.0069212914
2021-12-30,NKE,-0.0088544488,0.013363123,-0.0069035888
2021-12-30,VZ,-0.0085363984,0.012856603,-0.0061998367
2021-12-30,WMT,-0.0076735616,0.011925697,-0.0051431656
2021-12-31,AAPL,-0.0011138916,0.0098543167,-0.0095711946
2021-12-31,AMGN,-0.0013802052,0.0084029436,-0.0085935593
2021-12-31,CRM,-0.001598537,0.010474563,-0.011337161
2021-12-31,CSCO,0.00036132336,0.0058093071,-0.0094519258
2021-12-31,IBM,0.00057017803,0.0054763556,-0.0061607361
2021-12-31,INTC,-0.0010299683,0.0075883865,-0.0081036687
2021-12-31,MSFT,-0.0020827055,0.0069282055,-0.0072849989
2021-12-31,NKE,-0.0012980103,0.0078076124,-0.0080611706
2021-12-31,VZ,-0.0015980601,0.0067275763,-0.0070289969
2021-12-31,WMT,1.1324883e-05,0.0051014423,-0.0066461563
2022-01-03,AAPL,-0.0074192882,0.014060259,-0.010102153
2022-01-03,AMGN,-0.0099132657,0.011146307,-0.0062506199
2022-01-03,CRM,-0.016530037,0.012506366,-0.0066818595
2022-01-03,CSCO,-0.0040560961,0.006311059,-0.0093998909
2022-01-03,IBM,-0.0011946559,0.0057333708,-0.0061622858
2022-01-03,INTC,-0.0036224723,0.0076607466,-0.0092978477
2022-01-03,MSFT,-0.0064836144,0.0083172321,-0.0082993507
2022-01-03,NKE,-0.0053107738,0.0094332695,-0.0086238384
2022-01-03,VZ,-0.0051856041,0.0072737932,-0.0079361796
2022-01-03,WMT,-0.0023115277,0.0055506229,-0.0078285336
2022-01-04,AAPL,-0.0031803846,0.013143539,-0.012195885
2022-01-04,AMGN,-0.0068522096,0.011883974,-0.0076307654
2022-01-04,CRM,-0.0048455596,0.011372209,-0.0094918609
2022-01-04,CSCO,0.0011092424,0.0060962439,-0.010278523
2022-01-04,IBM,0.0035552979,0.0048326254,-0.0070164204
2022-01-04,INTC,0.0031886101,0.0072104931,-0.0089933276
2022-01-04,MSFT,-0.0015010834,0.0066770315,-0.009421289
2022-01-04,NKE,-0.0048532486,0.0096236467,-0.0068665147
2022-01-04,VZ,-0.00040763617,0.0065805912,-0.0082874298
2022-01-04,WMT,-0.00020557642,0.0047279596,-0.0081466436
2022-01-05,AAPL,-0.0044147372,0.011455297,-0.011946917
2022-01-05,AMGN,-0.0025721788,0.0082610846,-0.0081027746
2022-01-05,CRM,-0.0036332607,0.0092846155,-0.011349201
2022-01-05,CSCO,-0.0020123124,0.0044298172,-0.010525525
2022-01-05,IBM,0.00041294098,0.0049160719,-0.0068534613
2022-01-05,INTC,0.0029517412,0.0061458349,-0.010337293
2022-01-05,MSFT,0.00056934357,0.0074487925,-0.0099030137
2022-01-05,NKE,-0.0057102442,0.010564089,-0.0072755218
2022-01-05,VZ,-0.0038566589,0.0081971884,-0.0074350834
2022-01-05,WMT,-0.0051571131,0.0077137947,-0.0060009956
2022-01-06,AAPL,-0.0066761374,0.013614535,-0.010492384
2022-01-06,AMGN,-0.0057631731,0.011285186,-0.0068737268
2022-01-06,CRM,-0.0066235662,0.011376143,-0.0088663101
2022-01-06,CSCO,0.00019907951,0.0051577091,-0.0098398924
2022-01-06,IBM,0.0027413368,0.0050135851,-0.0069022179
2022-01-06,INTC,0.00018417835,0.0066889524,-0.0071947575
2022-01-06,MSFT,-0.0024515986,0.0074490309,-0.0085057616
2022-01-06,NKE,-0.0036403537,0.010511041,-0.0064938068
2022-01-06,VZ,-0.0013839006,0.0073955059,-0.008569777
2022-01-06,WMT,0.00089609623,0.0055915117,-0.0077346563
2022-01-07,AAPL,-0.0027751923,0.011887312,-0.012441635
2022-01-07,AMGN,-0.0050934553,0.010303497,-0.0070258975
2022-01-07,CRM,-0.0038117766,0.0092036724,-0.0092282295
2022-01-07,CSCO,-6.878376e-05,0.0044831038,-0.010126591
2022-01-07,IBM,-0.00054526329,0.0059279203,-0.0059559345
2022-01-07,INTC,0.00078690052,0.0070010424,-0.0075263381
2022-01-07,MSFT,-0.00045925379,0.0065381527,-0.0084946156
2022-01-07,NKE,-0.0053043962,0.010624886,-0.0055437088
2022-01-07,VZ,-0.0053731799,0.0085318089,-0.0059097409
2022-01-07,WMT,-0.0059875846,0.0077787638,-0.0056726933
2022-01-10,AAPL,-0.0060431957,0.013000131,-0.01236099
2022-01-10,AMGN,-0.0067209601,0.0091158152,-0.0086547136
2022-01-10,CRM,-0.0046325922,0.0095012188,-0.011238933
2022-01-10,CSCO,-0.0033658147,0.0050041676,-0.011044204
2022-01-10,IBM,-0.0014737844,0.0062445402,-0.0062451363
2022-01-10,INTC,0.00034987926,0.0069913864,-0.010080695
2022-01-10,MSFT,-0.0024884343,0.0076332092,-0.0091569424
2022-01-10,NKE,-0.0064804554,0.01110816,-0.0081167221
2022-01-10,VZ,-0.0069231391,0.0090876818,-0.0076103806
2022-01-10,WMT,-0.0071697235,0.0084234476,-0.0052561164
2022-01-11,AAPL,-0.0014082789,0.012152314,-0.011994243
2022-01-11,AMGN,-0.0069372058,0.010907054,-0.0074897408
2022-01-11,CRM,-0.0067439079,0.0097897053,-0.0096342564
2022-01-11,CSCO,-0.0015023351,0.0042620897,-0.010348916
2022-01-11,IBM,0.0010147095,0.0061591864,-0.0064833164
2022-01-11,INTC,-0.00053328276,0.0066684484,-0.0093779564
2022-01-11,MSFT,-0.00362432,0.0071686506,-0.00914222
2022-01-11,NKE,-0.0066245794,0.011315703,-0.0064432621
2022-01-11,VZ,-0.0057522655,0.0082103014,-0.0072820783
2022-01-11,WMT,-0.0059254169,0.0076298714,-0.0058981776
2022-01-12,AAPL,-0.0022144318,0.011765718,-0.012166083
2022-01-12,AMGN,-0.0055397749,0.010419965,-0.0082926154
2022-01-12,CRM,-0.0059919357,0.0089491606,-0.011092603
2022-01-12,CSCO,-0.0014436245,0.0044475794,-0.010300457
2022-01-12,IBM,0.00098752975,0.0045958757,-0.0069953799
2022-01-12,INTC,0.0014824867,0.0069050789,-0.0098765492
2022-01-12,MSFT,-0.00013160706,0.0067644119,-0.0094723701
2022-01-12,NKE,-0.0060190558,0.010377049,-0.0071057677
2022-01-12,VZ,-0.0038675666,0.007440567,-0.0073227286
2022-01-12,WMT,-0.0067540407,0.0072966814,-0.0059630871
2022-01-13,AAPL,-0.0046778321,0.012366533,-0.015557885
2022-01-13,AMGN,-0.0043433905,0.0096712112,-0.010152459
2022-01-13,CRM,-0.013159752,0.014010787,-0.011056185
2022-01-13,CSCO,-0.0042534471,0.0044250488,-0.011804283
2022-01-13,IBM,0.00060904026,0.0044271946,-0.008569479
2022-01-13,INTC,0.00018167496,0.0059158802,-0.011627018
2022-01-13,MSFT,-0.0044450164,0.0078097582,-0.011023819
2022-01-13,NKE,-0.0055661201,0.0094441175,-0.0095778108
2022-01-13,VZ,-0.0026152134,0.0084041357,-0.010701299
2022-01-13,WMT,-0.0020956993,0.0052361488,-0.0084683299
2022-01-14,AAPL,-0.0060783029,0.013410091,-0.01019907
2022-01-14,AMGN,-0.0028945208,0.0089365244,-0.0082977414
2022-01-14,CRM,-0.0062963367,0.011209846,-0.010651529
2022-01-14,CSCO,-0.002063632,0.0064975023,-0.0093905926
2022-01-14,IBM,0.00068759918,0.0047796965,-0.0064648986
2022-01-14,INTC,0.0011187792,0.0075982809,-0.008924067
2022-01-14,MSFT,-0.0020588636,0.008258462,-0.0095165968
2022-01-14,NKE,-0.0061687231,0.011336923,-0.0066755414
2022-01-14,VZ,-0.0038302541,0.0089722872,-0.0089536309
2022-01-14,WMT,-0.0026254654,0.0063693523,-0.0067958832
2022-01-18,AAPL,-0.0042955279,0.01241219,-0.011526704
2022-01-18,AMGN,-0.0044507384,0.0095170736,-0.0089921951
2022-01-18,CRM,-0.0077614188,0.010326624,-0.0097869635
2022-01-18,CSCO,-0.00074851513,0.0048265457,-0.0099916458
2022-01-18,IBM,0.00098693371,0.0054908991,-0.0062676668
2022-01-18,INTC,0.00068533421,0.0066787004,-0.0089305639
2022-01-18,MSFT,-0.0014979839,0.0075377226,-0.0086460114
2022-01-18,NKE,-0.0059646964,0.010876656,-0.0072312951
2022-01-18,VZ,-0.0046666265,0.008191824,-0.0078703165
2022-01-18,WMT,-0.0025478601,0.0061584711,-0.0069815516
2022-01-19,AAPL,-0.0044259429,0.013162017,-0.012529314
2022-01-19,AMGN,-0.0032724142,0.0088849068,-0.0095188618
2022-01-19,CRM,-0.0077293515,0.010096431,-0.010625958
2022-01-19,CSCO,-0.0019470453,0.0045989752,-0.010173023
2022-01-19,IBM,-0.000415802,0.0056129694,-0.0071472526
2022-01-19,INTC,0.0015556812,0.0059951544,-0.010096788
2022-01-19,MSFT,-0.0024937391,0.0074520111,-0.0095917583
2022-01-19,NKE,-0.0066611767,0.011307359,-0.0076304078
2022-01-19,VZ,-0.0050153732,0.0078327656,-0.0082518458
2022-01-19,WMT,-0.0046069026,0.0066658258,-0.0067358613
2022-01-20,AAPL,-0.0059484243,0.013847828,-0.013137221
2022-01-20,AMGN,-0.0062298179,0.011334538,-0.0086651444
2022-01-20,CRM,-0.010567605,0.012160897,-0.0082624555
2022-01-20,CSCO,-0.0022842288,0.0052962303,-0.011318624
2022-01-20,IBM,7.1525574e-05,0.0056045055,-0.0068311095
2022-01-20,INTC,-0.00015205145,0.0066311359,-0.0099921227
2022-01-20,MSFT,-0.0040440559,0.007119894,-0.0097517371
2022-01-20,NKE,-0.0063019395,0.011016011,-0.008120954
2022-01-20,VZ,-0.0030532479,0.0070815086,-0.0093560815
2022-01-20,WMT,-0.0028538704,0.0058003664,-0.0075080991
2022-01-21,AAPL,-0.0049322844,0.013683796,-0.012790561
2022-01-21,AMGN,-0.0049939752,0.010098338,-0.0090171695
2022-01-21,CRM,-0.011213303,0.013454199,-0.0088362098
2022-01-21,CSCO,-0.0034589171,0.006349802,-0.010312557
2022-01-21,IBM,0.00015068054,0.0059025288,-0.0065180063
2022-01-21,INTC,-0.00037646294,0.0067639351,-0.01004827
2022-01-21,MSFT,-0.004373312,0.0090413094,-0.009406805
2022-01-21,NKE,-0.0080197453,0.011287332,-0.007024169
2022-01-21,VZ,-0.0032262802,0.007837534,-0.0088022947
2022-01-21,WMT,-0.0028884411,0.0058108568,-0.0073283911
2022-01-24,AAPL,-0.0038565397,0.013382792,-0.012205184
2022-01-24,AMGN,-0.0053092241,0.0098103285,-0.0080176592
2022-01-24,CRM,-0.0087804794,0.013157845,-0.010745764
2022-01-24,CSCO,-0.00084239244,0.0054681301,-0.010505378
2022-01-24,IBM,0.00086653233,0.0063227415,-0.0065640211
2022-01-24,INTC,0.0015462637,0.007440567,-0.0099870563
2022-01-24,MSFT,-0.0026869178,0.0083320141,-0.0094905496
2022-01-24,NKE,-0.0072479248,0.01128149,-0.0074256659
2022-01-24,VZ,-0.0042889714,0.0083669424,-0.0081658363
2022-01-24,WMT,-0.0042959452,0.0070194006,-0.006198585
2022-01-25,AAPL,-0.0027732849,0.011943102,-0.013497412
2022-01-25,AMGN,-0.0034272671,0.009122014,-0.0095542669
2022-01-25,CRM,-0.0069815516,0.010689855,-0.011720121
2022-01-25,CSCO,-0.0017571449,0.0047610998,-0.010583758
2022-01-25,IBM,0.00052750111,0.0058479309,-0.0075494051
2022-01-25,INTC,-2.7656555e-05,0.0063319206,-0.011418402
2022-01-25,MSFT,-0.0028847456,0.0075727701,-0.0087276101
2022-01-25,NKE,-0.00615412,0.011314988,-0.008856535
2022-01-25,VZ,-0.0029180646,0.0082308054,-0.0088345408
2022-01-25,WMT,-0.0038689375,0.0064349174,-0.0067794323
2022-01-26,AAPL,-0.0024446249,0.013527632,-0.011287987
2022-01-26,AMGN,-0.0060001016,0.010766745,-0.0085716844
2022-01-26,CRM,-0.01150012,0.012492657,-0.010021389
2022-01-26,CSCO,-0.0030999184,0.0069591999,-0.011346698
2022-01-26,IBM,-0.00029349327,0.0057940483,-0.0075666904
2022-01-26,INTC,-0.0016826987,0.0085718632,-0.0095223784
2022-01-26,MSFT,-0.0057652593,0.0089845657,-0.0095356703
2022-01-26,NKE,-0.0070876479,0.012302279,-0.0088933706
2022-01-26,VZ,-0.0052649379,0.0077700615,-0.0080764294
2022-01-26,WMT,-0.0036939979,0.0074176788,-0.0069735646
2022-01-27,AAPL,-0.0016822815,0.012604356,-0.012477219
2022-01-27,AMGN,-0.0073289871,0.012916923,-0.0079016685
2022-01-27,CRM,-0.012569308,0.014893055,-0.011419833
2022-01-27,CSCO,0.00083374977,0.0073502064,-0.012212455
2022-01-27,IBM,0.00099933147,0.0059154034,-0.0066912174
2022-01-27,INTC,-0.0010422468,0.0078169107,-0.008851707
2022-01-27,MSFT,-0.0019938946,0.0089744329,-0.0082358122
2022-01-27,NKE,-0.0050547123,0.012488127,-0.0087577105
2022-01-27,VZ,-0.00034940243,0.0072065592,-0.0092514157
2022-01-27,WMT,-0.0024108887,0.0058610439,-0.0066918731
2022-01-28,AAPL,-0.005895555,0.01170063,-0.018436551
2022-01-28,AMGN,-0.0042835474,0.011747479,-0.011492074
2022-01-28,CRM,-0.01311487,0.016427398,-0.015688658
2022-01-28,CSCO,-0.0077237487,0.0085804462,-0.013343275
2022-01-28,IBM,0.00074350834,0.0055049658,-0.010044098
2022-01-28,INTC,0.00081562996,0.0078663826,-0.016150653
2022-01-28,MSFT,-0.0015937686,0.0090720654,-0.012940109
2022-01-28,NKE,-0.0070105195,0.010599852,-0.012682319
2022-01-28,VZ,-0.0035887957,0.0075973272,-0.011461616
2022-01-28,WMT,-0.0055856705,0.0079573393,-0.0076321363
2022-01-31,AAPL,-0.0087153912,0.016278982,-0.011454821
2022-01-31,AMGN,-0.0076165199,0.015507579,-0.0067495108
2022-01-31,CRM,-0.0061024427,0.018868923,-0.01350224
2022-01-31,CSCO,-0.0074515343,0.014056444,-0.0092123151
2022-01-31,IBM,-0.002270937,0.0096253157,-0.006652236
2022-01-31,INTC,-0.0031132698,0.014775276,-0.0092897415
2022-01-31,MSFT,-0.0041981339,0.013227344,-0.0093189478
2022-01-31,NKE,-0.0084463358,0.014836669,-0.0073356032
2022-01-31,VZ,-0.0074058175,0.012127876,-0.0071627498
2022-01-31,WMT,-0.005277276,0.011503696,-0.0056577921
2022-02-01,AAPL,-0.0018922687,0.011885881,-0.0124771
2022-02-01,AMGN,-0.002845943,0.010300398,-0.010050774
2022-02-01,CRM,-0.0079491138,0.01363349,-0.012578726
2022-02-01,CSCO,-0.006007731,0.0086816549,-0.010216892
2022-02-01,IBM,-0.00067871809,0.0075668097,-0.0066248775
2022-02-01,INTC,-0.005735755,0.0097991228,-0.0092884302
2022-02-01,MSFT,-0.0065584183,0.010772347,-0.007243216
2022-02-01,NKE,-0.007858336,0.011522293,-0.0089254975
2022-02-01,VZ,-0.006256938,0.0093601942,-0.0066840649
2022-02-01,WMT,-0.0024622679,0.0075118542,-0.0075665116
2022-02-02,AAPL,-0.0077155828,0.014247179,-0.015307367
2022-02-02,AMGN,-0.010383785,0.012015581,-0.0093024373
2022-02-02,CRM,-0.019336104,0.016721964,-0.010315537
2022-02-02,CSCO,-0.0061970353,0.0080066919,-0.012189269
2022-02-02,IBM,0.00022780895,0.0062406063,-0.0098544359
2022-02-02,INTC,-0.0026544333,0.0088247061,-0.013505995
2022-02-02,MSFT,-0.0081169605,0.010672092,-0.011540949
2022-02-02,NKE,-0.0070796013,0.011512756,-0.012760699
2022-02-02,VZ,-0.0050831437,0.0088531971,-0.011261106
2022-02-02,WMT,-0.0035136342,0.0077015162,-0.0089985728
2022-02-03,AAPL,-0.0026999116,0.013923645,-0.01537317
2022-02-03,AMGN,-0.0031571388,0.011004806,-0.010491729
2022-02-03,CRM,-0.014690042,0.01862216,-0.011436343
2022-02-03,CSCO,-0.004627049,0.0091449022,-0.01295805
2022-02-03,IBM,0.0031830072,0.005961895,-0.0092053413
2022-02-03,INTC,0.00041341782,0.010242462,-0.013098955
2022-02-03,MSFT,-0.0030846,0.0092129707,-0.011877596
2022-02-03,NKE,-0.0090450644,0.012812734,-0.010325432
2022-02-03,VZ,-0.001318872,0.0090363026,-0.010445595
2022-02-03,WMT,0.00037479401,0.0064952374,-0.010056138
2022-02-04,AAPL,-0.0053112507,0.01399684,-0.0096341372
2022-02-04,AMGN,0.00033283234,0.0095412731,-0.0086426139
2022-02-04,CRM,-0.0068712831,0.015696526,-0.011500597
2022-02-04,CSCO,-0.0039835572,0.0094209909,-0.0091889501
2022-02-04,IBM,-0.00019943714,0.0070091486,-0.0077476501
2022-02-04,INTC,0.00027239323,0.010861158,-0.0094268918
2022-02-04,MSFT,-0.0012888908,0.011983037,-0.0090022087
2022-02-04,NKE,-0.0083202124,0.015613198,-0.007332623
2022-02-04,VZ,-0.0030794144,0.010875225,-0.0077134967
2022-02-04,WMT,-0.0011972189,0.0075637102,-0.00725317
2022-02-07,AAPL,-0.0033541918,0.012479663,-0.013208687
2022-02-07,AMGN,-0.0023646355,0.0098145008,-0.0087056756
2022-02-07,CRM,-0.0071376562,0.014195561,-0.01247102
2022-02-07,CSCO,-0.0011384487,0.006706357,-0.011722207
2022-02-07,IBM,0.00085031986,0.0065613985,-0.0081943274
2022-02-07,INTC,-3.8146973e-05,0.007610321,-0.010652065
2022-02-07,MSFT,-0.0004427433,0.0081838369,-0.009246707
2022-02-07,NKE,-0.0074293613,0.012271047,-0.0095545053
2022-02-07,VZ,-0.0042436123,0.0092918873,-0.0092182755
2022-02-07,WMT,-0.0012409687,0.0066232681,-0.0081275702
2022-02-08,AAPL,-0.0065996051,0.016145945,-0.011527896
2022-02-08,AMGN,-0.0024366975,0.010603547,-0.0090966225
2022-02-08,CRM,-0.011461675,0.015698195,-0.0093123317
2022-02-08,CSCO,-0.0057485104,0.0080901384,-0.0095664859
2022-02-08,IBM,-0.0012571216,0.0072441101,-0.0073419213
2022-02-08,INTC,-0.002278626,0.01087296,-0.0092884898
2022-02-08,MSFT,-0.0047333241,0.010382056,-0.0087382793
2022-02-08,NKE,-0.0093977451,0.013418913,-0.0087021589
2022-02-08,VZ,-0.0046691895,0.010055304,-0.0080227256
2022-02-08,WMT,-0.0023910999,0.0071082115,-0.0071565509
2022-02-09,AAPL,-0.00295645,0.013316154,-0.012388825
2022-02-09,AMGN,-0.0070670843,0.010965347,-0.0071882606
2022-02-09,CRM,-0.0058295131,0.010788798,-0.011853218
2022-02-09,CSCO,-0.004024744,0.0067892075,-0.010419786
2022-02-09,IBM,-0.0011293292,0.0068875551,-0.0070884824
2022-02-09,INTC,0.0013086796,0.0082836151,-0.01099056
2022-02-09,MSFT,-0.0029873848,0.009139061,-0.0093998313
2022-02-09,NKE,-0.0086138248,0.013702035,-0.0084609389
2022-02-09,VZ,-0.0070868731,0.010203362,-0.0080110431
2022-02-09,WMT,-0.0066850185,0.009159565,-0.0060723424
2022-02-10,AAPL,-0.0032606721,0.012818575,-0.01288718
2022-02-10,AMGN,-0.0021348596,0.0077257156,-0.010251641
2022-02-10,CRM,-0.0093085766,0.013496399,-0.010695517
2022-02-10,CSCO,-0.003631711,0.00626266,-0.0098529458
2022-02-10,IBM,0.0014568567,0.006239295,-0.0083378553
2022-02-10,INTC,6.6757202e-05,0.0077776909,-0.011370957
2022-02-10,MSFT,-0.0033945441,0.0085389614,-0.0093439221
2022-02-10,NKE,-0.0086796284,0.012879014,-0.0088291168
2022-02-10,VZ,-0.0046127439,0.0093733072,-0.009935379
2022-02-10,WMT,-0.0046008229,0.0073013306,-0.0069795251
2022-02-11,AAPL,-0.0027915239,0.012602806,-0.011810541
2022-02-11,AMGN,-0.0020341277,0.0083668232,-0.010616541
2022-02-11,CRM,-0.012202859,0.013661742,-0.012185395
2022-02-11,CSCO,-0.0036882162,0.0053547621,-0.010433733
2022-02-11,IBM,0.0010758638,0.0048267841,-0.0077156425
2022-02-11,INTC,-0.00027108192,0.0075362921,-0.010263026
2022-02-11,MSFT,-0.003970623,0.0085165501,-0.008838892
2022-02-11,NKE,-0.0093421936,0.013252258,-0.008167088
2022-02-11,VZ,-0.0023950338,0.0089098215,-0.0099331737
2022-02-11,WMT,-0.0015649796,0.0061986446,-0.0087274909
2022-02-14,AAPL,-0.0054811835,0.014257193,-0.014404595
2022-02-14,AMGN,-0.0009675622,0.0088893175,-0.010890186
2022-02-14,CRM,-0.020151258,0.01796627,-0.011324763
2022-02-14,CSCO,-0.0064507127,0.008382678,-0.011355102
2022-02-14,IBM,0.00070011616,0.0054430962,-0.0083457828
2022-02-14,INTC,-0.0032072663,0.0079632998,-0.010356009
2022-02-14,MSFT,-0.0035077333,0.0095900297,-0.0095179677
2022-02-14,NKE,-0.0085703135,0.011969924,-0.0095553398
2022-02-14,VZ,-0.0024061203,0.0083254576,-0.010095656
2022-02-14,WMT,-0.00038552284,0.0053501129,-0.0092796683
2022-02-15,AAPL,-0.007348299,0.015143633,-0.014648914
2022-02-15,AMGN,-0.0021743774,0.0099649429,-0.0093659163
2022-02-15,CRM,-0.020078123,0.020504475,-0.011412203
2022-02-15,CSCO,-0.0085384846,0.0084437132,-0.010024726
2022-02-15,IBM,0.00023567677,0.0059058666,-0.0083995461
2022-02-15,INTC,-0.0022289157,0.0084918737,-0.010862112
2022-02-15,MSFT,-0.0045095086,0.010397315,-0.009732604
2022-02-15,NKE,-0.010510027,0.013781905,-0.0098377466
2022-02-15,VZ,-0.0046011806,0.0094721317,-0.011136353
2022-02-15,WMT,7.5221062e-05,0.0052163601,-0.0096569657
2022-02-16,AAPL,-0.0052528381,0.014211655,-0.011408806
2022-02-16,AMGN,-0.003585279,0.010373354,-0.0073187947
2022-02-16,CRM,-0.013983011,0.018235922,-0.011336744
2022-02-16,CSCO,-0.0046605468,0.0094274282,-0.0099309683
2022-02-16,IBM,3.695488e-06,0.0068297386,-0.0073944926
2022-02-16,INTC,0.00038003922,0.0084681511,-0.010293782
2022-02-16,MSFT,-0.0022115707,0.0093134642,-0.0083043575
2022-02-16,NKE,-0.0099067092,0.014037251,-0.0080813169
2022-02-16,VZ,-0.0030558109,0.0098229647,-0.0098555684
2022-02-16,WMT,-0.0028868914,0.007832408,-0.0071433187
2022-02-17,AAPL,-0.0054382086,0.014159203,-0.010053992
2022-02-17,AMGN,0.0030311346,0.0077917576,-0.010221124
2022-02-17,CRM,-0.01563251,0.01896596,-0.010639906
2022-02-17,CSCO,-0.0045881271,0.0087838173,-0.0091641545
2022-02-17,IBM,0.00027740002,0.0069690943,-0.007563591
2022-02-17,INTC,-0.00068736076,0.0091505051,-0.009165287
2022-02-17,MSFT,-0.002831459,0.010126591,-0.0082435608
2022-02-17,NKE,-0.0097699165,0.014476299,-0.0072903633
2022-02-17,VZ,-0.0029136539,0.0089654922,-0.0085210204
2022-02-17,WMT,0.00018239021,0.0061526299,-0.0077957511
2022-02-18,AAPL,-0.0044624805,0.013975382,-0.011427522
2022-02-18,AMGN,-0.0024702549,0.00915277,-0.0085291266
2022-02-18,CRM,-0.013539016,0.01667273,-0.011368632
2022-02-18,CSCO,-0.0040379763,0.008597374,-0.010430336
2022-02-18,IBM,-0.00045418739,0.0065348148,-0.0074352622
2022-02-18,INTC,-0.0014180541,0.0085560083,-0.0088711381
2022-02-18,MSFT,-0.0024107695,0.0090749264,-0.0091280341
2022-02-18,NKE,-0.0096796751,0.013194442,-0.0090152621
2022-02-18,VZ,-0.0029137731,0.0091570616,-0.0090483427
2022-02-18,WMT,-0.0010865331,0.0065039396,-0.0079305172
2022-02-22,AAPL,-0.0085036159,0.01526165,-0.013562441
2022-02-22,AMGN,-0.00045049191,0.0092698336,-0.010395586
2022-02-22,CRM,-0.01497674,0.018199325,-0.012749135
2022-02-22,CSCO,-0.0074020028,0.0090501308,-0.010540724
2022-02-22,IBM,-0.002063334,0.0074132681,-0.0079179406
2022-02-22,INTC,-0.0025610328,0.0095325708,-0.01090157
2022-02-22,MSFT,-0.0050688386,0.010031462,-0.0090934634
2022-02-22,NKE,-0.010081172,0.013419747,-0.0093930364
2022-02-22,VZ,-0.005938828,0.0099943876,-0.0091481805
2022-02-22,WMT,-0.0032320023,0.0074306726,-0.0082691312
2022-02-23,AAPL,-0.0054280162,0.015602589,-0.010236382
2022-02-23,AMGN,-0.0029113889,0.0096411705,-0.0089461207
2022-02-23,CRM,-0.0056582093,0.015543342,-0.012090743
2022-02-23,CSCO,-0.0011304617,0.0092941523,-0.010633767
2022-02-23,IBM,4.7683716e-06,0.0077139139,-0.0073315501
2022-02-23,INTC,0.0014665127,0.010439754,-0.0096306801
2022-02-23,MSFT,-0.00075858831,0.008975029,-0.0096607804
2022-02-23,NKE,-0.0086798072,0.013946891,-0.0074920058
2022-02-23,VZ,-0.0052907467,0.011092782,-0.0081695318
2022-02-23,WMT,-0.0043823719,0.0094025135,-0.0062274933
2022-02-24,AAPL,-0.0047373772,0.01418829,-0.011051536
2022-02-24,AMGN,-0.0016649961,0.0091720819,-0.0088805556
2022-02-24,CRM,-0.0072669387,0.013988853,-0.0137164
2022-02-24,CSCO,-0.0028863549,0.0075980425,-0.0099861026
2022-02-24,IBM,-0.001499176,0.0075069666,-0.0068562031
2022-02-24,INTC,0.00032162666,0.010683298,-0.0092089772
2022-02-24,MSFT,-0.0029400587,0.010133624,-0.0081089139
2022-02-24,NKE,-0.0067922473,0.0141114,-0.0070198774
2022-02-24,VZ,-0.0062855482,0.010327339,-0.0078555346
2022-02-24,WMT,-0.0035853982,0.0078577995,-0.0066090822
2022-02-25,AAPL,0.0013020039,0.012964606,-0.013092816
2022-02-25,AMGN,-0.0081644654,0.011427402,-0.0071053505
2022-02-25,CRM,-0.0076385736,0.013143659,-0.013459086
2022-02-25,CSCO,-0.0045198798,0.0077158213,-0.011976004
2022-02-25,IBM,-0.0018215775,0.0069265366,-0.0079612732
2022-02-25,INTC,-0.0018486381,0.010006189,-0.010126054
2022-02-25,MSFT,-0.0027498007,0.010097384,-0.0090497732
2022-02-25,NKE,-0.0090087056,0.01434195,-0.01068747
2022-02-25,VZ,-0.0067115426,0.010027647,-0.0083159208
2022-02-25,WMT,-0.0079571009,0.0095905066,-0.0058379173
2022-02-28,AAPL,-0.0048484206,0.014288664,-0.012629747
2022-02-28,AMGN,-0.0062607527,0.012875557,-0.0087686777
2022-02-28,CRM,-0.02303344,0.022571802,-0.012387693
2022-02-28,CSCO,-0.0084516406,0.010178208,-0.0097916126
2022-02-28,IBM,-0.001655519,0.0071218014,-0.008405149
2022-02-28,INTC,-0.0036373734,0.010669708,-0.0097913146
2022-02-28,MSFT,-0.0073647499,0.012190938,-0.0076212287
2022-02-28,NKE,-0.0092062354,0.014975429,-0.0090233684
2022-02-28,VZ,-0.0045906901,0.0093539953,-0.0099881887
2022-02-28,WMT,-0.0031669736,0.006821394,-0.0078924894
2022-03-01,AAPL,-0.0062249303,0.013013363,-0.013487875
2022-03-01,AMGN,-0.0051098466,0.014356613,-0.0066190362
2022-03-01,CRM,-0.01321882,0.019670606,-0.016128898
2022-03-01,CSCO,-0.0088703632,0.012675524,-0.0095105767
2022-03-01,IBM,-0.0029972792,0.0069679022,-0.0088109374
2022-03-01,INTC,-0.00044977665,0.01127243,-0.010765851
2022-03-01,MSFT,-0.00091034174,0.011123061,-0.010601521
2022-03-01,NKE,-0.010673225,0.014694691,-0.008364737
2022-03-01,VZ,-0.004652977,0.0107342,-0.0094017982
2022-03-01,WMT,-0.0059971809,0.009205699,-0.0061852336
2022-03-02,AAPL,-0.011897385,0.017591834,-0.010134161
2022-03-02,AMGN,-0.0082165599,0.014844537,-0.0063452721
2022-03-02,CRM,-0.012521267,0.022369742,-0.013785124
2022-03-02,CSCO,-0.010638356,0.016847014,-0.0079763532
2022-03-02,IBM,-0.004434526,0.011403322,-0.0069998503
2022-03-02,INTC,-0.0068859458,0.015580773,-0.0072475672
2022-03-02,MSFT,-0.0063888431,0.014454842,-0.0075563192
2022-03-02,NKE,-0.01106292,0.016027212,-0.0073406696
2022-03-02,VZ,-0.0064466596,0.0131706,-0.007327497
2022-03-02,WMT,-0.0036385059,0.010229349,-0.0063223839
2022-03-03,AAPL,-0.0021924376,0.011015296,-0.012945712
2022-03-03,AMGN,-0.0052564144,0.011795998,-0.010109663
2022-03-03,CRM,-0.01070559,0.014922261,-0.013580561
2022-03-03,CSCO,-0.006788075,0.0092990398,-0.010791838
2022-03-03,IBM,-0.0027487278,0.0080524683,-0.0072886944
2022-03-03,INTC,-0.006431222,0.010662079,-0.011907041
2022-03-03,MSFT,-0.0067526698,0.010852337,-0.0085853338
2022-03-03,NKE,-0.0076245666,0.011713028,-0.011000276
2022-03-03,VZ,-0.0061106086,0.0094325542,-0.0086852908
2022-03-03,WMT,-0.0044917464,0.0086898804,-0.0074023008
2022-03-04,AAPL,-0.0083649755,0.014840245,-0.012783706
2022-03-04,AMGN,-0.0039787889,0.009968996,-0.010947049
2022-03-04,CRM,-0.02470392,0.019932747,-0.0099419355
2022-03-04,CSCO,-0.0082709193,0.010074139,-0.010119736
2022-03-04,IBM,0.00038564205,0.0058033466,-0.0095075369
2022-03-04,INTC,-0.0048100948,0.010444522,-0.012142599
2022-03-04,MSFT,-0.0088126063,0.011566997,-0.010635436
2022-03-04,NKE,-0.0085315108,0.012302399,-0.012381673
2022-03-04,VZ,-0.0034817457,0.0097745657,-0.010361671
2022-03-04,WMT,-0.0014216304,0.0070807934,-0.0099416971
2022-03-07,AAPL,-0.0023764372,0.013129592,-0.013012588
2022-03-07,AMGN,-7.4446201e-05,0.010728359,-0.011361301
2022-03-07,CRM,-0.016860962,0.018794775,-0.011514306
2022-03-07,CSCO,-0.0024049282,0.0096229315,-0.012098253
2022-03-07,IBM,0.0043686628,0.005787015,-0.0092474222
2022-03-07,INTC,0.0019613504,0.010637999,-0.012266695
2022-03-07,MSFT,0.0014238358,0.0089758635,-0.010319471
2022-03-07,NKE,-0.0078800917,0.012881517,-0.0097090006
2022-03-07,VZ,0.0014288425,0.0082440376,-0.010706604
2022-03-07,WMT,0.0040563345,0.0055413246,-0.010321617
2022-03-08,AAPL,-0.0077251196,0.014673471,-0.01183033
2022-03-08,AMGN,-0.0020080805,0.010463357,-0.010691702
2022-03-08,CRM,-0.013220668,0.019101739,-0.01123476
2022-03-08,CSCO,-0.0066469312,0.0091987848,-0.010743558
2022-03-08,IBM,0.0012212992,0.0070846081,-0.0090059042
2022-03-08,INTC,-0.00055223703,0.010359645,-0.010951579
2022-03-08,MSFT,-0.00019335747,0.012124419,-0.0098494887
2022-03-08,NKE,-0.0092775226,0.015114546,-0.0095558167
2022-03-08,VZ,-0.002732873,0.010422945,-0.0095539689
2022-03-08,WMT,-0.00050669909,0.0073449612,-0.0085944533
2022-03-09,AAPL,-0.005892992,0.014392138,-0.013749123
2022-03-09,AMGN,-0.0024101734,0.011059523,-0.010459542
2022-03-09,CRM,-0.013549268,0.018969059,-0.011692405
2022-03-09,CSCO,-0.0057427287,0.0099159479,-0.011198521
2022-03-09,IBM,0.00034928322,0.0075342655,-0.0086981654
2022-03-09,INTC,-0.0030602217,0.010014772,-0.011224091
2022-03-09,MSFT,-0.0024368763,0.011157155,-0.010050535
2022-03-09,NKE,-0.010100901,0.014261007,-0.010742307
2022-03-09,VZ,-0.0056045055,0.010434031,-0.010020375
2022-03-09,WMT,-0.0019834042,0.007830143,-0.0081513524
2022-03-10,AAPL,-0.0043740869,0.014817953,-0.011762559
2022-03-10,AMGN,-0.0026757121,0.011362433,-0.010370255
2022-03-10,CRM,-0.0073634386,0.014754057,-0.011194289
2022-03-10,CSCO,-0.0018975139,0.0084372759,-0.0099620223
2022-03-10,IBM,0.0012916327,0.0072808266,-0.0083659887
2022-03-10,INTC,-0.00012177229,0.0095585585,-0.0094577074
2022-03-10,MSFT,0.00018680096,0.01064837,-0.0087412
2022-03-10,NKE,-0.0071894526,0.0133605,-0.0093229413
2022-03-10,VZ,-0.0041772723,0.01040256,-0.0091210604
2022-03-10,WMT,-0.0018345118,0.0076596737,-0.0075756907
2022-03-11,AAPL,-0.0049076676,0.014259458,-0.013122976
2022-03-11,AMGN,-0.0014645457,0.009671092,-0.01161325
2022-03-11,CRM,-0.01592505,0.017838717,-0.011189461
2022-03-11,CSCO,-0.0067304969,0.0084122419,-0.010707259
2022-03-11,IBM,-0.0010855198,0.0069384575,-0.0079920292
2022-03-11,INTC,-0.0029569864,0.0097948313,-0.01049453
2022-03-11,MSFT,-0.0039835572,0.011072516,-0.009411037
2022-03-11,NKE,-0.0089635849,0.014133811,-0.010308266
2022-03-11,VZ,-0.0052413344,0.01069808,-0.0096547604
2022-03-11,WMT,-0.0023429394,0.0072661638,-0.0090097189
2022-03-14,AAPL,-0.0047797561,0.015747905,-0.012281299
2022-03-14,AMGN,-0.0010401011,0.010846019,-0.01110214
2022-03-14,CRM,-0.01467973,0.017251849,-0.011695743
2022-03-14,CSCO,-0.0049933791,0.0087128878,-0.010427713
2022-03-14,IBM,1.7642975e-05,0.0076035261,-0.0076239109
2022-03-14,INTC,-0.0010018945,0.0098949671,-0.010632813
2022-03-14,MSFT,-0.0023501515,0.0108459,-0.0096808076
2022-03-14,NKE,-0.011504591,0.01489222,-0.008960247
2022-03-14,VZ,-0.0044316649,0.010660291,-0.0096194148
2022-03-14,WMT,-0.0027123094,0.0076907873,-0.0081852078
2022-03-15,AAPL,-0.0047648549,0.013543487,-0.01358217
2022-03-15,AMGN,0.00063359737,0.0094923973,-0.011595428
2022-03-15,CRM,-0.018072784,0.019004583,-0.01251477
2022-03-15,CSCO,-0.0076931119,0.0090049505,-0.010202885
2022-03-15,IBM,-0.0020970702,0.0074335337,-0.0083569884
2022-03-15,INTC,-0.0036130548,0.0097228289,-0.011293054
2022-03-15,MSFT,-0.0036901236,0.010146976,-0.0092276335
2022-03-15,NKE,-0.010856807,0.014545083,-0.009529531
2022-03-15,VZ,-0.0069082975,0.01069653,-0.010482967
2022-03-15,WMT,-0.0023434758,0.0072432756,-0.0087168217
2022-03-16,AAPL,-0.0047572255,0.014922738,-0.011726141
2022-03-16,AMGN,0.00034058094,0.0092532635,-0.011033654
2022-03-16,CRM,-0.016779304,0.019249558,-0.011221707
2022-03-16,CSCO,-0.0058940053,0.0091955662,-0.010513604
2022-03-16,IBM,0.0013332367,0.0071544647,-0.0087339878
2022-03-16,INTC,-0.0017773509,0.0093495846,-0.010652184
2022-03-16,MSFT,-0.0012996197,0.010069609,-0.0097857714
2022-03-16,NKE,-0.0097574592,0.01357305,-0.0095797181
2022-03-16,VZ,-0.0022201538,0.0094201565,-0.0098299384
2022-03-16,WMT,-0.00063955784,0.0059031248,-0.0085069537
2022-03-17,AAPL,-0.0081186295,0.013682127,-0.013327718
2022-03-17,AMGN,-0.001857996,0.010587454,-0.011476278
2022-03-17,CRM,-0.020277202,0.021631718,-0.010251582
2022-03-17,CSCO,-0.008426249,0.0095796585,-0.011397958
2022-03-17,IBM,-0.00079953671,0.0075976849,-0.0083443522
2022-03-17,INTC,-0.0028630495,0.0097436905,-0.011145711
2022-03-17,MSFT,-0.0038126707,0.010859609,-0.010428607
2022-03-17,NKE,-0.011174142,0.013454676,-0.0094631314
2022-03-17,VZ,-0.003819108,0.0099495649,-0.010177195
2022-03-17,WMT,0.0010093451,0.0063151121,-0.0094785094
2022-03-18,AAPL,-0.0030024052,0.014178038,-0.011409998
2022-03-18,AMGN,-0.002615869,0.011491418,-0.0087175369
2022-03-18,CRM,-0.0063299537,0.016060829,-0.012834013
2022-03-18,CSCO,-0.00064587593,0.0090094805,-0.01086849
2022-03-18,IBM,0.00014805794,0.0075856447,-0.0078716278
2022-03-18,INTC,0.0010581017,0.009357214,-0.010229349
2022-03-18,MSFT,0.00088357925,0.0097072124,-0.010278523
2022-03-18,NKE,-0.0088841915,0.013761997,-0.0081796646
2022-03-18,VZ,-0.0036201477,0.010937214,-0.0089262724
2022-03-18,WMT,-0.0024393201,0.0077309608,-0.0073627234
2022-03-21,AAPL,-0.0066611767,0.014940619,-0.011524677
2022-03-21,AMGN,0.0004914999,0.0093849897,-0.012736797
2022-03-21,CRM,-0.014439344,0.017946482,-0.010672748
2022-03-21,CSCO,-0.0048307776,0.0074249506,-0.01092577
2022-03-21,IBM,-0.0014798045,0.0071989298,-0.0081031322
2022-03-21,INTC,-0.0009098053,0.0096610785,-0.010465324
2022-03-21,MSFT,-0.0029902458,0.0096812248,-0.0087768435
2022-03-21,NKE,-0.0098465085,0.01357162,-0.0095071197
2022-03-21,VZ,-0.0041081905,0.0085914135,-0.0091847777
2022-03-21,WMT,-0.0016103387,0.0072627068,-0.0078268051
2022-03-22,AAPL,-0.0043811798,0.01401341,-0.011974156
2022-03-22,AMGN,-0.0024761558,0.011915207,-0.010335863
2022-03-22,CRM,-0.011293769,0.015162587,-0.012168288
2022-03-22,CSCO,-0.0029475093,0.0077488422,-0.010576189
2022-03-22,IBM,0.0001219511,0.0071024895,-0.0074936748
2022-03-22,INTC,-0.0020412207,0.0089823008,-0.009586513
2022-03-22,MSFT,-0.0011677742,0.0095549822,-0.0096868277
2022-03-22,NKE,-0.010462523,0.014209151,-0.0086083412
2022-03-22,VZ,-0.0053943992,0.010314703,-0.008580327
2022-03-22,WMT,-0.0017262697,0.0073581934,-0.0077928305
2022-03-23,AAPL,-0.0042185187,0.013559341,-0.015199006
2022-03-23,AMGN,-0.0029729009,0.0095357895,-0.012439013
2022-03-23,CRM,-0.017645478,0.017295122,-0.013182104
2022-03-23,CSCO,-0.0063863397,0.0082135201,-0.011413932
2022-03-23,IBM,-0.0013412237,0.0070232153,-0.0084317923
2022-03-23,INTC,-0.0022183657,0.0077599287,-0.011313617
2022-03-23,MSFT,-0.004537046,0.010427713,-0.010478735
2022-03-23,NKE,-0.01011461,0.012462378,-0.011334956
2022-03-23,VZ,-0.00594455,0.0096853971,-0.010377049
2022-03-23,WMT,-0.0047208071,0.0080621243,-0.0079704523
2022-03-24,AAPL,-0.0060662031,0.014458537,-0.013626873
2022-03-24,AMGN,-0.0018992424,0.010937333,-0.01156497
2022-03-24,CRM,-0.023982048,0.021634459,-0.010391533
2022-03-24,CSCO,-0.0065338016,0.0091582537,-0.01157999
2022-03-24,IBM,0.00081121922,0.0063055754,-0.0093072653
2022-03-24,INTC,-0.0018045902,0.0096524954,-0.012649238
2022-03-24,MSFT,-0.0032812953,0.010553956,-0.010786235
2022-03-24,NKE,-0.011694133,0.014330149,-0.009627521
2022-03-24,VZ,-0.003631115,0.0093744993,-0.011588156
2022-03-24,WMT,4.8041344e-05,0.0062984228,-0.010048747
2022-03-25,AAPL,-0.0025569797,0.013811231,-0.011534154
2022-03-25,AMGN,-0.0014513731,0.011644483,-0.0093500018
2022-03-25,CRM,-0.0083280206,0.017439961,-0.012593627
2022-03-25,CSCO,-0.00088709593,0.0081634521,-0.010200024
2022-03-25,IBM,-0.00065821409,0.0071307421,-0.0074855089
2022-03-25,INTC,0.00098323822,0.0085450411,-0.010890543
2022-03-25,MSFT,0.0011816025,0.01008153,-0.0085966587
2022-03-25,NKE,-0.0087701082,0.015533209,-0.0080145001
2022-03-25,VZ,-0.0013843179,0.010733247,-0.0090605021
2022-03-25,WMT,-0.00041973591,0.0071877241,-0.0076833367
2022-03-28,AAPL,-0.0058842897,0.015494347,-0.010133743
2022-03-28,AMGN,-0.0023372769,0.010198474,-0.010798633
2022-03-28,CRM,-0.021088898,0.022147417,-0.01152283
2022-03-28,CSCO,-0.0098237395,0.0092704296,-0.010490894
2022-03-28,IBM,-0.0044878721,0.0077369213,-0.0080838799
2022-03-28,INTC,-0.0066142678,0.010955572,-0.0092581511
2022-03-28,MSFT,-0.0044675469,0.012193084,-0.008330524
2022-03-28,NKE,-0.012318969,0.016439438,-0.0098549724
2022-03-28,VZ,-0.0051224828,0.0096498728,-0.0096833706
2022-03-28,WMT,-0.00064098835,0.0073126554,-0.0080628991
2022-03-29,AAPL,-0.0046573281,0.01502347,-0.012025833
2022-03-29,AMGN,-0.0035523772,0.012027502,-0.0086138844
2022-03-29,CRM,-0.021657884,0.022717118,-0.012961209
2022-03-29,CSCO,-0.0039172173,0.010597467,-0.011948347
2022-03-29,IBM,-0.00082916021,0.0075579882,-0.0080753565
2022-03-29,INTC,-0.0029591918,0.0097813606,-0.0093976855
2022-03-29,MSFT,-0.0036793947,0.011857986,-0.0074605346
2022-03-29,NKE,-0.011699498,0.016323328,-0.0091683865
2022-03-29,VZ,-0.0025596023,0.0088412762,-0.0093125105
2022-03-29,WMT,-0.00071835518,0.006456852,-0.0082010627
2022-03-30,AAPL,-0.00788486,0.013693333,-0.018507421
2022-03-30,AMGN,-0.0033348203,0.012971878,-0.0099829435
2022-03-30,CRM,-0.02129221,0.023774743,-0.017343938
2022-03-30,CSCO,-0.01042521,0.012888432,-0.012581825
2022-03-30,IBM,-0.0024279356,0.0074156523,-0.011059463
2022-03-30,INTC,-0.00076574087,0.0098581314,-0.013183296
2022-03-30,MSFT,-0.0022987127,0.011728048,-0.012745619
2022-03-30,NKE,-0.01046592,0.013742089,-0.012092412
2022-03-30,VZ,-0.0041258335,0.0089166164,-0.011357427
2022-03-30,WMT,-0.0046597123,0.0085252523,-0.0085741282
2022-03-31,AAPL,-0.011974812,0.018261671,-0.010629594
2022-03-31,AMGN,-0.0083774328,0.015825748,-0.0073935986
2022-03-31,CRM,-0.010539234,0.023124099,-0.013701975
2022-03-31,CSCO,-0.0098373294,0.016695023,-0.0093946457
2022-03-31,IBM,-0.005467236,0.012279987,-0.0076777935
2022-03-31,INTC,-0.0068151951,0.017579913,-0.0087178946
2022-03-31,MSFT,-0.0058020353,0.015432835,-0.0080648065
2022-03-31,NKE,-0.012073874,0.017144918,-0.0078805089
2022-03-31,VZ,-0.0069905519,0.013993621,-0.008033216
2022-03-31,WMT,-0.0048271418,0.012456536,-0.0061739087
2022-04-01,AAPL,0.00067961216,0.010099053,-0.012597024
2022-04-01,AMGN,-0.0012723207,0.0087379217,-0.011649072
2022-04-01,CRM,-0.0024492145,0.012262583,-0.015506744
2022-04-01,CSCO,-0.0023824573,0.0071109533,-0.011564434
2022-04-01,IBM,0.00061178207,0.0072356462,-0.0073919296
2022-04-01,INTC,-0.0018174648,0.0088800192,-0.011542797
2022-04-01,MSFT,-0.0030419827,0.0084247589,-0.0089573264
2022-04-01,NKE,-0.0051423907,0.0098801851,-0.011261702
2022-04-01,VZ,-0.003690958,0.0081999302,-0.0084404945
2022-04-01,WMT,-0.0036930442,0.0078707933,-0.0070828199
2022-04-04,AAPL,-0.0089148879,0.015166521,-0.012373328
2022-04-04,AMGN,-0.0068749785,0.010161519,-0.0088304281
2022-04-04,CRM,-0.024598122,0.0195117,-0.0089121461
2022-04-04,CSCO,-0.010660052,0.0097416639,-0.0099337101
2022-04-04,IBM,-0.0022491217,0.0068186522,-0.008629024
2022-04-04,INTC,-0.0060890913,0.01052618,-0.010906756
2022-04-04,MSFT,-0.011922121,0.012594461,-0.0094891787
2022-04-04,NKE,-0.0088673234,0.013488889,-0.011310935
2022-04-04,VZ,-0.0063315034,0.010078549,-0.0094578266
2022-04-04,WMT,-0.0019681454,0.0072547197,-0.0094368458
2022-04-05,AAPL,-0.0030211806,0.014178991,-0.01262939
2022-04-05,AMGN,-0.0037778616,0.011304259,-0.0090928078
2022-04-05,CRM,-0.011611998,0.017471433,-0.010715723
2022-04-05,CSCO,-0.0031119585,0.010441422,-0.011845112
2022-04-05,IBM,0.002630949,0.0061744452,-0.0084037781
2022-04-05,INTC,0.0011775494,0.01014626,-0.010785997
2022-04-05,MSFT,-0.0010686517,0.010146737,-0.0095030069
2022-04-05,NKE,-0.010627329,0.013916254,-0.0087821484
2022-04-05,VZ,-0.0016618967,0.0093544722,-0.0088297725
2022-04-05,WMT,-0.00063431263,0.0066699982,-0.0085782409
2022-04-06,AAPL,-0.008640945,0.015011549,-0.013138652
2022-04-06,AMGN,-0.0035952926,0.0095618963,-0.0099412799
2022-04-06,CRM,-0.020114958,0.021612406,-0.01046592
2022-04-06,CSCO,-0.010341048,0.0096455812,-0.011442006
2022-04-06,IBM,-0.0018134117,0.0068622828,-0.0092936158
2022-04-06,INTC,-0.0025374293,0.0099936724,-0.012870431
2022-04-06,MSFT,-0.0050117373,0.012541056,-0.0096511245
2022-04-06,NKE,-0.01079613,0.014586449,-0.010931551
2022-04-06,VZ,-0.0054661036,0.010557532,-0.010511935
2022-04-06,WMT,-0.0018342733,0.007712245,-0.0088116527
2022-04-07,AAPL,-0.0034952164,0.015204549,-0.011033416
2022-04-07,AMGN,-0.00047808886,0.0089042187,-0.0081106424
2022-04-07,CRM,-0.0083430409,0.016735435,-0.012589276
2022-04-07,CSCO,-0.0030946136,0.0092284679,-0.010333955
2022-04-07,IBM,0.00040650368,0.0081021786,-0.0080605745
2022-04-07,INTC,-0.00097715855,0.010516405,-0.010242462
2022-04-07,MSFT,-0.002892375,0.010426521,-0.0091360211
2022-04-07,NKE,-0.0087757111,0.014818788,-0.0085824728
2022-04-07,VZ,-0.0034608245,0.010549784,-0.0094918013
2022-04-07,WMT,-0.00092071295,0.0072604418,-0.0081335306
2022-04-08,AAPL,-0.0024473071,0.013002753,-0.011621892
2022-04-08,AMGN,-0.00010854006,0.0089511871,-0.0090122819
2022-04-08,CRM,-0.0047465563,0.0141958,-0.012373447
2022-04-08,CSCO,-0.0010787845,0.0074472427,-0.010825574
2022-04-08,IBM,0.00037324429,0.0075279474,-0.0080480576
2022-04-08,INTC,-0.00028467178,0.0090737343,-0.0095593333
2022-04-08,MSFT,-0.001873672,0.0098102093,-0.0072299838
2022-04-08,NKE,-0.0074183941,0.012188911,-0.0081449747
2022-04-08,VZ,-0.0047852397,0.0097824335,-0.0081632733
2022-04-08,WMT,-0.0022100806,0.0077778101,-0.0073916912
2022-04-11,AAPL,-0.007858932,0.016579986,-0.011440694
2022-04-11,AMGN,-0.003241539,0.0088555813,-0.00861305
2022-04-11,CRM,-0.01866436,0.018948078,-0.010822237
2022-04-11,CSCO,-0.0092372894,0.0089035034,-0.010118067
2022-04-11,IBM,-0.0020880699,0.0074250698,-0.0080366135
2022-04-11,INTC,-0.0059710145,0.010319114,-0.010391891
2022-04-11,MSFT,-0.0071606636,0.011876702,-0.0085511208
2022-04-11,NKE,-0.011555016,0.014786482,-0.010388613
2022-04-11,VZ,-0.0054952502,0.010706067,-0.0096954107
2022-04-11,WMT,-0.0008880496,0.0064992905,-0.0086943507
2022-04-12,AAPL,-0.0027905107,0.013835311,-0.012637377
2022-04-12,AMGN,-0.002668798,0.0093921423,-0.0092759728
2022-04-12,CRM,-0.013600886,0.017468214,-0.013244629
2022-04-12,CSCO,-0.0033081174,0.0083612204,-0.012175381
2022-04-12,IBM,0.00015389919,0.0072693825,-0.0082056522
2022-04-12,INTC,-0.00031340122,0.0097987652,-0.01027739
2022-04-12,MSFT,-0.0041128397,0.0095672607,-0.0088604689
2022-04-12,NKE,-0.011867583,0.014143229,-0.0087945461
2022-04-12,VZ,-0.005300045,0.010686874,-0.0094750524
2022-04-12,WMT,-0.0029703379,0.0076338053,-0.0080280304
2022-04-13,AAPL,-0.0040233731,0.013334394,-0.012290895
2022-04-13,AMGN,-0.00098353624,0.0089627504,-0.0091609955
2022-04-13,CRM,-0.013170838,0.018600821,-0.012638807
2022-04-13,CSCO,-0.005933702,0.0088517666,-0.010136724
2022-04-13,IBM,6.0796738e-05,0.0068633556,-0.0084801316
2022-04-13,INTC,-0.00065433979,0.0094767809,-0.010579288
2022-04-13,MSFT,-0.0031524301,0.011064053,-0.0086182356
2022-04-13,NKE,-0.011434197,0.014385939,-0.0088256598
2022-04-13,VZ,-0.0054373741,0.010187149,-0.0085591078
2022-04-13,WMT,-0.0041810274,0.0077624321,-0.0079429746
2022-04-14,AAPL,-0.0048143864,0.011610031,-0.015572369
2022-04-14,AMGN,-0.0024264455,0.0085972548,-0.01120621
2022-04-14,CRM,-0.02005738,0.020797968,-0.014678597
2022-04-14,CSCO,-0.0096743703,0.0089601278,-0.012072325
2022-04-14,IBM,-0.0010685921,0.0060824156,-0.009510994
2022-04-14,INTC,-0.0025215745,0.0088073015,-0.013464034
2022-04-14,MSFT,-0.0048851967,0.009398818,-0.011049688
2022-04-14,NKE,-0.01181978,0.013540149,-0.011640131
2022-04-14,VZ,-0.0041497946,0.009493947,-0.011551738
2022-04-14,WMT,-0.0020418763,0.0065739155,-0.0092878938
2022-04-18,AAPL,-0.0065096617,0.01558578,-0.0092803836
2022-04-18,AMGN,0.0010242462,0.0084285736,-0.0088970065
2022-04-18,CRM,-0.013040841,0.020260334,-0.011441529
2022-04-18,CSCO,-0.0047409534,0.010094404,-0.0091828704
2022-04-18,IBM,0.00024425983,0.0079327822,-0.0077615976
2022-04-18,INTC,-0.0016232729,0.01008451,-0.0094698071
2022-04-18,MSFT,-0.0027725101,0.010842085,-0.0086934566
2022-04-18,NKE,-0.010220528,0.015770316,-0.007294178
2022-04-18,VZ,-0.0031000376,0.010649562,-0.0085638165
2022-04-18,WMT,0.00049197674,0.0065407753,-0.0083804727
2022-04-19,AAPL,-0.0035784841,0.012230635,-0.010682166
2022-04-19,AMGN,0.0011304617,0.0074799061,-0.0094342828
2022-04-19,CRM,-0.0069493055,0.015039682,-0.012401879
2022-04-19,CSCO,-0.0028521419,0.0079607964,-0.0097272992
2022-04-19,IBM,-0.0013269186,0.007645607,-0.0071795583
2022-04-19,INTC,-0.00042903423,0.0086736679,-0.0099550486
2022-04-19,MSFT,-0.001508534,0.0090150833,-0.0082620382
2022-04-19,NKE,-0.0097797513,0.013715982,-0.0086164474
2022-04-19,VZ,-0.0055532455,0.01049149,-0.0085747838
2022-04-19,WMT,-0.0034965277,0.0074214935,-0.0071796179
2022-04-20,AAPL,-0.0074951053,0.014954686,-0.0098252296
2022-04-20,AMGN,-0.00075572729,0.0087186098,-0.0097609162
2022-04-20,CRM,-0.017356336,0.019628406,-0.0094547868
2022-04-20,CSCO,-0.0052093267,0.0084761381,-0.010315955
2022-04-20,IBM,-0.00086724758,0.0076739788,-0.0080928206
2022-04-20,INTC,-0.0024408102,0.0091114044,-0.0099728107
2022-04-20,MSFT,-0.0043154359,0.010069489,-0.0087249875
2022-04-20,NKE,-0.010655522,0.01429975,-0.0086683631
2022-04-20,VZ,-0.0039995313,0.0090693235,-0.0089274049
2022-04-20,WMT,-0.00062316656,0.0064504147,-0.0086043477
2022-04-21,AAPL,-0.0020874143,0.01327002,-0.011889219
2022-04-21,AMGN,-0.00025177002,0.0090384483,-0.010294914
2022-04-21,CRM,-0.010895312,0.015731096,-0.012283325
2022-04-21,CSCO,-0.0030824542,0.0083425045,-0.01057893
2022-04-21,IBM,-0.0022279024,0.0066993237,-0.0073632598
2022-04-21,INTC,-0.00050026178,0.0089612007,-0.010205448
2022-04-21,MSFT,-0.0035675764,0.009031415,-0.009026885
2022-04-21,NKE,-0.010415614,0.013289213,-0.0087856054
2022-04-21,VZ,-0.0061249137,0.010708809,-0.0085474849
2022-04-21,WMT,-0.004396975,0.0084207058,-0.0071563721
2022-04-22,AAPL,-0.0059751272,0.01359117,-0.013315499
2022-04-22,AMGN,-2.604723e-05,0.0078672171,-0.011611283
2022-04-22,CRM,-0.012666881,0.016460896,-0.012585521
2022-04-22,CSCO,-0.0058842897,0.0078223944,-0.010708451
2022-04-22,IBM,-0.0015369654,0.0074988604,-0.0085638165
2022-04-22,INTC,-0.0019650459,0.0093947649,-0.010257483
2022-04-22,MSFT,-0.0036234856,0.010026455,-0.010170281
2022-04-22,NKE,-0.0096054077,0.012294292,-0.010092497
2022-04-22,VZ,-0.0057130456,0.010408163,-0.0088916421
2022-04-22,WMT,-0.0027963519,0.0068762302,-0.0083839893
2022-04-25,AAPL,-0.0043361783,0.014228582,-0.012690961
2022-04-25,AMGN,-0.00021165609,0.0086542368,-0.0098231435
2022-04-25,CRM,-0.012336671,0.017499804,-0.013549566
2022-04-25,CSCO,-0.0071966648,0.008652091,-0.010563731
2022-04-25,IBM,-0.0011671782,0.0075529814,-0.0081436634
2022-04-25,INTC,-0.0011743307,0.010283709,-0.011536598
2022-04-25,MSFT,-0.0027224422,0.0098385811,-0.010742366
2022-04-25,NKE,-0.0091447234,0.014633179,-0.0095499158
2022-04-25,VZ,-0.0055445433,0.011263728,-0.009304285
2022-04-25,WMT,-0.0040249825,0.0079727173,-0.0076423883
2022-04-26,AAPL,-0.0025978088,0.013898969,-0.010115445
2022-04-26,AMGN,-0.0040029287,0.010883927,-0.0080937743
2022-04-26,CRM,-0.005918622,0.013690591,-0.011916041
2022-04-26,CSCO,-0.0031730533,0.00796628,-0.010029495
2022-04-26,IBM,-0.0020437241,0.0071820021,-0.0077393651
2022-04-26,INTC,0.00037813187,0.0098276138,-0.010636389
2022-04-26,MSFT,-0.0027532578,0.010171533,-0.008053422
2022-04-26,NKE,-0.010168493,0.015318274,-0.0081537366
2022-04-26,VZ,-0.0046715736,0.010947227,-0.008692503
2022-04-26,WMT,-0.0030641556,0.0086780787,-0.0069176555
2022-04-27,AAPL,-0.0022990704,0.013300419,-0.0095438957
2022-04-27,AMGN,-0.0023334026,0.0088312626,-0.0098770261
2022-04-27,CRM,-0.02045989,0.019595265,-0.011065483
2022-04-27,CSCO,-0.0096412897,0.0091059208,-0.0113042
2022-04-27,IBM,-0.0031981468,0.0074160099,-0.0085688829
2022-04-27,INTC,-0.0080037713,0.011637688,-0.0092167258
2022-04-27,MSFT,-0.0067546368,0.010296345,-0.0089766383
2022-04-27,NKE,-0.012348652,0.015699148,-0.010074079
2022-04-27,VZ,-0.0066036582,0.010391593,-0.0092372298
2022-04-27,WMT,-0.001706779,0.0073390007,-0.0080038905
2022-04-28,AAPL,-0.0035826564,0.012937427,-0.012033522
2022-04-28,AMGN,-0.0021511912,0.01011765,-0.0083121657
2022-04-28,CRM,-0.018160582,0.021873951,-0.014178276
2022-04-28,CSCO,-0.0026763082,0.010674477,-0.011280239
2022-04-28,IBM,-0.001152575,0.0077894926,-0.0082203746
2022-04-28,INTC,-0.0029386878,0.010796547,-0.009305954
2022-04-28,MSFT,-0.003390193,0.011351824,-0.0072252154
2022-04-28,NKE,-0.0094746947,0.015840173,-0.0092058182
2022-04-28,VZ,-0.0015247464,0.0090837479,-0.0084989667
2022-04-28,WMT,-0.00056666136,0.0066813231,-0.0077792406
2022-04-29,AAPL,-0.0071225762,0.012212157,-0.021682382
2022-04-29,AMGN,-0.0029899478,0.0117383,-0.010502756
2022-04-29,CRM,-0.021752417,0.022456527,-0.019830942
2022-04-29,CSCO,-0.012525439,0.012752771,-0.013940275
2022-04-29,IBM,-0.0042353868,0.0076618195,-0.011177421
2022-04-29,INTC,-0.0022033453,0.010826349,-0.015480816
2022-04-29,MSFT,-0.002738893,0.010588288,-0.014229357
2022-04-29,NKE,-0.0095711946,0.013725162,-0.01454401
2022-04-29,VZ,-0.0062651038,0.0099548101,-0.012962759
2022-04-29,WMT,-0.0071458817,0.0096340179,-0.0093064904
2022-05-02,AAPL,-0.013473153,0.019141912,-0.0085679293
2022-05-02,AMGN,-0.008190155,0.017045259,-0.0065097809
2022-05-02,CRM,-0.010742486,0.024009109,-0.013365388
2022-05-02,CSCO,-0.011098564,0.017967224,-0.0079887509
2022-05-02,IBM,-0.006362319,0.012553811,-0.0068089962
2022-05-02,INTC,-0.0090402961,0.019157648,-0.0080213547
2022-05-02,MSFT,-0.0074214339,0.016699195,-0.0079405308
2022-05-02,NKE,-0.012820303,0.018008471,-0.0068413615
2022-05-02,VZ,-0.008430481,0.015184999,-0.0077953935
2022-05-02,WMT,-0.0049081445,0.013113737,-0.0062861443
2022-05-03,AAPL,-0.0017716885,0.011612058,-0.010262787
2022-05-03,AMGN,-0.0041661263,0.010298729,-0.0090840459
2022-05-03,CRM,-0.0074101686,0.015060902,-0.013856769
2022-05-03,CSCO,-0.0047545433,0.0083727837,-0.0096886754
2022-05-03,IBM,-0.0011047125,0.0081714392,-0.0063066483
2022-05-03,INTC,-0.0047394037,0.011276364,-0.0090587139
2022-05-03,MSFT,-0.0043965578,0.01094687,-0.0077581406
2022-05-03,NKE,-0.0086922646,0.012374878,-0.0093040466
2022-05-03,VZ,-0.0062763095,0.0090054274,-0.0082256198
2022-05-03,WMT,-0.0039631128,0.0086253881,-0.0069312453
2022-05-04,AAPL,-0.012167335,0.016731262,-0.012440383
2022-05-04,AMGN,-0.0098962188,0.013346672,-0.0078245401
2022-05-04,CRM,-0.032943249,0.02560854,-0.0077204704
2022-05-04,CSCO,-0.015319645,0.012343287,-0.0099980831
2022-05-04,IBM,-0.0033475161,0.0077221394,-0.0084347129
2022-05-04,INTC,-0.0093120933,0.012375116,-0.010486007
2022-05-04,MSFT,-0.013230324,0.01379168,-0.0084782839
2022-05-04,NKE,-0.012446702,0.013795495,-0.0097476244
2022-05-04,VZ,-0.0058108568,0.0091311932,-0.010470629
2022-05-04,WMT,-0.0017468929,0.0067340136,-0.0084835291
2022-05-05,AAPL,-0.0081111193,0.016499043,-0.011812747
2022-05-05,AMGN,-0.0042312145,0.011876464,-0.0076472759
2022-05-05,CRM,-0.020422757,0.024525642,-0.011940539
2022-05-05,CSCO,-0.010224342,0.012626052,-0.01038903
2022-05-05,IBM,0.0012117624,0.0061078072,-0.0087413192
2022-05-05,INTC,-0.00096189976,0.0113796,-0.011307299
2022-05-05,MSFT,-0.0041266084,0.010758638,-0.0096741319
2022-05-05,NKE,-0.011822164,0.014502764,-0.0085014105
2022-05-05,VZ,-0.0010327101,0.0089513063,-0.0091348886
2022-05-05,WMT,0.00049233437,0.0062463284,-0.0088881254
2022-05-06,AAPL,-0.0077625513,0.01547873,-0.0081447363
2022-05-06,AMGN,-0.001380384,0.0097802877,-0.0067896247
2022-05-06,CRM,-0.0098009706,0.019707799,-0.014277637
2022-05-06,CSCO,-0.0094599724,0.011856794,-0.0082845688
2022-05-06,IBM,-0.0028404593,0.0084264278,-0.0072545409
2022-05-06,INTC,-0.0010359883,0.011558175,-0.0099173188
2022-05-06,MSFT,-0.0017299652,0.012586355,-0.0076607466
2022-05-06,NKE,-0.0089555383,0.01457262,-0.0079679489
2022-05-06,VZ,-0.003882587,0.010997176,-0.0077044964
2022-05-06,WMT,-0.0018588901,0.0076631308,-0.0066021085
2022-05-09,AAPL,-0.0091687441,0.017369866,-0.0073317885
2022-05-09,AMGN,-0.00076574087,0.0099935532,-0.0066578388
2022-05-09,CRM,-0.0075463653,0.018095016,-0.011433363
2022-05-09,CSCO,-0.0061813593,0.011097431,-0.0080273747
2022-05-09,IBM,-0.0029604435,0.010204673,-0.006462276
2022-05-09,INTC,-0.0035717487,0.012234926,-0.007633388
2022-05-09,MSFT,-0.0039427876,0.012334824,-0.0072446465
2022-05-09,NKE,-0.0095385909,0.014043212,-0.0072692633
2022-05-09,VZ,-0.0039380789,0.011099339,-0.0079302192
2022-05-09,WMT,-0.0027931929,0.0071235895,-0.0064902902
2022-05-10,AAPL,-0.0066640973,0.015908003,-0.0081927776
2022-05-10,AMGN,-0.0034185648,0.0094633102,-0.0064898133
2022-05-10,CRM,-0.0065059066,0.015026093,-0.012169361
2022-05-10,CSCO,-0.0032461882,0.0085623264,-0.009239316
2022-05-10,IBM,-0.00060325861,0.008412838,-0.0070833564
2022-05-10,INTC,-0.0032944679,0.010593057,-0.0076137781
2022-05-10,MSFT,-0.0044836402,0.0098317862,-0.0066630244
2022-05-10,NKE,-0.0067389607,0.011922002,-0.0075110197
2022-05-10,VZ,-0.0050192475,0.010505199,-0.0072194338
2022-05-10,WMT,-0.0032457709,0.0075623989,-0.0059790611
2022-05-11,AAPL,-0.0055501461,0.016412497,-0.0092811584
2022-05-11,AMGN,-0.0042979121,0.0095945597,-0.0071382523
2022-05-11,CRM,-0.0081233978,0.014801621,-0.010900855
2022-05-11,CSCO,-0.0065636039,0.0077410936,-0.0096178651
2022-05-11,IBM,-0.0044030547,0.0084776878,-0.0060388446
2022-05-11,INTC,-0.0041808486,0.010386944,-0.0084403157
2022-05-11,MSFT,-0.0055146813,0.01059866,-0.0057630539
2022-05-11,NKE,-0.010441303,0.013418555,-0.0079954863
2022-05-11,VZ,-0.0070294142,0.011192322,-0.0077380538
2022-05-11,WMT,-0.0058779716,0.0091798306,-0.0061637163
2022-05-12,AAPL,-0.004848063,0.015784144,-0.011104226
2022-05-12,AMGN,-0.006172657,0.011635423,-0.0071744919
2022-05-12,CRM,-0.013027966,0.016374469,-0.011607349
2022-05-12,CSCO,-0.0067663789,0.0081114769,-0.01001066
2022-05-12,IBM,-0.0018749237,0.0075021982,-0.006577909
2022-05-12,INTC,-0.0040832758,0.010516167,-0.0084665418
2022-05-12,MSFT,-0.0054438114,0.01087606,-0.0073688626
2022-05-12,NKE,-0.010061383,0.013999581,-0.0078582168
2022-05-12,VZ,-0.0058841109,0.010927081,-0.0089210868
2022-05-12,WMT,-0.0031626225,0.0074570179,-0.0076444745
2022-05-13,AAPL,-0.0056300759,0.014093161,-0.012313545
2022-05-13,AMGN,-0.0030502081,0.0093984604,-0.0093876123
2022-05-13,CRM,-0.021430254,0.01970911,-0.01270169
2022-05-13,CSCO,-0.0096263289,0.0092251301,-0.010693014
2022-05-13,IBM,-0.0016437173,0.005700469,-0.0084106326
2022-05-13,INTC,-0.0028157234,0.0087211132,-0.010473251
2022-05-13,MSFT,-0.0064718127,0.010129809,-0.0082710981
2022-05-13,NKE,-0.010939896,0.012261271,-0.0092345476
2022-05-13,VZ,-0.0052447319,0.0095536709,-0.0098757148
2022-05-13,WMT,-0.0059056878,0.0076470375,-0.0076901317
2022-05-16,AAPL,-0.0062068105,0.015093565,-0.014029145
2022-05-16,AMGN,0.0016918182,0.0076504946,-0.01162833
2022-05-16,CRM,-0.023080468,0.021640182,-0.014023542
2022-05-16,CSCO,-0.0095962882,0.0099740028,-0.010673583
2022-05-16,IBM,0.00044858456,0.0059930086,-0.0091764331
2022-05-16,INTC,-0.0023571849,0.0087763071,-0.011395156
2022-05-16,MSFT,-0.0038358569,0.0098341703,-0.0095747709
2022-05-16,NKE,-0.010084093,0.013384938,-0.0099744201
2022-05-16,VZ,-0.0027737021,0.0088685751,-0.010899425
2022-05-16,WMT,0.00042116642,0.0051728487,-0.0099462271
2022-05-17,AAPL,-0.0070123672,0.016066194,-0.0098965764
2022-05-17,AMGN,-0.00060433149,0.0099308491,-0.008071363
2022-05-17,CRM,-0.014639139,0.021526814,-0.011347473
2022-05-17,CSCO,-0.0092135072,0.01181531,-0.0080568194
2022-05-17,IBM,-0.0018568039,0.0081845522,-0.0069333911
2022-05-17,INTC,-0.0050240159,0.011558771,-0.0080687404
2022-05-17,MSFT,-0.0039115548,0.011126518,-0.0079969168
2022-05-17,NKE,-0.0099026561,0.014818788,-0.0065741539
2022-05-17,VZ,-0.003159225,0.011001825,-0.0085518956
2022-05-17,WMT,0.0016697645,0.0065352917,-0.0084300041
2022-05-18,AAPL,-0.0093765855,0.017355204,-0.0089885592
2022-05-18,AMGN,-0.0020080805,0.010432839,-0.0079624057
2022-05-18,CRM,-0.015517056,0.020726919,-0.010553062
2022-05-18,CSCO,-0.0054718852,0.010315895,-0.0085446239
2022-05-18,IBM,-0.0028321147,0.0090464354,-0.0064123869
2022-05-18,INTC,-0.0035715699,0.010711074,-0.0086865425
2022-05-18,MSFT,-0.0026037693,0.011783123,-0.0068733096
2022-05-18,NKE,-0.013122141,0.014643908,-0.0075972676
2022-05-18,VZ,-0.0048667192,0.010574937,-0.0081467628
2022-05-18,WMT,-0.0026397705,0.007494688,-0.0069129467
2022-05-19,AAPL,-0.0089487433,0.016379952,-0.010659575
2022-05-19,AMGN,-0.0046673417,0.011339068,-0.0077947974
2022-05-19,CRM,-0.018359303,0.022034407,-0.012172103
2022-05-19,CSCO,-0.0059736371,0.0098677874,-0.010573983
2022-05-19,IBM,-0.0024501085,0.0088826418,-0.0073039532
2022-05-19,INTC,-0.0013872981,0.010172606,-0.0095773339
2022-05-19,MSFT,-0.0044151545,0.011372685,-0.0083376169
2022-05-19,NKE,-0.0125916,0.01426208,-0.0079901218
2022-05-19,VZ,-0.0046587586,0.010071874,-0.0093646049
2022-05-19,WMT,-0.0014387965,0.007183075,-0.0080609918
2022-05-20,AAPL,-0.0058256388,0.015895724,-0.010350704
2022-05-20,AMGN,-0.0014793277,0.0092331171,-0.0082498193
2022-05-20,CRM,-0.0097023249,0.017632842,-0.014325202
2022-05-20,CSCO,-0.0079304576,0.0098047256,-0.0097826719
2022-05-20,IBM,-0.0022132993,0.0086004734,-0.00720191
2022-05-20,INTC,-0.0013392568,0.010241508,-0.0090531111
2022-05-20,MSFT,-0.0039502382,0.010194898,-0.0078926086
2022-05-20,NKE,-0.0097165108,0.013952732,-0.0083597898
2022-05-20,VZ,-0.0052485466,0.010910749,-0.0085742474
2022-05-20,WMT,-0.0057491064,0.0096799135,-0.0062478781
2022-05-23,AAPL,-0.0063328743,0.015677929,-0.010833561
2022-05-23,AMGN,-3.0815601e-05,0.008587122,-0.0091906786
2022-05-23,CRM,-0.0092267394,0.017043471,-0.013554692
2022-05-23,CSCO,-0.0056642294,0.0089693069,-0.010041535
2022-05-23,IBM,-0.0020774007,0.0075253248,-0.0075063109
2022-05-23,INTC,-0.0036494136,0.01083827,-0.0084226131
2022-05-23,MSFT,-0.0050688982,0.011243463,-0.0081049204
2022-05-23,NKE,-0.0070514679,0.012569547,-0.0086550117
2022-05-23,VZ,-0.0035594702,0.010125041,-0.0086709261
2022-05-23,WMT,-0.00020349026,0.0063868761,-0.0075910687
2022-05-24,AAPL,-0.0070117116,0.017413259,-0.0090407133
2022-05-24,AMGN,-0.0060752034,0.010715842,-0.0067504048
2022-05-24,CRM,-0.012003958,0.017679691,-0.009837687
2022-05-24,CSCO,-0.0053582788,0.009629488,-0.0096276999
2022-05-24,IBM,-0.0029127598,0.0081911087,-0.0065508485
2022-05-24,INTC,-0.004160285,0.011551976,-0.0079180598
2022-05-24,MSFT,-0.0058269501,0.011015654,-0.0072354078
2022-05-24,NKE,-0.0082506537,0.013515592,-0.0074786544
2022-05-24,VZ,-0.005439043,0.011230707,-0.0081003308
2022-05-24,WMT,-0.0040467978,0.0080878735,-0.0067639947
2022-05-25,AAPL,-0.0044084191,0.015299559,-0.010336697
2022-05-25,AMGN,-0.0030570626,0.009442091,-0.0080954432
2022-05-25,CRM,-0.0052434802,0.013952374,-0.014222443
2022-05-25,CSCO,-0.0034797192,0.0088797808,-0.010030687
2022-05-25,IBM,-0.0043340325,0.0085823536,-0.0061206222
2022-05-25,INTC,-0.0031232238,0.011302114,-0.0089442134
2022-05-25,MSFT,-0.0058611631,0.011937499,-0.0066013336
2022-05-25,NKE,-0.010118365,0.015423059,-0.0079649687
2022-05-25,VZ,-0.0071446896,0.012008309,-0.0082315207
2022-05-25,WMT,-0.0057757497,0.010071874,-0.0062094927
2022-05-26,AAPL,-0.0019798279,0.014000416,-0.011092126
2022-05-26,AMGN,-0.0068874955,0.01202333,-0.0073106885
2022-05-26,CRM,-0.016039789,0.016929507,-0.010994792
2022-05-26,CSCO,-0.0079476833,0.0093894005,-0.01078999
2022-05-26,IBM,-0.0037795901,0.0075136423,-0.0075587034
2022-05-26,INTC,-0.0057644248,0.012205958,-0.0086857677
2022-05-26,MSFT,-0.0052694082,0.010864377,-0.0075114965
2022-05-26,NKE,-0.010769904,0.015248418,-0.0098580122
2022-05-26,VZ,-0.006804347,0.009802103,-0.0079268217
2022-05-26,WMT,-0.0056926608,0.0089623928,-0.0059378147
2022-05-27,AAPL,-0.0064963102,0.016083956,-0.011180103
2022-05-27,AMGN,-0.0062300563,0.014006376,-0.0093383789
2022-05-27,CRM,-0.026177585,0.026065469,-0.012510061
2022-05-27,CSCO,-0.0070798397,0.011514187,-0.010080755
2022-05-27,IBM,-0.0032939315,0.0081219673,-0.0083730817
2022-05-27,INTC,-0.0063098669,0.013103247,-0.0085080266
2022-05-27,MSFT,-0.0072562695,0.013147235,-0.0072932839
2022-05-27,NKE,-0.012687087,0.015901566,-0.0085629821
2022-05-27,VZ,-0.0031418204,0.0097589493,-0.0089967251
2022-05-27,WMT,-0.0014046431,0.006149888,-0.0082252622
2022-05-31,AAPL,-0.0070834756,0.014616132,-0.013148189
2022-05-31,AMGN,-0.006621182,0.015427947,-0.0063737631
2022-05-31,CRM,-0.01613158,0.022397161,-0.018552363
2022-05-31,CSCO,-0.0092634559,0.013678789,-0.010423481
2022-05-31,IBM,-0.0026255846,0.0083398819,-0.0083245039
2022-05-31,INTC,-0.0018321872,0.012638092,-0.010135114
2022-05-31,MSFT,-0.0010713935,0.012174964,-0.011511624
2022-05-31,NKE,-0.010991454,0.015023828,-0.0096844435
2022-05-31,VZ,-0.0036914349,0.010688663,-0.010136425
2022-05-31,WMT,-0.0053664446,0.0089023113,-0.0073856115
2022-06-01,AAPL,-0.013154685,0.018731117,-0.0097346902
2022-06-01,AMGN,-0.008777678,0.016780496,-0.0061368942
2022-06-01,CRM,-0.01239568,0.023827791,-0.014309764
2022-06-01,CSCO,-0.010651946,0.017181158,-0.0085434318
2022-06-01,IBM,-0.0057598948,0.012776852,-0.0066686869
2022-06-01,INTC,-0.0080533624,0.016943574,-0.0072270036
2022-06-01,MSFT,-0.0075422525,0.016046166,-0.0068998337
2022-06-01,NKE,-0.01244086,0.017840385,-0.0078869462
2022-06-01,VZ,-0.007819891,0.014369845,-0.0072792172
2022-06-01,WMT,-0.0053090453,0.012041211,-0.0059838891
2022-06-02,AAPL,-0.0032432675,0.013637185,-0.013323247
2022-06-02,AMGN,-0.006644249,0.012750864,-0.0092160702
2022-06-02,CRM,-0.016162515,0.017041564,-0.013472557
2022-06-02,CSCO,-0.0086500645,0.01091063,-0.011597872
2022-06-02,IBM,-0.0016742349,0.0090023279,-0.0075507164
2022-06-02,INTC,-0.008223474,0.013196945,-0.011265635
2022-06-02,MSFT,-0.0074923635,0.01353085,-0.0083245039
2022-06-02,NKE,-0.0094673634,0.015532136,-0.011751056
2022-06-02,VZ,-0.0063918233,0.011022925,-0.0097871423
2022-06-02,WMT,-0.0044653416,0.0098568201,-0.0081864595
2022-06-03,AAPL,-0.0073148012,0.014997363,-0.018331051
2022-06-03,AMGN,-0.008384943,0.013187528,-0.010853291
2022-06-03,CRM,-0.026068449,0.022059083,-0.011929095
2022-06-03,CSCO,-0.0079998374,0.01142478,-0.013555765
2022-06-03,IBM,0.0016061068,0.0071195364,-0.011906743
2022-06-03,INTC,-0.0043504238,0.011962414,-0.015191317
2022-06-03,MSFT,-0.0079761147,0.01208365,-0.011740804
2022-06-03,NKE,-0.010033786,0.014033437,-0.014867961
2022-06-03,VZ,-0.0019980669,0.0088561773,-0.013759851
2022-06-03,WMT,-0.0024282932,0.0089458227,-0.011080265
2022-06-06,AAPL,-0.0065732002,0.015776396,-0.013191879
2022-06-06,AMGN,-0.00040972233,0.011491656,-0.010910153
2022-06-06,CRM,-0.019812346,0.024037957,-0.012414575
2022-06-06,CSCO,-0.0086551309,0.013217807,-0.011974454
2022-06-06,IBM,0.0029176474,0.0062990189,-0.010342121
2022-06-06,INTC,-0.0026925802,0.014092088,-0.012630522
2022-06-06,MSFT,-0.0030705929,0.0127424,-0.011073709
2022-06-06,NKE,-0.01312083,0.01556468,-0.0097768903
2022-06-06,VZ,-5.8591366e-05,0.01018095,-0.011224091
2022-06-06,WMT,0.0024878979,0.0076706409,-0.011562467
2022-06-07,AAPL,-0.003790915,0.014546871,-0.0099697113
2022-06-07,AMGN,-0.0015336275,0.012035608,-0.0093809366
2022-06-07,CRM,-0.0094922781,0.019060493,-0.011551321
2022-06-07,CSCO,-0.0050948262,0.011222124,-0.010569036
2022-06-07,IBM,0.00040352345,0.0084217787,-0.0089381933
2022-06-07,INTC,-0.0010093451,0.012025714,-0.011365533
2022-06-07,MSFT,0.00037395954,0.012715459,-0.0081807971
2022-06-07,NKE,-0.0097241998,0.017869115,-0.010298729
2022-06-07,VZ,-0.0012600422,0.011178851,-0.0092695951
2022-06-07,WMT,0.00018692017,0.0080709457,-0.008695662
2022-06-08,AAPL,-0.0065735579,0.015712976,-0.011198282
2022-06-08,AMGN,-0.0011160374,0.011989832,-0.0099073052
2022-06-08,CRM,-0.018407702,0.023484349,-0.010446906
2022-06-08,CSCO,-0.0070232749,0.010261178,-0.011186481
2022-06-08,IBM,0.00064921379,0.0080465078,-0.0092183948
2022-06-08,INTC,-0.006110549,0.011870861,-0.010523856
2022-06-08,MSFT,-0.0032046437,0.012981772,-0.0080385804
2022-06-08,NKE,-0.01120919,0.016745567,-0.0097388029
2022-06-08,VZ,-0.0014858842,0.010294557,-0.0095850825
2022-06-08,WMT,0.0016646385,0.0068340302,-0.009596169
2022-06-09,AAPL,-0.0060558319,0.015692949,-0.013602197
2022-06-09,AMGN,-0.0028625727,0.012124419,-0.0089783669
2022-06-09,CRM,-0.010607958,0.017401338,-0.01259011
2022-06-09,CSCO,-0.0053985715,0.010065079,-0.011055231
2022-06-09,IBM,-0.0013791323,0.0090447664,-0.0084807873
2022-06-09,INTC,-0.0049211979,0.011053801,-0.010350645
2022-06-09,MSFT,-0.0026654005,0.012065768,-0.0084319115
2022-06-09,NKE,-0.0090487599,0.014751315,-0.012142062
2022-06-09,VZ,-0.0045368671,0.010966897,-0.0088759065
2022-06-09,WMT,-0.0026099682,0.0087749958,-0.0087093115
2022-06-10,AAPL,-0.0081412196,0.016080022,-0.01592809
2022-06-10,AMGN,-0.0013977289,0.0098918676,-0.011500716
2022-06-10,CRM,-0.016881168,0.021622181,-0.014223278
2022-06-10,CSCO,-0.0093703866,0.010352135,-0.012032866
2022-06-10,IBM,-0.0019452572,0.0078673363,-0.0093697906
2022-06-10,INTC,-0.0053240657,0.011969447,-0.012822032
2022-06-10,MSFT,-0.0060562491,0.012788296,-0.0097028613
2022-06-10,NKE,-0.011806846,0.015769482,-0.012103915
2022-06-10,VZ,-0.0061890483,0.012096286,-0.010462761
2022-06-10,WMT,-0.0033336878,0.0090603828,-0.009196043
2022-06-13,AAPL,-0.0036064386,0.015916586,-0.010688365
2022-06-13,AMGN,-0.0060824156,0.013695359,-0.0071213245
2022-06-13,CRM,-0.0078466535,0.017450571,-0.012356818
2022-06-13,CSCO,-0.0025703311,0.010450363,-0.010901213
2022-06-13,IBM,0.0021574497,0.0081596375,-0.0088104606
2022-06-13,INTC,0.0010197163,0.011911392,-0.011166513
2022-06-13,MSFT,-0.0003862381,0.011530757,-0.0090057254
2022-06-13,NKE,-0.0089946389,0.017205477,-0.0084373355
2022-06-13,VZ,-0.0027520657,0.01103878,-0.0098510981
2022-06-13,WMT,-0.0026453137,0.0097149611,-0.0074769258
2022-06-14,AAPL,-0.0048611164,0.013847828,-0.011707187
2022-06-14,AMGN,-0.0013924241,0.010016084,-0.010195851
2022-06-14,CRM,-0.016643405,0.019513488,-0.011785269
2022-06-14,CSCO,-0.010156751,0.0095766783,-0.011095524
2022-06-14,IBM,-0.0021446347,0.0071350336,-0.0083159208
2022-06-14,INTC,-0.0071573853,0.012535095,-0.0098884106
2022-06-14,MSFT,-0.0052425861,0.012831688,-0.008435607
2022-06-14,NKE,-0.012829304,0.017593622,-0.010352194
2022-06-14,VZ,-0.0060384274,0.011615992,-0.010004461
2022-06-14,WMT,-0.0039716959,0.0091918707,-0.0082539916
2022-06-15,AAPL,-0.0081421733,0.015908957,-0.011438847
2022-06-15,AMGN,-0.00093662739,0.011514544,-0.009557128
2022-06-15,CRM,-0.019132376,0.021413088,-0.010963082
2022-06-15,CSCO,-0.0076005459,0.011606574,-0.010518193
2022-06-15,IBM,-0.00066232681,0.0075950623,-0.0092884898
2022-06-15,INTC,-0.0048338771,0.01170218,-0.011453867
2022-06-15,MSFT,-0.0044244528,0.011428237,-0.0086815357
2022-06-15,NKE,-0.011573553,0.015490413,-0.011401832
2022-06-15,VZ,-0.0016198158,0.010634065,-0.010509193
2022-06-15,WMT,-0.0010316968,0.0073074102,-0.0099481344
2022-06-16,AAPL,-0.0092712641,0.015463829,-0.015090406
2022-06-16,AMGN,0.0034267902,0.0074077845,-0.013267159
2022-06-16,CRM,-0.022281945,0.023384333,-0.012380898
2022-06-16,CSCO,-0.011946023,0.01216948,-0.011997223
2022-06-16,IBM,-0.0026639104,0.0076829195,-0.0097256899
2022-06-16,INTC,-0.0060548186,0.012887836,-0.012752235
2022-06-16,MSFT,-0.0056513548,0.011813641,-0.0094813108
2022-06-16,NKE,-0.01154232,0.015450239,-0.012369692
2022-06-16,VZ,-0.0033926964,0.011287093,-0.011402845
2022-06-16,WMT,-0.00063872337,0.0081652403,-0.010370016
2022-06-17,AAPL,-0.0052683949,0.016698718,-0.008826375
2022-06-17,AMGN,0.0015563965,0.010429859,-0.0094897151
2022-06-17,CRM,-0.0059089661,0.01760602,-0.012156546
2022-06-17,CSCO,-0.0025883317,0.011064053,-0.0093240142
2022-06-17,IBM,-0.00036460161,0.0094684362,-0.0080586076
2022-06-17,INTC,-0.0017588735,0.013843536,-0.0090188384
2022-06-17,MSFT,-0.0015228391,0.012094259,-0.0082793236
2022-06-17,NKE,-0.0092389584,0.016841531,-0.008700788
2022-06-17,VZ,-0.0033057332,0.012233615,-0.0081244707
2022-06-17,WMT,0.00015616417,0.0087133646,-0.0084762573
2022-06-21,AAPL,-0.005011797,0.015392065,-0.011293709
2022-06-21,AMGN,-0.0012383461,0.010349989,-0.0092728138
2022-06-21,CRM,-0.013732731,0.017861247,-0.012457132
2022-06-21,CSCO,-0.0031582713,0.010792613,-0.011287451
2022-06-21,IBM,-0.002407968,0.0097802877,-0.0076131225
2022-06-21,INTC,-0.0043817759,0.012718439,-0.0093375444
2022-06-21,MSFT,-0.0033098459,0.012455344,-0.0068805814
2022-06-21,NKE,-0.010385573,0.016258121,-0.0098958015
2022-06-21,VZ,-0.0044986606,0.011071682,-0.0089490414
2022-06-21,WMT,9.9420547e-05,0.0082458258,-0.0089057088
2022-06-22,AAPL,-0.0051847696,0.01573205,-0.012993157
2022-06-22,AMGN,-0.0064873695,0.01252234,-0.0092482567
2022-06-22,CRM,-0.022307754,0.020804763,-0.011157751
2022-06-22,CSCO,-0.0074132085,0.010773301,-0.011640549
2022-06-22,IBM,-0.00027108192,0.0079385042,-0.0093272328
2022-06-22,INTC,-0.0036655664,0.011750579,-0.011174679
2022-06-22,MSFT,-0.0050917864,0.012770772,-0.0088258982
2022-06-22,NKE,-0.014616251,0.016728401,-0.011211157
2022-06-22,VZ,-0.0053955317,0.011126161,-0.010068715
2022-06-22,WMT,-0.0022150278,0.0082002878,-0.0094290972
2022-06-23,AAPL,-0.0025963783,0.014356136,-0.014086425
2022-06-23,AMGN,-0.0072286725,0.014294267,-0.0084209442
2022-06-23,CRM,-0.013521791,0.01847434,-0.012932301
2022-06-23,CSCO,-0.0035927892,0.010473609,-0.012212217
2022-06-23,IBM,0.00096321106,0.0075130463,-0.0090123415
2022-06-23,INTC,-0.00058400631,0.011831164,-0.0117383
2022-06-23,MSFT,-0.001339674,0.011370659,-0.010543466
2022-06-23,NKE,-0.013049662,0.016890883,-0.011690557
2022-06-23,VZ,-0.0054244995,0.011750698,-0.010216713
2022-06-23,WMT,-0.0032771826,0.0088877678,-0.0087348819
2022-06-24,AAPL,-0.0072923303,0.016981006,-0.012979507
2022-06-24,AMGN,-0.0016919971,0.011051059,-0.010306001
2022-06-24,CRM,-0.013846695,0.021767139,-0.012141705
2022-06-24,CSCO,-0.0088553429,0.011830568,-0.011525512
2022-06-24,IBM,-0.00070929527,0.0083250999,-0.0084356666
2022-06-24,INTC,-0.0028217435,0.01270175,-0.01180166
2022-06-24,MSFT,-0.0029447079,0.012791634,-0.0097437501
2022-06-24,NKE,-0.011767626,0.017597437,-0.010240793
2022-06-24,VZ,-0.0043082833,0.012059927,-0.0093641877
2022-06-24,WMT,-0.0014280081,0.0084177256,-0.0092192888
2022-06-27,AAPL,-0.0055223703,0.014514685,-0.013007104
2022-06-27,AMGN,-0.0045068264,0.011632323,-0.0092285872
2022-06-27,CRM,-0.0090405345,0.017627001,-0.013600945
2022-06-27,CSCO,-0.0030753016,0.0092958212,-0.011172533
2022-06-27,IBM,-0.00099152327,0.0077000856,-0.0092068315
2022-06-27,INTC,-5.9604645e-06,0.011472464,-0.013675213
2022-06-27,MSFT,-0.00055265427,0.010498285,-0.0098953843
2022-06-27,NKE,-0.0099520683,0.017415524,-0.01091677
2022-06-27,VZ,-0.0026964545,0.011040568,-0.0095536709
2022-06-27,WMT,-0.0025537014,0.0091781616,-0.0081717372
2022-06-28,AAPL,-0.0045531988,0.015464425,-0.011650264
2022-06-28,AMGN,-0.0027453899,0.010008693,-0.0099292994
2022-06-28,CRM,-0.015122533,0.019989133,-0.01415205
2022-06-28,CSCO,-0.0098142028,0.010309935,-0.011389792
2022-06-28,IBM,-0.0022124648,0.008060813,-0.0091082454
2022-06-28,INTC,-0.0087898374,0.013957977,-0.010840714
2022-06-28,MSFT,-0.0057735443,0.012017131,-0.0080252886
2022-06-28,NKE,-0.0093712807,0.018377542,-0.012109101
2022-06-28,VZ,-0.006801784,0.011681914,-0.0099657774
2022-06-28,WMT,-0.0032247305,0.0099344254,-0.0079662204
2022-06-29,AAPL,-0.003197372,0.013591409,-0.013342679
2022-06-29,AMGN,-0.0034328103,0.010815859,-0.008844614
2022-06-29,CRM,-0.017358422,0.020349026,-0.013961613
2022-06-29,CSCO,-0.003146708,0.011071801,-0.012189507
2022-06-29,IBM,-4.3034554e-05,0.0074445009,-0.0094397068
2022-06-29,INTC,-0.0034531951,0.012395024,-0.010678947
2022-06-29,MSFT,-0.0043261051,0.012284279,-0.0079262257
2022-06-29,NKE,-0.010430217,0.017578602,-0.010528564
2022-06-29,VZ,-0.0033082962,0.010220766,-0.0092809796
2022-06-29,WMT,-0.0025084019,0.0079894066,-0.0083671808
2022-06-30,AAPL,-0.0092340708,0.013195038,-0.019878387
2022-06-30,AMGN,-0.003587842,0.012681842,-0.0093955994
2022-06-30,CRM,-0.020397127,0.024166465,-0.019547522
2022-06-30,CSCO,-0.012418866,0.014897704,-0.012526274
2022-06-30,IBM,-0.0048219562,0.0083574057,-0.011162221
2022-06-30,INTC,-0.0034363866,0.012114882,-0.015332043
2022-06-30,MSFT,-0.0038994551,0.011989832,-0.012629092
2022-06-30,NKE,-0.0094512701,0.017244339,-0.013872981
2022-06-30,VZ,-0.0055510402,0.011156917,-0.012795806
2022-06-30,WMT,-0.0059008598,0.0098708868,-0.0092629194
2022-07-01,AAPL,-0.012733161,0.019573212,-0.0099695921
2022-07-01,AMGN,-0.0057410598,0.016685128,-0.0070019364
2022-07-01,CRM,-0.010999084,0.025223732,-0.014158487
2022-07-01,CSCO,-0.01128912,0.018870473,-0.008315146
2022-07-01,IBM,-0.0059508681,0.013510108,-0.0072751045
2022-07-01,INTC,-0.0082402825,0.020099759,-0.0089520812
2022-07-01,MSFT,-0.0078393817,0.01685822,-0.0086444616
2022-07-01,NKE,-0.012643337,0.019539237,-0.0073493123
2022-07-01,VZ,-0.0077608228,0.015947461,-0.0081759691
2022-07-01,WMT,-0.0043689609,0.013292432,-0.006313026
2022-07-05,AAPL,-0.0065998435,0.014664173,-0.0096228123
2022-07-05,AMGN,-0.0063548684,0.0119102,-0.0085907578
2022-07-05,CRM,-0.017090857,0.019279122,-0.010375321
2022-07-05,CSCO,-0.010699809,0.01201427,-0.009237349
2022-07-05,IBM,-0.0048851371,0.010997057,-0.0061666369
2022-07-05,INTC,-0.010894179,0.014321923,-0.0081445575
2022-07-05,MSFT,-0.0095230341,0.014233708,-0.0061067343
2022-07-05,NKE,-0.011389494,0.014950991,-0.0094024539
2022-07-05,VZ,-0.0084621906,0.011099815,-0.0072265267
2022-07-05,WMT,-0.0038200617,0.0094019175,-0.0074744225
2022-07-06,AAPL,-0.0085853934,0.015372872,-0.016448319
2022-07-06,AMGN,-0.0064522624,0.012816787,-0.0099470019
2022-07-06,CRM,-0.024152935,0.021711111,-0.010801136
2022-07-06,CSCO,-0.006275773,0.010833144,-0.013358116
2022-07-06,IBM,0.00041091442,0.0070041418,-0.010859609
2022-07-06,INTC,-0.0042824149,0.010904193,-0.012511134
2022-07-06,MSFT,-0.0065662861,0.011643529,-0.010416985
2022-07-06,NKE,-0.0093446374,0.012476683,-0.013633072
2022-07-06,VZ,-0.0038768053,0.0086530447,-0.011071444
2022-07-06,WMT,-9.3817711e-05,0.0068080425,-0.010298669
2022-07-07,AAPL,-0.0067098141,0.016394377,-0.015439093
2022-07-07,AMGN,-0.0037867427,0.012443662,-0.0086521506
2022-07-07,CRM,-0.019122243,0.022857189,-0.014056504
2022-07-07,CSCO,-0.0091177821,0.012053728,-0.012995958
2022-07-07,IBM,0.001418829,0.0063747168,-0.01045078
2022-07-07,INTC,-0.0012466908,0.012684464,-0.013641715
2022-07-07,MSFT,-0.003588438,0.01251173,-0.011412859
2022-07-07,NKE,-0.012223065,0.014929056,-0.011443496
2022-07-07,VZ,-0.0041335225,0.010314226,-0.010212839
2022-07-07,WMT,2.5033951e-06,0.0081214905,-0.010221541
2022-07-08,AAPL,-0.0059652328,0.015390038,-0.0098342896
2022-07-08,AMGN,-0.001665771,0.011357188,-0.0076091886
2022-07-08,CRM,-0.0039173365,0.01757133,-0.014451325
2022-07-08,CSCO,-0.0049961805,0.010809302,-0.010841012
2022-07-08,IBM,-0.0007392168,0.0082737207,-0.0078616738
2022-07-08,INTC,-0.0010170341,0.012026668,-0.010899007
2022-07-08,MSFT,-0.00095957518,0.012174487,-0.008851409
2022-07-08,NKE,-0.010013223,0.015690088,-0.0095099807
2022-07-08,VZ,-0.0017539859,0.011339188,-0.0093014836
2022-07-08,WMT,-0.0022736192,0.0088912249,-0.0073205829
2022-07-11,AAPL,-0.0097085834,0.018330693,-0.0099292397
2022-07-11,AMGN,-0.0010413527,0.010469317,-0.0083935857
2022-07-11,CRM,-0.014426053,0.021738172,-0.010377645
2022-07-11,CSCO,-0.0091542602,0.011240602,-0.0090487599
2022-07-11,IBM,-0.0026550889,0.0093352795,-0.0072416663
2022-07-11,INTC,-0.0067148209,0.012942195,-0.0094109774
2022-07-11,MSFT,-0.0056236982,0.013834119,-0.0079086423
2022-07-11,NKE,-0.011074483,0.015906692,-0.0084301829
2022-07-11,VZ,-0.0060321689,0.011935115,-0.0082422495
2022-07-11,WMT,0.00037527084,0.0070726871,-0.0082634687
2022-07-12,AAPL,-0.006328702,0.016469359,-0.010659099
2022-07-12,AMGN,-0.0043556094,0.010921836,-0.0070614815
2022-07-12,CRM,-0.0066235662,0.01601243,-0.013375938
2022-07-12,CSCO,-0.0045226216,0.009328723,-0.010842979
2022-07-12,IBM,-0.0022957921,0.0089688301,-0.0068026781
2022-07-12,INTC,-0.0048717856,0.01171279,-0.0083401799
2022-07-12,MSFT,-0.004116416,0.011464,-0.007353723
2022-07-12,NKE,-0.010069788,0.014468312,-0.0097711682
2022-07-12,VZ,-0.0078068376,0.012348413,-0.0074552894
2022-07-12,WMT,-0.0056319237,0.0095524788,-0.0062366128
2022-07-13,AAPL,-0.0060954094,0.01676178,-0.014659047
2022-07-13,AMGN,-0.0029787421,0.0099793673,-0.010453761
2022-07-13,CRM,-0.015443683,0.018749356,-0.012909353
2022-07-13,CSCO,-0.011361301,0.0095542669,-0.011250079
2022-07-13,IBM,-0.0042157769,0.0084036589,-0.0081239939
2022-07-13,INTC,-0.0042255521,0.011501908,-0.011149764
2022-07-13,MSFT,-0.008425355,0.012246609,-0.0070824027
2022-07-13,NKE,-0.011432409,0.014059305,-0.01118356
2022-07-13,VZ,-0.0090023279,0.011968851,-0.009535253
2022-07-13,WMT,-0.0061556101,0.0095741749,-0.0072966218
2022-07-14,AAPL,-0.0068269372,0.016784668,-0.013037205
2022-07-14,AMGN,-0.0038827658,0.010995388,-0.0098366141
2022-07-14,CRM,-0.017686844,0.021769285,-0.011875033
2022-07-14,CSCO,-0.01025635,0.011633515,-0.0099104047
2022-07-14,IBM,-0.0020467043,0.0081087351,-0.0085484982
2022-07-14,INTC,-0.0053047538,0.012982488,-0.011663616
2022-07-14,MSFT,-0.0049557686,0.01159358,-0.0087787509
2022-07-14,NKE,-0.012179494,0.015687227,-0.0090535283
2022-07-14,VZ,-0.0060783625,0.011844754,-0.0097923279
2022-07-14,WMT,-0.0047813654,0.0090309381,-0.0082768798
2022-07-15,AAPL,-0.0073019862,0.016698837,-0.011168242
2022-07-15,AMGN,0.00017762184,0.010249019,-0.0098641515
2022-07-15,CRM,-0.01291579,0.019559026,-0.012748361
2022-07-15,CSCO,-0.0071342587,0.011531711,-0.0093880296
2022-07-15,IBM,-0.0023890138,0.0084518194,-0.0080202818
2022-07-15,INTC,-0.0061016083,0.011816978,-0.0094539523
2022-07-15,MSFT,-0.0029029846,0.011601806,-0.0079533458
2022-07-15,NKE,-0.0098253489,0.014776111,-0.0090987682
2022-07-15,VZ,-0.0047575831,0.011819005,-0.0092540979
2022-07-15,WMT,-0.0019709468,0.0078078508,-0.0082857013
2022-07-18,AAPL,-0.0079978704,0.01612246,-0.011297584
2022-07-18,AMGN,0.00030088425,0.0091266632,-0.011648834
2022-07-18,CRM,-0.019940913,0.022750378,-0.010829508
2022-07-18,CSCO,-0.010313332,0.011758208,-0.010112703
2022-07-18,IBM,-0.0042101145,0.0087006092,-0.0083250403
2022-07-18,INTC,-0.0064274669,0.011784911,-0.010791183
2022-07-18,MSFT,-0.0045595765,0.011304021,-0.0078770518
2022-07-18,NKE,-0.011423051,0.014203548,-0.0097538233
2022-07-18,VZ,-0.0034056902,0.010586858,-0.010821283
2022-07-18,WMT,-0.00024342537,0.0062021017,-0.0090007186
2022-07-19,AAPL,-0.0082797408,0.016939998,-0.010769725
2022-07-19,AMGN,0.0020132065,0.0098688602,-0.011144161
2022-07-19,CRM,-0.016528249,0.02154541,-0.01174587
2022-07-19,CSCO,-0.0070803761,0.012404561,-0.0088905692
2022-07-19,IBM,-0.0022080541,0.0086163282,-0.0079848766
2022-07-19,INTC,-0.0056418777,0.012538075,-0.0091168284
2022-07-19,MSFT,-0.0032237172,0.01211369,-0.0077949762
2022-07-19,NKE,-0.010706127,0.015345097,-0.009211123
2022-07-19,VZ,-0.0027174354,0.010259032,-0.0096564293
2022-07-19,WMT,0.0010807514,0.0065845251,-0.0091407895
2022-07-20,AAPL,-0.0056102276,0.015662313,-0.013261199
2022-07-20,AMGN,-0.0047186613,0.011411786,-0.0097982883
2022-07-20,CRM,-0.016544878,0.020133138,-0.012726068
2022-07-20,CSCO,-0.006536901,0.010584235,-0.010548353
2022-07-20,IBM,-0.0031695962,0.0083662271,-0.008302629
2022-07-20,INTC,-0.0041025281,0.011073947,-0.010375857
2022-07-20,MSFT,-0.0036247969,0.01100266,-0.0082184076
2022-07-20,NKE,-0.012904048,0.014799833,-0.011197627
2022-07-20,VZ,-0.0050157309,0.010666847,-0.01047051
2022-07-20,WMT,-0.0028842688,0.0084013939,-0.0081825852
2022-07-21,AAPL,-0.012376308,0.019801974,-0.010238349
2022-07-21,AMGN,-0.000438869,0.010467649,-0.010995507
2022-07-21,CRM,-0.024944067,0.025949955,-0.0099518299
2022-07-21,CSCO,-0.01287967,0.013942838,-0.0092819929
2022-07-21,IBM,-0.0027723312,0.009775281,-0.0089306235
2022-07-21,INTC,-0.0069378018,0.013930798,-0.009683907
2022-07-21,MSFT,-0.0075817704,0.014377594,-0.0072283149
2022-07-21,NKE,-0.01537919,0.017375469,-0.00931108
2022-07-21,VZ,-0.0040678382,0.011987448,-0.0099483132
2022-07-21,WMT,-0.0011693239,0.007676363,-0.0088493824
2022-07-22,AAPL,-0.0051560402,0.016550899,-0.012952447
2022-07-22,AMGN,0.00013482571,0.012086511,-0.0090762377
2022-07-22,CRM,-0.014494658,0.022039056,-0.013623536
2022-07-22,CSCO,-0.0064920783,0.013001561,-0.010627389
2022-07-22,IBM,-0.00184232,0.0087207556,-0.0076349378
2022-07-22,INTC,-0.0035187602,0.012234092,-0.0097916722
2022-07-22,MSFT,-0.0012122989,0.011549354,-0.0096498132
2022-07-22,NKE,-0.013426363,0.016788721,-0.009734571
2022-07-22,VZ,-0.0050417781,0.012587667,-0.0097392797
2022-07-22,WMT,-0.0015223622,0.0089739561,-0.0084708929
2022-07-25,AAPL,-0.01140964,0.019361377,-0.009786129
2022-07-25,AMGN,-0.0016376376,0.010183692,-0.0095645189
2022-07-25,CRM,-0.018230796,0.024318576,-0.011995554
2022-07-25,CSCO,-0.0090763569,0.013112307,-0.0092053413
2022-07-25,IBM,-0.0023242831,0.0085998774,-0.0087695718
2022-07-25,INTC,-0.0037004352,0.012156487,-0.01002419
2022-07-25,MSFT,-0.004427433,0.012472153,-0.0073911548
2022-07-25,NKE,-0.010542214,0.01549983,-0.010142922
2022-07-25,VZ,-0.0036792755,0.011303782,-0.0094497204
2022-07-25,WMT,-0.00051450729,0.0075494051,-0.0088537931
2022-07-26,AAPL,-0.0053977966,0.01674509,-0.011370301
2022-07-26,AMGN,-0.0018745065,0.0094857216,-0.0086563826
2022-07-26,CRM,-0.0098021626,0.020210147,-0.013757467
2022-07-26,CSCO,-0.0061435699,0.010118008,-0.010397494
2022-07-26,IBM,-0.0027677417,0.0091046095,-0.0076984167
2022-07-26,INTC,-0.0047290325,0.012145162,-0.010662079
2022-07-26,MSFT,-0.0027291179,0.01145196,-0.0080528855
2022-07-26,NKE,-0.010634899,0.015511036,-0.0092891455
2022-07-26,VZ,-0.004883647,0.011852384,-0.010004163
2022-07-26,WMT,-0.0021417737,0.008507967,-0.0071635842
2022-07-27,AAPL,-0.0042850971,0.01665628,-0.0090059042
2022-07-27,AMGN,-0.0037062764,0.01072681,-0.007154882
2022-07-27,CRM,-0.0058957338,0.014951706,-0.013405561
2022-07-27,CSCO,-0.0036182404,0.0093824863,-0.0091495514
2022-07-27,IBM,-0.0029243827,0.0092071295,-0.0074919462
2022-07-27,INTC,-0.0040570498,0.012611628,-0.0090562105
2022-07-27,MSFT,-0.003679812,0.011389256,-0.0065926313
2022-07-27,NKE,-0.011659682,0.016530633,-0.0086223483
2022-07-27,VZ,-0.006074369,0.011650681,-0.0072658062
2022-07-27,WMT,-0.0029913187,0.0093384981,-0.0067980886
2022-07-28,AAPL,-0.0079749227,0.015297294,-0.012540579
2022-07-28,AMGN,-0.0036408305,0.010431409,-0.0097587705
2022-07-28,CRM,-0.026567161,0.021419287,-0.012487948
2022-07-28,CSCO,-0.01240778,0.010568023,-0.011694789
2022-07-28,IBM,-0.0043368936,0.008105278,-0.0089111328
2022-07-28,INTC,-0.0094956756,0.013249755,-0.0096278787
2022-07-28,MSFT,-0.0096585751,0.012465,-0.0075165629
2022-07-28,NKE,-0.014218748,0.017347336,-0.011630416
2022-07-28,VZ,-0.007722497,0.010387182,-0.009860456
2022-07-28,WMT,-0.0044535995,0.0090720654,-0.0081093311
2022-07-29,AAPL,-0.0096091032,0.018441558,-0.012235463
2022-07-29,AMGN,-0.0037806034,0.013528585,-0.0078921914
2022-07-29,CRM,-0.022858679,0.027898192,-0.013583899
2022-07-29,CSCO,-0.0077142715,0.014193177,-0.010230958
2022-07-29,IBM,-0.0022025704,0.0085389614,-0.0091847777
2022-07-29,INTC,-0.0066090226,0.01440084,-0.0096194744
2022-07-29,MSFT,-0.0049319863,0.013745189,-0.0073174238
2022-07-29,NKE,-0.011970937,0.017264605,-0.0096217394
2022-07-29,VZ,-0.0023182631,0.01088357,-0.0089523196
2022-07-29,WMT,-0.0020210743,0.0079215765,-0.0081007481
2022-08-01,AAPL,-0.010151446,0.015973687,-0.015106142
2022-08-01,AMGN,-0.0051769018,0.013531089,-0.007836163
2022-08-01,CRM,-0.017664075,0.024654865,-0.019914329
2022-08-01,CSCO,-0.013924956,0.016108036,-0.0097170472
2022-08-01,IBM,-0.0062252879,0.010375023,-0.0090543628
2022-08-01,INTC,-0.0078477263,0.015091062,-0.010652781
2022-08-01,MSFT,-0.0046637654,0.014491439,-0.010858774
2022-08-01,NKE,-0.010120571,0.016876698,-0.012167394
2022-08-01,VZ,-0.0076876283,0.012336016,-0.010200322
2022-08-01,WMT,-0.0051627159,0.0096353292,-0.0083073378
2022-08-02,AAPL,-0.011958718,0.019351125,-0.0082039833
2022-08-02,AMGN,-0.0078835487,0.016683698,-0.0056108236
2022-08-02,CRM,-0.0058982968,0.022502184,-0.015247703
2022-08-02,CSCO,-0.007871747,0.018015027,-0.0086507797
2022-08-02,IBM,-0.0061206222,0.01383841,-0.0069683194
2022-08-02,INTC,-0.0082078576,0.01839745,-0.0078305602
2022-08-02,MSFT,-0.0059915185,0.016988993,-0.0069997907
2022-08-02,NKE,-0.011988878,0.019275308,-0.0076602101
2022-08-02,VZ,-0.0087886453,0.016000628,-0.0069329143
2022-08-02,WMT,-0.0065091848,0.014208436,-0.0059246421
2022-08-03,AAPL,-0.0031834841,0.013195872,-0.010773599
2022-08-03,AMGN,-0.0036281347,0.0099326372,-0.009185791
2022-08-03,CRM,-0.0091465116,0.014278412,-0.01177597
2022-08-03,CSCO,-0.005360961,0.0088256598,-0.010215461
2022-08-03,IBM,-0.00094527006,0.0081133842,-0.0066952109
2022-08-03,INTC,-0.0063907504,0.010763764,-0.0093493462
2022-08-03,MSFT,-0.0062952042,0.010735631,-0.0070039034
2022-08-03,NKE,-0.0070161819,0.011622548,-0.010487914
2022-08-03,VZ,-0.0046729445,0.0090219975,-0.00683707
2022-08-03,WMT,-0.0025051236,0.0078630447,-0.0074366927
2022-08-04,AAPL,-0.0069422722,0.013688326,-0.01585114
2022-08-04,AMGN,-0.00812608,0.0095447302,-0.010029316
2022-08-04,CRM,-0.01681006,0.014407754,-0.01079005
2022-08-04,CSCO,-0.0072385073,0.0085282326,-0.012642026
2022-08-04,IBM,-0.0014323592,0.0068567991,-0.0095419884
2022-08-04,INTC,-0.0047165751,0.010391831,-0.014310896
2022-08-04,MSFT,-0.0095316172,0.010800242,-0.010713339
2022-08-04,NKE,-0.0067941546,0.012093782,-0.014151871
2022-08-04,VZ,-0.0075166225,0.0098756552,-0.010354578
2022-08-04,WMT,-0.0041188002,0.0093913078,-0.0090634227
2022-08-05,AAPL,-0.0016380548,0.0124681,-0.014342725
2022-08-05,AMGN,-0.0016487837,0.010087967,-0.0093412399
2022-08-05,CRM,-0.006967485,0.013714314,-0.012463093
2022-08-05,CSCO,0.00056326389,0.0081927776,-0.013148308
2022-08-05,IBM,0.0056183338,0.0057356358,-0.0092807412
2022-08-05,INTC,0.0022939444,0.010614634,-0.013050079
2022-08-05,MSFT,-0.0014433861,0.0086624622,-0.010769367
2022-08-05,NKE,-0.0073225498,0.012845755,-0.0098602772
2022-08-05,VZ,-0.0017167926,0.0090279579,-0.0095424056
2022-08-05,WMT,-0.00044745207,0.0066975355,-0.009339273
2022-08-08,AAPL,-0.0034053326,0.01224184,-0.012809455
2022-08-08,AMGN,0.000685215,0.0074461699,-0.010286272
2022-08-08,CRM,-0.0079969168,0.013958812,-0.012582123
2022-08-08,CSCO,-0.004722774,0.0083392859,-0.011392951
2022-08-08,IBM,0.00069093704,0.0068389177,-0.0085003376
2022-08-08,INTC,0.00045025349,0.0098702908,-0.011652946
2022-08-08,MSFT,-0.00096064806,0.010419965,-0.010624707
2022-08-08,NKE,-0.0082304478,0.014463544,-0.0096521378
2022-08-08,VZ,-0.0035806298,0.010699511,-0.0088638067
2022-08-08,WMT,-0.0031979084,0.0079958439,-0.0079987049
2022-08-09,AAPL,-0.0058494806,0.013997078,-0.013084948
2022-08-09,AMGN,-0.0030415058,0.0089080334,-0.0095751286
2022-08-09,CRM,-0.014536738,0.018173695,-0.010571659
2022-08-09,CSCO,-0.0063294172,0.0087879896,-0.010978103
2022-08-09,IBM,0.00093495846,0.0068069696,-0.0096142292
2022-08-09,INTC,-0.004660368,0.010347486,-0.011008441
2022-08-09,MSFT,-0.0067521334,0.011288404,-0.0096731186
2022-08-09,NKE,-0.0072063804,0.014296889,-0.010971487
2022-08-09,VZ,-0.004339695,0.010161877,-0.0098407865
2022-08-09,WMT,0.00071406364,0.0063719749,-0.0098437071
2022-08-10,AAPL,-0.0027256012,0.012760282,-0.012419164
2022-08-10,AMGN,-0.00119102,0.0088732243,-0.0094900131
2022-08-10,CRM,-0.0072115064,0.012874246,-0.012084484
2022-08-10,CSCO,-0.00038540363,0.0077627897,-0.011160254
2022-08-10,IBM,0.00046765804,0.0065054893,-0.0077534914
2022-08-10,INTC,-0.0016573668,0.0090696812,-0.010184526
2022-08-10,MSFT,-0.0016067624,0.010436296,-0.0090762377
2022-08-10,NKE,-0.0072415471,0.013831615,-0.010219038
2022-08-10,VZ,-0.0040327907,0.010725975,-0.0088371038
2022-08-10,WMT,-0.0032830834,0.0080751181,-0.0075691342
2022-08-11,AAPL,-0.0053880811,0.01344955,-0.014673352
2022-08-11,AMGN,-0.003231287,0.0091587305,-0.010033309
2022-08-11,CRM,-0.01483506,0.015843511,-0.010635138
2022-08-11,CSCO,-0.008007586,0.0086392164,-0.011769474
2022-08-11,IBM,-0.0011109114,0.0073827505,-0.008521378
2022-08-11,INTC,-0.004250586,0.01050663,-0.012807369
2022-08-11,MSFT,-0.0061758757,0.011202097,-0.0091160536
2022-08-11,NKE,-0.0083935261,0.014809847,-0.01148057
2022-08-11,VZ,-0.0049405694,0.01064992,-0.010084152
2022-08-11,WMT,-0.0015338063,0.0072703362,-0.0096307993
2022-08-12,AAPL,-0.005033195,0.01485312,-0.010854125
2022-08-12,AMGN,-0.00058525801,0.0082253218,-0.010067523
2022-08-12,CRM,-0.010319829,0.016465068,-0.012667179
2022-08-12,CSCO,-0.0036391616,0.0086138248,-0.012586296
2022-08-12,IBM,0.0014821291,0.0071878433,-0.0084627867
2022-08-12,INTC,-0.0014997721,0.011029363,-0.011314809
2022-08-12,MSFT,-0.0012800097,0.010269046,-0.010704339
2022-08-12,NKE,-0.009570539,0.015671492,-0.0090764165
2022-08-12,VZ,-0.0042923093,0.010903835,-0.0089179873
2022-08-12,WMT,-0.0035021901,0.0082973242,-0.0078451633
2022-08-15,AAPL,-0.0035164952,0.013620257,-0.013610423
2022-08-15,AMGN,-0.0031334162,0.0095750093,-0.0092457533
2022-08-15,CRM,-0.0065813661,0.014270663,-0.013464153
2022-08-15,CSCO,-0.0025523305,0.0078860521,-0.011776805
2022-08-15,IBM,0.00157094,0.0067709684,-0.0080015659
2022-08-15,INTC,0.0013346672,0.0095714331,-0.01213938
2022-08-15,MSFT,-0.0014058948,0.0096282959,-0.010561168
2022-08-15,NKE,-0.0065743923,0.013981938,-0.0097838044
2022-08-15,VZ,-0.0057410598,0.010481,-0.0087407827
2022-08-15,WMT,-0.0048807859,0.0086344481,-0.0085304976
2022-08-16,AAPL,-0.0032637715,0.013363004,-0.017046034
2022-08-16,AMGN,0.001568079,0.006311059,-0.012657762
2022-08-16,CRM,-0.0078371167,0.013377666,-0.015515625
2022-08-16,CSCO,-0.0062866807,0.007437706,-0.012311935
2022-08-16,IBM,-0.0021178722,0.0075993538,-0.0087369084
2022-08-16,INTC,-0.0017573237,0.0094662905,-0.013453722
2022-08-16,MSFT,-0.002410531,0.0097380877,-0.012089014
2022-08-16,NKE,-0.0055177212,0.01318562,-0.012752116
2022-08-16,VZ,-0.0074915886,0.012317538,-0.010621846
2022-08-16,WMT,-0.007489562,0.0099822283,-0.0078409314
2022-08-17,AAPL,-0.0067669153,0.014357567,-0.013514519
2022-08-17,AMGN,7.3313713e-05,0.0083904266,-0.011156976
2022-08-17,CRM,-0.014949858,0.017309666,-0.010501862
2022-08-17,CSCO,-0.006685257,0.0092023611,-0.01171422
2022-08-17,IBM,0.00023770332,0.0071038008,-0.0082706809
2022-08-17,INTC,-0.0025696158,0.010100484,-0.01174587
2022-08-17,MSFT,-0.0048208237,0.010312438,-0.010404885
2022-08-17,NKE,-0.0068804026,0.014022589,-0.010727227
2022-08-17,VZ,-0.0045963526,0.011145473,-0.010711372
2022-08-17,WMT,-0.00055557489,0.0062553883,-0.010298848
2022-08-18,AAPL,-0.003474474,0.01460731,-0.011276543
2022-08-18,AMGN,-0.0015275478,0.0094549656,-0.0090917945
2022-08-18,CRM,-0.0087571144,0.015561342,-0.01023829
2022-08-18,CSCO,-0.0031328797,0.009527564,-0.011306226
2022-08-18,IBM,0.00044500828,0.0081236362,-0.008174181
2022-08-18,INTC,-0.00077462196,0.010628819,-0.010407507
2022-08-18,MSFT,-0.0023310781,0.010904551,-0.0091090202
2022-08-18,NKE,-0.0075686574,0.01385355,-0.0090625882
2022-08-18,VZ,-0.0041076541,0.011676669,-0.009259522
2022-08-18,WMT,-0.0013859272,0.0075384378,-0.0088217258
2022-08-19,AAPL,-0.0024300814,0.014086127,-0.012286901
2022-08-19,AMGN,-0.0029733181,0.0098642111,-0.0092574358
2022-08-19,CRM,-0.012724817,0.016379952,-0.010153234
2022-08-19,CSCO,-0.0032451153,0.008833766,-0.011766613
2022-08-19,IBM,-9.6142292e-05,0.0068472624,-0.0085037947
2022-08-19,INTC,-0.0039337873,0.0099039078,-0.010330498
2022-08-19,MSFT,-0.0035645962,0.011482239,-0.0091215968
2022-08-19,NKE,-0.0090614557,0.014586329,-0.010837674
2022-08-19,VZ,-0.0036746264,0.010635138,-0.010526776
2022-08-19,WMT,-0.000408113,0.0068305731,-0.0093666315
2022-08-22,AAPL,-0.0034572482,0.01288867,-0.01472342
2022-08-22,AMGN,-0.00027048588,0.0085585117,-0.010627151
2022-08-22,CRM,-0.012353718,0.015177488,-0.012944937
2022-08-22,CSCO,-0.0046224594,0.0072815418,-0.012253761
2022-08-22,IBM,0.0012305975,0.0072180033,-0.0097437501
2022-08-22,INTC,-0.00056219101,0.0089654922,-0.012426078
2022-08-22,MSFT,-0.0034555197,0.010206103,-0.0099366903
2022-08-22,NKE,-0.0098146796,0.013907075,-0.011269569
2022-08-22,VZ,-0.0051939487,0.01060915,-0.010255277
2022-08-22,WMT,-0.0040390491,0.0074740648,-0.0093973279
2022-08-23,AAPL,-0.0041228533,0.013679385,-0.016010225
2022-08-23,AMGN,0.0011200905,0.0074108839,-0.012796581
2022-08-23,CRM,-0.013457239,0.017564893,-0.013301373
2022-08-23,CSCO,-0.0060575008,0.0084414482,-0.012531936
2022-08-23,IBM,-0.0013300776,0.0078833103,-0.0089170933
2022-08-23,INTC,-0.0028204322,0.011364818,-0.012804329
2022-08-23,MSFT,-0.0041072965,0.010634065,-0.01088649
2022-08-23,NKE,-0.010711133,0.015614867,-0.011300385
2022-08-23,VZ,-0.0059642792,0.012062311,-0.011032879
2022-08-23,WMT,-0.0037878156,0.0087491274,-0.0091281533
2022-08-24,AAPL,-0.0067738295,0.01616621,-0.012250066
2022-08-24,AMGN,-0.0027641058,0.01045537,-0.0092553496
2022-08-24,CRM,-0.016322494,0.020233154,-0.0094499588
2022-08-24,CSCO,-0.0055034757,0.011305571,-0.011571288
2022-08-24,IBM,0.0013533831,0.0081933737,-0.0088116527
2022-08-24,INTC,-0.0022960305,0.011571169,-0.011187792
2022-08-24,MSFT,-0.0030142069,0.011460423,-0.0097669959
2022-08-24,NKE,-0.0092342496,0.01564455,-0.010033309
2022-08-24,VZ,-0.0034241676,0.011327863,-0.010228872
2022-08-24,WMT,0.00018382072,0.0073729753,-0.0093528032
2022-08-25,AAPL,-0.0047342777,0.013984561,-0.013172686
2022-08-25,AMGN,-0.0034419894,0.010101795,-0.01006496
2022-08-25,CRM,-0.015344501,0.018771291,-0.011311293
2022-08-25,CSCO,-0.0051626563,0.0094727278,-0.011389852
2022-08-25,IBM,-0.0010552406,0.0076253414,-0.0093997121
2022-08-25,INTC,-0.0021854043,0.011219144,-0.012741685
2022-08-25,MSFT,-0.0039504766,0.011841655,-0.0098051429
2022-08-25,NKE,-0.011875451,0.017090678,-0.010448813
2022-08-25,VZ,-0.0057497621,0.012446642,-0.009437561
2022-08-25,WMT,-0.0036825538,0.0082521439,-0.0091228485
2022-08-26,AAPL,-0.0011177659,0.01332736,-0.011895001
2022-08-26,AMGN,-0.0035545826,0.010638356,-0.0092982054
2022-08-26,CRM,-0.014793813,0.0177387,-0.015183926
2022-08-26,CSCO,-0.004206419,0.0082447529,-0.013704836
2022-08-26,IBM,-0.00095438957,0.0070458651,-0.010565877
2022-08-26,INTC,-0.0036687255,0.011793733,-0.012542307
2022-08-26,MSFT,-0.0022150874,0.010690808,-0.010513484
2022-08-26,NKE,-0.0091577172,0.01682353,-0.012400329
2022-08-26,VZ,-0.0056733489,0.010419846,-0.010252774
2022-08-26,WMT,-0.0017020702,0.0080947876,-0.0091193914
2022-08-29,AAPL,-0.004597187,0.013530254,-0.014989197
2022-08-29,AMGN,-0.0004466176,0.009770155,-0.0094711185
2022-08-29,CRM,-0.015996397,0.021248937,-0.015825629
2022-08-29,CSCO,-0.0022550225,0.01068449,-0.012922466
2022-08-29,IBM,0.0011498928,0.0072724819,-0.0095009208
2022-08-29,INTC,-0.0031303763,0.011282682,-0.011163712
2022-08-29,MSFT,-0.0019022822,0.011685967,-0.0080301166
2022-08-29,NKE,-0.0066879392,0.016705751,-0.011475623
2022-08-29,VZ,-0.0010725856,0.0090016127,-0.010623157
2022-08-29,WMT,-0.0017223358,0.0071460009,-0.009462893
2022-08-30,AAPL,-0.0082392097,0.014103055,-0.021291196
2022-08-30,AMGN,-0.0030325055,0.013021231,-0.0097017288
2022-08-30,CRM,-0.019850791,0.024299383,-0.019246638
2022-08-30,CSCO,-0.012643874,0.013551235,-0.013558149
2022-08-30,IBM,-0.0042972565,0.0087639093,-0.011363804
2022-08-30,INTC,-0.0033663511,0.012131095,-0.016665816
2022-08-30,MSFT,-0.003159821,0.012396216,-0.014748752
2022-08-30,NKE,-0.0091788173,0.016090274,-0.014194369
2022-08-30,VZ,-0.0057997704,0.011136055,-0.013082445
2022-08-30,WMT,-0.0056374073,0.0098427534,-0.010685205
2022-08-31,AAPL,-0.013517976,0.020250916,-0.0096458197
2022-08-31,AMGN,-0.0084779859,0.018602967,-0.006264627
2022-08-31,CRM,-0.010967433,0.025318384,-0.0128721
2022-08-31,CSCO,-0.012090325,0.020097852,-0.0082293153
2022-08-31,IBM,-0.0078846216,0.014061093,-0.0064809322
2022-08-31,INTC,-0.0091241598,0.020670056,-0.0087165833
2022-08-31,MSFT,-0.0099932551,0.018830895,-0.0072680116
2022-08-31,NKE,-0.013345063,0.020223856,-0.0064678788
2022-08-31,VZ,-0.0092794299,0.017358899,-0.0067992806
2022-08-31,WMT,-0.0072434545,0.015283585,-0.0060181618
2022-09-01,AAPL,-0.0053475499,0.013547063,-0.0079371929
2022-09-01,AMGN,-0.0042048097,0.0097016096,-0.0077264309
2022-09-01,CRM,-0.0086503625,0.015788674,-0.0086268187
2022-09-01,CSCO,-0.0053325295,0.0086988211,-0.0080145001
2022-09-01,IBM,-0.0036719441,0.0086343288,-0.004925251
2022-09-01,INTC,-0.0064697266,0.011239767,-0.0063859224
2022-09-01,MSFT,-0.0069280863,0.010857344,-0.0054081082
2022-09-01,NKE,-0.0070493221,0.012089849,-0.0073629618
2022-09-01,VZ,-0.0063720942,0.008554101,-0.0061408877
2022-09-01,WMT,-0.0030193925,0.007445097,-0.0053603649
2022-09-02,AAPL,-0.0093618631,0.014611244,-0.010027707
2022-09-02,AMGN,-0.010561645,0.012662411,-0.0064361691
2022-09-02,CRM,-0.020126402,0.017162561,-0.0059351921
2022-09-02,CSCO,-0.006860137,0.0078145266,-0.0092372298
2022-09-02,IBM,-0.0034507513,0.006229043,-0.0067673922
2022-09-02,INTC,-0.0041279793,0.0088284016,-0.0083044171
2022-09-02,MSFT,-0.0082996488,0.010158181,-0.0075916052
2022-09-02,NKE,-0.0090129375,0.010829091,-0.0091097951
2022-09-02,VZ,-0.0042079091,0.0078454018,-0.0087839365
2022-09-02,WMT,-0.0017062426,0.0061992407,-0.0076999664
2022-09-06,AAPL,-0.0084403157,0.01540935,-0.011602819
2022-09-06,AMGN,-0.0053587556,0.013056993,-0.0076246262
2022-09-06,CRM,-0.018662095,0.017986894,-0.010198236
2022-09-06,CSCO,-0.0074893832,0.010162473,-0.01142174
2022-09-06,IBM,0.00075006485,0.0054988861,-0.0078516006
2022-09-06,INTC,1.9192696e-05,0.0097569227,-0.0096671581
2022-09-06,MSFT,-0.006793201,0.010094762,-0.0087185502
2022-09-06,NKE,-0.010628641,0.012317419,-0.0087817311
2022-09-06,VZ,-0.00082761049,0.0077524185,-0.0089650154
2022-09-06,WMT,-0.0015075803,0.0058782101,-0.0082993507
2022-09-07,AAPL,-0.0065691471,0.014823556,-0.0096936822
2022-09-07,AMGN,-0.0026284456,0.0094735622,-0.0069312453
2022-09-07,CRM,-0.0064764023,0.014868975,-0.012365341
2022-09-07,CSCO,-0.0048943758,0.0078142881,-0.010155439
2022-09-07,IBM,6.9022179e-05,0.0066497326,-0.0070468783
2022-09-07,INTC,0.0013959408,0.0091475248,-0.0095484257
2022-09-07,MSFT,-0.003267467,0.010012388,-0.0085452795
2022-09-07,NKE,-0.008490324,0.013280511,-0.007504046
2022-09-07,VZ,-0.0039223433,0.0093590021,-0.0081079006
2022-09-07,WMT,-0.0021051764,0.0074547529,-0.0073358417
2022-09-08,AAPL,-0.0091023445,0.016219616,-0.0098446608
2022-09-08,AMGN,-0.0027430058,0.0098415613,-0.0066069365
2022-09-08,CRM,-0.0056447387,0.01468122,-0.01178968
2022-09-08,CSCO,-0.0049194098,0.0078201294,-0.0092638731
2022-09-08,IBM,-0.0011956096,0.0082749128,-0.0056986213
2022-09-08,INTC,-0.001999557,0.010117292,-0.0073006153
2022-09-08,MSFT,-0.0045384765,0.010473013,-0.0067426562
2022-09-08,NKE,-0.0076099038,0.013085246,-0.0064516068
2022-09-08,VZ,-0.0043162107,0.010160208,-0.0085328221
2022-09-08,WMT,-0.0028530359,0.007275939,-0.0066422224
2022-09-09,AAPL,-0.0081999898,0.015987158,-0.011046767
2022-09-09,AMGN,-0.0058162212,0.010866165,-0.0072101355
2022-09-09,CRM,-0.0090267658,0.013580322,-0.012106359
2022-09-09,CSCO,-0.0076448321,0.0083634853,-0.0093486905
2022-09-09,IBM,-0.005125165,0.0086650848,-0.0059537888
2022-09-09,INTC,-0.0030268431,0.009762764,-0.0085992217
2022-09-09,MSFT,-0.0075106025,0.010761738,-0.0069578886
2022-09-09,NKE,-0.009781003,0.01219821,-0.0078943372
2022-09-09,VZ,-0.0076388121,0.01092875,-0.0070803165
2022-09-09,WMT,-0.0084068775,0.0098596811,-0.0056776404
2022-09-12,AAPL,-0.0073204637,0.015941381,-0.010944664
2022-09-12,AMGN,-0.0041934252,0.0096149445,-0.0078238845
2022-09-12,CRM,-0.0091629028,0.014725804,-0.011558831
2022-09-12,CSCO,-0.0069821477,0.0080901384,-0.009693265
2022-09-12,IBM,-0.0029872656,0.007502079,-0.006444037
2022-09-12,INTC,-0.0046185851,0.010501862,-0.0091667175
2022-09-12,MSFT,-0.0066823363,0.010019064,-0.0072860718
2022-09-12,NKE,-0.0069910288,0.012205601,-0.0079500675
2022-09-12,VZ,-0.0075832605,0.01083529,-0.0081446171
2022-09-12,WMT,-0.0053837895,0.0082873106,-0.0068979859
2022-09-13,AAPL,-0.0029214621,0.014012933,-0.010857761
2022-09-13,AMGN,-0.0060172677,0.010573983,-0.0059480071
2022-09-13,CRM,-0.0047766566,0.011374116,-0.012164593
2022-09-13,CSCO,-0.0025755763,0.006287694,-0.010117769
2022-09-13,IBM,-0.00011479855,0.0061875582,-0.006467104
2022-09-13,INTC,-0.00015735626,0.0087221861,-0.0088538527
2022-09-13,MSFT,-0.0020642281,0.0089155436,-0.0075682998
2022-09-13,NKE,-0.0070267916,0.011579752,-0.0062047243
2022-09-13,VZ,-0.0048700571,0.010205626,-0.0080037713
2022-09-13,WMT,-0.0057014227,0.007740736,-0.0055046678
2022-09-14,AAPL,-0.0072375536,0.014856339,-0.01171577
2022-09-14,AMGN,-0.0011109114,0.009717226,-0.0092042685
2022-09-14,CRM,-0.01207,0.01510787,-0.011686325
2022-09-14,CSCO,-0.0097424388,0.007907033,-0.0091074109
2022-09-14,IBM,-0.0037333965,0.0067046881,-0.0061965585
2022-09-14,INTC,-0.0043394566,0.0093333721,-0.0082045197
2022-09-14,MSFT,-0.0066593885,0.01064229,-0.008014679
2022-09-14,NKE,-0.0075035095,0.011580467,-0.0081312656
2022-09-14,VZ,-0.0061115623,0.0099534988,-0.0090293884
2022-09-14,WMT,-0.004961133,0.0071583986,-0.007453084
2022-09-15,AAPL,-0.0089649558,0.015701532,-0.010995269
2022-09-15,AMGN,-0.0014275908,0.0086346865,-0.0085518956
2022-09-15,CRM,-0.015625298,0.016392708,-0.011274099
2022-09-15,CSCO,-0.010280311,0.010341525,-0.009376049
2022-09-15,IBM,-0.0040869117,0.0074721575,-0.0064489841
2022-09-15,INTC,-0.0039208531,0.0089800358,-0.009540379
2022-09-15,MSFT,-0.0052980185,0.0095871687,-0.0092992187
2022-09-15,NKE,-0.0095146298,0.011407256,-0.0077971816
2022-09-15,VZ,-0.0049881935,0.0093855858,-0.0096694231
2022-09-15,WMT,-0.0055094361,0.0067945719,-0.0068461299
2022-09-16,AAPL,-0.0085456371,0.01676476,-0.011342406
2022-09-16,AMGN,-0.00036680698,0.0086251497,-0.0099249482
2022-09-16,CRM,-0.02052474,0.020717978,-0.010406971
2022-09-16,CSCO,-0.0075543523,0.010425568,-0.0098202229
2022-09-16,IBM,-0.0022391677,0.0069359541,-0.0068188906
2022-09-16,INTC,-0.0028548241,0.0097333193,-0.009277761
2022-09-16,MSFT,-0.0058460832,0.010345697,-0.0080493093
2022-09-16,NKE,-0.0087962151,0.012972713,-0.007109344
2022-09-16,VZ,-0.0038281083,0.0095086098,-0.0092599392
2022-09-16,WMT,-0.0011854768,0.0058082342,-0.007834971
2022-09-19,AAPL,-0.0035530329,0.015608191,-0.0081256628
2022-09-19,AMGN,-0.003734231,0.010670185,-0.0057498217
2022-09-19,CRM,-0.0079408288,0.014582515,-0.011096478
2022-09-19,CSCO,-0.0018677711,0.0096172094,-0.0087265968
2022-09-19,IBM,-0.0020375848,0.0078103542,-0.0053873658
2022-09-19,INTC,-0.00050425529,0.010295272,-0.0070865154
2022-09-19,MSFT,-0.00086057186,0.010002971,-0.0068764687
2022-09-19,NKE,-0.0094703436,0.013803363,-0.0055506229
2022-09-19,VZ,-0.0035621524,0.0097668171,-0.0073381662
2022-09-19,WMT,-0.0038582683,0.0083107948,-0.0053241849
2022-09-20,AAPL,-0.0085151196,0.015710592,-0.010918021
2022-09-20,AMGN,-0.0047416687,0.010523319,-0.0085155964
2022-09-20,CRM,-0.016586483,0.018374681,-0.011420965
2022-09-20,CSCO,-0.0062021613,0.0081036091,-0.010260999
2022-09-20,IBM,-0.0022011399,0.0072413683,-0.0066509247
2022-09-20,INTC,-0.002861619,0.0093770027,-0.0082100034
2022-09-20,MSFT,-0.005119741,0.010341763,-0.0073574781
2022-09-20,NKE,-0.009655118,0.01221478,-0.0080844164
2022-09-20,VZ,-0.004525125,0.0094087124,-0.0093106627
2022-09-20,WMT,-0.00082671642,0.0058830976,-0.0080215931
2022-09-21,AAPL,-0.0064045191,0.016229391,-0.01195085
2022-09-21,AMGN,-0.0036588311,0.011577725,-0.0072740316
2022-09-21,CRM,-0.011652887,0.016826153,-0.012391865
2022-09-21,CSCO,-0.0073872209,0.0085744858,-0.010147095
2022-09-21,IBM,-0.0030445457,0.0078469515,-0.0062836409
2022-09-21,INTC,-0.00017690659,0.009046793,-0.0091397166
2022-09-21,MSFT,-0.0044272542,0.010248303,-0.0089245439
2022-09-21,NKE,-0.0090153813,0.012593389,-0.008109808
2022-09-21,VZ,-0.0066447258,0.011026978,-0.0079905987
2022-09-21,WMT,-0.0073997378,0.0097241402,-0.0061594844
2022-09-22,AAPL,-0.0065481663,0.015761733,-0.011160433
2022-09-22,AMGN,-0.0021242499,0.008779645,-0.0090902448
2022-09-22,CRM,-0.0060150623,0.015675902,-0.013627112
2022-09-22,CSCO,-0.0081216693,0.0086505413,-0.00928545
2022-09-22,IBM,-0.0040764213,0.0073138475,-0.0063371658
2022-09-22,INTC,-0.0029284358,0.0093011856,-0.0089960694
2022-09-22,MSFT,-0.0071169138,0.010298848,-0.0077798367
2022-09-22,NKE,-0.0060173273,0.01074338,-0.008859992
2022-09-22,VZ,-0.006416142,0.010397077,-0.0084046721
2022-09-22,WMT,-0.0048622489,0.0077065229,-0.0070242286
2022-09-23,AAPL,-0.0046508908,0.01570642,-0.010826528
2022-09-23,AMGN,-0.0052102208,0.010018826,-0.0063811541
2022-09-23,CRM,-0.0078659654,0.015056252,-0.012246132
2022-09-23,CSCO,-0.0050974488,0.0072904825,-0.0094432235
2022-09-23,IBM,-0.0022363663,0.0071460009,-0.006672442
2022-09-23,INTC,-0.0041566491,0.010236382,-0.0087941289
2022-09-23,MSFT,-0.0038423538,0.0099906921,-0.0076650977
2022-09-23,NKE,-0.0067521334,0.011946559,-0.0070641041
2022-09-23,VZ,-0.0057072639,0.011050582,-0.0080045462
2022-09-23,WMT,-0.0035145879,0.0071182251,-0.006406188
2022-09-26,AAPL,-0.0038580298,0.014015913,-0.0093488693
2022-09-26,AMGN,-0.0038564205,0.011033416,-0.0063567162
2022-09-26,CRM,-0.0042067766,0.012426376,-0.012684822
2022-09-26,CSCO,-0.0044974089,0.0072962046,-0.0092067122
2022-09-26,IBM,-0.0037503839,0.0080692768,-0.0060466528
2022-09-26,INTC,-0.0012342334,0.0096045732,-0.0075621605
2022-09-26,MSFT,-0.0036572814,0.010400653,-0.0063824654
2022-09-26,NKE,-0.0088807344,0.013481617,-0.0066634417
2022-09-26,VZ,-0.0067852736,0.010779142,-0.0075548291
2022-09-26,WMT,-0.0066806674,0.0090210438,-0.0049743056
2022-09-27,AAPL,-0.006147325,0.015487552,-0.010495543
2022-09-27,AMGN,-0.003523767,0.011123538,-0.008130908
2022-09-27,CRM,-0.019649029,0.018338799,-0.0102911
2022-09-27,CSCO,-0.0089533329,0.0091742277,-0.010415316
2022-09-27,IBM,-0.0042905807,0.0076935291,-0.0072644353
2022-09-27,INTC,-0.0055878162,0.011387944,-0.008491993
2022-09-27,MSFT,-0.007114768,0.010562301,-0.0067706704
2022-09-27,NKE,-0.010211527,0.014100432,-0.0094698668
2022-09-27,VZ,-0.0059621334,0.0094740391,-0.0091798902
2022-09-27,WMT,-0.0037216544,0.0073461533,-0.0063636303
2022-09-28,AAPL,-0.008323729,0.016446829,-0.011561513
2022-09-28,AMGN,-0.0054370761,0.01330936,-0.0077604055
2022-09-28,CRM,-0.019900203,0.021917701,-0.013444841
2022-09-28,CSCO,-0.008284688,0.011062741,-0.010291398
2022-09-28,IBM,-0.0041502118,0.0082827806,-0.0073632598
2022-09-28,INTC,-0.0060682297,0.012089014,-0.0085291266
2022-09-28,MSFT,-0.0067797899,0.012421727,-0.0073710084
2022-09-28,NKE,-0.01071018,0.013952732,-0.0091575384
2022-09-28,VZ,-0.0036619306,0.0097820759,-0.0091072321
2022-09-28,WMT,-0.0039580464,0.0072308779,-0.0070695281
2022-09-29,AAPL,-0.012215018,0.017630935,-0.012517989
2022-09-29,AMGN,-0.0066227913,0.0147928,-0.00668782
2022-09-29,CRM,-0.016498208,0.023445129,-0.016135395
2022-09-29,CSCO,-0.015090883,0.016192794,-0.0091611743
2022-09-29,IBM,-0.0068314672,0.010191321,-0.0070709586
2022-09-29,INTC,-0.0078111887,0.014889598,-0.0082763433
2022-09-29,MSFT,-0.0059547424,0.01488626,-0.0091113448
2022-09-29,NKE,-0.01231122,0.01581645,-0.0099749565
2022-09-29,VZ,-0.0083026886,0.012089014,-0.0099160075
2022-09-29,WMT,-0.0071637034,0.010366917,-0.0071410537
2022-09-30,AAPL,-0.011938155,0.018629074,-0.0082495213
2022-09-30,AMGN,-0.0077095032,0.016354322,-0.0057811141
2022-09-30,CRM,-0.007597208,0.021102905,-0.013065577
2022-09-30,CSCO,-0.0085709095,0.017332315,-0.0085570216
2022-09-30,IBM,-0.0064088106,0.013014913,-0.0060229897
2022-09-30,INTC,-0.0078078508,0.017196774,-0.0075278282
2022-09-30,MSFT,-0.0062103868,0.015565872,-0.006596446
2022-09-30,NKE,-0.011552155,0.017027259,-0.0069548488
2022-09-30,VZ,-0.0089992285,0.014672995,-0.007090807
2022-09-30,WMT,-0.0053457618,0.012477875,-0.0057207942
2022-10-03,AAPL,-0.008130312,0.014086604,-0.0060418844
2022-10-03,AMGN,-0.0046972036,0.0097187757,-0.0074810982
2022-10-03,CRM,-0.0069742203,0.016314626,-0.0082910061
2022-10-03,CSCO,-0.0064140558,0.010183811,-0.0071722865
2022-10-03,IBM,-0.0054628849,0.010085702,-0.0040152073
2022-10-03,INTC,-0.0076818466,0.011915207,-0.0049936771
2022-10-03,MSFT,-0.0069591999,0.010675311,-0.0046625733
2022-10-03,NKE,-0.0058698654,0.012143254,-0.0064476132
2022-10-03,VZ,-0.0045340657,0.0083134174,-0.0058532953
2022-10-03,WMT,-0.0022578239,0.0076457262,-0.0053356886
2022-10-04,AAPL,-0.0087940097,0.01512897,-0.0094758272
2022-10-04,AMGN,-0.0098772645,0.012215257,-0.0055003762
2022-10-04,CRM,-0.016622841,0.015615344,-0.0064688921
2022-10-04,CSCO,-0.0081281662,0.0098677874,-0.0099166036
2022-10-04,IBM,-0.005772233,0.0082883835,-0.0051622987
2022-10-04,INTC,-0.0066453218,0.010867238,-0.0091095567
2022-10-04,MSFT,-0.0095460415,0.010804296,-0.0070291162
2022-10-04,NKE,-0.010059893,0.012152314,-0.0076774359
2022-10-04,VZ,-0.0067937374,0.0091849566,-0.0072492361
2022-10-04,WMT,-0.0056638718,0.0082041025,-0.0059175491
2022-10-05,AAPL,-0.0081601739,0.016428113,-0.0086954236
2022-10-05,AMGN,-0.0083500743,0.01289773,-0.0042768717
2022-10-05,CRM,-0.0079642534,0.012746692,-0.010007501
2022-10-05,CSCO,-0.0037480593,0.0097856522,-0.0088608861
2022-10-05,IBM,0.00032734871,0.0072462559,-0.0066897273
2022-10-05,INTC,-0.0005518198,0.012271166,-0.0075275898
2022-10-05,MSFT,-0.0054011941,0.010184765,-0.0065261126
2022-10-05,NKE,-0.0072039366,0.012848377,-0.0055911541
2022-10-05,VZ,-0.0022821426,0.0092833042,-0.0069426894
2022-10-05,WMT,-0.0052817464,0.0084512234,-0.0051804185
2022-10-06,AAPL,-0.0042262077,0.013000965,-0.0097926259
2022-10-06,AMGN,-0.0054554939,0.010136604,-0.0040332079
2022-10-06,CRM,0.0035219193,0.0078788996,-0.013708353
2022-10-06,CSCO,-0.0034706593,0.0059415102,-0.0088325739
2022-10-06,IBM,-0.0016263723,0.0060021877,-0.0058588386
2022-10-06,INTC,0.00074267387,0.0099258423,-0.0078371167
2022-10-06,MSFT,-0.003041327,0.008944273,-0.007273674
2022-10-06,NKE,-0.0047532916,0.01083529,-0.0062634349
2022-10-06,VZ,-0.0054453015,0.0091643333,-0.005997479
2022-10-06,WMT,-0.0073972344,0.0079483986,-0.0047267079
2022-10-07,AAPL,-0.0089836121,0.015270233,-0.0094982386
2022-10-07,AMGN,-0.0056650043,0.0097427368,-0.005209446
2022-10-07,CRM,-0.0033197999,0.010144472,-0.01148963
2022-10-07,CSCO,-0.0079502463,0.0067209005,-0.008349061
2022-10-07,IBM,-0.0042539835,0.0077896118,-0.0050564408
2022-10-07,INTC,-0.0049966574,0.010231614,-0.0077272058
2022-10-07,MSFT,-0.0070397258,0.010764718,-0.0078169703
2022-10-07,NKE,-0.0051545501,0.011516929,-0.0070583224
2022-10-07,VZ,-0.0075156093,0.0097938776,-0.0071053505
2022-10-07,WMT,-0.0079482198,0.0089634657,-0.0059298873
2022-10-10,AAPL,-0.0082402825,0.014583707,-0.0094912052
2022-10-10,AMGN,-0.0046408772,0.0096888542,-0.0051954985
2022-10-10,CRM,-0.0019566417,0.0089365244,-0.011445224
2022-10-10,CSCO,-0.0066761374,0.0085511208,-0.0083668828
2022-10-10,IBM,-0.0030297041,0.00761199,-0.0053574443
2022-10-10,INTC,-0.0034532547,0.010809779,-0.0078964829
2022-10-10,MSFT,-0.0077974796,0.0096054077,-0.0070489049
2022-10-10,NKE,-0.0046157837,0.010924816,-0.0065743923
2022-10-10,VZ,-0.0057798624,0.010035753,-0.0063018799
2022-10-10,WMT,-0.0081658363,0.0099177361,-0.004934907
2022-10-11,AAPL,-0.0053852201,0.014471292,-0.010099351
2022-10-11,AMGN,-0.0055294037,0.0096672773,-0.004586339
2022-10-11,CRM,-0.005294919,0.0093021393,-0.010585666
2022-10-11,CSCO,-0.0065045953,0.0068112612,-0.0092724562
2022-10-11,IBM,-0.0018341541,0.0059996843,-0.0062841773
2022-10-11,INTC,-0.0039280057,0.010274768,-0.0073009729
2022-10-11,MSFT,-0.0055907369,0.0092570782,-0.006811738
2022-10-11,NKE,-0.0047520995,0.010849476,-0.0062749386
2022-10-11,VZ,-0.0052551031,0.0098574162,-0.0068731308
2022-10-11,WMT,-0.0054308772,0.0076357126,-0.0053381324
2022-10-12,AAPL,-0.0056915283,0.015333533,-0.009139955
2022-10-12,AMGN,-0.0061590075,0.010614634,-0.0040302873
2022-10-12,CRM,-0.0059431195,0.01175952,-0.0093090534
2022-10-12,CSCO,-0.0055459142,0.0080655813,-0.0083755255
2022-10-12,IBM,-0.0039803386,0.0080184937,-0.0047973394
2022-10-12,INTC,-0.0054044724,0.010957599,-0.0057846904
2022-10-12,MSFT,-0.0072727203,0.010155201,-0.0055034161
2022-10-12,NKE,-0.0065722466,0.012499452,-0.0057432055
2022-10-12,VZ,-0.006223619,0.010832548,-0.006785512
2022-10-12,WMT,-0.0061658621,0.0085253716,-0.0052965283
2022-10-13,AAPL,-0.008381784,0.015621305,-0.0097582936
2022-10-13,AMGN,-0.003821969,0.0096739531,-0.0067643523
2022-10-13,CRM,-0.0065999627,0.011969805,-0.011378348
2022-10-13,CSCO,-0.0087456107,0.0088304281,-0.0085639358
2022-10-13,IBM,-0.0054885149,0.0079200268,-0.0049352646
2022-10-13,INTC,-0.0051860809,0.010498285,-0.0069743395
2022-10-13,MSFT,-0.0085071325,0.0096640587,-0.0063415766
2022-10-13,NKE,-0.009349823,0.011887074,-0.0072695613
2022-10-13,VZ,-0.0081006885,0.0099978447,-0.0068212748
2022-10-13,WMT,-0.0085519552,0.0090546608,-0.0053742528
2022-10-14,AAPL,-0.010554671,0.015432239,-0.012542367
2022-10-14,AMGN,-0.0069660544,0.009925127,-0.0081247687
2022-10-14,CRM,-0.013223231,0.012781501,-0.014121532
2022-10-14,CSCO,-0.01045084,0.008654952,-0.01069659
2022-10-14,IBM,-0.0049690604,0.0076301098,-0.0060386658
2022-10-14,INTC,-0.0072350502,0.0094879866,-0.010084987
2022-10-14,MSFT,-0.0078591704,0.0099167824,-0.0084750056
2022-10-14,NKE,-0.0066740513,0.010305762,-0.008657217
2022-10-14,VZ,-0.0087683797,0.010258913,-0.008569181
2022-10-14,WMT,-0.0074821115,0.0077573061,-0.0064351559
2022-10-17,AAPL,-0.0058100224,0.014908433,-0.0099321604
2022-10-17,AMGN,-0.0023185611,0.009260416,-0.0076760054
2022-10-17,CRM,-0.0066802502,0.011385322,-0.012387693
2022-10-17,CSCO,-0.0050870776,0.007792592,-0.0090743303
2022-10-17,IBM,-0.0010397434,0.0069359541,-0.0061457157
2022-10-17,INTC,0.00023424625,0.0093230009,-0.0087989569
2022-10-17,MSFT,-0.00329566,0.0086958408,-0.008305192
2022-10-17,NKE,-0.0057860017,0.011457205,-0.0056872368
2022-10-17,VZ,-0.0045407414,0.010778427,-0.0077345967
2022-10-17,WMT,-0.0057095885,0.0078310966,-0.0060833097
2022-10-18,AAPL,-0.0049248934,0.014129162,-0.0088510513
2022-10-18,AMGN,-0.0041717291,0.0091165304,-0.005834341
2022-10-18,CRM,-0.0027040243,0.010321259,-0.012475789
2022-10-18,CSCO,-0.0033680797,0.0074318647,-0.0085529089
2022-10-18,IBM,-0.0016428232,0.0067772865,-0.005685389
2022-10-18,INTC,-0.0011425018,0.010108352,-0.0062634349
2022-10-18,MSFT,-0.0031796694,0.0092760324,-0.0070414543
2022-10-18,NKE,-0.0054485798,0.011480212,-0.005656004
2022-10-18,VZ,-0.0041679144,0.010336757,-0.0073794127
2022-10-18,WMT,-0.0043383837,0.0078772306,-0.0056045055
2022-10-19,AAPL,-0.0060677528,0.0142169,-0.010823667
2022-10-19,AMGN,-0.0012626648,0.0094417334,-0.008297801
2022-10-19,CRM,-0.0096924901,0.013731122,-0.011241913
2022-10-19,CSCO,-0.0064243674,0.0068674088,-0.0093064308
2022-10-19,IBM,-0.003963232,0.0071822405,-0.0050186515
2022-10-19,INTC,-0.0045173168,0.0094434023,-0.0069949627
2022-10-19,MSFT,-0.0067511797,0.010069489,-0.006932795
2022-10-19,NKE,-0.0075585246,0.01164782,-0.0061898828
2022-10-19,VZ,-0.0051938891,0.0094754696,-0.0079888105
2022-10-19,WMT,-0.0029319525,0.0072139502,-0.0062041283
2022-10-20,AAPL,-0.0090441108,0.017594218,-0.010024846
2022-10-20,AMGN,-0.0047236085,0.011283994,-0.0073488355
2022-10-20,CRM,-0.013336122,0.015168548,-0.01155889
2022-10-20,CSCO,-0.010564506,0.010328531,-0.0079860091
2022-10-20,IBM,-0.0045846701,0.008515358,-0.005792439
2022-10-20,INTC,-0.0049404502,0.010139585,-0.0084386468
2022-10-20,MSFT,-0.0071254373,0.010769129,-0.0079301
2022-10-20,NKE,-0.0092273951,0.012861133,-0.006613791
2022-10-20,VZ,-0.0074110627,0.01106739,-0.0075105429
2022-10-20,WMT,-0.0086839795,0.0095809698,-0.0052832365
2022-10-21,AAPL,-0.0066516995,0.015399814,-0.011578381
2022-10-21,AMGN,-0.00032901764,0.0089834929,-0.0091941357
2022-10-21,CRM,-0.0082112551,0.015132546,-0.013120413
2022-10-21,CSCO,-0.0089351535,0.0091129541,-0.0097694397
2022-10-21,IBM,-0.0042225122,0.00846982,-0.0063374639
2022-10-21,INTC,-0.005615294,0.011003613,-0.009108305
2022-10-21,MSFT,-0.006729722,0.011101723,-0.0074878335
2022-10-21,NKE,-0.0077712536,0.011154294,-0.0077686906
2022-10-21,VZ,-0.0085780621,0.011571646,-0.0072638988
2022-10-21,WMT,-0.0070630312,0.0087125301,-0.0053930283
2022-10-24,AAPL,-0.0082986951,0.017485857,-0.0082392097
2022-10-24,AMGN,-0.0045425296,0.0102669,-0.0065789223
2022-10-24,CRM,-0.0060001016,0.013853192,-0.012036026
2022-10-24,CSCO,-0.0055211782,0.0088917017,-0.0087860227
2022-10-24,IBM,-0.0030016303,0.0078184605,-0.0062599778
2022-10-24,INTC,-0.00543648,0.012148738,-0.007835865
2022-10-24,MSFT,-0.0059047341,0.010538578,-0.0068618655
2022-10-24,NKE,-0.0060330033,0.011657596,-0.0053082108
2022-10-24,VZ,-0.0082232952,0.011440158,-0.0065920353
2022-10-24,WMT,-0.0044001937,0.0079116821,-0.0059000254
2022-10-25,AAPL,-0.0040623546,0.013530254,-0.010391235
2022-10-25,AMGN,-0.0042161942,0.009527564,-0.0074703097
2022-10-25,CRM,-0.0020503402,0.011708975,-0.013628423
2022-10-25,CSCO,-0.0037294626,0.0075683594,-0.0097692609
2022-10-25,IBM,-0.0042837858,0.0081843138,-0.0063428879
2022-10-25,INTC,-0.003372848,0.011340141,-0.0083671212
2022-10-25,MSFT,-0.0060558319,0.010792255,-0.0061262846
2022-10-25,NKE,-0.0055396557,0.011891723,-0.0074373484
2022-10-25,VZ,-0.006575346,0.010764718,-0.0077666044
2022-10-25,WMT,-0.0041304231,0.0081530809,-0.005194068
2022-10-26,AAPL,-0.0073571801,0.015897036,-0.01030916
2022-10-26,AMGN,-0.0050072074,0.011246562,-0.0076599717
2022-10-26,CRM,-0.014570832,0.015442729,-0.012016892
2022-10-26,CSCO,-0.0074899793,0.00920403,-0.010755539
2022-10-26,IBM,-0.0050476193,0.0074949265,-0.0058943033
2022-10-26,INTC,-0.007509768,0.01251328,-0.0070759654
2022-10-26,MSFT,-0.0070251822,0.011345506,-0.0068279505
2022-10-26,NKE,-0.0091748834,0.01448977,-0.0086544156
2022-10-26,VZ,-0.0073260069,0.010100126,-0.0077710748
2022-10-26,WMT,-0.005577445,0.0082479715,-0.006044507
2022-10-27,AAPL,-0.0088913441,0.017478943,-0.010573745
2022-10-27,AMGN,-0.010567546,0.015725493,-0.0060626864
2022-10-27,CRM,-0.019426107,0.019956112,-0.01208663
2022-10-27,CSCO,-0.00867939,0.011736512,-0.0096206665
2022-10-27,IBM,-0.0056926608,0.0083715916,-0.006514132
2022-10-27,INTC,-0.0067805648,0.013733625,-0.0067343712
2022-10-27,MSFT,-0.0092245936,0.012980938,-0.005759716
2022-10-27,NKE,-0.011256933,0.014872551,-0.0078544617
2022-10-27,VZ,-0.0057103038,0.01052022,-0.008263588
2022-10-27,WMT,-0.0051766038,0.0083017349,-0.0067744851
2022-10-28,AAPL,-0.009524703,0.01587534,-0.012145162
2022-10-28,AMGN,-0.0055710673,0.013633966,-0.0062475204
2022-10-28,CRM,-0.014712393,0.019836903,-0.017333567
2022-10-28,CSCO,-0.011716247,0.014532685,-0.010209918
2022-10-28,IBM,-0.0045219064,0.008538723,-0.0068874955
2022-10-28,INTC,-0.005420506,0.013727069,-0.0096005201
2022-10-28,MSFT,-0.0057176948,0.013231993,-0.0086533427
2022-10-28,NKE,-0.011755526,0.013997436,-0.010092974
2022-10-28,VZ,-0.0078589916,0.010717988,-0.01008749
2022-10-28,WMT,-0.0073789358,0.0095396042,-0.006364882
2022-10-31,AAPL,-0.0082552433,0.017183304,-0.0097376108
2022-10-31,AMGN,-0.0073722005,0.015649796,-0.005736351
2022-10-31,CRM,-0.0037522912,0.018124819,-0.014355958
2022-10-31,CSCO,-0.0057260394,0.01491785,-0.0090519786
2022-10-31,IBM,-0.0047357678,0.011313796,-0.0065662861
2022-10-31,INTC,-0.0058810711,0.015684128,-0.0083819628
2022-10-31,MSFT,-0.0049620867,0.013696074,-0.0078081489
2022-10-31,NKE,-0.0088973045,0.015281796,-0.0077348948
2022-10-31,VZ,-0.0083137155,0.01295507,-0.0069431067
2022-10-31,WMT,-0.0056815743,0.011619091,-0.0055626035
2022-11-01,AAPL,-0.0042980909,0.013531685,-0.010169804
2022-11-01,AMGN,-0.003231883,0.010367751,-0.0084412098
2022-11-01,CRM,-0.0076681972,0.014607668,-0.011051297
2022-11-01,CSCO,-0.007412672,0.0093450546,-0.009019196
2022-11-01,IBM,-0.0036287308,0.0095460415,-0.0051332712
2022-11-01,INTC,-0.0088621378,0.012350202,-0.0074748993
2022-11-01,MSFT,-0.0064402223,0.011205554,-0.0063189864
2022-11-01,NKE,-0.0086125135,0.012284398,-0.0086221099
2022-11-01,VZ,-0.0065638423,0.010288835,-0.0070950985
2022-11-01,WMT,-0.0040492415,0.0086237192,-0.0064734221
2022-11-02,AAPL,-0.012315631,0.01674819,-0.014068842
2022-11-02,AMGN,-0.0084807873,0.0098561049,-0.0093676448
2022-11-02,CRM,-0.018230677,0.015610099,-0.010932446
2022-11-02,CSCO,-0.0093713999,0.010143757,-0.011835575
2022-11-02,IBM,-0.0031709075,0.0068230629,-0.0087815523
2022-11-02,INTC,-0.0071592331,0.010032415,-0.012121141
2022-11-02,MSFT,-0.0096000433,0.011929989,-0.010031581
2022-11-02,NKE,-0.0080140829,0.011834621,-0.013110459
2022-11-02,VZ,-0.0064384341,0.0094171762,-0.010012567
2022-11-02,WMT,-0.005235672,0.008562088,-0.008366704
2022-11-03,AAPL,-0.003703475,0.014403701,-0.016643584
2022-11-03,AMGN,-0.0021650195,0.010121346,-0.0098351836
2022-11-03,CRM,-0.010313809,0.016255021,-0.014056861
2022-11-03,CSCO,-0.0049975514,0.0099103451,-0.01289469
2022-11-03,IBM,0.0014690161,0.0058765411,-0.0083376169
2022-11-03,INTC,-3.6656857e-05,0.011326194,-0.012640715
2022-11-03,MSFT,-0.0045129061,0.0094696283,-0.011624634
2022-11-03,NKE,-0.007560432,0.012560129,-0.011439681
2022-11-03,VZ,-0.0032555461,0.0094373226,-0.010712206
2022-11-03,WMT,-0.0021867752,0.0068540573,-0.0091184378
2022-11-04,AAPL,-0.0044541359,0.014780402,-0.0088949203
2022-11-04,AMGN,0.00048482418,0.0084117651,-0.0078939795
2022-11-04,CRM,0.003524065,0.01156497,-0.014077485
2022-11-04,CSCO,-0.003021121,0.008908391,-0.0099369884
2022-11-04,IBM,0.00016379356,0.0072864294,-0.006896317
2022-11-04,INTC,0.0016447306,0.011241674,-0.010305166
2022-11-04,MSFT,-9.393692e-05,0.011039615,-0.0090118647
2022-11-04,NKE,-0.0066501498,0.014861584,-0.0077187419
2022-11-04,VZ,-0.0036242604,0.011299133,-0.0079426169
2022-11-04,WMT,-0.0053038597,0.0093580484,-0.0055480599
2022-11-07,AAPL,-0.005685389,0.01338768,-0.011666596
2022-11-07,AMGN,-3.7848949e-05,0.0075520277,-0.0093761086
2022-11-07,CRM,-0.0093696713,0.015582681,-0.011621118
2022-11-07,CSCO,-0.0058963895,0.0082526207,-0.0092023611
2022-11-07,IBM,-0.002491653,0.008028388,-0.0069230199
2022-11-07,INTC,-0.0049778223,0.010378242,-0.008949101
2022-11-07,MSFT,-0.0053478479,0.0108248,-0.0092453361
2022-11-07,NKE,-0.0075782537,0.013027668,-0.0095890164
2022-11-07,VZ,-0.004725337,0.010415435,-0.0089325905
2022-11-07,WMT,-0.0029360652,0.0072212219,-0.0076523423
2022-11-08,AAPL,-0.0072162747,0.016489029,-0.0094416142
2022-11-08,AMGN,-0.0011380315,0.0090667009,-0.0081974864
2022-11-08,CRM,-0.0053191781,0.013357043,-0.011248469
2022-11-08,CSCO,-0.0054508448,0.009292841,-0.008959949
2022-11-08,IBM,-0.0023447871,0.0077397823,-0.0066788793
2022-11-08,INTC,-0.0030383468,0.011793375,-0.008155942
2022-11-08,MSFT,-0.0052217841,0.011512399,-0.0073705316
2022-11-08,NKE,-0.0085346699,0.014295101,-0.0073927045
2022-11-08,VZ,-0.0057436824,0.011749029,-0.0076587796
2022-11-08,WMT,-0.0042747259,0.0086923838,-0.0064604878
2022-11-09,AAPL,-0.0038533807,0.014572382,-0.015371263
2022-11-09,AMGN,-0.0046907067,0.0094617605,-0.0082643628
2022-11-09,CRM,-0.009221673,0.013364315,-0.013323128
2022-11-09,CSCO,-0.0084611177,0.0095239878,-0.011404216
2022-11-09,IBM,-0.0029129386,0.0076489449,-0.0077918768
2022-11-09,INTC,-0.0038334131,0.010448217,-0.011925876
2022-11-09,MSFT,-0.0058039427,0.0097978115,-0.0085644722
2022-11-09,NKE,-0.0072738528,0.012235522,-0.011330724
2022-11-09,VZ,-0.0070524216,0.010591865,-0.0097848773
2022-11-09,WMT,-0.0066636801,0.0092960596,-0.0076301694
2022-11-10,AAPL,-0.0093168616,0.01740098,-0.0091680884
2022-11-10,AMGN,0.0010619164,0.0074534416,-0.0086621046
2022-11-10,CRM,-0.0083068609,0.016034126,-0.010590553
2022-11-10,CSCO,-0.0088745952,0.011198878,-0.0088848472
2022-11-10,IBM,-0.001557529,0.0078917742,-0.0073871613
2022-11-10,INTC,-0.0034485459,0.012800217,-0.0096068382
2022-11-10,MSFT,-0.0046412945,0.011217475,-0.0081885457
2022-11-10,NKE,-0.0095291138,0.014703393,-0.007439971
2022-11-10,VZ,-0.0032241344,0.010627985,-0.0086266398
2022-11-10,WMT,-0.0036954284,0.0079731941,-0.0067314506
2022-11-11,AAPL,-0.0039121509,0.013398767,-0.011156857
2022-11-11,AMGN,0.00021016598,0.0083246231,-0.0077673197
2022-11-11,CRM,-0.0043004751,0.013590455,-0.012974918
2022-11-11,CSCO,-0.0024366975,0.009021163,-0.00977391
2022-11-11,IBM,-0.00055366755,0.0078889132,-0.0067008734
2022-11-11,INTC,-0.00023376942,0.0097413063,-0.0087932348
2022-11-11,MSFT,-0.0021437407,0.0089683533,-0.0086262226
2022-11-11,NKE,-0.0065522194,0.013261199,-0.0076119304
2022-11-11,VZ,-0.0033684969,0.0098659992,-0.0084990263
2022-11-11,WMT,-0.0037561655,0.0085054636,-0.0061109662
2022-11-14,AAPL,-0.010248482,0.016847134,-0.0094479322
2022-11-14,AMGN,-0.00020259619,0.0075048208,-0.0091866255
2022-11-14,CRM,-0.013126493,0.016330838,-0.010326207
2022-11-14,CSCO,-0.0094496608,0.010144949,-0.0087553263
2022-11-14,IBM,-0.0035870671,0.008326292,-0.0067875385
2022-11-14,INTC,-0.0064039826,0.011477709,-0.0087310076
2022-11-14,MSFT,-0.0083237886,0.011819005,-0.0075464249
2022-11-14,NKE,-0.0086989403,0.012763977,-0.0077850223
2022-11-14,VZ,-0.0049660802,0.010754943,-0.0088863373
2022-11-14,WMT,-0.0041357279,0.008581996,-0.0070247054
2022-11-15,AAPL,-0.0062440038,0.014714241,-0.011846244
2022-11-15,AMGN,-0.0038542747,0.0089001656,-0.0078008175
2022-11-15,CRM,-0.0092888474,0.014656186,-0.012449682
2022-11-15,CSCO,-0.0058814287,0.0093730688,-0.010133088
2022-11-15,IBM,-0.0017219782,0.0066689253,-0.0074001551
2022-11-15,INTC,-0.0035579205,0.0095866919,-0.010447383
2022-11-15,MSFT,-0.0056604147,0.009802103,-0.008523047
2022-11-15,NKE,-0.0063725114,0.010801673,-0.0090861917
2022-11-15,VZ,-0.0048114061,0.010445356,-0.008861661
2022-11-15,WMT,-0.0028668642,0.007007122,-0.0073238015
2022-11-16,AAPL,-0.0047260523,0.014544129,-0.0096031427
2022-11-16,AMGN,0.0012552738,0.0074003935,-0.0087846518
2022-11-16,CRM,-0.0056223273,0.012061596,-0.010117173
2022-11-16,CSCO,-0.0018303394,0.0081561804,-0.0098239779
2022-11-16,IBM,-0.0025197864,0.0076192617,-0.0061674118
2022-11-16,INTC,-0.0040122271,0.010154486,-0.0082676411
2022-11-16,MSFT,-0.0034317374,0.0099473,-0.0062953234
2022-11-16,NKE,-0.0069873333,0.012391686,-0.007530272
2022-11-16,VZ,-0.0056374073,0.0098596811,-0.0073222518
2022-11-16,WMT,-0.0037664175,0.0086132288,-0.0064653754
2022-11-17,AAPL,-0.0075836182,0.01637423,-0.010933399
2022-11-17,AMGN,-0.0019115806,0.0097848177,-0.0097205043
2022-11-17,CRM,-0.0092388988,0.013365746,-0.010748982
2022-11-17,CSCO,-0.0053598285,0.0090668201,-0.009328723
2022-11-17,IBM,-0.0020781159,0.0071518421,-0.005997479
2022-11-17,INTC,-0.0042258501,0.010689497,-0.0079492331
2022-11-17,MSFT,-0.0044515729,0.010177135,-0.0073507428
2022-11-17,NKE,-0.0095281601,0.0131675,-0.0075313449
2022-11-17,VZ,-0.0058873892,0.010055661,-0.0073826313
2022-11-17,WMT,-0.0018421412,0.006331563,-0.0074020624
2022-11-18,AAPL,-0.0038181543,0.013227105,-0.015188515
2022-11-18,AMGN,-0.0055897832,0.010922313,-0.0097296238
2022-11-18,CRM,-0.012316108,0.013364792,-0.013263941
2022-11-18,CSCO,-0.0079568624,0.0071598291,-0.011734009
2022-11-18,IBM,-0.0040492415,0.0069589615,-0.0073391199
2022-11-18,INTC,-0.0018451214,0.0080859661,-0.011697352
2022-11-18,MSFT,-0.00393188,0.0095350742,-0.010065556
2022-11-18,NKE,-0.008523941,0.010923624,-0.010662675
2022-11-18,VZ,-0.008079052,0.010556102,-0.0098078847
2022-11-18,WMT,-0.0084927678,0.009136796,-0.0065896511
2022-11-21,AAPL,-0.0050179362,0.015648365,-0.012115538
2022-11-21,AMGN,0.0025993586,0.0086073875,-0.011680007
2022-11-21,CRM,-0.0095262527,0.014171004,-0.012269318
2022-11-21,CSCO,-0.0067862868,0.0087554455,-0.0093163848
2022-11-21,IBM,-0.0029235482,0.0076858997,-0.0063387156
2022-11-21,INTC,-0.00078135729,0.010380745,-0.010720134
2022-11-21,MSFT,-0.0035966039,0.0097953081,-0.0097872019
2022-11-21,NKE,-0.0070854425,0.013147593,-0.0086224675
2022-11-21,VZ,-0.0045650005,0.010804653,-0.0093790293
2022-11-21,WMT,-0.0051907301,0.0085381269,-0.0062021613
2022-11-22,AAPL,-0.0059525967,0.015551925,-0.010787368
2022-11-22,AMGN,-0.0016958714,0.011140704,-0.0088126659
2022-11-22,CRM,-0.0079879165,0.015684366,-0.010718644
2022-11-22,CSCO,-0.0050982237,0.010296702,-0.0084164143
2022-11-22,IBM,-0.00032454729,0.0077697039,-0.0064156055
2022-11-22,INTC,-0.0015416741,0.011035681,-0.007887125
2022-11-22,MSFT,0.000187397,0.010285616,-0.0095923543
2022-11-22,NKE,-0.0081888437,0.01350224,-0.006747961
2022-11-22,VZ,-0.0030670762,0.0099892616,-0.0092386007
2022-11-22,WMT,-0.001999557,0.0071543455,-0.0071333647
2022-11-23,AAPL,-0.0090014338,0.017527103,-0.0094870329
2022-11-23,AMGN,-0.0029454231,0.011030912,-0.0092818737
2022-11-23,CRM,-0.015988886,0.019235015,-0.010441542
2022-11-23,CSCO,-0.0098378658,0.011071086,-0.0090664625
2022-11-23,IBM,-0.0034666061,0.0077451468,-0.0072770119
2022-11-23,INTC,-0.0041717291,0.0092974901,-0.010080993
2022-11-23,MSFT,-0.005099535,0.011970639,-0.0081466436
2022-11-23,NKE,-0.010582566,0.014354825,-0.0088574886
2022-11-23,VZ,-0.0040159822,0.011208534,-0.0083124638
2022-11-23,WMT,-0.0037962198,0.0077515841,-0.0070129633
2022-11-25,AAPL,-0.0027723312,0.014919519,-0.010038435
2022-11-25,AMGN,-0.0038272738,0.0098341703,-0.0078814626
2022-11-25,CRM,-0.011163354,0.016323686,-0.014093935
2022-11-25,CSCO,-0.0063515902,0.0099211931,-0.011072457
2022-11-25,IBM,-0.0040756464,0.0076627731,-0.0077668428
2022-11-25,INTC,-0.0054374933,0.011914611,-0.0087293386
2022-11-25,MSFT,-0.0043023825,0.0095808506,-0.0094162226
2022-11-25,NKE,-0.0087949634,0.01456964,-0.010691643
2022-11-25,VZ,-0.0054309964,0.010428548,-0.0089244843
2022-11-25,WMT,-0.0023293495,0.0082235336,-0.0074269772
2022-11-28,AAPL,-0.0083388686,0.016979218,-0.0091989636
2022-11-28,AMGN,0.00084412098,0.0096545219,-0.008841157
2022-11-28,CRM,-0.0090798736,0.016852617,-0.01300317
2022-11-28,CSCO,-0.0019516349,0.0097187757,-0.0092233419
2022-11-28,IBM,-0.0038005114,0.0091562271,-0.0063336492
2022-11-28,INTC,-0.004401505,0.01163137,-0.0061265826
2022-11-28,MSFT,-0.0048771501,0.012815952,-0.0048224926
2022-11-28,NKE,-0.0070093274,0.015521646,-0.0064808726
2022-11-28,VZ,-0.0018200278,0.0098433495,-0.007789731
2022-11-28,WMT,-0.0013338923,0.0074121952,-0.0063980818
2022-11-29,AAPL,-0.0087516308,0.013958693,-0.01891315
2022-11-29,AMGN,-0.0057137012,0.012632251,-0.0092961192
2022-11-29,CRM,-0.020225883,0.020703197,-0.017877877
2022-11-29,CSCO,-0.015456796,0.014011621,-0.011714458
2022-11-29,IBM,-0.0058300495,0.0097218752,-0.0097934008
2022-11-29,INTC,-0.0066210032,0.012805462,-0.012362599
2022-11-29,MSFT,-0.0066046715,0.012472391,-0.012493491
2022-11-29,NKE,-0.010477602,0.014805198,-0.013948321
2022-11-29,VZ,-0.0067113638,0.010407805,-0.011767507
2022-11-29,WMT,-0.0089859962,0.010720134,-0.0083068609
2022-11-30,AAPL,-0.012587547,0.019143105,-0.0093055367
2022-11-30,AMGN,-0.0086711049,0.016385436,-0.006213665
2022-11-30,CRM,-0.011151016,0.021098495,-0.013097823
2022-11-30,CSCO,-0.010514796,0.017642975,-0.0089691877
2022-11-30,IBM,-0.0074847341,0.013133407,-0.0063310862
2022-11-30,INTC,-0.010052204,0.018683553,-0.0078742504
2022-11-30,MSFT,-0.0080036521,0.015070081,-0.0079955459
2022-11-30,NKE,-0.01365751,0.017697215,-0.0071152449
2022-11-30,VZ,-0.0086584687,0.014976263,-0.0081971288
2022-11-30,WMT,-0.0062435269,0.013720632,-0.0063179135
2022-12-01,AAPL,-0.0005890727,0.010875225,-0.011030734
2022-12-01,AMGN,-0.0018709898,0.0096735954,-0.010825634
2022-12-01,CRM,-0.0069423914,0.013591766,-0.012532711
2022-12-01,CSCO,-0.0031065941,0.0080808401,-0.010979235
2022-12-01,IBM,-0.00035142899,0.0079683065,-0.0061779618
2022-12-01,INTC,-0.0035590529,0.0098742247,-0.010035157
2022-12-01,MSFT,-0.0041004419,0.0094606876,-0.0081273317
2022-12-01,NKE,-0.0089111924,0.011428237,-0.008710742
2022-12-01,VZ,-0.0037299991,0.0083198547,-0.0071565509
2022-12-01,WMT,-0.0038035512,0.0086590052,-0.0061700344
2022-12-02,AAPL,-0.012623966,0.016050458,-0.012791038
2022-12-02,AMGN,-0.0081248879,0.011014342,-0.0092599392
2022-12-02,CRM,-0.023364067,0.019919872,-0.01025039
2022-12-02,CSCO,-0.0076751709,0.0096647739,-0.010151565
2022-12-02,IBM,0.00035512447,0.006562233,-0.0091494918
2022-12-02,INTC,-0.0061600804,0.010477424,-0.010829151
2022-12-02,MSFT,-0.0083657503,0.01089859,-0.010203779
2022-12-02,NKE,-0.0073878169,0.012176275,-0.011178851
2022-12-02,VZ,-0.0049557686,0.0087339878,-0.010267437
2022-12-02,WMT,0.001665473,0.0050694942,-0.010489404
2022-12-05,AAPL,-0.0019897819,0.011080265,-0.018488228
2022-12-05,AMGN,-0.0037090778,0.0095459223,-0.011029243
2022-12-05,CRM,-0.010587335,0.015932441,-0.014624357
2022-12-05,CSCO,-0.0050938725,0.0085376501,-0.01454705
2022-12-05,IBM,0.00077390671,0.0052582026,-0.0096668005
2022-12-05,INTC,0.0034348965,0.0091272593,-0.015348852
2022-12-05,MSFT,-0.00085675716,0.0084878206,-0.013474405
2022-12-05,NKE,-0.0082751513,0.01154387,-0.011928499
2022-12-05,VZ,-0.004028976,0.0099526644,-0.010866523
2022-12-05,WMT,-0.0058454871,0.0098036528,-0.0082693696
2022-12-06,AAPL,-0.0056373477,0.01535356,-0.010019422
2022-12-06,AMGN,0.0026912689,0.0084619522,-0.01076299
2022-12-06,CRM,-0.0019119382,0.015925527,-0.013508677
2022-12-06,CSCO,-0.0036982894,0.009975791,-0.0094075799
2022-12-06,IBM,0.0017621517,0.0075855255,-0.0078807473
2022-12-06,INTC,-0.00056236982,0.011946201,-0.010835946
2022-12-06,MSFT,-0.00080007315,0.012529135,-0.010351181
2022-12-06,NKE,-0.0063834786,0.014436126,-0.0085856915
2022-12-06,VZ,-0.0025889874,0.010958791,-0.0087820888
2022-12-06,WMT,-0.0017231703,0.008882761,-0.0072116852
2022-12-07,AAPL,-0.0014909506,0.012278318,-0.012982011
2022-12-07,AMGN,-0.0015653372,0.0085213184,-0.0092254877
2022-12-07,CRM,-0.0080631375,0.013781786,-0.012269795
2022-12-07,CSCO,-0.0024942756,0.0071402788,-0.011161268
2022-12-07,IBM,0.0015108585,0.0074375868,-0.00755018
2022-12-07,INTC,-0.0015813112,0.010091543,-0.010151565
2022-12-07,MSFT,-0.00098186731,0.0089316368,-0.010022461
2022-12-07,NKE,-0.0073769689,0.012384295,-0.0087767839
2022-12-07,VZ,-0.0054396987,0.010684013,-0.0088884234
2022-12-07,WMT,-0.0029912591,0.007429719,-0.0080942512
2022-12-08,AAPL,-0.0050313473,0.014468551,-0.01045841
2022-12-08,AMGN,0.0008995533,0.0085964203,-0.010659516
2022-12-08,CRM,-0.0062971711,0.012931943,-0.012343943
2022-12-08,CSCO,-0.0032109022,0.0082713366,-0.0096259117
2022-12-08,IBM,-0.0012492537,0.0087208748,-0.0072807074
2022-12-08,INTC,-0.0032727718,0.010403156,-0.0098827481
2022-12-08,MSFT,-0.0038466454,0.010864139,-0.0088776946
2022-12-08,NKE,-0.007419467,0.013584495,-0.008562088
2022-12-08,VZ,-0.0058205724,0.011222363,-0.0081628561
2022-12-08,WMT,-0.0054024458,0.0090551376,-0.0062278509
2022-12-09,AAPL,-0.0053747892,0.014451504,-0.012913704
2022-12-09,AMGN,-0.0016770363,0.0088602304,-0.010723233
2022-12-09,CRM,-0.012643874,0.015125275,-0.011404634
2022-12-09,CSCO,-0.0055626035,0.0087767839,-0.011403978
2022-12-09,IBM,-0.0014901757,0.0073267221,-0.0076045394
2022-12-09,INTC,-0.0030293465,0.010410666,-0.010230064
2022-12-09,MSFT,-0.005366087,0.010081768,-0.0088370442
2022-12-09,NKE,-0.0086690187,0.013258696,-0.0096011162
2022-12-09,VZ,-0.0051296949,0.010131359,-0.0092027187
2022-12-09,WMT,-0.001947403,0.0067825317,-0.0083249211
2022-12-12,AAPL,-0.0044415593,0.013216376,-0.016007721
2022-12-12,AMGN,-0.0041937232,0.0094722509,-0.010701597
2022-12-12,CRM,-0.010133505,0.014157295,-0.014008582
2022-12-12,CSCO,-0.005300343,0.0079687834,-0.012568831
2022-12-12,IBM,-0.00023818016,0.0069874525,-0.0092809796
2022-12-12,INTC,-0.0020892024,0.0099811554,-0.012855887
2022-12-12,MSFT,-0.0033763051,0.010184169,-0.011082351
2022-12-12,NKE,-0.0068280697,0.012515545,-0.010931611
2022-12-12,VZ,-0.0071668625,0.010712743,-0.010263145
2022-12-12,WMT,-0.0049726367,0.0085279942,-0.0079882741
2022-12-13,AAPL,-0.0028976798,0.013224602,-0.013143241
2022-12-13,AMGN,0.0023688078,0.008087039,-0.010831118
2022-12-13,CRM,-0.0055701733,0.013351321,-0.013793647
2022-12-13,CSCO,-0.0031781793,0.0081069469,-0.010626018
2022-12-13,IBM,-0.00010752678,0.00720644,-0.0076200366
2022-12-13,INTC,0.00034368038,0.0096137524,-0.011420727
2022-12-13,MSFT,-0.00094807148,0.0094261169,-0.010470986
2022-12-13,NKE,-0.0080606937,0.013138413,-0.0089800954
2022-12-13,VZ,-0.0050121546,0.011153936,-0.0096800327
2022-12-13,WMT,-0.005803287,0.0090451241,-0.0073959231
2022-12-14,AAPL,-0.0066673756,0.013834119,-0.01234293
2022-12-14,AMGN,-0.0014459491,0.0092295408,-0.011020124
2022-12-14,CRM,-0.018526018,0.019052386,-0.011494577
2022-12-14,CSCO,-0.0080525875,0.0098586082,-0.010962069
2022-12-14,IBM,-0.00047242641,0.0066484213,-0.0091362
2022-12-14,INTC,-0.0054177642,0.010115981,-0.010579526
2022-12-14,MSFT,-0.0047433972,0.0113132,-0.0095197558
2022-12-14,NKE,-0.0070377588,0.012534499,-0.010141134
2022-12-14,VZ,-0.0031619668,0.0091884136,-0.011211634
2022-12-14,WMT,0.0003246069,0.0060580969,-0.0093179941
2022-12-15,AAPL,-0.0044931173,0.014697075,-0.011423349
2022-12-15,AMGN,-0.0011616349,0.010332704,-0.0099932551
2022-12-15,CRM,-0.01529485,0.018467903,-0.011097491
2022-12-15,CSCO,-0.0032900572,0.0089328289,-0.009647429
2022-12-15,IBM,0.0019277334,0.006078124,-0.0081617236
2022-12-15,INTC,-0.001470983,0.01010406,-0.0090197325
2022-12-15,MSFT,-0.0027241707,0.0099406242,-0.0092311502
2022-12-15,NKE,-0.008936584,0.01382494,-0.0089863539
2022-12-15,VZ,-0.0018671751,0.0093963146,-0.009765923
2022-12-15,WMT,0.0010480881,0.0061686039,-0.0090427995
2022-12-16,AAPL,-0.0054159164,0.014137506,-0.012114644
2022-12-16,AMGN,-0.0031968355,0.010695696,-0.0090205669
2022-12-16,CRM,-0.0094701648,0.015720129,-0.011878908
2022-12-16,CSCO,-0.0050171018,0.0096926689,-0.010169506
2022-12-16,IBM,-0.0020791292,0.0086313486,-0.0068600178
2022-12-16,INTC,-0.0019206405,0.010188103,-0.010594785
2022-12-16,MSFT,-0.00039619207,0.010503411,-0.0088685155
2022-12-16,NKE,-0.01105237,0.014466166,-0.0084859133
2022-12-16,VZ,-0.0059626698,0.010950446,-0.0090988874
2022-12-16,WMT,-0.0036929846,0.008706212,-0.0067270994
2022-12-19,AAPL,-0.0086374879,0.015770435,-0.011136949
2022-12-19,AMGN,-0.00016117096,0.0087090731,-0.01127708
2022-12-19,CRM,-0.016377151,0.019627571,-0.011118412
2022-12-19,CSCO,-0.0076847672,0.010253787,-0.0097210407
2022-12-19,IBM,-0.00071924925,0.0085610151,-0.0075630546
2022-12-19,INTC,-0.0026806593,0.010843515,-0.010178208
2022-12-19,MSFT,-0.00443542,0.011580586,-0.0091738701
2022-12-19,NKE,-0.012428641,0.014963627,-0.0077924132
2022-12-19,VZ,-0.0048982501,0.010395527,-0.0087475777
2022-12-19,WMT,-0.0018907189,0.0075525045,-0.0079120398
2022-12-20,AAPL,-0.0023034215,0.012804985,-0.012120008
2022-12-20,AMGN,-0.0022687316,0.010304689,-0.0089226961
2022-12-20,CRM,-0.005439043,0.013135076,-0.014299333
2022-12-20,CSCO,-0.0019924045,0.0077550411,-0.010839343
2022-12-20,IBM,0.0010941029,0.0073719025,-0.0076437593
2022-12-20,INTC,0.00068747997,0.0081448555,-0.01158601
2022-12-20,MSFT,-0.0016983747,0.0083383322,-0.0099797249
2022-12-20,NKE,-0.0068823099,0.013010025,-0.0094715357
2022-12-20,VZ,-0.0043913722,0.0098081827,-0.0082418919
2022-12-20,WMT,-0.005279243,0.0086772442,-0.0069729686
2022-12-21,AAPL,-0.0046266317,0.013189793,-0.014876485
2022-12-21,AMGN,0.0017046928,0.0059617758,-0.013120532
2022-12-21,CRM,-0.012502551,0.015741944,-0.0137164
2022-12-21,CSCO,-0.0071272254,0.0071299076,-0.0116418
2022-12-21,IBM,-0.00051271915,0.0070132017,-0.008856833
2022-12-21,INTC,-0.0040582418,0.0089482069,-0.012162209
2022-12-21,MSFT,-0.0048306584,0.009853363,-0.0102669
2022-12-21,NKE,-0.0054426789,0.010978103,-0.011890829
2022-12-21,VZ,-0.0044283271,0.010229349,-0.010402441
2022-12-21,WMT,-0.0019074082,0.006380558,-0.0089516044
2022-12-22,AAPL,-0.0047217011,0.014265418,-0.011884272
2022-12-22,AMGN,0.0014345646,0.0083957911,-0.010208189
2022-12-22,CRM,-0.008269906,0.015323639,-0.012220621
2022-12-22,CSCO,-0.0024231076,0.0082058907,-0.010098755
2022-12-22,IBM,0.00050961971,0.0069190264,-0.0073820949
2022-12-22,INTC,-0.00087112188,0.010461092,-0.009878993
2022-12-22,MSFT,-0.0027188063,0.0095938444,-0.010336876
2022-12-22,NKE,-0.0063708425,0.013038754,-0.0086886883
2022-12-22,VZ,-0.0047930479,0.01121974,-0.008467555
2022-12-22,WMT,-0.0033278465,0.0078129768,-0.007724762
2022-12-23,AAPL,-0.0051636696,0.014026761,-0.01322031
2022-12-23,AMGN,-0.0056826472,0.010818839,-0.0092852712
2022-12-23,CRM,-0.0074242353,0.014820457,-0.012265801
2022-12-23,CSCO,-0.0031915903,0.0079814196,-0.011251509
2022-12-23,IBM,-4.9471855e-05,0.0064589977,-0.0084214211
2022-12-23,INTC,-0.00043427944,0.0089746714,-0.011504591
2022-12-23,MSFT,-0.0032202601,0.010047555,-0.0085863471
2022-12-23,NKE,-0.005431354,0.013405204,-0.010048866
2022-12-23,VZ,-0.0049827099,0.011401892,-0.0088156462
2022-12-23,WMT,-0.00074386597,0.0064071417,-0.0086310506
2022-12-27,AAPL,-0.003616631,0.01444149,-0.011519372
2022-12-27,AMGN,-0.0033445954,0.0094958544,-0.0088065267
2022-12-27,CRM,-0.013433635,0.016307592,-0.012894332
2022-12-27,CSCO,-0.0076414943,0.0087894201,-0.011597216
2022-12-27,IBM,-0.0042119622,0.00747931,-0.0090736747
2022-12-27,INTC,-0.0037233233,0.011264563,-0.010837317
2022-12-27,MSFT,-0.0043435097,0.010716796,-0.0099688172
2022-12-27,NKE,-0.0095279217,0.014754534,-0.010592699
2022-12-27,VZ,-0.007668376,0.011130691,-0.0083224773
2022-12-27,WMT,-0.0059276819,0.0088039637,-0.0066081285
2022-12-28,AAPL,-0.004190743,0.013688922,-0.01164037
2022-12-28,AMGN,-0.0016669035,0.010603905,-0.0085121989
2022-12-28,CRM,-0.010878503,0.017252326,-0.01415205
2022-12-28,CSCO,-0.0013952255,0.0096442699,-0.010178089
2022-12-28,IBM,0.00039482117,0.0074887276,-0.0070618987
2022-12-28,INTC,4.6133995e-05,0.010667324,-0.0087037683
2022-12-28,MSFT,-0.0010651946,0.011109948,-0.0069349408
2022-12-28,NKE,-0.0070901513,0.016048074,-0.0080392361
2022-12-28,VZ,-0.0012138486,0.009286046,-0.0085263848
2022-12-28,WMT,-0.0024843812,0.0070487261,-0.0067418218
2022-12-29,AAPL,-0.0082060695,0.013424993,-0.016811311
2022-12-29,AMGN,-0.0048947334,0.012493849,-0.0079647303
2022-12-29,CRM,-0.01761061,0.020474792,-0.017733455
2022-12-29,CSCO,-0.014960885,0.01265347,-0.011193514
2022-12-29,IBM,-0.0046467185,0.0084643364,-0.0092379451
2022-12-29,INTC,-0.0050606728,0.011758208,-0.012936771
2022-12-29,MSFT,-0.0051939487,0.012474895,-0.01233542
2022-12-29,NKE,-0.0086516738,0.013727903,-0.012807965
2022-12-29,VZ,-0.0062841177,0.010500073,-0.010515928
2022-12-29,WMT,-0.0075082779,0.010122061,-0.0078341365
2022-12-30,AAPL,-0.014874399,0.019807577,-0.0079365969
2022-12-30,AMGN,-0.010837674,0.016570091,-0.0055008531
2022-12-30,CRM,-0.012227654,0.023866296,-0.0123052
2022-12-30,CSCO,-0.011264324,0.018954754,-0.0081115961
2022-12-30,IBM,-0.0075773597,0.013746381,-0.0066186786
2022-12-30,INTC,-0.010362744,0.020180106,-0.0069657564
2022-12-30,MSFT,-0.0092381835,0.016798019,-0.0067961812
2022-12-30,NKE,-0.01425159,0.01780808,-0.0069203377
2022-12-30,VZ,-0.0097888708,0.015319228,-0.006999433
2022-12-30,WMT,-0.0068837404,0.013407111,-0.0061833858
2023-01-03,AAPL,0.0002477169,0.010888696,-0.011758089
2023-01-03,AMGN,-0.0021954775,0.009129405,-0.010693491
2023-01-03,CRM,-0.0043247342,0.011325359,-0.012972534
2023-01-03,CSCO,-0.0022627711,0.0075762272,-0.010962546
2023-01-03,IBM,0.0004696846,0.0071009398,-0.0057706833
2023-01-03,INTC,-0.0027183294,0.0093355179,-0.010218978
2023-01-03,MSFT,-0.0035941005,0.0087757111,-0.0083523989
2023-01-03,NKE,-0.0058244467,0.01017499,-0.0094013214
2023-01-03,VZ,-0.0043070316,0.0082308054,-0.0070869327
2023-01-03,WMT,-0.0028300881,0.0072957277,-0.0066539645
2023-01-04,AAPL,-0.010574102,0.016901612,-0.013736963
2023-01-04,AMGN,-0.01029712,0.012096405,-0.0086459517
2023-01-04,CRM,-0.022406518,0.018681645,-0.0088003278
2023-01-04,CSCO,-0.0058460236,0.0087608099,-0.011219203
2023-01-04,IBM,9.8705292e-05,0.0056816339,-0.0091966987
2023-01-04,INTC,-0.0041460991,0.0095293522,-0.0117836
2023-01-04,MSFT,-0.0080040693,0.010518432,-0.010825336
2023-01-04,NKE,-0.0074311495,0.011867762,-0.011126995
2023-01-04,VZ,-0.0043135881,0.0081973076,-0.0097913742
2023-01-04,WMT,0.00027894974,0.0056228638,-0.0098636746
2023-01-05,AAPL,-0.0021784902,0.012709737,-0.01795578
2023-01-05,AMGN,-0.0045044422,0.010786295,-0.01123935
2023-01-05,CRM,-0.013190567,0.016628265,-0.01289475
2023-01-05,CSCO,-0.0025404692,0.0089335442,-0.013617992
2023-01-05,IBM,0.00321877,0.0052065849,-0.0088706017
2023-01-05,INTC,0.0025242567,0.0092903376,-0.013621688
2023-01-05,MSFT,-0.0021239519,0.0087344646,-0.012832165
2023-01-05,NKE,-0.0085011721,0.012198448,-0.010532141
2023-01-05,VZ,-0.0011790991,0.0088460445,-0.011138916
2023-01-05,WMT,-0.0022445321,0.0069483519,-0.008957088
2023-01-06,AAPL,-0.0051574111,0.01447916,-0.011115074
2023-01-06,AMGN,-0.0021682978,0.010043621,-0.0085713863
2023-01-06,CRM,-0.0043520331,0.014384866,-0.012487352
2023-01-06,CSCO,-0.0038368106,0.0082961321,-0.010930419
2023-01-06,IBM,0.0026994944,0.0058270693,-0.0081602335
2023-01-06,INTC,0.002043128,0.010166049,-0.01161927
2023-01-06,MSFT,0.00095200539,0.010897756,-0.011075974
2023-01-06,NKE,-0.0056900382,0.014269233,-0.0091052651
2023-01-06,VZ,-0.0026082993,0.010186791,-0.0092074871
2023-01-06,WMT,-0.0033106804,0.008710742,-0.0071925521
2023-01-09,AAPL,-0.0038095713,0.014239788,-0.012058854
2023-01-09,AMGN,-0.0040697455,0.010645747,-0.0074388385
2023-01-09,CRM,-0.0055582523,0.012996197,-0.011670291
2023-01-09,CSCO,-0.0013210773,0.0065715313,-0.010432065
2023-01-09,IBM,0.0016719103,0.0067629814,-0.007599175
2023-01-09,INTC,-0.00032150745,0.009837985,-0.0097917318
2023-01-09,MSFT,-0.0015540123,0.0098559856,-0.0091999769
2023-01-09,NKE,-0.0044726729,0.013083577,-0.0082030296
2023-01-09,VZ,-0.0028694868,0.0097510815,-0.0090474486
2023-01-09,WMT,-0.00058579445,0.0064914227,-0.0078645349
2023-01-10,AAPL,-0.0031666756,0.013000131,-0.012193978
2023-01-10,AMGN,-0.0033899546,0.0088989735,-0.0092920065
2023-01-10,CRM,-0.0040163994,0.0085519552,-0.011600673
2023-01-10,CSCO,-0.0012675524,0.0059837103,-0.010159731
2023-01-10,IBM,-3.2484531e-05,0.0065761805,-0.0067717433
2023-01-10,INTC,-0.00098484755,0.0089015961,-0.010167003
2023-01-10,MSFT,-0.002750814,0.0085157156,-0.0080008507
2023-01-10,NKE,-0.0055241585,0.012250781,-0.0086232424
2023-01-10,VZ,-0.0060372353,0.0097334385,-0.0074653625
2023-01-10,WMT,-0.0067921877,0.0088915825,-0.0058860779
2023-01-11,AAPL,-0.0064816475,0.014919162,-0.014946759
2023-01-11,AMGN,-0.002943635,0.0088324547,-0.011402428
2023-01-11,CRM,-0.013008714,0.012820125,-0.011042953
2023-01-11,CSCO,-0.0060377121,0.0074859858,-0.011220098
2023-01-11,IBM,-0.00054317713,0.0063747168,-0.0078630447
2023-01-11,INTC,-0.00333637,0.0084887743,-0.010687113
2023-01-11,MSFT,-0.0064657927,0.0099294186,-0.010084867
2023-01-11,NKE,-0.0058720112,0.012673736,-0.010140181
2023-01-11,VZ,-0.0051721334,0.009201169,-0.0095201135
2023-01-11,WMT,-0.0026401877,0.0061662197,-0.0083031058
2023-01-12,AAPL,-0.0039300323,0.014577627,-0.01496017
2023-01-12,AMGN,-0.0076547265,0.011647344,-0.0090105534
2023-01-12,CRM,-0.012883723,0.013532758,-0.010496616
2023-01-12,CSCO,-0.0029444695,0.00730896,-0.012336731
2023-01-12,IBM,0.0027496815,0.0053265095,-0.0086750388
2023-01-12,INTC,0.0011808872,0.0081856251,-0.011860251
2023-01-12,MSFT,-0.001502037,0.0084155798,-0.011278868
2023-01-12,NKE,-0.0079926848,0.013332844,-0.0093466043
2023-01-12,VZ,-0.0044869781,0.0091879368,-0.0099177957
2023-01-12,WMT,-0.0036427975,0.0068356991,-0.0079776049
2023-01-13,AAPL,-0.0043659806,0.01350224,-0.014473915
2023-01-13,AMGN,-0.0033636093,0.0098866224,-0.010215938
2023-01-13,CRM,-0.011470556,0.014544725,-0.01289475
2023-01-13,CSCO,-0.0034281611,0.0069532394,-0.011782289
2023-01-13,IBM,0.0012408495,0.0060181618,-0.0078365803
2023-01-13,INTC,0.00076270103,0.0090469122,-0.011961043
2023-01-13,MSFT,-0.0027775168,0.0088511705,-0.010751724
2023-01-13,NKE,-0.0084338784,0.013630033,-0.0089553595
2023-01-13,VZ,-0.0049415231,0.0099534988,-0.010261118
2023-01-13,WMT,-0.0043213367,0.0079863071,-0.0078697205
2023-01-17,AAPL,-0.0068362951,0.014896154,-0.013472497
2023-01-17,AMGN,5.0902367e-05,0.0096894503,-0.011143267
2023-01-17,CRM,-0.013140798,0.016942739,-0.012180686
2023-01-17,CSCO,-0.0054585338,0.0081855059,-0.011008143
2023-01-17,IBM,1.001358e-05,0.0061188936,-0.0082258582
2023-01-17,INTC,-0.00099718571,0.0092458725,-0.010639727
2023-01-17,MSFT,-0.0025815964,0.010475755,-0.010450125
2023-01-17,NKE,-0.0070933104,0.012460589,-0.009365797
2023-01-17,VZ,-0.0035231113,0.010153651,-0.010402799
2023-01-17,WMT,-0.0015271306,0.0071303844,-0.0082061887
2023-01-18,AAPL,-0.0059676766,0.015259147,-0.013845384
2023-01-18,AMGN,-0.00096917152,0.0095809698,-0.011202097
2023-01-18,CRM,-0.014433265,0.016715765,-0.012265921
2023-01-18,CSCO,-0.0059638023,0.0077130795,-0.011184633
2023-01-18,IBM,0.00037121773,0.0062769651,-0.0086615682
2023-01-18,INTC,-0.0022822022,0.0082571507,-0.010522962
2023-01-18,MSFT,-0.0032445788,0.0097193718,-0.010213733
2023-01-18,NKE,-0.0075780749,0.011902332,-0.009251833
2023-01-18,VZ,-0.004199326,0.0097792149,-0.0096985698
2023-01-18,WMT,-0.00013124943,0.0061876774,-0.0091936588
2023-01-19,AAPL,-0.0065038204,0.016426206,-0.010813117
2023-01-19,AMGN,-0.003505528,0.0098741055,-0.009434104
2023-01-19,CRM,-0.013490975,0.01693964,-0.010718465
2023-01-19,CSCO,-0.0041521192,0.0093020201,-0.010354996
2023-01-19,IBM,-0.00109303,0.0075862408,-0.0074692369
2023-01-19,INTC,-0.0022933483,0.0098884106,-0.0099698305
2023-01-19,MSFT,-0.0043793321,0.010469079,-0.0093256831
2023-01-19,NKE,-0.0089304447,0.0137254,-0.0091997981
2023-01-19,VZ,-0.0058071017,0.010675788,-0.0088151693
2023-01-19,WMT,-0.001262486,0.0074397326,-0.0083284378
2023-01-20,AAPL,-0.0051730275,0.01442194,-0.011741161
2023-01-20,AMGN,-0.0010358095,0.010162234,-0.010410309
2023-01-20,CRM,-0.0080344677,0.012687325,-0.012115955
2023-01-20,CSCO,-0.001282692,0.0069669485,-0.010494709
2023-01-20,IBM,0.0015125275,0.0070096254,-0.0070049167
2023-01-20,INTC,-0.00064110756,0.0086832047,-0.0091180801
2023-01-20,MSFT,-0.0016394854,0.010300159,-0.0086240768
2023-01-20,NKE,-0.0087546706,0.013118505,-0.0073807836
2023-01-20,VZ,-0.0054862499,0.010326862,-0.008076489
2023-01-20,WMT,-0.0012372136,0.0063388348,-0.0080450773
2023-01-23,AAPL,-0.0031026602,0.01346314,-0.01668942
2023-01-23,AMGN,-0.0048163533,0.010828257,-0.010388076
2023-01-23,CRM,-0.0077728629,0.01178205,-0.013651848
2023-01-23,CSCO,-0.0039764643,0.0060497522,-0.012738049
2023-01-23,IBM,-0.00087732077,0.0066133738,-0.0088942647
2023-01-23,INTC,0.0013571978,0.0075535774,-0.013387561
2023-01-23,MSFT,-0.0018881559,0.0091549158,-0.011723161
2023-01-23,NKE,-0.0058912635,0.011714935,-0.011377394
2023-01-23,VZ,-0.007194519,0.010238886,-0.0089425445
2023-01-23,WMT,-0.0079429746,0.0096632242,-0.0071592927
2023-01-24,AAPL,-0.0064326525,0.014542937,-0.015317261
2023-01-24,AMGN,9.4652176e-05,0.0088121891,-0.012029767
2023-01-24,CRM,-0.013308167,0.014752746,-0.012238145
2023-01-24,CSCO,-0.0043660998,0.007848978,-0.012255669
2023-01-24,IBM,0.00059688091,0.0062035322,-0.008777082
2023-01-24,INTC,3.9815903e-05,0.0093200207,-0.012902796
2023-01-24,MSFT,-0.0036308765,0.0094100237,-0.011473894
2023-01-24,NKE,-0.0055359602,0.012323618,-0.010685325
2023-01-24,VZ,-0.0036226511,0.0098538399,-0.010352612
2023-01-24,WMT,-0.002058506,0.0073606968,-0.0087012649
2023-01-25,AAPL,-0.0035814643,0.014466643,-0.011152148
2023-01-25,AMGN,-0.0024858117,0.010085106,-0.0093309283
2023-01-25,CRM,-0.0057964921,0.012613416,-0.010901332
2023-01-25,CSCO,0.00027954578,0.0082304478,-0.010104477
2023-01-25,IBM,0.0017734766,0.0067226887,-0.0065534711
2023-01-25,INTC,0.00049364567,0.0097793341,-0.0096473694
2023-01-25,MSFT,0.00016844273,0.0094741583,-0.010372698
2023-01-25,NKE,-0.0055972934,0.014142156,-0.007891655
2023-01-25,VZ,-0.0044458508,0.010927439,-0.0084941387
2023-01-25,WMT,-0.0012352467,0.0071748495,-0.0078570247
2023-01-26,AAPL,-0.002055347,0.013754487,-0.011754036
2023-01-26,AMGN,-0.0058999658,0.011015177,-0.0099873543
2023-01-26,CRM,-0.0074641109,0.012130618,-0.010461092
2023-01-26,CSCO,-0.0022462606,0.0070905685,-0.010736883
2023-01-26,IBM,-0.0011949539,0.0075582266,-0.007532239
2023-01-26,INTC,-0.0014544725,0.008962512,-0.0098240376
2023-01-26,MSFT,-0.0033462048,0.010338426,-0.0089555383
2023-01-26,NKE,-0.0077855587,0.01455617,-0.0089175105
2023-01-26,VZ,-0.00507617,0.0096545219,-0.0084103942
2023-01-26,WMT,-0.0036776066,0.0073596239,-0.0073128343
2023-01-27,AAPL,-0.0036433339,0.013801932,-0.013411045
2023-01-27,AMGN,-0.0049453974,0.010708809,-0.010626495
2023-01-27,CRM,-0.017796576,0.015938759,-0.011813283
2023-01-27,CSCO,-0.0063096285,0.0086426735,-0.012251794
2023-01-27,IBM,-2.9444695e-05,0.0061712265,-0.0087172389
2023-01-27,INTC,-0.0043575764,0.010650039,-0.010857999
2023-01-27,MSFT,-0.0046769381,0.010016203,-0.010177672
2023-01-27,NKE,-0.0092416406,0.014345765,-0.01096946
2023-01-27,VZ,-0.0065532923,0.0088735819,-0.0089460015
2023-01-27,WMT,-0.0023956895,0.0070638657,-0.0077767968
2023-01-30,AAPL,-0.0022299886,0.012573719,-0.017284811
2023-01-30,AMGN,-0.0091152191,0.014137387,-0.0079369545
2023-01-30,CRM,-0.0110448,0.015033245,-0.014859438
2023-01-30,CSCO,0.0012534857,0.0079215765,-0.013393044
2023-01-30,IBM,0.0027570724,0.0057282448,-0.0088530779
2023-01-30,INTC,0.00064110756,0.0088316202,-0.012678146
2023-01-30,MSFT,-0.00013130903,0.010239601,-0.0098391175
2023-01-30,NKE,-0.0057777166,0.013964772,-0.011538208
2023-01-30,VZ,-0.0021083951,0.0078850985,-0.0099697709
2023-01-30,WMT,-0.0037252903,0.0073339939,-0.0080455542
2023-01-31,AAPL,-0.0099580288,0.015244126,-0.018917322
2023-01-31,AMGN,-0.0048201084,0.013176441,-0.0097341537
2023-01-31,CRM,-0.015168011,0.021678686,-0.017603755
2023-01-31,CSCO,-0.014328182,0.013871908,-0.01248312
2023-01-31,IBM,-0.0022088885,0.0071531534,-0.0097138286
2023-01-31,INTC,-0.0030219555,0.01216507,-0.014300585
2023-01-31,MSFT,-0.0044529438,0.013237,-0.012040615
2023-01-31,NKE,-0.0073322654,0.014123321,-0.014033496
2023-01-31,VZ,-0.0056601763,0.0098925829,-0.01246202
2023-01-31,WMT,-0.005654335,0.009701252,-0.0088100433
2023-02-01,AAPL,-0.0078275204,0.016223192,-0.0098628402
2023-02-01,AMGN,-0.0060878396,0.015591264,-0.0069423318
2023-02-01,CRM,-0.0018355846,0.019688845,-0.01357621
2023-02-01,CSCO,-0.0056718588,0.015747309,-0.0088415742
2023-02-01,IBM,-0.0025137067,0.010722518,-0.0069074035
2023-02-01,INTC,-0.0040433407,0.016816258,-0.0091921687
2023-02-01,MSFT,-0.0033545494,0.014801621,-0.0086887479
2023-02-01,NKE,-0.0090175867,0.016082644,-0.0073131919
2023-02-01,VZ,-0.0064156651,0.013515234,-0.0073915124
2023-02-01,WMT,-0.0049569011,0.012157559,-0.0060727
2023-02-02,AAPL,-0.0028669834,0.012586355,-0.01101321
2023-02-02,AMGN,-0.0037744045,0.0096566677,-0.010037482
2023-02-02,CRM,-0.0088044405,0.0130651,-0.012310922
2023-02-02,CSCO,-0.0044342875,0.0086364746,-0.010246992
2023-02-02,IBM,-0.0025488734,0.0074288845,-0.006087184
2023-02-02,INTC,-0.0053549409,0.010300398,-0.0096508265
2023-02-02,MSFT,-0.0054818392,0.0098288059,-0.0080072284
2023-02-02,NKE,-0.0072833896,0.011366963,-0.0088162422
2023-02-02,VZ,-0.0056968927,0.0085533857,-0.0067884326
2023-02-02,WMT,-0.002723515,0.0074510574,-0.0074651241
2023-02-03,AAPL,-0.0052732825,0.014233828,-0.013773322
2023-02-03,AMGN,-0.012233198,0.012418628,-0.0063358545
2023-02-03,CRM,-0.0089700222,0.011377454,-0.011476159
2023-02-03,CSCO,-0.0023750067,0.0076383352,-0.01172328
2023-02-03,IBM,0.0030550957,0.0057071447,-0.0094951987
2023-02-03,INTC,0.00079154968,0.0086150169,-0.013175726
2023-02-03,MSFT,-0.0028625727,0.0094804764,-0.011794865
2023-02-03,NKE,-0.0031086802,0.011014938,-0.011011422
2023-02-03,VZ,-0.0041760206,0.0087332726,-0.0096532702
2023-02-03,WMT,-0.0039756894,0.0079660416,-0.0083189607
2023-02-06,AAPL,-0.0002348423,0.012872577,-0.013423502
2023-02-06,AMGN,-0.0028899908,0.0096160173,-0.0091382265
2023-02-06,CRM,-0.0030943155,0.010228038,-0.011097312
2023-02-06,CSCO,-0.0020238161,0.0079132318,-0.012393534
2023-02-06,IBM,0.0017126799,0.0057353973,-0.007294178
2023-02-06,INTC,0.003352046,0.0095440149,-0.011838675
2023-02-06,MSFT,-0.0015648007,0.0089421272,-0.011752725
2023-02-06,NKE,-0.006454885,0.011771798,-0.0092166066
2023-02-06,VZ,-0.0040796995,0.0092287064,-0.008590579
2023-02-06,WMT,-0.0040299296,0.0088101625,-0.0075243115
2023-02-07,AAPL,-0.0045087934,0.013210893,-0.011654496
2023-02-07,AMGN,-0.0032981634,0.0086891651,-0.0089483261
2023-02-07,CRM,-0.0037935972,0.011583567,-0.01184845
2023-02-07,CSCO,-0.0025532246,0.0069072247,-0.010682702
2023-02-07,IBM,0.0016143322,0.0064891577,-0.0078063607
2023-02-07,INTC,4.7445297e-05,0.0097866058,-0.010332644
2023-02-07,MSFT,-0.00097501278,0.01025176,-0.010857403
2023-02-07,NKE,-0.0053237081,0.012584209,-0.0088536143
2023-02-07,VZ,-0.0035765767,0.0098297596,-0.0080510378
2023-02-07,WMT,-0.0010864139,0.0064283609,-0.0079555511
2023-02-08,AAPL,-0.0027564764,0.013574958,-0.013155878
2023-02-08,AMGN,-0.0033900738,0.0092946291,-0.0095610023
2023-02-08,CRM,-0.0080706477,0.011924028,-0.012007833
2023-02-08,CSCO,-0.0039125085,0.0061342716,-0.011189997
2023-02-08,IBM,0.00044059753,0.0069254637,-0.0073381066
2023-02-08,INTC,-0.00057792664,0.0080909729,-0.01192832
2023-02-08,MSFT,-0.0026553869,0.0097914934,-0.010142148
2023-02-08,NKE,-0.0062091351,0.012343645,-0.0089886785
2023-02-08,VZ,-0.0057636499,0.0099744797,-0.0084837675
2023-02-08,WMT,-0.0056230426,0.0090755224,-0.0068532228
2023-02-09,AAPL,-0.0011847615,0.013625383,-0.014508903
2023-02-09,AMGN,-0.0074856877,0.011365771,-0.0084022284
2023-02-09,CRM,-0.0067648292,0.011299014,-0.011524677
2023-02-09,CSCO,-0.0016037226,0.0066273212,-0.011177242
2023-02-09,IBM,0.0022321939,0.0063824654,-0.007722497
2023-02-09,INTC,0.0017414093,0.0083934069,-0.011795938
2023-02-09,MSFT,-0.002969563,0.0088956356,-0.010002911
2023-02-09,NKE,-0.0046482086,0.012043953,-0.0092868209
2023-02-09,VZ,-0.0049030185,0.0090686083,-0.0082862377
2023-02-09,WMT,-0.0033518672,0.0076489449,-0.0082535744
2023-02-10,AAPL,-0.0038365126,0.013255954,-0.015486002
2023-02-10,AMGN,-0.005417645,0.010044813,-0.010843277
2023-02-10,CRM,-0.013463616,0.014095068,-0.01141274
2023-02-10,CSCO,-0.0057288408,0.0062958002,-0.012482584
2023-02-10,IBM,-0.00043255091,0.0062887669,-0.0083271861
2023-02-10,INTC,-0.0014154315,0.0083793402,-0.012263417
2023-02-10,MSFT,-0.0045077801,0.0087183714,-0.011426508
2023-02-10,NKE,-0.0077467561,0.01254952,-0.011384249
2023-02-10,VZ,-0.0054571629,0.010291457,-0.0092019439
2023-02-10,WMT,-0.0039208531,0.0085502863,-0.0080752969
2023-02-13,AAPL,-0.0039631128,0.014471292,-0.012654066
2023-02-13,AMGN,-0.0041073561,0.010732293,-0.0099616647
2023-02-13,CRM,-0.0074366331,0.012711883,-0.010623932
2023-02-13,CSCO,-0.0010458231,0.0065783262,-0.010482132
2023-02-13,IBM,0.0029708147,0.0058755875,-0.0074626207
2023-02-13,INTC,0.0028299093,0.0080875158,-0.011264145
2023-02-13,MSFT,-0.00016331673,0.0084811449,-0.010968089
2023-02-13,NKE,-0.0071021914,0.013380289,-0.0087460876
2023-02-13,VZ,-0.0037018061,0.0095504522,-0.008724153
2023-02-13,WMT,-0.00094592571,0.006670475,-0.0085458755
2023-02-14,AAPL,-0.0020003319,0.011827826,-0.015217781
2023-02-14,AMGN,-0.0048156381,0.010749102,-0.010481358
2023-02-14,CRM,-0.011763155,0.013543725,-0.012595057
2023-02-14,CSCO,-0.0039129853,0.0067192316,-0.01121968
2023-02-14,IBM,0.00055503845,0.0061340332,-0.0074259639
2023-02-14,INTC,0.00046789646,0.0076549053,-0.011598468
2023-02-14,MSFT,-0.00054144859,0.0088096857,-0.010899127
2023-02-14,NKE,-0.0068247914,0.01260376,-0.0094627142
2023-02-14,VZ,-0.0051985383,0.0096879005,-0.0091159344
2023-02-14,WMT,-0.0045921803,0.0079883337,-0.006872654
2023-02-15,AAPL,-0.0036267638,0.014677525,-0.013012171
2023-02-15,AMGN,-0.0051424503,0.010297894,-0.0092389584
2023-02-15,CRM,-0.016726673,0.016994596,-0.011135697
2023-02-15,CSCO,-0.0054835081,0.0077000856,-0.011882842
2023-02-15,IBM,0.0026049614,0.005218029,-0.0090377927
2023-02-15,INTC,0.00053572655,0.0083755255,-0.011783302
2023-02-15,MSFT,-0.0024778247,0.0091776848,-0.010698974
2023-02-15,NKE,-0.0081074238,0.012577295,-0.010018349
2023-02-15,VZ,-0.0015651584,0.0087251663,-0.010454714
2023-02-15,WMT,-0.0013301373,0.0061717033,-0.0086194873
2023-02-16,AAPL,-0.0064418912,0.014704943,-0.01248014
2023-02-16,AMGN,-0.0035415888,0.011491179,-0.0095803142
2023-02-16,CRM,-0.014683545,0.018663049,-0.010003567
2023-02-16,CSCO,-0.0046634078,0.0088933706,-0.011199474
2023-02-16,IBM,0.0013216734,0.0056698322,-0.0079841018
2023-02-16,INTC,-0.0008789897,0.0089968443,-0.010089874
2023-02-16,MSFT,-0.0034381747,0.010119438,-0.0095123053
2023-02-16,NKE,-0.0084722638,0.013715863,-0.0086469054
2023-02-16,VZ,-0.0019968748,0.0093308687,-0.0099948049
2023-02-16,WMT,-0.00065672398,0.0062469244,-0.008757174
2023-02-17,AAPL,-0.0042027235,0.014081955,-0.012257457
2023-02-17,AMGN,-0.0024994016,0.0091173649,-0.010256231
2023-02-17,CRM,-0.0054993033,0.013524532,-0.013724983
2023-02-17,CSCO,-0.0025553107,0.0073752403,-0.010891259
2023-02-17,IBM,0.00093173981,0.0063842535,-0.0079278946
2023-02-17,INTC,0.00071823597,0.0079501867,-0.011052787
2023-02-17,MSFT,-0.00037097931,0.0095947981,-0.010261893
2023-02-17,NKE,-0.006934166,0.012067199,-0.0086473823
2023-02-17,VZ,-0.0034857988,0.0097309351,-0.0089172721
2023-02-17,WMT,-0.0036635995,0.0075184107,-0.0075557828
2023-02-21,AAPL,-0.0057778955,0.014523029,-0.012112498
2023-02-21,AMGN,-0.002096653,0.0080443621,-0.010429263
2023-02-21,CRM,-0.011165619,0.014203429,-0.012042463
2023-02-21,CSCO,-0.0041610003,0.0073262453,-0.010029376
2023-02-21,IBM,-0.00083470345,0.0071518421,-0.0070286989
2023-02-21,INTC,-0.00065755844,0.0087544918,-0.010995567
2023-02-21,MSFT,-0.0044597387,0.0095560551,-0.0093150735
2023-02-21,NKE,-0.0069109797,0.012767196,-0.0090165138
2023-02-21,VZ,-0.0040051937,0.009766221,-0.0089167356
2023-02-21,WMT,-0.0026546121,0.0061205626,-0.0080680251
2023-02-22,AAPL,-0.0028720498,0.0141716,-0.01150918
2023-02-22,AMGN,-0.0045121908,0.010062575,-0.0091478229
2023-02-22,CRM,-0.0088577867,0.010840654,-0.0099895597
2023-02-22,CSCO,6.1273575e-05,0.0063922405,-0.011175334
2023-02-22,IBM,0.001883626,0.0061974525,-0.0073634386
2023-02-22,INTC,0.0020499229,0.0070574284,-0.010853529
2023-02-22,MSFT,-0.00147295,0.0083715916,-0.0099571347
2023-02-22,NKE,-0.0066840053,0.012120962,-0.008544147
2023-02-22,VZ,-0.0031048059,0.0090061426,-0.0085625052
2023-02-22,WMT,-0.0024774075,0.0068143606,-0.0077872872
2023-02-23,AAPL,-0.0042902827,0.013467073,-0.01585573
2023-02-23,AMGN,-0.0034664273,0.010272026,-0.011266887
2023-02-23,CRM,-0.011637032,0.013213038,-0.010752797
2023-02-23,CSCO,-0.0032996535,0.0058691502,-0.01230526
2023-02-23,IBM,0.0020020008,0.0056525469,-0.0085152984
2023-02-23,INTC,-0.00096827745,0.0076916218,-0.011996567
2023-02-23,MSFT,-0.0036254525,0.010130167,-0.010639787
2023-02-23,NKE,-0.005176127,0.011600137,-0.010277212
2023-02-23,VZ,-0.0033583045,0.0084900856,-0.0098404884
2023-02-23,WMT,-0.00081902742,0.0055311918,-0.0093137622
2023-02-24,AAPL,-0.0047113895,0.014119029,-0.014847636
2023-02-24,AMGN,-0.0051476955,0.010972619,-0.0094301701
2023-02-24,CRM,-0.011313558,0.014296055,-0.0091450214
2023-02-24,CSCO,-0.0036222935,0.0073167086,-0.012458801
2023-02-24,IBM,0.0017387867,0.0059683323,-0.0083332062
2023-02-24,INTC,0.0011109114,0.0078681707,-0.012500763
2023-02-24,MSFT,-0.003412962,0.009134531,-0.010672569
2023-02-24,NKE,-0.0074701309,0.013021111,-0.010746956
2023-02-24,VZ,-0.0045138597,0.009154439,-0.010974288
2023-02-24,WMT,-0.0020908117,0.0065542459,-0.0082577467
2023-02-27,AAPL,-0.0045644045,0.014026761,-0.011945784
2023-02-27,AMGN,-0.0074381232,0.012240648,-0.0098583698
2023-02-27,CRM,-0.0071797967,0.012222886,-0.0094633698
2023-02-27,CSCO,-0.00021064281,0.0062385798,-0.010776281
2023-02-27,IBM,0.0014609098,0.0057023764,-0.0080438256
2023-02-27,INTC,0.0021793842,0.0083875656,-0.010628164
2023-02-27,MSFT,-0.0017952919,0.0095658302,-0.010469317
2023-02-27,NKE,-0.0068538189,0.014530182,-0.008467555
2023-02-27,VZ,-0.0050117373,0.0093991756,-0.0086422563
2023-02-27,WMT,-0.0020948648,0.0068957806,-0.0077328682
2023-02-28,AAPL,-0.0039507151,0.013967633,-0.011255383
2023-02-28,AMGN,-0.0055265427,0.01068604,-0.010061622
2023-02-28,CRM,-0.011472762,0.013096809,-0.012264192
2023-02-28,CSCO,-0.0044528842,0.0069652796,-0.011902094
2023-02-28,IBM,-0.00033557415,0.0053799152,-0.0082113147
2023-02-28,INTC,-0.0018767118,0.0096210241,-0.011095166
2023-02-28,MSFT,-0.0030883551,0.0093518496,-0.010124087
2023-02-28,NKE,-0.0068297386,0.014033437,-0.010256827
2023-02-28,VZ,-0.006459713,0.0091042519,-0.0088005066
2023-02-28,WMT,-0.0035942793,0.0081138611,-0.007352829
2023-03-01,AAPL,-0.0053375363,0.014813304,-0.015254796
2023-03-01,AMGN,-0.0070462823,0.012959003,-0.0096324682
2023-03-01,CRM,-0.013620198,0.015499353,-0.01347661
2023-03-01,CSCO,-0.0020124316,0.0073521137,-0.012183964
2023-03-01,IBM,0.0014663935,0.0056502819,-0.0084241033
2023-03-01,INTC,-0.0032263994,0.0082440376,-0.01169008
2023-03-01,MSFT,-0.0029168129,0.010764122,-0.009082377
2023-03-01,NKE,-0.0043559074,0.013070464,-0.011505842
2023-03-01,VZ,-0.0019235611,0.007491827,-0.010186374
2023-03-01,WMT,-0.00099080801,0.005969882,-0.0091661811
2023-03-02,AAPL,-0.0076181293,0.013939142,-0.022642851
2023-03-02,AMGN,-0.0031047463,0.012856126,-0.011536777
2023-03-02,CRM,-0.017169476,0.01914072,-0.016859293
2023-03-02,CSCO,-0.011946261,0.012466788,-0.01382041
2023-03-02,IBM,-0.0020776391,0.0062839985,-0.010639668
2023-03-02,INTC,-0.00039154291,0.010417342,-0.016308129
2023-03-02,MSFT,-0.0042998195,0.011353612,-0.013866723
2023-03-02,NKE,-0.0059555769,0.012373567,-0.014417827
2023-03-02,VZ,-0.0048808455,0.0094391108,-0.013069749
2023-03-02,WMT,-0.0063624978,0.0094997883,-0.0091853738
2023-03-03,AAPL,-0.0099791288,0.017555594,-0.010446072
2023-03-03,AMGN,-0.0052716732,0.014862061,-0.0077819824
2023-03-03,CRM,-0.0066534877,0.021246552,-0.012762308
2023-03-03,CSCO,-0.0066440105,0.016242027,-0.0088893771
2023-03-03,IBM,-0.0019364357,0.010949492,-0.0068807602
2023-03-03,INTC,-0.0033265352,0.016323924,-0.0099086761
2023-03-03,MSFT,-0.0047296882,0.015076876,-0.0091654658
2023-03-03,NKE,-0.0099479556,0.016849399,-0.0076363087
2023-03-03,VZ,-0.0062568784,0.013178825,-0.0078587532
2023-03-03,WMT,-0.0037847757,0.012528658,-0.0063332915
2023-03-06,AAPL,0.00018942356,0.0088623762,-0.011046588
2023-03-06,AMGN,-0.0036666989,0.0087219477,-0.0080189705
2023-03-06,CRM,0.0013972521,0.009940505,-0.014091372
2023-03-06,CSCO,-0.000246346,0.0061074495,-0.0099825263
2023-03-06,IBM,0.0010919571,0.0060625076,-0.0063276887
2023-03-06,INTC,-0.00015866756,0.007692337,-0.0089222193
2023-03-06,MSFT,-0.0022951365,0.0067523718,-0.0080361366
2023-03-06,NKE,-0.00084203482,0.0083460808,-0.0083907843
2023-03-06,VZ,-0.0032793283,0.0071117878,-0.0075209737
2023-03-06,WMT,-0.0021845102,0.0063822269,-0.0058974028
2023-03-07,AAPL,-0.008939147,0.013678312,-0.01146847
2023-03-07,AMGN,-0.0071006417,0.0082553625,-0.007869482
2023-03-07,CRM,-0.0090049505,0.01069653,-0.0093266964
2023-03-07,CSCO,-0.0080752373,0.0078728199,-0.0096176863
2023-03-07,IBM,-0.0027521253,0.006888032,-0.0066161752
2023-03-07,INTC,-0.0059096217,0.0096336603,-0.010230422
2023-03-07,MSFT,-0.0094320774,0.010031104,-0.0093226433
2023-03-07,NKE,-0.0046209097,0.0091593266,-0.010172129
2023-03-07,VZ,-0.0075404048,0.0087817907,-0.0068154931
2023-03-07,WMT,-0.0067917705,0.008202672,-0.0065074563
2023-03-08,AAPL,-0.0058676004,0.014409304,-0.012408495
2023-03-08,AMGN,-0.0070531368,0.010615468,-0.007410109
2023-03-08,CRM,-0.0083344579,0.012436152,-0.0092659593
2023-03-08,CSCO,-0.0022280812,0.0080996752,-0.01095438
2023-03-08,IBM,0.0018196106,0.0058418512,-0.0066131949
2023-03-08,INTC,0.0012024641,0.009429574,-0.0095036626
2023-03-08,MSFT,-0.004389286,0.0078552961,-0.008864224
2023-03-08,NKE,-0.0065132976,0.011067271,-0.0072208047
2023-03-08,VZ,-0.0016263723,0.0078405142,-0.008772552
2023-03-08,WMT,-0.00072944164,0.0057821274,-0.008014679
2023-03-09,AAPL,-0.00024700165,0.012348652,-0.011760771
2023-03-09,AMGN,-0.0070830584,0.0097668171,-0.0060588717
2023-03-09,CRM,-0.002361834,0.0086780787,-0.010856152
2023-03-09,CSCO,0.00010669231,0.0058406591,-0.010456145
2023-03-09,IBM,0.00070369244,0.0053708553,-0.0061852932
2023-03-09,INTC,0.0041047335,0.0076793432,-0.010099888
2023-03-09,MSFT,0.00016391277,0.0073097944,-0.0088857412
2023-03-09,NKE,-0.0042061806,0.011399031,-0.0071686506
2023-03-09,VZ,-0.0038368702,0.0085113049,-0.0064028502
2023-03-09,WMT,-0.0055347085,0.0082783699,-0.0057508349
2023-03-10,AAPL,-0.0046431422,0.013727427,-0.010779381
2023-03-10,AMGN,-0.0038143992,0.0098897219,-0.0081811547
2023-03-10,CRM,-0.0064458847,0.011720538,-0.010927856
2023-03-10,CSCO,-0.0018523335,0.0055165291,-0.010845065
2023-03-10,IBM,0.00028371811,0.0056705475,-0.0064505339
2023-03-10,INTC,-3.2544136e-05,0.0082281828,-0.0094763041
2023-03-10,MSFT,-0.0024815798,0.0086708069,-0.0086919069
2023-03-10,NKE,-0.0062892437,0.012176394,-0.007442832
2023-03-10,VZ,-0.0038203597,0.0084239244,-0.0083060265
2023-03-10,WMT,-0.0024586916,0.0062891245,-0.0076204538
2023-03-13,AAPL,-0.0066875815,0.014320016,-0.013533711
2023-03-13,AMGN,-0.010196924,0.012264967,-0.0065387487
2023-03-13,CRM,-0.0073302984,0.010805011,-0.010815322
2023-03-13,CSCO,-0.0035815239,0.0069984198,-0.010825574
2023-03-13,IBM,-0.00041586161,0.0063210726,-0.006193459
2023-03-13,INTC,-0.00084018707,0.0082507133,-0.010051727
2023-03-13,MSFT,-0.0038416386,0.0084517002,-0.0092633367
2023-03-13,NKE,-0.0062340498,0.011533737,-0.0085579753
2023-03-13,VZ,-0.0051617622,0.0092164278,-0.0082181692
2023-03-13,WMT,-0.0068644285,0.0079977512,-0.0068719387
2023-03-14,AAPL,-0.006706059,0.014820695,-0.01593858
2023-03-14,AMGN,-0.0046284199,0.0087350607,-0.0099939108
2023-03-14,CRM,-0.0088846087,0.01091361,-0.012840927
2023-03-14,CSCO,-0.0054631829,0.006324172,-0.011387289
2023-03-14,IBM,-0.00064873695,0.0062497854,-0.0076663494
2023-03-14,INTC,-0.0010374188,0.0084552765,-0.012065709
2023-03-14,MSFT,-0.0058024526,0.0088627338,-0.010827303
2023-03-14,NKE,-0.0052524805,0.011093855,-0.010068834
2023-03-14,VZ,-0.0066803098,0.0097048283,-0.0092335343
2023-03-14,WMT,-0.0076845288,0.0090612173,-0.0073974729
2023-03-15,AAPL,-0.0013665557,0.01175189,-0.012399316
2023-03-15,AMGN,-0.0058473945,0.010471106,-0.0064947009
2023-03-15,CRM,0.0018702745,0.0077804327,-0.012851596
2023-03-15,CSCO,0.00074529648,0.0056923628,-0.011557937
2023-03-15,IBM,0.0028489828,0.005954504,-0.0068778396
2023-03-15,INTC,0.0056871176,0.008179903,-0.010985792
2023-03-15,MSFT,0.00047361851,0.0068137646,-0.010114551
2023-03-15,NKE,-0.005112052,0.011643648,-0.0070845485
2023-03-15,VZ,-0.0046206117,0.0098643303,-0.0075747967
2023-03-15,WMT,-0.0058684349,0.0087093115,-0.0062194467
2023-03-16,AAPL,-0.0038756132,0.012859583,-0.011379719
2023-03-16,AMGN,-0.0023602247,0.0078192949,-0.00777632
2023-03-16,CRM,-0.0018984675,0.0084329844,-0.011031687
2023-03-16,CSCO,-0.0034840703,0.0054113865,-0.009621501
2023-03-16,IBM,-0.0004953742,0.0059369802,-0.0060563684
2023-03-16,INTC,-0.00064951181,0.0081194639,-0.0090574026
2023-03-16,MSFT,-0.0032255054,0.009527564,-0.0088513494
2023-03-16,NKE,-0.0053578615,0.011949182,-0.0073666573
2023-03-16,VZ,-0.0050706863,0.009677887,-0.0076509714
2023-03-16,WMT,-0.0055126548,0.0074695349,-0.0060411692
2023-03-17,AAPL,-0.0048325062,0.01316154,-0.012903154
2023-03-17,AMGN,-0.0057954788,0.0095256567,-0.0080241561
2023-03-17,CRM,-0.0065024495,0.01056242,-0.011665046
2023-03-17,CSCO,-0.0048306584,0.0062453747,-0.010593772
2023-03-17,IBM,-0.0004914999,0.0056204796,-0.0069672465
2023-03-17,INTC,-0.00064659119,0.0070825815,-0.010212958
2023-03-17,MSFT,-0.0061305761,0.0081893206,-0.0088341236
2023-03-17,NKE,-0.0056942701,0.010524511,-0.0095356107
2023-03-17,VZ,-0.0048547983,0.0087554455,-0.0086680651
2023-03-17,WMT,-0.005399704,0.0062681437,-0.0074720383
2023-03-20,AAPL,-0.0044236183,0.013494492,-0.012658298
2023-03-20,AMGN,-0.0043511391,0.0079151392,-0.0097720623
2023-03-20,CRM,-0.01247257,0.012451649,-0.009493947
2023-03-20,CSCO,-0.0055367947,0.006891489,-0.011244178
2023-03-20,IBM,-0.0012179017,0.0059680939,-0.0072100759
2023-03-20,INTC,-0.0014026761,0.007188201,-0.011706829
2023-03-20,MSFT,-0.0070683956,0.0087422132,-0.0091653466
2023-03-20,NKE,-0.006046772,0.011551142,-0.0089992881
2023-03-20,VZ,-0.0040844083,0.008456707,-0.009133637
2023-03-20,WMT,-0.0044181943,0.0069042444,-0.0080967546
2023-03-21,AAPL,-0.0039336681,0.013303161,-0.010840714
2023-03-21,AMGN,-0.0046877861,0.0095564127,-0.0077424645
2023-03-21,CRM,-0.0088199973,0.012687325,-0.010031044
2023-03-21,CSCO,-0.0016990304,0.0063591003,-0.010638595
2023-03-21,IBM,0.00083780289,0.0055660009,-0.0068789124
2023-03-21,INTC,0.00084590912,0.0078703165,-0.00908494
2023-03-21,MSFT,-0.0041518807,0.008821249,-0.0086112618
2023-03-21,NKE,-0.0062484741,0.012491703,-0.0070209503
2023-03-21,VZ,-0.002158761,0.0081752539,-0.0085500479
2023-03-21,WMT,-0.0014953613,0.0055530071,-0.0078675747
2023-03-22,AAPL,-0.0054305792,0.012972116,-0.012591362
2023-03-22,AMGN,-0.0057842135,0.0092014074,-0.0083423257
2023-03-22,CRM,-0.012729466,0.013721585,-0.011008024
2023-03-22,CSCO,-0.0037172437,0.0066385269,-0.011484683
2023-03-22,IBM,-0.00013530254,0.0061475039,-0.0078125
2023-03-22,INTC,0.00048923492,0.0068609715,-0.01112783
2023-03-22,MSFT,-0.0036329627,0.008883357,-0.0093215704
2023-03-22,NKE,-0.0069569945,0.011944175,-0.0091680288
2023-03-22,VZ,-0.0039671063,0.0075473785,-0.0090229511
2023-03-22,WMT,-0.003935039,0.0064258575,-0.008092165
2023-03-23,AAPL,-0.0059367418,0.014725447,-0.012593746
2023-03-23,AMGN,-0.0036687255,0.010132074,-0.0082255006
2023-03-23,CRM,-0.0082245469,0.013323069,-0.012287617
2023-03-23,CSCO,-0.0039107203,0.006370306,-0.010356069
2023-03-23,IBM,-0.00074464083,0.0063965321,-0.0068123341
2023-03-23,INTC,0.00099217892,0.0078217983,-0.01060468
2023-03-23,MSFT,-0.0035447478,0.0091315508,-0.01022476
2023-03-23,NKE,-0.0065130591,0.012095332,-0.0080764294
2023-03-23,VZ,-0.0053018928,0.0091583729,-0.0084723234
2023-03-23,WMT,-0.004204452,0.0073766708,-0.0068013072
2023-03-24,AAPL,-0.006344378,0.013731956,-0.013116062
2023-03-24,AMGN,-0.0039693117,0.00847435,-0.0086044669
2023-03-24,CRM,-0.0028958321,0.010883927,-0.012882471
2023-03-24,CSCO,-0.0046688914,0.0066330433,-0.010013521
2023-03-24,IBM,-0.00054305792,0.0063408613,-0.006603539
2023-03-24,INTC,0.0010910034,0.0075968504,-0.010299981
2023-03-24,MSFT,-0.0034649968,0.008928895,-0.0093034506
2023-03-24,NKE,-0.0044255853,0.011717558,-0.0082359314
2023-03-24,VZ,-0.0063998699,0.009809494,-0.0076689124
2023-03-24,WMT,-0.0065618157,0.0078742504,-0.0071411729
2023-03-27,AAPL,-0.0026289821,0.013488889,-0.012799561
2023-03-27,AMGN,-0.0038948059,0.0087049007,-0.0073544979
2023-03-27,CRM,-0.0040461421,0.0088074207,-0.012667656
2023-03-27,CSCO,-0.0025578141,0.0056899786,-0.010254204
2023-03-27,IBM,0.00067877769,0.0062730312,-0.0069665313
2023-03-27,INTC,0.00069308281,0.0079572201,-0.010623574
2023-03-27,MSFT,-0.0031223297,0.0086112022,-0.0092843771
2023-03-27,NKE,-0.0034091473,0.011219859,-0.008020997
2023-03-27,VZ,-0.0060738921,0.010083675,-0.0074819922
2023-03-27,WMT,-0.0057634711,0.0083345175,-0.006467402
2023-03-28,AAPL,-0.0034393668,0.01429832,-0.010476649
2023-03-28,AMGN,-0.0067347884,0.0096894503,-0.0064264536
2023-03-28,CRM,-0.004114747,0.0080891848,-0.010758996
2023-03-28,CSCO,-0.0019453764,0.0063173771,-0.0095738769
2023-03-28,IBM,-0.0006274581,0.0061569214,-0.0061684251
2023-03-28,INTC,0.0014326572,0.0076363087,-0.009241581
2023-03-28,MSFT,-0.0038688183,0.0079681873,-0.0077859759
2023-03-28,NKE,-0.0048808455,0.012669086,-0.0081279278
2023-03-28,VZ,-0.0040765405,0.0098372698,-0.0070510507
2023-03-28,WMT,-0.0055289268,0.0079778433,-0.0056753755
2023-03-29,AAPL,-0.0042583346,0.013659239,-0.011715412
2023-03-29,AMGN,-0.0054611564,0.010361195,-0.008020699
2023-03-29,CRM,-0.010577917,0.012387156,-0.010350049
2023-03-29,CSCO,-0.0048382282,0.0060197115,-0.011391282
2023-03-29,IBM,-0.0019237399,0.00570786,-0.0076755285
2023-03-29,INTC,-0.0025402308,0.0089673996,-0.0097893476
2023-03-29,MSFT,-0.0054599643,0.0093200207,-0.0089396834
2023-03-29,NKE,-0.0054367185,0.012102365,-0.0093921423
2023-03-29,VZ,-0.0057393312,0.0082727671,-0.0087673664
2023-03-29,WMT,-0.0034165382,0.0073372126,-0.0077018738
2023-03-30,AAPL,-0.0037178993,0.013972521,-0.012401164
2023-03-30,AMGN,-0.0058451891,0.012380958,-0.0079703331
2023-03-30,CRM,-0.00905931,0.012555957,-0.011935711
2023-03-30,CSCO,-0.0013658404,0.0069198608,-0.010732591
2023-03-30,IBM,-0.00098049641,0.006504178,-0.0073222518
2023-03-30,INTC,-0.0015032887,0.0089817047,-0.0086143017
2023-03-30,MSFT,-0.0040352941,0.0094416142,-0.0081899166
2023-03-30,NKE,-0.0063678622,0.013537049,-0.0083892941
2023-03-30,VZ,-0.0033659339,0.0087105036,-0.0082336664
2023-03-30,WMT,-0.0045615435,0.0078444481,-0.0065618753
2023-03-31,AAPL,-0.0082600713,0.014144778,-0.01691854
2023-03-31,AMGN,-0.0063914061,0.013215184,-0.008846581
2023-03-31,CRM,-0.014254689,0.017005205,-0.015910089
2023-03-31,CSCO,-0.011962831,0.011640668,-0.010608971
2023-03-31,IBM,-0.0038533807,0.0073931217,-0.0085802078
2023-03-31,INTC,-0.0030773282,0.010961771,-0.012256861
2023-03-31,MSFT,-0.0053587556,0.012405276,-0.011026084
2023-03-31,NKE,-0.0084503293,0.012916923,-0.010973215
2023-03-31,VZ,-0.0073773861,0.0094528198,-0.010889053
2023-03-31,WMT,-0.0082429051,0.0097688437,-0.0070347786
2023-04-03,AAPL,-0.010214508,0.017279029,-0.0097063184
2023-04-03,AMGN,-0.0090091825,0.015958905,-0.0054839253
2023-04-03,CRM,-0.0098853707,0.020163894,-0.012424767
2023-04-03,CSCO,-0.0093076825,0.015324831,-0.0082415938
2023-04-03,IBM,-0.0044547319,0.011311531,-0.0063105226
2023-04-03,INTC,-0.0061097741,0.016072273,-0.0080295801
2023-04-03,MSFT,-0.0070945024,0.014020324,-0.0081967711
2023-04-03,NKE,-0.010771275,0.015391588,-0.0073182583
2023-04-03,VZ,-0.0087230206,0.013662338,-0.0074954033
2023-04-03,WMT,-0.0065805316,0.012394547,-0.005975008
2023-04-04,AAPL,0.00015246868,0.0099629164,-0.0096538067
2023-04-04,AMGN,-0.0019005537,0.008069396,-0.0072337985
2023-04-04,CRM,-0.0013612509,0.010029435,-0.011001229
2023-04-04,CSCO,-0.00046902895,0.0061484575,-0.0094478726
2023-04-04,IBM,0.00058960915,0.0061028004,-0.0054776669
2023-04-04,INTC,-0.00015568733,0.0085186958,-0.0087099671
2023-04-04,MSFT,-0.0023831129,0.0070383549,-0.0069957376
2023-04-04,NKE,-0.0037113428,0.0089262724,-0.0075260997
2023-04-04,VZ,-0.0027077794,0.006837368,-0.006196022
2023-04-04,WMT,-0.0014091134,0.0067692995,-0.0063545108
2023-04-05,AAPL,-0.0054213405,0.013650298,-0.010267317
2023-04-05,AMGN,-0.011125088,0.010475516,-0.004968524
2023-04-05,CRM,-0.011569977,0.01142621,-0.0075808764
2023-04-05,CSCO,-0.0013495088,0.006705761,-0.010172129
2023-04-05,IBM,5.9604645e-06,0.0058974028,-0.0071562529
2023-04-05,INTC,-0.00072133541,0.0082441568,-0.0084964037
2023-04-05,MSFT,-0.004928112,0.0080521107,-0.008685708
2023-04-05,NKE,-0.0068974495,0.010956764,-0.0080495477
2023-04-05,VZ,-0.0042598844,0.0073375702,-0.0072330832
2023-04-05,WMT,-0.0019828677,0.0056775808,-0.0077844858
2023-04-06,AAPL,-7.4803829e-05,0.011351347,-0.012984335
2023-04-06,AMGN,-0.0077139735,0.0087980032,-0.0074440241
2023-04-06,CRM,-0.0084636211,0.010660648,-0.01072824
2023-04-06,CSCO,0.0014345646,0.0061787367,-0.011943221
2023-04-06,IBM,0.0026035309,0.0049242973,-0.0068866014
2023-04-06,INTC,0.0026661158,0.0075515509,-0.011232913
2023-04-06,MSFT,0.00013971329,0.0057026148,-0.010151803
2023-04-06,NKE,-0.0066042542,0.010876656,-0.0076937079
2023-04-06,VZ,-0.0031883717,0.0075407028,-0.0083171725
2023-04-06,WMT,-0.0044047832,0.0066351891,-0.0071864128
2023-04-10,AAPL,-0.00037646294,0.011285543,-0.011554539
2023-04-10,AMGN,-0.0042867661,0.0086830854,-0.0070665479
2023-04-10,CRM,-0.000246346,0.0085602999,-0.012672782
2023-04-10,CSCO,0.00026798248,0.0057407618,-0.010875702
2023-04-10,IBM,0.001809001,0.0051784515,-0.0066813827
2023-04-10,INTC,0.0053015947,0.0074511766,-0.011170685
2023-04-10,MSFT,0.00013160706,0.0074048042,-0.010613501
2023-04-10,NKE,-0.0054978728,0.012440562,-0.0069807768
2023-04-10,VZ,-0.0040331483,0.0089058876,-0.0069161057
2023-04-10,WMT,-0.0063717961,0.0083823204,-0.0059788227
2023-04-11,AAPL,-0.0013099313,0.010662436,-0.011304915
2023-04-11,AMGN,-0.0069748163,0.009754777,-0.0068435669
2023-04-11,CRM,-0.0041717887,0.0095851421,-0.011054099
2023-04-11,CSCO,-0.0021465421,0.0053240061,-0.011083484
2023-04-11,IBM,0.0023387671,0.0049959421,-0.0066624284
2023-04-11,INTC,0.00028955936,0.0069949627,-0.010165095
2023-04-11,MSFT,-0.0028762817,0.0079100132,-0.0096529722
2023-04-11,NKE,-0.0056602359,0.011153579,-0.0069581866
2023-04-11,VZ,-0.0043307543,0.0089378357,-0.0072959065
2023-04-11,WMT,-0.0051962733,0.0076439381,-0.0070316195
2023-04-12,AAPL,-0.0023723245,0.011134267,-0.013393819
2023-04-12,AMGN,-0.0053569674,0.0093164444,-0.0085934997
2023-04-12,CRM,-0.0018103123,0.0088144541,-0.01228261
2023-04-12,CSCO,-0.0014901757,0.0054724216,-0.011424839
2023-04-12,IBM,0.00060892105,0.0057314634,-0.0074743629
2023-04-12,INTC,0.00027775764,0.0065637827,-0.010819793
2023-04-12,MSFT,-0.0027915835,0.0074239969,-0.010532856
2023-04-12,NKE,-0.0054064393,0.010398269,-0.008559227
2023-04-12,VZ,-0.0059520602,0.0089057684,-0.00770998
2023-04-12,WMT,-0.0057194233,0.0082161427,-0.0070410967
2023-04-13,AAPL,-0.0039039254,0.011601686,-0.014342606
2023-04-13,AMGN,-0.0043558478,0.0074856281,-0.0098267198
2023-04-13,CRM,-0.0062589645,0.009165287,-0.012695551
2023-04-13,CSCO,-0.0033228397,0.0057170391,-0.012421727
2023-04-13,IBM,0.00039720535,0.0062384605,-0.0074235797
2023-04-13,INTC,0.00067222118,0.0068378448,-0.012512147
2023-04-13,MSFT,-0.0031084418,0.0074173212,-0.011318028
2023-04-13,NKE,-0.0059980154,0.011131167,-0.0089728236
2023-04-13,VZ,-0.0067427158,0.0096060038,-0.0084861517
2023-04-13,WMT,-0.0069368482,0.0089117289,-0.0070627928
2023-04-14,AAPL,-0.0012457371,0.011895061,-0.012049377
2023-04-14,AMGN,-0.0048579574,0.0093946457,-0.0073852539
2023-04-14,CRM,-0.0025613308,0.00865376,-0.012447536
2023-04-14,CSCO,0.00075209141,0.0054613352,-0.011409938
2023-04-14,IBM,0.0022621155,0.0067015886,-0.0073975325
2023-04-14,INTC,0.0020889044,0.0079294443,-0.010926843
2023-04-14,MSFT,-0.00090152025,0.0076329708,-0.0099701285
2023-04-14,NKE,-0.0053358078,0.012524366,-0.0069773197
2023-04-14,VZ,-0.0054434538,0.0082182884,-0.007486105
2023-04-14,WMT,-0.0051885843,0.0079852343,-0.0067632794
2023-04-17,AAPL,-0.0015028119,0.010880709,-0.013475299
2023-04-17,AMGN,-0.0057484508,0.0088045597,-0.0078426003
2023-04-17,CRM,-0.0036351085,0.0094279051,-0.010932088
2023-04-17,CSCO,-0.00095361471,0.0058163404,-0.011154473
2023-04-17,IBM,0.0015521049,0.0058217049,-0.0071294308
2023-04-17,INTC,0.0022137165,0.0064114332,-0.010787606
2023-04-17,MSFT,-0.0019156933,0.0069391727,-0.0098816156
2023-04-17,NKE,-0.0050583482,0.011424899,-0.0077112913
2023-04-17,VZ,-0.0047690868,0.0091613531,-0.0075699687
2023-04-17,WMT,-0.0056129098,0.0076544285,-0.0067120194
2023-04-18,AAPL,-0.0037128925,0.011640906,-0.011791945
2023-04-18,AMGN,-0.0053175092,0.0092195272,-0.0083293915
2023-04-18,CRM,-0.0092625618,0.011539221,-0.0097873807
2023-04-18,CSCO,0.00048410892,0.0055475235,-0.010982394
2023-04-18,IBM,0.00054681301,0.0056564808,-0.0074191689
2023-04-18,INTC,0.0012863874,0.0073257685,-0.010661721
2023-04-18,MSFT,-0.0025382638,0.0069681406,-0.01018405
2023-04-18,NKE,-0.0060895681,0.011470079,-0.0074419975
2023-04-18,VZ,-0.0034471154,0.0083432198,-0.0090716481
2023-04-18,WMT,-0.0025449395,0.0065801144,-0.0078629851
2023-04-19,AAPL,-0.0018057227,0.010812402,-0.012001932
2023-04-19,AMGN,-0.0053130388,0.0080922842,-0.0083731413
2023-04-19,CRM,-0.0058739185,0.010091782,-0.011295259
2023-04-19,CSCO,0.0013360977,0.0049923658,-0.01067102
2023-04-19,IBM,0.0019580126,0.0058043003,-0.00723207
2023-04-19,INTC,0.002327919,0.0061234236,-0.010876238
2023-04-19,MSFT,-0.00087332726,0.0064997673,-0.010284483
2023-04-19,NKE,-0.0051210523,0.010967374,-0.0064937472
2023-04-19,VZ,-0.0049551725,0.0090723038,-0.0077385306
2023-04-19,WMT,-0.003367722,0.00684762,-0.006972611
2023-04-20,AAPL,-0.001119554,0.010156035,-0.012598395
2023-04-20,AMGN,-0.0036168694,0.0076392889,-0.0086216331
2023-04-20,CRM,-0.0029196739,0.0068662167,-0.01205039
2023-04-20,CSCO,0.0015590191,0.0039049387,-0.011281431
2023-04-20,IBM,0.00055897236,0.0058236122,-0.0064617395
2023-04-20,INTC,0.0033789873,0.0068956614,-0.010829031
2023-04-20,MSFT,-0.0017041564,0.0069693327,-0.0095196962
2023-04-20,NKE,-0.0066668391,0.011059284,-0.0074267983
2023-04-20,VZ,-0.0067176223,0.0093493462,-0.0069501996
2023-04-20,WMT,-0.007846415,0.0089446306,-0.0058108568
2023-04-21,AAPL,-0.0029261112,0.012774825,-0.01239872
2023-04-21,AMGN,-0.0071073771,0.010268569,-0.008417964
2023-04-21,CRM,-0.008926332,0.011080623,-0.010029674
2023-04-21,CSCO,-0.0020780563,0.0054033995,-0.011928916
2023-04-21,IBM,0.0020699501,0.0055810213,-0.0077103972
2023-04-21,INTC,0.0006262064,0.0065773726,-0.010782838
2023-04-21,MSFT,-0.0024998188,0.00715065,-0.01011914
2023-04-21,NKE,-0.0045748949,0.011068702,-0.0084606409
2023-04-21,VZ,-0.0040714145,0.0078138113,-0.0083140731
2023-04-21,WMT,-0.0023972392,0.0058341026,-0.0078693032
2023-04-24,AAPL,-0.0033367276,0.011484742,-0.015200436
2023-04-24,AMGN,-0.0068659782,0.0092242956,-0.0087602735
2023-04-24,CRM,-0.01253885,0.013106465,-0.011067152
2023-04-24,CSCO,-0.0014593601,0.005650878,-0.013024986
2023-04-24,IBM,0.0009418726,0.0051139593,-0.0081133246
2023-04-24,INTC,0.0013992786,0.0064085722,-0.012773156
2023-04-24,MSFT,-0.0034441352,0.0075557232,-0.011794508
2023-04-24,NKE,-0.0066223145,0.011054516,-0.0097079277
2023-04-24,VZ,-0.0035900474,0.0088319778,-0.0094840527
2023-04-24,WMT,-0.0040575266,0.0073013306,-0.0082703233
2023-04-25,AAPL,-0.0031294823,0.011717677,-0.013324559
2023-04-25,AMGN,-0.0011029243,0.0091291666,-0.0095254183
2023-04-25,CRM,-0.0039682388,0.010560274,-0.011989117
2023-04-25,CSCO,-0.00044971704,0.0060921907,-0.01150018
2023-04-25,IBM,0.001683712,0.0056437254,-0.0072223544
2023-04-25,INTC,0.0028316975,0.0073912144,-0.011734247
2023-04-25,MSFT,-0.0013195872,0.007899642,-0.011457145
2023-04-25,NKE,-0.0053899884,0.012791038,-0.0077965856
2023-04-25,VZ,-0.0051433444,0.0092322826,-0.0083758831
2023-04-25,WMT,-0.0044776797,0.0075904131,-0.0072542429
2023-04-26,AAPL,-0.002486825,0.011974931,-0.01276803
2023-04-26,AMGN,-0.0049760342,0.008803606,-0.0077560544
2023-04-26,CRM,-0.0029752851,0.0096254349,-0.012380183
2023-04-26,CSCO,0.00057315826,0.0058703423,-0.011629403
2023-04-26,IBM,0.0015825033,0.0055849552,-0.0073360205
2023-04-26,INTC,0.0016855001,0.0066199303,-0.011187732
2023-04-26,MSFT,-0.00052833557,0.0076684952,-0.010749757
2023-04-26,NKE,-0.0046123266,0.010976791,-0.0087974668
2023-04-26,VZ,-0.0047813654,0.0094665289,-0.0077266693
2023-04-26,WMT,-0.0051916838,0.007088542,-0.0071315765
2023-04-27,AAPL,-0.0027935505,0.012093186,-0.011977971
2023-04-27,AMGN,-0.0033805966,0.0087621212,-0.0089588165
2023-04-27,CRM,-0.0056399107,0.0096439123,-0.010748446
2023-04-27,CSCO,-0.00073939562,0.0047832727,-0.011018395
2023-04-27,IBM,0.00092494488,0.0058227777,-0.0078018904
2023-04-27,INTC,0.0018196106,0.0073575974,-0.01089561
2023-04-27,MSFT,-0.0029709935,0.0075240135,-0.0096427202
2023-04-27,NKE,-0.0034555793,0.011751533,-0.0087662339
2023-04-27,VZ,-0.0042890906,0.0093506575,-0.0078698397
2023-04-27,WMT,-0.0038251281,0.0075631142,-0.0063946843
2023-04-28,AAPL,-0.0011456609,0.013391376,-0.010785162
2023-04-28,AMGN,-0.0048222542,0.010132074,-0.0077440739
2023-04-28,CRM,-0.0051284432,0.008331418,-0.010028958
2023-04-28,CSCO,-0.0021166205,0.0065898895,-0.010959625
2023-04-28,IBM,-0.0006724,0.006233573,-0.0067892075
2023-04-28,INTC,-1.7464161e-05,0.0086526871,-0.0089732409
2023-04-28,MSFT,-0.0029851794,0.0084722042,-0.0098170638
2023-04-28,NKE,-0.0052288771,0.012571096,-0.0084452033
2023-04-28,VZ,-0.0063418746,0.0090574026,-0.007270813
2023-04-28,WMT,-0.0038530231,0.008571744,-0.00644207
2023-05-01,AAPL,-0.0058771372,0.014375448,-0.013513327
2023-05-01,AMGN,-0.0078886747,0.011224389,-0.0085442066
2023-05-01,CRM,-0.011913955,0.013462424,-0.011312425
2023-05-01,CSCO,-0.0039151907,0.0080279112,-0.011491001
2023-05-01,IBM,-0.0022033453,0.0073912144,-0.0065312386
2023-05-01,INTC,-0.003993392,0.0097541809,-0.0090247989
2023-05-01,MSFT,-0.0043585896,0.010930777,-0.0085789561
2023-05-01,NKE,-0.0075497627,0.013709426,-0.0083974004
2023-05-01,VZ,-0.0046681166,0.0083887577,-0.0082143545
2023-05-01,WMT,-0.0021303892,0.006303668,-0.0076126456
2023-05-02,AAPL,-0.0048513412,0.012273312,-0.018384635
2023-05-02,AMGN,-0.0067769289,0.012801647,-0.0095541477
2023-05-02,CRM,-0.0096575618,0.012928486,-0.017162681
2023-05-02,CSCO,-0.0068174601,0.010549307,-0.012100041
2023-05-02,IBM,-0.00022339821,0.0063345432,-0.0094759464
2023-05-02,INTC,0.0022083521,0.0088077784,-0.015416265
2023-05-02,MSFT,-0.00042402744,0.0089548826,-0.012875974
2023-05-02,NKE,-0.0064525604,0.011352301,-0.012573838
2023-05-02,VZ,-0.0052408576,0.0086228848,-0.010952234
2023-05-02,WMT,-0.010809243,0.01150918,-0.006398797
2023-05-03,AAPL,-0.006945014,0.015250087,-0.011827946
2023-05-03,AMGN,-0.0060369372,0.013655066,-0.0081227422
2023-05-03,CRM,-0.0033577085,0.016108751,-0.014282942
2023-05-03,CSCO,-0.0051971674,0.012574911,-0.0097151995
2023-05-03,IBM,-0.0017859936,0.0095961094,-0.0073908567
2023-05-03,INTC,-0.0020946264,0.012880921,-0.01038152
2023-05-03,MSFT,-0.0036724806,0.012026668,-0.0099993348
2023-05-03,NKE,-0.007553041,0.01444757,-0.0087932348
2023-05-03,VZ,-0.0061222911,0.011718512,-0.0088630319
2023-05-03,WMT,-0.0043962002,0.0115906,-0.0062524676
2023-05-04,AAPL,-0.0028078556,0.011144161,-0.0080025792
2023-05-04,AMGN,-0.0042685866,0.0085462332,-0.0068457723
2023-05-04,CRM,-0.0037329793,0.012204885,-0.0097416639
2023-05-04,CSCO,-0.0031483769,0.0077632666,-0.0079163909
2023-05-04,IBM,-0.0019314289,0.0070186853,-0.0048444271
2023-05-04,INTC,-0.002666533,0.008836031,-0.006976366
2023-05-04,MSFT,-0.0040886402,0.0077518225,-0.0059297681
2023-05-04,NKE,-0.0050190687,0.010847688,-0.0067927837
2023-05-04,VZ,-0.0028128624,0.0072643757,-0.0061523318
2023-05-04,WMT,-0.0024812222,0.006744504,-0.0056959987
2023-05-05,AAPL,-0.0072719455,0.014050245,-0.0069749951
2023-05-05,AMGN,-0.01467073,0.013281345,-0.0024403334
2023-05-05,CRM,-0.012301981,0.012386441,-0.0044749975
2023-05-05,CSCO,-0.0017340183,0.0074422359,-0.0082358718
2023-05-05,IBM,-0.0027351975,0.0060660839,-0.0051552653
2023-05-05,INTC,-0.0012285709,0.0080120564,-0.0067411065
2023-05-05,MSFT,-0.0052368641,0.0078667402,-0.0073419213
2023-05-05,NKE,-0.0069341063,0.011213541,-0.0064203739
2023-05-05,VZ,-0.0033302307,0.0071424246,-0.0072548985
2023-05-05,WMT,-0.0036532879,0.0064522028,-0.0053850412
2023-05-08,AAPL,-0.0060712099,0.013491273,-0.011134267
2023-05-08,AMGN,-0.0078977942,0.010048032,-0.0067343712
2023-05-08,CRM,-0.0074291229,0.010070801,-0.0084391832
2023-05-08,CSCO,-0.0036588311,0.0062576532,-0.010099053
2023-05-08,IBM,-0.00058567524,0.0055910349,-0.0056957603
2023-05-08,INTC,0.00011897087,0.0080962181,-0.0088632703
2023-05-08,MSFT,-0.0045039654,0.0074806213,-0.0083924532
2023-05-08,NKE,-0.0082922578,0.010907292,-0.0055544972
2023-05-08,VZ,-0.00055849552,0.0067417622,-0.0080932975
2023-05-08,WMT,-0.0046352744,0.0066715479,-0.0061026812
2023-05-09,AAPL,-0.0066845417,0.013641953,-0.009514153
2023-05-09,AMGN,-0.0065546632,0.0096538067,-0.0056809783
2023-05-09,CRM,-0.00038158894,0.0074927807,-0.010717154
2023-05-09,CSCO,-0.0035992265,0.0059581995,-0.0082935095
2023-05-09,IBM,0.00018811226,0.0061589479,-0.0056164861
2023-05-09,INTC,0.001236558,0.0077091455,-0.0074965358
2023-05-09,MSFT,-0.0029239655,0.007809639,-0.0077982545
2023-05-09,NKE,-0.0056711435,0.011253834,-0.0047977567
2023-05-09,VZ,-0.0019162297,0.0081237555,-0.0069999099
2023-05-09,WMT,-0.0044995546,0.0074201822,-0.0057297945
2023-05-10,AAPL,-0.0064178705,0.013718605,-0.010129035
2023-05-10,AMGN,-0.0076829791,0.0096162558,-0.0057238936
2023-05-10,CRM,-0.0028466582,0.0081802607,-0.0098263025
2023-05-10,CSCO,-0.00322932,0.0052716732,-0.0090140104
2023-05-10,IBM,-0.00083422661,0.0058274269,-0.0055053234
2023-05-10,INTC,-0.0017434955,0.0076751709,-0.0081721544
2023-05-10,MSFT,-0.0061148405,0.0076533556,-0.0075216293
2023-05-10,NKE,-0.0049772263,0.0098483562,-0.0065562129
2023-05-10,VZ,-0.0024976134,0.0076038837,-0.0082569122
2023-05-10,WMT,-0.0033649206,0.0068925619,-0.0060558319
2023-05-11,AAPL,-0.0067920089,0.014074683,-0.011477351
2023-05-11,AMGN,-0.0064740777,0.009904027,-0.0061092377
2023-05-11,CRM,-0.0041207671,0.0075836182,-0.0094375014
2023-05-11,CSCO,-0.0022056103,0.0045782328,-0.0092442632
2023-05-11,IBM,-0.00097566843,0.0058224201,-0.0051031113
2023-05-11,INTC,-0.0005094409,0.0077750683,-0.0079318285
2023-05-11,MSFT,-0.0066114664,0.007127285,-0.0080626607
2023-05-11,NKE,-0.0040327907,0.010119915,-0.0069535375
2023-05-11,VZ,-0.0032773614,0.0081344843,-0.0080834031
2023-05-11,WMT,-0.0055619478,0.0076328516,-0.0060203671
2023-05-12,AAPL,-0.0078775287,0.014201045,-0.011855245
2023-05-12,AMGN,-0.0064851046,0.0091913939,-0.0076656342
2023-05-12,CRM,-0.0059144497,0.0084513426,-0.0087555647
2023-05-12,CSCO,-0.0031007528,0.0061334372,-0.0096908808
2023-05-12,IBM,-0.0020631552,0.0057009459,-0.0054796338
2023-05-12,INTC,-0.002094388,0.0071699619,-0.0081227422
2023-05-12,MSFT,-0.0064550638,0.0076426268,-0.007963717
2023-05-12,NKE,-0.0053161979,0.010231137,-0.0077297091
2023-05-12,VZ,-0.003608346,0.0084084272,-0.0077719092
2023-05-12,WMT,-0.005651176,0.0075932741,-0.0057567358
2023-05-15,AAPL,-0.006332159,0.014755964,-0.012713611
2023-05-15,AMGN,-0.0050523281,0.0094957352,-0.0083784461
2023-05-15,CRM,-0.0089567304,0.011015654,-0.0091347098
2023-05-15,CSCO,-0.0034759045,0.0053539276,-0.0099273324
2023-05-15,IBM,0.00012493134,0.0053395033,-0.0061708689
2023-05-15,INTC,0.00010478497,0.0067107677,-0.0087837577
2023-05-15,MSFT,-0.0042577982,0.0075398684,-0.0088547468
2023-05-15,NKE,-0.0071268082,0.011456728,-0.0065551996
2023-05-15,VZ,-0.0039489865,0.008056283,-0.0080953836
2023-05-15,WMT,-0.0047706962,0.0071973801,-0.0067406893
2023-05-16,AAPL,-0.0046391487,0.01343441,-0.011409104
2023-05-16,AMGN,-0.0061767101,0.011496544,-0.006631732
2023-05-16,CRM,-0.0053091645,0.0095696449,-0.0092164874
2023-05-16,CSCO,-0.0026680231,0.0051696301,-0.0095378757
2023-05-16,IBM,0.00051987171,0.0054596663,-0.0055095553
2023-05-16,INTC,-2.2292137e-05,0.006188035,-0.0088346601
2023-05-16,MSFT,-0.0037720203,0.0072284937,-0.0080860853
2023-05-16,NKE,-0.0039185286,0.010488272,-0.007799685
2023-05-16,VZ,-0.0035610199,0.008420229,-0.0081208944
2023-05-16,WMT,-0.00588727,0.0072426796,-0.0055841804
2023-05-17,AAPL,-0.0087849498,0.014805079,-0.012817264
2023-05-17,AMGN,-0.0023540854,0.0084928274,-0.010120451
2023-05-17,CRM,-0.01143074,0.011791945,-0.0092642307
2023-05-17,CSCO,-0.0065068007,0.0053443909,-0.0096383095
2023-05-17,IBM,-0.0014095306,0.0055449009,-0.0068668723
2023-05-17,INTC,-0.0015799999,0.0070106983,-0.0094613433
2023-05-17,MSFT,-0.00576967,0.0084198713,-0.0092177987
2023-05-17,NKE,-0.0061235428,0.0098366737,-0.0082605481
2023-05-17,VZ,-0.00301373,0.0070557594,-0.0097823143
2023-05-17,WMT,-0.0036315918,0.0062624216,-0.0073428154
2023-05-18,AAPL,-0.0039436817,0.013780832,-0.011217475
2023-05-18,AMGN,-0.0024331212,0.0097477436,-0.008118391
2023-05-18,CRM,-0.007578969,0.011155367,-0.0099756122
2023-05-18,CSCO,-0.0015583634,0.0062000751,-0.0094935894
2023-05-18,IBM,-0.00039321184,0.0058816671,-0.0061247349
2023-05-18,INTC,0.002371192,0.007388711,-0.0092769265
2023-05-18,MSFT,-0.0019297004,0.0075136423,-0.0099077225
2023-05-18,NKE,-0.0063133836,0.011501908,-0.0058045387
2023-05-18,VZ,-0.0021005273,0.0085000992,-0.0082862377
2023-05-18,WMT,-0.003616631,0.0073752403,-0.0065950751
2023-05-19,AAPL,-0.0073544979,0.014683008,-0.0086956024
2023-05-19,AMGN,-0.0055935383,0.0093994141,-0.0071325302
2023-05-19,CRM,-0.0063505173,0.010119677,-0.0084046125
2023-05-19,CSCO,-0.001803875,0.006267786,-0.0094274282
2023-05-19,IBM,-0.00070077181,0.0060201883,-0.005374372
2023-05-19,INTC,7.1167946e-05,0.0071644783,-0.0069482923
2023-05-19,MSFT,-0.0038629174,0.0079712868,-0.0073077679
2023-05-19,NKE,-0.0049822927,0.011255622,-0.0050382614
2023-05-19,VZ,-0.0019954443,0.008067131,-0.0074630976
2023-05-19,WMT,-0.0034185648,0.006510973,-0.0057389736
2023-05-22,AAPL,-0.0057629347,0.013702869,-0.012493312
2023-05-22,AMGN,-0.0043062568,0.0094109774,-0.0087512136
2023-05-22,CRM,-0.011501908,0.011024714,-0.010266483
2023-05-22,CSCO,-0.0046633482,0.00525105,-0.01037395
2023-05-22,IBM,-0.0028401017,0.0063141584,-0.0061368346
2023-05-22,INTC,-0.0011116266,0.0073900223,-0.0084894896
2023-05-22,MSFT,-0.0056672692,0.0083271265,-0.0080881715
2023-05-22,NKE,-0.0078191161,0.010607839,-0.0065813065
2023-05-22,VZ,-0.0052690506,0.0085786581,-0.00730896
2023-05-22,WMT,-0.0057877898,0.0076396465,-0.006611228
2023-05-23,AAPL,-0.0050486922,0.014046907,-0.013026059
2023-05-23,AMGN,-0.007640183,0.01077795,-0.0071849823
2023-05-23,CRM,-0.0043784976,0.0093058348,-0.010581791
2023-05-23,CSCO,-0.0010086298,0.0048167706,-0.010353744
2023-05-23,IBM,0.00053656101,0.0057886839,-0.0063349605
2023-05-23,INTC,0.0021601915,0.0066636801,-0.0097578168
2023-05-23,MSFT,-0.0021308661,0.0070650578,-0.0090948939
2023-05-23,NKE,-0.0048645139,0.01016295,-0.0074376464
2023-05-23,VZ,-0.005387187,0.0083707571,-0.0078665614
2023-05-23,WMT,-0.0075471997,0.0081540346,-0.0061205029
2023-05-24,AAPL,-0.0055817366,0.013613224,-0.012848496
2023-05-24,AMGN,-0.0020902753,0.0084906816,-0.0094624758
2023-05-24,CRM,-0.0058195591,0.010365367,-0.010873735
2023-05-24,CSCO,-0.0047231913,0.0051721334,-0.010124862
2023-05-24,IBM,-0.0020679832,0.0055189133,-0.0064123273
2023-05-24,INTC,-0.00031381845,0.0069617033,-0.0099900365
2023-05-24,MSFT,-0.0055444241,0.0089015961,-0.0090405941
2023-05-24,NKE,-0.0053848624,0.0093864202,-0.0074834228
2023-05-24,VZ,-0.0061763525,0.0083230734,-0.0080692172
2023-05-24,WMT,-0.0059788823,0.0075048208,-0.0067176819
2023-05-25,AAPL,-0.0066505075,0.014272809,-0.010757506
2023-05-25,AMGN,-0.0080120564,0.012438774,-0.0058097839
2023-05-25,CRM,-0.007488966,0.011120915,-0.0092218518
2023-05-25,CSCO,-0.0021394491,0.0066063404,-0.0096288323
2023-05-25,IBM,0.00022172928,0.0060403347,-0.0062431097
2023-05-25,INTC,-1.3113022e-06,0.0081441402,-0.0091574788
2023-05-25,MSFT,-0.0029215217,0.0077078342,-0.0089546442
2023-05-25,NKE,-0.0048779249,0.011016488,-0.0063246489
2023-05-25,VZ,-0.004906714,0.0091379881,-0.0080287457
2023-05-25,WMT,-0.0041630268,0.0073480606,-0.0061020255
2023-05-26,AAPL,-0.0050407648,0.013254166,-0.0119766
2023-05-26,AMGN,-0.0010281801,0.0084404945,-0.010401785
2023-05-26,CRM,-0.0063194036,0.011291742,-0.010608494
2023-05-26,CSCO,-0.0045323968,0.0054132938,-0.0096438527
2023-05-26,IBM,-0.0021600127,0.0056900978,-0.0062388778
2023-05-26,INTC,0.00058364868,0.0073759556,-0.0088900328
2023-05-26,MSFT,-0.0036445856,0.0086477995,-0.0075334311
2023-05-26,NKE,-0.0052321553,0.010606766,-0.0073843598
2023-05-26,VZ,-0.0049824119,0.0084178448,-0.0082598925
2023-05-26,WMT,-0.0051182508,0.0073022842,-0.0061429143
2023-05-30,AAPL,-0.0028262138,0.013071537,-0.011621118
2023-05-30,AMGN,-0.0071108341,0.012018204,-0.0076127648
2023-05-30,CRM,-0.010793149,0.011847973,-0.010488153
2023-05-30,CSCO,-0.0056908727,0.0075433254,-0.01106286
2023-05-30,IBM,-0.0030339956,0.0061525106,-0.0070509315
2023-05-30,INTC,-0.001026988,0.0084410906,-0.0096908808
2023-05-30,MSFT,-0.0036008954,0.0080889463,-0.009359777
2023-05-30,NKE,-0.0065357685,0.011362314,-0.0089276433
2023-05-30,VZ,-0.0052027106,0.0082820654,-0.0079314709
2023-05-30,WMT,-0.004986763,0.0078451633,-0.0064518452
2023-05-31,AAPL,-0.0078413486,0.015561104,-0.008718431
2023-05-31,AMGN,-0.0075909495,0.012901306,-0.0073088408
2023-05-31,CRM,-0.016021788,0.016656876,-0.010060728
2023-05-31,CSCO,-0.0032294393,0.0086480379,-0.0091873407
2023-05-31,IBM,-0.0008276701,0.0069327354,-0.0062738061
2023-05-31,INTC,-0.0026892424,0.0099601746,-0.0057681203
2023-05-31,MSFT,-0.003611207,0.010470271,-0.0067405105
2023-05-31,NKE,-0.0076366067,0.013327479,-0.005610764
2023-05-31,VZ,-0.0007044673,0.0074164867,-0.0074756742
2023-05-31,WMT,-0.001543045,0.0053963661,-0.0066286922
2023-06-01,AAPL,-0.0051953793,0.013363481,-0.013311207
2023-06-01,AMGN,-0.0091444254,0.014272094,-0.0064333677
2023-06-01,CRM,-0.011407614,0.015402198,-0.01448524
2023-06-01,CSCO,-0.0063194633,0.0095872879,-0.0099261999
2023-06-01,IBM,-0.0022270679,0.0067315102,-0.0069293976
2023-06-01,INTC,0.00028693676,0.0091531277,-0.010439217
2023-06-01,MSFT,-0.00099390745,0.010653853,-0.0098968148
2023-06-01,NKE,-0.0093107224,0.012087226,-0.0084856749
2023-06-01,VZ,-0.0048684478,0.0088229179,-0.0090802908
2023-06-01,WMT,-0.0073531866,0.0095806122,-0.0054174662
2023-06-02,AAPL,-0.010772884,0.016983747,-0.0098723173
2023-06-02,AMGN,-0.0084513426,0.01469171,-0.0073742867
2023-06-02,CRM,-0.0088432431,0.018637419,-0.011260033
2023-06-02,CSCO,-0.0091958642,0.014503956,-0.0088061094
2023-06-02,IBM,-0.0038487911,0.010341287,-0.00615412
2023-06-02,INTC,-0.0058856606,0.013979435,-0.0072345734
2023-06-02,MSFT,-0.0067777038,0.012654901,-0.0080060959
2023-06-02,NKE,-0.0095146298,0.015472293,-0.0081444979
2023-06-02,VZ,-0.0072184205,0.011964083,-0.007112205
2023-06-02,WMT,-0.0063793659,0.011992097,-0.0056447983
2023-06-05,AAPL,0.00051569939,0.010210752,-0.0078753829
2023-06-05,AMGN,-0.0046954751,0.0092012882,-0.0069160461
2023-06-05,CRM,-0.0031747222,0.011905313,-0.0098434687
2023-06-05,CSCO,9.9539757e-05,0.0067055225,-0.0091572404
2023-06-05,IBM,0.00068306923,0.0064854622,-0.0051496029
2023-06-05,INTC,0.00028371811,0.0080369711,-0.0075271726
2023-06-05,MSFT,-0.0024005771,0.0067408085,-0.0059360862
2023-06-05,NKE,-0.0042218566,0.010404229,-0.0070459247
2023-06-05,VZ,-0.0018168092,0.0067126751,-0.0065279603
2023-06-05,WMT,-0.0014446378,0.0065135956,-0.0060915351
2023-06-06,AAPL,-0.0034412146,0.011096239,-0.0099796057
2023-06-06,AMGN,-0.012307346,0.010966063,-0.0036494136
2023-06-06,CRM,-0.006973505,0.0076751709,-0.0073421001
2023-06-06,CSCO,-0.0010653734,0.0058940649,-0.0093951821
2023-06-06,IBM,-0.0014979243,0.0064764023,-0.0054919124
2023-06-06,INTC,0.00039601326,0.0070493221,-0.010170341
2023-06-06,MSFT,-0.0033774376,0.0079916716,-0.0089286566
2023-06-06,NKE,-0.0074133873,0.011642337,-0.0068930984
2023-06-06,VZ,-0.0061364174,0.0082945824,-0.0063202977
2023-06-06,WMT,-0.0083249211,0.0089272261,-0.0057951808
2023-06-07,AAPL,-0.0013536215,0.011077762,-0.011921585
2023-06-07,AMGN,-0.0068483353,0.0088492632,-0.0075187683
2023-06-07,CRM,-0.0044955015,0.0086362362,-0.0094290376
2023-06-07,CSCO,-0.0011389256,0.0057690144,-0.010867298
2023-06-07,IBM,0.0016537905,0.0051106215,-0.0066880584
2023-06-07,INTC,0.0027649403,0.0069367886,-0.0099459291
2023-06-07,MSFT,-0.0033099651,0.0067682266,-0.0097329021
2023-06-07,NKE,-0.0056990385,0.010419369,-0.0068517923
2023-06-07,VZ,-0.002794981,0.0069259405,-0.0076194406
2023-06-07,WMT,-0.0058440566,0.007363081,-0.0065344572
2023-06-08,AAPL,-0.0019279122,0.010873199,-0.0090716481
2023-06-08,AMGN,-0.0049049854,0.0082675219,-0.0054772496
2023-06-08,CRM,0.00159657,0.0074936152,-0.010461032
2023-06-08,CSCO,0.00050318241,0.0054945946,-0.0088006854
2023-06-08,IBM,0.0010844469,0.0054520369,-0.0057159066
2023-06-08,INTC,0.0032720566,0.0073782206,-0.008554399
2023-06-08,MSFT,-0.00058585405,0.0069839954,-0.0092238784
2023-06-08,NKE,-0.0061141253,0.011605978,-0.0051345229
2023-06-08,VZ,-0.0029941201,0.0086581707,-0.0069600344
2023-06-08,WMT,-0.004740417,0.0075625181,-0.0058398247
2023-06-09,AAPL,-0.0034131408,0.011007547,-0.010796964
2023-06-09,AMGN,-0.0087833405,0.010267138,-0.0049116611
2023-06-09,CRM,-0.006670177,0.0093005896,-0.0086656213
2023-06-09,CSCO,-0.00096058846,0.0061670542,-0.010175586
2023-06-09,IBM,0.00064098835,0.0052046776,-0.0058358908
2023-06-09,INTC,0.00050568581,0.0071127415,-0.0089762211
2023-06-09,MSFT,-0.0032360554,0.0068333149,-0.0080170631
2023-06-09,NKE,-0.0065925121,0.010831475,-0.0061149597
2023-06-09,VZ,-0.0027654767,0.0079948902,-0.0070380569
2023-06-09,WMT,-0.0032416582,0.0066655874,-0.0066866875
2023-06-12,AAPL,-0.0023947954,0.011089683,-0.011446238
2023-06-12,AMGN,-0.0070442557,0.0086041689,-0.0068932176
2023-06-12,CRM,-0.004236877,0.0078948736,-0.010552585
2023-06-12,CSCO,-0.0005505085,0.0050764084,-0.0097299814
2023-06-12,IBM,0.0012242794,0.0054069757,-0.0061258674
2023-06-12,INTC,0.0016702414,0.0061196089,-0.0085844994
2023-06-12,MSFT,-0.0017465353,0.0063393116,-0.0084222555
2023-06-12,NKE,-0.0069538951,0.010223269,-0.0067931414
2023-06-12,VZ,-0.0050020814,0.0085736513,-0.0072829127
2023-06-12,WMT,-0.0068861842,0.0080075264,-0.0059967041
2023-06-13,AAPL,-0.0028564334,0.011146307,-0.012783706
2023-06-13,AMGN,-0.0066761374,0.0089991093,-0.0068880916
2023-06-13,CRM,-0.0042547584,0.0080301762,-0.011602104
2023-06-13,CSCO,-0.0013654828,0.0050054789,-0.011173606
2023-06-13,IBM,0.00055992603,0.0057839155,-0.0061579943
2023-06-13,INTC,0.002589941,0.0058242083,-0.011299014
2023-06-13,MSFT,-0.0019522905,0.006763339,-0.0096266866
2023-06-13,NKE,-0.0061520934,0.010535836,-0.0077810287
2023-06-13,VZ,-0.0062755942,0.0084394217,-0.0071153641
2023-06-13,WMT,-0.0087226033,0.0091073513,-0.0057221651
2023-06-14,AAPL,-0.0041790605,0.012016296,-0.010873735
2023-06-14,AMGN,-0.0053867102,0.0084906816,-0.0074046254
2023-06-14,CRM,-0.0050225854,0.0090872049,-0.010851264
2023-06-14,CSCO,-0.0011198521,0.0058511496,-0.010062814
2023-06-14,IBM,0.00091969967,0.0060296059,-0.0067150593
2023-06-14,INTC,0.0015269518,0.0065572262,-0.0094926357
2023-06-14,MSFT,-0.0028706789,0.0072222948,-0.0094680786
2023-06-14,NKE,-0.0050271153,0.011218667,-0.0061519742
2023-06-14,VZ,-0.0043507218,0.0090205669,-0.0073766708
2023-06-14,WMT,-0.0045554042,0.0070643425,-0.0067505836
2023-06-15,AAPL,-0.00082409382,0.010577083,-0.012252927
2023-06-15,AMGN,-0.0067720413,0.0092437267,-0.0066466331
2023-06-15,CRM,-0.0057396889,0.0092389584,-0.011607885
2023-06-15,CSCO,0.0002502203,0.0048084259,-0.010867834
2023-06-15,IBM,0.0013570786,0.0045500994,-0.0066978931
2023-06-15,INTC,0.0034097433,0.0063198805,-0.010598838
2023-06-15,MSFT,-0.0016962886,0.006508708,-0.0095760822
2023-06-15,NKE,-0.0057954788,0.010716677,-0.0068605542
2023-06-15,VZ,-0.0050819516,0.0091038942,-0.0077188015
2023-06-15,WMT,-0.0059902072,0.0076098442,-0.0063554049
2023-06-16,AAPL,-0.0016381145,0.012814045,-0.011104286
2023-06-16,AMGN,-0.0044744015,0.0079756975,-0.0071302056
2023-06-16,CRM,-0.0053104162,0.0095834732,-0.010585606
2023-06-16,CSCO,0.0002374649,0.0053286552,-0.010178924
2023-06-16,IBM,0.0015269518,0.0051269531,-0.0067690015
2023-06-16,INTC,0.0031396151,0.0061045885,-0.0094122291
2023-06-16,MSFT,-0.0013068914,0.0074107647,-0.0098232627
2023-06-16,NKE,-0.0054591298,0.011173248,-0.0069506168
2023-06-16,VZ,-0.0034760833,0.0085597038,-0.007671237
2023-06-16,WMT,-0.0043978691,0.0068253279,-0.0063613653
2023-06-20,AAPL,-0.0032510757,0.011141062,-0.01191473
2023-06-20,AMGN,-0.0059285164,0.0092959404,-0.0072820783
2023-06-20,CRM,-0.0089473724,0.010903239,-0.009562254
2023-06-20,CSCO,-0.0010507703,0.0056247711,-0.010496378
2023-06-20,IBM,0.0012265444,0.0046621561,-0.006482482
2023-06-20,INTC,0.0023282766,0.0064053535,-0.0091667771
2023-06-20,MSFT,-0.0026542544,0.0066483021,-0.0090229511
2023-06-20,NKE,-0.0067996979,0.01120019,-0.0063379407
2023-06-20,VZ,-0.0041232109,0.0080832243,-0.0076410174
2023-06-20,WMT,-0.002227962,0.0058889389,-0.0075247288
2023-06-21,AAPL,-0.001724422,0.011555433,-0.012139797
2023-06-21,AMGN,-0.005756557,0.0090429783,-0.0075953603
2023-06-21,CRM,-0.0069381595,0.010522366,-0.010520399
2023-06-21,CSCO,0.00086057186,0.0035939217,-0.011700809
2023-06-21,IBM,0.00014257431,0.0057703257,-0.0063121319
2023-06-21,INTC,0.0044043064,0.0056391954,-0.010365725
2023-06-21,MSFT,0.0011351109,0.006061554,-0.01013118
2023-06-21,NKE,-0.0073678493,0.011891484,-0.0067238808
2023-06-21,VZ,-0.0052701235,0.0093170404,-0.0078707933
2023-06-21,WMT,-0.0073317885,0.0078145266,-0.005810678
2023-06-22,AAPL,-0.003683269,0.011486292,-0.011180162
2023-06-22,AMGN,-0.0043271184,0.0086580515,-0.0078173876
2023-06-22,CRM,-0.0058632493,0.010674119,-0.010432363
2023-06-22,CSCO,-0.00023728609,0.0049053431,-0.01042372
2023-06-22,IBM,0.0011093616,0.0059609413,-0.0062800646
2023-06-22,INTC,0.0037266016,0.0064452887,-0.0093126297
2023-06-22,MSFT,-0.0013821125,0.0072004795,-0.0096761584
2023-06-22,NKE,-0.006721437,0.011929154,-0.0055265427
2023-06-22,VZ,-0.0048695803,0.0090911388,-0.0070845485
2023-06-22,WMT,-0.004581809,0.0073131323,-0.0064597726
2023-06-23,AAPL,-0.0030627847,0.011535048,-0.010902643
2023-06-23,AMGN,-0.0070942044,0.0093598366,-0.0069996715
2023-06-23,CRM,-0.0046079755,0.0090783834,-0.010817766
2023-06-23,CSCO,-0.0015445352,0.0051730871,-0.010763705
2023-06-23,IBM,-0.00012606382,0.0065225363,-0.0060053468
2023-06-23,INTC,0.0017414093,0.0066747665,-0.0099769235
2023-06-23,MSFT,-0.0030977726,0.0079972744,-0.0092785358
2023-06-23,NKE,-0.007178545,0.011800051,-0.0066193342
2023-06-23,VZ,-0.0059953332,0.0094588995,-0.0071457624
2023-06-23,WMT,-0.0077508688,0.0092010498,-0.0056500435
2023-06-26,AAPL,-0.0041772127,0.01277554,-0.012395203
2023-06-26,AMGN,-0.0049062967,0.010062456,-0.0079588294
2023-06-26,CRM,-0.0073514581,0.010491371,-0.010723054
2023-06-26,CSCO,-0.0024868846,0.0052520037,-0.010309815
2023-06-26,IBM,-0.00035667419,0.0061100721,-0.0067762733
2023-06-26,INTC,0.0011543036,0.0074326992,-0.010224581
2023-06-26,MSFT,-0.0039895177,0.008312583,-0.010054886
2023-06-26,NKE,-0.0058572292,0.010554194,-0.0077801347
2023-06-26,VZ,-0.0055245161,0.0088123083,-0.0080088377
2023-06-26,WMT,-0.0049063563,0.0072963238,-0.0072575212
2023-06-27,AAPL,-0.00067567825,0.011448741,-0.011621058
2023-06-27,AMGN,-0.0066412091,0.010522723,-0.0068137646
2023-06-27,CRM,-0.0048193932,0.008967042,-0.011458576
2023-06-27,CSCO,7.7843666e-05,0.0055021048,-0.011627078
2023-06-27,IBM,0.0015656948,0.0059374571,-0.0071904063
2023-06-27,INTC,0.0038307905,0.006747365,-0.011020005
2023-06-27,MSFT,-0.00171417,0.0075410604,-0.010103405
2023-06-27,NKE,-0.0054472685,0.010881305,-0.0078449845
2023-06-27,VZ,-0.0040206313,0.0089588165,-0.0081261396
2023-06-27,WMT,-0.0065270662,0.0085279942,-0.0060358644
2023-06-28,AAPL,-0.0019305348,0.011992455,-0.01099956
2023-06-28,AMGN,-0.0025684237,0.0093688965,-0.0083124638
2023-06-28,CRM,-0.00027322769,0.0096310377,-0.011132836
2023-06-28,CSCO,-0.00082439184,0.0054088831,-0.0096216202
2023-06-28,IBM,0.0013774633,0.0056004524,-0.0068829656
2023-06-28,INTC,0.0016021729,0.0077669621,-0.0099530816
2023-06-28,MSFT,-0.0033364296,0.0080674887,-0.0089244246
2023-06-28,NKE,-0.0051941276,0.01265204,-0.0070526004
2023-06-28,VZ,-0.0048470497,0.0090824366,-0.0074436665
2023-06-28,WMT,-0.0047033429,0.0080254078,-0.0064519644
2023-06-29,AAPL,-0.00032454729,0.011195421,-0.011474729
2023-06-29,AMGN,-0.008269608,0.010645986,-0.0067538023
2023-06-29,CRM,-0.0053902268,0.0093735456,-0.0096847415
2023-06-29,CSCO,-0.0010473132,0.0057700872,-0.011295676
2023-06-29,IBM,-0.0010889769,0.0058145523,-0.0069203973
2023-06-29,INTC,0.0011564493,0.0082843304,-0.0094671249
2023-06-29,MSFT,-0.0033664107,0.0074431896,-0.0094067454
2023-06-29,NKE,-0.0081917048,0.012372017,-0.0088346004
2023-06-29,VZ,-0.0052767992,0.0085585117,-0.0072485805
2023-06-29,WMT,-0.0069619417,0.0085502863,-0.005949676
2023-06-30,AAPL,-0.0035722256,0.013524771,-0.01132226
2023-06-30,AMGN,-0.0073148012,0.012004137,-0.0074594021
2023-06-30,CRM,-0.016407609,0.016425848,-0.0094943047
2023-06-30,CSCO,-0.0044441819,0.0078048706,-0.010022521
2023-06-30,IBM,-0.00029087067,0.0059376955,-0.0065273643
2023-06-30,INTC,-0.0028953552,0.0083528757,-0.0084943175
2023-06-30,MSFT,-0.0040451288,0.0092468262,-0.0085862875
2023-06-30,NKE,-0.009569943,0.013259411,-0.0066815615
2023-06-30,VZ,-0.0030418038,0.0081499815,-0.0082746744
2023-06-30,WMT,-0.0025795102,0.0063437223,-0.0069929361
2023-07-03,AAPL,-0.0041930676,0.010962963,-0.015039682
2023-07-03,AMGN,-0.0077634454,0.01358223,-0.0064463615
2023-07-03,CRM,-0.0079261661,0.012959003,-0.015381634
2023-07-03,CSCO,-0.0046228766,0.0095279217,-0.011508763
2023-07-03,IBM,0.0010499954,0.0055296421,-0.0079774261
2023-07-03,INTC,0.0025137663,0.0084639788,-0.012281299
2023-07-03,MSFT,-0.00043290854,0.0090124607,-0.011822343
2023-07-03,NKE,-0.0070152283,0.011451364,-0.0097341537
2023-07-03,VZ,-0.0040790439,0.0088584423,-0.0099766254
2023-07-03,WMT,-0.0069607496,0.0090407133,-0.0062626004
2023-07-05,AAPL,-0.0068477988,0.0145787,-0.010633767
2023-07-05,AMGN,-0.005058229,0.012446761,-0.0075410604
2023-07-05,CRM,-0.0057662129,0.016170502,-0.013219714
2023-07-05,CSCO,-0.0070604086,0.012212873,-0.0090845823
2023-07-05,IBM,-0.0016836524,0.0087798834,-0.0070380569
2023-07-05,INTC,-0.0029760599,0.012576818,-0.0094988346
2023-07-05,MSFT,-0.0040147305,0.012420535,-0.0088403821
2023-07-05,NKE,-0.0072420835,0.013885617,-0.0083448887
2023-07-05,VZ,-0.0057980418,0.011291504,-0.0072247386
2023-07-05,WMT,-0.0055014491,0.010693431,-0.0057138801
2023-07-06,AAPL,0.0010691881,0.0091788769,-0.0098249912
2023-07-06,AMGN,-0.0025226474,0.0076465607,-0.0076053739
2023-07-06,CRM,0.0022894144,0.0093337297,-0.011060476
2023-07-06,CSCO,-0.00025999546,0.0050885677,-0.0085536838
2023-07-06,IBM,0.0021293163,0.0049179792,-0.006616354
2023-07-06,INTC,0.00081753731,0.0065252781,-0.0087854266
2023-07-06,MSFT,-0.0020204186,0.006378293,-0.0074909925
2023-07-06,NKE,0.00044500828,0.0078654289,-0.0073562264
2023-07-06,VZ,-0.0017830729,0.0062924623,-0.0070163012
2023-07-06,WMT,-0.0011198521,0.0058251619,-0.0058675408
2023-07-07,AAPL,-0.0035887957,0.010750532,-0.0096715093
2023-07-07,AMGN,-0.0067147613,0.0072343349,-0.0052461624
2023-07-07,CRM,-0.0067458749,0.0082132816,-0.0065983534
2023-07-07,CSCO,-0.0015519261,0.0053025484,-0.0090685487
2023-07-07,IBM,-0.00065493584,0.0051505566,-0.0062520504
2023-07-07,INTC,-0.0015796423,0.0066435337,-0.0087991953
2023-07-07,MSFT,-0.0063992739,0.0075809956,-0.0082832575
2023-07-07,NKE,-0.0055445433,0.0097314119,-0.0074775219
2023-07-07,VZ,-0.0039410591,0.007646203,-0.0064457655
2023-07-07,WMT,-0.0047798753,0.0067613125,-0.005851984
2023-07-10,AAPL,-0.0054292083,0.013793707,-0.0090913773
2023-07-10,AMGN,-0.0026012659,0.0074288845,-0.0067561865
2023-07-10,CRM,-0.0083307624,0.010662794,-0.0069768429
2023-07-10,CSCO,-0.0015335083,0.0071921349,-0.0091361403
2023-07-10,IBM,0.0014976263,0.0051301718,-0.0066150427
2023-07-10,INTC,0.00021910667,0.0073486567,-0.0084363818
2023-07-10,MSFT,-0.0049966574,0.0081738234,-0.0079236627
2023-07-10,NKE,-0.007909596,0.011075258,-0.0058124065
2023-07-10,VZ,-0.00068700314,0.0061746836,-0.0077474713
2023-07-10,WMT,-0.0011799932,0.0049854517,-0.0068964958
2023-07-11,AAPL,-0.0041646957,0.011693835,-0.011644781
2023-07-11,AMGN,-0.0063543916,0.0076659918,-0.0070604086
2023-07-11,CRM,-0.0086259246,0.010288835,-0.0081213713
2023-07-11,CSCO,-0.0016400218,0.0070874691,-0.0098760128
2023-07-11,IBM,-0.0010026693,0.0052199364,-0.0059793591
2023-07-11,INTC,-0.00080251694,0.0066063404,-0.0089052916
2023-07-11,MSFT,-0.0033401847,0.0068584681,-0.0083246231
2023-07-11,NKE,-0.0082376003,0.011291385,-0.0075868368
2023-07-11,VZ,-0.002844274,0.007121563,-0.0078383088
2023-07-11,WMT,-0.0031026602,0.0065765381,-0.0069006681
2023-07-12,AAPL,-0.005862236,0.012855291,-0.011866033
2023-07-12,AMGN,-0.007833302,0.010341763,-0.0062839985
2023-07-12,CRM,-0.0088605285,0.011625171,-0.010416985
2023-07-12,CSCO,-0.0016033649,0.0052756071,-0.011035562
2023-07-12,IBM,0.00093209743,0.0058276653,-0.0072456002
2023-07-12,INTC,0.0011332035,0.0064934492,-0.0091266632
2023-07-12,MSFT,-0.0034810901,0.0077522993,-0.0088096261
2023-07-12,NKE,-0.0082295537,0.011407971,-0.0072910786
2023-07-12,VZ,-0.0029773712,0.0070952177,-0.0084187388
2023-07-12,WMT,-0.0037453175,0.0062856674,-0.0072509646
2023-07-13,AAPL,-0.0027312636,0.011929154,-0.011664748
2023-07-13,AMGN,-0.0066645145,0.010378599,-0.0066830516
2023-07-13,CRM,-0.0038135052,0.010014772,-0.01139003
2023-07-13,CSCO,-0.0024353862,0.0057057142,-0.0098121166
2023-07-13,IBM,-0.00067698956,0.0060323477,-0.006462276
2023-07-13,INTC,0.00058937073,0.0067409277,-0.010181427
2023-07-13,MSFT,-0.0037264824,0.0078434944,-0.0088862777
2023-07-13,NKE,-0.0062583089,0.011585474,-0.0068603754
2023-07-13,VZ,-0.0040799975,0.0084297657,-0.0075260997
2023-07-13,WMT,-0.007979691,0.0088336468,-0.0058803558
2023-07-14,AAPL,-0.0062637329,0.013592482,-0.012615442
2023-07-14,AMGN,-0.0033327937,0.0071943998,-0.0085842013
2023-07-14,CRM,-0.0062846541,0.011899233,-0.011897385
2023-07-14,CSCO,-0.0049438477,0.0062423944,-0.010403156
2023-07-14,IBM,9.1195107e-05,0.006370306,-0.0075088143
2023-07-14,INTC,-0.0012523532,0.0069198608,-0.010891736
2023-07-14,MSFT,-0.0039787292,0.0086612701,-0.0099505186
2023-07-14,NKE,-0.006174624,0.011009932,-0.0085827112
2023-07-14,VZ,-0.0040566325,0.0089002848,-0.0084820986
2023-07-14,WMT,-0.005292654,0.0069224834,-0.0072938204
2023-07-17,AAPL,-0.00071007013,0.012030482,-0.01162231
2023-07-17,AMGN,-0.0043581724,0.0090509653,-0.0069308281
2023-07-17,CRM,-0.007987082,0.010603786,-0.010112882
2023-07-17,CSCO,-0.0014922619,0.0059056282,-0.0092135668
2023-07-17,IBM,0.00086641312,0.0062003136,-0.0067768097
2023-07-17,INTC,0.0018886328,0.0071390867,-0.0088439584
2023-07-17,MSFT,-0.0016170144,0.0078622103,-0.0095989704
2023-07-17,NKE,-0.0084941387,0.012548804,-0.0059155822
2023-07-17,VZ,-0.0043253303,0.0092722178,-0.0077685118
2023-07-17,WMT,-0.0027844906,0.0076928139,-0.0064451694
2023-07-18,AAPL,-0.0031384826,0.012652993,-0.0097741485
2023-07-18,AMGN,-0.0057229996,0.0098845959,-0.0058147311
2023-07-18,CRM,-0.0050835013,0.010419965,-0.0089876056
2023-07-18,CSCO,-0.0018360615,0.0060716867,-0.0091831684
2023-07-18,IBM,0.0012563467,0.005592227,-0.0067943931
2023-07-18,INTC,0.0001667738,0.0060946941,-0.0082207322
2023-07-18,MSFT,-0.0026289225,0.0080746412,-0.0079579949
2023-07-18,NKE,-0.0080704689,0.012279391,-0.0061737299
2023-07-18,VZ,-0.0031094551,0.0077922344,-0.0071033835
2023-07-18,WMT,-0.0059614182,0.0072337389,-0.0055298805
2023-07-19,AAPL,-0.005431056,0.011588454,-0.01530081
2023-07-19,AMGN,-0.003048718,0.007160306,-0.0097052455
2023-07-19,CRM,-0.015488446,0.013508797,-0.010584712
2023-07-19,CSCO,-0.0059717298,0.0061277151,-0.011533201
2023-07-19,IBM,-0.00078469515,0.0053001642,-0.0080994964
2023-07-19,INTC,-0.0012518764,0.0060174465,-0.01265353
2023-07-19,MSFT,-0.0052361488,0.0066292286,-0.010404348
2023-07-19,NKE,-0.0081747174,0.0095945597,-0.0099726319
2023-07-19,VZ,-0.0031219721,0.0074592829,-0.010598242
2023-07-19,WMT,-0.0037249923,0.0063580275,-0.0078138113
2023-07-20,AAPL,-0.0047875047,0.013836622,-0.0097104311
2023-07-20,AMGN,-0.0031821132,0.0083031654,-0.0074160099
2023-07-20,CRM,-0.0043167472,0.010823607,-0.0097839832
2023-07-20,CSCO,-2.7060509e-05,0.0064913034,-0.0097838044
2023-07-20,IBM,0.0034205914,0.0056294203,-0.0073236227
2023-07-20,INTC,0.0036923885,0.0072746277,-0.0093769431
2023-07-20,MSFT,-0.001727581,0.0071480274,-0.0092797875
2023-07-20,NKE,-0.0048943162,0.011816144,-0.0059170723
2023-07-20,VZ,-0.0016707182,0.0083068609,-0.0082720518
2023-07-20,WMT,-0.0023698807,0.0066224337,-0.0068314672
2023-07-21,AAPL,-0.0048722029,0.012188554,-0.010323048
2023-07-21,AMGN,-0.0017989278,0.006528616,-0.0080385804
2023-07-21,CRM,-0.0032091141,0.0098818541,-0.010370016
2023-07-21,CSCO,-0.0028985143,0.0058588982,-0.0087557435
2023-07-21,IBM,-0.0017340183,0.0059921741,-0.0056884885
2023-07-21,INTC,-0.0014371276,0.0079010725,-0.0083422661
2023-07-21,MSFT,-0.0043225288,0.0081378222,-0.0077867508
2023-07-21,NKE,-0.0060713291,0.011548877,-0.0068802834
2023-07-21,VZ,-0.0041103959,0.0084600449,-0.007593751
2023-07-21,WMT,-0.004750371,0.0066709518,-0.0061623454
2023-07-24,AAPL,-0.0038802028,0.012872219,-0.010469854
2023-07-24,AMGN,-0.00385499,0.0077636242,-0.0075156689
2023-07-24,CRM,-0.010047495,0.011221766,-0.0086174607
2023-07-24,CSCO,-0.0011623502,0.0059973001,-0.0097964406
2023-07-24,IBM,-0.00048619509,0.0061722994,-0.0069260597
2023-07-24,INTC,-0.00015038252,0.0056291819,-0.0088527799
2023-07-24,MSFT,-0.00390172,0.0083343983,-0.0082676411
2023-07-24,NKE,-0.010122597,0.011662841,-0.007158041
2023-07-24,VZ,-0.0029640794,0.0068275928,-0.0085601211
2023-07-24,WMT,-0.0016884804,0.0057489872,-0.0074287653
2023-07-25,AAPL,-0.0043725967,0.013568044,-0.010664999
2023-07-25,AMGN,-0.0048407912,0.0092033148,-0.00712955
2023-07-25,CRM,-0.012989938,0.013331532,-0.0084373951
2023-07-25,CSCO,-0.0027153492,0.0061831474,-0.010832906
2023-07-25,IBM,0.00030648708,0.0056934357,-0.0070155859
2023-07-25,INTC,0.00045156479,0.0060613155,-0.0096948147
2023-07-25,MSFT,-0.004537046,0.0082144737,-0.0086801648
2023-07-25,NKE,-0.0080128908,0.011784434,-0.0067884326
2023-07-25,VZ,-0.0019969344,0.0072821379,-0.0084291101
2023-07-25,WMT,-0.0035822988,0.0065264702,-0.0068989396
2023-07-26,AAPL,-0.0050100088,0.01298666,-0.012798488
2023-07-26,AMGN,-0.005807519,0.0091052055,-0.0074614286
2023-07-26,CRM,-0.010998726,0.014116883,-0.010314703
2023-07-26,CSCO,-0.0041663647,0.0054000616,-0.010988772
2023-07-26,IBM,-0.00071161985,0.0053465366,-0.0075107813
2023-07-26,INTC,-0.00040715933,0.0059810877,-0.010924935
2023-07-26,MSFT,-0.0050130486,0.0082050562,-0.0092400908
2023-07-26,NKE,-0.0091455579,0.011491299,-0.0081721544
2023-07-26,VZ,-0.0032302141,0.0073212385,-0.0098558664
2023-07-26,WMT,-0.0021564364,0.0060194731,-0.0084118843
2023-07-27,AAPL,-0.0047075152,0.014489889,-0.010628998
2023-07-27,AMGN,-0.0058609843,0.0090938807,-0.0067029595
2023-07-27,CRM,-0.0069026351,0.013142586,-0.010230839
2023-07-27,CSCO,-0.0028249025,0.0068619251,-0.010151386
2023-07-27,IBM,-0.00012522936,0.0055040121,-0.0061759353
2023-07-27,INTC,0.00097894669,0.0071653128,-0.0096803308
2023-07-27,MSFT,-0.0046105981,0.0081330538,-0.0086371303
2023-07-27,NKE,-0.0079232454,0.012135983,-0.0078150034
2023-07-27,VZ,-0.0023298264,0.0086867809,-0.0086853504
2023-07-27,WMT,-0.004285574,0.007140398,-0.0070929527
2023-07-28,AAPL,-0.003176868,0.012612939,-0.011363864
2023-07-28,AMGN,-0.0036906004,0.0084894896,-0.0073414445
2023-07-28,CRM,-0.0060945153,0.011172891,-0.01116699
2023-07-28,CSCO,-0.0024031997,0.0055680275,-0.010255814
2023-07-28,IBM,0.0003067255,0.0050448179,-0.0070014596
2023-07-28,INTC,0.0018795729,0.0066599846,-0.010299742
2023-07-28,MSFT,-0.0023970008,0.0080046654,-0.0085889101
2023-07-28,NKE,-0.0075343251,0.012515068,-0.0077991486
2023-07-28,VZ,-0.0026964545,0.0081617832,-0.0082463622
2023-07-28,WMT,-0.0045490265,0.007138133,-0.0063714385
2023-07-31,AAPL,-0.0037365556,0.012658596,-0.0089021325
2023-07-31,AMGN,-0.0057958961,0.0091408491,-0.0063150525
2023-07-31,CRM,-0.0077466965,0.011423945,-0.010577619
2023-07-31,CSCO,-0.0032355189,0.0065670013,-0.010060489
2023-07-31,IBM,-0.00097966194,0.0052411556,-0.0070782304
2023-07-31,INTC,-1.1026859e-05,0.007573247,-0.0092913508
2023-07-31,MSFT,-0.0047111511,0.0085277557,-0.0081524253
2023-07-31,NKE,-0.0077633858,0.012352824,-0.0076349378
2023-07-31,VZ,-0.003044486,0.0085350275,-0.0084445477
2023-07-31,WMT,-0.0046638846,0.0080821514,-0.0067585707
2023-08-01,AAPL,-0.0065864921,0.014292598,-0.0096472502
2023-08-01,AMGN,-0.0053688884,0.0097362995,-0.0064285994
2023-08-01,CRM,-0.013890743,0.016010165,-0.0092613101
2023-08-01,CSCO,-0.0036581755,0.0072337389,-0.0097441673
2023-08-01,IBM,-0.00034290552,0.0064899921,-0.0057961941
2023-08-01,INTC,-0.0029301643,0.008923173,-0.0069850683
2023-08-01,MSFT,-0.0049815774,0.0095117092,-0.007279098
2023-08-01,NKE,-0.0078883767,0.013277054,-0.0073747635
2023-08-01,VZ,-0.0020834804,0.0072410107,-0.0080142021
2023-08-01,WMT,-0.0023710132,0.006072998,-0.0065279007
2023-08-02,AAPL,-0.0081419349,0.012963533,-0.014511406
2023-08-02,AMGN,-0.0045753717,0.0098773241,-0.0075567365
2023-08-02,CRM,-0.013355076,0.015799165,-0.01321286
2023-08-02,CSCO,-0.0084231496,0.010486841,-0.010658979
2023-08-02,IBM,-0.0017007589,0.0060780048,-0.0081724524
2023-08-02,INTC,-0.002194941,0.0085434914,-0.011128604
2023-08-02,MSFT,-0.0054274201,0.01027298,-0.010635972
2023-08-02,NKE,-0.0082518458,0.011470556,-0.01036185
2023-08-02,VZ,-0.0049361587,0.0081708431,-0.0099708438
2023-08-02,WMT,-0.0059242249,0.0079251528,-0.0068338513
2023-08-03,AAPL,-0.00798136,0.014184356,-0.01035881
2023-08-03,AMGN,-0.0041540861,0.01107657,-0.0067769289
2023-08-03,CRM,-0.0063298941,0.01567328,-0.012372315
2023-08-03,CSCO,-0.0064082146,0.012267232,-0.0088600516
2023-08-03,IBM,-0.0027455091,0.008638382,-0.0067360997
2023-08-03,INTC,-0.0025437474,0.012193799,-0.0093660951
2023-08-03,MSFT,-0.0037497878,0.011979818,-0.0088983178
2023-08-03,NKE,-0.0078392029,0.013358712,-0.007933259
2023-08-03,VZ,-0.0066071749,0.010784507,-0.0069737434
2023-08-03,WMT,-0.0048654675,0.011131883,-0.0055285096
2023-08-04,AAPL,0.0015790462,0.01000011,-0.0087089539
2023-08-04,AMGN,-0.0033958554,0.0095572472,-0.0063481331
2023-08-04,CRM,-0.0021166205,0.010522008,-0.010685384
2023-08-04,CSCO,-0.00024008751,0.0060991049,-0.0092319846
2023-08-04,IBM,0.00053679943,0.005805254,-0.0058986545
2023-08-04,INTC,0.00034248829,0.0074038506,-0.0078811049
2023-08-04,MSFT,-0.0030480027,0.0068464279,-0.0075114965
2023-08-04,NKE,-0.0041304231,0.0098304749,-0.0074109435
2023-08-04,VZ,-0.0019435883,0.0064871311,-0.0063872933
2023-08-04,WMT,-0.0019968748,0.0067723989,-0.0053108335
2023-08-07,AAPL,-0.0036388636,0.01246953,-0.0094702244
2023-08-07,AMGN,-0.010375619,0.010237932,-0.0037935972
2023-08-07,CRM,-0.0073300004,0.010993361,-0.0070819259
2023-08-07,CSCO,-0.0019491315,0.0061974525,-0.0097158551
2023-08-07,IBM,-0.00082826614,0.0062265396,-0.0061749816
2023-08-07,INTC,-0.001347363,0.0076105595,-0.008800149
2023-08-07,MSFT,-0.0047519803,0.0082505941,-0.0086421371
2023-08-07,NKE,-0.0064386725,0.01107502,-0.0069879889
2023-08-07,VZ,-0.0039002895,0.0080684423,-0.0068819523
2023-08-07,WMT,-0.0061137676,0.0073680878,-0.0060412288
2023-08-08,AAPL,-0.0026747584,0.011903644,-0.0095640421
2023-08-08,AMGN,-0.0036814809,0.0074874163,-0.0070311427
2023-08-08,CRM,-0.0051026344,0.009978056,-0.0088170171
2023-08-08,CSCO,-0.00072836876,0.0065045357,-0.0086989403
2023-08-08,IBM,0.0014811754,0.0057241917,-0.006108582
2023-08-08,INTC,0.0027780533,0.0078099966,-0.008916676
2023-08-08,MSFT,-0.0037169456,0.0068349838,-0.0087323189
2023-08-08,NKE,-0.0071220398,0.010635734,-0.0053148866
2023-08-08,VZ,-0.0025356412,0.0077581406,-0.0068994164
2023-08-08,WMT,-0.0037965775,0.0067819357,-0.0059170723
2023-08-09,AAPL,-0.0018564463,0.010730624,-0.0099213123
2023-08-09,AMGN,-0.0072869062,0.0085836649,-0.0045707822
2023-08-09,CRM,-0.00048536062,0.0064213276,-0.010407865
2023-08-09,CSCO,-0.00020682812,0.0058164597,-0.009162724
2023-08-09,IBM,0.0004543066,0.0052199364,-0.0061875582
2023-08-09,INTC,0.003208518,0.0068613291,-0.0082452893
2023-08-09,MSFT,-0.00036293268,0.0060522556,-0.008380115
2023-08-09,NKE,-0.0058580041,0.011206985,-0.0049557686
2023-08-09,VZ,-0.0038273335,0.0082722902,-0.005872488
2023-08-09,WMT,-0.0063446164,0.0076514482,-0.0050936341
2023-08-10,AAPL,-0.0025383234,0.011696696,-0.010764897
2023-08-10,AMGN,-0.005822897,0.0082118511,-0.0062816143
2023-08-10,CRM,-0.0076014996,0.0099477768,-0.008528173
2023-08-10,CSCO,-0.0015308857,0.0048673153,-0.010823846
2023-08-10,IBM,-0.00058966875,0.0063029528,-0.0062846541
2023-08-10,INTC,0.00058019161,0.0064492226,-0.0092055202
2023-08-10,MSFT,-0.0039021969,0.0071895123,-0.0081548691
2023-08-10,NKE,-0.0063161254,0.010765791,-0.0058520436
2023-08-10,VZ,-0.0041752458,0.0075112581,-0.0071649551
2023-08-10,WMT,-0.0049114823,0.0069317818,-0.0063696504
2023-08-11,AAPL,-0.0034627318,0.011047721,-0.01089257
2023-08-11,AMGN,-0.0072060823,0.010052562,-0.0061006546
2023-08-11,CRM,-0.0032377243,0.007583499,-0.010751843
2023-08-11,CSCO,-5.2690506e-05,0.0060331821,-0.0094943047
2023-08-11,IBM,0.00053048134,0.0055197477,-0.0055998564
2023-08-11,INTC,0.001234293,0.0072573423,-0.0081641078
2023-08-11,MSFT,-0.0029482841,0.0070981979,-0.008577764
2023-08-11,NKE,-0.0071442127,0.010836601,-0.0056015849
2023-08-11,VZ,-0.0054240227,0.0084627867,-0.0064490438
2023-08-11,WMT,-0.0071808696,0.0085024834,-0.0059224963
2023-08-14,AAPL,-0.0052992702,0.011974454,-0.013876081
2023-08-14,AMGN,-0.006331563,0.0077136755,-0.0083105564
2023-08-14,CRM,-0.0042113662,0.0084373951,-0.011462092
2023-08-14,CSCO,-0.0037322044,0.0050133467,-0.011108518
2023-08-14,IBM,-0.00056177378,0.0060868263,-0.0070872903
2023-08-14,INTC,0.00098729134,0.0057959557,-0.011122823
2023-08-14,MSFT,-0.0032153726,0.007302165,-0.010183275
2023-08-14,NKE,-0.0072897673,0.0098487139,-0.0080213547
2023-08-14,VZ,-0.0073065162,0.0086107254,-0.0081342459
2023-08-14,WMT,-0.0079627633,0.0085800886,-0.0061959624
2023-08-15,AAPL,-0.0027992129,0.012427568,-0.011319935
2023-08-15,AMGN,-0.0060095191,0.010112047,-0.0074218512
2023-08-15,CRM,-0.0045526624,0.0097053051,-0.011360765
2023-08-15,CSCO,0.00040364265,0.0052181482,-0.010502398
2023-08-15,IBM,0.0021669865,0.0059251785,-0.0071101785
2023-08-15,INTC,0.003329277,0.0070391893,-0.0096862316
2023-08-15,MSFT,-0.0013277531,0.0072422028,-0.010601163
2023-08-15,NKE,-0.0049069524,0.010380626,-0.0069962144
2023-08-15,VZ,-0.0043136477,0.009095788,-0.0075751543
2023-08-15,WMT,-0.0055476427,0.0077496767,-0.0062272549
2023-08-16,AAPL,-0.0014979243,0.010833859,-0.010730326
2023-08-16,AMGN,-0.0022621751,0.0084600449,-0.0070480108
2023-08-16,CRM,-0.0014786124,0.0092169046,-0.010249078
2023-08-16,CSCO,-0.00093591213,0.0047092438,-0.0098593235
2023-08-16,IBM,-0.00066739321,0.0058325529,-0.0058627129
2023-08-16,INTC,0.00017905235,0.0068095922,-0.0083964467
2023-08-16,MSFT,-0.0021261573,0.0071684122,-0.0086207986
2023-08-16,NKE,-0.0046498775,0.011646152,-0.0054998994
2023-08-16,VZ,-0.0049814582,0.0092103481,-0.0069813132
2023-08-16,WMT,-0.0058123469,0.0073157549,-0.0056040883
2023-08-17,AAPL,-0.0014462471,0.010839939,-0.012039542
2023-08-17,AMGN,-0.0046881437,0.0076156855,-0.0079336166
2023-08-17,CRM,-0.007781148,0.0097043514,-0.01010251
2023-08-17,CSCO,-0.00069183111,0.0036773682,-0.010147512
2023-08-17,IBM,-0.00062650442,0.0056407452,-0.0070183277
2023-08-17,INTC,0.0015820265,0.0064245462,-0.010221064
2023-08-17,MSFT,-0.0017309189,0.005943656,-0.0096367598
2023-08-17,NKE,-0.006575346,0.010861993,-0.0072666407
2023-08-17,VZ,-0.0055087209,0.0082548857,-0.0076363683
2023-08-17,WMT,-0.004242301,0.0065201521,-0.0068454742
2023-08-18,AAPL,-0.0030328035,0.012428164,-0.01035589
2023-08-18,AMGN,-0.0061275959,0.010072947,-0.0065455437
2023-08-18,CRM,-0.011564791,0.010455728,-0.0082479119
2023-08-18,CSCO,-0.0007365942,0.005569458,-0.010032535
2023-08-18,IBM,0.00012564659,0.0059046745,-0.0057510734
2023-08-18,INTC,0.0017170906,0.0068668127,-0.0087580085
2023-08-18,MSFT,-0.0019165874,0.0070388317,-0.0087191463
2023-08-18,NKE,-0.0086951256,0.012386799,-0.0050503016
2023-08-18,VZ,-0.0035221577,0.007956028,-0.0071648359
2023-08-18,WMT,-0.0039070249,0.0068852901,-0.00627321
2023-08-21,AAPL,-0.0018945336,0.010765433,-0.011647284
2023-08-21,AMGN,-0.0068930984,0.0095475912,-0.0069413185
2023-08-21,CRM,-0.0063202977,0.0092533827,-0.01055038
2023-08-21,CSCO,3.6120415e-05,0.00428617,-0.010615706
2023-08-21,IBM,0.0018696785,0.0052170753,-0.006598711
2023-08-21,INTC,0.003649354,0.005671382,-0.010105848
2023-08-21,MSFT,-0.00092113018,0.0067296028,-0.0098877549
2023-08-21,NKE,-0.007678628,0.011050463,-0.0057669282
2023-08-21,VZ,-0.0040926933,0.0078600645,-0.0077707171
2023-08-21,WMT,-0.0063866973,0.0073549747,-0.0058230162
2023-08-22,AAPL,-0.0054240823,0.011947513,-0.0117746
2023-08-22,AMGN,-0.0055915713,0.0090867281,-0.0079118013
2023-08-22,CRM,-0.0080553889,0.0108459,-0.01088655
2023-08-22,CSCO,-0.0041415095,0.0055685043,-0.0096564293
2023-08-22,IBM,0.00046169758,0.0050525665,-0.0073596835
2023-08-22,INTC,0.00043523312,0.0058610439,-0.010785818
2023-08-22,MSFT,-0.0035410523,0.0079605579,-0.0095764399
2023-08-22,NKE,-0.0064316392,0.01046443,-0.007809639
2023-08-22,VZ,-0.0039161444,0.0083802938,-0.0085504055
2023-08-22,WMT,-0.0056757927,0.006947875,-0.0069704652
2023-08-23,AAPL,-0.0035822392,0.010802865,-0.011107743
2023-08-23,AMGN,-0.0010347962,0.0067559481,-0.0083964467
2023-08-23,CRM,-0.0031057,0.0090233088,-0.011746764
2023-08-23,CSCO,-0.0017809272,0.0046428442,-0.009716928
2023-08-23,IBM,-0.00022262335,0.0055810213,-0.0068092346
2023-08-23,INTC,0.0014559031,0.0055773258,-0.010166228
2023-08-23,MSFT,-0.0032176971,0.0066795349,-0.0094372034
2023-08-23,NKE,-0.0057209134,0.010148883,-0.0066229105
2023-08-23,VZ,-0.0044618249,0.0084412098,-0.0080077052
2023-08-23,WMT,-0.004350543,0.0070940256,-0.0066473484
2023-08-24,AAPL,-0.0045388341,0.012900114,-0.01034981
2023-08-24,AMGN,-0.0015061498,0.0067282915,-0.0078878403
2023-08-24,CRM,-0.0026472807,0.0084147453,-0.011073291
2023-08-24,CSCO,-0.0013056397,0.0057287216,-0.0094147325
2023-08-24,IBM,4.6014786e-05,0.0057940483,-0.0062033534
2023-08-24,INTC,-1.7821789e-05,0.0061303377,-0.0084608793
2023-08-24,MSFT,-0.0026355386,0.0072000027,-0.0092471838
2023-08-24,NKE,-0.0044639707,0.010071635,-0.0062824488
2023-08-24,VZ,-0.0046869516,0.0089102983,-0.0072050095
2023-08-24,WMT,-0.0025548935,0.0058708191,-0.0068064928
2023-08-25,AAPL,-0.00082200766,0.010876298,-0.01153779
2023-08-25,AMGN,-0.0071105957,0.0091965199,-0.0057017207
2023-08-25,CRM,-0.0044205189,0.0083180666,-0.010125935
2023-08-25,CSCO,-5.954504e-05,0.004606843,-0.010777593
2023-08-25,IBM,-0.00018876791,0.0056484938,-0.0058102608
2023-08-25,INTC,0.0023480654,0.0066022873,-0.0091049075
2023-08-25,MSFT,-0.0020930767,0.0069794655,-0.0084021091
2023-08-25,NKE,-0.0045169592,0.010044098,-0.0070202351
2023-08-25,VZ,-0.0053390861,0.0087304115,-0.0069978833
2023-08-25,WMT,-0.0047180653,0.0069050789,-0.0058037043
2023-08-28,AAPL,-0.0010687709,0.011488914,-0.010719597
2023-08-28,AMGN,-0.0045432448,0.0075464249,-0.0065575242
2023-08-28,CRM,-0.0015192628,0.0069112778,-0.0090820193
2023-08-28,CSCO,0.0018004179,0.0046267509,-0.010059595
2023-08-28,IBM,0.00078558922,0.0057120323,-0.0060657263
2023-08-28,INTC,0.0043686628,0.005340457,-0.0092453361
2023-08-28,MSFT,-0.00071007013,0.0061342716,-0.0083462
2023-08-28,NKE,-0.0062280297,0.011345267,-0.0067332983
2023-08-28,VZ,-0.0041612983,0.0081307888,-0.0067590475
2023-08-28,WMT,-0.005826056,0.0080771446,-0.0052780509
2023-08-29,AAPL,-0.0024617314,0.011628151,-0.011155844
2023-08-29,AMGN,-0.0084016919,0.0099155903,-0.0066689253
2023-08-29,CRM,-0.0073752403,0.0091248751,-0.0098834038
2023-08-29,CSCO,-0.0027889013,0.0055147409,-0.010743797
2023-08-29,IBM,-0.0012296438,0.0055282116,-0.0063301921
2023-08-29,INTC,0.0012907982,0.0074636936,-0.0097336769
2023-08-29,MSFT,-0.0043958426,0.0077700615,-0.0089018345
2023-08-29,NKE,-0.0077943206,0.012170553,-0.0072341561
2023-08-29,VZ,-0.0048178434,0.0085785389,-0.0076774359
2023-08-29,WMT,-0.0061615109,0.0082169771,-0.0064156055
2023-08-30,AAPL,-0.0041248798,0.012840152,-0.011286557
2023-08-30,AMGN,-0.0089055896,0.011383176,-0.0066673756
2023-08-30,CRM,-0.0083194375,0.011608243,-0.010091305
2023-08-30,CSCO,-0.0027883053,0.0064201355,-0.010259628
2023-08-30,IBM,0.00033843517,0.0061225891,-0.0060894489
2023-08-30,INTC,-0.0017299652,0.0077191591,-0.0082082748
2023-08-30,MSFT,-0.0043532848,0.0087970495,-0.0087008476
2023-08-30,NKE,-0.0071593523,0.012091637,-0.0063517094
2023-08-30,VZ,-0.0034339428,0.0080189705,-0.0076698065
2023-08-30,WMT,-0.0057396293,0.0072797537,-0.0064169168
2023-08-31,AAPL,-0.0045583248,0.011095405,-0.013856053
2023-08-31,AMGN,-0.0065644383,0.010586619,-0.0073441863
2023-08-31,CRM,-0.0056421161,0.010819793,-0.01478225
2023-08-31,CSCO,-0.0055945516,0.0083266497,-0.0108307
2023-08-31,IBM,-0.00044929981,0.0057975054,-0.0071750879
2023-08-31,INTC,0.00055253506,0.0078082085,-0.011615694
2023-08-31,MSFT,-0.0022093654,0.0091718435,-0.011197567
2023-08-31,NKE,-0.0062219501,0.010413051,-0.0098380446
2023-08-31,VZ,-0.0051591992,0.0084056854,-0.0094336867
2023-08-31,WMT,-0.0083745718,0.0097390413,-0.0055786371
2023-09-01,AAPL,-0.0063077807,0.013412595,-0.011164725
2023-09-01,AMGN,-0.0047965646,0.011798382,-0.0075811744
2023-09-01,CRM,-0.0054172873,0.013290763,-0.01283145
2023-09-01,CSCO,-0.0043424368,0.010597467,-0.0085964799
2023-09-01,IBM,-0.00054067373,0.0076845884,-0.006749928
2023-09-01,INTC,-0.0026473403,0.011215568,-0.0094456673
2023-09-01,MSFT,-0.0017023683,0.011064649,-0.0093562603
2023-09-01,NKE,-0.0055924058,0.012198329,-0.0079039335
2023-09-01,VZ,-0.0058404803,0.011004448,-0.0075868368
2023-09-01,WMT,-0.0044026375,0.010077119,-0.0055156946
2023-09-05,AAPL,-0.00051707029,0.010030031,-0.008977294
2023-09-05,AMGN,-0.0045415759,0.0090374947,-0.0065450072
2023-09-05,CRM,-0.0022162795,0.011601806,-0.01089263
2023-09-05,CSCO,-0.0017081499,0.0065237284,-0.0083044171
2023-09-05,IBM,-0.00012725592,0.0061148405,-0.0056170821
2023-09-05,INTC,-0.0014159083,0.0074112415,-0.0082833767
2023-09-05,MSFT,-0.0034832358,0.0068235397,-0.0067538619
2023-09-05,NKE,-0.0035532713,0.0098787546,-0.0069519281
2023-09-05,VZ,-0.0026328564,0.0066125393,-0.0068293214
2023-09-05,WMT,-0.0027447939,0.0065126419,-0.005708158
2023-09-06,AAPL,-0.0061606169,0.01275754,-0.0084068179
2023-09-06,AMGN,-0.0094869733,0.010056496,-0.0038122535
2023-09-06,CRM,-0.0080293417,0.0099058151,-0.0062192082
2023-09-06,CSCO,-0.0033462644,0.0067470074,-0.0085347891
2023-09-06,IBM,-0.0019340515,0.0058188438,-0.0057179928
2023-09-06,INTC,-0.0012934804,0.0069963932,-0.0087417364
2023-09-06,MSFT,-0.0044032931,0.0079667568,-0.007583499
2023-09-06,NKE,-0.0058972836,0.010502934,-0.0067205429
2023-09-06,VZ,-0.0024870634,0.0073986053,-0.0068799853
2023-09-06,WMT,-0.004750371,0.0064729452,-0.0060397387
2023-09-07,AAPL,-0.0054267049,0.013899803,-0.0087028146
2023-09-07,AMGN,-0.0039632916,0.0084753036,-0.0062530041
2023-09-07,CRM,-0.003909111,0.0093648434,-0.0073798299
2023-09-07,CSCO,-0.0025868416,0.006528616,-0.0082444549
2023-09-07,IBM,-0.00025326014,0.0055695772,-0.0058059096
2023-09-07,INTC,0.00019991398,0.0069117546,-0.0081100464
2023-09-07,MSFT,-0.0040292144,0.007502079,-0.0071951747
2023-09-07,NKE,-0.0071325302,0.01095283,-0.005189538
2023-09-07,VZ,0.00084877014,0.007114768,-0.0074116588
2023-09-07,WMT,-0.0025889277,0.0056875944,-0.0061715245
2023-09-08,AAPL,-0.0040985942,0.011962056,-0.010460734
2023-09-08,AMGN,-0.0064804554,0.0077797174,-0.0048497915
2023-09-08,CRM,-0.0016167164,0.0071777105,-0.0096952319
2023-09-08,CSCO,-0.0020884275,0.0055862665,-0.0086736083
2023-09-08,IBM,-0.00019568205,0.0052855015,-0.0061190724
2023-09-08,INTC,0.00043678284,0.007145524,-0.0080235004
2023-09-08,MSFT,-0.0032181144,0.0074620247,-0.0072182417
2023-09-08,NKE,-0.0067598224,0.010971785,-0.0055706501
2023-09-08,VZ,-0.0018824935,0.0076880455,-0.00728935
2023-09-08,WMT,-0.0040985346,0.006573081,-0.0057663918
2023-09-11,AAPL,-0.0048435926,0.012441039,-0.0099354982
2023-09-11,AMGN,-0.0058507323,0.0084966421,-0.0056610107
2023-09-11,CRM,-0.0062750578,0.0083612204,-0.008099854
2023-09-11,CSCO,-0.0022484064,0.0051689148,-0.009216547
2023-09-11,IBM,-0.00022041798,0.005350709,-0.0060465336
2023-09-11,INTC,-0.00098919868,0.0063980818,-0.0086899996
2023-09-11,MSFT,-0.0057966709,0.0076062679,-0.0071826577
2023-09-11,NKE,-0.0065298676,0.011952996,-0.0070669055
2023-09-11,VZ,-0.0010113716,0.0069277287,-0.0082131624
2023-09-11,WMT,-0.0040263534,0.0067449808,-0.0063698292
2023-09-12,AAPL,-0.0041177273,0.012278438,-0.010990798
2023-09-12,AMGN,-0.0071317554,0.0090837479,-0.0059064627
2023-09-12,CRM,-0.0057379603,0.0081019402,-0.0078552961
2023-09-12,CSCO,-0.0016312003,0.005182147,-0.0093272328
2023-09-12,IBM,0.00081634521,0.0047153234,-0.0056436062
2023-09-12,INTC,-0.00053352118,0.0063185692,-0.0082974434
2023-09-12,MSFT,-0.0043693781,0.0065290928,-0.0067890286
2023-09-12,NKE,-0.0063342452,0.010436296,-0.006898284
2023-09-12,VZ,-0.0018059015,0.0072083473,-0.0080145597
2023-09-12,WMT,-0.0047399998,0.0063972473,-0.0062539577
2023-09-13,AAPL,-0.0070627332,0.013890505,-0.012223899
2023-09-13,AMGN,-0.0054741502,0.0077240467,-0.00789994
2023-09-13,CRM,-0.011048496,0.010023236,-0.0090808272
2023-09-13,CSCO,-0.0035603046,0.005602479,-0.0097233653
2023-09-13,IBM,-0.0007891655,0.0049660206,-0.0063621998
2023-09-13,INTC,-0.0015068054,0.00603652,-0.0098669529
2023-09-13,MSFT,-0.0060072541,0.0073031187,-0.0084921718
2023-09-13,NKE,-0.0065723658,0.010255098,-0.0083039403
2023-09-13,VZ,-0.0034003854,0.0076698065,-0.0087028742
2023-09-13,WMT,-0.0055414438,0.0065048933,-0.0068501234
2023-09-14,AAPL,-0.0047967434,0.013600945,-0.012350321
2023-09-14,AMGN,-0.0034983158,0.0079257488,-0.0079162121
2023-09-14,CRM,-0.0055136085,0.0095576048,-0.010562956
2023-09-14,CSCO,-0.0017892122,0.0053551197,-0.0098239779
2023-09-14,IBM,0.00096356869,0.0048906803,-0.006434679
2023-09-14,INTC,0.0025423765,0.0060349703,-0.010243416
2023-09-14,MSFT,-0.0025439262,0.0067573786,-0.0092880726
2023-09-14,NKE,-0.0074319839,0.011274576,-0.0061464906
2023-09-14,VZ,-0.0027100444,0.0075372458,-0.0090209246
2023-09-14,WMT,-0.0041411519,0.0067304373,-0.0069436431
2023-09-15,AAPL,-0.0065948963,0.013784051,-0.010617316
2023-09-15,AMGN,-0.0029891729,0.0083440542,-0.0064925551
2023-09-15,CRM,-0.0022482872,0.009065032,-0.0093282461
2023-09-15,CSCO,-0.0017844439,0.005817771,-0.0088595152
2023-09-15,IBM,0.00032496452,0.0056083202,-0.0063433647
2023-09-15,INTC,0.0006955862,0.0062670708,-0.0088535547
2023-09-15,MSFT,-0.0037627816,0.0076429844,-0.0082527399
2023-09-15,NKE,-0.00536412,0.011339068,-0.0061187148
2023-09-15,VZ,-0.0031558275,0.007619977,-0.0081565976
2023-09-15,WMT,-0.0049120188,0.006551981,-0.0058290958
2023-09-18,AAPL,-0.0057091713,0.013520718,-0.012261093
2023-09-18,AMGN,-0.0063946247,0.008985281,-0.0072666407
2023-09-18,CRM,-0.010669708,0.01158452,-0.0091908574
2023-09-18,CSCO,-0.0032355785,0.0051386356,-0.010326207
2023-09-18,IBM,-0.0019462109,0.0054162741,-0.0064693689
2023-09-18,INTC,-0.00080859661,0.0057947636,-0.0096640587
2023-09-18,MSFT,-0.00539428,0.0077795982,-0.008389771
2023-09-18,NKE,-0.0060039163,0.010957956,-0.0083702207
2023-09-18,VZ,-0.001819849,0.0068702698,-0.0087135434
2023-09-18,WMT,-0.0035406351,0.0061403513,-0.0069053173
2023-09-19,AAPL,-0.0054636002,0.014369369,-0.010626435
2023-09-19,AMGN,-0.0064675212,0.0094972849,-0.0062807202
2023-09-19,CRM,-0.010169923,0.011233568,-0.0072126985
2023-09-19,CSCO,-0.0018008947,0.0062478781,-0.0091013908
2023-09-19,IBM,0.00079953671,0.0048099756,-0.0067090392
2023-09-19,INTC,-0.00011563301,0.0062390566,-0.0080105066
2023-09-19,MSFT,-0.0051688552,0.0078513622,-0.0075372458
2023-09-19,NKE,-0.0062139034,0.011803985,-0.0070618987
2023-09-19,VZ,-0.00050407648,0.0073720217,-0.007920742
2023-09-19,WMT,-0.0028291345,0.0057324171,-0.0072736144
2023-09-20,AAPL,-0.004091382,0.012984753,-0.011027813
2023-09-20,AMGN,-0.0073681474,0.0090250969,-0.0063875914
2023-09-20,CRM,-0.0061081648,0.010363102,-0.0084003806
2023-09-20,CSCO,-0.0010017157,0.00474298,-0.010252357
2023-09-20,IBM,0.00012338161,0.0055071115,-0.0059695244
2023-09-20,INTC,0.0011472702,0.0063768625,-0.0089159012
2023-09-20,MSFT,-0.0033961535,0.0072276592,-0.0075998306
2023-09-20,NKE,-0.0069870949,0.011959553,-0.0072996616
2023-09-20,VZ,-0.0021086931,0.0070934296,-0.0081454515
2023-09-20,WMT,-0.0054363012,0.0068426132,-0.0056257248
2023-09-21,AAPL,-0.0079216361,0.014472365,-0.012411118
2023-09-21,AMGN,-0.0045055747,0.008530736,-0.0090792775
2023-09-21,CRM,-0.0099744797,0.012285233,-0.008816123
2023-09-21,CSCO,-0.0030167699,0.0048583746,-0.009957552
2023-09-21,IBM,-0.00060212612,0.0049010515,-0.0059694052
2023-09-21,INTC,-0.00076127052,0.0064549446,-0.0091063976
2023-09-21,MSFT,-0.0039598346,0.007884264,-0.0086021423
2023-09-21,NKE,-0.0073149204,0.010646582,-0.0074432492
2023-09-21,VZ,-0.0016870499,0.0072788,-0.0088787079
2023-09-21,WMT,-0.0042604208,0.005863905,-0.0069515705
2023-09-22,AAPL,-0.005287528,0.013285279,-0.011644304
2023-09-22,AMGN,-0.0071778893,0.0094257593,-0.0065831542
2023-09-22,CRM,-0.0048085451,0.0094413757,-0.010147691
2023-09-22,CSCO,-0.0029554367,0.0050480366,-0.0093886852
2023-09-22,IBM,-0.0001128912,0.005095005,-0.0066804886
2023-09-22,INTC,0.0027976036,0.0056246519,-0.01023221
2023-09-22,MSFT,-0.0026310086,0.0066320896,-0.0089185834
2023-09-22,NKE,-0.006311357,0.011138082,-0.0064069629
2023-09-22,VZ,-0.0032669902,0.0082947016,-0.0079955459
2023-09-22,WMT,-0.006058991,0.0073255301,-0.0059674382
2023-09-25,AAPL,-0.0045826435,0.012083054,-0.01117301
2023-09-25,AMGN,-0.001848042,0.0080399513,-0.0079002976
2023-09-25,CRM,-0.0029584765,0.0078383684,-0.010140598
2023-09-25,CSCO,-0.0024915338,0.0049111843,-0.0092046261
2023-09-25,IBM,-9.9599361e-05,0.0055024624,-0.0058943033
2023-09-25,INTC,0.00074112415,0.0067154169,-0.0096859336
2023-09-25,MSFT,-0.0044540763,0.0077596903,-0.0085269213
2023-09-25,NKE,-0.0058047771,0.01147759,-0.0062621236
2023-09-25,VZ,-0.0036196709,0.008046627,-0.008249104
2023-09-25,WMT,-0.0052962899,0.007263422,-0.0058665872
2023-09-26,AAPL,-0.0043135881,0.013775349,-0.0097154379
2023-09-26,AMGN,-0.004024744,0.0085977316,-0.0071303248
2023-09-26,CRM,-0.0081807375,0.010777354,-0.0073999166
2023-09-26,CSCO,-0.0010760427,0.0062204599,-0.0092492104
2023-09-26,IBM,0.0011396408,0.0053745508,-0.0064361691
2023-09-26,INTC,-0.00078374147,0.006300211,-0.0075121522
2023-09-26,MSFT,-0.0042003989,0.007958293,-0.0085076094
2023-09-26,NKE,-0.0061576962,0.011311173,-0.0064442158
2023-09-26,VZ,-0.0018771887,0.007729888,-0.0081558824
2023-09-26,WMT,-0.0027296543,0.0057069063,-0.006316483
2023-09-27,AAPL,-0.0039742589,0.012548804,-0.012575269
2023-09-27,AMGN,-0.0050265193,0.009095788,-0.0078319311
2023-09-27,CRM,-0.011274099,0.011887431,-0.010091722
2023-09-27,CSCO,-0.0025466084,0.0056352615,-0.0097393394
2023-09-27,IBM,0.00063335896,0.0047630072,-0.006664753
2023-09-27,INTC,-0.0011821985,0.0056807995,-0.0095179081
2023-09-27,MSFT,-0.0047273636,0.0082337856,-0.0081686974
2023-09-27,NKE,-0.0069090724,0.011511803,-0.0074635148
2023-09-27,VZ,-0.0029072165,0.0074102879,-0.0085799098
2023-09-27,WMT,-0.0029492378,0.0061961412,-0.006736517
2023-09-28,AAPL,-0.002615571,0.013015628,-0.011874557
2023-09-28,AMGN,-0.0072774887,0.011473656,-0.0065581203
2023-09-28,CRM,-0.0069829822,0.010607123,-0.010190904
2023-09-28,CSCO,-0.0017477274,0.0058094263,-0.011001766
2023-09-28,IBM,-0.00067818165,0.0046291351,-0.007209301
2023-09-28,INTC,0.00094330311,0.0075489283,-0.010449588
2023-09-28,MSFT,-0.0030201674,0.0075011253,-0.0091739893
2023-09-28,NKE,-0.0064244866,0.01199162,-0.0086195469
2023-09-28,VZ,-0.0041608214,0.0078876019,-0.0077979565
2023-09-28,WMT,-0.005661726,0.0083320141,-0.0061891675
2023-09-29,AAPL,-0.0083731413,0.015556693,-0.010450721
2023-09-29,AMGN,-0.006849587,0.01191473,-0.0077905655
2023-09-29,CRM,-0.012396097,0.015592098,-0.010192275
2023-09-29,CSCO,-0.0041822195,0.0072827339,-0.0095456243
2023-09-29,IBM,-0.0019783378,0.0064983368,-0.0059110522
2023-09-29,INTC,-0.0031371713,0.009786725,-0.006616652
2023-09-29,MSFT,-0.0049093366,0.010535955,-0.0075845718
2023-09-29,NKE,-0.007148087,0.01309824,-0.0069904923
2023-09-29,VZ,-0.0013213754,0.007622242,-0.0082406998
2023-09-29,WMT,-0.0018568635,0.0058211088,-0.0064525604
2023-10-02,AAPL,-0.0064496994,0.012752891,-0.014592767
2023-10-02,AMGN,-0.0054478049,0.012659788,-0.0081506968
2023-10-02,CRM,-0.010396302,0.014188766,-0.014132321
2023-10-02,CSCO,-0.0076307654,0.0092771053,-0.010514915
2023-10-02,IBM,-0.0016846657,0.0065970421,-0.0073351264
2023-10-02,INTC,0.00080132484,0.008079648,-0.010600626
2023-10-02,MSFT,-0.0025811195,0.010522962,-0.010481179
2023-10-02,NKE,-0.0083537102,0.011378646,-0.0099359155
2023-10-02,VZ,-0.0053420067,0.0083577633,-0.0092105269
2023-10-02,WMT,-0.0075380802,0.0095556974,-0.00563097
2023-10-03,AAPL,-0.0072743297,0.015626907,-0.010566354
2023-10-03,AMGN,-0.0068323612,0.013739109,-0.0069195032
2023-10-03,CRM,-0.0054928064,0.015214562,-0.011947811
2023-10-03,CSCO,-0.0066702962,0.012570381,-0.008518219
2023-10-03,IBM,-0.0027264357,0.0094006062,-0.0064615607
2023-10-03,INTC,-0.0045934916,0.012828946,-0.0088947415
2023-10-03,MSFT,-0.0042470694,0.012298107,-0.0083660483
2023-10-03,NKE,-0.0087661743,0.013724089,-0.0081440806
2023-10-03,VZ,-0.0077490211,0.011842608,-0.0072144866
2023-10-03,WMT,-0.006095171,0.011644125,-0.0056959987
2023-10-04,AAPL,-0.0035295486,0.011607766,-0.0070251226
2023-10-04,AMGN,-0.0028517246,0.0082191229,-0.0063217282
2023-10-04,CRM,-0.0028089285,0.011666059,-0.0088252425
2023-10-04,CSCO,-0.0023607612,0.0074870586,-0.0071027875
2023-10-04,IBM,-0.002696991,0.0071092844,-0.0043875575
2023-10-04,INTC,-0.0026841164,0.0081745386,-0.0063034296
2023-10-04,MSFT,-0.0047282577,0.0083081722,-0.0057970881
2023-10-04,NKE,-0.0043312311,0.010729194,-0.0056556463
2023-10-04,VZ,-0.0020883083,0.0071176291,-0.006131351
2023-10-04,WMT,-0.0033549666,0.0068428516,-0.0048424602
2023-10-05,AAPL,-0.0078542829,0.013301134,-0.0066194534
2023-10-05,AMGN,-0.010929644,0.010415435,-0.0035953522
2023-10-05,CRM,-0.009768486,0.010404348,-0.0040078163
2023-10-05,CSCO,-0.0035030842,0.0069921017,-0.0071606636
2023-10-05,IBM,-0.0046464205,0.0068362951,-0.0039529204
2023-10-05,INTC,-0.0040368438,0.0076810122,-0.0069082379
2023-10-05,MSFT,-0.0062842369,0.0083185434,-0.0062128305
2023-10-05,NKE,-0.0075804591,0.010535717,-0.0057631731
2023-10-05,VZ,-0.0030610561,0.0071536303,-0.0061616302
2023-10-05,WMT,-0.0055625439,0.0065783262,-0.005141139
2023-10-06,AAPL,-0.0075876117,0.013837337,-0.0086504817
2023-10-06,AMGN,-0.0073580742,0.0095103979,-0.0056322813
2023-10-06,CRM,-0.007458508,0.0099035501,-0.0068178773
2023-10-06,CSCO,-0.0040245056,0.0065542459,-0.0080533624
2023-10-06,IBM,-0.0014531612,0.0058691502,-0.0053045154
2023-10-06,INTC,-0.0010125637,0.0081549883,-0.0074226856
2023-10-06,MSFT,-0.0055612922,0.0076406002,-0.0072798729
2023-10-06,NKE,-0.0057277083,0.010588646,-0.0049625635
2023-10-06,VZ,0.0001373291,0.0071474314,-0.0075026751
2023-10-06,WMT,-0.0038687587,0.0061991215,-0.0056188703
2023-10-09,AAPL,-0.0053908825,0.01326859,-0.0074006319
2023-10-09,AMGN,-0.0067318678,0.0091570616,-0.0030385256
2023-10-09,CRM,-0.00031769276,0.0077754259,-0.0089008808
2023-10-09,CSCO,-0.0032557845,0.0065088272,-0.0070410371
2023-10-09,IBM,-0.0020172596,0.0062257051,-0.0042495728
2023-10-09,INTC,3.1709671e-05,0.0087362528,-0.0065592527
2023-10-09,MSFT,-0.0036390424,0.007738471,-0.006169796
2023-10-09,NKE,-0.0046706796,0.011805773,-0.004239738
2023-10-09,VZ,-0.0018606782,0.0077186823,-0.005654633
2023-10-09,WMT,-0.0053963661,0.008161068,-0.0045918226
2023-10-10,AAPL,-0.0078965425,0.013369918,-0.0087227225
2023-10-10,AMGN,-0.0066874623,0.0087940693,-0.0041597486
2023-10-10,CRM,-0.0031431913,0.0078401566,-0.0084239244
2023-10-10,CSCO,-0.0030278563,0.0053207874,-0.0078314543
2023-10-10,IBM,-0.0019054413,0.0062545538,-0.0045917034
2023-10-10,INTC,-0.0033475161,0.0078638792,-0.0058212876
2023-10-10,MSFT,-0.0065025091,0.0076915026,-0.0066245198
2023-10-10,NKE,-0.0041410327,0.010214329,-0.0049993396
2023-10-10,VZ,-0.002276063,0.0072301626,-0.0064015985
2023-10-10,WMT,-0.0047568679,0.0070118904,-0.0056023598
2023-10-11,AAPL,-0.006439805,0.012679577,-0.010254622
2023-10-11,AMGN,-0.0087524056,0.0094991922,-0.0043976307
2023-10-11,CRM,-0.0037403703,0.0061427355,-0.009211421
2023-10-11,CSCO,-0.0034170747,0.0050432682,-0.0087043643
2023-10-11,IBM,-0.0029119849,0.0059899092,-0.0049032569
2023-10-11,INTC,-0.0018520355,0.0070637465,-0.0076018572
2023-10-11,MSFT,-0.0060031414,0.0073734522,-0.006831646
2023-10-11,NKE,-0.0056921244,0.010383606,-0.0062486529
2023-10-11,VZ,-0.0045820475,0.0082788467,-0.0067434907
2023-10-11,WMT,-0.0088701844,0.008767128,-0.0044953227
2023-10-12,AAPL,-0.007537663,0.01361239,-0.0098028183
2023-10-12,AMGN,-0.0050442219,0.0081785917,-0.0062447786
2023-10-12,CRM,-0.0034579635,0.007409811,-0.0085923672
2023-10-12,CSCO,-0.0036719441,0.0056345463,-0.0082125068
2023-10-12,IBM,-0.0031635761,0.0064189434,-0.0053772926
2023-10-12,INTC,-0.0023988485,0.0082325935,-0.0069575906
2023-10-12,MSFT,-0.0065287948,0.0079718828,-0.0070286989
2023-10-12,NKE,-0.0055023432,0.01029861,-0.0056371093
2023-10-12,VZ,-0.0042699575,0.0083829165,-0.0070192218
2023-10-12,WMT,-0.0080085397,0.009195447,-0.0044765472
2023-10-13,AAPL,-0.0049190521,0.013331652,-0.0089259148
2023-10-13,AMGN,-0.0049778223,0.0089167356,-0.0047706962
2023-10-13,CRM,0.0013746023,0.0070602894,-0.0092719793
2023-10-13,CSCO,-0.00097441673,0.0057929754,-0.0081793666
2023-10-13,IBM,-0.0015890002,0.0068439245,-0.0041542649
2023-10-13,INTC,0.00034224987,0.0082010031,-0.0061795712
2023-10-13,MSFT,-0.002820611,0.0063565969,-0.0068547726
2023-10-13,NKE,-0.0057774186,0.011214614,-0.0028989315
2023-10-13,VZ,-0.0037087202,0.0082476139,-0.0056948066
2023-10-13,WMT,-0.0063750744,0.0089118481,-0.0042369366
2023-10-16,AAPL,-0.0061123967,0.013295531,-0.0093616247
2023-10-16,AMGN,-0.0078761578,0.009378314,-0.005084455
2023-10-16,CRM,-0.0043513775,0.0079386234,-0.0093966722
2023-10-16,CSCO,-0.0044641495,0.0049953461,-0.0085832477
2023-10-16,IBM,-0.003388226,0.0066577196,-0.0043945312
2023-10-16,INTC,-0.0030896068,0.0073187351,-0.0067228675
2023-10-16,MSFT,-0.0056206584,0.0076004267,-0.006726861
2023-10-16,NKE,-0.0059494972,0.010449171,-0.0050252676
2023-10-16,VZ,-0.0064252019,0.0085402727,-0.0060230494
2023-10-16,WMT,-0.0084989071,0.0087723732,-0.0046401024
2023-10-17,AAPL,-0.0045640469,0.011696458,-0.011052966
2023-10-17,AMGN,-0.0076931715,0.0097972155,-0.0061042309
2023-10-17,CRM,-0.0040003657,0.0069175959,-0.01006031
2023-10-17,CSCO,-0.0044716001,0.0050382614,-0.0101735
2023-10-17,IBM,-0.0034432411,0.0056542158,-0.0055052638
2023-10-17,INTC,-0.0010378957,0.005846262,-0.0087202191
2023-10-17,MSFT,-0.005058229,0.0064777136,-0.0084201694
2023-10-17,NKE,-0.0062794685,0.0098888874,-0.0073395371
2023-10-17,VZ,-0.0057739019,0.0081310272,-0.0081389546
2023-10-17,WMT,-0.010075271,0.0088537931,-0.005233705
2023-10-18,AAPL,-0.0061688423,0.014395714,-0.0075234771
2023-10-18,AMGN,-0.0038333535,0.010216951,-0.0057026744
2023-10-18,CRM,-0.0061904788,0.0088260174,-0.0075689554
2023-10-18,CSCO,-0.0017777085,0.0062419176,-0.0080502033
2023-10-18,IBM,-0.00065976381,0.0055657625,-0.0055890083
2023-10-18,INTC,-0.00047844648,0.0073100328,-0.0075030327
2023-10-18,MSFT,-0.0043975115,0.0068178177,-0.0077220201
2023-10-18,NKE,-0.0042508245,0.010790706,-0.0043162704
2023-10-18,VZ,-0.00051552057,0.0076261759,-0.0077462196
2023-10-18,WMT,-0.0041137934,0.0067517757,-0.0053835511
2023-10-19,AAPL,-0.0044810176,0.011887312,-0.0092209578
2023-10-19,AMGN,-0.0043101907,0.0087821484,-0.0059631467
2023-10-19,CRM,-0.0030987263,0.0087161064,-0.010054231
2023-10-19,CSCO,-0.0024331808,0.0055435896,-0.0081083775
2023-10-19,IBM,-0.0019158721,0.0062167645,-0.0047082901
2023-10-19,INTC,-0.00068819523,0.0078448057,-0.0059639215
2023-10-19,MSFT,-0.0042763352,0.0072467327,-0.0071527958
2023-10-19,NKE,-0.0046952963,0.010710955,-0.0039761662
2023-10-19,VZ,-0.0038887262,0.0088545084,-0.0066659451
2023-10-19,WMT,-0.0054339767,0.0075095892,-0.0048891902
2023-10-20,AAPL,-0.0078682303,0.014761448,-0.0078369975
2023-10-20,AMGN,-0.0040130615,0.0082499981,-0.0055863857
2023-10-20,CRM,-0.0051087141,0.0096274614,-0.0090110302
2023-10-20,CSCO,-0.0033892393,0.0049449205,-0.007704854
2023-10-20,IBM,-0.0035085678,0.0074726343,-0.0038354397
2023-10-20,INTC,-0.0038484931,0.0075434446,-0.0062952042
2023-10-20,MSFT,-0.0054709911,0.0083373785,-0.0064572692
2023-10-20,NKE,-0.0061538815,0.011153936,-0.0045281053
2023-10-20,VZ,-0.0041214824,0.0085773468,-0.0060333014
2023-10-20,WMT,-0.0061024427,0.0086061954,-0.003958106
2023-10-23,AAPL,-0.0070816875,0.014301896,-0.010889471
2023-10-23,AMGN,-0.0070230961,0.0099172592,-0.0066564083
2023-10-23,CRM,-0.0091994405,0.010800123,-0.0087713003
2023-10-23,CSCO,-0.0075351596,0.0061044693,-0.0090238452
2023-10-23,IBM,-0.0045506358,0.0063779354,-0.0059477687
2023-10-23,INTC,-0.0045906901,0.0075342655,-0.0074116588
2023-10-23,MSFT,-0.0075783134,0.0083884001,-0.0076591969
2023-10-23,NKE,-0.0073624253,0.010269046,-0.0069984198
2023-10-23,VZ,-0.0053731799,0.008377552,-0.0072667003
2023-10-23,WMT,-0.0062491894,0.0079286098,-0.0058895946
2023-10-24,AAPL,-0.0058011413,0.013247252,-0.010375738
2023-10-24,AMGN,-0.0033535957,0.0089839697,-0.0068924427
2023-10-24,CRM,-0.0076101422,0.01088798,-0.0098468661
2023-10-24,CSCO,-0.0028122067,0.0063949823,-0.0088716745
2023-10-24,IBM,-0.0012238026,0.0060694218,-0.0056165457
2023-10-24,INTC,-0.00048291683,0.007470727,-0.007270813
2023-10-24,MSFT,-0.0050545931,0.0074009895,-0.0076960921
2023-10-24,NKE,-0.0055463314,0.010131955,-0.0057795644
2023-10-24,VZ,-0.0047072172,0.0086425543,-0.0075826049
2023-10-24,WMT,-0.0060155988,0.0076618195,-0.0052284002
2023-10-25,AAPL,-0.0062237382,0.014505625,-0.008690834
2023-10-25,AMGN,-0.005176425,0.0096371174,-0.0054776669
2023-10-25,CRM,-0.0042391419,0.0092059374,-0.0097883344
2023-10-25,CSCO,-0.0026688576,0.0066238642,-0.0087652802
2023-10-25,IBM,-0.0016129017,0.0066480637,-0.0049611926
2023-10-25,INTC,-0.00069409609,0.0079333782,-0.0073910952
2023-10-25,MSFT,-0.0022335052,0.0076732635,-0.0079522729
2023-10-25,NKE,-0.0050256252,0.010887027,-0.0047308803
2023-10-25,VZ,-0.0034335256,0.0093696117,-0.0070675015
2023-10-25,WMT,-0.0060053468,0.0078383684,-0.0049661398
2023-10-26,AAPL,-0.0067409873,0.013298988,-0.01100111
2023-10-26,AMGN,-0.0033248663,0.009260416,-0.007244885
2023-10-26,CRM,-0.0052703023,0.010649562,-0.010312676
2023-10-26,CSCO,-0.0026550293,0.0053789616,-0.0091813803
2023-10-26,IBM,-0.0019478798,0.0059050322,-0.0059121847
2023-10-26,INTC,-0.0017309189,0.0085464716,-0.0077620745
2023-10-26,MSFT,-0.0045876503,0.0080820322,-0.0076340437
2023-10-26,NKE,-0.005574286,0.011035085,-0.0053368807
2023-10-26,VZ,-0.0030933619,0.0083888769,-0.0072041154
2023-10-26,WMT,-0.0046738386,0.0069659948,-0.0052149296
2023-10-27,AAPL,-0.0038802028,0.014081359,-0.0090991259
2023-10-27,AMGN,-0.0025032759,0.0090323687,-0.0068206191
2023-10-27,CRM,1.9073486e-05,0.0087846518,-0.01177305
2023-10-27,CSCO,-0.0041560531,0.0067622662,-0.0088458061
2023-10-27,IBM,-0.0037971139,0.0074380636,-0.0047785044
2023-10-27,INTC,-0.0017166138,0.0088895559,-0.0074087381
2023-10-27,MSFT,-0.0039156675,0.0080782175,-0.0076407194
2023-10-27,NKE,-0.0080319643,0.012079597,-0.0052859187
2023-10-27,VZ,-0.0067409277,0.0099556446,-0.0062250495
2023-10-27,WMT,-0.0098415613,0.01020515,-0.0034922957
2023-10-30,AAPL,-0.0080297589,0.015304565,-0.0083609223
2023-10-30,AMGN,-0.007953763,0.013358712,-0.0057016015
2023-10-30,CRM,-0.012109399,0.014981151,-0.0092870593
2023-10-30,CSCO,-0.006372869,0.0093592405,-0.0081049204
2023-10-30,IBM,-0.0042959452,0.0083562136,-0.0050706863
2023-10-30,INTC,-0.0061597228,0.011104465,-0.0055783391
2023-10-30,MSFT,-0.0067124367,0.01123476,-0.0059630275
2023-10-30,NKE,-0.0083230138,0.013860822,-0.0042942762
2023-10-30,VZ,-0.0039703846,0.0092964172,-0.0069866776
2023-10-30,WMT,-0.0044810772,0.0075870752,-0.0049293041
2023-10-31,AAPL,-0.0052405596,0.013008356,-0.011632442
2023-10-31,AMGN,-0.0057492852,0.011986613,-0.0072506666
2023-10-31,CRM,-0.011875868,0.01452148,-0.012842059
2023-10-31,CSCO,-0.0086635947,0.010719776,-0.0093665719
2023-10-31,IBM,-0.0039420724,0.0074340105,-0.0069534779
2023-10-31,INTC,-0.0036390424,0.010392904,-0.0091330409
2023-10-31,MSFT,-0.0045977235,0.0098326206,-0.0091383457
2023-10-31,NKE,-0.0076544881,0.011280775,-0.0091738701
2023-10-31,VZ,-0.0057284832,0.0085343122,-0.0083934069
2023-10-31,WMT,-0.0087311864,0.0096395016,-0.0047835112
2023-11-01,AAPL,-0.0088799,0.01513207,-0.0094171166
2023-11-01,AMGN,-0.007363379,0.013757586,-0.0070049167
2023-11-01,CRM,-0.0082600117,0.016212821,-0.011971414
2023-11-01,CSCO,-0.0069028139,0.013230562,-0.0080290437
2023-11-01,IBM,-0.0041242242,0.0099625587,-0.0059732795
2023-11-01,INTC,-0.0067845583,0.014243245,-0.0078103542
2023-11-01,MSFT,-0.0054323077,0.012262583,-0.0074802637
2023-11-01,NKE,-0.0089792013,0.013063788,-0.0077879429
2023-11-01,VZ,-0.0067195296,0.012346506,-0.0068063736
2023-11-01,WMT,-0.0058256984,0.010472417,-0.0049337149
2023-11-02,AAPL,-0.0041526556,0.012008309,-0.0084034801
2023-11-02,AMGN,-0.0029492378,0.0087125301,-0.0073187947
2023-11-02,CRM,-0.0043156743,0.011927366,-0.0089760423
2023-11-02,CSCO,-0.0037356019,0.0070897341,-0.0083018541
2023-11-02,IBM,-0.00099617243,0.0069047213,-0.0051033497
2023-11-02,INTC,-0.0026777983,0.008873105,-0.0070252419
2023-11-02,MSFT,-0.003485024,0.0083450079,-0.0061424971
2023-11-02,NKE,-0.005053401,0.010021329,-0.006016016
2023-11-02,VZ,-0.0030987859,0.0070062876,-0.0056381822
2023-11-02,WMT,-0.00175488,0.0064715147,-0.0056744814
2023-11-03,AAPL,-0.0073908567,0.012868524,-0.010131359
2023-11-03,AMGN,-0.013012469,0.01230669,-0.0037368536
2023-11-03,CRM,-0.013294995,0.011013985,-0.005692184
2023-11-03,CSCO,-0.0023518801,0.0059956312,-0.0086421967
2023-11-03,IBM,-0.0026453733,0.0053123236,-0.0060548782
2023-11-03,INTC,-0.0019834042,0.0067067146,-0.0086001158
2023-11-03,MSFT,-0.0053550005,0.0075610876,-0.0078401566
2023-11-03,NKE,-0.006321609,0.0097039938,-0.0076664686
2023-11-03,VZ,-0.0037576556,0.0066707134,-0.0074204206
2023-11-03,WMT,-0.0043553114,0.0058140755,-0.0063086748
2023-11-06,AAPL,-0.0063898563,0.013812304,-0.010830045
2023-11-06,AMGN,-0.0038964748,0.0093476772,-0.0078401566
2023-11-06,CRM,-0.0074073672,0.010611653,-0.0081673265
2023-11-06,CSCO,-0.0029588342,0.0055805445,-0.0099133849
2023-11-06,IBM,0.00083947182,0.0041271448,-0.0073007941
2023-11-06,INTC,0.0018924475,0.0070518255,-0.0095025897
2023-11-06,MSFT,-0.0044858456,0.0069124699,-0.0091106892
2023-11-06,NKE,-0.0068674684,0.0099298954,-0.0077669024
2023-11-06,VZ,0.00013208389,0.0065401793,-0.0091774464
2023-11-06,WMT,-0.0024132133,0.0058540106,-0.0069822073
2023-11-07,AAPL,-0.0090277791,0.01452291,-0.0080837607
2023-11-07,AMGN,-0.0056461692,0.0094732046,-0.00521034
2023-11-07,CRM,-0.0052559376,0.0096906424,-0.0079429746
2023-11-07,CSCO,-0.0033740997,0.0059731007,-0.0080680251
2023-11-07,IBM,-0.00070869923,0.0053452253,-0.005502224
2023-11-07,INTC,-0.00060617924,0.0084619522,-0.0069960356
2023-11-07,MSFT,-0.0052348971,0.0086003542,-0.0072945356
2023-11-07,NKE,-0.0044713616,0.011585712,-0.00588727
2023-11-07,VZ,-7.7784061e-05,0.0072127581,-0.0076466799
2023-11-07,WMT,-0.0013819933,0.0061827898,-0.0063200593
2023-11-08,AAPL,-0.0076645017,0.013738871,-0.012337804
2023-11-08,AMGN,-0.0044835806,0.009070158,-0.0082517862
2023-11-08,CRM,-0.0089834929,0.011393785,-0.0088340044
2023-11-08,CSCO,-0.0036897659,0.0053833723,-0.0094298124
2023-11-08,IBM,-0.0013789535,0.0052138567,-0.0056424737
2023-11-08,INTC,-0.0025031567,0.0066868067,-0.0078895092
2023-11-08,MSFT,-0.0064108968,0.0080443621,-0.0073531866
2023-11-08,NKE,-0.0077277422,0.0097982883,-0.0073755383
2023-11-08,VZ,-0.0017995834,0.0062696934,-0.0082225204
2023-11-08,WMT,-0.001825273,0.005360961,-0.0072317719
2023-11-09,AAPL,-0.007263422,0.015013695,-0.011807621
2023-11-09,AMGN,-0.0068042874,0.010629773,-0.0072726011
2023-11-09,CRM,-0.0044065118,0.0083655119,-0.009950459
2023-11-09,CSCO,-0.0025978088,0.005704999,-0.0091201663
2023-11-09,IBM,-0.00046759844,0.0059182644,-0.0057463646
2023-11-09,INTC,-0.00035381317,0.0074423552,-0.0085647106
2023-11-09,MSFT,-0.0032272935,0.0079785585,-0.0081632137
2023-11-09,NKE,-0.0050447583,0.010581374,-0.0069599748
2023-11-09,VZ,-0.0037428737,0.0076546669,-0.0073235631
2023-11-09,WMT,-0.006801486,0.0081061125,-0.0052651167
2023-11-10,AAPL,-0.0088389516,0.01406908,-0.012995064
2023-11-10,AMGN,-0.0024811625,0.0086700916,-0.0090228915
2023-11-10,CRM,-0.0060508847,0.0089085102,-0.010113597
2023-11-10,CSCO,-0.0051678419,0.0052614212,-0.009554863
2023-11-10,IBM,-0.0023502707,0.0057833195,-0.0059807301
2023-11-10,INTC,-0.0012096167,0.0069212914,-0.0096508265
2023-11-10,MSFT,-0.004935205,0.0080803633,-0.0088170171
2023-11-10,NKE,-0.0068721175,0.010522366,-0.0067962408
2023-11-10,VZ,-0.0044567585,0.0081189871,-0.0083706379
2023-11-10,WMT,-0.0062915683,0.007804513,-0.0058735609
2023-11-13,AAPL,-0.0063186884,0.015171289,-0.0097338557
2023-11-13,AMGN,-0.0068004131,0.010725856,-0.0066076517
2023-11-13,CRM,-0.0093876123,0.011660337,-0.0066050887
2023-11-13,CSCO,-0.0025781989,0.0069880486,-0.0085114837
2023-11-13,IBM,0.00043582916,0.0057126284,-0.0057698488
2023-11-13,INTC,-3.5345554e-05,0.0070872307,-0.0080054402
2023-11-13,MSFT,-0.0029813647,0.0075961351,-0.0077738762
2023-11-13,NKE,-0.0054733753,0.011570334,-0.004955411
2023-11-13,VZ,-0.0013374686,0.0076315403,-0.0085247159
2023-11-13,WMT,-0.0020583868,0.0062049627,-0.006339848
2023-11-14,AAPL,-0.0047956109,0.012406111,-0.011576831
2023-11-14,AMGN,-0.0018129349,0.0093351603,-0.0088660717
2023-11-14,CRM,-0.0066267848,0.01040411,-0.009310782
2023-11-14,CSCO,-0.002338171,0.004722476,-0.0092250705
2023-11-14,IBM,-0.0010629296,0.0047272444,-0.0058732033
2023-11-14,INTC,-0.00050848722,0.0058473349,-0.0084239841
2023-11-14,MSFT,-0.0026943684,0.0073056221,-0.0079110861
2023-11-14,NKE,-0.0058944225,0.010488153,-0.0073654056
2023-11-14,VZ,-0.002350688,0.0070352554,-0.0086941719
2023-11-14,WMT,-0.0037530065,0.005858779,-0.0062878728
2023-11-15,AAPL,-0.0085693598,0.014703393,-0.011396289
2023-11-15,AMGN,-0.0026078224,0.0093513727,-0.010332286
2023-11-15,CRM,-0.015793622,0.01388073,-0.0097321272
2023-11-15,CSCO,-0.006388247,0.0063289404,-0.0094792247
2023-11-15,IBM,-0.0007673502,0.0048909187,-0.0068255067
2023-11-15,INTC,-0.003100276,0.0066953897,-0.0087742209
2023-11-15,MSFT,-0.0054927468,0.0082752705,-0.0090544224
2023-11-15,NKE,-0.0077756047,0.010578156,-0.0079396963
2023-11-15,VZ,-0.0011460781,0.006324172,-0.0098029375
2023-11-15,WMT,-0.0015769005,0.0051642656,-0.0080412626
2023-11-16,AAPL,-0.0085484982,0.015416861,-0.011323035
2023-11-16,AMGN,-0.0029159784,0.0098097324,-0.0087510347
2023-11-16,CRM,-0.013695121,0.015313983,-0.0086145997
2023-11-16,CSCO,-0.0030495524,0.0062878132,-0.01008743
2023-11-16,IBM,0.00066792965,0.0049678087,-0.0070332289
2023-11-16,INTC,-0.0001924634,0.0068268776,-0.0089476705
2023-11-16,MSFT,-0.003677249,0.0075304508,-0.0083178282
2023-11-16,NKE,-0.0056895614,0.010484815,-0.0074983835
2023-11-16,VZ,0.001247406,0.0065252781,-0.0099058151
2023-11-16,WMT,0.0011492968,0.0046788454,-0.0087816715
2023-11-17,AAPL,-0.0055395365,0.013639808,-0.011133969
2023-11-17,AMGN,-0.0043446422,0.0088773966,-0.0082151294
2023-11-17,CRM,-0.0083546638,0.012113094,-0.010875523
2023-11-17,CSCO,-0.0027269721,0.0052578449,-0.0097450614
2023-11-17,IBM,-7.8856945e-05,0.0057609081,-0.0061408877
2023-11-17,INTC,0.00057029724,0.007422328,-0.0084214807
2023-11-17,MSFT,-0.003921628,0.0078901052,-0.0077777505
2023-11-17,NKE,-0.003655076,0.010311246,-0.0076205134
2023-11-17,VZ,-0.0025224686,0.0079498291,-0.0082449913
2023-11-17,WMT,-0.0026736259,0.0064457655,-0.0061599612
2023-11-20,AAPL,-0.0083332062,0.01559639,-0.0096155405
2023-11-20,AMGN,-0.0030688643,0.010091305,-0.0078845024
2023-11-20,CRM,-0.0046396852,0.012034416,-0.0080314279
2023-11-20,CSCO,-0.0013938546,0.0058295727,-0.0083186626
2023-11-20,IBM,-0.0012396574,0.0067659616,-0.005456388
2023-11-20,INTC,-0.0014280081,0.0074017048,-0.0072307587
2023-11-20,MSFT,-0.0027962923,0.009249568,-0.0071884394
2023-11-20,NKE,-0.006259203,0.012010813,-0.005684793
2023-11-20,VZ,-0.0033771396,0.0079553127,-0.0076845288
2023-11-20,WMT,-0.0037121773,0.0066087246,-0.0058771968
2023-11-21,AAPL,-0.0049704313,0.013677716,-0.012398183
2023-11-21,AMGN,-0.0059283972,0.011000991,-0.008284986
2023-11-21,CRM,-0.011024058,0.010187626,-0.009842217
2023-11-21,CSCO,-0.0051329136,0.0054000616,-0.010334015
2023-11-21,IBM,-0.0031355619,0.0065350533,-0.005192399
2023-11-21,INTC,-0.0018286109,0.0062819719,-0.0093508959
2023-11-21,MSFT,-0.0060777664,0.0083309412,-0.0081981421
2023-11-21,NKE,-0.0073484778,0.010571361,-0.0079179406
2023-11-21,VZ,-0.0050894618,0.0076936483,-0.0080386996
2023-11-21,WMT,-0.0077209473,0.0082579851,-0.0059669018
2023-11-22,AAPL,-0.0089538097,0.017275691,-0.010362446
2023-11-22,AMGN,-0.0044095516,0.011295676,-0.0084748268
2023-11-22,CRM,-0.013419211,0.014298201,-0.0084933043
2023-11-22,CSCO,-0.0054349303,0.007445693,-0.0088168979
2023-11-22,IBM,-0.00025111437,0.0061694384,-0.0063229799
2023-11-22,INTC,-0.0013896227,0.008377552,-0.0073657632
2023-11-22,MSFT,-0.0059230924,0.0087759495,-0.0088750124
2023-11-22,NKE,-0.0057566166,0.010944963,-0.0064166188
2023-11-22,VZ,-0.0030824542,0.0076544285,-0.0086377859
2023-11-22,WMT,-0.0030859709,0.0054223537,-0.0072066784
2023-11-24,AAPL,-0.0023469329,0.012140512,-0.013482988
2023-11-24,AMGN,-0.0069812536,0.010255933,-0.0080239773
2023-11-24,CRM,-0.0070700645,0.01077795,-0.010887086
2023-11-24,CSCO,-0.00076985359,0.0048105717,-0.010834277
2023-11-24,IBM,5.9604645e-06,0.0046464205,-0.0061736703
2023-11-24,INTC,0.002738595,0.006876111,-0.0099623203
2023-11-24,MSFT,-0.0017710328,0.0076421499,-0.0095886588
2023-11-24,NKE,-0.0074529052,0.010322928,-0.0077880025
2023-11-24,VZ,-0.0030348897,0.0084004402,-0.0089673996
2023-11-24,WMT,-0.0056097507,0.0076315403,-0.0057994127
2023-11-27,AAPL,-0.0048705935,0.014954686,-0.010728896
2023-11-27,AMGN,-0.0030751228,0.01078558,-0.0085564256
2023-11-27,CRM,-0.0087409019,0.012691379,-0.0095537901
2023-11-27,CSCO,-0.0019862056,0.0058839321,-0.0086607337
2023-11-27,IBM,0.0024938583,0.0050405264,-0.0071350932
2023-11-27,INTC,0.0005120039,0.0073429346,-0.0078053474
2023-11-27,MSFT,-0.0027272701,0.0086284876,-0.0074347258
2023-11-27,NKE,-0.0059049726,0.012979746,-0.0064477324
2023-11-27,VZ,-0.00081038475,0.008199811,-0.009214282
2023-11-27,WMT,-0.00051146746,0.0053784847,-0.0069617629
2023-11-28,AAPL,-0.0037291646,0.013412118,-0.011457264
2023-11-28,AMGN,-0.0043863654,0.010748625,-0.0077577829
2023-11-28,CRM,-0.010198355,0.012640119,-0.009288013
2023-11-28,CSCO,-0.0063031912,0.0063196421,-0.0095724463
2023-11-28,IBM,-0.0032678843,0.0052176714,-0.0066232085
2023-11-28,INTC,-0.00033432245,0.007214427,-0.0091848969
2023-11-28,MSFT,-0.0034368634,0.0077770948,-0.0080551505
2023-11-28,NKE,-0.0074134469,0.011940241,-0.0082895756
2023-11-28,VZ,-0.0030864477,0.0074459314,-0.0082686543
2023-11-28,WMT,-0.0044217706,0.007121563,-0.0057368279
2023-11-29,AAPL,-0.0094704032,0.016358018,-0.0095245242
2023-11-29,AMGN,-0.0065990686,0.01262486,-0.0082885027
2023-11-29,CRM,-0.0222193,0.02042675,-0.0086085796
2023-11-29,CSCO,-0.0056628585,0.009554863,-0.0094576478
2023-11-29,IBM,-0.0030730963,0.0071470737,-0.0069050193
2023-11-29,INTC,-0.0055683851,0.01011014,-0.0064878464
2023-11-29,MSFT,-0.0053921938,0.010945559,-0.0069177151
2023-11-29,NKE,-0.011262536,0.014484882,-0.0063938498
2023-11-29,VZ,-0.0016545653,0.0076131821,-0.0084936023
2023-11-29,WMT,0.00019156933,0.0052031279,-0.0071294904
2023-11-30,AAPL,-0.0054608583,0.012998343,-0.013270199
2023-11-30,AMGN,-0.0058035851,0.013631225,-0.007674098
2023-11-30,CRM,-0.01131928,0.015717387,-0.014319241
2023-11-30,CSCO,-0.0039998293,0.0097135305,-0.010401309
2023-11-30,IBM,-0.00047200918,0.0070770979,-0.0076767802
2023-11-30,INTC,0.0035430193,0.0082257986,-0.010282516
2023-11-30,MSFT,-0.00038862228,0.0092396736,-0.0099056959
2023-11-30,NKE,-0.0099546909,0.012356758,-0.0069983602
2023-11-30,VZ,-0.0037198663,0.0083690882,-0.0083004236
2023-11-30,WMT,-0.0074757934,0.0091742277,-0.0056994557
2023-12-01,AAPL,-0.0085437298,0.016652822,-0.010848105
2023-12-01,AMGN,-0.0065014958,0.013133168,-0.0076663494
2023-12-01,CRM,-0.010703385,0.018090367,-0.013274908
2023-12-01,CSCO,-0.008267343,0.013334632,-0.0089404583
2023-12-01,IBM,-0.0037907958,0.0093877316,-0.0070990324
2023-12-01,INTC,-0.0062327385,0.012526512,-0.0081718564
2023-12-01,MSFT,-0.0054257512,0.011727095,-0.0086203814
2023-12-01,NKE,-0.0081093311,0.013358235,-0.0087614059
2023-12-01,VZ,-0.0061562061,0.011247516,-0.0082479715
2023-12-01,WMT,-0.0046178102,0.010341287,-0.0059401989
2023-12-04,AAPL,-0.00069791079,0.009708643,-0.0084304214
2023-12-04,AMGN,-0.0031397343,0.0094296932,-0.0064710975
2023-12-04,CRM,-0.00084716082,0.010217309,-0.0095094442
2023-12-04,CSCO,-0.00087195635,0.0054727793,-0.0082621574
2023-12-04,IBM,0.00051057339,0.0056433678,-0.0049324632
2023-12-04,INTC,0.00012683868,0.007471323,-0.008227706
2023-12-04,MSFT,-0.0019756556,0.0054750443,-0.006826818
2023-12-04,NKE,-0.0021629333,0.0091351271,-0.0069651604
2023-12-04,VZ,-0.0016287565,0.0061454773,-0.0062348843
2023-12-04,WMT,-0.0010147095,0.0062035322,-0.0055683255
2023-12-05,AAPL,-0.0025706291,0.011232495,-0.010228515
2023-12-05,AMGN,-0.013907731,0.011214495,-0.0030172467
2023-12-05,CRM,-0.0061385632,0.0081094503,-0.0064367652
2023-12-05,CSCO,-0.00070083141,0.0045492649,-0.0085867047
2023-12-05,IBM,0.00031960011,0.0051751137,-0.0062853098
2023-12-05,INTC,0.00055372715,0.0059030056,-0.0090966225
2023-12-05,MSFT,-0.0043470263,0.0063617229,-0.0077072382
2023-12-05,NKE,-0.0062119365,0.00994277,-0.0070285797
2023-12-05,VZ,-0.0026045442,0.006284833,-0.0067785382
2023-12-05,WMT,-0.0050989985,0.0058627129,-0.0061514378
2023-12-06,AAPL,-0.0037109256,0.012228489,-0.0091757178
2023-12-06,AMGN,-0.0045086741,0.0085209608,-0.0065619349
2023-12-06,CRM,-0.005417645,0.0086297989,-0.0062115192
2023-12-06,CSCO,-0.00044512749,0.0056967735,-0.0083482265
2023-12-06,IBM,0.00077962875,0.0045932531,-0.0054836273
2023-12-06,INTC,0.0025281906,0.0059489012,-0.0081408024
2023-12-06,MSFT,-0.0033251643,0.006532073,-0.0078344941
2023-12-06,NKE,-0.0081391335,0.011290908,-0.005022943
2023-12-06,VZ,4.696846e-05,0.0063271523,-0.0075686574
2023-12-06,WMT,-0.0026744604,0.0057886839,-0.0056329966
2023-12-07,AAPL,-0.0066222548,0.011951923,-0.0086457729
2023-12-07,AMGN,-0.0054370761,0.0078591108,-0.006325841
2023-12-07,CRM,-0.0026943088,0.0075575113,-0.0081347823
2023-12-07,CSCO,-0.0020531416,0.0057706833,-0.0084550381
2023-12-07,IBM,0.00084865093,0.0046075583,-0.006675899
2023-12-07,INTC,-1.4305115e-05,0.0055627823,-0.0076246858
2023-12-07,MSFT,-0.001968205,0.0071821213,-0.0082343221
2023-12-07,NKE,-0.0049726367,0.010448575,-0.0065888762
2023-12-07,VZ,-3.015995e-05,0.0061433315,-0.0074235201
2023-12-07,WMT,-0.0015700459,0.0055351257,-0.0068184733
2023-12-08,AAPL,-0.0056342483,0.012478113,-0.011855125
2023-12-08,AMGN,-0.0044078827,0.0081176758,-0.0078676939
2023-12-08,CRM,-0.0088613033,0.0095214844,-0.0092639327
2023-12-08,CSCO,-0.0035135746,0.0041787624,-0.009559691
2023-12-08,IBM,-0.00090676546,0.0049585104,-0.0061866045
2023-12-08,INTC,-0.0023946762,0.006747365,-0.0091761351
2023-12-08,MSFT,-0.0056362152,0.0073475838,-0.0079283714
2023-12-08,NKE,-0.0061620474,0.010600328,-0.0074359775
2023-12-08,VZ,-0.00195086,0.0064007044,-0.0087820292
2023-12-08,WMT,-0.0033143759,0.0065568686,-0.006562233
2023-12-11,AAPL,-0.0062395334,0.013878822,-0.010317206
2023-12-11,AMGN,-0.0054835677,0.0093557835,-0.0058935285
2023-12-11,CRM,-0.00029349327,0.0081907511,-0.009233892
2023-12-11,CSCO,0.0003978014,0.0061115026,-0.0097706318
2023-12-11,IBM,0.0013129711,0.0053570271,-0.006031096
2023-12-11,INTC,0.00096452236,0.0062004328,-0.0079989433
2023-12-11,MSFT,-0.0024799109,0.0070638657,-0.0079852939
2023-12-11,NKE,-0.0036013722,0.010008216,-0.0071277022
2023-12-11,VZ,-0.0018785596,0.0067318678,-0.007545352
2023-12-11,WMT,-0.0041348934,0.0064985752,-0.0062384009
2023-12-12,AAPL,-0.0068674088,0.012773991,-0.013113976
2023-12-12,AMGN,-0.0057044029,0.007109046,-0.0081962943
2023-12-12,CRM,-0.0096615553,0.0099595785,-0.0097320676
2023-12-12,CSCO,-0.0046703219,0.0052672625,-0.009880662
2023-12-12,IBM,-0.0021395087,0.0058140755,-0.0056856871
2023-12-12,INTC,-0.0028641224,0.0070027113,-0.0095032454
2023-12-12,MSFT,-0.0065256357,0.0079952478,-0.0077940822
2023-12-12,NKE,-0.0058321953,0.010126233,-0.0081576109
2023-12-12,VZ,-0.0046470165,0.0075733662,-0.0078322887
2023-12-12,WMT,-0.0049833059,0.0067975521,-0.0064059496
2023-12-13,AAPL,-0.0023087263,0.012653947,-0.0097100735
2023-12-13,AMGN,-0.007889688,0.0097641945,-0.0053851008
2023-12-13,CRM,-0.0019182563,0.0065977573,-0.010212958
2023-12-13,CSCO,0.0015318394,0.0053305626,-0.0089029074
2023-12-13,IBM,0.0023728609,0.0051165819,-0.0065312982
2023-12-13,INTC,0.0036295652,0.0059323311,-0.0088602901
2023-12-13,MSFT,-0.0018537045,0.006593585,-0.0076770186
2023-12-13,NKE,-0.0077354908,0.011086941,-0.0051409602
2023-12-13,VZ,-0.0038166046,0.0078502893,-0.007191956
2023-12-13,WMT,-0.0047351718,0.0074976683,-0.0054699779
2023-12-14,AAPL,-0.002032578,0.01063025,-0.01215905
2023-12-14,AMGN,-0.0071211457,0.0084062815,-0.0070704222
2023-12-14,CRM,-0.0046883821,0.0092077255,-0.0091683269
2023-12-14,CSCO,-0.00097095966,0.0039801598,-0.0095080733
2023-12-14,IBM,0.0012360811,0.0053331852,-0.00572294
2023-12-14,INTC,0.0005671978,0.0055828094,-0.010128319
2023-12-14,MSFT,-0.0026865005,0.007104516,-0.0079858303
2023-12-14,NKE,-0.0061333179,0.011177182,-0.0055575371
2023-12-14,VZ,-0.0038524866,0.0070794821,-0.0075452924
2023-12-14,WMT,-0.0065636635,0.0071613789,-0.0052322149
2023-12-15,AAPL,-0.0060955882,0.012784362,-0.012138128
2023-12-15,AMGN,-0.0053795576,0.0085567236,-0.0079695582
2023-12-15,CRM,-0.010891855,0.010077715,-0.0094791651
2023-12-15,CSCO,-0.0021755695,0.0043985844,-0.010700166
2023-12-15,IBM,0.00035333633,0.0041697025,-0.0074208379
2023-12-15,INTC,-0.000413239,0.0053803921,-0.010234773
2023-12-15,MSFT,-0.0044773817,0.0069200993,-0.0096021891
2023-12-15,NKE,-0.0073850155,0.0098260641,-0.0077841282
2023-12-15,VZ,-0.0013748407,0.0066378117,-0.0092412233
2023-12-15,WMT,-0.0034360886,0.0055698156,-0.0077114105
2023-12-18,AAPL,-0.0077090263,0.01333797,-0.011671722
2023-12-18,AMGN,-0.0036839843,0.0083836317,-0.0080150962
2023-12-18,CRM,-0.011970282,0.012620807,-0.0086945891
2023-12-18,CSCO,-0.004153192,0.0057384968,-0.0098286867
2023-12-18,IBM,0.00080907345,0.0048434734,-0.0066893697
2023-12-18,INTC,-0.0013523102,0.0068677664,-0.0086870193
2023-12-18,MSFT,-0.0050771236,0.0072333813,-0.0086797476
2023-12-18,NKE,-0.0059957504,0.01062727,-0.0068070292
2023-12-18,VZ,-0.0019911528,0.0068132877,-0.0096615553
2023-12-18,WMT,-0.0021309257,0.0053460598,-0.007653892
2023-12-19,AAPL,-0.0055868626,0.012185335,-0.011010647
2023-12-19,AMGN,-0.0045189261,0.0083914995,-0.0072233677
2023-12-19,CRM,-0.005982995,0.010096431,-0.011329889
2023-12-19,CSCO,0.00013768673,0.0049567223,-0.0098494291
2023-12-19,IBM,0.00096583366,0.0050660372,-0.006359756
2023-12-19,INTC,0.00087046623,0.0061948299,-0.008577168
2023-12-19,MSFT,-0.0026784539,0.0067974329,-0.0092686415
2023-12-19,NKE,-0.0043947697,0.010023355,-0.0073207617
2023-12-19,VZ,-0.0020458102,0.0074168444,-0.0082740784
2023-12-19,WMT,-0.0030609369,0.0061821938,-0.0063074827
2023-12-20,AAPL,-0.0060983896,0.012362719,-0.0099343657
2023-12-20,AMGN,-0.0056727529,0.0081601143,-0.0070186257
2023-12-20,CRM,-0.0041453838,0.0095903873,-0.0095694661
2023-12-20,CSCO,-0.0011882782,0.00461936,-0.0091238022
2023-12-20,IBM,-0.00095582008,0.0055338144,-0.0058994293
2023-12-20,INTC,-0.00068867207,0.0067973137,-0.0080115795
2023-12-20,MSFT,-0.0036605597,0.0074740648,-0.0071692467
2023-12-20,NKE,-0.0066257715,0.011049986,-0.0067884326
2023-12-20,VZ,-0.0033199787,0.0076526403,-0.0074573755
2023-12-20,WMT,-0.0041644573,0.0065773726,-0.0059228539
2023-12-21,AAPL,-0.0035594106,0.011957049,-0.011145949
2023-12-21,AMGN,-0.006537497,0.0086340904,-0.0067436695
2023-12-21,CRM,-0.0049303174,0.0077643394,-0.0087205172
2023-12-21,CSCO,-0.00089144707,0.0039105415,-0.0097521544
2023-12-21,IBM,-0.0013529658,0.0057666302,-0.0057333112
2023-12-21,INTC,0.00079607964,0.0054215193,-0.0093331337
2023-12-21,MSFT,-0.0028072,0.0063980818,-0.008138299
2023-12-21,NKE,-0.0068523288,0.01045537,-0.0071586967
2023-12-21,VZ,-0.0036320686,0.0078428984,-0.0075308084
2023-12-21,WMT,-0.0063638091,0.00748384,-0.0055189133
2023-12-22,AAPL,-0.0044592023,0.012312293,-0.012493134
2023-12-22,AMGN,-0.0033471584,0.007717967,-0.0087407827
2023-12-22,CRM,-0.004548192,0.009621501,-0.0091618896
2023-12-22,CSCO,-0.0026744008,0.0045150518,-0.010424614
2023-12-22,IBM,3.7312508e-05,0.0054047108,-0.0067234039
2023-12-22,INTC,-0.00039809942,0.0059717894,-0.0097828507
2023-12-22,MSFT,-0.005528152,0.0077087879,-0.0085571408
2023-12-22,NKE,-0.0052417517,0.010224104,-0.0077469945
2023-12-22,VZ,-0.0047240853,0.0073722601,-0.0083866119
2023-12-22,WMT,-0.004766643,0.0068296194,-0.0065377951
2023-12-26,AAPL,-0.0038684607,0.012586594,-0.011523306
2023-12-26,AMGN,-0.0067282319,0.0099617243,-0.0064954758
2023-12-26,CRM,-0.0091592073,0.010538936,-0.0079375505
2023-12-26,CSCO,-0.0003721118,0.0059057474,-0.01001966
2023-12-26,IBM,0.00076842308,0.0056892633,-0.0062870383
2023-12-26,INTC,0.0010445118,0.0069283247,-0.0094531775
2023-12-26,MSFT,-0.0028313398,0.0068671703,-0.0088694692
2023-12-26,NKE,-0.005712688,0.011122108,-0.0071409941
2023-12-26,VZ,-0.0030370951,0.0071074963,-0.0079310536
2023-12-26,WMT,-0.0038160682,0.0064530373,-0.0065484643
2023-12-27,AAPL,-0.0034941435,0.011924744,-0.011802912
2023-12-27,AMGN,-0.0068747997,0.0094615221,-0.0076681972
2023-12-27,CRM,-0.0053372383,0.0090028048,-0.0096431375
2023-12-27,CSCO,0.00072443485,0.0041757822,-0.010593414
2023-12-27,IBM,0.00044369698,0.0051757097,-0.0068238378
2023-12-27,INTC,0.0039303303,0.0060507059,-0.01023531
2023-12-27,MSFT,-0.002210319,0.0066649914,-0.0091529489
2023-12-27,NKE,-0.0061538815,0.011588931,-0.0071845651
2023-12-27,VZ,-0.002271831,0.0073882341,-0.0078371763
2023-12-27,WMT,-0.0045902133,0.0068843365,-0.0062829256
2023-12-28,AAPL,-0.0027432442,0.011783361,-0.011395097
2023-12-28,AMGN,-0.0082380772,0.011003494,-0.0067996383
2023-12-28,CRM,-0.005764842,0.01177299,-0.011086583
2023-12-28,CSCO,-0.0023727417,0.0054357052,-0.011069179
2023-12-28,IBM,-0.0014471412,0.0051921606,-0.0064851046
2023-12-28,INTC,0.00065028667,0.0072247982,-0.0097313523
2023-12-28,MSFT,-0.0026826262,0.0079767704,-0.0095980167
2023-12-28,NKE,-0.0065361261,0.011682391,-0.0080065131
2023-12-28,VZ,-0.0038191676,0.0080435276,-0.0084247589
2023-12-28,WMT,-0.0053687096,0.0079407692,-0.0060213804
2023-12-29,AAPL,-0.0074082613,0.014084697,-0.010433733
2023-12-29,AMGN,-0.0063143373,0.011586308,-0.0076643825
2023-12-29,CRM,-0.014954448,0.015769482,-0.0087248087
2023-12-29,CSCO,-0.0056067705,0.0076479912,-0.0090902448
2023-12-29,IBM,-0.0012715459,0.005795598,-0.0064631701
2023-12-29,INTC,-0.003477633,0.0080974102,-0.0072924495
2023-12-29,MSFT,-0.0044765472,0.0096330643,-0.0078827739
2023-12-29,NKE,-0.0090600848,0.012248755,-0.006265521
2023-12-29,VZ,-0.0011441112,0.0066428185,-0.0087299943
2023-12-29,WMT,-0.0026592612,0.0057091713,-0.0060684681
2024-01-02,AAPL,-0.0040900707,0.011862636,-0.014576733
2024-01-02,AMGN,-0.005959034,0.012224317,-0.0083634853
2024-01-02,CRM,-0.011927187,0.014637828,-0.013533533
2024-01-02,CSCO,-0.0059564114,0.0083736181,-0.010368645
2024-01-02,IBM,6.1392784e-05,0.004871726,-0.0079043508
2024-01-02,INTC,0.00019001961,0.007086277,-0.011195064
2024-01-02,MSFT,-0.0017644763,0.0086116791,-0.010899484
2024-01-02,NKE,-0.0063749552,0.010680676,-0.0095433593
2024-01-02,VZ,-0.0028495193,0.0077550411,-0.010153234
2024-01-02,WMT,-0.005087018,0.007288456,-0.0062055588
2024-01-03,AAPL,-0.0084674358,0.015415072,-0.010146797
2024-01-03,AMGN,-0.0055826306,0.012798905,-0.0071209073
2024-01-03,CRM,-0.0064234138,0.016110659,-0.01171577
2024-01-03,CSCO,-0.0060465336,0.012314558,-0.0077185035
2024-01-03,IBM,-0.0025627613,0.0081532001,-0.006305337
2024-01-03,INTC,-0.0042110682,0.011844635,-0.0086814761
2024-01-03,MSFT,-0.0029499531,0.011243224,-0.0082595944
2024-01-03,NKE,-0.0079149604,0.012791276,-0.0077987909
2024-01-03,VZ,-0.0066292286,0.01074934,-0.0066231489
2024-01-03,WMT,-0.0047422647,0.010633588,-0.005290091
2024-01-04,AAPL,0.0034228563,0.0075598955,-0.0089266896
2024-01-04,AMGN,0.0010042191,0.006146431,-0.0078719258
2024-01-04,CRM,0.0050375462,0.007884264,-0.011469841
2024-01-04,CSCO,0.0020352602,0.0048106909,-0.0092139244
2024-01-04,IBM,0.0028743744,0.0045644045,-0.0060537457
2024-01-04,INTC,0.0031739473,0.0058666468,-0.0092781782
2024-01-04,MSFT,0.001812458,0.0045677423,-0.0078121424
2024-01-04,NKE,-0.00055873394,0.0071136951,-0.0075360537
2024-01-04,VZ,-0.0002194643,0.0053224564,-0.0065326691
2024-01-04,WMT,-0.00086551905,0.0057892799,-0.0059012771
2024-01-05,AAPL,-0.0042985678,0.011772037,-0.0073171854
2024-01-05,AMGN,-0.01010251,0.010498166,-0.00292027
2024-01-05,CRM,-0.006835103,0.0097383261,-0.004509449
2024-01-05,CSCO,0.00035595894,0.0046832561,-0.0075636506
2024-01-05,IBM,-0.00036716461,0.0057862997,-0.0046849847
2024-01-05,INTC,-0.001314044,0.006641984,-0.0062678456
2024-01-05,MSFT,-0.0039194226,0.0061926842,-0.0071407557
2024-01-05,NKE,-0.0070350766,0.009606719,-0.0058680773
2024-01-05,VZ,-0.0021924376,0.0064411163,-0.0056064129
2024-01-05,WMT,-0.0016382933,0.0045953989,-0.0062116385
2024-01-08,AAPL,-0.0034844875,0.011314631,-0.011137843
2024-01-08,AMGN,-0.0054979324,0.0070593357,-0.0071848631
2024-01-08,CRM,-0.007522285,0.0086892843,-0.0076152682
2024-01-08,CSCO,-0.00049597025,0.0045334101,-0.0090552568
2024-01-08,IBM,0.00049209595,0.0039263964,-0.006308794
2024-01-08,INTC,0.0029500723,0.0039725304,-0.0098751187
2024-01-08,MSFT,-0.0025165677,0.0044577122,-0.0078362226
2024-01-08,NKE,-0.0063139796,0.009267807,-0.0066646338
2024-01-08,VZ,-0.00031238794,0.0054007769,-0.0081605315
2024-01-08,WMT,-0.0037882328,0.00543046,-0.0062521696
2024-01-09,AAPL,-0.0054460168,0.011314034,-0.0090513229
2024-01-09,AMGN,-0.0049638748,0.0082900524,-0.0062574744
2024-01-09,CRM,-0.0062997341,0.0076169968,-0.0075156689
2024-01-09,CSCO,-0.00027090311,0.0053967237,-0.0084558129
2024-01-09,IBM,0.0018666983,0.0037090778,-0.0064893961
2024-01-09,INTC,-0.00037640333,0.0056458712,-0.0079942346
2024-01-09,MSFT,-0.0029323101,0.0070046186,-0.007722199
2024-01-09,NKE,-0.0039787889,0.01041472,-0.0069712996
2024-01-09,VZ,0.0011529922,0.0061036348,-0.0083768368
2024-01-09,WMT,1.5497208e-06,0.0049613714,-0.0073012114
2024-01-10,AAPL,-0.0038508177,0.011250496,-0.011463881
2024-01-10,AMGN,-0.0076418519,0.0086764097,-0.0058374405
2024-01-10,CRM,-0.0063111782,0.0081748962,-0.0080891252
2024-01-10,CSCO,-0.00099879503,0.0041679144,-0.0094982386
2024-01-10,IBM,0.00015306473,0.0044833422,-0.0059198141
2024-01-10,INTC,-0.00031507015,0.0055270195,-0.0081467628
2024-01-10,MSFT,-0.0050728917,0.0064815283,-0.0072298646
2024-01-10,NKE,-0.0066796541,0.01053524,-0.0073542595
2024-01-10,VZ,-0.0005350709,0.0052762032,-0.0077131987
2024-01-10,WMT,-0.0016169548,0.0049797297,-0.0070138574
2024-01-11,AAPL,-0.0053902864,0.011680484,-0.011737704
2024-01-11,AMGN,-0.0050355792,0.0080442429,-0.0073024035
2024-01-11,CRM,-0.0040402412,0.0077855587,-0.0096559525
2024-01-11,CSCO,-0.00035190582,0.0042268038,-0.0099582672
2024-01-11,IBM,6.6757202e-05,0.0048326254,-0.0059633255
2024-01-11,INTC,-0.000880301,0.0049920082,-0.0097565651
2024-01-11,MSFT,-0.0038410425,0.006478548,-0.0086023808
2024-01-11,NKE,-0.0046299696,0.0097259283,-0.009110868
2024-01-11,VZ,-0.0012513995,0.0062973499,-0.0083581209
2024-01-11,WMT,-0.0048674941,0.0064394474,-0.0057744384
2024-01-12,AAPL,-0.004884243,0.011018753,-0.013304412
2024-01-12,AMGN,-0.0027595162,0.0062018633,-0.0082319975
2024-01-12,CRM,-0.0026013255,0.0079311132,-0.010017753
2024-01-12,CSCO,-0.001239419,0.0042581558,-0.0099704266
2024-01-12,IBM,0.00088107586,0.0047625303,-0.0065227747
2024-01-12,INTC,3.9577484e-05,0.0050145388,-0.010083437
2024-01-12,MSFT,-0.0041495562,0.0067474842,-0.0091585517
2024-01-12,NKE,-0.0052796602,0.0093302727,-0.0077822208
2024-01-12,VZ,-0.0017148256,0.0065788031,-0.0090729594
2024-01-12,WMT,-0.0034229755,0.0064375401,-0.00691998
2024-01-16,AAPL,-0.0024155974,0.011420131,-0.010554254
2024-01-16,AMGN,-0.0059438348,0.0091116428,-0.0060882568
2024-01-16,CRM,-0.0042427778,0.0080314875,-0.0082383156
2024-01-16,CSCO,-0.0005479455,0.0042686462,-0.0095251203
2024-01-16,IBM,0.00020456314,0.0046049356,-0.0055699348
2024-01-16,INTC,0.0011730194,0.0057771206,-0.0082975626
2024-01-16,MSFT,-0.0029110909,0.006794095,-0.0076405406
2024-01-16,NKE,-0.0047393441,0.011078835,-0.0061653256
2024-01-16,VZ,-0.0015483499,0.006703496,-0.0072846413
2024-01-16,WMT,-0.0026900768,0.0063151121,-0.0064367056
2024-01-17,AAPL,-0.0023680925,0.010801435,-0.011557281
2024-01-17,AMGN,-0.0066111088,0.0083204508,-0.0066994429
2024-01-17,CRM,-0.0040786862,0.0074504614,-0.0074201822
2024-01-17,CSCO,0.0014946461,0.0036760569,-0.0096353889
2024-01-17,IBM,0.0011115074,0.004797101,-0.0059905648
2024-01-17,INTC,0.0019645691,0.0046187639,-0.0094558001
2024-01-17,MSFT,-0.001276195,0.0056532621,-0.008117795
2024-01-17,NKE,-0.0064965487,0.010385752,-0.0078418255
2024-01-17,VZ,-0.0013286471,0.0055781603,-0.0081131458
2024-01-17,WMT,-0.0040051341,0.0058436394,-0.0057396889
2024-01-18,AAPL,-0.0053986907,0.011888862,-0.013004243
2024-01-18,AMGN,-0.0059458017,0.0085593462,-0.007329464
2024-01-18,CRM,-0.0088540316,0.0098110437,-0.0093504786
2024-01-18,CSCO,-0.0024542212,0.0044634342,-0.010825098
2024-01-18,IBM,0.00052249432,0.004226923,-0.0068849921
2024-01-18,INTC,-0.00020164251,0.0049862862,-0.010241985
2024-01-18,MSFT,-0.0034880638,0.0066524744,-0.008823812
2024-01-18,NKE,-0.0057203174,0.0094635487,-0.0082040429
2024-01-18,VZ,-0.00041377544,0.0057132244,-0.0090143085
2024-01-18,WMT,-0.0035175085,0.0053323507,-0.0073731542
2024-01-19,AAPL,-0.0045350194,0.011916399,-0.010626554
2024-01-19,AMGN,-0.0031012297,0.0071117878,-0.0081079006
2024-01-19,CRM,-0.0055401325,0.0088164806,-0.0090742111
2024-01-19,CSCO,0.00034248829,0.0042697191,-0.0092424154
2024-01-19,IBM,0.00073754787,0.0048174858,-0.0060299039
2024-01-19,INTC,-0.00026065111,0.004914999,-0.0089387298
2024-01-19,MSFT,-0.0036917925,0.0062863827,-0.0086225867
2024-01-19,NKE,-0.0033913255,0.0097798109,-0.0068906546
2024-01-19,VZ,-0.00073957443,0.0068211555,-0.0081768036
2024-01-19,WMT,-0.0044028163,0.0059107542,-0.0067679882
2024-01-22,AAPL,-0.0036250949,0.010721087,-0.011767387
2024-01-22,AMGN,-0.0038464665,0.0074840784,-0.0076594949
2024-01-22,CRM,-0.0040920973,0.008274436,-0.0093473792
2024-01-22,CSCO,-0.00036239624,0.004076004,-0.0099728107
2024-01-22,IBM,0.00030004978,0.0046640635,-0.0057483912
2024-01-22,INTC,0.001473546,0.0051869154,-0.008928299
2024-01-22,MSFT,-0.0020811558,0.0066535473,-0.0079502463
2024-01-22,NKE,-0.0045143366,0.010095,-0.0073401928
2024-01-22,VZ,-0.0014150143,0.0061547756,-0.0082858801
2024-01-22,WMT,-0.0029560924,0.0055105686,-0.006580472
2024-01-23,AAPL,-0.0036485791,0.011772752,-0.011300325
2024-01-23,AMGN,-0.0057886839,0.008472681,-0.0070363879
2024-01-23,CRM,-0.0089973807,0.0089656115,-0.0078957677
2024-01-23,CSCO,-0.00035202503,0.0043504238,-0.010071576
2024-01-23,IBM,0.00045323372,0.004551053,-0.0057035685
2024-01-23,INTC,0.00042808056,0.0051435232,-0.0094088912
2024-01-23,MSFT,-0.003285706,0.0065671206,-0.0086770654
2024-01-23,NKE,-0.007432878,0.010516882,-0.0080071688
2024-01-23,VZ,-0.0007828474,0.0062433481,-0.0083996654
2024-01-23,WMT,-0.0029885769,0.0059837103,-0.0061684251
2024-01-24,AAPL,-0.004884243,0.011991978,-0.0125314
2024-01-24,AMGN,-0.0039914846,0.0087271929,-0.0077630877
2024-01-24,CRM,-0.008975327,0.01100719,-0.0079443455
2024-01-24,CSCO,-0.0013125539,0.0044374466,-0.010478318
2024-01-24,IBM,0.0015329123,0.0039389133,-0.0065833926
2024-01-24,INTC,3.3020973e-05,0.0052194595,-0.0093839169
2024-01-24,MSFT,-0.0031173229,0.0064855814,-0.0082401037
2024-01-24,NKE,-0.0058264732,0.0099833012,-0.0076639056
2024-01-24,VZ,0.00054395199,0.0056145191,-0.0085663795
2024-01-24,WMT,-0.00055420399,0.004090786,-0.0077289343
2024-01-25,AAPL,-0.0064463615,0.012674093,-0.013607144
2024-01-25,AMGN,-0.0035107732,0.0073122978,-0.0093143582
2024-01-25,CRM,-0.010141671,0.010453582,-0.0095338821
2024-01-25,CSCO,-0.0035268068,0.0056054592,-0.010433257
2024-01-25,IBM,-0.00021636486,0.0046344995,-0.0064743161
2024-01-25,INTC,-0.00047975779,0.0056889057,-0.0091362
2024-01-25,MSFT,-0.003885746,0.007044673,-0.0093113184
2024-01-25,NKE,-0.0059313774,0.010421872,-0.0084155798
2024-01-25,VZ,-0.0017544031,0.0066678524,-0.00921911
2024-01-25,WMT,-0.0030305386,0.0058661699,-0.0073037744
2024-01-26,AAPL,-0.0045182705,0.01224041,-0.011976063
2024-01-26,AMGN,-0.005437851,0.009031415,-0.0074608326
2024-01-26,CRM,-0.0076713562,0.011228323,-0.0090180039
2024-01-26,CSCO,0.001013279,0.0054533482,-0.010473251
2024-01-26,IBM,0.00076675415,0.0044937134,-0.0062235594
2024-01-26,INTC,0.0011713505,0.0056908131,-0.0098769665
2024-01-26,MSFT,-0.0022482872,0.006868124,-0.0087972879
2024-01-26,NKE,-0.0054711103,0.011155009,-0.0066080093
2024-01-26,VZ,-0.0010988116,0.0065206289,-0.0085119605
2024-01-26,WMT,-0.0027281642,0.0063972473,-0.0062663555
2024-01-29,AAPL,-0.0016342998,0.01102066,-0.011643767
2024-01-29,AMGN,-0.003313005,0.0079693794,-0.008145988
2024-01-29,CRM,-0.0020507574,0.0086350441,-0.0092551112
2024-01-29,CSCO,0.00036466122,0.0040416718,-0.0098515153
2024-01-29,IBM,0.00079882145,0.0044624805,-0.0064967871
2024-01-29,INTC,0.0017967224,0.0049002171,-0.0097965598
2024-01-29,MSFT,-0.0015648007,0.0062841177,-0.0077686906
2024-01-29,NKE,-0.0055562854,0.011226177,-0.0070738792
2024-01-29,VZ,-0.0015522242,0.0065420866,-0.0080291033
2024-01-29,WMT,-0.0026537776,0.0058039427,-0.0062414408
2024-01-30,AAPL,-0.0033951402,0.011970997,-0.010751843
2024-01-30,AMGN,-0.0050787926,0.0082329512,-0.0078784823
2024-01-30,CRM,-0.0077438951,0.0093880892,-0.0077885389
2024-01-30,CSCO,-0.0024867058,0.0049419403,-0.010757446
2024-01-30,IBM,-0.0020236373,0.0052175522,-0.0064433217
2024-01-30,INTC,-0.0013837218,0.0059353113,-0.0094804168
2024-01-30,MSFT,-0.0043489933,0.0075019598,-0.0082346797
2024-01-30,NKE,-0.0076112747,0.01108408,-0.008564055
2024-01-30,VZ,-0.0022227168,0.0064966679,-0.0082415938
2024-01-30,WMT,-0.0038480759,0.0060197115,-0.0061801672
2024-01-31,AAPL,-0.0051556826,0.013471484,-0.012057185
2024-01-31,AMGN,-0.0058884025,0.01006186,-0.0084571838
2024-01-31,CRM,-0.01462245,0.013049245,-0.0085251331
2024-01-31,CSCO,-0.0012209415,0.0061416626,-0.010570645
2024-01-31,IBM,0.00038778782,0.0047773123,-0.0064157844
2024-01-31,INTC,-0.0020546913,0.0067387819,-0.0074320436
2024-01-31,MSFT,-0.0036819577,0.0073393583,-0.007979691
2024-01-31,NKE,-0.0076127052,0.011130333,-0.0070009828
2024-01-31,VZ,0.00035953522,0.0049049854,-0.0088843703
2024-01-31,WMT,-0.00034153461,0.0043666363,-0.0075390935
2024-02-01,AAPL,-0.0057454109,0.012146235,-0.014006972
2024-02-01,AMGN,-0.0052369833,0.011109114,-0.008533299
2024-02-01,CRM,-0.0089122057,0.013581038,-0.012320757
2024-02-01,CSCO,-0.0039756298,0.0083656311,-0.011035383
2024-02-01,IBM,0.0017316341,0.004252553,-0.008272469
2024-02-01,INTC,0.00082552433,0.0060231686,-0.011586308
2024-02-01,MSFT,-0.0018182993,0.0090938807,-0.011020005
2024-02-01,NKE,-0.0053436756,0.010024667,-0.0093910694
2024-02-01,VZ,-0.0015634298,0.0065411329,-0.010250568
2024-02-01,WMT,-0.0060324073,0.0074431896,-0.0059093237
2024-02-02,AAPL,-0.0046521425,0.012230039,-0.012395263
2024-02-02,AMGN,-0.0032466054,0.011151433,-0.0082442164
2024-02-02,CRM,-0.0023103356,0.013181686,-0.014428675
2024-02-02,CSCO,-0.0035100579,0.0095440149,-0.0097144246
2024-02-02,IBM,1.4424324e-05,0.0067607164,-0.0073187351
2024-02-02,INTC,0.0002515316,0.0096538067,-0.0106861
2024-02-02,MSFT,-0.00086021423,0.0096417665,-0.010341644
2024-02-02,NKE,-0.004827857,0.01164484,-0.0087246895
2024-02-02,VZ,-0.0038328767,0.00879848,-0.0085607171
2024-02-02,WMT,-0.0040056705,0.0095745325,-0.0062150955
2024-02-05,AAPL,0.0014560223,0.0077828169,-0.009943068
2024-02-05,AMGN,0.0025388002,0.0061286688,-0.0098403096
2024-02-05,CRM,0.0031545162,0.0081871748,-0.012112916
2024-02-05,CSCO,0.0026330948,0.005007267,-0.0085109472
2024-02-05,IBM,0.0035301447,0.0038650036,-0.0070833564
2024-02-05,INTC,0.0011891127,0.0064921379,-0.0096176267
2024-02-05,MSFT,-0.0002925992,0.0053184032,-0.0081148744
2024-02-05,NKE,0.00069105625,0.0066239834,-0.0078439713
2024-02-05,VZ,0.00031423569,0.0058164597,-0.0073164701
2024-02-05,WMT,0.0018730164,0.0044909716,-0.0067426562
2024-02-06,AAPL,-0.0024451017,0.01093483,-0.0092397332
2024-02-06,AMGN,-0.0089302063,0.0090421438,-0.0048915744
2024-02-06,CRM,-0.0034883618,0.0083079338,-0.00735569
2024-02-06,CSCO,0.001499176,0.0043282509,-0.0097493529
2024-02-06,IBM,0.00035297871,0.0043416023,-0.0060501099
2024-02-06,INTC,0.0012105703,0.0054892302,-0.0093258619
2024-02-06,MSFT,-0.0017423034,0.0052899122,-0.0089658499
2024-02-06,NKE,-0.0050750375,0.008803606,-0.0068789124
2024-02-06,VZ,-0.0017110705,0.0060437918,-0.0078139305
2024-02-06,WMT,-0.004098177,0.0056266785,-0.0059167147
2024-02-07,AAPL,-0.0058282018,0.012706757,-0.010967851
2024-02-07,AMGN,-0.0025410056,0.0079784393,-0.0092006922
2024-02-07,CRM,-0.015071034,0.013095021,-0.0059806705
2024-02-07,CSCO,-0.0023711324,0.0053499937,-0.0096521974
2024-02-07,IBM,0.001178503,0.0043888092,-0.0066651702
2024-02-07,INTC,-0.0030328035,0.006891489,-0.0093336105
2024-02-07,MSFT,-0.0060750842,0.0074864626,-0.0083848834
2024-02-07,NKE,-0.0068781972,0.0097725391,-0.0081450939
2024-02-07,VZ,0.00099253654,0.0051591396,-0.0093647838
2024-02-07,WMT,0.00220263,0.0031793118,-0.009470582
2024-02-08,AAPL,-0.0038962364,0.011052847,-0.010814428
2024-02-08,AMGN,-0.006903708,0.0088855028,-0.0073178411
2024-02-08,CRM,-0.0072785616,0.0087964535,-0.0089873075
2024-02-08,CSCO,0.0031298399,0.004425168,-0.010464489
2024-02-08,IBM,0.0016336441,0.0044125319,-0.0070723295
2024-02-08,INTC,0.0028495789,0.0056488514,-0.0096014142
2024-02-08,MSFT,0.0012274981,0.0058634281,-0.0095523596
2024-02-08,NKE,-0.0077643991,0.01033926,-0.0064808726
2024-02-08,VZ,-0.0023518801,0.0059825182,-0.007140696
2024-02-08,WMT,-0.0017545223,0.0061442852,-0.0074662566
2024-02-09,AAPL,-0.0029168725,0.011408091,-0.013228774
2024-02-09,AMGN,-0.0065012574,0.0095921755,-0.0075813532
2024-02-09,CRM,-0.0048078299,0.0098035336,-0.010672927
2024-02-09,CSCO,0.00036609173,0.0040746927,-0.011572301
2024-02-09,IBM,0.002218008,0.004570365,-0.0064463019
2024-02-09,INTC,0.0017385483,0.0052716732,-0.011342227
2024-02-09,MSFT,-0.0029659271,0.0065805912,-0.0086667538
2024-02-09,NKE,-0.0058317184,0.010236263,-0.0082629323
2024-02-09,VZ,-0.0010344982,0.0056490898,-0.0091997385
2024-02-09,WMT,-0.0010378957,0.0052081347,-0.0080631971
2024-02-12,AAPL,-0.0017636418,0.011312366,-0.012772679
2024-02-12,AMGN,-0.0055502057,0.0094530582,-0.0072110891
2024-02-12,CRM,-0.0035378337,0.010562778,-0.0086914301
2024-02-12,CSCO,0.00032937527,0.0049756765,-0.01058346
2024-02-12,IBM,0.0019241571,0.004375577,-0.0070225596
2024-02-12,INTC,0.0011060238,0.0053219795,-0.010398448
2024-02-12,MSFT,-0.0033156276,0.0069777966,-0.0089702606
2024-02-12,NKE,-0.005435586,0.0099294186,-0.008572638
2024-02-12,VZ,-0.0013383031,0.0060863495,-0.0081894994
2024-02-12,WMT,-0.0039989948,0.0058515072,-0.0071161389
2024-02-13,AAPL,-0.0029297471,0.01097858,-0.014001846
2024-02-13,AMGN,-0.0034025908,0.0067723989,-0.009613812
2024-02-13,CRM,-0.0066378713,0.0095579624,-0.0098498464
2024-02-13,CSCO,-0.00026464462,0.0031573772,-0.011848032
2024-02-13,IBM,0.00062918663,0.00398314,-0.0074145794
2024-02-13,INTC,0.0012654066,0.0052011013,-0.011560738
2024-02-13,MSFT,-0.0024964213,0.0065991879,-0.010397136
2024-02-13,NKE,-0.005941093,0.010730982,-0.0089395642
2024-02-13,VZ,-0.0021047592,0.0067660809,-0.0092247725
2024-02-13,WMT,-0.0025763512,0.0059514046,-0.008246541
2024-02-14,AAPL,-0.0027594566,0.011646628,-0.012136996
2024-02-14,AMGN,-0.0041409135,0.0090082884,-0.0083140731
2024-02-14,CRM,-0.0046613216,0.0089335442,-0.01007539
2024-02-14,CSCO,0.0010683537,0.0042710304,-0.010202169
2024-02-14,IBM,0.003280282,0.0047419071,-0.006875515
2024-02-14,INTC,0.0029454231,0.0053393841,-0.0094245672
2024-02-14,MSFT,-0.002024591,0.0068420172,-0.0096433759
2024-02-14,NKE,-0.0068765283,0.010915399,-0.0063509345
2024-02-14,VZ,-0.00193578,0.0064402819,-0.0075005293
2024-02-14,WMT,-0.0020364523,0.0054814816,-0.0076659322
2024-02-15,AAPL,-0.0021473765,0.0087256432,-0.013669133
2024-02-15,AMGN,-0.0046136975,0.0074872971,-0.0092591643
2024-02-15,CRM,-0.0060549974,0.0094300508,-0.010372698
2024-02-15,CSCO,-3.0338764e-05,0.003475666,-0.012135625
2024-02-15,IBM,0.00082576275,0.0043302774,-0.0071541667
2024-02-15,INTC,0.0013815165,0.0041978359,-0.011800408
2024-02-15,MSFT,-0.0014281273,0.0054931641,-0.0098312497
2024-02-15,NKE,-0.0063301325,0.0095424652,-0.0076109767
2024-02-15,VZ,-0.0027806163,0.0063450336,-0.0088222027
2024-02-15,WMT,-0.0051980615,0.0060343742,-0.006549418
2024-02-16,AAPL,-0.004411459,0.011713266,-0.012079418
2024-02-16,AMGN,-0.0032262802,0.0076941252,-0.008803308
2024-02-16,CRM,-0.011717319,0.012464881,-0.0093566775
2024-02-16,CSCO,-0.00065433979,0.0044616461,-0.011555195
2024-02-16,IBM,0.0031301975,0.0039645433,-0.007070899
2024-02-16,INTC,-0.00024545193,0.0054104328,-0.010700464
2024-02-16,MSFT,-0.0038169622,0.0070620775,-0.010084271
2024-02-16,NKE,-0.0043706298,0.0096348524,-0.0087569952
2024-02-16,VZ,-0.00038689375,0.0063625574,-0.0094336867
2024-02-16,WMT,0.0017306805,0.0041447878,-0.0088866949
2024-02-20,AAPL,-0.0026856661,0.010720611,-0.012010455
2024-02-20,AMGN,-0.0021954179,0.0071719885,-0.008248806
2024-02-20,CRM,-0.0063064098,0.010208368,-0.010132134
2024-02-20,CSCO,0.0013167858,0.0039025545,-0.011001766
2024-02-20,IBM,0.0012425184,0.0046889782,-0.0071231723
2024-02-20,INTC,0.0014711618,0.0059622526,-0.0091442466
2024-02-20,MSFT,-0.001465559,0.0068017244,-0.0091708899
2024-02-20,NKE,-0.0050747991,0.010543942,-0.0075161457
2024-02-20,VZ,-0.0015730858,0.0070286989,-0.009062171
2024-02-20,WMT,-0.00095361471,0.0049028397,-0.0073496699
2024-02-21,AAPL,-0.0022653341,0.0105685,-0.012987196
2024-02-21,AMGN,-0.0034067035,0.0075309277,-0.0088944435
2024-02-21,CRM,-0.0081686974,0.010945439,-0.0091924071
2024-02-21,CSCO,7.6293945e-06,0.0033349991,-0.011115074
2024-02-21,IBM,0.00084328651,0.0043692589,-0.0073465109
2024-02-21,INTC,0.0019592047,0.0042085648,-0.010766685
2024-02-21,MSFT,-0.0019953251,0.0066289902,-0.0093919635
2024-02-21,NKE,-0.006479919,0.010633588,-0.0088461637
2024-02-21,VZ,-0.0017204285,0.0061843395,-0.0096445084
2024-02-21,WMT,-0.0018485785,0.0054469109,-0.0071622729
2024-02-22,AAPL,-0.0045779347,0.011654019,-0.011862397
2024-02-22,AMGN,-0.0017037392,0.0075161457,-0.0095903277
2024-02-22,CRM,-0.007491231,0.01192677,-0.0091267824
2024-02-22,CSCO,2.5510788e-05,0.0041466951,-0.01079917
2024-02-22,IBM,0.0026192665,0.0040607452,-0.007437706
2024-02-22,INTC,0.0015534163,0.0044819117,-0.0098879933
2024-02-22,MSFT,-0.0020159483,0.0070223808,-0.008918345
2024-02-22,NKE,-0.0066205859,0.010576963,-0.0073322654
2024-02-22,VZ,-0.0012623072,0.0063476562,-0.0089387298
2024-02-22,WMT,-0.0013239384,0.0045211315,-0.0076041818
2024-02-23,AAPL,-0.0034919977,0.011385322,-0.013143957
2024-02-23,AMGN,0.00035643578,0.0063542128,-0.010141551
2024-02-23,CRM,-0.0086870193,0.011000514,-0.010104656
2024-02-23,CSCO,-0.0017115474,0.0034031868,-0.011030018
2024-02-23,IBM,0.00032556057,0.0045381784,-0.0070929527
2024-02-23,INTC,-0.00029629469,0.0049703121,-0.0096710324
2024-02-23,MSFT,-0.002927959,0.0068901777,-0.0093826056
2024-02-23,NKE,-0.0063226223,0.0098643303,-0.0079892278
2024-02-23,VZ,-0.0024485588,0.0072482824,-0.0091051459
2024-02-23,WMT,-0.0034224987,0.0047956705,-0.0071216822
2024-02-26,AAPL,-0.0033780336,0.011459351,-0.013300538
2024-02-26,AMGN,-0.0030290484,0.0076261759,-0.0095291138
2024-02-26,CRM,-0.011689603,0.012308717,-0.010001183
2024-02-26,CSCO,-0.0015399456,0.0046287775,-0.010836482
2024-02-26,IBM,0.00084340572,0.0042316914,-0.0074596405
2024-02-26,INTC,-0.00129354,0.0055356026,-0.010318279
2024-02-26,MSFT,-0.0046678782,0.0079360008,-0.0092015266
2024-02-26,NKE,-0.0046876073,0.0098332167,-0.0089240074
2024-02-26,VZ,-0.0024918318,0.0066851377,-0.0093945265
2024-02-26,WMT,0.00040972233,0.0044137239,-0.0087420344
2024-02-27,AAPL,-0.0040065646,0.012465954,-0.011334658
2024-02-27,AMGN,-0.00091850758,0.0071623325,-0.0091305375
2024-02-27,CRM,-0.013721585,0.012836695,-0.0078413486
2024-02-27,CSCO,-0.00011336803,0.0052267313,-0.010575294
2024-02-27,IBM,0.00085985661,0.0047963858,-0.0067834854
2024-02-27,INTC,-0.00095540285,0.0062410831,-0.009383142
2024-02-27,MSFT,-0.0039030313,0.0074340105,-0.0087834597
2024-02-27,NKE,-0.0070497394,0.011180162,-0.0080214739
2024-02-27,VZ,-0.0018321276,0.0068985224,-0.0088066459
2024-02-27,WMT,-0.00065529346,0.0052207708,-0.0074648261
2024-02-28,AAPL,-0.0023172498,0.011512995,-0.013339102
2024-02-28,AMGN,-0.0055915713,0.0095928907,-0.0082414746
2024-02-28,CRM,-0.0098980665,0.012587667,-0.0090128183
2024-02-28,CSCO,0.00074338913,0.0050014257,-0.011496663
2024-02-28,IBM,0.0022313595,0.0047191381,-0.0073410869
2024-02-28,INTC,0.0027240515,0.005376339,-0.010809362
2024-02-28,MSFT,-0.001707077,0.0063638687,-0.0081791878
2024-02-28,NKE,-0.0072212219,0.012157798,-0.0088982582
2024-02-28,VZ,-0.001044929,0.006547451,-0.0094918013
2024-02-28,WMT,-0.00016617775,0.0046321154,-0.0080376863
2024-02-29,AAPL,-0.0022370219,0.010565996,-0.011727989
2024-02-29,AMGN,-0.0084938407,0.0093075037,-0.007419765
2024-02-29,CRM,-0.011715114,0.012646198,-0.0087911487
2024-02-29,CSCO,-0.0034612417,0.0051950216,-0.011718571
2024-02-29,IBM,0.00052845478,0.0043857098,-0.0078895092
2024-02-29,INTC,0.0014610291,0.0068041086,-0.011188447
2024-02-29,MSFT,-0.0046075583,0.0077854395,-0.0087253451
2024-02-29,NKE,-0.0072588325,0.011604667,-0.009510994
2024-02-29,VZ,-0.00089776516,0.0062645674,-0.0093550086
2024-02-29,WMT,-0.0026763082,0.0058073997,-0.0073217154
2024-03-01,AAPL,-0.0019842982,0.011451244,-0.010712445
2024-03-01,AMGN,-0.0056841969,0.0095045567,-0.0073843598
2024-03-01,CRM,-0.0096783638,0.01324439,-0.0091039538
2024-03-01,CSCO,0.0013545752,0.0063555241,-0.011253536
2024-03-01,IBM,0.0027303696,0.0045223236,-0.0068548918
2024-03-01,INTC,0.0018411875,0.0059242249,-0.010304391
2024-03-01,MSFT,0.00042641163,0.0078780651,-0.008959353
2024-03-01,NKE,-0.0079666972,0.011983156,-0.0070886016
2024-03-01,VZ,0.00070631504,0.0054889917,-0.0085455179
2024-03-01,WMT,-0.0027914047,0.0053383112,-0.0078276992
2024-03-04,AAPL,-0.003690064,0.010813594,-0.015406966
2024-03-04,AMGN,-0.0036592484,0.0090681314,-0.0089883208
2024-03-04,CRM,-0.0050501823,0.012897849,-0.013555169
2024-03-04,CSCO,-0.0020323396,0.0074775219,-0.01161617
2024-03-04,IBM,0.0024474859,0.0042663813,-0.0087146759
2024-03-04,INTC,0.0020136833,0.0057208538,-0.013208508
2024-03-04,MSFT,0.00071501732,0.008302927,-0.010943294
2024-03-04,NKE,-0.004362464,0.010451794,-0.01026696
2024-03-04,VZ,-6.2465668e-05,0.00652349,-0.010042489
2024-03-04,WMT,-0.004976511,0.007422924,-0.0065835714
2024-03-05,AAPL,-0.0041591525,0.011180758,-0.012350142
2024-03-05,AMGN,-0.00083589554,0.009529233,-0.009444356
2024-03-05,CRM,-0.0028089881,0.012488723,-0.013993382
2024-03-05,CSCO,-0.0029777884,0.009321332,-0.0095966458
2024-03-05,IBM,0.00056326389,0.0060184002,-0.0073963404
2024-03-05,INTC,-0.00056970119,0.0098180771,-0.010784507
2024-03-05,MSFT,-0.0010080338,0.0095233917,-0.010742247
2024-03-05,NKE,-0.0039350986,0.010879874,-0.0094751716
2024-03-05,VZ,-0.0029271841,0.0089114904,-0.0085765123
2024-03-05,WMT,-0.0024704337,0.0088810921,-0.0062184334
2024-03-06,AAPL,0.00090205669,0.0089865923,-0.010851979
2024-03-06,AMGN,-0.0046326518,0.0080215931,-0.0077568293
2024-03-06,CRM,0.00028431416,0.007899642,-0.010957003
2024-03-06,CSCO,0.00040590763,0.0046861172,-0.010553896
2024-03-06,IBM,0.003056407,0.0047544241,-0.0072360635
2024-03-06,INTC,0.0017887354,0.0063322783,-0.0098974705
2024-03-06,MSFT,0.00029790401,0.0051903725,-0.0089808106
2024-03-06,NKE,-0.0013846755,0.0073451996,-0.0090138912
2024-03-06,VZ,-0.00045669079,0.0059447289,-0.0076186657
2024-03-06,WMT,8.7499619e-05,0.0052022934,-0.0071266294
2024-03-07,AAPL,-0.0066968799,0.012927055,-0.0085194707
2024-03-07,AMGN,-0.010108531,0.01062572,-0.0041738153
2024-03-07,CRM,-0.0096123815,0.0092682838,-0.0058779716
2024-03-07,CSCO,-0.0024856329,0.0054461956,-0.0081582069
2024-03-07,IBM,-0.00030523539,0.0053989887,-0.0058370233
2024-03-07,INTC,-0.00052636862,0.0061619282,-0.0083199739
2024-03-07,MSFT,-0.0058661699,0.0080224276,-0.0072105527
2024-03-07,NKE,-0.0057043433,0.0098638535,-0.0075010657
2024-03-07,VZ,-0.00091701746,0.0066014528,-0.0078561306
2024-03-07,WMT,-0.0025960207,0.0055572987,-0.0071854591
2024-03-08,AAPL,-0.0072955489,0.013951421,-0.010001898
2024-03-08,AMGN,-0.0078357458,0.010506868,-0.006790936
2024-03-08,CRM,-0.0095694065,0.010577083,-0.0056712627
2024-03-08,CSCO,-0.0018034577,0.006100297,-0.0089837909
2024-03-08,IBM,0.001388669,0.0042785406,-0.0059664845
2024-03-08,INTC,0.0012289286,0.0067162514,-0.0079763532
2024-03-08,MSFT,-0.0039457083,0.0077140331,-0.006616056
2024-03-08,NKE,-0.0073812604,0.011218548,-0.0066925883
2024-03-08,VZ,0.0011900663,0.0052032471,-0.0081988573
2024-03-08,WMT,0.00023043156,0.0041750669,-0.0074792504
2024-03-11,AAPL,-0.0051915646,0.012376547,-0.013894916
2024-03-11,AMGN,-0.0062643886,0.0098739862,-0.0080778599
2024-03-11,CRM,-0.010477781,0.010456562,-0.0098602772
2024-03-11,CSCO,-0.0035616755,0.0042226315,-0.01042676
2024-03-11,IBM,0.0013173819,0.0038381815,-0.0071242452
2024-03-11,INTC,0.00041997433,0.0051604509,-0.010869145
2024-03-11,MSFT,-0.0039445162,0.007653594,-0.0092534423
2024-03-11,NKE,-0.0053576231,0.0098853111,-0.0091223717
2024-03-11,VZ,0.00068449974,0.0053126812,-0.009755373
2024-03-11,WMT,-0.0015071034,0.0056484938,-0.0079087019
2024-03-12,AAPL,-0.0076333284,0.015219569,-0.011322439
2024-03-12,AMGN,-0.0066059828,0.011062026,-0.0066654086
2024-03-12,CRM,-0.010874927,0.01415801,-0.0082390308
2024-03-12,CSCO,-0.0011408925,0.0060664415,-0.010555148
2024-03-12,IBM,0.0024679899,0.0045124292,-0.007176578
2024-03-12,INTC,0.00052547455,0.0063482523,-0.0096635818
2024-03-12,MSFT,-0.0048273802,0.0077627897,-0.0079887509
2024-03-12,NKE,-0.0080485344,0.012662768,-0.0075750351
2024-03-12,VZ,0.0004774332,0.0059406757,-0.0095681548
2024-03-12,WMT,-0.00013244152,0.0045100451,-0.0086658001
2024-03-13,AAPL,-0.0042488575,0.012263536,-0.012456894
2024-03-13,AMGN,-0.0069292784,0.010393381,-0.0072945356
2024-03-13,CRM,-0.005867064,0.011293292,-0.010140836
2024-03-13,CSCO,-1.1444092e-05,0.0047035217,-0.010145187
2024-03-13,IBM,0.00089335442,0.0049396753,-0.0057808757
2024-03-13,INTC,0.00070345402,0.006493926,-0.0099817514
2024-03-13,MSFT,-0.0029469728,0.0073148012,-0.0081988573
2024-03-13,NKE,-0.0072558522,0.012213349,-0.0073783398
2024-03-13,VZ,-0.0015327334,0.006187439,-0.008325398
2024-03-13,WMT,-0.0031664968,0.0057725906,-0.0072010159
2024-03-14,AAPL,-0.0051990747,0.013887048,-0.013138294
2024-03-14,AMGN,-0.0062993169,0.0090374947,-0.0078724623
2024-03-14,CRM,-0.0058562756,0.011072516,-0.0094482303
2024-03-14,CSCO,-0.0014147758,0.0047997236,-0.0099071264
2024-03-14,IBM,0.0013637543,0.004645586,-0.0075574517
2024-03-14,INTC,0.00055289268,0.0055984259,-0.01145947
2024-03-14,MSFT,-0.0023714304,0.007552743,-0.0090587139
2024-03-14,NKE,-0.0057689548,0.011091232,-0.0081208348
2024-03-14,VZ,-0.002040565,0.0068528652,-0.0083263516
2024-03-14,WMT,-0.0049455762,0.0069237947,-0.006962657
2024-03-15,AAPL,-0.0028431416,0.011528611,-0.012911737
2024-03-15,AMGN,-0.0079940557,0.010269046,-0.006452024
2024-03-15,CRM,-0.0060148239,0.0091233253,-0.011378229
2024-03-15,CSCO,-0.00018978119,0.0033313036,-0.010838687
2024-03-15,IBM,0.0021729469,0.0044101477,-0.0067285895
2024-03-15,INTC,0.0027674437,0.0051541328,-0.011133492
2024-03-15,MSFT,-0.0021378994,0.0063091516,-0.0086530447
2024-03-15,NKE,-0.0058230162,0.010275364,-0.0079082251
2024-03-15,VZ,-0.0018507242,0.0065815449,-0.0085476041
2024-03-15,WMT,-0.0036367774,0.0056579113,-0.0070504546
2024-03-18,AAPL,-0.0036683679,0.011398673,-0.011434197
2024-03-18,AMGN,-0.0044590235,0.0091828108,-0.0069586635
2024-03-18,CRM,-0.00044113398,0.0086345673,-0.0095781684
2024-03-18,CSCO,0.00035631657,0.0045728683,-0.0092723966
2024-03-18,IBM,0.0020903349,0.0045956373,-0.0068099499
2024-03-18,INTC,0.00074970722,0.0052736998,-0.0088407397
2024-03-18,MSFT,-0.001932323,0.0071424246,-0.0081003904
2024-03-18,NKE,-0.0053773522,0.010882854,-0.0065428615
2024-03-18,VZ,-0.0015634894,0.006690383,-0.0078905225
2024-03-18,WMT,-0.0041858554,0.0060745478,-0.0063101053
2024-03-19,AAPL,-0.0048089623,0.012476563,-0.01297617
2024-03-19,AMGN,-0.0054796934,0.0092648268,-0.0078681111
2024-03-19,CRM,-0.01039505,0.011589289,-0.0082923174
2024-03-19,CSCO,-0.0020781159,0.0045828819,-0.010017753
2024-03-19,IBM,0.00054907799,0.0037221909,-0.0066429973
2024-03-19,INTC,-0.0010946393,0.0050029755,-0.0095108151
2024-03-19,MSFT,-0.0034934878,0.0068817139,-0.0079478025
2024-03-19,NKE,-0.0066739917,0.01099968,-0.0077392459
2024-03-19,VZ,-0.00095760822,0.0061355829,-0.0090108514
2024-03-19,WMT,-0.0012683868,0.0046105385,-0.0076526403
2024-03-20,AAPL,-0.0066781044,0.013351917,-0.010782599
2024-03-20,AMGN,-0.0077590942,0.01061511,-0.0058354735
2024-03-20,CRM,-0.010987103,0.011972189,-0.0072088838
2024-03-20,CSCO,-0.00016087294,0.0044854879,-0.0094501376
2024-03-20,IBM,0.0012264252,0.004295826,-0.0064199567
2024-03-20,INTC,0.0005518198,0.0049296618,-0.0091198087
2024-03-20,MSFT,-0.0037363172,0.0066920519,-0.0082845092
2024-03-20,NKE,-0.0050756931,0.010732651,-0.0078897476
2024-03-20,VZ,-2.682209e-06,0.0056672096,-0.0089250803
2024-03-20,WMT,-0.00059300661,0.0045244694,-0.0073986053
2024-03-21,AAPL,-0.0062081814,0.012704611,-0.010842383
2024-03-21,AMGN,-0.0017178655,0.0066543818,-0.0090638399
2024-03-21,CRM,-0.0049602389,0.0096981525,-0.0099281669
2024-03-21,CSCO,-0.0011708736,0.0041019917,-0.0099164248
2024-03-21,IBM,0.0007648468,0.0047495365,-0.0063095093
2024-03-21,INTC,0.00056576729,0.005564332,-0.0089455843
2024-03-21,MSFT,-0.0031245947,0.0070289373,-0.0085330606
2024-03-21,NKE,-0.0078306794,0.010518789,-0.0069583058
2024-03-21,VZ,-0.0024892688,0.0064305067,-0.0084185004
2024-03-21,WMT,-0.0040440559,0.005194664,-0.006065309
2024-03-22,AAPL,-0.0068879724,0.013377666,-0.011786163
2024-03-22,AMGN,-0.0046702623,0.0083132982,-0.0084090233
2024-03-22,CRM,-0.011603475,0.011765361,-0.0093781948
2024-03-22,CSCO,-0.0031661987,0.0044363737,-0.0096520782
2024-03-22,IBM,-0.0003259182,0.0044783354,-0.0068534613
2024-03-22,INTC,-0.0018888116,0.005521059,-0.009793818
2024-03-22,MSFT,-0.0033897161,0.0076544285,-0.0087605119
2024-03-22,NKE,-0.0073006749,0.0103724,-0.0081580281
2024-03-22,VZ,-0.001155436,0.0060197115,-0.0090784431
2024-03-22,WMT,-0.0026026368,0.0053802729,-0.0073148608
2024-03-25,AAPL,-0.0060660243,0.014329076,-0.011649132
2024-03-25,AMGN,-0.0051156282,0.009049654,-0.0078173876
2024-03-25,CRM,-0.01191479,0.013258219,-0.009542942
2024-03-25,CSCO,-0.004789114,0.0048620701,-0.0093953609
2024-03-25,IBM,0.00033330917,0.0049213171,-0.0066748261
2024-03-25,INTC,-0.0012770891,0.005562067,-0.0089021325
2024-03-25,MSFT,-0.0052338839,0.007562995,-0.0081251264
2024-03-25,NKE,-0.0046898723,0.010471702,-0.0080016255
2024-03-25,VZ,-0.0012102723,0.0064487457,-0.0081110597
2024-03-25,WMT,-0.0028756857,0.0059859753,-0.0074554086
2024-03-26,AAPL,-0.0050959587,0.013482571,-0.013242304
2024-03-26,AMGN,-0.0043064952,0.0089982748,-0.0087252259
2024-03-26,CRM,-0.0090531707,0.011861801,-0.010580659
2024-03-26,CSCO,-0.0048710704,0.0052201748,-0.010276973
2024-03-26,IBM,-0.00073957443,0.0048618317,-0.0069977045
2024-03-26,INTC,-0.0021511912,0.0062730312,-0.010266185
2024-03-26,MSFT,-0.0054279566,0.0082651377,-0.0088663697
2024-03-26,NKE,-0.0055013299,0.010056853,-0.0088148713
2024-03-26,VZ,-0.0021246672,0.0066635609,-0.0094066262
2024-03-26,WMT,-0.0025824904,0.0052993298,-0.0079323053
2024-03-27,AAPL,-0.0061904192,0.014442205,-0.011978269
2024-03-27,AMGN,-0.0046948791,0.00912714,-0.0074604154
2024-03-27,CRM,-0.012477279,0.014600158,-0.0075326562
2024-03-27,CSCO,-0.001660347,0.0064878464,-0.010039687
2024-03-27,IBM,0.00034868717,0.0053879023,-0.0062613487
2024-03-27,INTC,-0.0016901493,0.0063458681,-0.0091590285
2024-03-27,MSFT,-0.0048946142,0.0087074041,-0.0080818534
2024-03-27,NKE,-0.0071334839,0.011137962,-0.007661283
2024-03-27,VZ,-0.00062143803,0.0063523054,-0.0093159676
2024-03-27,WMT,-0.0013504624,0.0049151182,-0.0077875257
2024-03-28,AAPL,-0.0043542981,0.013371587,-0.0096980929
2024-03-28,AMGN,-0.0042893291,0.009548068,-0.0069122314
2024-03-28,CRM,-0.0053928494,0.010119081,-0.009036243
2024-03-28,CSCO,0.0024381876,0.0050158501,-0.0096393228
2024-03-28,IBM,0.0013215542,0.0049171448,-0.0062960982
2024-03-28,INTC,0.0017832518,0.0061382055,-0.0084207058
2024-03-28,MSFT,-0.0019354224,0.007211566,-0.0067617893
2024-03-28,NKE,-0.0068943501,0.011983037,-0.0058511496
2024-03-28,VZ,0.00050544739,0.0063861609,-0.0085673332
2024-03-28,WMT,-0.0015850663,0.0054268837,-0.0065659285
2024-04-01,AAPL,-0.0025445819,0.011697173,-0.011477828
2024-04-01,AMGN,-0.0082984567,0.011228085,-0.0066080689
2024-04-01,CRM,-0.0085251331,0.010643482,-0.0084985495
2024-04-01,CSCO,-0.0021438599,0.0047842264,-0.010415494
2024-04-01,IBM,-0.0012350082,0.0046145916,-0.0067759752
2024-04-01,INTC,-0.0002925992,0.0068403482,-0.010018468
2024-04-01,MSFT,-0.0040374994,0.0078159571,-0.008325994
2024-04-01,NKE,-0.0047928691,0.010547996,-0.0092169642
2024-04-01,VZ,-0.0015937686,0.0057051182,-0.0094707012
2024-04-01,WMT,-0.0041159987,0.0068852901,-0.0065672398
2024-04-02,AAPL,-0.008410573,0.015978336,-0.010871887
2024-04-02,AMGN,-0.0067285895,0.011928558,-0.007682085
2024-04-02,CRM,-0.018272281,0.016990185,-0.008295238
2024-04-02,CSCO,-0.0047399402,0.0068157911,-0.0095235705
2024-04-02,IBM,-0.00077939034,0.004976511,-0.0064346194
2024-04-02,INTC,-0.0029118061,0.0080089569,-0.0067629814
2024-04-02,MSFT,-0.0047127604,0.0089679956,-0.0071932673
2024-04-02,NKE,-0.0077677369,0.011872172,-0.0078492761
2024-04-02,VZ,0.0010206699,0.0055830479,-0.0093229413
2024-04-02,WMT,-0.00029671192,0.0048806667,-0.0079149008
2024-04-03,AAPL,-0.0058799386,0.012658119,-0.013979971
2024-04-03,AMGN,-0.0054465532,0.012191415,-0.0082868338
2024-04-03,CRM,-0.011993349,0.015186787,-0.013458014
2024-04-03,CSCO,-0.0060687661,0.0082826614,-0.010903299
2024-04-03,IBM,0.00023651123,0.0056368113,-0.0072768331
2024-04-03,INTC,0.00084173679,0.0070821047,-0.010890424
2024-04-03,MSFT,-0.0029159188,0.0093660355,-0.011469662
2024-04-03,NKE,-0.0074737668,0.010370612,-0.008895576
2024-04-03,VZ,-0.0027217269,0.0071334839,-0.0098105669
2024-04-03,WMT,-0.0056442022,0.0078058243,-0.0065348744
2024-04-04,AAPL,-0.0073541403,0.014319658,-0.010700047
2024-04-04,AMGN,-0.0071998835,0.013845086,-0.0070954561
2024-04-04,CRM,-0.0057583451,0.015735507,-0.011171937
2024-04-04,CSCO,-0.0060381889,0.012110949,-0.0081374049
2024-04-04,IBM,-0.0018514991,0.0086669922,-0.0058999658
2024-04-04,INTC,-0.0025883317,0.011615157,-0.0087060332
2024-04-04,MSFT,-0.0042678714,0.011886239,-0.0084412098
2024-04-04,NKE,-0.0076314807,0.013401389,-0.0075657368
2024-04-04,VZ,-0.0062214732,0.01071763,-0.0074238181
2024-04-04,WMT,-0.0047831535,0.010483623,-0.0059454441
2024-04-05,AAPL,0.00015306473,0.010241508,-0.0087398291
2024-04-05,AMGN,-0.0045212507,0.0089877844,-0.0067012906
2024-04-05,CRM,-0.0025219321,0.010892153,-0.0096204877
2024-04-05,CSCO,-0.0019102693,0.0066285133,-0.0082006454
2024-04-05,IBM,-0.0012257695,0.0064662695,-0.0045626163
2024-04-05,INTC,-0.001282692,0.0077894926,-0.0075933933
2024-04-05,MSFT,-0.0015289187,0.0069868565,-0.0067652464
2024-04-05,NKE,-0.005618751,0.0097869635,-0.006529212
2024-04-05,VZ,-0.0017554164,0.007070899,-0.0066870451
2024-04-05,WMT,-0.0034204125,0.0069180727,-0.0051925182
2024-04-08,AAPL,-0.006786108,0.013443351,-0.0078271627
2024-04-08,AMGN,-0.013651133,0.013326168,-0.0024578571
2024-04-08,CRM,-0.013730288,0.013632655,-0.0045440793
2024-04-08,CSCO,-0.0027192235,0.0066716671,-0.0078511834
2024-04-08,IBM,-0.00051510334,0.0062793493,-0.0048848987
2024-04-08,INTC,-0.0017334819,0.0071091652,-0.0069277287
2024-04-08,MSFT,-0.0042594671,0.0081851482,-0.0068488717
2024-04-08,NKE,-0.0089815855,0.011336923,-0.005943656
2024-04-08,VZ,-0.0013307929,0.0066453218,-0.0067198277
2024-04-08,WMT,-0.0016222,0.0049352646,-0.0068798065
2024-04-09,AAPL,-0.0024474859,0.011064529,-0.011704803
2024-04-09,AMGN,-0.0097321868,0.010738373,-0.0053431988
2024-04-09,CRM,-0.0054857731,0.0097244978,-0.0088376999
2024-04-09,CSCO,-0.0021474361,0.0057014227,-0.0091210008
2024-04-09,IBM,0.00015580654,0.0048098564,-0.0062936544
2024-04-09,INTC,0.002451539,0.006565094,-0.0094149113
2024-04-09,MSFT,-0.0021795034,0.0063409805,-0.0078251362
2024-04-09,NKE,-0.0080364943,0.010777354,-0.0064626932
2024-04-09,VZ,-0.00050920248,0.0060218573,-0.0077687502
2024-04-09,WMT,-0.0045791268,0.0064198971,-0.005571425
2024-04-10,AAPL,-0.0075135827,0.012756824,-0.0093353987
2024-04-10,AMGN,-0.007815063,0.010148168,-0.0061231852
2024-04-10,CRM,-0.0061430931,0.0095692873,-0.0083169341
2024-04-10,CSCO,-0.0020661354,0.0055528879,-0.0091994405
2024-04-10,IBM,0.00074958801,0.0042408705,-0.0067665577
2024-04-10,INTC,-0.00070142746,0.0066013336,-0.0084062815
2024-04-10,MSFT,-0.0026180148,0.0071350336,-0.0077397227
2024-04-10,NKE,-0.0070899129,0.011671424,-0.0065342188
2024-04-10,VZ,0.0014405251,0.0063724518,-0.0080364943
2024-04-10,WMT,-0.001701951,0.0055328608,-0.0064744949
2024-04-11,AAPL,-0.0057777762,0.011827588,-0.01055944
2024-04-11,AMGN,-0.0063444972,0.010020256,-0.0052492023
2024-04-11,CRM,-0.0036165118,0.0090284348,-0.0098086596
2024-04-11,CSCO,0.00012040138,0.0048587322,-0.0093224645
2024-04-11,IBM,0.00048756599,0.0046443939,-0.0052669048
2024-04-11,INTC,0.00072586536,0.0063223839,-0.00848037
2024-04-11,MSFT,-0.0020632744,0.0062446594,-0.0066720843
2024-04-11,NKE,-0.0058514476,0.010877371,-0.0062844753
2024-04-11,VZ,0.00026655197,0.006156683,-0.0076488256
2024-04-11,WMT,-0.0030965805,0.005918026,-0.0061683655
2024-04-12,AAPL,-0.0057281852,0.013353109,-0.011995971
2024-04-12,AMGN,-0.0087864399,0.010655999,-0.0054291487
2024-04-12,CRM,-0.0037642121,0.0072940588,-0.0097357631
2024-04-12,CSCO,-0.0020084977,0.0050719976,-0.0088233352
2024-04-12,IBM,0.00079011917,0.0047063828,-0.00625211
2024-04-12,INTC,-3.8683414e-05,0.0058693886,-0.0077053308
2024-04-12,MSFT,-0.0032873154,0.0070185661,-0.0077393055
2024-04-12,NKE,-0.0036036372,0.0097206831,-0.0076746941
2024-04-12,VZ,-0.0014181733,0.0066632032,-0.0076513886
2024-04-12,WMT,-0.0045595765,0.0063874722,-0.0059789419
2024-04-15,AAPL,-0.0077198744,0.013727188,-0.011928022
2024-04-15,AMGN,-0.006151557,0.0090918541,-0.006747067
2024-04-15,CRM,-0.0069785118,0.007855773,-0.0084124804
2024-04-15,CSCO,-0.0031715035,0.0048290491,-0.0094724894
2024-04-15,IBM,-0.0010835528,0.0053598881,-0.006074369
2024-04-15,INTC,-0.0015152097,0.0057307482,-0.0090634227
2024-04-15,MSFT,-0.0046491027,0.0074708462,-0.008410275
2024-04-15,NKE,-0.0068863034,0.010652542,-0.0078173876
2024-04-15,VZ,-0.0021426678,0.0065835714,-0.0082700253
2024-04-15,WMT,-0.0056831837,0.0070416927,-0.0061186552
2024-04-16,AAPL,-0.0062465668,0.014203787,-0.010053933
2024-04-16,AMGN,-0.0080376863,0.010513663,-0.0053463578
2024-04-16,CRM,-0.0080740452,0.0088298321,-0.0074829459
2024-04-16,CSCO,-0.000826478,0.0050383806,-0.0090247989
2024-04-16,IBM,0.0010880232,0.0040609837,-0.0059599876
2024-04-16,INTC,-0.00065439939,0.0060617924,-0.0079322457
2024-04-16,MSFT,-0.0040268898,0.0066298246,-0.0074265599
2024-04-16,NKE,-0.0074657798,0.011525869,-0.006334126
2024-04-16,VZ,0.00071132183,0.005900383,-0.0083050728
2024-04-16,WMT,-0.0019325614,0.0054448843,-0.0072945356
2024-04-17,AAPL,-0.0051068068,0.013241768,-0.011335135
2024-04-17,AMGN,-0.0062587857,0.0094206333,-0.0071204305
2024-04-17,CRM,-0.010667622,0.01118052,-0.0079470277
2024-04-17,CSCO,-0.003023982,0.0046868324,-0.0090366602
2024-04-17,IBM,-0.00044792891,0.0042755604,-0.00579983
2024-04-17,INTC,-0.001226306,0.0054570436,-0.0079619884
2024-04-17,MSFT,-0.0044689775,0.0076565742,-0.0078264475
2024-04-17,NKE,-0.0071709156,0.011114478,-0.0074648857
2024-04-17,VZ,-0.00015604496,0.0051692724,-0.0082441568
2024-04-17,WMT,-0.0028804541,0.0055354834,-0.0061802864
2024-04-18,AAPL,-0.0081161857,0.014752269,-0.01308912
2024-04-18,AMGN,-0.0053517818,0.0094674826,-0.0091227293
2024-04-18,CRM,-0.012861788,0.011519194,-0.0085324049
2024-04-18,CSCO,-0.0033097267,0.0053728819,-0.010141253
2024-04-18,IBM,-0.00020128489,0.0038450956,-0.0061458945
2024-04-18,INTC,-0.0015701652,0.0060571432,-0.0091890693
2024-04-18,MSFT,-0.0050284266,0.0073933601,-0.0088915229
2024-04-18,NKE,-0.0065903664,0.0099918842,-0.0086792111
2024-04-18,VZ,-0.00016653538,0.0060372353,-0.0098709464
2024-04-18,WMT,-0.002784431,0.0051825047,-0.0077396631
2024-04-19,AAPL,-0.0075802207,0.015645504,-0.012031078
2024-04-19,AMGN,-0.0068362355,0.010139942,-0.0069131255
2024-04-19,CRM,-0.01399982,0.014509082,-0.0077639222
2024-04-19,CSCO,-0.0042119026,0.0068509579,-0.008859396
2024-04-19,IBM,-0.00032567978,0.0046128035,-0.0056616068
2024-04-19,INTC,-0.0012791157,0.0069971085,-0.0085678697
2024-04-19,MSFT,-0.0065814853,0.0080456734,-0.0081695914
2024-04-19,NKE,-0.0081884265,0.012481093,-0.0070470572
2024-04-19,VZ,-0.00011914968,0.0063604116,-0.0093704462
2024-04-19,WMT,-0.0020650625,0.0054249763,-0.0076935291
2024-04-22,AAPL,-0.0051342249,0.013809681,-0.010488331
2024-04-22,AMGN,-0.0072399974,0.0098996162,-0.0065951347
2024-04-22,CRM,-0.0095943809,0.011927843,-0.0097385049
2024-04-22,CSCO,-0.00074136257,0.0056521893,-0.0097276568
2024-04-22,IBM,0.0017745495,0.0050330162,-0.0060716271
2024-04-22,INTC,0.0019606352,0.0057425499,-0.0088551044
2024-04-22,MSFT,-0.0024847984,0.0080550909,-0.0085144639
2024-04-22,NKE,-0.0087752342,0.012642384,-0.0061486363
2024-04-22,VZ,-0.00068432093,0.0058614016,-0.0084531903
2024-04-22,WMT,-0.0034073591,0.006611228,-0.0060731769
2024-04-23,AAPL,-0.0057983994,0.013032675,-0.011298239
2024-04-23,AMGN,-0.0069263577,0.0098222494,-0.006444633
2024-04-23,CRM,-0.0096173882,0.011628151,-0.0088508129
2024-04-23,CSCO,-0.0017952323,0.004886508,-0.010262847
2024-04-23,IBM,0.00068712234,0.0042625666,-0.0066457987
2024-04-23,INTC,0.00045335293,0.0059521198,-0.0092256069
2024-04-23,MSFT,-0.0035240054,0.0077666044,-0.0079793334
2024-04-23,NKE,-0.0067353249,0.010793328,-0.0077599883
2024-04-23,VZ,-2.8729439e-05,0.0061827898,-0.0092110634
2024-04-23,WMT,-0.0030608177,0.005648613,-0.0067923665
2024-04-24,AAPL,-0.0089232326,0.014791846,-0.011539221
2024-04-24,AMGN,-0.0032969713,0.00920856,-0.0082131028
2024-04-24,CRM,-0.0095230937,0.011798978,-0.0097155571
2024-04-24,CSCO,-0.0043969154,0.0055594444,-0.0094513297
2024-04-24,IBM,-0.00048714876,0.0045360327,-0.0066957474
2024-04-24,INTC,-0.001032114,0.0061112642,-0.0093710423
2024-04-24,MSFT,-0.0051496029,0.0081448555,-0.00841856
2024-04-24,NKE,-0.0078376532,0.010595202,-0.0075066686
2024-04-24,VZ,-0.0012575388,0.0062713623,-0.0082504153
2024-04-24,WMT,-0.0031350851,0.0059366226,-0.0064142942
2024-04-25,AAPL,-0.0082324147,0.014620781,-0.011165738
2024-04-25,AMGN,-0.0048466325,0.01013279,-0.0081111789
2024-04-25,CRM,-0.00716573,0.011807799,-0.0093924403
2024-04-25,CSCO,-0.0042070746,0.0066074133,-0.0093340278
2024-04-25,IBM,-0.00059765577,0.0052168369,-0.0064567924
2024-04-25,INTC,-0.0020497441,0.0064293146,-0.00894171
2024-04-25,MSFT,-0.0054969192,0.0082403421,-0.0081862807
2024-04-25,NKE,-0.0062409639,0.010504842,-0.0082067847
2024-04-25,VZ,-0.0015873909,0.0070725679,-0.0092281699
2024-04-25,WMT,-0.0030109882,0.005846262,-0.0069152117
2024-04-26,AAPL,-0.0062996745,0.014386296,-0.010660946
2024-04-26,AMGN,-0.0045881271,0.0089066029,-0.0072960258
2024-04-26,CRM,-0.01062417,0.012284756,-0.0083810091
2024-04-26,CSCO,-0.0030292273,0.0056658983,-0.0088652372
2024-04-26,IBM,-0.00030368567,0.0054649115,-0.0063126087
2024-04-26,INTC,-0.00076675415,0.006155014,-0.0092470646
2024-04-26,MSFT,-0.0056561232,0.0081843138,-0.007876873
2024-04-26,NKE,-0.0069931746,0.011052608,-0.0079257488
2024-04-26,VZ,-0.002602458,0.0071138144,-0.0087777376
2024-04-26,WMT,-0.0037354827,0.0065896511,-0.0064954162
2024-04-29,AAPL,-0.0031471252,0.013269544,-0.010663033
2024-04-29,AMGN,-0.0040947199,0.010131478,-0.0077559948
2024-04-29,CRM,-0.0074291825,0.010723233,-0.0096956491
2024-04-29,CSCO,-0.00057172775,0.005060792,-0.0091319084
2024-04-29,IBM,0.00058245659,0.0048205853,-0.0063295364
2024-04-29,INTC,0.001593709,0.0065379143,-0.0082643032
2024-04-29,MSFT,-0.0034519434,0.0082293749,-0.0067948699
2024-04-29,NKE,-0.0051800013,0.011708021,-0.00655967
2024-04-29,VZ,-0.0013235211,0.0066106319,-0.0083840489
2024-04-29,WMT,-0.0025274754,0.0060913563,-0.0064872503
2024-04-30,AAPL,-0.0047007203,0.013828278,-0.011234641
2024-04-30,AMGN,-0.0077556372,0.010753274,-0.0067952871
2024-04-30,CRM,-0.016299427,0.014596939,-0.0080150366
2024-04-30,CSCO,-0.0060079694,0.0057666302,-0.010264456
2024-04-30,IBM,-0.0020584464,0.0046916008,-0.0069691539
2024-04-30,INTC,-0.0029834509,0.0073912144,-0.0085220337
2024-04-30,MSFT,-0.006850183,0.0089640617,-0.0077452064
2024-04-30,NKE,-0.0067891479,0.0115242,-0.0088529587
2024-04-30,VZ,-0.0018306971,0.006367445,-0.008631587
2024-04-30,WMT,-0.0016157031,0.0056042671,-0.0073924661
2024-05-01,AAPL,-0.0088607073,0.016948223,-0.010233164
2024-05-01,AMGN,-0.0077358484,0.013819218,-0.0064509511
2024-05-01,CRM,-0.020263731,0.018896103,-0.0091669559
2024-05-01,CSCO,-0.0050621033,0.0083715916,-0.0096750259
2024-05-01,IBM,-0.0012822747,0.0062338114,-0.0067622066
2024-05-01,INTC,-0.003962338,0.0089253187,-0.0066726804
2024-05-01,MSFT,-0.0051109195,0.0097811222,-0.006880343
2024-05-01,NKE,-0.0099976659,0.013711691,-0.0063592196
2024-05-01,VZ,-0.00025045872,0.0064634085,-0.0084782839
2024-05-01,WMT,-0.0011181831,0.0048701763,-0.0066892505
2024-05-02,AAPL,-0.0084607005,0.014190435,-0.013687849
2024-05-02,AMGN,-0.0069883466,0.013539791,-0.0074463487
2024-05-02,CRM,-0.013868272,0.018705726,-0.012431383
2024-05-02,CSCO,-0.0073567033,0.0099948645,-0.0104087
2024-05-02,IBM,-0.0010265708,0.0061182976,-0.0075170994
2024-05-02,INTC,-0.00014311075,0.0080461502,-0.010117471
2024-05-02,MSFT,-0.0033706427,0.010210395,-0.010320544
2024-05-02,NKE,-0.0088121891,0.011564612,-0.0095202923
2024-05-02,VZ,-0.002828002,0.0070309639,-0.0093823075
2024-05-02,WMT,-0.0051700473,0.0077261925,-0.0063224435
2024-05-03,AAPL,-0.0082509518,0.015771866,-0.01088053
2024-05-03,AMGN,-0.0070812702,0.012991667,-0.0072669387
2024-05-03,CRM,-0.0087485909,0.017781615,-0.013170362
2024-05-03,CSCO,-0.0083169341,0.012580037,-0.0091777444
2024-05-03,IBM,-0.003629148,0.0089074373,-0.0071121454
2024-05-03,INTC,-0.0047774911,0.013388872,-0.0083662271
2024-05-03,MSFT,-0.0044495463,0.011795878,-0.0088294744
2024-05-03,NKE,-0.0084925294,0.013570666,-0.0083261728
2024-05-03,VZ,-0.0070222616,0.011333466,-0.0070052743
2024-05-03,WMT,-0.0060140491,0.010789394,-0.0061972737
2024-05-06,AAPL,-0.0040562749,0.01267612,-0.0070114732
2024-05-06,AMGN,-0.001460731,0.0078806877,-0.007563591
2024-05-06,CRM,-0.0042473078,0.012756705,-0.0080649853
2024-05-06,CSCO,-0.0051723123,0.008005023,-0.0072011948
2024-05-06,IBM,-0.0038366914,0.0070024729,-0.0039601326
2024-05-06,INTC,-0.0034532547,0.0091158152,-0.006569922
2024-05-06,MSFT,-0.0038555264,0.0085793734,-0.0053279996
2024-05-06,NKE,-0.0058317184,0.010678411,-0.0058434606
2024-05-06,VZ,-0.003683567,0.007368803,-0.0061312318
2024-05-06,WMT,-0.0026784539,0.0067896843,-0.0048735738
2024-05-07,AAPL,-0.010263264,0.014708161,-0.0076243281
2024-05-07,AMGN,-0.011993468,0.012472987,-0.0037867427
2024-05-07,CRM,-0.012287796,0.014229059,-0.0046458244
2024-05-07,CSCO,-0.0046767592,0.0081156492,-0.0073388219
2024-05-07,IBM,-0.0044165254,0.0067346096,-0.0042257309
2024-05-07,INTC,-0.0050965548,0.0089848042,-0.0067846179
2024-05-07,MSFT,-0.0080563426,0.0094079971,-0.0058787465
2024-05-07,NKE,-0.0062650442,0.0099633932,-0.0058700442
2024-05-07,VZ,-0.00252527,0.0073130131,-0.0070069432
2024-05-07,WMT,-0.0026186109,0.0057549477,-0.0059211254
2024-05-08,AAPL,-0.0077143312,0.014747381,-0.0081385374
2024-05-08,AMGN,-0.0047935247,0.0096489191,-0.0059534311
2024-05-08,CRM,-0.0092207789,0.01225245,-0.0051670074
2024-05-08,CSCO,-0.0042886138,0.0074652433,-0.0079209805
2024-05-08,IBM,-0.0027077198,0.0056612492,-0.0042855144
2024-05-08,INTC,-0.00010615587,0.0087448359,-0.0071074367
2024-05-08,MSFT,-0.0048856735,0.0085699558,-0.0059281588
2024-05-08,NKE,-0.007152915,0.01156342,-0.0039173365
2024-05-08,VZ,-0.00081849098,0.006798625,-0.0067594051
2024-05-08,WMT,-0.0040059686,0.0063507557,-0.0051857233
2024-05-09,AAPL,-0.0080198646,0.014986873,-0.0082138777
2024-05-09,AMGN,-0.0101282,0.012107491,-0.0037693381
2024-05-09,CRM,-0.0057535768,0.010069132,-0.008354187
2024-05-09,CSCO,-0.0057761073,0.0070585012,-0.0071287155
2024-05-09,IBM,-0.0030508637,0.0059933662,-0.0045405626
2024-05-09,INTC,-0.0024975538,0.0087013245,-0.0061733127
2024-05-09,MSFT,-0.0039387345,0.0085016489,-0.0061244965
2024-05-09,NKE,-0.006328702,0.011931062,-0.005212903
2024-05-09,VZ,-0.0022616982,0.0075826645,-0.0060898066
2024-05-09,WMT,-0.005431354,0.0073122978,-0.0041906834
2024-05-10,AAPL,-0.0091313124,0.015292406,-0.010185361
2024-05-10,AMGN,-0.0052109361,0.0095310211,-0.0045173168
2024-05-10,CRM,-0.0030045509,0.0091173649,-0.0090919733
2024-05-10,CSCO,-0.0049167871,0.0052062273,-0.0086615086
2024-05-10,IBM,-0.003054142,0.0061551332,-0.0047509074
2024-05-10,INTC,-0.0032960176,0.0081344843,-0.0069798231
2024-05-10,MSFT,-0.0050451756,0.0080521107,-0.006029129
2024-05-10,NKE,-0.0050618649,0.0099220276,-0.0050112605
2024-05-10,VZ,-0.0024582744,0.0077272654,-0.0072971582
2024-05-10,WMT,-0.0054188371,0.0072342157,-0.0047035813
2024-05-13,AAPL,-0.0082427859,0.015019774,-0.0093321204
2024-05-13,AMGN,-0.0068781376,0.010303497,-0.0053537488
2024-05-13,CRM,-0.0046447515,0.0081459284,-0.0088580847
2024-05-13,CSCO,-0.0050374866,0.0069496632,-0.0069397688
2024-05-13,IBM,-0.002116859,0.006475687,-0.0047582388
2024-05-13,INTC,-0.0033476949,0.0085629225,-0.0064912438
2024-05-13,MSFT,-0.006485641,0.0078431368,-0.0054798722
2024-05-13,NKE,-0.0033627748,0.01048708,-0.006390512
2024-05-13,VZ,-0.0026210546,0.0075907707,-0.0075013638
2024-05-13,WMT,-0.0057912469,0.00806427,-0.0048213601
2024-05-14,AAPL,-0.010629117,0.015986919,-0.008877933
2024-05-14,AMGN,-0.0032641292,0.007643342,-0.0063967705
2024-05-14,CRM,-0.0040692091,0.0089424849,-0.0089240074
2024-05-14,CSCO,-0.007502377,0.0072140694,-0.0074205995
2024-05-14,IBM,-0.0045717359,0.0064426661,-0.0045907497
2024-05-14,INTC,-0.0055605769,0.0090050697,-0.0063288808
2024-05-14,MSFT,-0.0091305971,0.0085891485,-0.0057678223
2024-05-14,NKE,-0.0050467849,0.0093256235,-0.0059091449
2024-05-14,VZ,-0.0040844083,0.0079561472,-0.0068294406
2024-05-14,WMT,-0.0052958131,0.0070999861,-0.0047585964
2024-05-15,AAPL,-0.010061681,0.016938925,-0.008978188
2024-05-15,AMGN,-0.0079886317,0.010312557,-0.0049747229
2024-05-15,CRM,-0.008918345,0.011218071,-0.0078094602
2024-05-15,CSCO,-0.0050623417,0.0078631639,-0.0074860454
2024-05-15,IBM,-0.0029338598,0.0065871477,-0.003690362
2024-05-15,INTC,-0.0059391856,0.010116935,-0.0054696798
2024-05-15,MSFT,-0.0062478781,0.0091462135,-0.0058760643
2024-05-15,NKE,-0.0062355995,0.011387825,-0.003955245
2024-05-15,VZ,-0.0016671419,0.0081824064,-0.0074079037
2024-05-15,WMT,-0.0040895343,0.0064731836,-0.0048753619
2024-05-16,AAPL,-0.0088728666,0.015583754,-0.0086373687
2024-05-16,AMGN,-0.0089834332,0.011887312,-0.0047236681
2024-05-16,CRM,-0.0062513947,0.010383844,-0.0082514286
2024-05-16,CSCO,-0.0062422156,0.0078901052,-0.0069984198
2024-05-16,IBM,-0.0033384562,0.0072723627,-0.004119873
2024-05-16,INTC,-0.0039947033,0.0087029934,-0.0059060454
2024-05-16,MSFT,-0.0063957572,0.0085041523,-0.0056290627
2024-05-16,NKE,-0.0066222548,0.010505199,-0.0050731897
2024-05-16,VZ,-0.0049151778,0.0080772638,-0.0060696602
2024-05-16,WMT,-0.0083426237,0.0090984106,-0.0037385225
2024-05-17,AAPL,-0.0082422495,0.014025927,-0.0122962
2024-05-17,AMGN,-0.0026805997,0.0073866844,-0.010395527
2024-05-17,CRM,-0.010490298,0.01077497,-0.010983706
2024-05-17,CSCO,-0.0082578063,0.0054906607,-0.0098766088
2024-05-17,IBM,-0.0043512583,0.0054403543,-0.0060506463
2024-05-17,INTC,-0.0049558282,0.0072106123,-0.0095177293
2024-05-17,MSFT,-0.0080257654,0.0076919794,-0.0077728629
2024-05-17,NKE,-0.007735014,0.0089950562,-0.0085386038
2024-05-17,VZ,-0.0031028986,0.0066943169,-0.0094952583
2024-05-17,WMT,-0.0061032772,0.0070643425,-0.006791532
2024-05-20,AAPL,-0.012987316,0.018133283,-0.0068897009
2024-05-20,AMGN,-0.0023323298,0.0095504522,-0.0056887865
2024-05-20,CRM,-0.009724617,0.012284398,-0.0072072148
2024-05-20,CSCO,-0.0066413879,0.0095033646,-0.0060023069
2024-05-20,IBM,-0.0013648272,0.0065209866,-0.0051137209
2024-05-20,INTC,-0.0056834817,0.010368705,-0.0064149499
2024-05-20,MSFT,-0.0064969659,0.0091743469,-0.0063617826
2024-05-20,NKE,-0.002831459,0.011607647,-0.0053464174
2024-05-20,VZ,-0.00019872189,0.0073553324,-0.0085579157
2024-05-20,WMT,-0.0015795231,0.006141305,-0.0064639449
2024-05-21,AAPL,-0.0085247755,0.0154953,-0.010632575
2024-05-21,AMGN,0.00084483624,0.0075365305,-0.0082245469
2024-05-21,CRM,-0.0075962543,0.011760592,-0.0085122585
2024-05-21,CSCO,-0.004101336,0.0071278811,-0.0083856583
2024-05-21,IBM,-0.0042245388,0.0063414574,-0.004076004
2024-05-21,INTC,-0.0051989555,0.0092102289,-0.0054016113
2024-05-21,MSFT,-0.0072824955,0.0090626478,-0.0067625046
2024-05-21,NKE,-0.0046313405,0.0095750093,-0.0057026744
2024-05-21,VZ,-0.0033057928,0.0075973272,-0.0072585344
2024-05-21,WMT,-0.0015022159,0.0059397221,-0.0058489442
2024-05-22,AAPL,-0.010530651,0.016961813,-0.0095846653
2024-05-22,AMGN,-0.0054443479,0.010633826,-0.0070444942
2024-05-22,CRM,-0.014363408,0.013716817,-0.0086375475
2024-05-22,CSCO,-0.0061324835,0.0077656507,-0.0081660748
2024-05-22,IBM,-0.0025075674,0.0065770149,-0.0054541826
2024-05-22,INTC,-0.0045647621,0.0088498592,-0.0073558688
2024-05-22,MSFT,-0.0061789751,0.0096577406,-0.0068648458
2024-05-22,NKE,-0.0069505572,0.011241436,-0.0064778924
2024-05-22,VZ,-0.0044105649,0.0077722073,-0.0083547235
2024-05-22,WMT,-0.0044538379,0.0071017742,-0.0056568384
2024-05-23,AAPL,-0.0052986145,0.015057445,-0.0098202825
2024-05-23,AMGN,-0.0066699386,0.01170218,-0.005734086
2024-05-23,CRM,-0.0041476488,0.01015842,-0.0093706846
2024-05-23,CSCO,-0.0040596128,0.0068522692,-0.0084972382
2024-05-23,IBM,-0.0038713217,0.0070052147,-0.004465282
2024-05-23,INTC,-0.0015972853,0.007699132,-0.0080140829
2024-05-23,MSFT,-0.0054003,0.0083649158,-0.0074298978
2024-05-23,NKE,-0.0078849792,0.010887504,-0.0051649213
2024-05-23,VZ,-0.0060588717,0.009247303,-0.0071510077
2024-05-23,WMT,-0.0083783269,0.0091975927,-0.0044313669
2024-05-24,AAPL,-0.0090036392,0.015221715,-0.0073744059
2024-05-24,AMGN,-0.0053018928,0.010233402,-0.0058240294
2024-05-24,CRM,-0.0057963729,0.011224151,-0.0083677173
2024-05-24,CSCO,-0.0051406622,0.0068846941,-0.0079344511
2024-05-24,IBM,-0.0014317036,0.0069061518,-0.0045294166
2024-05-24,INTC,-0.002732873,0.0083347559,-0.0070772767
2024-05-24,MSFT,-0.0036312342,0.0077739954,-0.0066720843
2024-05-24,NKE,-0.0057072639,0.010549307,-0.0039304495
2024-05-24,VZ,-0.0024065971,0.0082262754,-0.0070725083
2024-05-24,WMT,-0.0044498444,0.0071052313,-0.0052930117
2024-05-28,AAPL,-0.0096855164,0.015448809,-0.0085296035
2024-05-28,AMGN,-0.0045945644,0.0096851587,-0.0069845319
2024-05-28,CRM,-0.005543232,0.010164738,-0.0087641478
2024-05-28,CSCO,-0.0052344799,0.0069971085,-0.0074928999
2024-05-28,IBM,0.00032329559,0.0055103302,-0.0047585964
2024-05-28,INTC,-0.0038821697,0.0080059767,-0.0067371726
2024-05-28,MSFT,-0.0044403672,0.0085033178,-0.0062434673
2024-05-28,NKE,-0.0032273531,0.0097708702,-0.0056243539
2024-05-28,VZ,-0.0016134977,0.0081781149,-0.0072541833
2024-05-28,WMT,-0.0034683347,0.0066068172,-0.005338192
2024-05-29,AAPL,-0.0060946345,0.014275074,-0.011479735
2024-05-29,AMGN,-0.0019799471,0.0077995062,-0.0089805722
2024-05-29,CRM,-0.0059249997,0.0091325045,-0.011312842
2024-05-29,CSCO,-0.00436759,0.0053393841,-0.0086956024
2024-05-29,IBM,-0.0034888387,0.0055016279,-0.0052441955
2024-05-29,INTC,-0.0036873817,0.0068941116,-0.0079081059
2024-05-29,MSFT,-0.0057880878,0.008217454,-0.0070896745
2024-05-29,NKE,-0.0058929324,0.010707974,-0.0068670511
2024-05-29,VZ,-0.004724741,0.0082758665,-0.0077242851
2024-05-29,WMT,-0.0062738061,0.0077308416,-0.0049905181
2024-05-30,AAPL,-0.0086215734,0.015642524,-0.0097581744
2024-05-30,AMGN,-0.0032488108,0.010008812,-0.0073466897
2024-05-30,CRM,-0.011388123,0.012781978,-0.0090312958
2024-05-30,CSCO,-0.0080919862,0.0084350109,-0.0087049603
2024-05-30,IBM,-0.003521204,0.0065428019,-0.0058894753
2024-05-30,INTC,-0.0056949258,0.0092340708,-0.0073071718
2024-05-30,MSFT,-0.00748384,0.0096050501,-0.007408917
2024-05-30,NKE,-0.0048729777,0.011975408,-0.0078410506
2024-05-30,VZ,-0.0036276579,0.00692451,-0.0087760687
2024-05-30,WMT,-0.0032141805,0.0065506697,-0.0061485767
2024-05-31,AAPL,-0.012627065,0.017454267,-0.0093676448
2024-05-31,AMGN,-0.0038998723,0.010801196,-0.008405447
2024-05-31,CRM,-0.020222187,0.018701077,-0.0099155307
2024-05-31,CSCO,-0.0083448887,0.0096483231,-0.0079963803
2024-05-31,IBM,-0.0049068332,0.0070176125,-0.0064005256
2024-05-31,INTC,-0.006305635,0.010642648,-0.005759716
2024-05-31,MSFT,-0.0085108876,0.011294365,-0.0063698888
2024-05-31,NKE,-0.0083693862,0.011796951,-0.006834507
2024-05-31,VZ,-0.0020326972,0.0076731443,-0.0085781217
2024-05-31,WMT,-0.0022512674,0.0062441826,-0.0066750646
2024-06-03,AAPL,-0.008897543,0.016409278,-0.01100415
2024-06-03,AMGN,-0.0055388212,0.014099717,-0.0071458817
2024-06-03,CRM,-0.014389515,0.017808795,-0.013952732
2024-06-03,CSCO,-0.010860324,0.012948036,-0.0081278086
2024-06-03,IBM,-0.0048330426,0.0086622238,-0.0063029528
2024-06-03,INTC,-0.0057957768,0.01219511,-0.0082179308
2024-06-03,MSFT,-0.0043006539,0.013322592,-0.0090394616
2024-06-03,NKE,-0.0093781352,0.013284087,-0.0074087977
2024-06-03,VZ,-0.0053650141,0.0093060732,-0.008644402
2024-06-03,WMT,-0.0066431165,0.0086461306,-0.0058282018
2024-06-04,AAPL,-0.0089232326,0.017718077,-0.0086675286
2024-06-04,AMGN,-0.0074166059,0.014392257,-0.0062711239
2024-06-04,CRM,-0.0056357384,0.017320395,-0.011927664
2024-06-04,CSCO,-0.006970048,0.014871597,-0.0075444579
2024-06-04,IBM,-0.0043235421,0.011512995,-0.0047763586
2024-06-04,INTC,-0.0062665343,0.015166283,-0.0063850284
2024-06-04,MSFT,-0.0056573153,0.01322782,-0.0062164664
2024-06-04,NKE,-0.007907033,0.014337182,-0.0062893629
2024-06-04,VZ,-0.0075734258,0.012058139,-0.0052705407
2024-06-04,WMT,-0.0056518316,0.012120962,-0.0041945577
2024-06-05,AAPL,-0.0023576021,0.010445476,-0.008269906
2024-06-05,AMGN,-0.0017579794,0.0075153112,-0.0075494647
2024-06-05,CRM,-4.5537949e-05,0.011339068,-0.0080352426
2024-06-05,CSCO,-0.003606379,0.0070979595,-0.0070058107
2024-06-05,IBM,-0.00055402517,0.0059894323,-0.0050761104
2024-06-05,INTC,-0.0026797056,0.0083322525,-0.0060502291
2024-06-05,MSFT,-0.0033528805,0.0081878901,-0.0055930018
2024-06-05,NKE,-0.0028970838,0.0090750456,-0.0056032538
2024-06-05,VZ,-0.0017226934,0.006780386,-0.0064151287
2024-06-05,WMT,-0.00078785419,0.0054374933,-0.0053368211
2024-06-06,AAPL,-0.0096912384,0.013046861,-0.0085858703
2024-06-06,AMGN,-0.0082032084,0.0091582537,-0.0055282116
2024-06-06,CRM,-0.016487122,0.013329864,-0.0046609044
2024-06-06,CSCO,-0.0045606494,0.0064755678,-0.0081332922
2024-06-06,IBM,-0.0034562349,0.005567193,-0.0056901574
2024-06-06,INTC,-0.0046440363,0.0062801838,-0.0070267916
2024-06-06,MSFT,-0.0064337254,0.0079518557,-0.0064762235
2024-06-06,NKE,-0.0081546903,0.0088865757,-0.00586766
2024-06-06,VZ,-0.0027507544,0.0058073997,-0.0073385239
2024-06-06,WMT,-0.0020724535,0.0047050714,-0.0065757036
2024-06-07,AAPL,-0.0094522238,0.015343428,-0.0093997121
2024-06-07,AMGN,-0.0057815909,0.010816813,-0.0068469644
2024-06-07,CRM,-0.014754236,0.015139222,-0.0078327656
2024-06-07,CSCO,-0.0059078336,0.0064923763,-0.0088970661
2024-06-07,IBM,0.0012574196,0.0045779943,-0.0064778328
2024-06-07,INTC,-4.8816204e-05,0.0067389011,-0.0086094141
2024-06-07,MSFT,-0.005412817,0.0080395937,-0.0073466301
2024-06-07,NKE,-0.0077565312,0.01046288,-0.0058123469
2024-06-07,VZ,0.00056052208,0.0056672096,-0.0090964437
2024-06-07,WMT,-0.00045752525,0.0039263964,-0.0075173974
2024-06-10,AAPL,-0.0093562603,0.014800549,-0.0080990195
2024-06-10,AMGN,-0.004177928,0.0086966753,-0.0063388944
2024-06-10,CRM,-0.0090525746,0.013011813,-0.0088503957
2024-06-10,CSCO,-0.0084712505,0.0082683563,-0.0077630877
2024-06-10,IBM,-0.0037177205,0.006368041,-0.0047630072
2024-06-10,INTC,-0.0036425591,0.0081528425,-0.0073608756
2024-06-10,MSFT,-0.0050464869,0.0085892677,-0.0066210032
2024-06-10,NKE,-0.0064396858,0.011277795,-0.0059527159
2024-06-10,VZ,-0.0011798143,0.0076603889,-0.0080148578
2024-06-10,WMT,-0.0033010244,0.0067563057,-0.0055354834
2024-06-11,AAPL,-0.011517048,0.015750527,-0.0085458159
2024-06-11,AMGN,0.00016570091,0.0067862272,-0.0076224804
2024-06-11,CRM,-0.009216845,0.012485266,-0.0075230598
2024-06-11,CSCO,-0.004640162,0.0069977045,-0.0071748495
2024-06-11,IBM,-0.0017706156,0.0056529045,-0.0048661828
2024-06-11,INTC,-0.0045367479,0.0070897341,-0.006164968
2024-06-11,MSFT,-0.0054001808,0.0094544888,-0.0056509376
2024-06-11,NKE,-0.0050429702,0.0095169544,-0.005995512
2024-06-11,VZ,0.00041556358,0.0062272549,-0.0082380176
2024-06-11,WMT,0.00097537041,0.0046132803,-0.0072334409
2024-06-12,AAPL,-0.0070368648,0.014163733,-0.010011792
2024-06-12,AMGN,-0.0064969659,0.010069132,-0.0058913827
2024-06-12,CRM,-0.0088354349,0.010294914,-0.0096018314
2024-06-12,CSCO,-0.0052284598,0.0073455572,-0.0067831278
2024-06-12,IBM,-0.0026702285,0.0061256886,-0.0042304397
2024-06-12,INTC,-0.00357306,0.0075327158,-0.0067015886
2024-06-12,MSFT,-0.0051329732,0.0084923506,-0.0057221055
2024-06-12,NKE,-0.0063220859,0.0095014572,-0.0062682629
2024-06-12,VZ,-0.0034806728,0.0072245598,-0.0072509646
2024-06-12,WMT,-0.0070565939,0.0082007647,-0.004607141
2024-06-13,AAPL,-0.009475112,0.015537381,-0.010809243
2024-06-13,AMGN,-0.0041642189,0.0077745914,-0.0072899461
2024-06-13,CRM,-0.015513301,0.0113343,-0.0091438293
2024-06-13,CSCO,-0.0092656612,0.0068676472,-0.008623302
2024-06-13,IBM,-0.0034087896,0.0057604313,-0.0060526729
2024-06-13,INTC,-0.0052451491,0.0065131187,-0.0087863803
2024-06-13,MSFT,-0.0084384084,0.0090508461,-0.0062812567
2024-06-13,NKE,-0.0075454712,0.0093165636,-0.0077329874
2024-06-13,VZ,-0.0026212335,0.0067468882,-0.0092191696
2024-06-13,WMT,-0.0037282705,0.0063163042,-0.0066535473
2024-06-14,AAPL,-0.010270596,0.016706824,-0.0083476901
2024-06-14,AMGN,-0.0014406443,0.0075376034,-0.0062990785
2024-06-14,CRM,-0.011922121,0.013373733,-0.0064989924
2024-06-14,CSCO,-0.0051463842,0.0087013245,-0.0071216822
2024-06-14,IBM,0.00034785271,0.0056741238,-0.0060109496
2024-06-14,INTC,-0.0029135942,0.0087250471,-0.0076622367
2024-06-14,MSFT,-0.0047698617,0.0074871778,-0.0067306161
2024-06-14,NKE,-0.0064476728,0.010832191,-0.0055198669
2024-06-14,VZ,0.0024392605,0.0068339109,-0.0090827942
2024-06-14,WMT,-0.00044810772,0.0053911209,-0.006424427
2024-06-17,AAPL,-0.0094784498,0.016003489,-0.0081019998
2024-06-17,AMGN,0.0001360178,0.0065973997,-0.0071200728
2024-06-17,CRM,-0.0047380328,0.011389971,-0.0083112121
2024-06-17,CSCO,-0.0041900277,0.0079889297,-0.0068776011
2024-06-17,IBM,-0.00075334311,0.006149292,-0.0042092204
2024-06-17,INTC,-0.0027734637,0.008062005,-0.0050290227
2024-06-17,MSFT,-0.0048726201,0.0090501308,-0.0054431558
2024-06-17,NKE,-0.0030227304,0.0093665123,-0.0050610304
2024-06-17,VZ,0.00014126301,0.0066242218,-0.0071485639
2024-06-17,WMT,-0.00056356192,0.00608778,-0.0052342415
2024-06-18,AAPL,-0.010100067,0.014853477,-0.0098854303
2024-06-18,AMGN,-0.0024785399,0.0061277151,-0.0084370375
2024-06-18,CRM,-0.011304498,0.012025952,-0.0085793734
2024-06-18,CSCO,-0.0062611699,0.0067981482,-0.0079190135
2024-06-18,IBM,-0.0045666099,0.0063937902,-0.0047758818
2024-06-18,INTC,-0.0066080689,0.0075421333,-0.0070078373
2024-06-18,MSFT,-0.0076907277,0.008372426,-0.0068746805
2024-06-18,NKE,-0.0070091486,0.0094158649,-0.0067296624
2024-06-18,VZ,-0.0023481846,0.0066494942,-0.0082883239
2024-06-18,WMT,-0.0044999123,0.0061074495,-0.0055987835
2024-06-20,AAPL,-0.0079087019,0.015377641,-0.010064781
2024-06-20,AMGN,-0.0017716885,0.0072520971,-0.0086207986
2024-06-20,CRM,-0.01225698,0.011874557,-0.0084021091
2024-06-20,CSCO,-0.0044442415,0.0070729256,-0.0075911283
2024-06-20,IBM,-0.0012497306,0.0055236816,-0.0058993697
2024-06-20,INTC,-0.0022298694,0.0058436394,-0.0074186325
2024-06-20,MSFT,-0.0052049756,0.0081135035,-0.0068566799
2024-06-20,NKE,-0.0050612092,0.0097181797,-0.00618577
2024-06-20,VZ,-0.002012074,0.0061727762,-0.0083258748
2024-06-20,WMT,-0.0022463202,0.0063233376,-0.0063196421
2024-06-21,AAPL,-0.0073700547,0.015164971,-0.0098576546
2024-06-21,AMGN,-0.0037035346,0.0088914633,-0.0065416098
2024-06-21,CRM,-0.013811767,0.013308883,-0.0086240172
2024-06-21,CSCO,-0.0069974661,0.0073671341,-0.0084950328
2024-06-21,IBM,-0.0017604232,0.0052505732,-0.0053851604
2024-06-21,INTC,-0.0030996203,0.0069643259,-0.0078372359
2024-06-21,MSFT,-0.0061588883,0.0076602697,-0.0071950555
2024-06-21,NKE,-0.0063661337,0.009086132,-0.0068750381
2024-06-21,VZ,-0.00062048435,0.0061717033,-0.0086151361
2024-06-21,WMT,-0.0024728179,0.0059206486,-0.0063892603
2024-06-24,AAPL,-0.015500844,0.018229246,-0.0086791515
2024-06-24,AMGN,-0.00036752224,0.0076178312,-0.0077325106
2024-06-24,CRM,-0.01610446,0.017236233,-0.0064948201
2024-06-24,CSCO,-0.0076518655,0.0090956688,-0.0074582696
2024-06-24,IBM,-0.0028192997,0.0063714981,-0.0048982501
2024-06-24,INTC,-0.0056067705,0.0087884665,-0.0060513616
2024-06-24,MSFT,-0.0088582039,0.01037848,-0.0062413216
2024-06-24,NKE,-0.0058834553,0.011160851,-0.0063422918
2024-06-24,VZ,0.0012186766,0.0065069199,-0.008995831
2024-06-24,WMT,0.0010318756,0.0047988892,-0.0070093274
2024-06-25,AAPL,-0.008318603,0.016074896,-0.0087344646
2024-06-25,AMGN,-0.00095921755,0.0083018541,-0.0078428388
2024-06-25,CRM,-0.0036878586,0.011209846,-0.0088577271
2024-06-25,CSCO,-0.0043688416,0.0079411268,-0.007135272
2024-06-25,IBM,-0.0026782155,0.0072786808,-0.004414916
2024-06-25,INTC,-0.0030245781,0.0082113743,-0.006095469
2024-06-25,MSFT,-0.0040726662,0.0094778538,-0.0062071085
2024-06-25,NKE,-0.0073012114,0.010670185,-0.0045014024
2024-06-25,VZ,-0.002333045,0.0084149837,-0.0067621469
2024-06-25,WMT,-0.0037583709,0.007501483,-0.0047818422
2024-06-26,AAPL,-0.0074488521,0.015448332,-0.010573149
2024-06-26,AMGN,-0.0041819215,0.0076677799,-0.0082149506
2024-06-26,CRM,-0.0097067952,0.01185143,-0.0098444223
2024-06-26,CSCO,-0.0080478191,0.0067013502,-0.0087481141
2024-06-26,IBM,-0.0043618679,0.0074771643,-0.0052369237
2024-06-26,INTC,-0.0051826239,0.0074207783,-0.0076392293
2024-06-26,MSFT,-0.0067825317,0.0091190338,-0.006829381
2024-06-26,NKE,-0.0083946586,0.010652065,-0.0066265464
2024-06-26,VZ,-0.0070455074,0.0078904629,-0.0081864595
2024-06-26,WMT,-0.0054054856,0.0073808432,-0.005237937
2024-06-27,AAPL,-0.0061685443,0.015358329,-0.010029078
2024-06-27,AMGN,-0.0058247447,0.0095297098,-0.0060147047
2024-06-27,CRM,-0.015218377,0.013612986,-0.0073994994
2024-06-27,CSCO,-0.0042805076,0.0073894262,-0.0084860325
2024-06-27,IBM,0.00035381317,0.0054721832,-0.006246984
2024-06-27,INTC,-0.0027240515,0.0063861609,-0.0083723068
2024-06-27,MSFT,-0.0049756765,0.0087013245,-0.0069067478
2024-06-27,NKE,-0.0063646436,0.01050818,-0.0066655278
2024-06-27,VZ,-0.001155138,0.0073230267,-0.009221673
2024-06-27,WMT,-0.0025678873,0.0060145855,-0.0066229105
2024-06-28,AAPL,-0.0073740482,0.014786005,-0.010400712
2024-06-28,AMGN,-0.0030308962,0.0078033209,-0.0079185963
2024-06-28,CRM,-0.012887418,0.014617682,-0.0094528198
2024-06-28,CSCO,-0.0062058568,0.0078794956,-0.0081870556
2024-06-28,IBM,-0.0014320016,0.0045150518,-0.0068411827
2024-06-28,INTC,-0.0032147765,0.0079040527,-0.0088449717
2024-06-28,MSFT,-0.0049232841,0.0086055994,-0.0061512589
2024-06-28,NKE,-0.0065609813,0.010671973,-0.0074552894
2024-06-28,VZ,-0.0013682842,0.006757617,-0.009624958
2024-06-28,WMT,-0.00076001883,0.005294919,-0.0071516037
2024-07-01,AAPL,-0.0073674917,0.01515007,-0.0093613863
2024-07-01,AMGN,-0.00085538626,0.0081949234,-0.0077588558
2024-07-01,CRM,-0.014914393,0.015849113,-0.010218501
2024-07-01,CSCO,-0.0091937184,0.0083684921,-0.0091490149
2024-07-01,IBM,-0.0027930737,0.0056166649,-0.0063647628
2024-07-01,INTC,-0.0050882697,0.007521987,-0.0079663992
2024-07-01,MSFT,-0.0056388378,0.0096330643,-0.0069631338
2024-07-01,NKE,-0.0072494745,0.011995912,-0.0083125234
2024-07-01,VZ,-0.00087767839,0.0068277121,-0.0094466805
2024-07-01,WMT,-0.00062912703,0.0060534477,-0.0067600608
2024-07-02,AAPL,-0.01255542,0.018298984,-0.008495152
2024-07-02,AMGN,-0.0014047623,0.0098143816,-0.0079700947
2024-07-02,CRM,-0.020140231,0.021034956,-0.0089924932
2024-07-02,CSCO,-0.0079259276,0.010549068,-0.0077695251
2024-07-02,IBM,-0.0051882267,0.0080918074,-0.0060744882
2024-07-02,INTC,-0.0067572594,0.010810614,-0.0049707294
2024-07-02,MSFT,-0.0077392459,0.011630416,-0.0056641698
2024-07-02,NKE,-0.0092536211,0.013332009,-0.0059673786
2024-07-02,VZ,-0.0010109544,0.0071626902,-0.0089989901
2024-07-02,WMT,-0.00037318468,0.0056825876,-0.006387949
2024-07-03,AAPL,-0.0088203549,0.014972091,-0.013959527
2024-07-03,AMGN,0.00054419041,0.0093803406,-0.0096681714
2024-07-03,CRM,-0.01781857,0.020565748,-0.01363349
2024-07-03,CSCO,-0.010872543,0.011609912,-0.0084946156
2024-07-03,IBM,-0.0050439239,0.008728981,-0.0068340898
2024-07-03,INTC,-0.0039494038,0.0092810392,-0.0088535547
2024-07-03,MSFT,-0.0051487684,0.011239767,-0.0089262724
2024-07-03,NKE,-0.0085701942,0.011246085,-0.0088250041
2024-07-03,VZ,-0.0039883256,0.0085114241,-0.0085523129
2024-07-03,WMT,-0.0057148337,0.0076959133,-0.0057405829
2024-07-05,AAPL,-0.011182666,0.017741323,-0.0089778304
2024-07-05,AMGN,-0.0054901838,0.013438344,-0.0073106289
2024-07-05,CRM,-0.013481498,0.020169139,-0.011095285
2024-07-05,CSCO,-0.0096564889,0.015432835,-0.0071446896
2024-07-05,IBM,-0.006347537,0.011214256,-0.005954802
2024-07-05,INTC,-0.009314537,0.015425563,-0.0063899755
2024-07-05,MSFT,-0.0081642866,0.013354421,-0.0061266422
2024-07-05,NKE,-0.00897789,0.01403451,-0.0072596669
2024-07-05,VZ,-0.0067320466,0.011482954,-0.007047236
2024-07-05,WMT,-0.004085958,0.011426926,-0.0051985383
2024-07-08,AAPL,0.00091910362,0.010162473,-0.0097962022
2024-07-08,AMGN,-0.0030506849,0.0089956522,-0.007732451
2024-07-08,CRM,-0.001378715,0.010808349,-0.012061357
2024-07-08,CSCO,-0.0011883974,0.0053761005,-0.0089906454
2024-07-08,IBM,0.0011464357,0.0048408508,-0.0064208508
2024-07-08,INTC,-0.0003234148,0.0068217516,-0.0087519884
2024-07-08,MSFT,-0.0020613074,0.006483674,-0.0078591704
2024-07-08,NKE,-0.0050618649,0.0091266632,-0.0078004599
2024-07-08,VZ,-0.0022756457,0.0065889359,-0.0068722367
2024-07-08,WMT,-0.0027077198,0.0057381392,-0.005698204
2024-07-09,AAPL,-0.004712224,0.012107134,-0.010007679
2024-07-09,AMGN,-0.0088747144,0.0098251104,-0.0058095455
2024-07-09,CRM,-0.017783105,0.015416741,-0.0073373318
2024-07-09,CSCO,-0.0015210509,0.0048271418,-0.0099718571
2024-07-09,IBM,0.0018972158,0.0040369034,-0.0077872872
2024-07-09,INTC,0.00067734718,0.0057914257,-0.0095099211
2024-07-09,MSFT,-0.0048905015,0.007874608,-0.0084703565
2024-07-09,NKE,-0.0070009828,0.0093569756,-0.0079800487
2024-07-09,VZ,-0.001306951,0.0056145191,-0.008618474
2024-07-09,WMT,0.00083243847,0.003639102,-0.0085036159
2024-07-10,AAPL,-0.0056170821,0.013622046,-0.010778725
2024-07-10,AMGN,-0.00077694654,0.0079772472,-0.0091292262
2024-07-10,CRM,-0.013628542,0.014964581,-0.0087274313
2024-07-10,CSCO,-0.0023667812,0.0064522028,-0.0097373128
2024-07-10,IBM,0.0033539534,0.0037385225,-0.007321775
2024-07-10,INTC,0.0013923645,0.0062091351,-0.0090852976
2024-07-10,MSFT,-0.00270468,0.0072523355,-0.00889045
2024-07-10,NKE,-0.0089976788,0.011512995,-0.0065060258
2024-07-10,VZ,0.00046992302,0.0071129799,-0.0098935962
2024-07-10,WMT,0.00091946125,0.0041698217,-0.0078009367
2024-07-11,AAPL,-0.0064470768,0.013109803,-0.010676622
2024-07-11,AMGN,-0.0021598935,0.0078821182,-0.00762254
2024-07-11,CRM,-0.0076243877,0.012708187,-0.011262
2024-07-11,CSCO,-0.0056819916,0.0068292618,-0.0090028048
2024-07-11,IBM,0.00070214272,0.0053677559,-0.0072372556
2024-07-11,INTC,-0.0003798008,0.0069903135,-0.0095765591
2024-07-11,MSFT,-0.0024681091,0.0090737343,-0.0082063079
2024-07-11,NKE,-0.0088314414,0.011646986,-0.0061988235
2024-07-11,VZ,-0.0026060343,0.0078793764,-0.0085183382
2024-07-11,WMT,-0.0017102957,0.0059925318,-0.0068517923
2024-07-12,AAPL,-0.0068932176,0.01330483,-0.011195362
2024-07-12,AMGN,-0.0024165511,0.0081321001,-0.0080916286
2024-07-12,CRM,-0.0091966987,0.013441205,-0.0091499686
2024-07-12,CSCO,-0.0024048686,0.0055521727,-0.010171115
2024-07-12,IBM,-0.00022608042,0.0058964491,-0.007420063
2024-07-12,INTC,-0.0011629462,0.0061684847,-0.0097801089
2024-07-12,MSFT,-0.0038506985,0.0074375868,-0.0084138513
2024-07-12,NKE,-0.0081632137,0.010773659,-0.0076510906
2024-07-12,VZ,-0.0028799176,0.0073447227,-0.0088798404
2024-07-12,WMT,-0.0028837919,0.006054759,-0.0065083504
2024-07-15,AAPL,-0.0055680275,0.013102531,-0.011865556
2024-07-15,AMGN,0.00019168854,0.007612586,-0.0094226003
2024-07-15,CRM,-0.005125165,0.010663033,-0.010616064
2024-07-15,CSCO,-0.0023609996,0.0059335232,-0.0095945001
2024-07-15,IBM,0.00027513504,0.0060896873,-0.0070579648
2024-07-15,INTC,-0.00097882748,0.0067898035,-0.0092541575
2024-07-15,MSFT,-0.0039413571,0.0074043274,-0.0083959699
2024-07-15,NKE,-0.0046172738,0.0096224546,-0.007278502
2024-07-15,VZ,-0.0028121471,0.007111311,-0.0086920857
2024-07-15,WMT,-0.0038170218,0.0057913065,-0.006268084
2024-07-16,AAPL,-0.0077235103,0.014434338,-0.011355281
2024-07-16,AMGN,-0.00020182133,0.0059571266,-0.010031164
2024-07-16,CRM,-0.0078434944,0.012278438,-0.0088617206
2024-07-16,CSCO,-0.0042391419,0.0056581497,-0.0097427964
2024-07-16,IBM,-0.001911521,0.0062220097,-0.006329298
2024-07-16,INTC,-0.0025544763,0.0066890717,-0.0091947317
2024-07-16,MSFT,-0.0046616793,0.008022666,-0.0085182786
2024-07-16,NKE,-0.0064130425,0.010455847,-0.0075364709
2024-07-16,VZ,-0.0051229596,0.0084650517,-0.0081700683
2024-07-16,WMT,-0.0037860274,0.006331563,-0.0067340732
2024-07-17,AAPL,-0.0051265359,0.014077663,-0.010632515
2024-07-17,AMGN,-0.0010739565,0.007520318,-0.0088148117
2024-07-17,CRM,-0.0099976063,0.012866855,-0.0095853806
2024-07-17,CSCO,-0.0012465715,0.0052525997,-0.009092629
2024-07-17,IBM,-0.00042402744,0.0054833889,-0.0061709881
2024-07-17,INTC,-0.00011825562,0.0066347122,-0.0087593198
2024-07-17,MSFT,-0.0037295222,0.0077489614,-0.0077872276
2024-07-17,NKE,-0.0075360537,0.011471868,-0.0060973167
2024-07-17,VZ,-0.0031167865,0.0073541403,-0.0085080862
2024-07-17,WMT,-0.001511693,0.0051237345,-0.0062042475
2024-07-18,AAPL,-0.0024092793,0.012201905,-0.012355447
2024-07-18,AMGN,-0.0037871003,0.0078334808,-0.0084456205
2024-07-18,CRM,-0.012690187,0.01114738,-0.0098381639
2024-07-18,CSCO,-0.0027541518,0.0043358803,-0.010208011
2024-07-18,IBM,0.00090694427,0.0048161745,-0.0070052147
2024-07-18,INTC,-0.0003746748,0.0057032108,-0.0094547272
2024-07-18,MSFT,-0.0035831928,0.0072270632,-0.0080705881
2024-07-18,NKE,-0.0062397718,0.0087770224,-0.0075854063
2024-07-18,VZ,-0.0027009845,0.0066864491,-0.0088528395
2024-07-18,WMT,-0.0015651584,0.0049921274,-0.0068802238
2024-07-19,AAPL,-0.0054737926,0.013736129,-0.012937963
2024-07-19,AMGN,0.0014089346,0.0059490204,-0.011305034
2024-07-19,CRM,-0.015987873,0.016258478,-0.010875762
2024-07-19,CSCO,-0.0064368248,0.0050010681,-0.010570288
2024-07-19,IBM,-0.00067490339,0.0042642355,-0.0073437095
2024-07-19,INTC,-0.0037988424,0.0058618784,-0.0096964836
2024-07-19,MSFT,-0.0061489344,0.0088852644,-0.0081799626
2024-07-19,NKE,-0.0087137222,0.0097591877,-0.008746922
2024-07-19,VZ,-0.00309515,0.0069693327,-0.010215461
2024-07-19,WMT,-0.00033664703,0.0046005249,-0.0086051226
2024-07-22,AAPL,-0.0091682673,0.015338778,-0.010967314
2024-07-22,AMGN,-0.00020092726,0.0083158016,-0.009190619
2024-07-22,CRM,-0.017088771,0.018216372,-0.0097299814
2024-07-22,CSCO,-0.0039589405,0.0075035095,-0.0096257329
2024-07-22,IBM,0.0015650988,0.005058527,-0.0075985193
2024-07-22,INTC,-0.0024089217,0.0072495937,-0.0090789199
2024-07-22,MSFT,-0.0049837232,0.0089490414,-0.0086544156
2024-07-22,NKE,-0.006064117,0.010545731,-0.0076531768
2024-07-22,VZ,0.00010979176,0.0070716143,-0.0099785924
2024-07-22,WMT,0.0023151636,0.0036869049,-0.0088506341
2024-07-23,AAPL,-0.0046344399,0.012140274,-0.012914836
2024-07-23,AMGN,0.003185153,0.0049514771,-0.012158394
2024-07-23,CRM,-0.011794865,0.015767336,-0.011627674
2024-07-23,CSCO,-0.0052922964,0.0056970119,-0.010153115
2024-07-23,IBM,-0.0017901063,0.0060776472,-0.0073104501
2024-07-23,INTC,-0.00083786249,0.0066683292,-0.0095627904
2024-07-23,MSFT,-0.0031186342,0.0079674721,-0.008949995
2024-07-23,NKE,-0.0081126094,0.010673404,-0.0079370141
2024-07-23,VZ,-0.0044801235,0.0083239079,-0.0088822842
2024-07-23,WMT,-0.0020199418,0.0056705475,-0.0069181919
2024-07-24,AAPL,-0.0056087971,0.014717579,-0.0096782446
2024-07-24,AMGN,-0.0007647872,0.007568717,-0.0089958906
2024-07-24,CRM,-0.010470569,0.014774561,-0.010235786
2024-07-24,CSCO,-0.0031216741,0.0061161518,-0.0093100071
2024-07-24,IBM,0.00033819675,0.0056453943,-0.0062145591
2024-07-24,INTC,-0.00097966194,0.0064901114,-0.0086660385
2024-07-24,MSFT,-0.0022905469,0.0088433027,-0.0079644918
2024-07-24,NKE,-0.0081041455,0.01102519,-0.0065050125
2024-07-24,VZ,-0.0033740401,0.0078343153,-0.0083599091
2024-07-24,WMT,-0.00082349777,0.0047631264,-0.0070343018
2024-07-25,AAPL,-0.0056140423,0.013044834,-0.011217415
2024-07-25,AMGN,0.00076758862,0.0070371628,-0.0095851421
2024-07-25,CRM,-0.014400005,0.015053034,-0.010152161
2024-07-25,CSCO,-0.0047491193,0.0064399242,-0.0091375113
2024-07-25,IBM,-0.00088638067,0.0056341887,-0.0065412521
2024-07-25,INTC,-0.00065690279,0.0058897734,-0.0097823143
2024-07-25,MSFT,-0.0037035942,0.0081843138,-0.0085229874
2024-07-25,NKE,-0.0071790218,0.010108352,-0.0080165863
2024-07-25,VZ,-0.0032593608,0.0079656839,-0.0083090663
2024-07-25,WMT,-0.0023111105,0.0054271221,-0.0070297718
2024-07-26,AAPL,-0.0080571771,0.013734818,-0.011432886
2024-07-26,AMGN,0.00027775764,0.0063673258,-0.01049155
2024-07-26,CRM,-0.016260624,0.016451955,-0.009329915
2024-07-26,CSCO,-0.0069255829,0.0066428185,-0.010089278
2024-07-26,IBM,-0.00091272593,0.0061900616,-0.0077542663
2024-07-26,INTC,-0.0029229522,0.005898118,-0.010464966
2024-07-26,MSFT,-0.0068193078,0.008702755,-0.0095711946
2024-07-26,NKE,-0.0062065721,0.0095434189,-0.008977294
2024-07-26,VZ,-0.003485918,0.0076589584,-0.0097934008
2024-07-26,WMT,-0.00049364567,0.0047525167,-0.0083939433
2024-07-29,AAPL,-0.0068026781,0.014186978,-0.010726511
2024-07-29,AMGN,0.00064718723,0.00662148,-0.010134637
2024-07-29,CRM,-0.0078284144,0.01290977,-0.010285079
2024-07-29,CSCO,-0.0034549236,0.0066424608,-0.0084004998
2024-07-29,IBM,-0.0001103282,0.0058528185,-0.006505549
2024-07-29,INTC,-0.00074291229,0.0072665215,-0.0081477761
2024-07-29,MSFT,-0.0052422285,0.0093044043,-0.0074893832
2024-07-29,NKE,-0.0055776834,0.011096239,-0.0076338053
2024-07-29,VZ,-0.003113687,0.0083369017,-0.0090841055
2024-07-29,WMT,-0.00076985359,0.0054143667,-0.0075022578
2024-07-30,AAPL,-0.0026851892,0.012503624,-0.010609269
2024-07-30,AMGN,-0.0041586757,0.0090136528,-0.0078660846
2024-07-30,CRM,-0.009585619,0.012071848,-0.010220885
2024-07-30,CSCO,-0.0029170513,0.006200552,-0.0096588731
2024-07-30,IBM,-0.0020941496,0.0057891607,-0.006470561
2024-07-30,INTC,0.00088477135,0.0060174465,-0.0091046691
2024-07-30,MSFT,-0.0037365556,0.0082252026,-0.0075847507
2024-07-30,NKE,-0.0083265305,0.011891007,-0.0076647401
2024-07-30,VZ,-0.0039650202,0.0082110167,-0.0086852312
2024-07-30,WMT,-0.0030919909,0.0063077211,-0.0066292882
2024-07-31,AAPL,-0.005009532,0.014331102,-0.0097135901
2024-07-31,AMGN,-0.0043274164,0.0098218918,-0.0084406734
2024-07-31,CRM,-0.019542694,0.017595887,-0.0073550344
2024-07-31,CSCO,-0.0057802796,0.0068207979,-0.010662973
2024-07-31,IBM,-0.00040382147,0.0052696466,-0.0078900456
2024-07-31,INTC,-0.0035732985,0.0078064203,-0.0086220503
2024-07-31,MSFT,-0.0055705905,0.0096853971,-0.0082461238
2024-07-31,NKE,-0.0091887116,0.012423277,-0.0090370774
2024-07-31,VZ,-0.0021044016,0.0066514015,-0.0098404884
2024-07-31,WMT,0.0004042387,0.004788518,-0.0080090761
2024-08-01,AAPL,-0.0062063932,0.014376879,-0.013382435
2024-08-01,AMGN,-0.0051593184,0.011988401,-0.0077200532
2024-08-01,CRM,-0.020616412,0.020922661,-0.010661304
2024-08-01,CSCO,-0.0042513013,0.0085847378,-0.010827839
2024-08-01,IBM,9.0360641e-05,0.0057190657,-0.0073476434
2024-08-01,INTC,-0.0017491579,0.007810235,-0.0087398291
2024-08-01,MSFT,-0.0043148994,0.01025486,-0.0080975294
2024-08-01,NKE,-0.0087351203,0.013571024,-0.0077427626
2024-08-01,VZ,-0.00089973211,0.0067745447,-0.0091996789
2024-08-01,WMT,-0.0013099909,0.005510807,-0.0075799823
2024-08-02,AAPL,-0.0085706711,0.013400674,-0.016991019
2024-08-02,AMGN,-0.0024849772,0.010751247,-0.010049999
2024-08-02,CRM,-0.015918314,0.019430637,-0.01590693
2024-08-02,CSCO,-0.010929585,0.010605454,-0.010781527
2024-08-02,IBM,-0.0025855303,0.0068411827,-0.0086839199
2024-08-02,INTC,-0.0011621714,0.009378314,-0.013185859
2024-08-02,MSFT,-0.0047779083,0.010702252,-0.011659741
2024-08-02,NKE,-0.0081294775,0.011644363,-0.012098014
2024-08-02,VZ,-0.0051732063,0.0087661743,-0.011285186
2024-08-02,WMT,-0.0063796043,0.0077923536,-0.0077681541
2024-08-05,AAPL,-0.010160208,0.016641974,-0.0091413856
2024-08-05,AMGN,-0.0052900314,0.013496995,-0.0072330832
2024-08-05,CRM,-0.0077571273,0.018983006,-0.012146711
2024-08-05,CSCO,-0.0086607337,0.014665008,-0.0082599521
2024-08-05,IBM,-0.003305316,0.010168314,-0.0070847869
2024-08-05,INTC,-0.0050340295,0.014329195,-0.0079891682
2024-08-05,MSFT,-0.0055127144,0.01364696,-0.0085383654
2024-08-05,NKE,-0.0089463592,0.01407516,-0.006749332
2024-08-05,VZ,-0.005854547,0.011417985,-0.0071858168
2024-08-05,WMT,-0.0031136274,0.010342598,-0.0062305331
2024-08-06,AAPL,-0.0053562522,0.013799787,-0.0080374479
2024-08-06,AMGN,-0.0045976043,0.010460258,-0.0070984364
2024-08-06,CRM,-0.0056352615,0.013555169,-0.0091308951
2024-08-06,CSCO,-0.0029297471,0.0082119703,-0.0075647831
2024-08-06,IBM,0.0005749464,0.0072393417,-0.0048471093
2024-08-06,INTC,-0.0068092346,0.010558605,-0.0056936145
2024-08-06,MSFT,-0.0060384274,0.0098978281,-0.0051787496
2024-08-06,NKE,-0.0069394112,0.012339592,-0.0067686439
2024-08-06,VZ,-0.0030268431,0.0080244541,-0.0057439804
2024-08-06,WMT,0.00057721138,0.0049586296,-0.0065191984
2024-08-07,AAPL,-0.0074899197,0.011612535,-0.018770039
2024-08-07,AMGN,-0.013073444,0.012559652,-0.0077605247
2024-08-07,CRM,-0.021713018,0.015459299,-0.01069355
2024-08-07,CSCO,-0.0091730952,0.0063097477,-0.013586402
2024-08-07,IBM,-0.0026749372,0.0047291517,-0.010007679
2024-08-07,INTC,-0.0049542189,0.0063149929,-0.012943149
2024-08-07,MSFT,-0.0088758469,0.0088222027,-0.010525942
2024-08-07,NKE,-0.0048291683,0.0087515116,-0.014160395
2024-08-07,VZ,-0.0042024851,0.0064673424,-0.01118499
2024-08-07,WMT,-0.0038419962,0.0063693523,-0.0093219876
2024-08-08,AAPL,-0.0096709132,0.017884612,-0.010522902
2024-08-08,AMGN,0.00017082691,0.0092858076,-0.0088557005
2024-08-08,CRM,-0.013902605,0.018304348,-0.0095841289
2024-08-08,CSCO,-0.0065455437,0.010126233,-0.0090084672
2024-08-08,IBM,0.0029454231,0.0047684908,-0.0081122518
2024-08-08,INTC,1.6450882e-05,0.0098466873,-0.010911405
2024-08-08,MSFT,-0.0052521229,0.010180235,-0.0080495477
2024-08-08,NKE,-0.01049751,0.012152195,-0.0074090958
2024-08-08,VZ,0.00035071373,0.0072755814,-0.0098750591
2024-08-08,WMT,-0.00068968534,0.0061317682,-0.0084881186
2024-08-09,AAPL,-0.0032734871,0.010977387,-0.010012627
2024-08-09,AMGN,-0.0013442039,0.0088239908,-0.0069060922
2024-08-09,CRM,0.0034438372,0.010075927,-0.012983322
2024-08-09,CSCO,-0.0013435483,0.0069453716,-0.007892251
2024-08-09,IBM,0.0023291111,0.0049140453,-0.0062119365
2024-08-09,INTC,0.0035520792,0.0071160793,-0.009047091
2024-08-09,MSFT,0.000685215,0.0085126162,-0.0071917176
2024-08-09,NKE,-0.0044096112,0.011124253,-0.0073032379
2024-08-09,VZ,-0.0004285574,0.0077768564,-0.0077430606
2024-08-09,WMT,0.00057578087,0.0053139925,-0.0063185692
2024-08-12,AAPL,-0.010101736,0.016876698,-0.0088973641
2024-08-12,AMGN,-0.0043895841,0.0084825754,-0.0069393516
2024-08-12,CRM,-0.0109604,0.013440728,-0.0092999935
2024-08-12,CSCO,-0.0068469048,0.0068575144,-0.0083715916
2024-08-12,IBM,-0.00011265278,0.0054875612,-0.0064790249
2024-08-12,INTC,-0.0046449304,0.008151412,-0.0086318851
2024-08-12,MSFT,-0.0059211254,0.010251284,-0.0065062642
2024-08-12,NKE,-0.0047311783,0.011261582,-0.0094157457
2024-08-12,VZ,-0.0001180768,0.0072089434,-0.0099121332
2024-08-12,WMT,-0.00027221441,0.0053750277,-0.007357955
2024-08-13,AAPL,-0.0062283278,0.013875127,-0.013601899
2024-08-13,AMGN,-0.0039527416,0.0081497431,-0.0073455572
2024-08-13,CRM,-0.014523804,0.013919592,-0.011196315
2024-08-13,CSCO,-0.0071763396,0.0069843531,-0.0094323754
2024-08-13,IBM,-0.0017783046,0.0054847002,-0.007365644
2024-08-13,INTC,-0.0031225085,0.0065872669,-0.010168672
2024-08-13,MSFT,-0.0073617101,0.0088591576,-0.0069189668
2024-08-13,NKE,-0.007607162,0.011026859,-0.0089949965
2024-08-13,VZ,-0.0023152828,0.0073808432,-0.0096598864
2024-08-13,WMT,-0.0040948391,0.006360054,-0.0062349439
2024-08-14,AAPL,-0.0074803829,0.016758084,-0.010915756
2024-08-14,AMGN,-0.0010318756,0.0074167252,-0.0084870458
2024-08-14,CRM,-0.011706948,0.014487743,-0.010218799
2024-08-14,CSCO,-0.0056916475,0.007881403,-0.0087080002
2024-08-14,IBM,0.0013182163,0.005140543,-0.0072377324
2024-08-14,INTC,-0.0019695163,0.008276701,-0.0094153881
2024-08-14,MSFT,-0.0034697652,0.0091736317,-0.0073766112
2024-08-14,NKE,-0.0081132054,0.012401581,-0.0073808432
2024-08-14,VZ,-0.0014806986,0.0075525045,-0.0091078281
2024-08-14,WMT,-0.0028959513,0.0063728094,-0.0070069432
2024-08-15,AAPL,-0.0051491857,0.013860345,-0.011500001
2024-08-15,AMGN,-0.0015530586,0.0075243711,-0.0078372359
2024-08-15,CRM,-0.011165261,0.013419986,-0.0099023581
2024-08-15,CSCO,-0.0041622519,0.0067409277,-0.0098180771
2024-08-15,IBM,0.00087428093,0.0056086779,-0.0068038702
2024-08-15,INTC,-0.00093877316,0.0073196888,-0.0095988512
2024-08-15,MSFT,-0.002828896,0.0078160763,-0.0075731277
2024-08-15,NKE,-0.0059553385,0.011710286,-0.0077913404
2024-08-15,VZ,-0.00065690279,0.0070952177,-0.0097921491
2024-08-15,WMT,-0.00023466349,0.0053254366,-0.0071170926
2024-08-16,AAPL,-0.011519134,0.016620874,-0.0099271536
2024-08-16,AMGN,0.00079035759,0.0065779686,-0.0098842978
2024-08-16,CRM,-0.013545454,0.015916348,-0.0081014633
2024-08-16,CSCO,-0.0088381767,0.0078309774,-0.0080837607
2024-08-16,IBM,-0.0010372996,0.0063028336,-0.0068407059
2024-08-16,INTC,-0.0068866611,0.0088688135,-0.0080193877
2024-08-16,MSFT,-0.006105721,0.01015687,-0.0070682764
2024-08-16,NKE,-0.0072398782,0.011404395,-0.0083811283
2024-08-16,VZ,-0.0012513995,0.0074797869,-0.0088692904
2024-08-16,WMT,-0.00083696842,0.0049811602,-0.0073584914
2024-08-19,AAPL,-0.0101614,0.014856458,-0.014981747
2024-08-19,AMGN,-0.0029958487,0.0071687698,-0.009642303
2024-08-19,CRM,-0.019126773,0.016550779,-0.011837542
2024-08-19,CSCO,-0.0072674155,0.0073674917,-0.010096312
2024-08-19,IBM,-0.0035255551,0.0055351257,-0.0063463449
2024-08-19,INTC,-0.0032607317,0.0071405172,-0.011018813
2024-08-19,MSFT,-0.0054852962,0.0089854002,-0.0085220933
2024-08-19,NKE,-0.0098279119,0.011308074,-0.010677695
2024-08-19,VZ,-0.0038287044,0.0074687004,-0.011683226
2024-08-19,WMT,-0.0030108094,0.0066401958,-0.0079133511
2024-08-20,AAPL,-0.007707715,0.016112566,-0.011050463
2024-08-20,AMGN,-0.0034365058,0.0096615553,-0.007602036
2024-08-20,CRM,-0.013630033,0.016507864,-0.010785282
2024-08-20,CSCO,-0.0045496225,0.0078219175,-0.0086635947
2024-08-20,IBM,0.00094270706,0.0052455664,-0.007239759
2024-08-20,INTC,-0.0017898083,0.0076003075,-0.009660244
2024-08-20,MSFT,-0.0043681264,0.0096422434,-0.0070256591
2024-08-20,NKE,-0.0056163073,0.011768937,-0.0074498057
2024-08-20,VZ,-0.00041747093,0.007363677,-0.010048747
2024-08-20,WMT,-0.00043272972,0.0054882765,-0.008008182
2024-08-21,AAPL,-0.0045632124,0.012642384,-0.012465954
2024-08-21,AMGN,-2.7418137e-06,0.0074443817,-0.0086894631
2024-08-21,CRM,-0.012385905,0.015807867,-0.010669649
2024-08-21,CSCO,-0.0058398247,0.0071337223,-0.0095992088
2024-08-21,IBM,-0.00024390221,0.0047694445,-0.0076100826
2024-08-21,INTC,-0.0022583008,0.0072467327,-0.0095515251
2024-08-21,MSFT,-0.0039226413,0.0090258121,-0.007593751
2024-08-21,NKE,-0.0058857799,0.010438323,-0.00919348
2024-08-21,VZ,-0.0010149479,0.0070202351,-0.010236442
2024-08-21,WMT,-0.0018385053,0.0051625967,-0.0074496865
2024-08-22,AAPL,-0.0092639327,0.015264273,-0.010299623
2024-08-22,AMGN,-0.00040793419,0.0066999197,-0.0089396238
2024-08-22,CRM,-0.021074891,0.019291043,-0.010094702
2024-08-22,CSCO,-0.0073834062,0.0078846216,-0.0092521906
2024-08-22,IBM,0.00055658817,0.005433917,-0.0070652962
2024-08-22,INTC,-0.0031229854,0.0078047514,-0.010104954
2024-08-22,MSFT,-0.0044281483,0.0093208551,-0.007288456
2024-08-22,NKE,-0.0095763206,0.011728883,-0.0084558725
2024-08-22,VZ,0.00073742867,0.0072054863,-0.010540962
2024-08-22,WMT,0.0010234118,0.0039999485,-0.0085637569
2024-08-23,AAPL,-0.0097517967,0.015499115,-0.0093880296
2024-08-23,AMGN,0.0025017262,0.0071390867,-0.0095049739
2024-08-23,CRM,-0.012517393,0.015838981,-0.0097681284
2024-08-23,CSCO,-0.0057597756,0.0095787048,-0.0077570677
2024-08-23,IBM,-0.00068622828,0.0064408779,-0.0058943629
2024-08-23,INTC,-0.0027774572,0.0084439516,-0.0079246163
2024-08-23,MSFT,-0.0043321252,0.010038495,-0.0065886974
2024-08-23,NKE,-0.0075296164,0.011899829,-0.0078046918
2024-08-23,VZ,-0.0012957454,0.0082521439,-0.0075436234
2024-08-23,WMT,-0.0014398694,0.0057427883,-0.0069885254
2024-08-26,AAPL,-0.0094473958,0.015457392,-0.013663411
2024-08-26,AMGN,-0.0030012131,0.0081698895,-0.0093080997
2024-08-26,CRM,-0.011304975,0.01634419,-0.011588812
2024-08-26,CSCO,-0.0070607066,0.0077309608,-0.0097919106
2024-08-26,IBM,-0.0028324723,0.0066217184,-0.0063713193
2024-08-26,INTC,-0.0055190921,0.0081117153,-0.0090390444
2024-08-26,MSFT,-0.0062339902,0.0092368126,-0.0079492331
2024-08-26,NKE,-0.0064632297,0.010151267,-0.0098709464
2024-08-26,VZ,-0.00401932,0.0085736513,-0.0092083812
2024-08-26,WMT,-0.0020298362,0.0056352615,-0.0072441697
2024-08-27,AAPL,-0.0095459223,0.017738819,-0.010887146
2024-08-27,AMGN,-0.0012736917,0.0087997913,-0.0083649755
2024-08-27,CRM,-0.01029247,0.014513373,-0.009589076
2024-08-27,CSCO,-0.0055769086,0.0078812838,-0.0088495612
2024-08-27,IBM,-0.0015562773,0.0070714951,-0.0056651235
2024-08-27,INTC,-0.0015347004,0.0080155134,-0.0095924735
2024-08-27,MSFT,-0.0042392015,0.010272622,-0.0076243281
2024-08-27,NKE,-0.0084041357,0.012210011,-0.007758379
2024-08-27,VZ,-0.0052063465,0.0089451075,-0.008462429
2024-08-27,WMT,-0.0046148896,0.0069867373,-0.0061804056
2024-08-28,AAPL,-0.0034632087,0.014748693,-0.011228085
2024-08-28,AMGN,-0.007794559,0.010625958,-0.0063582659
2024-08-28,CRM,-0.0091533065,0.014341235,-0.01064992
2024-08-28,CSCO,-0.0046598911,0.0085946321,-0.0089566708
2024-08-28,IBM,-0.0014358759,0.0056226254,-0.0063797832
2024-08-28,INTC,-0.00064688921,0.0079609156,-0.0093315244
2024-08-28,MSFT,-0.0041673183,0.0094588995,-0.0071798563
2024-08-28,NKE,-0.0076961517,0.013656735,-0.008425653
2024-08-28,VZ,-0.0032407641,0.0082446337,-0.0086044073
2024-08-28,WMT,-0.0031151175,0.0071635246,-0.0063714385
2024-08-29,AAPL,-0.0052438974,0.014310241,-0.010341167
2024-08-29,AMGN,-0.00287503,0.0087506771,-0.008810997
2024-08-29,CRM,-0.01785177,0.018299222,-0.0084921718
2024-08-29,CSCO,-0.0090321302,0.008369565,-0.01032567
2024-08-29,IBM,-0.0017969012,0.0047370195,-0.0078487396
2024-08-29,INTC,-0.0039882064,0.0090655088,-0.0087665319
2024-08-29,MSFT,-0.0049086809,0.0087099075,-0.0074509978
2024-08-29,NKE,-0.010601699,0.013011813,-0.009113729
2024-08-29,VZ,-0.00206393,0.0068075657,-0.010365903
2024-08-29,WMT,-0.0013284087,0.0063272715,-0.0074074268
2024-08-30,AAPL,-0.0090975165,0.016606688,-0.0094519258
2024-08-30,AMGN,-0.0017738938,0.010575056,-0.0078125596
2024-08-30,CRM,-0.02270937,0.022771478,-0.011061311
2024-08-30,CSCO,-0.0075410008,0.011037946,-0.0094663501
2024-08-30,IBM,-0.0018007755,0.0066027641,-0.0078154802
2024-08-30,INTC,-0.005224824,0.01070261,-0.0073910952
2024-08-30,MSFT,-0.0052914023,0.011822581,-0.0069949627
2024-08-30,NKE,-0.010739386,0.014326215,-0.0072270632
2024-08-30,VZ,-9.5248222e-05,0.0071027279,-0.0090600252
2024-08-30,WMT,0.00012469292,0.0053483248,-0.0073260069
2024-09-03,AAPL,-0.0098437071,0.014956355,-0.0159235
2024-09-03,AMGN,-0.0022163987,0.0099879503,-0.0090108514
2024-09-03,CRM,-0.018456817,0.022533178,-0.015503705
2024-09-03,CSCO,-0.011378348,0.01183641,-0.0096111894
2024-09-03,IBM,-0.0024101734,0.0072555542,-0.00831002
2024-09-03,INTC,-0.002210319,0.01021409,-0.010907769
2024-09-03,MSFT,-0.0050312281,0.011193633,-0.010332763
2024-09-03,NKE,-0.0090340972,0.012840271,-0.010499775
2024-09-03,VZ,-0.003018856,0.0085099936,-0.010385573
2024-09-03,WMT,-0.0044916868,0.0078009367,-0.0068698525
2024-09-04,AAPL,-0.011292994,0.018114567,-0.0097840428
2024-09-04,AMGN,-0.00668329,0.013486505,-0.0071458817
2024-09-04,CRM,-0.011941791,0.021291614,-0.011792243
2024-09-04,CSCO,-0.010019898,0.016764522,-0.0077867508
2024-09-04,IBM,-0.005187273,0.011049747,-0.0060389042
2024-09-04,INTC,-0.008359313,0.015692472,-0.0074787736
2024-09-04,MSFT,-0.0081204176,0.014608979,-0.0072300434
2024-09-04,NKE,-0.010220647,0.015584111,-0.0072577
2024-09-04,VZ,-0.0069289207,0.012844563,-0.0067871809
2024-09-04,WMT,-0.003954649,0.010838985,-0.0057108998
2024-09-05,AAPL,-0.0039494038,0.011734486,-0.0090616345
2024-09-05,AMGN,-0.0040524006,0.0087832212,-0.0065671206
2024-09-05,CRM,-0.0057916045,0.013058662,-0.0089175105
2024-09-05,CSCO,-0.0049799085,0.0079294443,-0.0077233315
2024-09-05,IBM,-0.00026071072,0.0061424971,-0.0055980682
2024-09-05,INTC,-0.0043528676,0.009521842,-0.0074156523
2024-09-05,MSFT,-0.0065100193,0.0090982914,-0.0061295629
2024-09-05,NKE,-0.0043126941,0.0095123053,-0.0075734258
2024-09-05,VZ,-0.0030686259,0.007601738,-0.0066095591
2024-09-05,WMT,-0.001208961,0.0060812235,-0.0060540438
2024-09-06,AAPL,-0.0099434853,0.014070034,-0.0092884302
2024-09-06,AMGN,-0.0084728003,0.0097237825,-0.0062232018
2024-09-06,CRM,-0.01927352,0.014605045,-0.0059117079
2024-09-06,CSCO,-0.0063527226,0.0067846775,-0.0091130733
2024-09-06,IBM,-0.0030896068,0.0058060884,-0.0060514212
2024-09-06,INTC,-0.0040035248,0.0073386431,-0.0085467696
2024-09-06,MSFT,-0.0092635751,0.0094959736,-0.0070213079
2024-09-06,NKE,-0.0090751648,0.0097062588,-0.0083736777
2024-09-06,VZ,-0.0033754706,0.0064533949,-0.0082250834
2024-09-06,WMT,-0.0022888184,0.0054316521,-0.0079330802
2024-09-09,AAPL,-0.0076827407,0.015329719,-0.011119246
2024-09-09,AMGN,-0.0054987669,0.010330915,-0.0082092285
2024-09-09,CRM,-0.01611352,0.016952872,-0.0080596805
2024-09-09,CSCO,-0.0040931702,0.0083508492,-0.010148287
2024-09-09,IBM,0.0029991865,0.0044571161,-0.0072578788
2024-09-09,INTC,-0.00012898445,0.0078468323,-0.0097231269
2024-09-09,MSFT,-0.0046983361,0.0086840391,-0.0082023144
2024-09-09,NKE,-0.0079447627,0.010110736,-0.0080424547
2024-09-09,VZ,0.002251029,0.005387187,-0.0087476373
2024-09-09,WMT,0.0022110939,0.003821373,-0.0089706182
2024-09-10,AAPL,-0.0041228533,0.011927843,-0.011935592
2024-09-10,AMGN,-0.0034688115,0.0088963509,-0.0087274313
2024-09-10,CRM,-0.010257959,0.013418436,-0.010714591
2024-09-10,CSCO,-0.0044680834,0.0054382086,-0.010541439
2024-09-10,IBM,0.0019198656,0.0041259527,-0.0077995062
2024-09-10,INTC,0.000826478,0.0067902803,-0.0098389983
2024-09-10,MSFT,-0.0017799735,0.0087835789,-0.0084788203
2024-09-10,NKE,-0.0065097213,0.011729956,-0.00841856
2024-09-10,VZ,-0.0001912117,0.006986022,-0.0091202259
2024-09-10,WMT,0.00025439262,0.0056370497,-0.0076803565
2024-09-11,AAPL,-0.0069743395,0.015112281,-0.010089695
2024-09-11,AMGN,-0.0041162968,0.010594487,-0.0073539615
2024-09-11,CRM,-0.0094156861,0.014601469,-0.0084258914
2024-09-11,CSCO,-0.0024387836,0.006488204,-0.0092263222
2024-09-11,IBM,0.0026402473,0.0047339201,-0.006500423
2024-09-11,INTC,0.00019001961,0.0072375536,-0.0094310641
2024-09-11,MSFT,-0.0031026006,0.0089833736,-0.0071549416
2024-09-11,NKE,-0.0064742565,0.011858463,-0.0078750849
2024-09-11,VZ,0.00042557716,0.0067994595,-0.010082364
2024-09-11,WMT,-0.00045907497,0.0057098866,-0.0074980855
2024-09-12,AAPL,-0.0076092482,0.014478564,-0.013065517
2024-09-12,AMGN,-0.0061206222,0.010718107,-0.0083274245
2024-09-12,CRM,-0.012780726,0.015403867,-0.010207772
2024-09-12,CSCO,-0.0066151619,0.0072432756,-0.0093764663
2024-09-12,IBM,-0.0019462705,0.0056236982,-0.0061023235
2024-09-12,INTC,-0.0033952594,0.008217454,-0.0097084045
2024-09-12,MSFT,-0.0057647228,0.0094438791,-0.0072429776
2024-09-12,NKE,-0.008389473,0.011785507,-0.0087993741
2024-09-12,VZ,-0.0035273433,0.0083112717,-0.0090041757
2024-09-12,WMT,-0.0040745139,0.0071793795,-0.0066550374
2024-09-13,AAPL,-0.0082341433,0.016170621,-0.013238907
2024-09-13,AMGN,-0.0026559234,0.0080307722,-0.0096782446
2024-09-13,CRM,-0.0129475,0.014794707,-0.012138486
2024-09-13,CSCO,-0.0079061389,0.0083199739,-0.010540247
2024-09-13,IBM,-0.0015057921,0.0065321922,-0.0072274804
2024-09-13,INTC,-0.0022106171,0.0078383684,-0.011340439
2024-09-13,MSFT,-0.0043814778,0.0098031759,-0.0085062385
2024-09-13,NKE,-0.0095028877,0.012121677,-0.0083431005
2024-09-13,VZ,-0.004942596,0.0087958574,-0.0093551874
2024-09-13,WMT,-0.0055342317,0.0077786446,-0.0067362189
2024-09-16,AAPL,-0.0055966973,0.014859676,-0.012746513
2024-09-16,AMGN,-0.00077819824,0.0082411766,-0.0088871717
2024-09-16,CRM,-0.010178566,0.013965726,-0.010816455
2024-09-16,CSCO,-0.0047269464,0.0077303648,-0.0098137856
2024-09-16,IBM,0.0011184216,0.0061414242,-0.0070191026
2024-09-16,INTC,-0.00099623203,0.0079952478,-0.010260224
2024-09-16,MSFT,-0.0027199984,0.0084463358,-0.0087381601
2024-09-16,NKE,-0.0071516037,0.012637615,-0.0075321198
2024-09-16,VZ,-0.0026398301,0.0084439516,-0.0098240972
2024-09-16,WMT,-0.0024278164,0.0068247318,-0.0074445009
2024-09-17,AAPL,-0.0069465637,0.0155797,-0.01056993
2024-09-17,AMGN,-0.00084811449,0.0083770752,-0.0085286498
2024-09-17,CRM,-0.010632932,0.014617801,-0.0098617077
2024-09-17,CSCO,-0.0056225657,0.0079444647,-0.0092772841
2024-09-17,IBM,0.00038254261,0.0053327084,-0.0069652796
2024-09-17,INTC,-0.0023181438,0.007261157,-0.0094570518
2024-09-17,MSFT,-0.0028954744,0.0090982914,-0.0079146028
2024-09-17,NKE,-0.0066495538,0.010813236,-0.0081608295
2024-09-17,VZ,-0.00074380636,0.0078302622,-0.0096693039
2024-09-17,WMT,-0.0011808872,0.0053520203,-0.0076037049
2024-09-18,AAPL,-0.0099117756,0.016505957,-0.01078099
2024-09-18,AMGN,-0.0024520159,0.0084251165,-0.0087863803
2024-09-18,CRM,-0.016661525,0.017920375,-0.0095726252
2024-09-18,CSCO,-0.0084232688,0.0094082355,-0.0096412897
2024-09-18,IBM,-0.0021512508,0.0063109398,-0.0070545673
2024-09-18,INTC,-0.0049863458,0.0081933737,-0.0096026659
2024-09-18,MSFT,-0.0070752501,0.010643959,-0.0080637336
2024-09-18,NKE,-0.0087140203,0.011991143,-0.0091968179
2024-09-18,VZ,-0.0016586185,0.0083315372,-0.010332406
2024-09-18,WMT,-0.0016976595,0.0059118271,-0.0077883601
2024-09-19,AAPL,-0.0063608885,0.016056657,-0.010816574
2024-09-19,AMGN,-0.0033462644,0.0087747574,-0.0078645349
2024-09-19,CRM,-0.015015662,0.015784502,-0.0089450479
2024-09-19,CSCO,-0.0044282675,0.0082449913,-0.0088087916
2024-09-19,IBM,0.0019634962,0.0057128668,-0.0070472956
2024-09-19,INTC,-0.00061482191,0.0080417395,-0.0096809268
2024-09-19,MSFT,-0.0040072799,0.0092375278,-0.007243216
2024-09-19,NKE,-0.0083383322,0.012709856,-0.0064697862
2024-09-19,VZ,-0.0006788969,0.0074971914,-0.0094053745
2024-09-19,WMT,-0.00052553415,0.0056290627,-0.0077272058
2024-09-20,AAPL,-0.006516993,0.01449275,-0.011090875
2024-09-20,AMGN,-0.0014077425,0.0076448917,-0.00799191
2024-09-20,CRM,-0.0063682795,0.012212992,-0.010752976
2024-09-20,CSCO,-0.0025951862,0.006526947,-0.0094703436
2024-09-20,IBM,6.6280365e-05,0.0056933165,-0.0067256093
2024-09-20,INTC,0.00017023087,0.007314682,-0.009062469
2024-09-20,MSFT,-0.0013378859,0.008092165,-0.0077298284
2024-09-20,NKE,-0.007473886,0.011101842,-0.0071455836
2024-09-20,VZ,-0.0023518801,0.007728219,-0.0086525679
2024-09-20,WMT,-0.0037344098,0.0065826178,-0.0060921311
2024-09-23,AAPL,-0.010772526,0.016533256,-0.011443198
2024-09-23,AMGN,-0.0031868815,0.007876873,-0.0078653693
2024-09-23,CRM,-0.019906521,0.017312646,-0.0086413622
2024-09-23,CSCO,-0.0086581707,0.0076495409,-0.0094810724
2024-09-23,IBM,-0.00068646669,0.0055521727,-0.0076519847
2024-09-23,INTC,-0.0053340793,0.0077724457,-0.0098119974
2024-09-23,MSFT,-0.0082734227,0.0097608566,-0.0071983337
2024-09-23,NKE,-0.006269455,0.011177063,-0.0098460317
2024-09-23,VZ,0.00059878826,0.0064439774,-0.010415673
2024-09-23,WMT,0.00083374977,0.0044999123,-0.0093411207
2024-09-24,AAPL,-0.0083168745,0.016218185,-0.011496723
2024-09-24,AMGN,0.00083088875,0.0077610016,-0.0089913011
2024-09-24,CRM,-0.013616502,0.015301704,-0.0093631148
2024-09-24,CSCO,-0.0062504411,0.0080951452,-0.0089387298
2024-09-24,IBM,-0.00080436468,0.0056865215,-0.0064641237
2024-09-24,INTC,-0.0021229386,0.0076173544,-0.0091481805
2024-09-24,MSFT,-0.0055688024,0.0091404915,-0.007507205
2024-09-24,NKE,-0.0071687698,0.012129068,-0.0081757307
2024-09-24,VZ,-0.001162827,0.0077568293,-0.0093798637
2024-09-24,WMT,-0.0021079779,0.0073404312,-0.0069627762
2024-09-25,AAPL,-0.0089839101,0.015918732,-0.012861311
2024-09-25,AMGN,-0.0025586486,0.0092127323,-0.0088113546
2024-09-25,CRM,-0.012095809,0.014918804,-0.010719538
2024-09-25,CSCO,-0.0067477822,0.0088083744,-0.0095454454
2024-09-25,IBM,-0.0015262365,0.0063724518,-0.0063297153
2024-09-25,INTC,-0.0041838884,0.008176446,-0.0089313388
2024-09-25,MSFT,-0.0063744187,0.010480642,-0.0077896714
2024-09-25,NKE,-0.0064095855,0.011932731,-0.0091654658
2024-09-25,VZ,-0.0041821003,0.008549571,-0.0097283125
2024-09-25,WMT,-0.001756072,0.0061856508,-0.008015871
2024-09-26,AAPL,-0.0076677799,0.016256213,-0.011761367
2024-09-26,AMGN,-0.0044783354,0.0092228651,-0.0074308515
2024-09-26,CRM,-0.016899407,0.017361403,-0.0084984899
2024-09-26,CSCO,-0.0066185594,0.0084203482,-0.010212302
2024-09-26,IBM,-0.00073736906,0.0063202381,-0.0079214573
2024-09-26,INTC,-0.0027692914,0.0078469515,-0.010203719
2024-09-26,MSFT,-0.0058585405,0.010627866,-0.0073177814
2024-09-26,NKE,-0.0078956485,0.013076305,-0.0084623098
2024-09-26,VZ,-0.00084239244,0.0080744028,-0.0097585917
2024-09-26,WMT,-0.0024067163,0.0067354441,-0.0079886317
2024-09-27,AAPL,-0.005030334,0.014458418,-0.011166155
2024-09-27,AMGN,-0.001324296,0.0090521574,-0.008307755
2024-09-27,CRM,-0.0096271038,0.015327692,-0.0099039674
2024-09-27,CSCO,-0.0028474927,0.0083754063,-0.0090973973
2024-09-27,IBM,0.00078582764,0.0059853792,-0.007605195
2024-09-27,INTC,0.00073337555,0.0083585978,-0.0090715885
2024-09-27,MSFT,-0.0025833249,0.0099337101,-0.0071716309
2024-09-27,NKE,-0.0077263713,0.014223456,-0.0080313683
2024-09-27,VZ,0.00012302399,0.0075745583,-0.0092943311
2024-09-27,WMT,-0.00065433979,0.0057829618,-0.007237792
2024-09-30,AAPL,-0.0062658787,0.014978528,-0.010837376
2024-09-30,AMGN,-0.00604707,0.0089998245,-0.0070423484
2024-09-30,CRM,-0.016001642,0.016796231,-0.010636926
2024-09-30,CSCO,-0.0093455911,0.0085611343,-0.01064378
2024-09-30,IBM,-0.0027900338,0.0057563782,-0.0076446533
2024-09-30,INTC,-0.0039225221,0.0092507601,-0.010047555
2024-09-30,MSFT,-0.0048639774,0.009624958,-0.0074307323
2024-09-30,NKE,-0.0091228485,0.013327599,-0.010871708
2024-09-30,VZ,-0.0024362206,0.0082179308,-0.010397494
2024-09-30,WMT,-0.0039173365,0.0082365274,-0.006868124
2024-10-01,AAPL,-0.0090657473,0.01751399,-0.0084434748
2024-10-01,AMGN,-0.0027647018,0.010645747,-0.0066608787
2024-10-01,CRM,-0.017021,0.020430565,-0.01004678
2024-10-01,CSCO,-0.0066629052,0.010718346,-0.0085402131
2024-10-01,IBM,-0.0024538636,0.0081013441,-0.0064826012
2024-10-01,INTC,-0.0053247809,0.011673212,-0.0062977672
2024-10-01,MSFT,-0.0062353015,0.012625813,-0.0065299869
2024-10-01,NKE,-0.0092157722,0.014667511,-0.0077572465
2024-10-01,VZ,-0.0010282397,0.0082303286,-0.0086303353
2024-10-01,WMT,-0.00052136183,0.00605762,-0.0072209835
2024-10-02,AAPL,-0.0076578259,0.014386296,-0.015079796
2024-10-02,AMGN,0.00056815147,0.010053515,-0.0079283714
2024-10-02,CRM,-0.014712334,0.018710971,-0.013029516
2024-10-02,CSCO,-0.0092403889,0.012700915,-0.0098984241
2024-10-02,IBM,-0.0019801259,0.0072753429,-0.0078258514
2024-10-02,INTC,-0.0026202798,0.010450482,-0.010278583
2024-10-02,MSFT,-0.0038025379,0.011192799,-0.010190547
2024-10-02,NKE,-0.0071144104,0.012344003,-0.010344267
2024-10-02,VZ,-0.0022651553,0.0084270239,-0.0098957419
2024-10-02,WMT,-0.0044428706,0.0080136061,-0.0068474412
2024-10-03,AAPL,-0.010329366,0.016382813,-0.0099465847
2024-10-03,AMGN,-0.0055643916,0.013575554,-0.0068665147
2024-10-03,CRM,-0.010721684,0.019354939,-0.011839151
2024-10-03,CSCO,-0.0068838,0.014162302,-0.0084825158
2024-10-03,IBM,-0.002917707,0.0094389915,-0.0068945885
2024-10-03,INTC,-0.0054055452,0.013787746,-0.0081420541
2024-10-03,MSFT,-0.0040861368,0.012910366,-0.0073548555
2024-10-03,NKE,-0.0097870827,0.014355779,-0.0075808167
2024-10-03,VZ,-0.00483042,0.010898471,-0.0076091886
2024-10-03,WMT,-0.0036478043,0.0099300146,-0.0067186356
2024-10-04,AAPL,-0.00071388483,0.0098235607,-0.01027602
2024-10-04,AMGN,-0.0010863543,0.0072550774,-0.0078366399
2024-10-04,CRM,-0.00083243847,0.0097442865,-0.012358725
2024-10-04,CSCO,-0.0014597178,0.0065671206,-0.0083737969
2024-10-04,IBM,0.0010281801,0.0054581165,-0.0060290098
2024-10-04,INTC,-0.0014590025,0.0081084967,-0.009683609
2024-10-04,MSFT,-0.0028340816,0.0074571371,-0.0072807074
2024-10-04,NKE,-0.0015708208,0.0087577105,-0.0083621144
2024-10-04,VZ,-0.0013877153,0.0065480471,-0.0075812936
2024-10-04,WMT,0.00011813641,0.0053178072,-0.006950438
2024-10-07,AAPL,-0.0094968081,0.014652848,-0.0079495311
2024-10-07,AMGN,-0.011794448,0.010721922,-0.0040231943
2024-10-07,CRM,-0.0099387765,0.011084795,-0.0053333044
2024-10-07,CSCO,-0.0043584704,0.0072598457,-0.0080838799
2024-10-07,IBM,-0.0021176934,0.0056066513,-0.0055243373
2024-10-07,INTC,-0.0048177242,0.0083880424,-0.0077846646
2024-10-07,MSFT,-0.0095914006,0.010167122,-0.0070300698
2024-10-07,NKE,-0.0067003965,0.010794282,-0.0075893402
2024-10-07,VZ,-0.0022467375,0.0070630312,-0.0077514648
2024-10-07,WMT,-0.0043267012,0.0060786009,-0.0067380667
2024-10-08,AAPL,-0.0070773363,0.015628815,-0.011332333
2024-10-08,AMGN,-0.0056602955,0.009245038,-0.0076534748
2024-10-08,CRM,-0.013634086,0.01618731,-0.007684648
2024-10-08,CSCO,-0.0082850456,0.0089207888,-0.0095260739
2024-10-08,IBM,-0.0012900233,0.0050207376,-0.0071290731
2024-10-08,INTC,-0.0042101741,0.0087227821,-0.010149598
2024-10-08,MSFT,-0.0087174177,0.0097995996,-0.0070411563
2024-10-08,NKE,-0.0091433525,0.011864066,-0.0079557896
2024-10-08,VZ,0.0004607439,0.0053826571,-0.0099073052
2024-10-08,WMT,-0.0016762018,0.004871726,-0.0084921718
2024-10-09,AAPL,-0.0067284703,0.013218641,-0.0093830824
2024-10-09,AMGN,-0.0061395168,0.0093017817,-0.0058344007
2024-10-09,CRM,-0.0047752857,0.010509014,-0.0094522834
2024-10-09,CSCO,-0.001965344,0.0073440075,-0.0083104372
2024-10-09,IBM,0.0010006428,0.0055197477,-0.0068280697
2024-10-09,INTC,0.0015249252,0.0076293945,-0.0089589357
2024-10-09,MSFT,-0.0014368296,0.0081540346,-0.0082333684
2024-10-09,NKE,-0.0061100721,0.011992931,-0.00675565
2024-10-09,VZ,0.00059509277,0.0063719749,-0.0083736181
2024-10-09,WMT,-0.0014029741,0.0068372488,-0.0065051317
2024-10-10,AAPL,-0.0090436935,0.014588952,-0.011483729
2024-10-10,AMGN,-0.0043088794,0.0076628923,-0.0071992278
2024-10-10,CRM,-0.0099632144,0.013005972,-0.0092784762
2024-10-10,CSCO,-0.0060354471,0.0069292784,-0.0096990466
2024-10-10,IBM,-0.0008816123,0.0051256418,-0.0065827966
2024-10-10,INTC,-0.0038744211,0.0082796812,-0.0094550848
2024-10-10,MSFT,-0.0070660114,0.009154439,-0.0066425204
2024-10-10,NKE,-0.0067909956,0.011532187,-0.0093537569
2024-10-10,VZ,0.001034379,0.0064963102,-0.0094522834
2024-10-10,WMT,-0.0013082623,0.0057770014,-0.007831037
2024-10-11,AAPL,-0.0099919438,0.016162634,-0.0098558664
2024-10-11,AMGN,-0.0070402026,0.010248899,-0.0062205195
2024-10-11,CRM,-0.0098559856,0.0127635,-0.0094943643
2024-10-11,CSCO,-0.0040787458,0.0078049898,-0.0090209246
2024-10-11,IBM,0.00034809113,0.0055152178,-0.0063919425
2024-10-11,INTC,-0.0032054782,0.0075800419,-0.0082108974
2024-10-11,MSFT,-0.0066242218,0.0087767839,-0.006542027
2024-10-11,NKE,-0.0061567426,0.012209177,-0.007719934
2024-10-11,VZ,0.00037169456,0.0070711374,-0.009431541
2024-10-11,WMT,-0.0031513572,0.0066026449,-0.0069946647
2024-10-14,AAPL,-0.0068687201,0.013908148,-0.013009369
2024-10-14,AMGN,-0.0029473901,0.0076195002,-0.0086283684
2024-10-14,CRM,-0.0053678751,0.0099426508,-0.010505795
2024-10-14,CSCO,-0.0032925606,0.0059947968,-0.0092076063
2024-10-14,IBM,-0.0013549328,0.0051178932,-0.0063765049
2024-10-14,INTC,-0.0016483665,0.0061298609,-0.010161817
2024-10-14,MSFT,-0.0050160885,0.0082092285,-0.0076995492
2024-10-14,NKE,-0.0077096224,0.011508465,-0.0099125504
2024-10-14,VZ,-0.0029361248,0.0072000027,-0.0091611147
2024-10-14,WMT,-0.0064736009,0.007730484,-0.0064251423
2024-10-15,AAPL,-0.0078628659,0.015752316,-0.01042819
2024-10-15,AMGN,-0.0048252344,0.010196328,-0.0071147084
2024-10-15,CRM,-0.013229072,0.014566064,-0.0092553496
2024-10-15,CSCO,-0.0060600042,0.0073335171,-0.009093225
2024-10-15,IBM,0.00068712234,0.0054309368,-0.0067799091
2024-10-15,INTC,-0.002794385,0.007527709,-0.0099275112
2024-10-15,MSFT,-0.0047546029,0.009577632,-0.0071983337
2024-10-15,NKE,-0.0086993575,0.012833595,-0.0076776743
2024-10-15,VZ,-0.00021517277,0.0070673227,-0.010147989
2024-10-15,WMT,-0.0012867451,0.0057463646,-0.007969439
2024-10-16,AAPL,-0.0055530667,0.013628244,-0.011003077
2024-10-16,AMGN,-0.0030033588,0.0087752342,-0.0076776743
2024-10-16,CRM,-0.012322962,0.01355958,-0.0083963871
2024-10-16,CSCO,-0.0041832924,0.0069651604,-0.0089589953
2024-10-16,IBM,0.00058507919,0.0054144859,-0.0065789223
2024-10-16,INTC,-0.00046318769,0.0069811344,-0.0095821023
2024-10-16,MSFT,-0.0040414333,0.0079613924,-0.0071894526
2024-10-16,NKE,-0.0085453987,0.011797905,-0.0077490807
2024-10-16,VZ,8.9526176e-05,0.0070283413,-0.009208262
2024-10-16,WMT,-0.0049442649,0.0070091486,-0.0063223839
2024-10-17,AAPL,-0.0096344948,0.015689015,-0.01255554
2024-10-17,AMGN,-0.0014428496,0.0068856478,-0.0096305013
2024-10-17,CRM,-0.018562913,0.018020868,-0.010221899
2024-10-17,CSCO,-0.0087346435,0.0079758167,-0.0099409223
2024-10-17,IBM,0.00031411648,0.0048872232,-0.0076181293
2024-10-17,INTC,-0.003846705,0.0077571869,-0.01062119
2024-10-17,MSFT,-0.0057862401,0.0097446442,-0.0079048872
2024-10-17,NKE,-0.0082480907,0.011551499,-0.009957552
2024-10-17,VZ,-0.00067955256,0.007157445,-0.010628343
2024-10-17,WMT,-0.00026381016,0.0051053762,-0.0091477633
2024-10-18,AAPL,-0.0081931353,0.016106606,-0.0093563199
2024-10-18,AMGN,-0.0038822889,0.0093971491,-0.006272316
2024-10-18,CRM,-0.011067033,0.014322996,-0.0084867477
2024-10-18,CSCO,-0.0044615865,0.008556366,-0.0092229247
2024-10-18,IBM,0.00028824806,0.0059946775,-0.0062880516
2024-10-18,INTC,-0.0010655522,0.0086619854,-0.008215785
2024-10-18,MSFT,-0.0043720007,0.0090174675,-0.007166028
2024-10-18,NKE,-0.0065457225,0.012560964,-0.007137537
2024-10-18,VZ,-0.00031161308,0.0076202154,-0.0088582635
2024-10-18,WMT,-0.0011708736,0.0063439608,-0.0068781376
2024-10-21,AAPL,-0.0083574057,0.01548183,-0.012055874
2024-10-21,AMGN,-0.0010504127,0.0074845552,-0.009596169
2024-10-21,CRM,-0.010200024,0.014855504,-0.011546969
2024-10-21,CSCO,-0.0068888664,0.0080788136,-0.0099489689
2024-10-21,IBM,-0.001691103,0.0063289404,-0.0065674782
2024-10-21,INTC,-0.0035635829,0.0084600449,-0.0094832182
2024-10-21,MSFT,-0.0067301989,0.0097255707,-0.0068841577
2024-10-21,NKE,-0.0077078342,0.011655211,-0.0092299581
2024-10-21,VZ,-0.0027068853,0.0073494911,-0.0094909668
2024-10-21,WMT,-0.0033117533,0.0067185163,-0.0073511004
2024-10-22,AAPL,-0.0076764226,0.015884638,-0.012447894
2024-10-22,AMGN,-0.0028624535,0.008379221,-0.0083951354
2024-10-22,CRM,-0.015072107,0.01632905,-0.010455251
2024-10-22,CSCO,-0.0071539879,0.0084609985,-0.0098142624
2024-10-22,IBM,-0.00020563602,0.0066362619,-0.0072410703
2024-10-22,INTC,-0.0016046762,0.0081164837,-0.011162817
2024-10-22,MSFT,-0.003236711,0.0092673302,-0.0091730356
2024-10-22,NKE,-0.0086606145,0.012397528,-0.0085970759
2024-10-22,VZ,-0.002646327,0.0079420805,-0.010152757
2024-10-22,WMT,-0.0045121312,0.0074254274,-0.0069877505
2024-10-23,AAPL,-0.0084136128,0.016341686,-0.010535836
2024-10-23,AMGN,-0.0012174845,0.0079768896,-0.0077613592
2024-10-23,CRM,-0.0088987947,0.014744401,-0.0099430084
2024-10-23,CSCO,-0.0049825311,0.0085955858,-0.00891155
2024-10-23,IBM,0.00084388256,0.005972147,-0.0073502064
2024-10-23,INTC,-0.00082135201,0.0086892843,-0.0096322298
2024-10-23,MSFT,-0.0041422248,0.0091530085,-0.007592082
2024-10-23,NKE,-0.0085519552,0.01222837,-0.0074235797
2024-10-23,VZ,-0.00079548359,0.0080853701,-0.0090552568
2024-10-23,WMT,-0.0038255453,0.0073409081,-0.0071526766
2024-10-24,AAPL,-0.008130312,0.01587379,-0.011428893
2024-10-24,AMGN,-0.00022369623,0.0063586235,-0.0080319047
2024-10-24,CRM,-0.012543201,0.015835881,-0.011297882
2024-10-24,CSCO,-0.0087767839,0.0089914799,-0.0095948577
2024-10-24,IBM,-0.00057125092,0.0058826208,-0.0072950721
2024-10-24,INTC,-0.0064897537,0.0088639259,-0.0095725656
2024-10-24,MSFT,-0.006962359,0.010225058,-0.0069950223
2024-10-24,NKE,-0.0063725114,0.011429548,-0.008854866
2024-10-24,VZ,-0.00051265955,0.0083926916,-0.010459423
2024-10-24,WMT,-0.00022703409,0.0054888725,-0.0085790753
2024-10-25,AAPL,-0.0067937374,0.015428305,-0.010305643
2024-10-25,AMGN,-0.0019909143,0.0070151091,-0.0068517327
2024-10-25,CRM,-0.0096253753,0.014813304,-0.0075759888
2024-10-25,CSCO,-0.0044727325,0.0079511404,-0.0089082718
2024-10-25,IBM,-0.00061452389,0.006593585,-0.0064114928
2024-10-25,INTC,-0.0021290779,0.0084087849,-0.0092965961
2024-10-25,MSFT,-0.0055428743,0.0091305971,-0.0067483783
2024-10-25,NKE,-0.0073049068,0.012678862,-0.0076649189
2024-10-25,VZ,-0.00087445974,0.0081317425,-0.0088435411
2024-10-25,WMT,-0.0028799176,0.0066306591,-0.0069784522
2024-10-28,AAPL,-0.0079940557,0.01527369,-0.011191666
2024-10-28,AMGN,-0.0036159754,0.0074141026,-0.007922709
2024-10-28,CRM,-0.01189518,0.014420152,-0.0092466474
2024-10-28,CSCO,-0.006188035,0.0088198185,-0.0088579655
2024-10-28,IBM,-0.0014315844,0.0059133768,-0.0075481534
2024-10-28,INTC,-0.0051558614,0.009765625,-0.0093890429
2024-10-28,MSFT,-0.0081578493,0.010984659,-0.0059192777
2024-10-28,NKE,-0.0061249137,0.013164043,-0.0094727278
2024-10-28,VZ,-0.0010381937,0.0078724623,-0.0092882514
2024-10-28,WMT,-0.00074166059,0.0058324337,-0.0080938935
2024-10-29,AAPL,-0.0062804818,0.014224768,-0.01190877
2024-10-29,AMGN,-0.0045898557,0.0078241825,-0.007507205
2024-10-29,CRM,-0.014165938,0.014517546,-0.0099898577
2024-10-29,CSCO,-0.0075041652,0.0078042746,-0.011071026
2024-10-29,IBM,-0.0024789572,0.0057849884,-0.0077288151
2024-10-29,INTC,-0.0049043298,0.0090221167,-0.010374486
2024-10-29,MSFT,-0.0061455369,0.0087832212,-0.0077512264
2024-10-29,NKE,-0.0083438158,0.012595177,-0.010606408
2024-10-29,VZ,-0.0021917224,0.0083327293,-0.010448813
2024-10-29,WMT,-0.004273057,0.0078867674,-0.0077345371
2024-10-30,AAPL,-0.010012388,0.01680553,-0.0087075233
2024-10-30,AMGN,-0.0033601522,0.0096700191,-0.0065550208
2024-10-30,CRM,-0.017147183,0.020193458,-0.0087090731
2024-10-30,CSCO,-0.0057337284,0.010288477,-0.009519875
2024-10-30,IBM,-0.0015507936,0.0066658258,-0.0068797469
2024-10-30,INTC,-0.0054322481,0.010939479,-0.0072553158
2024-10-30,MSFT,-0.0059643388,0.01146102,-0.0063539147
2024-10-30,NKE,-0.0089034438,0.014706612,-0.0079218745
2024-10-30,VZ,0.00041329861,0.0069531202,-0.0098131299
2024-10-30,WMT,-0.00097835064,0.0057147741,-0.0076665878
2024-10-31,AAPL,-0.0083965659,0.01403439,-0.01633513
2024-10-31,AMGN,-0.0029190183,0.010477185,-0.0076367259
2024-10-31,CRM,-0.01591593,0.018916368,-0.012339711
2024-10-31,CSCO,-0.0096242428,0.011973619,-0.010275662
2024-10-31,IBM,-0.0011004806,0.0060948133,-0.0083010197
2024-10-31,INTC,-0.0026614666,0.010242343,-0.011044979
2024-10-31,MSFT,-0.0061656833,0.01093781,-0.01037699
2024-10-31,NKE,-0.0077839494,0.012490153,-0.011068583
2024-10-31,VZ,-0.0021824241,0.0075778961,-0.010507941
2024-10-31,WMT,-0.0039734244,0.0076966286,-0.0075635314
2024-11-01,AAPL,-0.0098648667,0.015860319,-0.010972381
2024-11-01,AMGN,-0.0046858191,0.011938334,-0.0079507828
2024-11-01,CRM,-0.0089220405,0.01780951,-0.013105512
2024-11-01,CSCO,-0.0063548684,0.013546944,-0.0091465116
2024-11-01,IBM,-0.0020552874,0.0088385344,-0.0072785616
2024-11-01,INTC,-0.0039137006,0.0134269,-0.0095841289
2024-11-01,MSFT,-0.0042561293,0.012402773,-0.008362174
2024-11-01,NKE,-0.0097184777,0.014150143,-0.0085182786
2024-11-01,VZ,-0.0053337216,0.01098609,-0.0077337027
2024-11-01,WMT,-0.0045425296,0.010449052,-0.0060793757
2024-11-04,AAPL,-0.0031467676,0.011612654,-0.0072527528
2024-11-04,AMGN,-0.0048010945,0.0093455315,-0.0055422187
2024-11-04,CRM,-0.0051794052,0.012662649,-0.0076712966
2024-11-04,CSCO,-0.0026730895,0.0076802969,-0.0079883337
2024-11-04,IBM,-0.0014671683,0.006927371,-0.0040874481
2024-11-04,INTC,-0.002071023,0.0083811283,-0.0068457127
2024-11-04,MSFT,-0.0032498837,0.0080001354,-0.0053268671
2024-11-04,NKE,-0.0055950284,0.01139462,-0.0059661269
2024-11-04,VZ,-0.002679944,0.0071530342,-0.0058262348
2024-11-04,WMT,-0.0028265119,0.0070602894,-0.0046911836
2024-11-05,AAPL,-0.0051079392,0.012627363,-0.0088647604
2024-11-05,AMGN,-0.014351487,0.011355519,-0.0029149652
2024-11-05,CRM,-0.008464098,0.0090050697,-0.0056034327
2024-11-05,CSCO,-0.0027368069,0.0063072443,-0.008215487
2024-11-05,IBM,-0.0023758411,0.0064116716,-0.0053153038
2024-11-05,INTC,-0.0024041533,0.0075672865,-0.00765872
2024-11-05,MSFT,-0.0070005655,0.00817132,-0.0071431994
2024-11-05,NKE,-0.0074390173,0.01076746,-0.0074521899
2024-11-05,VZ,-0.0033498406,0.006937027,-0.0070634484
2024-11-05,WMT,-0.0048109293,0.0073055029,-0.005908668
2024-11-06,AAPL,-0.0035685301,0.012111902,-0.010423481
2024-11-06,AMGN,-0.0047106743,0.0081437826,-0.0067492723
2024-11-06,CRM,-0.0054444075,0.0084331036,-0.0085471272
2024-11-06,CSCO,-0.00063085556,0.0057083368,-0.0096741915
2024-11-06,IBM,0.0015275478,0.0042341948,-0.0068972111
2024-11-06,INTC,0.0016256571,0.0065083504,-0.0098434687
2024-11-06,MSFT,-0.0030606389,0.0062615871,-0.0085445642
2024-11-06,NKE,-0.0075007677,0.010386109,-0.0065436959
2024-11-06,VZ,0.0013438463,0.0059505701,-0.0083866119
2024-11-06,WMT,-0.0047796369,0.0065070391,-0.0059980154
2024-11-07,AAPL,-0.00639534,0.012496114,-0.0084396005
2024-11-07,AMGN,-0.0037207603,0.0080218315,-0.0060428381
2024-11-07,CRM,-0.003890574,0.0085533857,-0.0087755322
2024-11-07,CSCO,-0.0022744536,0.0063098669,-0.0085123181
2024-11-07,IBM,0.00077652931,0.004655242,-0.0059185028
2024-11-07,INTC,-3.4570694e-06,0.0068782568,-0.0082372427
2024-11-07,MSFT,-0.0030582547,0.007917285,-0.0077254772
2024-11-07,NKE,-0.0042542815,0.011128426,-0.0068716407
2024-11-07,VZ,0.002270937,0.0062726736,-0.0082986951
2024-11-07,WMT,-0.00075376034,0.0052609444,-0.0068699718
2024-11-08,AAPL,-0.0084174871,0.01355803,-0.010243356
2024-11-08,AMGN,-0.0078104734,0.009095192,-0.0054754019
2024-11-08,CRM,-0.0078552961,0.010300398,-0.007853806
2024-11-08,CSCO,-0.003441453,0.0057314634,-0.008931458
2024-11-08,IBM,-0.00046235323,0.0052179098,-0.0053696632
2024-11-08,INTC,-0.0036732554,0.0077339411,-0.0077219605
2024-11-08,MSFT,-0.0068470836,0.0077785254,-0.0071065426
2024-11-08,NKE,-0.0059586167,0.011185408,-0.0075747967
2024-11-08,VZ,-0.00053423643,0.0067358017,-0.0086379051
2024-11-08,WMT,-0.0014763474,0.005697608,-0.0070088506
2024-11-11,AAPL,-0.0059223175,0.01307869,-0.010887802
2024-11-11,AMGN,-0.0076164007,0.0097024441,-0.0059806108
2024-11-11,CRM,-0.001427114,0.0072957277,-0.010280609
2024-11-11,CSCO,-0.00048530102,0.0057560205,-0.0092505217
2024-11-11,IBM,-0.00031381845,0.005466342,-0.0058560371
2024-11-11,INTC,5.7220459e-06,0.0064405203,-0.0084217787
2024-11-11,MSFT,-0.0040017962,0.007135272,-0.0082716346
2024-11-11,NKE,-0.0047969222,0.01036489,-0.0081378818
2024-11-11,VZ,-0.0021578074,0.0069503784,-0.0083116293
2024-11-11,WMT,-0.0057275891,0.0075064898,-0.0060040951
2024-11-12,AAPL,-0.0059537888,0.013547421,-0.012030602
2024-11-12,AMGN,-0.0060519576,0.007997036,-0.0070815682
2024-11-12,CRM,-0.0032948852,0.0074478388,-0.0095365644
2024-11-12,CSCO,-0.002343297,0.0058240891,-0.0097263455
2024-11-12,IBM,-0.00055497885,0.0055611134,-0.0060351491
2024-11-12,INTC,0.00021481514,0.0069693327,-0.010669351
2024-11-12,MSFT,-0.0046629906,0.0074043274,-0.0084559917
2024-11-12,NKE,-0.0073156953,0.011730313,-0.0078543425
2024-11-12,VZ,-0.0031398535,0.0073014498,-0.0074423552
2024-11-12,WMT,-0.006074965,0.0078971386,-0.0064821243
2024-11-13,AAPL,-0.0043287873,0.013198733,-0.010731339
2024-11-13,AMGN,-0.0075227022,0.010827065,-0.005505681
2024-11-13,CRM,-0.0033247471,0.007699132,-0.0093585849
2024-11-13,CSCO,-0.00077474117,0.0057440996,-0.0091388226
2024-11-13,IBM,0.0014196634,0.005107522,-0.005579114
2024-11-13,INTC,0.0012335777,0.0069605112,-0.0090889931
2024-11-13,MSFT,-0.0042460561,0.0071774721,-0.0077245831
2024-11-13,NKE,-0.0076118112,0.011879325,-0.0064234138
2024-11-13,VZ,-0.002620697,0.0076878071,-0.0076552033
2024-11-13,WMT,-0.0058849454,0.0071849823,-0.0058316588
2024-11-14,AAPL,-0.0050679445,0.012247086,-0.01217562
2024-11-14,AMGN,-0.0088245869,0.0089982748,-0.0069851875
2024-11-14,CRM,-0.0056400299,0.0088202953,-0.0091751814
2024-11-14,CSCO,-0.0024704337,0.005474329,-0.0100196
2024-11-14,IBM,0.00019860268,0.0045586824,-0.0067417622
2024-11-14,INTC,-0.00040984154,0.0058089495,-0.009848237
2024-11-14,MSFT,-0.0046608448,0.0075721741,-0.0083059669
2024-11-14,NKE,-0.0055263042,0.011181712,-0.008697629
2024-11-14,VZ,-0.00086897612,0.0066632032,-0.0084658861
2024-11-14,WMT,-0.0054023862,0.0066509247,-0.006718874
2024-11-15,AAPL,-0.0051954389,0.013013363,-0.012812436
2024-11-15,AMGN,-0.0036953092,0.0084420443,-0.00885427
2024-11-15,CRM,-0.0089571476,0.011334419,-0.0096049309
2024-11-15,CSCO,-0.0030476451,0.0054500103,-0.0097954273
2024-11-15,IBM,0.00041174889,0.0042716265,-0.0067374706
2024-11-15,INTC,0.00023305416,0.0059639215,-0.010617733
2024-11-15,MSFT,-0.0045375228,0.0078099966,-0.008488059
2024-11-15,NKE,-0.0074941516,0.011488438,-0.0086370111
2024-11-15,VZ,3.7670135e-05,0.0061812401,-0.0097452402
2024-11-15,WMT,-0.0033222437,0.0061888695,-0.0077491999
2024-11-18,AAPL,-0.006296277,0.013500094,-0.01077342
2024-11-18,AMGN,-0.0066051483,0.009693265,-0.0067264438
2024-11-18,CRM,-0.0067616701,0.010909796,-0.0080567002
2024-11-18,CSCO,-0.00091457367,0.006708622,-0.0093805194
2024-11-18,IBM,0.00033509731,0.0047254562,-0.0062781572
2024-11-18,INTC,-7.7486038e-07,0.0067945719,-0.0091702342
2024-11-18,MSFT,-0.003287375,0.0071091652,-0.0084734559
2024-11-18,NKE,-0.0050262213,0.01168263,-0.006682694
2024-11-18,VZ,-0.00062191486,0.0069574118,-0.0085664392
2024-11-18,WMT,-0.0019941926,0.0054193735,-0.0071418285
2024-11-19,AAPL,-0.0065191388,0.012946606,-0.012564003
2024-11-19,AMGN,-0.0068992972,0.0091779232,-0.0068855286
2024-11-19,CRM,-0.006296277,0.011931539,-0.0089031458
2024-11-19,CSCO,-0.0007314682,0.0052238703,-0.010040283
2024-11-19,IBM,-0.00079548359,0.0056263208,-0.0063272715
2024-11-19,INTC,-0.00051903725,0.0067534447,-0.0093895197
2024-11-19,MSFT,-0.0054990649,0.0079605579,-0.0077392459
2024-11-19,NKE,-0.0063289404,0.011041045,-0.0086137056
2024-11-19,VZ,-0.002045393,0.0069448948,-0.0084887147
2024-11-19,WMT,-0.0030385256,0.0061528683,-0.0067290664
2024-11-20,AAPL,-0.0057971478,0.0135746,-0.011470199
2024-11-20,AMGN,-0.0057311058,0.0089601278,-0.0067650676
2024-11-20,CRM,-0.0026885271,0.0085222721,-0.010162354
2024-11-20,CSCO,-0.0011717677,0.0051685572,-0.0092325807
2024-11-20,IBM,0.00041973591,0.0052984953,-0.006152153
2024-11-20,INTC,0.00081729889,0.0058153868,-0.0097201467
2024-11-20,MSFT,-0.0027142763,0.008161664,-0.0082307458
2024-11-20,NKE,-0.0067919493,0.011654377,-0.0075059533
2024-11-20,VZ,-0.0017209649,0.0071589947,-0.0077142715
2024-11-20,WMT,-0.0056855083,0.0070616007,-0.0056843758
2024-11-21,AAPL,-0.0045605898,0.012773037,-0.013613045
2024-11-21,AMGN,-0.0080323815,0.0097877979,-0.0072249174
2024-11-21,CRM,-0.004329145,0.0069103241,-0.010685802
2024-11-21,CSCO,-0.0014898777,0.0042909384,-0.0099719167
2024-11-21,IBM,0.0001206398,0.0045484304,-0.0069327354
2024-11-21,INTC,0.00042521954,0.0057930946,-0.010418355
2024-11-21,MSFT,-0.003487587,0.007183075,-0.0085333586
2024-11-21,NKE,-0.0044292212,0.010347366,-0.0081002116
2024-11-21,VZ,-0.0014927387,0.0063551664,-0.0082063079
2024-11-21,WMT,-0.0058188438,0.0070136786,-0.0062987208
2024-11-22,AAPL,-0.0070494413,0.01479423,-0.011327028
2024-11-22,AMGN,-0.006462276,0.0098525286,-0.0068338513
2024-11-22,CRM,-0.0082902312,0.010127068,-0.0096645951
2024-11-22,CSCO,-0.0031155348,0.0058145523,-0.0090440512
2024-11-22,IBM,0.0008995533,0.0041788816,-0.0063407421
2024-11-22,INTC,-0.0021485686,0.0064922571,-0.0092329979
2024-11-22,MSFT,-0.0055479407,0.008056879,-0.0078315735
2024-11-22,NKE,-0.0044190288,0.010682225,-0.0083736181
2024-11-22,VZ,0.00018393993,0.0063562393,-0.0091766715
2024-11-22,WMT,-0.0022552609,0.0056575537,-0.0072563887
2024-11-25,AAPL,-0.0060891509,0.014246821,-0.010505676
2024-11-25,AMGN,-0.006090939,0.0096997023,-0.0067884922
2024-11-25,CRM,-0.01048702,0.011679649,-0.0074487925
2024-11-25,CSCO,-0.00022113323,0.0061255693,-0.009950757
2024-11-25,IBM,0.00053155422,0.0043336153,-0.0052178502
2024-11-25,INTC,-0.0015470982,0.0069402456,-0.0093153715
2024-11-25,MSFT,-0.0048423409,0.0078462362,-0.0076755285
2024-11-25,NKE,-0.0050305724,0.011824012,-0.0077958107
2024-11-25,VZ,0.0013736486,0.0057761669,-0.008312583
2024-11-25,WMT,-0.00097572803,0.0051808357,-0.0070517063
2024-11-26,AAPL,-0.0049158931,0.013716221,-0.0123173
2024-11-26,AMGN,-0.0068057179,0.010359526,-0.0070614219
2024-11-26,CRM,-0.0055634379,0.010905504,-0.0092661381
2024-11-26,CSCO,-0.00078904629,0.0053824186,-0.0095890164
2024-11-26,IBM,0.00073230267,0.0044603348,-0.0064817071
2024-11-26,INTC,0.00051283836,0.0063188076,-0.0081182122
2024-11-26,MSFT,-0.0038118362,0.0079079866,-0.0069449544
2024-11-26,NKE,-0.0051212907,0.012570858,-0.0079339743
2024-11-26,VZ,0.0016694069,0.0056065321,-0.0081330538
2024-11-26,WMT,-0.0021374226,0.0050827265,-0.006723702
2024-11-27,AAPL,-0.0039415956,0.013298512,-0.012221813
2024-11-27,AMGN,-0.0064808726,0.0099185705,-0.0073264241
2024-11-27,CRM,-0.0078819394,0.010323763,-0.010820031
2024-11-27,CSCO,-0.0049470067,0.0053144693,-0.010979176
2024-11-27,IBM,-0.0014511347,0.0053918362,-0.0069738626
2024-11-27,INTC,-0.00059974194,0.0069813728,-0.011351824
2024-11-27,MSFT,-0.0051031709,0.008207202,-0.0084837079
2024-11-27,NKE,-0.0068979263,0.011816382,-0.010138214
2024-11-27,VZ,-0.0024283528,0.0068267584,-0.0084552765
2024-11-27,WMT,-0.0068458319,0.0091243982,-0.0060778856
2024-11-29,AAPL,-0.0099139214,0.016518474,-0.010443807
2024-11-29,AMGN,-0.0056110024,0.01056242,-0.0075649619
2024-11-29,CRM,-0.015924156,0.016670823,-0.0083457828
2024-11-29,CSCO,-0.0042742491,0.0084201097,-0.0091366768
2024-11-29,IBM,-0.0013942122,0.0060837269,-0.0063803196
2024-11-29,INTC,-0.0040482879,0.0096806288,-0.00748384
2024-11-29,MSFT,-0.0061205029,0.0098017454,-0.0073660612
2024-11-29,NKE,-0.0073984265,0.013494968,-0.0077487826
2024-11-29,VZ,-0.00025731325,0.0063062906,-0.0095449686
2024-11-29,WMT,-0.001046598,0.0063358545,-0.0068053603
2024-12-02,AAPL,-0.0046505928,0.012970805,-0.01353991
2024-12-02,AMGN,-0.003795743,0.01159358,-0.0076153874
2024-12-02,CRM,-0.008381784,0.014463186,-0.013175189
2024-12-02,CSCO,-0.0061323047,0.010041356,-0.0096787214
2024-12-02,IBM,-0.0012040138,0.0060400963,-0.0070553422
2024-12-02,INTC,6.5207481e-05,0.0087536573,-0.010776818
2024-12-02,MSFT,-0.0022969842,0.0099241734,-0.0099006891
2024-12-02,NKE,-0.0078933835,0.012412667,-0.0088461041
2024-12-02,VZ,-0.0028571486,0.0080850124,-0.0086238384
2024-12-02,WMT,-0.0071011782,0.0091718435,-0.0057910085
2024-12-03,AAPL,-0.0062772632,0.013978124,-0.011153996
2024-12-03,AMGN,-0.0047200322,0.012093782,-0.0074872971
2024-12-03,CRM,-0.0057030916,0.015649676,-0.012953937
2024-12-03,CSCO,-0.0058577061,0.012221217,-0.0092846155
2024-12-03,IBM,-0.0013331175,0.008182168,-0.0071235895
2024-12-03,INTC,-0.0037099123,0.011666417,-0.0097199678
2024-12-03,MSFT,-0.0036103725,0.011721492,-0.0091249943
2024-12-03,NKE,-0.0072089434,0.013657808,-0.0088469386
2024-12-03,VZ,-0.0054383874,0.010727644,-0.0081737638
2024-12-03,WMT,-0.0053150654,0.010525942,-0.0062529445
2024-12-04,AAPL,-0.0049473047,0.013210535,-0.010713637
2024-12-04,AMGN,-0.0040323734,0.0092686415,-0.0075488091
2024-12-04,CRM,-0.0079244375,0.010950923,-0.0068627
2024-12-04,CSCO,-0.0019344687,0.0069125891,-0.0094447732
2024-12-04,IBM,0.0030846596,0.0037118196,-0.0072823763
2024-12-04,INTC,0.00027942657,0.0069894791,-0.0091717243
2024-12-04,MSFT,-0.0048453808,0.0074089766,-0.0075144172
2024-12-04,NKE,-0.0062522888,0.010451674,-0.007337749
2024-12-04,VZ,0.00056290627,0.0057865381,-0.0089398623
2024-12-04,WMT,0.00067138672,0.0041320324,-0.0075845718
2024-12-05,AAPL,-0.004763186,0.011463165,-0.010602474
2024-12-05,AMGN,-0.0064960122,0.0084993839,-0.0060048699
2024-12-05,CRM,-0.0047014952,0.0077266693,-0.0092592835
2024-12-05,CSCO,-0.00047463179,0.0050675869,-0.0094097257
2024-12-05,IBM,0.00041997433,0.0040796995,-0.0063506961
2024-12-05,INTC,0.0012054443,0.0063364506,-0.0096534491
2024-12-05,MSFT,-0.0010210872,0.0066372156,-0.0084493756
2024-12-05,NKE,-0.0078452826,0.01116991,-0.0071074367
2024-12-05,VZ,-0.00074350834,0.0064492226,-0.008020699
2024-12-05,WMT,-0.0022435188,0.0058269501,-0.006502986
2024-12-06,AAPL,-0.0085674524,0.014385462,-0.010844529
2024-12-06,AMGN,-0.0068398118,0.010337114,-0.0061156154
2024-12-06,CRM,-0.0093474388,0.012141228,-0.0080919862
2024-12-06,CSCO,-0.0019251704,0.0045969486,-0.0096248984
2024-12-06,IBM,0.0014518499,0.0045548677,-0.0061709285
2024-12-06,INTC,-0.001901865,0.0063306093,-0.0088104606
2024-12-06,MSFT,-0.0046066642,0.0077888966,-0.0075920224
2024-12-06,NKE,-0.0065182447,0.011072993,-0.007121861
2024-12-06,VZ,0.00061142445,0.0063604116,-0.0088298321
2024-12-06,WMT,-0.00055456161,0.0047718287,-0.0077381134
2024-12-09,AAPL,-0.0019806623,0.01115489,-0.013667762
2024-12-09,AMGN,-0.007838726,0.010115147,-0.0064446926
2024-12-09,CRM,-0.002834022,0.0075753927,-0.011051714
2024-12-09,CSCO,0.000685215,0.0044983625,-0.0099933147
2024-12-09,IBM,0.0012691021,0.0046231747,-0.0060514212
2024-12-09,INTC,0.0028530359,0.0059341192,-0.0095050931
2024-12-09,MSFT,-0.0020350218,0.0056403875,-0.0083432198
2024-12-09,NKE,-0.0043905973,0.010164618,-0.0077479482
2024-12-09,VZ,-0.0025609136,0.006804347,-0.0075207353
2024-12-09,WMT,-0.0042603612,0.0064539909,-0.0063358545
2024-12-10,AAPL,-0.0070548058,0.013663173,-0.0120067
2024-12-10,AMGN,-0.0066295862,0.0080366135,-0.0075842142
2024-12-10,CRM,-0.0068223476,0.0081193447,-0.0099803805
2024-12-10,CSCO,-0.0030734539,0.00459373,-0.010358632
2024-12-10,IBM,-0.0010774732,0.0054883957,-0.0056308508
2024-12-10,INTC,-0.00077092648,0.006378293,-0.0091369748
2024-12-10,MSFT,-0.0041205883,0.0078738928,-0.0086164474
2024-12-10,NKE,-0.0044464469,0.010259867,-0.0080847144
2024-12-10,VZ,-0.00291574,0.0072442293,-0.0085511804
2024-12-10,WMT,-0.0049875379,0.0070571899,-0.0058252811
2024-12-11,AAPL,-0.0052204728,0.013608336,-0.012390494
2024-12-11,AMGN,-0.0082613826,0.010767102,-0.0060333014
2024-12-11,CRM,-0.0086602569,0.010463953,-0.008394897
2024-12-11,CSCO,-0.0020266771,0.0056779385,-0.009427309
2024-12-11,IBM,0.0015515089,0.0050828457,-0.0059552193
2024-12-11,INTC,0.00063490868,0.0062353611,-0.0096232891
2024-12-11,MSFT,-0.004827261,0.0074409246,-0.0082048774
2024-12-11,NKE,-0.00663656,0.011606097,-0.0071390271
2024-12-11,VZ,-0.0023517013,0.0067710876,-0.0085431337
2024-12-11,WMT,-0.00303936,0.0059943199,-0.0072841644
2024-12-12,AAPL,-0.0034950376,0.01200223,-0.012141705
2024-12-12,AMGN,-0.0077233315,0.0099297762,-0.007735908
2024-12-12,CRM,-0.0052435398,0.0090154409,-0.0085719228
2024-12-12,CSCO,0.0011305809,0.0042146444,-0.010520935
2024-12-12,IBM,0.00032353401,0.005109787,-0.0062761903
2024-12-12,INTC,0.0020343065,0.005931735,-0.010415196
2024-12-12,MSFT,-0.0020357966,0.006750226,-0.0087714195
2024-12-12,NKE,-0.0051699877,0.01058042,-0.0073726773
2024-12-12,VZ,-0.0030829906,0.0066657066,-0.0082789063
2024-12-12,WMT,-0.0061849952,0.0075762272,-0.0058954954
2024-12-13,AAPL,-0.0075481534,0.014395714,-0.012129188
2024-12-13,AMGN,-0.0041944981,0.0089683533,-0.0097631216
2024-12-13,CRM,-0.012403846,0.014322877,-0.0090453625
2024-12-13,CSCO,-0.0047618747,0.006275773,-0.010714173
2024-12-13,IBM,-0.00030428171,0.0051577091,-0.0068060756
2024-12-13,INTC,-0.0018196106,0.0065099001,-0.010226607
2024-12-13,MSFT,-0.0046164393,0.0083019733,-0.0090001225
2024-12-13,NKE,-0.0067577958,0.011287093,-0.0081037283
2024-12-13,VZ,-0.00072598457,0.007119298,-0.0094122887
2024-12-13,WMT,-0.0015995502,0.0053310394,-0.0084240437
2024-12-16,AAPL,-0.0040826201,0.012987733,-0.012903631
2024-12-16,AMGN,-0.0085132718,0.011230111,-0.0064752102
2024-12-16,CRM,-0.009545505,0.011639953,-0.0099464059
2024-12-16,CSCO,-0.00044506788,0.005848527,-0.010478735
2024-12-16,IBM,0.0012769699,0.0054855347,-0.0064818263
2024-12-16,INTC,0.0014593601,0.0065228939,-0.0095877051
2024-12-16,MSFT,-0.0024893284,0.0070012808,-0.0099111795
2024-12-16,NKE,-0.0067322254,0.011572361,-0.0075687766
2024-12-16,VZ,-0.0021027923,0.0074747801,-0.0082480311
2024-12-16,WMT,-0.0031921864,0.0068852901,-0.006900847
2024-12-17,AAPL,-0.0014850497,0.011635065,-0.012146711
2024-12-17,AMGN,-0.0068439245,0.0098279715,-0.0069043636
2024-12-17,CRM,-0.0043997765,0.009165287,-0.010657728
2024-12-17,CSCO,0.00071430206,0.0047198534,-0.011272371
2024-12-17,IBM,-0.00051748753,0.005858779,-0.006236732
2024-12-17,INTC,0.0032044649,0.0068625212,-0.010800421
2024-12-17,MSFT,-0.0012761354,0.0073702335,-0.0092880726
2024-12-17,NKE,-0.0066692829,0.01167202,-0.0074810982
2024-12-17,VZ,-0.0038808584,0.0082333088,-0.0080458522
2024-12-17,WMT,-0.0062313676,0.0085139275,-0.0057480335
2024-12-18,AAPL,-0.0030245185,0.011875629,-0.011788428
2024-12-18,AMGN,-0.0055112839,0.0099050999,-0.0069799423
2024-12-18,CRM,-0.0056719184,0.010937572,-0.01000464
2024-12-18,CSCO,-0.00064617395,0.0058876276,-0.010164857
2024-12-18,IBM,0.0022579432,0.0063377619,-0.005926609
2024-12-18,INTC,0.0027625561,0.0068887472,-0.0097277761
2024-12-18,MSFT,-0.0024936199,0.007760644,-0.0084801316
2024-12-18,NKE,-0.0081015229,0.012871027,-0.0064119101
2024-12-18,VZ,-0.0033000708,0.0086966753,-0.0081149936
2024-12-18,WMT,-0.004040122,0.0072495937,-0.0062600374
2024-12-19,AAPL,-0.0042836666,0.012180448,-0.012769163
2024-12-19,AMGN,-0.0069311857,0.010222793,-0.0078935027
2024-12-19,CRM,-0.0092889071,0.010716319,-0.010895312
2024-12-19,CSCO,-0.0033995509,0.0056277514,-0.011201203
2024-12-19,IBM,-0.00016826391,0.0052655935,-0.007668674
2024-12-19,INTC,0.0012067556,0.0052585602,-0.011998773
2024-12-19,MSFT,-0.0036507845,0.0073959827,-0.010029793
2024-12-19,NKE,-0.0086573958,0.011708617,-0.0077940226
2024-12-19,VZ,-0.0048183799,0.008263588,-0.0082030892
2024-12-19,WMT,-0.0067030191,0.0079977512,-0.0062223077
2024-12-20,AAPL,-0.0046331882,0.01299119,-0.01313442
2024-12-20,AMGN,-0.0046823621,0.0097004175,-0.0087926984
2024-12-20,CRM,-0.011875927,0.013921261,-0.010339975
2024-12-20,CSCO,-0.004253149,0.0061275959,-0.010630488
2024-12-20,IBM,0.0014107227,0.0055706501,-0.007794857
2024-12-20,INTC,-0.0019072294,0.0068485737,-0.011059105
2024-12-20,MSFT,-0.0043482184,0.008476615,-0.0096185207
2024-12-20,NKE,-0.0057445765,0.011609077,-0.0086812973
2024-12-20,VZ,-0.0027810335,0.0082170963,-0.0090197325
2024-12-20,WMT,-0.0030268431,0.0066313744,-0.0079209805
2024-12-23,AAPL,-0.0024388433,0.011675,-0.011247039
2024-12-23,AMGN,-0.0032234192,0.0086716413,-0.0084092617
2024-12-23,CRM,-0.0059499741,0.011342406,-0.01059866
2024-12-23,CSCO,-0.00085365772,0.005815506,-0.010704935
2024-12-23,IBM,0.0020157099,0.0043628216,-0.0072513819
2024-12-23,INTC,0.0014799833,0.006467104,-0.010911107
2024-12-23,MSFT,-0.0014057159,0.0076252222,-0.0095400214
2024-12-23,NKE,-0.0055009723,0.011613369,-0.0075615048
2024-12-23,VZ,-0.0018371344,0.0088300705,-0.0090683103
2024-12-23,WMT,-0.0030614138,0.0063391924,-0.0069363713
2024-12-24,AAPL,-0.0041128993,0.012775779,-0.011204779
2024-12-24,AMGN,-0.0047088265,0.0095367432,-0.0071516037
2024-12-24,CRM,-0.0056012869,0.011396885,-0.011392236
2024-12-24,CSCO,-0.001937151,0.0059075356,-0.0098910928
2024-12-24,IBM,7.3552132e-05,0.0056881905,-0.0066294074
2024-12-24,INTC,0.00039124489,0.0068342686,-0.010319531
2024-12-24,MSFT,-0.0030636191,0.0083369017,-0.0082134008
2024-12-24,NKE,-0.0065357089,0.012223601,-0.008577764
2024-12-24,VZ,-0.0028825998,0.0083124638,-0.008641243
2024-12-24,WMT,-0.0024216175,0.0062752962,-0.0070518851
2024-12-26,AAPL,-0.0030192137,0.012329102,-0.010110199
2024-12-26,AMGN,-0.0026662946,0.0082682371,-0.0083994269
2024-12-26,CRM,-0.0076243281,0.010391951,-0.010025144
2024-12-26,CSCO,-0.0037269592,0.0060856342,-0.0098621845
2024-12-26,IBM,-0.0026576519,0.005854845,-0.0065391064
2024-12-26,INTC,-0.0012077093,0.0078353882,-0.010503173
2024-12-26,MSFT,-0.0038346648,0.0074164867,-0.0085248947
2024-12-26,NKE,-0.0075024962,0.011952639,-0.0079610348
2024-12-26,VZ,-0.003967464,0.0080239773,-0.0077695251
2024-12-26,WMT,-0.005694747,0.0082014799,-0.006029129
2024-12-27,AAPL,-0.0053709745,0.013956547,-0.010577559
2024-12-27,AMGN,-0.0063573122,0.010688782,-0.006942451
2024-12-27,CRM,-0.01402539,0.015102983,-0.0090427399
2024-12-27,CSCO,-0.00096487999,0.0079796314,-0.0098759532
2024-12-27,IBM,0.0005774498,0.0055776834,-0.0061658621
2024-12-27,INTC,-0.0028752685,0.0079559088,-0.0080292821
2024-12-27,MSFT,-0.0027571917,0.0088492632,-0.0071776509
2024-12-27,NKE,-0.0065959096,0.012541533,-0.0073989034
2024-12-27,VZ,-0.00038272142,0.0063103437,-0.0085166097
2024-12-27,WMT,3.6001205e-05,0.0045638084,-0.0077182055
2024-12-30,AAPL,-0.0075165629,0.012649775,-0.015869856
2024-12-30,AMGN,-0.004237473,0.010139227,-0.0092691183
2024-12-30,CRM,-0.012924194,0.015673637,-0.013325989
2024-12-30,CSCO,-0.0063861012,0.0092308521,-0.011803508
2024-12-30,IBM,-0.00074934959,0.0048054457,-0.0088461041
2024-12-30,INTC,-9.5307827e-05,0.0074824095,-0.013019085
2024-12-30,MSFT,-0.0046395659,0.0097761154,-0.011033297
2024-12-30,NKE,-0.0059590936,0.010715485,-0.011572719
2024-12-30,VZ,-0.0030450225,0.0073399544,-0.010150492
2024-12-30,WMT,-0.0061585903,0.007679224,-0.007163167
2024-12-31,AAPL,-0.006572783,0.014012456,-0.012170911
2024-12-31,AMGN,-0.0067347884,0.013071895,-0.0075324178
2024-12-31,CRM,-0.0039076805,0.015037537,-0.014431834
2024-12-31,CSCO,-0.0045851469,0.012700081,-0.0099773407
2024-12-31,IBM,-0.0014423728,0.0082490444,-0.0073865056
2024-12-31,INTC,-0.002907455,0.012647986,-0.010262012
2024-12-31,MSFT,-0.0040156841,0.011435151,-0.0098731518
2024-12-31,NKE,-0.0083100796,0.013525486,-0.0085569024
2024-12-31,VZ,-0.0060308576,0.010464191,-0.0081480742
2024-12-31,WMT,-0.0045446157,0.010808945,-0.0063032508
