date,tic,close,high,low
2020-01-02,AAPL,-0.0065127611,0.019546747,0.0033506155
2020-01-02,AMGN,-0.032800555,0.01357305,-0.0043027997
2020-01-02,CRM,-0.04445529,0.016615033,-0.023019731
2020-01-02,CSCO,0.0078829527,-0.013365626,-0.0022383332
2020-01-02,IBM,-0.028466642,0.0078312159,-0.0054733753
2020-01-02,INTC,0.00563097,-0.0098034143,-0.0044879317
2020-01-02,MSFT,-0.0056992769,0.0027471781,-0.013671517
2020-01-02,NKE,-0.021560073,0.0056192875,-0.0082733631
2020-01-02,VZ,-0.01464808,0.013937831,-0.0079508424
2020-01-02,WMT,0.0029246807,0.010867596,-0.01716733
2020-01-03,AAPL,0.037005782,0.026332259,-0.0072860122
2020-01-03,AMGN,-0.0028490424,0.015184164,-0.00015985966
2020-01-03,CRM,0.030445695,-0.0025830269,-0.016256928
2020-01-03,CSCO,0.011764169,0.0045109987,-0.020291328
2020-01-03,IBM,-0.0019209385,0.013612866,-0.0074195862
2020-01-03,INTC,0.0033928156,0.0013955832,-0.018194079
2020-01-03,MSFT,0.0090970993,-0.0030268431,-0.027193129
2020-01-03,NKE,-0.029504061,0.015947342,0.01327908
2020-01-03,VZ,0.013517737,0.0023523569,-0.0057009459
2020-01-03,WMT,-0.0081631541,0.001259923,-0.0058208704
2020-01-06,AAPL,0.01228559,-0.0001064539,-0.017790616
2020-01-06,AMGN,-0.022622406,0.0017851591,0.0053128004
2020-01-06,CRM,-0.018416345,0.013306856,0.025094986
2020-01-06,CSCO,0.0005222559,0.0051020384,-0.012475491
2020-01-06,IBM,0.014045,0.011476755,-0.019592941
2020-01-06,INTC,-0.0094861388,-0.0018333793,-0.015046835
2020-01-06,MSFT,0.00091385841,0.018688202,-0.027593553
2020-01-06,NKE,0.009565115,0.0068379641,0.0062996149
2020-01-06,VZ,0.0043071508,-0.00091719627,-0.003397584
2020-01-06,WMT,0.0039104223,0.01219821,-0.0030518174
2020-01-07,AAPL,-0.0017130375,0.017282724,0.0065762997
2020-01-07,AMGN,0.037432075,-0.0029595494,0.0015370846
2020-01-07,CRM,-0.00084626675,0.008699894,-0.0023747087
2020-01-07,CSCO,-0.016888916,0.0041339397,-0.018079937
2020-01-07,IBM,-0.018464327,0.0097241402,-0.019681036
2020-01-07,INTC,0.011716723,-0.0018354058,-0.014958441
2020-01-07,MSFT,0.025241017,0.0097391605,-0.016864121
2020-01-07,NKE,-0.0038220882,0.014403224,-0.02340275
2020-01-07,VZ,0.002428174,0.02328825,-0.017265439
2020-01-07,WMT,-0.025721848,0.004334569,-0.0011103153
2020-01-08,AAPL,-0.016351521,0.00051236153,-0.032730699
2020-01-08,AMGN,0.023983121,0.010821462,-0.023633897
2020-01-08,CRM,-0.021009624,-0.014600039,0.014341354
2020-01-08,CSCO,-0.043071151,0.0035717487,0.0027495623
2020-01-08,IBM,-0.0081036687,0.00086653233,-0.0076221228
2020-01-08,INTC,0.0043569803,0.012423635,-0.013899565
2020-01-08,MSFT,-0.01632899,0.0045626163,-0.016350806
2020-01-08,NKE,-0.016318321,0.019720912,-0.014476478
2020-01-08,VZ,-0.010079622,0.0075649023,0.0031396151
2020-01-08,WMT,-0.0029341578,0.0070533752,-0.0079175234
2020-01-09,AAPL,0.03118372,-0.01118952,-0.022849023
2020-01-09,AMGN,-0.016983926,0.018338442,-0.022810519
2020-01-09,CRM,0.021475315,0.018641591,0.0050238371
2020-01-09,CSCO,-0.02979362,-0.0068373084,-0.010267735
2020-01-09,IBM,-0.044982433,0.015119195,0.00071430206
2020-01-09,INTC,0.0064308643,0.018591523,-0.017382562
2020-01-09,MSFT,-0.02414602,-0.024451673,-0.024357557
2020-01-09,NKE,-0.016583264,0.0028716326,-0.0047606826
2020-01-09,VZ,0.0072818995,0.017095685,-0.020305693
2020-01-09,WMT,0.012740254,-0.001583457,0.0039824247
2020-01-10,AAPL,0.016489506,0.00069928169,0.010042191
2020-01-10,AMGN,-0.011126518,0.020104527,-0.019960999
2020-01-10,CRM,0.036509395,0.013596892,0.0081517696
2020-01-10,CSCO,-0.012462974,0.011365414,-0.013224483
2020-01-10,IBM,-0.01111418,-0.0030463338,-0.0040786266
2020-01-10,INTC,0.026392937,0.013154864,-0.022393763
2020-01-10,MSFT,0.0092886686,0.0057669878,-0.023255527
2020-01-10,NKE,0.0091538429,-0.0037266016,-0.01086396
2020-01-10,VZ,-0.022854507,0.021168232,-0.0012620091
2020-01-10,WMT,-0.025957227,0.0060106516,0.0030394793
2020-01-13,AAPL,-0.023680866,0.0010105371,-0.016609132
2020-01-13,AMGN,-0.033980608,0.0030130148,-0.024401605
2020-01-13,CRM,-0.028579414,0.0055295229,-0.011409521
2020-01-13,CSCO,-0.036776841,-0.00016963482,-0.0093103647
2020-01-13,IBM,0.001570344,-0.00084376335,-0.00098073483
2020-01-13,INTC,-0.016253471,-0.015926659,-0.023976862
2020-01-13,MSFT,-0.018415451,0.009236455,-0.02216053
2020-01-13,NKE,0.0030823946,0.013925552,0.021753073
2020-01-13,VZ,-0.025733173,0.0051693916,0.010142326
2020-01-13,WMT,-0.018050373,0.016134024,-0.013974905
2020-01-14,AAPL,0.0064924955,-0.00092351437,-0.0072704554
2020-01-14,AMGN,-0.035539985,0.0071986914,4.1723251e-06
2020-01-14,CRM,0.011340022,0.0040838718,-0.037147164
2020-01-14,CSCO,-0.034011185,-0.0014587641,-0.0071355104
2020-01-14,IBM,-0.015132248,-0.012185335,-0.003233254
2020-01-14,INTC,-0.039646864,0.024493814,0.0071508884
2020-01-14,MSFT,-0.00073724985,-0.014316499,-0.018393636
2020-01-14,NKE,0.0099059343,0.009922266,0.019433737
2020-01-14,VZ,0.01032424,0.015659451,-0.0030969977
2020-01-14,WMT,-0.0078303218,-0.0023167133,0.0066215992
2020-01-15,AAPL,-0.0039933324,-0.0030842423,-0.024727345
2020-01-15,AMGN,-0.0087640285,-0.0052441955,-0.0021973252
2020-01-15,CRM,-0.030785859,0.012759447,-0.0047742724
2020-01-15,CSCO,-0.015928805,0.0022134781,0.0085964203
2020-01-15,IBM,-0.0026032925,0.022063732,-0.02354908
2020-01-15,INTC,0.0084927082,0.034221888,-0.042226851
2020-01-15,MSFT,-0.014850259,0.0038026571,-0.013534725
2020-01-15,NKE,-0.0033718348,0.023807526,0.0077981949
2020-01-15,VZ,-0.014014542,0.0053493977,-0.0083853006
2020-01-15,WMT,0.0034154654,0.017392635,0.00056111813
2020-01-16,AAPL,0.012088299,0.0097308159,-0.0059489012
2020-01-16,AMGN,-0.025682509,0.022260427,-0.014093101
2020-01-16,CRM,-0.020682871,-0.0050961971,-0.031612515
2020-01-16,CSCO,0.038772702,0.0033707619,-0.0084193945
2020-01-16,IBM,0.015505791,-0.0018497109,-0.01048398
2020-01-16,INTC,0.0029278994,-0.0020658374,-0.01761359
2020-01-16,MSFT,-0.027332246,0.028640151,0.0041546822
2020-01-16,NKE,0.021631122,0.01334703,-0.0093188286
2020-01-16,VZ,-0.005348146,0.0082347393,-0.0063464046
2020-01-16,WMT,0.0016264915,0.0035151243,0.0055184364
2020-01-17,AAPL,0.019583821,-0.016655684,0.0017712116
2020-01-17,AMGN,-0.022695541,0.028836727,-0.0050087571
2020-01-17,CRM,-0.022019267,1.6927719e-05,-0.022881567
2020-01-17,CSCO,0.020235896,-0.0087623596,-0.014615715
2020-01-17,IBM,-0.01158905,0.0081461668,-0.0068109035
2020-01-17,INTC,-0.035342097,0.0042717457,-0.0092585683
2020-01-17,MSFT,0.011417985,0.0033168793,-0.02829057
2020-01-17,NKE,0.0063453913,0.01922822,-0.007545948
2020-01-17,VZ,-0.013721108,-0.00085735321,0.012140155
2020-01-17,WMT,-0.0012124181,0.01883018,-0.015703022
2020-01-21,AAPL,-0.033737957,0.014232039,-0.0047416091
2020-01-21,AMGN,0.0041683912,-0.0058484077,-0.0098106265
2020-01-21,CRM,0.0022283792,0.012415409,-0.0064414144
2020-01-21,CSCO,-0.039712965,0.0044964552,0.014294624
2020-01-21,IBM,-0.025923193,0.003585577,0.012037754
2020-01-21,INTC,0.024037957,0.020568848,-0.0068635941
2020-01-21,MSFT,0.023575544,0.0090587139,-0.021694362
2020-01-21,NKE,0.0072910786,0.0097104311,-0.013355076
2020-01-21,VZ,0.013390541,0.0071487427,-0.010664701
2020-01-21,WMT,-0.027440667,0.0085132122,-0.016225398
2020-01-22,AAPL,0.01053679,0.019239306,-0.0084004998
2020-01-22,AMGN,0.016030788,0.0041060448,-0.020041168
2020-01-22,CRM,0.0073311329,0.010133624,0.006293416
2020-01-22,CSCO,-0.0072396994,0.014748812,-0.0038743615
2020-01-22,IBM,-0.023508728,0.019708991,-0.0044481158
2020-01-22,INTC,0.0044397116,0.01688683,0.0084722042
2020-01-22,MSFT,-0.0052749515,0.010705113,0.0021311045
2020-01-22,NKE,0.02342546,0.015600324,-0.011350036
2020-01-22,VZ,-0.00087106228,0.0063787699,-0.0047781467
2020-01-22,WMT,0.02156496,-0.0089398623,-0.012857854
2020-01-23,AAPL,-0.021259546,-0.0045393705,-0.0054841638
2020-01-23,AMGN,-0.0060691833,0.0036166906,0.026820183
2020-01-23,CRM,0.0014076233,0.015472054,-0.031936884
2020-01-23,CSCO,0.027176976,0.010744333,0.0071184635
2020-01-23,IBM,0.0003465414,0.0052301884,-0.018963933
2020-01-23,INTC,-0.021919966,0.012200236,0.014259815
2020-01-23,MSFT,-0.008484602,-0.00046885014,-0.013579905
2020-01-23,NKE,-0.012284756,0.0031448603,-0.00513798
2020-01-23,VZ,0.0036449432,0.0041148663,-0.0018818974
2020-01-23,WMT,0.0058209896,0.0094983578,-0.0046086907
2020-01-24,AAPL,0.014644742,0.0055936575,-0.037928641
2020-01-24,AMGN,0.018937707,0.010337591,0.00038528442
2020-01-24,CRM,0.026026368,0.037819147,-0.025617719
2020-01-24,CSCO,-0.010608017,-0.007566154,0.0062568188
2020-01-24,IBM,0.0027588606,0.0087890625,-0.017920077
2020-01-24,INTC,-6.6816807e-05,0.030305266,-0.00012892485
2020-01-24,MSFT,-0.0090638995,0.0012645721,-0.023890734
2020-01-24,NKE,0.016887665,0.0075126886,-0.0020540357
2020-01-24,VZ,0.011594892,0.010786057,-0.0079985857
2020-01-24,WMT,0.021972775,0.0079205036,0.016200066
2020-01-27,AAPL,0.022402763,-0.014515817,-0.0065076351
2020-01-27,AMGN,-0.022607267,0.0098059177,-0.021176636
2020-01-27,CRM,0.0027819872,-0.00032162666,-0.016809404
2020-01-27,CSCO,0.0036199093,0.012512445,-0.012740672
2020-01-27,IBM,-0.017522812,0.024676442,-0.016147614
2020-01-27,INTC,0.0076113939,0.030728102,-0.0079545975
2020-01-27,MSFT,0.0076801777,0.0055911541,-0.01467669
2020-01-27,NKE,0.0017832518,0.0052018166,-0.010683239
2020-01-27,VZ,-0.028709531,0.0092117786,-0.007019937
2020-01-27,WMT,0.0081543922,0.0048668385,-0.002679348
2020-01-28,AAPL,0.02046895,-0.025755703,0.0066466331
2020-01-28,AMGN,-0.0052160621,0.0099772215,0.00057113171
2020-01-28,CRM,0.049011827,-0.0058056712,-0.0096083879
2020-01-28,CSCO,-0.015967131,0.020507216,0.0079978704
2020-01-28,IBM,-0.026377976,-0.0003760457,-0.0013595223
2020-01-28,INTC,0.016029358,0.01922524,0.0060474873
2020-01-28,MSFT,0.0037727356,0.012093306,-0.01249975
2020-01-28,NKE,0.0050352812,0.0026991367,-0.016519248
2020-01-28,VZ,-0.00587219,0.012253642,-0.0020624399
2020-01-28,WMT,0.013338923,0.0094317198,-0.01208359
2020-01-29,AAPL,0.013752937,0.0078754425,-0.0077394247
2020-01-29,AMGN,0.0057866573,0.012274504,0.0035016537
2020-01-29,CRM,-0.0071290731,-0.0023631454,0.0186373
2020-01-29,CSCO,0.025567651,-0.00069653988,-0.003123641
2020-01-29,IBM,-0.022386074,0.010403156,-0.017404854
2020-01-29,INTC,-0.035078704,-0.020204782,-0.012898982
2020-01-29,MSFT,0.0027372837,0.0065703392,-0.0037551522
2020-01-29,NKE,-0.0018233657,0.015965462,-0.012544453
2020-01-29,VZ,-0.0068987608,0.0096125603,-0.016473114
2020-01-29,WMT,-0.0059986711,0.018186569,0.0016084909
2020-01-30,AAPL,0.016682148,-0.0094105005,-0.0077120066
2020-01-30,AMGN,-4.3034554e-05,0.030209422,0.0025753975
2020-01-30,CRM,-0.027010381,0.019391775,-0.0093770623
2020-01-30,CSCO,0.027722716,0.0046690702,-0.02224344
2020-01-30,IBM,-0.00079631805,0.0031913519,-0.002004683
2020-01-30,INTC,-0.025551379,0.004573822,-0.015615523
2020-01-30,MSFT,-0.011591613,0.0019081831,-0.029544413
2020-01-30,NKE,0.015520096,-0.0018420815,0.0014113188
2020-01-30,VZ,-0.0090663433,0.011214852,-0.011248529
2020-01-30,WMT,-0.0045762062,0.011907935,-0.01616168
2020-01-31,AAPL,0.025473952,-0.0065116286,-0.0059762001
2020-01-31,AMGN,-0.021235287,0.0067124367,-0.016330302
2020-01-31,CRM,0.013328314,0.022179484,-0.0005646348
2020-01-31,CSCO,0.021909714,-0.007515192,0.0027424097
2020-01-31,IBM,0.016976833,-0.0025439858,0.0097472668
2020-01-31,INTC,-0.027682602,0.012113214,-0.00064611435
2020-01-31,MSFT,-0.013701916,0.020444632,0.0029679537
2020-01-31,NKE,-0.019468665,0.0065094233,-0.026857078
2020-01-31,VZ,-0.0096076727,-0.005571425,0.010605931
2020-01-31,WMT,-0.022189617,0.0034191608,-0.013178766
2020-02-03,AAPL,-0.020003855,-0.0046435595,0.0013210773
2020-02-03,AMGN,0.029619932,0.00076055527,0.0055140257
2020-02-03,CRM,0.014081836,-0.00030958652,0.004963398
2020-02-03,CSCO,0.0055917501,-0.0022200942,0.0048731565
2020-02-03,IBM,-0.022359073,-0.0045536757,-0.017002702
2020-02-03,INTC,0.0065419674,0.017246127,-0.0068345666
2020-02-03,MSFT,-0.019198537,-0.0034270287,-0.021615565
2020-02-03,NKE,0.029782414,-0.014068663,-0.00079369545
2020-02-03,VZ,-0.00493747,0.0045882463,-0.012783945
2020-02-03,WMT,0.010911465,0.0081555843,0.012092471
2020-02-04,AAPL,-0.024326265,0.010919452,-0.027260959
2020-02-04,AMGN,0.026391625,0.0037059784,-0.0043221712
2020-02-04,CRM,0.011176109,0.01681447,-0.021475255
2020-02-04,CSCO,-0.024354219,0.00016236305,-0.021887541
2020-02-04,IBM,-0.0055562854,0.0097856522,-0.0011966228
2020-02-04,INTC,-0.021185219,-0.0041638017,-0.019154131
2020-02-04,MSFT,-0.0015414357,-0.0040742755,-0.0023338199
2020-02-04,NKE,0.014754653,0.017736316,-0.0031740665
2020-02-04,VZ,-0.00063055754,0.0094826221,-0.011328518
2020-02-04,WMT,-0.016823411,0.0028303862,0.011311293
2020-02-05,AAPL,0.0086013079,0.012159109,0.001678586
2020-02-05,AMGN,-0.018924594,6.7472458e-05,-0.019684315
2020-02-05,CRM,-0.038474143,0.006141901,-0.035754144
2020-02-05,CSCO,0.026918173,0.0003207922,-0.028240025
2020-02-05,IBM,0.0075848103,0.018155098,-0.014898598
2020-02-05,INTC,0.022937775,0.0021831989,-0.0059327483
2020-02-05,MSFT,-0.020206034,0.0060944557,-0.0056817532
2020-02-05,NKE,-0.013133526,0.0071475506,-0.0046004057
2020-02-05,VZ,-0.010992587,0.0055161715,-0.019777
2020-02-05,WMT,-0.0012554526,0.0068072081,0.00352633
2020-02-06,AAPL,-0.0098925233,0.011234879,-0.0022167563
2020-02-06,AMGN,0.006321907,0.023865104,-0.0037845373
2020-02-06,CRM,0.0071717501,0.013947606,-0.022462904
2020-02-06,CSCO,0.014671206,0.0059614182,-0.023195922
2020-02-06,IBM,0.0066626072,0.0017734766,0.015355945
2020-02-06,INTC,-0.027010679,-0.00089603662,-0.022072315
2020-02-06,MSFT,0.011170626,-0.0077147484,0.010398507
2020-02-06,NKE,-0.0039645433,0.019865155,-0.011849284
2020-02-06,VZ,0.0039987564,0.015363097,-0.0090690851
2020-02-06,WMT,0.0026490688,0.007827878,-0.0048609376
2020-02-07,AAPL,-0.044974029,0.013567686,0.0023312569
2020-02-07,AMGN,-0.0010951161,0.010834217,-0.005558908
2020-02-07,CRM,-0.013123035,-0.0025566816,-0.0076514482
2020-02-07,CSCO,-0.0053367615,-0.015628934,-0.020837843
2020-02-07,IBM,-0.0016563535,0.0089886189,-0.026592076
2020-02-07,INTC,-0.012530148,0.032939076,0.0016000271
2020-02-07,MSFT,-0.020149469,-0.012699068,-0.0011875033
2020-02-07,NKE,-0.015147746,0.012413502,-0.0073003769
2020-02-07,VZ,0.0041372776,0.0044665337,0.0024161339
2020-02-07,WMT,0.014313698,0.0042728186,-0.01023525
2020-02-10,AAPL,0.012709141,0.0039796829,-0.0071927905
2020-02-10,AMGN,-0.0036566257,0.02005446,-0.0061735511
2020-02-10,CRM,0.036137342,0.0072243214,0.00065076351
2020-02-10,CSCO,0.0022156239,0.0091729164,-0.010176301
2020-02-10,IBM,0.0047267675,0.020554662,-0.00021958351
2020-02-10,INTC,0.0059845448,0.0094081163,-0.02425611
2020-02-10,MSFT,-0.014863312,0.013240814,-0.0084825158
2020-02-10,NKE,-0.0027394891,0.016360402,0.014900208
2020-02-10,VZ,0.0029765368,0.0090711117,-0.01284498
2020-02-10,WMT,0.0060539246,-0.0046738982,0.00066006184
2020-02-11,AAPL,0.030829787,-0.0088423491,-0.0061419606
2020-02-11,AMGN,-0.0036447644,0.012370467,-0.018842518
2020-02-11,CRM,-0.028132081,0.022291541,-0.017933786
2020-02-11,CSCO,-0.0059359074,0.017866135,-0.011143208
2020-02-11,IBM,-0.0079742074,-0.0035105348,-0.011875987
2020-02-11,INTC,0.021296382,-0.0010516644,-0.0074899197
2020-02-11,MSFT,-0.016460717,-0.0022230744,-0.0020693541
2020-02-11,NKE,-0.015772343,-0.0024225712,-0.010477841
2020-02-11,VZ,-0.0070705414,-0.00092875957,0.011177063
2020-02-11,WMT,-0.014778376,0.018498302,0.0037355423
2020-02-12,AAPL,0.031813622,0.0061583519,-0.016941726
2020-02-12,AMGN,-0.030513644,0.011677504,-0.01740098
2020-02-12,CRM,-0.032044351,0.015578389,-0.018179238
2020-02-12,CSCO,-0.0097100139,0.011623263,-0.0042301416
2020-02-12,IBM,-0.0063241124,0.0034719706,-0.0072471499
2020-02-12,INTC,0.019117951,0.011962414,-0.00086086988
2020-02-12,MSFT,0.0066738129,0.0065401793,-0.009855926
2020-02-12,NKE,-0.008546412,0.02556777,-0.0072911978
2020-02-12,VZ,0.0068866014,-0.010742366,-0.012666881
2020-02-12,WMT,-0.0055692196,0.014957905,-0.013680696
2020-02-13,AAPL,0.0045294762,0.0057098866,-0.014076591
2020-02-13,AMGN,-0.017304718,0.015019178,0.00098407269
2020-02-13,CRM,-0.034682512,-0.004864037,-0.027103722
2020-02-13,CSCO,-0.010093391,0.014635086,-0.016496599
2020-02-13,IBM,-0.0027338862,0.0038280487,0.0022578239
2020-02-13,INTC,0.012431502,-0.0031301975,-0.00013136864
2020-02-13,MSFT,0.014478564,-0.0003362298,-0.020460486
2020-02-13,NKE,0.0096968412,0.014476538,-0.015360296
2020-02-13,VZ,0.0014950037,0.024470329,0.011311173
2020-02-13,WMT,-0.0044571161,0.015610099,-0.022892952
2020-02-14,AAPL,0.023105621,-0.0068362951,-0.018554926
2020-02-14,AMGN,-0.0062958598,0.01360023,-0.022176504
2020-02-14,CRM,0.0017613173,0.0064350367,-0.001747787
2020-02-14,CSCO,-0.024717033,0.010096431,-0.0092319846
2020-02-14,IBM,-0.029024899,0.013477564,-0.0090856552
2020-02-14,INTC,0.01791358,0.010118246,-0.014597356
2020-02-14,MSFT,-0.019242585,0.0059219599,-0.0066676736
2020-02-14,NKE,0.012930512,0.005751133,0.00025975704
2020-02-14,VZ,-0.0018367767,0.0055267811,-0.00076949596
2020-02-14,WMT,-0.01894623,0.0066899061,0.0001424551
2020-02-18,AAPL,0.026285529,0.013014913,-0.027698874
2020-02-18,AMGN,-0.0039955974,0.0076259375,-0.0035313368
2020-02-18,CRM,0.014408827,0.001767993,-0.015941679
2020-02-18,CSCO,-0.012201011,-0.011716306,0.0089168549
2020-02-18,IBM,0.0099408627,0.0045492649,-0.00012266636
2020-02-18,INTC,-0.0024217367,0.016820431,-0.015755236
2020-02-18,MSFT,-0.0041989684,0.029857278,0.00044214725
2020-02-18,NKE,0.020609021,-0.015537381,-0.012397408
2020-02-18,VZ,0.0065733194,0.01237464,-0.0092075467
2020-02-18,WMT,0.0028221607,0.0028972626,-0.0041330457
2020-02-19,AAPL,-0.0049709082,0.0051271915,-0.011903405
2020-02-19,AMGN,-0.023110807,0.0095534325,-0.025899649
2020-02-19,CRM,-0.016713202,-0.010436356,-0.039127052
2020-02-19,CSCO,0.0088429451,0.0091897249,0.0055655241
2020-02-19,IBM,0.014402032,0.0064543486,-0.0020748377
2020-02-19,INTC,-0.0012354255,0.036680341,0.0015207529
2020-02-19,MSFT,0.0043458939,0.0031274557,-0.0050757527
2020-02-19,NKE,-0.022069335,0.0081852674,-0.010104954
2020-02-19,VZ,-0.0031116605,0.010166049,-0.0067843795
2020-02-19,WMT,-0.018379807,-0.0027502775,-0.0039528012
2020-02-20,AAPL,-0.034299374,0.018102407,-0.013036907
2020-02-20,AMGN,0.0056790113,0.023162842,-0.031195283
2020-02-20,CRM,-0.015542686,-0.024724126,-0.0053748488
2020-02-20,CSCO,-0.033564508,0.012210011,-0.010620475
2020-02-20,IBM,-0.013282716,0.008825779,0.0089417696
2020-02-20,INTC,0.029852748,0.0050913095,0.0098814964
2020-02-20,MSFT,-0.0012977719,0.0050237179,-0.018919289
2020-02-20,NKE,-0.02081883,-0.0017743707,-0.0040820241
2020-02-20,VZ,-0.0055216551,0.018058062,-0.0124138
2020-02-20,WMT,-0.033433318,0.0020313263,-0.003875196
2020-02-21,AAPL,-0.022286236,0.027874708,-0.011385798
2020-02-21,AMGN,-0.02472198,0.010491252,0.015306354
2020-02-21,CRM,0.0099444389,0.014021873,-0.02191931
2020-02-21,CSCO,-0.0094406605,-0.0032125711,-0.0044754148
2020-02-21,IBM,0.0013312101,0.013908029,-0.0082432628
2020-02-21,INTC,-0.0041413903,0.0080049038,-0.025342524
2020-02-21,MSFT,0.0064251423,-0.0069631338,-0.0040333867
2020-02-21,NKE,0.012669325,0.013634682,0.0034395456
2020-02-21,VZ,-0.0061852336,0.011412382,0.0010610819
2020-02-21,WMT,0.0060989857,-0.00011265278,-0.003384769
2020-02-24,AAPL,0.021189332,0.0056343079,-0.0045230389
2020-02-24,AMGN,0.0086843967,0.014584064,-0.015390038
2020-02-24,CRM,0.01125896,0.044743896,-0.01983273
2020-02-24,CSCO,-0.02065593,3.9935112e-05,-0.0052893758
2020-02-24,IBM,0.0032446384,0.0044157505,0.0031583309
2020-02-24,INTC,-0.010820806,0.0095809698,0.0011979342
2020-02-24,MSFT,0.0011975765,0.0018365383,-0.011401474
2020-02-24,NKE,-0.025701582,0.010052204,-0.019500732
2020-02-24,VZ,0.00016772747,0.0089234114,-0.014451206
2020-02-24,WMT,-0.019106209,0.015047908,0.0014208555
2020-02-25,AAPL,-0.0023972392,0.0094840527,-0.0016612411
2020-02-25,AMGN,-0.027142882,0.0091487169,-0.010337532
2020-02-25,CRM,0.0090737343,0.010270476,0.021729112
2020-02-25,CSCO,-0.012049854,0.021270394,-0.016356289
2020-02-25,IBM,0.0012595654,0.0087573528,0.0012708902
2020-02-25,INTC,0.0022579432,0.010337114,-0.013140023
2020-02-25,MSFT,0.028310895,-0.0026795268,-0.021615088
2020-02-25,NKE,-0.014526129,-0.0038282275,-0.0038968921
2020-02-25,VZ,0.0036001205,-0.001643002,-0.013777792
2020-02-25,WMT,0.0027214289,0.0070362091,0.001816988
2020-02-26,AAPL,-0.0044330359,0.010939956,-0.0079405308
2020-02-26,AMGN,0.023728251,0.013450027,-0.00116992
2020-02-26,CRM,-0.03188473,0.0013605356,-0.02510643
2020-02-26,CSCO,0.0098938942,-0.015410304,0.0034565926
2020-02-26,IBM,0.011820436,0.012850404,-0.011759162
2020-02-26,INTC,0.0070044994,-0.005238533,0.0061587095
2020-02-26,MSFT,-0.0095592141,0.0096313953,-0.00075310469
2020-02-26,NKE,-0.030057311,0.013354421,-0.012024164
2020-02-26,VZ,-0.0091654062,0.010275602,-0.016985357
2020-02-26,WMT,-0.0084417462,0.0071296692,-0.011670768
2020-02-27,AAPL,-0.0075616837,-0.0024186969,-0.020738721
2020-02-27,AMGN,0.002850771,0.01127696,-0.014041185
2020-02-27,CRM,-0.020082831,0.0026859045,0.013415575
2020-02-27,CSCO,0.012084126,0.0020794868,-0.013932586
2020-02-27,IBM,0.013925076,0.01305151,-0.0072473288
2020-02-27,INTC,0.0012459755,0.0080690384,-0.0042339563
2020-02-27,MSFT,-0.020207644,0.0066338778,-0.0044074655
2020-02-27,NKE,-0.012601793,0.0096007586,-0.013329208
2020-02-27,VZ,-0.0088187456,0.011704564,-0.01625216
2020-02-27,WMT,-0.010121047,0.0099270344,0.006914854
2020-02-28,AAPL,-0.0099083185,0.022040367,-0.0011537075
2020-02-28,AMGN,-0.00029152632,0.0022413731,-0.0050879717
2020-02-28,CRM,-0.027147293,0.010767221,-0.034429848
2020-02-28,CSCO,0.022791505,0.0065226555,0.0045701265
2020-02-28,IBM,-0.035558701,-0.0013576746,-0.0084064603
2020-02-28,INTC,0.019679189,-0.0076325536,-0.0094926953
2020-02-28,MSFT,-0.014841437,-0.0017126203,-0.0016843081
2020-02-28,NKE,0.0034357309,-0.0024467707,0.0024666786
2020-02-28,VZ,-0.0073535442,0.0054476261,0.011400461
2020-02-28,WMT,-0.0086032152,0.018558502,-0.017249703
2020-03-02,AAPL,-0.0078564286,0.0035476685,-0.020188808
2020-03-02,AMGN,-0.025508165,0.022099733,-0.022251427
2020-03-02,CRM,-0.0018339753,-0.007053256,-0.011354446
2020-03-02,CSCO,-0.0065345168,-0.00054228306,-0.0053483844
2020-03-02,IBM,-0.0032939911,0.00604105,-0.0072139502
2020-03-02,INTC,0.015145779,0.022530317,-0.022499084
2020-03-02,MSFT,0.011704206,-0.0037936568,0.0027291775
2020-03-02,NKE,0.0021351576,0.0079433918,-0.0095683932
2020-03-02,VZ,-0.027517915,0.016435146,-0.020126045
2020-03-02,WMT,-0.0048878789,0.015561223,-0.001136601
2020-03-03,AAPL,0.0057637691,-0.009616971,-0.022815824
2020-03-03,AMGN,0.021585584,0.022976518,-0.020105302
2020-03-03,CRM,-0.023111403,0.0036240816,-0.0041196942
2020-03-03,CSCO,0.00067102909,-0.0005351305,-0.016721249
2020-03-03,IBM,-0.028909087,0.010171533,-0.015819073
2020-03-03,INTC,-0.026535571,0.0047472715,0.014932871
2020-03-03,MSFT,0.0075252056,-0.008371532,-0.0075623989
2020-03-03,NKE,0.00018811226,0.034308076,-0.011520863
2020-03-03,VZ,0.016570568,0.014506459,-0.018685997
2020-03-03,WMT,-0.014605522,0.012642622,-0.013347268
2020-03-04,AAPL,-0.016087949,0.033042073,0.022793531
2020-03-04,AMGN,0.032922506,0.010561228,-0.014104128
2020-03-04,CRM,-0.026622772,-0.017925978,-0.0024682283
2020-03-04,CSCO,0.018607497,-0.0033487678,-0.0042593479
2020-03-04,IBM,0.013618946,0.0074845552,-0.0036152005
2020-03-04,INTC,-0.015971482,0.024592161,-0.0016046166
2020-03-04,MSFT,0.016546726,0.024574995,-0.015992284
2020-03-04,NKE,0.0035758018,-0.0087558627,0.01155448
2020-03-04,VZ,-0.00037562847,0.01051712,0.00041675568
2020-03-04,WMT,0.00083482265,0.0058118105,-0.0040405989
2020-03-05,AAPL,-0.0094430447,-0.003919363,-0.0051617622
2020-03-05,AMGN,-0.0032058954,0.016011953,-0.036461115
2020-03-05,CRM,-0.048434675,-0.0050678849,-0.00066655874
2020-03-05,CSCO,0.013198256,0.0060173273,-0.016536772
2020-03-05,IBM,0.015390396,0.010141373,-0.018445969
2020-03-05,INTC,0.010992408,0.023817897,-0.024079621
2020-03-05,MSFT,-0.026299655,-0.0011191368,-0.0063284636
2020-03-05,NKE,-0.0036228895,0.024697781,0.019575953
2020-03-05,VZ,-0.021178782,-0.0073162913,-0.0082746148
2020-03-05,WMT,-0.0099158883,0.0010185242,-0.0032881498
2020-03-06,AAPL,-0.016985834,-0.0020813346,-0.0011328459
2020-03-06,AMGN,-0.011616468,0.0091743469,-0.021283746
2020-03-06,CRM,-0.03817755,0.014508486,-0.0343768
2020-03-06,CSCO,-0.0044787526,0.0090430975,0.0077875853
2020-03-06,IBM,-0.026205659,0.021588922,0.013263106
2020-03-06,INTC,0.0033755302,-0.0042033195,-0.031104743
2020-03-06,MSFT,-0.016066909,0.027670383,-0.015860617
2020-03-06,NKE,-0.010123909,0.021746278,0.00031781197
2020-03-06,VZ,-0.010259986,0.018474698,-0.0097241402
2020-03-06,WMT,0.0073662996,0.0093178749,-0.024415553
2020-03-09,AAPL,-0.029082417,0.014364004,-0.012376726
2020-03-09,AMGN,0.0067436695,0.0082663298,-0.019262969
2020-03-09,CRM,0.0042763948,0.0098749399,-0.017061949
2020-03-09,CSCO,-0.0030943751,0.016113639,-0.0050551891
2020-03-09,IBM,-0.0041271448,0.014442444,-0.013914526
2020-03-09,INTC,-0.023259461,0.0022344589,-0.0010334849
2020-03-09,MSFT,0.017445683,-0.0064923763,-0.026182294
2020-03-09,NKE,0.00019538403,0.0011267662,0.001715064
2020-03-09,VZ,-0.0073986053,0.014123321,-0.0049894452
2020-03-09,WMT,-0.021000385,0.014018893,-0.013814092
2020-03-10,AAPL,0.0085183382,0.024154544,-0.0091353059
2020-03-10,AMGN,0.019077539,0.032514572,-0.015887082
2020-03-10,CRM,-0.0094066262,0.016942859,-0.013002276
2020-03-10,CSCO,0.0051871538,-0.0035957694,-0.0087016821
2020-03-10,IBM,-0.011977434,0.023725629,-0.0021897554
2020-03-10,INTC,0.0046021938,0.0099892616,-0.015556157
2020-03-10,MSFT,0.019727826,0.019255042,0.0050479174
2020-03-10,NKE,0.0083556175,0.0086724758,-0.0036761761
2020-03-10,VZ,-0.041908085,0.024629712,-0.0043135285
2020-03-10,WMT,0.0092972517,0.0045249462,-0.01951474
2020-03-11,AAPL,-0.015303433,0.031127572,-0.017784297
2020-03-11,AMGN,-0.0063875318,0.025213003,-0.015397012
2020-03-11,CRM,-0.0043658614,0.012785196,-0.035653949
2020-03-11,CSCO,0.02305162,0.018945813,-0.013919771
2020-03-11,IBM,-0.0045645833,0.013539314,-0.0055223703
2020-03-11,INTC,0.024280429,0.0086349249,-0.022798002
2020-03-11,MSFT,0.020179033,0.0025171041,-0.012632728
2020-03-11,NKE,-0.0084059834,0.014420271,-0.01579541
2020-03-11,VZ,-0.01920563,0.020599127,-0.0082634091
2020-03-11,WMT,0.0076531172,-0.0029135346,-0.019715309
2020-03-12,AAPL,-0.01206857,0.022816539,-0.028358519
2020-03-12,AMGN,-0.0075798631,-0.0029304028,-0.010823667
2020-03-12,CRM,-0.044794261,0.00054419041,-0.03913784
2020-03-12,CSCO,0.022302032,0.0056511164,-0.0064412355
2020-03-12,IBM,-0.025733232,-0.00022286177,0.0047610998
2020-03-12,INTC,0.00048875809,0.0034835339,-0.012512267
2020-03-12,MSFT,-0.015864432,-0.0056585073,-0.034357369
2020-03-12,NKE,-0.01171875,0.0067549944,0.013043284
2020-03-12,VZ,-0.019314289,0.020173788,-0.029732466
2020-03-12,WMT,-0.009744823,0.012130737,-0.019617379
2020-03-13,AAPL,-0.0038225651,0.011805892,-0.011443794
2020-03-13,AMGN,-0.0051513314,0.022793293,-0.013162434
2020-03-13,CRM,0.00081169605,0.017273188,-0.0063026547
2020-03-13,CSCO,-0.0062651038,-0.0022832155,-0.009729147
2020-03-13,IBM,-0.018630624,0.003888011,-0.0014576316
2020-03-13,INTC,-0.010405838,0.0025452375,-0.028178513
2020-03-13,MSFT,-0.043312967,0.010348678,-0.027401924
2020-03-13,NKE,0.0045136213,0.012184858,-0.03325361
2020-03-13,VZ,0.0097147226,0.014299512,-0.016400635
2020-03-13,WMT,0.0068837404,-0.00062865019,0.007111311
2020-03-16,AAPL,0.032729626,0.018458962,-0.0035476685
2020-03-16,AMGN,-0.026140809,0.0059456825,-0.007111907
2020-03-16,CRM,-0.03771311,0.034386516,-0.017731786
2020-03-16,CSCO,0.025541425,0.013428926,-0.01470077
2020-03-16,IBM,0.0061722994,0.0054364204,0.0020340681
2020-03-16,INTC,-0.010937154,0.009119153,0.012331367
2020-03-16,MSFT,0.0085010529,-0.0023385882,-0.015463114
2020-03-16,NKE,-0.020230234,-0.0035439134,-0.035597265
2020-03-16,VZ,0.011518359,0.01936233,-0.01331985
2020-03-16,WMT,-0.0053816438,0.008135438,-0.0021187067
2020-03-17,AAPL,0.038789988,0.022513509,-0.011636972
2020-03-17,AMGN,-0.014894366,0.016064644,0.0042945147
2020-03-17,CRM,0.049764037,0.038992643,-0.015399635
2020-03-17,CSCO,0.00036501884,0.010038495,-0.0089929104
2020-03-17,IBM,-0.027986765,0.00079715252,-0.019236982
2020-03-17,INTC,0.017477155,0.0065027475,-0.0073468685
2020-03-17,MSFT,0.0029748678,0.0041078329,-0.0061122179
2020-03-17,NKE,-0.0040475726,0.0085482597,-0.010309517
2020-03-17,VZ,-0.01003027,0.0074393749,-0.019862294
2020-03-17,WMT,-0.0015340447,0.016832471,-0.011383057
2020-03-18,AAPL,-0.017061412,0.026042938,0.0036582947
2020-03-18,AMGN,-0.025660396,0.0072617531,-0.01281929
2020-03-18,CRM,-0.011765778,-0.0036468506,0.0060039759
2020-03-18,CSCO,-0.0007866025,0.00032234192,-0.0062605143
2020-03-18,IBM,-0.0028378367,0.0086464882,-0.017968655
2020-03-18,INTC,0.0060241222,0.0035176277,-0.014555454
2020-03-18,MSFT,-0.0078628063,0.019993544,0.0075057745
2020-03-18,NKE,-0.019405663,0.01483655,-0.02693212
2020-03-18,VZ,-0.028876066,-0.0092990994,0.0094596148
2020-03-18,WMT,0.012113929,0.023998499,-0.014030933
2020-03-19,AAPL,-0.0015942454,0.012084723,-0.039481342
2020-03-19,AMGN,0.021181107,0.0083028078,-0.014856577
2020-03-19,CRM,-0.043496728,0.024114132,-0.0022631288
2020-03-19,CSCO,0.00096714497,0.027852774,-0.0062294006
2020-03-19,IBM,0.00035071373,0.022181153,-0.019069493
2020-03-19,INTC,0.016293645,0.012551546,-0.030120671
2020-03-19,MSFT,0.013374567,0.007439971,-0.013591766
2020-03-19,NKE,-0.013012588,0.011492372,-0.0162853
2020-03-19,VZ,0.0041844845,0.004779458,-0.013078809
2020-03-19,WMT,-0.012424946,0.005576849,-0.024908066
2020-03-20,AAPL,-0.021061957,-0.0061326623,-0.011455953
2020-03-20,AMGN,0.00042724609,0.027749062,-0.025097549
2020-03-20,CRM,0.01577282,0.006349206,-0.0212093
2020-03-20,CSCO,-0.015856206,-0.013136744,0.0075109005
2020-03-20,IBM,-0.012967646,0.0001424551,-0.016419053
2020-03-20,INTC,-0.044897377,0.019387007,-0.0064294338
2020-03-20,MSFT,-0.025078893,0.015561223,-0.015690684
2020-03-20,NKE,-0.005574286,0.0087145567,-0.023442864
2020-03-20,VZ,-0.00024735928,0.011996508,0.0063170195
2020-03-20,WMT,-0.014765799,0.012652278,-0.0047698021
2020-03-23,AAPL,0.020945191,0.015163183,-0.0090824366
2020-03-23,AMGN,-0.03288275,0.025942206,0.0020110607
2020-03-23,CRM,-0.02255708,0.0062198639,-0.002830863
2020-03-23,CSCO,-0.0026749969,0.018985152,-0.0063461661
2020-03-23,IBM,-0.018108487,0.020101666,-0.013533413
2020-03-23,INTC,-0.0092996955,-0.0034068227,-0.0321455
2020-03-23,MSFT,-0.034709752,0.0086525679,0.0082805157
2020-03-23,NKE,0.0095615387,-0.0045198798,-0.0039274096
2020-03-23,VZ,0.0032773018,0.008844018,0.0023105145
2020-03-23,WMT,-0.0083195567,0.019283056,-0.0029735565
2020-03-24,AAPL,0.0063977242,0.023828626,-0.036823809
2020-03-24,AMGN,-0.045045257,0.036982894,-0.0084312558
2020-03-24,CRM,0.047817349,0.029624581,-0.019013941
2020-03-24,CSCO,0.0007609129,0.024259686,-0.0049994588
2020-03-24,IBM,0.0072594881,-0.0013258457,0.00017762184
2020-03-24,INTC,-0.029568076,0.027595639,-0.029632449
2020-03-24,MSFT,0.035437465,0.023419738,-0.0096168518
2020-03-24,NKE,0.00043106079,0.013534188,0.0040699244
2020-03-24,VZ,-0.0066877604,0.015198946,0.015328646
2020-03-24,WMT,-0.029002488,0.01147306,0.013729215
2020-03-25,AAPL,0.013462663,-0.0085359216,-0.0046544075
2020-03-25,AMGN,0.0026967525,0.0069488287,0.0087300539
2020-03-25,CRM,-0.058241844,0.018027663,0.0041840076
2020-03-25,CSCO,-0.0054587126,-0.011104286,-0.014847755
2020-03-25,IBM,-0.012996197,0.0072249174,0.0012595654
2020-03-25,INTC,0.026157856,0.016450524,-0.017965436
2020-03-25,MSFT,0.025241971,0.0092121363,-0.011128604
2020-03-25,NKE,-0.0030798912,0.012572169,0.002566576
2020-03-25,VZ,0.0082709789,0.0089080334,0.0037019253
2020-03-25,WMT,0.0036103725,0.0023688078,0.00095367432
2020-03-26,AAPL,0.012767076,0.014496803,-0.0059117079
2020-03-26,AMGN,-0.015534222,0.012256026,-0.01494813
2020-03-26,CRM,-0.013814092,0.0056735277,0.0017939806
2020-03-26,CSCO,0.0068687201,0.0059093237,-0.037753582
2020-03-26,IBM,0.0013152361,0.00043642521,-0.0085743666
2020-03-26,INTC,0.0061842203,0.031523466,-0.01615268
2020-03-26,MSFT,0.011973739,0.014228463,-0.010094225
2020-03-26,NKE,-0.0014429092,0.0068515539,-0.0033333302
2020-03-26,VZ,0.0088169575,0.011739492,-0.012415349
2020-03-26,WMT,-0.0068109035,0.0014714003,-0.0049831271
2020-03-27,AAPL,-0.010163188,0.011374712,-0.01568228
2020-03-27,AMGN,0.030032992,0.019437909,-0.034199774
2020-03-27,CRM,-0.013716936,-0.013105571,-0.016019881
2020-03-27,CSCO,0.0042902231,0.027134776,-0.014754593
2020-03-27,IBM,0.0033119917,0.0078575611,-0.01046747
2020-03-27,INTC,0.0099829435,0.0059324503,-0.0026572347
2020-03-27,MSFT,-0.019513726,0.012553692,-2.4020672e-05
2020-03-27,NKE,-0.0014563203,0.0076396465,-0.0053990483
2020-03-27,VZ,0.011519074,-0.0039838552,0.010868788
2020-03-27,WMT,-0.0010236502,0.01647079,-0.015459836
2020-03-30,AAPL,-0.011458695,-0.012155592,-0.011474848
2020-03-30,AMGN,-0.0053385496,0.015139222,-0.020297229
2020-03-30,CRM,-0.038754404,0.01932919,-0.034173131
2020-03-30,CSCO,0.032499552,0.017288566,0.0026921034
2020-03-30,IBM,-0.012766838,0.010934114,-0.012386024
2020-03-30,INTC,0.039201379,-0.0066414475,-0.011388242
2020-03-30,MSFT,-0.0035693645,0.019628882,-0.0021737218
2020-03-30,NKE,0.0038685799,0.017933249,0.0012751818
2020-03-30,VZ,-0.020823121,0.0088435411,0.0045516491
2020-03-30,WMT,0.0055719614,0.014321089,-0.016742051
2020-03-31,AAPL,0.011127234,0.0097813606,-0.033466697
2020-03-31,AMGN,-0.028171182,0.014869452,-0.0066414475
2020-03-31,CRM,0.015758276,0.0214113,-0.036522329
2020-03-31,CSCO,-0.00043648481,0.022065997,0.01050663
2020-03-31,IBM,0.0083770752,0.0016087294,-0.013190687
2020-03-31,INTC,-0.0025506616,0.012525201,-0.016506732
2020-03-31,MSFT,0.023260832,0.014250398,-0.014907062
2020-03-31,NKE,0.005215764,0.0040019751,0.0006313324
2020-03-31,VZ,-0.00976336,0.010800004,-0.0035459995
2020-03-31,WMT,0.0071430206,0.02422595,-0.018186033
2020-04-01,AAPL,-0.012604952,0.018558145,-0.0010799766
2020-04-01,AMGN,-0.0084473491,0.002223134,-0.018269956
2020-04-01,CRM,-0.026927233,0.014976501,-0.050338387
2020-04-01,CSCO,-0.025062501,0.010193586,-0.0072496533
2020-04-01,IBM,0.018122554,0.0097013712,-0.00072437525
2020-04-01,INTC,-0.014011204,0.0032049417,-0.0094014406
2020-04-01,MSFT,0.010622859,0.0093497038,-0.00049197674
2020-04-01,NKE,-0.014552832,0.0067470074,-0.019604266
2020-04-01,VZ,-0.012637019,0.01510334,-0.020940661
2020-04-01,WMT,-0.033351362,0.0054180622,-0.00015920401
2020-04-02,AAPL,-0.027219653,0.023818374,-0.036954165
2020-04-02,AMGN,0.0081263781,-0.0015730858,-0.023666501
2020-04-02,CRM,0.020257235,0.023889303,-0.014880598
2020-04-02,CSCO,0.020853758,0.010075569,-0.0048898458
2020-04-02,IBM,0.0053985119,0.014067292,-0.016868711
2020-04-02,INTC,0.016355991,0.0078197718,-0.037698209
2020-04-02,MSFT,-0.010224164,0.032792926,0.001963377
2020-04-02,NKE,-0.011205912,0.014003158,-0.026075065
2020-04-02,VZ,-0.0060604215,0.0021647215,-0.024278641
2020-04-02,WMT,0.044431329,0.01362586,-0.0013426542
2020-04-03,AAPL,0.039952397,-0.00030755997,-0.028486252
2020-04-03,AMGN,-0.0053511262,0.025694728,-0.0097156763
2020-04-03,CRM,-0.046300709,0.024919271,-0.0229792
2020-04-03,CSCO,-0.0069773793,0.030501962,-0.019754529
2020-04-03,IBM,-0.017951488,0.019817233,-0.018704236
2020-04-03,INTC,0.029061913,0.041526914,-0.017654479
2020-04-03,MSFT,-0.0245713,0.021946311,-0.0096419454
2020-04-03,NKE,-0.021596551,0.038548112,-0.02998054
2020-04-03,VZ,-0.0081928372,0.014951229,-0.013852656
2020-04-03,WMT,-0.011271238,0.021534443,-0.016017675
2020-04-06,AAPL,-0.047919273,0.01143229,-0.013344824
2020-04-06,AMGN,1.5258789e-05,0.023115993,-0.010140598
2020-04-06,CRM,-0.028863072,0.029632807,-0.027643621
2020-04-06,CSCO,-0.0093721747,0.0096706152,-0.036039591
2020-04-06,IBM,0.003112793,0.0075951815,-0.01455158
2020-04-06,INTC,0.012538195,0.017732024,-0.019129515
2020-04-06,MSFT,-0.013481796,0.002524972,-0.012599051
2020-04-06,NKE,0.0076526403,0.01440382,-0.022437692
2020-04-06,VZ,-0.00033509731,0.010451913,0.00073564053
2020-04-06,WMT,-0.016487062,0.0095299482,-0.016236484
2020-04-07,AAPL,0.0400635,0.022097468,-0.018079579
2020-04-07,AMGN,0.012342691,0.027020812,-0.017376602
2020-04-07,CRM,0.024898767,0.015400887,-0.029456437
2020-04-07,CSCO,0.0088381767,0.028962493,-0.015505493
2020-04-07,IBM,0.030057907,0.012288332,-0.012111247
2020-04-07,INTC,-0.021449685,0.0086615086,-0.017921269
2020-04-07,MSFT,-0.0016831756,0.019168615,0.00055074692
2020-04-07,NKE,-0.020075917,0.0064864159,-0.0050836802
2020-04-07,VZ,0.010371685,0.0077092648,-0.014856696
2020-04-07,WMT,0.0075762272,0.012921929,-0.0059162974
2020-04-08,AAPL,-0.019227743,0.0028142929,-0.011949062
2020-04-08,AMGN,0.0074928999,0.0076076984,-0.029806793
2020-04-08,CRM,-0.044265151,0.03500545,-0.00023657084
2020-04-08,CSCO,0.0083417892,0.019601226,-0.0011306405
2020-04-08,IBM,-0.030235648,0.012035131,-0.016968966
2020-04-08,INTC,0.03161931,0.021097302,-0.026465714
2020-04-08,MSFT,0.012709141,0.015272379,-0.013599694
2020-04-08,NKE,-0.032243192,0.020264506,-0.0017770529
2020-04-08,VZ,0.0058569908,0.011834025,-0.01068908
2020-04-08,WMT,0.013910651,0.0039489269,-0.02498889
2020-04-09,AAPL,-0.010614932,0.023317933,-0.020991147
2020-04-09,AMGN,0.0036264658,0.0074087381,-0.0060783029
2020-04-09,CRM,-0.0060657263,0.021103859,-0.0014648438
2020-04-09,CSCO,0.0099074841,0.021342039,-0.019325912
2020-04-09,IBM,0.004647851,0.0026683807,-0.009612143
2020-04-09,INTC,-0.022918403,0.018045902,-0.032648981
2020-04-09,MSFT,0.031935215,0.014227271,-0.0061219931
2020-04-09,NKE,-0.014667213,0.021610379,-0.010532141
2020-04-09,VZ,-0.0089008808,0.015641809,-0.0078406334
2020-04-09,WMT,-0.004096806,0.017220497,-0.012066841
2020-04-13,AAPL,0.0043342113,0.0084704161,-0.012752593
2020-04-13,AMGN,0.016909719,0.02401042,-0.0098050833
2020-04-13,CRM,0.017451882,-0.0030851364,-0.017610312
2020-04-13,CSCO,-0.035203397,0.002263546,-0.0060629845
2020-04-13,IBM,-0.016589999,0.022385001,-0.016943336
2020-04-13,INTC,0.009367466,0.016800284,-0.0020785332
2020-04-13,MSFT,-0.023130357,0.00014126301,0.0023260117
2020-04-13,NKE,0.0053499937,0.022573829,-0.017363906
2020-04-13,VZ,0.0031629801,0.01208508,-0.015791714
2020-04-13,WMT,0.0058410168,0.016076684,-0.011588097
2020-04-14,AAPL,-0.0032092333,0.013239264,-0.0089689493
2020-04-14,AMGN,-0.011435986,0.0038559437,-0.020528018
2020-04-14,CRM,0.013829112,-0.0033913851,-0.015034199
2020-04-14,CSCO,0.012172461,0.021540403,0.0030910969
2020-04-14,IBM,-0.014422238,0.011223316,-0.0068393946
2020-04-14,INTC,0.00052797794,0.021383524,-0.017071664
2020-04-14,MSFT,-0.010418594,-5.9485435e-05,0.004357338
2020-04-14,NKE,-0.012456298,0.020858645,-0.014920533
2020-04-14,VZ,-0.0056498647,0.017146707,0.00037455559
2020-04-14,WMT,-0.018767178,0.00087308884,-0.0098850727
2020-04-15,AAPL,-0.01231426,0.012921453,-0.014960885
2020-04-15,AMGN,-0.017239511,0.017321706,-0.014830112
2020-04-15,CRM,-0.032532871,0.0051127672,-0.0096706152
2020-04-15,CSCO,-0.011852801,0.016752839,-0.020101368
2020-04-15,IBM,-0.0052698255,-0.0019613504,-0.019269705
2020-04-15,INTC,-0.011755347,0.0075399876,-0.026556671
2020-04-15,MSFT,-0.01275605,0.0058826208,0.0027556419
2020-04-15,NKE,0.01241827,0.016449094,-0.027658343
2020-04-15,VZ,0.0018543005,0.028655529,-0.011370897
2020-04-15,WMT,-0.012495637,0.004653573,-0.011707842
2020-04-16,AAPL,-0.0057284832,0.0030909777,-0.032051146
2020-04-16,AMGN,-0.019650757,0.0063984394,-0.012479782
2020-04-16,CRM,-0.0080774426,0.0037907362,-0.0099818707
2020-04-16,CSCO,-0.0035329461,0.0077013969,-0.018757343
2020-04-16,IBM,0.00092303753,0.014335036,-0.013862789
2020-04-16,INTC,-0.021032095,0.0078948736,0.00010311604
2020-04-16,MSFT,-0.0044960976,0.017845869,-0.032150686
2020-04-16,NKE,-0.011631429,0.023215055,-0.0086801052
2020-04-16,VZ,-0.024534523,0.021066189,-0.024871051
2020-04-16,WMT,0.0047816038,0.0054711103,-0.0037546754
2020-04-17,AAPL,-0.0091958046,0.013403893,-0.013285756
2020-04-17,AMGN,0.0062971115,0.0022614002,-0.0068422556
2020-04-17,CRM,0.019394279,0.019813538,-0.015551448
2020-04-17,CSCO,0.0092778206,-0.0088424087,-0.015161812
2020-04-17,IBM,-0.028567195,0.01568985,-0.021666348
2020-04-17,INTC,-0.04214859,0.010104418,-0.028231323
2020-04-17,MSFT,-0.022317529,0.013848782,-0.016445577
2020-04-17,NKE,-0.043106318,0.0071547031,-0.010357559
2020-04-17,VZ,-0.01242286,-0.0041527152,0.0083030462
2020-04-17,WMT,0.0026773214,0.008493185,-0.011708498
2020-04-20,AAPL,0.0011473894,0.019121289,-0.016943336
2020-04-20,AMGN,2.9921532e-05,0.017876744,-0.010214031
2020-04-20,CRM,-0.012039542,0.039931655,-0.0026108027
2020-04-20,CSCO,-0.0043987036,0.023372293,-0.0066526532
2020-04-20,IBM,-3.1650066e-05,0.0092657804,-0.0067488551
2020-04-20,INTC,0.0049659014,0.02784133,0.0002450943
2020-04-20,MSFT,-0.00601089,0.012581944,-0.015119016
2020-04-20,NKE,-0.017888069,-0.010772347,-0.012838244
2020-04-20,VZ,-0.00015258789,0.0052192211,-0.027047098
2020-04-20,WMT,0.01973772,0.0021066666,-0.0036070347
2020-04-21,AAPL,0.027625442,-0.0010426641,-0.0256657
2020-04-21,AMGN,-0.035305023,0.024042249,0.005289793
2020-04-21,CRM,0.044540405,0.022878766,0.0079849958
2020-04-21,CSCO,-0.0063427687,-0.00071597099,0.01381588
2020-04-21,IBM,-0.017353356,0.0048705339,-0.012855768
2020-04-21,INTC,-0.011205733,0.023889661,-0.0059410334
2020-04-21,MSFT,0.0082713366,0.017638683,-0.020924449
2020-04-21,NKE,-0.032843113,0.0045859814,-0.029965043
2020-04-21,VZ,-0.0094532371,-0.0017743111,-0.035579085
2020-04-21,WMT,-0.0017974973,0.0063551664,-0.012849212
2020-04-22,AAPL,0.020962715,0.018604875,-0.025678754
2020-04-22,AMGN,-0.027574062,0.022775054,-0.020563364
2020-04-22,CRM,0.028569698,0.019326329,-0.033528805
2020-04-22,CSCO,-0.0030562878,0.001103282,-0.016221404
2020-04-22,IBM,0.00048089027,0.0054904222,-0.0022865534
2020-04-22,INTC,0.014108181,0.012724519,-0.012157798
2020-04-22,MSFT,-0.010196447,0.016644716,-0.0013252497
2020-04-22,NKE,-0.013931751,0.011771321,-0.022081196
2020-04-22,VZ,0.014200687,0.022172213,-0.029638231
2020-04-22,WMT,-0.00063186884,0.017682791,-0.01589638
2020-04-23,AAPL,-0.013419747,0.018162251,-0.024476349
2020-04-23,AMGN,-0.003113389,0.0014896393,-0.013656199
2020-04-23,CRM,0.0031471252,0.013402104,-0.013948083
2020-04-23,CSCO,0.032523394,0.014589548,0.0021206141
2020-04-23,IBM,0.0011088848,0.0097411871,-0.024904788
2020-04-23,INTC,0.015001893,-0.0090762377,-0.005990684
2020-04-23,MSFT,0.023405194,0.034252405,-0.0096737742
2020-04-23,NKE,-0.021121502,0.028959751,-0.018850625
2020-04-23,VZ,0.0013121367,0.0049138069,-0.001455307
2020-04-23,WMT,-0.014293015,0.013780475,-0.0072857141
2020-04-24,AAPL,0.0057959557,-0.0098802447,-0.047090888
2020-04-24,AMGN,-0.0033913851,0.023836136,0.0005120039
2020-04-24,CRM,-0.044416904,0.0082806349,-0.026645422
2020-04-24,CSCO,0.003305912,0.0037714243,-0.022007048
2020-04-24,IBM,-0.018261433,0.0032672882,-0.0020484328
2020-04-24,INTC,-0.0047265887,0.0041276217,-0.023491621
2020-04-24,MSFT,-0.013518035,0.012985468,-0.0045769215
2020-04-24,NKE,-0.014092386,0.035041451,-0.001260519
2020-04-24,VZ,0.012893915,0.014779091,-0.035372317
2020-04-24,WMT,-0.00042688847,0.013652444,-0.015525579
2020-04-27,AAPL,0.035244346,0.0065312386,-0.0071005821
2020-04-27,AMGN,0.013926983,-0.0026446581,-0.011285722
2020-04-27,CRM,-0.053589761,-0.00093001127,9.4771385e-05
2020-04-27,CSCO,0.029863954,0.011434674,-0.012041152
2020-04-27,IBM,-0.014780104,-0.0015830994,-0.00075507164
2020-04-27,INTC,-0.012860954,-0.0001283288,-0.025309861
2020-04-27,MSFT,-0.022026122,0.021808743,-0.017958879
2020-04-27,NKE,0.0048267841,0.02078259,-0.0073842406
2020-04-27,VZ,0.012565613,0.00056004524,-0.023318827
2020-04-27,WMT,-0.019038498,0.0049805641,-0.012876451
2020-04-28,AAPL,-0.034895778,0.019155979,-0.017955244
2020-04-28,AMGN,0.0042699575,0.019443989,-0.0089992881
2020-04-28,CRM,-0.0034925342,0.018335462,-0.0067738891
2020-04-28,CSCO,-0.017803133,0.019682646,-0.0020759106
2020-04-28,IBM,-0.017063975,0.01709342,-0.018178284
2020-04-28,INTC,0.033051014,-0.0057249665,-0.019545078
2020-04-28,MSFT,0.019216537,0.0034245253,0.0049971342
2020-04-28,NKE,-0.01186198,0.014831901,-0.00017124414
2020-04-28,VZ,-0.0074493885,0.0087566376,-0.0076652169
2020-04-28,WMT,-0.011093378,0.016284704,-0.013128102
2020-04-29,AAPL,-0.025768161,0.0057115555,-0.029578745
2020-04-29,AMGN,-0.02672112,0.0041142702,-0.0069660544
2020-04-29,CRM,0.0031024218,0.010971665,-0.053143978
2020-04-29,CSCO,-0.024013519,0.0200665,-0.015472651
2020-04-29,IBM,0.041452169,0.0095248222,-0.01067853
2020-04-29,INTC,0.022761464,0.0070185661,-0.010286272
2020-04-29,MSFT,-0.019024491,0.019578099,-0.0068596005
2020-04-29,NKE,0.009422183,0.0048670769,-0.021509528
2020-04-29,VZ,-0.020460129,-0.0043794513,-0.0021989942
2020-04-29,WMT,0.0034903288,0.0060633421,-0.0055081844
2020-04-30,AAPL,0.034979463,0.023291469,-0.040979981
2020-04-30,AMGN,0.025969386,0.018523455,0.00041091442
2020-04-30,CRM,0.011666059,0.018478155,-0.037768662
2020-04-30,CSCO,-0.013488293,0.010326028,-0.024391234
2020-04-30,IBM,-0.0094940662,0.025099635,-0.0052684546
2020-04-30,INTC,-0.0087949634,0.0082612038,-0.015990317
2020-04-30,MSFT,-0.018680751,0.011568189,-0.0065221786
2020-04-30,NKE,-0.0023831725,0.0069760084,-0.021130979
2020-04-30,VZ,0.011252165,0.021374941,-0.018685102
2020-04-30,WMT,-0.010499716,0.015877247,-0.017056346
2020-05-01,AAPL,0.0089722872,-0.0051159263,-0.03375566
2020-05-01,AMGN,-0.0075511932,0.0023694038,0.0092161894
2020-05-01,CRM,0.018896699,0.00651443,-0.030645251
2020-05-01,CSCO,0.015080214,0.022422671,-0.004863739
2020-05-01,IBM,0.0049401522,-0.0013707876,-0.016413987
2020-05-01,INTC,-0.025428295,0.031058192,-0.0070563555
2020-05-01,MSFT,-0.037021458,0.031166553,0.0016895533
2020-05-01,NKE,-0.0017265081,0.018633008,-0.01949501
2020-05-01,VZ,-0.012783349,0.0093644857,-0.025431752
2020-05-01,WMT,-0.0075892806,0.019538164,-0.0032449365
2020-05-04,AAPL,-0.017861187,0.020360589,-0.017010212
2020-05-04,AMGN,-0.02081126,0.015353203,-0.0093060136
2020-05-04,CRM,-0.0077200532,0.01642859,0.00099945068
2020-05-04,CSCO,-0.01425153,0.0084383488,-0.020496011
2020-05-04,IBM,-0.0081391335,-0.007876277,-0.0095158219
2020-05-04,INTC,-0.022068441,-0.008620739,-0.029566288
2020-05-04,MSFT,0.0068901777,0.0044765472,0.021966696
2020-05-04,NKE,-0.0018312335,0.018929601,-0.032156169
2020-05-04,VZ,0.0056036711,0.012585878,-0.019518316
2020-05-04,WMT,0.0080417395,0.0092933178,-0.008636117
2020-05-05,AAPL,-0.014044106,0.0026988983,-0.032633603
2020-05-05,AMGN,-0.0046344995,0.021807075,-0.012240112
2020-05-05,CRM,-0.0022010803,0.019108653,-0.030849874
2020-05-05,CSCO,-0.045600176,0.0061838627,-0.015586019
2020-05-05,IBM,0.009929657,0.018642545,-0.0048896074
2020-05-05,INTC,-0.037635207,0.016571641,-0.030147493
2020-05-05,MSFT,-0.025583982,0.037303448,-0.013128817
2020-05-05,NKE,-0.016302884,0.010588884,-0.018080175
2020-05-05,VZ,-0.0070277452,0.0093132257,-0.015764475
2020-05-05,WMT,-0.0049914718,0.0046889782,-0.019711971
2020-05-06,AAPL,-0.0050333142,0.018247247,-0.046654582
2020-05-06,AMGN,-0.0039494038,0.018205643,-0.018058836
2020-05-06,CRM,0.021785855,0.034621,0.00012028217
2020-05-06,CSCO,-0.0029987097,-0.010797262,-0.015420139
2020-05-06,IBM,0.014149189,0.0083869696,0.00050663948
2020-05-06,INTC,-0.013652027,0.021396756,-0.016461909
2020-05-06,MSFT,0.0027811527,0.030023694,-0.013688564
2020-05-06,NKE,-0.0016832352,-0.0079696774,0.0035600662
2020-05-06,VZ,-0.023627698,0.023124456,-0.015257061
2020-05-06,WMT,-0.022208631,0.011782527,-0.0055841804
2020-05-07,AAPL,0.0045026541,0.021671653,-0.011962891
2020-05-07,AMGN,0.014653921,0.017704248,-0.024193823
2020-05-07,CRM,0.0040878057,0.00061905384,-0.016903698
2020-05-07,CSCO,-0.016423166,0.0044292212,-0.0056833625
2020-05-07,IBM,-0.011923015,0.0133214,-0.013629258
2020-05-07,INTC,0.009796381,0.011142373,-0.028260887
2020-05-07,MSFT,-0.00053375959,1.9073486e-05,-0.012112439
2020-05-07,NKE,0.021366477,0.026313424,-0.015244186
2020-05-07,VZ,-0.00064170361,0.0091280937,-0.019219041
2020-05-07,WMT,0.019423246,0.01395452,-0.0022898912
2020-05-08,AAPL,0.0053014755,0.038980007,-0.014892638
2020-05-08,AMGN,-0.013036191,0.0073975325,-0.019792438
2020-05-08,CRM,0.015888214,-0.012709677,-0.018830597
2020-05-08,CSCO,-0.0048941374,0.022770405,-0.010067821
2020-05-08,IBM,-0.0067177415,0.0092234612,-0.0035319924
2020-05-08,INTC,0.03527081,0.010436058,0.0086523294
2020-05-08,MSFT,-0.012288213,0.016289711,-0.0045225024
2020-05-08,NKE,-0.019420624,0.018995047,-0.016493261
2020-05-08,VZ,0.0087151527,0.01615417,-0.022738814
2020-05-08,WMT,-0.0084730387,0.015302896,-0.011019349
2020-05-11,AAPL,0.012369156,0.043148518,-0.029211402
2020-05-11,AMGN,-0.011613965,0.0065226555,-0.0043377876
2020-05-11,CRM,-0.005804956,0.032403469,0.0025180578
2020-05-11,CSCO,-0.0097571015,0.0044078827,-0.033878744
2020-05-11,IBM,0.0078300238,0.028032422,-0.0055789351
2020-05-11,INTC,-0.028609991,0.021253109,-0.010509968
2020-05-11,MSFT,-0.0015782714,0.011119843,-0.020383656
2020-05-11,NKE,-0.0016872883,0.017244577,-0.00033503771
2020-05-11,VZ,-0.023123205,0.027813315,-0.015711725
2020-05-11,WMT,-0.027081966,0.0063185692,-0.012013495
2020-05-12,AAPL,-0.0040522218,0.012237906,-0.020532429
2020-05-12,AMGN,0.0032528639,0.0053095818,-0.01598531
2020-05-12,CRM,-0.046641231,0.034695268,-0.015355647
2020-05-12,CSCO,-0.01162678,0.022826433,-0.034289181
2020-05-12,IBM,-0.020945489,0.011266828,-0.0132429
2020-05-12,INTC,-0.046490908,0.040908575,-0.02169615
2020-05-12,MSFT,0.012539387,0.0076323748,-0.013378441
2020-05-12,NKE,0.018251181,0.024805903,0.0023267269
2020-05-12,VZ,0.0070110559,0.018887281,-0.0090003014
2020-05-12,WMT,-0.00791502,0.017966032,-0.0093796253
2020-05-13,AAPL,0.015645504,0.006320715,-0.023150146
2020-05-13,AMGN,0.0044461489,0.025685906,-0.027195096
2020-05-13,CRM,-0.022344768,0.020167112,0.0011022091
2020-05-13,CSCO,-0.022430301,0.010202527,-0.035990119
2020-05-13,IBM,0.0012112856,0.018071771,-0.044325292
2020-05-13,INTC,0.017717957,0.019522071,-0.019454062
2020-05-13,MSFT,-0.027531624,0.019299865,-0.010021329
2020-05-13,NKE,-0.02645123,0.021801591,-0.024642646
2020-05-13,VZ,0.022129178,0.0028800964,0.009544611
2020-05-13,WMT,0.00014412403,0.025254369,-0.0013000965
2020-05-14,AAPL,-0.015252829,0.0017427206,-0.024202645
2020-05-14,AMGN,0.020572662,0.013180137,-0.031349599
2020-05-14,CRM,-0.013977408,0.037997365,-0.022231877
2020-05-14,CSCO,0.011947274,0.0079044104,-0.026334226
2020-05-14,IBM,-0.0032663941,0.029128432,-0.0035673976
2020-05-14,INTC,0.011615515,0.020058036,-0.022471726
2020-05-14,MSFT,0.010356903,0.021753788,-0.020197034
2020-05-14,NKE,-0.0098387003,0.017975211,-0.032461405
2020-05-14,VZ,-0.00075954199,0.0066480637,-0.004024744
2020-05-14,WMT,-0.0045765638,0.016800046,-0.015013218
2020-05-15,AAPL,0.0036734343,0.0059107542,0.0062451363
2020-05-15,AMGN,0.013098717,0.023399115,-0.023587167
2020-05-15,CRM,0.006600976,0.03275013,-0.020311952
2020-05-15,CSCO,0.029608488,0.010982513,-0.018205225
2020-05-15,IBM,0.018983364,0.019497752,-0.011754394
2020-05-15,INTC,-0.023701727,-0.010962725,0.0015662909
2020-05-15,MSFT,-0.0027564764,0.016696811,-0.024517596
2020-05-15,NKE,-0.0049578547,0.035036206,-0.0058300495
2020-05-15,VZ,2.0384789e-05,0.029681444,-0.025792062
2020-05-15,WMT,-0.014192164,0.011040211,-0.013472557
2020-05-18,AAPL,-0.0066545606,0.014674783,-0.028087258
2020-05-18,AMGN,0.0057998896,0.0014140606,-0.027421653
2020-05-18,CRM,0.023845911,0.0050686598,-0.011080146
2020-05-18,CSCO,-0.011890709,-0.0037351847,-0.018244028
2020-05-18,IBM,-0.0075212121,0.012621999,-0.010971129
2020-05-18,INTC,-0.01061368,0.021782517,-0.024166167
2020-05-18,MSFT,-0.0093981028,5.3405762e-05,-0.00067871809
2020-05-18,NKE,0.029929757,0.0090913773,0.0028650761
2020-05-18,VZ,-0.013005614,0.013807416,-0.025423229
2020-05-18,WMT,0.011825681,0.010720134,-0.0029746294
2020-05-19,AAPL,-0.031886578,0.028082013,-0.023119688
2020-05-19,AMGN,0.0033768415,0.0017230511,-0.01263392
2020-05-19,CRM,0.0033698082,0.014425874,-0.0089640617
2020-05-19,CSCO,-0.0057761073,0.0027284622,-0.034632385
2020-05-19,IBM,0.024371386,0.0080131292,-0.016259551
2020-05-19,INTC,-0.021693647,0.012606382,-0.011525989
2020-05-19,MSFT,0.039665818,0.0077191591,-0.004000783
2020-05-19,NKE,-0.036251366,0.041606188,-0.026266336
2020-05-19,VZ,-0.0098528266,0.011164904,-0.0083886385
2020-05-19,WMT,0.022005439,0.0040098429,-8.0347061e-05
2020-05-20,AAPL,-0.0067190528,0.022859931,-0.02859056
2020-05-20,AMGN,-0.0075269938,0.00022542477,-0.009411335
2020-05-20,CRM,0.0071185827,-0.012620747,-0.023355007
2020-05-20,CSCO,-0.0012146831,0.012350678,-0.018387258
2020-05-20,IBM,0.0049937963,0.011818767,-0.011395097
2020-05-20,INTC,0.017514348,0.014592052,-0.022012651
2020-05-20,MSFT,-0.0039226413,0.010848999,-0.011888266
2020-05-20,NKE,-0.0068650842,0.022611976,-0.027292907
2020-05-20,VZ,-0.037573278,0.001336813,-0.0010870099
2020-05-20,WMT,0.0064163208,0.0028140545,-0.022123635
2020-05-21,AAPL,-0.034126699,0.0093057156,-0.0039514899
2020-05-21,AMGN,0.020727992,0.00038158894,-0.026310086
2020-05-21,CRM,-0.020430148,0.025037885,0.0087647438
2020-05-21,CSCO,0.0056403875,0.017893434,-0.0093640089
2020-05-21,IBM,-0.021801472,0.024519324,-0.002241075
2020-05-21,INTC,0.02776897,0.012767434,-0.014331102
2020-05-21,MSFT,0.0005030632,0.01425612,-0.023601472
2020-05-21,NKE,0.029834509,0.028502941,-0.011613786
2020-05-21,VZ,-0.014650941,0.010338068,-0.014964461
2020-05-21,WMT,-0.0020912886,0.015477419,-0.0105654
2020-05-22,AAPL,-0.034376562,0.0077382326,-0.027144432
2020-05-22,AMGN,-0.01798135,0.011556387,-0.032745719
2020-05-22,CRM,0.0099749565,0.030689716,-0.011946619
2020-05-22,CSCO,-0.0037607551,0.0082671642,-0.010169864
2020-05-22,IBM,-0.004475832,0.01010704,-0.027079284
2020-05-22,INTC,-0.047293067,0.033899188,-0.025104463
2020-05-22,MSFT,0.01369977,0.022687197,-0.029055715
2020-05-22,NKE,0.013305306,0.0053409338,-0.014147937
2020-05-22,VZ,0.0039327145,0.030202031,-0.017265379
2020-05-22,WMT,-0.012773633,0.014384985,-0.019063056
2020-05-26,AAPL,-0.014074028,0.034400582,-0.008436203
2020-05-26,AMGN,-0.0101735,0.009595871,-0.0041950941
2020-05-26,CRM,-0.031814158,0.037074447,-0.011718452
2020-05-26,CSCO,0.025806069,-0.0034182668,-0.030020893
2020-05-26,IBM,-0.011155784,0.0052469969,-0.012672484
2020-05-26,INTC,0.0053927898,0.017269731,0.0022603273
2020-05-26,MSFT,-0.0022336245,0.0070444345,-0.0039866567
2020-05-26,NKE,-0.013826847,0.016667008,-0.0092299581
2020-05-26,VZ,0.012860417,0.021623373,-0.001277864
2020-05-26,WMT,-0.015056551,0.0047112703,7.8082085e-05
2020-05-27,AAPL,0.012609243,0.00766325,-0.022975504
2020-05-27,AMGN,0.015424132,0.018137217,0.00059378147
2020-05-27,CRM,-0.039576054,0.028448701,-0.02713865
2020-05-27,CSCO,-0.0098252296,0.038877487,0.0022915602
2020-05-27,IBM,-0.022182584,0.0097721815,-0.0096620917
2020-05-27,INTC,0.0070790052,0.029800177,-0.012056589
2020-05-27,MSFT,-0.028651953,0.010005832,-0.017408311
2020-05-27,NKE,-0.024783909,0.017427206,-0.0045695901
2020-05-27,VZ,-0.026505351,0.017116308,-0.021277308
2020-05-27,WMT,0.0010203123,0.01222384,-0.021105111
2020-05-28,AAPL,-0.010526896,0.023438931,-0.0089108348
2020-05-28,AMGN,-0.0022835732,0.017624021,-0.0039653778
2020-05-28,CRM,-0.033045352,0.029602647,-0.0054736733
2020-05-28,CSCO,-0.010521352,-0.0031542182,0.0064053535
2020-05-28,IBM,-0.0041947961,0.002551198,-0.011649072
2020-05-28,INTC,-0.0056806803,0.0019596815,-0.0068465471
2020-05-28,MSFT,0.018399477,0.01248014,-0.0061235428
2020-05-28,NKE,0.0044364929,0.011292815,-0.0069462061
2020-05-28,VZ,-0.015316784,0.018958569,-0.010362029
2020-05-28,WMT,0.019088626,0.00098335743,-0.014926255
2020-05-29,AAPL,-0.0052965879,0.012022614,-0.0321275
2020-05-29,AMGN,-0.0010743737,0.01613903,-0.0078581572
2020-05-29,CRM,-0.0085406899,0.063594937,-0.0070345998
2020-05-29,CSCO,0.019495487,0.028392673,-0.018834352
2020-05-29,IBM,0.0076961517,0.0092862844,-0.01631242
2020-05-29,INTC,-0.0063492656,0.040919304,-0.012280881
2020-05-29,MSFT,0.0047813654,0.0044389963,-0.020394444
2020-05-29,NKE,-0.014717102,0.019917846,-0.0063583255
2020-05-29,VZ,-0.019517124,0.0010461807,-0.010462046
2020-05-29,WMT,-0.0065355897,0.0013210773,-0.017014444
2020-06-01,AAPL,-0.0017735958,0.017516494,-0.025080919
2020-06-01,AMGN,-0.030326724,0.020321965,-0.017141581
2020-06-01,CRM,-0.012700856,0.028669953,-0.046697497
2020-06-01,CSCO,-0.024655044,0.00087225437,-0.029679
2020-06-01,IBM,-0.019070446,-0.0040000677,-0.021769822
2020-06-01,INTC,-0.0022049546,0.024470687,-0.038855314
2020-06-01,MSFT,0.0035434961,0.024843454,-0.0094748735
2020-06-01,NKE,-0.010888815,0.020337343,-0.033155024
2020-06-01,VZ,-0.019724667,0.014067292,-0.0194152
2020-06-01,WMT,-0.012341321,0.012870669,-0.020699918
2020-06-02,AAPL,-0.022134304,0.0088714361,-0.040487289
2020-06-02,AMGN,-0.013308823,0.0004389286,-0.014626443
2020-06-02,CRM,-0.018294871,0.010886192,-0.011905074
2020-06-02,CSCO,0.011499405,0.0020617247,-0.015058398
2020-06-02,IBM,-0.0067976713,0.009256959,-0.0056272149
2020-06-02,INTC,-0.047755778,0.033163548,-0.011053443
2020-06-02,MSFT,0.004599452,0.0065773726,-0.012785137
2020-06-02,NKE,0.040494919,0.037154317,-0.0044079423
2020-06-02,VZ,0.0104177,0.0042333603,-0.017583311
2020-06-02,WMT,-0.0047621131,0.017616868,-0.013169706
2020-06-03,AAPL,-0.03069514,0.01313436,-0.0067201257
2020-06-03,AMGN,0.00048613548,0.013080835,-0.027645111
2020-06-03,CRM,-0.018035829,0.031395555,-0.011914909
2020-06-03,CSCO,-0.021704018,0.0078818798,-0.013228595
2020-06-03,IBM,-0.01690197,0.022041798,-0.017873168
2020-06-03,INTC,0.0020817518,0.025830626,-0.01565212
2020-06-03,MSFT,-0.0096838474,0.017816901,-0.029055297
2020-06-03,NKE,-0.0094871521,0.0092375278,0.0048277378
2020-06-03,VZ,-0.014659762,0.0031955242,-0.016796708
2020-06-03,WMT,-0.011226416,-0.0053362846,-0.0066081285
2020-06-04,AAPL,0.02000761,-0.0064053535,-0.018333316
2020-06-04,AMGN,0.0037187338,0.017276049,-0.0015766621
2020-06-04,CRM,-0.0019170642,0.0086838007,-0.015527546
2020-06-04,CSCO,-0.014133632,0.0092810392,-0.025838733
2020-06-04,IBM,-0.0090700388,0.020193338,-0.014185548
2020-06-04,INTC,-0.031838834,0.0067816973,-0.0049691796
2020-06-04,MSFT,-0.019461751,0.0070357323,-0.00021284819
2020-06-04,NKE,-0.017370701,0.015199542,-0.050444663
2020-06-04,VZ,0.0012602806,0.019212961,-0.022028983
2020-06-04,WMT,0.0017431974,0.0051207542,-0.014603019
2020-06-05,AAPL,-0.019489229,-0.0048313141,0.0031386614
2020-06-05,AMGN,-0.0039710402,0.0076788664,-0.011400223
2020-06-05,CRM,0.0094248056,-0.0026084781,-0.029151142
2020-06-05,CSCO,0.044338703,0.018776894,-0.018394291
2020-06-05,IBM,0.018836021,0.010764599,0.013883233
2020-06-05,INTC,-7.6889992e-06,0.0095368624,-0.013560891
2020-06-05,MSFT,0.016391754,0.0027183294,-0.01934576
2020-06-05,NKE,-0.024004757,0.0063692331,-0.034143984
2020-06-05,VZ,-0.019043863,0.0025653839,0.0062572956
2020-06-05,WMT,-0.00026780367,0.0096135139,-0.013687551
2020-06-08,AAPL,-0.014310479,-0.0042081475,-0.0060739517
2020-06-08,AMGN,-0.0014051795,-0.0038471222,-0.011748433
2020-06-08,CRM,0.011592627,0.0038391352,-0.020071268
2020-06-08,CSCO,-0.028987348,0.031884789,-0.035548747
2020-06-08,IBM,-0.026411951,0.0075011253,-0.0033506751
2020-06-08,INTC,-0.00996387,-0.0016360283,-0.016641438
2020-06-08,MSFT,0.0026367903,0.0077558756,-0.01052171
2020-06-08,NKE,0.01249218,0.016284227,-0.030151129
2020-06-08,VZ,0.012599826,0.0028114319,-0.014429748
2020-06-08,WMT,-0.0048394203,0.012675643,-0.0040723085
2020-06-09,AAPL,0.019249916,0.006488204,-0.012072742
2020-06-09,AMGN,0.03333509,0.02146554,-0.030405998
2020-06-09,CRM,-0.058276236,0.0013849735,-0.00057345629
2020-06-09,CSCO,-0.02338624,0.021520138,-0.013490558
2020-06-09,IBM,-0.0074703097,0.0078610182,-0.013509154
2020-06-09,INTC,-0.026527524,0.029545546,-0.026647806
2020-06-09,MSFT,0.0046371222,0.0086314678,-0.014349341
2020-06-09,NKE,-0.042382002,0.016036749,-0.019885302
2020-06-09,VZ,-0.010178387,-0.0064836144,-0.0083232522
2020-06-09,WMT,-0.0083930492,0.0066224337,-0.0028769374
2020-06-10,AAPL,-0.059348404,-0.012407422,-0.021358967
2020-06-10,AMGN,0.02649796,0.015262961,-0.018147767
2020-06-10,CRM,0.015820861,0.010946631,-0.0064619184
2020-06-10,CSCO,0.033427596,0.0083898306,-0.0075694919
2020-06-10,IBM,-0.0042011738,0.0031267405,-0.0081468821
2020-06-10,INTC,0.0010268688,-0.006827414,-0.017201543
2020-06-10,MSFT,0.022287726,0.025303245,-0.025212109
2020-06-10,NKE,-0.018481851,0.020523429,-0.010469854
2020-06-10,VZ,-0.01439321,0.010830045,-0.0024750233
2020-06-10,WMT,-0.0024912357,0.012573719,0.00036585331
2020-06-11,AAPL,-0.022050023,0.01460433,-0.014411986
2020-06-11,AMGN,-0.011081576,0.0096408129,-0.0028720498
2020-06-11,CRM,-0.016051292,0.0071873665,-0.024715066
2020-06-11,CSCO,0.02174294,0.015200496,-0.0092005134
2020-06-11,IBM,0.011281967,-0.0026528835,-0.029318869
2020-06-11,INTC,-0.0083905458,0.019117355,-0.026290655
2020-06-11,MSFT,-0.013346791,0.0007160902,-0.010077477
2020-06-11,NKE,0.017073631,0.0024003983,0.0071130991
2020-06-11,VZ,0.017186642,0.0018359423,-0.018173277
2020-06-11,WMT,0.01442492,0.0077069998,-0.0070108771
2020-06-12,AAPL,-0.03818804,0.0027514696,-0.02962786
2020-06-12,AMGN,0.0066981316,0.0099233389,-0.00564605
2020-06-12,CRM,0.0078793764,0.032760859,-0.026705325
2020-06-12,CSCO,-0.0026046038,-0.0020982623,0.001883626
2020-06-12,IBM,-0.018201768,-0.00068694353,-0.0019677877
2020-06-12,INTC,0.0039561987,0.016048193,-0.034632921
2020-06-12,MSFT,-0.024809539,0.0011439323,-0.0051673651
2020-06-12,NKE,-0.011165082,0.015606284,-0.0077858567
2020-06-12,VZ,-0.0078306198,0.0141958,0.0064980984
2020-06-12,WMT,0.0019564629,0.0073045492,-0.018818259
2020-06-15,AAPL,-0.01059252,0.014088035,-0.022729635
2020-06-15,AMGN,-0.0032308102,0.0053743124,-0.031802177
2020-06-15,CRM,0.036786318,0.013613939,-0.010915339
2020-06-15,CSCO,-0.032733798,0.033232212,-0.027483106
2020-06-15,IBM,0.012547135,0.0063772202,-0.010663748
2020-06-15,INTC,-0.022333682,0.018408656,-0.0065769553
2020-06-15,MSFT,0.035959721,0.014334321,-0.012042284
2020-06-15,NKE,-0.0032544732,0.0076582432,0.0058175325
2020-06-15,VZ,0.018943071,0.0014674664,-0.013967514
2020-06-15,WMT,0.0025167465,0.013445139,-0.0315938
2020-06-16,AAPL,-8.2850456e-06,0.005993247,-0.0036398768
2020-06-16,AMGN,0.013050199,0.018636465,-0.01595372
2020-06-16,CRM,-0.013455093,0.032652855,-0.015721381
2020-06-16,CSCO,0.0050389767,0.013419867,-0.014921188
2020-06-16,IBM,-0.012040913,0.020515323,-0.005307734
2020-06-16,INTC,0.015586734,0.027168155,-0.032387376
2020-06-16,MSFT,-0.019998431,0.0082503557,-0.01684159
2020-06-16,NKE,-0.0014801621,0.027439713,-0.028899431
2020-06-16,VZ,-0.016110539,0.015028834,-0.01620245
2020-06-16,WMT,-0.0055654049,0.016463757,-0.010584056
2020-06-17,AAPL,0.015568018,0.0043092966,-0.026881814
2020-06-17,AMGN,-0.018661678,0.0030676126,-0.01026386
2020-06-17,CRM,-0.026264548,0.034926295,-0.021536231
2020-06-17,CSCO,-0.0069975257,0.014288187,0.0035569668
2020-06-17,IBM,-0.010633886,0.018987894,-0.0055941343
2020-06-17,INTC,0.010338306,0.0084438324,-0.0094431043
2020-06-17,MSFT,-0.0097375512,0.00042295456,-0.011402965
2020-06-17,NKE,0.011222482,0.010740995,-0.022958517
2020-06-17,VZ,0.0024452209,0.012158036,-0.020529926
2020-06-17,WMT,0.0096166134,0.02741158,-0.0057530999
2020-06-18,AAPL,-0.0050529838,0.015863657,0.0015203953
2020-06-18,AMGN,0.022579312,0.013230205,-0.010274589
2020-06-18,CRM,0.021945834,0.010823131,-0.011413932
2020-06-18,CSCO,0.028784513,0.0031512976,-0.01854378
2020-06-18,IBM,0.01182723,-0.0030112267,-0.0007828474
2020-06-18,INTC,0.003271699,0.013931274,0.0013427734
2020-06-18,MSFT,-0.011747539,0.011978865,6.8545341e-05
2020-06-18,NKE,-0.026235223,0.0096571445,-0.025179327
2020-06-18,VZ,0.0065284967,0.02138567,-0.012391269
2020-06-18,WMT,0.025961637,0.013007045,-0.004093051
2020-06-19,AAPL,0.014144897,0.0038093328,-0.013968468
2020-06-19,AMGN,-0.009629488,0.022882819,-0.014454246
2020-06-19,CRM,-0.015387237,0.0053242445,-0.019348204
2020-06-19,CSCO,0.00023424625,-0.0045586824,-0.014586806
2020-06-19,IBM,-0.02421093,0.010379791,-0.0023312569
2020-06-19,INTC,-0.032049775,0.013963699,-0.006716907
2020-06-19,MSFT,0.0041160583,0.022305965,-0.014793813
2020-06-19,NKE,-0.0073752403,0.025137544,-0.022313833
2020-06-19,VZ,-0.022681415,0.010175586,-0.023556292
2020-06-19,WMT,-0.0055017471,0.0056135654,-0.013949692
2020-06-22,AAPL,-0.0017880797,0.022115469,0.0098236799
2020-06-22,AMGN,-0.0055480599,-0.0052102804,-0.019010782
2020-06-22,CRM,-0.025624931,0.0034704208,-0.02630043
2020-06-22,CSCO,-0.017982721,0.0054268837,-0.011364698
2020-06-22,IBM,-0.0032077432,0.0095098019,-0.0044797063
2020-06-22,INTC,0.0041027069,0.012287021,-0.0086645484
2020-06-22,MSFT,-0.0030212402,0.012491465,-0.013884664
2020-06-22,NKE,0.0015040636,0.021376491,-0.024626315
2020-06-22,VZ,-0.013003051,0.0097264051,-0.031538785
2020-06-22,WMT,0.0092440844,0.022705078,-0.016675055
2020-06-23,AAPL,-0.012236476,0.020882964,0.0030819178
2020-06-23,AMGN,0.0099930763,0.011940479,-0.024982274
2020-06-23,CRM,0.00031912327,0.0056109428,0.0052120686
2020-06-23,CSCO,0.022210717,0.0081418753,-0.01464963
2020-06-23,IBM,-0.028419077,0.0087388754,-0.0068181157
2020-06-23,INTC,0.0082793236,0.022074103,-0.023917615
2020-06-23,MSFT,0.0048012733,0.006945014,-0.029524207
2020-06-23,NKE,0.012455225,0.033361554,-0.018106043
2020-06-23,VZ,-0.016931713,0.018715024,-0.02061224
2020-06-23,WMT,0.0010592937,0.0073922873,-0.0064144731
2020-06-24,AAPL,0.013552427,0.012867093,-0.026020169
2020-06-24,AMGN,-0.0076159835,0.0087971687,-0.011698902
2020-06-24,CRM,0.01695025,-0.0093598962,-0.02837956
2020-06-24,CSCO,-0.0010601282,-0.0012683272,-0.030406713
2020-06-24,IBM,-0.0056118965,0.014221311,-0.011786938
2020-06-24,INTC,-0.014526546,0.014226556,0.016090274
2020-06-24,MSFT,-0.033322275,0.032267332,-0.0094246268
2020-06-24,NKE,0.0093177557,0.0091356039,-0.0091751814
2020-06-24,VZ,-0.0040159822,0.00090837479,-0.0066052079
2020-06-24,WMT,-0.020596325,0.0091812611,-0.028335035
2020-06-25,AAPL,-0.016321063,0.021790504,-0.019287229
2020-06-25,AMGN,-0.0087662339,0.019865632,-0.023496449
2020-06-25,CRM,-0.0011986494,0.0059946775,-0.044415295
2020-06-25,CSCO,-0.013178289,0.025002599,-0.031730354
2020-06-25,IBM,-0.010718644,0.0048406124,-0.0064080954
2020-06-25,INTC,0.018417358,0.013580561,-0.0020949841
2020-06-25,MSFT,-0.0089979768,0.0099990368,-0.0052588582
2020-06-25,NKE,0.0057313442,0.0052917004,-0.024954379
2020-06-25,VZ,-0.016435504,0.0032531023,-0.010004163
2020-06-25,WMT,1.6689301e-06,0.018003225,-0.0038111806
2020-06-26,AAPL,-0.050361693,0.004326582,-0.00085997581
2020-06-26,AMGN,-0.0056291819,0.020994544,-0.00043326616
2020-06-26,CRM,0.019918919,0.035218239,-0.061603308
2020-06-26,CSCO,-0.0013860464,0.006434083,-0.014373302
2020-06-26,IBM,-0.0038186908,-0.00010043383,-0.023714304
2020-06-26,INTC,0.0032628775,0.01868856,-0.024845004
2020-06-26,MSFT,0.022961259,0.0010975599,-0.015399933
2020-06-26,NKE,-0.040664971,0.011574984,-0.016456425
2020-06-26,VZ,0.0023680925,0.007352829,-0.0090854764
2020-06-26,WMT,0.0093705654,-0.0048584342,0.0042520761
2020-06-29,AAPL,0.026320338,-0.0027233958,-0.023961544
2020-06-29,AMGN,-0.012993574,0.0029982328,-0.019137383
2020-06-29,CRM,-0.043535113,0.023638368,-0.021728218
2020-06-29,CSCO,-0.007724762,0.025642395,-0.014414012
2020-06-29,IBM,-0.036660671,0.016431332,-0.02232188
2020-06-29,INTC,0.02276814,0.021592498,-0.0030531287
2020-06-29,MSFT,0.014316201,0.015080452,9.4652176e-05
2020-06-29,NKE,-0.014224291,0.030017614,0.0043193102
2020-06-29,VZ,0.017234564,0.0020703077,-0.011228502
2020-06-29,WMT,0.015716434,0.027142763,-0.0067028999
2020-06-30,AAPL,-0.0073755383,0.021340966,-0.046560943
2020-06-30,AMGN,-0.013728499,0.015142083,-0.019418955
2020-06-30,CRM,-0.0012040138,-0.0065850019,-0.023540497
2020-06-30,CSCO,-0.0077047348,0.0069414377,-0.0072838664
2020-06-30,IBM,0.00087571144,0.011288285,-0.0033342838
2020-06-30,INTC,-0.0097445846,0.020774722,-0.017787337
2020-06-30,MSFT,-0.0060241818,-0.0088390708,-0.0096526742
2020-06-30,NKE,-0.021624029,0.020562768,-0.019383073
2020-06-30,VZ,-0.019245386,0.0069029331,-0.021915138
2020-06-30,WMT,-0.019938946,0.011664748,-0.014392734
2020-07-01,AAPL,-0.014865756,0.011288762,-0.038793027
2020-07-01,AMGN,-0.011304617,0.02649951,-0.024448454
2020-07-01,CRM,0.010265112,0.021366239,-0.020089209
2020-07-01,CSCO,-0.014426291,0.028605461,-0.0080404282
2020-07-01,IBM,-0.016176403,0.010337949,-0.011371493
2020-07-01,INTC,0.010725141,0.017549038,-0.026007712
2020-07-01,MSFT,-0.0074343085,0.030058503,-0.0072902441
2020-07-01,NKE,-0.015203893,0.0028465986,-0.0065540671
2020-07-01,VZ,0.020682454,0.011838198,-0.02396512
2020-07-01,WMT,-0.022806168,0.018151999,-0.015926659
2020-07-02,AAPL,-0.003744185,0.0067362785,-0.032934129
2020-07-02,AMGN,-0.013027132,0.025725365,0.0085542202
2020-07-02,CRM,-0.018419206,-0.023828983,-0.011192918
2020-07-02,CSCO,0.018054843,0.014689565,-0.024626315
2020-07-02,IBM,-0.0094359517,0.011459351,0.007137537
2020-07-02,INTC,0.0063649416,0.028703451,-0.014686167
2020-07-02,MSFT,-0.0054815412,-0.0011677146,-0.019994795
2020-07-02,NKE,-0.0041062832,0.016827345,-0.018499553
2020-07-02,VZ,0.017746091,0.0020074844,0.0076739788
2020-07-02,WMT,-0.0092704296,0.0056740046,-0.0016057491
2020-07-06,AAPL,0.0069639683,0.015817165,0.0033507347
2020-07-06,AMGN,-0.021824419,0.028823972,-0.012796223
2020-07-06,CRM,0.051170468,0.0091209412,-0.001000762
2020-07-06,CSCO,0.029943347,0.0096313953,-0.0019227862
2020-07-06,IBM,0.0086991787,0.017496705,-0.013267994
2020-07-06,INTC,-0.0058571696,0.02323842,-0.032663524
2020-07-06,MSFT,-0.0067940354,0.015595675,-0.010249734
2020-07-06,NKE,-0.033611417,0.0055403709,-0.022436082
2020-07-06,VZ,-0.010558248,0.010985017,-0.0019874573
2020-07-06,WMT,0.0001064539,0.0055733919,0.002696991
2020-07-07,AAPL,-0.0094160438,-0.019482493,2.3961067e-05
2020-07-07,AMGN,-0.0015109777,0.0060895681,-0.019133985
2020-07-07,CRM,-0.043904901,0.018915534,-0.011022091
2020-07-07,CSCO,0.0084769726,0.0051987171,-0.013316453
2020-07-07,IBM,-0.005921185,-0.016550303,-0.010552704
2020-07-07,INTC,0.019693613,0.011664629,-0.017067432
2020-07-07,MSFT,-0.0088251233,0.0091065168,-0.0071248412
2020-07-07,NKE,0.03460741,0.0054842234,-0.016342223
2020-07-07,VZ,-0.0092205405,0.013777733,-0.0041211247
2020-07-07,WMT,-0.013667285,0.012895823,-0.0086227655
2020-07-08,AAPL,0.032303452,0.01445806,-0.012613058
2020-07-08,AMGN,0.010538101,0.01311326,-0.0097809434
2020-07-08,CRM,0.016023278,0.044557691,-0.04470551
2020-07-08,CSCO,-0.02864486,0.01222074,-0.022384107
2020-07-08,IBM,-0.0046743155,0.016280174,-0.0032260418
2020-07-08,INTC,-0.012606204,0.0045558214,-0.021387756
2020-07-08,MSFT,0.014916658,0.022309184,-0.017495513
2020-07-08,NKE,-0.023075819,-0.0056269765,-0.010029793
2020-07-08,VZ,-0.0070668459,0.012255073,-0.014460027
2020-07-08,WMT,-0.008892715,0.015018225,-0.0061731935
2020-07-09,AAPL,0.028462768,-0.015575588,-0.037838519
2020-07-09,AMGN,-0.0079030991,0.01944387,-0.0046383739
2020-07-09,CRM,0.0297997,0.0087453127,-0.0066864491
2020-07-09,CSCO,0.0091853142,0.00012171268,-0.023615718
2020-07-09,IBM,0.011235714,0.0098664761,-0.0022916198
2020-07-09,INTC,-0.0027502179,0.0040670633,-0.006649971
2020-07-09,MSFT,-0.018017828,0.017631054,0.0032072067
2020-07-09,NKE,-0.026277125,0.028957367,-0.015138209
2020-07-09,VZ,-0.027786493,0.017505407,-0.008703053
2020-07-09,WMT,0.0089128017,-0.0047412515,-0.00039041042
2020-07-10,AAPL,0.023127556,0.028884411,0.0025537014
2020-07-10,AMGN,-0.0033422112,-0.0028952956,0.0078748465
2020-07-10,CRM,-0.018692255,0.019875526,-0.0028567314
2020-07-10,CSCO,0.015221715,0.020654202,-0.0025704503
2020-07-10,IBM,1.847744e-05,0.0074477196,-0.016311347
2020-07-10,INTC,0.027145028,0.030940413,-0.010303557
2020-07-10,MSFT,-0.0053113699,0.030002832,-0.010680497
2020-07-10,NKE,0.033359885,0.0059400797,0.0074744225
2020-07-10,VZ,0.031715393,-0.0045329928,-0.012966752
2020-07-10,WMT,0.010204196,-0.0003619194,-0.013426423
2020-07-13,AAPL,0.0055431128,0.022788882,-0.019775867
2020-07-13,AMGN,0.0054901838,0.0073717833,-0.0051009059
2020-07-13,CRM,-0.0036546588,-0.015918076,-0.014075696
2020-07-13,CSCO,0.0055657625,-0.0039039254,-0.01617837
2020-07-13,IBM,0.00032162666,0.0092014074,-0.020502925
2020-07-13,INTC,0.0052450895,0.0079153776,-0.025685668
2020-07-13,MSFT,-0.011918128,0.0058610439,-0.012585878
2020-07-13,NKE,0.0066200495,0.031257987,0.0015048981
2020-07-13,VZ,-0.040275037,0.012921333,0.00032413006
2020-07-13,WMT,-0.011622846,0.0075265169,-0.014612794
2020-07-14,AAPL,0.013202667,0.014099836,-0.0012958646
2020-07-14,AMGN,-0.0076364279,0.011942148,-0.010233164
2020-07-14,CRM,0.006428957,0.01843226,-0.048283219
2020-07-14,CSCO,-0.019979775,0.0032420158,0.001064539
2020-07-14,IBM,0.0095869303,-0.0039477348,-0.0086383224
2020-07-14,INTC,-0.010954916,0.0079350471,-0.025672495
2020-07-14,MSFT,0.005330205,-0.0031055808,-0.0036010146
2020-07-14,NKE,0.0076717138,0.0050280094,-0.01429528
2020-07-14,VZ,0.0073610544,0.0044558048,-0.012612164
2020-07-14,WMT,-0.0113222,0.022308946,-0.020556986
2020-07-15,AAPL,0.0044355392,0.00038695335,-0.0078293085
2020-07-15,AMGN,0.0023727417,0.014488101,-0.0031566024
2020-07-15,CRM,0.022655964,0.024185538,-0.007185936
2020-07-15,CSCO,-0.017391562,0.0059480667,0.020831227
2020-07-15,IBM,-0.020667315,0.013594747,-0.019477189
2020-07-15,INTC,0.0088779926,0.0088289976,0.0043326616
2020-07-15,MSFT,0.0071759224,0.0057364702,-0.022002816
2020-07-15,NKE,0.041600347,0.013155818,-0.007640183
2020-07-15,VZ,0.0099357367,0.0042078495,-0.014471829
2020-07-15,WMT,-0.0021516681,0.0092328787,-0.0069422722
2020-07-16,AAPL,-0.023839414,0.012815475,-0.017555833
2020-07-16,AMGN,-0.026634991,0.0091319084,-0.018950045
2020-07-16,CRM,0.010206461,0.0023834705,0.002606988
2020-07-16,CSCO,-0.0051833987,-0.015597999,-0.01389569
2020-07-16,IBM,-0.015305221,0.0046573877,-0.019428611
2020-07-16,INTC,0.0067857504,-0.002635777,-0.018283427
2020-07-16,MSFT,-0.0055822134,0.0090376139,-0.0025631189
2020-07-16,NKE,-0.010681748,0.017123103,-0.016716719
2020-07-16,VZ,-0.0041491985,0.018952727,-0.031282902
2020-07-16,WMT,-0.025972366,0.01175797,-0.0032539964
2020-07-17,AAPL,0.00050091743,0.025405526,-0.016929746
2020-07-17,AMGN,-0.01178056,0.010798573,-0.0098398328
2020-07-17,CRM,-0.028478801,0.024299622,-0.033800781
2020-07-17,CSCO,0.0045053959,-0.0074440837,-0.020593882
2020-07-17,IBM,0.004396677,0.0098192692,-0.013802469
2020-07-17,INTC,0.019349813,0.022867441,-0.0055298209
2020-07-17,MSFT,-0.011012375,-0.0077406764,0.0013680458
2020-07-17,NKE,0.040995717,0.0083690882,-0.0096967816
2020-07-17,VZ,0.013969898,0.0092792511,-0.004981637
2020-07-17,WMT,0.0075324774,0.0094825029,-0.016174674
2020-07-20,AAPL,-0.0059151053,0.013969779,-0.015865147
2020-07-20,AMGN,-0.0025417209,-0.0049207807,-0.0032987595
2020-07-20,CRM,0.028453231,0.014163136,-0.033865869
2020-07-20,CSCO,0.026432633,0.0016858578,-0.0083241463
2020-07-20,IBM,-0.014985025,-0.008163929,-0.0052742362
2020-07-20,INTC,0.026659727,-3.9994717e-05,-0.017357409
2020-07-20,MSFT,-0.026125729,0.00071907043,-0.016404152
2020-07-20,NKE,-0.0067764521,0.029084802,-0.011774302
2020-07-20,VZ,-0.011301458,0.025069118,-0.023915112
2020-07-20,WMT,0.00021207333,0.020036221,0.0060983896
2020-07-21,AAPL,0.016897082,0.021653056,-0.028767765
2020-07-21,AMGN,0.031951308,-0.00027048588,-0.018274963
2020-07-21,CRM,0.0093272924,0.0091708899,-0.014372289
2020-07-21,CSCO,-0.001545012,0.015077233,-0.0077975988
2020-07-21,IBM,0.01366055,0.021134973,-0.0060100555
2020-07-21,INTC,0.0047684908,0.027432919,-0.0013846755
2020-07-21,MSFT,0.0023634434,0.0092717409,0.0051652193
2020-07-21,NKE,0.018790364,0.0017344952,0.0045876503
2020-07-21,VZ,-0.00037366152,0.016166687,-0.018845022
2020-07-21,WMT,0.0027740002,0.011716962,-0.015359581
2020-07-22,AAPL,-0.018290758,0.00065600872,0.00069475174
2020-07-22,AMGN,-0.030742228,0.013293862,-0.021113873
2020-07-22,CRM,0.0035414696,0.012724876,-0.0095254183
2020-07-22,CSCO,-0.034442186,-0.0035740733,0.00027155876
2020-07-22,IBM,-0.0021446347,0.018385887,-0.017670929
2020-07-22,INTC,-0.0079834461,0.0085242987,-0.0098713636
2020-07-22,MSFT,-0.001937747,0.00816679,-0.0050339103
2020-07-22,NKE,-0.011440456,0.011497498,-0.03166163
2020-07-22,VZ,-0.02093792,-0.0017027259,0.010651588
2020-07-22,WMT,-0.0042392612,0.016541839,-0.019455731
2020-07-23,AAPL,0.043555021,0.0092676878,-0.0093409419
2020-07-23,AMGN,-0.0049866438,0.016608834,-0.0029412508
2020-07-23,CRM,-0.011302829,0.0054130554,-0.0073649287
2020-07-23,CSCO,-0.031201482,-0.0065329671,-0.0051682591
2020-07-23,IBM,-0.010776579,0.0099663734,-0.0073482394
2020-07-23,INTC,0.0042655468,0.014153242,-0.019036889
2020-07-23,MSFT,0.0081861019,-0.0044977665,-0.0043117404
2020-07-23,NKE,0.016389251,0.0081472397,-0.024476707
2020-07-23,VZ,-0.008230269,0.0047508478,-0.0094905496
2020-07-23,WMT,-0.0089160204,0.014036059,0.0040011406
2020-07-24,AAPL,-0.026788414,-0.0035229921,-0.03016758
2020-07-24,AMGN,-0.0056094527,0.03106463,-0.009141326
2020-07-24,CRM,-0.0065520406,0.035240889,-0.015013874
2020-07-24,CSCO,0.0040953159,-0.00076162815,-0.01707375
2020-07-24,IBM,-0.017270565,0.0040770769,0.0015465021
2020-07-24,INTC,0.0023138523,0.0034421682,-0.0060002208
2020-07-24,MSFT,-0.023268163,0.0060231686,-0.012148499
2020-07-24,NKE,0.024404407,0.0154562,-0.019613564
2020-07-24,VZ,-0.0031586885,0.002661705,-0.0019900799
2020-07-24,WMT,-0.016613066,0.0046499968,0.00015366077
2020-07-27,AAPL,0.019381285,0.021912336,0.015792608
2020-07-27,AMGN,-0.02362299,0.0025089979,-8.648634e-05
2020-07-27,CRM,-0.0007096529,-0.0015891194,-0.019032061
2020-07-27,CSCO,0.025067568,0.019137144,-0.016554296
2020-07-27,IBM,-0.0028983355,0.016502857,-0.016014516
2020-07-27,INTC,0.0058269501,0.023409843,-0.009511888
2020-07-27,MSFT,0.006700635,0.0029476881,-0.010222256
2020-07-27,NKE,-0.0056374073,0.014576793,0.011751056
2020-07-27,VZ,0.0054113865,-0.00025248528,-0.032125831
2020-07-27,WMT,-0.023234844,0.015812159,-0.010582209
2020-07-28,AAPL,0.0020725727,0.015873432,-0.016519904
2020-07-28,AMGN,0.0026007891,0.0045132637,-0.011925519
2020-07-28,CRM,0.040159583,0.010485768,-0.038226545
2020-07-28,CSCO,-0.022552609,0.021560311,-0.0083728433
2020-07-28,IBM,-0.013957858,0.015266895,-0.015334308
2020-07-28,INTC,-0.01272136,0.015818357,-0.0028396249
2020-07-28,MSFT,-0.0046989322,0.02143538,-0.0090814233
2020-07-28,NKE,0.015357971,0.0066870451,-0.029561877
2020-07-28,VZ,-0.0025653839,0.014385343,-0.0058117509
2020-07-28,WMT,0.013462424,0.012215972,0.006469965
2020-07-29,AAPL,0.015037537,0.022512913,-0.023545623
2020-07-29,AMGN,0.0048577785,0.012625098,-0.018854022
2020-07-29,CRM,0.016528845,0.012904286,-0.0055910945
2020-07-29,CSCO,-0.0094887018,0.010433316,-0.0067310929
2020-07-29,IBM,-0.00019419193,0.016885281,0.0051729679
2020-07-29,INTC,-0.033539712,0.037512898,-0.028543591
2020-07-29,MSFT,0.0056948662,0.02338469,-0.033249855
2020-07-29,NKE,0.033934951,0.018784165,0.014159083
2020-07-29,VZ,0.012095332,-0.00142169,-0.011448205
2020-07-29,WMT,0.012397885,0.020985842,-0.0073462129
2020-07-30,AAPL,0.020180106,0.023344994,0.0020769835
2020-07-30,AMGN,-0.01304388,0.0063408613,-0.010465443
2020-07-30,CRM,-0.021867692,0.0089075565,-0.025960147
2020-07-30,CSCO,-0.0015113354,-0.0036768317,-0.015833259
2020-07-30,IBM,-0.013027787,0.0075492859,-0.004787147
2020-07-30,INTC,-0.019999921,0.017275333,-0.012861431
2020-07-30,MSFT,0.028599024,0.0074899197,-0.032464206
2020-07-30,NKE,-0.0091788173,0.0020756721,-0.0080348253
2020-07-30,VZ,0.0050508976,0.026203752,0.003886342
2020-07-30,WMT,-0.0098275542,0.0095508099,-0.0011038184
2020-07-31,AAPL,-0.027641296,0.018199325,-0.015388489
2020-07-31,AMGN,-0.0025045872,0.022954822,-0.011981308
2020-07-31,CRM,-0.013989687,0.016011715,-0.055153668
2020-07-31,CSCO,-0.0017283559,0.010775685,-0.02373606
2020-07-31,IBM,-0.019739449,0.0041146278,-0.0053716898
2020-07-31,INTC,0.0018646717,0.0021688938,-0.011602581
2020-07-31,MSFT,-0.026741087,0.0080612898,-0.010945022
2020-07-31,NKE,-0.0066309571,0.016401172,-0.027711809
2020-07-31,VZ,0.017380238,0.011760235,-0.0010179877
2020-07-31,WMT,-0.0049984455,-0.0058901906,-0.0052339435
2020-08-03,AAPL,-0.0068739653,0.014247417,0.0032420158
2020-08-03,AMGN,-0.0060402751,0.022022605,-0.01806432
2020-08-03,CRM,-0.053007007,0.023906589,-0.032323182
2020-08-03,CSCO,0.018209219,0.018811345,0.018266916
2020-08-03,IBM,-0.005676806,0.010540724,-0.0024656653
2020-08-03,INTC,-0.0051066279,0.0077835321,-0.015258551
2020-08-03,MSFT,-0.0080811381,0.019811273,0.0014755726
2020-08-03,NKE,0.01381886,0.015038013,-0.0086302161
2020-08-03,VZ,-0.0075114369,0.0088453293,0.0080244541
2020-08-03,WMT,0.028054118,0.0037907362,-0.0062891245
2020-08-04,AAPL,0.014053583,0.028172016,-0.0079184771
2020-08-04,AMGN,-0.045417726,0.027528524,-0.0099551082
2020-08-04,CRM,0.036694288,-0.01351577,-0.025782943
2020-08-04,CSCO,0.014948845,-0.0037727952,-0.0020415187
2020-08-04,IBM,-0.0045397878,0.00024020672,-0.0028595924
2020-08-04,INTC,0.030503273,0.016597033,-0.013697207
2020-08-04,MSFT,-0.0078163147,0.0097175837,-0.0058054328
2020-08-04,NKE,-0.0011880398,-0.0012789369,-0.016673028
2020-08-04,VZ,0.0085743666,0.0020165443,-0.012243867
2020-08-04,WMT,-0.0061040521,0.018506765,-0.0014458299
2020-08-05,AAPL,-0.0089110732,0.0041683912,-0.015408456
2020-08-05,AMGN,-0.033712804,0.028181195,-0.021116376
2020-08-05,CRM,-0.017216086,-0.024907589,-0.0091669559
2020-08-05,CSCO,-0.021335006,0.033862948,-0.021496832
2020-08-05,IBM,0.0053269863,0.0026569366,-0.011999905
2020-08-05,INTC,-0.012449265,0.0029809475,-0.024989128
2020-08-05,MSFT,0.0076285601,-0.00096195936,-0.014445603
2020-08-05,NKE,-0.0018021464,-0.0064827204,-0.0045096278
2020-08-05,VZ,-0.019602895,-0.0001501441,-0.019269586
2020-08-05,WMT,0.016237974,0.014824748,-0.016710222
2020-08-06,AAPL,-0.00032913685,0.012838006,-0.0041397214
2020-08-06,AMGN,-0.0096955895,0.042082787,-0.020556152
2020-08-06,CRM,-0.0013355017,0.027618408,-0.021023154
2020-08-06,CSCO,-0.010413527,-0.0011681914,-0.013670325
2020-08-06,IBM,-0.035009563,-0.0016549826,-0.0050888062
2020-08-06,INTC,0.012573361,0.010879993,-0.020855725
2020-08-06,MSFT,0.0072120428,-0.0073541403,-0.0083680749
2020-08-06,NKE,-0.023216188,2.1576881e-05,0.0020276308
2020-08-06,VZ,-0.02197355,0.0091243982,0.012191057
2020-08-06,WMT,0.016307235,-0.0048276186,-0.0039985776
2020-08-07,AAPL,-0.018174529,-7.7843666e-05,0.0085958242
2020-08-07,AMGN,-0.016980708,0.02410078,-0.00092118979
2020-08-07,CRM,-0.027071476,0.01525104,-0.016849697
2020-08-07,CSCO,-0.014298916,0.0077285767,-0.025015533
2020-08-07,IBM,-0.020674467,0.0066086054,-0.011327624
2020-08-07,INTC,-0.0010487437,-0.0031610131,-0.012376964
2020-08-07,MSFT,0.050869942,-0.00033712387,-0.017128646
2020-08-07,NKE,-0.0098781586,0.011937857,0.0023896694
2020-08-07,VZ,-0.011540532,0.014147162,-0.0088005066
2020-08-07,WMT,0.0020756721,0.0079222918,-0.0048761368
2020-08-10,AAPL,-0.021907568,0.0064423084,-0.013705909
2020-08-10,AMGN,0.0014387369,0.015476346,0.0086327791
2020-08-10,CRM,-0.040828764,0.01562047,-0.058476925
2020-08-10,CSCO,0.017752647,0.0047980547,0.0058153868
2020-08-10,IBM,-0.0031881332,0.011236191,-0.022276878
2020-08-10,INTC,0.014887691,0.01038301,-0.018312395
2020-08-10,MSFT,0.025529027,0.0025655031,-0.021936357
2020-08-10,NKE,-0.017826259,0.015789509,-0.00087970495
2020-08-10,VZ,0.009924531,0.015398145,-0.017645717
2020-08-10,WMT,-0.0040851235,0.0018562078,-0.0018703341
2020-08-11,AAPL,0.02049017,0.009881258,-0.014104426
2020-08-11,AMGN,0.0086688995,0.024719834,-0.008471787
2020-08-11,CRM,-0.022241175,0.006084919,-0.02364552
2020-08-11,CSCO,-0.012770474,0.0069705248,-0.013996422
2020-08-11,IBM,0.0084872246,0.0056988001,-0.024525821
2020-08-11,INTC,0.011119843,-0.0041396022,-0.0075786114
2020-08-11,MSFT,-0.014299929,-0.013162374,0.00085771084
2020-08-11,NKE,-0.024308085,0.0086337328,-0.020838857
2020-08-11,VZ,0.0082404613,-0.018840432,0.00063252449
2020-08-11,WMT,-0.018327653,0.013489366,-0.010896087
2020-08-12,AAPL,0.021763206,0.0094096661,-0.020642757
2020-08-12,AMGN,-0.001485765,0.007522583,-0.0091851354
2020-08-12,CRM,-0.0471735,-0.0086439848,-0.028323531
2020-08-12,CSCO,0.014793634,0.017018914,-0.0067887902
2020-08-12,IBM,0.010626078,0.005795598,0.0037750006
2020-08-12,INTC,-0.019580364,-0.011921048,-0.021728158
2020-08-12,MSFT,0.0071277618,0.0059080124,-0.011004508
2020-08-12,NKE,-0.017963886,0.015655756,0.004250288
2020-08-12,VZ,-0.011383832,0.0057233572,-0.0076551437
2020-08-12,WMT,-0.027575612,0.015731096,-0.012088954
2020-08-13,AAPL,0.020749688,-0.017536521,0.017945647
2020-08-13,AMGN,-0.015158296,0.027002692,-0.018341839
2020-08-13,CRM,0.020852208,0.033324718,-0.029123068
2020-08-13,CSCO,-0.0019218326,0.013077974,-0.0042327046
2020-08-13,IBM,-0.0017288327,0.019154668,-0.0052102208
2020-08-13,INTC,-0.027412832,0.017726898,-0.0073419213
2020-08-13,MSFT,0.0058506727,0.010984659,-0.025344372
2020-08-13,NKE,0.0030850172,0.00049185753,-0.00076699257
2020-08-13,VZ,3.3259392e-05,0.014529943,-0.016186535
2020-08-13,WMT,-0.0046728849,0.0058048964,-0.0062577724
2020-08-14,AAPL,0.018213034,0.017791986,-0.008931756
2020-08-14,AMGN,-0.014073551,0.022792935,-0.016469657
2020-08-14,CRM,8.3804131e-05,-0.0048090219,-0.0090956688
2020-08-14,CSCO,0.0088324547,-0.0044990182,-0.009773016
2020-08-14,IBM,-0.0010004044,0.012404203,0.0084878206
2020-08-14,INTC,0.0077946186,-0.0071954131,-0.010295033
2020-08-14,MSFT,-0.0028327107,0.028325081,-0.0097557902
2020-08-14,NKE,-0.004460156,0.013396502,-0.0079011917
2020-08-14,VZ,-0.021183431,0.011679769,-0.011977732
2020-08-14,WMT,0.010267377,0.0073043108,-0.0022492409
2020-08-17,AAPL,-0.0053765774,0.015878439,-0.0097562671
2020-08-17,AMGN,0.0091170073,0.016895771,-0.006570518
2020-08-17,CRM,-0.018233418,0.015440583,-0.0095286369
2020-08-17,CSCO,-0.0042284727,0.010356069,-0.0014098287
2020-08-17,IBM,0.0022990704,0.0028282404,0.001108408
2020-08-17,INTC,-0.016927898,0.016378045,-0.015973151
2020-08-17,MSFT,0.0038049221,0.021692157,-0.0022004247
2020-08-17,NKE,0.036105394,-0.0099595189,0.0087375641
2020-08-17,VZ,-0.037908554,-0.00037992001,-0.0094516873
2020-08-17,WMT,-0.0020455718,0.010707498,-0.0043948293
2020-08-18,AAPL,-0.010308266,0.011672497,-0.02022469
2020-08-18,AMGN,-0.0068901181,0.024447799,-0.0094522834
2020-08-18,CRM,0.014258504,0.0035005808,-0.0095740557
2020-08-18,CSCO,0.0079950094,0.023567915,-0.0085437298
2020-08-18,IBM,0.0055642128,0.0035271645,-0.011060953
2020-08-18,INTC,0.019929647,0.017838359,-0.0032199025
2020-08-18,MSFT,0.018234134,0.015650511,-0.014966547
2020-08-18,NKE,-0.019642651,0.02129364,-0.0011894107
2020-08-18,VZ,0.006925106,0.011795402,-0.0095623732
2020-08-18,WMT,-0.02189678,0.0047361851,-0.009013176
2020-08-19,AAPL,0.023486257,0.013211012,-0.010403454
2020-08-19,AMGN,-0.0027195215,0.012615323,-0.002263844
2020-08-19,CRM,-0.0071927905,0.028096914,-0.011275351
2020-08-19,CSCO,-0.010692954,-0.0065066814,-0.011008501
2020-08-19,IBM,0.013892055,0.013994336,0.0028628111
2020-08-19,INTC,-0.0070860982,0.0025469065,-0.010508776
2020-08-19,MSFT,0.01036191,0.013336301,-0.007386446
2020-08-19,NKE,0.0081944466,0.017842531,-0.0099395514
2020-08-19,VZ,-0.00034111738,0.021184444,-0.012571812
2020-08-19,WMT,0.0010920763,0.010041714,0.011971951
2020-08-20,AAPL,-0.01766634,-0.0018707514,-0.00064992905
2020-08-20,AMGN,-0.00920403,0.028251052,-0.0025352836
2020-08-20,CRM,0.0085530281,0.0039559603,-0.025832713
2020-08-20,CSCO,0.010013461,0.0060150623,-0.01116997
2020-08-20,IBM,-0.024855673,0.0086174011,-0.011527538
2020-08-20,INTC,-0.0060164332,0.011617184,-0.011705577
2020-08-20,MSFT,-0.0012154579,0.015699983,-0.020209789
2020-08-20,NKE,0.011830091,0.016618252,-0.0029253364
2020-08-20,VZ,-0.0005351305,0.0028069019,-0.017153978
2020-08-20,WMT,0.0018599033,0.010523677,-0.017345667
2020-08-21,AAPL,-0.017922282,0.022101164,0.017373681
2020-08-21,AMGN,-0.0081694722,0.026315689,-0.024738967
2020-08-21,CRM,0.021896482,0.012900472,-0.005953908
2020-08-21,CSCO,-0.018036127,0.0060911179,-0.022898912
2020-08-21,IBM,-0.0070653558,-0.0007225275,-0.00085252523
2020-08-21,INTC,-0.007014811,0.00029993057,-0.021974504
2020-08-21,MSFT,-0.0025085211,-0.0042866468,-0.028734982
2020-08-21,NKE,-0.0057236552,0.014808178,-0.034971714
2020-08-21,VZ,-0.020501435,0.0072307587,-0.031392574
2020-08-21,WMT,-0.023923576,0.017052531,-0.0030053854
2020-08-24,AAPL,-0.018516302,-0.0038433075,-0.01631242
2020-08-24,AMGN,0.025209904,0.02618289,-0.019327581
2020-08-24,CRM,-0.0020822883,-0.00097453594,0.0116539
2020-08-24,CSCO,0.010958195,0.00095129013,-0.010689974
2020-08-24,IBM,-0.0065808892,0.014961123,0.0035042763
2020-08-24,INTC,-0.027235687,0.0040487051,-0.012884974
2020-08-24,MSFT,0.032478094,0.018994212,-0.023243368
2020-08-24,NKE,-0.028794169,-0.00090533495,-0.018200994
2020-08-24,VZ,-0.013806343,0.013258696,-0.021082997
2020-08-24,WMT,0.0063565969,0.0074084997,-0.010907173
2020-08-25,AAPL,-0.0075553656,0.012189746,-0.012468636
2020-08-25,AMGN,0.00451684,0.022077084,-0.026107788
2020-08-25,CRM,-0.041223824,0.015248775,-0.023228049
2020-08-25,CSCO,0.0069686174,0.021733642,-0.00022953749
2020-08-25,IBM,-0.0041829348,0.011225343,-0.013163328
2020-08-25,INTC,-0.017333508,1.0848045e-05,0.0020039082
2020-08-25,MSFT,0.032203794,0.012792349,-0.025722027
2020-08-25,NKE,0.010811567,0.0077178478,-0.010829866
2020-08-25,VZ,-0.0064322352,-0.0012028813,-0.0037447214
2020-08-25,WMT,1.2040138e-05,0.012810826,-0.0059357285
2020-08-26,AAPL,0.016282082,0.0098516941,-0.036759436
2020-08-26,AMGN,0.00074887276,0.022339582,-0.029261291
2020-08-26,CRM,0.013357043,-0.0064786673,-0.013547003
2020-08-26,CSCO,-0.036449671,-0.0055781603,0.0043741465
2020-08-26,IBM,-0.031835318,-0.0050273538,-0.0035170317
2020-08-26,INTC,-0.037081957,0.024196982,-0.020056486
2020-08-26,MSFT,0.030602455,0.021254539,-0.010660768
2020-08-26,NKE,-0.0043755174,0.0086292028,-0.0073613524
2020-08-26,VZ,-0.011462569,0.00067913532,0.013154149
2020-08-26,WMT,-0.00045925379,0.012369633,-0.0052669048
2020-08-27,AAPL,-0.00050145388,0.010416031,-0.024107575
2020-08-27,AMGN,0.011308074,0.019301772,-0.0092143416
2020-08-27,CRM,-0.0074593425,0.016759396,-0.024725437
2020-08-27,CSCO,-0.035721898,0.011380911,-0.016230047
2020-08-27,IBM,-0.015121758,0.009509325,-0.0014646053
2020-08-27,INTC,0.014419675,0.012174606,-0.0046647191
2020-08-27,MSFT,-0.013949156,-0.0038542747,-0.00032281876
2020-08-27,NKE,0.021520615,0.028856754,-0.0021569729
2020-08-27,VZ,0.0082708597,-0.0097326636,0.00029909611
2020-08-27,WMT,0.0032093525,0.02752161,-0.022768736
2020-08-28,AAPL,0.014181376,0.0078312159,-0.0081777573
2020-08-28,AMGN,-0.0084662437,0.018155217,-9.7036362e-05
2020-08-28,CRM,0.0035061836,0.011944056,-0.017054617
2020-08-28,CSCO,-0.0087402463,0.012055278,-0.0039952397
2020-08-28,IBM,-0.0061624646,0.0097851753,-0.0054477453
2020-08-28,INTC,-0.032796621,0.016322613,-0.01727742
2020-08-28,MSFT,0.00032114983,-0.014830291,-0.013897359
2020-08-28,NKE,-0.0088994503,0.0084371567,-0.005643785
2020-08-28,VZ,0.0047981739,0.017014265,-0.013927877
2020-08-28,WMT,-0.0047031641,-0.000438869,-0.018429399
2020-08-31,AAPL,-0.024147511,0.0108881,-0.0076850057
2020-08-31,AMGN,0.0079189539,0.021705031,-0.023355186
2020-08-31,CRM,0.067894816,0.04206574,-0.034563005
2020-08-31,CSCO,0.0036906004,-0.015751421,-0.016490638
2020-08-31,IBM,0.0081980228,0.007522583,0.00031220913
2020-08-31,INTC,-0.0072317719,0.021983981,-0.032361567
2020-08-31,MSFT,0.0087159872,0.0050959587,-0.010854363
2020-08-31,NKE,-0.0052487254,0.0017635822,-0.010200799
2020-08-31,VZ,0.012339115,0.02648592,-0.0066606402
2020-08-31,WMT,0.0036587715,0.0092087984,-0.0075062513
2020-09-01,AAPL,0.019062757,0.0075002909,-0.017455161
2020-09-01,AMGN,-0.020745695,-0.0023069978,-0.00036990643
2020-09-01,CRM,-0.027706861,0.0023758411,-0.026378334
2020-09-01,CSCO,0.006705761,0.0078214407,0.0017700195
2020-09-01,IBM,-0.016182303,-0.00075024366,-0.011787951
2020-09-01,INTC,-0.031154275,0.0083887577,-0.020977974
2020-09-01,MSFT,0.025051236,0.0060628653,0.0041261911
2020-09-01,NKE,0.010805011,0.012399197,-0.012420058
2020-09-01,VZ,0.003690958,0.0095602274,0.011963367
2020-09-01,WMT,0.012912869,0.013667941,0.0010794401
2020-09-02,AAPL,-0.010219812,-0.0055528879,-0.00127244
2020-09-02,AMGN,-0.014196754,-0.0002681613,-0.023862302
2020-09-02,CRM,-0.044596016,0.011013269,-0.01400435
2020-09-02,CSCO,0.013958216,-0.012031496,-0.014578104
2020-09-02,IBM,-0.0052503943,-0.0043738484,-0.017565072
2020-09-02,INTC,0.0018247366,0.010321259,0.0090723038
2020-09-02,MSFT,0.018057585,0.010106564,-0.0046151876
2020-09-02,NKE,-0.012025476,0.0036853552,-0.0080091357
2020-09-02,VZ,-0.0013349056,0.0040934086,-0.00059235096
2020-09-02,WMT,-0.012414277,-0.0034536719,0.0011765957
2020-09-03,AAPL,0.019126296,0.0008212328,-0.013923705
2020-09-03,AMGN,0.018644571,0.016949177,-0.0095570087
2020-09-03,CRM,-0.061387658,-0.003798306,-0.028068304
2020-09-03,CSCO,0.0023511648,-0.0013700724,-0.0035256147
2020-09-03,IBM,-0.0043321252,0.0091266632,-0.0066690445
2020-09-03,INTC,0.019766331,-0.0098700523,-0.014775574
2020-09-03,MSFT,0.0039519072,0.015927196,-0.025845647
2020-09-03,NKE,-0.030217409,0.040117025,-0.018104315
2020-09-03,VZ,-0.014892936,-0.0011520982,-0.012217343
2020-09-03,WMT,-0.013230026,0.013440132,0.0055087805
2020-09-04,AAPL,-0.010249317,0.019842386,-0.005605042
2020-09-04,AMGN,-0.016386509,-0.0066367984,0.0098047256
2020-09-04,CRM,-0.016221225,0.042270064,-0.026280284
2020-09-04,CSCO,0.014968038,0.023439765,-0.015233517
2020-09-04,IBM,0.0052876472,0.013226628,-0.0020844936
2020-09-04,INTC,0.013230443,0.0084764957,-0.01169914
2020-09-04,MSFT,-0.0080489516,0.019176483,-0.007751286
2020-09-04,NKE,0.013097286,0.010610342,0.020771265
2020-09-04,VZ,0.0024026632,0.0043818951,-0.015645802
2020-09-04,WMT,-0.00092351437,0.0047978163,-0.003205061
2020-09-08,AAPL,0.0037455559,-0.013504624,-0.010020256
2020-09-08,AMGN,-0.020130217,0.018378258,0.011845827
2020-09-08,CRM,-0.011917353,0.009352684,-0.037284434
2020-09-08,CSCO,-0.013222992,-0.0098674297,-0.0032210946
2020-09-08,IBM,0.00097322464,0.020278931,-0.014559209
2020-09-08,INTC,-0.019217849,-0.0069621205,0.0073060989
2020-09-08,MSFT,0.0095220804,0.010918617,-0.0081279874
2020-09-08,NKE,-0.00092059374,0.0095989704,-0.00019472837
2020-09-08,VZ,-0.011933804,0.0063877106,-0.0005941391
2020-09-08,WMT,-0.024310827,-0.00029337406,-0.011290729
2020-09-09,AAPL,-0.0028063655,0.015398741,-0.016019285
2020-09-09,AMGN,-0.0025739074,0.023567796,-0.0097143054
2020-09-09,CRM,0.019697189,0.056086063,-0.0082066655
2020-09-09,CSCO,0.0074561834,0.0032588243,-0.0075106025
2020-09-09,IBM,0.0021494627,0.014570832,-0.013052166
2020-09-09,INTC,0.025169253,-0.003418088,-0.024868488
2020-09-09,MSFT,-0.010639906,0.013070703,-0.0084081888
2020-09-09,NKE,-0.017653406,0.017753243,-0.028328717
2020-09-09,VZ,0.01181376,0.011247516,-0.010685146
2020-09-09,WMT,-0.030877471,0.017147303,-0.004527092
2020-09-10,AAPL,0.00016868114,0.034512281,-0.0055506229
2020-09-10,AMGN,-0.0015640259,-0.0067646503,-0.02486521
2020-09-10,CRM,-0.044262111,-0.016804039,-0.012171984
2020-09-10,CSCO,-0.0033830404,0.0021713972,-0.011669636
2020-09-10,IBM,0.013388515,-0.00017774105,-0.010870218
2020-09-10,INTC,0.015241265,0.010205984,-0.003880024
2020-09-10,MSFT,-0.0098561049,0.0064253807,-0.032388806
2020-09-10,NKE,0.0061841011,0.014513969,0.0038838387
2020-09-10,VZ,-0.022332072,0.022329688,-0.016330957
2020-09-10,WMT,-0.010796726,0.0052440166,-0.0081678629
2020-09-11,AAPL,0.027625203,0.0054798126,-0.017784655
2020-09-11,AMGN,-0.0014871955,0.02205503,-0.019242048
2020-09-11,CRM,0.010335088,-0.010987103,-0.023429692
2020-09-11,CSCO,0.0092256069,0.01292336,-0.015107393
2020-09-11,IBM,0.00010848045,0.028379917,-0.01402092
2020-09-11,INTC,-0.034659147,0.005161643,-0.024011374
2020-09-11,MSFT,-0.026329935,-0.0045113564,-0.00014215708
2020-09-11,NKE,-0.0016537309,0.00095617771,-0.012542307
2020-09-11,VZ,0.0089823008,0.01403892,-0.0079551935
2020-09-11,WMT,-0.0028983951,-0.0036454797,-0.0034683943
2020-09-14,AAPL,0.015314102,0.019712925,-0.023072481
2020-09-14,AMGN,0.013370991,0.015252948,-0.0076781511
2020-09-14,CRM,0.01347959,0.010532856,-0.033064365
2020-09-14,CSCO,0.038201809,0.010511637,-0.0079401135
2020-09-14,IBM,0.010348439,0.012687802,-0.010655224
2020-09-14,INTC,0.0019928217,0.01235497,-0.034157872
2020-09-14,MSFT,-0.01251477,0.0088298321,-0.031250119
2020-09-14,NKE,-0.0062716603,0.0080629587,0.00037324429
2020-09-14,VZ,-0.017223358,0.029699326,-0.004556179
2020-09-14,WMT,-0.0055353642,0.011867881,-0.0068029761
2020-09-15,AAPL,-0.025201619,0.012250543,-0.018804252
2020-09-15,AMGN,0.0043767691,0.018318415,-0.0090910196
2020-09-15,CRM,-0.02624321,0.004406929,-0.03105253
2020-09-15,CSCO,-0.014629066,-0.0029725432,-0.024708629
2020-09-15,IBM,-0.017441094,0.027223229,0.0033659935
2020-09-15,INTC,0.00026810169,0.0071597099,-0.010203779
2020-09-15,MSFT,-0.00089812279,0.0038181543,-0.025223136
2020-09-15,NKE,0.0028165579,-0.00044775009,-0.0093881488
2020-09-15,VZ,-0.014034748,0.012349963,0.0032974482
2020-09-15,WMT,0.0023363829,0.0042186975,-0.006418705
2020-09-16,AAPL,0.00011265278,0.0088785887,-0.015625715
2020-09-16,AMGN,-0.010563731,0.0044884682,-0.0034498572
2020-09-16,CRM,0.033761024,-0.013518572,-0.026563704
2020-09-16,CSCO,-0.010862291,0.015857697,-0.0021071434
2020-09-16,IBM,0.0043079853,0.0028842688,-0.024441957
2020-09-16,INTC,0.016193032,0.027371526,-0.0050221086
2020-09-16,MSFT,-0.012432277,0.0037503242,-0.0084016323
2020-09-16,NKE,-0.020485759,-0.0022528172,0.0020202398
2020-09-16,VZ,-0.0060298443,0.0063403845,-0.012792885
2020-09-16,WMT,-0.0057836771,-0.0066652298,-0.0079116821
2020-09-17,AAPL,-0.000467062,0.013062,-0.0048056841
2020-09-17,AMGN,-0.00092089176,0.019834518,-0.012681901
2020-09-17,CRM,0.010846376,0.025180221,-0.014356256
2020-09-17,CSCO,0.014490843,0.0047192574,-0.00074893236
2020-09-17,IBM,0.0058385134,0.015956044,-0.013835013
2020-09-17,INTC,-0.003677547,-0.0027801394,-0.0067896247
2020-09-17,MSFT,0.0012223721,0.012996078,-0.012560844
2020-09-17,NKE,-0.00045895576,-0.002120316,-0.013708174
2020-09-17,VZ,-0.022651315,-0.0018980503,-0.0090048313
2020-09-17,WMT,-0.021089911,-3.9815903e-05,-0.0034296513
2020-09-18,AAPL,-0.014314055,0.017589211,-0.0077262521
2020-09-18,AMGN,0.0061571598,0.01567626,-0.0086573362
2020-09-18,CRM,-0.010948479,-0.0091401339,-0.06099695
2020-09-18,CSCO,0.038853884,0.013446093,-0.013324201
2020-09-18,IBM,-2.7358532e-05,0.0066267252,-0.0085933208
2020-09-18,INTC,-0.01428628,0.0017482042,-0.014472246
2020-09-18,MSFT,-0.012605608,-0.014862359,-0.01535207
2020-09-18,NKE,-0.0057566166,0.021930575,-0.0051431656
2020-09-18,VZ,-0.031661928,0.0084606409,-0.0035927892
2020-09-18,WMT,-0.020419598,0.015283108,-0.0051676035
2020-09-21,AAPL,0.040892005,-0.0028234124,-0.020987988
2020-09-21,AMGN,0.00096690655,-0.013659596,-0.013575017
2020-09-21,CRM,0.007569313,-0.023082793,-0.0048572421
2020-09-21,CSCO,0.014241099,0.033370256,-0.024968624
2020-09-21,IBM,-0.0056066513,0.0074564219,-0.006744802
2020-09-21,INTC,0.023360014,0.0072780848,-0.0037165284
2020-09-21,MSFT,-0.011743844,0.015522599,-0.014038086
2020-09-21,NKE,-0.050539494,0.0088144541,-0.0006814003
2020-09-21,VZ,-0.00065618753,0.01738143,-0.002399385
2020-09-21,WMT,0.013735533,0.0048087835,-0.0037170053
2020-09-22,AAPL,-0.012829185,0.0078194141,-0.015369594
2020-09-22,AMGN,0.013145328,0.030084133,-0.031333268
2020-09-22,CRM,0.013465762,0.0076136589,-0.016971529
2020-09-22,CSCO,0.0011634827,0.01121974,-0.0066681504
2020-09-22,IBM,-0.015934825,0.018339634,-0.012208939
2020-09-22,INTC,-0.0055038333,0.023145318,-0.026169837
2020-09-22,MSFT,0.0054014921,-0.0027478337,-0.0048305988
2020-09-22,NKE,0.015992641,0.010609388,0.009406805
2020-09-22,VZ,0.0043519735,0.022680998,-0.0050134659
2020-09-22,WMT,-0.0094466209,0.0034707785,-0.0027101636
2020-09-23,AAPL,0.02589798,0.012611866,-0.013218403
2020-09-23,AMGN,-0.021062374,0.013239622,-0.0065390468
2020-09-23,CRM,-0.010938525,0.031717658,-0.016780138
2020-09-23,CSCO,0.0009354353,0.0012825727,-0.011970699
2020-09-23,IBM,0.017548203,-0.0037708879,0.0066642761
2020-09-23,INTC,0.0013848543,0.0087296963,-0.0043663383
2020-09-23,MSFT,0.018561482,0.0095158815,-0.00081288815
2020-09-23,NKE,-0.0096241236,0.00157094,-0.024847627
2020-09-23,VZ,-0.022541702,0.021428347,-0.0027365088
2020-09-23,WMT,-0.0058175921,0.0060881376,-0.012504935
2020-09-24,AAPL,0.01679337,0.0056935549,-0.023847699
2020-09-24,AMGN,-0.011836052,0.016592383,-0.0025439858
2020-09-24,CRM,0.027869225,0.026236296,-0.031625271
2020-09-24,CSCO,-0.015043318,0.020557642,-0.0034117103
2020-09-24,IBM,0.0050318241,0.017213225,-0.024620235
2020-09-24,INTC,0.026006103,-0.0024953485,-0.019907296
2020-09-24,MSFT,0.0082757473,-0.0059149861,-0.013713539
2020-09-24,NKE,0.025129557,0.021535158,0.020268679
2020-09-24,VZ,-0.026486218,0.01835084,-0.0082844496
2020-09-24,WMT,-0.016610444,-0.0096670985,0.0038384199
2020-09-25,AAPL,0.0074150562,0.0023833513,-0.011838913
2020-09-25,AMGN,-0.041978598,0.0031439066,0.017603397
2020-09-25,CRM,0.0030235052,-0.011559844,0.0028407574
2020-09-25,CSCO,-0.0093163848,-0.0012792349,-0.0025817752
2020-09-25,IBM,0.00066363811,-0.0033125281,-0.0084405541
2020-09-25,INTC,0.01279068,0.0090608597,-0.007017374
2020-09-25,MSFT,0.011229992,0.0018413067,-0.015580893
2020-09-25,NKE,0.0084143877,0.0116961,0.010945916
2020-09-25,VZ,0.0045213699,0.011147738,0.0035223961
2020-09-25,WMT,-0.0018213391,0.00028336048,0.0047358274
2020-09-28,AAPL,-0.062208056,-0.010145485,-0.0029858947
2020-09-28,AMGN,0.006041646,0.006329298,-0.0055347681
2020-09-28,CRM,0.015363812,0.014180779,-0.027897358
2020-09-28,CSCO,-0.00030064583,0.010928154,-0.016146779
2020-09-28,IBM,0.0071513653,0.020037532,-0.024695814
2020-09-28,INTC,0.017396688,-0.010394156,-0.021397948
2020-09-28,MSFT,-0.024202526,0.018798709,-0.018416405
2020-09-28,NKE,-0.0058668256,0.02199769,-0.017842233
2020-09-28,VZ,0.00026535988,0.015390873,-0.01095289
2020-09-28,WMT,-0.0049508214,0.013465881,-0.013803303
2020-09-29,AAPL,-0.011091411,0.0026483536,-0.013702989
2020-09-29,AMGN,-0.00020432472,0.028497815,-0.01723069
2020-09-29,CRM,0.0013724566,0.013779521,-0.040297806
2020-09-29,CSCO,0.019604802,0.0086768866,0.0083435774
2020-09-29,IBM,0.0073667765,0.0099791288,-0.023833215
2020-09-29,INTC,-0.0058814883,0.025598526,-0.013142169
2020-09-29,MSFT,-0.0053138733,-0.0014697909,-0.019024014
2020-09-29,NKE,0.019897223,0.0020573139,-0.0019546747
2020-09-29,VZ,-0.0060109496,0.019652843,0.010127068
2020-09-29,WMT,-0.0066157579,0.0099400282,-0.010747194
2020-09-30,AAPL,-0.045526028,0.026956677,0.0054214001
2020-09-30,AMGN,0.0043574572,0.037186027,0.00015723705
2020-09-30,CRM,0.013575315,0.043775797,0.011647344
2020-09-30,CSCO,-0.013632655,0.0035351515,-0.0087153912
2020-09-30,IBM,-0.021679938,0.0097302198,-0.0067724586
2020-09-30,INTC,-0.011918366,0.018159866,-0.033568859
2020-09-30,MSFT,0.0024863482,-0.0016224384,0.0031963587
2020-09-30,NKE,0.0076209307,0.0094622374,0.0039846897
2020-09-30,VZ,-0.021997631,-0.0078870058,-0.012099326
2020-09-30,WMT,-0.0057970881,0.015556574,-0.0094239116
2020-10-01,AAPL,0.0043746233,0.0063370466,-0.0019319057
2020-10-01,AMGN,0.0050209761,-0.0065912008,-0.020054042
2020-10-01,CRM,-0.023166597,0.036965847,-0.044788659
2020-10-01,CSCO,-0.023105562,-0.006138742,0.0014042854
2020-10-01,IBM,0.010244846,0.017902136,-0.0074429512
2020-10-01,INTC,-0.027366161,0.033235431,-0.031981826
2020-10-01,MSFT,0.032029986,-0.0006698966,-0.00077569485
2020-10-01,NKE,-0.02668941,0.0044418573,0.0017136335
2020-10-01,VZ,-0.013659716,-0.0042153597,-0.0057644844
2020-10-01,WMT,-0.016586006,0.016873121,-0.016779125
2020-10-02,AAPL,0.009531498,0.00682199,-0.027289391
2020-10-02,AMGN,-0.013528168,0.0051782131,-0.0024144053
2020-10-02,CRM,-0.026481092,0.0096365213,-0.018818676
2020-10-02,CSCO,-0.0064640045,0.019162059,-0.0043672919
2020-10-02,IBM,-0.00045418739,0.016228318,-0.00029110909
2020-10-02,INTC,-0.0044486523,0.019413471,-0.018081784
2020-10-02,MSFT,0.029759407,0.0177809,0.0014519691
2020-10-02,NKE,0.019387007,0.017798901,-0.0081167221
2020-10-02,VZ,-0.018675923,-0.0060334206,-0.014279425
2020-10-02,WMT,0.0092861652,0.021644115,-0.011827469
2020-10-05,AAPL,-0.016881227,0.0083341599,-0.0094952583
2020-10-05,AMGN,-0.0024598241,0.028538823,0.0023742914
2020-10-05,CRM,0.027842879,-0.00034576654,-0.01289463
2020-10-05,CSCO,-0.025756836,0.019611239,0.0081276894
2020-10-05,IBM,0.01851809,0.0095934868,-0.023268938
2020-10-05,INTC,-0.02352792,-0.012488723,-0.024947166
2020-10-05,MSFT,0.0073449612,0.0046684742,0.0025513172
2020-10-05,NKE,-0.012832224,0.0052571297,-0.03428793
2020-10-05,VZ,-0.018015265,0.015304565,-0.0089817047
2020-10-05,WMT,-9.5188618e-05,0.017453074,-0.0019898415
2020-10-06,AAPL,0.016059399,0.017963409,-0.018839896
2020-10-06,AMGN,0.0052365065,0.017070055,-0.014389992
2020-10-06,CRM,0.010872126,0.0099385977,-0.019312084
2020-10-06,CSCO,-0.011402965,0.01601398,-0.011378825
2020-10-06,IBM,-0.011999726,0.0047587156,0.0034140348
2020-10-06,INTC,0.013395548,0.011689663,-0.015777349
2020-10-06,MSFT,-0.018215537,-0.00051409006,-0.017033339
2020-10-06,NKE,-0.012318671,0.015393138,-0.0013062358
2020-10-06,VZ,-0.020166457,0.0086392164,-0.002807796
2020-10-06,WMT,0.0014555454,0.0094722509,-0.0059794188
2020-10-07,AAPL,0.01383853,0.014297009,0.006562233
2020-10-07,AMGN,-0.007794857,0.014081359,-0.0017027855
2020-10-07,CRM,0.028124809,0.0155797,0.0018362999
2020-10-07,CSCO,0.0032918453,0.007593751,-0.0042503476
2020-10-07,IBM,0.011724114,-0.0025653243,-0.00029945374
2020-10-07,INTC,-0.0042720437,0.0033410788,-0.010224462
2020-10-07,MSFT,0.01357317,0.0097874403,-0.01907748
2020-10-07,NKE,-0.0035256147,0.012034535,-0.0057519674
2020-10-07,VZ,0.00012242794,0.025379896,-0.012267292
2020-10-07,WMT,-0.017780304,0.0061676502,-0.0057735443
2020-10-08,AAPL,-0.0079503059,0.011600375,0.0045188665
2020-10-08,AMGN,-0.022472024,-0.0011085272,-0.0060124993
2020-10-08,CRM,0.0079689026,-0.0033633709,-0.034289658
2020-10-08,CSCO,-0.019909978,-0.0021806359,-0.0021147132
2020-10-08,IBM,-0.014429569,0.014915705,-0.0027248859
2020-10-08,INTC,0.0028694868,0.0021113157,-0.018009067
2020-10-08,MSFT,0.0025793314,0.021525741,-0.02721262
2020-10-08,NKE,-0.0085448623,0.013021946,0.0058871508
2020-10-08,VZ,0.012338758,0.00056755543,-0.0029931068
2020-10-08,WMT,-0.0042276382,0.0093153715,-0.022131264
2020-10-09,AAPL,0.010448694,0.018870711,-0.017359078
2020-10-09,AMGN,-0.026344359,0.016964555,-0.0017794371
2020-10-09,CRM,-0.0053557754,0.019550323,-0.0036596656
2020-10-09,CSCO,-0.014429271,0.0043348074,-0.00049602985
2020-10-09,IBM,0.0026009083,0.0076214075,-0.010433197
2020-10-09,INTC,0.018958211,0.0041077137,-0.016892493
2020-10-09,MSFT,-0.0068793297,0.0036138296,-0.011208415
2020-10-09,NKE,0.018606663,0.012192249,-0.0054861903
2020-10-09,VZ,0.014792085,0.013189435,-0.015335202
2020-10-09,WMT,-0.0070579052,0.01203084,-0.014792323
2020-10-12,AAPL,0.0064560175,0.0094999075,-0.01093328
2020-10-12,AMGN,-0.007591486,0.0044977665,0.0093017817
2020-10-12,CRM,-0.022790849,0.019092321,-0.023507714
2020-10-12,CSCO,0.038155317,0.029785275,-0.0051315427
2020-10-12,IBM,0.048664689,0.0047774315,-0.011555791
2020-10-12,INTC,0.028149843,0.0063176155,-0.0092654824
2020-10-12,MSFT,0.014540076,0.023728609,-0.01274991
2020-10-12,NKE,-0.013160288,0.018540978,-0.022937775
2020-10-12,VZ,0.0016878843,0.019175291,-0.022006571
2020-10-12,WMT,0.0067676306,0.0058398247,0.0042675734
2020-10-13,AAPL,-0.018779099,0.01623404,-0.0020936728
2020-10-13,AMGN,-0.017217815,0.0076243877,-0.019899726
2020-10-13,CRM,-0.013943553,0.017684817,0.0012952089
2020-10-13,CSCO,-0.0087623,0.013871551,0.0015438795
2020-10-13,IBM,-0.0086731315,0.017047763,-0.0042732358
2020-10-13,INTC,0.023111224,-0.0097160935,0.00015497208
2020-10-13,MSFT,-0.012813926,-0.0013229847,-0.01297456
2020-10-13,NKE,-0.030085444,0.0087993145,-0.013548493
2020-10-13,VZ,0.0075985193,0.0011228323,-0.014909685
2020-10-13,WMT,-0.01603502,0.0040272474,-0.0036143661
2020-10-14,AAPL,-0.012246311,0.012992501,-0.0082318783
2020-10-14,AMGN,0.022830129,0.012312651,-0.03042233
2020-10-14,CRM,0.0026625395,0.0057479143,-0.0032242537
2020-10-14,CSCO,-0.012787223,-0.0038099885,-0.020159602
2020-10-14,IBM,0.012647033,0.013138175,-0.015668452
2020-10-14,INTC,0.027079105,0.011232853,-0.011629224
2020-10-14,MSFT,-0.014413059,0.017291665,-0.0070075393
2020-10-14,NKE,-0.025133908,0.026153088,-0.0044148564
2020-10-14,VZ,-0.027163506,0.0056897402,-0.0065402389
2020-10-14,WMT,-0.01734072,0.00012111664,0.0005415678
2020-10-15,AAPL,0.014493704,0.022198677,-0.012051761
2020-10-15,AMGN,-0.011365473,0.0030059814,0.00018322468
2020-10-15,CRM,-0.0053822398,0.011236191,-0.0094516873
2020-10-15,CSCO,0.0088703632,-0.012834787,-0.011240542
2020-10-15,IBM,0.007247448,0.017651558,-0.018962443
2020-10-15,INTC,0.0044409037,0.030512094,-0.019975722
2020-10-15,MSFT,-0.0023655891,0.014802933,-0.0070587993
2020-10-15,NKE,-0.010470212,-0.004733026,-0.017134845
2020-10-15,VZ,-0.028534472,0.012306929,-0.011374593
2020-10-15,WMT,-0.01300019,0.01757431,-0.012480855
2020-10-16,AAPL,0.00095498562,0.017518282,-0.005138576
2020-10-16,AMGN,0.0096740723,0.037014127,-0.0049452782
2020-10-16,CRM,-0.0071566105,0.020824432,-0.023925364
2020-10-16,CSCO,-0.0028985739,0.011401415,-0.0093143582
2020-10-16,IBM,-0.010783613,0.0031144619,-0.0043538213
2020-10-16,INTC,0.016104341,0.011482596,-0.016804278
2020-10-16,MSFT,0.012812972,0.011322379,-0.020098865
2020-10-16,NKE,-0.013470829,-0.00033605099,-0.00058925152
2020-10-16,VZ,-0.02148366,-0.0076677203,-0.00069081783
2020-10-16,WMT,-0.001511693,-0.0016238093,-0.00462538
2020-10-19,AAPL,-0.010944963,0.008032918,-0.0091042519
2020-10-19,AMGN,-0.013414502,-0.0039848089,-0.012405574
2020-10-19,CRM,-0.018110275,0.013539433,-0.0093117952
2020-10-19,CSCO,0.044112921,-0.012137711,-0.025877476
2020-10-19,IBM,-0.022048891,0.013528585,-0.0099148154
2020-10-19,INTC,0.018728733,0.014148593,-0.023250163
2020-10-19,MSFT,-0.024437547,0.032447577,-0.013232052
2020-10-19,NKE,-0.015351295,0.0041925907,-0.0056974888
2020-10-19,VZ,-0.032722056,0.01079464,-0.0095898509
2020-10-19,WMT,0.02279222,0.0011928082,-0.0050719976
2020-10-20,AAPL,0.018234968,0.016208649,0.017736435
2020-10-20,AMGN,-0.013414443,0.02027142,-0.013529003
2020-10-20,CRM,-0.023477554,0.0087438822,-0.0094254613
2020-10-20,CSCO,-0.020309925,0.01402235,-0.0029755235
2020-10-20,IBM,0.0070096254,-0.001781702,-0.015202582
2020-10-20,INTC,-0.012847781,0.021714449,-0.028222382
2020-10-20,MSFT,0.0029059649,0.0078036785,-0.01206094
2020-10-20,NKE,0.0114007,0.0043580532,-0.0072859526
2020-10-20,VZ,0.0012454987,0.017442584,0.0042866468
2020-10-20,WMT,0.014578938,0.015396833,-0.0025965571
2020-10-21,AAPL,0.015150666,0.03210485,-0.006118238
2020-10-21,AMGN,-0.014005542,0.012985468,-0.017479002
2020-10-21,CRM,-0.02164644,0.0080008507,-0.013669848
2020-10-21,CSCO,0.0032601357,0.022152066,-0.004933238
2020-10-21,IBM,0.015838981,0.0070567131,-0.019343078
2020-10-21,INTC,0.00095844269,0.0055168867,-0.0090955496
2020-10-21,MSFT,-0.0081127882,0.030634999,-0.011925638
2020-10-21,NKE,0.01091516,0.022500038,0.0019651651
2020-10-21,VZ,-0.03299278,0.016411066,-0.028871655
2020-10-21,WMT,0.011348486,0.021742582,0.0043859482
2020-10-22,AAPL,-0.0083444715,0.0034599304,-0.033360124
2020-10-22,AMGN,0.0063524246,-0.0028873682,-0.016302645
2020-10-22,CRM,0.0044925213,0.016312718,-0.033530712
2020-10-22,CSCO,0.018423557,0.0069220066,-0.0053725839
2020-10-22,IBM,0.0028252602,-0.0011334419,-0.008988142
2020-10-22,INTC,0.010990739,0.0058857203,-0.016578138
2020-10-22,MSFT,0.001573801,0.0021383762,-0.0079448819
2020-10-22,NKE,-0.023508847,0.011426568,-0.010952413
2020-10-22,VZ,-0.016380489,0.018141031,0.0025259256
2020-10-22,WMT,-0.0023680925,0.019220591,-0.010445237
2020-10-23,AAPL,-0.011371791,-0.013784885,-0.011762202
2020-10-23,AMGN,0.03411305,0.016782761,-0.019264281
2020-10-23,CRM,0.027324557,0.001721859,0.0108459
2020-10-23,CSCO,0.012618303,0.003385067,-0.011408925
2020-10-23,IBM,0.017170072,-0.00066918135,-0.018668175
2020-10-23,INTC,0.035589099,0.00798738,-0.0074877143
2020-10-23,MSFT,-0.014161408,-0.00035715103,0.0074669123
2020-10-23,NKE,0.02325964,0.011581898,-0.0094048381
2020-10-23,VZ,-0.025990605,0.021384001,-0.014289737
2020-10-23,WMT,0.011663318,0.024792075,-0.006223619
2020-10-26,AAPL,-0.019700527,0.015322566,-0.024252713
2020-10-26,AMGN,0.019265532,0.012062311,-0.011291623
2020-10-26,CRM,-0.027740002,0.055368781,-0.013297617
2020-10-26,CSCO,-0.0028600097,0.020641923,-0.0021986365
2020-10-26,IBM,0.0018881559,0.0042694807,-0.0044544935
2020-10-26,INTC,0.011766791,-0.00031030178,-0.016137898
2020-10-26,MSFT,0.015973091,0.018969417,0.010272145
2020-10-26,NKE,0.014012456,0.00038683414,-0.022756994
2020-10-26,VZ,-0.013088465,0.023767233,-0.0070243478
2020-10-26,WMT,-0.019324601,-0.0017042756,-0.016856849
2020-10-27,AAPL,0.019088387,0.00080609322,-0.0085945129
2020-10-27,AMGN,-0.015402019,0.015109062,-0.0094438791
2020-10-27,CRM,-0.017134309,-0.000182271,-0.0053281188
2020-10-27,CSCO,0.024808645,0.027813673,-0.01332891
2020-10-27,IBM,0.0030018091,-0.0030828714,0.00047314167
2020-10-27,INTC,-0.0093386769,0.014660597,0.0034495592
2020-10-27,MSFT,0.0056480169,0.0067884922,-0.014267862
2020-10-27,NKE,0.0023931265,0.009532094,0.0048718452
2020-10-27,VZ,-0.014479101,0.013384223,0.0046771765
2020-10-27,WMT,0.035581231,0.0082031488,-0.0066310763
2020-10-28,AAPL,0.015223145,0.022135496,-0.0062841773
2020-10-28,AMGN,-0.0114429,0.022357345,0.0017908812
2020-10-28,CRM,0.012996793,0.019325256,-0.03415972
2020-10-28,CSCO,-0.016971946,0.02518487,-0.018612266
2020-10-28,IBM,-0.0019920468,0.013911128,-0.017164469
2020-10-28,INTC,0.026368022,0.015682697,-0.0076195598
2020-10-28,MSFT,-0.010084867,0.011933684,-0.027464569
2020-10-28,NKE,-0.0015161633,-0.0059335232,0.01920557
2020-10-28,VZ,-0.0067928433,0.0081137419,-0.017681658
2020-10-28,WMT,-0.0017191172,0.013532043,-0.007873714
2020-10-29,AAPL,-0.00052183867,0.018330097,-0.00095504522
2020-10-29,AMGN,0.0029355288,0.0075750351,-0.0075070858
2020-10-29,CRM,-0.0021741986,-0.020987511,0.0015226603
2020-10-29,CSCO,-0.0069513321,0.014463425,-0.015928566
2020-10-29,IBM,-0.00015074015,0.0096901655,-0.011784494
2020-10-29,INTC,-0.0021932125,0.00075662136,-0.032320082
2020-10-29,MSFT,-0.014626861,0.023847222,-0.0055224895
2020-10-29,NKE,-0.028510809,0.013707042,-0.020032585
2020-10-29,VZ,0.010885954,0.0037953854,0.003421545
2020-10-29,WMT,0.023888707,0.013963223,-0.00073951483
2020-10-30,AAPL,-0.024703562,-0.014920235,-0.021304309
2020-10-30,AMGN,-0.022658825,0.024662018,-0.028220773
2020-10-30,CRM,0.039365172,0.023877382,-0.030068696
2020-10-30,CSCO,-0.032069504,0.014022708,-0.0099477768
2020-10-30,IBM,-0.015189588,0.010700226,-0.0065249205
2020-10-30,INTC,0.027970195,0.014109612,-0.017233491
2020-10-30,MSFT,-0.013260365,-0.00025063753,-0.0057846904
2020-10-30,NKE,0.018792987,0.0029752254,-0.0040705204
2020-10-30,VZ,-0.00083518028,0.012902617,-0.022714257
2020-10-30,WMT,-0.0015336275,-0.00069648027,0.0080438852
2020-11-02,AAPL,0.0070962906,0.003185153,-0.022096574
2020-11-02,AMGN,0.001091361,0.032299161,-0.014703274
2020-11-02,CRM,-0.014781952,0.005761981,-0.012039423
2020-11-02,CSCO,-0.0049426556,0.015610099,0.0040787458
2020-11-02,IBM,-0.017913997,0.022486329,0.0042303801
2020-11-02,INTC,-0.020569205,0.010446548,-0.017562747
2020-11-02,MSFT,-0.0046733022,0.015777946,-0.03318727
2020-11-02,NKE,0.017757297,-0.0036182404,-0.019082725
2020-11-02,VZ,0.010680676,0.014922619,-0.0074222088
2020-11-02,WMT,-0.012275338,0.0026583672,-0.0027347207
2020-11-03,AAPL,-0.00080215931,0.014005542,-0.0099842548
2020-11-03,AMGN,-0.0038357973,0.021774411,-0.0052325726
2020-11-03,CRM,-0.00058925152,0.029729962,-0.02600652
2020-11-03,CSCO,-0.01364994,-0.00062209368,-0.030037642
2020-11-03,IBM,0.0065188408,-0.014712036,-0.010266483
2020-11-03,INTC,0.0089997053,-0.0013538003,-0.014075696
2020-11-03,MSFT,-0.014858782,0.012645125,0.010103106
2020-11-03,NKE,-0.016363025,0.0094554424,-0.017017543
2020-11-03,VZ,-0.0062560439,0.011974931,0.0067210197
2020-11-03,WMT,0.010867596,0.0078099966,0.004734993
2020-11-04,AAPL,0.0057580471,0.005990386,-0.030183792
2020-11-04,AMGN,0.014571786,0.01705122,-0.027481198
2020-11-04,CRM,-0.013512373,0.019473314,-0.023414016
2020-11-04,CSCO,-0.018769979,0.012104988,0.007871747
2020-11-04,IBM,0.017947555,0.0098733902,-0.010684848
2020-11-04,INTC,0.0070530176,0.010546923,-0.0051983595
2020-11-04,MSFT,0.00025320053,0.017060161,-0.013255954
2020-11-04,NKE,-0.0097513795,-0.0063643456,-0.016136527
2020-11-04,VZ,-0.013191283,0.0039383173,0.003870368
2020-11-04,WMT,0.006308198,0.003636241,0.004899621
2020-11-05,AAPL,0.0017088652,0.012494802,-0.0028275847
2020-11-05,AMGN,0.0049085617,0.0064277649,-0.018808007
2020-11-05,CRM,-0.025641859,0.0351578,-0.030211687
2020-11-05,CSCO,0.0015420914,0.018805504,0.0037599802
2020-11-05,IBM,0.015607715,0.016551375,-0.0064204335
2020-11-05,INTC,0.0021944046,-0.00070363283,-0.020196497
2020-11-05,MSFT,-0.0064142942,0.002093792,-0.0059685707
2020-11-05,NKE,-0.0022242069,0.0087522268,-0.0085362792
2020-11-05,VZ,-0.0059220791,0.0065429211,-0.0056682229
2020-11-05,WMT,-0.013691723,0.012626886,-0.0062004924
2020-11-06,AAPL,-0.028071046,0.011347413,-0.015776098
2020-11-06,AMGN,0.027914166,0.01165247,-0.00089579821
2020-11-06,CRM,0.01734066,0.00023066998,-0.029613614
2020-11-06,CSCO,0.00087940693,0.030835748,-0.023058653
2020-11-06,IBM,0.03011477,0.002632618,-0.011793435
2020-11-06,INTC,0.0023571253,0.012268305,0.016649842
2020-11-06,MSFT,-0.0098773837,0.0066155195,-0.0066492558
2020-11-06,NKE,-0.016606927,0.012540817,-0.027285457
2020-11-06,VZ,-0.0060608387,0.015452623,-0.023490191
2020-11-06,WMT,0.0031894445,0.0052149296,0.017122388
2020-11-09,AAPL,-0.0025110841,0.0087599754,-0.01315546
2020-11-09,AMGN,0.025694013,0.026076555,-0.01574403
2020-11-09,CRM,0.0034534931,0.0023428202,-0.027196467
2020-11-09,CSCO,0.024510622,0.011370063,-0.0062300563
2020-11-09,IBM,-0.0050449967,-0.003364563,-0.0028015375
2020-11-09,INTC,-0.021455407,0.0069878101,-0.0022363663
2020-11-09,MSFT,0.007704258,0.0010186434,-0.0066567659
2020-11-09,NKE,-0.022616386,0.0093972683,0.0087251663
2020-11-09,VZ,0.012966156,0.0049711466,-0.003933847
2020-11-09,WMT,0.022049189,0.0020017624,0.00063359737
2020-11-10,AAPL,0.0082126856,0.001308322,-0.019662857
2020-11-10,AMGN,0.018456221,-0.029326379,-0.0055114031
2020-11-10,CRM,0.016415,0.0071923733,-0.012435615
2020-11-10,CSCO,-0.0071904063,0.0076783895,-0.01295656
2020-11-10,IBM,0.0019881725,0.016564608,0.0013992786
2020-11-10,INTC,-0.040343106,0.01768434,-0.023510039
2020-11-10,MSFT,0.0022435188,0.036186457,0.00011479855
2020-11-10,NKE,0.0060937405,-0.0056108236,-0.011242747
2020-11-10,VZ,-0.00072735548,0.020177841,-0.014041126
2020-11-10,WMT,-0.027603865,0.0071172714,-0.011373639
2020-11-11,AAPL,-0.039936841,0.019972563,0.0092868805
2020-11-11,AMGN,0.0044407845,0.026970863,-0.01017338
2020-11-11,CRM,-0.019147575,0.0022479296,-0.033297658
2020-11-11,CSCO,4.863739e-05,0.0045979023,-0.0077975988
2020-11-11,IBM,-0.016536772,0.0082714558,-0.024010777
2020-11-11,INTC,0.0060732365,-0.00011521578,-0.01541096
2020-11-11,MSFT,-0.011165142,0.003287077,-0.022970676
2020-11-11,NKE,-0.013844907,0.0073764324,0.014642
2020-11-11,VZ,0.023187637,0.019631028,-0.013602614
2020-11-11,WMT,0.019013047,0.015215158,-0.0016732216
2020-11-12,AAPL,0.0069936514,0.013706207,-0.024885535
2020-11-12,AMGN,-0.0024918318,0.009424448,-0.025708795
2020-11-12,CRM,0.022157907,0.016868472,-0.0085945725
2020-11-12,CSCO,0.010162115,0.02687037,-0.012656927
2020-11-12,IBM,-0.017923415,0.011720061,-0.013432741
2020-11-12,INTC,-0.01429534,0.009958744,-0.019433677
2020-11-12,MSFT,0.012352824,0.0078868866,-0.017255664
2020-11-12,NKE,-0.021126986,0.0043245554,-0.0073757768
2020-11-12,VZ,0.0022873878,0.011543989,-0.012471437
2020-11-12,WMT,0.013474584,0.0046647787,-0.018350661
2020-11-13,AAPL,0.010929823,0.023158908,-0.0044186115
2020-11-13,AMGN,0.0034804344,0.032151222,-0.012319088
2020-11-13,CRM,-0.021002173,-0.0014289021,-0.013224721
2020-11-13,CSCO,0.011322737,0.0074094534,-0.0097278953
2020-11-13,IBM,0.0046918392,0.0067110062,-0.017943919
2020-11-13,INTC,-0.03842628,0.0015362501,-0.019907355
2020-11-13,MSFT,0.035410166,0.036427975,-0.018681288
2020-11-13,NKE,-0.019616842,0.0057505369,0.022682548
2020-11-13,VZ,-0.0099346042,0.022891641,0.00010979176
2020-11-13,WMT,-0.030676544,-0.0035431981,-0.004871428
2020-11-16,AAPL,0.0037177801,0.017631531,-0.0078437328
2020-11-16,AMGN,-0.036266804,0.008581996,-0.011215866
2020-11-16,CRM,-0.014203966,0.035109758,-0.011037171
2020-11-16,CSCO,-0.018651843,0.0093185902,-0.0042490363
2020-11-16,IBM,0.039721489,0.0057328939,0.010371327
2020-11-16,INTC,-0.034953535,0.019796371,-0.019562125
2020-11-16,MSFT,0.010113358,0.003767252,-0.0086901188
2020-11-16,NKE,-0.026226699,-0.0077160597,-0.0068357587
2020-11-16,VZ,-0.0044645667,0.0090743303,-0.0034242272
2020-11-16,WMT,-0.0071259141,0.010661125,0.0011250973
2020-11-17,AAPL,0.0040434599,0.0093044043,-0.025412261
2020-11-17,AMGN,-0.0061567426,0.016213894,-0.0014291406
2020-11-17,CRM,0.049219608,0.0095735788,-0.013658226
2020-11-17,CSCO,-0.0075063705,0.021087408,0.0024752617
2020-11-17,IBM,0.01480794,0.011292696,-0.010414004
2020-11-17,INTC,-0.0038059354,-0.010020316,-0.00083470345
2020-11-17,MSFT,-0.0099416971,0.019834518,-0.022283196
2020-11-17,NKE,-0.0043757558,0.016487956,-0.0098332167
2020-11-17,VZ,0.0090485811,0.0085080862,-0.0095774531
2020-11-17,WMT,0.0071349144,0.012573361,-0.0088047981
2020-11-18,AAPL,-0.012287676,-0.02813071,-0.023118377
2020-11-18,AMGN,-0.024200916,0.0023274422,-0.0067473054
2020-11-18,CRM,0.0027761459,0.026534319,-0.010416985
2020-11-18,CSCO,-0.0022240281,0.018320084,-0.025253952
2020-11-18,IBM,-0.027086139,0.0057883263,-0.0039970279
2020-11-18,INTC,-0.0040372014,0.011228323,-0.0099615455
2020-11-18,MSFT,-0.0091317892,-0.0082536936,-0.0087579489
2020-11-18,NKE,0.019435048,0.009626627,-0.013426423
2020-11-18,VZ,-0.010418296,0.024553061,-0.0081804395
2020-11-18,WMT,0.0044611692,0.0099413395,0.00067830086
2020-11-19,AAPL,-0.002297461,0.0056759119,0.0023579597
2020-11-19,AMGN,-0.010535896,0.030493498,-0.018344283
2020-11-19,CRM,0.0098112822,0.034098744,-0.018088162
2020-11-19,CSCO,0.0085359812,0.0033597946,-0.011981606
2020-11-19,IBM,-0.01208359,0.011393309,-0.0048571229
2020-11-19,INTC,0.020557404,0.0081129074,-0.018966854
2020-11-19,MSFT,0.0054404736,0.015920997,0.00059115887
2020-11-19,NKE,-0.0047032833,0.017058015,-0.00049459934
2020-11-19,VZ,-0.0060886145,0.010152578,0.0074487925
2020-11-19,WMT,0.011748075,0.00075984001,-0.00092983246
2020-11-20,AAPL,-0.0077030063,0.026481628,-0.031828642
2020-11-20,AMGN,0.028905153,0.024164438,-0.020256579
2020-11-20,CRM,-0.010224938,0.0054233074,-0.032017887
2020-11-20,CSCO,-0.0016089678,0.017385125,-0.019088984
2020-11-20,IBM,0.017030478,0.01103425,-0.0010256171
2020-11-20,INTC,0.0056159496,0.022591472,0.0033706427
2020-11-20,MSFT,-0.015579581,0.0062451363,-0.01345396
2020-11-20,NKE,0.0026893616,-0.011327446,-0.015608251
2020-11-20,VZ,-0.021361113,-0.0027515292,-0.019249856
2020-11-20,WMT,-0.0046531558,0.010484099,0.0086236
2020-11-23,AAPL,-0.0034694672,0.0034583807,-0.0038259029
2020-11-23,AMGN,0.016754627,0.014788628,-0.010704577
2020-11-23,CRM,-0.0065482855,0.023629785,-0.009518981
2020-11-23,CSCO,-0.0052226186,0.0028753281,-0.0090583563
2020-11-23,IBM,-0.011018038,0.0010386705,-0.012015998
2020-11-23,INTC,-0.0013118386,0.0096646547,-0.016291142
2020-11-23,MSFT,-0.010006309,-0.0071498156,-0.017801821
2020-11-23,NKE,-0.021807373,0.0270226,-0.012197912
2020-11-23,VZ,-0.030365407,0.017070055,-0.016139448
2020-11-23,WMT,-0.00017523766,0.0085554123,-0.01393646
2020-11-24,AAPL,0.017936707,-0.0024223328,-0.026442349
2020-11-24,AMGN,0.031087756,0.011368752,-0.01517421
2020-11-24,CRM,0.040699601,0.0093023777,-0.038618863
2020-11-24,CSCO,0.00029027462,0.024194479,0.012520432
2020-11-24,IBM,0.0060329437,0.0098906755,-0.0048886538
2020-11-24,INTC,-0.044260979,0.012757421,-0.0036296248
2020-11-24,MSFT,0.016696334,0.013604164,-0.01551491
2020-11-24,NKE,0.062178969,0.0095340014,0.013594151
2020-11-24,VZ,-0.00084674358,0.011681318,0.011454225
2020-11-24,WMT,0.0072711706,0.00061643124,-0.011602819
2020-11-25,AAPL,0.0039839745,0.0024050474,-0.0023038387
2020-11-25,AMGN,0.0011595488,0.021251559,-0.022729933
2020-11-25,CRM,-0.0019990206,0.0037542582,-0.024145842
2020-11-25,CSCO,0.025247216,0.010863185,-0.0088983178
2020-11-25,IBM,0.0038859844,-0.00033813715,-0.0041513443
2020-11-25,INTC,-0.01041621,0.013823032,-0.014421582
2020-11-25,MSFT,-0.026392162,0.0057463646,0.00018179417
2020-11-25,NKE,-0.058642447,0.01527369,-0.0055390596
2020-11-25,VZ,-0.019159138,0.012340665,-0.0080110431
2020-11-25,WMT,0.0034581423,-0.0036744475,-0.021454155
2020-11-27,AAPL,-0.0020731091,-0.00076156855,-0.0043541193
2020-11-27,AMGN,-0.011992157,0.026589632,-0.02696532
2020-11-27,CRM,0.011000872,0.023255944,-0.016426146
2020-11-27,CSCO,-0.036168933,0.015851378,-0.019306421
2020-11-27,IBM,-0.0017193556,0.00621593,-0.011585534
2020-11-27,INTC,0.013722777,0.0002579689,-0.016831756
2020-11-27,MSFT,-0.00921911,-0.0015705824,-0.0014415979
2020-11-27,NKE,0.01074636,0.0059695244,0.0018684864
2020-11-27,VZ,-0.0099111199,-0.002956152,-0.0094046593
2020-11-27,WMT,-0.014865637,0.023802042,-0.022583365
2020-11-30,AAPL,-0.019015849,0.019790292,-0.026355207
2020-11-30,AMGN,-0.019545376,0.0071843863,-0.010511816
2020-11-30,CRM,-0.0077592134,0.021374106,-0.026792109
2020-11-30,CSCO,-0.016570866,0.020288825,0.0057758093
2020-11-30,IBM,0.010873675,0.0043350458,-0.0054992437
2020-11-30,INTC,-0.020135581,0.0037755966,-0.032115459
2020-11-30,MSFT,0.0055086613,0.03715384,-0.013692677
2020-11-30,NKE,-0.010783732,0.035357475,-0.0045623183
2020-11-30,VZ,-0.027917266,0.015897989,-0.014924169
2020-11-30,WMT,-0.0061045289,0.0085701942,0.0028619766
2020-12-01,AAPL,0.0015503168,0.013967633,0.0039664507
2020-12-01,AMGN,-0.018866658,0.010804176,-0.0058214068
2020-12-01,CRM,-0.043965697,0.037608743,0.00072431564
2020-12-01,CSCO,-0.0012840033,0.0050115585,-0.0077956915
2020-12-01,IBM,0.015602112,0.0058101416,0.00069391727
2020-12-01,INTC,-0.012157917,0.01346755,0.0099865198
2020-12-01,MSFT,0.0057405233,0.0076858997,0.00044214725
2020-12-01,NKE,-0.040537179,-0.0093254447,-0.0094873905
2020-12-01,VZ,-0.011850774,0.01348877,-0.0077221394
2020-12-01,WMT,-0.027350008,-0.0022374392,0.0028884411
2020-12-02,AAPL,-0.032307565,0.0025392771,-0.034462988
2020-12-02,AMGN,0.0097390413,0.032611728,-0.0030744672
2020-12-02,CRM,0.0063000917,0.029610991,0.024161935
2020-12-02,CSCO,0.0084981918,0.0025082827,-0.0086601973
2020-12-02,IBM,0.021416306,0.0095499754,-0.0059525371
2020-12-02,INTC,-0.0023337007,0.0080875158,-0.0080758333
2020-12-02,MSFT,0.034222245,0.017100811,-0.0092815161
2020-12-02,NKE,0.011985302,0.0022064447,-0.024876773
2020-12-02,VZ,-0.020612478,0.01520586,-0.0022378564
2020-12-02,WMT,0.0012924671,-0.00035101175,-0.00029951334
2020-12-03,AAPL,0.0078288317,0.019896865,-0.024588764
2020-12-03,AMGN,-0.039783835,0.00095057487,-0.025712192
2020-12-03,CRM,-0.031912088,0.0214746,-0.029290259
2020-12-03,CSCO,-0.020399034,-0.003184855,0.014011383
2020-12-03,IBM,0.013954043,0.0097082853,-0.016549528
2020-12-03,INTC,-0.0026463866,0.00037634373,-0.0022532344
2020-12-03,MSFT,-0.0031769872,0.011436462,0.0082074404
2020-12-03,NKE,-0.0032730699,0.010246992,-0.0099631548
2020-12-03,VZ,-0.0054048896,0.0073497295,-0.0047866702
2020-12-03,WMT,-0.0017652512,0.015023947,-0.0075760484
2020-12-04,AAPL,-0.011160731,0.0043967962,-0.037220061
2020-12-04,AMGN,0.00085043907,0.015142798,-0.0093001723
2020-12-04,CRM,-0.0015230775,0.025178075,-0.02558738
2020-12-04,CSCO,-0.017985642,0.0039919615,-0.0042218566
2020-12-04,IBM,-0.011421859,0.012870193,-0.011582851
2020-12-04,INTC,0.035848379,0.0042858124,-0.0079322457
2020-12-04,MSFT,-0.0097754598,0.0087541342,-0.0084506869
2020-12-04,NKE,-0.00037819147,-0.0010076165,-0.0055078864
2020-12-04,VZ,-0.0264678,0.024160266,-0.0071544647
2020-12-04,WMT,0.0094007254,0.0010955334,0.0072069168
2020-12-07,AAPL,0.027485609,0.011823177,-0.0064401627
2020-12-07,AMGN,0.00077950954,0.0201298,0.0073648691
2020-12-07,CRM,0.019777179,-0.0012511015,-0.0088652372
2020-12-07,CSCO,0.0080211163,0.003796339,-0.039617002
2020-12-07,IBM,-0.0017601848,0.014838934,0.0036298037
2020-12-07,INTC,-0.00077182055,-0.0001116395,0.0036758184
2020-12-07,MSFT,0.0025364161,-0.0027791858,-0.012017787
2020-12-07,NKE,0.012836814,0.018949151,-0.012997091
2020-12-07,VZ,0.019562721,0.0022279024,-0.0012918711
2020-12-07,WMT,0.0053911209,0.010578632,-0.010207236
2020-12-08,AAPL,0.017238855,0.021864414,-0.040880978
2020-12-08,AMGN,0.016921759,0.0087255239,-0.011835992
2020-12-08,CRM,-0.02720499,0.027409077,0.003195405
2020-12-08,CSCO,-0.0092157125,-0.00038325787,-0.0057655573
2020-12-08,IBM,-0.018124342,0.014477491,-0.007324934
2020-12-08,INTC,0.010745287,0.031293869,-0.001675427
2020-12-08,MSFT,0.0060479641,0.016168356,-0.022671819
2020-12-08,NKE,-0.019239485,0.00129354,-0.014530778
2020-12-08,VZ,-0.0041023493,0.00077879429,-0.013225317
2020-12-08,WMT,0.0053491592,-0.00037664175,-0.0045579076
2020-12-09,AAPL,0.0087065697,0.012037873,-0.0057591796
2020-12-09,AMGN,-0.0027401447,0.021263599,-0.020090938
2020-12-09,CRM,-0.0047698617,0.040562987,-0.010442972
2020-12-09,CSCO,-0.016506851,0.013363957,0.001934886
2020-12-09,IBM,0.0026534796,0.0085036755,-0.015374959
2020-12-09,INTC,-0.0085448623,0.0016555786,-0.0074911714
2020-12-09,MSFT,0.025775552,0.010082722,0.00037896633
2020-12-09,NKE,-0.018008828,0.014275789,-0.018505454
2020-12-09,VZ,0.017741203,-0.0029249191,-0.0063704252
2020-12-09,WMT,0.0043468475,0.017826319,-0.0012123585
2020-12-10,AAPL,-0.0033797026,0.028206706,-0.027310252
2020-12-10,AMGN,-0.0024647117,0.0010038614,0.0023342371
2020-12-10,CRM,-0.017846406,0.012142301,-0.0079431534
2020-12-10,CSCO,-0.0027641654,0.014073968,-0.0088569522
2020-12-10,IBM,0.0076314211,0.027063131,0.00034606457
2020-12-10,INTC,0.0028327703,0.019908309,-0.032473385
2020-12-10,MSFT,0.0027735233,-0.0032265186,-0.019046783
2020-12-10,NKE,-0.042568922,0.0068256855,-0.0012216568
2020-12-10,VZ,-0.0082340837,0.0043170452,0.0044394732
2020-12-10,WMT,0.0080575943,0.019280434,-0.015657842
2020-12-11,AAPL,0.022469163,-0.0066418052,0.021154761
2020-12-11,AMGN,-0.018921673,0.033102751,-0.025726616
2020-12-11,CRM,0.0077986717,-0.013752043,0.021785855
2020-12-11,CSCO,-0.00071948767,0.01016438,-0.010005891
2020-12-11,IBM,0.0054014921,0.0058102608,-0.005417943
2020-12-11,INTC,0.037980795,0.016242862,-0.0017496347
2020-12-11,MSFT,-0.00084865093,0.0021321774,-0.0066632032
2020-12-11,NKE,0.025412679,0.00044858456,-0.01173991
2020-12-11,VZ,0.0064105988,0.006608963,0.00071716309
2020-12-11,WMT,-0.0099099278,0.0077810287,-0.016329288
2020-12-14,AAPL,0.0012174845,0.032597065,-0.011258721
2020-12-14,AMGN,-0.008240521,0.015625238,-0.01607126
2020-12-14,CRM,0.022478938,0.016032696,-0.0013517141
2020-12-14,CSCO,0.0039899349,0.0094923973,-0.014885902
2020-12-14,IBM,-0.017257035,0.015610099,-0.011465371
2020-12-14,INTC,0.0030691624,0.019966006,-0.025734723
2020-12-14,MSFT,0.05037725,0.0045325756,-0.0035100579
2020-12-14,NKE,-0.012539089,0.016962647,-0.015151143
2020-12-14,VZ,-0.012615144,0.010756493,-0.0038446784
2020-12-14,WMT,-0.014797032,-0.0011281967,-0.027692258
2020-12-15,AAPL,0.020878077,0.0095709562,-0.023702085
2020-12-15,AMGN,0.012042642,0.0088136196,-0.024222851
2020-12-15,CRM,-6.377697e-05,0.0086247921,-0.0022174716
2020-12-15,CSCO,-0.024077892,-0.013138711,-0.013911605
2020-12-15,IBM,0.0036458969,0.013592601,-0.012178063
2020-12-15,INTC,0.018910289,0.025102019,0.026631594
2020-12-15,MSFT,0.0010027885,0.017665267,0.001283884
2020-12-15,NKE,0.0086885691,0.01528728,-0.0012475252
2020-12-15,VZ,-0.0029417872,0.012550592,0.0047547817
2020-12-15,WMT,-0.01463753,0.0026112795,-0.014523327
2020-12-16,AAPL,-0.0005992651,0.022955656,-0.022354364
2020-12-16,AMGN,-0.033825755,0.014553785,-0.0028984547
2020-12-16,CRM,-0.010712862,0.010973811,-0.040151715
2020-12-16,CSCO,0.017396092,0.01943624,-0.0097053051
2020-12-16,IBM,-0.0073572397,0.014645338,0.0059646368
2020-12-16,INTC,0.013873816,-6.8187714e-05,-0.0050510168
2020-12-16,MSFT,0.0037937164,0.0072062016,0.0063700676
2020-12-16,NKE,-0.012406945,0.0024261475,-0.016348064
2020-12-16,VZ,-0.018345296,-0.010133743,0.0098695755
2020-12-16,WMT,-0.020112991,0.0080832243,0.0050559044
2020-12-17,AAPL,-0.015411973,0.00018846989,-0.009776473
2020-12-17,AMGN,0.0014727116,0.0026035309,-0.022440255
2020-12-17,CRM,0.0047383308,0.052923679,-0.019231319
2020-12-17,CSCO,-0.012795925,0.031296372,-0.01974231
2020-12-17,IBM,0.0032550097,0.011318803,0.0029247999
2020-12-17,INTC,-0.019940674,0.0081427097,0.029871345
2020-12-17,MSFT,0.022243977,-0.00018531084,-0.021598995
2020-12-17,NKE,-0.030079484,0.0094960928,-0.012264073
2020-12-17,VZ,0.0090545416,0.012405276,-0.006049335
2020-12-17,WMT,0.0019658804,0.016672134,0.01029408
2020-12-18,AAPL,0.011355519,0.0092766285,-0.031392217
2020-12-18,AMGN,0.00057983398,0.011272311,-0.0045751333
2020-12-18,CRM,-0.0033429265,0.0071585178,-0.027705073
2020-12-18,CSCO,0.016577959,0.0069112778,-0.013195693
2020-12-18,IBM,0.0065052509,0.0044660568,-0.0088850856
2020-12-18,INTC,-0.020934999,-7.4207783e-05,-0.0043187737
2020-12-18,MSFT,-0.024961889,0.010865808,-0.016432703
2020-12-18,NKE,-0.0048532486,0.007917881,-0.017246783
2020-12-18,VZ,0.014282346,0.026403666,-0.0030349493
2020-12-18,WMT,0.0041991472,0.0082620382,-0.011230886
2020-12-21,AAPL,-0.025955975,-0.019798934,-0.022922993
2020-12-21,AMGN,0.0070910454,0.016039729,-0.014293551
2020-12-21,CRM,0.0065070391,0.05040741,-0.014337003
2020-12-21,CSCO,-0.027339578,0.0066380501,-0.025600851
2020-12-21,IBM,-0.029858828,-0.0092474222,-0.019128084
2020-12-21,INTC,0.012483239,0.0064029694,0.0052011013
2020-12-21,MSFT,-0.010564268,0.010441065,-0.0095708966
2020-12-21,NKE,0.0069806576,0.0047333241,-0.02051872
2020-12-21,VZ,-0.0082129836,0.014473796,-0.020628691
2020-12-21,WMT,0.0028073788,0.01943922,-0.0076453686
2020-12-22,AAPL,-0.015405893,-0.0010722876,-0.021593511
2020-12-22,AMGN,-0.0098947883,0.0084480047,-0.0035130978
2020-12-22,CRM,0.0015231371,0.0079208612,-0.030310094
2020-12-22,CSCO,0.017127752,0.0020625591,-0.029637635
2020-12-22,IBM,-0.0024898052,0.0063768625,-0.0067503452
2020-12-22,INTC,-0.0015473962,0.00015723705,-0.019855201
2020-12-22,MSFT,-0.0065512061,0.030047059,0.0083240271
2020-12-22,NKE,0.025693297,0.011191845,-0.0030699968
2020-12-22,VZ,-0.012590766,0.0095772743,-0.030477703
2020-12-22,WMT,-0.0024992824,0.003152132,-0.011332929
2020-12-23,AAPL,0.010880947,0.015445352,-0.022102833
2020-12-23,AMGN,-0.018504322,0.019391179,0.00013422966
2020-12-23,CRM,-0.034217119,0.038238883,-0.026353419
2020-12-23,CSCO,-0.024457157,0.024127483,-0.011533558
2020-12-23,IBM,-0.026122212,-0.0054417253,-0.010701299
2020-12-23,INTC,-0.043522298,0.00038981438,-0.011665702
2020-12-23,MSFT,-0.0095983148,0.016106963,-0.0074938536
2020-12-23,NKE,0.012804627,0.021156073,-0.0043119788
2020-12-23,VZ,-0.01636225,-0.0034896731,-0.01276803
2020-12-23,WMT,0.0037478209,-0.0025414824,0.0027828217
2020-12-24,AAPL,0.031316996,-0.0104568,-0.017332315
2020-12-24,AMGN,-0.014532685,0.0089536905,0.010131836
2020-12-24,CRM,-0.0017395616,0.041270256,-0.020164847
2020-12-24,CSCO,0.0045897961,0.024798274,0.00087475777
2020-12-24,IBM,-0.00012660027,0.020621896,0.0074317455
2020-12-24,INTC,-0.015022099,0.013349771,-0.01652807
2020-12-24,MSFT,-0.013394833,-0.0022314787,-0.006347537
2020-12-24,NKE,-0.011010766,0.0017575026,-0.0063241124
2020-12-24,VZ,-0.0130409,0.0052133799,-0.036153913
2020-12-24,WMT,0.0045155287,0.012421489,0.0030879974
2020-12-28,AAPL,-0.032167673,0.0061175823,-0.0081833601
2020-12-28,AMGN,-0.017829895,0.0035067797,-0.012895763
2020-12-28,CRM,-0.02481848,-0.0033202767,-0.013652503
2020-12-28,CSCO,0.023824692,-0.013960242,-0.0028551221
2020-12-28,IBM,-0.010452688,0.011491179,0.013433933
2020-12-28,INTC,0.016746998,0.01277566,-0.018260062
2020-12-28,MSFT,-0.0034579635,0.00091135502,-0.011357248
2020-12-28,NKE,-0.021790624,0.0048828125,-0.024019182
2020-12-28,VZ,-0.0043952465,-0.0071337819,-0.014025509
2020-12-28,WMT,0.0025199652,0.014628768,-0.0024444461
2020-12-29,AAPL,0.020257592,0.016065359,-0.017760992
2020-12-29,AMGN,-0.032617152,0.022352219,-0.019187152
2020-12-29,CRM,0.014301658,0.0068212748,-0.015830338
2020-12-29,CSCO,-0.032843769,0.0025149584,-0.028450251
2020-12-29,IBM,0.012557983,0.011821389,-0.012083054
2020-12-29,INTC,0.0084989071,0.017637968,-0.0030837655
2020-12-29,MSFT,-0.0068127513,0.0020395517,-0.017016709
2020-12-29,NKE,0.00098884106,0.010328889,-0.010243714
2020-12-29,VZ,-0.017122269,0.010012269,-0.007093668
2020-12-29,WMT,0.0033997297,0.013919473,-0.0046384335
2020-12-30,AAPL,-0.018511057,0.017815113,-0.0056838989
2020-12-30,AMGN,0.029188275,0.014427543,0.0013588667
2020-12-30,CRM,0.0030781031,0.024063349,-0.0067976117
2020-12-30,CSCO,0.022095799,0.0050467253,-0.012636364
2020-12-30,IBM,-0.0072099566,0.0031226873,-0.014720321
2020-12-30,INTC,-0.027104676,-0.0069528222,-0.0047518015
2020-12-30,MSFT,-0.021385193,0.012514472,-0.00088334084
2020-12-30,NKE,-0.013366044,0.016172171,-0.023807764
2020-12-30,VZ,-0.022716045,0.013064981,-0.0043100715
2020-12-30,WMT,-0.017151713,0.0037753582,0.0086914301
2020-12-31,AAPL,0.019399762,0.022239089,-0.024341166
2020-12-31,AMGN,-0.023829222,-0.0049695969,-0.0041908622
2020-12-31,CRM,-0.010693371,0.0036050081,-0.032459617
2020-12-31,CSCO,0.015457034,0.028460264,-0.012864649
2020-12-31,IBM,-0.031423569,0.0085721016,-0.0023146868
2020-12-31,INTC,-0.029090703,0.027056217,-0.022028267
2020-12-31,MSFT,0.012218475,0.006395936,-0.032367706
2020-12-31,NKE,0.0071125031,0.022188067,-0.01818192
2020-12-31,VZ,0.019816756,0.018658161,0.0018626451
2020-12-31,WMT,0.020670891,0.0043280125,0.0059332848
2021-01-04,AAPL,0.0099042654,0.0071612597,-0.013131857
2021-01-04,AMGN,-0.026646256,0.012432694,-0.006952703
2021-01-04,CRM,0.0085625648,0.0060586929,-0.010177076
2021-01-04,CSCO,-0.014160097,0.012955427,-0.011008203
2021-01-04,IBM,-0.019450486,-0.0078786016,-0.007060647
2021-01-04,INTC,0.025083661,0.0097638369,-0.013529539
2021-01-04,MSFT,-0.015343904,-0.0052342415,-0.0068206787
2021-01-04,NKE,-0.010018229,-0.010939121,0.0078984499
2021-01-04,VZ,-0.011788726,0.013362527,-0.015678525
2021-01-04,WMT,0.0046845675,0.011175275,-0.010548234
2021-01-05,AAPL,-0.0099476576,0.0087629557,-0.0098829865
2021-01-05,AMGN,0.019020677,0.012817383,-0.0077835917
2021-01-05,CRM,-0.0009393096,0.0047297478,-0.0010499358
2021-01-05,CSCO,-0.022313654,-0.018776596,-0.0035197139
2021-01-05,IBM,-0.0025779605,0.0001090765,-0.0039112568
2021-01-05,INTC,-0.010338187,0.0090067387,-0.008225441
2021-01-05,MSFT,-0.010875344,-0.0091283917,0.0041460991
2021-01-05,NKE,-0.0017401576,0.0087556839,-0.012752533
2021-01-05,VZ,0.00613904,0.013219595,-0.0042439699
2021-01-05,WMT,-0.0052745342,0.0030170679,-0.010883331
2021-01-06,AAPL,0.011920691,0.009676218,-0.0081597567
2021-01-06,AMGN,-0.010216296,0.024211884,-0.0096056461
2021-01-06,CRM,0.013398409,0.0065313578,-0.039848208
2021-01-06,CSCO,0.0036666393,0.0041524172,0.0022017956
2021-01-06,IBM,0.0022550821,0.015677929,-0.0042901039
2021-01-06,INTC,0.040604949,0.027446032,0.0028394461
2021-01-06,MSFT,-0.0093923807,0.0050768852,0.0072078705
2021-01-06,NKE,0.010709405,0.013676405,-0.020519674
2021-01-06,VZ,0.013877988,-0.0068798065,-0.0099920034
2021-01-06,WMT,0.009521842,0.0049319267,-0.0026721358
2021-01-07,AAPL,-0.0082398653,-0.0031805038,0.0024597645
2021-01-07,AMGN,-0.024205983,0.009483099,-0.011486769
2021-01-07,CRM,-0.0073578358,0.00068306923,-0.014959097
2021-01-07,CSCO,0.0091468096,0.011414766,-0.021862149
2021-01-07,IBM,0.0034269094,0.0054786205,-0.004316926
2021-01-07,INTC,-0.028232574,0.024751782,-0.011615515
2021-01-07,MSFT,-1.5079975e-05,0.0028877258,-0.020882308
2021-01-07,NKE,-0.0091608167,0.021849394,-0.011157751
2021-01-07,VZ,-0.01726836,0.0013266802,0.010547996
2021-01-07,WMT,0.021365523,0.010352254,-0.0090758801
2021-01-08,AAPL,-0.0063220263,0.0038644075,0.0013469458
2021-01-08,AMGN,0.0055741072,0.035303593,-0.017563224
2021-01-08,CRM,-0.024916232,0.0073801279,0.0057766438
2021-01-08,CSCO,0.0069493055,0.0086832047,-0.010768831
2021-01-08,IBM,0.0087095499,-0.0051565766,-0.010218441
2021-01-08,INTC,0.0042828321,0.0094512701,-0.0040827394
2021-01-08,MSFT,-0.0014420748,0.0048360825,-0.010903478
2021-01-08,NKE,0.014940262,0.0090862513,-0.002821207
2021-01-08,VZ,-0.019937694,0.023618817,-0.0034345984
2021-01-08,WMT,-0.00081217289,0.00066483021,-0.0038571954
2021-01-11,AAPL,0.014711738,-0.0097023249,-0.026625395
2021-01-11,AMGN,-0.010456383,0.021332264,-0.016592562
2021-01-11,CRM,0.0058755875,0.019575477,0.0061533451
2021-01-11,CSCO,-0.0035055876,0.019852877,-0.016687036
2021-01-11,IBM,0.0061585903,0.0080273151,-0.024419665
2021-01-11,INTC,0.010511756,0.0044350624,-0.0044672489
2021-01-11,MSFT,0.014488459,0.0017166138,-0.010994852
2021-01-11,NKE,-0.017687142,0.0061905384,-0.021679044
2021-01-11,VZ,-0.0095179677,0.006814599,-0.0092359781
2021-01-11,WMT,-0.014398217,-6.3061714e-05,0.0043113232
2021-01-12,AAPL,-0.01615274,0.012224078,-0.011446595
2021-01-12,AMGN,0.012625813,0.028463364,0.0062447786
2021-01-12,CRM,-0.0513708,0.0014225245,-0.052463472
2021-01-12,CSCO,-0.041766882,0.0042175055,-0.00027734041
2021-01-12,IBM,0.0068246126,0.0051864386,-0.0075179338
2021-01-12,INTC,0.0047994852,-0.012249529,-0.0014992356
2021-01-12,MSFT,-0.016553164,0.018510699,-0.0019339919
2021-01-12,NKE,0.032819748,0.0046211481,-0.0081663132
2021-01-12,VZ,-0.0080084205,0.013464212,-0.046328962
2021-01-12,WMT,-0.0143556,0.0058176517,0.0020115376
2021-01-13,AAPL,-0.016987741,0.034196854,-0.021429718
2021-01-13,AMGN,0.011965752,0.0066400766,-0.018620789
2021-01-13,CRM,0.0088714361,-0.0012809038,-0.022073209
2021-01-13,CSCO,-0.0079767704,0.0098448992,-0.0010446906
2021-01-13,IBM,-0.0093214512,0.018140674,-0.0041888952
2021-01-13,INTC,-0.0094559789,0.0017948151,-0.013822675
2021-01-13,MSFT,0.018463016,0.012723446,-0.016714513
2021-01-13,NKE,0.011918783,0.011960268,-0.0017495155
2021-01-13,VZ,-0.022047341,0.0048350096,-0.0015386343
2021-01-13,WMT,-0.0075285435,0.021928191,0.001834631
2021-01-14,AAPL,-0.0011628866,-0.0029011965,0.0089610815
2021-01-14,AMGN,-0.032053053,0.0032778978,-0.011400223
2021-01-14,CRM,0.029487491,0.013795018,-0.00050342083
2021-01-14,CSCO,-0.0063714385,0.00039386749,-0.015775263
2021-01-14,IBM,-0.017160356,0.011352897,-0.0020536184
2021-01-14,INTC,0.0033895969,0.011944532,-0.0096545815
2021-01-14,MSFT,-0.0077964664,-0.0027344227,-0.019210517
2021-01-14,NKE,-0.008267343,0.0075958967,-0.018104911
2021-01-14,VZ,0.0018194914,0.01646173,-0.011938035
2021-01-14,WMT,-0.0039203763,0.013918996,-0.010911584
2021-01-15,AAPL,0.0052453279,0.020365834,-0.014373362
2021-01-15,AMGN,0.00089156628,0.028883457,-0.0028716326
2021-01-15,CRM,0.010401249,0.031031251,-0.044454455
2021-01-15,CSCO,0.0098521709,0.019124269,-0.0036779642
2021-01-15,IBM,0.0066496134,-0.012399912,0.0014405251
2021-01-15,INTC,-0.0094881058,0.016525149,-0.00059688091
2021-01-15,MSFT,0.006119132,0.014588118,-0.010680497
2021-01-15,NKE,-0.025672495,0.0043208599,-0.0092042685
2021-01-15,VZ,0.013354659,0.01756835,0.013397098
2021-01-15,WMT,-0.0061827302,0.00033700466,-0.0041473508
2021-01-19,AAPL,-0.022162437,0.0071285963,-0.019240022
2021-01-19,AMGN,-0.014065504,0.017809033,-0.0096593499
2021-01-19,CRM,0.01102984,0.0045900345,-0.022518218
2021-01-19,CSCO,-0.020532072,0.019279242,-0.023849964
2021-01-19,IBM,-0.0064307451,0.0061001778,-0.013419092
2021-01-19,INTC,-0.020991445,-0.0044152141,-0.01841718
2021-01-19,MSFT,0.025659919,0.013195395,-0.00032347441
2021-01-19,NKE,-0.030185223,0.0043922663,-0.010726929
2021-01-19,VZ,0.0053056479,0.0025905371,-0.011637986
2021-01-19,WMT,-0.0032801628,0.017864823,0.0010104179
2021-01-20,AAPL,-0.0047705173,-0.00067663193,-0.018852115
2021-01-20,AMGN,-0.014528036,0.022216558,0.0024595261
2021-01-20,CRM,-0.031058133,0.0039054155,0.0042693615
2021-01-20,CSCO,0.022819877,-0.016972244,-0.020699263
2021-01-20,IBM,0.0026730299,0.0020258427,-0.011488616
2021-01-20,INTC,0.014717221,0.012448907,-0.025815189
2021-01-20,MSFT,0.0063284636,-0.0043057203,-0.016345501
2021-01-20,NKE,-0.0060902238,0.017694473,0.014950514
2021-01-20,VZ,0.0076717138,0.015411973,0.0018496513
2021-01-20,WMT,0.0021265745,0.010547161,0.016491532
2021-01-21,AAPL,0.018715024,-0.0020177364,-0.02080971
2021-01-21,AMGN,-0.0094386339,0.0043270588,-0.015681803
2021-01-21,CRM,-0.014960468,0.031809926,-0.0071339607
2021-01-21,CSCO,-0.022007048,0.020971298,-0.0026549101
2021-01-21,IBM,-0.0017591715,0.0062588453,-0.00013655424
2021-01-21,INTC,0.0031552315,0.0026345253,0.0047738552
2021-01-21,MSFT,0.018343091,0.0088039637,-0.0011450648
2021-01-21,NKE,0.0023112297,0.020041466,-0.015933454
2021-01-21,VZ,-0.014376879,0.018147111,-0.0088589787
2021-01-21,WMT,-0.025962353,0.010920882,-0.0078319311
2021-01-22,AAPL,-0.0056125522,0.051330328,-0.0099670291
2021-01-22,AMGN,-0.019779086,-0.002068758,-0.0082768202
2021-01-22,CRM,-0.026467025,0.01181519,0.005135417
2021-01-22,CSCO,0.0091515779,0.0044019222,-0.017900944
2021-01-22,IBM,-0.013660133,-0.0054507256,-0.018879414
2021-01-22,INTC,-0.0029438734,0.0034279823,-0.0047906041
2021-01-22,MSFT,-0.0033528209,-0.00058543682,0.0011122227
2021-01-22,NKE,-0.0071409941,0.012400508,-0.00022917986
2021-01-22,VZ,-0.00073683262,0.0060750246,-0.0073863864
2021-01-22,WMT,0.0046902895,-0.0024546981,-0.0047879815
2021-01-25,AAPL,0.046947122,-0.014497519,-0.02968663
2021-01-25,AMGN,-0.027588069,0.009021163,0.0061178207
2021-01-25,CRM,-0.020289958,0.021142006,-0.02723068
2021-01-25,CSCO,-0.00063872337,0.00013077259,-0.014219999
2021-01-25,IBM,-0.011861205,-0.00099754333,-0.0056682229
2021-01-25,INTC,0.0092899799,0.014823318,-0.0145998
2021-01-25,MSFT,0.011649489,0.010517359,0.0086661577
2021-01-25,NKE,0.00205338,0.025084972,-0.020429373
2021-01-25,VZ,-0.010249257,0.0091823339,-0.010645688
2021-01-25,WMT,-0.025799036,0.020370245,-0.0028101206
2021-01-26,AAPL,0.0056488514,0.03358078,-0.0086559653
2021-01-26,AMGN,-0.0021988153,0.0058759451,-0.0080932379
2021-01-26,CRM,-0.027549207,0.027456641,-0.036110222
2021-01-26,CSCO,-0.0081453919,0.0028581619,-0.010843337
2021-01-26,IBM,0.023069024,0.013593197,-0.0040679574
2021-01-26,INTC,0.0075331926,-0.011657894,-0.017038703
2021-01-26,MSFT,0.007641077,-0.0030405521,-0.012141228
2021-01-26,NKE,-0.0058635473,0.020508409,0.0014681816
2021-01-26,VZ,-0.013562977,-0.00053972006,-0.0015292168
2021-01-26,WMT,-0.0045672059,0.014406681,-0.00092750788
2021-01-27,AAPL,-0.006765902,0.023231387,-0.00027745962
2021-01-27,AMGN,0.014928579,0.019381762,-0.027228951
2021-01-27,CRM,0.019097447,0.019814372,-0.034150183
2021-01-27,CSCO,0.0073533058,0.0059591532,-0.0021472573
2021-01-27,IBM,-0.022082567,0.0058102608,-0.016713619
2021-01-27,INTC,-0.015861928,0.012310266,0.0071610212
2021-01-27,MSFT,-0.01824832,0.013939619,-0.0087682009
2021-01-27,NKE,0.017681956,0.0041655302,-0.0057099462
2021-01-27,VZ,-0.0075916648,0.014904261,0.016371608
2021-01-27,WMT,-0.012425601,-0.0017783642,-0.01282537
2021-01-28,AAPL,-0.0020366907,0.011744142,-0.011856556
2021-01-28,AMGN,0.025660753,0.0032092333,-0.0051688552
2021-01-28,CRM,-0.021184564,0.018685102,-0.002579093
2021-01-28,CSCO,-0.030293465,0.0056494474,-0.013534606
2021-01-28,IBM,-0.021599472,0.0093306303,-0.01923871
2021-01-28,INTC,-0.01404202,-0.013998032,-0.0021608472
2021-01-28,MSFT,0.017170072,0.017595172,-0.007399857
2021-01-28,NKE,0.0039695501,0.0027527809,-0.013902664
2021-01-28,VZ,-0.0096875429,0.0029214621,0.010138035
2021-01-28,WMT,0.0067183971,0.021323919,-0.016780615
2021-01-29,AAPL,-0.0059056282,0.015471935,-0.022191942
2021-01-29,AMGN,-0.0080635548,0.0077905655,0.0025588274
2021-01-29,CRM,0.013546109,0.010976911,-0.013487458
2021-01-29,CSCO,0.024344087,0.0069931746,0.004349947
2021-01-29,IBM,0.0061818361,0.0042597055,-0.018000543
2021-01-29,INTC,-0.020496368,0.0068451166,-0.013201773
2021-01-29,MSFT,-0.010589957,0.017669201,-0.0078843832
2021-01-29,NKE,-0.010395765,0.013940692,-0.041098237
2021-01-29,VZ,-0.01256156,0.014505506,-0.015682042
2021-01-29,WMT,0.0074312687,0.0076216459,-0.0063889027
2021-02-01,AAPL,0.0051717758,0.016964793,0.010831237
2021-02-01,AMGN,-0.039848804,0.012432694,-0.013987243
2021-02-01,CRM,-0.05160892,0.012526274,0.00016689301
2021-02-01,CSCO,-0.0056918263,0.010030866,-0.012613416
2021-02-01,IBM,0.0069482327,0.024671674,-0.0092355013
2021-02-01,INTC,0.013201833,0.0033978224,-0.0051381588
2021-02-01,MSFT,0.010893464,0.018271923,-0.016269028
2021-02-01,NKE,0.022855639,0.017180681,-0.0037900209
2021-02-01,VZ,0.0080939531,0.015786171,-0.023463249
2021-02-01,WMT,-0.018614471,0.0054460764,-0.015343726
2021-02-02,AAPL,-0.0030124187,0.017980099,-0.016185343
2021-02-02,AMGN,0.014271736,0.0018662214,-0.013587892
2021-02-02,CRM,-0.059457242,-0.0027763247,0.01725769
2021-02-02,CSCO,0.029323101,0.01334548,-0.012096465
2021-02-02,IBM,-0.017235577,0.02124095,0.0096246004
2021-02-02,INTC,0.010558367,0.0015823841,-0.011698723
2021-02-02,MSFT,-0.0033116937,0.0022146702,-0.014787853
2021-02-02,NKE,0.024333596,0.013031006,0.011513948
2021-02-02,VZ,0.0044970512,0.0048915148,0.001896739
2021-02-02,WMT,-0.0094616413,0.0083230734,-0.005633831
2021-02-03,AAPL,0.034714341,0.012046337,-0.010334194
2021-02-03,AMGN,0.0051938295,0.028216004,0.002492547
2021-02-03,CRM,0.0098358393,-0.009644866,-0.020197749
2021-02-03,CSCO,-0.036521077,-0.0028477907,0.0037753582
2021-02-03,IBM,0.035715342,0.0048238039,-0.0080412626
2021-02-03,INTC,-0.026028156,0.0050395727,-0.0032275319
2021-02-03,MSFT,-0.0037914515,-0.0079417825,-0.013214827
2021-02-03,NKE,-0.030068934,0.0102005,0.0017735958
2021-02-03,VZ,-0.018188179,0.011762857,-0.0046876669
2021-02-03,WMT,-0.02233237,0.008679986,-0.0065460801
2021-02-04,AAPL,0.00057423115,-0.026235521,-0.0064303279
2021-02-04,AMGN,-0.023490548,0.022651911,-0.010991633
2021-02-04,CRM,-0.032228768,0.021135807,-0.02363193
2021-02-04,CSCO,0.018598795,0.0046555996,-0.01412791
2021-02-04,IBM,0.015470743,0.026830077,0.0074423552
2021-02-04,INTC,-0.021176219,0.037482142,-0.024483562
2021-02-04,MSFT,0.026638031,-0.0015527606,-0.029334426
2021-02-04,NKE,-0.038827717,0.0031534433,-0.018704772
2021-02-04,VZ,-0.0055931211,0.0060485601,-0.01165843
2021-02-04,WMT,-0.014107406,0.0090184212,0.0076218843
2021-02-05,AAPL,-0.0068517923,0.003944993,-0.0077454448
2021-02-05,AMGN,0.00091862679,0.010771036,-0.019397974
2021-02-05,CRM,0.042097449,-0.0069170594,-0.0080599189
2021-02-05,CSCO,-0.0051288605,0.019576073,0.0099805593
2021-02-05,IBM,-0.020796001,-0.0017334819,0.0037919283
2021-02-05,INTC,-0.0031305552,0.014267325,-0.0075339079
2021-02-05,MSFT,-0.010333478,0.019744158,-0.011794388
2021-02-05,NKE,0.029122353,0.010277867,-0.0078749061
2021-02-05,VZ,0.00070357323,0.012493372,-0.010800183
2021-02-05,WMT,-0.0034679174,0.0038024187,-0.0092178583
2021-02-08,AAPL,-0.023986995,0.00047361851,-0.01292187
2021-02-08,AMGN,-0.019987941,0.013177514,-0.026079476
2021-02-08,CRM,-0.0056439638,0.0056031942,-0.025748491
2021-02-08,CSCO,-0.021033287,0.0066076517,-0.00043410063
2021-02-08,IBM,0.020360708,0.0016822815,0.002933979
2021-02-08,INTC,0.0029819012,0.023706675,-0.0061058402
2021-02-08,MSFT,-0.010551035,0.008897543,-0.0019652843
2021-02-08,NKE,-0.0080974102,0.0024769306,0.0050135851
2021-02-08,VZ,-0.010340393,0.010429859,-0.019482493
2021-02-08,WMT,0.03263998,0.01702857,-0.0038936138
2021-02-09,AAPL,-0.027676463,-0.0010564327,0.0070925951
2021-02-09,AMGN,0.0037415028,0.0075765848,-0.01361686
2021-02-09,CRM,0.036858678,0.00064098835,-0.016235292
2021-02-09,CSCO,0.0042831898,0.013295054,-0.0033815503
2021-02-09,IBM,-0.015251338,0.019765615,0.0067317486
2021-02-09,INTC,-0.030244052,0.0013672113,-0.022401273
2021-02-09,MSFT,0.006370306,-0.0029761195,0.00072145462
2021-02-09,NKE,-0.0036623478,-0.0031307936,-0.01862222
2021-02-09,VZ,-0.011344135,0.0062073469,-0.0025809407
2021-02-09,WMT,-0.010583878,0.010567307,-0.014163554
2021-02-10,AAPL,-0.015476882,0.023296595,0.0015559196
2021-02-10,AMGN,0.011189103,0.017746449,-0.015799105
2021-02-10,CRM,0.045559168,0.017154574,-0.0075153112
2021-02-10,CSCO,-0.0045437813,0.0023599863,-0.013854742
2021-02-10,IBM,-0.0080348253,0.00046575069,-0.012207091
2021-02-10,INTC,-0.019928634,-0.0051344633,0.0027623177
2021-02-10,MSFT,0.018060923,-0.0016893148,-0.018716335
2021-02-10,NKE,-0.0047559738,0.0098553896,-0.014638543
2021-02-10,VZ,0.005135417,0.013506293,-0.014785707
2021-02-10,WMT,-0.0049089193,0.0093179941,-0.00043791533
2021-02-11,AAPL,0.0018919706,0.009794116,0.010244966
2021-02-11,AMGN,-0.010891259,0.024056554,-0.016172528
2021-02-11,CRM,-0.0027632713,0.011436343,0.0084244013
2021-02-11,CSCO,0.014067054,-0.012218833,-0.016632617
2021-02-11,IBM,0.0075399876,0.015050411,-0.0094706416
2021-02-11,INTC,0.043724418,-0.003962636,0.0062528849
2021-02-11,MSFT,-0.0064123273,0.0083376169,-0.016788721
2021-02-11,NKE,-0.0012058616,0.019667149,0.002341032
2021-02-11,VZ,-0.0099458098,0.0023475885,0.00091087818
2021-02-11,WMT,0.0025353432,0.021423221,-0.0015782714
2021-02-12,AAPL,0.0021344423,0.0065078735,0.0071679354
2021-02-12,AMGN,-0.0101614,0.010262251,-0.017352045
2021-02-12,CRM,0.028309822,0.026549339,-0.041163027
2021-02-12,CSCO,0.0086330175,0.011936545,-0.011290789
2021-02-12,IBM,0.0052013397,-0.0067587495,-0.010970831
2021-02-12,INTC,-0.019695342,-0.0060297847,-0.019273579
2021-02-12,MSFT,0.0056337118,0.0032583475,-0.017142892
2021-02-12,NKE,-0.02128309,0.018070817,-0.01531601
2021-02-12,VZ,-0.018645823,0.022836566,0.0060015917
2021-02-12,WMT,-0.013182819,-0.0055381656,-0.0065141916
2021-02-16,AAPL,0.020887494,0.0042895079,-0.011598349
2021-02-16,AMGN,0.017998695,0.0029565096,-0.022413552
2021-02-16,CRM,-0.038811922,0.014023066,-0.0071442723
2021-02-16,CSCO,-0.065580249,0.012311459,0.0021239519
2021-02-16,IBM,0.0080685616,0.023159266,0.00037062168
2021-02-16,INTC,-0.0063845515,0.011133432,-0.011824369
2021-02-16,MSFT,0.0051323175,-0.0085863471,-0.0170151
2021-02-16,NKE,0.012745976,0.019442558,-0.007486701
2021-02-16,VZ,0.013732195,0.018562436,0.0029029846
2021-02-16,WMT,-0.012070119,0.0027946234,-0.014688313
2021-02-17,AAPL,-0.031702757,0.005787015,0.02312994
2021-02-17,AMGN,-0.014733374,0.014710903,-0.0092445016
2021-02-17,CRM,0.0044871569,0.0043108463,-0.011770368
2021-02-17,CSCO,0.0078858137,0.0010163784,-0.02434504
2021-02-17,IBM,0.0047284365,0.0080024004,-0.011145949
2021-02-17,INTC,-0.0078909397,-9.1254711e-05,-0.0031936169
2021-02-17,MSFT,-0.017304182,0.0019962788,-0.020296276
2021-02-17,NKE,0.030767083,0.023347497,0.0018143654
2021-02-17,VZ,-0.0060052872,0.023205638,-0.0090383887
2021-02-17,WMT,-0.018338442,0.018724918,-0.011287332
2021-02-18,AAPL,0.023203373,0.0095421076,-0.0074760318
2021-02-18,AMGN,0.0070909262,0.031535506,-0.010195613
2021-02-18,CRM,0.0093559027,0.0092086792,0.0036770105
2021-02-18,CSCO,0.010184526,0.027935863,0.0073800087
2021-02-18,IBM,-0.016808331,0.0038172007,-0.011544526
2021-02-18,INTC,0.00096857548,0.025521994,-0.024743199
2021-02-18,MSFT,0.0030152798,-0.0010019541,-0.012047291
2021-02-18,NKE,-0.018072009,0.010110378,0.002274394
2021-02-18,VZ,0.023728848,0.015543222,0.00051665306
2021-02-18,WMT,-0.0080093741,0.0045895576,-0.011555552
2021-02-19,AAPL,0.021999478,0.015063047,-0.026644289
2021-02-19,AMGN,-0.024867892,0.027820706,-0.014748335
2021-02-19,CRM,0.00058972836,0.03453505,-0.028795302
2021-02-19,CSCO,-0.0036847591,0.0091727972,-0.012115777
2021-02-19,IBM,-0.018265605,0.00077748299,0.0062839985
2021-02-19,INTC,0.012972474,0.013356566,-0.0032634735
2021-02-19,MSFT,0.0082899332,-0.0015680194,-0.0079784393
2021-02-19,NKE,-0.0095689893,0.012867332,-0.011481762
2021-02-19,VZ,-0.0080873966,0.015392184,-0.021154761
2021-02-19,WMT,-0.0064375997,0.020241737,-0.022946358
2021-02-22,AAPL,0.030730247,0.012296557,-0.0070047975
2021-02-22,AMGN,0.0046818256,0.0082204342,-0.00604105
2021-02-22,CRM,-0.017659545,0.011313558,-0.034041822
2021-02-22,CSCO,0.01245904,0.0044465065,-0.020019948
2021-02-22,IBM,-0.0021207929,0.021700144,-0.010417223
2021-02-22,INTC,-0.024630427,0.01821363,-0.0071514249
2021-02-22,MSFT,-0.0011724234,-0.00055980682,-0.0097702742
2021-02-22,NKE,-0.023150682,0.0082215071,0.0056530237
2021-02-22,VZ,-0.0098485351,0.02270174,0.0018460751
2021-02-22,WMT,0.0019602776,0.0016316175,0.0018225908
2021-02-23,AAPL,0.066479087,0.020040989,0.01203537
2021-02-23,AMGN,-0.0071053505,0.022479057,-0.027190685
2021-02-23,CRM,-0.0022742748,-0.0025587082,-0.027373791
2021-02-23,CSCO,-0.006608665,-0.00091642141,-0.0060597062
2021-02-23,IBM,0.00090026855,0.010786653,0.000877738
2021-02-23,INTC,0.0083347559,0.025863409,-0.002630353
2021-02-23,MSFT,-0.031117737,0.0027709007,-0.011904418
2021-02-23,NKE,0.0098108053,0.0092009306,-0.0088549256
2021-02-23,VZ,0.0014742613,0.012367129,-0.015208304
2021-02-23,WMT,-0.013167858,0.0090101957,0.0090841055
2021-02-24,AAPL,0.012050986,0.0012942553,-0.026274264
2021-02-24,AMGN,-0.0040889978,0.012526512,0.0053927898
2021-02-24,CRM,0.0029591322,-0.010417521,-0.010026932
2021-02-24,CSCO,-0.012964904,0.018114686,-0.020176291
2021-02-24,IBM,-0.021749318,0.01368165,-0.012576222
2021-02-24,INTC,0.0039789677,0.010624051,0.0012326241
2021-02-24,MSFT,-0.0075401068,0.0035595894,0.0011501312
2021-02-24,NKE,-0.006926477,0.020679116,-0.0077431798
2021-02-24,VZ,-0.021220386,-0.00094634295,-0.011387408
2021-02-24,WMT,-8.1658363e-06,0.008903861,-0.019269645
2021-02-25,AAPL,-0.00012993813,0.0025687218,0.0082523823
2021-02-25,AMGN,-0.014655948,0.005988121,0.0026113987
2021-02-25,CRM,0.076297164,0.0097349882,-0.024900854
2021-02-25,CSCO,0.0009458065,-0.008112371,-0.015397072
2021-02-25,IBM,-0.0092134476,0.0050752163,-0.0057884455
2021-02-25,INTC,0.0032778978,0.0021011829,-2.6106834e-05
2021-02-25,MSFT,0.0057272911,0.025586247,0.00063574314
2021-02-25,NKE,-0.0048847198,0.003187418,-0.015136421
2021-02-25,VZ,0.0035250187,0.012545943,0.0078556538
2021-02-25,WMT,-0.0055397153,0.020640492,0.0057470798
2021-02-26,AAPL,-0.012931526,0.019476533,-0.0091844797
2021-02-26,AMGN,0.0011218786,0.029305458,-0.027450204
2021-02-26,CRM,0.0039999485,-0.0012346506,-0.044326246
2021-02-26,CSCO,0.012497306,0.0075252056,-0.013046622
2021-02-26,IBM,0.0014802217,0.021827936,-0.0076516867
2021-02-26,INTC,0.01746583,0.030749559,-0.015071929
2021-02-26,MSFT,-0.019316077,0.012791157,0.010777354
2021-02-26,NKE,0.0015829802,0.0089339018,-0.011066973
2021-02-26,VZ,0.0099438429,0.006116271,-0.0070697069
2021-02-26,WMT,-0.014838278,0.0031992197,-0.010199666
2021-03-01,AAPL,-0.012066603,0.011893868,-0.020032585
2021-03-01,AMGN,-0.01310128,0.0081187487,-0.0038703084
2021-03-01,CRM,-0.005166173,0.0031079054,-0.013265073
2021-03-01,CSCO,-0.0053158998,0.0031049252,-0.013845384
2021-03-01,IBM,-0.014299452,0.0049735308,-0.0030037165
2021-03-01,INTC,0.0003272295,-0.0079112649,-0.02169466
2021-03-01,MSFT,0.013478041,0.011052489,0.0012712479
2021-03-01,NKE,-0.013314188,0.011820078,-0.0088415146
2021-03-01,VZ,-0.017499208,0.014166236,-0.012388945
2021-03-01,WMT,0.0081660748,0.00072848797,-0.012729108
2021-03-02,AAPL,0.0061997175,0.017176509,-0.02653563
2021-03-02,AMGN,-0.0052633286,0.013947487,-0.00056439638
2021-03-02,CRM,-0.015343726,0.034807324,-0.0028778315
2021-03-02,CSCO,-0.030657411,0.014056325,-0.011694193
2021-03-02,IBM,-0.013771594,0.019792795,-0.017166555
2021-03-02,INTC,0.02679348,0.0066765547,-0.020207584
2021-03-02,MSFT,-0.02035743,0.018535256,-0.028321564
2021-03-02,NKE,0.016813278,0.012695193,-0.025991082
2021-03-02,VZ,-0.0020259619,0.010525465,-0.0047098398
2021-03-02,WMT,0.00076758862,0.022213697,-0.012813866
2021-03-03,AAPL,-0.00059938431,0.010763884,-0.026373386
2021-03-03,AMGN,-0.0014475584,0.0057886839,-0.0050405264
2021-03-03,CRM,-0.035482109,0.019160509,-0.019869089
2021-03-03,CSCO,-0.0049006343,0.012729526,0.0077418089
2021-03-03,IBM,-0.011618018,0.0092506409,-0.019723773
2021-03-03,INTC,0.029653311,0.015925884,-0.028907716
2021-03-03,MSFT,-0.0093198419,0.0058990717,-0.017163694
2021-03-03,NKE,-0.030624926,0.011234641,0.013942242
2021-03-03,VZ,-0.021466255,0.0037026405,-0.01222074
2021-03-03,WMT,-0.011978149,0.023086309,-0.0073104501
2021-03-04,AAPL,-0.029773295,-0.0044457912,-0.01222223
2021-03-04,AMGN,-0.011774778,0.010304928,-0.01774174
2021-03-04,CRM,0.017746925,0.014075279,-0.01205647
2021-03-04,CSCO,0.026134133,0.010689735,-0.03770256
2021-03-04,IBM,-0.008256197,0.0010056496,-0.0081137419
2021-03-04,INTC,-0.00028121471,0.016399503,-0.021134317
2021-03-04,MSFT,0.012373567,0.0042874813,-0.012454391
2021-03-04,NKE,-0.038375378,0.020430446,0.0069972277
2021-03-04,VZ,-0.0088407397,0.013731122,-0.00019335747
2021-03-04,WMT,0.0081040859,0.0076816082,-0.011542559
2021-03-05,AAPL,-0.0043826103,0.0096060038,-0.011737287
2021-03-05,AMGN,0.00033426285,0.035750508,-0.012430012
2021-03-05,CRM,-0.0083357096,0.028103948,-0.0040894747
2021-03-05,CSCO,0.0087993145,-0.007113874,-0.0044419169
2021-03-05,IBM,0.008667469,0.010642171,-0.008936584
2021-03-05,INTC,0.00074982643,0.014219046,-0.020542681
2021-03-05,MSFT,-0.0021814704,0.023665786,-0.0061740875
2021-03-05,NKE,-0.0038766861,0.013792992,-0.005484581
2021-03-05,VZ,-0.024160743,0.010569572,-0.013934731
2021-03-05,WMT,-0.001223743,0.010403156,-0.00090765953
2021-03-08,AAPL,0.013103843,-0.0081037879,-0.0048220754
2021-03-08,AMGN,-0.017848074,0.013772249,-0.027914345
2021-03-08,CRM,-0.022182345,0.038889408,-0.0046103001
2021-03-08,CSCO,-0.00017875433,-0.010352969,-0.014430642
2021-03-08,IBM,-0.0003874898,0.017665744,-0.0044662356
2021-03-08,INTC,-0.0099524856,0.0019670725,-0.012304962
2021-03-08,MSFT,-0.01106292,0.02670598,-0.027659178
2021-03-08,NKE,-0.0021096468,0.011796713,-0.046666503
2021-03-08,VZ,0.0078080893,0.0099409819,0.0019731522
2021-03-08,WMT,-0.0015748143,0.0069744587,0.0035965443
2021-03-09,AAPL,0.01451087,0.0041761398,-0.015081346
2021-03-09,AMGN,0.019728422,0.042889357,-0.0061537027
2021-03-09,CRM,0.024609089,0.016977549,-0.0034573674
2021-03-09,CSCO,-0.012560785,-0.0040305257,-0.025291026
2021-03-09,IBM,0.012884974,0.016776323,-0.0059950352
2021-03-09,INTC,-0.014061332,0.008829236,-0.0044949055
2021-03-09,MSFT,-0.0075181723,-0.0046595931,-0.018653512
2021-03-09,NKE,0.0054316521,0.011414528,-0.027442336
2021-03-09,VZ,-0.00062668324,-0.0087453723,-0.012730896
2021-03-09,WMT,-0.019726515,0.0092895031,-0.012140751
2021-03-10,AAPL,-0.029788494,0.004303813,-0.024413824
2021-03-10,AMGN,-0.017353296,0.026079774,-0.019139647
2021-03-10,CRM,-0.026503146,0.028043389,-0.022536337
2021-03-10,CSCO,-0.0074615479,-0.013776839,-0.0065675378
2021-03-10,IBM,0.00084030628,-0.002104342,-0.0032454729
2021-03-10,INTC,-0.023225367,0.0069527626,-0.017580807
2021-03-10,MSFT,5.0187111e-05,-0.0098658204,-0.00050711632
2021-03-10,NKE,-0.0093634725,0.020881295,0.0072561502
2021-03-10,VZ,-0.015721858,0.0098319054,-0.00083237886
2021-03-10,WMT,-0.021043122,-0.0037013888,-0.0070450902
2021-03-11,AAPL,-0.0082653165,-0.0095123053,0.0074349642
2021-03-11,AMGN,0.017683387,0.013498902,-0.017563224
2021-03-11,CRM,0.027689934,0.010319829,-0.025417507
2021-03-11,CSCO,0.00027298927,0.014058352,0.0047367811
2021-03-11,IBM,0.0083134174,0.016939998,-0.0054386258
2021-03-11,INTC,-0.027812183,0.0044603348,0.0087907314
2021-03-11,MSFT,0.022802353,0.011422992,-0.01941973
2021-03-11,NKE,0.0046451092,0.014982462,-0.0058050156
2021-03-11,VZ,-0.026159346,0.0010640621,0.0038119555
2021-03-11,WMT,-0.0029642582,-0.0056101084,-0.013596714
2021-03-12,AAPL,-0.0022422075,-0.015254736,-0.0020016432
2021-03-12,AMGN,-0.011574864,0.019589901,0.00030565262
2021-03-12,CRM,-0.045844793,0.010747552,-0.019052327
2021-03-12,CSCO,0.0052207708,0.024297833,-0.0019586682
2021-03-12,IBM,0.006079793,0.00053179264,0.0066714287
2021-03-12,INTC,0.0064105988,-0.0083486438,0.00042700768
2021-03-12,MSFT,0.018938184,0.012149692,-0.022087157
2021-03-12,NKE,-0.022533894,0.0045100451,-0.0099413395
2021-03-12,VZ,0.003455162,0.0023076534,-0.0047284365
2021-03-12,WMT,0.01315856,0.0019448996,-0.019668996
2021-03-15,AAPL,-0.024647415,0.013940692,0.018592715
2021-03-15,AMGN,0.017206669,0.0082315207,0.0013198853
2021-03-15,CRM,-0.039122105,-0.0086585879,-0.034739614
2021-03-15,CSCO,-0.014421701,0.0038971901,-0.01146704
2021-03-15,IBM,-0.012873292,0.01022625,-0.019495726
2021-03-15,INTC,-0.011556923,0.010945678,-0.004496038
2021-03-15,MSFT,0.0017049313,0.0052297115,-0.0019778013
2021-03-15,NKE,-0.0019026995,0.014087677,0.00091588497
2021-03-15,VZ,0.00062525272,0.0092591047,-0.012797475
2021-03-15,WMT,-0.017618954,0.0077229738,0.0034706593
2021-03-16,AAPL,0.00060045719,0.022962093,-0.015346348
2021-03-16,AMGN,-0.0088165998,0.013939142,0.002369523
2021-03-16,CRM,-0.034101844,0.0091202259,-0.015571177
2021-03-16,CSCO,-0.028854728,0.024157524,-0.0098529458
2021-03-16,IBM,-0.0016341805,0.01112926,-0.0056598186
2021-03-16,INTC,0.0081928968,-0.0095210075,-0.01662761
2021-03-16,MSFT,-0.013645053,0.026641607,-0.014199495
2021-03-16,NKE,-0.0058443546,0.014768481,0.0088913441
2021-03-16,VZ,-0.01891166,0.013895273,-0.011585116
2021-03-16,WMT,0.0016219616,0.015850544,-0.024589539
2021-03-17,AAPL,0.0068312883,0.0076916218,-0.017327607
2021-03-17,AMGN,-0.0078386664,0.010731936,0.0052171946
2021-03-17,CRM,-0.040649831,-0.0066300035,0.0077255964
2021-03-17,CSCO,-0.035199821,0.012310743,-0.006462872
2021-03-17,IBM,-0.0033189654,0.010323167,0.005248785
2021-03-17,INTC,0.021609902,0.0010962486,-0.017727137
2021-03-17,MSFT,0.034826636,0.016353726,-0.017723322
2021-03-17,NKE,0.0092779398,0.026917577,-0.01298368
2021-03-17,VZ,-0.0087471008,0.012802243,-0.011809051
2021-03-17,WMT,-0.010378122,0.0073596239,0.0055617094
2021-03-18,AAPL,-0.013713121,0.01498878,-0.0022699237
2021-03-18,AMGN,-0.0089059472,0.01955986,-0.018989444
2021-03-18,CRM,0.0095205307,0.032691956,-0.014063418
2021-03-18,CSCO,0.019005179,0.010664582,-0.011262238
2021-03-18,IBM,-0.025273144,-0.0031939745,-0.0089386702
2021-03-18,INTC,0.0043751001,0.018894434,-0.0052589774
2021-03-18,MSFT,-0.0011948943,-0.0081635118,-0.00073832273
2021-03-18,NKE,-0.023064792,0.022356987,-0.0084872842
2021-03-18,VZ,-0.017055094,0.019634604,-5.8531761e-05
2021-03-18,WMT,-0.043009222,0.0051133633,-0.018354237
2021-03-19,AAPL,-0.034392774,0.016856551,-0.0027779341
2021-03-19,AMGN,4.3749809e-05,0.018492222,-0.019850135
2021-03-19,CRM,0.0068722963,0.015398264,0.012832046
2021-03-19,CSCO,-0.010893524,0.012335181,-0.0093510151
2021-03-19,IBM,0.022547364,0.012476802,-0.012486398
2021-03-19,INTC,0.0018031597,0.023450971,-0.009534657
2021-03-19,MSFT,0.00094950199,0.0038796663,-0.0037043095
2021-03-19,NKE,0.0072640181,0.01168263,0.014444709
2021-03-19,VZ,0.0010199547,0.021616697,-0.004199326
2021-03-19,WMT,0.0018442869,0.0033169985,-0.021681249
2021-03-22,AAPL,0.026373029,0.019470572,-0.019103885
2021-03-22,AMGN,-0.042754292,0.0057852268,-0.006949842
2021-03-22,CRM,0.02069068,0.051727653,0.0071219206
2021-03-22,CSCO,-0.050039411,-0.0071813464,0.0051167011
2021-03-22,IBM,0.016183734,0.026853204,-0.0024399161
2021-03-22,INTC,0.0089659691,0.0060298443,-0.011993468
2021-03-22,MSFT,0.01835084,0.0072877407,-0.024064898
2021-03-22,NKE,-0.012514532,0.0093060732,0.011585355
2021-03-22,VZ,-0.01484704,0.014163733,0.0021699667
2021-03-22,WMT,-0.01075393,0.007553339,-0.0019487739
2021-03-23,AAPL,-0.033901036,0.00071167946,0.013034225
2021-03-23,AMGN,-0.014992118,0.0039968491,0.0030118227
2021-03-23,CRM,0.0074440241,-0.00044578314,0.025868058
2021-03-23,CSCO,-0.012349486,-0.0026533604,-0.0088921785
2021-03-23,IBM,0.016206861,0.0080603361,0.0056946278
2021-03-23,INTC,0.028718233,-0.0039265752,-0.017312884
2021-03-23,MSFT,-0.00046718121,0.019815445,-0.0040097833
2021-03-23,NKE,-0.00026327372,0.010725379,-0.012592733
2021-03-23,VZ,-0.010032475,0.0061914921,-0.0023860931
2021-03-23,WMT,-0.0087255836,0.011911511,-0.013015211
2021-03-24,AAPL,-0.031407833,0.00010156631,-0.017601192
2021-03-24,AMGN,-0.0079293251,-0.0068100691,-0.0013950467
2021-03-24,CRM,0.0030715466,0.042412281,-0.00087583065
2021-03-24,CSCO,-0.017124534,0.01449275,-0.0033077002
2021-03-24,IBM,0.0092138052,0.006639719,-0.012866914
2021-03-24,INTC,0.019767284,0.023129344,-0.0071053505
2021-03-24,MSFT,0.023762345,0.0080763102,-0.018815577
2021-03-24,NKE,-0.02723676,0.0062777996,-0.01082015
2021-03-24,VZ,-0.017031074,0.016866803,-0.019883752
2021-03-24,WMT,-0.010328531,0.011662483,0.0028735399
2021-03-25,AAPL,0.0037103891,-0.013577163,-0.0075063109
2021-03-25,AMGN,-0.018193126,0.011729598,-0.020853579
2021-03-25,CRM,0.0015711784,0.01889503,0.0018461943
2021-03-25,CSCO,0.0025384426,-0.010661721,-0.0087532997
2021-03-25,IBM,0.0046437979,0.0038769245,-0.023064971
2021-03-25,INTC,-0.015528321,0.026676893,-0.021889567
2021-03-25,MSFT,-0.017563164,0.020576596,-0.035256028
2021-03-25,NKE,-0.018093765,0.017215252,-0.026512682
2021-03-25,VZ,-0.018966615,0.017721653,0.0037415028
2021-03-25,WMT,-0.011900306,0.021442413,-0.014613688
2021-03-26,AAPL,0.0081626177,0.020138502,-0.020215273
2021-03-26,AMGN,0.0012022257,0.022612572,-0.0090015531
2021-03-26,CRM,0.0025962591,0.00041818619,0.0067620277
2021-03-26,CSCO,-0.004059732,-0.0041185021,0.016622424
2021-03-26,IBM,-0.05219835,0.0097150803,-0.015829384
2021-03-26,INTC,0.0083864927,0.0066838264,-0.021240711
2021-03-26,MSFT,-0.0020726919,0.00032222271,-0.015540183
2021-03-26,NKE,-0.011614144,-0.0019173622,-0.020824969
2021-03-26,VZ,-0.0062737465,0.0052193403,-0.014380693
2021-03-26,WMT,-0.004468441,0.0029677153,0.0069046021
2021-03-29,AAPL,0.0056679249,0.019408226,-0.043881238
2021-03-29,AMGN,-0.015683055,0.022459149,0.00054419041
2021-03-29,CRM,-0.02335614,0.0078241825,-0.014003575
2021-03-29,CSCO,-0.027843475,0.010122538,-0.024911225
2021-03-29,IBM,-0.03718704,0.0086826086,-0.018615723
2021-03-29,INTC,0.029156327,-0.0021637082,-0.023460805
2021-03-29,MSFT,-0.0011806488,0.014506221,0.0089173317
2021-03-29,NKE,0.009555459,0.011391997,-0.022998214
2021-03-29,VZ,0.014990807,-0.0044001937,0.0007776022
2021-03-29,WMT,-0.0084291697,0.0025594234,-0.0060553551
2021-03-30,AAPL,-0.0020114779,0.020079374,-0.012648106
2021-03-30,AMGN,-0.023768544,0.0078126192,-0.022428572
2021-03-30,CRM,0.013913393,0.038721323,-0.02071178
2021-03-30,CSCO,-0.019561231,-0.004039824,-0.016385376
2021-03-30,IBM,-0.037635803,0.012309313,0.0037622452
2021-03-30,INTC,0.027538538,-0.0081639886,-0.0065472126
2021-03-30,MSFT,-0.013293028,0.015182853,-0.00040113926
2021-03-30,NKE,-0.0083903074,0.021692634,0.00044858456
2021-03-30,VZ,-0.010289907,0.016836166,-0.0044332147
2021-03-30,WMT,-0.017333686,-0.003433764,-0.0081261992
2021-03-31,AAPL,-0.015530527,-0.0030838847,-0.032574177
2021-03-31,AMGN,0.0012310743,0.0074819326,-0.016616285
2021-03-31,CRM,0.0051941872,0.03708601,0.0050065517
2021-03-31,CSCO,0.029061079,0.014822364,-0.0023887157
2021-03-31,IBM,0.01766181,0.00060462952,-0.0027338862
2021-03-31,INTC,-0.021537244,0.011669397,-0.016670167
2021-03-31,MSFT,-0.0076719522,0.00073993206,-0.028080106
2021-03-31,NKE,-0.0062927604,0.0032860041,-0.0051895976
2021-03-31,VZ,-0.0074127316,0.011011243,-0.007306695
2021-03-31,WMT,-0.0037104487,0.0043578148,-0.00061535835
2021-04-01,AAPL,0.0069806576,0.020691514,-0.0024532676
2021-04-01,AMGN,0.0359236,0.00046765804,-0.00069391727
2021-04-01,CRM,-0.027829826,0.022808433,0.0048217773
2021-04-01,CSCO,0.019052386,0.02578187,-0.013850868
2021-04-01,IBM,0.0035293102,0.0088391304,0.00059592724
2021-04-01,INTC,-0.021052003,-0.0044706464,-0.012460709
2021-04-01,MSFT,-0.027616501,0.015617609,-0.0081120133
2021-04-01,NKE,-0.011758506,0.022108912,-0.012464404
2021-04-01,VZ,-0.017291427,0.0029172897,-0.02030611
2021-04-01,WMT,-0.01919359,0.016000986,-0.016167641
2021-04-05,AAPL,-0.019158483,0.0193609,-0.0071248412
2021-04-05,AMGN,0.033371687,0.0067195892,-0.0071324706
2021-04-05,CRM,-0.040225089,0.039314866,-0.028583646
2021-04-05,CSCO,-0.0045557618,0.0098689795,-0.007864356
2021-04-05,IBM,0.0090725422,0.015918493,-0.013340414
2021-04-05,INTC,-0.0073744655,0.016284943,-0.024112403
2021-04-05,MSFT,0.0070214272,-0.0022240877,-0.0021179318
2021-04-05,NKE,0.02175498,0.0080347061,-0.011165559
2021-04-05,VZ,0.0052630901,0.0017015934,0.0045491457
2021-04-05,WMT,-0.0024945736,0.013094425,-0.0014676452
2021-04-06,AAPL,-0.048644543,0.00032031536,-0.017034531
2021-04-06,AMGN,0.0042319298,0.026279211,-0.020279408
2021-04-06,CRM,-0.035538256,0.016575575,-0.0069289207
2021-04-06,CSCO,0.020262837,-0.00055891275,-0.0049082041
2021-04-06,IBM,0.009256959,0.010080338,-0.027521491
2021-04-06,INTC,0.0079913139,-0.015444756,-0.018129945
2021-04-06,MSFT,-0.01390785,0.0011414289,-0.0081992745
2021-04-06,NKE,0.0010080338,0.0091266632,0.00086343288
2021-04-06,VZ,-0.014265656,0.0091582537,-0.0082870722
2021-04-06,WMT,-0.01296556,0.0080033541,0.0067005157
2021-04-07,AAPL,0.018437147,-0.004268229,-0.031974316
2021-04-07,AMGN,0.0082629919,0.0014842749,-0.014027059
2021-04-07,CRM,-0.048032343,0.011884928,-0.010577857
2021-04-07,CSCO,0.0095872879,-0.00021004677,-0.0066287518
2021-04-07,IBM,-0.016738474,0.00011086464,-0.012745619
2021-04-07,INTC,0.026959181,0.013493776,-0.009051919
2021-04-07,MSFT,0.023018956,0.0068852901,-0.0049068332
2021-04-07,NKE,-0.0048778057,0.0091171265,-0.00868994
2021-04-07,VZ,-0.0070286393,0.015915155,-0.0038433671
2021-04-07,WMT,-0.0096293688,0.0068650246,-0.0089654326
2021-04-08,AAPL,-0.0022331476,0.020922542,-0.012123287
2021-04-08,AMGN,-0.0061678886,0.016988635,-0.017187655
2021-04-08,CRM,0.0037198067,-0.013243318,-0.032648623
2021-04-08,CSCO,-0.037192881,-0.0050199628,0.006385088
2021-04-08,IBM,0.014512539,0.0026385784,-0.0048959255
2021-04-08,INTC,0.016854882,-0.0065224171,0.0080496073
2021-04-08,MSFT,0.023360372,-0.0036078095,-0.0018442869
2021-04-08,NKE,0.013203979,-0.0023853779,-0.012308061
2021-04-08,VZ,0.0060471296,0.029381037,-0.019123733
2021-04-08,WMT,-0.010044754,0.0061742067,-0.031476557
2021-04-09,AAPL,-0.0047677159,0.014237523,-0.013098061
2021-04-09,AMGN,-0.017702997,0.019428134,-0.025136352
2021-04-09,CRM,-0.026034892,0.013586283,-0.031177759
2021-04-09,CSCO,-0.004973948,-0.01058346,-0.0096312165
2021-04-09,IBM,-8.7201595e-05,0.023041368,-0.0031080842
2021-04-09,INTC,0.0098335743,0.0248698,-0.0014928579
2021-04-09,MSFT,0.022352695,0.0091716051,-0.018276691
2021-04-09,NKE,-0.016612649,0.020806909,6.1154366e-05
2021-04-09,VZ,-2.6464462e-05,0.014928222,-0.0057431459
2021-04-09,WMT,0.012864351,0.0076508522,0.0013842583
2021-04-12,AAPL,0.018165469,-0.0084008574,-0.020192444
2021-04-12,AMGN,-0.023548484,-0.00020897388,-0.007604599
2021-04-12,CRM,-0.018003523,0.029741526,-0.020411849
2021-04-12,CSCO,-0.013550758,0.0014500618,-0.033039153
2021-04-12,IBM,0.010153651,0.011094809,-0.0078599453
2021-04-12,INTC,0.019025087,0.018558979,0.0065050125
2021-04-12,MSFT,-0.00045859814,-0.0072226524,-0.0084010959
2021-04-12,NKE,-0.0054434538,0.012995005,-0.0082035661
2021-04-12,VZ,0.0025452375,0.010576963,0.014505863
2021-04-12,WMT,-0.02558136,0.014564633,-0.0070235133
2021-04-13,AAPL,-0.03058815,0.0086215734,-0.01731497
2021-04-13,AMGN,0.01111877,0.02309978,-0.0038059354
2021-04-13,CRM,0.026193619,0.03055203,-0.022878468
2021-04-13,CSCO,-0.01424855,0.018617511,-0.00052064657
2021-04-13,IBM,0.0083065033,0.0030212402,-0.019233704
2021-04-13,INTC,5.0425529e-05,-0.0092422962,0.0016897917
2021-04-13,MSFT,0.027279854,0.0037733316,-0.025260866
2021-04-13,NKE,0.021683812,0.019080281,0.0015404224
2021-04-13,VZ,-0.014396489,0.0049470663,-0.0021088123
2021-04-13,WMT,0.0052133799,0.0057811737,-0.020751834
2021-04-14,AAPL,0.0079327822,-0.0017240047,-0.032514155
2021-04-14,AMGN,0.00011110306,0.019504547,9.8466873e-05
2021-04-14,CRM,0.031749845,0.01629281,0.004837513
2021-04-14,CSCO,-0.016178846,-0.0019036531,-0.0094199181
2021-04-14,IBM,-0.0034730434,0.013575315,-0.026375711
2021-04-14,INTC,-0.011772096,0.00165236,0.004810214
2021-04-14,MSFT,0.038681626,0.0054997206,-0.006683588
2021-04-14,NKE,-0.034302354,0.0089735985,-0.012113631
2021-04-14,VZ,0.016040087,-0.00026196241,-0.0088897347
2021-04-14,WMT,-0.014259815,0.021485209,-0.0076645613
2021-04-15,AAPL,0.016951323,0.0056283474,-0.01187712
2021-04-15,AMGN,-0.0040268302,0.017150879,-0.02091974
2021-04-15,CRM,-0.012531102,0.010546327,-0.0091567636
2021-04-15,CSCO,-0.012414575,0.0081760883,-0.0043784976
2021-04-15,IBM,-0.013915122,0.014732838,-0.0010613799
2021-04-15,INTC,0.0048776865,0.019870877,-0.016084909
2021-04-15,MSFT,-0.015346169,0.0065888166,-0.02341032
2021-04-15,NKE,-0.0034818649,0.012164712,-0.026507378
2021-04-15,VZ,0.010026932,0.0077534914,-0.0079439282
2021-04-15,WMT,0.0094915628,0.012317896,-0.0096840858
2021-04-16,AAPL,-0.0056269765,0.010406971,0.0094977617
2021-04-16,AMGN,0.0028060675,0.0034141541,-0.022961199
2021-04-16,CRM,-0.025503874,-0.025062859,-0.017436743
2021-04-16,CSCO,-0.028936565,-0.0033794045,-0.01489228
2021-04-16,IBM,0.028460264,0.011133313,-0.012547255
2021-04-16,INTC,-0.030499101,0.016990066,-0.0011572242
2021-04-16,MSFT,0.0038200617,0.016350269,-0.011837184
2021-04-16,NKE,0.033539653,0.0084049702,-0.0087096691
2021-04-16,VZ,0.0049897432,0.013855934,-0.019737005
2021-04-16,WMT,0.0037577152,0.0041652918,0.014583707
2021-04-19,AAPL,0.038672686,0.028196692,-0.023828924
2021-04-19,AMGN,0.0061923265,0.0095443726,-0.00037682056
2021-04-19,CRM,0.004540801,0.019334078,-0.023373246
2021-04-19,CSCO,0.0076867342,-0.0016756058,0.0020382404
2021-04-19,IBM,0.0035054684,0.0070867538,-0.0017595887
2021-04-19,INTC,0.017898321,0.011561394,-0.021133125
2021-04-19,MSFT,-0.041367054,0.013082385,-0.019786775
2021-04-19,NKE,-0.023647428,0.014533162,0.0036475658
2021-04-19,VZ,-0.013865411,0.0033608675,-0.01456064
2021-04-19,WMT,-0.013101161,0.013664484,-0.0060386658
2021-04-20,AAPL,-0.023898602,0.012082219,-0.0086231828
2021-04-20,AMGN,-0.020641506,0.014208913,-0.031377852
2021-04-20,CRM,0.018929601,0.0069526434,-0.020873964
2021-04-20,CSCO,0.017155647,0.017910838,-0.018044293
2021-04-20,IBM,0.017975807,0.0062146187,-0.0070498586
2021-04-20,INTC,-0.0019426346,0.016448855,0.0039343834
2021-04-20,MSFT,0.00046479702,0.016225457,-0.0044380426
2021-04-20,NKE,-0.0024265647,0.0086761713,-0.011438131
2021-04-20,VZ,0.014773965,0.010823846,-0.0017852187
2021-04-20,WMT,-0.033421397,0.0068640709,-0.0090247393
2021-04-21,AAPL,-0.0019405484,0.0060604811,-0.0060942173
2021-04-21,AMGN,-0.016350567,-0.0080295801,-0.016487479
2021-04-21,CRM,-0.0040662885,-0.0046190023,-0.026691139
2021-04-21,CSCO,0.0035007,0.015188217,0.0016306639
2021-04-21,IBM,-0.0099932551,0.0021303892,-0.00060480833
2021-04-21,INTC,0.0018000603,0.021666288,-0.0014774799
2021-04-21,MSFT,0.009876132,0.0074071884,-0.018756866
2021-04-21,NKE,-0.011576116,0.019735575,-0.00056189299
2021-04-21,VZ,-0.042032897,0.01277101,-0.0095914006
2021-04-21,WMT,6.4373016e-06,0.01199007,-0.0042768121
2021-04-22,AAPL,-0.0096985102,0.0075870752,-0.016188622
2021-04-22,AMGN,0.024363637,0.021816134,-0.0048898458
2021-04-22,CRM,-0.016468942,0.023844123,-0.011784554
2021-04-22,CSCO,0.0042750835,0.013369799,0.0034253597
2021-04-22,IBM,-0.023638725,0.015662909,-0.024426341
2021-04-22,INTC,-0.020395994,-0.0051380992,-0.019236982
2021-04-22,MSFT,-0.0080938339,0.011650205,-0.016972244
2021-04-22,NKE,-0.026203394,0.0038794279,-0.015068293
2021-04-22,VZ,0.015535235,0.0043126345,-0.014498115
2021-04-22,WMT,-0.02500993,0.019158959,-0.015460193
2021-04-23,AAPL,0.0059722662,0.00989151,0.0044282675
2021-04-23,AMGN,-0.014258742,0.015712738,-0.028310776
2021-04-23,CRM,0.0046336651,0.006770134,-0.001168251
2021-04-23,CSCO,0.0092126131,0.0014654398,-0.01210469
2021-04-23,IBM,-0.025546551,0.01230216,-0.011668622
2021-04-23,INTC,0.015018702,0.013655901,-0.016676486
2021-04-23,MSFT,-0.0059459805,0.011218429,-0.013906777
2021-04-23,NKE,-0.012985587,0.0015161037,-0.029601276
2021-04-23,VZ,-0.026349247,0.019345641,-0.0049604177
2021-04-23,WMT,-0.0064962506,0.015102744,-0.015154064
2021-04-26,AAPL,0.0089105368,0.0223912,-0.024274826
2021-04-26,AMGN,0.00072824955,-0.0032583475,-0.015225887
2021-04-26,CRM,-0.052013576,0.047502398,-0.012641251
2021-04-26,CSCO,0.031432629,-0.0090672374,-0.023666143
2021-04-26,IBM,-0.0084372759,0.0033656359,-0.018089771
2021-04-26,INTC,0.027762651,0.03046906,-0.02076304
2021-04-26,MSFT,0.0070143938,0.016463876,-0.016404569
2021-04-26,NKE,-0.019537866,0.0098434687,-0.0094589591
2021-04-26,VZ,0.017022491,0.028305173,0.011562467
2021-04-26,WMT,0.00056767464,0.011900902,-0.0023566484
2021-04-27,AAPL,0.028305531,0.020950198,-0.006436348
2021-04-27,AMGN,-0.020178318,0.029258609,-0.02375102
2021-04-27,CRM,-0.017995894,0.0080399513,0.01047802
2021-04-27,CSCO,-0.012105227,-0.0081893206,-0.017719328
2021-04-27,IBM,0.022860408,0.021502614,0.0027112961
2021-04-27,INTC,0.010430932,0.0069924593,-0.013976455
2021-04-27,MSFT,0.0056153536,-0.012374163,-2.4855137e-05
2021-04-27,NKE,0.0021567345,-0.0046544075,-0.028284609
2021-04-27,VZ,-0.019357324,0.0046520233,-0.0036459565
2021-04-27,WMT,-0.007350266,0.017348886,-0.013713002
2021-04-28,AAPL,-0.015728235,0.0061753988,-0.0018493533
2021-04-28,AMGN,0.015793562,0.013814569,-0.016578078
2021-04-28,CRM,-0.021001697,0.027455211,0.010730624
2021-04-28,CSCO,0.01028192,0.011985779,-0.020407617
2021-04-28,IBM,-0.0085829496,0.0082709789,-0.00085908175
2021-04-28,INTC,0.01840651,-0.0034745932,-0.025686502
2021-04-28,MSFT,-0.014071107,-0.010215163,-0.021426082
2021-04-28,NKE,-0.011564136,0.012398005,0.0034592152
2021-04-28,VZ,-0.0083127022,0.016134024,-0.018399417
2021-04-28,WMT,-0.031932235,0.012687802,-0.0031214952
2021-04-29,AAPL,-0.0003324151,0.015039325,0.0044299364
2021-04-29,AMGN,-0.0060930252,-0.012921333,-0.0084989667
2021-04-29,CRM,-0.051421225,0.043824673,-0.021826446
2021-04-29,CSCO,0.019701838,0.020032287,-0.0036099553
2021-04-29,IBM,0.0098434687,0.0027902126,0.00095057487
2021-04-29,INTC,0.0085339546,-0.013429999,-0.013763011
2021-04-29,MSFT,-0.013409734,0.010407805,-0.0098209977
2021-04-29,NKE,0.0087920427,0.017459393,-0.014692366
2021-04-29,VZ,0.005522728,0.015787005,0.0035638809
2021-04-29,WMT,0.01223886,0.010433316,0.0030204058
2021-04-30,AAPL,0.021306276,0.015016556,-0.027130902
2021-04-30,AMGN,-0.011012673,0.0036736727,-0.016413152
2021-04-30,CRM,-0.013882816,0.017297506,-0.016879678
2021-04-30,CSCO,-0.04060334,0.0014740229,-0.024216771
2021-04-30,IBM,0.014937162,0.012720585,-0.020090044
2021-04-30,INTC,0.0049095154,0.0154562,-0.0032126307
2021-04-30,MSFT,-0.0040619373,0.00017988682,-0.031558454
2021-04-30,NKE,-0.011118352,0.013319612,-0.0059090853
2021-04-30,VZ,-0.015767455,0.022013068,-0.010664999
2021-04-30,WMT,-4.8279762e-06,0.017495513,-0.014253199
2021-05-03,AAPL,-0.042727351,-0.0088419914,-0.010020435
2021-05-03,AMGN,-0.033902466,0.014457583,-0.0045881867
2021-05-03,CRM,0.0037288666,0.029819608,-0.035679579
2021-05-03,CSCO,-0.0080840588,0.0038511753,-0.01680392
2021-05-03,IBM,0.024012923,0.011399627,0.0084121227
2021-05-03,INTC,-0.014962375,0.0040460825,-0.015875041
2021-05-03,MSFT,-0.0005839467,-0.00084912777,-0.026249707
2021-05-03,NKE,0.0080434084,0.012246132,-0.0015292764
2021-05-03,VZ,-0.0089897513,0.021240473,-0.019768596
2021-05-03,WMT,-0.010275006,0.0047212839,-0.0079042315
2021-05-04,AAPL,0.0062142611,0.020247459,-0.011065066
2021-05-04,AMGN,-0.031167686,0.015642762,-0.016253471
2021-05-04,CRM,0.032292247,0.022065639,-0.0066031218
2021-05-04,CSCO,0.010499001,0.0020118952,-0.0091491938
2021-05-04,IBM,-0.020339131,-0.00076955557,-0.022488475
2021-05-04,INTC,-0.028445601,0.002405405,-0.013099492
2021-05-04,MSFT,-0.032761812,0.013716578,-0.019511402
2021-05-04,NKE,-0.024685442,0.018349528,0.00028038025
2021-05-04,VZ,-0.026487648,0.004797101,0.00015234947
2021-05-04,WMT,0.0081641674,0.0054759979,-0.0250144
2021-05-05,AAPL,-0.010560751,-0.0033388734,-0.01247853
2021-05-05,AMGN,-0.022901297,0.0068485737,-0.013353825
2021-05-05,CRM,-0.024980187,0.022124052,-0.020735085
2021-05-05,CSCO,0.0098913908,0.013017535,-0.012136817
2021-05-05,IBM,0.0050661564,0.014646888,0.0047308207
2021-05-05,INTC,0.012014985,0.014191985,-0.020710349
2021-05-05,MSFT,-0.0027613044,0.0064678192,-0.010843813
2021-05-05,NKE,-0.0094251633,0.0068243742,-0.0023776293
2021-05-05,VZ,0.0025467873,0.0084383488,0.0043091774
2021-05-05,WMT,-0.0071450472,0.0032180548,-0.0081509948
2021-05-06,AAPL,0.0068393946,-0.0054870248,-0.026596963
2021-05-06,AMGN,-0.016577244,0.001917243,-0.0088172555
2021-05-06,CRM,0.020651698,0.00016033649,0.010465264
2021-05-06,CSCO,0.025355577,0.0040385723,-0.023963034
2021-05-06,IBM,-0.0075678229,0.0014015436,-0.0020809174
2021-05-06,INTC,-0.0049907565,0.02603662,-0.006744802
2021-05-06,MSFT,0.0076971054,0.0057022572,-0.014989257
2021-05-06,NKE,-0.0096498728,0.015293121,-0.026115656
2021-05-06,VZ,-0.020198405,0.0036286116,-0.0093078613
2021-05-06,WMT,0.0018947124,0.0075800419,-0.0030883551
2021-05-07,AAPL,0.00096774101,0.0017516613,-0.012891471
2021-05-07,AMGN,-0.01771605,0.011897087,0.00065648556
2021-05-07,CRM,0.062349677,0.012715936,9.5009804e-05
2021-05-07,CSCO,-0.0073302984,0.014813185,-0.013639927
2021-05-07,IBM,-0.020612538,0.019241214,-0.021198452
2021-05-07,INTC,0.016117692,0.02136445,-0.0097334981
2021-05-07,MSFT,-0.026622891,-0.013347387,-0.020409226
2021-05-07,NKE,-0.050088525,-0.0056987405,-0.019436419
2021-05-07,VZ,0.0028088093,-0.01432389,-0.027826905
2021-05-07,WMT,0.027156234,0.0061166286,-0.0041315556
2021-05-10,AAPL,0.035629034,0.02712667,0.011363983
2021-05-10,AMGN,0.022673607,0.011981606,-0.010236025
2021-05-10,CRM,0.028869033,-0.0020637512,-0.052367151
2021-05-10,CSCO,-0.028838575,0.019042611,-0.020270109
2021-05-10,IBM,0.005186677,0.011082053,0.004597187
2021-05-10,INTC,-0.022198856,0.0049990416,0.0099774599
2021-05-10,MSFT,-0.022408485,0.010886073,0.00041329861
2021-05-10,NKE,-0.0025088787,-0.0014471412,-0.0096364617
2021-05-10,VZ,-0.012682736,0.014157653,-0.017925262
2021-05-10,WMT,0.0086010695,0.023684621,-0.0056366324
2021-05-11,AAPL,-0.029461205,-0.0030207038,-0.01268661
2021-05-11,AMGN,-0.01226759,0.023133516,-0.020454764
2021-05-11,CRM,0.0097523928,-0.027395964,-0.0077085495
2021-05-11,CSCO,-0.0045631528,0.020084381,-0.015589118
2021-05-11,IBM,0.0029609203,0.00035858154,-0.015367568
2021-05-11,INTC,0.010375738,0.014359951,-0.016064227
2021-05-11,MSFT,0.042610765,-0.0063807368,-0.024177611
2021-05-11,NKE,0.017960787,0.0073018074,0.0021038055
2021-05-11,VZ,-0.0089051127,0.017544627,-0.0093207955
2021-05-11,WMT,-0.010445178,0.01241231,-0.016387165
2021-05-12,AAPL,0.014026999,0.043617249,-0.013650537
2021-05-12,AMGN,0.0040700436,0.0016998053,-0.019390345
2021-05-12,CRM,0.028293252,-0.019558132,-0.0052751303
2021-05-12,CSCO,-0.018874407,-0.01475507,-0.00063085556
2021-05-12,IBM,-0.017490983,0.010461092,-0.0041164756
2021-05-12,INTC,-0.0066400766,0.021571875,-0.036357462
2021-05-12,MSFT,-0.012660086,0.020709395,-0.018310905
2021-05-12,NKE,-0.023873031,0.0067420006,-0.012690663
2021-05-12,VZ,0.021658182,0.010298371,-0.02319622
2021-05-12,WMT,-0.0067723393,-0.0044968724,0.0011879206
2021-05-13,AAPL,0.012948155,-0.030060947,-0.018481791
2021-05-13,AMGN,0.01639688,0.0084350109,-0.0089427233
2021-05-13,CRM,-0.024369895,0.03859365,-0.025028467
2021-05-13,CSCO,0.0014805794,0.012644887,-0.0022244453
2021-05-13,IBM,-0.013896525,0.026407123,-0.00070482492
2021-05-13,INTC,0.0018182993,0.0025067329,-0.011378765
2021-05-13,MSFT,-0.00075811148,0.012533188,-0.0091133118
2021-05-13,NKE,0.012798071,0.022569537,-0.0022389889
2021-05-13,VZ,0.0056780577,-0.001126945,-0.032757401
2021-05-13,WMT,-0.0054394603,0.00855124,0.0057241917
2021-05-14,AAPL,0.025776148,0.0073908567,-0.010318875
2021-05-14,AMGN,-0.040123761,0.016778111,-0.0087131858
2021-05-14,CRM,-0.026157796,0.017341375,-0.0040976405
2021-05-14,CSCO,0.0072197914,0.01209712,-0.012236297
2021-05-14,IBM,-0.0073117614,0.017799854,-9.6201897e-05
2021-05-14,INTC,-0.0064723492,-0.011080623,0.0071296692
2021-05-14,MSFT,0.029287219,0.018203616,-0.011555851
2021-05-14,NKE,0.0092083216,-0.0046503544,-0.001136899
2021-05-14,VZ,-0.010392845,0.01698947,-0.021279454
2021-05-14,WMT,-0.0059998631,0.0038235188,-0.018218756
2021-05-17,AAPL,0.00057280064,0.0021705627,-0.010325372
2021-05-17,AMGN,0.00039875507,0.020887136,-0.003597796
2021-05-17,CRM,-0.0093089938,0.011353254,-0.0076808333
2021-05-17,CSCO,-0.010717154,0.013495207,-0.0096340775
2021-05-17,IBM,-0.017561436,-0.0059301853,-0.011001408
2021-05-17,INTC,0.015962005,0.015725613,-0.005539
2021-05-17,MSFT,0.017531872,0.01774776,-0.017783701
2021-05-17,NKE,-0.0021986365,0.013228536,-0.027688146
2021-05-17,VZ,0.0081732273,-0.00087714195,-0.002583921
2021-05-17,WMT,-0.015046954,0.0056061745,-0.012015045
2021-05-18,AAPL,-0.004258275,0.015108109,-0.01422596
2021-05-18,AMGN,-0.0054137707,0.01092577,-0.007712543
2021-05-18,CRM,-0.038082659,0.018929958,-0.016112864
2021-05-18,CSCO,-0.0046283007,0.018167138,-0.013066292
2021-05-18,IBM,-0.025859952,0.009709239,0.010653496
2021-05-18,INTC,-0.0075252652,-0.0092921853,0.016210914
2021-05-18,MSFT,0.016207337,0.022468448,0.0036594868
2021-05-18,NKE,-0.014074087,-0.0055865645,-0.0068398118
2021-05-18,VZ,-0.02086854,0.0043814182,-0.0036424398
2021-05-18,WMT,0.0062400103,0.010482788,-0.013647139
2021-05-19,AAPL,-0.00029504299,-0.0083521008,0.0033893585
2021-05-19,AMGN,0.0053856373,-0.00093626976,0.0042026043
2021-05-19,CRM,0.041561365,0.050400138,-0.013900876
2021-05-19,CSCO,-0.00050199032,0.032796383,-0.0099249482
2021-05-19,IBM,-0.012783825,0.0046113729,-0.0038810372
2021-05-19,INTC,0.0042221546,0.0029088259,-0.001026988
2021-05-19,MSFT,-0.02570492,0.028365016,-0.013355374
2021-05-19,NKE,-0.0036891103,0.028896213,-0.01558274
2021-05-19,VZ,0.026188135,0.010390162,-0.010366678
2021-05-19,WMT,0.0021185875,0.028945327,-0.0071858168
2021-05-20,AAPL,0.017841458,0.022956371,0.0072660446
2021-05-20,AMGN,-0.0012224317,0.021012664,-0.017309427
2021-05-20,CRM,0.0049653053,0.014883161,-0.01923722
2021-05-20,CSCO,0.003231883,0.013827562,-0.020738006
2021-05-20,IBM,-0.014744222,0.010776877,-0.0079399943
2021-05-20,INTC,-0.016631663,0.024758101,-0.0069535971
2021-05-20,MSFT,-0.0021261573,-0.0013868809,-0.014205277
2021-05-20,NKE,0.014251709,-0.0019369125,-0.0068958998
2021-05-20,VZ,-0.018586457,0.023050785,-0.0063629746
2021-05-20,WMT,-0.0026925802,-0.0029668808,-0.010233402
2021-05-21,AAPL,-0.040610015,0.0039150715,0.013782144
2021-05-21,AMGN,-0.0033503771,0.019755602,-0.012986243
2021-05-21,CRM,0.0037703514,0.017891049,-0.042742848
2021-05-21,CSCO,0.014178991,0.02225852,-0.010166824
2021-05-21,IBM,0.012292266,0.010243535,-0.0083294511
2021-05-21,INTC,-0.0091890693,0.0053132772,-0.007265389
2021-05-21,MSFT,-0.0033347607,0.019090056,-0.018874884
2021-05-21,NKE,-0.0045688748,0.020337701,-0.008163929
2021-05-21,VZ,0.022713065,-0.0034710765,-0.0077086687
2021-05-21,WMT,0.0076993704,-0.0027651787,-6.1392784e-06
2021-05-24,AAPL,-0.024619162,0.015871882,0.0069330931
2021-05-24,AMGN,-0.0079666972,0.003336072,-0.028818309
2021-05-24,CRM,0.010322452,0.018993974,-0.024155974
2021-05-24,CSCO,0.0014708042,-0.0025075078,-0.016966224
2021-05-24,IBM,0.00294137,0.01552403,0.00099277496
2021-05-24,INTC,0.013653398,0.024221778,-0.01036334
2021-05-24,MSFT,0.0024724007,0.01802361,-0.0072511435
2021-05-24,NKE,-0.011523843,0.016710877,-0.010499775
2021-05-24,VZ,-0.024416029,0.023022771,-0.0051534176
2021-05-24,WMT,0.0097872019,-0.0069859624,-0.0060124993
2021-05-25,AAPL,0.0011430979,0.019235134,-0.0023520589
2021-05-25,AMGN,-0.00050008297,0.0112077,-0.0069436431
2021-05-25,CRM,0.046767592,0.0090487003,-0.0029195547
2021-05-25,CSCO,0.018861532,0.0014079809,-0.0072660446
2021-05-25,IBM,-0.0026990771,0.011141181,-0.01175797
2021-05-25,INTC,-0.0093413591,0.022745252,-0.00576967
2021-05-25,MSFT,0.019740224,0.031877518,-0.012957633
2021-05-25,NKE,0.0052866936,0.013126135,0.0029420853
2021-05-25,VZ,-0.01838392,-0.0020897388,-0.010053396
2021-05-25,WMT,-0.0067843795,0.0017813444,0.00046610832
2021-05-26,AAPL,0.02080667,0.019279122,0.0033502579
2021-05-26,AMGN,3.9815903e-05,0.010762572,-0.02248466
2021-05-26,CRM,0.024020076,-0.013297141,-0.04037118
2021-05-26,CSCO,-0.01521498,-0.0032903552,-0.0080021024
2021-05-26,IBM,-0.0039308667,-0.0072600245,-0.0048716664
2021-05-26,INTC,0.017821074,0.027638793,-0.0060657263
2021-05-26,MSFT,-0.025327563,0.016778588,-0.0088717341
2021-05-26,NKE,0.031212807,0.0026699305,5.9604645e-06
2021-05-26,VZ,0.0067139864,0.023657441,-0.0055419207
2021-05-26,WMT,0.0067094564,-0.0001860261,-0.0008469224
2021-05-27,AAPL,0.015739799,0.00072526932,0.0040915012
2021-05-27,AMGN,0.022092581,0.021374106,-0.0060769916
2021-05-27,CRM,-0.0096550584,-0.014045954,-0.028226495
2021-05-27,CSCO,0.023678422,-0.014650702,-0.011734784
2021-05-27,IBM,0.0080919266,0.0075056553,0.0007622242
2021-05-27,INTC,-0.027144551,0.0087515116,0.010658503
2021-05-27,MSFT,0.033144236,0.013691068,-0.0066443682
2021-05-27,NKE,0.00036513805,0.036000967,-0.022592247
2021-05-27,VZ,-0.017760038,0.0042231083,-0.013614833
2021-05-27,WMT,-0.0093394518,-0.0072036982,-0.0053033829
2021-05-28,AAPL,-0.02778697,-0.01070559,-0.0047720075
2021-05-28,AMGN,-0.0018473268,0.010254025,-0.019600987
2021-05-28,CRM,-0.035192788,0.021292329,-0.0195629
2021-05-28,CSCO,-0.012298882,0.018707395,-0.015636384
2021-05-28,IBM,0.018711209,0.0091673136,0.00049889088
2021-05-28,INTC,-0.052889287,0.017763376,-0.016238451
2021-05-28,MSFT,0.015734315,0.002106905,-0.0034775734
2021-05-28,NKE,-0.025010824,0.023743153,-0.0047943592
2021-05-28,VZ,-0.01309216,-0.0095179081,0.008153677
2021-05-28,WMT,-0.0052695274,0.019884229,-0.012739599
2021-06-01,AAPL,0.016878366,0.0036832094,-0.0087060332
2021-06-01,AMGN,0.0091840029,0.007293582,-0.007085681
2021-06-01,CRM,0.023046136,0.02889657,-0.035767317
2021-06-01,CSCO,-0.022721052,0.0076085329,-0.013661623
2021-06-01,IBM,0.023892999,0.009557724,-0.0038314462
2021-06-01,INTC,-0.0029266477,0.01612711,-0.022473812
2021-06-01,MSFT,-0.017589331,0.014772654,-0.00071579218
2021-06-01,NKE,-0.019216478,0.023637414,-0.019687533
2021-06-01,VZ,-0.015260756,0.018526316,-0.011215031
2021-06-01,WMT,-0.0053488016,0.0071099997,-0.0013729334
2021-06-02,AAPL,0.015891671,0.010416865,-0.018456578
2021-06-02,AMGN,-0.00056111813,-0.0051817298,-0.0039397478
2021-06-02,CRM,-0.009231627,0.013155937,-0.0083249211
2021-06-02,CSCO,0.0030349493,0.027658582,-0.0063228607
2021-06-02,IBM,-0.0070326328,0.014514923,-0.013997078
2021-06-02,INTC,0.013041496,0.04754436,0.00022768974
2021-06-02,MSFT,0.00083470345,-0.0039721131,-0.016564786
2021-06-02,NKE,-0.00066184998,0.0092229843,-0.012111545
2021-06-02,VZ,-0.019601047,0.0011607409,0.00023460388
2021-06-02,WMT,-0.010387301,0.0082453489,-0.010598063
2021-06-03,AAPL,0.03584373,0.0046281815,-0.01674211
2021-06-03,AMGN,-0.023514748,0.0012065172,0.0042508841
2021-06-03,CRM,-0.019090652,0.030099154,-0.027781248
2021-06-03,CSCO,-0.049982011,0.027350783,-0.010436177
2021-06-03,IBM,-0.00083553791,0.014903665,-0.0047188401
2021-06-03,INTC,-0.0091934204,-0.00097715855,0.0082620382
2021-06-03,MSFT,0.023763776,0.0099358559,-0.0103392
2021-06-03,NKE,-0.0094354749,-0.0064225793,-0.013590395
2021-06-03,VZ,-0.011812389,-0.0026567578,0.0027271509
2021-06-03,WMT,-0.0054715276,0.0004632473,-0.0058743954
2021-06-04,AAPL,0.011822581,0.013232231,-0.0063177347
2021-06-04,AMGN,0.00743258,0.014759541,-0.016932666
2021-06-04,CRM,0.00095903873,0.011256099,-0.013537347
2021-06-04,CSCO,0.0083466768,0.0023200512,-0.0051299334
2021-06-04,IBM,0.010337114,0.0014630556,-0.0082693696
2021-06-04,INTC,-0.033099711,0.012922883,-0.0046004057
2021-06-04,MSFT,0.0016965866,0.0045083761,-0.018188119
2021-06-04,NKE,-0.041531146,-0.0072124004,-0.0055420399
2021-06-04,VZ,-0.01254952,-0.0028876662,-0.0028631091
2021-06-04,WMT,0.003292799,0.0061295033,-0.023174703
2021-06-07,AAPL,-0.025165677,0.0027126074,-0.016385376
2021-06-07,AMGN,-0.0053440332,0.013026118,0.0043073893
2021-06-07,CRM,-0.0041811466,0.0076674223,0.0034928322
2021-06-07,CSCO,0.0031087399,-0.0043464899,-0.0061528087
2021-06-07,IBM,0.0046756268,0.0031856298,-0.002944231
2021-06-07,INTC,-0.0036979318,0.027354956,-0.015890062
2021-06-07,MSFT,0.0016784668,-0.0017153621,-0.035660386
2021-06-07,NKE,0.0071247816,0.021674514,0.0038663149
2021-06-07,VZ,-0.0071084499,0.0031795502,-0.0098389387
2021-06-07,WMT,-0.0053223372,0.015971541,0.0012967587
2021-06-08,AAPL,0.022385836,0.020846248,-0.0071011782
2021-06-08,AMGN,0.019802332,0.021281838,-0.0020675659
2021-06-08,CRM,-0.0056629181,0.01444304,-0.01900959
2021-06-08,CSCO,-0.0017480254,0.0035722256,-0.0082044601
2021-06-08,IBM,0.0048193932,0.02010262,-0.0086311102
2021-06-08,INTC,0.0032428503,0.032586455,-0.0086297393
2021-06-08,MSFT,-0.008498013,0.0070816278,-0.0011191964
2021-06-08,NKE,0.01054287,0.027087092,-0.0015048385
2021-06-08,VZ,-0.022443414,-0.0010268688,-0.0095748901
2021-06-08,WMT,-0.016782999,0.012640357,0.0024131536
2021-06-09,AAPL,0.023607254,0.0022197962,-0.0071123838
2021-06-09,AMGN,5.4836273e-06,0.015148878,-0.012242556
2021-06-09,CRM,-0.068231881,-0.015939176,-0.0022842884
2021-06-09,CSCO,-0.028337717,-0.013732374,-0.0066421032
2021-06-09,IBM,0.002841711,0.018529058,-0.019831836
2021-06-09,INTC,-0.013307452,0.0019557476,-0.020189285
2021-06-09,MSFT,-0.0033827424,0.004404068,-0.013390779
2021-06-09,NKE,0.031633735,0.0067460537,-0.0084626675
2021-06-09,VZ,-0.033275485,0.015898228,-0.0070673823
2021-06-09,WMT,-0.020736575,0.0034922361,0.0058219433
2021-06-10,AAPL,0.014853358,0.015753269,-0.030652821
2021-06-10,AMGN,0.0085982084,0.002073288,-0.012203217
2021-06-10,CRM,0.015140653,-0.013447881,-0.0098537803
2021-06-10,CSCO,-0.016834974,0.012434125,-0.017161131
2021-06-10,IBM,-0.0023341775,0.012436152,-0.011417031
2021-06-10,INTC,-0.022502244,0.017372966,-0.019284725
2021-06-10,MSFT,0.014028311,0.0019211769,-0.0020706058
2021-06-10,NKE,-0.0041868091,0.0049821138,0.0085088015
2021-06-10,VZ,-0.0084384084,-0.0027040243,-0.009003818
2021-06-10,WMT,-0.011707664,0.015844822,-0.0088205338
2021-06-11,AAPL,-0.017130435,0.025786996,-0.009149313
2021-06-11,AMGN,0.027082682,0.022938848,-0.0064204335
2021-06-11,CRM,0.0097241402,0.013185263,-0.0080020428
2021-06-11,CSCO,-0.0075550675,0.0058100224,-0.0044615269
2021-06-11,IBM,0.014148712,0.010040879,0.0018594265
2021-06-11,INTC,-0.010872006,0.0056108236,-0.02188158
2021-06-11,MSFT,-0.024153888,-0.011545241,0.0028634071
2021-06-11,NKE,-0.022481978,0.0153054,-0.0028290749
2021-06-11,VZ,-0.00047254562,0.017565727,-0.0062884688
2021-06-11,WMT,0.0080555677,0.011798501,-0.00078386068
2021-06-14,AAPL,-0.013523221,0.0016442537,-0.017077625
2021-06-14,AMGN,-0.0098772645,0.0082653761,0.0011687279
2021-06-14,CRM,-0.015473187,0.007678628,0.0075827837
2021-06-14,CSCO,0.007080555,-0.0036683083,-0.010467231
2021-06-14,IBM,-0.0086689591,-0.0034607053,-0.0048809648
2021-06-14,INTC,0.034318566,0.00464046,-0.024734259
2021-06-14,MSFT,-0.021917999,0.018570662,-0.015333414
2021-06-14,NKE,0.010115385,0.024822235,0.0040766001
2021-06-14,VZ,0.009195447,0.0077748299,-0.010316908
2021-06-14,WMT,-0.0044869781,0.014555097,-0.0021087527
2021-06-15,AAPL,-0.0045560598,0.0039496422,-0.020555973
2021-06-15,AMGN,-0.02283293,0.0098056793,0.001945734
2021-06-15,CRM,0.03403616,0.020985007,0.019722581
2021-06-15,CSCO,0.029764533,0.024133801,-0.025415897
2021-06-15,IBM,-0.0060686469,0.0085349083,7.212162e-05
2021-06-15,INTC,-0.024956942,-0.0055788159,0.0017492771
2021-06-15,MSFT,-0.030460954,-0.0010160804,-0.00077551603
2021-06-15,NKE,-0.0037828684,0.0073797703,-0.0074730515
2021-06-15,VZ,0.023801923,0.013257861,0.0042817593
2021-06-15,WMT,8.4877014e-05,0.010089636,-0.0096683502
2021-06-16,AAPL,0.00079774857,0.035678744,0.0010460615
2021-06-16,AMGN,-0.033451319,0.015858293,-0.0050159097
2021-06-16,CRM,-0.0094285607,0.036140203,-0.013786376
2021-06-16,CSCO,0.029127121,-0.01202035,-0.0060992837
2021-06-16,IBM,0.01246798,0.0046530962,-0.0015833378
2021-06-16,INTC,-0.0011209249,0.0031604767,-0.012301862
2021-06-16,MSFT,0.016661048,0.0053906441,-0.013985276
2021-06-16,NKE,0.0070154667,0.031346202,-0.016625524
2021-06-16,VZ,0.0031604767,0.0096549988,-0.012156308
2021-06-16,WMT,-0.0021294951,0.01891458,0.00064027309
2021-06-17,AAPL,0.022325158,0.019812226,0.0013757944
2021-06-17,AMGN,-0.015132606,0.020292878,-0.011129856
2021-06-17,CRM,-0.032549322,0.028619528,0.0090527534
2021-06-17,CSCO,0.022076607,0.0064686537,-0.01941967
2021-06-17,IBM,-0.017486036,0.0067583323,-0.023782134
2021-06-17,INTC,-0.017407358,-0.013012528,-0.029517293
2021-06-17,MSFT,0.015973806,0.00024783611,-0.018721223
2021-06-17,NKE,0.01641202,0.0036888123,-0.0016308427
2021-06-17,VZ,-0.007244885,0.0094316006,-0.014327168
2021-06-17,WMT,-0.0070903301,0.01929152,-0.00031638145
2021-06-18,AAPL,-0.01432848,-0.0009688735,0.0067439079
2021-06-18,AMGN,-0.033150733,0.0088641644,-0.0083532929
2021-06-18,CRM,-0.01259321,0.012905121,-0.025555134
2021-06-18,CSCO,0.021183252,0.012148976,-0.014755487
2021-06-18,IBM,-0.014863729,-0.0062499642,-0.013036013
2021-06-18,INTC,-0.026686311,0.026355267,0.0031323433
2021-06-18,MSFT,-0.015499473,0.0075343847,-0.007776022
2021-06-18,NKE,-0.0037017465,-0.0013781786,-0.0060264468
2021-06-18,VZ,-0.013890624,0.006919384,-0.013318837
2021-06-18,WMT,-0.0010334253,-0.0012657046,0.0034279823
2021-06-21,AAPL,0.030395508,0.0095447302,-0.0014711022
2021-06-21,AMGN,0.016470671,0.011303306,0.0054144859
2021-06-21,CRM,-0.013306081,0.0091378689,-0.028810501
2021-06-21,CSCO,0.043180466,0.00021672249,0.00043416023
2021-06-21,IBM,0.003282547,0.0097948313,-0.0097333193
2021-06-21,INTC,-0.00059866905,0.014659643,0.02429688
2021-06-21,MSFT,0.017190814,0.015116692,-0.00028848648
2021-06-21,NKE,0.013651848,-0.0071110725,-0.00249964
2021-06-21,VZ,-0.0023185611,0.0078846216,0.0067843199
2021-06-21,WMT,-0.014472127,0.018595815,-0.0050798059
2021-06-22,AAPL,-0.0045393705,0.030860782,-0.027839661
2021-06-22,AMGN,-0.021609008,0.015215755,-0.02822113
2021-06-22,CRM,0.021531701,0.010219097,0.0007379055
2021-06-22,CSCO,-0.011520267,0.0072625875,-0.0098019838
2021-06-22,IBM,0.017707586,0.00033283234,0.01281321
2021-06-22,INTC,-0.010028124,0.0028585196,-0.0056337714
2021-06-22,MSFT,0.016732693,0.0021424294,-0.010076165
2021-06-22,NKE,0.021066546,-0.0017783046,-0.011625886
2021-06-22,VZ,0.013587594,0.013743758,-0.028041661
2021-06-22,WMT,-0.0016447306,0.0096971989,0.004375577
2021-06-23,AAPL,0.019569278,0.037620902,-0.031262934
2021-06-23,AMGN,-0.012880623,-0.0048386455,0.0020530224
2021-06-23,CRM,0.015660048,0.028668284,-0.0017938018
2021-06-23,CSCO,-0.01299423,0.0076067448,-0.011094749
2021-06-23,IBM,0.013477802,0.012045622,-0.0047646165
2021-06-23,INTC,-0.0051243305,0.017542362,-0.013601363
2021-06-23,MSFT,0.035703063,0.023269415,-0.010354757
2021-06-23,NKE,-0.019141614,-0.0036824346,-0.0072507262
2021-06-23,VZ,-0.0043331385,0.0015537739,-0.01191026
2021-06-23,WMT,0.0026247501,0.0036286116,-0.0048307776
2021-06-24,AAPL,0.011592269,0.0038295984,-0.019639015
2021-06-24,AMGN,-0.018862724,0.0076812506,-0.0018566847
2021-06-24,CRM,0.026782513,0.026478529,-0.011123061
2021-06-24,CSCO,-0.035962582,-0.00065785646,-0.013655841
2021-06-24,IBM,-0.011947572,0.01378727,-0.01409632
2021-06-24,INTC,0.028150558,-0.013815641,-0.017199159
2021-06-24,MSFT,0.0018151999,0.0041275024,-0.009349823
2021-06-24,NKE,-0.00020867586,-0.0029893517,-0.030682802
2021-06-24,VZ,-0.0050444603,0.013831615,0.0084074736
2021-06-24,WMT,-0.0094239116,0.014067888,0.0018833876
2021-06-25,AAPL,0.02496767,0.0056875944,-0.005723834
2021-06-25,AMGN,0.019169211,0.0051672459,-0.0066548586
2021-06-25,CRM,0.019623041,9.3102455e-05,0.002797246
2021-06-25,CSCO,0.02724421,-0.009134531,0.0013364553
2021-06-25,IBM,-0.00028383732,0.010302663,0.0063533783
2021-06-25,INTC,-0.032429457,0.010447383,-0.021922588
2021-06-25,MSFT,-0.0079099536,0.011973143,-0.01299572
2021-06-25,NKE,-0.0062761903,0.006002903,0.0066316128
2021-06-25,VZ,-0.0033887029,0.0079329014,-0.0073515773
2021-06-25,WMT,-0.0016496778,0.021008968,-0.016329944
2021-06-28,AAPL,0.00064122677,-0.0094914436,-0.039150357
2021-06-28,AMGN,0.0032219887,0.00032424927,-0.019745409
2021-06-28,CRM,0.01975131,0.016716003,-0.00040924549
2021-06-28,CSCO,-0.014940917,0.018883467,-0.0030041933
2021-06-28,IBM,-0.0061529875,0.0025997162,-0.0015136003
2021-06-28,INTC,-0.026678562,0.010901093,-0.017452538
2021-06-28,MSFT,-0.0058653951,0.012620926,0.003205061
2021-06-28,NKE,-0.011232078,0.013367534,0.00090301037
2021-06-28,VZ,0.0024331808,0.003513217,-0.0043234825
2021-06-28,WMT,-0.024275243,0.0072655678,-0.0070783496
2021-06-29,AAPL,-0.024227738,0.010445476,-0.0027623177
2021-06-29,AMGN,-0.0019661784,0.016518712,-0.005846262
2021-06-29,CRM,0.032658696,0.013600469,-0.019933403
2021-06-29,CSCO,-0.019042432,0.01442802,0.0002669096
2021-06-29,IBM,0.0049858093,0.013927341,-0.00068557262
2021-06-29,INTC,0.028821468,0.019046903,-0.00075638294
2021-06-29,MSFT,0.0095351934,0.00948596,0.0027931929
2021-06-29,NKE,-0.0043281913,-0.0073283315,-0.018857241
2021-06-29,VZ,-0.0082766414,-0.0019384027,0.0013462305
2021-06-29,WMT,-0.018468559,0.0098187923,-0.00292629
2021-06-30,AAPL,-0.029980004,0.029339433,-0.0058130026
2021-06-30,AMGN,-0.028157055,-0.0073684454,0.0026384592
2021-06-30,CRM,0.045030951,0.026943445,-0.025227129
2021-06-30,CSCO,-0.037501216,0.0028913021,-0.017102182
2021-06-30,IBM,0.0024312735,0.015105963,-0.012037635
2021-06-30,INTC,-0.0153175,0.012351513,-0.0090759397
2021-06-30,MSFT,0.023932815,0.011157036,-0.012298346
2021-06-30,NKE,-0.014240503,0.0095775127,-0.012879372
2021-06-30,VZ,-0.011951745,0.0076938868,-0.0047404766
2021-06-30,WMT,-0.022827268,0.0098348856,-0.00014430285
2021-07-01,AAPL,-0.04694593,0.030994773,-0.0079806447
2021-07-01,AMGN,-0.033151746,0.01853621,-0.004701972
2021-07-01,CRM,0.013521314,0.0070810318,-0.02612108
2021-07-01,CSCO,0.022899985,0.021642089,-0.0019350052
2021-07-01,IBM,-0.012820363,0.0057712793,0.0036096573
2021-07-01,INTC,-0.018918216,0.0026829243,-0.0061260462
2021-07-01,MSFT,-0.034934521,0.017201066,-0.013496518
2021-07-01,NKE,0.036837339,0.0051578283,-0.010920823
2021-07-01,VZ,-0.0014407039,0.0070815086,0.0011707544
2021-07-01,WMT,-0.03745091,0.015840411,-0.013216317
2021-07-02,AAPL,-0.012586713,0.0096564293,-0.017727077
2021-07-02,AMGN,-0.0083694458,0.01374054,-0.0038946271
2021-07-02,CRM,0.0027438402,0.024789333,-0.0090153217
2021-07-02,CSCO,0.012094021,-0.0096833706,-0.018120885
2021-07-02,IBM,-0.0012323856,-0.0024877787,-0.00216645
2021-07-02,INTC,0.010209441,-0.0074983835,-0.0040037036
2021-07-02,MSFT,-0.023175538,0.011612415,-0.015897751
2021-07-02,NKE,0.0082906485,0.015071869,0.016377568
2021-07-02,VZ,0.010139108,0.011439204,-0.022514582
2021-07-02,WMT,0.0082274675,0.0090824366,-0.020263076
2021-07-06,AAPL,-0.011134088,0.030456305,-0.021674335
2021-07-06,AMGN,-0.022101939,0.016919851,0.01121664
2021-07-06,CRM,-0.0091241002,0.01967597,-0.014494658
2021-07-06,CSCO,0.019036651,0.026110291,0.0025211573
2021-07-06,IBM,-0.00096160173,0.029126644,-0.011541069
2021-07-06,INTC,-0.011891246,0.0054647923,-0.0029300451
2021-07-06,MSFT,0.031215429,0.0095422268,-0.00079876184
2021-07-06,NKE,-0.018661261,-0.0044858456,-0.015738547
2021-07-06,VZ,-0.0061761141,0.01790607,-0.024733186
2021-07-06,WMT,0.010223746,0.01099205,-0.0051238537
2021-07-07,AAPL,0.015698195,0.0032805204,-0.0002938509
2021-07-07,AMGN,0.030056477,-0.014604986,-0.02081871
2021-07-07,CRM,-0.015017688,0.01666081,0.0080980062
2021-07-07,CSCO,-0.0016259551,0.000228405,0.00020134449
2021-07-07,IBM,-0.023887753,-0.00041157007,-0.0017649531
2021-07-07,INTC,-0.0028632283,-0.0090441704,-0.013719499
2021-07-07,MSFT,0.0038955212,0.026046515,-0.0037901402
2021-07-07,NKE,-0.0091865659,0.0021932125,-0.027308404
2021-07-07,VZ,-0.011940062,0.0018464327,-0.013045311
2021-07-07,WMT,-0.031569958,0.012178063,0.0048154593
2021-07-08,AAPL,-0.0056368113,0.019195199,-0.015797496
2021-07-08,AMGN,-0.017392814,0.01200521,0.0019905567
2021-07-08,CRM,0.023727775,0.0046085119,-0.0017128587
2021-07-08,CSCO,-0.021395028,-0.00066179037,-0.025624335
2021-07-08,IBM,0.0078110695,-0.0037362576,-0.0073036551
2021-07-08,INTC,0.021761537,-0.0029678941,-0.016085744
2021-07-08,MSFT,-0.033551574,0.014631867,-0.00096273422
2021-07-08,NKE,-0.025575161,0.00013422966,-0.011514664
2021-07-08,VZ,-0.010477602,0.0042506456,-0.023057222
2021-07-08,WMT,-0.014847219,0.00044178963,-0.0083155632
2021-07-09,AAPL,-0.017984152,0.032527447,-0.013390839
2021-07-09,AMGN,-0.015437186,0.014981985,-0.0042831898
2021-07-09,CRM,0.0014355183,0.0030810833,-0.033034265
2021-07-09,CSCO,0.012124181,-0.0054672956,-0.0013188124
2021-07-09,IBM,0.011287808,0.0098907948,-0.016659439
2021-07-09,INTC,-0.026635349,0.010813594,-0.010727048
2021-07-09,MSFT,0.031712055,0.0026961565,-0.019419312
2021-07-09,NKE,0.022397876,0.022983789,-0.015270233
2021-07-09,VZ,0.0037640333,0.00033462048,-0.013364017
2021-07-09,WMT,-0.0029578209,0.013335705,-0.010509551
2021-07-12,AAPL,-0.014404118,0.018399835,0.012188077
2021-07-12,AMGN,0.0090836287,0.026495576,-0.023475707
2021-07-12,CRM,0.0012398958,0.012749076,-0.0091808438
2021-07-12,CSCO,0.0019236803,-0.011630893,-0.029686332
2021-07-12,IBM,-0.0052053332,0.01731205,-0.0015325546
2021-07-12,INTC,-0.011229873,0.021371841,-0.008741796
2021-07-12,MSFT,0.027213931,0.016183257,-0.010304391
2021-07-12,NKE,-0.0038507581,0.00076580048,0.0080742836
2021-07-12,VZ,0.025395751,0.019611716,0.00085675716
2021-07-12,WMT,0.010208368,0.0066365004,0.0035666227
2021-07-13,AAPL,0.018517494,0.025826097,-0.0059794784
2021-07-13,AMGN,-0.029208481,0.014193654,-0.0020338297
2021-07-13,CRM,-0.011309683,0.015720129,-0.0080977678
2021-07-13,CSCO,-0.0017721057,-0.0015656948,-0.0075548887
2021-07-13,IBM,8.9168549e-05,0.0035537481,-0.019358218
2021-07-13,INTC,-0.049063861,-0.0026418567,-0.013125479
2021-07-13,MSFT,0.0028226376,-0.0032479167,-0.0032165051
2021-07-13,NKE,-0.02579695,-0.012617111,-0.0079184175
2021-07-13,VZ,0.0084915161,0.0084944963,-0.01123935
2021-07-13,WMT,-0.0095829964,0.021724701,-0.014652491
2021-07-14,AAPL,0.02776587,0.010147095,-0.0080838799
2021-07-14,AMGN,0.018473268,0.013345599,-0.0015698671
2021-07-14,CRM,-0.031532109,0.02261436,-0.031656504
2021-07-14,CSCO,0.0010234118,0.032437444,0.0027011633
2021-07-14,IBM,0.01040411,0.0048240423,-0.0042024255
2021-07-14,INTC,0.01333797,0.0017887354,-0.020699024
2021-07-14,MSFT,-0.02007997,0.0013157129,-0.01277107
2021-07-14,NKE,-0.027726769,0.017031074,-0.008246243
2021-07-14,VZ,-0.013392031,0.013765454,-0.013276994
2021-07-14,WMT,0.00049221516,-0.0031613111,-0.010772884
2021-07-15,AAPL,0.048786283,0.0026408434,-0.025897384
2021-07-15,AMGN,0.00074386597,0.013787389,0.0028735399
2021-07-15,CRM,-0.00027656555,0.0059626102,-0.028517067
2021-07-15,CSCO,0.024759054,0.0095888376,-0.0046494603
2021-07-15,IBM,-0.0043027401,0.0012409687,-0.0088389516
2021-07-15,INTC,7.390976e-06,9.1075897e-05,-0.0081222653
2021-07-15,MSFT,-0.0047938824,0.016672134,-0.0088800788
2021-07-15,NKE,0.017617345,0.016279101,0.0015929937
2021-07-15,VZ,-0.015048862,0.0061173439,-0.010842741
2021-07-15,WMT,-0.024339914,0.014870644,-0.012738109
2021-07-16,AAPL,-0.0018078089,0.0066119432,-0.031947017
2021-07-16,AMGN,-0.011927128,0.017135262,0.0012021065
2021-07-16,CRM,-0.048868001,0.025525093,-0.015684605
2021-07-16,CSCO,-0.028015971,-0.0054292083,0.00090909004
2021-07-16,IBM,0.0071327686,0.0008494854,-0.011851549
2021-07-16,INTC,-0.0028222799,-0.017439008,0.0024724007
2021-07-16,MSFT,-0.015962541,0.002573967,-0.010157049
2021-07-16,NKE,-0.009626925,0.0068593025,-0.0045788288
2021-07-16,VZ,-0.016427994,0.022654057,-0.021169126
2021-07-16,WMT,0.0084388256,0.0095304251,-0.0064446926
2021-07-19,AAPL,0.016480923,0.0028394461,-0.0079512596
2021-07-19,AMGN,0.015487432,0.021741867,0.0020326376
2021-07-19,CRM,0.064513445,0.0097490549,0.0077810287
2021-07-19,CSCO,0.0060007572,0.0082944632,-0.026056647
2021-07-19,IBM,0.0082684755,0.010553837,-0.02430898
2021-07-19,INTC,0.0034170151,0.011941075,-0.002155602
2021-07-19,MSFT,-0.016537547,0.011108637,0.020365834
2021-07-19,NKE,0.005849123,0.002220273,0.015911341
2021-07-19,VZ,-0.010751009,0.0032635927,-0.0035795569
2021-07-19,WMT,-0.0054845214,0.0053178072,-0.0053566694
2021-07-20,AAPL,-0.02326262,-0.011153579,-0.0081390142
2021-07-20,AMGN,-0.010976255,0.013595343,0.00019109249
2021-07-20,CRM,-0.011820972,0.0053801537,-0.0072135925
2021-07-20,CSCO,-0.024768054,0.025319338,-0.017139018
2021-07-20,IBM,0.0098149776,-0.00091731548,-0.012138069
2021-07-20,INTC,0.0032967329,-0.0026538372,-0.0040946007
2021-07-20,MSFT,0.0089823008,-0.0033437014,-0.0073014498
2021-07-20,NKE,-0.0077508688,0.016671419,-0.010992646
2021-07-20,VZ,-0.019319773,0.015832186,-0.011259377
2021-07-20,WMT,0.0066467524,0.0029138327,-0.0014826655
2021-07-21,AAPL,-0.00067669153,0.0090451241,-0.033638954
2021-07-21,AMGN,-0.013056457,0.0030961037,-0.0087703466
2021-07-21,CRM,0.036255956,-0.001601994,-0.018600762
2021-07-21,CSCO,0.0035589933,-0.00055092573,-0.027274907
2021-07-21,IBM,-0.018544674,0.0065960884,0.0018998384
2021-07-21,INTC,-0.015976131,0.0049083233,0.0029931068
2021-07-21,MSFT,-0.011685729,0.0065411329,-0.02007854
2021-07-21,NKE,0.0071305037,0.0091826916,-0.0046511889
2021-07-21,VZ,0.0086576939,0.0072374344,-0.0051249266
2021-07-21,WMT,-0.0057353377,0.012585163,0.0024430752
2021-07-22,AAPL,-0.0097326636,-0.004402101,-0.020817995
2021-07-22,AMGN,0.010637879,0.019803166,0.0060955286
2021-07-22,CRM,0.010510564,0.0090129375,-0.00078904629
2021-07-22,CSCO,0.025540471,0.00087463856,-0.0037845373
2021-07-22,IBM,0.0097506046,0.014221311,-0.010905087
2021-07-22,INTC,0.012889743,0.0062001944,0.0040626526
2021-07-22,MSFT,-0.0016957521,0.0077265501,0.012266755
2021-07-22,NKE,0.0094790459,0.014269233,-0.0035164356
2021-07-22,VZ,0.013884544,0.0071870089,-0.01037091
2021-07-22,WMT,-0.019800723,-0.0046098232,0.0011335611
2021-07-23,AAPL,-0.021758437,0.0011098385,-0.0070246458
2021-07-23,AMGN,0.0048171282,0.0083669424,-0.011506557
2021-07-23,CRM,-0.035297096,-0.020514905,-0.037053585
2021-07-23,CSCO,-0.039819896,0.016186237,0.012283921
2021-07-23,IBM,0.010666847,0.0053526163,-0.0069798827
2021-07-23,INTC,0.0029942989,-0.0044830441,-0.0043579936
2021-07-23,MSFT,-0.046821237,0.020431638,-0.011023581
2021-07-23,NKE,-0.011179149,0.014546394,-0.021657884
2021-07-23,VZ,0.0070163012,0.0052396059,-0.0064680576
2021-07-23,WMT,-0.0074339509,0.016645551,-0.0092222095
2021-07-26,AAPL,0.013652682,0.0013329983,-0.013437569
2021-07-26,AMGN,-0.015874803,0.012304783,-0.0024546981
2021-07-26,CRM,-0.0055215955,0.012010694,0.00076305866
2021-07-26,CSCO,-0.012195468,-0.0050986409,-0.0033579469
2021-07-26,IBM,0.0069967508,0.012223244,-0.0098063946
2021-07-26,INTC,0.00124681,0.018933892,-0.011976957
2021-07-26,MSFT,0.029081702,0.022044539,0.003100872
2021-07-26,NKE,0.00101161,0.0055139065,-0.021758318
2021-07-26,VZ,-0.0031701326,-0.0081200004,-0.005846262
2021-07-26,WMT,-0.031988621,0.0070211887,-0.019920051
2021-07-27,AAPL,0.028205752,0.01491344,-0.011811137
2021-07-27,AMGN,-0.015461564,0.013712525,-0.0090901256
2021-07-27,CRM,0.036618352,0.015345931,-0.020390153
2021-07-27,CSCO,0.0054451227,-0.00083327293,-0.013498366
2021-07-27,IBM,-0.0045098066,-0.0011330247,-0.0043129921
2021-07-27,INTC,-0.018422544,0.017222881,-0.0061457157
2021-07-27,MSFT,-0.00091379881,0.007014513,-0.033035338
2021-07-27,NKE,-0.02617687,0.0010895729,-0.015304804
2021-07-27,VZ,0.0055404902,-0.0010830164,-0.0065577626
2021-07-27,WMT,0.014599562,0.00061440468,-0.0052804351
2021-07-28,AAPL,0.010033965,0.0032548904,-0.0036192536
2021-07-28,AMGN,-0.013949513,0.020309448,-0.0090268254
2021-07-28,CRM,0.0060591698,0.01221931,0.017094731
2021-07-28,CSCO,0.019148827,-0.0017613769,-0.0056918263
2021-07-28,IBM,-0.023347199,-0.0009174943,-0.0078589916
2021-07-28,INTC,0.003015995,0.012606263,-0.027768493
2021-07-28,MSFT,-0.0046426654,0.0089385509,-0.006284833
2021-07-28,NKE,-0.022237659,0.0092182159,-0.010479748
2021-07-28,VZ,0.00083327293,-0.0053185225,-0.0018506646
2021-07-28,WMT,0.0092027187,0.012228489,-0.0023258924
2021-07-29,AAPL,0.046983957,-0.0010739565,-0.02341634
2021-07-29,AMGN,0.0092129707,0.011811256,-0.0001231432
2021-07-29,CRM,9.7751617e-06,0.006234169,-0.030677676
2021-07-29,CSCO,-0.032370329,0.0081325769,-0.0020826459
2021-07-29,IBM,-0.0011611581,0.0049182177,0.0033169985
2021-07-29,INTC,-0.012794435,0.0084306002,0.0011210442
2021-07-29,MSFT,0.024208188,0.017555237,-0.0183447
2021-07-29,NKE,0.017760634,0.0088613033,-0.0063342452
2021-07-29,VZ,-0.011854827,0.0030533075,0.0066173077
2021-07-29,WMT,-0.0034961104,0.0054910183,0.0023953915
2021-07-30,AAPL,-0.00032812357,0.0040130615,-0.011141062
2021-07-30,AMGN,-0.041146338,0.019951105,-0.02306509
2021-07-30,CRM,-0.03731817,0.00071835518,-0.014445245
2021-07-30,CSCO,-0.013882637,0.0064680576,0.001506567
2021-07-30,IBM,0.031028986,0.0021766424,-0.0048649907
2021-07-30,INTC,-0.0061376691,0.016347528,-0.0016089678
2021-07-30,MSFT,0.013102531,-0.00063449144,-0.00042575598
2021-07-30,NKE,-0.0046259165,0.0045959949,-0.0081769228
2021-07-30,VZ,0.015645862,0.016757607,0.0007045269
2021-07-30,WMT,-0.0023598671,0.012926817,-0.0050908327
2021-08-02,AAPL,-0.024355829,0.016942024,-0.0072624087
2021-08-02,AMGN,-0.0018372536,0.014109731,-0.0019744635
2021-08-02,CRM,-0.0061711073,0.0015455484,-0.011559725
2021-08-02,CSCO,0.010287642,0.0032430887,-0.017535448
2021-08-02,IBM,-0.027345181,0.0071276426,-0.0048475266
2021-08-02,INTC,-0.005569756,0.024508953,-0.012670875
2021-08-02,MSFT,0.03145802,0.0026366711,0.00012695789
2021-08-02,NKE,0.005169034,0.0072752237,-0.009221673
2021-08-02,VZ,-0.0068321228,0.010074854,0.00093328953
2021-08-02,WMT,-0.0095528364,0.0031863451,0.0033793449
2021-08-03,AAPL,0.001827836,0.00037121773,-0.00047057867
2021-08-03,AMGN,-0.023037195,-0.0085287094,-0.025808334
2021-08-03,CRM,0.026931643,0.020886302,0.0085891485
2021-08-03,CSCO,-0.002368927,0.0073130131,0.0099306107
2021-08-03,IBM,-0.012719631,0.0029015541,0.0042366982
2021-08-03,INTC,-0.053805649,0.0079238415,-0.011061609
2021-08-03,MSFT,-0.001803875,-0.0077308416,-0.0058031082
2021-08-03,NKE,0.0026766062,0.011208773,0.0019388199
2021-08-03,VZ,0.0077856779,-0.0036008358,0.0084030628
2021-08-03,WMT,-0.016068757,0.016453981,-0.012331545
2021-08-04,AAPL,0.0009816885,-0.0055301785,-0.014586627
2021-08-04,AMGN,0.0020368099,0.027573466,-0.014476418
2021-08-04,CRM,-0.043655634,0.021869421,-0.024495721
2021-08-04,CSCO,-0.011132598,-0.0166412,-0.0024594665
2021-08-04,IBM,-0.0067772269,-0.0092532039,-0.0072318316
2021-08-04,INTC,-0.0034574866,-0.016186655,-0.0076746941
2021-08-04,MSFT,-0.01169914,0.0010540485,-0.0046826005
2021-08-04,NKE,-0.0022419691,0.021324992,0.021553516
2021-08-04,VZ,0.006243825,-0.017244697,-0.022430658
2021-08-04,WMT,0.0016801357,0.00043547153,-0.0037490726
2021-08-05,AAPL,0.011013985,-0.0029699206,-0.018019259
2021-08-05,AMGN,-0.026187837,0.007037878,-0.01685977
2021-08-05,CRM,-0.0046153069,-0.0024596453,-0.015121698
2021-08-05,CSCO,0.015542507,0.016406417,-0.010276079
2021-08-05,IBM,0.0096931458,0.018591404,0.014534831
2021-08-05,INTC,0.028759956,0.0053559542,-0.0035908222
2021-08-05,MSFT,-0.024346054,0.019714475,-0.012788951
2021-08-05,NKE,-0.021244287,0.018894553,-0.0022706389
2021-08-05,VZ,-0.028045774,-0.0081808567,-0.0056908727
2021-08-05,WMT,0.010607004,0.014745593,-0.0069034696
2021-08-06,AAPL,0.026706338,0.0039595366,-0.0054561496
2021-08-06,AMGN,-0.0085187554,0.0084172487,-0.01041609
2021-08-06,CRM,-0.0043258071,0.01068747,-0.031187415
2021-08-06,CSCO,-0.011628151,0.012210727,0.0072386265
2021-08-06,IBM,-0.0053155422,-0.0061442852,-0.014078856
2021-08-06,INTC,-0.056163669,0.013284087,0.0024961233
2021-08-06,MSFT,0.0046826601,0.007366538,0.00770998
2021-08-06,NKE,-0.021051943,0.0015448332,-0.0095110536
2021-08-06,VZ,-0.0070509315,0.0028306246,-0.0080623031
2021-08-06,WMT,-0.01510036,0.012989283,-0.006765008
2021-08-09,AAPL,0.018061519,0.045782447,0.0053204298
2021-08-09,AMGN,-0.025414407,0.0071823597,-0.0052232742
2021-08-09,CRM,-0.052955687,-0.039332569,-0.021497846
2021-08-09,CSCO,-0.0072327852,0.00175488,0.00065326691
2021-08-09,IBM,0.010100126,-0.00027227402,-0.0011719465
2021-08-09,INTC,-0.014897287,-0.0064950585,-0.00843817
2021-08-09,MSFT,-0.039403975,0.021171212,-0.011918008
2021-08-09,NKE,-0.027917743,0.0030568838,0.0033398867
2021-08-09,VZ,-0.0053713322,0.0027679205,-0.0040696263
2021-08-09,WMT,-0.00015026331,0.014460802,-0.014227927
2021-08-10,AAPL,0.021152496,0.027200341,-0.022978842
2021-08-10,AMGN,-0.00028032064,-0.0042942762,-0.023540616
2021-08-10,CRM,-0.036739409,0.011325598,-0.010036469
2021-08-10,CSCO,0.0036122799,0.0053174496,-0.012626767
2021-08-10,IBM,0.0037944317,0.018287063,-0.013501406
2021-08-10,INTC,-0.02779752,0.00034856796,-0.0057574511
2021-08-10,MSFT,-0.0075549483,-0.0032154918,-0.0049123764
2021-08-10,NKE,-0.016859889,0.013841987,-0.0084859133
2021-08-10,VZ,0.0014475584,0.0082108974,-0.020931065
2021-08-10,WMT,-0.014553308,0.0091930628,-0.013675869
2021-08-11,AAPL,-0.01492995,0.013441324,-0.00602597
2021-08-11,AMGN,0.01631403,0.026750803,0.0010988712
2021-08-11,CRM,-0.032834113,0.0053449869,-0.0073646903
2021-08-11,CSCO,-0.034972131,-0.0021113753,-0.0074855685
2021-08-11,IBM,0.014459014,-0.019135356,0.0085015297
2021-08-11,INTC,0.023660421,0.0022377968,-0.0098842382
2021-08-11,MSFT,-0.015806019,0.0085502863,-0.00058090687
2021-08-11,NKE,0.039432526,0.00077176094,-0.0029109716
2021-08-11,VZ,-0.00385499,0.019004464,-0.0071473122
2021-08-11,WMT,0.014018416,0.01754868,-0.0011923313
2021-08-12,AAPL,0.015303135,0.01642406,-0.0067948699
2021-08-12,AMGN,0.013536811,0.0039401054,-0.0095525384
2021-08-12,CRM,-0.01127702,0.022396564,-0.020099163
2021-08-12,CSCO,0.016088367,0.0076401234,0.00058925152
2021-08-12,IBM,0.005561471,0.0038522482,-0.026734173
2021-08-12,INTC,-0.0071406364,0.015259266,-0.0088994503
2021-08-12,MSFT,0.00054788589,0.011996388,-0.013367236
2021-08-12,NKE,0.0030508041,0.00098109245,-0.0045828819
2021-08-12,VZ,0.0039899349,0.023201704,0.0034998655
2021-08-12,WMT,0.0015727282,0.0016615391,-0.0059292316
2021-08-13,AAPL,0.0089043379,-0.007355392,-0.022197783
2021-08-13,AMGN,-0.019524634,0.018624544,-0.00069141388
2021-08-13,CRM,-0.0074983239,0.014768362,-0.0051964521
2021-08-13,CSCO,-0.011462808,0.0046435595,-0.025104225
2021-08-13,IBM,0.019626856,0.012853026,-0.0017586946
2021-08-13,INTC,-0.010495782,0.015656471,-0.018774986
2021-08-13,MSFT,-0.0099182725,-0.006432116,-0.021412015
2021-08-13,NKE,0.0021425486,0.0080062151,0.012138367
2021-08-13,VZ,-0.0047858357,0.0063436031,0.013051033
2021-08-13,WMT,-0.010533273,0.0087482929,-0.0010192394
2021-08-16,AAPL,-0.0038588643,0.00054061413,-0.0093117356
2021-08-16,AMGN,0.015211105,0.015330553,-0.0015952587
2021-08-16,CRM,0.017970085,0.0032773018,-0.031405151
2021-08-16,CSCO,0.01371932,-0.0041236877,-0.0040788054
2021-08-16,IBM,-0.0036931634,0.007370472,-5.3822994e-05
2021-08-16,INTC,0.012835383,0.0031651258,-0.0075375438
2021-08-16,MSFT,-0.010472775,0.022915483,-0.014626384
2021-08-16,NKE,0.00076699257,0.0099446774,-0.019130647
2021-08-16,VZ,0.0086150169,0.017512798,-0.0016584396
2021-08-16,WMT,-0.029980779,0.012463927,-0.0079275966
2021-08-17,AAPL,0.02702868,0.017364383,0.0064316988
2021-08-17,AMGN,-0.032691538,0.0065914392,-0.0090799332
2021-08-17,CRM,-0.0074424744,0.028259277,-0.0096567273
2021-08-17,CSCO,-0.010493457,-0.013471186,0.0027455091
2021-08-17,IBM,0.017773151,0.023528576,-0.010566473
2021-08-17,INTC,-0.027092993,0.011850476,-0.014696002
2021-08-17,MSFT,0.020357251,0.0017846823,-0.0095219612
2021-08-17,NKE,-0.029446483,-0.018007278,-0.010507584
2021-08-17,VZ,-0.0065362453,0.008323431,-0.0052547455
2021-08-17,WMT,-0.013354957,0.0075632334,-0.015890062
2021-08-18,AAPL,-0.028456628,0.0038230419,0.0074616671
2021-08-18,AMGN,-0.0022439361,0.031770587,-0.01396215
2021-08-18,CRM,-0.01788944,-0.0076146722,-0.045434535
2021-08-18,CSCO,0.016091228,0.019135952,0.014974713
2021-08-18,IBM,-0.0007468462,0.0067299604,-0.0040292144
2021-08-18,INTC,-0.0058622956,-0.0034229159,-0.0012631416
2021-08-18,MSFT,0.018269897,0.00091814995,-0.015578091
2021-08-18,NKE,-0.015928924,0.017157793,-0.014966011
2021-08-18,VZ,-0.020540118,0.0034127235,-0.0059056878
2021-08-18,WMT,-0.0019661784,0.0050683022,-0.015616119
2021-08-19,AAPL,0.029419184,0.0096383095,0.010786772
2021-08-19,AMGN,-0.02034688,-2.4616718e-05,-0.0084530115
2021-08-19,CRM,0.035859942,0.047750115,0.018106818
2021-08-19,CSCO,0.073113203,0.0012682676,-0.015140414
2021-08-19,IBM,-0.0067481995,0.0046797991,0.0020084381
2021-08-19,INTC,-0.019628882,0.017819762,-0.0011013746
2021-08-19,MSFT,-0.0065610409,0.0069928169,-0.001305759
2021-08-19,NKE,0.025212646,0.030278921,-0.012602925
2021-08-19,VZ,-0.0055035353,0.0017501116,-0.010044515
2021-08-19,WMT,-0.018926203,-0.0036993027,-0.019583285
2021-08-20,AAPL,0.037880182,0.018959522,-0.0047425032
2021-08-20,AMGN,-0.016144395,0.022728682,-0.014044523
2021-08-20,CRM,0.0060105324,0.024962664,-0.011613905
2021-08-20,CSCO,0.0096882582,-0.00574404,-0.018458724
2021-08-20,IBM,-0.025426745,0.00095701218,-0.010690331
2021-08-20,INTC,0.022089124,0.0018321276,-0.0077406764
2021-08-20,MSFT,0.00030529499,0.0084012747,0.0017666817
2021-08-20,NKE,-0.0022879839,-0.0079108477,0.010402083
2021-08-20,VZ,-0.018491924,0.013646245,-0.018811464
2021-08-20,WMT,0.0093928576,0.017855048,-0.010605693
2021-08-23,AAPL,-0.013704479,0.019057393,-0.022791684
2021-08-23,AMGN,-0.0045266747,0.021313071,-0.019042611
2021-08-23,CRM,0.020874739,0.001229763,-0.018697858
2021-08-23,CSCO,-0.020120502,0.01059401,-0.0029110909
2021-08-23,IBM,-0.01513356,0.0050081015,-5.364418e-06
2021-08-23,INTC,-0.0017042756,0.0250144,-0.0028932691
2021-08-23,MSFT,-0.0135023,0.0099717379,0.0043610334
2021-08-23,NKE,-0.015779018,0.0047439337,0.0042521954
2021-08-23,VZ,0.0033116341,-0.0067082644,-0.0027794242
2021-08-23,WMT,-0.010548711,0.01005733,-0.0045130849
2021-08-24,AAPL,-0.010596097,0.00073182583,0.0092476606
2021-08-24,AMGN,-0.033898771,0.014759541,-0.010575235
2021-08-24,CRM,0.0022674799,0.011458635,-0.0047199726
2021-08-24,CSCO,-0.0035627484,-0.0010249615,0.0015044212
2021-08-24,IBM,-0.0060760975,0.0084590912,-0.00015223026
2021-08-24,INTC,-0.032759428,-0.0056248903,-0.0013774037
2021-08-24,MSFT,0.0098745823,0.011790633,-0.019030094
2021-08-24,NKE,-0.0038298368,-0.0020337701,-0.0059426427
2021-08-24,VZ,-0.0069441199,0.024980068,0.0021582842
2021-08-24,WMT,-0.0060096383,-0.0041461587,0.0066401958
2021-08-25,AAPL,-0.011233807,0.021899819,-0.0040035844
2021-08-25,AMGN,0.0064499378,0.019070625,0.0048686266
2021-08-25,CRM,-0.0066054463,0.0039088726,-0.0082629919
2021-08-25,CSCO,0.0030963421,-0.0034723878,-0.016667187
2021-08-25,IBM,0.0074281693,0.018058419,-0.0019842982
2021-08-25,INTC,-0.0066462159,0.0055785179,-0.020852983
2021-08-25,MSFT,0.020489097,0.011837244,0.0085889101
2021-08-25,NKE,0.001283288,0.013231993,-0.033194721
2021-08-25,VZ,-0.0098803639,0.022387981,-0.017896056
2021-08-25,WMT,-0.02183497,0.002223134,-0.012938321
2021-08-26,AAPL,-0.0061045885,0.0083992481,-0.025114894
2021-08-26,AMGN,0.006734848,0.032248974,-0.0046414733
2021-08-26,CRM,-0.03225106,0.022286057,-0.0070248246
2021-08-26,CSCO,0.0039969683,0.0040558577,0.00029289722
2021-08-26,IBM,-0.0050153732,0.0082199574,-0.0039591789
2021-08-26,INTC,0.0019291639,0.013801932,-0.022091329
2021-08-26,MSFT,-0.00373137,-0.0059002638,-0.0057026148
2021-08-26,NKE,-0.0039903522,0.0082981586,-0.014127016
2021-08-26,VZ,0.0061269999,0.0079722404,-0.0049645901
2021-08-26,WMT,-0.0088630915,0.0070049763,0.0019558668
2021-08-27,AAPL,-0.025289834,0.00088787079,-0.016725481
2021-08-27,AMGN,-0.040391505,0.011707544,0.0014886856
2021-08-27,CRM,0.0067522526,0.013197064,-0.021057904
2021-08-27,CSCO,0.025542617,-0.0073279142,-0.016979456
2021-08-27,IBM,1.8239021e-05,0.009721756,-0.0059279799
2021-08-27,INTC,0.0028755665,0.01562345,-0.0073794723
2021-08-27,MSFT,-0.014442325,0.019669056,-0.0016085505
2021-08-27,NKE,0.0071921349,0.013762236,-0.0070143938
2021-08-27,VZ,0.0081489086,0.015316248,-0.0081756115
2021-08-27,WMT,0.0015462637,-0.0015918016,-0.0032169223
2021-08-30,AAPL,0.0053409338,0.023299694,-0.022916436
2021-08-30,AMGN,0.011532426,-0.00054812431,-0.018523932
2021-08-30,CRM,-0.049002886,0.0079523325,-0.011816621
2021-08-30,CSCO,0.00081348419,0.014130473,0.0071341991
2021-08-30,IBM,-0.019838333,-0.015059173,-0.0090985894
2021-08-30,INTC,-0.00402987,0.012542129,-0.0090508461
2021-08-30,MSFT,0.0054684877,-0.012129545,0.00081729889
2021-08-30,NKE,0.028945923,-0.008333683,-0.027412355
2021-08-30,VZ,-0.0034261346,0.012123942,-0.0043630004
2021-08-30,WMT,-0.001128912,0.023229599,-0.01398766
2021-08-31,AAPL,0.022482872,0.0035903454,0.0044904947
2021-08-31,AMGN,0.0062527657,0.025804758,-0.030213654
2021-08-31,CRM,0.018483162,0.025674462,-0.016967952
2021-08-31,CSCO,-0.014291406,0.040917754,0.0047558546
2021-08-31,IBM,0.010291815,0.015942454,-0.010973632
2021-08-31,INTC,-0.01782155,0.026804447,-0.042356312
2021-08-31,MSFT,0.004544735,0.013446331,-0.019600272
2021-08-31,NKE,-0.041960955,0.0062761307,0.0033429861
2021-08-31,VZ,0.017278314,0.014677167,-0.017926097
2021-08-31,WMT,-0.0017119646,0.00074410439,0.0050830841
2021-09-01,AAPL,-0.013802886,0.016751647,0.012650609
2021-09-01,AMGN,-0.01268822,0.0089175701,-0.0018528104
2021-09-01,CRM,-0.017301023,0.020351768,-0.0090639591
2021-09-01,CSCO,0.025919318,-0.0041328073,-0.031210721
2021-09-01,IBM,-0.016407073,0.0027151108,-0.0030288696
2021-09-01,INTC,0.042185664,0.00056934357,-0.020869374
2021-09-01,MSFT,0.029232383,0.011680961,-0.0056167245
2021-09-01,NKE,-0.0067284703,0.027396441,-0.017521441
2021-09-01,VZ,-0.0091128945,0.018306851,-0.004555285
2021-09-01,WMT,-0.0037243366,0.012221456,0.0024715662
2021-09-02,AAPL,-0.0025680065,-0.0077914596,0.0035089254
2021-09-02,AMGN,0.015271306,0.0017393827,-0.024111986
2021-09-02,CRM,0.0028218031,0.04684782,0.0069268942
2021-09-02,CSCO,0.031366706,0.01348722,-0.0018583536
2021-09-02,IBM,0.0012512207,0.0043119192,6.4373016e-05
2021-09-02,INTC,0.005923748,-0.00027823448,-0.011591494
2021-09-02,MSFT,-0.025425851,-0.004052341,-0.017394125
2021-09-02,NKE,-0.013309538,0.004262805,-1.1920929e-07
2021-09-02,VZ,-0.010688603,0.0073488951,-0.0033423305
2021-09-02,WMT,-0.018289089,0.0081973076,-0.0045038462
2021-09-03,AAPL,0.035462022,-0.003023386,0.015339017
2021-09-03,AMGN,-0.012896836,0.029494166,-0.024434805
2021-09-03,CRM,0.0078115463,0.0010025501,-0.015468001
2021-09-03,CSCO,-0.025836647,-0.0040497184,-0.0037657619
2021-09-03,IBM,0.0058162212,0.014721751,-0.0065122247
2021-09-03,INTC,-0.007741034,0.010098934,0.015668273
2021-09-03,MSFT,0.010691881,-0.017564654,0.0078167915
2021-09-03,NKE,0.0072680712,-0.011453271,-0.016022742
2021-09-03,VZ,-0.0056504607,0.0067214966,-0.01212132
2021-09-03,WMT,-0.012720406,0.010674715,-0.020459473
2021-09-07,AAPL,0.046904922,0.010088563,0.0061017275
2021-09-07,AMGN,-0.028117776,0.020859718,-0.012858272
2021-09-07,CRM,-0.012919426,0.011828065,0.0093383789
2021-09-07,CSCO,-0.016453147,0.020401001,-0.0059352517
2021-09-07,IBM,0.00032114983,-0.0062705278,-0.0056295395
2021-09-07,INTC,0.0051094294,-0.0065658689,-0.016541898
2021-09-07,MSFT,-0.010581553,-0.015350759,-0.0047991276
2021-09-07,NKE,-0.002325058,0.033436894,-0.0051238537
2021-09-07,VZ,0.0020196438,0.0084465742,-0.0094345808
2021-09-07,WMT,0.0037251711,0.020208359,-0.0069798827
2021-09-08,AAPL,0.0025069714,-0.012469709,-0.00248909
2021-09-08,AMGN,-0.0094179511,0.010547042,-0.0053001642
2021-09-08,CRM,0.0050430298,-0.0055766106,-0.010172784
2021-09-08,CSCO,0.012953758,0.0018737316,0.0078880787
2021-09-08,IBM,-0.0070994496,0.0053035021,-0.0013357997
2021-09-08,INTC,-0.034436166,-0.0045847297,-0.019699633
2021-09-08,MSFT,-0.008295238,0.029921889,-0.0056732893
2021-09-08,NKE,-0.0091271996,-0.010696769,-0.0073304772
2021-09-08,VZ,-0.0052221417,0.00070559978,-0.01775682
2021-09-08,WMT,-0.013453007,0.0088045597,-0.00050228834
2021-09-09,AAPL,-0.015852571,0.005574584,-0.028071046
2021-09-09,AMGN,-0.017773926,0.029313087,0.00074124336
2021-09-09,CRM,0.00081551075,-0.0029562116,-0.020351589
2021-09-09,CSCO,0.0021437407,0.0022476912,-0.0028464794
2021-09-09,IBM,-0.022420764,0.017526627,-0.012965441
2021-09-09,INTC,0.017847419,0.0073881149,0.00089895725
2021-09-09,MSFT,0.0053933859,0.0027688742,-0.010886192
2021-09-09,NKE,0.019759774,0.0039535761,-0.014398217
2021-09-09,VZ,0.0062395334,0.00024938583,-0.015793741
2021-09-09,WMT,-0.004218936,0.0051457882,-0.01026988
2021-09-10,AAPL,0.010991096,0.016365528,0.00092637539
2021-09-10,AMGN,-0.028568327,0.0051081181,0.0091686249
2021-09-10,CRM,0.024218082,0.017281294,-0.031695902
2021-09-10,CSCO,-0.014255524,0.0046266317,-0.0083839893
2021-09-10,IBM,-0.0037043095,-0.0011126995,-0.0056669116
2021-09-10,INTC,-0.0080747604,0.0092380047,0.0067715645
2021-09-10,MSFT,0.0043100119,0.0017076731,-0.011119127
2021-09-10,NKE,0.00849545,0.02314198,0.0045487881
2021-09-10,VZ,-0.025437653,0.0025902987,-0.0041093826
2021-09-10,WMT,0.01268959,3.2067299e-05,-0.011944532
2021-09-13,AAPL,-0.0034796596,0.0015338659,0.006827116
2021-09-13,AMGN,-0.023793042,0.008562088,-0.0028139949
2021-09-13,CRM,0.034141898,0.024176359,-0.026568353
2021-09-13,CSCO,0.01066339,-0.0078554749,-0.0014108419
2021-09-13,IBM,0.0018830299,0.0057923794,0.0027279854
2021-09-13,INTC,0.0041722059,0.010319352,-0.0024155974
2021-09-13,MSFT,-0.0026724339,-0.0068907142,-0.014898241
2021-09-13,NKE,0.019493222,0.010355353,-0.016577959
2021-09-13,VZ,0.0046730042,0.0058869123,-0.0072979927
2021-09-13,WMT,-0.0093927383,-0.0017575622,-0.018359601
2021-09-14,AAPL,0.0051435232,0.017574072,0.00042450428
2021-09-14,AMGN,-0.0040972829,0.012908697,-0.01745981
2021-09-14,CRM,-0.019696653,-0.0032448769,-0.035602987
2021-09-14,CSCO,-0.022191405,-0.0038146377,-0.012769759
2021-09-14,IBM,0.0055831671,0.0085924864,-0.00055921078
2021-09-14,INTC,-0.015612602,-0.0035836101,-0.01156193
2021-09-14,MSFT,0.019455194,0.027108431,-0.012105644
2021-09-14,NKE,0.00036692619,0.0036684275,-0.010837734
2021-09-14,VZ,-0.0054921508,-0.0043247938,0.019118786
2021-09-14,WMT,0.0059828758,0.012881517,-0.00013703108
2021-09-15,AAPL,-0.012652874,0.016662359,0.0017943382
2021-09-15,AMGN,-0.044510841,0.0049774647,-0.0035026073
2021-09-15,CRM,0.031651855,0.01307869,-0.0080482364
2021-09-15,CSCO,0.013188124,0.013078809,-0.0114972
2021-09-15,IBM,-0.0052921772,0.021277547,-0.0063388348
2021-09-15,INTC,-0.015829861,-0.024314642,-0.012268066
2021-09-15,MSFT,0.0041868687,0.0070115328,-0.0061463714
2021-09-15,NKE,0.010600805,-0.00015485287,-0.022595465
2021-09-15,VZ,0.013459563,0.015604854,-0.0085206032
2021-09-15,WMT,-0.0086939335,-0.00020426512,-0.0099621415
2021-09-16,AAPL,-0.013039827,0.0021402836,-0.0043770671
2021-09-16,AMGN,0.017016768,-0.0098930597,-0.012727737
2021-09-16,CRM,0.0095562935,0.012051225,-0.0058609247
2021-09-16,CSCO,0.00079357624,0.016988158,-0.010756016
2021-09-16,IBM,-0.019627869,-0.003307879,-0.012716413
2021-09-16,INTC,-0.018164694,0.010705352,0.0031148195
2021-09-16,MSFT,0.044502139,0.01613903,-0.00055021048
2021-09-16,NKE,-0.018011153,0.038003564,-0.019995213
2021-09-16,VZ,-0.019339442,-0.0030929446,-0.006239593
2021-09-16,WMT,0.0088820457,0.0097904205,-0.017197847
2021-09-17,AAPL,0.014176846,0.0082716942,-0.014304638
2021-09-17,AMGN,-0.010915041,0.01775825,-0.0089877844
2021-09-17,CRM,-0.020887971,-0.00035125017,-0.0035853982
2021-09-17,CSCO,-0.0013894439,0.0096763372,0.00013327599
2021-09-17,IBM,0.0039533377,0.013670921,-0.011437416
2021-09-17,INTC,0.0049133301,-0.0072460175,0.0053422451
2021-09-17,MSFT,-0.024435997,0.0058146715,-0.0081937909
2021-09-17,NKE,-0.031489015,0.0062379837,-0.0029453039
2021-09-17,VZ,0.0060771704,0.0081530809,-0.0038452148
2021-09-17,WMT,-0.0029955506,0.0053704977,-0.0099554658
2021-09-20,AAPL,-0.0069679022,0.0048304796,-0.015883088
2021-09-20,AMGN,0.0015773773,0.0024473667,-0.02439481
2021-09-20,CRM,0.020603418,0.013172269,0.00074446201
2021-09-20,CSCO,-0.021528304,-0.010189235,-0.0060604215
2021-09-20,IBM,-0.025714338,0.025064826,-0.017965496
2021-09-20,INTC,-0.010992169,0.0097882748,-0.0092067122
2021-09-20,MSFT,0.0041060448,0.013178945,-0.009267509
2021-09-20,NKE,0.0046726465,0.0010733604,-0.013696969
2021-09-20,VZ,-0.023315489,-0.012823224,0.00354743
2021-09-20,WMT,0.010977387,0.018354177,-0.01157409
2021-09-21,AAPL,0.015775323,0.019732594,-0.01149857
2021-09-21,AMGN,0.014333487,0.013231874,0.00090479851
2021-09-21,CRM,0.03951335,0.0098814964,0.017489195
2021-09-21,CSCO,-0.0065226555,-0.0092850327,-0.0019518137
2021-09-21,IBM,-0.028711855,0.013266325,-0.004314363
2021-09-21,INTC,-0.0069573522,-0.0027264953,0.0013284683
2021-09-21,MSFT,0.003508687,-0.0057311058,-0.0090509057
2021-09-21,NKE,0.030664802,0.027616262,-0.012467384
2021-09-21,VZ,0.0020165443,0.0063333511,-0.003369391
2021-09-21,WMT,-0.021378219,0.01354897,0.0033941269
2021-09-22,AAPL,0.018047214,0.0099740028,0.0012282133
2021-09-22,AMGN,0.0049337149,0.026161551,-0.018661618
2021-09-22,CRM,-0.040160418,0.017993569,-0.027359903
2021-09-22,CSCO,0.012618184,0.015033126,-0.0097532272
2021-09-22,IBM,-0.0020783544,0.0042923689,-0.014697075
2021-09-22,INTC,0.012490869,0.0062736273,0.0018478632
2021-09-22,MSFT,0.0079110861,0.0028657913,-0.0059165955
2021-09-22,NKE,0.0087171793,0.016835093,-0.011628091
2021-09-22,VZ,-0.024278879,0.0073258877,-0.018860221
2021-09-22,WMT,-0.00029939413,0.01685667,-0.0032137036
2021-09-23,AAPL,0.027537942,-0.018726885,0.016555905
2021-09-23,AMGN,-0.048180759,0.015810132,-0.0050683022
2021-09-23,CRM,0.0086683035,0.011023521,-0.01457572
2021-09-23,CSCO,0.018394113,0.0071736574,-0.0074138641
2021-09-23,IBM,0.010314226,0.0072157383,0.0061246157
2021-09-23,INTC,-0.015002251,0.0086003542,-0.011149168
2021-09-23,MSFT,-0.0089920759,0.012498736,-0.01478374
2021-09-23,NKE,0.013568878,0.020103693,-0.0088827014
2021-09-23,VZ,-0.0039603114,-0.0092158318,-0.0012657046
2021-09-23,WMT,-0.00061005354,0.001724124,-0.014576733
2021-09-24,AAPL,-0.0099275708,0.0024256706,-0.030366004
2021-09-24,AMGN,-0.033642828,0.01369977,-0.0023833513
2021-09-24,CRM,-0.00059187412,-0.0071994066,-0.0054649711
2021-09-24,CSCO,0.029320121,0.0085715055,-0.0079558492
2021-09-24,IBM,-0.027236462,0.016513586,-0.014649391
2021-09-24,INTC,-0.0044083595,-0.0067529678,0.00012874603
2021-09-24,MSFT,0.0096559525,0.029037595,-0.01226604
2021-09-24,NKE,-0.016972244,0.002874732,-0.017638087
2021-09-24,VZ,0.014099121,0.0038720369,-0.013556063
2021-09-24,WMT,0.012603521,0.0037863255,-0.014191628
2021-09-27,AAPL,-0.010502338,0.019161463,-0.02349484
2021-09-27,AMGN,-0.0020438433,0.012347937,0.0012173653
2021-09-27,CRM,0.023607254,0.021268368,-0.0067099333
2021-09-27,CSCO,0.034365058,0.014711738,-0.0068798065
2021-09-27,IBM,0.00012409687,0.023572087,-0.0034339428
2021-09-27,INTC,-0.014119387,-0.017175317,0.0021259785
2021-09-27,MSFT,-0.023868203,0.010563612,-0.010654926
2021-09-27,NKE,-0.0004953742,0.005350709,-0.0050567389
2021-09-27,VZ,0.0048758984,0.0056573153,-0.0077552199
2021-09-27,WMT,0.00048577785,0.0011363029,0.011742473
2021-09-28,AAPL,0.028394222,0.020473599,-0.0024010539
2021-09-28,AMGN,0.00098490715,0.023555517,-0.010849237
2021-09-28,CRM,-0.0088711977,0.017337322,-0.028074622
2021-09-28,CSCO,0.018924236,-0.010178626,-0.0093554854
2021-09-28,IBM,0.0069127083,0.012053013,-0.0010486245
2021-09-28,INTC,-0.008218646,0.0097141266,-0.017363369
2021-09-28,MSFT,-0.0053982139,0.0024036169,-0.012533247
2021-09-28,NKE,-0.0066424608,0.034444094,0.0071021318
2021-09-28,VZ,-0.011205494,-0.0018056035,-0.02240932
2021-09-28,WMT,0.029282808,0.00059187412,0.00017130375
2021-09-29,AAPL,-0.0030765533,0.029450655,-0.0094394088
2021-09-29,AMGN,-0.012750864,-0.00042760372,0.0050106049
2021-09-29,CRM,0.0095227957,-0.014209211,-0.0015565157
2021-09-29,CSCO,0.016625881,0.021409631,0.0034685135
2021-09-29,IBM,-0.0042433739,0.020839334,0.0024466515
2021-09-29,INTC,0.011020899,0.003079772,-0.026216924
2021-09-29,MSFT,0.015079737,0.0091267824,-0.006357491
2021-09-29,NKE,-0.011842787,-0.0038744807,-0.0072429776
2021-09-29,VZ,-0.0034767389,0.0095551014,-0.01443243
2021-09-29,WMT,-0.0079419017,0.012316227,-0.010993779
2021-09-30,AAPL,0.015992641,0.0081813335,-0.021670222
2021-09-30,AMGN,-0.0047816038,0.021309376,-0.016610861
2021-09-30,CRM,0.026611209,0.0012543201,-0.031886101
2021-09-30,CSCO,0.030963659,0.024286151,-0.017214894
2021-09-30,IBM,-0.0062146187,0.011777163,-0.0031065345
2021-09-30,INTC,0.014812827,0.0078988075,0.0084227324
2021-09-30,MSFT,-0.020455062,0.0023133755,-0.03347683
2021-09-30,NKE,0.0015164614,-0.0085603595,-0.017969429
2021-09-30,VZ,0.00097513199,-0.0046257973,-0.0052589774
2021-09-30,WMT,-0.020793676,0.0018666983,0.0043879747
2021-10-01,AAPL,0.039363027,-0.012345314,-0.0041276217
2021-10-01,AMGN,-0.012319505,0.0077451468,-0.0081937313
2021-10-01,CRM,0.042900562,0.0087915659,0.0028656721
2021-10-01,CSCO,-0.033177257,0.010435104,-0.0018750429
2021-10-01,IBM,0.018815756,0.013772249,-0.01057297
2021-10-01,INTC,0.014612913,0.0020574331,0.011682749
2021-10-01,MSFT,-0.0305565,0.026375771,0.0026856661
2021-10-01,NKE,-0.0031331778,0.0072375536,0.0075697899
2021-10-01,VZ,-0.012494266,0.014030814,-0.022214115
2021-10-01,WMT,0.011449575,0.0076569319,0.012788415
2021-10-04,AAPL,-0.0020156503,0.0048948526,-0.014428675
2021-10-04,AMGN,-0.018675208,0.029200673,-0.0012882948
2021-10-04,CRM,-0.012918711,-0.0085012317,-0.026291251
2021-10-04,CSCO,0.015209556,0.01246798,0.013811231
2021-10-04,IBM,0.0075640678,0.0066730976,-0.0017409325
2021-10-04,INTC,-0.054234564,0.011285663,0.0097037554
2021-10-04,MSFT,0.025067329,0.0098923445,-0.0019631386
2021-10-04,NKE,-0.0094178915,0.024226904,0.0047553778
2021-10-04,VZ,0.019013524,-0.0051799417,-0.015453339
2021-10-04,WMT,0.0012532473,0.0035480261,-3.9219856e-05
2021-10-05,AAPL,-0.0091409683,0.00053286552,-0.019450545
2021-10-05,AMGN,0.0071992874,0.0002464056,0.0099515915
2021-10-05,CRM,-0.0078621507,0.00051760674,-0.024604976
2021-10-05,CSCO,0.0092953444,0.0039395094,-0.0044659376
2021-10-05,IBM,-0.011306822,0.0081726313,-0.0016134381
2021-10-05,INTC,0.012828112,-0.0045580268,-0.0081532001
2021-10-05,MSFT,0.012825608,0.001362443,-0.0039946437
2021-10-05,NKE,0.010531425,0.021107554,-0.010536313
2021-10-05,VZ,-0.021634102,0.0094209909,-0.017749429
2021-10-05,WMT,-0.017779887,0.0064789057,-0.0045095682
2021-10-06,AAPL,0.013190627,-0.0095002055,-0.015342236
2021-10-06,AMGN,0.00046288967,0.01055336,-0.0040073395
2021-10-06,CRM,-0.015921175,0.015306711,-0.035125554
2021-10-06,CSCO,0.029171348,-0.0025780797,-0.0036830306
2021-10-06,IBM,0.0055269003,0.01183176,-0.0015586019
2021-10-06,INTC,-0.0064840317,0.034322023,0.0074921846
2021-10-06,MSFT,0.0026363134,-0.0056200027,-0.0020771623
2021-10-06,NKE,0.0015830994,0.025193334,-0.0080735683
2021-10-06,VZ,0.001418829,0.015290499,0.0042923689
2021-10-06,WMT,0.0038019419,0.00059711933,-0.0035407543
2021-10-07,AAPL,0.0080314875,-0.004145205,-0.0058710575
2021-10-07,AMGN,-0.015423834,0.020693183,-0.012574673
2021-10-07,CRM,0.044280767,0.024589181,-0.010221422
2021-10-07,CSCO,0.013332129,0.012746453,-0.017456293
2021-10-07,IBM,0.017477155,0.009411335,-0.007799089
2021-10-07,INTC,-0.0033013225,0.0070999861,0.0092873573
2021-10-07,MSFT,-0.024727762,0.010641694,-0.017271578
2021-10-07,NKE,0.020473957,0.012668133,-0.0074248314
2021-10-07,VZ,0.0010613203,0.0049613714,0.0051239729
2021-10-07,WMT,-0.0092836618,0.01441443,0.0078886747
2021-10-08,AAPL,-0.0032607317,-0.019889653,-0.02675128
2021-10-08,AMGN,-0.039705336,0.011796355,0.0063570738
2021-10-08,CRM,-0.023310483,-0.012331486,0.0047192574
2021-10-08,CSCO,-0.00076550245,-0.018577099,-0.023964107
2021-10-08,IBM,-0.0039040446,0.016334176,-0.011867166
2021-10-08,INTC,0.00023972988,0.00958395,0.015263438
2021-10-08,MSFT,-0.013669431,0.014445543,-0.0074440837
2021-10-08,NKE,0.017174602,0.0033135414,-0.0089300871
2021-10-08,VZ,-0.017371416,0.0087243319,-0.017584503
2021-10-08,WMT,-0.013357222,0.019850969,-0.005294919
2021-10-11,AAPL,0.016810656,0.028573632,-0.021541357
2021-10-11,AMGN,-0.039007068,0.0089646578,-0.0047214031
2021-10-11,CRM,0.020539284,-0.0051662326,-0.017805099
2021-10-11,CSCO,-0.031062782,-0.0022673607,-0.014269114
2021-10-11,IBM,-0.014722526,0.0094912052,-0.008033216
2021-10-11,INTC,-0.01712054,-0.00095540285,-0.016309619
2021-10-11,MSFT,0.016723752,0.0075802803,-0.011240363
2021-10-11,NKE,0.011644006,0.011202335,0.00072443485
2021-10-11,VZ,-0.021126986,0.01094234,-0.00084424019
2021-10-11,WMT,0.0147053,0.0074300766,-0.0090005994
2021-10-12,AAPL,0.0072158575,0.0048060417,0.0052382946
2021-10-12,AMGN,0.003251791,0.015726924,-0.024187326
2021-10-12,CRM,0.016507149,-0.00086259842,-0.0017015338
2021-10-12,CSCO,-0.026104689,-0.020199656,-0.010327876
2021-10-12,IBM,-0.0046608448,0.011363268,0.0081148148
2021-10-12,INTC,-0.016295016,0.0094579458,0.00031208992
2021-10-12,MSFT,0.015990376,-0.0034276247,-0.0030443072
2021-10-12,NKE,0.017938375,0.013016105,-0.0024732351
2021-10-12,VZ,-0.010976732,0.010827303,-0.0089024305
2021-10-12,WMT,-0.0022472143,0.0058486462,-0.0047209859
2021-10-13,AAPL,-0.00045239925,-0.0038259625,0.015530109
2021-10-13,AMGN,-0.011763215,0.0099160671,-0.016641259
2021-10-13,CRM,0.037152171,0.005095005,-0.019551754
2021-10-13,CSCO,-0.010396004,-0.0046387911,-0.025713921
2021-10-13,IBM,0.0029962063,0.015540123,0.010044932
2021-10-13,INTC,0.02885437,0.014662385,-0.0079885721
2021-10-13,MSFT,0.018534899,0.014102697,-0.0076458454
2021-10-13,NKE,0.0077463388,0.0041980743,-0.012772202
2021-10-13,VZ,-0.0052974224,0.015532613,0.022835493
2021-10-13,WMT,-0.015927196,0.02606082,-0.02243495
2021-10-14,AAPL,-0.0044321418,0.011712909,0.0071777105
2021-10-14,AMGN,-0.018694758,0.021774769,-0.014069855
2021-10-14,CRM,0.0031037331,0.01826179,0.0056355
2021-10-14,CSCO,0.019270182,-0.00069385767,-0.027964056
2021-10-14,IBM,-0.012425423,0.0076442957,-0.0059680939
2021-10-14,INTC,0.020088673,-0.0061247349,-0.010129631
2021-10-14,MSFT,0.024242401,0.0060864687,-0.024679899
2021-10-14,NKE,-0.022088349,0.016787291,0.0067939758
2021-10-14,VZ,-0.0206092,0.0064235926,-0.018555343
2021-10-14,WMT,-0.010459483,0.024470806,-0.013644695
2021-10-15,AAPL,-0.035765827,0.014317989,-0.0040060282
2021-10-15,AMGN,0.00076913834,0.0032150745,0.0022925138
2021-10-15,CRM,0.04786098,-0.0037858486,-0.016014993
2021-10-15,CSCO,-0.010842144,0.01909852,-0.010258734
2021-10-15,IBM,0.002645731,0.0099650621,-0.010183632
2021-10-15,INTC,-0.03919512,-0.011606038,-0.009685576
2021-10-15,MSFT,-0.0074376464,-0.0006492734,0.0075588226
2021-10-15,NKE,-0.023228526,0.01470077,-0.0014542341
2021-10-15,VZ,2.6226044e-06,0.017568827,-0.002827704
2021-10-15,WMT,-0.002579987,0.0036988258,-0.0033031106
2021-10-18,AAPL,-0.026661634,0.018513083,0.0044313669
2021-10-18,AMGN,-0.018685579,0.0063228607,-0.030475378
2021-10-18,CRM,-0.048340619,-0.0018520355,-0.030163348
2021-10-18,CSCO,0.0032762289,-0.0014876127,-0.01035732
2021-10-18,IBM,-0.0043686032,-0.0013203621,-0.01099658
2021-10-18,INTC,-0.0073833466,-0.0040723085,-0.015151501
2021-10-18,MSFT,-0.0056994557,0.0070407391,-0.0048844218
2021-10-18,NKE,-0.017768025,0.012822151,0.00025582314
2021-10-18,VZ,0.0087124109,0.0093660355,-0.020720005
2021-10-18,WMT,-0.0020719171,0.015860915,0.0023005009
2021-10-19,AAPL,0.023757219,0.02086103,-0.0031520128
2021-10-19,AMGN,-0.011669099,0.0074816942,0.0050275326
2021-10-19,CRM,0.029456973,0.013745904,0.0095288754
2021-10-19,CSCO,-0.017261505,0.001032114,-0.0033698082
2021-10-19,IBM,-0.0082479119,0.0087449551,-0.02503413
2021-10-19,INTC,0.026358366,-0.0014548898,0.0019733906
2021-10-19,MSFT,-0.02254951,0.01352334,-0.015690446
2021-10-19,NKE,0.0052018166,-0.0047083497,0.0032141209
2021-10-19,VZ,-0.0092635155,0.015153408,-0.0049404502
2021-10-19,WMT,-0.0057267547,0.0081694126,-0.013903081
2021-10-20,AAPL,-0.016493082,-0.0028873682,-0.0068022609
2021-10-20,AMGN,-0.0054421425,0.011902213,-0.020799279
2021-10-20,CRM,-0.022643924,0.0067132711,-0.027428925
2021-10-20,CSCO,0.0062954426,-0.0032532215,-0.0033681393
2021-10-20,IBM,-0.0044960976,0.0026810169,0.0011103153
2021-10-20,INTC,0.0076502562,-0.012661874,-0.0062088966
2021-10-20,MSFT,-0.015682161,0.019916296,-0.00041514635
2021-10-20,NKE,0.017698169,0.00080990791,-0.00012868643
2021-10-20,VZ,-0.025955439,0.0065001249,0.00068354607
2021-10-20,WMT,-0.025212765,0.005366683,-0.009391129
2021-10-21,AAPL,0.016102195,0.008787632,-0.027084112
2021-10-21,AMGN,-0.023566663,0.023627877,-0.0056124926
2021-10-21,CRM,0.0086526871,-0.011994541,-0.02038008
2021-10-21,CSCO,-0.040066898,0.01995337,-0.014642179
2021-10-21,IBM,0.010660887,0.010777354,-0.00046503544
2021-10-21,INTC,0.015469432,0.0023970604,-0.011265993
2021-10-21,MSFT,0.0065342188,0.018674374,-0.024992347
2021-10-21,NKE,-0.021677911,0.005527854,0.011885285
2021-10-21,VZ,-0.0068911314,0.0084836483,-0.010459423
2021-10-21,WMT,-0.001524806,-0.00177598,-0.0067786574
2021-10-22,AAPL,-0.013575375,0.0007686615,-0.0076358914
2021-10-22,AMGN,0.00045287609,0.026119113,-0.0030097961
2021-10-22,CRM,-0.029111862,-0.0020587444,0.00011789799
2021-10-22,CSCO,0.01845181,0.016287088,-0.011899352
2021-10-22,IBM,-0.010289669,0.023114324,-0.005617857
2021-10-22,INTC,0.020519733,0.017091393,-0.022853971
2021-10-22,MSFT,0.015451431,0.013804436,-0.0089877248
2021-10-22,NKE,-0.0060150623,0.0094525814,-0.004891634
2021-10-22,VZ,-0.033377767,0.0043525696,-0.0024160147
2021-10-22,WMT,-0.019759953,0.0063483715,-0.0099237561
2021-10-25,AAPL,-0.0078396201,0.012053609,-0.0054754019
2021-10-25,AMGN,-0.0068022609,0.01517868,0.0024305582
2021-10-25,CRM,0.060911059,0.01768744,-0.013084888
2021-10-25,CSCO,-0.023247063,-0.0049907565,-0.0053096414
2021-10-25,IBM,-0.0015300512,-0.0075868964,-0.0015319586
2021-10-25,INTC,-0.025226474,0.018477917,-0.014706731
2021-10-25,MSFT,0.0063427687,-0.0056728721,-0.0049984455
2021-10-25,NKE,-0.0057243705,0.0024240017,-0.0008456707
2021-10-25,VZ,-0.0020558834,0.0099295378,0.0079362392
2021-10-25,WMT,0.00041759014,0.015720963,-0.0035797954
2021-10-26,AAPL,-0.019161761,0.015803695,-0.0071780682
2021-10-26,AMGN,-0.0020319819,0.024973989,-0.009213984
2021-10-26,CRM,0.017160058,0.04174757,-0.039505839
2021-10-26,CSCO,0.034377098,0.015177965,-0.023577809
2021-10-26,IBM,-0.0060308576,0.0021330118,-0.0032034516
2021-10-26,INTC,-0.020146608,0.002073884,-0.018847942
2021-10-26,MSFT,-0.0078314543,0.022914648,-0.0038688183
2021-10-26,NKE,-0.0224244,-0.0023684502,-0.018002927
2021-10-26,VZ,0.023513794,0.014595866,-0.011192858
2021-10-26,WMT,-0.0097175837,0.005289793,0.00026392937
2021-10-27,AAPL,-0.011321425,0.028280616,-0.0063638687
2021-10-27,AMGN,-0.025608838,0.0086022615,-0.0063367486
2021-10-27,CRM,-0.045645714,0.0063602924,-0.011067808
2021-10-27,CSCO,0.010206461,0.0095490217,-0.0037431717
2021-10-27,IBM,-0.002381444,0.010042429,0.0014830828
2021-10-27,INTC,-0.0094738603,0.0016685724,-0.0088448524
2021-10-27,MSFT,0.015613317,-0.0031666756,-0.010662615
2021-10-27,NKE,-0.0020939112,0.014701724,0.003595829
2021-10-27,VZ,0.0069395304,0.0066868067,-0.014060855
2021-10-27,WMT,-0.012504041,0.028784275,-0.01653862
2021-10-28,AAPL,-0.0019774437,0.021871805,0.0084933043
2021-10-28,AMGN,-0.021275043,0.0039737225,-0.0078611374
2021-10-28,CRM,0.0084483624,0.025363564,-0.041479349
2021-10-28,CSCO,-0.00076419115,0.010404229,0.005576849
2021-10-28,IBM,-0.0045316815,0.0087172985,0.0030276775
2021-10-28,INTC,0.02173233,0.0050953627,-0.0099042654
2021-10-28,MSFT,0.0047427416,0.0089334249,-0.024983048
2021-10-28,NKE,-0.018510401,0.018437505,-0.013967514
2021-10-28,VZ,-0.026556134,0.020200849,-0.010810316
2021-10-28,WMT,-0.0086070895,0.0020617247,-0.013687789
2021-10-29,AAPL,0.03605473,0.029292583,-0.011566222
2021-10-29,AMGN,-0.0046375394,0.011199713,-0.0022925138
2021-10-29,CRM,-0.026209712,0.037285566,-0.0079681873
2021-10-29,CSCO,-0.01512754,0.0034946203,-0.00099670887
2021-10-29,IBM,0.0081597567,0.033257127,-0.0084425807
2021-10-29,INTC,0.0026110411,0.0095221996,-0.01055789
2021-10-29,MSFT,0.010149002,0.014639616,-0.012345493
2021-10-29,NKE,-0.0058243275,0.0018899441,-0.0038363934
2021-10-29,VZ,0.0042459965,0.0022696257,0.0025476217
2021-10-29,WMT,0.00182271,-9.6201897e-05,0.0030008554
2021-11-01,AAPL,-0.0033715963,-0.0097681284,-0.0059267282
2021-11-01,AMGN,-0.020090759,0.010032654,-0.025783539
2021-11-01,CRM,0.016310334,0.00063896179,-0.0012692213
2021-11-01,CSCO,0.046164632,0.006295681,-0.012299001
2021-11-01,IBM,-0.013474643,0.012465477,-0.0091429949
2021-11-01,INTC,0.020187855,0.011559725,0.0094320774
2021-11-01,MSFT,-0.0063423514,0.0042421818,-0.01170212
2021-11-01,NKE,0.012150645,0.0081064701,0.0040960312
2021-11-01,VZ,-0.013131976,0.012423277,-0.0032672286
2021-11-01,WMT,0.00084507465,-0.0049624443,0.010646582
2021-11-02,AAPL,-0.00289464,-0.011659205,-0.013629258
2021-11-02,AMGN,-0.0098588467,0.028784037,0.0067024231
2021-11-02,CRM,-0.057927012,-0.0065694451,-0.0090025067
2021-11-02,CSCO,-0.0084796548,0.0085095167,-0.010912418
2021-11-02,IBM,0.027137399,0.0022881031,-0.004547894
2021-11-02,INTC,-0.028636396,-0.0011367202,-0.0060552359
2021-11-02,MSFT,-0.027063847,-0.01320672,-0.015130222
2021-11-02,NKE,0.028286338,0.022537231,0.016835451
2021-11-02,VZ,-0.001997292,0.0034123659,-0.0033013821
2021-11-02,WMT,7.3432922e-05,0.01545608,3.516674e-05
2021-11-03,AAPL,-0.0075328946,0.011212468,-0.020072162
2021-11-03,AMGN,-0.013289571,0.0070625544,-0.014568627
2021-11-03,CRM,-0.0071262121,-0.0099724531,-0.021147847
2021-11-03,CSCO,-0.0070406199,0.010183096,-0.0081059337
2021-11-03,IBM,-0.0094172955,0.0050988197,-0.017062128
2021-11-03,INTC,-0.010465503,0.010580778,-0.0026432276
2021-11-03,MSFT,0.022923112,0.0064624548,-0.0081287026
2021-11-03,NKE,0.030242205,0.01150167,0.0035649538
2021-11-03,VZ,-0.023731709,0.0084216595,0.00435853
2021-11-03,WMT,-0.015821874,0.0043063164,-0.014088988
2021-11-04,AAPL,0.0028321743,0.0082976818,5.9962273e-05
2021-11-04,AMGN,0.0030590296,0.025112152,-0.022759914
2021-11-04,CRM,0.032564878,-0.0064225197,-0.041336954
2021-11-04,CSCO,0.021659017,-0.01523149,0.0055881739
2021-11-04,IBM,-0.021100342,0.0042928457,-0.013453901
2021-11-04,INTC,-0.025441051,-0.0081318021,-0.010727882
2021-11-04,MSFT,-0.0055018663,0.0044339895,-0.0050112605
2021-11-04,NKE,-0.0136289,0.011726141,0.0071322918
2021-11-04,VZ,0.0039496422,0.031466246,0.010520935
2021-11-04,WMT,0.010806441,-0.00093573332,-0.00041681528
2021-11-05,AAPL,0.0086209774,0.0098267794,-0.00077134371
2021-11-05,AMGN,0.013525128,0.017120481,-0.022558391
2021-11-05,CRM,-0.010149717,0.040052652,-0.016549647
2021-11-05,CSCO,-0.0042546988,-0.0079672337,-0.0093125701
2021-11-05,IBM,0.005746007,0.012731671,-0.0067406297
2021-11-05,INTC,-0.011580527,0.00043165684,-0.0092439651
2021-11-05,MSFT,-0.0092419386,0.012112141,0.0020047426
2021-11-05,NKE,-0.0093640089,0.0069172382,-0.020440698
2021-11-05,VZ,-0.030786633,0.0019310713,0.015500069
2021-11-05,WMT,0.014363766,0.014953971,-0.014886796
2021-11-08,AAPL,-0.020422935,-0.0087121129,-0.014932036
2021-11-08,AMGN,-0.038629055,0.012816429,0.0018625259
2021-11-08,CRM,-0.03891325,0.00033819675,0.00021898746
2021-11-08,CSCO,-0.010020316,-0.015087068,-0.010488629
2021-11-08,IBM,-0.010104358,-0.0045958757,-0.0050182343
2021-11-08,INTC,-0.013645232,0.0051028728,-0.015568316
2021-11-08,MSFT,-0.010961771,0.010088563,-0.012994528
2021-11-08,NKE,0.014594436,0.0030473471,-0.021196127
2021-11-08,VZ,-0.004960537,-0.00015616417,-0.014646113
2021-11-08,WMT,-0.015149891,0.0040789843,-0.0025976896
2021-11-09,AAPL,0.00065481663,0.0063780546,-0.019220471
2021-11-09,AMGN,-0.014583707,0.027046919,-0.010371685
2021-11-09,CRM,0.03223443,0.013890862,-0.028886616
2021-11-09,CSCO,-0.015224338,-0.0045490265,-0.019351542
2021-11-09,IBM,-0.016951978,0.001539588,-0.0090947151
2021-11-09,INTC,0.026925564,0.017359376,-0.013893366
2021-11-09,MSFT,0.042721272,0.021552324,0.0094999075
2021-11-09,NKE,0.0095663071,0.03104353,0.0028620958
2021-11-09,VZ,0.010794163,-0.0018914342,0.0072129965
2021-11-09,WMT,0.020967603,-0.0070156455,-0.0076876283
2021-11-10,AAPL,-0.023361206,0.0066146851,-0.012482584
2021-11-10,AMGN,-0.013603449,0.015256047,-0.037407279
2021-11-10,CRM,-0.03703618,0.018275619,-0.028985739
2021-11-10,CSCO,0.015014768,-0.0016511083,-0.0063854456
2021-11-10,IBM,-0.019542158,0.0069686174,-0.0085875988
2021-11-10,INTC,0.0090802908,-0.005764842,-0.025950611
2021-11-10,MSFT,-0.023857951,0.021864414,-0.0091222525
2021-11-10,NKE,0.010151863,-0.0039626956,0.0059621334
2021-11-10,VZ,-0.013408422,0.0023480654,-0.0019578934
2021-11-10,WMT,-0.018690169,0.0047477484,-0.0012991428
2021-11-11,AAPL,0.0038149357,0.010488868,0.0003029108
2021-11-11,AMGN,-0.066868126,-0.015623271,-0.0070833564
2021-11-11,CRM,-0.025536358,0.018445611,-0.023290932
2021-11-11,CSCO,0.0094283819,-0.01347512,-0.010167062
2021-11-11,IBM,-0.008218348,0.00030338764,0.0012390614
2021-11-11,INTC,0.0052820444,-0.0061191916,-0.033933043
2021-11-11,MSFT,0.053211212,0.010839939,0.014783025
2021-11-11,NKE,-0.02196908,-0.0055069327,-0.0069095492
2021-11-11,VZ,-0.036884189,0.0072327852,0.0055007935
2021-11-11,WMT,-0.026406646,0.014014602,-0.0098918676
2021-11-12,AAPL,0.019182444,0.0026494265,-0.012397349
2021-11-12,AMGN,3.0755997e-05,0.001753211,-0.019294739
2021-11-12,CRM,-0.012595296,0.031775951,0.0037276745
2021-11-12,CSCO,0.027815223,-0.008485496,0.011289716
2021-11-12,IBM,0.0040632486,-0.0077754259,-0.004828155
2021-11-12,INTC,-0.015536547,0.026152849,-0.011566639
2021-11-12,MSFT,0.060245395,0.023790002,-0.0037683249
2021-11-12,NKE,-0.026689053,0.012377977,-0.010374308
2021-11-12,VZ,0.024307489,0.027484536,-0.0010739565
2021-11-12,WMT,-0.025767148,0.0053595304,-0.010465086
2021-11-15,AAPL,-0.0094031096,0.025496483,0.0067270994
2021-11-15,AMGN,0.0031193495,0.0084950924,-0.0020158291
2021-11-15,CRM,-0.028095305,-0.0095946193,-0.024176002
2021-11-15,CSCO,-0.023171723,0.018609405,-0.0048742294
2021-11-15,IBM,-0.013828278,-0.00048708916,-0.011765242
2021-11-15,INTC,-0.012303889,0.0024324656,0.0069916248
2021-11-15,MSFT,-0.026738644,0.0067150593,-0.013009906
2021-11-15,NKE,-0.0046955347,0.018187284,-0.030858636
2021-11-15,VZ,0.010322571,0.020369291,-0.0049975514
2021-11-15,WMT,0.0046818256,0.0045429468,-0.011433303
2021-11-16,AAPL,-0.03148818,0.017857194,-0.017890334
2021-11-16,AMGN,0.022136807,0.0072938204,-0.0078089237
2021-11-16,CRM,-0.057511032,0.02732873,-0.024618506
2021-11-16,CSCO,0.030720949,-0.0093512535,-0.015048146
2021-11-16,IBM,-0.014614522,-0.0026308298,0.0072629452
2021-11-16,INTC,-0.0064615011,0.0077947378,-0.0073884726
2021-11-16,MSFT,-0.012961686,-0.00089818239,-0.017905354
2021-11-16,NKE,0.019907951,0.012097239,0.012931466
2021-11-16,VZ,0.014688134,0.0076773167,-0.0032624006
2021-11-16,WMT,0.00011765957,0.012625575,-0.016014755
2021-11-17,AAPL,-0.0059406757,0.00046253204,0.006093502
2021-11-17,AMGN,-0.028586328,0.020529509,-0.018224359
2021-11-17,CRM,-0.011985719,0.030705452,-0.02372998
2021-11-17,CSCO,-0.030292928,0.014288545,5.8174133e-05
2021-11-17,IBM,-0.0085117817,0.0012434721,-0.011147439
2021-11-17,INTC,0.012681961,0.012883902,-0.0244295
2021-11-17,MSFT,0.0060253143,-0.0092617273,-0.00041139126
2021-11-17,NKE,0.012928367,0.022302866,0.0022906065
2021-11-17,VZ,0.029173017,0.010489106,-0.0027893782
2021-11-17,WMT,0.0094101429,0.017289042,0.0089877844
2021-11-18,AAPL,-0.0048445463,0.019108057,-0.0098111629
2021-11-18,AMGN,-0.021905363,0.014850736,-0.010120153
2021-11-18,CRM,0.014446497,0.011589885,0.00068795681
2021-11-18,CSCO,-0.033061087,0.012603641,-0.023351192
2021-11-18,IBM,-0.011740744,0.011165261,-0.0063394308
2021-11-18,INTC,0.010162354,0.010903835,-0.015540421
2021-11-18,MSFT,0.033604026,0.0073814392,0.0017988682
2021-11-18,NKE,0.0038409233,0.0047718287,-0.006313324
2021-11-18,VZ,0.019083619,-0.0039877892,-0.0044192672
2021-11-18,WMT,-0.0077736974,0.0058937073,0.0034685135
2021-11-19,AAPL,0.034873843,0.015378952,-0.016755283
2021-11-19,AMGN,-0.015081942,0.008243084,-0.012681842
2021-11-19,CRM,-0.019786894,0.029785037,-0.02896601
2021-11-19,CSCO,-0.006078124,7.557869e-05,-0.0045284629
2021-11-19,IBM,0.0043823719,-0.0083873272,-0.0026057363
2021-11-19,INTC,0.00022423267,0.021603107,-0.011835635
2021-11-19,MSFT,0.0018573999,0.013869762,-0.013529897
2021-11-19,NKE,-0.027902663,-0.0066560507,-0.034048736
2021-11-19,VZ,-0.0066080093,0.024284244,-0.030529082
2021-11-19,WMT,-0.026715815,0.01289928,-0.013823032
2021-11-22,AAPL,-0.0050019622,0.016431332,0.0014482737
2021-11-22,AMGN,-0.010804892,0.012073994,-0.0050852299
2021-11-22,CRM,0.01693368,-0.019918323,0.011829019
2021-11-22,CSCO,-0.0088363886,0.019861698,-0.027697027
2021-11-22,IBM,0.0014418364,0.012380719,-0.014092386
2021-11-22,INTC,-0.0025187731,0.0083022118,-0.019189417
2021-11-22,MSFT,-0.0058428645,0.021526694,0.0032291412
2021-11-22,NKE,0.017020464,0.012387276,-0.015972435
2021-11-22,VZ,-0.015236735,-0.0035994649,-0.0021278858
2021-11-22,WMT,-0.021064818,0.0069411993,-0.013133764
2021-11-23,AAPL,-0.0049020648,-0.002797842,0.0070338249
2021-11-23,AMGN,-0.017641664,0.0093019009,-0.010644495
2021-11-23,CRM,-0.014112473,0.026222944,-0.017790616
2021-11-23,CSCO,-0.019019008,0.016167521,-0.014093816
2021-11-23,IBM,0.0084351301,0.011845469,-0.0019279718
2021-11-23,INTC,0.0014200211,0.020195365,-0.022159994
2021-11-23,MSFT,-0.0059520602,0.014466643,-0.015835285
2021-11-23,NKE,0.0083936453,0.0065101385,0.0039153099
2021-11-23,VZ,-0.012947321,0.00097227097,-0.0014502406
2021-11-23,WMT,0.0086188316,-0.0067686439,-0.0083276629
2021-11-24,AAPL,-0.00038641691,-0.020089507,0.0062478781
2021-11-24,AMGN,-0.01235497,0.0076085329,-0.011942387
2021-11-24,CRM,-0.041181505,0.021324992,0.0018577576
2021-11-24,CSCO,0.0015926361,0.0090483427,-0.0096997023
2021-11-24,IBM,-0.015219688,0.0063470602,-0.01042676
2021-11-24,INTC,-0.007314086,-0.010381401,-0.0034706593
2021-11-24,MSFT,0.00684762,-0.0013251901,-0.016823888
2021-11-24,NKE,0.0012452602,0.0015503168,-0.0079599619
2021-11-24,VZ,-0.015216053,0.012155294,-0.0078376532
2021-11-24,WMT,0.0010533333,0.0070490837,-0.0027710199
2021-11-26,AAPL,-0.01751411,0.017243624,-0.020117998
2021-11-26,AMGN,-0.00033289194,0.015850306,-0.024616659
2021-11-26,CRM,0.076415539,-0.0013898611,-0.044854879
2021-11-26,CSCO,0.010290623,0.014141083,0.0088785887
2021-11-26,IBM,-0.012421012,0.01025176,0.02030766
2021-11-26,INTC,-0.014770806,0.014559627,-0.024020255
2021-11-26,MSFT,-0.023508549,0.022866488,-0.022616327
2021-11-26,NKE,-0.0013390183,-0.0059527159,-0.01852119
2021-11-26,VZ,-0.011833906,0.0086957216,-0.0079619884
2021-11-26,WMT,0.018125772,0.011243105,-0.0016933084
2021-11-29,AAPL,-0.013725162,0.01057148,-0.015427411
2021-11-29,AMGN,-0.020694375,0.0019649267,-0.016298354
2021-11-29,CRM,-0.024770677,0.015553594,0.011295915
2021-11-29,CSCO,0.023369551,0.0062878132,-0.0054634213
2021-11-29,IBM,-0.0011568666,0.0071696043,0.0070663691
2021-11-29,INTC,-0.025254548,-0.0007956028,-0.012369037
2021-11-29,MSFT,0.017382026,0.0056400299,-0.019017756
2021-11-29,NKE,-0.0070994496,-0.0062089562,0.0015742779
2021-11-29,VZ,-0.0058352351,0.021005154,0.0079574585
2021-11-29,WMT,-0.0054451823,0.0059107542,-0.018468261
2021-11-30,AAPL,0.0050679445,0.022815824,-0.022591889
2021-11-30,AMGN,-0.0092200041,0.028084874,-0.014558136
2021-11-30,CRM,-0.02169472,0.028345823,-0.026957333
2021-11-30,CSCO,-0.01053673,0.0028221607,-0.012326598
2021-11-30,IBM,-0.0076249838,0.016907096,-0.0017983317
2021-11-30,INTC,-0.017834902,0.014564872,-0.0045652986
2021-11-30,MSFT,-0.0096831918,-0.0099146366,-0.019625783
2021-11-30,NKE,-0.00092643499,0.0051187277,-0.0058519244
2021-11-30,VZ,0.0022131205,0.0061683655,-0.0028282404
2021-11-30,WMT,-0.013036847,0.0049543381,-0.00029635429
2021-12-01,AAPL,0.024338961,0.0005389452,-0.0066146851
2021-12-01,AMGN,-0.015574932,-0.00054728985,-0.015668511
2021-12-01,CRM,0.020327806,0.031544209,-0.034197867
2021-12-01,CSCO,-0.015785038,0.020195842,-0.0050935149
2021-12-01,IBM,-0.024160743,0.010236502,-0.02044791
2021-12-01,INTC,-0.0088647604,-0.0011892915,0.012583852
2021-12-01,MSFT,0.012487531,0.017653584,-0.010444105
2021-12-01,NKE,0.027514338,0.020416617,0.006472826
2021-12-01,VZ,-0.0091710091,0.0077189207,-0.0060514212
2021-12-01,WMT,-0.013552964,0.0088737011,-0.0025408864
2021-12-02,AAPL,0.043856382,0.013286591,-0.032894075
2021-12-02,AMGN,-0.028281212,-0.0049360991,-0.013464928
2021-12-02,CRM,-0.052576542,0.021927595,0.0059729815
2021-12-02,CSCO,-0.014070272,-0.0062399507,-0.024592102
2021-12-02,IBM,-0.0084124207,0.010071278,-0.0044386983
2021-12-02,INTC,-0.0041069388,0.0029660463,-0.025594771
2021-12-02,MSFT,0.020475149,0.018479824,-0.012087882
2021-12-02,NKE,-0.0020306706,0.0033849478,0.0029492378
2021-12-02,VZ,0.013324857,9.894371e-05,0.00072002411
2021-12-02,WMT,-0.0015212893,0.003917098,-0.002728641
2021-12-03,AAPL,-0.003389895,0.0039532185,-0.0077018738
2021-12-03,AMGN,-0.011822701,0.0061167479,-0.011385262
2021-12-03,CRM,0.00064885616,0.017368555,-0.022257984
2021-12-03,CSCO,-0.025127769,0.010664582,-0.015251279
2021-12-03,IBM,-0.0014620423,0.0048824549,0.0037261248
2021-12-03,INTC,0.00059580803,0.0005184412,-0.019538283
2021-12-03,MSFT,0.0067958832,0.011649847,-0.0071356297
2021-12-03,NKE,-0.0045530796,0.022094131,0.01062417
2021-12-03,VZ,0.0049393177,0.0075294971,0.015909791
2021-12-03,WMT,-0.019502163,0.0057587624,-0.018296123
2021-12-06,AAPL,0.012186289,0.013568044,0.016000986
2021-12-06,AMGN,0.0029758215,-0.0079013109,-0.0048209429
2021-12-06,CRM,-0.023824573,-0.0027913451,-0.023991704
2021-12-06,CSCO,0.004770875,0.0063800812,-0.0082216263
2021-12-06,IBM,-0.014003813,0.013919353,0.001283288
2021-12-06,INTC,-0.0021986961,-0.0017743707,-0.027393937
2021-12-06,MSFT,0.011976838,0.0019497871,-0.012179732
2021-12-06,NKE,0.0006865263,0.0097749233,-0.0045648217
2021-12-06,VZ,-0.023803711,0.009100318,0.01637125
2021-12-06,WMT,-0.0088538527,0.0078676939,-0.014161766
2021-12-07,AAPL,0.015957236,-0.018363833,-0.027847946
2021-12-07,AMGN,-0.0071498156,0.0064361095,0.011614799
2021-12-07,CRM,0.0049899817,0.024750113,-0.011212885
2021-12-07,CSCO,0.011466265,0.011020303,0.0062468052
2021-12-07,IBM,-0.0044416785,-0.010097802,-0.0072847605
2021-12-07,INTC,0.032043219,0.0058315992,-0.025169075
2021-12-07,MSFT,0.015570879,0.014432907,-0.0039856434
2021-12-07,NKE,-0.023421168,0.021138906,-0.019327641
2021-12-07,VZ,-0.0092754364,0.011924267,0.0055762529
2021-12-07,WMT,-0.0076944828,0.010751963,-0.014042139
2021-12-08,AAPL,0.0086054802,0.010889769,-0.028410256
2021-12-08,AMGN,-0.027326167,0.021214485,-0.015208244
2021-12-08,CRM,0.06618607,0.0069873333,-0.017768979
2021-12-08,CSCO,-0.011206031,0.015220881,-0.024755359
2021-12-08,IBM,-0.00038820505,0.0060271025,-0.012836158
2021-12-08,INTC,-0.001183331,0.019800663,-0.0062202215
2021-12-08,MSFT,-0.0053929687,0.017628908,-0.0090597272
2021-12-08,NKE,0.020271778,0.011147022,-0.025767207
2021-12-08,VZ,-0.024255335,0.0044407845,5.376339e-05
2021-12-08,WMT,-0.0083702803,0.017141342,-0.013330162
2021-12-09,AAPL,0.023664832,-0.001272738,-0.024976254
2021-12-09,AMGN,-0.013945758,0.022151947,-0.035051227
2021-12-09,CRM,0.032808185,0.041594028,-0.0080524087
2021-12-09,CSCO,0.0056205988,-0.015262187,0.0049393177
2021-12-09,IBM,-0.031716108,0.014107704,0.023430943
2021-12-09,INTC,0.0093907118,0.0032024384,-0.011093915
2021-12-09,MSFT,0.001645565,0.005890727,-0.020745814
2021-12-09,NKE,-0.0013750196,0.030714631,-0.013234377
2021-12-09,VZ,0.019659877,0.013744354,-0.00020414591
2021-12-09,WMT,-0.015600264,0.015843511,0.0040835142
2021-12-10,AAPL,-0.012325048,0.010957479,0.0042943954
2021-12-10,AMGN,-0.024330676,0.025649905,-0.0032974482
2021-12-10,CRM,0.0065654516,0.0074919462,-0.0098563433
2021-12-10,CSCO,-0.023643434,0.018336058,-0.010311544
2021-12-10,IBM,0.017323732,-0.0043608546,-0.0043917894
2021-12-10,INTC,0.019402862,0.0084582567,-0.0065957308
2021-12-10,MSFT,0.0056272745,-0.014669895,-0.015860498
2021-12-10,NKE,0.0066267252,0.016881466,-0.017482281
2021-12-10,VZ,-0.0026260018,0.008321166,0.0022655725
2021-12-10,WMT,0.030985355,0.01768434,0.0061793327
2021-12-13,AAPL,-0.010335207,0.021064997,0.0020331144
2021-12-13,AMGN,0.016839862,0.0068169832,-0.0018494129
2021-12-13,CRM,-0.043773592,0.014826298,-0.014379084
2021-12-13,CSCO,0.0066976547,-0.011197329,-0.00021052361
2021-12-13,IBM,-0.013927281,0.012710452,-0.0016870499
2021-12-13,INTC,-0.019505084,0.019442081,-0.014685988
2021-12-13,MSFT,-0.0039130449,0.0041217804,-0.0071001649
2021-12-13,NKE,-0.00081086159,0.011027813,-0.021883428
2021-12-13,VZ,-0.017448545,0.0094847679,0.0015192032
2021-12-13,WMT,0.012010098,0.0033639669,-0.027101994
2021-12-14,AAPL,-0.025719643,0.0053358078,-0.0054020882
2021-12-14,AMGN,-0.0043906569,0.0098508596,-0.0067604184
2021-12-14,CRM,-0.0036770105,0.0069532394,-0.016321599
2021-12-14,CSCO,-0.0059733987,0.017100334,-0.017445982
2021-12-14,IBM,0.0013647079,0.013296843,0.0040956736
2021-12-14,INTC,-0.00032913685,0.017490506,-0.012049735
2021-12-14,MSFT,0.015373468,-0.0066028833,0.0056679249
2021-12-14,NKE,-0.021369994,-0.0033475757,-0.0097067952
2021-12-14,VZ,-0.0096696019,-0.002022624,0.012059331
2021-12-14,WMT,0.0011473894,0.0014687777,-0.0035122037
2021-12-15,AAPL,-0.04338634,0.0018502474,0.011708617
2021-12-15,AMGN,-0.0059276819,0.028669477,-0.0080088973
2021-12-15,CRM,0.039111733,0.005240202,-0.015919983
2021-12-15,CSCO,-0.0038182139,-0.011415541,0.0007956028
2021-12-15,IBM,-5.8412552e-05,-0.003064096,0.00018393993
2021-12-15,INTC,-0.036702573,0.010802031,-0.029765606
2021-12-15,MSFT,-0.015359819,0.0043830872,-0.028041363
2021-12-15,NKE,0.02723527,0.0006313324,0.0051033497
2021-12-15,VZ,-0.006431222,-0.003349781,-0.0086285472
2021-12-15,WMT,-0.02241087,-0.00074869394,-0.0033074617
2021-12-16,AAPL,-0.01671052,0.01409328,0.0043736696
2021-12-16,AMGN,-0.0090919137,0.015683532,-0.0025141239
2021-12-16,CRM,0.0073122978,0.034551382,-0.01404494
2021-12-16,CSCO,-0.0032661557,0.0051419735,-0.0036564469
2021-12-16,IBM,0.033018589,-0.0010297298,-0.0081777573
2021-12-16,INTC,-0.00065040588,0.00084757805,-0.010020494
2021-12-16,MSFT,0.0069633722,0.01009357,-0.025347173
2021-12-16,NKE,0.0048816204,0.027249932,-0.01299417
2021-12-16,VZ,0.0043188334,0.0094541311,0.0010025501
2021-12-16,WMT,-0.005987525,0.0093272924,-0.0008072257
2021-12-17,AAPL,0.012353301,0.020137429,-0.010128081
2021-12-17,AMGN,-0.024417996,0.0035427809,0.00165236
2021-12-17,CRM,-0.029111207,0.063489079,-0.042105198
2021-12-17,CSCO,0.012768269,0.010524869,-0.0085780621
2021-12-17,IBM,0.0049155951,0.023736954,-0.008564353
2021-12-17,INTC,0.017823935,0.010492802,-0.002720356
2021-12-17,MSFT,0.022826791,0.015308976,0.0013982058
2021-12-17,NKE,0.040942907,0.0059661865,-0.001200974
2021-12-17,VZ,-0.026666522,0.01709938,-0.018579304
2021-12-17,WMT,-0.00071507692,0.0050978661,-0.0064519048
2021-12-20,AAPL,-0.0071855187,0.022429466,-0.013499975
2021-12-20,AMGN,0.0092130899,0.0019598007,-0.0040678978
2021-12-20,CRM,-0.023066878,0.012630224,-0.012309253
2021-12-20,CSCO,-0.017830193,0.012079477,-0.010171711
2021-12-20,IBM,-0.0017774701,0.015553474,0.00055801868
2021-12-20,INTC,-0.02302146,0.010252118,-0.0068258643
2021-12-20,MSFT,0.0041354895,-0.004750669,-0.01643616
2021-12-20,NKE,-0.0077465177,0.0044224262,-0.00099229813
2021-12-20,VZ,-0.0057656765,0.0089166164,0.011744499
2021-12-20,WMT,-0.01615876,0.0027621984,-0.01435411
2021-12-21,AAPL,-0.028802812,0.013472676,-0.025030911
2021-12-21,AMGN,-0.0091930032,0.025709987,-0.022498429
2021-12-21,CRM,0.010228157,0.0011600256,-0.010733664
2021-12-21,CSCO,-0.014747322,0.023615122,-0.007550478
2021-12-21,IBM,-0.0055790544,-0.0057888627,-0.0067468882
2021-12-21,INTC,-0.032644033,0.011316895,-0.011000395
2021-12-21,MSFT,-0.0069277287,0.0046954155,0.0011193752
2021-12-21,NKE,0.027669549,0.010305524,0.00047016144
2021-12-21,VZ,0.000649333,0.013556123,-0.0073295236
2021-12-21,WMT,-0.0039527416,0.001665473,-0.011943996
2021-12-22,AAPL,0.019933224,-0.0032690167,-0.015552819
2021-12-22,AMGN,-0.0051337481,0.0098980665,-0.0054435134
2021-12-22,CRM,-0.030612707,-0.0057394505,0.0068793297
2021-12-22,CSCO,-0.0042314529,0.024382353,0.0017719269
2021-12-22,IBM,-0.0079096556,0.019926548,-0.0028952956
2021-12-22,INTC,-0.0031139255,0.0078023672,-0.011333704
2021-12-22,MSFT,0.0013866425,0.0071134567,-0.013156772
2021-12-22,NKE,0.008723855,0.019025683,-0.003811419
2021-12-22,VZ,-0.015573263,0.00086212158,0.0056703091
2021-12-22,WMT,-0.0094997883,0.010186195,-0.013402581
2021-12-23,AAPL,-0.006995976,0.0090655088,-0.011659741
2021-12-23,AMGN,-0.027967095,0.021409392,0.0004850626
2021-12-23,CRM,0.003228426,0.0034694672,-0.023975194
2021-12-23,CSCO,-0.027025819,0.0076633692,-0.010522604
2021-12-23,IBM,0.022417665,-0.012193441,0.00071513653
2021-12-23,INTC,-0.014335871,0.0099009275,-0.028815925
2021-12-23,MSFT,0.04044354,0.002767086,0.0022045374
2021-12-23,NKE,0.00081241131,-0.0020947456,-0.011981428
2021-12-23,VZ,-0.0064576268,0.0089201927,-0.0013754368
2021-12-23,WMT,-0.023259342,0.0036373138,-0.011454999
2021-12-27,AAPL,0.047327161,-0.0015867949,-0.011294842
2021-12-27,AMGN,-0.034469187,-0.0016112328,-0.01484561
2021-12-27,CRM,-0.029832721,0.019882202,-0.021637857
2021-12-27,CSCO,-0.0063092113,0.018885016,-0.0093001127
2021-12-27,IBM,-0.0013457537,0.0094195604,-0.0036164522
2021-12-27,INTC,-0.0082741976,0.0035914183,-0.01502049
2021-12-27,MSFT,-0.028219938,0.0062563419,-0.0058482885
2021-12-27,NKE,-0.0043255687,0.010976791,-0.022971511
2021-12-27,VZ,-0.0044259429,-0.0089301467,-0.0036585331
2021-12-27,WMT,0.0021688938,0.012137532,0.0034050941
2021-12-28,AAPL,0.0019096136,0.01990068,-0.012882888
2021-12-28,AMGN,-0.011244833,0.0089997053,-0.0013084412
2021-12-28,CRM,-0.035560369,0.0021766424,-0.042933166
2021-12-28,CSCO,0.0036962032,-0.0099468231,-0.012969971
2021-12-28,IBM,-0.012284338,0.013523936,-0.0027532578
2021-12-28,INTC,-0.015505493,-0.0079978704,-0.01587379
2021-12-28,MSFT,-0.020079315,0.010490894,-0.011208594
2021-12-28,NKE,0.0024371147,0.0080772638,-0.0032561421
2021-12-28,VZ,-0.018173158,0.00076818466,-0.011748612
2021-12-28,WMT,-0.0074879527,0.0049825907,0.00075745583
2021-12-29,AAPL,0.027453303,0.0410676,-0.014254808
2021-12-29,AMGN,0.0023413897,0.012049913,0.0099649429
2021-12-29,CRM,0.012257218,0.020104527,-0.013053596
2021-12-29,CSCO,-0.015491068,0.011626244,-0.0054014921
2021-12-29,IBM,0.00024783611,-0.0028218031,0.0039865971
2021-12-29,INTC,-0.015686393,0.021460772,-0.0040051937
2021-12-29,MSFT,-0.0015010834,-0.0074319839,-0.023456395
2021-12-29,NKE,-0.0080501437,0.010428786,0.0092531443
2021-12-29,VZ,0.0042399168,0.0085885525,0.0016179085
2021-12-29,WMT,0.014731169,-0.0044561625,-0.016756117
2021-12-30,AAPL,-0.032628119,0.0090863705,-0.012509763
2021-12-30,AMGN,-0.013699055,0.0065796375,-0.013839304
2021-12-30,CRM,-0.00062865019,0.014061093,-0.015462339
2021-12-30,CSCO,-0.015527368,0.015306711,-0.023238182
2021-12-30,IBM,-0.020841658,0.018535018,5.5909157e-05
2021-12-30,INTC,-0.017349362,0.011970282,-0.0039206743
2021-12-30,MSFT,-0.014150739,0.0072077513,-0.015739024
2021-12-30,NKE,0.0047036409,0.020745635,7.2002411e-05
2021-12-30,VZ,-0.039685965,0.003041625,-0.01364249
2021-12-30,WMT,0.0045343637,0.0069340467,0.010149598
2021-12-31,AAPL,0.016623378,0.024487138,0.0025714636
2021-12-31,AMGN,-0.025343001,0.012590289,-0.013289988
2021-12-31,CRM,0.040238261,0.030472875,-0.019298673
2021-12-31,CSCO,0.022649646,0.0073332787,-0.018748581
2021-12-31,IBM,0.016799212,0.0083353519,-0.0017744303
2021-12-31,INTC,0.002243638,-0.0090200901,0.004984498
2021-12-31,MSFT,0.045837402,0.0082165003,0.0078241825
2021-12-31,NKE,0.0045279264,0.018965483,-0.0094372034
2021-12-31,VZ,-0.0077919364,0.0026166439,-0.00050109625
2021-12-31,WMT,0.016914129,0.016435027,-0.0019845963
2022-01-03,AAPL,-0.0057470202,0.0044584274,-0.0055293441
2022-01-03,AMGN,0.025538802,0.0187186,0.0070428848
2022-01-03,CRM,-0.00042670965,0.032286167,-0.016816616
2022-01-03,CSCO,-0.0091744065,0.0086767673,-0.011351228
2022-01-03,IBM,0.0033000708,0.012524009,-0.01766932
2022-01-03,INTC,0.0040192604,0.0045964718,-0.0038588047
2022-01-03,MSFT,0.023029208,0.012410641,0.0043240786
2022-01-03,NKE,-0.0018306971,0.0024036169,-0.021183014
2022-01-03,VZ,0.012958527,0.014014959,-0.0079861879
2022-01-03,WMT,0.003305912,0.019582868,-0.017242134
2022-01-04,AAPL,-0.017912805,-0.0038146377,-0.025077581
2022-01-04,AMGN,-0.016431034,0.0067273378,-0.00116539
2022-01-04,CRM,-0.038522065,0.0084149837,-0.018983662
2022-01-04,CSCO,0.0045387745,-0.0092843771,0.0080330372
2022-01-04,IBM,-0.01645261,-0.0079120994,-0.012924194
2022-01-04,INTC,-0.014068246,0.015586972,-0.0088737011
2022-01-04,MSFT,0.0082429647,0.0062458515,-0.017013311
2022-01-04,NKE,-0.0065091848,0.022381186,-0.024511755
2022-01-04,VZ,-0.030207515,0.0004581213,0.0068656206
2022-01-04,WMT,-0.0019348264,0.0064849854,-0.0051717758
2022-01-05,AAPL,-0.031786263,0.017796159,0.0044004917
2022-01-05,AMGN,0.010723233,0.0051547289,0.010290027
2022-01-05,CRM,-0.03776288,0.013833761,-0.043702662
2022-01-05,CSCO,0.029959559,-0.0046954155,-0.013180017
2022-01-05,IBM,0.0080145597,0.017956257,-0.0082984567
2022-01-05,INTC,0.0040040016,-0.010159254,-0.020690739
2022-01-05,MSFT,-0.0051295161,-0.0086632967,-0.0094045997
2022-01-05,NKE,-0.030929983,0.0032539368,-0.0022773743
2022-01-05,VZ,-0.027342856,0.0043896437,-0.0053588748
2022-01-05,WMT,-0.0028902292,0.012517691,-0.021135449
2022-01-06,AAPL,0.011941552,0.011431336,-0.0046474338
2022-01-06,AMGN,-0.008318603,0.018412828,-0.012552083
2022-01-06,CRM,-0.063832164,0.022827506,-0.040321529
2022-01-06,CSCO,-0.03229475,0.006683588,-0.0049376488
2022-01-06,IBM,-0.014312863,-0.00022161007,0.0049507618
2022-01-06,INTC,0.026098609,-0.0057195425,-0.016866505
2022-01-06,MSFT,0.006998539,0.00071406364,-0.0092093349
2022-01-06,NKE,0.0019160509,-0.0108217,-0.016470611
2022-01-06,VZ,-0.011613429,0.011828184,-0.001730442
2022-01-06,WMT,0.0010234118,0.018085241,-0.0038380623
2022-01-07,AAPL,0.0024213791,0.0059247017,-0.0034967065
2022-01-07,AMGN,-0.00025260448,0.019517779,-0.017956078
2022-01-07,CRM,0.014845133,0.013373852,-0.027513623
2022-01-07,CSCO,-0.019111276,-0.0005607605,-0.023700535
2022-01-07,IBM,-0.0092429519,0.0046417713,-0.017683148
2022-01-07,INTC,0.027528405,0.0078759193,-0.0063363314
2022-01-07,MSFT,-0.032226861,0.0069177151,-0.023352385
2022-01-07,NKE,0.020227313,0.010460258,0.0082365274
2022-01-07,VZ,0.017141819,0.013536572,-0.0099245906
2022-01-07,WMT,-0.01284641,0.01256907,-0.0013834238
2022-01-10,AAPL,-0.033599973,0.028193474,-0.029512882
2022-01-10,AMGN,0.015687108,0.028959751,-0.012994826
2022-01-10,CRM,0.011217356,0.027283669,-0.0017912388
2022-01-10,CSCO,0.0020014048,-0.011141956,-0.011759996
2022-01-10,IBM,-0.010885298,0.0054295063,-0.024368048
2022-01-10,INTC,0.0088691711,0.022614002,0.0028140545
2022-01-10,MSFT,0.025119066,0.01213026,-0.014204919
2022-01-10,NKE,-0.0003271699,0.010796905,-0.043578386
2022-01-10,VZ,-0.023325145,0.0025693178,0.012610912
2022-01-10,WMT,0.0012209415,0.0057178736,-0.0039974451
2022-01-11,AAPL,0.00061237812,0.015080571,-0.02346313
2022-01-11,AMGN,-0.0031250119,-0.00079756975,0.0060271025
2022-01-11,CRM,-0.013994634,0.0331043,-0.0032328963
2022-01-11,CSCO,0.016616464,-0.00050199032,-0.0029408932
2022-01-11,IBM,0.0085076094,0.012170076,-0.012125015
2022-01-11,INTC,-0.012525439,0.010772824,0.0092349052
2022-01-11,MSFT,-0.0099066496,0.0070569515,-0.017181516
2022-01-11,NKE,-0.0054283142,-0.00085264444,-0.010765612
2022-01-11,VZ,-0.0077338815,0.021456361,-0.00040119886
2022-01-11,WMT,-0.017434001,0.008611083,-0.029505253
2022-01-12,AAPL,-0.0063298345,-0.0023557544,-0.017588198
2022-01-12,AMGN,0.010747194,0.0062972307,-0.0041530132
2022-01-12,CRM,0.026046038,-0.013333023,-0.023529828
2022-01-12,CSCO,0.024439812,0.028265357,-0.00020259619
2022-01-12,IBM,-0.0051564574,0.030749321,-0.0057107806
2022-01-12,INTC,0.011494756,0.019577742,0.0075536966
2022-01-12,MSFT,0.010494947,0.0044500828,0.0039383173
2022-01-12,NKE,-0.010881841,-0.010892093,-0.007461071
2022-01-12,VZ,-0.016557574,0.0087721348,0.0023653507
2022-01-12,WMT,0.0040249825,0.012854815,-0.0071408153
2022-01-13,AAPL,-0.034408987,0.029117107,0.00025546551
2022-01-13,AMGN,-0.0045734048,0.020491242,-0.024017513
2022-01-13,CRM,-0.018454134,-0.0037069321,-0.062372744
2022-01-13,CSCO,0.011737704,0.0050773621,0.0029422045
2022-01-13,IBM,0.0081107616,-0.0045072436,0.002106905
2022-01-13,INTC,0.01836729,-0.0095995665,-0.012304366
2022-01-13,MSFT,-0.011207581,0.015479326,-0.018142223
2022-01-13,NKE,0.019971728,-0.00083726645,-0.01446712
2022-01-13,VZ,0.0078012943,0.019736648,0.008425951
2022-01-13,WMT,-0.0076768398,0.0097625256,-0.012778223
2022-01-14,AAPL,-0.019273996,0.0033867359,-0.018108487
2022-01-14,AMGN,-0.040364563,0.013738751,0.012670517
2022-01-14,CRM,-0.032316923,-0.013788223,-0.004727304
2022-01-14,CSCO,0.032671571,0.0091094971,-0.016066492
2022-01-14,IBM,-0.0053904653,-0.010999143,-0.027652323
2022-01-14,INTC,0.0167346,0.013694882,-0.013925791
2022-01-14,MSFT,0.017922282,0.0014513731,-0.0037264824
2022-01-14,NKE,0.013225913,0.011704683,0.015179515
2022-01-14,VZ,0.00018560886,0.0033606291,-0.004342258
2022-01-14,WMT,-0.0040617585,0.02154851,-0.014941871
2022-01-18,AAPL,0.0059527159,0.0062119961,-0.021229267
2022-01-18,AMGN,-0.010249972,0.0090613365,-0.01347959
2022-01-18,CRM,-0.0017148852,0.0066357851,-0.032727242
2022-01-18,CSCO,-0.024603844,0.0089715719,0.0031898022
2022-01-18,IBM,0.00433743,0.007537961,-0.013078749
2022-01-18,INTC,-0.0016050935,0.0064806938,0.00038421154
2022-01-18,MSFT,-0.0042101741,-0.00018656254,-0.021210253
2022-01-18,NKE,0.01500988,-0.00050270557,-0.01176399
2022-01-18,VZ,0.021940827,-0.010096967,-0.0098245144
2022-01-18,WMT,-0.010430634,-0.00051265955,0.00010466576
2022-01-19,AAPL,-0.0006852746,0.015727758,-0.019696236
2022-01-19,AMGN,-0.01286763,0.0052688122,-0.012521267
2022-01-19,CRM,-0.026563048,0.013542295,-0.019573808
2022-01-19,CSCO,0.023007631,0.00481987,-0.00889498
2022-01-19,IBM,0.0069830418,0.00044548512,-0.0080666542
2022-01-19,INTC,-0.0076420307,0.0092645884,-0.03127861
2022-01-19,MSFT,0.010096431,0.0075384378,-0.0017751455
2022-01-19,NKE,0.0083861351,0.0020893812,-0.025129616
2022-01-19,VZ,-0.011178255,0.013599515,0.00038206577
2022-01-19,WMT,0.011048436,0.0098491907,-0.0040739775
2022-01-20,AAPL,0.0027073622,0.015544653,0.003557086
2022-01-20,AMGN,-0.015239954,0.018084049,-0.015932143
2022-01-20,CRM,-0.043618917,0.021831512,-0.021586597
2022-01-20,CSCO,0.0053910017,-0.0014807582,-0.0035521388
2022-01-20,IBM,-0.0041411519,0.025995016,-0.011957705
2022-01-20,INTC,0.00065839291,-0.004134953,-0.013090014
2022-01-20,MSFT,-0.0095369816,0.00010037422,-0.0043073893
2022-01-20,NKE,0.0035623312,-0.01113838,-0.013155103
2022-01-20,VZ,0.0058755875,0.030318141,-0.0049491525
2022-01-20,WMT,-0.022468388,0.010721803,-0.012294769
2022-01-21,AAPL,-0.003465116,0.036863804,0.0073177814
2022-01-21,AMGN,0.016395092,0.034634709,-0.0063854456
2022-01-21,CRM,0.01930964,0.012592912,-0.019454062
2022-01-21,CSCO,-0.016722202,-0.0079780817,-0.009570837
2022-01-21,IBM,0.016650677,0.0059667826,-0.010491312
2022-01-21,INTC,0.00077009201,-0.011753082,0.0015468597
2022-01-21,MSFT,-0.0053229928,0.01802814,-0.021212816
2022-01-21,NKE,0.012729287,0.021851063,-0.010845363
2022-01-21,VZ,0.01724875,0.0030443668,-0.025913358
2022-01-21,WMT,0.013264179,0.01202333,0.0027339458
2022-01-24,AAPL,-0.028871715,0.0051336288,0.0017665625
2022-01-24,AMGN,-0.0055681467,0.014689803,-0.002892077
2022-01-24,CRM,-0.0087485313,0.027695537,0.0099600554
2022-01-24,CSCO,-0.0092233419,0.012269497,-0.0089139342
2022-01-24,IBM,-0.020215571,0.00026583672,-0.022178888
2022-01-24,INTC,0.020231605,0.0034241676,-0.01285398
2022-01-24,MSFT,0.028055429,0.010710716,0.001368165
2022-01-24,NKE,-0.025719464,0.010365009,-0.0057024956
2022-01-24,VZ,0.017718792,0.0038204193,-0.001978755
2022-01-24,WMT,0.012709022,0.0033376217,0.00098419189
2022-01-25,AAPL,0.0015897751,-0.0086086988,-0.0039229989
2022-01-25,AMGN,-0.028517485,0.010352612,-0.036099315
2022-01-25,CRM,-0.0089533925,-0.0045886636,1.9907951e-05
2022-01-25,CSCO,-0.00030106306,0.0060747862,-0.020824134
2022-01-25,IBM,0.0073735714,0.0099811554,-0.012183905
2022-01-25,INTC,-0.0072157383,-0.013302326,-0.013248384
2022-01-25,MSFT,-0.0032662153,0.0072963238,-0.0057634115
2022-01-25,NKE,-0.012233734,0.016854763,0.00047838688
2022-01-25,VZ,0.0075900555,0.0015029907,-0.011811078
2022-01-25,WMT,-0.0027627349,0.0071605444,-0.0046998262
2022-01-26,AAPL,0.022712469,0.0138973,0.00022339821
2022-01-26,AMGN,0.0094106197,0.016171694,-0.0012658238
2022-01-26,CRM,-0.034501791,0.012142897,-0.014707267
2022-01-26,CSCO,-0.009904027,0.0067145824,-0.0092475414
2022-01-26,IBM,-0.019757092,0.012933254,-0.015037775
2022-01-26,INTC,0.021718621,0.019217968,0.020296454
2022-01-26,MSFT,0.018006086,-0.010115504,-0.0075203776
2022-01-26,NKE,0.00062358379,0.0063136816,-0.013451099
2022-01-26,VZ,-0.010992765,0.010555625,-0.0076183677
2022-01-26,WMT,-0.0040202141,0.0057171583,0.0010402203
2022-01-27,AAPL,-0.0097014308,0.016852379,-0.022327244
2022-01-27,AMGN,0.023241758,0.02063334,-0.0010344982
2022-01-27,CRM,0.0080325603,0.003739953,-0.018079281
2022-01-27,CSCO,0.022152901,0.030376911,-0.0064342022
2022-01-27,IBM,0.0015156269,0.0099053383,-0.018283904
2022-01-27,INTC,0.017665505,0.0037310123,-0.018018246
2022-01-27,MSFT,0.0041855574,0.013622046,-0.023067653
2022-01-27,NKE,0.0063751936,0.0082188845,-0.013719082
2022-01-27,VZ,-0.019632995,0.021277189,-0.018223047
2022-01-27,WMT,-0.00049626827,0.010465145,-0.0091146827
2022-01-28,AAPL,0.016743422,-0.0143677,-0.025576115
2022-01-28,AMGN,-0.019288123,0.0074089766,-0.029474258
2022-01-28,CRM,0.009811759,0.0012999773,-0.014249802
2022-01-28,CSCO,-0.027258396,0.034461975,-0.0080889463
2022-01-28,IBM,0.0070902109,0.0021432638,-0.017967701
2022-01-28,INTC,-0.024888456,0.021030664,-0.0048211217
2022-01-28,MSFT,-0.017501473,0.018761873,-0.016073525
2022-01-28,NKE,0.0084228516,0.023454428,0.0074616671
2022-01-28,VZ,0.0015336275,0.0099909306,-0.013217688
2022-01-28,WMT,-0.0072552562,0.010951877,-0.012634397
2022-01-31,AAPL,-0.025494099,0.011317849,-0.019279957
2022-01-31,AMGN,-0.014625549,0.016024113,-0.0022418499
2022-01-31,CRM,0.01365447,0.021485686,-0.031930387
2022-01-31,CSCO,-0.027063668,0.019661307,-0.010674596
2022-01-31,IBM,-0.0068047047,0.012249947,0.0018265247
2022-01-31,INTC,0.0073877573,0.020993948,-0.0039872527
2022-01-31,MSFT,-0.052593291,0.0026824474,-0.0055092573
2022-01-31,NKE,-0.027843654,0.022541523,-0.010734737
2022-01-31,VZ,-0.0077579021,0.022942305,-0.0052394867
2022-01-31,WMT,0.0028986931,0.0021588802,-0.011898875
2022-02-01,AAPL,-0.014377177,0.010058165,0.0051720142
2022-02-01,AMGN,0.01213336,0.012272596,-0.01472348
2022-02-01,CRM,-0.012624979,0.039799213,-0.032281756
2022-02-01,CSCO,-0.011949062,0.010868907,-0.0034675002
2022-02-01,IBM,0.0030903816,0.004090786,-0.010961413
2022-02-01,INTC,-0.01917851,0.0092328787,0.0024558306
2022-02-01,MSFT,-0.014615774,0.0020061731,0.0084379911
2022-02-01,NKE,-0.022073686,0.0017044544,-0.0020692945
2022-02-01,VZ,-0.0046157241,-0.0086365938,-0.00086116791
2022-02-01,WMT,0.016105175,0.0035680532,-0.01142472
2022-02-02,AAPL,0.0044598579,0.0015922785,-0.017895699
2022-02-02,AMGN,-0.014216781,0.0079679489,-0.0090381503
2022-02-02,CRM,-0.029924989,-0.0083150864,-0.029766262
2022-02-02,CSCO,0.00084495544,0.012037516,-0.015823722
2022-02-02,IBM,0.00020039082,-0.00064700842,-0.0040660501
2022-02-02,INTC,0.024871945,0.0035899878,-0.024205625
2022-02-02,MSFT,-0.021679282,0.0051937103,0.0051625967
2022-02-02,NKE,-0.041668415,0.011755824,0.004580617
2022-02-02,VZ,-0.033346534,0.0036737919,-0.011355758
2022-02-02,WMT,-0.01649791,0.0073134899,-0.001368165
2022-02-03,AAPL,-0.025314093,0.030836582,-0.015520275
2022-02-03,AMGN,0.014700651,-0.00097364187,-0.013709068
2022-02-03,CRM,-0.020123422,0.027281284,-0.0021037459
2022-02-03,CSCO,0.051300049,0.0025293827,-0.0095742941
2022-02-03,IBM,-0.0064899921,0.011749148,-0.020213664
2022-02-03,INTC,-0.013251781,0.017246842,-0.0253582
2022-02-03,MSFT,0.016776323,0.023315549,-0.020577788
2022-02-03,NKE,0.013056993,0.013013005,-0.0041286945
2022-02-03,VZ,0.0044879913,0.020524383,-0.0043466091
2022-02-03,WMT,-0.0011133552,0.015869856,-0.015762329
2022-02-04,AAPL,0.0091406107,0.010595083,-0.025728166
2022-02-04,AMGN,0.01636219,0.024170041,0.0019885302
2022-02-04,CRM,0.029087186,0.01789856,-0.014532328
2022-02-04,CSCO,0.0028967857,0.034591317,-0.0024531484
2022-02-04,IBM,-0.024647117,0.011740446,0.011428952
2022-02-04,INTC,-0.021895826,-0.0023215413,-0.0076724291
2022-02-04,MSFT,0.0038440228,0.017297268,-0.010198653
2022-02-04,NKE,0.0047630072,0.013988614,0.010445714
2022-02-04,VZ,-0.0065717697,6.9379807e-05,-0.020588696
2022-02-04,WMT,-0.0066766143,-0.0039752722,-0.0092648268
2022-02-07,AAPL,0.027956367,-0.003151536,-0.0052580833
2022-02-07,AMGN,-0.013441026,0.0051053762,-0.0071751475
2022-02-07,CRM,0.0014977455,0.012034416,-0.04573971
2022-02-07,CSCO,-0.023299396,-0.0026158094,0.0074023008
2022-02-07,IBM,-0.018927157,0.0093598366,-0.020430923
2022-02-07,INTC,0.023736715,0.011348963,0.0099363327
2022-02-07,MSFT,-0.011957347,-0.006398797,-0.010014892
2022-02-07,NKE,-0.015331388,-0.00059258938,-0.030287981
2022-02-07,VZ,-0.010817528,0.011115432,-0.014328122
2022-02-07,WMT,-0.011229455,0.014117002,-0.014220238
2022-02-08,AAPL,-0.029696226,0.031651855,-0.010078967
2022-02-08,AMGN,-0.010600865,0.022342324,-0.018370628
2022-02-08,CRM,-0.0011594892,0.028891206,-0.024974048
2022-02-08,CSCO,-0.016139865,0.0044870377,-0.0049818754
2022-02-08,IBM,0.00015997887,0.0058302879,-0.016078472
2022-02-08,INTC,0.029984593,0.0095145702,-0.012326777
2022-02-08,MSFT,0.023519874,0.02205503,-0.0039716363
2022-02-08,NKE,-0.015663922,0.015401244,0.00058877468
2022-02-08,VZ,-0.01803124,-0.0070898533,-0.013595521
2022-02-08,WMT,-0.012325048,0.015826106,0.010744691
2022-02-09,AAPL,-0.036644697,0.01567328,-0.024353385
2022-02-09,AMGN,0.014420152,0.014120936,-0.031415641
2022-02-09,CRM,-0.0037765503,0.0037766695,-0.0075095892
2022-02-09,CSCO,-0.031839073,-0.001736939,-0.020736098
2022-02-09,IBM,-0.025554776,0.010757804,-0.0056638718
2022-02-09,INTC,-0.0017257333,0.00079631805,-0.012685001
2022-02-09,MSFT,-0.00050312281,0.01151824,-0.0016948581
2022-02-09,NKE,0.026648998,0.02615416,-0.0045252442
2022-02-09,VZ,-0.008012712,0.00050759315,-0.0062710643
2022-02-09,WMT,0.0092419386,0.0081678629,-0.0024364591
2022-02-10,AAPL,0.019174457,0.0070382357,0.013623118
2022-02-10,AMGN,-0.014390826,0.0023462772,-0.014581203
2022-02-10,CRM,-0.035904765,-0.019971848,-0.018402636
2022-02-10,CSCO,0.018555522,-0.0016642809,-0.013304889
2022-02-10,IBM,-0.0040121078,-0.00048094988,-0.010068595
2022-02-10,INTC,-0.0063555837,0.016214728,-0.028122783
2022-02-10,MSFT,-0.010125697,0.012452602,-0.015894592
2022-02-10,NKE,0.0020430088,0.017177939,-0.029687822
2022-02-10,VZ,0.013948679,0.017404675,-0.011822164
2022-02-10,WMT,-0.0048652291,0.012238979,-0.0068177581
2022-02-11,AAPL,-0.013173163,0.0062094927,-0.012068868
2022-02-11,AMGN,-0.0082555413,0.0025069714,-0.028588057
2022-02-11,CRM,0.016088367,0.049421072,-0.018125176
2022-02-11,CSCO,-0.017133415,0.018417954,-0.017373979
2022-02-11,IBM,-0.0025328398,0.018838763,-0.021586418
2022-02-11,INTC,0.0091202259,-0.016055584,-0.010196865
2022-02-11,MSFT,-0.01719594,0.0096409321,-0.016738772
2022-02-11,NKE,-0.039245248,0.0064905882,-0.011815965
2022-02-11,VZ,-0.018140078,-0.0083503127,-0.010978878
2022-02-11,WMT,-0.0046038032,0.0021846294,-0.013117313
2022-02-14,AAPL,0.029953361,0.013221145,0.0075765848
2022-02-14,AMGN,-0.023100257,0.016090751,-0.024403632
2022-02-14,CRM,0.021947265,0.026565433,0.0036927462
2022-02-14,CSCO,-0.027822196,0.0069228411,-0.013729811
2022-02-14,IBM,-0.020599902,-0.0029401183,-0.014826357
2022-02-14,INTC,0.031728625,0.012632012,-0.0050503016
2022-02-14,MSFT,0.014487147,0.011509299,-0.014332831
2022-02-14,NKE,-0.022157729,0.027599812,-0.023217142
2022-02-14,VZ,-0.0028994083,0.0055010319,-0.0025120378
2022-02-14,WMT,-0.00047636032,0.0054984093,-0.018614829
2022-02-15,AAPL,0.019437313,0.011479616,-0.027084053
2022-02-15,AMGN,-0.007404983,0.0021004677,-0.0060963631
2022-02-15,CRM,0.054047346,0.027135015,-0.02937001
2022-02-15,CSCO,-0.015112936,0.0082217455,-0.025247157
2022-02-15,IBM,-0.022093177,0.0035187006,-0.0010885596
2022-02-15,INTC,-0.016801119,0.0045646429,-0.0018050075
2022-02-15,MSFT,0.0054061413,-0.011097312,0.0085216761
2022-02-15,NKE,-0.010448754,0.01804471,0.01562798
2022-02-15,VZ,-0.016506493,0.013743877,-0.0085685253
2022-02-15,WMT,0.0022712946,0.0065302849,0.0012676716
2022-02-16,AAPL,-0.015922844,0.0043064356,-0.0022723079
2022-02-16,AMGN,0.0083627701,0.025085092,-0.014537632
2022-02-16,CRM,0.012829065,0.01959455,-0.030642569
2022-02-16,CSCO,-0.012035191,0.019091725,0.0063787699
2022-02-16,IBM,0.0087660551,0.013055682,-0.011910617
2022-02-16,INTC,-0.0075444579,0.001183033,0.0017845631
2022-02-16,MSFT,0.012884617,0.019906163,-0.0039251447
2022-02-16,NKE,-0.015943646,-0.002884984,-0.024173796
2022-02-16,VZ,-0.0053488612,0.014595151,-0.022597432
2022-02-16,WMT,0.0015608072,0.0071741343,-0.0036665797
2022-02-17,AAPL,-0.016350806,0.01350224,0.0015556812
2022-02-17,AMGN,0.016603708,0.018731833,-0.0050606728
2022-02-17,CRM,-0.03590548,-0.017316282,-0.019073427
2022-02-17,CSCO,-0.0014433265,0.013895988,-0.01472348
2022-02-17,IBM,0.029235363,0.0035985708,0.0066392422
2022-02-17,INTC,0.040408134,-0.010137141,-0.0014423132
2022-02-17,MSFT,0.0047323704,0.019522548,-0.02562815
2022-02-17,NKE,-0.01887989,0.01327455,-0.018020153
2022-02-17,VZ,-0.016384423,0.015981674,-0.011367559
2022-02-17,WMT,-0.019774079,0.0092375278,-0.013624609
2022-02-18,AAPL,-0.0042301416,0.036948085,-0.031056941
2022-02-18,AMGN,-0.021621764,0.003827095,-0.025744975
2022-02-18,CRM,0.0049314499,-0.002569139,-0.0047488809
2022-02-18,CSCO,0.019843102,0.0011839867,-0.019483745
2022-02-18,IBM,-0.0304721,0.017922521,-0.0080749393
2022-02-18,INTC,-0.028432608,0.034567237,-0.016489685
2022-02-18,MSFT,0.0050928593,0.0090686083,-0.013884783
2022-02-18,NKE,0.0024111271,0.0091708899,0.0029160976
2022-02-18,VZ,0.023306847,0.015030861,0.0038565397
2022-02-18,WMT,-0.0040163994,0.013342381,-0.013220906
2022-02-22,AAPL,0.0028600693,-0.0043033361,-0.020906866
2022-02-22,AMGN,0.025582075,-0.00040364265,-0.022727787
2022-02-22,CRM,0.0052469969,0.031424403,-0.0042695403
2022-02-22,CSCO,-0.017718554,0.00077581406,0.0039643049
2022-02-22,IBM,-0.018185616,0.014767766,0.0044977665
2022-02-22,INTC,-0.023949802,-0.0020640492,-0.0013883114
2022-02-22,MSFT,0.015667081,0.0086437464,-0.016843081
2022-02-22,NKE,-0.0053338408,-0.0052978396,-0.022948384
2022-02-22,VZ,-0.010258734,0.01124835,-0.010950148
2022-02-22,WMT,-0.0040604472,0.012179971,-0.011477113
2022-02-23,AAPL,-0.0078145862,0.01089406,-0.015268385
2022-02-23,AMGN,8.8691711e-05,0.0092451572,0.0019284487
2022-02-23,CRM,-0.01196748,0.011835575,0.0049898624
2022-02-23,CSCO,0.014218688,0.0043333769,-0.015464425
2022-02-23,IBM,-0.017943501,-0.0099634528,-0.0073302984
2022-02-23,INTC,-0.016548693,0.0013315678,-0.027260482
2022-02-23,MSFT,0.034995675,-0.0021451712,-0.018529356
2022-02-23,NKE,-0.0020302534,0.007555604,-0.0047587156
2022-02-23,VZ,0.0026288033,0.0080223083,-0.012475908
2022-02-23,WMT,0.0053603649,0.0079399347,-0.00023788214
2022-02-24,AAPL,-0.01903075,0.019433618,-0.029553115
2022-02-24,AMGN,0.011372685,0.025576234,-0.0059971213
2022-02-24,CRM,-0.0032395124,0.026775599,-0.020048559
2022-02-24,CSCO,0.022830844,0.015115738,-0.032928407
2022-02-24,IBM,0.017989397,0.016258359,-0.011385381
2022-02-24,INTC,-0.0054326653,-0.00019311905,-0.0059458017
2022-02-24,MSFT,0.040082097,0.0080513954,0.0019936562
2022-02-24,NKE,-0.0039891005,-0.0042511821,-0.022870839
2022-02-24,VZ,0.018131495,0.006824851,0.0089108944
2022-02-24,WMT,-0.03708607,0.0090020895,-0.016903818
2022-02-25,AAPL,0.0033226013,-0.001963973,-0.015454113
2022-02-25,AMGN,0.00072240829,0.025298953,-0.013464034
2022-02-25,CRM,-0.01227951,0.015298605,-0.0025033355
2022-02-25,CSCO,0.02485621,0.019020319,-0.0077019334
2022-02-25,IBM,-0.0070412755,0.0061911345,0.0021740198
2022-02-25,INTC,-0.017196357,0.032396555,-0.014521718
2022-02-25,MSFT,-0.0081199408,0.0061035156,-0.0048232675
2022-02-25,NKE,-0.012316465,0.017955065,0.019928098
2022-02-25,VZ,0.0026465654,0.013317466,-0.021294177
2022-02-25,WMT,0.014938116,0.013747454,-0.015799463
2022-02-28,AAPL,0.017632961,-0.0055652261,-0.020165265
2022-02-28,AMGN,-0.022959054,0.0096852779,0.00010156631
2022-02-28,CRM,0.03006959,0.033906817,-0.029942691
2022-02-28,CSCO,-0.0010493398,0.0025385618,-0.021290779
2022-02-28,IBM,-0.016610444,0.011402965,-0.0071393847
2022-02-28,INTC,0.0023344755,0.017068267,0.013710618
2022-02-28,MSFT,-0.029524863,0.0062451363,-0.012488544
2022-02-28,NKE,0.0018066168,0.016577482,-0.0020344853
2022-02-28,VZ,-0.019476593,0.012874961,-0.010099769
2022-02-28,WMT,-0.024082065,0.0036424398,-0.018378675
2022-03-01,AAPL,-0.031192899,0.021782517,-0.0003914237
2022-03-01,AMGN,-0.031056166,0.0062084198,-0.0166924
2022-03-01,CRM,-0.0086360574,0.041170716,-0.022829473
2022-03-01,CSCO,0.00017905235,0.009073019,-0.0055640936
2022-03-01,IBM,-0.015297472,0.0069800615,-0.0065014958
2022-03-01,INTC,0.023666859,0.0066965818,-0.008713603
2022-03-01,MSFT,0.015941381,0.021454215,-0.01384604
2022-03-01,NKE,-0.03749907,0.0084224939,0.0029813051
2022-03-01,VZ,0.0075193644,0.0024421215,-0.0017700195
2022-03-01,WMT,-0.0076677799,-0.0064717531,0.0064482689
2022-03-02,AAPL,-0.0063914061,0.026350617,0.0064747334
2022-03-02,AMGN,-0.007707417,0.0033701658,-0.027066231
2022-03-02,CRM,-0.042218149,0.049031734,-0.019179046
2022-03-02,CSCO,-0.02829206,0.0068352222,-0.014339328
2022-03-02,IBM,-0.025113404,0.004928112,0.00064527988
2022-03-02,INTC,-0.029106796,0.0036082268,-0.0054089427
2022-03-02,MSFT,0.0038170815,-0.01343143,-0.019322872
2022-03-02,NKE,0.0013997555,0.022093773,-0.012171209
2022-03-02,VZ,0.0074598789,0.023149014,-0.0052167177
2022-03-02,WMT,-0.0016701818,0.0021549463,-0.00205791
2022-03-03,AAPL,0.0021308661,-0.0097760558,-0.0098598003
2022-03-03,AMGN,-0.0003746748,0.0086215734,-0.0072613358
2022-03-03,CRM,-0.03246063,-0.0037919283,-0.044618428
2022-03-03,CSCO,0.029728055,-0.0013501644,-0.024354994
2022-03-03,IBM,0.0023500919,0.0036746264,-0.017585039
2022-03-03,INTC,-0.017804742,-0.0074794888,-0.020894647
2022-03-03,MSFT,0.0029735565,0.040842175,0.0019106865
2022-03-03,NKE,0.010074019,0.0078682899,-0.001637876
2022-03-03,VZ,-0.016038835,0.010621548,-0.0024604797
2022-03-03,WMT,-0.02352947,0.0056304932,0.014657974
2022-03-04,AAPL,-0.026876032,-0.0086771846,-0.022985935
2022-03-04,AMGN,0.0038239956,0.0092847347,-0.013886273
2022-03-04,CRM,-0.019580722,0.048767567,-0.023363471
2022-03-04,CSCO,0.0057995319,0.00034463406,0.011484981
2022-03-04,IBM,-0.012897611,0.0077632666,-0.017829001
2022-03-04,INTC,-0.022394478,0.0012668371,-0.0052067041
2022-03-04,MSFT,0.0073715448,0.0075141191,-0.015962005
2022-03-04,NKE,-0.012793303,0.010489702,0.0085616112
2022-03-04,VZ,0.037786484,0.0020941496,-0.011548638
2022-03-04,WMT,-0.0018675923,0.010692716,-0.012278378
2022-03-07,AAPL,-0.01661998,0.0096366405,-0.0049756169
2022-03-07,AMGN,0.028013587,0.018304706,-0.020422876
2022-03-07,CRM,-0.044451654,0.074548125,-0.011331439
2022-03-07,CSCO,-0.03423506,-0.0070442557,-0.0079044104
2022-03-07,IBM,-0.012732327,0.016263723,0.003831625
2022-03-07,INTC,0.013780832,-0.00053113699,-0.0062589645
2022-03-07,MSFT,0.0059950352,0.02395165,-0.0082083941
2022-03-07,NKE,0.0064724684,-0.0025579929,-0.012655497
2022-03-07,VZ,-0.018886328,-0.015580297,-0.02263093
2022-03-07,WMT,-0.011292517,0.0065153837,-0.0072380304
2022-03-08,AAPL,-0.0021734238,0.01077795,0.010017753
2022-03-08,AMGN,-0.0088738799,0.017753839,-0.036180079
2022-03-08,CRM,0.012787342,0.019297719,-0.013742685
2022-03-08,CSCO,-0.013453364,-0.021376908,-0.011758566
2022-03-08,IBM,0.0090386868,0.012936234,-0.010735571
2022-03-08,INTC,-0.011343122,-0.0082799792,-0.012853324
2022-03-08,MSFT,-0.0447281,0.0074503422,-0.012470126
2022-03-08,NKE,0.0051038265,0.019597769,0.00039434433
2022-03-08,VZ,0.0093755722,0.011783838,-0.0049641728
2022-03-08,WMT,-0.0022600293,0.011537671,-0.017668307
2022-03-09,AAPL,-0.0051142573,-0.0056840181,-0.00726372
2022-03-09,AMGN,-0.02102375,-0.0023047328,-0.012521744
2022-03-09,CRM,-0.017659724,-0.0032036304,-0.036133826
2022-03-09,CSCO,0.0087339878,0.023457646,-0.015596747
2022-03-09,IBM,-0.017174721,0.0075545311,-0.0017627478
2022-03-09,INTC,-0.029651523,-0.00095319748,-0.022915065
2022-03-09,MSFT,-0.00888592,0.017036438,-0.018562496
2022-03-09,NKE,0.01122427,0.02581656,-0.012748301
2022-03-09,VZ,-0.033915579,-0.00041812658,-0.00082206726
2022-03-09,WMT,0.0086393356,0.012713194,0.00052881241
2022-03-10,AAPL,0.0036591291,0.012902975,-0.02267921
2022-03-10,AMGN,-0.028284192,0.013660073,-0.014735281
2022-03-10,CRM,-0.028179586,0.024546504,0.0044395924
2022-03-10,CSCO,-0.012173712,0.023493886,0.0027757883
2022-03-10,IBM,0.0013471842,-0.0017704964,0.00049543381
2022-03-10,INTC,0.0048872232,-0.012459219,-0.011856437
2022-03-10,MSFT,0.022142529,0.0037943125,0.0038603544
2022-03-10,NKE,-0.019703448,0.015396118,0.012242794
2022-03-10,VZ,-0.025220096,0.01166904,0.0015655756
2022-03-10,WMT,-0.0041293502,0.0029622316,-0.023070514
2022-03-11,AAPL,0.0061917305,0.012898684,-0.013679683
2022-03-11,AMGN,0.0014662743,0.020743728,-0.001783967
2022-03-11,CRM,0.015677094,0.031477213,-0.014670789
2022-03-11,CSCO,-0.017723441,-0.0076788068,-0.0089964271
2022-03-11,IBM,-0.0064480901,0.0052417517,-0.011559784
2022-03-11,INTC,0.0071334839,0.022335887,-0.029369116
2022-03-11,MSFT,-0.017494678,-0.012843668,-0.0047274232
2022-03-11,NKE,-0.016986907,0.011987329,0.0056384802
2022-03-11,VZ,-0.017926872,0.017780662,-0.019751668
2022-03-11,WMT,0.015075922,0.010309935,0.0026279688
2022-03-14,AAPL,-0.043070734,0.0024790764,-0.025278151
2022-03-14,AMGN,-0.024249792,0.027507305,-0.012503743
2022-03-14,CRM,0.016841054,0.014912605,-0.005407691
2022-03-14,CSCO,0.011622429,0.018361092,-0.022602558
2022-03-14,IBM,0.0093668699,0.0090458393,0.0012886524
2022-03-14,INTC,0.0027571917,0.0021055937,-0.0068560839
2022-03-14,MSFT,-0.012628078,0.0087569952,-0.009231627
2022-03-14,NKE,-0.016124189,0.038501859,-0.022985935
2022-03-14,VZ,0.020520568,0.015595913,-0.016143799
2022-03-14,WMT,-0.016098976,0.008726716,-0.012276947
2022-03-15,AAPL,-0.010031044,0.012747169,0.0019570589
2022-03-15,AMGN,-0.003159225,0.012542605,-0.0029369593
2022-03-15,CRM,-0.10063517,-0.013378501,-0.025731921
2022-03-15,CSCO,-0.013611019,0.0048241615,-0.0090340972
2022-03-15,IBM,-0.0047950149,0.017149806,-0.0065249205
2022-03-15,INTC,0.0049165487,0.0070389509,-0.00872612
2022-03-15,MSFT,0.0012907982,0.012875319,-0.017611265
2022-03-15,NKE,0.018324018,0.0087082386,0.0046565533
2022-03-15,VZ,0.0014939308,0.031251192,0.0011172295
2022-03-15,WMT,-0.0091068149,0.0017596483,-0.010849714
2022-03-16,AAPL,0.0089925528,-0.0042673945,-0.0063157678
2022-03-16,AMGN,-0.022128761,-0.0051004887,-0.010180712
2022-03-16,CRM,0.013631344,0.017209768,-0.0075024366
2022-03-16,CSCO,-0.01303339,0.0078780651,-0.027236521
2022-03-16,IBM,-0.0055704117,0.017686605,-0.01204133
2022-03-16,INTC,-0.011636674,0.004273653,-0.014031231
2022-03-16,MSFT,-0.014291286,0.00081515312,-0.00092720985
2022-03-16,NKE,-0.026976645,0.018242478,-0.023660362
2022-03-16,VZ,-0.0075380802,0.017520905,-0.0021833181
2022-03-16,WMT,-0.014558733,0.014528394,-0.015633941
2022-03-17,AAPL,-0.008960247,-0.015712559,-0.013750315
2022-03-17,AMGN,-0.0011536479,0.030440569,0.00092744827
2022-03-17,CRM,-0.004327774,0.012039542,-0.00086343288
2022-03-17,CSCO,-0.0089239478,0.0051132441,-0.017322123
2022-03-17,IBM,-0.000659585,0.0013025999,-0.0037030578
2022-03-17,INTC,-0.011180997,0.025477648,-0.0078080893
2022-03-17,MSFT,0.020021319,0.01073122,-0.003608644
2022-03-17,NKE,0.017081022,0.0093214512,-0.011933863
2022-03-17,VZ,0.018387914,0.0035283566,0.0024410486
2022-03-17,WMT,-0.005890131,0.011028886,-0.010444283
2022-03-18,AAPL,-0.0037606955,0.0087389946,-0.022547543
2022-03-18,AMGN,0.0045053959,0.021514893,-0.0070613027
2022-03-18,CRM,0.0028252602,0.010265946,-0.02879405
2022-03-18,CSCO,0.002453208,-0.00061064959,-0.013697803
2022-03-18,IBM,-0.0041276813,0.0039387941,0.01276803
2022-03-18,INTC,-0.011405289,-0.0071527958,-0.0061230063
2022-03-18,MSFT,0.033894897,0.018102765,-0.0177387
2022-03-18,NKE,-0.053425014,0.017330408,-0.0071313381
2022-03-18,VZ,-0.0002964735,-0.00014555454,-0.020773768
2022-03-18,WMT,0.002632618,0.0098510981,0.0024608374
2022-03-21,AAPL,-0.037321031,0.0056581497,-0.0098980665
2022-03-21,AMGN,0.0020936728,-0.0015384555,-0.033357203
2022-03-21,CRM,-0.015830517,0.019765377,-0.015784681
2022-03-21,CSCO,-0.017378867,-0.0089108348,0.0058799982
2022-03-21,IBM,-0.0029876828,0.00740242,-0.014393806
2022-03-21,INTC,-0.0027694106,-0.00082373619,-0.01649183
2022-03-21,MSFT,0.0038208961,0.0012882948,0.0039880276
2022-03-21,NKE,-0.014619052,-0.00024080276,-0.013525605
2022-03-21,VZ,-0.029120445,0.0096385479,0.0013165474
2022-03-21,WMT,0.0062173605,0.014792085,-0.0079590678
2022-03-22,AAPL,-0.015913427,0.032567382,-0.0057977438
2022-03-22,AMGN,-0.014854729,0.012131691,-0.017024457
2022-03-22,CRM,0.030294299,-0.0082514286,-0.031153798
2022-03-22,CSCO,-0.0046084523,0.0087497234,-0.012960374
2022-03-22,IBM,-0.00028073788,0.0045794249,-0.0083312988
2022-03-22,INTC,-0.047619164,0.012129068,-0.01344806
2022-03-22,MSFT,0.0057069063,0.017453194,0.0073014498
2022-03-22,NKE,-0.01210475,0.015024424,-0.0074829459
2022-03-22,VZ,0.004427433,0.01976943,-0.0093099475
2022-03-22,WMT,0.0043603182,0.0073971748,-0.01232928
2022-03-23,AAPL,0.0069209337,0.026253223,-0.0023259521
2022-03-23,AMGN,0.041326642,0.031023264,-0.017776668
2022-03-23,CRM,-0.018705428,0.028703928,0.010783434
2022-03-23,CSCO,0.01709795,0.01787293,-0.012371898
2022-03-23,IBM,0.0072165728,-0.0016518831,-0.010383368
2022-03-23,INTC,0.015624762,-0.00014829636,0.0032325983
2022-03-23,MSFT,0.0078012943,-0.0093830228,-0.015688002
2022-03-23,NKE,-0.021297514,0.022577882,-0.00054985285
2022-03-23,VZ,-0.0053367019,0.0085549355,0.0042455196
2022-03-23,WMT,0.0011006594,0.0089353323,-0.015639484
2022-03-24,AAPL,-0.010798097,-0.0056478381,-0.0091929436
2022-03-24,AMGN,-0.0017349124,0.017434359,-0.0058585405
2022-03-24,CRM,-0.022729397,0.01299727,-0.028634012
2022-03-24,CSCO,0.0024143457,0.013862729,-0.016035438
2022-03-24,IBM,-0.019282997,0.025798202,-0.00083297491
2022-03-24,INTC,0.01668632,0.021687508,-0.0010607839
2022-03-24,MSFT,-0.012849033,0.0089579821,-0.028448522
2022-03-24,NKE,-0.003487885,0.021230578,-0.007479012
2022-03-24,VZ,-0.0097466111,0.0016297102,-0.0076272488
2022-03-24,WMT,0.00034427643,0.0028245449,-0.0092775226
2022-03-25,AAPL,0.011462688,0.0036915541,-0.00691998
2022-03-25,AMGN,0.008476615,0.0037784576,-0.0064643025
2022-03-25,CRM,-0.0043020248,-0.019514084,-0.036948264
2022-03-25,CSCO,0.022444248,0.013765454,-0.01692766
2022-03-25,IBM,0.020241976,-0.0027118921,-0.011320472
2022-03-25,INTC,-0.003302753,0.0091500282,0.022868991
2022-03-25,MSFT,-0.042973995,0.021003246,-0.021328866
2022-03-25,NKE,0.019452333,0.0078686476,-0.015724957
2022-03-25,VZ,-0.011943281,0.022244215,-0.0010491014
2022-03-25,WMT,0.0046213865,0.0099916458,0.00055253506
2022-03-28,AAPL,-0.030876696,0.016237617,-0.012358963
2022-03-28,AMGN,-0.016674221,0.031267643,-0.009123683
2022-03-28,CRM,0.071800947,0.025728464,-0.0058312416
2022-03-28,CSCO,0.037004709,-0.00099933147,-0.019581497
2022-03-28,IBM,-0.0016538501,0.0091180801,-0.021752715
2022-03-28,INTC,-0.031577468,0.015965819,-0.0040180087
2022-03-28,MSFT,0.03504777,0.011221766,-0.0072398782
2022-03-28,NKE,-0.0042057037,0.0082581043,-0.024191976
2022-03-28,VZ,-0.028878033,0.01073873,0.0050885677
2022-03-28,WMT,0.0039067268,0.0091114044,-0.011556387
2022-03-29,AAPL,0.010507345,0.007660985,-0.042071402
2022-03-29,AMGN,-0.0026571751,0.002816081,-0.013875604
2022-03-29,CRM,-0.017622888,0.0023732185,-0.030332506
2022-03-29,CSCO,-0.025792778,0.0081002712,0.019133687
2022-03-29,IBM,-0.026774466,-0.0016772747,-0.012293816
2022-03-29,INTC,-0.013922155,0.016775608,0.0013617277
2022-03-29,MSFT,-0.021512926,0.00081765652,-0.024169624
2022-03-29,NKE,-0.0010875463,0.026362538,0.007794261
2022-03-29,VZ,-0.0096852779,0.0039430857,-0.018901646
2022-03-29,WMT,0.0031530857,0.0064477921,-0.010725439
2022-03-30,AAPL,0.026696086,0.0032849312,-0.049343646
2022-03-30,AMGN,-0.010824382,0.011520743,-0.013351202
2022-03-30,CRM,-0.047815561,0.010540128,-0.017344296
2022-03-30,CSCO,-0.001938343,0.021489263,-0.021113932
2022-03-30,IBM,-0.0042315125,0.015937567,-0.0088217854
2022-03-30,INTC,-0.009062171,0.01018095,-0.012255609
2022-03-30,MSFT,0.0068700314,0.0070096254,-0.013945878
2022-03-30,NKE,-0.0088809133,0.014185905,-0.016798973
2022-03-30,VZ,-0.012162566,0.018049836,-0.013766468
2022-03-30,WMT,-0.012846947,0.016316295,-0.020017564
2022-03-31,AAPL,0.0054395199,0.015364885,-0.015728593
2022-03-31,AMGN,-0.0054368973,0.015435219,-0.018622458
2022-03-31,CRM,-0.002953887,0.022523284,-0.0050464272
2022-03-31,CSCO,-0.019842923,0.0029249191,-0.0015640259
2022-03-31,IBM,0.012966514,0.016162872,-0.017978787
2022-03-31,INTC,-0.0099980831,0.027894378,-0.019751549
2022-03-31,MSFT,-0.014092922,0.016068459,-0.013597488
2022-03-31,NKE,0.00042772293,0.024469495,-0.019467056
2022-03-31,VZ,0.0040631294,0.018366694,-0.011391103
2022-03-31,WMT,-0.0071643591,0.018632174,-0.0096257925
2022-04-01,AAPL,-0.0064792037,0.016029835,-0.0094289184
2022-04-01,AMGN,-0.028510273,0.0029963255,-0.011229932
2022-04-01,CRM,-0.00089538097,0.0052053928,-0.017379284
2022-04-01,CSCO,0.0070978403,0.0040566921,-0.0033000708
2022-04-01,IBM,-0.0089789629,0.0082477331,-0.015635669
2022-04-01,INTC,0.0059427023,0.010688663,-0.021409214
2022-04-01,MSFT,0.018297911,-0.0037338138,-0.010408759
2022-04-01,NKE,-0.015880287,0.022361279,-0.007265389
2022-04-01,VZ,-0.00059133768,0.0056504011,-0.017304301
2022-04-01,WMT,0.0056883097,0.01310885,0.0024734735
2022-04-04,AAPL,0.011653304,0.030990005,-0.018971682
2022-04-04,AMGN,-0.019240916,0.019906521,-0.016190946
2022-04-04,CRM,-0.027487755,0.0397439,-0.017828226
2022-04-04,CSCO,-0.012303472,0.01386416,-0.025244653
2022-04-04,IBM,0.0011283159,-0.001150012,-0.015937865
2022-04-04,INTC,-0.011829257,0.019622207,-0.0011919737
2022-04-04,MSFT,-0.026210487,0.0092505217,-0.0012561679
2022-04-04,NKE,-0.0077060461,0.018137693,-0.02097702
2022-04-04,VZ,-0.018353641,0.00013065338,0.0072507858
2022-04-04,WMT,-0.0017645359,0.0070580244,-0.0018053055
2022-04-05,AAPL,-0.019797981,0.0032497644,0.00033605099
2022-04-05,AMGN,-0.0299595,0.01730442,-0.035391688
2022-04-05,CRM,0.034562588,-0.0056310296,-0.0570364
2022-04-05,CSCO,-0.014931858,-0.006002605,-0.0090918541
2022-04-05,IBM,-0.0013510585,0.026650071,-0.0054066777
2022-04-05,INTC,0.0023339987,0.0022906065,-0.018754423
2022-04-05,MSFT,0.017346859,0.016855717,1.5735626e-05
2022-04-05,NKE,-0.030112267,0.014128447,-0.00043833256
2022-04-05,VZ,-0.0044490695,-0.0048092604,-0.011052847
2022-04-05,WMT,-0.0041648149,0.016969323,-0.0010976791
2022-04-06,AAPL,0.023224831,0.013511181,-0.013363183
2022-04-06,AMGN,0.015806913,0.011867523,-0.0041963458
2022-04-06,CRM,-0.044561684,0.034469962,-0.010277748
2022-04-06,CSCO,-0.025272608,0.020114064,-0.021271408
2022-04-06,IBM,-0.01126045,0.0090763569,-0.0042369962
2022-04-06,INTC,-0.017769277,0.0031960011,-0.011504591
2022-04-06,MSFT,0.0026489496,-0.0013223886,-0.021094978
2022-04-06,NKE,-0.014304936,0.013549566,-0.0002129674
2022-04-06,VZ,0.0050475597,0.0138551,9.0241432e-05
2022-04-06,WMT,-0.0025807619,-0.007137835,-0.013993323
2022-04-07,AAPL,-0.032430232,0.0018837452,-0.022198081
2022-04-07,AMGN,0.019719243,0.017383695,-0.012477636
2022-04-07,CRM,-0.023421109,0.013415098,0.00069248676
2022-04-07,CSCO,0.026326418,0.0010806322,-0.012213707
2022-04-07,IBM,0.023836493,0.0045853853,-0.0019215345
2022-04-07,INTC,-0.0099946856,0.0091098547,-0.0034766793
2022-04-07,MSFT,-0.010127068,-0.015261769,-0.00058323145
2022-04-07,NKE,-0.0052418709,0.033400774,-0.0018427968
2022-04-07,VZ,-0.0032677054,0.0078992844,-0.00037115812
2022-04-07,WMT,0.0017825365,-0.0071687698,-0.019732714
2022-04-08,AAPL,-0.021517098,-0.0030536652,0.0045515299
2022-04-08,AMGN,-0.03221935,0.0045551062,-0.013902128
2022-04-08,CRM,-0.020276964,0.021644115,-0.0070849657
2022-04-08,CSCO,-0.0020490289,0.010855913,-0.0049535632
2022-04-08,IBM,0.0071721077,0.0083140135,0.0076287985
2022-04-08,INTC,0.036289215,0.025716066,-0.014870405
2022-04-08,MSFT,0.017155409,0.0047434568,0.0071105957
2022-04-08,NKE,-0.0052708387,0.014821649,0.007699728
2022-04-08,VZ,-0.012782931,-6.4432621e-05,-0.014673471
2022-04-08,WMT,-0.0037845373,-0.0035213828,-0.018571198
2022-04-11,AAPL,0.036438823,0.010232329,0.0033657551
2022-04-11,AMGN,0.0082294941,-0.013861239,-0.0060934424
2022-04-11,CRM,-0.018788934,0.045871258,-0.015936017
2022-04-11,CSCO,0.030574083,0.010664821,-0.026709676
2022-04-11,IBM,-0.0073414445,0.013309717,-0.0089770555
2022-04-11,INTC,-0.0048031211,0.024697542,-0.01228863
2022-04-11,MSFT,0.0097630024,0.035242438,-0.011164606
2022-04-11,NKE,0.020908117,0.02668643,-0.011021793
2022-04-11,VZ,0.0037078857,0.00096154213,-0.012283623
2022-04-11,WMT,-0.010566771,0.0034695864,-0.0046932697
2022-04-12,AAPL,0.02285409,0.033329368,0.0047585964
2022-04-12,AMGN,-0.03840071,0.017298341,-0.0059464574
2022-04-12,CRM,0.009999156,0.020882368,-0.025809228
2022-04-12,CSCO,-0.024196506,-0.012241662,-0.027707934
2022-04-12,IBM,-0.012550414,0.014318228,-0.018412232
2022-04-12,INTC,-0.014500856,0.014463067,-0.013965309
2022-04-12,MSFT,0.0010210276,0.0064309835,-0.018318117
2022-04-12,NKE,0.023319483,0.010136485,0.010306001
2022-04-12,VZ,-0.0048114061,0.0037027597,0.0038223267
2022-04-12,WMT,0.0059691668,0.015247941,-0.010045052
2022-04-13,AAPL,-0.012622356,0.010265231,-0.0088376403
2022-04-13,AMGN,-0.024736881,0.012024522,-0.022250175
2022-04-13,CRM,0.042967796,0.02694428,0.0039428473
2022-04-13,CSCO,0.021052241,0.0035401583,-0.025167942
2022-04-13,IBM,-0.016738176,0.0016949177,-0.011675179
2022-04-13,INTC,0.031699538,-0.0033092499,-0.00046277046
2022-04-13,MSFT,0.020057559,0.020164132,-0.017139912
2022-04-13,NKE,0.013619184,0.015165925,-0.011810243
2022-04-13,VZ,-0.030250907,0.009667635,-0.010922253
2022-04-13,WMT,-0.010949314,0.0038968325,0.0045491457
2022-04-14,AAPL,-0.0051569343,0.0055398941,-0.0089107752
2022-04-14,AMGN,-0.0054103136,0.035027623,-0.0039563179
2022-04-14,CRM,-0.035559893,-0.0033943057,0.0085200071
2022-04-14,CSCO,-0.017337143,-0.0062363148,-0.022182822
2022-04-14,IBM,0.038356066,0.020138383,-0.0036152601
2022-04-14,INTC,0.00413692,0.0062301159,-0.0058997869
2022-04-14,MSFT,-0.040010095,0.0080038309,-0.004214108
2022-04-14,NKE,0.018492937,0.02310884,-0.012221277
2022-04-14,VZ,-0.010534048,0.00091350079,-0.0087557435
2022-04-14,WMT,-0.0065447092,0.0081263781,-0.0064168572
2022-04-18,AAPL,-0.015188515,0.015848279,-0.011582494
2022-04-18,AMGN,-0.014057517,0.021689415,-0.0090096593
2022-04-18,CRM,-0.0043275952,0.012991071,-0.040872753
2022-04-18,CSCO,0.0082087517,-0.0080687404,-0.0030996203
2022-04-18,IBM,-0.0038281083,-0.0032952428,-0.027407348
2022-04-18,INTC,0.0049318075,0.018985748,-0.027415276
2022-04-18,MSFT,-0.0063124895,-0.0074020028,-0.0086675286
2022-04-18,NKE,-0.017708123,0.013750315,0.0069122314
2022-04-18,VZ,-0.010237753,0.016052961,-0.0024946332
2022-04-18,WMT,-0.002496779,0.0061104298,-0.012586057
2022-04-19,AAPL,0.015508294,0.0034236908,-0.011387706
2022-04-19,AMGN,-0.0067590475,0.021506906,-0.015817761
2022-04-19,CRM,0.0086166859,0.028115869,0.0094968081
2022-04-19,CSCO,-0.01027143,0.036143541,-0.006385386
2022-04-19,IBM,0.016076922,0.022839189,-0.0089956522
2022-04-19,INTC,-0.0075978637,0.029064178,0.0043927431
2022-04-19,MSFT,0.0047941208,0.0078927279,-0.0085280538
2022-04-19,NKE,0.020521402,0.0035347939,-0.011420548
2022-04-19,VZ,0.0030554533,0.0014888048,-0.011694789
2022-04-19,WMT,-0.0015265942,0.0109483,-0.0097878575
2022-04-20,AAPL,0.0067628622,-0.0023850799,-0.00017130375
2022-04-20,AMGN,0.045151591,0.022458792,-0.0057607889
2022-04-20,CRM,0.014450669,0.023689985,-0.02970767
2022-04-20,CSCO,0.010924459,0.026273727,0.0095099211
2022-04-20,IBM,-0.0162009,-0.0016085505,-0.013251424
2022-04-20,INTC,0.010932207,0.0057944059,0.0045565367
2022-04-20,MSFT,-0.032597125,0.042288899,0.011833549
2022-04-20,NKE,0.0076578856,0.010606766,-0.019830465
2022-04-20,VZ,-0.0087801218,0.017889738,0.00092351437
2022-04-20,WMT,0.026652336,0.017703176,0.0024847984
2022-04-21,AAPL,0.0083186626,0.021430135,-0.0093889832
2022-04-21,AMGN,-0.010557294,0.0097175837,-0.0211097
2022-04-21,CRM,-0.015460074,-0.00093662739,-0.026026785
2022-04-21,CSCO,-0.021966398,0.0017315149,-0.013322592
2022-04-21,IBM,-0.012482345,0.015078425,-0.013977349
2022-04-21,INTC,0.013360023,0.023466229,-0.0068841577
2022-04-21,MSFT,-0.024371088,0.026861787,-0.0071351528
2022-04-21,NKE,-0.0088110566,0.017654896,-0.0059215426
2022-04-21,VZ,-0.0067635179,0.010888934,-0.01517421
2022-04-21,WMT,-0.0041955113,0.0091564655,-0.015323639
2022-04-22,AAPL,0.011134028,0.016998529,-0.015364408
2022-04-22,AMGN,0.013311386,-0.0012497902,-0.0042559505
2022-04-22,CRM,0.023833513,0.041048765,0.0034780502
2022-04-22,CSCO,-0.019654155,0.019796014,-0.01979059
2022-04-22,IBM,0.027421355,0.013400078,0.00012016296
2022-04-22,INTC,-0.0070078373,0.0039873123,-0.030342877
2022-04-22,MSFT,0.037849903,0.0095475912,-0.0023850203
2022-04-22,NKE,-0.017106593,0.0037754774,-0.015102029
2022-04-22,VZ,-0.0096982121,0.0031026602,-0.01939702
2022-04-22,WMT,0.0012407303,0.016757131,-0.011981785
2022-04-25,AAPL,0.027654767,0.0035020113,0.00020194054
2022-04-25,AMGN,-0.0048401356,0.021860242,-0.0018414855
2022-04-25,CRM,-0.010353804,0.022883654,0.0059802532
2022-04-25,CSCO,-0.032241404,-0.00072771311,-0.030805945
2022-04-25,IBM,-0.0018649697,0.0092135668,-0.018443823
2022-04-25,INTC,-0.024969578,0.014874578,-0.018244267
2022-04-25,MSFT,0.017110705,0.01781857,-0.013693452
2022-04-25,NKE,0.0037311316,-0.0053806901,-0.003952682
2022-04-25,VZ,-0.0045713186,0.0050669909,-0.0059167743
2022-04-25,WMT,-0.010407984,0.022953033,-0.00071388483
2022-04-26,AAPL,-0.0064929724,0.01174593,0.0093756914
2022-04-26,AMGN,-0.016192615,0.027462721,0.0062792301
2022-04-26,CRM,0.02417469,0.039366722,-0.015220582
2022-04-26,CSCO,-0.0058304667,0.016183853,-0.019125044
2022-04-26,IBM,-0.0063755512,0.021859646,-0.014611959
2022-04-26,INTC,-0.010439992,0.0092307329,0.0028829575
2022-04-26,MSFT,0.038706541,0.012120008,0.0016099215
2022-04-26,NKE,0.02451539,0.0020157099,-0.020140469
2022-04-26,VZ,9.6082687e-05,0.018499494,-0.017724991
2022-04-26,WMT,-0.0040076971,0.014603257,-0.017443478
2022-04-27,AAPL,-0.022364795,0.031595469,-0.01334995
2022-04-27,AMGN,-0.0048207045,0.016638041,-0.01535517
2022-04-27,CRM,0.0091167688,0.022076607,-0.031365752
2022-04-27,CSCO,-0.018033803,0.01369822,-0.02374959
2022-04-27,IBM,-0.012208402,0.013074517,-0.0052441955
2022-04-27,INTC,0.0067600012,0.0016571283,-0.031698942
2022-04-27,MSFT,0.013347387,0.012830853,-0.013414323
2022-04-27,NKE,-0.0022025108,0.018639445,0.0044864416
2022-04-27,VZ,-0.023254097,0.00018465519,-0.0035066009
2022-04-27,WMT,-0.013780594,0.0027960539,-0.0045268536
2022-04-28,AAPL,0.0076476336,0.026972771,-0.0012609959
2022-04-28,AMGN,-0.01389116,-0.0053713918,-0.022222221
2022-04-28,CRM,-0.0013359785,0.036313534,-0.0080990195
2022-04-28,CSCO,-0.00060296059,-0.0066468716,-0.0004298687
2022-04-28,IBM,-0.014045775,0.0018516779,-0.0034984946
2022-04-28,INTC,0.014490843,0.013316989,-0.0033467412
2022-04-28,MSFT,0.0048997402,0.0041232109,0.0071959496
2022-04-28,NKE,-0.01906997,0.022395015,-0.021261632
2022-04-28,VZ,-0.0070088506,0.01042974,-0.013464808
2022-04-28,WMT,-0.025555789,0.01343596,-0.0088084936
2022-04-29,AAPL,-0.0079801679,0.01486671,-0.024834454
2022-04-29,AMGN,-0.0049116015,-0.0034427047,-0.018448293
2022-04-29,CRM,0.0022224188,0.0042412281,-0.046520531
2022-04-29,CSCO,-0.037599683,0.035720944,-0.010166526
2022-04-29,IBM,0.013301253,0.0096523762,0.0063621998
2022-04-29,INTC,-0.0033879876,-0.0007379055,-0.017371118
2022-04-29,MSFT,-0.0047519207,0.0016554594,-0.027969539
2022-04-29,NKE,-0.015790641,0.019539356,-0.01809293
2022-04-29,VZ,-0.011544287,0.011980653,-0.01344049
2022-04-29,WMT,-0.034118056,0.0065848827,-0.0091981292
2022-05-02,AAPL,-0.0015027523,0.020811439,-0.018424809
2022-05-02,AMGN,-0.01755631,0.0096497536,-0.015978456
2022-05-02,CRM,0.029201388,0.00097596645,-0.02521503
2022-05-02,CSCO,-0.0057272315,0.0055434704,-0.023842037
2022-05-02,IBM,-0.014586627,0.0079532862,-0.0090836287
2022-05-02,INTC,0.0043756962,0.01724422,-0.029300213
2022-05-02,MSFT,-0.011890769,0.015458226,-0.0036013126
2022-05-02,NKE,-0.00061732531,0.0081695318,-0.0086116791
2022-05-02,VZ,0.0021378994,0.01168108,-0.020809054
2022-05-02,WMT,-0.015553236,0.010637045,-0.012801766
2022-05-03,AAPL,-0.0088425875,0.0010848045,0.0048960447
2022-05-03,AMGN,-0.013301015,0.015269399,-0.021094978
2022-05-03,CRM,-0.027223289,0.046079874,-0.028169453
2022-05-03,CSCO,0.033841848,0.013365269,-0.0037150383
2022-05-03,IBM,-0.0076785684,-0.0037692785,-0.015964329
2022-05-03,INTC,-0.0018094182,0.013821006,-0.029469132
2022-05-03,MSFT,-0.005253911,0.0073419809,0.011984706
2022-05-03,NKE,-0.00012952089,0.015850782,-0.018214464
2022-05-03,VZ,-0.02784878,0.0061961412,-0.014639199
2022-05-03,WMT,-0.0060474873,0.020398974,-0.005309701
2022-05-04,AAPL,0.0035916567,-0.0075566769,-0.019171536
2022-05-04,AMGN,-0.0044977069,0.017349362,-0.016734481
2022-05-04,CRM,-0.042719662,0.0080523491,0.037136674
2022-05-04,CSCO,-0.016706288,0.028978944,-0.013144255
2022-05-04,IBM,-0.0003375411,0.0083243847,-0.023438096
2022-05-04,INTC,-0.0067480206,0.022022963,-0.0065800548
2022-05-04,MSFT,-0.00059127808,0.017046452,0.0031565428
2022-05-04,NKE,-0.023101211,0.02628088,-0.00035458803
2022-05-04,VZ,-0.010823011,-0.0055006146,-0.0094350576
2022-05-04,WMT,0.021858096,0.0140692,-0.0002078414
2022-05-05,AAPL,-0.021315336,-0.013049066,-0.018635392
2022-05-05,AMGN,0.014525533,0.010791183,0.0041979551
2022-05-05,CRM,-0.0007648468,0.024137974,-0.0036222339
2022-05-05,CSCO,-0.0088889599,0.024329066,-0.020713687
2022-05-05,IBM,-0.011881351,0.015689611,-0.0042645335
2022-05-05,INTC,0.029279828,0.013670802,-0.025989652
2022-05-05,MSFT,0.012941241,0.017243505,-0.01454705
2022-05-05,NKE,0.0097742081,0.022908688,-0.018731773
2022-05-05,VZ,-0.028489232,0.0050463676,-0.0079582334
2022-05-05,WMT,-0.010749817,0.0099707842,0.0037149191
2022-05-06,AAPL,0.00021898746,0.011757374,0.0068503618
2022-05-06,AMGN,0.038882256,0.02116847,-0.0022808313
2022-05-06,CRM,0.012696624,0.050449729,-0.029610515
2022-05-06,CSCO,-0.02963382,-0.00066381693,-0.0055647492
2022-05-06,IBM,0.0063859224,0.00062155724,0.00041043758
2022-05-06,INTC,0.0029941797,0.015179396,0.016511679
2022-05-06,MSFT,-0.0036164522,0.02305913,-0.017612994
2022-05-06,NKE,-0.021723866,0.03969872,0.017414093
2022-05-06,VZ,-0.0073274374,0.01536262,-0.0042992234
2022-05-06,WMT,0.0036438704,0.0067039728,-0.0080474019
2022-05-09,AAPL,-0.04459548,0.0073748827,-0.00359869
2022-05-09,AMGN,0.013768315,0.014263272,-0.0038924813
2022-05-09,CRM,0.0081670284,0.0060297251,-0.028608859
2022-05-09,CSCO,-0.027919769,0.0081740618,-0.024989367
2022-05-09,IBM,-0.0035957694,0.017889738,-0.0027058125
2022-05-09,INTC,-0.024656236,0.022676706,-0.014210761
2022-05-09,MSFT,0.026336908,0.0022976398,-0.0068647265
2022-05-09,NKE,-0.023600221,0.029085159,-0.03104651
2022-05-09,VZ,-0.017796934,0.008055687,-0.018904448
2022-05-09,WMT,-0.0060681701,0.0097227097,-0.0051220059
2022-05-10,AAPL,0.027291894,0.012447476,-0.01027602
2022-05-10,AMGN,-0.0029747486,0.017627358,0.0061961412
2022-05-10,CRM,-0.040907919,-0.0029991865,-0.019691527
2022-05-10,CSCO,0.0062863827,0.0050137043,-0.0082589984
2022-05-10,IBM,-0.0082899928,0.01079011,0.0012937784
2022-05-10,INTC,-0.01197356,0.011101007,0.0095371008
2022-05-10,MSFT,-0.0057129264,0.0066617727,-0.017715693
2022-05-10,NKE,-0.050414503,0.017694473,-0.012599111
2022-05-10,VZ,0.013878942,-1.6093254e-06,0.0049893856
2022-05-10,WMT,-0.015449166,0.010364652,-0.013394415
2022-05-11,AAPL,-0.0035865307,0.01477766,-0.020964801
2022-05-11,AMGN,0.024403811,0.029632807,-0.020092428
2022-05-11,CRM,0.031085849,0.022839785,-0.0024521947
2022-05-11,CSCO,0.0032683611,0.037562728,-0.026946664
2022-05-11,IBM,0.024165988,0.0052076578,-0.0088431835
2022-05-11,INTC,-0.030498981,0.014694095,0.0037417412
2022-05-11,MSFT,0.009504199,0.035784721,0.0092206001
2022-05-11,NKE,-0.032864273,0.0048903227,-0.00094276667
2022-05-11,VZ,-0.0036687851,0.0010284185,-0.014989913
2022-05-11,WMT,0.011654854,-0.0032414794,-0.0038267374
2022-05-12,AAPL,-0.017012537,0.0016832352,-0.0021309257
2022-05-12,AMGN,-0.024221957,0.011392355,-0.0020623803
2022-05-12,CRM,-0.018707216,0.03343153,-0.011955023
2022-05-12,CSCO,-0.011984646,0.0038708448,-0.0035831332
2022-05-12,IBM,0.01617229,0.023451328,-0.0043879151
2022-05-12,INTC,-0.038210869,0.0019189119,-0.0082802176
2022-05-12,MSFT,-0.0094920397,0.010572791,-0.01281172
2022-05-12,NKE,-0.0042834282,0.013512135,-0.017786443
2022-05-12,VZ,-0.0046483278,-0.001090765,-0.0068099499
2022-05-12,WMT,0.0018265247,0.017193913,0.0038657188
2022-05-13,AAPL,-0.013878286,0.014415264,-0.0092076063
2022-05-13,AMGN,0.0087752342,0.015554905,-0.0016680956
2022-05-13,CRM,-0.018540978,0.015624285,-0.0056841373
2022-05-13,CSCO,0.01817584,0.019352436,-0.013289809
2022-05-13,IBM,0.001393795,0.0085530281,-0.0039484501
2022-05-13,INTC,0.013240457,0.018658638,-0.004809618
2022-05-13,MSFT,-0.045110047,0.002630949,0.0087512732
2022-05-13,NKE,-0.029341877,0.021226525,0.0027711391
2022-05-13,VZ,0.013971806,0.024069667,-0.0058226585
2022-05-13,WMT,0.0022801161,0.01043582,-0.0031384826
2022-05-16,AAPL,0.005838871,0.019249439,-0.002746284
2022-05-16,AMGN,-0.020999432,0.0025068521,0.0025788546
2022-05-16,CRM,-0.02980423,0.041272044,-0.017931879
2022-05-16,CSCO,0.010354877,0.0007160902,0.00082552433
2022-05-16,IBM,0.020823359,0.020074368,-0.0069859624
2022-05-16,INTC,-0.0054140687,0.0072984695,-0.010313451
2022-05-16,MSFT,0.012029767,-0.0014067292,-0.0083791614
2022-05-16,NKE,-0.026837528,0.013473868,-0.014760554
2022-05-16,VZ,0.0034477711,0.017123342,-0.0071178079
2022-05-16,WMT,0.008867383,-0.00087338686,-0.0011820793
2022-05-17,AAPL,-0.0018906593,0.0098603964,-0.024335921
2022-05-17,AMGN,0.0033876896,0.014732838,-0.012241066
2022-05-17,CRM,-0.028624296,-0.00082373619,0.00011742115
2022-05-17,CSCO,-0.036868691,0.016198039,0.0033296347
2022-05-17,IBM,-0.006970048,0.028877258,-0.00094670057
2022-05-17,INTC,0.037111998,0.0029194355,0.0027827024
2022-05-17,MSFT,0.0098444223,0.023368359,-0.0065801144
2022-05-17,NKE,-0.0076913834,0.0089421272,-0.01559633
2022-05-17,VZ,-0.0025323629,0.0038682222,-0.019792497
2022-05-17,WMT,0.013099551,0.0073587894,0.0093781948
2022-05-18,AAPL,-0.010493338,-0.0050330758,-0.027204871
2022-05-18,AMGN,-1.8179417e-05,0.013373852,-0.022359252
2022-05-18,CRM,-0.037640095,0.015866041,-0.038574874
2022-05-18,CSCO,-0.035893142,0.023817301,-0.01652348
2022-05-18,IBM,-0.01820147,0.0087617636,-0.018933356
2022-05-18,INTC,0.049485922,0.031265497,0.0041376352
2022-05-18,MSFT,0.012258291,0.023316979,-0.013646066
2022-05-18,NKE,-0.024201274,0.030299902,-0.007735312
2022-05-18,VZ,-0.01113683,-0.0075101256,-0.012701094
2022-05-18,WMT,-0.00065219402,0.0047223568,0.0039613247
2022-05-19,AAPL,0.012197495,0.01208353,-0.016574502
2022-05-19,AMGN,-0.038721263,0.02446866,-0.017238736
2022-05-19,CRM,0.015905857,0.052033782,0.017314434
2022-05-19,CSCO,-0.0050128102,0.024806857,-0.0089748502
2022-05-19,IBM,-0.0016527176,0.015457749,-0.01232034
2022-05-19,INTC,0.030528903,0.023357987,0.0027896166
2022-05-19,MSFT,-0.00055223703,-0.0046786666,-0.014111578
2022-05-19,NKE,-0.014502764,0.022469282,-0.020938516
2022-05-19,VZ,-0.012991667,0.0010089874,-0.015210509
2022-05-19,WMT,0.016637802,0.010287404,-0.013572693
2022-05-20,AAPL,-0.00048899651,0.013194561,-0.028646529
2022-05-20,AMGN,-0.0001270771,0.016401649,-0.027858853
2022-05-20,CRM,0.012403727,-0.013612032,-0.013968349
2022-05-20,CSCO,-0.00053578615,0.041346908,-0.015351832
2022-05-20,IBM,0.0045418739,0.0056260824,0.0018914938
2022-05-20,INTC,-0.0041949153,0.020469546,0.001760006
2022-05-20,MSFT,-3.0994415e-06,0.0069717169,-0.0060433745
2022-05-20,NKE,0.017487884,0.0059695244,0.012452483
2022-05-20,VZ,0.010936022,0.006078124,-0.010425448
2022-05-20,WMT,-0.01407063,0.01265645,-0.020820975
2022-05-23,AAPL,-0.024756193,0.0029889345,-0.0097169876
2022-05-23,AMGN,-0.020712733,0.007823348,-0.0094767809
2022-05-23,CRM,-0.0017510056,0.015101552,-0.029738784
2022-05-23,CSCO,0.0012264252,0.027713537,-0.025554538
2022-05-23,IBM,-0.003498733,0.022845984,0.00021481514
2022-05-23,INTC,0.0082690716,0.0077278614,-0.015274823
2022-05-23,MSFT,0.00089907646,0.0034395456,-0.011208594
2022-05-23,NKE,0.015998483,-0.00095158815,-0.0064253211
2022-05-23,VZ,-0.0045955181,0.00019264221,-0.0037103295
2022-05-23,WMT,-0.014589727,0.0036257505,-0.0071725845
2022-05-24,AAPL,0.039736152,0.024582624,-0.0049151778
2022-05-24,AMGN,-0.005330205,0.027088523,-0.016896486
2022-05-24,CRM,-0.00019139051,-0.00210917,-0.027885973
2022-05-24,CSCO,-0.0020732284,0.013624907,0.016200185
2022-05-24,IBM,0.011155367,0.011318326,0.0053473711
2022-05-24,INTC,0.0002001524,0.0042433739,-0.0058261752
2022-05-24,MSFT,-0.019481778,0.0089986324,-0.01633966
2022-05-24,NKE,0.0060044527,0.021649837,-0.0076683164
2022-05-24,VZ,0.00020039082,0.014380336,-0.018028557
2022-05-24,WMT,-0.0041627288,7.4386597e-05,0.00053095818
2022-05-25,AAPL,-0.020473897,-0.0040864944,-0.0020137429
2022-05-25,AMGN,-0.014002204,0.010455251,-0.0074017644
2022-05-25,CRM,-0.012254298,0.026495695,-0.015126705
2022-05-25,CSCO,-0.013487518,0.016152024,-0.0098283291
2022-05-25,IBM,0.0036560297,0.012721896,-0.012004614
2022-05-25,INTC,-0.027476013,0.0061479807,-0.013600528
2022-05-25,MSFT,-0.007748425,-0.0024008751,-0.0027506351
2022-05-25,NKE,-0.010296762,0.033937693,0.0091263056
2022-05-25,VZ,0.013358235,0.0030187368,0.00061249733
2022-05-25,WMT,0.0012013912,-0.0030370951,-0.0079461932
2022-05-26,AAPL,0.0042972565,0.00071167946,-0.0044572353
2022-05-26,AMGN,0.018463016,0.0012372732,-0.0014774799
2022-05-26,CRM,-0.0074760318,0.0017119646,-0.024776042
2022-05-26,CSCO,-0.0031123161,-0.00061219931,0.013798952
2022-05-26,IBM,0.0075367689,0.0043941736,0.0073217154
2022-05-26,INTC,-0.026373744,0.011543632,-0.0072519779
2022-05-26,MSFT,-0.0051064491,0.0025393963,-0.0062574148
2022-05-26,NKE,-0.0060570836,0.0024263859,-0.017020166
2022-05-26,VZ,-0.0074059963,0.023132682,-0.011544287
2022-05-26,WMT,0.0099925995,0.015855432,-0.00079369545
2022-05-27,AAPL,-0.011061132,0.020026326,-0.035224855
2022-05-27,AMGN,0.0041356087,0.0060123205,-0.017558992
2022-05-27,CRM,0.0091518164,0.036424518,-0.0068327785
2022-05-27,CSCO,-0.0095829368,0.00073969364,-0.0082517266
2022-05-27,IBM,-0.013037384,0.036652446,-0.016008079
2022-05-27,INTC,-0.029202819,0.021586537,-0.01966095
2022-05-27,MSFT,0.011397243,0.011521816,-0.016078174
2022-05-27,NKE,-0.016088903,0.0087635517,-0.015838683
2022-05-27,VZ,0.010712385,0.025156617,-0.0092541575
2022-05-27,WMT,0.02138567,0.0037004948,0.014125586
2022-05-31,AAPL,-0.033522725,0.026945829,-0.016221941
2022-05-31,AMGN,-0.047019422,0.0095663071,0.0069357157
2022-05-31,CRM,-0.037743747,0.058960795,-0.036444187
2022-05-31,CSCO,-0.0055474639,-0.00067520142,-0.0093188882
2022-05-31,IBM,-0.027526081,0.014545083,-0.0059767365
2022-05-31,INTC,-0.020408332,0.0049401522,-0.03235817
2022-05-31,MSFT,0.0032986403,0.0098106861,-0.010183752
2022-05-31,NKE,0.0053037405,0.021466374,-0.030525804
2022-05-31,VZ,0.0072535276,0.0078248978,-0.0075044632
2022-05-31,WMT,-0.0058298707,0.008746624,-0.018224537
2022-06-01,AAPL,-0.00030648708,0.035842538,0.028835177
2022-06-01,AMGN,-0.014018178,0.032328248,0.0035243034
2022-06-01,CRM,0.010341763,-0.010826647,-0.00068318844
2022-06-01,CSCO,-0.034604192,0.023173928,-0.024035573
2022-06-01,IBM,-0.004183352,0.024027467,-0.01316756
2022-06-01,INTC,-0.0011906028,0.00245893,0.02686429
2022-06-01,MSFT,-0.030276358,0.017918587,0.0024322271
2022-06-01,NKE,-0.053483903,0.016361833,-0.0098072886
2022-06-01,VZ,-0.0086718202,0.026100278,-0.020606279
2022-06-01,WMT,0.007912755,0.012558103,-0.010065019
2022-06-02,AAPL,-0.043143511,-0.0016304255,-0.019514084
2022-06-02,AMGN,0.0044044256,0.0099538565,-0.012671053
2022-06-02,CRM,-0.035886407,0.032518864,0.0084979534
2022-06-02,CSCO,-0.0017209649,0.018348694,-0.02081883
2022-06-02,IBM,-0.0029082894,0.010819197,-0.0086860061
2022-06-02,INTC,0.0012097359,-0.0074303746,-2.0503998e-05
2022-06-02,MSFT,-0.020987093,-0.001649797,-0.0099827051
2022-06-02,NKE,-0.012094498,0.035625458,-0.016544163
2022-06-02,VZ,-0.014643073,0.011199594,-0.0081318021
2022-06-02,WMT,-0.0037928224,0.0035835505,-0.004745245
2022-06-03,AAPL,-0.0070641041,0.019974232,-0.0077157021
2022-06-03,AMGN,-0.00045901537,0.00028383732,-0.015358627
2022-06-03,CRM,-0.01709795,0.023451567,-0.0030573606
2022-06-03,CSCO,0.0061970949,0.014495373,0.001388073
2022-06-03,IBM,-0.0021495223,0.010700345,-0.010794878
2022-06-03,INTC,0.00037479401,0.0062994957,-0.0062408447
2022-06-03,MSFT,-0.0020123124,0.013350129,-0.0027285218
2022-06-03,NKE,-0.039629877,0.023374319,-0.015094638
2022-06-03,VZ,-0.0055716038,0.012917638,-0.034526706
2022-06-03,WMT,-0.0059041381,-0.0029979944,-0.011235595
2022-06-06,AAPL,-0.020993233,0.0096501112,-0.0094217062
2022-06-06,AMGN,0.033082008,0.012723088,-0.025811851
2022-06-06,CRM,-0.039966345,0.020990133,-0.023410022
2022-06-06,CSCO,-0.0027829409,0.010484099,-0.022269011
2022-06-06,IBM,0.014038324,0.0084414482,0.0023893118
2022-06-06,INTC,-0.008053422,0.022658706,0.0058689117
2022-06-06,MSFT,-0.0078229308,0.012284398,0.0050789118
2022-06-06,NKE,-0.0094007254,0.0064191818,-0.0054171681
2022-06-06,VZ,0.00079834461,0.020958185,-0.022513092
2022-06-06,WMT,-0.011178911,0.0039052963,-0.007122159
2022-06-07,AAPL,0.021229506,-0.013840616,-0.0057070851
2022-06-07,AMGN,0.0035960674,0.028819084,-0.0038309097
2022-06-07,CRM,-0.0021756887,0.030402422,-0.020551801
2022-06-07,CSCO,-0.018872976,0.012455344,-0.013379514
2022-06-07,IBM,-0.010097384,0.023742199,-0.014715672
2022-06-07,INTC,0.007837534,0.0082473755,-0.0084111094
2022-06-07,MSFT,-0.016422391,0.012271166,-0.022183716
2022-06-07,NKE,-0.017092586,0.017962098,0.0014255047
2022-06-07,VZ,0.019702673,0.0044840574,0.0020908117
2022-06-07,WMT,0.0080804825,0.00046801567,-0.0091629028
2022-06-08,AAPL,-0.008494556,-0.013477325,-0.021587253
2022-06-08,AMGN,-0.016045809,0.010352015,-0.039568543
2022-06-08,CRM,-0.019586325,0.0047254562,-0.036944568
2022-06-08,CSCO,-0.040197074,0.01571846,0.00074052811
2022-06-08,IBM,0.021998644,0.0088586807,-0.0051236749
2022-06-08,INTC,-0.038775325,0.0093665123,0.001698494
2022-06-08,MSFT,0.03032136,0.023492575,-0.00082737207
2022-06-08,NKE,-0.017934561,0.023389459,0.00021135807
2022-06-08,VZ,-0.025426149,0.012460709,-0.029738247
2022-06-08,WMT,-0.0014550686,0.002137661,-0.0099064112
2022-06-09,AAPL,-0.016659975,0.0091936588,-0.018357456
2022-06-09,AMGN,-0.023839533,-0.007050693,-0.014478981
2022-06-09,CRM,-0.055227816,0.012911558,-0.011470079
2022-06-09,CSCO,0.00056791306,0.013342977,-0.006428957
2022-06-09,IBM,-0.011365891,0.014931679,-0.01076436
2022-06-09,INTC,-0.011335373,0.017023206,-0.0052032471
2022-06-09,MSFT,-0.033392429,0.021105647,0.0015838146
2022-06-09,NKE,0.013575912,0.016754389,-0.0031276345
2022-06-09,VZ,0.013210773,0.0075951815,-0.01334554
2022-06-09,WMT,-0.011547506,0.0090386868,-0.020784438
2022-06-10,AAPL,0.0035156012,0.013420224,-0.018491983
2022-06-10,AMGN,-0.0067119598,0.014804959,-0.017289877
2022-06-10,CRM,0.0048362017,0.030633569,0.024445415
2022-06-10,CSCO,-0.043282688,0.028736472,-0.012322843
2022-06-10,IBM,0.014236689,0.0072743893,-0.012241185
2022-06-10,INTC,-0.026500583,0.011484623,-0.022721529
2022-06-10,MSFT,-0.013739705,0.012452602,-0.010115445
2022-06-10,NKE,0.01744926,0.019771457,0.004378438
2022-06-10,VZ,-0.0027937293,0.021023035,-0.0091667771
2022-06-10,WMT,0.0034985542,0.0034366846,-0.012367487
2022-06-13,AAPL,0.017260313,0.035169601,-0.012625396
2022-06-13,AMGN,-0.0085192323,0.0088932514,0.0030930042
2022-06-13,CRM,0.030263066,-0.0011880994,-0.044521689
2022-06-13,CSCO,-0.025521159,0.008151412,-0.005469501
2022-06-13,IBM,0.005759716,0.021151781,-0.0018312931
2022-06-13,INTC,-0.0045955181,0.0089554787,0.00055599213
2022-06-13,MSFT,0.0083107948,0.0095440149,-0.033197939
2022-06-13,NKE,-0.024630785,0.020412087,-0.017931879
2022-06-13,VZ,-0.0012862682,0.011481524,-0.0050448179
2022-06-13,WMT,-0.01049161,0.0099805593,-0.00024855137
2022-06-14,AAPL,-0.029205263,0.014637113,-0.01265794
2022-06-14,AMGN,-0.020666063,0.016506791,-0.017477155
2022-06-14,CRM,-0.029863715,0.011318445,-0.037925363
2022-06-14,CSCO,-0.017500103,0.024521112,-0.010134399
2022-06-14,IBM,-0.0057346225,0.0033156872,-0.0076226592
2022-06-14,INTC,0.015777946,0.01851964,-0.021404147
2022-06-14,MSFT,-0.013132513,0.0083405972,0.0062788725
2022-06-14,NKE,-0.0063933134,0.028777242,0.006293416
2022-06-14,VZ,-0.018916845,-0.0032511353,-0.014811516
2022-06-14,WMT,-0.021304309,0.0056402683,-0.011727452
2022-06-15,AAPL,0.01335454,-0.0019664764,0.00069892406
2022-06-15,AMGN,-0.021346629,0.0090703964,-0.0096105337
2022-06-15,CRM,-0.05832094,-0.0018738508,-0.02047807
2022-06-15,CSCO,0.016569853,0.01018846,0.0020638704
2022-06-15,IBM,-0.024107337,0.022907019,-0.0033581257
2022-06-15,INTC,-0.012871921,-0.0057657957,-0.01986748
2022-06-15,MSFT,-0.01598525,0.018742561,-0.017368019
2022-06-15,NKE,-0.0032864809,-0.0012102723,-0.010775924
2022-06-15,VZ,-0.0023527145,0.00062727928,-0.008490622
2022-06-15,WMT,0.0038672686,0.01884985,-0.025061071
2022-06-16,AAPL,-0.0032085776,0.0094709396,-0.012946844
2022-06-16,AMGN,0.010586739,0.028937817,-0.019560277
2022-06-16,CRM,-0.021286964,0.027650476,-0.042241573
2022-06-16,CSCO,-0.0003298521,3.0517578e-05,-0.012509108
2022-06-16,IBM,0.0040357113,0.0067554712,-0.018935263
2022-06-16,INTC,-0.011610925,0.012464762,-0.010084271
2022-06-16,MSFT,-0.0010162592,0.0045570135,0.003288269
2022-06-16,NKE,0.0082050562,0.0037863255,-0.027837515
2022-06-16,VZ,-0.011924565,0.0027788877,-0.002619803
2022-06-16,WMT,-0.012338638,0.016100049,-0.0069603324
2022-06-17,AAPL,-0.0099726319,0.025521398,0.0066218376
2022-06-17,AMGN,0.023276925,0.0050492287,-0.0079883337
2022-06-17,CRM,-0.078491271,0.017291427,-0.023364246
2022-06-17,CSCO,-0.018812239,0.0047391653,-0.0063462257
2022-06-17,IBM,-0.005197227,0.0087285042,-0.013555288
2022-06-17,INTC,-0.015934408,-0.0036308765,-0.0053212047
2022-06-17,MSFT,0.00083494186,0.0025382042,-0.022637844
2022-06-17,NKE,-0.014241397,0.014294267,0.0039050579
2022-06-17,VZ,-0.026307285,0.010154247,-0.011633217
2022-06-17,WMT,0.0054961443,0.017871141,0.0080279112
2022-06-21,AAPL,-0.024376273,0.0087094307,-0.015886247
2022-06-21,AMGN,-0.02874434,0.029793382,-0.0077556372
2022-06-21,CRM,-0.010518134,0.03371942,-0.01124239
2022-06-21,CSCO,0.0064973831,0.0031087399,-0.028770208
2022-06-21,IBM,-0.0071588159,0.015459538,-0.0098960996
2022-06-21,INTC,-0.030692339,0.015132904,-0.0049114823
2022-06-21,MSFT,-0.018042684,-0.00051748753,-0.0044507384
2022-06-21,NKE,-0.010566354,0.010570884,-0.027993858
2022-06-21,VZ,0.0027844906,0.014771461,-0.0015186667
2022-06-21,WMT,-0.0032085776,0.0075958967,-0.010080159
2022-06-22,AAPL,-0.011901081,0.030842781,0.0041800737
2022-06-22,AMGN,0.017997384,0.015931368,-0.010682821
2022-06-22,CRM,-0.024897039,0.01656723,-0.0057819486
2022-06-22,CSCO,-0.0070459843,-0.0033710003,-0.0067349076
2022-06-22,IBM,-0.013470173,0.0057710409,-0.0096384883
2022-06-22,INTC,-0.025872409,0.0055706501,-0.0010727644
2022-06-22,MSFT,0.0084949732,0.02820766,-9.2983246e-05
2022-06-22,NKE,0.0091305971,0.014786959,0.011328936
2022-06-22,VZ,0.0073679686,-0.0012992024,-0.010615706
2022-06-22,WMT,-0.015995443,-0.00014609098,-0.0093494654
2022-06-23,AAPL,-0.0095412135,0.022134304,-0.030749738
2022-06-23,AMGN,0.00035643578,-0.0016342402,-0.027142525
2022-06-23,CRM,-0.028577983,0.030249715,-0.02315402
2022-06-23,CSCO,-0.012860537,0.032921672,-0.0033203959
2022-06-23,IBM,0.0044612885,0.021094441,0.00025522709
2022-06-23,INTC,0.0091559887,0.020400047,-0.020018816
2022-06-23,MSFT,-0.0053098798,-0.011001348,-0.010284722
2022-06-23,NKE,5.376339e-05,0.011110067,-0.0069721341
2022-06-23,VZ,-0.016566813,0.004543066,-0.01450789
2022-06-23,WMT,-0.027276158,0.013844013,0.013296366
2022-06-24,AAPL,-0.016567469,0.0057280064,-0.010419726
2022-06-24,AMGN,-0.0043883324,0.020976901,-0.01147145
2022-06-24,CRM,-0.0027664304,0.0097205639,-0.011602342
2022-06-24,CSCO,-0.011632264,0.0059274435,0.0087965727
2022-06-24,IBM,0.0048463345,-0.013722539,-0.022457778
2022-06-24,INTC,0.010583282,0.04021883,-0.006911695
2022-06-24,MSFT,0.005821228,0.022622347,-0.0023229122
2022-06-24,NKE,-0.011801124,0.0039122105,-0.015607595
2022-06-24,VZ,-0.0069497824,-0.0015795827,-0.011011422
2022-06-24,WMT,0.013038874,0.011206388,-0.012282312
2022-06-27,AAPL,-0.029080987,0.0049328804,-0.019137502
2022-06-27,AMGN,0.0049682856,0.0061680079,-0.02361536
2022-06-27,CRM,0.025395393,0.02662015,-0.0079860091
2022-06-27,CSCO,-0.0029444098,0.02205801,-0.015785396
2022-06-27,IBM,0.0017695427,0.0054641962,-0.0055293441
2022-06-27,INTC,-0.016019702,0.0023853779,-0.0065624714
2022-06-27,MSFT,0.012634158,0.012753844,-0.01471442
2022-06-27,NKE,-0.020015776,0.0082740784,-0.01822269
2022-06-27,VZ,-0.016427934,0.014704704,-0.014953196
2022-06-27,WMT,0.0050412416,0.015763402,-0.0094261169
2022-06-28,AAPL,-0.0080741644,0.010241032,-0.021138966
2022-06-28,AMGN,0.0030105114,0.009444952,-0.015236855
2022-06-28,CRM,-0.028229177,-0.025173962,-0.027723432
2022-06-28,CSCO,-0.022604227,0.022235394,-0.0085257292
2022-06-28,IBM,0.00058186054,-0.00068056583,-0.0016285181
2022-06-28,INTC,-0.027143955,0.024740338,-0.0048504472
2022-06-28,MSFT,0.002838254,0.0098456144,-0.001775682
2022-06-28,NKE,-0.026819885,0.014169693,-0.0032458305
2022-06-28,VZ,0.017336607,0.0081765652,-0.0083169341
2022-06-28,WMT,0.018902302,0.015281558,0.002207756
2022-06-29,AAPL,0.012510538,0.019152999,-0.0018083453
2022-06-29,AMGN,0.024928689,0.0043344498,-0.0088116527
2022-06-29,CRM,-0.014445186,0.014104366,-0.047928572
2022-06-29,CSCO,-0.0082451105,0.0026897192,-0.0097900033
2022-06-29,IBM,-0.015858591,0.013507009,-0.0049669147
2022-06-29,INTC,-0.024452984,0.017264485,-0.016664267
2022-06-29,MSFT,-0.016118109,0.01381278,0.0049430132
2022-06-29,NKE,0.021854639,0.011197329,-0.02274996
2022-06-29,VZ,0.0023682117,0.0076704025,4.8518181e-05
2022-06-29,WMT,0.0087294579,0.013210297,0.0047473907
2022-06-30,AAPL,0.0086370707,0.00045132637,-0.019613504
2022-06-30,AMGN,-0.0091373324,0.027158141,-0.010910809
2022-06-30,CRM,-0.029710233,0.0074816942,-0.0074726343
2022-06-30,CSCO,-0.026307642,0.0091655254,-0.01655829
2022-06-30,IBM,0.0043392181,0.0045492649,-0.0047545433
2022-06-30,INTC,0.003074646,0.0055580139,-0.030228138
2022-06-30,MSFT,-0.00079250336,0.016778708,-0.016683877
2022-06-30,NKE,0.015273333,0.023701787,0.0072017908
2022-06-30,VZ,-0.017970324,0.019469976,-0.017845035
2022-06-30,WMT,-0.0016450882,0.0040696859,-0.0018094182
2022-07-01,AAPL,0.024801016,-0.01396811,-0.02398622
2022-07-01,AMGN,0.0072156191,0.0095232725,-0.0062975287
2022-07-01,CRM,-0.020042837,0.041730165,0.0013349056
2022-07-01,CSCO,-0.02146256,0.0036706924,-0.0039544106
2022-07-01,IBM,-0.021363735,0.0040012598,-0.002574861
2022-07-01,INTC,0.034897089,0.021403193,-0.01335752
2022-07-01,MSFT,-0.0058166981,0.038616538,-0.017550468
2022-07-01,NKE,-0.03940165,-0.0047032237,-0.017973542
2022-07-01,VZ,-0.0023897886,0.033661962,-0.0072151423
2022-07-01,WMT,-0.012736797,0.0036947727,0.0022813082
2022-07-05,AAPL,0.033812284,0.013012052,-0.016130507
2022-07-05,AMGN,-0.013048351,0.0032111406,5.9843063e-05
2022-07-05,CRM,0.044826508,0.033368349,-0.026550174
2022-07-05,CSCO,-0.017408729,0.029263854,0.00019955635
2022-07-05,IBM,0.0066666603,0.0076150894,-0.010085583
2022-07-05,INTC,-0.0096483827,0.013576031,0.0041009188
2022-07-05,MSFT,0.016657591,-0.0056579709,-0.020838201
2022-07-05,NKE,-0.021058977,0.021655321,-0.021449268
2022-07-05,VZ,-0.0026571155,0.0079045296,-0.015853286
2022-07-05,WMT,-0.014169991,0.0069651604,0.0073466301
2022-07-06,AAPL,0.00091218948,-0.0018442273,0.0013465881
2022-07-06,AMGN,0.029302359,0.0057215691,0.0089201927
2022-07-06,CRM,-0.027639389,0.034372687,-0.01746434
2022-07-06,CSCO,-0.02574259,0.0020726919,0.0065259933
2022-07-06,IBM,-0.0087236762,0.0033671856,-0.0099835396
2022-07-06,INTC,-0.024511516,0.011857748,-0.0038938522
2022-07-06,MSFT,0.010190129,-0.0006274581,-0.010978937
2022-07-06,NKE,0.0041593313,-0.0025063753,-0.010855973
2022-07-06,VZ,0.0093427896,0.011966348,-0.010966837
2022-07-06,WMT,0.026251554,0.0099915266,-0.013790011
2022-07-07,AAPL,-0.00012874603,-0.008422792,-0.020112872
2022-07-07,AMGN,-0.0080472231,0.028699517,-0.00038713217
2022-07-07,CRM,0.021362901,0.021981716,-0.034433544
2022-07-07,CSCO,-0.026009858,0.030580521,-0.026689708
2022-07-07,IBM,-0.0049396753,0.010053515,-0.0055760741
2022-07-07,INTC,-0.0063211322,0.0025136471,-0.01440084
2022-07-07,MSFT,-0.0097517967,0.011637449,-0.011092663
2022-07-07,NKE,-0.0055755973,0.0072692633,-0.021407127
2022-07-07,VZ,0.0035948753,0.011357665,-0.0061767697
2022-07-07,WMT,-0.015698314,0.015120625,-0.0017074943
2022-07-08,AAPL,0.022549152,0.029335618,-0.013489664
2022-07-08,AMGN,0.0041488409,0.022486448,-0.0089700818
2022-07-08,CRM,-0.040853918,0.0065017939,-0.040145695
2022-07-08,CSCO,0.0038576126,0.007506609,-0.010867298
2022-07-08,IBM,0.027915955,0.020173907,-0.021763325
2022-07-08,INTC,0.015781403,0.012023211,-0.0039656758
2022-07-08,MSFT,-0.029720306,0.018840551,-0.0052073002
2022-07-08,NKE,0.00046110153,0.0027178526,0.0088467598
2022-07-08,VZ,-0.015428126,0.00025737286,-0.0056474805
2022-07-08,WMT,-0.014487445,0.019382119,-0.0032334328
2022-07-11,AAPL,0.0086584091,0.021887541,-0.016919434
2022-07-11,AMGN,-0.0086855888,0.0063791275,-0.028171778
2022-07-11,CRM,-0.0089033842,0.046353936,-0.025524795
2022-07-11,CSCO,-0.0092794299,0.031770945,-0.0022565722
2022-07-11,IBM,0.012346864,0.014868975,0.0045651197
2022-07-11,INTC,0.0086259842,0.0024139881,-0.028420389
2022-07-11,MSFT,-0.0063657165,0.027963519,-0.011620343
2022-07-11,NKE,-0.03016305,0.02289927,0.0022757053
2022-07-11,VZ,0.011941671,-0.004986763,0.0028190613
2022-07-11,WMT,0.0010334253,0.0051294565,-0.02469492
2022-07-12,AAPL,0.0032168627,0.026413798,-0.0020387769
2022-07-12,AMGN,0.0056062937,0.027881265,0.002563715
2022-07-12,CRM,-0.032112896,0.00999856,-0.020580351
2022-07-12,CSCO,-0.023319066,0.011556983,-0.019938827
2022-07-12,IBM,-0.01810354,0.0058269501,-0.010238588
2022-07-12,INTC,-0.045138776,-0.0030094981,-0.023106098
2022-07-12,MSFT,0.022374868,0.024432302,-0.0050903559
2022-07-12,NKE,0.0017040968,0.0063720942,-0.024661362
2022-07-12,VZ,-0.0063343048,0.0025312901,0.0045101643
2022-07-12,WMT,0.00036036968,0.018228412,-0.012860179
2022-07-13,AAPL,-0.032059193,0.0050201416,-0.021790624
2022-07-13,AMGN,-0.005735755,0.00854671,-0.016841352
2022-07-13,CRM,-0.030966938,0.026596546,0.011017323
2022-07-13,CSCO,-0.013330579,0.021689773,-0.0058982372
2022-07-13,IBM,0.02794826,0.0082319975,-0.011458933
2022-07-13,INTC,-0.021266103,0.007779479,0.0035154819
2022-07-13,MSFT,-0.016952872,-0.00077074766,-0.0085454583
2022-07-13,NKE,0.0097849369,0.0084682703,-0.033807755
2022-07-13,VZ,-0.0177055,0.013937354,-0.0103423
2022-07-13,WMT,-0.0047360063,0.0113554,-0.0085894465
2022-07-14,AAPL,-0.0094913244,0.03486371,-0.0096158981
2022-07-14,AMGN,0.017538786,0.016649365,-0.0003272295
2022-07-14,CRM,-0.036661148,0.03735888,-0.023965895
2022-07-14,CSCO,-0.0084239244,0.023208857,-0.0097873807
2022-07-14,IBM,-0.00015521049,0.00081062317,-0.0078648329
2022-07-14,INTC,-0.0081463456,0.018264532,-0.014243841
2022-07-14,MSFT,0.0014219284,0.0098302364,-0.0081320405
2022-07-14,NKE,-0.019520104,0.013736963,0.0095055103
2022-07-14,VZ,0.00088691711,0.018918395,-0.0050007105
2022-07-14,WMT,0.0021288395,0.011223316,-0.0060108304
2022-07-15,AAPL,0.0071928501,0.024533391,-0.005204618
2022-07-15,AMGN,-0.031392753,0.0094196796,-0.0040683746
2022-07-15,CRM,0.02162087,0.0072337389,-0.025630295
2022-07-15,CSCO,-0.015944183,0.00051629543,-0.023972094
2022-07-15,IBM,0.018866539,0.010928631,-0.014856339
2022-07-15,INTC,-0.0012326241,0.00015163422,-0.021879673
2022-07-15,MSFT,0.00025641918,0.021907091,-0.021626115
2022-07-15,NKE,-0.012476325,0.018749833,0.0028325319
2022-07-15,VZ,0.0011552572,0.0056860447,-0.019195795
2022-07-15,WMT,-0.017808616,0.020304203,-0.017568827
2022-07-18,AAPL,-0.029715061,0.010923862,-0.039081275
2022-07-18,AMGN,0.010626554,0.01727581,-0.017581403
2022-07-18,CRM,0.02163291,0.015614152,0.0099506378
2022-07-18,CSCO,-0.018529534,0.028061152,-0.012289762
2022-07-18,IBM,-0.012489259,0.011055827,-0.026871383
2022-07-18,INTC,0.036127329,0.026185155,-0.0087498426
2022-07-18,MSFT,0.028817773,0.021024227,-0.023230851
2022-07-18,NKE,-0.016940653,0.020316601,-0.0028728247
2022-07-18,VZ,-0.0033470988,0.013763189,0.00092291832
2022-07-18,WMT,0.027151108,0.015817881,-0.0043231249
2022-07-19,AAPL,-0.0013789535,-0.007471025,-0.024491847
2022-07-19,AMGN,0.017838955,0.016413808,-0.0034720302
2022-07-19,CRM,0.014593244,0.045624733,7.1525574e-05
2022-07-19,CSCO,-0.0091485977,-0.012701273,-0.015087366
2022-07-19,IBM,-0.003498435,-0.0040009618,0.00093924999
2022-07-19,INTC,-0.017510116,-0.0092707872,-0.0019047856
2022-07-19,MSFT,-0.00837183,0.015655637,-0.004978478
2022-07-19,NKE,-0.0018783808,0.0070545673,0.0041726828
2022-07-19,VZ,-0.023113251,0.0056831837,-0.025293648
2022-07-19,WMT,-0.0035918355,0.0045623779,-0.0050219297
2022-07-20,AAPL,0.0087149143,0.0033322573,-0.0050134659
2022-07-20,AMGN,0.0040327311,0.015598536,-0.0061092377
2022-07-20,CRM,-0.066183925,0.010811448,-0.042827368
2022-07-20,CSCO,-0.020292521,0.013511777,-0.0086466074
2022-07-20,IBM,-0.012643218,0.015832186,0.0042424202
2022-07-20,INTC,0.0048587322,0.0085154772,0.00062596798
2022-07-20,MSFT,0.0089285374,0.023905277,-0.022463143
2022-07-20,NKE,0.0018613338,0.012062311,-0.011373103
2022-07-20,VZ,0.0043298006,0.0014579296,-0.0095627308
2022-07-20,WMT,0.0018408298,0.015590787,0.0014508963
2022-07-21,AAPL,0.004404664,0.0036588907,-0.0094920993
2022-07-21,AMGN,0.018228412,0.014477611,-0.0023928285
2022-07-21,CRM,-0.011639416,-0.0063306689,-0.045137942
2022-07-21,CSCO,-0.00077199936,0.021208048,-0.011043727
2022-07-21,IBM,-0.022200108,0.019576073,-0.020928681
2022-07-21,INTC,0.0066008568,0.027160883,-0.0097407699
2022-07-21,MSFT,-0.042488933,0.008708477,-0.018737018
2022-07-21,NKE,-0.0028366446,0.0058320761,-0.018745124
2022-07-21,VZ,-0.02269876,0.0094482899,-0.02092272
2022-07-21,WMT,-0.0074062943,0.0056010485,-0.0072118044
2022-07-22,AAPL,-0.0047534108,0.030173898,-0.00098353624
2022-07-22,AMGN,0.00027990341,0.012331247,-0.015442133
2022-07-22,CRM,-0.033371627,0.020740986,0.01314199
2022-07-22,CSCO,-0.02204448,0.017010927,-0.020408928
2022-07-22,IBM,-0.0013970137,0.0039851665,0.0044219494
2022-07-22,INTC,0.013220191,0.0052421093,-0.0056319237
2022-07-22,MSFT,-0.015654147,-0.0049141645,-0.0072003007
2022-07-22,NKE,-0.038673222,0.011508822,-0.0059315562
2022-07-22,VZ,-0.020235121,0.022040367,-0.025732934
2022-07-22,WMT,0.0086072683,0.027954102,-0.014070392
2022-07-25,AAPL,0.0051598549,0.0059484243,-0.005128026
2022-07-25,AMGN,0.0039891005,0.023999929,-0.026616037
2022-07-25,CRM,0.015229106,0.034160495,-0.018751442
2022-07-25,CSCO,-0.031112373,0.03115654,-0.003906548
2022-07-25,IBM,-0.0020511746,0.010988712,-0.017991245
2022-07-25,INTC,0.0075300932,0.0043996572,-0.0061193109
2022-07-25,MSFT,0.015343308,0.00058877468,-0.020512462
2022-07-25,NKE,0.027883887,0.020499468,0.0015640259
2022-07-25,VZ,-0.025215626,-0.0098391771,-0.016044438
2022-07-25,WMT,0.014946938,-0.0040315986,0.013855219
2022-07-26,AAPL,0.0057852268,-0.0055241585,-0.01015389
2022-07-26,AMGN,-0.020689428,0.002527833,0.013826489
2022-07-26,CRM,-0.020239413,0.020842314,-0.040525377
2022-07-26,CSCO,-0.014113605,0.018567562,-0.0096899867
2022-07-26,IBM,-0.019636631,0.006957531,-0.0074919462
2022-07-26,INTC,-0.0053895712,0.0057564974,-0.013557017
2022-07-26,MSFT,0.017073393,0.015945196,-0.0060286522
2022-07-26,NKE,0.018810153,0.01094842,-0.011479199
2022-07-26,VZ,-0.023517668,0.0094258785,-0.010078907
2022-07-26,WMT,0.0022345781,0.0094487667,-0.010506094
2022-07-27,AAPL,0.0093272924,0.029758096,-0.011326432
2022-07-27,AMGN,0.0036501884,0.030480385,-0.0072252154
2022-07-27,CRM,-0.024849474,0.026292682,-0.016415596
2022-07-27,CSCO,0.03078258,-0.0037559271,-0.0051398873
2022-07-27,IBM,-0.034966648,0.013284087,-0.01440388
2022-07-27,INTC,0.010274768,0.026983142,-0.0033587813
2022-07-27,MSFT,-0.011463225,0.0080404282,-0.019210696
2022-07-27,NKE,0.0084799528,0.018104076,0.004627943
2022-07-27,VZ,-0.001281321,0.0072517395,-0.0070769191
2022-07-27,WMT,0.0057834387,0.010868311,-7.0035458e-05
2022-07-28,AAPL,0.017322421,0.011540771,-0.0015260577
2022-07-28,AMGN,-0.035387814,0.013121367,-0.0061978698
2022-07-28,CRM,0.018321872,0.03158021,-0.043726921
2022-07-28,CSCO,-0.0040480494,0.0016344786,-0.020085275
2022-07-28,IBM,-0.012181282,0.008281827,-9.5188618e-05
2022-07-28,INTC,0.0065752268,-5.7399273e-05,0.0075788498
2022-07-28,MSFT,-0.0073751807,0.03186655,-0.016199768
2022-07-28,NKE,0.01012063,0.028551579,-0.022017777
2022-07-28,VZ,0.0046024323,0.0010576248,-0.016180634
2022-07-28,WMT,-0.0078728199,0.0068895817,-0.0051747561
2022-07-29,AAPL,-0.026563048,0.028956056,-0.020342588
2022-07-29,AMGN,0.016845226,0.027270436,-0.020877182
2022-07-29,CRM,-0.06979233,0.0076595545,0.013001561
2022-07-29,CSCO,-0.029181123,-0.0085885525,-0.034389913
2022-07-29,IBM,0.007131815,0.011475563,-0.0089558363
2022-07-29,INTC,-0.0023267865,0.0074738264,-0.0084830523
2022-07-29,MSFT,-0.015176117,-0.0069923997,-0.0031092763
2022-07-29,NKE,0.012598515,0.011698127,-0.0014677048
2022-07-29,VZ,0.016718149,0.019580364,-0.019792676
2022-07-29,WMT,-0.013316989,0.013566494,0.0036836863
2022-08-01,AAPL,-0.018012881,0.0013712645,-0.0069284439
2022-08-01,AMGN,-0.0042188764,0.023953795,0.0020570755
2022-08-01,CRM,0.0061919689,0.045144558,-0.025060177
2022-08-01,CSCO,-0.0073272586,0.0042359829,-0.01251018
2022-08-01,IBM,-0.0026631355,0.015762687,-0.0043665171
2022-08-01,INTC,0.0096492767,0.021380544,-0.026603103
2022-08-01,MSFT,0.028952718,-0.011939466,-0.021363378
2022-08-01,NKE,-0.017824531,0.011805773,0.013079166
2022-08-01,VZ,-0.02325809,0.0098891258,-0.0091835856
2022-08-01,WMT,-0.0044425726,0.0060107708,-0.021777153
2022-08-02,AAPL,-0.018027663,0.010809183,-0.00069993734
2022-08-02,AMGN,-0.022013545,0.0029740334,-0.01199919
2022-08-02,CRM,-0.0039177537,0.030944109,-0.016967237
2022-08-02,CSCO,-0.023127317,0.028293967,-0.0054376125
2022-08-02,IBM,0.010637879,-0.0018666983,-0.0084277987
2022-08-02,INTC,-0.0059769154,0.019618869,0.0027549267
2022-08-02,MSFT,-0.0013318658,0.013671756,-0.014722109
2022-08-02,NKE,-0.0046374202,0.028889418,-0.0095102191
2022-08-02,VZ,-0.031289577,0.0083441734,0.00074970722
2022-08-02,WMT,0.00056838989,0.004586339,0.0011351109
2022-08-03,AAPL,0.0090745687,0.020932198,-0.0045560598
2022-08-03,AMGN,-0.01008749,-0.0015813112,0.0076162815
2022-08-03,CRM,0.034138322,0.0080308914,-0.026130974
2022-08-03,CSCO,0.0022106171,0.0089432001,-0.0076084137
2022-08-03,IBM,-0.019260764,0.020648718,-0.017426133
2022-08-03,INTC,-0.012173712,0.012894034,0.0070443153
2022-08-03,MSFT,0.0094689131,0.005243063,-0.028589904
2022-08-03,NKE,-0.015852571,0.023735523,0.0048574209
2022-08-03,VZ,0.0059474707,0.0050851107,-0.0077694654
2022-08-03,WMT,-0.0057903528,0.0037164688,0.0040744543
2022-08-04,AAPL,-0.026891589,0.0093649626,-0.022865057
2022-08-04,AMGN,0.011420369,0.0044959784,-0.011154115
2022-08-04,CRM,0.014156461,0.0083411932,-0.033974707
2022-08-04,CSCO,0.022833228,0.0049260855,0.0034422874
2022-08-04,IBM,0.010958076,0.011236906,-0.0030701756
2022-08-04,INTC,-0.019091904,0.022420168,-0.025036275
2022-08-04,MSFT,-0.0087348819,0.018384576,-0.0032245517
2022-08-04,NKE,-0.041551352,0.023413539,-0.0073610544
2022-08-04,VZ,0.005408287,0.013597131,-0.0060743093
2022-08-04,WMT,0.013696194,0.011694074,-0.0009906292
2022-08-05,AAPL,-0.025049269,0.011467338,-0.0013778806
2022-08-05,AMGN,-0.015893459,0.013331771,-0.019516289
2022-08-05,CRM,-0.026990116,0.030375004,-0.021140993
2022-08-05,CSCO,0.036987901,0.011992097,-0.0055014491
2022-08-05,IBM,0.010294437,0.0075529814,-0.0090682507
2022-08-05,INTC,0.017089844,-0.0083287954,-0.022281528
2022-08-05,MSFT,-0.014415383,0.01018405,-0.0091642737
2022-08-05,NKE,0.01571691,0.015713692,-0.0076492429
2022-08-05,VZ,-0.020595729,0.0031721592,-0.016525507
2022-08-05,WMT,-0.00046122074,0.005848527,-0.012608707
2022-08-08,AAPL,0.046599627,0.010917902,-0.012933373
2022-08-08,AMGN,-0.02549994,0.010557652,-0.0015493035
2022-08-08,CRM,0.0034159422,0.0047898293,-0.054952145
2022-08-08,CSCO,0.0092873573,-0.00090968609,-0.012385428
2022-08-08,IBM,0.00019204617,0.0039314032,-0.014071226
2022-08-08,INTC,-0.0075649023,-0.0071048141,-0.0046785474
2022-08-08,MSFT,-0.010009348,0.01132679,-0.0066738129
2022-08-08,NKE,-0.0038869381,0.012536407,-0.0054975748
2022-08-08,VZ,-0.0028089881,0.0090237856,-0.0073555112
2022-08-08,WMT,0.0055619478,0.011955023,0.00046133995
2022-08-09,AAPL,-0.010092258,0.0026247501,-0.01317513
2022-08-09,AMGN,-0.019987941,0.011120796,-0.026311636
2022-08-09,CRM,-0.042065918,0.041124463,-0.024707377
2022-08-09,CSCO,-0.041913211,-0.0091333985,-0.013041973
2022-08-09,IBM,-0.00061517954,0.017463326,-0.010266483
2022-08-09,INTC,0.0012066364,0.01766479,-0.00093889236
2022-08-09,MSFT,-0.0098882318,0.014741421,-0.024823308
2022-08-09,NKE,0.013190269,0.017053485,-0.010628283
2022-08-09,VZ,-0.0087897182,-0.0041630864,-0.022601604
2022-08-09,WMT,0.041125059,0.0015712976,-0.0079379678
2022-08-10,AAPL,-0.030146122,0.0096994638,-0.016666293
2022-08-10,AMGN,-0.017122269,0.00073122978,-0.027600586
2022-08-10,CRM,-0.0044158101,0.0088177919,-0.016945541
2022-08-10,CSCO,-0.028096616,0.012511969,-0.018161297
2022-08-10,IBM,-0.014309406,0.0035125017,-0.011547446
2022-08-10,INTC,-0.031315625,-0.00946033,-0.020653784
2022-08-10,MSFT,0.011744618,-0.0005222559,-0.018106461
2022-08-10,NKE,-0.0079267621,0.0071909428,-0.026880205
2022-08-10,VZ,-0.0085009336,-0.0026327372,-0.0053851604
2022-08-10,WMT,-0.013898492,0.01276803,-0.0085631013
2022-08-11,AAPL,-0.014357209,0.0091116428,-0.0088626742
2022-08-11,AMGN,0.011681557,0.0054491758,-0.016125083
2022-08-11,CRM,-0.0053295493,0.0071139336,-0.043327332
2022-08-11,CSCO,-0.029295266,-0.011190772,-0.017715394
2022-08-11,IBM,-0.019453585,0.02139473,-0.0088604093
2022-08-11,INTC,-0.0065222979,0.020713329,-0.0098252296
2022-08-11,MSFT,-0.0018662214,0.024837017,-0.018194497
2022-08-11,NKE,-0.0054256916,0.015969753,-0.00057005882
2022-08-11,VZ,-0.027556896,0.0099807978,-0.0039410591
2022-08-11,WMT,0.020437002,7.390976e-06,-0.0037657619
2022-08-12,AAPL,-0.0029569268,0.022577524,-0.00078171492
2022-08-12,AMGN,-0.013153672,0.00578475,-0.016483307
2022-08-12,CRM,-0.033862948,0.012461782,-0.031867266
2022-08-12,CSCO,-0.022469521,0.0053650141,-0.007692337
2022-08-12,IBM,0.026738167,0.0076181889,-0.013524771
2022-08-12,INTC,0.0020083189,0.025945187,-0.012315869
2022-08-12,MSFT,-0.0042105317,0.00053620338,-0.011262119
2022-08-12,NKE,0.011943221,-0.0021533966,-0.01710701
2022-08-12,VZ,-0.0071912408,0.0074753761,-0.0024325848
2022-08-12,WMT,0.0015203953,0.001996994,-0.0020163655
2022-08-15,AAPL,-0.0050023794,0.021859646,-0.019140184
2022-08-15,AMGN,0.0016007423,0.010402679,-0.005962193
2022-08-15,CRM,-0.016281247,0.035392046,-0.015633523
2022-08-15,CSCO,-0.01352042,0.022607088,-0.018645227
2022-08-15,IBM,0.012207747,0.0033460855,-0.00078475475
2022-08-15,INTC,0.010635376,0.008113265,-0.018406808
2022-08-15,MSFT,-0.014453888,-3.5583973e-05,-0.012070417
2022-08-15,NKE,0.012529016,0.020031929,-0.021234453
2022-08-15,VZ,-0.0035714507,-0.00075739622,-0.0016037226
2022-08-15,WMT,0.0065344572,0.015293479,-0.01839155
2022-08-16,AAPL,-0.05719167,0.00056171417,-0.011856616
2022-08-16,AMGN,0.01784718,-0.0012978911,-0.0095555782
2022-08-16,CRM,-0.0075566173,-0.015737712,-0.034476995
2022-08-16,CSCO,0.00029027462,0.0039715767,-0.0060004592
2022-08-16,IBM,-0.014373302,0.0008071661,0.00027537346
2022-08-16,INTC,-0.028240025,-0.00565207,-0.01948297
2022-08-16,MSFT,-0.011575639,0.0055525303,-0.012878358
2022-08-16,NKE,0.020455003,0.0088546276,-0.0029988885
2022-08-16,VZ,0.039717078,0.01725924,-0.0040162802
2022-08-16,WMT,0.017406225,0.021311283,-0.021253169
2022-08-17,AAPL,-0.0021234155,0.0040068626,-0.017981708
2022-08-17,AMGN,-0.032769561,0.0022035837,-0.0084415674
2022-08-17,CRM,-0.0077006817,0.029133081,-0.038801134
2022-08-17,CSCO,-0.019538164,0.016326666,-0.017938912
2022-08-17,IBM,-0.02232635,0.00078451633,-0.013126791
2022-08-17,INTC,-0.015112519,0.010613203,0.0068993568
2022-08-17,MSFT,-0.0085148811,0.009766221,0.0018914938
2022-08-17,NKE,0.016658425,0.014108658,-0.00098216534
2022-08-17,VZ,-0.00084042549,0.015405655,-0.011745214
2022-08-17,WMT,0.018653631,0.0086920261,-0.019016922
2022-08-18,AAPL,-0.0038565397,0.025840282,-0.019352913
2022-08-18,AMGN,-0.024042428,0.01437676,-0.013201833
2022-08-18,CRM,0.0041918755,0.0099416971,-0.029526234
2022-08-18,CSCO,0.012369514,-0.0070414543,0.00079655647
2022-08-18,IBM,0.0097841024,-0.010310352,-0.0136379
2022-08-18,INTC,0.0049158335,0.013527632,-0.029004931
2022-08-18,MSFT,-0.0062431693,0.0059866905,-0.024273813
2022-08-18,NKE,-0.03022331,0.024799228,0.0046092272
2022-08-18,VZ,-0.033385038,0.013744116,-0.00014728308
2022-08-18,WMT,-0.0042361617,0.0092968941,-0.0055426955
2022-08-19,AAPL,0.0023289919,-0.0019531846,-0.017825067
2022-08-19,AMGN,-0.0082474947,0.009986639,-0.013068497
2022-08-19,CRM,0.011634469,0.016854048,-0.010486543
2022-08-19,CSCO,-0.012125432,0.021251678,0.0039441586
2022-08-19,IBM,0.0048505068,0.0068292618,-0.0026684999
2022-08-19,INTC,-0.019770622,0.0041784048,-0.018609047
2022-08-19,MSFT,0.019863486,0.020108938,-0.017451704
2022-08-19,NKE,0.043413639,0.017777801,-0.012194932
2022-08-19,VZ,-0.035202265,0.0098261833,-0.00051379204
2022-08-19,WMT,0.0107373,-0.0038359165,-0.0063418746
2022-08-22,AAPL,-0.008235395,0.011853218,-0.0064268708
2022-08-22,AMGN,-0.010172129,0.033401132,0.00069820881
2022-08-22,CRM,0.018718362,0.010860562,-0.0054175854
2022-08-22,CSCO,-0.0044273138,-0.020072222,-0.022314727
2022-08-22,IBM,0.0015517473,0.0066119432,-0.022273958
2022-08-22,INTC,0.00064730644,0.010197043,0.0036584139
2022-08-22,MSFT,0.0076011419,0.0012116432,-0.01678896
2022-08-22,NKE,-0.017713547,0.0092695951,-0.0097233653
2022-08-22,VZ,0.0039505959,0.010766983,-0.010978103
2022-08-22,WMT,0.0098038912,0.028320432,-0.021932065
2022-08-23,AAPL,-0.019511044,0.025832653,-0.026182413
2022-08-23,AMGN,-0.014539301,0.01649344,0.0017540455
2022-08-23,CRM,-0.021015108,0.01729846,-0.012554646
2022-08-23,CSCO,0.013214827,0.015035033,-0.018978417
2022-08-23,IBM,-0.017095089,0.016494751,-0.01900667
2022-08-23,INTC,-0.0062689185,0.0065348148,0.0066003799
2022-08-23,MSFT,-0.020751297,0.013762712,-0.014175355
2022-08-23,NKE,0.003746748,0.019424677,-0.024612427
2022-08-23,VZ,-0.015468419,0.0063142776,-0.0043110251
2022-08-23,WMT,-0.0025550127,0.0033150911,-0.018276274
2022-08-24,AAPL,-0.019646168,-0.016619384,-0.0080026388
2022-08-24,AMGN,-0.0041655898,0.030027032,-0.023074031
2022-08-24,CRM,-0.023048937,0.033907294,0.0022444725
2022-08-24,CSCO,-0.025535822,-0.0045704842,-0.018006027
2022-08-24,IBM,-0.002794385,0.007365346,0.0037435293
2022-08-24,INTC,-0.021770716,-0.0035546422,-0.012609839
2022-08-24,MSFT,-0.013421655,-0.0052503943,-0.017551303
2022-08-24,NKE,0.016501546,0.016646147,-0.012273669
2022-08-24,VZ,-0.024255395,0.01076889,-0.010579526
2022-08-24,WMT,0.0020253658,0.0062437057,-0.00023823977
2022-08-25,AAPL,-0.016015768,0.029039621,-0.031295717
2022-08-25,AMGN,-0.024406075,0.0046041012,-0.032233357
2022-08-25,CRM,-0.0099796653,0.0095264912,0.050493836
2022-08-25,CSCO,-0.0081586242,-0.0015154481,-0.013001025
2022-08-25,IBM,-0.0073479414,0.0033173561,-0.018596947
2022-08-25,INTC,-0.021781981,0.0033020973,0.01055944
2022-08-25,MSFT,0.0092000961,0.0041399002,-0.0013833642
2022-08-25,NKE,0.045616984,0.00235641,-0.0011425018
2022-08-25,VZ,-0.0023685694,-0.0038399696,-0.01289773
2022-08-25,WMT,0.00042378902,0.012242794,-0.0057914853
2022-08-26,AAPL,-0.010153055,-0.0012876391,-0.021335423
2022-08-26,AMGN,-0.025661469,0.017004132,-0.011623621
2022-08-26,CRM,-0.0014202595,0.010144949,-0.022088349
2022-08-26,CSCO,-0.020014763,0.02857542,-0.005923152
2022-08-26,IBM,0.013721943,0.00018942356,-0.027171373
2022-08-26,INTC,-0.0076497197,0.015882254,-0.014181912
2022-08-26,MSFT,0.003041625,0.02099371,-0.014428973
2022-08-26,NKE,0.0061585903,0.020366669,-0.0071371794
2022-08-26,VZ,0.0048972368,0.024507046,-0.0062072277
2022-08-26,WMT,0.0044183731,0.017337799,-0.01104033
2022-08-29,AAPL,0.030719161,-0.0043711662,-0.020680308
2022-08-29,AMGN,-0.023464978,0.0045945644,-0.023980319
2022-08-29,CRM,0.046775818,0.011270404,0.00017547607
2022-08-29,CSCO,-0.026828289,0.010189652,-0.012614787
2022-08-29,IBM,-0.027937293,0.0043962002,-0.0033858418
2022-08-29,INTC,0.014797807,0.011814237,-0.012217045
2022-08-29,MSFT,0.0069150925,0.006047368,-0.011619806
2022-08-29,NKE,-0.040236652,0.010040402,-0.018880725
2022-08-29,VZ,-0.021590114,0.017358065,0.0052434206
2022-08-29,WMT,0.0066204071,0.0024394989,0.0036070347
2022-08-30,AAPL,0.0019905567,0.015679359,-0.022710979
2022-08-30,AMGN,-0.00053948164,0.0067261457,-0.0033835769
2022-08-30,CRM,-0.033611834,-0.0087365508,-0.023314357
2022-08-30,CSCO,0.011860132,-0.0045862198,-0.017089009
2022-08-30,IBM,0.0053305626,0.0076432228,-0.016086698
2022-08-30,INTC,-0.01507026,0.018670559,-0.021512508
2022-08-30,MSFT,0.0066678524,0.024923801,-0.010320604
2022-08-30,NKE,0.010053515,0.013497591,-0.021297574
2022-08-30,VZ,0.014523983,0.013920069,-0.0067883134
2022-08-30,WMT,-0.00086027384,-0.0046634078,-0.0074359775
2022-08-31,AAPL,-0.0067199469,-0.00058740377,-0.030401587
2022-08-31,AMGN,-0.01857096,0.015898347,-0.0077670217
2022-08-31,CRM,0.00042688847,0.032934308,-0.029952466
2022-08-31,CSCO,0.02082479,0.019470692,0.0062367916
2022-08-31,IBM,-0.0055226684,0.013858676,-0.0097067952
2022-08-31,INTC,-0.034844816,0.022866488,-0.031066537
2022-08-31,MSFT,0.0002733469,0.017299175,-0.011101186
2022-08-31,NKE,-0.010279477,0.018122315,-0.034212112
2022-08-31,VZ,-0.0033657551,0.0015548468,0.0040001869
2022-08-31,WMT,-0.0018733144,0.01740253,0.0063903332
2022-09-01,AAPL,-0.012050629,0.00038087368,-0.00077313185
2022-09-01,AMGN,-0.023482323,0.0077291727,-0.01126039
2022-09-01,CRM,-0.0096913576,0.029810667,0.0041427612
2022-09-01,CSCO,0.011001348,0.012104988,-0.013167799
2022-09-01,IBM,0.027704716,0.023400784,-0.0097389817
2022-09-01,INTC,-0.020073354,-0.015716314,-0.0083081722
2022-09-01,MSFT,-0.0051851869,-0.00035345554,-0.016225696
2022-09-01,NKE,-0.015197694,0.023997307,-0.002774477
2022-09-01,VZ,-0.0036179423,0.005497694,-0.001832962
2022-09-01,WMT,0.0061835051,0.0078042746,0.0093277693
2022-09-02,AAPL,-0.018486142,0.022146225,0.009676218
2022-09-02,AMGN,-0.024401426,0.021380544,-0.012063265
2022-09-02,CRM,0.018887997,0.021015525,-0.034100115
2022-09-02,CSCO,0.019681573,-0.011207223,-0.014236927
2022-09-02,IBM,-0.010528982,0.020163417,-0.0094621778
2022-09-02,INTC,0.0067110062,-0.0024091005,-0.022132993
2022-09-02,MSFT,-0.0067976713,0.021872878,-0.0056390166
2022-09-02,NKE,-0.016992807,0.021919847,-0.035992563
2022-09-02,VZ,-0.0045017004,0.014920115,0.00087785721
2022-09-02,WMT,0.0060698986,0.023981571,-0.015642822
2022-09-06,AAPL,-0.021186352,0.021349072,-0.011997223
2022-09-06,AMGN,-0.0010430813,0.00077867508,-0.012765288
2022-09-06,CRM,-0.0082840323,0.037401676,-0.010018587
2022-09-06,CSCO,-0.0073498487,-0.0029858947,0.010915399
2022-09-06,IBM,-0.0059816241,0.0058078766,-0.015688002
2022-09-06,INTC,-0.014012218,0.018333673,-0.0079486966
2022-09-06,MSFT,0.0095381737,-0.0051394701,-0.0067789555
2022-09-06,NKE,-0.015393138,0.023968577,-0.0031849146
2022-09-06,VZ,0.0018429756,0.0066684484,-0.011461139
2022-09-06,WMT,0.0090210438,0.0010955334,0.0020884275
2022-09-07,AAPL,-0.0048918128,-0.0070415735,-0.014695525
2022-09-07,AMGN,-0.015444279,0.0067857504,0.003483057
2022-09-07,CRM,-0.015152335,0.016782284,-0.011543632
2022-09-07,CSCO,-0.0049622059,0.023405433,-0.024530411
2022-09-07,IBM,0.012455821,0.011271,-0.017157793
2022-09-07,INTC,0.012857318,-0.011829197,-0.001542151
2022-09-07,MSFT,-0.0025305152,0.0085856915,0.00052547455
2022-09-07,NKE,0.019579053,0.012085557,0.0050859451
2022-09-07,VZ,0.0052915812,0.020281315,0.0038211346
2022-09-07,WMT,-0.0039611459,0.012631655,-0.023685455
2022-09-08,AAPL,0.025844693,0.00036156178,-0.0042725205
2022-09-08,AMGN,-0.010051012,0.023017168,-0.010216177
2022-09-08,CRM,-0.011935294,0.0048828125,-0.024063647
2022-09-08,CSCO,0.018248916,-0.0023273826,-0.012020588
2022-09-08,IBM,0.0018134117,0.0051666498,-0.0024598837
2022-09-08,INTC,0.0011314154,0.012227654,-0.0053863525
2022-09-08,MSFT,0.015282869,0.021507502,-0.025321841
2022-09-08,NKE,-0.022850454,0.0036857128,-0.020963252
2022-09-08,VZ,-0.0063911676,0.0099198818,-0.0057932734
2022-09-08,WMT,0.00045025349,0.013904214,-0.0048735738
2022-09-09,AAPL,-0.0053298473,-8.0049038e-05,-0.035537958
2022-09-09,AMGN,0.00044369698,0.015560508,-0.02062875
2022-09-09,CRM,0.023026705,0.010216832,-0.019177079
2022-09-09,CSCO,0.017416716,0.017427564,-0.0089188814
2022-09-09,IBM,-0.025341749,0.013503313,-0.0075506568
2022-09-09,INTC,0.0062073469,0.0097429752,0.0016586781
2022-09-09,MSFT,-0.024431527,0.0078270435,-0.020161867
2022-09-09,NKE,-0.00012242794,0.0054267645,0.0016410351
2022-09-09,VZ,-0.0063970089,0.010564566,-0.0076571107
2022-09-09,WMT,-0.021765232,0.007215023,-0.002605021
2022-09-12,AAPL,-0.016745865,0.015523314,-0.016448319
2022-09-12,AMGN,-0.041534722,0.010200381,-0.002899766
2022-09-12,CRM,-0.0038230419,0.0092662573,-0.0083267689
2022-09-12,CSCO,0.014434457,0.0078293085,-0.025486648
2022-09-12,IBM,-0.043197215,0.0024135113,-0.0032500625
2022-09-12,INTC,0.034145832,-0.0050286651,0.0055954456
2022-09-12,MSFT,0.0090972185,0.027876139,-0.025709569
2022-09-12,NKE,0.019254327,0.014176965,-0.018722653
2022-09-12,VZ,-0.015689015,0.009406805,-0.0036864877
2022-09-12,WMT,-0.012501001,0.0067093372,0.0016328096
2022-09-13,AAPL,-0.0055882931,0.012797952,-0.018708825
2022-09-13,AMGN,0.011797905,0.0058262348,-0.0098652244
2022-09-13,CRM,-0.006677568,0.033773184,-0.01133585
2022-09-13,CSCO,0.030959368,0.016890049,-0.0041646361
2022-09-13,IBM,-0.043971717,0.0086423159,-0.008136332
2022-09-13,INTC,-0.0040935278,0.014681697,-0.022515178
2022-09-13,MSFT,-0.024776936,0.016042948,-0.00099802017
2022-09-13,NKE,0.0078248978,0.0015670061,-0.017013967
2022-09-13,VZ,-0.0088436604,-0.0077233911,-0.0092968345
2022-09-13,WMT,-0.014199078,0.017176747,-0.011158705
2022-09-14,AAPL,-0.002540946,0.015066266,-0.012187898
2022-09-14,AMGN,-0.009855032,0.016487956,-0.0066419244
2022-09-14,CRM,-0.0086618662,0.025442004,-0.028759181
2022-09-14,CSCO,-0.014421642,0.0037953854,-0.007607162
2022-09-14,IBM,-0.0049042106,0.0052292347,-0.0069912076
2022-09-14,INTC,-0.027374685,-0.00058788061,-0.013491809
2022-09-14,MSFT,0.0033997297,-0.0041387081,0.0016918182
2022-09-14,NKE,-0.01712817,0.014350176,-0.023276746
2022-09-14,VZ,-0.0062918067,0.0095099211,0.0022791624
2022-09-14,WMT,-0.0032277107,0.015214086,-0.0060338974
2022-09-15,AAPL,0.01981461,0.020863891,-0.00081676245
2022-09-15,AMGN,-0.025357485,0.042499542,-0.0025579929
2022-09-15,CRM,-0.023504019,0.021512508,-0.0093026757
2022-09-15,CSCO,-0.011253178,0.0038713217,-0.0086770654
2022-09-15,IBM,-0.0032789111,0.024221659,0.014297962
2022-09-15,INTC,0.0051448345,-0.0050337315,-0.0041587353
2022-09-15,MSFT,-0.028542042,0.0048413277,-0.015008032
2022-09-15,NKE,0.0070681572,0.009510994,-0.01305455
2022-09-15,VZ,0.0043113232,-0.010055184,-0.004345119
2022-09-15,WMT,0.019749284,0.0084494352,-0.007912457
2022-09-16,AAPL,-0.01779139,-0.00048500299,-0.0033332109
2022-09-16,AMGN,-0.021347046,0.010191441,-0.00092589855
2022-09-16,CRM,0.016349316,0.02257359,-0.01390779
2022-09-16,CSCO,0.0082418919,-0.0024238229,-0.0014179945
2022-09-16,IBM,-0.00824368,0.0096912384,-0.014956415
2022-09-16,INTC,-0.0065345168,0.0083005428,-0.014555573
2022-09-16,MSFT,-0.030061305,-0.0048872828,-0.014198899
2022-09-16,NKE,0.0092805624,0.024390817,-0.024733603
2022-09-16,VZ,-0.015944302,0.0022039413,-0.0097357631
2022-09-16,WMT,-0.0088396668,0.01525867,-0.010379076
2022-09-19,AAPL,0.014950633,-0.00020641088,-0.023295999
2022-09-19,AMGN,-0.037123144,0.010792494,-0.01627779
2022-09-19,CRM,-0.0098145008,-0.00060409307,-0.036954641
2022-09-19,CSCO,-0.022759974,0.020278573,-0.0019439459
2022-09-19,IBM,-0.01041466,0.011416554,0.0029178858
2022-09-19,INTC,0.036957026,0.0129143,-0.012240052
2022-09-19,MSFT,-0.032398343,0.01083374,-0.0067401528
2022-09-19,NKE,-0.0093871355,0.0066030025,0.0008764267
2022-09-19,VZ,-0.029097199,0.0097426176,-0.0025014877
2022-09-19,WMT,-0.0065670609,0.019629121,0.0016819239
2022-09-20,AAPL,-0.019874215,-0.0038836002,-0.01945591
2022-09-20,AMGN,0.0071979761,0.01813674,-0.010171592
2022-09-20,CRM,0.01366818,0.0059686899,-0.011789143
2022-09-20,CSCO,0.027027607,-0.0018735528,-0.009423852
2022-09-20,IBM,-0.014480531,0.03670001,-0.0076636672
2022-09-20,INTC,-0.0051808953,0.013610601,-0.012711823
2022-09-20,MSFT,-0.0038512349,0.01507163,-0.0096120238
2022-09-20,NKE,0.018692017,0.015480995,-0.009747982
2022-09-20,VZ,-0.018954277,0.011695504,-0.020776331
2022-09-20,WMT,-0.017878234,0.012999892,-0.008036077
2022-09-21,AAPL,-0.010269165,0.0093253851,-0.036694765
2022-09-21,AMGN,-0.032408953,0.01369524,-0.010948777
2022-09-21,CRM,0.0077402592,0.029329896,-0.03125155
2022-09-21,CSCO,0.0027719736,0.0046035051,-0.0065472126
2022-09-21,IBM,0.0083681345,-0.011780739,-0.0073450804
2022-09-21,INTC,-0.026540697,-0.0081402659,-0.012258649
2022-09-21,MSFT,0.0054217577,0.021744847,-0.013226151
2022-09-21,NKE,-0.019497871,0.033979535,0.015501857
2022-09-21,VZ,-0.016445458,0.014874101,-0.004960835
2022-09-21,WMT,-0.01067102,0.019144773,-0.02483809
2022-09-22,AAPL,-0.0090036392,0.015629888,0.00087225437
2022-09-22,AMGN,-0.033918023,0.0015581846,-0.01395005
2022-09-22,CRM,0.013199329,-0.0023601055,-0.031909049
2022-09-22,CSCO,-0.011085391,0.0046643019,-0.013074517
2022-09-22,IBM,0.019423723,0.0093153715,0.00040650368
2022-09-22,INTC,-0.0022833943,0.023550391,0.00083720684
2022-09-22,MSFT,0.025102377,0.031055689,-0.013630152
2022-09-22,NKE,-0.029824376,0.001480341,-0.0093442798
2022-09-22,VZ,-0.0076006055,-0.0038121343,-0.016634822
2022-09-22,WMT,-0.0072425604,0.0059076548,-0.010543883
2022-09-23,AAPL,0.0018100739,0.016004086,-0.0048950315
2022-09-23,AMGN,-0.0092276335,0.010874867,-0.022383332
2022-09-23,CRM,0.0005261898,0.014887333,-0.020542145
2022-09-23,CSCO,0.0027762651,0.014030814,-0.01462543
2022-09-23,IBM,-0.012320042,0.016116858,-0.026932001
2022-09-23,INTC,-0.020220637,-0.010435045,-0.0081100464
2022-09-23,MSFT,0.017350316,0.024065971,-0.021910131
2022-09-23,NKE,-0.0088458061,0.015457988,-0.016403735
2022-09-23,VZ,-0.0042580962,0.0089131594,-0.0055977106
2022-09-23,WMT,0.0028620958,0.014616728,-0.01563102
2022-09-26,AAPL,-0.030486941,0.018554091,-0.0096780658
2022-09-26,AMGN,0.021333575,0.019112349,-0.019212425
2022-09-26,CRM,0.028181911,0.014979959,-0.02330029
2022-09-26,CSCO,-0.0035812855,0.0030975342,-0.00072193146
2022-09-26,IBM,-0.0039595962,0.0079078674,-0.0075709224
2022-09-26,INTC,-0.019938469,0.011794209,-0.013954222
2022-09-26,MSFT,-0.015604973,0.015494466,-0.011046648
2022-09-26,NKE,-0.003174901,0.0095798969,-0.0060398579
2022-09-26,VZ,0.006054163,0.015786171,-0.016281188
2022-09-26,WMT,0.0085699558,0.0092469454,-0.015640318
2022-09-27,AAPL,-0.0094718933,0.026667118,-0.035332084
2022-09-27,AMGN,-0.0087462664,0.014189243,0.0011982918
2022-09-27,CRM,-0.004586041,-0.0093080401,-0.016140997
2022-09-27,CSCO,0.019047141,0.0073091984,-0.019391596
2022-09-27,IBM,-0.012617528,0.015621305,-0.006090343
2022-09-27,INTC,-0.024836481,-0.0021837354,-0.003205657
2022-09-27,MSFT,0.0036969185,0.013125777,-0.021607578
2022-09-27,NKE,-0.01820612,0.012915611,-0.018408179
2022-09-27,VZ,-0.0348261,0.0099104643,-0.0059056282
2022-09-27,WMT,-0.0056962371,0.016072273,-0.002579987
2022-09-28,AAPL,-0.006352663,0.013812423,-0.0037446022
2022-09-28,AMGN,-0.0023705959,0.0055978298,-0.0013617277
2022-09-28,CRM,-0.034498394,0.010455251,0.0032582283
2022-09-28,CSCO,-0.016188979,0.0045391321,0.00072777271
2022-09-28,IBM,-0.013925731,0.013607264,-0.0018507242
2022-09-28,INTC,-0.00011831522,0.010535359,0.0049769878
2022-09-28,MSFT,0.034187078,0.020789027,0.0047055483
2022-09-28,NKE,0.0060864687,-0.0036748052,-0.0052325726
2022-09-28,VZ,-0.0006865859,0.011014104,-0.017515481
2022-09-28,WMT,-0.0014890432,0.012529969,-0.010239005
2022-09-29,AAPL,-0.010542512,0.020876527,-0.020982325
2022-09-29,AMGN,-0.015363336,0.01465106,-0.01438278
2022-09-29,CRM,-0.020505548,0.012114048,-0.022261739
2022-09-29,CSCO,-0.011323988,0.0060474873,-0.031457543
2022-09-29,IBM,-0.0032477379,0.0074983835,-0.022354424
2022-09-29,INTC,-0.023265719,0.000415802,0.0036264658
2022-09-29,MSFT,0.0042338371,0.016320944,-0.0099887252
2022-09-29,NKE,0.00041651726,0.021102071,-0.0063788891
2022-09-29,VZ,-0.023178935,0.014400005,-0.0035051107
2022-09-29,WMT,-0.022366583,0.0061215162,-0.013326287
2022-09-30,AAPL,-0.012434244,0.015885949,0.017596126
2022-09-30,AMGN,0.0064301491,0.017162919,0.0026985407
2022-09-30,CRM,0.0076403618,0.018986821,-0.00035208464
2022-09-30,CSCO,-0.013817787,0.015048504,-0.019205093
2022-09-30,IBM,-0.0037419796,0.017511487,-0.0086573958
2022-09-30,INTC,-0.0026605129,0.025738955,-0.021982789
2022-09-30,MSFT,0.014799833,0.019069672,-0.022262096
2022-09-30,NKE,0.010574579,0.00020384789,0.0023910999
2022-09-30,VZ,0.0045530796,0.0014746189,-0.01053077
2022-09-30,WMT,-0.016761303,-0.0068038702,-0.013062537
2022-10-03,AAPL,-0.0039123893,-0.0017287135,-0.015756488
2022-10-03,AMGN,-0.014450252,0.010412693,-0.0024914145
2022-10-03,CRM,0.066830516,0.015275836,-0.0084508061
2022-10-03,CSCO,-0.025960088,-0.0014953017,-0.024974525
2022-10-03,IBM,-0.0089694262,0.01610446,-0.019614816
2022-10-03,INTC,-0.018362343,0.016555667,-0.021193266
2022-10-03,MSFT,-0.03929621,0.003187418,-0.012105167
2022-10-03,NKE,-0.0033527613,0.0074197054,-0.010555863
2022-10-03,VZ,0.010609865,0.010166764,0.0005106926
2022-10-03,WMT,0.012115836,0.0086385012,0.0002155304
2022-10-04,AAPL,-0.031230509,0.026022077,-0.014424562
2022-10-04,AMGN,0.0037864447,0.018394828,-0.0096454024
2022-10-04,CRM,-0.0442276,0.041062236,-0.016746521
2022-10-04,CSCO,-0.022836685,0.003035903,-0.0073676109
2022-10-04,IBM,-0.0098726153,0.0045025349,-0.010699868
2022-10-04,INTC,0.0082511902,0.021145225,-0.018517852
2022-10-04,MSFT,0.038480759,0.01367414,-0.0027450323
2022-10-04,NKE,0.037764907,0.020469546,-0.021752477
2022-10-04,VZ,-0.0049440265,0.013201356,0.0099704266
2022-10-04,WMT,-0.0073178411,0.01808846,-0.0073362589
2022-10-05,AAPL,-0.024190307,0.014638782,-0.01749301
2022-10-05,AMGN,0.005797267,0.01743567,-0.0028510094
2022-10-05,CRM,-0.0090822577,-0.0022365451,-0.034571946
2022-10-05,CSCO,0.020273328,0.015525937,-0.0053107142
2022-10-05,IBM,-0.0019925237,0.0098093748,-0.0096170306
2022-10-05,INTC,-0.012183487,0.017247438,-0.0062750578
2022-10-05,MSFT,-0.023185551,0.0034390688,-0.021118939
2022-10-05,NKE,-0.0021408796,-0.0030465722,-0.002869606
2022-10-05,VZ,-0.0037962198,-0.0049501657,0.016192675
2022-10-05,WMT,-0.0071826577,0.016952991,-0.009472549
2022-10-06,AAPL,0.035521507,0.0053787231,-0.0076549649
2022-10-06,AMGN,-0.011476636,0.002641201,0.0076599121
2022-10-06,CRM,-0.024013281,0.0034060478,-0.02535671
2022-10-06,CSCO,0.0057400465,0.0053044558,-0.020309687
2022-10-06,IBM,-0.006074369,0.017289877,-0.0066593289
2022-10-06,INTC,0.022331238,0.010937333,-0.0039799213
2022-10-06,MSFT,-0.0194996,0.0027147532,-0.010800481
2022-10-06,NKE,-0.0043046474,-0.0029447675,-0.004935801
2022-10-06,VZ,-0.015230477,0.013019919,-0.00011724234
2022-10-06,WMT,-0.029599667,-0.0053638816,-0.011454582
2022-10-07,AAPL,-0.011986077,-0.0068943501,-0.010326445
2022-10-07,AMGN,-0.022349894,0.014352202,-0.022362828
2022-10-07,CRM,-0.0053135753,0.014591455,-0.035040736
2022-10-07,CSCO,-0.012082219,0.012654543,-0.020796239
2022-10-07,IBM,0.0089195967,0.011721373,0.0054830313
2022-10-07,INTC,-0.027687788,0.012274146,0.00089597702
2022-10-07,MSFT,-0.0034442544,0.011294127,0.0030983686
2022-10-07,NKE,-0.0064184666,0.012424469,-0.021146655
2022-10-07,VZ,0.0034400225,-0.0062661171,-0.012718618
2022-10-07,WMT,-0.021296203,0.013098478,-0.016125381
2022-10-10,AAPL,-0.0094183683,0.0081847906,-0.025101364
2022-10-10,AMGN,0.0084513426,0.0131706,-4.7206879e-05
2022-10-10,CRM,-0.014840484,0.019619107,-0.036891282
2022-10-10,CSCO,0.0018314123,0.01279676,-0.02327615
2022-10-10,IBM,-0.00047892332,0.019342542,-0.0059836507
2022-10-10,INTC,-0.0093954206,-0.0055212975,-0.012508392
2022-10-10,MSFT,-0.0024339557,0.0049781799,-0.004684031
2022-10-10,NKE,0.0052876472,0.027165055,0.0078669786
2022-10-10,VZ,0.013216019,0.0081372261,0.0027730465
2022-10-10,WMT,0.012044787,5.3048134e-05,-0.0058637857
2022-10-11,AAPL,-0.0083225965,0.023138165,-0.016368985
2022-10-11,AMGN,-0.001029551,0.015664816,-0.0080395341
2022-10-11,CRM,0.0027248859,0.023168683,-0.0033563972
2022-10-11,CSCO,-0.025670707,0.033670306,-0.011581302
2022-10-11,IBM,-0.0088371038,0.0084308386,-0.010199904
2022-10-11,INTC,0.016519189,0.01469624,-0.019887447
2022-10-11,MSFT,-0.011199296,0.0056452751,-0.010593414
2022-10-11,NKE,-0.028081834,0.012380004,-0.0094780326
2022-10-11,VZ,-0.00076216459,0.022639632,-0.010493696
2022-10-11,WMT,0.0046737194,0.0065718889,-0.016050994
2022-10-12,AAPL,-0.0038056374,0.021418333,-0.017906427
2022-10-12,AMGN,-0.0099723935,0.014682651,-0.0050218701
2022-10-12,CRM,-0.014365256,0.033577085,-0.016827106
2022-10-12,CSCO,0.0080455542,0.014609694,-0.018509388
2022-10-12,IBM,-0.005576551,0.013247371,-0.010241389
2022-10-12,INTC,0.017173409,0.0051958561,0.014148235
2022-10-12,MSFT,-0.007788837,0.019832253,-0.0068745613
2022-10-12,NKE,-0.0047620535,0.0073502064,-0.01012367
2022-10-12,VZ,-0.01132232,-0.0038616061,-0.0072137117
2022-10-12,WMT,0.00058603287,0.011334419,-0.014017224
2022-10-13,AAPL,-0.010375381,0.0111022,-0.0018377304
2022-10-13,AMGN,-0.012879491,0.017196059,-0.0084434748
2022-10-13,CRM,0.0033556223,-0.0012949705,-0.017512381
2022-10-13,CSCO,-0.019603193,0.0090612173,0.0019372702
2022-10-13,IBM,-0.021087706,0.017334819,-0.02786386
2022-10-13,INTC,0.0048903227,0.009857893,-0.018095016
2022-10-13,MSFT,-0.001373291,0.0260005,-0.0095024705
2022-10-13,NKE,-0.009411037,0.022987843,-0.0021832585
2022-10-13,VZ,-0.020153821,-0.0023090243,-0.0013499856
2022-10-13,WMT,-0.0098382831,0.0090068579,-0.011645615
2022-10-14,AAPL,-0.023065388,0.019915104,-0.014830649
2022-10-14,AMGN,-0.0095901489,0.0099701881,-0.0049389005
2022-10-14,CRM,-0.042368233,0.022097826,-0.0096960068
2022-10-14,CSCO,-0.004468441,0.0077857971,-0.022158742
2022-10-14,IBM,0.0053924322,0.011401534,-0.01210618
2022-10-14,INTC,0.02194488,0.013762236,0.006503582
2022-10-14,MSFT,0.0088671446,0.010648012,-0.021520019
2022-10-14,NKE,-0.023523748,0.0034680367,0.0035266876
2022-10-14,VZ,-0.019563854,0.0095572472,-0.01017499
2022-10-14,WMT,-0.0020438433,0.01496911,-0.011405885
2022-10-17,AAPL,-0.0062969923,-0.015595078,-0.018044889
2022-10-17,AMGN,-0.0056844354,0.0058326721,-0.012593806
2022-10-17,CRM,0.0026812553,0.0093796253,-0.034850299
2022-10-17,CSCO,-0.045284271,0.013620496,-0.023559928
2022-10-17,IBM,-0.0078005195,-0.003911674,-0.019034564
2022-10-17,INTC,-0.017795444,0.0067315102,-0.024659216
2022-10-17,MSFT,-0.0024456978,0.034127116,-0.014504254
2022-10-17,NKE,-0.020181775,0.026029944,-0.012826979
2022-10-17,VZ,-0.015691161,-0.0071950555,-0.0088832378
2022-10-17,WMT,0.0048627853,0.011801481,-0.0044329166
2022-10-18,AAPL,0.024775743,0.032566428,-0.028363943
2022-10-18,AMGN,-0.026786268,0.0060768127,-0.0021266341
2022-10-18,CRM,0.035554409,0.020919919,-0.0074812174
2022-10-18,CSCO,-0.0086185336,-0.012472332,-0.0075634718
2022-10-18,IBM,0.013045669,0.00065398216,0.0022218227
2022-10-18,INTC,0.0021901131,0.015239716,0.0067257881
2022-10-18,MSFT,-0.0089033842,-0.013352334,-0.017402291
2022-10-18,NKE,-0.038732052,0.0026941299,0.025788546
2022-10-18,VZ,0.01297009,0.010786891,0.0051232576
2022-10-18,WMT,0.015613198,0.013442993,-0.0056276321
2022-10-19,AAPL,0.018705249,0.0051101446,-0.0078487396
2022-10-19,AMGN,0.030608177,0.013898611,-0.019880176
2022-10-19,CRM,0.011407375,0.030751109,-0.0043799281
2022-10-19,CSCO,0.026373982,0.017434835,-0.012635946
2022-10-19,IBM,-0.015300453,0.0020953417,-0.0066900849
2022-10-19,INTC,0.014139533,0.0018533468,0.0078725815
2022-10-19,MSFT,-0.0074247122,0.014750957,-0.025043428
2022-10-19,NKE,-0.018268883,0.014560223,-0.010012388
2022-10-19,VZ,0.0028730631,0.010071158,-0.026880503
2022-10-19,WMT,-0.022267103,0.017348528,-0.0046626925
2022-10-20,AAPL,-0.038326621,0.0051250458,-0.0012425184
2022-10-20,AMGN,-0.0091069937,0.027130246,-0.00055837631
2022-10-20,CRM,-0.035709202,0.020083785,0.024358511
2022-10-20,CSCO,0.0052037239,0.017348409,-0.01692003
2022-10-20,IBM,0.024205327,0.018807292,0.0057183504
2022-10-20,INTC,0.052714705,0.033763885,-0.029334724
2022-10-20,MSFT,0.0024825335,0.0082572699,-0.012796223
2022-10-20,NKE,-0.0037704706,0.0066800117,0.0098780394
2022-10-20,VZ,-0.017680049,0.0044118166,-0.0031921268
2022-10-20,WMT,0.007439971,0.0052162409,-0.0049086213
2022-10-21,AAPL,-0.016581476,0.021634459,-0.0059334636
2022-10-21,AMGN,0.0040318966,0.0098649263,-0.0043720603
2022-10-21,CRM,0.020482183,0.0079408884,-0.029718816
2022-10-21,CSCO,-0.0053117275,0.024325371,-0.010341167
2022-10-21,IBM,5.9485435e-05,0.025924325,-0.0018599629
2022-10-21,INTC,-0.013198137,0.0060559511,-0.014327168
2022-10-21,MSFT,0.029060841,0.0064196587,-0.015642583
2022-10-21,NKE,0.010806441,0.017381907,0.00076544285
2022-10-21,VZ,-0.039257228,0.010589957,-0.0054870248
2022-10-21,WMT,-0.0066132545,0.010955811,-0.014286995
2022-10-24,AAPL,-0.013589203,0.0058495998,-0.024561048
2022-10-24,AMGN,-0.033009529,0.018977761,0.013730645
2022-10-24,CRM,0.032545805,0.021818638,0.02966857
2022-10-24,CSCO,0.016700625,0.021575928,0.0066515207
2022-10-24,IBM,-0.0015765429,0.014217019,0.0044560432
2022-10-24,INTC,0.0051634312,-0.013060808,-0.00069725513
2022-10-24,MSFT,-0.014984965,-0.018635035,-0.014912784
2022-10-24,NKE,0.01057446,0.00034928322,-0.0093366504
2022-10-24,VZ,-0.011122286,-0.0088467002,0.0036667585
2022-10-24,WMT,-0.023994923,0.010824919,-0.0095084906
2022-10-25,AAPL,0.002043128,0.0065549612,-0.011332572
2022-10-25,AMGN,-0.031888962,0.0058704615,-0.020157099
2022-10-25,CRM,-0.032409668,0.02867341,-0.021407902
2022-10-25,CSCO,-0.020812094,0.023934603,-0.0070218444
2022-10-25,IBM,0.022528768,0.015527487,-0.0068634152
2022-10-25,INTC,-0.0045375228,0.0087035894,-0.014946103
2022-10-25,MSFT,-0.0057522058,-0.0063708425,-0.025497615
2022-10-25,NKE,-0.0012965202,0.0036116838,-0.003585875
2022-10-25,VZ,-0.0010926723,0.0034496784,-0.012643337
2022-10-25,WMT,-0.026992559,0.024341464,-0.0024162531
2022-10-26,AAPL,0.0081458092,0.018609405,-0.011464179
2022-10-26,AMGN,-0.014712751,0.034518123,-0.0041712523
2022-10-26,CRM,0.0013011694,0.018159986,-0.023536325
2022-10-26,CSCO,-0.027300119,-0.010062873,0.0020674467
2022-10-26,IBM,0.00061571598,0.0096992254,-0.0062540174
2022-10-26,INTC,0.003205061,0.014803529,-0.011654913
2022-10-26,MSFT,0.0001680851,-0.0085375905,-0.016513169
2022-10-26,NKE,-0.01112473,0.017224312,-0.0067566037
2022-10-26,VZ,-0.017950296,0.028989911,-0.007443428
2022-10-26,WMT,9.6559525e-05,0.0094152689,-0.0013200045
2022-10-27,AAPL,-0.0081789494,0.0098931789,-0.018698573
2022-10-27,AMGN,0.0010719299,0.020298719,-0.01156503
2022-10-27,CRM,-0.026465535,0.012419462,-0.0088840127
2022-10-27,CSCO,-0.010331511,0.010951877,-0.0064596534
2022-10-27,IBM,0.0019953251,0.019240499,-0.001660645
2022-10-27,INTC,-0.016493976,0.011710048,-0.0097882748
2022-10-27,MSFT,0.0022574663,0.026032329,-0.0075020194
2022-10-27,NKE,0.027994871,0.0094833374,-0.017041445
2022-10-27,VZ,-0.00376755,0.0081492662,-0.013883054
2022-10-27,WMT,-0.018288493,-0.0020884275,0.0016516447
2022-10-28,AAPL,0.0059652328,0.025967598,-0.031664848
2022-10-28,AMGN,-0.032628119,0.02203393,-0.014109075
2022-10-28,CRM,0.017403364,0.027317524,-0.026934564
2022-10-28,CSCO,-0.032467723,0.02249527,-0.0084350705
2022-10-28,IBM,-0.0087786317,0.027682304,-0.0051695108
2022-10-28,INTC,0.018059134,0.027148008,0.0020161867
2022-10-28,MSFT,-0.00026082993,-0.012743115,-0.016418099
2022-10-28,NKE,0.015235305,0.010258913,-0.00638026
2022-10-28,VZ,0.00032615662,0.0066367388,0.017373443
2022-10-28,WMT,0.0090038776,0.014513135,-0.0114851
2022-10-31,AAPL,0.0028847456,0.028311014,-0.012021244
2022-10-31,AMGN,-0.0068814754,0.0116961,-0.0033932328
2022-10-31,CRM,-0.039740145,0.010431051,-0.028933585
2022-10-31,CSCO,-0.01399368,0.012210727,0.0016798973
2022-10-31,IBM,-0.010884583,0.0023528337,0.0017720461
2022-10-31,INTC,-0.025786102,0.0046076775,-0.0064787865
2022-10-31,MSFT,0.025977015,-0.0064854622,-0.0031210184
2022-10-31,NKE,-0.012942553,0.0057948828,-0.020499766
2022-10-31,VZ,-0.016863644,0.0094628334,-0.0035697222
2022-10-31,WMT,-0.0030380487,0.019081116,0.0052555799
2022-11-01,AAPL,-0.013254225,0.011796117,0.008491993
2022-11-01,AMGN,0.0055333376,0.024062157,-0.0031666756
2022-11-01,CRM,0.037091494,-0.010137379,-0.046159327
2022-11-01,CSCO,0.0018266439,0.022120118,-0.013991296
2022-11-01,IBM,0.00068831444,0.023311734,-0.015724301
2022-11-01,INTC,-0.026388466,0.018321157,-0.012116373
2022-11-01,MSFT,-0.0088134408,0.016058445,-0.012586713
2022-11-01,NKE,-0.013231158,0.0016852617,-0.023880601
2022-11-01,VZ,-0.0083311796,0.01042068,0.0073492527
2022-11-01,WMT,-0.0015271306,0.022733092,-0.0034096837
2022-11-02,AAPL,-0.03355372,0.0026547909,-0.03003329
2022-11-02,AMGN,-0.0054110885,0.018644214,-0.0046665072
2022-11-02,CRM,-0.065330684,-0.0044826269,-0.025266767
2022-11-02,CSCO,-0.03426677,0.013990045,0.00039958954
2022-11-02,IBM,0.0015769005,0.0054517984,-0.012258708
2022-11-02,INTC,-0.038053751,0.010467052,-0.025059283
2022-11-02,MSFT,0.00041866302,0.012854338,-0.0063160658
2022-11-02,NKE,-0.03101182,0.012443542,-0.0048176646
2022-11-02,VZ,-0.020583153,0.01126039,-0.014192581
2022-11-02,WMT,0.022844315,-0.0010569096,-0.004427731
2022-11-03,AAPL,0.0027199984,0.014245629,0.010751247
2022-11-03,AMGN,-0.036349058,0.010640979,-0.0088763237
2022-11-03,CRM,0.040593386,0.023337364,-0.00046813488
2022-11-03,CSCO,-0.044576943,-0.0039774776,-0.017701149
2022-11-03,IBM,-0.01122278,0.0051403046,-0.033470869
2022-11-03,INTC,-0.025513947,0.0093909502,-0.026896179
2022-11-03,MSFT,-0.0084015727,0.0095211267,-0.0099223256
2022-11-03,NKE,0.017029762,-0.00052964687,-0.010255873
2022-11-03,VZ,-0.0042936206,0.016300917,-0.017804623
2022-11-03,WMT,-0.017927825,0.018569946,-7.557869e-05
2022-11-04,AAPL,0.0045483112,-0.0056148171,0.0085122585
2022-11-04,AMGN,-0.0079112649,0.012250781,0.0063662529
2022-11-04,CRM,-0.0095172524,0.011313319,-0.025956094
2022-11-04,CSCO,-0.021011293,0.01393652,-0.014214098
2022-11-04,IBM,-0.01810205,0.013268948,-0.014046788
2022-11-04,INTC,0.0052406788,0.010856748,-0.0035361052
2022-11-04,MSFT,0.0061472654,0.0020247698,-0.022960186
2022-11-04,NKE,-0.0058320165,0.031953096,-0.016396821
2022-11-04,VZ,-0.0021986961,-0.0013858676,-0.026339352
2022-11-04,WMT,-0.0218575,0.0067734718,-0.0029845834
2022-11-07,AAPL,-0.011567116,0.018475771,-0.020558774
2022-11-07,AMGN,-0.01501143,0.012069106,-0.0078658462
2022-11-07,CRM,0.025217652,0.0059232712,-0.013893962
2022-11-07,CSCO,0.00058615208,-0.0066270828,-0.012053311
2022-11-07,IBM,-0.01750052,0.0094642639,-0.027661324
2022-11-07,INTC,0.0027985573,0.010746002,-0.022396326
2022-11-07,MSFT,0.0057399273,0.03602612,-0.0089463592
2022-11-07,NKE,-0.014093697,0.00077629089,-0.0037449598
2022-11-07,VZ,-8.1121922e-05,0.01164031,0.0038026571
2022-11-07,WMT,-0.01816088,0.0042284727,-0.0068327188
2022-11-08,AAPL,-0.0020282269,0.0078014135,-0.016963482
2022-11-08,AMGN,0.046702981,-0.0046824217,0.003772378
2022-11-08,CRM,-0.024586141,0.017941117,-0.0012914538
2022-11-08,CSCO,-0.012265503,0.010949612,0.0074685812
2022-11-08,IBM,-0.00046724081,-0.0052917004,0.0067071915
2022-11-08,INTC,0.02009356,0.0039672852,-0.0092734694
2022-11-08,MSFT,-0.0013465285,0.010920882,-0.013976157
2022-11-08,NKE,-0.0034189224,0.020367384,-0.01172477
2022-11-08,VZ,-0.01325947,0.020491481,0.0048348904
2022-11-08,WMT,-0.0039600134,-0.0086987019,-0.010448694
2022-11-09,AAPL,0.0016361475,0.005474329,-0.022240818
2022-11-09,AMGN,-0.022918582,-0.004101634,-0.018582046
2022-11-09,CRM,0.0063484907,0.055899858,0.005461812
2022-11-09,CSCO,-0.0025587082,0.0012351274,-0.0057830215
2022-11-09,IBM,0.026929975,-0.005699873,0.0010313988
2022-11-09,INTC,-0.028338015,0.01796329,0.010335326
2022-11-09,MSFT,-0.010136187,0.014478445,-0.0033710003
2022-11-09,NKE,0.014100552,0.039810896,-0.0047841072
2022-11-09,VZ,0.009973526,0.013924122,-0.013923466
2022-11-09,WMT,0.0079185963,-0.003044486,-0.011523783
2022-11-10,AAPL,0.00047636032,-0.0080099702,0.0053348541
2022-11-10,AMGN,0.0087957382,0.013948441,-0.0038070083
2022-11-10,CRM,-0.030976593,0.028352737,-0.023733497
2022-11-10,CSCO,-0.018299222,0.023262858,-0.0075460076
2022-11-10,IBM,0.015761137,0.013231874,-0.0058087707
2022-11-10,INTC,-0.028159142,0.020488381,-0.013461828
2022-11-10,MSFT,0.019405246,0.0024428368,-0.022755742
2022-11-10,NKE,-0.014816463,0.03793335,-0.031417787
2022-11-10,VZ,-0.027646303,0.0066413879,0.0011366606
2022-11-10,WMT,0.0052427053,0.0076578856,-0.011452317
2022-11-11,AAPL,-0.011846125,0.00032246113,-0.0099442601
2022-11-11,AMGN,-0.010352373,-0.0071806908,-0.0036952496
2022-11-11,CRM,-0.032087326,0.018489361,-0.035952091
2022-11-11,CSCO,-0.0084364414,0.012337804,-0.024162769
2022-11-11,IBM,-0.010146499,-0.0030002594,0.0062501431
2022-11-11,INTC,0.016756535,7.0810318e-05,-0.0011072159
2022-11-11,MSFT,-0.028657675,0.011345625,-0.007501781
2022-11-11,NKE,0.006773591,0.03891623,-0.020438433
2022-11-11,VZ,-0.0021882057,0.015846729,-0.0039331913
2022-11-11,WMT,0.0042853355,0.013269305,-0.024768472
2022-11-14,AAPL,-0.029273152,0.02015388,-0.015940428
2022-11-14,AMGN,0.0069109201,0.020983696,0.0033950806
2022-11-14,CRM,-0.029304504,0.034431458,0.0002976656
2022-11-14,CSCO,0.027913928,0.0098081827,-0.01108098
2022-11-14,IBM,-0.0076383948,0.0079344511,0.00089943409
2022-11-14,INTC,0.012682676,-0.00030946732,-0.016864955
2022-11-14,MSFT,0.0070663691,-0.0020124316,-0.015124261
2022-11-14,NKE,-0.052026153,0.019978642,-0.019660115
2022-11-14,VZ,0.021877289,0.016445994,-0.016505897
2022-11-14,WMT,-0.0057623982,0.0062289238,-0.0066254139
2022-11-15,AAPL,-0.0099297762,0.016614556,-0.021356404
2022-11-15,AMGN,-0.033376992,0.0069730282,0.0057702065
2022-11-15,CRM,0.010573626,0.031143069,-0.02826035
2022-11-15,CSCO,-0.021361232,0.0055083036,-0.017811358
2022-11-15,IBM,0.0066161156,0.01298213,-0.012510657
2022-11-15,INTC,0.022033334,0.0089788437,-0.011141837
2022-11-15,MSFT,-0.027964056,-0.007522583,-0.010523379
2022-11-15,NKE,0.0054137707,0.0055972338,-0.029288948
2022-11-15,VZ,-0.020534039,0.016146898,-0.012900293
2022-11-15,WMT,0.0098905563,-0.0058259964,-0.0069369674
2022-11-16,AAPL,0.0023684502,-0.0096515417,-0.0031362176
2022-11-16,AMGN,0.022847056,0.012650013,0.0026620626
2022-11-16,CRM,0.012926579,0.036290765,-0.022226751
2022-11-16,CSCO,-0.022829831,0.017686486,-0.0047593713
2022-11-16,IBM,-0.00443995,0.0060809851,-0.017430723
2022-11-16,INTC,0.014782548,0.01126039,-0.0092320442
2022-11-16,MSFT,0.0018656254,-0.0044414997,-0.0083504915
2022-11-16,NKE,0.0039336681,0.014460325,-0.0085143447
2022-11-16,VZ,-0.00029242039,0.016484857,-0.011609018
2022-11-16,WMT,0.014598012,0.0081760883,0.0067634583
2022-11-17,AAPL,-0.00084990263,-0.0033075213,-0.010485291
2022-11-17,AMGN,-0.014228761,0.016474128,-0.018707156
2022-11-17,CRM,-0.020549476,-0.0096994042,-0.00066632032
2022-11-17,CSCO,-0.024260044,-0.0014176369,-0.0011748075
2022-11-17,IBM,-0.00070625544,0.010983348,0.0027762651
2022-11-17,INTC,0.046587467,0.020010591,-0.005151391
2022-11-17,MSFT,-0.0110659,0.017939806,-0.014163911
2022-11-17,NKE,-0.01633364,0.0049574375,0.015824676
2022-11-17,VZ,0.00043737888,0.025084376,-0.0095335245
2022-11-17,WMT,-0.0020852089,0.01188755,-0.016179621
2022-11-18,AAPL,-0.011028349,0.035088658,-0.0029028654
2022-11-18,AMGN,-0.029912829,0.029157877,-0.0018434525
2022-11-18,CRM,0.018326998,0.010410905,-0.023633301
2022-11-18,CSCO,0.003354311,0.0011539459,0.004118681
2022-11-18,IBM,-0.020572305,0.014651299,-0.0021841526
2022-11-18,INTC,0.02634275,-0.0030807853,-0.0073692799
2022-11-18,MSFT,-0.02116555,-0.0073575377,-0.0032146573
2022-11-18,NKE,0.011215568,0.010267615,0.007145524
2022-11-18,VZ,-0.0064582825,0.019110084,-0.0073353648
2022-11-18,WMT,-0.011747062,0.02871716,-0.009816587
2022-11-21,AAPL,-0.020061195,-0.0060774684,-0.0014104843
2022-11-21,AMGN,-0.028858662,0.019004464,-0.025508523
2022-11-21,CRM,0.018463373,0.0061577559,-0.0094484091
2022-11-21,CSCO,0.022677898,0.0050934553,-0.017202437
2022-11-21,IBM,0.0014818907,-0.0022856593,-0.0096232295
2022-11-21,INTC,0.0086649656,0.0085769892,-0.011011899
2022-11-21,MSFT,0.0037156343,0.026422977,-0.011444271
2022-11-21,NKE,-0.028026462,0.023811698,0.0035271645
2022-11-21,VZ,0.0038520098,0.018978,-0.00078946352
2022-11-21,WMT,0.0038084984,0.0092407465,-0.0013442039
2022-11-22,AAPL,-0.019666433,0.013960719,-0.0013776422
2022-11-22,AMGN,0.020807743,0.017251611,0.0013599396
2022-11-22,CRM,-0.020069599,0.015344143,-0.0052329898
2022-11-22,CSCO,-0.0048333406,-0.0028856397,-0.0044060946
2022-11-22,IBM,-0.020338476,-0.0012059808,-0.0085642934
2022-11-22,INTC,0.003665328,0.030982494,0.0068128109
2022-11-22,MSFT,0.028249621,0.015767932,-0.014165282
2022-11-22,NKE,0.018151999,0.011356831,-0.023652554
2022-11-22,VZ,-0.027955353,0.0039229393,-0.0023796558
2022-11-22,WMT,-0.020827949,0.010152102,-0.0018416047
2022-11-23,AAPL,0.019729137,0.030171871,-0.026493132
2022-11-23,AMGN,-0.0048031211,0.00097858906,-0.0089460611
2022-11-23,CRM,-0.039627433,0.011867762,-0.018423557
2022-11-23,CSCO,-0.018244386,0.013844132,-0.015606999
2022-11-23,IBM,0.013476014,0.0082472563,-0.012158751
2022-11-23,INTC,-0.011979103,-0.0092435479,-0.0018398762
2022-11-23,MSFT,0.01078999,0.040478468,0.003745079
2022-11-23,NKE,-0.043648303,0.019924283,-0.019966364
2022-11-23,VZ,0.013890982,0.022190928,0.0053837299
2022-11-23,WMT,-0.016908824,0.010522962,-0.018709302
2022-11-25,AAPL,-0.0073956251,0.00091791153,-0.0021624565
2022-11-25,AMGN,-0.014161408,0.0010148287,2.0623207e-05
2022-11-25,CRM,-0.016824543,0.034486651,-0.01044035
2022-11-25,CSCO,-0.0030766129,0.012403607,-0.017221749
2022-11-25,IBM,-0.0099880695,0.0057376623,-0.011275947
2022-11-25,INTC,-0.040364325,0.017856479,-0.015114248
2022-11-25,MSFT,-0.01560694,-0.0011543632,-0.010429084
2022-11-25,NKE,-0.012453437,0.018258691,-0.016909957
2022-11-25,VZ,-0.010320723,-0.0089739561,-0.00091058016
2022-11-25,WMT,0.0041737556,0.0053539276,0.0057108402
2022-11-28,AAPL,-0.0079963803,0.030244589,-0.034232378
2022-11-28,AMGN,-0.026078701,0.0044338703,-0.011999786
2022-11-28,CRM,-0.014497459,0.045154095,-0.034877837
2022-11-28,CSCO,0.0072271824,0.015764713,0.0013335943
2022-11-28,IBM,0.010803461,0.0072327852,-0.013943732
2022-11-28,INTC,-0.027447283,0.01103127,-0.0065111518
2022-11-28,MSFT,0.011614084,-0.0048900843,-0.010860026
2022-11-28,NKE,0.0048947334,0.00081503391,0.0021476746
2022-11-28,VZ,0.0081115961,0.011794209,-0.012548268
2022-11-28,WMT,-0.0023489594,0.0056135654,0.006024003
2022-11-29,AAPL,-0.020804763,-0.010691464,-0.033160925
2022-11-29,AMGN,-0.0094029307,0.020642281,0.0072917938
2022-11-29,CRM,0.0033358335,0.0076137781,-0.023057103
2022-11-29,CSCO,-0.016617298,0.026099801,-0.016317487
2022-11-29,IBM,-0.023000419,0.0088489056,-0.0086637139
2022-11-29,INTC,-0.021918952,-0.014893889,-0.011006474
2022-11-29,MSFT,0.011917949,0.013964772,-0.0022794604
2022-11-29,NKE,0.0090198517,0.0150913,-0.021518052
2022-11-29,VZ,0.0011429787,0.0021156073,-0.023709416
2022-11-29,WMT,-0.029710591,-0.00094294548,-0.014748693
2022-11-30,AAPL,-0.01187253,0.014177322,-0.0050978065
2022-11-30,AMGN,-0.0092184544,0.016003251,-0.011752725
2022-11-30,CRM,0.0072311163,0.035144091,-0.027952731
2022-11-30,CSCO,-0.013818264,0.0043218136,-0.016411781
2022-11-30,IBM,-0.017321944,0.0031023026,-0.0097315907
2022-11-30,INTC,-0.0052771568,0.033308864,-0.014445662
2022-11-30,MSFT,0.014273405,0.021222472,-0.0019291043
2022-11-30,NKE,-0.031471014,0.028002739,-0.008728683
2022-11-30,VZ,-0.0037876368,0.013348818,-0.010894835
2022-11-30,WMT,0.00035607815,0.02033174,-0.0018410087
2022-12-01,AAPL,0.015185356,0.010282755,-0.0029209256
2022-12-01,AMGN,0.0033347607,0.0164994,-0.0083150864
2022-12-01,CRM,0.0050512552,-0.0052836537,0.013021469
2022-12-01,CSCO,-0.015335798,-0.0056111813,-0.033116043
2022-12-01,IBM,-0.012796998,0.0031510592,0.0015701056
2022-12-01,INTC,-0.034368575,-0.00085115433,-0.020403862
2022-12-01,MSFT,-0.021539986,-0.00091081858,-0.0081946254
2022-12-01,NKE,-0.006891489,-0.0054666996,-0.0071174502
2022-12-01,VZ,-0.015393555,0.0055431128,-0.017679513
2022-12-01,WMT,-0.0059639215,0.010232091,-0.017292798
2022-12-02,AAPL,0.0079667568,0.02936995,-0.011164546
2022-12-02,AMGN,-0.024254382,-0.010998368,-0.014695227
2022-12-02,CRM,0.015811801,0.020246983,0.020269871
2022-12-02,CSCO,0.020389318,0.0015361309,-0.0039259195
2022-12-02,IBM,0.0014493465,0.013044,-0.0023142695
2022-12-02,INTC,-0.00016355515,0.022926092,-0.0043052435
2022-12-02,MSFT,-0.0072277784,3.1113625e-05,0.0079143047
2022-12-02,NKE,0.0025185347,0.030713081,-0.024771452
2022-12-02,VZ,-0.011813164,0.014273286,-0.0019592047
2022-12-02,WMT,0.013472319,0.0077213049,0.0048133135
2022-12-05,AAPL,-0.035678804,0.014866352,-0.011144638
2022-12-05,AMGN,-0.012664914,0.013318419,-0.0095734596
2022-12-05,CRM,-0.012486219,0.033375144,-0.012785554
2022-12-05,CSCO,0.025852084,0.013702869,-0.016840219
2022-12-05,IBM,-0.026378572,0.016162276,-0.015594423
2022-12-05,INTC,-0.030210495,0.016942024,-0.02047801
2022-12-05,MSFT,-0.0099105239,0.0068775415,-0.018441737
2022-12-05,NKE,0.01273334,0.0099036694,-0.0075196624
2022-12-05,VZ,0.002092123,0.024117112,-0.0090793371
2022-12-05,WMT,-0.01514852,0.012362361,-0.0039069057
2022-12-06,AAPL,-0.00045835972,0.019752622,-0.0035224557
2022-12-06,AMGN,0.0075968504,0.02682054,-0.011517882
2022-12-06,CRM,0.018331647,0.0066974163,-0.027553499
2022-12-06,CSCO,-0.016995668,0.010114074,-0.010367513
2022-12-06,IBM,-0.016703427,0.0090658665,-0.0093700886
2022-12-06,INTC,0.010976434,0.017771125,-0.026269972
2022-12-06,MSFT,-0.034163475,0.0061343908,-0.0070233345
2022-12-06,NKE,0.0014921427,0.018056154,-0.024024725
2022-12-06,VZ,-0.018705845,0.0067901611,-0.0010527968
2022-12-06,WMT,-0.023017764,0.0082757473,-0.0014203787
2022-12-07,AAPL,-0.0005787015,0.021075845,-0.011826158
2022-12-07,AMGN,-0.0071641207,-0.00366503,-0.00078821182
2022-12-07,CRM,-0.030747712,0.003467679,-0.012898684
2022-12-07,CSCO,-0.0067430139,0.0057559013,-0.021051705
2022-12-07,IBM,0.011669874,0.0088174343,0.0093095303
2022-12-07,INTC,-0.025423646,0.013727427,-0.0042465925
2022-12-07,MSFT,-0.015634775,0.016204953,-0.013332427
2022-12-07,NKE,-0.032551944,-0.0016055703,-0.014593899
2022-12-07,VZ,0.023299217,-0.0061952472,-0.020049334
2022-12-07,WMT,-0.0020561814,-0.0013667345,-0.0081220865
2022-12-08,AAPL,-0.020675361,0.015406489,-0.0124892
2022-12-08,AMGN,0.017396569,0.013789058,-0.015304029
2022-12-08,CRM,-0.025288761,0.017629504,-0.031111658
2022-12-08,CSCO,-0.028034329,0.0062345266,-0.012405694
2022-12-08,IBM,-0.00015515089,0.014367104,-0.0071536303
2022-12-08,INTC,-0.0098589063,0.0048530102,-0.010839462
2022-12-08,MSFT,-0.02136153,-0.0050097108,-0.012546659
2022-12-08,NKE,-0.0052980185,-0.0023637414,-0.017330587
2022-12-08,VZ,-0.024221122,-0.0066323876,-0.01637727
2022-12-08,WMT,0.0059810877,0.0043017864,-0.0051448941
2022-12-09,AAPL,0.014621973,-0.0094990134,-0.0037823319
2022-12-09,AMGN,-0.020407319,0.0092346668,-0.013098061
2022-12-09,CRM,-0.047357261,0.020763278,-0.036948323
2022-12-09,CSCO,-0.016647041,0.013384461,0.002903223
2022-12-09,IBM,0.014138222,0.020316124,-0.0094826818
2022-12-09,INTC,0.0074493885,0.012265801,-0.011413097
2022-12-09,MSFT,0.0038479567,0.0015265942,-0.014986992
2022-12-09,NKE,0.0065876245,0.021271586,-0.0091052055
2022-12-09,VZ,0.030616283,0.0029002428,-0.016945601
2022-12-09,WMT,0.016187668,0.011655807,0.00098931789
2022-12-12,AAPL,0.013254285,0.0027980804,-0.010429382
2022-12-12,AMGN,0.021980762,0.0081894398,0.0038893223
2022-12-12,CRM,-0.031522691,-0.0026009679,-0.040631413
2022-12-12,CSCO,-0.0223248,-0.004029274,-0.00011515617
2022-12-12,IBM,0.014722586,0.013810515,-0.0013136268
2022-12-12,INTC,-0.034195662,0.030465961,-0.0079312921
2022-12-12,MSFT,-0.03622961,0.026389003,-0.025367558
2022-12-12,NKE,-0.0035365224,-0.0027018189,0.0051420927
2022-12-12,VZ,-0.014086545,0.0050605536,-0.0069606304
2022-12-12,WMT,-0.0066772103,0.028277755,-0.018893182
2022-12-13,AAPL,0.014038205,0.009781599,-0.01227206
2022-12-13,AMGN,0.012346625,0.02389276,-0.013104916
2022-12-13,CRM,0.00030958652,0.027535796,-0.01573199
2022-12-13,CSCO,0.020256639,0.020475268,-0.016113997
2022-12-13,IBM,0.0023840666,0.0095170736,-0.0088113546
2022-12-13,INTC,-0.02739048,0.012822986,-0.01035589
2022-12-13,MSFT,-0.0066895485,-0.0073568225,-0.010653615
2022-12-13,NKE,-0.003264606,0.019216418,0.005658865
2022-12-13,VZ,-0.0069149137,-0.001113832,-0.0047755241
2022-12-13,WMT,-0.00024908781,0.0075780153,-0.015884578
2022-12-14,AAPL,0.0031830072,-0.00059407949,-0.0041046143
2022-12-14,AMGN,-0.017415881,-0.0065150857,0.0057200193
2022-12-14,CRM,-0.0025519133,0.016578674,-0.0017475486
2022-12-14,CSCO,-0.0011585355,0.010960817,0.0055662394
2022-12-14,IBM,0.0062923431,0.01051569,-0.021798611
2022-12-14,INTC,0.0079898834,0.014751911,-0.014263213
2022-12-14,MSFT,-0.014864564,0.0055040121,-0.0016651154
2022-12-14,NKE,0.0086349249,0.00090825558,-0.012252569
2022-12-14,VZ,-0.0021924973,-0.0014277101,-0.0039470792
2022-12-14,WMT,-0.014101624,0.0016431808,-0.01159209
2022-12-15,AAPL,0.011150122,0.0077667236,-0.016196012
2022-12-15,AMGN,0.018701553,0.002676487,-0.00074768066
2022-12-15,CRM,-0.033895195,0.028552771,-0.010334969
2022-12-15,CSCO,0.0060482025,0.011173606,-0.011618555
2022-12-15,IBM,0.012622237,0.019352078,-0.017508388
2022-12-15,INTC,-0.0063620806,0.019133687,-0.0044040084
2022-12-15,MSFT,-0.018402517,-0.0018526912,-0.022400975
2022-12-15,NKE,0.0086517334,-0.020783663,-0.003095448
2022-12-15,VZ,0.00076973438,0.009955287,-0.0050808787
2022-12-15,WMT,-0.020154893,0.010971427,-0.0042902231
2022-12-16,AAPL,-0.036582649,0.018366814,-0.0294981
2022-12-16,AMGN,0.00073933601,0.015069842,-0.013302684
2022-12-16,CRM,0.0086159706,0.01751864,0.011171937
2022-12-16,CSCO,0.048775673,0.00015592575,-0.010001063
2022-12-16,IBM,0.0071804523,0.0013788939,-0.011425853
2022-12-16,INTC,0.015522361,0.013113737,-0.011000812
2022-12-16,MSFT,0.0066950321,0.0016415119,-0.0033168197
2022-12-16,NKE,0.0038853884,0.012619853,-0.0053312778
2022-12-16,VZ,-0.0020484924,0.021251082,-0.0098602772
2022-12-16,WMT,-0.013818741,0.015514255,-0.00062322617
2022-12-19,AAPL,-0.021647394,0.011053085,-0.015843511
2022-12-19,AMGN,-0.010163367,0.024117947,-0.021664381
2022-12-19,CRM,0.025812507,0.018235803,-0.0074127913
2022-12-19,CSCO,-0.03305161,0.012255669,-0.0069726706
2022-12-19,IBM,0.00093686581,0.017989874,-0.006303072
2022-12-19,INTC,0.012344122,0.0026638508,-0.013237298
2022-12-19,MSFT,0.0072811842,0.016332984,-0.012039602
2022-12-19,NKE,-0.020751357,0.023679733,-0.018421412
2022-12-19,VZ,-0.0045650005,0.026814699,-0.018464267
2022-12-19,WMT,-0.01293546,-0.00091326237,-0.016222239
2022-12-20,AAPL,0.023383141,0.027967334,-0.016332507
2022-12-20,AMGN,-0.0033017397,0.0068545341,-0.011988103
2022-12-20,CRM,0.029828668,0.044509768,-0.014745176
2022-12-20,CSCO,0.024101734,0.0033028126,-0.0019435287
2022-12-20,IBM,-0.016902864,0.0021182299,-0.014541388
2022-12-20,INTC,0.0096698999,0.012655616,-0.025580466
2022-12-20,MSFT,-0.0098810196,0.010884523,-0.0090177059
2022-12-20,NKE,-0.032480955,0.00060319901,-0.0062251091
2022-12-20,VZ,0.0038268566,-0.0032503605,0.0088654757
2022-12-20,WMT,-0.0012606382,0.0075360537,0.0021685362
2022-12-21,AAPL,0.02289176,0.010276318,-0.029965818
2022-12-21,AMGN,-0.0056329966,0.011459231,-0.0090341568
2022-12-21,CRM,-0.011758327,0.0062779188,0.00038993359
2022-12-21,CSCO,-0.014755785,0.020751595,-0.020130932
2022-12-21,IBM,0.0064561367,0.016656399,-0.017776132
2022-12-21,INTC,-0.0012410283,0.0051020384,-0.006958425
2022-12-21,MSFT,-0.0017058849,0.0085144043,-0.012630582
2022-12-21,NKE,-0.0082889795,0.0052930117,-0.014261842
2022-12-21,VZ,0.0031317472,0.015978456,-0.0046263337
2022-12-21,WMT,-0.012190759,0.0072979927,-0.01154995
2022-12-22,AAPL,-0.0053856373,0.0061792135,0.0079672337
2022-12-22,AMGN,0.021435022,0.0053759813,-0.00071913004
2022-12-22,CRM,-0.04798913,0.015893817,-0.02485764
2022-12-22,CSCO,0.031466365,0.0038048029,-0.0036246777
2022-12-22,IBM,0.0011143684,0.012055993,-0.0023432374
2022-12-22,INTC,0.001319766,0.010921836,-0.011063039
2022-12-22,MSFT,-0.0022098422,0.024105549,-0.015592098
2022-12-22,NKE,-0.0010647178,0.0079643726,-0.0068336725
2022-12-22,VZ,0.015674829,0.0083935261,-0.013267636
2022-12-22,WMT,0.012386322,0.010228157,0.010040522
2022-12-23,AAPL,0.013254404,0.019987822,-0.013072431
2022-12-23,AMGN,0.00072824955,0.013418436,-0.0028447509
2022-12-23,CRM,-0.02422893,0.037099123,-0.01115793
2022-12-23,CSCO,0.0058608055,-0.0064538121,-0.019090712
2022-12-23,IBM,-0.030624509,0.018998384,-0.0053924322
2022-12-23,INTC,0.025233388,-0.0065018535,-0.026752651
2022-12-23,MSFT,-0.012789726,0.0011582375,-0.0022519231
2022-12-23,NKE,-0.021214962,-0.00051891804,0.0079293251
2022-12-23,VZ,-0.01428318,-0.014415026,-0.0046690106
2022-12-23,WMT,-0.019061565,0.013927698,-0.017984867
2022-12-27,AAPL,0.022226691,0.0064080954,-0.012883246
2022-12-27,AMGN,0.0096077919,0.030123591,-0.010164917
2022-12-27,CRM,0.047149777,0.013433695,0.0079931021
2022-12-27,CSCO,-0.0098132491,0.0034980774,-0.021745622
2022-12-27,IBM,0.02210176,0.023255944,-0.013272703
2022-12-27,INTC,0.0071501732,0.020623922,-0.013518929
2022-12-27,MSFT,-0.014472842,0.001081109,-0.025611103
2022-12-27,NKE,0.012488246,0.0068482161,-0.016003013
2022-12-27,VZ,-0.017044306,0.013203979,0.024774432
2022-12-27,WMT,-0.028971553,0.027924895,-0.021344244
2022-12-28,AAPL,0.022565961,0.017825007,-0.035117328
2022-12-28,AMGN,-0.011722386,-0.0018823743,-0.014865398
2022-12-28,CRM,0.035537124,0.010930777,-0.0053431392
2022-12-28,CSCO,0.0067619085,0.022085547,-0.010920465
2022-12-28,IBM,0.0053911209,0.014842987,-0.011347592
2022-12-28,INTC,0.022298813,0.021925688,-0.00038772821
2022-12-28,MSFT,0.00079977512,0.00041282177,-0.0054616332
2022-12-28,NKE,-0.006469667,0.010676742,-0.010647058
2022-12-28,VZ,0.0024935007,0.0036839247,0.0079143047
2022-12-28,WMT,0.026108146,0.0087963343,-0.012340546
2022-12-29,AAPL,-0.016100943,0.015525937,-0.032730818
2022-12-29,AMGN,-0.037281513,0.012533545,0.0043976307
2022-12-29,CRM,-0.013126433,0.043301821,-0.0060687661
2022-12-29,CSCO,-0.011542618,0.0085989237,-0.021521807
2022-12-29,IBM,-0.010890782,-0.0042750835,-0.01613903
2022-12-29,INTC,-0.019286633,0.0086239576,-0.013493121
2022-12-29,MSFT,0.024693012,0.017323971,-0.023118019
2022-12-29,NKE,0.0019216537,0.026112914,-0.0055019259
2022-12-29,VZ,-0.0036076903,0.011980653,-0.025228977
2022-12-29,WMT,-0.0029904246,0.01429081,-0.012846887
2022-12-30,AAPL,-0.030430317,0.01861155,0.0054650307
2022-12-30,AMGN,-0.032208085,0.0044603348,-0.018609822
2022-12-30,CRM,0.0041407347,0.03678453,-0.015791953
2022-12-30,CSCO,-0.028123975,0.023082376,0.0015736818
2022-12-30,IBM,0.011786342,0.014541864,-0.00027513504
2022-12-30,INTC,0.026435733,0.014870763,-0.010311663
2022-12-30,MSFT,0.0089584589,0.01211524,-0.021658897
2022-12-30,NKE,-0.010834217,0.025440335,-0.015907109
2022-12-30,VZ,-0.00063657761,0.01905942,-0.024470747
2022-12-30,WMT,0.0016189814,0.0056179762,-0.011156857
2023-01-03,AAPL,-0.0095330477,-0.01119864,-0.0076372623
2023-01-03,AMGN,0.019075155,0.0083585978,-0.015649796
2023-01-03,CRM,0.0054255724,0.0097814798,-0.01357317
2023-01-03,CSCO,0.0052782297,0.023561478,-0.00079768896
2023-01-03,IBM,-0.011672497,-0.0064860582,-0.0062189102
2023-01-03,INTC,-0.0083542466,0.011761308,-0.0077483058
2023-01-03,MSFT,-0.012450337,-0.0098734498,0.0083502531
2023-01-03,NKE,0.0045343637,0.017114043,-0.0090326071
2023-01-03,VZ,-0.0095946193,0.0051226616,-0.016517103
2023-01-03,WMT,-0.0021742582,-0.00066053867,-0.013094366
2023-01-04,AAPL,0.0073970556,0.025655746,-0.038580954
2023-01-04,AMGN,0.00068843365,0.029564977,-0.0074265003
2023-01-04,CRM,-0.016275227,0.021985054,-0.0033304691
2023-01-04,CSCO,0.003972888,0.0093729496,-0.020899415
2023-01-04,IBM,0.012729049,0.01478231,-0.030955195
2023-01-04,INTC,-0.02739042,0.0059000254,-0.019273162
2023-01-04,MSFT,-0.0018472672,-0.0069493055,-0.00084060431
2023-01-04,NKE,-0.0019682646,0.015291691,0.00029289722
2023-01-04,VZ,-0.010018945,0.003864646,-0.0071684718
2023-01-04,WMT,-0.0020823479,0.0078591108,0.00015759468
2023-01-05,AAPL,-0.010830879,0.012805343,-0.035030723
2023-01-05,AMGN,0.012436867,0.0069282055,-0.020931184
2023-01-05,CRM,-0.02071017,0.005171895,-0.031882226
2023-01-05,CSCO,-0.00042665005,0.032059789,0.0082374811
2023-01-05,IBM,0.00010204315,-0.0038666129,-0.013087988
2023-01-05,INTC,-0.020485759,0.013345361,-0.0019605756
2023-01-05,MSFT,0.014266491,0.0072244406,-0.0041607022
2023-01-05,NKE,0.0089507103,-0.0021122098,-0.032418609
2023-01-05,VZ,-0.00841254,0.0033581257,0.00083196163
2023-01-05,WMT,-0.0066909194,-0.0024220943,-0.012896776
2023-01-06,AAPL,-0.032375693,0.01943934,-0.012378216
2023-01-06,AMGN,-0.014930964,0.00266397,0.0014717579
2023-01-06,CRM,0.0085443258,0.0084739923,-0.03548485
2023-01-06,CSCO,-0.0085558295,0.010342121,-0.012950718
2023-01-06,IBM,-0.0071501136,0.03865695,-0.0090922713
2023-01-06,INTC,-0.0098438859,0.0078443289,-0.023087502
2023-01-06,MSFT,0.031752586,-0.0079509616,0.0054625273
2023-01-06,NKE,0.0027376413,0.01836133,-0.021754026
2023-01-06,VZ,-0.012841225,0.0084284544,-0.02132076
2023-01-06,WMT,-0.00091761351,-0.0015156865,-0.020530939
2023-01-09,AAPL,-0.0087653399,-0.0042369366,-0.010372579
2023-01-09,AMGN,0.0024353266,0.013702035,-0.016387045
2023-01-09,CRM,-0.0073300004,0.019555449,-0.013338864
2023-01-09,CSCO,0.011026382,0.0092215538,-0.014888704
2023-01-09,IBM,-0.0043516159,-0.0021798015,-0.00019460917
2023-01-09,INTC,0.014355063,0.01094687,-0.0075606108
2023-01-09,MSFT,-0.01332128,-0.0052963495,-0.0088694096
2023-01-09,NKE,-0.026034832,0.015743494,-0.0025274158
2023-01-09,VZ,-0.0079550147,0.014740348,-0.0084533691
2023-01-09,WMT,-0.006321609,0.0098228455,0.00030457973
2023-01-10,AAPL,0.0033494234,0.010500312,-0.016857803
2023-01-10,AMGN,-0.00102669,0.0051984787,0.0085916519
2023-01-10,CRM,-0.0013162494,0.011956811,-0.025111675
2023-01-10,CSCO,0.01700139,0.0096700191,-0.002995193
2023-01-10,IBM,-0.012880921,0.013091922,-0.0063843131
2023-01-10,INTC,-0.0054745078,0.017422438,-0.02054292
2023-01-10,MSFT,0.026051521,0.0046103001,0.0036323071
2023-01-10,NKE,-0.015997887,0.0060304403,-0.0050422549
2023-01-10,VZ,0.015500069,0.0084590912,-0.0068172216
2023-01-10,WMT,-0.00053876638,-0.00081306696,-0.0098666549
2023-01-11,AAPL,-0.023764133,-0.002640605,0.00071489811
2023-01-11,AMGN,0.023475885,0.002092123,-0.0048338175
2023-01-11,CRM,-0.037761629,0.029644132,0.0084043741
2023-01-11,CSCO,-0.027146339,0.0028851032,-0.018505216
2023-01-11,IBM,-0.020685971,0.0063962936,-0.011775434
2023-01-11,INTC,0.013013601,-0.0046337247,-0.0025059581
2023-01-11,MSFT,0.027104616,0.024131417,-0.00970155
2023-01-11,NKE,-0.0079172254,0.0039731264,0.0032904148
2023-01-11,VZ,-0.0052767396,-0.00052833557,-0.01287204
2023-01-11,WMT,-0.0063843131,0.012898207,-0.011657178
2023-01-12,AAPL,-0.0075958967,0.013792753,-5.8829784e-05
2023-01-12,AMGN,0.012498975,0.0048128366,-0.0053613782
2023-01-12,CRM,0.036225319,0.0093113184,0.007393837
2023-01-12,CSCO,-0.013835728,0.012651205,-0.018392146
2023-01-12,IBM,-0.0077570081,-0.00062698126,-0.02094847
2023-01-12,INTC,-0.014574409,0.0063357353,-0.0024772286
2023-01-12,MSFT,0.035563588,0.03962326,-0.0098077655
2023-01-12,NKE,-0.0035256743,-0.0025613904,0.0048439503
2023-01-12,VZ,0.0060740709,0.019885182,-0.0081902146
2023-01-12,WMT,-0.018925369,0.0005017519,-0.027340353
2023-01-13,AAPL,-0.014904678,0.020466924,-0.016222
2023-01-13,AMGN,0.00013911724,0.01992619,-0.019070089
2023-01-13,CRM,-0.026163936,0.0088244677,0.011105418
2023-01-13,CSCO,0.0024877787,0.013287783,-0.0065709949
2023-01-13,IBM,-0.013217688,0.017461777,0.00085747242
2023-01-13,INTC,0.02099824,0.010412574,-0.0058370233
2023-01-13,MSFT,-0.0013375282,-0.0082738996,-0.022387326
2023-01-13,NKE,-0.00065034628,0.0086345673,0.00087213516
2023-01-13,VZ,0.0021511316,0.018632412,-0.0058211088
2023-01-13,WMT,-0.023959577,0.011917949,-0.0095291138
2023-01-17,AAPL,-0.0068929195,0.016484022,-0.015809715
2023-01-17,AMGN,-0.0071136355,-0.0055164695,-0.0059047341
2023-01-17,CRM,-0.022012651,0.00084531307,-0.047154665
2023-01-17,CSCO,-0.00062704086,0.015297413,-0.01627785
2023-01-17,IBM,-0.038592339,0.0020594597,-0.00059831142
2023-01-17,INTC,-0.0016044378,-0.012565255,0.0022592545
2023-01-17,MSFT,-0.012886941,0.01073277,-0.0035490394
2023-01-17,NKE,-0.019165576,0.011047482,-0.0057452917
2023-01-17,VZ,0.0020171404,0.0086231232,0.0074703693
2023-01-17,WMT,-0.002188623,0.0071203709,-0.014187276
2023-01-18,AAPL,-0.02586031,-0.0042105913,-0.016826928
2023-01-18,AMGN,-0.009468019,0.021696568,-0.034788966
2023-01-18,CRM,-0.015169501,-0.0083099604,0.0027378798
2023-01-18,CSCO,-0.01111114,0.020364761,-0.01276958
2023-01-18,IBM,-0.022580385,0.01824522,-0.00037717819
2023-01-18,INTC,-0.0067609549,0.019814253,-0.01835376
2023-01-18,MSFT,0.012840271,0.015491366,-0.015391946
2023-01-18,NKE,-0.0056826472,0.036284328,-0.01310873
2023-01-18,VZ,-0.0097772479,0.012747169,0.0037528276
2023-01-18,WMT,0.009806633,0.0016336441,-0.0081009865
2023-01-19,AAPL,-0.00086075068,0.028692126,0.0013737679
2023-01-19,AMGN,-0.011769831,0.0091869831,-0.018904865
2023-01-19,CRM,0.003259778,0.030805945,-0.034523368
2023-01-19,CSCO,-0.0198704,0.0063711405,-0.013815761
2023-01-19,IBM,0.0030157566,0.0030970573,-0.020225942
2023-01-19,INTC,0.013852596,0.022288203,-0.013433814
2023-01-19,MSFT,0.00038290024,0.0093462467,-0.0031406283
2023-01-19,NKE,-0.0089624524,0.020627975,-0.024907649
2023-01-19,VZ,-0.012072623,0.01935637,0.0012778044
2023-01-19,WMT,-0.00092500448,-0.0044108629,-0.027309656
2023-01-20,AAPL,-0.037188232,-0.0052673221,-0.0032292604
2023-01-20,AMGN,0.011648297,0.0046659708,0.0020140409
2023-01-20,CRM,-0.025627851,0.017434239,-0.018399298
2023-01-20,CSCO,0.004365921,0.0080775023,-0.018630743
2023-01-20,IBM,-0.017479002,0.0070607662,0.003870368
2023-01-20,INTC,0.019942522,0.011525869,-0.015676141
2023-01-20,MSFT,0.0065541267,-0.010366559,0.013226271
2023-01-20,NKE,0.025964379,0.029202104,-0.016259134
2023-01-20,VZ,-0.0020371079,0.0057646036,-0.012466967
2023-01-20,WMT,-0.016364396,0.017159462,-0.034637809
2023-01-23,AAPL,0.0051267147,0.013639331,-0.0077444911
2023-01-23,AMGN,-0.0024088025,0.0184865,8.5115433e-05
2023-01-23,CRM,0.056107283,0.031708479,-0.030905247
2023-01-23,CSCO,-0.0017839074,0.007373929,-0.01423347
2023-01-23,IBM,0.01518023,0.017937541,-0.01016438
2023-01-23,INTC,-0.0083952546,0.013004661,-0.0147627
2023-01-23,MSFT,0.010975242,0.009122014,-0.017048717
2023-01-23,NKE,-0.034679592,0.0096386671,-0.015890896
2023-01-23,VZ,0.014044285,0.0041871071,-0.016217709
2023-01-23,WMT,-0.0038644075,0.024367809,-0.014362574
2023-01-24,AAPL,-0.0048596859,0.042621374,-0.016811132
2023-01-24,AMGN,0.033579946,0.014128566,-0.0082374811
2023-01-24,CRM,-0.010093868,0.015499473,-0.022948861
2023-01-24,CSCO,-0.010904133,0.012980938,-0.015917778
2023-01-24,IBM,0.040422559,0.0013923645,-0.0095914602
2023-01-24,INTC,-0.0091874003,0.023477912,-0.0058525205
2023-01-24,MSFT,-0.010375142,0.023670197,-0.013319433
2023-01-24,NKE,0.0078315735,0.014457583,-0.020437777
2023-01-24,VZ,-0.0056251884,0.011801958,-0.00530231
2023-01-24,WMT,0.0017906427,-0.0033818483,-0.012046397
2023-01-25,AAPL,-0.030056894,0.01823926,0.001537323
2023-01-25,AMGN,-0.03329587,0.015187502,-0.0066038966
2023-01-25,CRM,0.020131469,0.013469577,-0.018106639
2023-01-25,CSCO,0.010161996,0.0061552525,0.013735056
2023-01-25,IBM,-0.01421982,0.0082074404,-0.0023725033
2023-01-25,INTC,-0.011052549,0.0056693554,-0.032240212
2023-01-25,MSFT,0.032853246,0.0072972775,-0.0084135532
2023-01-25,NKE,0.033632398,-0.00411731,0.01588881
2023-01-25,VZ,-0.010603368,0.023307443,-0.0022085905
2023-01-25,WMT,0.015936971,0.0092869997,-0.02160871
2023-01-26,AAPL,-0.016364753,0.0062584877,-0.016367555
2023-01-26,AMGN,-0.0072056651,0.034482002,-0.025226712
2023-01-26,CRM,0.0025221109,0.0092095137,-0.035291612
2023-01-26,CSCO,0.0016950369,0.0012065172,-0.0057559013
2023-01-26,IBM,0.011471033,0.018956065,-0.003988266
2023-01-26,INTC,0.01037848,0.01754868,-0.0076982975
2023-01-26,MSFT,0.0094053745,0.020815849,-0.026146472
2023-01-26,NKE,0.016617775,0.0077739954,-0.018535793
2023-01-26,VZ,-0.0016680956,-0.00015640259,0.00070738792
2023-01-26,WMT,0.015455246,0.016256213,-0.019507825
2023-01-27,AAPL,-0.0075187683,-0.0010187626,0.00024688244
2023-01-27,AMGN,-0.0044646859,0.0029530525,-0.0082513094
2023-01-27,CRM,-0.0019122362,0.0049427748,0.012560248
2023-01-27,CSCO,0.0077618361,0.015548825,-0.0058822036
2023-01-27,IBM,-0.026806235,0.010605097,-0.015430033
2023-01-27,INTC,-0.0070953965,0.01451683,-0.0194906
2023-01-27,MSFT,0.017611623,0.0047724247,-0.037724197
2023-01-27,NKE,-0.0088298321,0.012829065,-0.01535058
2023-01-27,VZ,-0.00070101023,-0.0074769855,-0.019807518
2023-01-27,WMT,-0.029491007,0.0010162592,-0.0049820542
2023-01-30,AAPL,0.025630236,0.007868886,-0.0016124845
2023-01-30,AMGN,-0.0088536143,0.0067631006,-0.011116266
2023-01-30,CRM,-0.012770176,0.021589756,0.0049928427
2023-01-30,CSCO,-0.011080563,0.0018365383,-0.012411118
2023-01-30,IBM,0.0030316114,0.0081244707,-0.021555305
2023-01-30,INTC,0.013629317,0.0091408491,-0.027713537
2023-01-30,MSFT,0.023785353,0.014715552,-0.016152084
2023-01-30,NKE,-0.0029742122,0.022665501,-0.0002797842
2023-01-30,VZ,-0.0011404157,0.0012352467,-0.024663329
2023-01-30,WMT,-0.016744614,0.022395015,0.0020319223
2023-01-31,AAPL,0.0079307556,0.016804814,-0.015863359
2023-01-31,AMGN,-0.0055549145,-0.0058743358,-0.019250691
2023-01-31,CRM,-0.0036354661,0.048230648,-0.03613025
2023-01-31,CSCO,0.021712899,0.0066390038,0.0047296286
2023-01-31,IBM,-0.018829107,0.0096904039,-0.021182179
2023-01-31,INTC,0.0082606077,0.01534462,-0.028237581
2023-01-31,MSFT,-0.030139506,0.0085788965,-0.012154162
2023-01-31,NKE,0.02314198,0.025945067,-0.016842067
2023-01-31,VZ,-0.03739351,0.0025658607,-0.0093330145
2023-01-31,WMT,0.017517924,0.014480233,-0.0071830153
2023-02-01,AAPL,-0.03395766,0.016725779,-0.0080562234
2023-02-01,AMGN,0.0039618015,0.013777852,-0.014616072
2023-02-01,CRM,-0.01620537,0.04606986,-0.012879312
2023-02-01,CSCO,0.021562934,0.028834701,-0.0063670874
2023-02-01,IBM,0.010707736,0.0011769533,-0.02159214
2023-02-01,INTC,0.018586278,0.016953826,-0.012012541
2023-02-01,MSFT,-0.012073934,0.016437173,-0.017176926
2023-02-01,NKE,0.00054585934,0.013576746,0.0018870831
2023-02-01,VZ,0.0051873922,0.0032483339,0.010899186
2023-02-01,WMT,-0.0042464137,0.016339183,0.0012084246
2023-02-02,AAPL,-0.013530016,0.019260406,-0.016362786
2023-02-02,AMGN,0.012035966,0.030719995,-0.015496612
2023-02-02,CRM,-0.017040193,0.0045255423,0.005115509
2023-02-02,CSCO,-0.0053043962,0.014987946,-0.022700191
2023-02-02,IBM,-0.037224114,0.011152506,0.0048549175
2023-02-02,INTC,-0.018998802,0.010957599,-0.0021817684
2023-02-02,MSFT,-0.0203228,0.0049417019,-0.017009377
2023-02-02,NKE,0.013286114,0.0019701719,-0.00093799829
2023-02-02,VZ,-0.00052785873,0.0054056644,-0.0046698451
2023-02-02,WMT,0.0052639246,0.021968722,-0.0058144927
2023-02-03,AAPL,-0.0050122142,-0.00035512447,-0.0070438385
2023-02-03,AMGN,0.012922287,0.022143722,0.012735844
2023-02-03,CRM,-0.012385488,0.015152454,-0.0054062009
2023-02-03,CSCO,-0.04761529,0.0063357353,-0.012405157
2023-02-03,IBM,0.0058201551,0.013034701,0.0011926889
2023-02-03,INTC,-0.0086293221,0.0098826885,-0.0031428337
2023-02-03,MSFT,0.040696502,-0.002473712,-0.0038648248
2023-02-03,NKE,0.024164677,-0.012620509,-0.01133424
2023-02-03,VZ,-0.026762247,0.006085515,-0.035236895
2023-02-03,WMT,-0.014472902,0.0097930431,-0.022721171
2023-02-06,AAPL,0.0028482676,0.0072604418,-0.022601247
2023-02-06,AMGN,-0.019236565,0.0065399408,-0.028055906
2023-02-06,CRM,-0.02875793,0.062781334,0.010388255
2023-02-06,CSCO,0.020862341,0.015760064,-0.015957117
2023-02-06,IBM,-0.024664283,-0.0025513172,-0.01006937
2023-02-06,INTC,0.024060011,0.0048106909,0.0025732517
2023-02-06,MSFT,0.020771861,-0.003092289,0.014371395
2023-02-06,NKE,-0.014636099,0.019162893,-0.0060685873
2023-02-06,VZ,-0.0035891533,0.0092445612,-0.022625685
2023-02-06,WMT,-0.0060058236,0.0035834312,-0.0061243176
2023-02-07,AAPL,0.014000773,0.0029176474,-0.02460295
2023-02-07,AMGN,-0.025743008,0.024958253,-0.017153442
2023-02-07,CRM,0.057984829,0.028677464,-0.036408186
2023-02-07,CSCO,0.011122465,-0.0099624991,-0.014778554
2023-02-07,IBM,-0.00546211,0.010568738,-0.006002605
2023-02-07,INTC,-0.014168203,-0.0013073087,-0.0010100603
2023-02-07,MSFT,0.007469058,0.0023258924,-0.003703177
2023-02-07,NKE,-0.033837795,0.023045182,-1.424551e-05
2023-02-07,VZ,-0.021497965,0.0075113773,0.010516882
2023-02-07,WMT,0.02169311,-0.0010608435,-0.0036469102
2023-02-08,AAPL,-0.00087070465,0.017127633,-0.0036284924
2023-02-08,AMGN,0.0051022768,0.010979891,-0.014593661
2023-02-08,CRM,0.015661716,0.024793029,-0.01991713
2023-02-08,CSCO,0.01692915,-0.0028413534,-0.0057362914
2023-02-08,IBM,0.00072348118,0.012869716,-0.013302743
2023-02-08,INTC,0.0068300962,0.00014722347,-0.0065141916
2023-02-08,MSFT,-0.0063059926,0.011714935,0.015631318
2023-02-08,NKE,0.0086507797,0.013416886,-0.016647756
2023-02-08,VZ,-0.0078859329,0.0059293509,0.012822628
2023-02-08,WMT,-0.015049577,0.010932922,-0.0028478503
2023-02-09,AAPL,0.015056252,0.0084210634,0.027250051
2023-02-09,AMGN,0.0087394714,0.0076009035,-0.0045441985
2023-02-09,CRM,0.0032110214,0.019961238,-0.016937792
2023-02-09,CSCO,0.023529887,0.021443844,-0.030522943
2023-02-09,IBM,-0.014515817,0.027422547,-0.0037992597
2023-02-09,INTC,-0.0067924261,0.0060360432,-0.0093684196
2023-02-09,MSFT,0.0154109,0.0052218437,0.00067567825
2023-02-09,NKE,0.028195381,0.021458149,-0.0083901286
2023-02-09,VZ,0.0045443773,0.016835451,-0.014802039
2023-02-09,WMT,0.024266124,0.0061556101,0.010740399
2023-02-10,AAPL,-0.010571063,0.015595198,-0.0086066127
2023-02-10,AMGN,0.013237357,0.0090339184,-0.0077887177
2023-02-10,CRM,-0.020127416,-0.003035903,-0.043130755
2023-02-10,CSCO,0.0081919432,0.021013618,-0.035953343
2023-02-10,IBM,-0.00082546473,0.010032296,-0.0025937557
2023-02-10,INTC,0.027472615,-0.0088338256,-0.00054967403
2023-02-10,MSFT,-0.028371632,0.01291275,-0.00036948919
2023-02-10,NKE,-0.023822606,0.015928149,-0.01417768
2023-02-10,VZ,-0.010809064,0.0014901161,-0.012790978
2023-02-10,WMT,0.015709162,0.0026526451,0.0085196495
2023-02-13,AAPL,-0.017426908,0.0097734928,-0.016253233
2023-02-13,AMGN,0.0096931458,0.011706948,-0.00045269728
2023-02-13,CRM,0.0060491562,0.020604372,0.012571096
2023-02-13,CSCO,0.0047324896,-0.0030357838,-0.01444304
2023-02-13,IBM,0.021028161,0.017401576,-0.0036377907
2023-02-13,INTC,0.022666335,-0.01490128,-0.0074410439
2023-02-13,MSFT,0.0085506439,0.022362232,-0.033646166
2023-02-13,NKE,0.021674871,0.010660768,0.0040434599
2023-02-13,VZ,-0.0066922307,0.0077047348,-0.0099082589
2023-02-13,WMT,0.00013840199,0.010808945,-0.010454237
2023-02-14,AAPL,0.029640794,-0.0039073825,-0.010696113
2023-02-14,AMGN,-0.014708936,0.0083569288,0.0082103014
2023-02-14,CRM,0.0035358667,-0.0035329461,-0.013038099
2023-02-14,CSCO,-0.025372922,0.017124057,-0.021359205
2023-02-14,IBM,0.017741323,-0.0080381036,0.013394952
2023-02-14,INTC,0.021760821,0.0084040165,-0.016545475
2023-02-14,MSFT,0.011741281,0.0082834959,-0.0061320066
2023-02-14,NKE,0.0069203377,0.018980622,-0.0055403113
2023-02-14,VZ,-0.016392469,0.019915104,-0.0096534491
2023-02-14,WMT,-0.016478837,0.0053732395,-0.0012661219
2023-02-15,AAPL,-0.0030770302,0.015926838,-0.012232602
2023-02-15,AMGN,0.0086218119,-0.0016281009,-0.0059316158
2023-02-15,CRM,-0.038205087,0.05542779,0.013439417
2023-02-15,CSCO,-0.016505241,-0.0042123795,-0.0056161284
2023-02-15,IBM,-0.013686717,0.023758292,-0.0093998313
2023-02-15,INTC,0.0065078735,-0.00061535835,-0.025287867
2023-02-15,MSFT,0.034403086,0.01458919,0.0059283972
2023-02-15,NKE,0.0024014711,0.011251211,-0.023341715
2023-02-15,VZ,-0.0025905371,0.014049888,-0.028922558
2023-02-15,WMT,-0.0091102123,0.0069817305,-0.0094633698
2023-02-16,AAPL,-0.009334445,0.013589144,-0.012620568
2023-02-16,AMGN,-0.0163818,0.017169476,-0.023955345
2023-02-16,CRM,0.0013340712,-0.0091712475,-0.0012935996
2023-02-16,CSCO,-0.019328654,0.019373894,-0.0020571947
2023-02-16,IBM,0.0044989586,0.0016258955,-0.022819817
2023-02-16,INTC,0.017046094,0.023333549,-0.011986911
2023-02-16,MSFT,0.0013794899,0.025373459,-0.0094329119
2023-02-16,NKE,-0.0033082962,0.0070536137,-0.022827685
2023-02-16,VZ,0.017372131,0.015149355,-0.0064831972
2023-02-16,WMT,0.0034604073,0.015263557,-0.0081247091
2023-02-17,AAPL,0.018408179,-0.020709753,0.004368186
2023-02-17,AMGN,-0.022365749,0.010670185,-0.00068175793
2023-02-17,CRM,0.025098205,0.0046435595,0.0033025742
2023-02-17,CSCO,0.0038002729,0.0014914274,0.0044062138
2023-02-17,IBM,-0.030516028,-0.0096235871,-0.0061456561
2023-02-17,INTC,0.0135535,-0.0056968331,0.00028765202
2023-02-17,MSFT,0.0028127432,-0.0035427809,0.013375998
2023-02-17,NKE,0.012233734,0.02967155,-0.0082863569
2023-02-17,VZ,-0.0026516318,-0.012852669,-0.014918804
2023-02-17,WMT,-0.0048544407,0.0055270195,-0.0091906786
2023-02-21,AAPL,0.012493253,0.018453598,-0.024177909
2023-02-21,AMGN,0.00037634373,0.012544751,-0.0045861006
2023-02-21,CRM,-0.065173805,-0.0041818023,-0.027837098
2023-02-21,CSCO,-0.0096698403,0.011385798,-0.027983189
2023-02-21,IBM,-0.0094672441,-0.0015814304,-0.0093863606
2023-02-21,INTC,0.015053868,0.015633702,-0.013389766
2023-02-21,MSFT,0.0025089979,0.0179708,-0.0097681284
2023-02-21,NKE,-0.01491493,0.023919582,-0.009796977
2023-02-21,VZ,0.026134253,0.023795366,-0.012352109
2023-02-21,WMT,-0.018936992,0.0096051693,-0.014654636
2023-02-22,AAPL,0.0056048632,-0.013037264,-0.015614629
2023-02-22,AMGN,0.0053052902,-0.0050361753,-0.016049922
2023-02-22,CRM,0.0043325424,0.0085507631,0.0021259785
2023-02-22,CSCO,0.016720414,0.001732707,-0.010206103
2023-02-22,IBM,0.014617205,0.0058153868,0.0023527145
2023-02-22,INTC,-0.017627001,0.011349678,-0.018908381
2023-02-22,MSFT,-0.024584949,0.024522781,-0.0039973259
2023-02-22,NKE,-0.00071257353,0.010128498,-0.012230277
2023-02-22,VZ,-0.0018369555,-0.0062535405,-0.020915449
2023-02-22,WMT,-0.013012826,0.013066292,-0.011558533
2023-02-23,AAPL,0.00464046,0.0032151937,-0.0097105503
2023-02-23,AMGN,0.022298574,0.020652413,-0.021388412
2023-02-23,CRM,0.013834596,0.022665143,-0.02025944
2023-02-23,CSCO,-0.035084546,-0.013968945,-0.014392078
2023-02-23,IBM,-0.014714003,0.0043458939,-0.012331605
2023-02-23,INTC,-0.0077583194,0.01440835,-0.023118436
2023-02-23,MSFT,-0.005638659,0.02095139,0.00025331974
2023-02-23,NKE,-0.028069675,0.018446088,-0.012633801
2023-02-23,VZ,-0.013355494,0.00074386597,-0.0036125183
2023-02-23,WMT,-0.018292367,0.011291027,-0.015072167
2023-02-24,AAPL,0.001724124,-0.0026305914,-0.022166312
2023-02-24,AMGN,-0.0085093975,0.031646848,0.00010550022
2023-02-24,CRM,0.036372185,0.014655828,-0.035673499
2023-02-24,CSCO,-0.003688693,0.011771917,-0.0089136958
2023-02-24,IBM,0.032184362,0.0033341646,-0.0074653029
2023-02-24,INTC,-0.0079455972,-0.0050045252,-0.017055511
2023-02-24,MSFT,0.0079553127,0.010585785,-0.010305822
2023-02-24,NKE,0.0071156025,0.021145701,-0.0089105964
2023-02-24,VZ,-0.00184232,0.030521989,0.0026278496
2023-02-24,WMT,0.020242453,0.010227919,-0.017595589
2023-02-27,AAPL,-0.0091933608,0.0047723055,0.013729453
2023-02-27,AMGN,-0.041358411,0.0046882629,0.0033459663
2023-02-27,CRM,0.013420701,0.014974475,0.001894474
2023-02-27,CSCO,0.032185912,0.0012824535,-0.0079091787
2023-02-27,IBM,0.0042595863,0.008263588,-0.0051112771
2023-02-27,INTC,0.0041890144,-0.00024008751,-0.028219402
2023-02-27,MSFT,0.013254046,0.010370255,-0.024577022
2023-02-27,NKE,-0.0030362606,-0.024331808,-0.0085476041
2023-02-27,VZ,-0.012868524,0.011073947,-0.024909139
2023-02-27,WMT,0.012030005,0.0055602789,0.0065619946
2023-02-28,AAPL,0.014234424,0.011968136,0.001381278
2023-02-28,AMGN,-0.012609482,0.015458465,-0.012938559
2023-02-28,CRM,-0.02045083,0.0053278208,-0.026787996
2023-02-28,CSCO,-0.018944621,-0.0087041259,-0.022435009
2023-02-28,IBM,-0.0057651997,0.0096924305,0.00069367886
2023-02-28,INTC,0.011765242,0.010654807,0.0083277225
2023-02-28,MSFT,-0.031756341,0.020732403,-0.020381212
2023-02-28,NKE,0.0046467781,0.014086008,-0.010010123
2023-02-28,VZ,-0.00066685677,0.013822436,-0.0066968799
2023-02-28,WMT,0.010990143,0.0068989992,-0.0072674155
2023-03-01,AAPL,-0.0056141019,0.015547276,0.002782464
2023-03-01,AMGN,-0.008605659,-0.0051426291,-0.011309445
2023-03-01,CRM,0.015957475,0.021121025,-0.016870975
2023-03-01,CSCO,-0.009517014,-0.011594653,-0.017089069
2023-03-01,IBM,0.013988137,0.0054386854,-0.0074312687
2023-03-01,INTC,-0.0075593591,0.0089342594,0.002601862
2023-03-01,MSFT,-0.0065696239,0.014124155,-0.017298639
2023-03-01,NKE,-0.036522031,-0.0055220723,0.019325376
2023-03-01,VZ,-0.0082144141,0.0075490475,-0.0030536056
2023-03-01,WMT,0.022001028,0.0084035397,-0.016420782
2023-03-02,AAPL,0.0026005507,0.018622041,-0.0091287494
2023-03-02,AMGN,0.00043678284,0.011905313,-0.020037353
2023-03-02,CRM,-0.014526963,-0.0075628161,-0.018580019
2023-03-02,CSCO,-0.012357116,0.0096917152,-0.008872807
2023-03-02,IBM,-0.0048412681,0.009122014,0.0035595894
2023-03-02,INTC,0.012235999,0.0043888092,-0.0048133135
2023-03-02,MSFT,0.013686657,0.014413834,-0.010663331
2023-03-02,NKE,0.025393248,0.01030302,-0.028292
2023-03-02,VZ,-0.0049578547,0.0091991425,-0.0019453168
2023-03-02,WMT,0.012551188,0.00027561188,-0.01285094
2023-03-03,AAPL,-0.017621219,0.024059892,-0.040973127
2023-03-03,AMGN,0.013544917,0.012276292,-0.00059092045
2023-03-03,CRM,0.011431217,0.024458885,-0.029212534
2023-03-03,CSCO,0.00055062771,0.034418344,-0.026958704
2023-03-03,IBM,0.019644856,0.0094041824,-0.015133619
2023-03-03,INTC,0.025281906,-0.008975625,-0.0083972216
2023-03-03,MSFT,0.0046110153,0.014634848,0.0056897402
2023-03-03,NKE,0.025174379,0.02262938,-0.0024287105
2023-03-03,VZ,0.0011855364,0.0099084377,-0.011867821
2023-03-03,WMT,-0.0077517033,0.0093867779,-0.012375534
2023-03-06,AAPL,0.016857386,0.010178685,-0.0094814301
2023-03-06,AMGN,0.0016388893,0.0055240393,-0.0014074445
2023-03-06,CRM,0.026469707,0.020766139,-0.0046758056
2023-03-06,CSCO,-0.033106863,0.011141062,-0.0029621124
2023-03-06,IBM,0.0087560415,-0.010865152,-0.0014124513
2023-03-06,INTC,-0.010748863,0.014503598,-0.0029636025
2023-03-06,MSFT,0.025241137,-0.0065694451,-0.028537154
2023-03-06,NKE,0.00027322769,-0.0048710704,0.0018690825
2023-03-06,VZ,-0.0015221238,0.0011570454,-0.0026871562
2023-03-06,WMT,-0.0061298609,0.022627473,0.0010277033
2023-03-07,AAPL,-0.0052015781,-0.016323984,0.0075875521
2023-03-07,AMGN,-0.024585366,0.015854597,-0.01723659
2023-03-07,CRM,0.038251519,0.0050141811,-0.010833859
2023-03-07,CSCO,-0.0094746947,0.006265521,-0.024714112
2023-03-07,IBM,-0.030184627,0.0039951801,-0.0015278459
2023-03-07,INTC,0.013388753,0.0073200464,-0.014145434
2023-03-07,MSFT,0.012964845,0.014332175,-0.023436189
2023-03-07,NKE,-0.027548552,0.021349311,-0.0066242218
2023-03-07,VZ,-0.027583838,0.0043570995,0.00012111664
2023-03-07,WMT,0.059387803,0.0061370134,0.0087102652
2023-03-08,AAPL,-0.0091633201,0.011532068,-0.0052690506
2023-03-08,AMGN,-0.017523706,0.0067265034,-0.026164591
2023-03-08,CRM,0.035160899,0.010246992,-0.049311876
2023-03-08,CSCO,0.013771415,0.0096906424,-0.014318109
2023-03-08,IBM,0.0013051033,0.0093656778,-0.0033163428
2023-03-08,INTC,0.013252854,0.01092267,-0.012762785
2023-03-08,MSFT,-0.0044856071,0.013352752,-0.022482634
2023-03-08,NKE,-0.030961573,-0.0034723878,0.0022060871
2023-03-08,VZ,-0.0061308742,0.022860289,-0.016866624
2023-03-08,WMT,-0.0031104088,0.014178991,-0.016837597
2023-03-09,AAPL,0.012553215,0.022296309,0.0074226856
2023-03-09,AMGN,-0.022279739,-0.0049575567,-0.007517159
2023-03-09,CRM,-0.025084734,0.024630666,-0.0018145442
2023-03-09,CSCO,-0.029298604,0.014449358,-0.017699182
2023-03-09,IBM,-0.00031471252,0.0078827143,-0.0023428798
2023-03-09,INTC,0.01093924,0.010022521,-0.0079153776
2023-03-09,MSFT,-0.0075222254,0.0019366741,-0.015570164
2023-03-09,NKE,-0.010818839,0.028665662,-0.0043811202
2023-03-09,VZ,0.0038261414,-0.00042498112,-0.0038390756
2023-03-09,WMT,-0.0031229854,0.011996269,-0.0027699471
2023-03-10,AAPL,-0.04650563,0.018873572,-0.022607267
2023-03-10,AMGN,0.0041613579,0.033265114,-0.0093938708
2023-03-10,CRM,0.026050687,0.0045660734,-0.020783424
2023-03-10,CSCO,0.013597131,0.017018199,-0.0040054917
2023-03-10,IBM,-0.012021959,0.027297258,-0.013041675
2023-03-10,INTC,-0.0038670897,0.021493793,-0.011480868
2023-03-10,MSFT,-0.013283908,0.027340055,-0.0087045431
2023-03-10,NKE,-0.00026726723,-0.0064807534,-0.02121973
2023-03-10,VZ,0.0027345419,0.0024842024,-0.011871278
2023-03-10,WMT,-0.025316119,-0.0051344037,-0.013581455
2023-03-13,AAPL,0.032808542,0.01653111,0.0070437193
2023-03-13,AMGN,-0.024123073,0.0025670528,-0.019223034
2023-03-13,CRM,-0.025621474,0.022338748,-0.028577566
2023-03-13,CSCO,-0.016232669,-0.0039938688,0.0054962635
2023-03-13,IBM,0.002009511,-0.0066732168,-0.013403475
2023-03-13,INTC,0.011588573,-0.0066009164,-0.0038481951
2023-03-13,MSFT,0.018456697,-0.00099366903,-0.017160118
2023-03-13,NKE,-0.026391387,-0.0042905807,0.014403582
2023-03-13,VZ,-0.017789364,0.012051463,-0.023787916
2023-03-13,WMT,0.00026345253,0.0024722815,-0.022834957
2023-03-14,AAPL,0.0042920113,0.014273405,-0.0081630349
2023-03-14,AMGN,0.0082173347,0.021440864,-0.0070108771
2023-03-14,CRM,-0.0056072474,0.019159794,-0.022386551
2023-03-14,CSCO,-0.0031656623,0.0036016703,-0.01475209
2023-03-14,IBM,-0.00066649914,0.0072798729,-0.007154882
2023-03-14,INTC,-0.00038427114,0.02167654,-0.0077971816
2023-03-14,MSFT,-0.037631452,0.0056825876,-0.0092887282
2023-03-14,NKE,0.020070195,0.0084549189,0.0055580139
2023-03-14,VZ,-0.0076606274,0.0053516626,-0.0089984536
2023-03-14,WMT,-0.0048130155,0.0091742277,-0.015100539
2023-03-15,AAPL,-0.035467386,0.00082290173,-0.034386933
2023-03-15,AMGN,0.0069309473,0.004904151,-0.014643013
2023-03-15,CRM,0.057765007,0.02268827,-0.013452232
2023-03-15,CSCO,-0.017744899,0.0008456707,-0.013385415
2023-03-15,IBM,0.0010108948,0.010955095,-0.0066033602
2023-03-15,INTC,-0.0099487901,0.01282692,-0.0091754198
2023-03-15,MSFT,-0.012978792,0.010580301,-0.014940858
2023-03-15,NKE,0.041812658,0.013642907,-0.0041691661
2023-03-15,VZ,-0.013975263,0.020670533,-0.0099475384
2023-03-15,WMT,0.0060241222,0.00052011013,0.0037044287
2023-03-16,AAPL,-0.0097625256,-0.0081842542,-0.022627354
2023-03-16,AMGN,-0.0067887902,0.020879984,-0.027938843
2023-03-16,CRM,0.0086859465,0.014545441,-0.003224194
2023-03-16,CSCO,-0.0081501603,0.0020749569,-0.0085759163
2023-03-16,IBM,-0.0011180639,0.022562742,-0.0062655807
2023-03-16,INTC,-0.015919507,0.019981384,-7.5161457e-05
2023-03-16,MSFT,0.026997924,-0.005318284,-0.011566281
2023-03-16,NKE,0.0015860796,0.0068907738,-0.0061954856
2023-03-16,VZ,-0.0087980032,0.012510419,-9.0062618e-05
2023-03-16,WMT,-0.011225939,0.0070884228,0.0040967464
2023-03-17,AAPL,0.014187694,0.02134645,-0.031692028
2023-03-17,AMGN,0.012147069,0.0082812309,-0.011863828
2023-03-17,CRM,-0.019127786,0.01822114,-0.045734942
2023-03-17,CSCO,-0.01297003,-0.0050711036,-0.0076138973
2023-03-17,IBM,0.0057038069,0.020854354,-0.0019238591
2023-03-17,INTC,0.0085062981,-0.0011785626,-0.012898982
2023-03-17,MSFT,0.0093454123,-0.0010225177,-0.0087980032
2023-03-17,NKE,-0.021054566,0.0078676939,-0.021951497
2023-03-17,VZ,0.031339645,-0.0032672286,-0.0074884295
2023-03-17,WMT,-6.4253807e-05,-0.0053898692,-0.0060386062
2023-03-20,AAPL,-0.048987806,0.01376915,-0.028448164
2023-03-20,AMGN,0.019060373,-0.0004606843,0.0073753595
2023-03-20,CRM,0.034180045,0.03269732,-0.0054036975
2023-03-20,CSCO,-0.0018909574,0.019171715,0.0012009144
2023-03-20,IBM,0.022109032,0.0046215057,-0.027954757
2023-03-20,INTC,0.0076254606,0.014085531,-0.028664291
2023-03-20,MSFT,-0.012915492,0.0090563297,-0.029883206
2023-03-20,NKE,0.0044249296,0.0067669153,0.0030406713
2023-03-20,VZ,-0.0077517629,0.0069646835,-0.020599425
2023-03-20,WMT,-0.0096539855,0.010788679,0.0016262531
2023-03-21,AAPL,0.011510372,0.0099523067,-0.0096281767
2023-03-21,AMGN,0.0071960688,0.023336172,-0.010239959
2023-03-21,CRM,-0.012543917,0.023411155,-0.0022123456
2023-03-21,CSCO,0.023110747,0.0049849749,-0.009899199
2023-03-21,IBM,0.0066890717,0.0028619766,7.9989433e-05
2023-03-21,INTC,-0.037984014,0.019390106,0.00052666664
2023-03-21,MSFT,-0.006878078,0.00029718876,-0.0078745484
2023-03-21,NKE,-0.0063660145,0.018275976,7.7486038e-06
2023-03-21,VZ,0.014673829,0.001581192,-0.012749553
2023-03-21,WMT,0.0019901991,0.0043274164,-0.0154199
2023-03-22,AAPL,-0.01592499,0.027545452,-0.020163953
2023-03-22,AMGN,0.0021240711,0.012841225,0.0047284365
2023-03-22,CRM,0.0062139034,0.010236979,0.009169817
2023-03-22,CSCO,-0.01736778,0.0104388,-0.0043621659
2023-03-22,IBM,0.004824996,0.00012326241,-0.00081980228
2023-03-22,INTC,0.0035063028,0.0094609261,-0.0096030831
2023-03-22,MSFT,-0.0026493073,-0.0065201521,-0.018396795
2023-03-22,NKE,0.018589735,-0.0087988973,-0.01107192
2023-03-22,VZ,0.010499954,0.014418125,-0.0014801621
2023-03-22,WMT,-0.015901864,0.00922966,0.0018754005
2023-03-23,AAPL,0.0032331944,0.021136284,-0.018269062
2023-03-23,AMGN,-0.0065070987,0.024863005,0.0044286251
2023-03-23,CRM,-0.035792589,0.036636114,0.0037727356
2023-03-23,CSCO,0.01845789,-0.0028973222,0.00028038025
2023-03-23,IBM,-0.016540527,0.00071299076,-0.0072678328
2023-03-23,INTC,0.014845252,0.01339817,-0.015832722
2023-03-23,MSFT,0.015672803,0.012203932,-0.016356826
2023-03-23,NKE,-0.017072916,0.006683588,-0.028707922
2023-03-23,VZ,0.010682344,0.0058764219,-0.00074523687
2023-03-23,WMT,-0.016622901,0.013495803,-0.012061894
2023-03-24,AAPL,-0.044268787,0.023022652,0.0076603889
2023-03-24,AMGN,-0.0076656938,0.032111049,-0.022616565
2023-03-24,CRM,-0.0058786869,0.021615505,-0.025375426
2023-03-24,CSCO,-0.0081139207,0.0052365065,-0.015475273
2023-03-24,IBM,-0.015787542,-0.0052939057,0.0062277317
2023-03-24,INTC,-0.039869308,0.0096757412,-0.016003549
2023-03-24,MSFT,0.0064171553,0.0091594458,-0.010766387
2023-03-24,NKE,0.0077950954,-0.0053616762,-0.011093378
2023-03-24,VZ,-0.005006671,0.00402987,-0.023306429
2023-03-24,WMT,-0.028033555,0.0045695305,-0.026762664
2023-03-27,AAPL,0.0022150278,0.0052752495,-0.0075750947
2023-03-27,AMGN,-0.0014073253,0.0056921244,-0.013096809
2023-03-27,CRM,0.0072038174,0.010426879,-0.034708738
2023-03-27,CSCO,0.023780465,0.003906846,-0.0055385828
2023-03-27,IBM,0.011366725,0.0059140921,-0.008331418
2023-03-27,INTC,-0.011387527,0.0083155632,0.016051173
2023-03-27,MSFT,0.032674789,-0.0017917156,-0.015606105
2023-03-27,NKE,-0.019325256,0.014163733,-0.0072291493
2023-03-27,VZ,0.0044517517,0.012477875,-0.0089919567
2023-03-27,WMT,-0.020549893,0.005431056,-0.010648012
2023-03-28,AAPL,0.020543933,0.032479405,-0.0184412
2023-03-28,AMGN,0.0049883127,0.0073516369,-0.013843715
2023-03-28,CRM,-0.0046666265,0.0017271042,-0.033203602
2023-03-28,CSCO,-0.0090962052,-0.00098133087,-0.0096400976
2023-03-28,IBM,0.010080338,0.013701558,-0.0056183338
2023-03-28,INTC,0.0026245117,0.0016444921,-0.013504446
2023-03-28,MSFT,0.019029856,0.021762133,-0.0092117786
2023-03-28,NKE,0.0076472759,0.012261748,-0.0091711283
2023-03-28,VZ,-0.01706481,0.0027177334,-0.015265346
2023-03-28,WMT,0.021359801,0.0052882433,-0.011698246
2023-03-29,AAPL,-0.017683685,0.0023394823,-0.0013477802
2023-03-29,AMGN,0.026503325,0.012919188,-0.02584368
2023-03-29,CRM,0.015671611,0.011745811,-0.0036044717
2023-03-29,CSCO,-0.013110936,-0.0066097975,-0.020409584
2023-03-29,IBM,-0.01918608,0.00048565865,-0.017560959
2023-03-29,INTC,0.010325432,0.018869638,-0.009070158
2023-03-29,MSFT,-0.023521841,0.031973958,-0.029678524
2023-03-29,NKE,0.0074380636,-0.00062543154,0.00010848045
2023-03-29,VZ,-0.0044623017,0.015492558,-0.0086538792
2023-03-29,WMT,0.014542103,0.022262931,0.0042626858
2023-03-30,AAPL,0.013324738,0.017348766,-0.010321975
2023-03-30,AMGN,-0.012701452,0.0061955452,-0.0012648702
2023-03-30,CRM,-0.030486405,0.021278024,-0.0011992455
2023-03-30,CSCO,-0.029959142,0.0035618544,-0.0011012554
2023-03-30,IBM,-0.0034285188,-0.0049798489,-0.012094617
2023-03-30,INTC,-0.010672927,0.0014542341,-0.00080031157
2023-03-30,MSFT,0.032548428,-0.0031870604,-0.038313806
2023-03-30,NKE,-0.014646947,0.024307609,-0.0027765632
2023-03-30,VZ,-0.0074471831,0.0047519207,0.0045357943
2023-03-30,WMT,-0.010755181,0.0051150322,-0.014080405
2023-03-31,AAPL,-0.023455977,0.015929818,-0.017596006
2023-03-31,AMGN,-0.028965712,0.021009445,-0.032120824
2023-03-31,CRM,-0.025946438,0.0044562817,-0.040922344
2023-03-31,CSCO,0.015594959,0.0065351725,-0.0011296272
2023-03-31,IBM,0.0028833151,0.0027555227,-0.0074754953
2023-03-31,INTC,0.0048093796,0.02376163,-0.00066190958
2023-03-31,MSFT,-0.014215708,0.025352716,-0.018885911
2023-03-31,NKE,-0.025216103,0.0031614304,-0.014050126
2023-03-31,VZ,0.010659337,0.001177907,-0.023876607
2023-03-31,WMT,0.0095044374,0.018551946,0.0057926178
2023-04-03,AAPL,0.017898321,-0.0023725033,-0.0057846308
2023-04-03,AMGN,-0.00096452236,0.0087373257,-0.0059682727
2023-04-03,CRM,0.032489061,0.020986438,-0.021842837
2023-04-03,CSCO,-0.028794169,-0.0017275214,-0.01772958
2023-04-03,IBM,0.0098357201,0.012201786,0.011641026
2023-04-03,INTC,0.0020017624,0.015173554,-0.0010986924
2023-04-03,MSFT,-0.016420364,0.025897622,-0.021386266
2023-04-03,NKE,0.0065701008,0.015592217,-0.010933697
2023-04-03,VZ,0.0053057671,0.00933218,-0.024174631
2023-04-03,WMT,-0.012467623,0.010843515,0.0049179792
2023-04-04,AAPL,0.013730526,0.016214132,0.0090060234
2023-04-04,AMGN,0.012747169,0.020107746,-0.0076749921
2023-04-04,CRM,0.019105792,0.018152952,-0.022375584
2023-04-04,CSCO,0.01517117,-0.00070166588,0.00032687187
2023-04-04,IBM,0.00053143501,-0.0068087578,-0.0093645453
2023-04-04,INTC,0.011682272,0.00036180019,-0.0018979907
2023-04-04,MSFT,-0.0054400563,-0.0063562393,-0.007540822
2023-04-04,NKE,0.01856935,0.017126918,-0.002117455
2023-04-04,VZ,6.3538551e-05,0.0031569004,-0.00438416
2023-04-04,WMT,-0.01569742,0.020073533,-0.005810976
2023-04-05,AAPL,0.0061885118,-0.021331429,0.0073895454
2023-04-05,AMGN,-0.011568367,0.0025594234,-0.018120825
2023-04-05,CRM,-0.025137067,0.0038856268,-0.017667115
2023-04-05,CSCO,-0.024775088,0.002692461,-0.012316406
2023-04-05,IBM,-0.0078462362,0.00060927868,-0.011280596
2023-04-05,INTC,-0.0053251386,-0.011464894,-0.009544909
2023-04-05,MSFT,-0.0010865927,0.031648874,0.0039224625
2023-04-05,NKE,-0.040640533,0.0090613365,-0.0088329315
2023-04-05,VZ,-0.025640428,0.020543098,-0.0093823075
2023-04-05,WMT,0.0063462257,0.013412476,-0.016683459
2023-04-06,AAPL,0.010334969,0.034122348,-0.019976676
2023-04-06,AMGN,0.022456408,-1.8775463e-05,0.0063595772
2023-04-06,CRM,0.068213463,-0.009305954,-0.024079621
2023-04-06,CSCO,-0.0042374134,0.0001322031,-0.02060163
2023-04-06,IBM,-0.0023142099,0.0033274889,-0.021242917
2023-04-06,INTC,-0.023194075,0.00088250637,-0.021588326
2023-04-06,MSFT,-0.0074668527,0.016839862,0.0038170815
2023-04-06,NKE,-0.0079647303,0.018452048,-0.0087511539
2023-04-06,VZ,-0.00075244904,0.015594959,0.00051259995
2023-04-06,WMT,0.0038207769,0.019308329,0.0034507513
2023-04-10,AAPL,0.02675426,-0.0025648475,0.0021198988
2023-04-10,AMGN,-0.0073976517,-0.0061170459,-0.0070402026
2023-04-10,CRM,0.006844759,0.034323215,0.0020880699
2023-04-10,CSCO,0.0020653009,-0.0077995658,-0.027442396
2023-04-10,IBM,-0.015344858,0.015835762,-0.009771049
2023-04-10,INTC,-0.016853452,0.028253913,0.0011899471
2023-04-10,MSFT,0.02167964,0.00061929226,-0.007745266
2023-04-10,NKE,-0.046910822,0.00031936169,-0.040219843
2023-04-10,VZ,-0.017049968,0.012855768,-0.021082461
2023-04-10,WMT,-0.016032398,0.0013720989,-0.0028119087
2023-04-11,AAPL,0.022388101,0.016953945,0.0090363026
2023-04-11,AMGN,-0.035582244,0.027228832,0.009927392
2023-04-11,CRM,0.0018100739,0.022416592,-0.030940473
2023-04-11,CSCO,0.011665702,-0.011689782,-0.024674356
2023-04-11,IBM,-0.012698948,-0.0016542673,-0.022831559
2023-04-11,INTC,0.0063019991,-0.0010040998,-0.025314391
2023-04-11,MSFT,0.01418829,0.0133183,-0.014596522
2023-04-11,NKE,-0.0032308698,0.026162982,-0.00065791607
2023-04-11,VZ,-0.0058061481,0.0090167522,-0.004362762
2023-04-11,WMT,0.0014668703,-0.00024616718,-0.0083267093
2023-04-12,AAPL,-0.037521124,0.0022130013,-0.010800481
2023-04-12,AMGN,0.01842773,0.0086201429,-0.0042523146
2023-04-12,CRM,0.046307564,-0.0022443533,-0.016941607
2023-04-12,CSCO,-0.0032108426,0.00436306,0.010783911
2023-04-12,IBM,-0.0017197728,0.012590885,-0.0018011928
2023-04-12,INTC,-0.019090891,-0.0040059686,-0.017327189
2023-04-12,MSFT,0.010768056,0.008513689,-0.015653491
2023-04-12,NKE,-0.012451351,0.019382238,0.0085240602
2023-04-12,VZ,-0.0037713647,0.01861155,-0.0046128035
2023-04-12,WMT,0.011055946,-0.0025194883,-0.020993888
2023-04-13,AAPL,-0.027091205,0.0034031868,-0.0086947083
2023-04-13,AMGN,-0.0082165599,-0.00047510862,-0.0177387
2023-04-13,CRM,-0.010521352,0.013910174,-0.0042777658
2023-04-13,CSCO,0.0043218136,0.0066314936,0.002525568
2023-04-13,IBM,-0.024769962,0.0021671057,-0.01369226
2023-04-13,INTC,0.0063283443,0.012747288,-0.01473546
2023-04-13,MSFT,0.0057065487,0.0068297386,-0.020248055
2023-04-13,NKE,0.020366311,0.0044225454,-0.0110991
2023-04-13,VZ,0.0072613955,0.017030001,-0.011441946
2023-04-13,WMT,-0.012388051,0.0099717379,-0.00053143501
2023-04-14,AAPL,0.0036164522,-0.0039280653,-0.026104271
2023-04-14,AMGN,0.0095887184,0.012123346,-0.018610597
2023-04-14,CRM,-0.034216642,-0.017999828,-0.017304957
2023-04-14,CSCO,0.014588237,0.011901498,0.0025757551
2023-04-14,IBM,-0.0039528608,0.005130887,-0.017925084
2023-04-14,INTC,-0.014273345,0.0093482733,-0.027858138
2023-04-14,MSFT,-0.0070903897,0.010828972,-0.00061529875
2023-04-14,NKE,0.00061368942,0.0059536695,-0.010266662
2023-04-14,VZ,0.0092340708,0.019408107,-0.0008020401
2023-04-14,WMT,-0.015304804,0.0065338612,0.0036034584
2023-04-17,AAPL,0.01437521,0.0045681,-0.0050719976
2023-04-17,AMGN,0.010248303,0.034092188,-0.0089170933
2023-04-17,CRM,-0.0022541285,-0.015089989,-0.0014759302
2023-04-17,CSCO,0.047293782,-0.004406631,0.0013467073
2023-04-17,IBM,0.0063767433,-0.0056405663,0.01558435
2023-04-17,INTC,-0.040153801,-0.0036195517,-0.010227621
2023-04-17,MSFT,0.015480995,0.020063758,-0.0078955889
2023-04-17,NKE,0.010731459,0.0086762905,-0.010381281
2023-04-17,VZ,-0.0032592416,0.0073286295,-0.024762273
2023-04-17,WMT,-0.0068508387,0.01860559,-0.0057435036
2023-04-18,AAPL,0.0021506548,0.007183075,-0.011540174
2023-04-18,AMGN,-0.019874275,0.012748241,-0.011663258
2023-04-18,CRM,-0.020388484,0.011481643,-0.014378905
2023-04-18,CSCO,0.0059080124,0.0082554817,-0.0042763948
2023-04-18,IBM,-0.0078126192,-0.0023217201,-0.0050837398
2023-04-18,INTC,-0.012886703,0.011492968,-0.0021357536
2023-04-18,MSFT,0.0038580894,0.019160509,-0.041076124
2023-04-18,NKE,0.038647532,0.0069993734,-0.010220706
2023-04-18,VZ,0.015982747,0.0093513727,-0.017789066
2023-04-18,WMT,-0.011141956,0.005641818,-0.018581688
2023-04-19,AAPL,0.042189956,0.01738894,0.0033382177
2023-04-19,AMGN,-0.029819667,-0.0017626882,-0.011340559
2023-04-19,CRM,0.023184299,0.011720181,-0.011151791
2023-04-19,CSCO,0.015052676,0.0057274103,0.0059599876
2023-04-19,IBM,-0.018610597,0.016587853,-0.0019140244
2023-04-19,INTC,-0.0017796755,0.011182904,-0.022701621
2023-04-19,MSFT,0.021061778,0.0043984652,-0.015420914
2023-04-19,NKE,0.028111577,0.022642851,-0.011362553
2023-04-19,VZ,0.0088199377,0.020604253,-0.0048770905
2023-04-19,WMT,-0.0031594038,0.0046116114,0.012139201
2023-04-20,AAPL,-0.0062124729,-0.004147172,-0.01869148
2023-04-20,AMGN,-0.0096788406,0.0098164082,-0.0095060468
2023-04-20,CRM,0.041151762,0.00056660175,-0.0052711368
2023-04-20,CSCO,0.00801301,0.0021020174,-0.037577808
2023-04-20,IBM,-0.0086619258,0.0057703257,-0.01567024
2023-04-20,INTC,-0.0077087283,0.0076912642,-0.0096861124
2023-04-20,MSFT,-0.015807688,0.016448498,-0.008699894
2023-04-20,NKE,-0.0092026591,0.0003439188,-0.0043373108
2023-04-20,VZ,-0.017641902,0.022436619,-0.018125296
2023-04-20,WMT,-0.018052757,0.0011231899,-0.017331541
2023-04-21,AAPL,0.016462922,0.026846051,0.0052735806
2023-04-21,AMGN,0.00013458729,0.013806581,-0.021787941
2023-04-21,CRM,0.022876143,0.0082718134,-0.011983812
2023-04-21,CSCO,-0.0027774572,-0.0063765645,-0.023054242
2023-04-21,IBM,-0.0019279718,0.0039955378,-0.0016838312
2023-04-21,INTC,-0.022532642,0.0076327324,-0.015159547
2023-04-21,MSFT,0.0092788935,0.020737052,-0.0062346458
2023-04-21,NKE,-0.0015262961,0.013853431,-0.028371692
2023-04-21,VZ,0.0083073378,0.019168615,-0.0015171766
2023-04-21,WMT,0.011464715,0.011686563,0.0013223886
2023-04-24,AAPL,0.0062812567,0.0021271706,-0.0044369102
2023-04-24,AMGN,-0.0024284124,0.020143867,-0.0077103376
2023-04-24,CRM,0.026033282,-0.009175241,0.0048600435
2023-04-24,CSCO,-0.019022226,0.0046144724,-0.0089043379
2023-04-24,IBM,-0.01331085,0.0085954666,0.00050282478
2023-04-24,INTC,-0.007212162,0.019982338,-0.0081915855
2023-04-24,MSFT,0.011820436,-0.0081505179,-0.024896622
2023-04-24,NKE,-0.011452913,0.012279391,0.0069845915
2023-04-24,VZ,-0.0089975595,0.010050297,-0.02102536
2023-04-24,WMT,-0.0036987662,0.016606331,-0.010672688
2023-04-25,AAPL,-0.029863,0.023745894,0.0052707195
2023-04-25,AMGN,-0.013681948,-0.0018407702,-0.0048761368
2023-04-25,CRM,-0.036468983,0.014850378,-0.021431744
2023-04-25,CSCO,0.017929077,0.014817476,-0.0043762922
2023-04-25,IBM,-0.0016183257,0.010411978,-0.0091876388
2023-04-25,INTC,0.022538781,0.018783331,0.0047925711
2023-04-25,MSFT,0.0072920322,0.005338788,-0.0074026585
2023-04-25,NKE,0.021372914,0.021094441,-0.017549157
2023-04-25,VZ,-0.0064461827,-0.004001379,0.003692627
2023-04-25,WMT,0.019294024,0.011708379,-0.020013511
2023-04-26,AAPL,-0.0044804811,-0.018690646,-0.0048498511
2023-04-26,AMGN,-0.0074968338,-0.0006890893,-0.033098459
2023-04-26,CRM,-0.0069514513,0.0035121441,-0.026074767
2023-04-26,CSCO,-0.0095674396,0.0056644678,-0.001390636
2023-04-26,IBM,0.0099560022,0.0057048798,-0.0064231157
2023-04-26,INTC,-0.013890207,-0.0094275475,-0.005387485
2023-04-26,MSFT,0.013017535,0.0061879158,0.010862589
2023-04-26,NKE,-0.0083855987,0.011379361,-0.011678278
2023-04-26,VZ,-0.012319624,0.0246979,0.00084543228
2023-04-26,WMT,-0.012531936,0.011119604,0.0022208691
2023-04-27,AAPL,0.010270834,0.0085401535,-0.043642282
2023-04-27,AMGN,0.0097424984,0.025596261,-0.019153714
2023-04-27,CRM,-0.0098161697,0.030283809,-0.018982053
2023-04-27,CSCO,0.013939977,0.004206419,-0.011287093
2023-04-27,IBM,-0.03848809,0.00076174736,0.0097162724
2023-04-27,INTC,-0.015640318,0.0046287775,-0.0023545623
2023-04-27,MSFT,0.017310739,0.00072646141,-0.017556906
2023-04-27,NKE,-0.0022119284,0.0077526569,-0.011767387
2023-04-27,VZ,-0.012137175,0.011530876,-0.0074318051
2023-04-27,WMT,-0.016020179,0.0073168278,-0.010329306
2023-04-28,AAPL,-0.021217763,0.012084246,-0.026180983
2023-04-28,AMGN,0.0027366877,0.019022942,-0.013205826
2023-04-28,CRM,-0.050573528,0.0081084967,-0.038949132
2023-04-28,CSCO,-0.00079894066,0.0046163797,-0.010729909
2023-04-28,IBM,0.0062385798,0.01053834,-0.0020923615
2023-04-28,INTC,-0.00050938129,0.0056022406,-0.001116991
2023-04-28,MSFT,0.0053534508,0.017002106,-0.025364935
2023-04-28,NKE,0.0079220533,0.0038713217,-0.001955092
2023-04-28,VZ,0.0055048466,0.017160296,-0.0067290664
2023-04-28,WMT,-0.0012913942,0.0034404993,-0.0037932396
2023-05-01,AAPL,-0.012600362,0.020840287,-0.026409209
2023-05-01,AMGN,-0.0032290816,8.6426735e-05,-0.013865292
2023-05-01,CRM,0.0057929754,0.029225469,-0.020559847
2023-05-01,CSCO,-0.022184551,0.00077879429,-0.0040487051
2023-05-01,IBM,0.0014607906,0.023202658,-0.018927932
2023-05-01,INTC,-0.014684379,0.012575507,-0.027528465
2023-05-01,MSFT,0.003770709,0.0076336861,-0.014906287
2023-05-01,NKE,-0.0094056726,-0.0034810305,0.0012192726
2023-05-01,VZ,-0.0057078004,-0.0052534938,0.0074601173
2023-05-01,WMT,-0.011721551,0.0015821457,0.0087832212
2023-05-02,AAPL,-0.0012905598,0.0083155632,-0.018769205
2023-05-02,AMGN,-0.018337488,0.036250114,-0.0041959882
2023-05-02,CRM,-0.0053057075,0.059250474,-0.019639909
2023-05-02,CSCO,-0.020284414,0.021644473,-0.012448728
2023-05-02,IBM,-0.007563889,0.0056164265,-0.0183689
2023-05-02,INTC,0.012922406,-0.0041327477,-0.014443636
2023-05-02,MSFT,-0.024448812,-0.002361238,-0.019427001
2023-05-02,NKE,0.0061914921,-0.0089578032,-0.00073701143
2023-05-02,VZ,0.0070798397,0.007604599,-0.019870996
2023-05-02,WMT,0.0041315556,0.011950374,-0.0077118278
2023-05-03,AAPL,0.0017721653,0.0087518692,-0.021692753
2023-05-03,AMGN,-0.0010309815,0.0074570179,-0.017897189
2023-05-03,CRM,0.021880984,0.025885701,-0.024953544
2023-05-03,CSCO,0.014025927,-0.0016905665,-0.02172482
2023-05-03,IBM,-0.012872458,-0.0019205213,-0.0055941939
2023-05-03,INTC,-0.010842085,0.014660954,-0.0012019277
2023-05-03,MSFT,-0.042579114,-0.0034713745,-0.012368858
2023-05-03,NKE,0.012912154,0.021526217,-0.0051574707
2023-05-03,VZ,-0.023785472,0.0054693222,-0.005936563
2023-05-03,WMT,0.022503376,0.017974734,-0.0017192364
2023-05-04,AAPL,-0.0071015954,-0.0024997592,-0.017417133
2023-05-04,AMGN,0.014492393,0.0043667555,0.0057733059
2023-05-04,CRM,0.0043773651,0.035728097,-0.011183679
2023-05-04,CSCO,-0.010968089,0.010581017,-0.024444878
2023-05-04,IBM,-0.0025287867,0.012478828,0.015540242
2023-05-04,INTC,0.0039994717,-0.0045468211,0.0099241734
2023-05-04,MSFT,0.0092487335,0.011891484,0.0032923222
2023-05-04,NKE,0.0054227114,0.0093671083,-0.016003132
2023-05-04,VZ,-0.014481902,-0.0076534152,-0.021206975
2023-05-04,WMT,0.013514042,0.01234138,0.0059868097
2023-05-05,AAPL,0.0042289495,-0.0038315654,-0.012619853
2023-05-05,AMGN,-0.011928022,0.012495518,-0.012873054
2023-05-05,CRM,0.014181495,0.036548853,-0.01843679
2023-05-05,CSCO,0.013683438,-0.002045095,-0.0083727837
2023-05-05,IBM,0.0066817999,0.0074616671,-0.01489526
2023-05-05,INTC,-0.017369926,0.0092476606,0.0079604387
2023-05-05,MSFT,-0.029315472,0.022163987,-0.0016465187
2023-05-05,NKE,-0.030058622,0.0095608234,-0.010447443
2023-05-05,VZ,-0.011893749,0.0033316612,-0.00014966726
2023-05-05,WMT,0.0040682554,0.011076808,-0.0046702027
2023-05-08,AAPL,0.018597484,0.012845874,-0.023422182
2023-05-08,AMGN,-0.00086373091,-0.0042579174,-0.0072290897
2023-05-08,CRM,0.027619839,0.00033867359,0.011648536
2023-05-08,CSCO,0.0065521002,0.018566489,-0.0086466074
2023-05-08,IBM,-0.013823032,0.023899436,0.0072811842
2023-05-08,INTC,0.020411253,-0.0045596361,-0.013981223
2023-05-08,MSFT,-0.0016021132,0.0017197132,-0.013830245
2023-05-08,NKE,-0.013507903,-0.0026856065,-0.010165811
2023-05-08,VZ,0.00053012371,0.019933224,0.0010895729
2023-05-08,WMT,-0.010696054,0.018268108,-0.00089848042
2023-05-09,AAPL,0.013289571,0.030048728,-0.020089924
2023-05-09,AMGN,-0.010243297,0.0054959059,-0.013570309
2023-05-09,CRM,0.050075173,0.012776017,0.0048251152
2023-05-09,CSCO,0.027974129,0.027952433,-0.013049066
2023-05-09,IBM,0.0099577904,0.013322592,0.0016397238
2023-05-09,INTC,0.019624472,0.037563205,0.0045287609
2023-05-09,MSFT,0.010910034,0.0028187037,-0.0024003983
2023-05-09,NKE,-0.0067384243,0.0062930584,-0.0023792982
2023-05-09,VZ,0.017733812,0.019408941,-0.00038909912
2023-05-09,WMT,-0.00503546,0.005023241,0.00038588047
2023-05-10,AAPL,0.029188871,0.031943679,-0.016536832
2023-05-10,AMGN,-0.026121318,0.011739612,-0.020264804
2023-05-10,CRM,-0.0038913488,0.004257679,-0.024695218
2023-05-10,CSCO,0.0079290867,0.006618619,-0.0039938092
2023-05-10,IBM,-0.00032126904,0.011898518,-0.012600601
2023-05-10,INTC,0.015043736,0.0013849735,-0.0020925999
2023-05-10,MSFT,6.0796738e-06,0.016540527,-0.018381834
2023-05-10,NKE,-0.0093554258,-0.0063310862,-0.034881055
2023-05-10,VZ,0.0029661655,0.020171642,-0.010616958
2023-05-10,WMT,0.0013381243,0.018186331,-0.0060232878
2023-05-11,AAPL,-0.009346962,0.0014690161,-0.0022318363
2023-05-11,AMGN,-0.021466374,0.012248397,0.00073611736
2023-05-11,CRM,-0.019483447,-0.0021677613,-0.038638651
2023-05-11,CSCO,-0.020894349,0.00035595894,-0.023224115
2023-05-11,IBM,-0.00081390142,-4.5359135e-05,-0.010231853
2023-05-11,INTC,-0.0011751652,-0.0070325732,0.0069518089
2023-05-11,MSFT,-0.019862056,0.01368165,-0.0094237328
2023-05-11,NKE,0.019440532,-0.015002429,-0.011082411
2023-05-11,VZ,-0.016296685,0.016519189,-0.0032263994
2023-05-11,WMT,0.0094828606,0.011930466,0.0012397766
2023-05-12,AAPL,0.0042034388,0.0017255545,7.4625015e-05
2023-05-12,AMGN,-0.021793127,0.013210416,-0.01359421
2023-05-12,CRM,0.037406921,0.023142815,0.0054346323
2023-05-12,CSCO,-0.00075775385,0.036677599,0.00019645691
2023-05-12,IBM,-0.021221399,-0.0016037226,-0.0099004507
2023-05-12,INTC,-0.014334679,0.0010809898,0.017361045
2023-05-12,MSFT,-0.0083005428,0.0080544949,-0.00041294098
2023-05-12,NKE,0.011506557,-2.4437904e-05,0.0036683083
2023-05-12,VZ,0.001614213,-0.0014918447,0.010815859
2023-05-12,WMT,-0.013304293,0.0010637045,-0.014533341
2023-05-15,AAPL,5.0902367e-05,0.027563453,0.0031815767
2023-05-15,AMGN,-0.016631424,0.012388945,-0.00239712
2023-05-15,CRM,0.0019520521,0.025989413,-0.052836359
2023-05-15,CSCO,-0.013295293,0.017926812,-0.026068985
2023-05-15,IBM,0.015027404,0.0091775656,-0.014757276
2023-05-15,INTC,-0.00015896559,0.0056298971,0.0065566301
2023-05-15,MSFT,0.0078672171,0.0058684349,-0.005025506
2023-05-15,NKE,0.010603309,0.0090295076,0.0083572865
2023-05-15,VZ,0.00064611435,0.0088759661,-0.0073096156
2023-05-15,WMT,-0.016302168,0.0062018633,-0.0076578259
2023-05-16,AAPL,0.029822707,0.003770113,-0.022036791
2023-05-16,AMGN,-0.012017667,0.025754571,-0.011035621
2023-05-16,CRM,-0.0088194609,-0.0042512417,-0.011559665
2023-05-16,CSCO,0.0089623928,0.0037761927,-0.026582658
2023-05-16,IBM,0.0030130148,0.0052323341,-0.0091888905
2023-05-16,INTC,0.010534525,0.0069246292,0.0049650669
2023-05-16,MSFT,0.016251326,0.016312599,-0.00015568733
2023-05-16,NKE,-0.0017873049,0.0063123703,0.010197878
2023-05-16,VZ,0.0067486763,0.0083870888,-0.00084000826
2023-05-16,WMT,-0.0023488998,-7.6115131e-05,-0.008099854
2023-05-17,AAPL,-0.028165281,0.00499475,-0.028230667
2023-05-17,AMGN,-0.046070814,0.022995353,-0.011899292
2023-05-17,CRM,0.006338954,0.012660623,0.0069411993
2023-05-17,CSCO,0.024023056,0.0078084469,-0.02326858
2023-05-17,IBM,0.016674638,0.0070595741,-3.862381e-05
2023-05-17,INTC,-0.004506886,-0.00081914663,0.0065567493
2023-05-17,MSFT,0.0065175295,0.018978953,0.0018335581
2023-05-17,NKE,0.019684672,0.011532664,-0.0029682517
2023-05-17,VZ,0.020280123,0.0035809278,-0.01238513
2023-05-17,WMT,-0.003757298,0.016615391,-0.0027166009
2023-05-18,AAPL,-0.022832274,-0.0094499588,-0.017732263
2023-05-18,AMGN,-0.0011003613,0.027310014,-0.0061206222
2023-05-18,CRM,-0.0030378103,-0.0011740923,-0.0029492378
2023-05-18,CSCO,0.015437484,0.0037442446,-0.014928639
2023-05-18,IBM,0.010017157,0.0090514421,0.0079517365
2023-05-18,INTC,-0.0030229092,0.00048625469,-0.019736171
2023-05-18,MSFT,-0.018923342,0.021443486,0.0023401976
2023-05-18,NKE,-0.011905253,0.0034039021,-0.0061186552
2023-05-18,VZ,-0.0060036778,0.01836884,-0.0096812248
2023-05-18,WMT,-0.0041089058,0.0067578554,-0.022196949
2023-05-19,AAPL,-0.016065836,0.012699127,-0.036064327
2023-05-19,AMGN,-0.023541451,0.0073639154,0.0044218302
2023-05-19,CRM,0.046729326,-0.018677771,-0.0092627406
2023-05-19,CSCO,0.0078159571,0.014242411,-0.02009201
2023-05-19,IBM,0.0083289146,-0.010722697,0.0091760159
2023-05-19,INTC,0.0066502094,0.0098767281,-0.0097827911
2023-05-19,MSFT,-0.0060876012,0.0086331367,0.0028913021
2023-05-19,NKE,-0.058772206,0.0089664459,-0.0010769367
2023-05-19,VZ,-0.0081720948,-0.0023428798,0.00016999245
2023-05-19,WMT,-0.012054563,0.0085929632,-0.0019076467
2023-05-22,AAPL,-0.068284452,0.011613488,-0.035520911
2023-05-22,AMGN,0.023953795,0.016764522,-0.0072427988
2023-05-22,CRM,0.0011575222,-0.0065503716,-0.0082840919
2023-05-22,CSCO,-0.0030275583,0.0073848963,-0.021211565
2023-05-22,IBM,-0.011999249,0.0057947636,0.0040831566
2023-05-22,INTC,0.0062986612,0.014020085,0.0028328896
2023-05-22,MSFT,0.015842199,0.030878782,-0.013346493
2023-05-22,NKE,-0.021098316,0.021808743,-0.014423311
2023-05-22,VZ,-0.011754632,0.0047746897,-0.0032219291
2023-05-22,WMT,-0.013619304,0.011802912,-0.016424417
2023-05-23,AAPL,0.022196889,0.0082812309,-0.018291652
2023-05-23,AMGN,-0.011417866,0.02700448,-0.0071848035
2023-05-23,CRM,0.019734263,0.025527716,-0.016213059
2023-05-23,CSCO,-0.027023494,0.0058368444,-0.010050535
2023-05-23,IBM,-0.025576472,0.022592545,-0.0085729361
2023-05-23,INTC,0.015692234,0.0086222887,-0.0086688995
2023-05-23,MSFT,0.0075341463,0.01251924,-0.022811115
2023-05-23,NKE,-0.013253033,0.0087863207,-0.0045842528
2023-05-23,VZ,0.012363672,0.0037128925,-0.013119817
2023-05-23,WMT,0.002866745,0.010953665,-0.016093671
2023-05-24,AAPL,-0.053574383,0.0071343184,0.00059974194
2023-05-24,AMGN,0.013817668,-0.0095387101,-0.0053139329
2023-05-24,CRM,-0.0051788092,0.025407672,0.009206295
2023-05-24,CSCO,-0.025581896,0.0083035231,-0.010192096
2023-05-24,IBM,-0.019968629,0.0071982145,-0.0098287463
2023-05-24,INTC,0.018825531,0.006054163,-0.013073206
2023-05-24,MSFT,0.0096421242,-0.00011175871,-0.0095006824
2023-05-24,NKE,-0.040783465,0.0079439878,-0.0015661716
2023-05-24,VZ,-0.032949686,0.013780475,0.0050914288
2023-05-24,WMT,0.020871401,0.0032721758,-0.005623877
2023-05-25,AAPL,-0.0051674247,0.025385261,-0.0084718466
2023-05-25,AMGN,0.019500136,0.0097007751,-0.0089960694
2023-05-25,CRM,0.01508069,0.0040941238,-0.015340269
2023-05-25,CSCO,-0.010733366,0.01157093,-0.029153466
2023-05-25,IBM,0.0090534687,0.00031673908,-0.011702538
2023-05-25,INTC,-0.010908246,0.004168272,0.0048816204
2023-05-25,MSFT,0.018700242,0.011147738,-0.0078588128
2023-05-25,NKE,-0.020047486,0.0039558411,-0.015649855
2023-05-25,VZ,0.0098869801,0.025471807,-0.012337029
2023-05-25,WMT,-0.0091959238,0.0064015388,-0.01117456
2023-05-26,AAPL,0.015706062,0.023276448,-0.018856049
2023-05-26,AMGN,-0.020182192,0.019585252,-0.015191317
2023-05-26,CRM,-0.041653097,0.019692898,-0.0045249462
2023-05-26,CSCO,-0.0046133399,-0.01789546,-0.0030190945
2023-05-26,IBM,0.0097537041,0.01703918,-0.014007032
2023-05-26,INTC,-0.0014286041,0.024883509,-0.038919866
2023-05-26,MSFT,0.0046976805,-0.02011323,-0.011219621
2023-05-26,NKE,-0.018305957,0.022544146,-0.01017946
2023-05-26,VZ,0.0019448996,0.020635009,-0.016994536
2023-05-26,WMT,-0.014413953,0.01433599,-0.0075354576
2023-05-30,AAPL,-0.0099202394,-0.0041930079,-0.0018437505
2023-05-30,AMGN,0.021899581,0.0072114468,-0.018643737
2023-05-30,CRM,-0.014324605,0.016155124,-0.020818353
2023-05-30,CSCO,0.01713419,0.0023914576,-0.00013512373
2023-05-30,IBM,-0.018174529,0.01808846,-0.0095823407
2023-05-30,INTC,-0.0037226677,-0.022619188,-0.031246841
2023-05-30,MSFT,-0.01073879,-0.0021808743,-0.0034459233
2023-05-30,NKE,0.021347761,0.0075589418,-0.0044148564
2023-05-30,VZ,-0.014900804,-0.0070765615,-0.0036284924
2023-05-30,WMT,-0.0053346753,0.012593508,-0.0088277459
2023-05-31,AAPL,-0.010657907,0.020403504,-0.016278803
2023-05-31,AMGN,0.026647925,0.0039659739,-0.0045033693
2023-05-31,CRM,-0.0056823492,0.018751144,0.0046498775
2023-05-31,CSCO,-0.033332646,0.0016138554,0.00084996223
2023-05-31,IBM,0.003385067,0.011487246,-0.0029066801
2023-05-31,INTC,0.00086545944,0.016564846,-0.015004456
2023-05-31,MSFT,-0.004327476,0.018540978,-0.024438679
2023-05-31,NKE,0.003246665,0.0020536184,-0.003082633
2023-05-31,VZ,-0.013459802,0.017559648,-0.014810562
2023-05-31,WMT,-0.0040283799,0.0093135834,-0.0081546307
2023-06-01,AAPL,0.013829112,0.024808407,-0.018593788
2023-06-01,AMGN,-0.027784109,0.011932969,-0.022198141
2023-06-01,CRM,-0.0046311617,0.0065217018,-0.015613437
2023-06-01,CSCO,0.0084358454,-0.01032114,-0.014446497
2023-06-01,IBM,0.0094627142,0.013815761,-0.0077242851
2023-06-01,INTC,-0.000387609,0.0023971796,-0.015449882
2023-06-01,MSFT,-0.026088774,0.015408516,-0.011285961
2023-06-01,NKE,-0.031078875,-0.0094805956,-0.022443473
2023-06-01,VZ,-0.0060498118,0.0059107542,-0.0092453957
2023-06-01,WMT,-0.031442821,0.002369523,-0.0013689995
2023-06-02,AAPL,0.0091627836,-0.0021526814,-0.015717566
2023-06-02,AMGN,-0.020587921,0.008993268,-0.010977745
2023-06-02,CRM,-0.014048815,0.016718864,0.0087659359
2023-06-02,CSCO,0.016577363,0.027821541,-0.012331009
2023-06-02,IBM,0.013338089,0.01832211,-0.0046989918
2023-06-02,INTC,0.025530219,0.0038591623,0.0056300163
2023-06-02,MSFT,-0.014562011,0.014853001,-0.0052075982
2023-06-02,NKE,-0.0047470331,0.020150542,-0.023010254
2023-06-02,VZ,-0.00067394972,0.0082564354,0.0079666376
2023-06-02,WMT,0.0071530342,0.0037924051,-0.0010688305
2023-06-05,AAPL,0.010952353,0.0018601418,-0.015620708
2023-06-05,AMGN,-0.045040309,0.017497182,-0.010378301
2023-06-05,CRM,-0.023769796,0.0047419071,-0.028420448
2023-06-05,CSCO,-0.02425921,0.019155264,0.011767745
2023-06-05,IBM,-0.009376049,-0.0093466043,-0.0052911639
2023-06-05,INTC,0.019879222,-0.0053601861,0.0069310665
2023-06-05,MSFT,-0.0063298345,0.003223896,-0.0076935887
2023-06-05,NKE,0.0024873018,0.016167045,0.0047776699
2023-06-05,VZ,-0.0072860122,0.0044542551,-0.012706339
2023-06-05,WMT,-0.0035493374,-0.0013310313,-0.015369594
2023-06-06,AAPL,0.014917493,0.0011547804,0.0078805685
2023-06-06,AMGN,0.012808681,0.0052756071,-0.010005295
2023-06-06,CRM,0.06636858,-0.001698494,-0.033321559
2023-06-06,CSCO,-0.0015572906,0.0011951923,-0.017233074
2023-06-06,IBM,0.003063798,0.024498343,-4.2259693e-05
2023-06-06,INTC,-0.0044584274,0.0042169094,-0.0063726902
2023-06-06,MSFT,0.017825484,0.014734149,-0.015158057
2023-06-06,NKE,-0.023727417,0.027411103,0.0088124275
2023-06-06,VZ,-0.0097241402,0.01211524,-0.010286033
2023-06-06,WMT,0.006313324,0.011963844,0.0033285618
2023-06-07,AAPL,0.038940191,0.014904499,-0.026879728
2023-06-07,AMGN,-0.045628726,0.0044703484,-0.019576252
2023-06-07,CRM,-0.0039894581,0.01736939,-0.015601099
2023-06-07,CSCO,0.0047821999,0.0015244484,-0.025915861
2023-06-07,IBM,-0.0017390847,0.010825396,-0.0038766265
2023-06-07,INTC,0.018832922,0.016351938,-0.030647337
2023-06-07,MSFT,0.034721494,0.012123108,0.0028681755
2023-06-07,NKE,-0.0063741207,0.006966114,-0.01417315
2023-06-07,VZ,-0.013809025,0.014740586,-0.021539569
2023-06-07,WMT,-0.024530888,0.016040683,-0.0062718391
2023-06-08,AAPL,0.011131883,0.010609031,-0.0064308643
2023-06-08,AMGN,-0.0073286891,0.0050822496,-0.028772771
2023-06-08,CRM,0.037512183,0.025627613,-0.031082273
2023-06-08,CSCO,-0.0033175945,0.0077954531,0.022598982
2023-06-08,IBM,0.018101692,0.020701408,-0.00094980001
2023-06-08,INTC,0.026546717,-0.0041984916,-0.0020014048
2023-06-08,MSFT,0.014314532,0.0063667297,0.0064935684
2023-06-08,NKE,0.025554419,0.034850001,-0.017293572
2023-06-08,VZ,-0.012018085,0.016334891,0.0041273832
2023-06-08,WMT,-0.0038822293,0.012343645,-0.0029009581
2023-06-09,AAPL,-0.011357844,0.013231039,-0.0064472556
2023-06-09,AMGN,-0.012392998,0.015377879,-0.013876915
2023-06-09,CRM,-0.056310236,0.0071606636,-0.044147015
2023-06-09,CSCO,-0.0059506297,0.019791484,-0.015081942
2023-06-09,IBM,0.022318602,0.0010042191,-0.0038004518
2023-06-09,INTC,0.013535023,0.0028091669,-0.027209222
2023-06-09,MSFT,0.0033252239,0.0057111979,-0.012634814
2023-06-09,NKE,-0.0080541372,0.01668942,-0.006072998
2023-06-09,VZ,-0.013597786,0.010959744,-0.020709813
2023-06-09,WMT,0.0016986132,0.0072898865,-0.0073514581
2023-06-12,AAPL,-0.010285497,0.015199423,-0.017139256
2023-06-12,AMGN,-0.033903003,0.0027885437,0.013693213
2023-06-12,CRM,0.014049888,0.01701355,0.0082409382
2023-06-12,CSCO,-0.024700999,0.013588905,-0.013890624
2023-06-12,IBM,0.010690451,-0.0075143576,0.0082646608
2023-06-12,INTC,0.0051656961,0.0045959949,0.0034947395
2023-06-12,MSFT,0.0010517836,0.016747236,-0.0051721334
2023-06-12,NKE,0.0034162998,-0.013530076,-0.029071927
2023-06-12,VZ,0.014438152,0.011307359,-0.025521874
2023-06-12,WMT,0.010343194,0.01093781,-0.010237694
2023-06-13,AAPL,0.014604926,-0.004958272,-0.027924418
2023-06-13,AMGN,-0.031071186,0.0093575716,-0.025185525
2023-06-13,CRM,0.018145204,0.031459928,0.00049555302
2023-06-13,CSCO,0.018403172,-0.0045666695,-0.026361644
2023-06-13,IBM,-0.017595172,0.017200947,0.0079938173
2023-06-13,INTC,-0.008356452,0.012639284,-0.016432762
2023-06-13,MSFT,0.018316031,-0.0025136471,0.021074891
2023-06-13,NKE,-0.0013347864,0.0099238157,0.006449461
2023-06-13,VZ,0.017084956,0.0083340406,0.001701355
2023-06-13,WMT,0.003647089,0.0096416473,-0.002132237
2023-06-14,AAPL,0.032667994,0.00057911873,0.0078026056
2023-06-14,AMGN,-0.028594971,0.0086477995,-0.01571542
2023-06-14,CRM,-0.0065252185,0.0073618889,-0.013801575
2023-06-14,CSCO,0.032827139,-0.0022853613,0.010812044
2023-06-14,IBM,-0.015779495,0.021853924,-0.0013871789
2023-06-14,INTC,-0.011232972,-0.0017652512,-0.0083776116
2023-06-14,MSFT,0.018471599,0.0031034946,-0.02909869
2023-06-14,NKE,0.011119485,0.0067549944,-0.010299683
2023-06-14,VZ,-0.016623795,0.00492239,-0.0064756274
2023-06-14,WMT,0.011126995,-0.0014130473,-0.013353348
2023-06-15,AAPL,0.00063920021,0.013252378,-0.011534452
2023-06-15,AMGN,-0.013967276,0.012484431,-0.0068863034
2023-06-15,CRM,0.023309588,0.025977135,-0.020261824
2023-06-15,CSCO,0.0010035038,0.010279179,-0.011056602
2023-06-15,IBM,-0.017953515,0.0039041042,-0.0023849607
2023-06-15,INTC,0.033928394,0.0075161457,-0.018516481
2023-06-15,MSFT,-0.01308316,0.013165236,-0.0076518059
2023-06-15,NKE,-0.030651093,0.015768528,-0.019257665
2023-06-15,VZ,-0.0066499114,0.005792141,0.0047783852
2023-06-15,WMT,0.003035903,0.0092025995,-0.0065797567
2023-06-16,AAPL,0.013136864,0.0054154396,-0.011806488
2023-06-16,AMGN,0.012574792,0.0091911554,-0.020399034
2023-06-16,CRM,-0.012913942,0.0060157776,-0.012744844
2023-06-16,CSCO,-0.015229046,0.0043723583,-0.0044907928
2023-06-16,IBM,-0.0022133589,0.013010144,-0.0067620873
2023-06-16,INTC,0.03162694,-0.009795785,-0.026352942
2023-06-16,MSFT,-0.017553151,0.005880475,0.0071134567
2023-06-16,NKE,0.00055134296,-0.0040390491,-0.024285436
2023-06-16,VZ,-0.017377019,0.0014659166,-0.0017473698
2023-06-16,WMT,-0.014245749,-0.00023347139,-0.0034116507
2023-06-20,AAPL,-0.0022239685,0.015539169,-0.0068344474
2023-06-20,AMGN,-0.011037588,0.036937714,-0.022099972
2023-06-20,CRM,-0.047290444,0.026245832,-0.013084531
2023-06-20,CSCO,0.023609996,0.0071386099,-0.00016176701
2023-06-20,IBM,-0.0011931658,-0.0094792843,-0.016193688
2023-06-20,INTC,0.01667738,-0.013397694,-0.023534119
2023-06-20,MSFT,-0.048495471,0.011535883,0.0024490356
2023-06-20,NKE,-0.034790874,0.0025434494,-0.0041095018
2023-06-20,VZ,0.0030090809,0.0086448193,-0.0084472895
2023-06-20,WMT,0.0010120869,0.0079663992,-0.0036537051
2023-06-21,AAPL,0.016264439,-0.0066602826,-0.008046031
2023-06-21,AMGN,-0.016386867,0.010883808,-0.011380434
2023-06-21,CRM,0.039717555,0.00078260899,0.0075362921
2023-06-21,CSCO,-0.028883874,0.0055148602,-0.011119246
2023-06-21,IBM,0.0061804056,0.0079623461,-0.010397673
2023-06-21,INTC,-0.017896712,0.0073546171,-0.0065947175
2023-06-21,MSFT,0.0027383566,0.0083736181,-0.0037587881
2023-06-21,NKE,-0.019070327,0.025374293,-0.031969428
2023-06-21,VZ,-0.002863884,0.013910651,-0.015957177
2023-06-21,WMT,-0.010466814,0.0035531521,-0.0078759193
2023-06-22,AAPL,-0.01119864,-0.010467052,-0.0088970065
2023-06-22,AMGN,-0.021143734,0.036194086,-0.0087971091
2023-06-22,CRM,-0.0087597966,0.01098454,-0.016577601
2023-06-22,CSCO,-0.031092584,0.0019555092,0.0057373047
2023-06-22,IBM,-0.010263085,0.01234889,-0.013102889
2023-06-22,INTC,-0.0011773109,0.0038512945,-0.017406523
2023-06-22,MSFT,0.023253322,-0.0067326427,-0.021239817
2023-06-22,NKE,-0.014157414,0.012020111,0.0034954548
2023-06-22,VZ,0.010721087,0.016774893,-0.005359292
2023-06-22,WMT,0.0017871857,0.0083771944,-0.0045961142
2023-06-23,AAPL,-0.0056694746,0.013089061,6.1988831e-06
2023-06-23,AMGN,0.005980134,0.021927714,0.011787295
2023-06-23,CRM,0.0063843727,0.042757869,-0.036653697
2023-06-23,CSCO,-0.015504539,-0.0094792843,-0.019701779
2023-06-23,IBM,0.0070337057,0.011094093,-0.016024888
2023-06-23,INTC,-0.0082777143,-0.0025683641,-0.014854968
2023-06-23,MSFT,0.044419289,0.0060292482,-0.0024249554
2023-06-23,NKE,-0.0082252026,0.010441899,-0.0066857338
2023-06-23,VZ,0.0065830946,0.00910604,-3.0338764e-05
2023-06-23,WMT,-0.0075920224,0.0088875294,-0.015847802
2023-06-26,AAPL,0.0027723312,0.0061473846,0.021373272
2023-06-26,AMGN,0.00082039833,0.00740242,-0.011793137
2023-06-26,CRM,-0.0071502924,0.014089465,0.00038206577
2023-06-26,CSCO,-0.020457208,0.012243629,-0.0033207536
2023-06-26,IBM,0.003259182,0.0052669048,0.00032758713
2023-06-26,INTC,-0.0028011203,0.0025434494,-0.012500107
2023-06-26,MSFT,0.012788296,0.0041821003,0.0069345236
2023-06-26,NKE,0.0024095774,0.006966114,0.0056227446
2023-06-26,VZ,-0.011532009,0.0073956251,-0.021879494
2023-06-26,WMT,-0.0067154765,0.0092680454,-0.0091150403
2023-06-27,AAPL,-0.032649934,0.022267342,-0.0078327656
2023-06-27,AMGN,-0.0050854683,0.017125964,0.0057106018
2023-06-27,CRM,0.024147272,0.031643391,-0.029859066
2023-06-27,CSCO,-0.022533178,0.0157516,-0.013131618
2023-06-27,IBM,0.008613348,0.01210022,-0.009359479
2023-06-27,INTC,0.0062068701,0.010707974,-0.012210488
2023-06-27,MSFT,-0.0046128631,-0.013589501,-0.0092102885
2023-06-27,NKE,0.018551469,0.0049253702,-0.015477598
2023-06-27,VZ,-0.0031986237,0.013981104,-0.016888499
2023-06-27,WMT,-0.0039385557,0.0047924519,-0.0031704903
2023-06-28,AAPL,0.018819571,0.0097643137,0.0068342686
2023-06-28,AMGN,-0.021216094,0.018287182,0.0040079355
2023-06-28,CRM,0.024911642,-0.0021109581,-0.035704494
2023-06-28,CSCO,-0.0046041012,0.014359713,-0.023033261
2023-06-28,IBM,0.017298102,0.013331652,-0.0060272813
2023-06-28,INTC,0.0071332455,-0.0032944679,-0.0058065653
2023-06-28,MSFT,-0.016420186,0.010955334,0.0094739199
2023-06-28,NKE,0.0057178736,0.020785451,0.0017222166
2023-06-28,VZ,-0.012603879,0.012341261,-0.0066921115
2023-06-28,WMT,-0.012860775,0.016615033,-0.011331618
2023-06-29,AAPL,-0.011604846,0.024592161,0.0032634735
2023-06-29,AMGN,0.0068522692,0.014068604,-0.017958045
2023-06-29,CRM,-0.0025120974,0.0013844967,-0.026097536
2023-06-29,CSCO,0.008559227,-0.005925715,-0.02519381
2023-06-29,IBM,-0.012579858,0.0034464598,-0.015424073
2023-06-29,INTC,-0.017846644,0.014988542,-0.0038865209
2023-06-29,MSFT,-0.01337111,0.010209918,-0.022049308
2023-06-29,NKE,-0.017585814,0.0084979534,-9.5129013e-05
2023-06-29,VZ,0.023709893,0.0068092346,-0.005621016
2023-06-29,WMT,-0.017498434,0.015180469,-0.011631012
2023-06-30,AAPL,-0.014450669,0.0055685043,-0.0056809783
2023-06-30,AMGN,-0.0053771138,-0.0099082589,-0.023796856
2023-06-30,CRM,-0.025756359,0.015457511,-0.021447301
2023-06-30,CSCO,0.0029459,0.00023519993,-0.016266644
2023-06-30,IBM,0.014351487,-0.00071179867,-0.018610537
2023-06-30,INTC,-0.014204204,0.0055053234,-0.0065373778
2023-06-30,MSFT,-0.0081704855,0.014626265,-0.011563361
2023-06-30,NKE,-0.0028852224,-0.014887452,-0.0087316632
2023-06-30,VZ,0.002235055,0.0040163994,0.0019263029
2023-06-30,WMT,0.00060033798,-0.0021816492,-0.019693851
2023-07-03,AAPL,0.0049669743,0.0094106197,-0.019504309
2023-07-03,AMGN,0.00026988983,0.018093109,-0.019317627
2023-07-03,CRM,0.031645298,0.017900467,-0.030121565
2023-07-03,CSCO,-0.01126647,0.0063365698,0.0063211918
2023-07-03,IBM,0.018599987,0.017956018,0.0022124052
2023-07-03,INTC,-0.011254787,0.023012877,-0.012471497
2023-07-03,MSFT,0.035249829,0.0054345131,-0.018428624
2023-07-03,NKE,-0.033158064,0.019541383,-0.014023721
2023-07-03,VZ,0.016100287,-0.011502862,-0.0074743032
2023-07-03,WMT,-0.030522823,-0.0013641119,-0.016245842
2023-07-05,AAPL,-0.020500898,0.032924175,-0.022188902
2023-07-05,AMGN,-0.0028059483,0.015388131,-0.0327636
2023-07-05,CRM,0.0074084997,0.058355689,-0.03436029
2023-07-05,CSCO,-0.0045895576,0.0043694973,-0.0098434687
2023-07-05,IBM,-0.01981324,0.00059854984,0.001422286
2023-07-05,INTC,0.0070997477,0.0037161112,0.015269756
2023-07-05,MSFT,-0.009868443,0.010425329,-0.019519448
2023-07-05,NKE,-0.011907041,0.011538625,-0.007197082
2023-07-05,VZ,0.011863589,-0.0020412207,0.0037940741
2023-07-05,WMT,0.013578296,0.01282084,-0.0052053928
2023-07-06,AAPL,0.017405272,0.012710094,0.012469649
2023-07-06,AMGN,0.0078424215,0.0035278797,-0.031620264
2023-07-06,CRM,-0.017914593,0.023386717,-0.017386377
2023-07-06,CSCO,-0.015393078,0.012117743,-0.016355515
2023-07-06,IBM,-0.0035867095,0.0083173513,-0.0023736954
2023-07-06,INTC,-0.017987728,-0.009657681,-0.016411304
2023-07-06,MSFT,0.035217166,0.0077873468,-3.0755997e-05
2023-07-06,NKE,-0.0041484833,0.016239166,-0.01509583
2023-07-06,VZ,-0.014523983,-0.0066129565,-0.000903368
2023-07-06,WMT,-0.012802243,0.0079420805,-0.00034862757
2023-07-07,AAPL,-0.04305917,-0.0040723085,-0.0082185268
2023-07-07,AMGN,0.014026284,0.024624825,4.2915344e-06
2023-07-07,CRM,0.046284676,-0.003430903,-0.013379872
2023-07-07,CSCO,0.014135003,-0.0039805174,-0.0025465488
2023-07-07,IBM,-0.0011641383,-0.010705411,-0.0015535355
2023-07-07,INTC,-0.011299849,0.026489258,-0.020957112
2023-07-07,MSFT,0.0091065168,0.0067894459,-0.0093360543
2023-07-07,NKE,-0.0057686567,0.022725701,-0.013732016
2023-07-07,VZ,-0.025907099,-0.0046854615,-0.015685976
2023-07-07,WMT,0.019381762,0.010623455,-0.01036334
2023-07-10,AAPL,-0.015373528,0.0068961382,-0.0031221509
2023-07-10,AMGN,0.0044720173,0.0055538416,-0.0052230954
2023-07-10,CRM,0.031966448,0.0096940994,0.0053759813
2023-07-10,CSCO,0.0019314289,0.0031745434,-0.0057167411
2023-07-10,IBM,0.0026299953,0.034861445,-0.003289938
2023-07-10,INTC,-0.020843744,-0.0065650344,0.01064086
2023-07-10,MSFT,-0.017613769,0.010399222,-0.018300891
2023-07-10,NKE,-0.0079170465,0.0068678856,-0.027763009
2023-07-10,VZ,0.012985349,0.0021488667,-0.0049963593
2023-07-10,WMT,0.026685357,0.02004981,-0.00062191486
2023-07-11,AAPL,0.0019893646,0.0087835789,-0.0045001507
2023-07-11,AMGN,-0.0050801635,0.021936417,-0.00064301491
2023-07-11,CRM,0.046269298,0.016899347,-0.018697441
2023-07-11,CSCO,-0.0078379512,0.014610529,-0.025463879
2023-07-11,IBM,0.0052902699,0.0040040016,-0.012062073
2023-07-11,INTC,0.00033068657,-0.01296854,-0.0033753514
2023-07-11,MSFT,0.023324966,-0.0085690618,-0.011174738
2023-07-11,NKE,-0.018368483,0.0062602758,-0.007774353
2023-07-11,VZ,-0.023581207,0.015491366,-0.010110974
2023-07-11,WMT,-0.011271954,0.0032572746,-0.00029152632
2023-07-12,AAPL,0.0082722902,-0.011898041,-0.01486963
2023-07-12,AMGN,0.017283082,0.0024600029,0.014336824
2023-07-12,CRM,-0.017333984,0.021137476,-0.041249216
2023-07-12,CSCO,0.010948896,0.0048243999,-0.016840279
2023-07-12,IBM,0.00081253052,-0.0013179779,-6.2584877e-06
2023-07-12,INTC,-0.019714534,0.0028555393,-0.018224418
2023-07-12,MSFT,-0.0083599687,0.012525797,-0.0083575845
2023-07-12,NKE,-0.011228979,-0.015735865,0.014525652
2023-07-12,VZ,-0.010080457,0.0042593479,-0.018573582
2023-07-12,WMT,0.013580918,0.0052809715,-0.022430658
2023-07-13,AAPL,0.0008585453,0.0049368143,-0.019355595
2023-07-13,AMGN,-0.0091645718,0.014653921,-0.024591923
2023-07-13,CRM,-0.036898196,-0.00088453293,0.0075808764
2023-07-13,CSCO,0.024868846,-0.0018197894,-0.014943063
2023-07-13,IBM,0.0031355619,0.014763355,-0.016906321
2023-07-13,INTC,-0.0042287707,0.0046372414,0.0094391108
2023-07-13,MSFT,-0.026822865,0.012797356,-0.0043880939
2023-07-13,NKE,0.0050430298,0.011293769,-0.0066223741
2023-07-13,VZ,0.0078395605,-0.0017256737,0.0010732412
2023-07-13,WMT,-0.020697773,0.0014263391,-0.012534261
2023-07-14,AAPL,-0.033126056,0.014883995,0.0038870573
2023-07-14,AMGN,0.0016756058,0.010626674,-0.0025492311
2023-07-14,CRM,-0.015938163,0.0071593523,0.0008585453
2023-07-14,CSCO,0.015429616,0.017794013,-0.014594257
2023-07-14,IBM,-0.02075839,0.010036826,-0.015038133
2023-07-14,INTC,-0.00081956387,0.01165688,-0.012098432
2023-07-14,MSFT,0.022095799,0.0088229179,-0.0062760115
2023-07-14,NKE,0.011103392,0.0020359755,-0.041074991
2023-07-14,VZ,0.0058184862,0.00453794,-0.0007083416
2023-07-14,WMT,-0.015047967,0.0011092424,-0.0018336773
2023-07-17,AAPL,0.018437386,0.018941283,-0.008919239
2023-07-17,AMGN,-0.032254755,0.0070571899,-0.0016623735
2023-07-17,CRM,-0.027381241,0.0050953627,-0.030806601
2023-07-17,CSCO,-0.017780423,0.011892796,-0.023500919
2023-07-17,IBM,0.029079676,0.022571087,-0.012103438
2023-07-17,INTC,0.015020967,0.0029371977,-0.0037586093
2023-07-17,MSFT,0.034176111,0.030771613,-0.014978945
2023-07-17,NKE,-0.022503853,0.021857262,-0.0023449063
2023-07-17,VZ,-0.01686281,0.019699097,-0.016811669
2023-07-17,WMT,-0.010936379,0.0046595335,-0.01497364
2023-07-18,AAPL,-0.011210322,0.021823287,-0.0053242445
2023-07-18,AMGN,-0.013322055,0.02285409,-0.0064250827
2023-07-18,CRM,-0.036091745,0.019904971,-0.0079452991
2023-07-18,CSCO,0.0079549551,-0.0022284389,-0.014144778
2023-07-18,IBM,0.024464369,0.0010308027,-0.0079714656
2023-07-18,INTC,0.020440102,0.0043269396,-0.021670222
2023-07-18,MSFT,-0.0045242906,-0.0011262894,-0.0020115376
2023-07-18,NKE,-0.0087527037,0.013613582,-0.0023180246
2023-07-18,VZ,-0.021431208,-0.0079917908,0.0016108751
2023-07-18,WMT,-5.120039e-05,0.011787057,-0.0025376081
2023-07-19,AAPL,0.0034627914,-0.0055589676,-0.01873523
2023-07-19,AMGN,0.026697397,0.0021542311,0.0035713911
2023-07-19,CRM,-0.034606218,-0.0015549064,-0.031796038
2023-07-19,CSCO,0.008873105,0.0017216206,-0.020546317
2023-07-19,IBM,-0.030283868,0.016823053,0.0099937916
2023-07-19,INTC,0.015426993,0.010267735,-0.019344091
2023-07-19,MSFT,0.00067877769,0.0057346821,-0.0087632537
2023-07-19,NKE,0.0034677982,0.0099256039,0.009640336
2023-07-19,VZ,-0.017220914,0.012467265,-0.023863494
2023-07-19,WMT,-0.015940726,0.011308193,-0.013947427
2023-07-20,AAPL,-0.0210796,-0.014360547,-0.010124564
2023-07-20,AMGN,0.0026988983,0.0050064325,-0.011996686
2023-07-20,CRM,-0.01098448,0.029778957,-0.00067192316
2023-07-20,CSCO,-0.0041324496,0.017932534,-0.0023956895
2023-07-20,IBM,-0.011673927,0.014737248,0.0074342489
2023-07-20,INTC,0.021481156,0.015654325,-0.021952808
2023-07-20,MSFT,0.036780953,0.0026117563,-0.028417885
2023-07-20,NKE,0.03041172,-0.0041245818,-0.0029161572
2023-07-20,VZ,0.0052946806,0.011206985,-0.0060830712
2023-07-20,WMT,0.0031490326,0.015637875,-0.011143208
2023-07-21,AAPL,0.017367482,0.015653968,0.0093770027
2023-07-21,AMGN,-0.020310402,0.010222912,0.0016437769
2023-07-21,CRM,-0.010926902,0.028306246,0.013569355
2023-07-21,CSCO,-0.010431826,0.00877285,-0.0042132735
2023-07-21,IBM,-0.01629442,0.017657876,-0.012708545
2023-07-21,INTC,0.0017968416,0.016865611,-0.010142326
2023-07-21,MSFT,0.011891246,0.001589179,-0.010142505
2023-07-21,NKE,-0.031469345,-0.0087285042,-0.0040110946
2023-07-21,VZ,0.022351861,0.013990521,-0.0209077
2023-07-21,WMT,-0.0099533796,-0.0028431416,-0.0064615011
2023-07-24,AAPL,0.040647268,0.014266133,0.01740396
2023-07-24,AMGN,-0.015478969,0.0092771053,0.00047194958
2023-07-24,CRM,-0.035642207,0.01372695,0.00091874599
2023-07-24,CSCO,-0.024779201,0.0023978949,-0.017790318
2023-07-24,IBM,0.024680495,0.012549877,-0.0067800879
2023-07-24,INTC,0.0081865788,-0.004036665,-0.012164712
2023-07-24,MSFT,0.0080522299,0.010918856,-0.014595628
2023-07-24,NKE,0.013695002,0.028276801,0.0096569061
2023-07-24,VZ,0.0075209141,0.0020270348,-0.01692003
2023-07-24,WMT,-0.010134995,0.0056886673,-0.0042054653
2023-07-25,AAPL,-0.018548965,0.027318954,-0.0029982924
2023-07-25,AMGN,-0.015032291,0.0025408268,-0.015253663
2023-07-25,CRM,0.0074347258,0.036327004,0.0025154352
2023-07-25,CSCO,0.014098763,-0.0030656457,-0.0076713562
2023-07-25,IBM,-0.013524354,0.015497208,-0.016444147
2023-07-25,INTC,-0.027677894,0.00903368,-0.010813773
2023-07-25,MSFT,-0.0019604564,0.020301342,-0.0073272586
2023-07-25,NKE,-0.0010760427,0.017081141,-0.0033633709
2023-07-25,VZ,-0.01135689,0.006005764,0.0077201128
2023-07-25,WMT,-0.0063608885,0.016516566,-0.0075626969
2023-07-26,AAPL,-0.031367898,0.016587377,-0.015056729
2023-07-26,AMGN,-0.020141125,0.023605824,-0.01041919
2023-07-26,CRM,0.01111424,0.01886487,-0.039038122
2023-07-26,CSCO,-0.0078380108,0.016925216,0.0098356009
2023-07-26,IBM,0.010280371,0.0057784319,-0.0081261992
2023-07-26,INTC,0.03577745,-0.010100424,-0.01075536
2023-07-26,MSFT,-0.0073500872,0.012439728,-0.024421394
2023-07-26,NKE,-0.020105541,-0.0072946548,-0.0058779716
2023-07-26,VZ,0.0036389828,-0.0043772459,-0.012624145
2023-07-26,WMT,0.011842489,0.0066405535,-0.010990977
2023-07-27,AAPL,0.018844724,0.01453042,-0.0013104677
2023-07-27,AMGN,0.0015212297,0.0075763464,-0.0085453391
2023-07-27,CRM,0.016759276,-0.0028953552,-0.0076341629
2023-07-27,CSCO,0.0090038776,0.016885996,-0.008169651
2023-07-27,IBM,-0.011297166,0.0085109472,0.0023686886
2023-07-27,INTC,0.0076413155,0.022943616,-0.02303201
2023-07-27,MSFT,-0.00025731325,-0.0013971925,-0.015448391
2023-07-27,NKE,-0.013825178,-0.0042564869,-0.0080592036
2023-07-27,VZ,0.00025510788,0.013408661,-0.0010348558
2023-07-27,WMT,-0.0052392483,0.010014772,-0.0030598044
2023-07-28,AAPL,0.043950319,-0.0013608336,-0.019037068
2023-07-28,AMGN,-0.034055114,0.0086942911,-0.0013034344
2023-07-28,CRM,0.027588606,0.0208956,0.0013971329
2023-07-28,CSCO,-0.014186144,0.0076390505,-0.019417822
2023-07-28,IBM,-0.00071507692,-0.0021520853,-0.015162587
2023-07-28,INTC,0.0040791035,0.016070485,-0.002302289
2023-07-28,MSFT,-0.013374627,0.018983603,-0.0048954487
2023-07-28,NKE,-0.008613348,0.00020647049,-0.020130038
2023-07-28,VZ,-0.013817728,0.011448979,-0.0090544224
2023-07-28,WMT,-0.0024883747,0.0062129498,-0.002028048
2023-07-31,AAPL,-0.010726035,0.014964342,-0.0214625
2023-07-31,AMGN,-0.027778566,0.01736486,-0.027783453
2023-07-31,CRM,0.00095462799,0.00077271461,-0.0079988837
2023-07-31,CSCO,0.019230008,0.024082422,0.0097995996
2023-07-31,IBM,-0.011206627,-0.011838496,-0.013624549
2023-07-31,INTC,-0.00075721741,0.01409626,-0.016010046
2023-07-31,MSFT,-0.016381919,0.00056111813,-0.010058582
2023-07-31,NKE,0.0018049479,-0.0098932981,-0.0090373158
2023-07-31,VZ,-0.014562011,0.01008153,-0.006069243
2023-07-31,WMT,-0.0027974248,0.0068204403,-0.0098344088
2023-08-01,AAPL,0.010255218,0.0047287941,0.0010579824
2023-08-01,AMGN,-0.0003285408,0.009626627,-0.0093822479
2023-08-01,CRM,-0.018042147,0.018072724,-0.0071992278
2023-08-01,CSCO,0.027950048,-0.010055661,0.0063152313
2023-08-01,IBM,-0.011777759,0.0061537027,-0.0087198019
2023-08-01,INTC,0.019786835,-0.0053483248,0.0034962893
2023-08-01,MSFT,0.01867187,0.024062514,-0.01612246
2023-08-01,NKE,0.017825484,0.017642975,-0.0036359429
2023-08-01,VZ,0.0023161173,0.018287897,0.016110897
2023-08-01,WMT,-0.013324499,-0.0049862862,-0.0317325
2023-08-02,AAPL,0.00089848042,0.016606092,-0.017897785
2023-08-02,AMGN,-0.007825911,0.022290945,-0.004917264
2023-08-02,CRM,0.0062105656,0.00051367283,-0.0079059005
2023-08-02,CSCO,0.018109322,-0.00018268824,0.0094989538
2023-08-02,IBM,-0.0031155944,0.0017752647,0.011877298
2023-08-02,INTC,1.2040138e-05,-0.0065799952,-0.0077953935
2023-08-02,MSFT,-0.018834293,0.0031189919,-0.023494005
2023-08-02,NKE,-0.0051160455,0.017229319,-0.012762725
2023-08-02,VZ,-0.0071502924,0.011980295,-0.00049698353
2023-08-02,WMT,0.00073099136,0.012770534,-0.01158005
2023-08-03,AAPL,0.0046992302,-0.0031329989,-0.026880205
2023-08-03,AMGN,0.0022621155,0.019220471,-0.010471761
2023-08-03,CRM,0.030800104,0.010148764,-0.01666671
2023-08-03,CSCO,-0.04043746,0.013275266,-0.0056492686
2023-08-03,IBM,-0.021962643,0.013920665,-0.011506379
2023-08-03,INTC,-0.019470632,0.0048396587,-0.0030500293
2023-08-03,MSFT,-0.014711797,0.0088717937,-0.02127564
2023-08-03,NKE,0.017130971,0.010008574,-0.017793536
2023-08-03,VZ,-0.0050999522,0.01238668,-0.01366657
2023-08-03,WMT,-0.018051207,0.015799403,-0.0032696724
2023-08-04,AAPL,-0.017256916,0.0103935,0.0042351484
2023-08-04,AMGN,0.0069230795,0.022286415,-0.0049949884
2023-08-04,CRM,0.011003971,0.00095462799,-0.013316929
2023-08-04,CSCO,0.003898859,0.019192815,0.0027406216
2023-08-04,IBM,-0.0069328547,-0.001150012,0.00050580502
2023-08-04,INTC,-0.019889235,0.0026683807,0.010479212
2023-08-04,MSFT,0.00019562244,0.012907386,0.014408946
2023-08-04,NKE,-0.0084813237,0.025064826,-0.012436032
2023-08-04,VZ,-0.011301339,-0.0083158612,-0.0070774555
2023-08-04,WMT,0.0075820684,0.0089017153,-0.0079974532
2023-08-07,AAPL,-0.029693842,-0.0078251362,-0.025718868
2023-08-07,AMGN,-0.032749712,0.013628483,-0.01997149
2023-08-07,CRM,0.012741327,0.0090447664,-0.02038765
2023-08-07,CSCO,-0.0054323673,-0.010052085,0.00036978722
2023-08-07,IBM,0.017779946,0.016195893,0.00010371208
2023-08-07,INTC,-0.0047040582,-0.0026232004,-0.013460815
2023-08-07,MSFT,-0.011480927,0.01717031,0.0046941042
2023-08-07,NKE,0.010029197,0.0074565411,-0.0043608546
2023-08-07,VZ,-0.018853068,0.005014658,0.00057053566
2023-08-07,WMT,0.013430953,0.0095062256,-0.0073526502
2023-08-08,AAPL,0.012000084,0.0016896725,-0.015379012
2023-08-08,AMGN,-0.023411274,-0.0008918643,0.0092893839
2023-08-08,CRM,-0.023471057,0.047946215,0.018078685
2023-08-08,CSCO,0.0013437271,0.0081932545,-0.0063809156
2023-08-08,IBM,0.018880367,0.011734009,-0.015374959
2023-08-08,INTC,0.018957853,0.0083533525,-0.0089581609
2023-08-08,MSFT,0.00010347366,0.00014221668,-0.012407243
2023-08-08,NKE,-0.028435826,0.013920188,0.0011137724
2023-08-08,VZ,-0.027579248,0.0079561472,0.0044659376
2023-08-08,WMT,0.012917519,0.0070269108,-0.011881351
2023-08-09,AAPL,0.010055304,0.0090863705,-0.0055010319
2023-08-09,AMGN,0.02110672,0.0028243065,-0.0034131408
2023-08-09,CRM,0.022482038,0.012978315,-0.039153039
2023-08-09,CSCO,-0.015332639,0.0026830435,-0.0068407059
2023-08-09,IBM,-0.015673101,0.0041468143,-0.0017003417
2023-08-09,INTC,0.0099984407,-0.006993413,-0.010260463
2023-08-09,MSFT,-0.0045233369,0.0080785751,-0.022127032
2023-08-09,NKE,-0.013421655,0.011358976,-0.0075842738
2023-08-09,VZ,-0.030051231,0.014365196,-0.0057238936
2023-08-09,WMT,-0.03233391,0.023510933,0.0091155767
2023-08-10,AAPL,-0.005879283,0.019208312,-0.019776642
2023-08-10,AMGN,-0.024434149,0.012460232,-0.020562589
2023-08-10,CRM,0.036676049,0.048544526,-0.04509747
2023-08-10,CSCO,-0.015811026,-0.019613206,-0.027470112
2023-08-10,IBM,0.001896739,0.023974061,-0.0015867949
2023-08-10,INTC,-0.016329527,0.0012600422,-0.0038683414
2023-08-10,MSFT,0.0022732019,0.019189596,-0.01442337
2023-08-10,NKE,-0.01706028,0.015094638,0.019508123
2023-08-10,VZ,0.013898015,0.0098259449,-0.016192436
2023-08-10,WMT,0.006193161,0.0096116066,-0.000831604
2023-08-11,AAPL,-0.00094610453,0.0061663389,-0.0017684698
2023-08-11,AMGN,0.0060381889,0.013803124,-0.006067872
2023-08-11,CRM,0.0050736666,0.01298666,-0.0034918785
2023-08-11,CSCO,-0.018985808,0.00021934509,-0.01306051
2023-08-11,IBM,0.0031573772,0.0041041374,-0.019256592
2023-08-11,INTC,-0.0068898201,0.0077354908,-0.011781931
2023-08-11,MSFT,0.013817787,0.0041886568,0.016087294
2023-08-11,NKE,-0.045436323,0.0085639954,0.0099030733
2023-08-11,VZ,-0.018881559,-0.0043028593,-0.0018545985
2023-08-11,WMT,-0.0031821728,0.032219648,-0.012178421
2023-08-14,AAPL,0.0084824562,-0.0077978969,-0.011419177
2023-08-14,AMGN,-0.029924214,-0.0059698224,-0.018018365
2023-08-14,CRM,-0.024257004,0.014105201,-0.028217435
2023-08-14,CSCO,-0.014591455,0.025998473,-0.013604522
2023-08-14,IBM,-0.036990583,0.014539599,0.0001411438
2023-08-14,INTC,-0.030317903,-0.0009265542,-0.001047492
2023-08-14,MSFT,-0.017087519,0.013965487,-0.014082313
2023-08-14,NKE,-0.017918646,0.016201973,0.0050610304
2023-08-14,VZ,-0.014036834,0.0024052858,0.0038820505
2023-08-14,WMT,-0.0015553832,0.0068718195,-0.01327765
2023-08-15,AAPL,0.017311096,0.0011640787,-0.030118942
2023-08-15,AMGN,0.0019019842,0.0086818933,-0.017712414
2023-08-15,CRM,0.0016540289,-0.012021959,-0.009535253
2023-08-15,CSCO,-0.0046266913,-0.0059106946,-0.015848339
2023-08-15,IBM,0.00082445145,0.0061007738,-0.00054979324
2023-08-15,INTC,-0.027957916,0.0013990402,0.001527071
2023-08-15,MSFT,0.011224747,0.0089906454,-0.037961423
2023-08-15,NKE,0.005505085,0.0052907467,-0.011249959
2023-08-15,VZ,0.0051933527,0.025796652,0.0035120249
2023-08-15,WMT,-0.0052970648,0.0064313412,-0.0004978776
2023-08-16,AAPL,-0.020880997,0.021590233,-0.015918434
2023-08-16,AMGN,0.033560157,0.017273664,-0.021167278
2023-08-16,CRM,0.0039960146,0.016953945,-0.026318192
2023-08-16,CSCO,0.019390345,0.017390966,-0.017852664
2023-08-16,IBM,0.0002758503,0.016355634,-0.0063907504
2023-08-16,INTC,0.021648884,-0.0028346777,-0.00081712008
2023-08-16,MSFT,0.0024241209,-0.007340312,-0.026891172
2023-08-16,NKE,-0.018476665,0.0073200464,-0.0041893125
2023-08-16,VZ,-0.012257874,0.0027204752,-0.0059434175
2023-08-16,WMT,0.0039695501,0.0052204132,-0.0040415525
2023-08-17,AAPL,-0.0076313019,0.023525357,-0.033658564
2023-08-17,AMGN,0.009912014,0.018795252,-0.014454961
2023-08-17,CRM,0.011728048,0.025286317,-0.044576585
2023-08-17,CSCO,0.018438578,-0.0032069087,-0.00028347969
2023-08-17,IBM,0.0020571947,0.015503645,-0.007714808
2023-08-17,INTC,0.0039253235,0.019164801,-0.01837343
2023-08-17,MSFT,0.010328531,-0.0027099252,-0.0077766776
2023-08-17,NKE,-0.014038324,0.0088365078,-0.023103118
2023-08-17,VZ,-0.0012643933,0.013236642,0.00010991096
2023-08-17,WMT,-0.0099412799,0.0012766123,0.0058811903
2023-08-18,AAPL,0.00028634071,0.01432538,-0.019502699
2023-08-18,AMGN,-0.022418678,0.027002096,-0.015723944
2023-08-18,CRM,-0.0049188733,0.010384202,-0.0057049394
2023-08-18,CSCO,0.0071772337,0.0035431385,-0.01527828
2023-08-18,IBM,0.012556314,-0.0043500662,-0.00075656176
2023-08-18,INTC,-0.025011778,-0.011020184,-0.01790446
2023-08-18,MSFT,0.0044528246,-0.0025370717,0.0033098459
2023-08-18,NKE,-0.023867846,0.012487888,-0.019845963
2023-08-18,VZ,-0.0045521855,0.019395709,0.018667459
2023-08-18,WMT,0.00014984608,0.021499038,0.0031843185
2023-08-21,AAPL,0.018115401,0.022038102,-0.019148469
2023-08-21,AMGN,0.0083814859,0.015668035,-0.002328217
2023-08-21,CRM,-0.0083560944,0.044448733,-0.019972026
2023-08-21,CSCO,0.0048599243,0.0062080622,-0.01082778
2023-08-21,IBM,0.022525072,0.0033595562,-0.0074041486
2023-08-21,INTC,-0.0035418868,0.00330019,0.0010906458
2023-08-21,MSFT,-0.01347059,-0.0063889027,-0.0095408559
2023-08-21,NKE,8.1539154e-05,0.00024950504,-0.007684648
2023-08-21,VZ,0.0099289417,0.0042980909,0.00078439713
2023-08-21,WMT,-0.014066041,0.024619102,0.004306078
2023-08-22,AAPL,-0.024098516,0.0092914104,-0.0016732216
2023-08-22,AMGN,0.017823339,0.018511415,-0.0076134801
2023-08-22,CRM,0.00037372112,0.018815994,-0.027903914
2023-08-22,CSCO,-0.018252552,0.016414523,-0.019851387
2023-08-22,IBM,0.0067157745,0.0006878376,8.3327293e-05
2023-08-22,INTC,-0.018134117,0.013485432,-0.0067988634
2023-08-22,MSFT,0.012558341,0.011855245,-0.026589036
2023-08-22,NKE,-0.011782229,-0.012114584,-0.0056658387
2023-08-22,VZ,-0.023685634,0.0037857294,0.00078415871
2023-08-22,WMT,-0.0052215457,0.0071256161,-0.016203523
2023-08-23,AAPL,-0.026601136,0.027686954,-0.035106242
2023-08-23,AMGN,-0.010478675,-0.0053209066,-0.013393998
2023-08-23,CRM,-0.013589382,0.0083353519,-0.049755871
2023-08-23,CSCO,-0.0032504797,0.0070759058,-0.001734972
2023-08-23,IBM,-0.0099853277,0.0091991425,0.0090411901
2023-08-23,INTC,-0.0020208955,0.0065213442,-0.021902084
2023-08-23,MSFT,0.0043985844,0.015333772,-0.013019264
2023-08-23,NKE,0.038052082,-0.0029748082,-0.020373881
2023-08-23,VZ,-0.0098481178,8.5473061e-05,-0.022889376
2023-08-23,WMT,0.0045102835,0.011017919,0.005163908
2023-08-24,AAPL,0.058181167,0.025647163,-0.0010543466
2023-08-24,AMGN,-0.0033639669,0.022168279,-0.02159059
2023-08-24,CRM,-0.0097147226,0.011358619,-0.016298532
2023-08-24,CSCO,0.0083633661,0.0016198158,-0.024675786
2023-08-24,IBM,0.0019780397,0.018374801,-0.0019768476
2023-08-24,INTC,-0.022611439,0.0021338463,0.0076214075
2023-08-24,MSFT,0.0032452345,0.00034630299,-0.0056859255
2023-08-24,NKE,-0.0042175055,-0.0030838251,0.01001668
2023-08-24,VZ,-0.018096745,0.0050075054,-0.01394403
2023-08-24,WMT,-0.0024980903,-0.0017408133,0.0020068884
2023-08-25,AAPL,0.021346807,-0.0030543804,0.0018538237
2023-08-25,AMGN,-0.0069851875,0.0022437572,-0.020192623
2023-08-25,CRM,0.036462665,0.015747786,-0.0022431016
2023-08-25,CSCO,-0.013208091,0.00055289268,-0.017904699
2023-08-25,IBM,0.01165998,0.016596198,-0.0044882894
2023-08-25,INTC,-0.016605854,0.018837571,-0.00084114075
2023-08-25,MSFT,-0.0034152269,-0.006765604,-0.0010695457
2023-08-25,NKE,0.012631655,-0.0076569915,-0.0086212754
2023-08-25,VZ,-0.0095288754,0.0082008839,-0.0081093311
2023-08-25,WMT,-0.0035042763,0.013631582,0.013582945
2023-08-28,AAPL,-0.004449904,0.028362989,-0.017953157
2023-08-28,AMGN,0.001655817,0.01059866,-0.015058637
2023-08-28,CRM,0.011025786,0.010147452,-0.033328891
2023-08-28,CSCO,-0.023653805,-0.00052708387,-0.0054132342
2023-08-28,IBM,0.00031042099,0.0043069124,-0.015102804
2023-08-28,INTC,-0.011908889,0.0030094385,0.00061094761
2023-08-28,MSFT,0.010646582,0.01201582,0.0039420128
2023-08-28,NKE,0.0057188272,0.0084439516,-0.016990542
2023-08-28,VZ,0.0047802925,0.010165215,-0.0025148988
2023-08-28,WMT,-0.0047335029,0.00013566017,0.0040359497
2023-08-29,AAPL,0.016694427,-0.0062690377,-0.0056659579
2023-08-29,AMGN,-0.014510274,0.0026073456,-0.0046470761
2023-08-29,CRM,-0.036616206,0.042873144,-0.0034064651
2023-08-29,CSCO,0.018367529,-0.00064736605,-0.010464013
2023-08-29,IBM,-0.016627014,0.0043684244,0.0073387623
2023-08-29,INTC,-0.005728662,-0.0077171922,0.0086408854
2023-08-29,MSFT,0.014693975,0.032808542,-0.01176995
2023-08-29,NKE,0.0067542791,0.016884804,-0.025435865
2023-08-29,VZ,-0.00019431114,-0.0038238764,0.0032113791
2023-08-29,WMT,0.010428429,0.026045799,0.00043118
2023-08-30,AAPL,-0.021541059,0.011354208,-0.0277794
2023-08-30,AMGN,0.013688922,0.0024813414,-0.018585682
2023-08-30,CRM,0.031009793,0.031015754,-0.0024443269
2023-08-30,CSCO,-0.041365921,-0.004997313,0.0040179491
2023-08-30,IBM,-0.01321578,-0.00048238039,-0.0018571019
2023-08-30,INTC,-0.028858483,-0.0059965253,-0.008523047
2023-08-30,MSFT,0.0097280741,-0.0012313724,0.004047513
2023-08-30,NKE,-0.0054975748,0.00040602684,0.012035012
2023-08-30,VZ,-0.01280272,0.0079529285,0.013464928
2023-08-30,WMT,0.0049592257,0.01091826,-0.0075092316
2023-08-31,AAPL,0.012688279,0.026229382,-0.039700866
2023-08-31,AMGN,-0.035217583,0.030212879,-0.0044826865
2023-08-31,CRM,0.011550665,0.0030792952,-0.015714586
2023-08-31,CSCO,-0.010768831,0.011451483,-0.0092397928
2023-08-31,IBM,-0.003783226,-0.0047063828,-0.0056114793
2023-08-31,INTC,0.016907096,0.038481116,-0.020632625
2023-08-31,MSFT,0.0016988516,-0.0063713193,-0.004512012
2023-08-31,NKE,0.028464794,0.005279541,-0.032762289
2023-08-31,VZ,-0.015257478,0.0099542141,0.0032451153
2023-08-31,WMT,0.0045261383,0.0045392513,-0.0076076388
2023-09-01,AAPL,0.014932275,0.029009104,-0.0021810532
2023-09-01,AMGN,0.0054036379,-0.0083228946,-0.010889947
2023-09-01,CRM,0.018896103,0.036703706,-0.0069764256
2023-09-01,CSCO,0.0019630194,0.0060412884,-0.0099111199
2023-09-01,IBM,0.0016715527,0.0024240017,-0.010101676
2023-09-01,INTC,-0.0038068295,0.019093394,0.001901269
2023-09-01,MSFT,-0.01051867,0.003385067,-0.012429953
2023-09-01,NKE,-0.0098970532,0.021991253,-0.0021044612
2023-09-01,VZ,0.0054359436,0.011005282,0.0011216402
2023-09-01,WMT,-0.010624647,0.015199423,-0.0089605451
2023-09-05,AAPL,0.043744206,0.0040289164,-0.023895621
2023-09-05,AMGN,-0.017273545,0.0049338341,-0.0040103197
2023-09-05,CRM,-0.03706181,0.013189793,-0.0071161389
2023-09-05,CSCO,0.010886908,-0.015143454,-0.010027766
2023-09-05,IBM,0.014732361,-0.0095221996,-0.0097561479
2023-09-05,INTC,0.0075297356,0.0014766455,0.011270285
2023-09-05,MSFT,0.00026643276,0.019258261,0.0061846972
2023-09-05,NKE,-0.0039346218,0.027465105,-0.014731884
2023-09-05,VZ,0.0060863495,0.0015503168,-0.0063260198
2023-09-05,WMT,0.019051075,0.0067096949,-0.00244385
2023-09-06,AAPL,-0.00013905764,0.003111124,-0.0016255975
2023-09-06,AMGN,0.01963079,0.010967851,-0.014097214
2023-09-06,CRM,-0.028615892,0.014530182,-0.02395314
2023-09-06,CSCO,0.0074694157,-0.0089413524,0.0048065186
2023-09-06,IBM,-0.020696104,0.0067538023,0.0017648935
2023-09-06,INTC,0.014445066,-0.0011784434,-0.0058549047
2023-09-06,MSFT,0.0095154047,0.0053426027,-0.015367687
2023-09-06,NKE,-0.010313094,0.013466597,-0.01501143
2023-09-06,VZ,-0.014534473,0.015019178,-0.01120919
2023-09-06,WMT,0.0029588938,0.010818243,-0.0059668422
2023-09-07,AAPL,0.0074869394,0.0026299953,-0.0083140731
2023-09-07,AMGN,-0.033555686,0.013430119,-0.022318482
2023-09-07,CRM,0.030519485,0.017677069,0.011975765
2023-09-07,CSCO,-0.0052253008,0.010244608,-0.012624502
2023-09-07,IBM,0.011458278,0.0080326796,0.0048496723
2023-09-07,INTC,-0.041738868,0.010982156,-0.0067647099
2023-09-07,MSFT,0.0087746382,0.00079500675,-0.036135793
2023-09-07,NKE,-0.008564353,0.013851881,0.0094885826
2023-09-07,VZ,-0.0044570565,0.0011390448,0.0089051723
2023-09-07,WMT,-0.035618544,-0.0019612312,-0.011061549
2023-09-08,AAPL,0.020186543,0.0069756508,-0.022185922
2023-09-08,AMGN,0.0052341223,0.021430612,-0.012407422
2023-09-08,CRM,0.0270257,0.021610737,-0.022786081
2023-09-08,CSCO,-0.011303127,0.0068286657,-0.013875365
2023-09-08,IBM,0.0024297237,0.020141006,-0.0058219433
2023-09-08,INTC,0.0065157413,0.0078238249,-0.011707246
2023-09-08,MSFT,0.010564685,0.0036987066,-0.0028037429
2023-09-08,NKE,-0.041330338,0.0034658909,0.013996482
2023-09-08,VZ,-0.0097685456,0.015301108,-0.022749007
2023-09-08,WMT,-0.019501388,0.0047318935,-0.0027832985
2023-09-11,AAPL,0.013347864,0.045022607,-0.032962501
2023-09-11,AMGN,0.022366285,0.007075429,0.0016613007
2023-09-11,CRM,0.034158826,-0.0060796738,0.014591455
2023-09-11,CSCO,0.00149858,0.01140964,0.0063617229
2023-09-11,IBM,0.00082814693,0.017933011,-0.0061528087
2023-09-11,INTC,-0.026699901,0.0087157488,0.00045394897
2023-09-11,MSFT,-0.013295531,-0.0063586831,0.0015171766
2023-09-11,NKE,0.017939091,0.01762104,0.0016924143
2023-09-11,VZ,0.0098176003,0.0034569502,0.00038981438
2023-09-11,WMT,0.007165432,-0.0010800362,0.0053116083
2023-09-12,AAPL,0.033411145,0.011583328,0.022559047
2023-09-12,AMGN,-0.018452287,0.019318819,-0.0046873093
2023-09-12,CRM,-0.024766386,0.022711635,-0.0075088739
2023-09-12,CSCO,-0.011344969,0.0013025999,-0.0083145499
2023-09-12,IBM,0.027818322,0.013495803,-0.0075989366
2023-09-12,INTC,-0.010666549,0.029840946,-0.013699055
2023-09-12,MSFT,0.023729324,0.011213899,-0.026347995
2023-09-12,NKE,0.013696551,0.0062605143,-0.027860761
2023-09-12,VZ,0.006234169,-0.003839016,-0.0089674592
2023-09-12,WMT,-0.0057266951,0.0082813501,-0.0031468272
2023-09-13,AAPL,-0.014214516,0.010787368,0.00076127052
2023-09-13,AMGN,0.0029934645,0.00093853474,-0.022025347
2023-09-13,CRM,-0.013420463,0.025303006,-0.019189954
2023-09-13,CSCO,-0.010084987,-0.016130626,-0.0075095892
2023-09-13,IBM,0.028287649,0.0038509369,-0.01556766
2023-09-13,INTC,0.0021259785,0.0061628819,-0.02584517
2023-09-13,MSFT,-0.0071414709,0.0077255964,0.0043951273
2023-09-13,NKE,0.013420224,0.029170275,-0.013008177
2023-09-13,VZ,0.0030215979,0.0073624849,-0.022081554
2023-09-13,WMT,-0.023515344,0.019185662,-0.012447417
2023-09-14,AAPL,0.042687654,0.0097666979,-0.025142193
2023-09-14,AMGN,0.010371327,0.0093890429,-0.011822701
2023-09-14,CRM,-0.0092349648,0.012199402,-0.0017613173
2023-09-14,CSCO,0.019411325,0.00084793568,0.0049151182
2023-09-14,IBM,-0.0024862885,0.0031582117,-0.017006934
2023-09-14,INTC,0.00261271,0.015644193,0.0074369907
2023-09-14,MSFT,0.0089856386,0.005608201,0.0032687187
2023-09-14,NKE,-0.016052067,0.018097758,0.0039544106
2023-09-14,VZ,-0.014211953,0.0079077482,-0.0035931468
2023-09-14,WMT,-0.0023755431,0.015485048,-0.0045139194
2023-09-15,AAPL,-0.01817584,0.018197894,-0.0075045228
2023-09-15,AMGN,-0.011568964,0.0049827099,-0.0061456561
2023-09-15,CRM,0.020262718,0.015979171,-0.0045349598
2023-09-15,CSCO,0.023621321,-0.021487415,-0.029727936
2023-09-15,IBM,0.014261484,0.017345905,-0.01817596
2023-09-15,INTC,0.00051498413,0.0033798218,-0.010731101
2023-09-15,MSFT,0.006930232,0.0074659586,-0.00068604946
2023-09-15,NKE,-0.04120481,-0.0012542009,-0.016201913
2023-09-15,VZ,-0.0038186312,0.0094885826,-0.0017582774
2023-09-15,WMT,-0.010517061,0.0087380409,0.0015916824
2023-09-18,AAPL,0.018950105,0.013642788,-0.022750795
2023-09-18,AMGN,-0.012911975,0.014779568,-0.012975395
2023-09-18,CRM,0.00021386147,0.033607364,-0.016687214
2023-09-18,CSCO,-0.0057587028,0.00049448013,-0.010714233
2023-09-18,IBM,-0.016887963,0.005884409,0.0046107769
2023-09-18,INTC,-0.032726288,-0.0016835928,-0.0022575259
2023-09-18,MSFT,-0.00064086914,0.0059356689,-0.0078094006
2023-09-18,NKE,0.011514306,0.019461393,-0.021529496
2023-09-18,VZ,-0.015858829,0.01519227,-0.00033038855
2023-09-18,WMT,0.0082706213,0.009791255,-0.0069295168
2023-09-19,AAPL,-0.015598476,0.0071653128,-0.0078756809
2023-09-19,AMGN,-0.0051794052,0.011886001,0.0022571087
2023-09-19,CRM,0.020299554,0.020366073,0.0029252768
2023-09-19,CSCO,-0.0010627508,0.015956879,-0.015480757
2023-09-19,IBM,-0.024965644,0.0051736832,-0.01533252
2023-09-19,INTC,-0.017013609,0.012055278,-0.0048203468
2023-09-19,MSFT,-0.0087649822,-0.0027329326,-0.015449405
2023-09-19,NKE,0.0052573681,0.0095834732,-0.030192852
2023-09-19,VZ,0.0032991171,-0.0088057518,-0.0039740801
2023-09-19,WMT,-0.0085009933,0.021898866,0.0042936802
2023-09-20,AAPL,0.0018229485,0.0090427399,-0.024677336
2023-09-20,AMGN,-0.024281621,0.021907568,-0.0092318058
2023-09-20,CRM,0.0075950623,0.026476979,0.011911273
2023-09-20,CSCO,-0.032869518,-0.010590971,-0.018619716
2023-09-20,IBM,-0.012817204,0.01913023,-0.015318453
2023-09-20,INTC,0.0046483278,0.021605134,-0.01309824
2023-09-20,MSFT,0.023689866,-0.0016719103,-0.01700455
2023-09-20,NKE,0.0090723038,0.01473546,-0.0054023862
2023-09-20,VZ,0.010763168,-0.0011212826,-0.016119897
2023-09-20,WMT,-0.0055630803,0.0054211617,0.0020028353
2023-09-21,AAPL,-0.018701732,0.020466328,-0.032947958
2023-09-21,AMGN,-0.029490411,0.02799499,-0.012336552
2023-09-21,CRM,-0.026844859,3.3020973e-05,-0.022316277
2023-09-21,CSCO,0.032314181,0.00018429756,-0.0055074096
2023-09-21,IBM,0.0029064417,0.011686087,0.0085787773
2023-09-21,INTC,0.01053524,0.0044680834,-0.017285526
2023-09-21,MSFT,0.01315403,0.0058889389,0.01241982
2023-09-21,NKE,-0.023815691,0.019508958,-0.010114193
2023-09-21,VZ,-0.015533686,-0.020147026,-0.00060403347
2023-09-21,WMT,-0.0055945516,-0.0068016648,0.0043376684
2023-09-22,AAPL,-0.0098506212,0.015857697,-0.025173068
2023-09-22,AMGN,0.00027763844,0.014014244,-0.021692097
2023-09-22,CRM,0.0021731853,-0.016438186,-0.049687088
2023-09-22,CSCO,-0.025277138,0.012789011,-0.0040566325
2023-09-22,IBM,0.00063240528,0.013842225,-0.010792673
2023-09-22,INTC,-0.024425209,0.0089572668,0.01558578
2023-09-22,MSFT,0.016373873,0.016766429,0.00064599514
2023-09-22,NKE,0.014197588,-0.0020639896,-0.014094114
2023-09-22,VZ,0.0072911978,0.012931347,0.01422894
2023-09-22,WMT,-0.027233541,0.008158803,-0.014150679
2023-09-25,AAPL,-0.012120485,0.0016589165,-0.021808267
2023-09-25,AMGN,-0.0095823407,0.014479041,0.0057944059
2023-09-25,CRM,0.0012481213,0.024242401,0.0023335218
2023-09-25,CSCO,-0.0009393096,0.037506819,-0.0037395954
2023-09-25,IBM,0.020964026,-0.0017306805,-0.0023593307
2023-09-25,INTC,-0.0087718368,0.0053862333,-0.014905035
2023-09-25,MSFT,-0.013623536,0.013969064,-0.01447475
2023-09-25,NKE,0.023924589,0.025336504,0.0027526617
2023-09-25,VZ,-0.01662606,0.010046721,-0.0051926374
2023-09-25,WMT,0.0084267855,0.023729205,-0.0093902349
2023-09-26,AAPL,-0.027667344,0.01599288,-0.015779436
2023-09-26,AMGN,0.0066808462,0.014505625,-0.020520747
2023-09-26,CRM,0.0020257235,0.012311578,-0.0049471259
2023-09-26,CSCO,0.0025225878,0.0047563314,-0.0069582462
2023-09-26,IBM,-0.007730782,0.010373831,0.00059437752
2023-09-26,INTC,-0.012969255,0.010061026,-0.022387326
2023-09-26,MSFT,-0.0029815435,0.017463446,-0.01892072
2023-09-26,NKE,-0.019664526,-0.0016770959,-0.013983965
2023-09-26,VZ,-0.0045462251,0.018497348,-0.012265921
2023-09-26,WMT,-0.019152522,0.0079735518,0.0056114197
2023-09-27,AAPL,-0.016429245,-0.0078124404,-0.009567678
2023-09-27,AMGN,-0.0036789775,0.028205872,-0.0041548014
2023-09-27,CRM,-0.024065733,0.0057206154,0.0052578449
2023-09-27,CSCO,-0.0051820278,0.0011465549,-0.026037276
2023-09-27,IBM,-0.01116097,0.0016928911,-0.013100624
2023-09-27,INTC,-0.019538283,-0.0021482706,-0.0074713826
2023-09-27,MSFT,0.029637933,0.0028773546,-0.0030718446
2023-09-27,NKE,0.0049784184,0.0068558455,0.014752269
2023-09-27,VZ,0.0032471418,-0.0039563775,-0.030896366
2023-09-27,WMT,0.030922532,0.0062367916,0.0047973394
2023-09-28,AAPL,-0.029176533,0.007562995,0.0014158487
2023-09-28,AMGN,-0.0045548677,0.021382689,-0.012622833
2023-09-28,CRM,0.026181579,0.035484791,-0.01335454
2023-09-28,CSCO,0.013171554,-0.0028719306,-0.0069104433
2023-09-28,IBM,-0.0068894625,0.014722228,-0.0047622919
2023-09-28,INTC,-0.021274805,0.015837312,-0.0090277195
2023-09-28,MSFT,0.018018723,0.004073143,-0.021015108
2023-09-28,NKE,-0.036222517,0.013625145,-0.036050439
2023-09-28,VZ,-0.028362334,-0.0067566037,-0.0040565729
2023-09-28,WMT,0.018812776,0.012018323,-0.0070149899
2023-09-29,AAPL,-0.02405405,-0.0045212507,-0.013196111
2023-09-29,AMGN,0.0096745491,0.0030059814,0.00063192844
2023-09-29,CRM,-0.0066516995,0.025685906,-0.0093306303
2023-09-29,CSCO,0.020563006,0.0043251514,-0.019069433
2023-09-29,IBM,0.0072529316,0.029315114,0.004336834
2023-09-29,INTC,-0.0054801702,-0.0023906231,-0.015862763
2023-09-29,MSFT,-0.002666235,0.013970971,-0.014784873
2023-09-29,NKE,-0.02680397,0.0031114817,0.0023801327
2023-09-29,VZ,-0.016888082,0.018138528,-0.0079003572
2023-09-29,WMT,0.023573518,0.0061581135,-0.012954652
2023-10-02,AAPL,-0.007202208,6.1154366e-05,-0.018463492
2023-10-02,AMGN,0.016212344,0.014521003,0.00024163723
2023-10-02,CRM,0.010963678,0.031666875,-0.01575017
2023-10-02,CSCO,-0.017182529,0.014125347,-0.030099154
2023-10-02,IBM,-0.018064737,0.019203901,-0.013612151
2023-10-02,INTC,-0.014417171,0.012931347,-0.011859655
2023-10-02,MSFT,0.022411227,-0.010337532,-0.0073843002
2023-10-02,NKE,-0.0059341192,-0.0012997985,0.010400057
2023-10-02,VZ,-0.0032092333,0.0091918707,-0.0030742884
2023-10-02,WMT,0.02171874,0.012647629,-0.0047231913
2023-10-03,AAPL,-0.013775885,0.013801098,-0.033186376
2023-10-03,AMGN,0.030399799,0.0093748569,-0.017888665
2023-10-03,CRM,0.015182018,0.021190882,-0.012544692
2023-10-03,CSCO,0.0073057413,-0.0057298541,-0.00095158815
2023-10-03,IBM,0.0036876202,0.010635138,-0.025908828
2023-10-03,INTC,-0.00069522858,0.0062348843,-0.004525125
2023-10-03,MSFT,-0.00075978041,-0.0090985894,-0.0078814626
2023-10-03,NKE,-0.039944112,0.019029975,-0.013094425
2023-10-03,VZ,0.0041800737,0.0038366318,0.0093405247
2023-10-03,WMT,0.011638999,0.00047898293,-0.0029454231
2023-10-04,AAPL,0.0064327717,-0.0039878488,0.0096666813
2023-10-04,AMGN,0.0039918423,-0.010243237,0.013158321
2023-10-04,CRM,-0.012987733,0.031612873,-0.0064737797
2023-10-04,CSCO,-0.0067616701,0.036778092,-0.0016712546
2023-10-04,IBM,-0.012187004,-0.0058149099,0.012849331
2023-10-04,INTC,-0.0075803399,0.024823785,-0.025635779
2023-10-04,MSFT,-0.017083585,0.033081293,0.0023614168
2023-10-04,NKE,3.0040741e-05,-0.0088251233,-0.010077953
2023-10-04,VZ,0.016185164,0.013281703,-0.011879802
2023-10-04,WMT,-0.00015515089,0.014135122,0.0041253567
2023-10-05,AAPL,0.031718731,0.0098040104,-0.030391574
2023-10-05,AMGN,-0.019123793,-0.00067150593,-0.0019299984
2023-10-05,CRM,-0.040261507,0.023416042,-0.016715825
2023-10-05,CSCO,-0.010747552,0.0071057081,0.00028133392
2023-10-05,IBM,-0.0042322874,0.0015612841,-0.013845146
2023-10-05,INTC,0.0067652464,-0.0054876208,0.012131214
2023-10-05,MSFT,0.0073714256,0.007009387,0.0005133152
2023-10-05,NKE,-0.020123303,0.018022776,-0.0051047802
2023-10-05,VZ,-0.0034167767,0.0091583729,-0.0027677417
2023-10-05,WMT,-0.014928222,0.0013663769,-0.001919806
2023-10-06,AAPL,0.0099197626,0.0030099154,-0.020404637
2023-10-06,AMGN,0.016027689,0.0029613972,-0.0018870234
2023-10-06,CRM,-0.013004005,0.0083744526,-0.009578228
2023-10-06,CSCO,0.0042945147,0.020519257,-0.022375703
2023-10-06,IBM,-0.018581867,0.01420176,-0.012480617
2023-10-06,INTC,0.0061066151,-0.0036153197,0.00099813938
2023-10-06,MSFT,-0.01789695,-0.0034666061,-0.0040798783
2023-10-06,NKE,-0.010866761,0.030810237,-0.0057872534
2023-10-06,VZ,-0.013041317,0.013825178,-0.014684498
2023-10-06,WMT,0.011250496,-0.0018876195,-0.0042131543
2023-10-09,AAPL,0.0021939278,-0.0015192628,-0.017016232
2023-10-09,AMGN,-0.034000635,0.022167444,-0.011076152
2023-10-09,CRM,-0.015792847,-0.0054308772,0.013599277
2023-10-09,CSCO,0.013443708,0.01682651,0.012904286
2023-10-09,IBM,0.019204259,0.013851523,-0.00073873997
2023-10-09,INTC,0.019876242,0.0051361322,-0.010791302
2023-10-09,MSFT,0.013003469,0.0051614046,-0.0068323612
2023-10-09,NKE,0.019948363,0.0063033104,-0.0029338598
2023-10-09,VZ,-0.010900021,0.010538101,0.0030659437
2023-10-09,WMT,-0.016021013,0.0025488138,-0.013013303
2023-10-10,AAPL,-0.017411351,0.016670465,-0.015749037
2023-10-10,AMGN,0.0052177906,0.0081834793,-0.011483788
2023-10-10,CRM,-0.026751578,0.03176713,0.013969898
2023-10-10,CSCO,-0.01091677,0.0050245523,-0.025852084
2023-10-10,IBM,-0.0007379055,0.035759687,0.00037062168
2023-10-10,INTC,-0.0025399327,0.026173949,-0.014016032
2023-10-10,MSFT,-0.033985734,0.0091702938,0.0042103529
2023-10-10,NKE,-0.0083955526,-0.0022981763,-0.013897002
2023-10-10,VZ,-0.0062124729,-0.0015360713,-0.0045432448
2023-10-10,WMT,0.0097281933,0.0092133284,-0.0057657957
2023-10-11,AAPL,-0.0049305558,0.0079113245,0.0026243925
2023-10-11,AMGN,-0.021238565,0.020777464,0.00038123131
2023-10-11,CRM,-0.0036706924,-0.00026732683,-0.007568121
2023-10-11,CSCO,-0.0038508177,0.0076645613,-0.0088617802
2023-10-11,IBM,-0.0046106577,0.0071864128,0.0041662455
2023-10-11,INTC,0.010291815,0.0041854382,0.001496911
2023-10-11,MSFT,-0.007396698,0.011658669,-0.0043852329
2023-10-11,NKE,-0.011985064,0.014760852,0.0037829876
2023-10-11,VZ,-0.0080951452,0.019093513,0.011967301
2023-10-11,WMT,0.010024548,-0.0024622083,-0.00065523386
2023-10-12,AAPL,-0.037796319,0.010950923,-0.020661414
2023-10-12,AMGN,-0.014973879,0.035181642,0.0059777498
2023-10-12,CRM,0.013641596,0.00041282177,-0.015264213
2023-10-12,CSCO,-0.0039198995,-0.0071720481,-0.023805797
2023-10-12,IBM,0.0087859631,0.0021141768,-0.0047684908
2023-10-12,INTC,-0.021121621,0.010430336,-0.018337607
2023-10-12,MSFT,-0.01126641,0.024577498,-0.014917493
2023-10-12,NKE,0.0076961517,-0.0070912242,-0.018341482
2023-10-12,VZ,0.016263008,0.0020140409,-0.016545653
2023-10-12,WMT,-0.010983944,0.0062640905,0.011721849
2023-10-13,AAPL,0.0014601946,0.0078235865,-0.030527115
2023-10-13,AMGN,-0.015062928,0.00090527534,-0.0062530041
2023-10-13,CRM,0.037954688,0.017993093,-0.0044770241
2023-10-13,CSCO,0.00038051605,0.0049391985,-0.015763998
2023-10-13,IBM,-0.005874753,0.016729116,0.0097823143
2023-10-13,INTC,0.020876884,0.023887396,-0.012079418
2023-10-13,MSFT,0.033330441,0.0017231703,0.023219109
2023-10-13,NKE,0.016742587,0.024177074,-0.0009444356
2023-10-13,VZ,-0.0086147189,0.013537288,-0.031124115
2023-10-13,WMT,0.0020368099,0.014778137,-0.002803266
2023-10-16,AAPL,-0.033406198,0.0058641434,-0.028940618
2023-10-16,AMGN,0.0056542158,-0.0061982274,-0.01260215
2023-10-16,CRM,-0.046947002,0.030229926,-0.0079879165
2023-10-16,CSCO,-0.0031588674,-0.0018917918,-0.016644597
2023-10-16,IBM,0.0067176819,0.007615447,0.0051554441
2023-10-16,INTC,0.010588646,0.0068674088,0.0029160976
2023-10-16,MSFT,-0.06459552,0.0081319809,-0.016279459
2023-10-16,NKE,-0.0071222782,0.0073382854,-0.022250533
2023-10-16,VZ,0.016050935,0.012782931,-0.01511848
2023-10-16,WMT,0.0073992014,0.0033199787,-0.01282382
2023-10-17,AAPL,5.4597855e-05,0.019652128,-0.0021237731
2023-10-17,AMGN,-0.02553606,0.016184211,0.0098470449
2023-10-17,CRM,0.058574796,0.0036720037,-0.022688568
2023-10-17,CSCO,-0.0023463964,0.016476393,-0.023680151
2023-10-17,IBM,-0.0022572279,-0.0062740445,-0.0059374571
2023-10-17,INTC,-0.0087788105,0.019666433,-0.0061169863
2023-10-17,MSFT,-0.011582911,0.013477325,-0.026550472
2023-10-17,NKE,0.0074802637,-0.0028482676,-0.0050680637
2023-10-17,VZ,0.00067090988,0.0055309534,-0.012761474
2023-10-17,WMT,0.0062571764,-0.0034728646,-0.010937989
2023-10-18,AAPL,-0.00069397688,0.027313709,-0.0057467222
2023-10-18,AMGN,0.013196111,0.010645032,0.0011446476
2023-10-18,CRM,0.019812107,0.01115489,-0.024484754
2023-10-18,CSCO,0.00027596951,0.027033567,-0.011716902
2023-10-18,IBM,-0.0036066771,0.021612883,0.0083224773
2023-10-18,INTC,0.033518434,0.011907339,-0.0058022738
2023-10-18,MSFT,-0.058234453,0.017903924,-0.0079550147
2023-10-18,NKE,0.011745453,-0.011596262,-0.016882539
2023-10-18,VZ,0.012607574,0.013978481,-0.024841011
2023-10-18,WMT,0.010187268,0.0095291138,0.0025349855
2023-10-19,AAPL,-0.0029608607,0.018087387,-0.014763892
2023-10-19,AMGN,0.034886003,0.024942517,-0.009405911
2023-10-19,CRM,0.045386076,0.024770379,-0.0039926171
2023-10-19,CSCO,0.030876279,-0.0019291639,-0.0014414191
2023-10-19,IBM,6.3419342e-05,0.013318062,0.0033134222
2023-10-19,INTC,0.021933436,0.042008877,-0.012976527
2023-10-19,MSFT,0.006028533,0.024161458,0.0017313957
2023-10-19,NKE,-0.015432894,0.015883446,-0.0025309324
2023-10-19,VZ,0.0021321774,0.018314958,0.0040323734
2023-10-19,WMT,-0.0026812553,0.0049884319,-0.0087705851
2023-10-20,AAPL,-0.018922448,0.0098649263,-0.017716885
2023-10-20,AMGN,-0.010190904,0.018647909,-0.0044276714
2023-10-20,CRM,0.0062018633,0.013270974,-0.0099326372
2023-10-20,CSCO,-0.0055342913,-0.011291623,-0.0021799207
2023-10-20,IBM,-0.011650324,0.0049347878,-0.022932112
2023-10-20,INTC,-0.030629277,0.013799667,-0.025538087
2023-10-20,MSFT,-0.019153774,0.011182785,-0.0046752691
2023-10-20,NKE,0.016979694,0.014384985,0.0031965971
2023-10-20,VZ,0.0042805672,0.001693964,0.0035336018
2023-10-20,WMT,0.014919519,0.013994098,-0.0074186325
2023-10-23,AAPL,0.010442972,0.009953022,-0.029152393
2023-10-23,AMGN,-0.0052627921,0.00044178963,0.0033119917
2023-10-23,CRM,-0.029710889,0.0098246336,0.022505522
2023-10-23,CSCO,-0.002377212,0.016717672,-0.00028514862
2023-10-23,IBM,-0.025148928,-0.0072174072,0.025581717
2023-10-23,INTC,-0.013636291,-0.0067560077,-0.020698667
2023-10-23,MSFT,-0.002163887,0.0029792786,-0.015436769
2023-10-23,NKE,-0.02355665,0.0025091171,0.0047014952
2023-10-23,VZ,-0.013329983,0.0013484955,-0.0075523853
2023-10-23,WMT,0.0071918964,-0.0042241216,-0.0038025975
2023-10-24,AAPL,0.067383289,0.0059863329,-0.023583233
2023-10-24,AMGN,0.0065472126,0.017243981,-0.011683643
2023-10-24,CRM,-0.047631443,-0.0094150901,-0.0269925
2023-10-24,CSCO,0.010457397,-0.0080425739,-0.0031637549
2023-10-24,IBM,0.026027441,0.015635252,-0.0011795759
2023-10-24,INTC,-0.0033780932,0.022721648,-0.0032610893
2023-10-24,MSFT,0.0091091394,0.005984664,-0.010502219
2023-10-24,NKE,0.0030293465,-0.0065093637,-0.014452577
2023-10-24,VZ,-0.016915619,0.010688186,-0.0055942535
2023-10-24,WMT,-0.012045741,0.016935825,-0.011688173
2023-10-25,AAPL,0.007707715,0.02340579,-0.010284603
2023-10-25,AMGN,-0.034159482,0.0052280426,-0.011251271
2023-10-25,CRM,0.053801179,-0.0037614703,0.0020920038
2023-10-25,CSCO,0.015876174,0.0032014847,-0.023921192
2023-10-25,IBM,0.0041366816,0.017630458,0.0032023191
2023-10-25,INTC,0.0025414228,0.0043976307,-0.014447868
2023-10-25,MSFT,-0.0037878156,0.0019737482,-0.0025197268
2023-10-25,NKE,0.00066447258,0.017864466,-0.0031586885
2023-10-25,VZ,-0.030314326,0.014998913,0.0099630356
2023-10-25,WMT,-0.015935421,0.0076906681,-0.026702285
2023-10-26,AAPL,0.0044929981,0.0020227432,-0.027809799
2023-10-26,AMGN,-0.018495977,0.015573859,-0.00028699636
2023-10-26,CRM,-0.008004725,0.023055792,-0.0040273666
2023-10-26,CSCO,-0.013745248,0.024067283,-0.0023416877
2023-10-26,IBM,0.0046769381,0.0057381392,-0.010228395
2023-10-26,INTC,-0.0069633722,0.00938344,-0.023516059
2023-10-26,MSFT,0.019738436,0.0092849731,-0.0062013268
2023-10-26,NKE,0.012741804,0.0030035973,0.0047132969
2023-10-26,VZ,-0.014817536,0.0020670891,-0.0034424663
2023-10-26,WMT,0.015156388,0.0038006306,-0.0046474934
2023-10-27,AAPL,0.016318917,-0.0033415556,0.0025346279
2023-10-27,AMGN,-0.016251326,0.009449482,-0.023468673
2023-10-27,CRM,0.019791603,0.0063080788,0.0066373348
2023-10-27,CSCO,-0.00098842382,0.0059959888,-0.013575792
2023-10-27,IBM,-0.0034072399,-0.0003529191,-0.0058119893
2023-10-27,INTC,-0.0001963973,0.01662159,-0.019178271
2023-10-27,MSFT,-0.003632009,0.012987256,-0.0028985739
2023-10-27,NKE,0.010717034,0.0076639652,0.0048397779
2023-10-27,VZ,-0.0013791323,0.0053659678,-0.0062978268
2023-10-27,WMT,0.002928853,0.0046794415,-0.0055462718
2023-10-30,AAPL,0.0060976744,0.016011834,0.0079549551
2023-10-30,AMGN,0.0084360838,0.013725042,-0.0018042326
2023-10-30,CRM,-0.024893403,0.014567852,-0.0026718974
2023-10-30,CSCO,-0.028566122,-0.006986022,-0.021877825
2023-10-30,IBM,0.029329062,0.0015375614,0.0023028851
2023-10-30,INTC,-0.0068939924,0.0020179749,-0.015174389
2023-10-30,MSFT,0.00057542324,0.0092746019,-0.017743468
2023-10-30,NKE,-0.011189938,0.022023201,0.0065559149
2023-10-30,VZ,-0.0078241229,0.0080746412,-0.0080139637
2023-10-30,WMT,0.0032615662,0.012037039,0.002825737
2023-10-31,AAPL,0.014657974,0.005979538,-0.02895993
2023-10-31,AMGN,0.0011671782,0.018615723,-0.0070379376
2023-10-31,CRM,0.0041805506,0.015231133,-0.013717294
2023-10-31,CSCO,-0.03843236,-0.005446136,0.00053858757
2023-10-31,IBM,-0.0043005943,0.0049868822,0.001013875
2023-10-31,INTC,0.015310884,0.013706088,-0.016027331
2023-10-31,MSFT,0.0045877695,-0.0078943372,-0.018660963
2023-10-31,NKE,-0.0020039082,0.014892101,-0.014414489
2023-10-31,VZ,-0.020860612,0.00098931789,-0.02109623
2023-10-31,WMT,-0.017803431,0.020506024,-0.0020893812
2023-11-01,AAPL,0.0049477816,0.013213873,-0.0045802593
2023-11-01,AMGN,-0.0069285631,0.0079368353,-0.0085532665
2023-11-01,CRM,-0.0093618035,0.013651013,-0.0033675432
2023-11-01,CSCO,-0.026061714,0.026683807,-0.010331333
2023-11-01,IBM,0.0026234388,-0.00099009275,-0.0069165826
2023-11-01,INTC,0.010646343,0.035394549,0.0044884682
2023-11-01,MSFT,-0.013629377,0.0067608356,-0.021277547
2023-11-01,NKE,0.0083203316,-0.010535777,-0.0238204
2023-11-01,VZ,-0.00081151724,0.0092711449,0.0011276007
2023-11-01,WMT,-0.0013948083,0.0096815825,-0.0093607306
2023-11-02,AAPL,0.021574974,0.022689462,-0.02686131
2023-11-02,AMGN,0.0012842417,0.0012909174,0.011063457
2023-11-02,CRM,-0.047296584,0.015037537,0.0015482903
2023-11-02,CSCO,-0.012434363,0.0013130903,0.013002992
2023-11-02,IBM,0.0058809519,-0.011305153,0.0052270889
2023-11-02,INTC,-0.0023348331,0.0064994097,-0.015988588
2023-11-02,MSFT,0.0041567087,0.011494875,0.0002117157
2023-11-02,NKE,-0.022087097,0.00066792965,-0.019664168
2023-11-02,VZ,-0.0098321438,0.01255846,-0.015145838
2023-11-02,WMT,0.00038397312,0.012078285,-0.017250597
2023-11-03,AAPL,0.020552039,0.022931337,0.026298404
2023-11-03,AMGN,-0.024925232,0.029683471,-0.0057273507
2023-11-03,CRM,-0.069764018,-0.01606375,-0.026870012
2023-11-03,CSCO,-0.030899346,0.005849123,-0.0080783367
2023-11-03,IBM,0.01521194,-0.0064691305,-0.0016179085
2023-11-03,INTC,0.03993094,-0.0049045682,-0.015019596
2023-11-03,MSFT,0.0086388588,-0.0039483309,-0.0016338825
2023-11-03,NKE,-0.0029344559,0.0069079399,-0.035880566
2023-11-03,VZ,-0.0097728968,-0.0035321712,0.0056035519
2023-11-03,WMT,-0.0098598003,0.01192975,-0.027747571
2023-11-06,AAPL,0.0034663677,-0.011112452,-0.018476367
2023-11-06,AMGN,-0.0027160048,0.011218905,-0.0089735985
2023-11-06,CRM,0.025672793,0.0099471807,-0.022637367
2023-11-06,CSCO,0.0061112642,0.015936375,-0.0044762492
2023-11-06,IBM,0.0045721531,0.0038330555,-0.0065321922
2023-11-06,INTC,-0.010868907,0.0080835819,-0.028854728
2023-11-06,MSFT,0.015203714,0.0076823235,-0.022142708
2023-11-06,NKE,-0.0316661,0.0061064959,-0.0082480311
2023-11-06,VZ,-0.0034968853,0.016859174,0.002730608
2023-11-06,WMT,-0.006247282,0.0029929876,-0.007425487
2023-11-07,AAPL,-0.020696938,0.024309039,-0.010381162
2023-11-07,AMGN,0.0085289478,0.027237654,0.0011156797
2023-11-07,CRM,-0.0057349205,0.0016638041,-0.011799872
2023-11-07,CSCO,-0.0066175461,-0.0047399998,-0.02267307
2023-11-07,IBM,0.0021475554,0.015084147,0.0092601776
2023-11-07,INTC,-0.0021783113,0.012338638,-0.0036417246
2023-11-07,MSFT,-0.014399588,0.0079101324,0.0030654669
2023-11-07,NKE,-0.01027602,0.0084927082,-0.022453547
2023-11-07,VZ,0.0078336,0.0098844767,-0.0088920593
2023-11-07,WMT,0.0044418573,0.0043524504,-0.0012111664
2023-11-08,AAPL,0.00070571899,0.01850462,0.0017907619
2023-11-08,AMGN,0.00069105625,0.012411714,-0.019928694
2023-11-08,CRM,0.022396803,0.017537951,0.0082805157
2023-11-08,CSCO,-0.037265718,-0.0010039806,-0.015640497
2023-11-08,IBM,-0.0039111972,-0.0021329522,-0.0031093955
2023-11-08,INTC,-0.014308512,0.017739654,-0.022619545
2023-11-08,MSFT,0.0054689646,0.0071753263,-0.014199734
2023-11-08,NKE,0.014912128,0.0031368732,-0.014112949
2023-11-08,VZ,-0.007330358,0.0068980455,0.0032786131
2023-11-08,WMT,0.012956619,0.013354897,-0.0074492693
2023-11-09,AAPL,0.0048300028,-0.001917541,-0.0095039606
2023-11-09,AMGN,0.0058481693,0.01849699,-0.018986523
2023-11-09,CRM,-0.0011624694,0.024768949,-0.0063279867
2023-11-09,CSCO,-0.0099438429,0.010159135,-0.01119858
2023-11-09,IBM,0.0063610077,0.003911972,0.0012121201
2023-11-09,INTC,-0.011181414,-0.0024109483,-0.011350334
2023-11-09,MSFT,0.0021549463,0.009100914,-0.024919868
2023-11-09,NKE,0.0046386719,0.00063288212,-0.012129068
2023-11-09,VZ,-0.0032433867,0.0044451952,-0.0049320459
2023-11-09,WMT,-0.015797317,0.0088658333,-0.0038719177
2023-11-10,AAPL,-0.021485686,0.0083075762,-0.012338281
2023-11-10,AMGN,-0.01867795,-0.0034555197,0.0034222603
2023-11-10,CRM,-0.025021136,0.027449012,-0.0070838332
2023-11-10,CSCO,0.013486981,0.0085425377,0.0069549084
2023-11-10,IBM,0.017726302,-0.0039515495,-0.029836118
2023-11-10,INTC,-0.0086434484,0.017281771,-0.028958917
2023-11-10,MSFT,-0.026435733,-0.010616243,0.0010466576
2023-11-10,NKE,0.0027271509,0.0037064552,-0.015235186
2023-11-10,VZ,-0.010085821,0.00073742867,-0.011074662
2023-11-10,WMT,-0.0060766339,0.01192987,-0.017606676
2023-11-13,AAPL,0.012168646,0.0011205673,-0.018396199
2023-11-13,AMGN,0.012405276,0.020024657,-0.017392874
2023-11-13,CRM,0.052361369,0.0048611164,-0.029236913
2023-11-13,CSCO,-0.012933314,0.0097901821,0.0062566996
2023-11-13,IBM,-0.016639471,0.016819,-0.01797998
2023-11-13,INTC,-0.026157498,0.018656492,-0.020649433
2023-11-13,MSFT,-0.0053008199,-0.0018275976,-0.0017119646
2023-11-13,NKE,0.0043593645,0.0078594685,0.010829926
2023-11-13,VZ,-0.00515908,-0.0027059317,0.01480639
2023-11-13,WMT,-0.011534393,-0.00039505959,-0.019382298
2023-11-14,AAPL,0.023603559,0.00070381165,0.0041540861
2023-11-14,AMGN,-0.019263864,0.020767212,-0.017960906
2023-11-14,CRM,-0.030367732,0.024242043,-0.034218729
2023-11-14,CSCO,0.025736213,0.012973547,-0.001634419
2023-11-14,IBM,-0.0071834922,-0.0080683827,-0.020622671
2023-11-14,INTC,0.041072607,-0.0026743412,-0.010808825
2023-11-14,MSFT,-0.00043690205,0.013613701,-0.011178315
2023-11-14,NKE,0.033889055,0.011753559,-0.004647553
2023-11-14,VZ,-0.0093584061,0.00082433224,-0.018289745
2023-11-14,WMT,-0.024736583,0.0052932501,0.0081683397
2023-11-15,AAPL,-0.0058601499,0.033215404,-0.011906385
2023-11-15,AMGN,-0.0061944723,-0.00089269876,-0.0016853809
2023-11-15,CRM,-0.034715474,-0.009793222,0.0059654713
2023-11-15,CSCO,0.021154046,-0.019159734,-0.013809264
2023-11-15,IBM,0.0042532682,0.010646939,-0.010876834
2023-11-15,INTC,-0.027543306,0.0035077333,-0.021551609
2023-11-15,MSFT,-0.019400656,0.0011191368,-0.011095166
2023-11-15,NKE,0.015202045,0.036762476,-0.019606173
2023-11-15,VZ,-0.0011177063,0.023890257,-0.0058382154
2023-11-15,WMT,0.0012518167,0.00039637089,-0.017062724
2023-11-16,AAPL,0.024665475,0.014872789,0.0028244257
2023-11-16,AMGN,-0.014018893,0.014375448,-0.011470497
2023-11-16,CRM,0.023626328,-0.010936856,-0.004853189
2023-11-16,CSCO,0.022272348,0.0071399212,-0.00088167191
2023-11-16,IBM,0.014082432,-0.0047087669,-0.0051906109
2023-11-16,INTC,0.01274097,0.015298128,-0.015341163
2023-11-16,MSFT,-0.014627159,0.00092577934,-0.014598787
2023-11-16,NKE,0.01046598,0.010364175,-0.0051314235
2023-11-16,VZ,-0.0028182864,0.022888184,-0.010463297
2023-11-16,WMT,0.0068788528,0.0026533604,-0.0053052902
2023-11-17,AAPL,0.0015802383,0.011345863,-0.017855048
2023-11-17,AMGN,-0.00051099062,0.026841283,-0.0091067553
2023-11-17,CRM,0.009706378,0.016628981,-0.01337558
2023-11-17,CSCO,-0.0059595108,-0.006895721,0.0096045732
2023-11-17,IBM,0.0082606077,0.0176934,-0.0088553429
2023-11-17,INTC,0.0098261833,0.018648386,-0.027001023
2023-11-17,MSFT,-0.015355647,0.0087032318,-0.01007843
2023-11-17,NKE,-0.031565368,0.0067011118,-0.012774467
2023-11-17,VZ,0.021741152,0.012632489,-0.011660159
2023-11-17,WMT,-0.0037299395,0.021207213,-0.0056176186
2023-11-20,AAPL,-0.018924773,0.0098005533,-0.0056337118
2023-11-20,AMGN,-0.023495615,-0.008405447,-0.0048812628
2023-11-20,CRM,-0.04458499,-0.0009059906,-0.018850207
2023-11-20,CSCO,0.035785675,0.0088193417,-0.019705355
2023-11-20,IBM,-0.020539463,0.006927371,-0.013807714
2023-11-20,INTC,-0.004509151,0.016365647,5.0544739e-05
2023-11-20,MSFT,0.011623383,-0.0002245903,-0.017656565
2023-11-20,NKE,0.0033203363,0.029890776,-0.029984236
2023-11-20,VZ,-0.0051267147,0.010701656,-0.016473413
2023-11-20,WMT,-0.006600976,0.022249579,0.0032356977
2023-11-21,AAPL,0.0193609,-0.021334112,-0.018074453
2023-11-21,AMGN,-0.024105072,0.0074967146,-0.00016778708
2023-11-21,CRM,-0.038330913,0.025643826,-0.034250975
2023-11-21,CSCO,-0.020029545,0.019099832,-0.007014513
2023-11-21,IBM,-0.0084450841,0.0056711435,-0.0046063066
2023-11-21,INTC,-0.029297411,0.01665628,-0.011885226
2023-11-21,MSFT,-0.028023005,0.018723488,-0.020663381
2023-11-21,NKE,0.012089014,0.02116406,-0.0026054382
2023-11-21,VZ,-0.0030710101,-0.0046712756,-0.012013376
2023-11-21,WMT,-0.011912763,0.011390448,-0.0090293884
2023-11-22,AAPL,0.013262749,0.037704587,-0.035794795
2023-11-22,AMGN,-0.02802372,0.0031614304,-0.0027989149
2023-11-22,CRM,0.0060814619,0.0093947649,-0.025862694
2023-11-22,CSCO,0.0162884,0.011040211,0.011330247
2023-11-22,IBM,0.018692017,-0.0041949749,-0.0098936558
2023-11-22,INTC,-0.025092661,0.016935229,-0.018620431
2023-11-22,MSFT,-0.016738415,0.013887882,-0.0090737939
2023-11-22,NKE,-0.024632096,0.02317369,-0.011593997
2023-11-22,VZ,-0.0006647706,0.012120843,0.0030767918
2023-11-22,WMT,-0.020286024,0.015082717,-0.0073114634
2023-11-24,AAPL,0.0044196844,0.021071672,-0.016510963
2023-11-24,AMGN,-0.01197499,0.033312798,-0.016194761
2023-11-24,CRM,-0.017321765,0.031524658,-0.022409081
2023-11-24,CSCO,-0.00013995171,0.0019545555,-0.0080882311
2023-11-24,IBM,-0.012661159,0.0025696754,-0.0086507201
2023-11-24,INTC,0.0074921846,0.016979694,-0.0025419593
2023-11-24,MSFT,-0.017035782,0.0012694597,-0.0066003799
2023-11-24,NKE,0.052863002,0.004997611,-0.0058675408
2023-11-24,VZ,0.0070919991,0.00091731548,-0.0039075017
2023-11-24,WMT,-0.017008007,0.0067094564,-0.0067521334
2023-11-27,AAPL,0.026815891,0.03970015,-0.0039242506
2023-11-27,AMGN,0.016692281,0.0082216263,-0.028054595
2023-11-27,CRM,0.016072989,0.026986003,-0.0088844895
2023-11-27,CSCO,-0.020863295,0.020624518,-0.00070744753
2023-11-27,IBM,-0.029508591,0.0079878569,-0.025080025
2023-11-27,INTC,-0.0041509271,0.0016270876,-0.0017821193
2023-11-27,MSFT,0.0073840618,0.0082743168,-0.002263844
2023-11-27,NKE,-0.0048840046,0.005322814,-0.038276315
2023-11-27,VZ,0.0036088228,0.0064945221,-0.0075153112
2023-11-27,WMT,-0.0022453666,0.0066885948,-0.003947556
2023-11-28,AAPL,0.0050929785,0.0099675655,-0.0080830455
2023-11-28,AMGN,-0.01142633,0.013892055,-0.002658546
2023-11-28,CRM,-0.035523295,-0.0053777695,-0.0040257573
2023-11-28,CSCO,0.028492928,0.0068975687,-0.0038138032
2023-11-28,IBM,0.028897762,0.0055528879,-0.011674464
2023-11-28,INTC,-0.0092032552,0.012040377,0.0094145536
2023-11-28,MSFT,0.0041122437,0.015877962,-0.0042794347
2023-11-28,NKE,-0.0032548904,0.013172269,-0.0094121695
2023-11-28,VZ,0.0016789436,0.017103434,0.00047278404
2023-11-28,WMT,0.010853648,0.020061851,0.0025736094
2023-11-29,AAPL,-0.0062113404,0.012613297,-0.020644844
2023-11-29,AMGN,0.025017023,0.025250435,0.010874391
2023-11-29,CRM,-0.014883935,0.0094109774,-0.009013474
2023-11-29,CSCO,0.019559383,0.00032043457,-0.0053125024
2023-11-29,IBM,0.02112031,0.011179924,0.0017383099
2023-11-29,INTC,0.014845133,0.011978507,-0.0085485578
2023-11-29,MSFT,-0.0034261346,0.0086889267,-0.00059002638
2023-11-29,NKE,-0.0055475235,0.0043185949,0.021044731
2023-11-29,VZ,-0.019370019,0.007656455,-0.012036681
2023-11-29,WMT,-0.010794282,0.016132355,0.0039812326
2023-11-30,AAPL,0.021522403,0.011894464,-0.0077286363
2023-11-30,AMGN,0.0034854412,0.0096263885,-0.012968659
2023-11-30,CRM,-0.055891395,-0.0010920763,-0.021237433
2023-11-30,CSCO,0.021023035,0.0083298683,-0.0001038909
2023-11-30,IBM,-0.0016272664,0.012742877,-0.028917074
2023-11-30,INTC,-0.014499784,0.0023875237,-0.0085393786
2023-11-30,MSFT,-0.0032858849,0.029967427,-0.0044121146
2023-11-30,NKE,-0.013645113,-0.0042703748,0.0055550337
2023-11-30,VZ,-0.011117816,0.023290873,0.0026828051
2023-11-30,WMT,-0.014725566,0.0015370846,-0.0090927482
2023-12-01,AAPL,-0.0020141602,-0.0030223727,-0.0035429597
2023-12-01,AMGN,0.030357957,-0.0041899085,-0.008364737
2023-12-01,CRM,-0.026857018,0.0016664267,-0.03780067
2023-12-01,CSCO,-0.0044203997,-0.0041270256,-0.022695601
2023-12-01,IBM,-0.01277864,0.019361377,0.0039186478
2023-12-01,INTC,-0.007889688,0.024649024,0.0069388151
2023-12-01,MSFT,0.018760085,0.0087778568,-0.014008164
2023-12-01,NKE,0.020928025,0.019699693,-0.017703414
2023-12-01,VZ,0.010109544,0.008613348,-0.00057780743
2023-12-01,WMT,-0.01527226,0.011561036,-0.0286116
2023-12-04,AAPL,0.038974404,0.013335586,-0.0055029392
2023-12-04,AMGN,0.021331429,0.0058019161,-0.012624145
2023-12-04,CRM,0.045787096,-0.016985655,-0.01347661
2023-12-04,CSCO,-0.021879017,0.011750817,-0.005866766
2023-12-04,IBM,-0.0072466135,0.0077364445,-0.0037541986
2023-12-04,INTC,-0.011679113,0.0032678843,-0.0042448044
2023-12-04,MSFT,-0.0029262304,-0.012137413,-0.0095412731
2023-12-04,NKE,-0.013488054,0.012959003,-0.017130256
2023-12-04,VZ,-0.0050171614,-0.003129065,-0.0012875199
2023-12-04,WMT,0.0067819357,-0.00090789795,0.0033183098
2023-12-05,AAPL,-0.0089313388,0.00017309189,-0.0045488477
2023-12-05,AMGN,-0.014691472,0.014343143,-0.0007480979
2023-12-05,CRM,-0.043560863,0.039831996,-0.026278198
2023-12-05,CSCO,0.0018196106,0.0090982914,-0.013233483
2023-12-05,IBM,-0.023631215,0.0089890957,-0.017501473
2023-12-05,INTC,0.038899302,-0.0016663074,0.0024755001
2023-12-05,MSFT,0.029461145,0.0088070631,-0.0023703575
2023-12-05,NKE,0.002351284,0.0042690039,-0.0094898939
2023-12-05,VZ,0.0044304132,0.020636916,0.0030870438
2023-12-05,WMT,-0.00060325861,0.02013588,-0.010515571
2023-12-06,AAPL,0.01947093,0.0017324686,-0.012152255
2023-12-06,AMGN,-0.021696925,0.013276815,0.015029907
2023-12-06,CRM,0.039575338,-0.00397259,-0.026234984
2023-12-06,CSCO,-0.037323177,0.0042408705,-0.00383389
2023-12-06,IBM,0.0067683458,0.0050202608,-0.0061402917
2023-12-06,INTC,-0.0045085549,0.010054708,-0.0071043968
2023-12-06,MSFT,0.00012421608,0.021143913,-0.0094022155
2023-12-06,NKE,-0.00022894144,0.010774136,-0.004781425
2023-12-06,VZ,0.00089752674,0.030419111,-0.015694499
2023-12-06,WMT,0.00093185902,-0.0043931007,0.0027701855
2023-12-07,AAPL,-0.039707601,-0.0073433518,-0.036828876
2023-12-07,AMGN,0.00040817261,0.024740338,-0.021216512
2023-12-07,CRM,0.032442451,0.027804255,-0.011120915
2023-12-07,CSCO,0.040237308,0.0057295561,-0.0050649047
2023-12-07,IBM,0.0039623976,-0.0048310161,-0.012878954
2023-12-07,INTC,-0.0060082674,-0.0012906194,-0.013863444
2023-12-07,MSFT,0.0056817532,0.014652848,-0.011857331
2023-12-07,NKE,0.0041834116,0.021393299,-0.0064385533
2023-12-07,VZ,-0.00073313713,0.016463399,-0.019652605
2023-12-07,WMT,-0.0086935163,0.015154123,-0.0076733232
2023-12-08,AAPL,0.022613168,-0.0069484711,-0.0038976669
2023-12-08,AMGN,-0.030376792,0.015165925,-0.0084732175
2023-12-08,CRM,-0.0023207664,0.021609783,-0.006398499
2023-12-08,CSCO,0.012929201,0.019046426,-0.012154877
2023-12-08,IBM,-0.01397568,0.011467218,-0.019286692
2023-12-08,INTC,0.012321949,-0.0018008351,0.0050281286
2023-12-08,MSFT,0.0027419329,-0.0086224675,-0.026481211
2023-12-08,NKE,0.029284477,0.013545275,0.016499043
2023-12-08,VZ,0.0091751814,0.0031136274,-0.0078262091
2023-12-08,WMT,-0.0052257776,0.0051954985,-0.015173137
2023-12-11,AAPL,-0.006811738,0.0095180273,4.3392181e-05
2023-12-11,AMGN,-0.0018037558,0.0092120171,-0.0020528436
2023-12-11,CRM,-0.021758497,0.0070463419,0.0064163208
2023-12-11,CSCO,0.0025728941,-0.012886703,-0.02268374
2023-12-11,IBM,-0.024903595,0.018085718,-0.010756135
2023-12-11,INTC,0.0079035759,0.0065649748,-0.022184908
2023-12-11,MSFT,0.0027164221,0.011676311,5.0067902e-06
2023-12-11,NKE,0.012757182,0.0034036636,0.011930823
2023-12-11,VZ,-0.0027308464,0.00061893463,0.00067865849
2023-12-11,WMT,0.0053725243,0.011287332,-0.013636529
2023-12-12,AAPL,0.0090241432,0.0044820309,0.0039743185
2023-12-12,AMGN,-0.0096194148,0.0065840483,-0.011078119
2023-12-12,CRM,0.049488187,0.01891458,-0.0085381269
2023-12-12,CSCO,-0.047398984,0.0019851923,-0.012001038
2023-12-12,IBM,-0.0054906011,-0.0081187487,-0.014433563
2023-12-12,INTC,0.039815068,0.022683859,-0.0061075091
2023-12-12,MSFT,-0.007709682,0.0084545612,-0.020768166
2023-12-12,NKE,0.02323544,0.015092254,-0.0030699372
2023-12-12,VZ,0.013979554,0.0082424879,-0.0037844777
2023-12-12,WMT,-0.032077372,0.0077117682,0.010598779
2023-12-13,AAPL,-0.019278347,0.010902286,-0.0025249124
2023-12-13,AMGN,-0.012783647,0.013700485,-0.003125608
2023-12-13,CRM,-0.037056029,0.032781243,-0.034720063
2023-12-13,CSCO,0.017939448,0.013957381,0.0045083761
2023-12-13,IBM,-0.0056300759,0.0050148964,-0.012162328
2023-12-13,INTC,0.029749393,0.0045573711,-0.015872419
2023-12-13,MSFT,0.0085870028,0.00083255768,-0.01026839
2023-12-13,NKE,-0.010233402,-0.0066986084,-0.011096656
2023-12-13,VZ,-0.023202062,-0.010273933,-0.019242227
2023-12-13,WMT,0.0056138039,0.012546897,-0.010106802
2023-12-14,AAPL,0.0043919086,0.017703652,-0.0015496016
2023-12-14,AMGN,-0.0095049739,0.013076901,-0.0023614764
2023-12-14,CRM,-0.047908127,0.023337841,-0.029085577
2023-12-14,CSCO,0.0099511147,0.0029553175,-0.00065535307
2023-12-14,IBM,0.01505208,-0.018069983,-0.013405979
2023-12-14,INTC,-0.027789474,-0.00062066317,-0.017483234
2023-12-14,MSFT,-0.0030501485,-0.0051397085,-0.011808097
2023-12-14,NKE,0.010541558,0.0097520351,-0.006320715
2023-12-14,VZ,-0.023147523,-0.014926672,0.0067075491
2023-12-14,WMT,0.0023598671,0.016293406,-0.0080124736
2023-12-15,AAPL,0.011336207,0.0039144754,-0.009252131
2023-12-15,AMGN,-0.0047831535,0.020648003,-0.0076104403
2023-12-15,CRM,-0.0091506839,-0.012207866,-0.006393671
2023-12-15,CSCO,0.012877464,0.012352824,-0.0080091357
2023-12-15,IBM,0.017944336,0.015766263,-0.01628238
2023-12-15,INTC,0.0053269863,-0.0049625635,-0.026690543
2023-12-15,MSFT,0.01190567,0.0097213984,-0.020207644
2023-12-15,NKE,-0.0071257353,0.01914525,-0.016673148
2023-12-15,VZ,-0.0042475462,0.01191175,0.0061949492
2023-12-15,WMT,-0.0085820556,0.012463331,-0.0091529489
2023-12-18,AAPL,-0.008875072,-0.0015700459,0.0039206743
2023-12-18,AMGN,0.010587335,0.025036097,-0.0093383193
2023-12-18,CRM,0.022312164,0.012788296,-0.042872965
2023-12-18,CSCO,0.0093723536,0.01269269,0.010740876
2023-12-18,IBM,0.0094345808,0.0084621906,0.0023878813
2023-12-18,INTC,0.02849257,-0.0032044053,-0.025426626
2023-12-18,MSFT,-0.021681607,0.02056694,0.0024739504
2023-12-18,NKE,0.010984898,0.023776531,0.0046215057
2023-12-18,VZ,-0.0041307211,0.013467431,-0.0049996972
2023-12-18,WMT,0.0036394596,0.0041575432,-0.012862623
2023-12-19,AAPL,-0.0036623478,0.0054037571,0.0018798113
2023-12-19,AMGN,-0.012582362,0.011492014,-0.0071453452
2023-12-19,CRM,0.013803482,0.01774776,-0.035072923
2023-12-19,CSCO,-0.032931149,0.0034595728,0.016150713
2023-12-19,IBM,0.0091918707,0.0049811602,-0.010356307
2023-12-19,INTC,0.0046719313,0.017126918,-0.025761962
2023-12-19,MSFT,-0.0050727129,0.014487267,-0.011254251
2023-12-19,NKE,-0.039322436,0.0072958469,-0.006849587
2023-12-19,VZ,-0.0077505708,0.0010371208,-0.00056660175
2023-12-19,WMT,0.0049673319,0.0097731352,-0.010599315
2023-12-20,AAPL,0.014535904,0.0036867857,0.019323945
2023-12-20,AMGN,-0.0081648827,0.011745214,-0.020734787
2023-12-20,CRM,0.0044790506,-0.0041561127,-0.021820784
2023-12-20,CSCO,0.016253233,0.012786388,0.0041445494
2023-12-20,IBM,0.0087273121,0.0068286657,0.0020005703
2023-12-20,INTC,0.011845231,0.010706902,-0.00045728683
2023-12-20,MSFT,-1.424551e-05,0.017831802,-0.0031591654
2023-12-20,NKE,-0.0081954002,0.0048111677,0.0012822151
2023-12-20,VZ,0.013542175,0.017227054,-0.005330801
2023-12-20,WMT,0.0050773621,0.0042725801,-0.018406332
2023-12-21,AAPL,-0.0084850192,-0.0071339011,-0.022360444
2023-12-21,AMGN,-0.027313948,-0.0095710158,-0.0071476102
2023-12-21,CRM,0.015110135,0.01448679,-0.032491684
2023-12-21,CSCO,-0.017528176,0.019087434,-0.012033582
2023-12-21,IBM,-0.019199491,0.0076086521,-0.0040827394
2023-12-21,INTC,-0.0029621124,0.019129395,0.0051143169
2023-12-21,MSFT,0.00099754333,0.01222229,-0.017407954
2023-12-21,NKE,-0.011731803,0.010147452,-0.022337496
2023-12-21,VZ,0.0073025227,0.013560772,0.00057029724
2023-12-21,WMT,-0.0024131536,0.00045537949,-0.0026516318
2023-12-22,AAPL,0.031040668,0.00084590912,-0.014401615
2023-12-22,AMGN,0.034318209,0.0042238235,0.0038659573
2023-12-22,CRM,-0.022821963,0.019102097,-0.015222251
2023-12-22,CSCO,-0.0060910583,0.030550599,-0.0094312429
2023-12-22,IBM,0.0084552765,0.0059528351,-0.004799366
2023-12-22,INTC,0.02724874,0.0070823431,-0.020543039
2023-12-22,MSFT,-0.029103637,-0.0089030862,-0.01303041
2023-12-22,NKE,-0.0043139458,-0.0058394074,-0.018513799
2023-12-22,VZ,-0.0010698438,0.018873811,-0.00064688921
2023-12-22,WMT,-0.01294595,0.022157311,-0.00086855888
2023-12-26,AAPL,-0.010570526,0.005366087,-0.015391111
2023-12-26,AMGN,-0.011857867,0.0060708523,-0.0095743537
2023-12-26,CRM,-0.017065704,0.01014185,0.017105937
2023-12-26,CSCO,-0.0043961406,0.018677711,-0.030726671
2023-12-26,IBM,-0.011986077,0.0098413229,-0.005764544
2023-12-26,INTC,-0.0032953024,0.021002531,-0.0073269606
2023-12-26,MSFT,0.003949523,0.0069086552,0.00080502033
2023-12-26,NKE,0.0048911572,-0.002986908,-0.0096709728
2023-12-26,VZ,-0.017836213,-0.0064705014,0.014600635
2023-12-26,WMT,-0.024107933,0.015271068,-0.002378881
2023-12-27,AAPL,-0.0086877346,0.022255421,-0.0051593184
2023-12-27,AMGN,-0.014403224,0.012365341,-0.026073039
2023-12-27,CRM,0.039336681,0.0056422949,-0.023963034
2023-12-27,CSCO,0.03682065,0.0034738779,-0.016911268
2023-12-27,IBM,-0.014927566,0.0058302879,-0.011847913
2023-12-27,INTC,-0.022916436,-0.0032559633,-0.019090414
2023-12-27,MSFT,0.024569511,0.0086176395,-0.02185905
2023-12-27,NKE,0.023142099,0.021978378,-0.028597414
2023-12-27,VZ,-0.018601835,-0.0080499649,-0.0067205429
2023-12-27,WMT,-0.0012715459,0.0088171959,-0.0054641366
2023-12-28,AAPL,-0.0068332553,0.024223089,-0.040920556
2023-12-28,AMGN,-0.012103796,0.0060199499,-0.0095606446
2023-12-28,CRM,0.083938599,-0.0064380765,-0.00025570393
2023-12-28,CSCO,-0.027476788,0.0087190866,-0.01348412
2023-12-28,IBM,0.01906991,0.021548748,-0.013355792
2023-12-28,INTC,0.0067042112,0.00082302094,0.0022405386
2023-12-28,MSFT,-0.0058763027,0.0013124943,-0.012941837
2023-12-28,NKE,-0.03487277,0.013343811,-0.0082084537
2023-12-28,VZ,-0.015387058,0.0078917742,0.003913641
2023-12-28,WMT,-0.0017903447,0.013810635,0.002597332
2023-12-29,AAPL,-0.01712364,0.0063388348,-0.034223199
2023-12-29,AMGN,0.0049535036,-0.0013991594,-0.0058288574
2023-12-29,CRM,0.036887527,-0.019571781,-0.010279477
2023-12-29,CSCO,-0.027071714,0.010159731,-0.0022240281
2023-12-29,IBM,-0.012327552,-0.00023037195,-0.0037001371
2023-12-29,INTC,-0.031408072,0.016878366,-0.026061356
2023-12-29,MSFT,0.0016298294,0.019887924,0.0032180548
2023-12-29,NKE,0.00094354153,0.016124487,-0.012266397
2023-12-29,VZ,0.017922759,0.012469411,-0.003303647
2023-12-29,WMT,0.0060305595,0.018617988,0.0028785467
2024-01-02,AAPL,0.014465332,0.0044848919,-0.020152509
2024-01-02,AMGN,-0.0081266761,0.013813138,-0.019145548
2024-01-02,CRM,-0.0070812702,0.035703063,-0.032349467
2024-01-02,CSCO,-0.0010704398,0.0034351349,-0.0096779466
2024-01-02,IBM,-0.0064933896,0.008523345,-0.0066748261
2024-01-02,INTC,0.0075279474,0.021088123,-0.015801132
2024-01-02,MSFT,-0.014854252,0.011139274,-0.02723521
2024-01-02,NKE,0.0083994865,0.017115474,-0.010370493
2024-01-02,VZ,-0.0099195242,-0.0018916726,-0.0054077506
2024-01-02,WMT,-0.0091632605,-0.0046851635,-0.01534605
2024-01-03,AAPL,-0.020192802,0.023799181,-0.017761588
2024-01-03,AMGN,-0.029707968,0.0055917501,-0.0088700056
2024-01-03,CRM,-0.033726573,0.030531049,-0.0090227127
2024-01-03,CSCO,0.028351426,0.00035583973,-0.018627346
2024-01-03,IBM,-0.021299183,0.0063470602,-0.010485291
2024-01-03,INTC,-0.0027053356,0.0039629936,-0.0063311458
2024-01-03,MSFT,-0.01434952,0.0071097612,-0.021920145
2024-01-03,NKE,-0.0032461286,0.021067619,-0.021812141
2024-01-03,VZ,0.00028896332,0.016680479,-0.010603607
2024-01-03,WMT,-0.0097438097,-0.008216083,-0.0064941049
2024-01-04,AAPL,0.033686399,0.020283818,0.0044736862
2024-01-04,AMGN,-0.0043108463,-0.0081739426,-0.010357261
2024-01-04,CRM,-0.024909854,0.0081973076,-0.015093863
2024-01-04,CSCO,0.0025250912,0.017930746,-0.0085674524
2024-01-04,IBM,0.0037851334,0.00054204464,-0.011888325
2024-01-04,INTC,-0.0018580556,0.0038015842,0.0027245283
2024-01-04,MSFT,-0.010680974,-0.012053609,-0.0090175271
2024-01-04,NKE,-0.028455198,-0.010459363,-0.0073944926
2024-01-04,VZ,-0.0039167404,0.0031396151,0.013162613
2024-01-04,WMT,0.0071735382,0.009139657,0.014265537
2024-01-05,AAPL,0.0011473894,0.0070682764,-0.0087845325
2024-01-05,AMGN,0.0017049313,0.013080597,0.0041505098
2024-01-05,CRM,0.0016803741,0.0039174557,0.0083971024
2024-01-05,CSCO,-0.017957926,0.0036553144,-0.027154863
2024-01-05,IBM,0.0111202,0.01497674,-0.017845809
2024-01-05,INTC,0.015753984,0.0098958015,0.0105474
2024-01-05,MSFT,-0.0040354133,0.021188021,-0.0090124011
2024-01-05,NKE,0.00016200542,0.0028613806,-0.0021122694
2024-01-05,VZ,0.0012695789,0.0063320398,-0.0095046163
2024-01-05,WMT,-0.019886672,0.0067173243,-0.028501511
2024-01-08,AAPL,0.027222633,0.036071301,-0.0062568188
2024-01-08,AMGN,-0.045141339,0.0028867722,-0.023069859
2024-01-08,CRM,-0.024430394,-0.018966138,-0.0042383671
2024-01-08,CSCO,0.0061513186,0.018225789,-0.0045589209
2024-01-08,IBM,0.0070391893,0.0049369335,-0.017759144
2024-01-08,INTC,-0.020525217,-0.016799569,-0.013197482
2024-01-08,MSFT,0.0062209368,-0.0014219284,-0.016254485
2024-01-08,NKE,-0.019888699,0.010081053,-0.023559034
2024-01-08,VZ,0.0017524958,-0.010932624,-0.0077783465
2024-01-08,WMT,0.0096164942,0.0053015947,-0.017950416
2024-01-09,AAPL,0.0072133541,0.022490859,-0.011247635
2024-01-09,AMGN,-0.0015544891,-0.0067223907,-0.023089647
2024-01-09,CRM,-0.059327066,0.019318104,-0.00077331066
2024-01-09,CSCO,-0.029089034,0.0070767403,-0.0054502487
2024-01-09,IBM,-0.0026029348,0.0035413504,-0.0054345727
2024-01-09,INTC,0.0003041029,0.0081970692,-0.0078770518
2024-01-09,MSFT,-0.01105231,0.0065045357,0.0061610937
2024-01-09,NKE,-0.014584124,0.015357971,-0.0078440309
2024-01-09,VZ,-0.00067079067,-0.0030696392,-0.0161255
2024-01-09,WMT,-0.016915202,0.008343935,-0.011329472
2024-01-10,AAPL,0.04232049,0.024148226,-0.029624104
2024-01-10,AMGN,0.032702923,0.004037261,-0.011289954
2024-01-10,CRM,-0.040429592,0.01487565,-0.018232524
2024-01-10,CSCO,-0.0047716498,0.0020245314,0.012626886
2024-01-10,IBM,0.033519745,0.011965156,-0.015278161
2024-01-10,INTC,0.014076829,0.011849046,0.004093647
2024-01-10,MSFT,0.0081816912,0.02063024,-0.015051186
2024-01-10,NKE,-0.012456179,0.013601661,-0.015433609
2024-01-10,VZ,-0.0089885592,0.00050163269,-0.01484853
2024-01-10,WMT,-0.013300359,0.0044828653,-0.015382648
2024-01-11,AAPL,-0.0067495108,-0.00035196543,-0.01548928
2024-01-11,AMGN,-0.0021157265,0.017479777,-0.0093520284
2024-01-11,CRM,-0.013777733,0.011256814,-0.024223983
2024-01-11,CSCO,0.0094196796,0.011932135,-0.014639676
2024-01-11,IBM,-0.0028292537,0.02218926,-0.0058467388
2024-01-11,INTC,-0.017274916,0.012606382,-0.0094888806
2024-01-11,MSFT,-0.019526482,0.012602448,-0.0074928403
2024-01-11,NKE,0.023376822,0.016947508,-0.005569458
2024-01-11,VZ,-0.010264099,0.010845423,0.0077463388
2024-01-11,WMT,-0.013689935,0.013526797,-0.021401107
2024-01-12,AAPL,0.017627478,0.0062843561,-0.015993595
2024-01-12,AMGN,-0.016801715,0.015750289,0.0033946037
2024-01-12,CRM,-0.04524976,0.0024174452,-0.0077996254
2024-01-12,CSCO,0.00020539761,-0.016478717,-0.006323874
2024-01-12,IBM,-0.0093299747,-0.0013568997,0.0038752556
2024-01-12,INTC,0.010155678,-0.015860975,-0.0074541569
2024-01-12,MSFT,-0.010891914,0.0005954504,-0.014792264
2024-01-12,NKE,-0.01432389,0.001496911,-0.023716509
2024-01-12,VZ,0.0016577244,-0.014615357,-0.0071778893
2024-01-12,WMT,0.0092362165,0.0013467073,-0.0026435852
2024-01-16,AAPL,0.043477654,0.048133254,-0.021163464
2024-01-16,AMGN,-0.028430641,0.0046261549,-0.016192138
2024-01-16,CRM,-0.041706443,0.014858603,-0.023883402
2024-01-16,CSCO,0.010599732,-0.012744009,-0.015501142
2024-01-16,IBM,0.018321991,0.011962295,-0.0070742965
2024-01-16,INTC,-0.010833085,0.018484592,-0.0055368543
2024-01-16,MSFT,0.00089371204,0.019821644,-0.01245445
2024-01-16,NKE,-0.0038201213,0.001732707,-0.0014460087
2024-01-16,VZ,0.014271379,0.010906696,-0.012364089
2024-01-16,WMT,-0.016574502,0.0030950308,-0.0073823929
2024-01-17,AAPL,0.011610866,-0.0096921325,-0.013844311
2024-01-17,AMGN,-0.0063441992,0.015318155,0.012853622
2024-01-17,CRM,0.0087800026,0.020741463,0.027143478
2024-01-17,CSCO,0.016414523,-0.009957552,0.010143995
2024-01-17,IBM,0.014278531,0.027222633,-0.018590152
2024-01-17,INTC,0.014145136,-0.0083719492,-0.0015419722
2024-01-17,MSFT,0.0090093613,0.0091872215,-0.012280524
2024-01-17,NKE,-0.0080391765,0.0071022511,-0.0044407845
2024-01-17,VZ,-0.035336912,0.020866275,-0.01468569
2024-01-17,WMT,0.018896103,0.0015982389,-0.0091673732
2024-01-18,AAPL,-0.019977629,0.0070227385,-0.010148346
2024-01-18,AMGN,-0.0032503009,0.0048812628,-0.008146286
2024-01-18,CRM,0.041591048,0.023560882,0.0077883005
2024-01-18,CSCO,0.0020686388,0.0049535036,0.00071620941
2024-01-18,IBM,-0.044423223,-0.00096613169,0.00085997581
2024-01-18,INTC,0.017436385,0.0083663464,-0.0058917403
2024-01-18,MSFT,-0.0021442175,0.0073912144,-0.028842986
2024-01-18,NKE,0.0061781406,0.015312433,-0.00082695484
2024-01-18,VZ,0.0076758862,0.017284036,-0.01486522
2024-01-18,WMT,0.0096913576,0.01254046,-0.016188741
2024-01-19,AAPL,-0.014168143,0.01435411,-0.028416693
2024-01-19,AMGN,0.016604662,0.0015529394,-0.011503458
2024-01-19,CRM,-0.023355424,0.015853047,-0.021534026
2024-01-19,CSCO,0.028090715,0.0001885891,-0.017447472
2024-01-19,IBM,-0.0249753,0.0070265532,-0.001878798
2024-01-19,INTC,0.017659545,0.0015031099,0.0037511587
2024-01-19,MSFT,0.038265824,0.0048309565,-0.0041586757
2024-01-19,NKE,0.0049824715,-0.0077431202,0.018380761
2024-01-19,VZ,-0.00010871887,0.021977544,0.004267931
2024-01-19,WMT,-0.015866399,0.010128379,-0.0016360283
2024-01-22,AAPL,-0.0068722367,0.028375626,-0.012968779
2024-01-22,AMGN,-0.016207993,0.018287897,-0.015179634
2024-01-22,CRM,-0.021255553,-0.018791378,-0.0054146051
2024-01-22,CSCO,0.024267435,0.0015647411,-0.0069169998
2024-01-22,IBM,-0.0066757202,0.024552584,-0.0073958039
2024-01-22,INTC,0.05429852,0.018484712,0.011828184
2024-01-22,MSFT,0.0061694384,0.00044453144,-0.028264701
2024-01-22,NKE,0.0062918663,0.0065948963,0.012465239
2024-01-22,VZ,0.0012689829,0.0033166409,-0.0090953708
2024-01-22,WMT,-0.027111113,0.00251019,-0.0031684637
2024-01-23,AAPL,0.025617361,0.026641011,-0.01217258
2024-01-23,AMGN,0.019124508,0.0014337301,-0.0047733784
2024-01-23,CRM,-0.0083374381,0.01927793,-0.02275306
2024-01-23,CSCO,-0.0095101595,-0.0085773468,-0.0060548186
2024-01-23,IBM,0.0063843727,0.006759882,-0.010483027
2024-01-23,INTC,0.024764776,0.037252426,-0.016346931
2024-01-23,MSFT,0.0013788939,0.020937681,-0.010118723
2024-01-23,NKE,-0.016094804,0.032115936,-0.013047576
2024-01-23,VZ,-0.0039805174,-0.0020342469,0.016880155
2024-01-23,WMT,-0.017858326,0.013993502,-0.02143544
2024-01-24,AAPL,0.011609912,0.029499888,0.0081292391
2024-01-24,AMGN,-0.01274538,-0.0041267872,-0.0095103979
2024-01-24,CRM,-0.0070722699,0.00046241283,-0.029627562
2024-01-24,CSCO,0.013334155,0.0058413744,-0.012509108
2024-01-24,IBM,-0.010699451,0.007121563,-0.0034224987
2024-01-24,INTC,0.011884451,0.018733144,0.023964763
2024-01-24,MSFT,0.0097219944,0.020566106,-0.027489841
2024-01-24,NKE,-0.0097951889,0.0043741465,-0.016170204
2024-01-24,VZ,-0.0438748,-0.0044118762,0.0014492273
2024-01-24,WMT,-0.0092294812,0.0084376335,-0.019088209
2024-01-25,AAPL,0.013186097,-0.015385926,-0.019627154
2024-01-25,AMGN,0.0028494596,0.016546607,-0.010112882
2024-01-25,CRM,-0.029868007,0.00248456,-0.022528291
2024-01-25,CSCO,-0.0015028119,-0.0045233369,-0.0044391155
2024-01-25,IBM,-0.01207459,0.022107244,0.0068398714
2024-01-25,INTC,-0.0069839358,0.0072984695,-0.01453203
2024-01-25,MSFT,0.034983397,-0.0022432804,0.011165977
2024-01-25,NKE,0.025922656,-0.0014836788,0.0079796314
2024-01-25,VZ,-0.010837317,0.0073623657,0.0051054955
2024-01-25,WMT,-0.0034784079,0.020523071,-0.012978196
2024-01-26,AAPL,0.035170913,0.026394248,-0.018515348
2024-01-26,AMGN,0.002556324,-0.00026333332,-0.01359123
2024-01-26,CRM,-0.019637704,0.0062445402,-0.017602324
2024-01-26,CSCO,0.032378793,0.014674306,0.0066423416
2024-01-26,IBM,-0.024695396,-0.0051462054,-0.00080502033
2024-01-26,INTC,-0.0028013587,0.021827936,-0.0036194921
2024-01-26,MSFT,-0.021563888,0.0014843941,-0.011259913
2024-01-26,NKE,-0.003811717,0.024301648,-0.010400534
2024-01-26,VZ,0.010166049,0.016931891,-0.0086711049
2024-01-26,WMT,-0.0076037049,0.0067591667,-0.023102403
2024-01-29,AAPL,0.031875849,0.0079145432,-0.0081954598
2024-01-29,AMGN,-0.042411268,0.019133925,-0.0063385367
2024-01-29,CRM,-0.0065577626,0.0023345947,-0.016051531
2024-01-29,CSCO,0.018525004,-0.0043896437,-0.029558659
2024-01-29,IBM,0.011096358,0.014895082,-0.0018054843
2024-01-29,INTC,-0.022257745,-0.0081197023,-0.017866433
2024-01-29,MSFT,-0.0062071681,-0.0014545321,-0.0047636032
2024-01-29,NKE,-0.0086619854,-0.00065624714,-0.011511266
2024-01-29,VZ,-0.0046893954,0.011556387,0.00028884411
2024-01-29,WMT,-0.012635112,0.0099935532,0.0077098608
2024-01-30,AAPL,-0.033527732,0.017439008,-0.01236099
2024-01-30,AMGN,-0.0010352731,0.0031110048,-0.016869247
2024-01-30,CRM,-0.0089330077,0.00770998,-0.002712667
2024-01-30,CSCO,-0.0051794648,0.011603475,-0.0049499273
2024-01-30,IBM,0.0075939894,-0.0052625537,-0.0092049837
2024-01-30,INTC,-0.017930269,0.017381191,0.0014227629
2024-01-30,MSFT,0.027825117,0.019762516,-0.0030450225
2024-01-30,NKE,0.014932513,-0.0084391236,-0.0099388957
2024-01-30,VZ,0.0097379684,0.020350218,-0.010025442
2024-01-30,WMT,-0.0071062446,0.006727457,-0.0091388822
2024-01-31,AAPL,0.026185155,0.015613914,-0.018084764
2024-01-31,AMGN,0.0031795502,0.011927843,-0.0048429966
2024-01-31,CRM,0.015953898,-0.014679074,-0.015175402
2024-01-31,CSCO,0.004447937,0.009568572,-0.021320999
2024-01-31,IBM,-0.022993147,0.0086102486,0.0033780336
2024-01-31,INTC,-0.026386797,0.0050318241,-0.015493631
2024-01-31,MSFT,0.00013947487,0.022393346,-0.011246622
2024-01-31,NKE,0.03881216,0.01689744,-0.0097591877
2024-01-31,VZ,-0.0084310174,0.0066483021,0.0052192211
2024-01-31,WMT,0.0072585344,0.0061190128,-0.013568997
2024-02-01,AAPL,0.010029793,-0.0050400496,-0.0047054887
2024-02-01,AMGN,0.0054590702,0.018697381,-0.0025482774
2024-02-01,CRM,0.025008678,0.010626674,-0.040028453
2024-02-01,CSCO,0.0064072609,-0.00034338236,0.0078107119
2024-02-01,IBM,-0.0033522844,0.0021082163,-0.0029163957
2024-02-01,INTC,-0.02631861,0.0045609474,-0.01706785
2024-02-01,MSFT,-0.02841258,0.029454112,-0.0058239698
2024-02-01,NKE,0.0029076338,0.0092713833,-0.017843068
2024-02-01,VZ,0.015192747,0.0059775114,-0.023777664
2024-02-01,WMT,0.0070971251,-0.0082229972,-0.013896644
2024-02-02,AAPL,-0.020513356,-0.0031645298,-0.0099500418
2024-02-02,AMGN,-0.02705425,0.018380046,-0.0055242181
2024-02-02,CRM,-0.0096870065,0.018922925,-0.026940525
2024-02-02,CSCO,0.011700869,0.0042188168,0.0035842657
2024-02-02,IBM,0.009526968,0.0050795078,-0.016292274
2024-02-02,INTC,-0.024864733,-0.00095796585,-0.014056981
2024-02-02,MSFT,-0.0046268106,0.01372993,-0.014828205
2024-02-02,NKE,-0.002879858,-0.001490891,-0.015585124
2024-02-02,VZ,0.0015665293,0.0062587261,-0.0050513148
2024-02-02,WMT,-0.015886545,-0.0028294921,-0.0054621696
2024-02-05,AAPL,-0.014152288,0.0079085827,-0.0064697266
2024-02-05,AMGN,-0.0028338432,0.0095666647,0.0026192665
2024-02-05,CRM,0.0047918558,0.025823832,0.0054457188
2024-02-05,CSCO,0.0019446611,0.004288435,0.0063565969
2024-02-05,IBM,-0.012909353,0.011965871,-0.014539361
2024-02-05,INTC,0.0018457174,0.013376832,-0.024033427
2024-02-05,MSFT,0.0014811754,0.021030188,-0.013793886
2024-02-05,NKE,0.012349725,0.034211874,0.018416762
2024-02-05,VZ,0.0068035126,0.0095627308,-0.015250981
2024-02-05,WMT,0.014760852,0.0033028126,-0.011296332
2024-02-06,AAPL,0.046079397,0.011068225,-0.015810072
2024-02-06,AMGN,0.02045393,0.011700273,2.9802322e-05
2024-02-06,CRM,0.029934764,-0.0036228299,-0.027507186
2024-02-06,CSCO,-0.025144219,0.005572319,0.0029700994
2024-02-06,IBM,0.023026228,0.020274878,-0.0011456013
2024-02-06,INTC,0.016214132,0.016053796,0.0067952871
2024-02-06,MSFT,-0.0069557428,0.0084601641,-0.0089365244
2024-02-06,NKE,-0.020730913,0.0063285828,0.0128721
2024-02-06,VZ,-0.023772955,-0.007119298,-0.018841207
2024-02-06,WMT,-0.0023030639,0.011429429,-0.014155805
2024-02-07,AAPL,0.015310526,-0.0059497356,-0.020437717
2024-02-07,AMGN,0.020100713,0.0038841963,-0.011115253
2024-02-07,CRM,0.035175681,-0.0067712665,0.010687709
2024-02-07,CSCO,0.0049965382,0.018749237,-0.014751077
2024-02-07,IBM,-0.013795197,0.012535691,-0.0055661201
2024-02-07,INTC,0.0031280518,0.014440894,-0.0052365661
2024-02-07,MSFT,-0.0069591999,0.0027220249,0.0073009729
2024-02-07,NKE,0.0075008869,0.016604066,-0.0081287622
2024-02-07,VZ,-0.011331499,-0.0058184266,-0.032405853
2024-02-07,WMT,-0.015843034,0.00595963,0.0015529394
2024-02-08,AAPL,0.0011826754,0.011906147,0.0048435926
2024-02-08,AMGN,-0.0054073334,0.0026963949,-0.024779201
2024-02-08,CRM,0.043757677,0.010450482,0.0013172626
2024-02-08,CSCO,-0.003005445,0.0013190508,-0.0031608939
2024-02-08,IBM,-0.021458685,0.0090073347,0.0027530193
2024-02-08,INTC,-0.0046550632,0.019356728,-0.013302267
2024-02-08,MSFT,-0.0058082938,0.012340903,-0.014118671
2024-02-08,NKE,-0.026529193,0.0058401823,0.0083669424
2024-02-08,VZ,-0.017405987,0.0092592239,-0.033426404
2024-02-08,WMT,-0.0070812106,0.0039128065,-0.0013370514
2024-02-09,AAPL,-0.0047399998,0.004273653,-0.03103894
2024-02-09,AMGN,-0.021722376,0.013496757,-0.011129797
2024-02-09,CRM,-0.015745282,0.006054759,-0.03891021
2024-02-09,CSCO,0.000680089,0.028384328,-0.015090942
2024-02-09,IBM,0.0096745491,0.011213899,-0.0078040361
2024-02-09,INTC,-0.01071614,0.0029523373,-0.032179594
2024-02-09,MSFT,-0.0072203875,0.014874935,0.00069975853
2024-02-09,NKE,0.013376951,-0.00018525124,0.0027438402
2024-02-09,VZ,-0.0092944503,-0.00064355135,0.0056256056
2024-02-09,WMT,-0.010773301,0.010713458,-0.0060601234
2024-02-12,AAPL,0.0045478344,-0.0098994374,-0.012218237
2024-02-12,AMGN,0.0049407482,0.0026481152,-0.011640728
2024-02-12,CRM,-0.021018207,0.015114665,-0.013088882
2024-02-12,CSCO,0.0013853312,-0.0020611286,-0.019623637
2024-02-12,IBM,0.0074228048,0.0034612417,-0.007484138
2024-02-12,INTC,-0.031968117,0.008237958,-0.01164782
2024-02-12,MSFT,0.010359883,-0.0045705438,-0.022796929
2024-02-12,NKE,-0.021951258,0.0044944286,-0.0066581964
2024-02-12,VZ,0.012627602,0.0076899529,-0.0086426139
2024-02-12,WMT,-0.0059536099,0.0014683008,0.0070239305
2024-02-13,AAPL,-0.0038688183,-0.00057578087,-0.0026862621
2024-02-13,AMGN,-0.0070718527,0.013038397,-0.034701288
2024-02-13,CRM,0.004530549,0.029005766,-0.008803606
2024-02-13,CSCO,0.0027419329,0.019065619,-0.0027887821
2024-02-13,IBM,0.024351239,0.02010715,-0.00082540512
2024-02-13,INTC,0.011609912,-0.012951255,-0.0050048828
2024-02-13,MSFT,0.0015736818,0.020164371,-0.0067695975
2024-02-13,NKE,-0.029253662,-0.0022839904,-0.01454711
2024-02-13,VZ,0.0097612143,0.0074691772,-0.020113289
2024-02-13,WMT,0.0062971115,0.0078831911,-0.0091112256
2024-02-14,AAPL,-0.02198261,0.019605517,0.00080490112
2024-02-14,AMGN,0.035276532,0.0029916763,-0.0013617873
2024-02-14,CRM,0.0028256178,-0.018834054,-0.0024285913
2024-02-14,CSCO,-0.026585639,-0.0087350607,-0.0073031187
2024-02-14,IBM,0.012898088,0.0017778873,-0.014959216
2024-02-14,INTC,-0.015507579,0.0018082857,-0.005038321
2024-02-14,MSFT,-0.0094943047,0.0045808554,-0.013528824
2024-02-14,NKE,0.046489239,0.026857615,0.0044177771
2024-02-14,VZ,-0.0028876662,0.0049306154,-0.022372782
2024-02-14,WMT,-0.00032556057,0.00047755241,0.010182261
2024-02-15,AAPL,-0.001095295,-0.0044903159,-0.0032138228
2024-02-15,AMGN,0.006341815,4.4703484e-05,-0.012295365
2024-02-15,CRM,-0.020197093,-0.00036287308,-0.012286186
2024-02-15,CSCO,0.0058913231,0.0032501221,-0.012808681
2024-02-15,IBM,0.018806696,-0.0033740997,-0.024268091
2024-02-15,INTC,0.002768755,0.0067170858,0.0015021563
2024-02-15,MSFT,-0.0069377422,0.0018773079,-0.00021791458
2024-02-15,NKE,-0.018499672,0.015672803,0.013459682
2024-02-15,VZ,0.012254715,0.016054273,-0.012919962
2024-02-15,WMT,0.0066320896,0.0070141554,-0.016485155
2024-02-16,AAPL,-0.011429727,-0.0047082901,-0.0043618679
2024-02-16,AMGN,0.00035262108,0.015852571,-0.027400792
2024-02-16,CRM,0.0050854683,0.0023897886,0.0089546442
2024-02-16,CSCO,0.010316968,0.0074982643,-0.016840458
2024-02-16,IBM,-0.016124249,0.015248775,-9.5069408e-05
2024-02-16,INTC,-0.012217104,0.001155138,-0.014712512
2024-02-16,MSFT,0.011372328,-0.0066686273,-0.010068476
2024-02-16,NKE,-0.031867981,0.015679479,-0.016296268
2024-02-16,VZ,-0.019725084,0.026855946,-0.014547706
2024-02-16,WMT,-0.018434942,0.0087246895,-0.004028976
2024-02-20,AAPL,0.027122378,0.037923574,-0.0031912327
2024-02-20,AMGN,-0.00020182133,-0.006243825,0.0032608509
2024-02-20,CRM,0.0056055784,0.025319815,-0.015057921
2024-02-20,CSCO,-0.0034947991,-0.0050495267,-0.0065353513
2024-02-20,IBM,-0.023951471,0.024062514,-0.013209105
2024-02-20,INTC,-0.029374778,0.00024247169,-0.016636491
2024-02-20,MSFT,0.035172701,0.0010572672,-0.0020375848
2024-02-20,NKE,-0.017496228,0.01231277,-0.0085914135
2024-02-20,VZ,0.0094561577,-0.0022391081,-0.0029691458
2024-02-20,WMT,0.0099647045,0.0015909672,-0.010379016
2024-02-21,AAPL,0.017440319,-0.0049802065,-0.0036053061
2024-02-21,AMGN,-0.013499737,-0.01233089,-0.00200212
2024-02-21,CRM,-0.013998806,0.024325848,-0.023821771
2024-02-21,CSCO,-0.0079702735,-0.0072209835,-0.0017517209
2024-02-21,IBM,-0.0068036914,0.016460419,-0.023658216
2024-02-21,INTC,-0.0069829226,0.0063496828,-0.029802918
2024-02-21,MSFT,0.020625949,0.013997912,-0.0048202872
2024-02-21,NKE,0.014643908,0.0088825226,-0.014766932
2024-02-21,VZ,-0.0070683956,0.014289141,-0.0092278123
2024-02-21,WMT,-0.0018154979,0.013950944,0.0048598051
2024-02-22,AAPL,0.020844221,0.0087929964,-0.011865079
2024-02-22,AMGN,-0.0064947605,0.020079851,-0.027871192
2024-02-22,CRM,0.010678887,0.003234148,-0.0049349666
2024-02-22,CSCO,-0.0042448044,-0.0028888583,0.0015951395
2024-02-22,IBM,0.0097671747,0.0063197613,0.00077188015
2024-02-22,INTC,0.018496275,0.036544561,-0.0079753399
2024-02-22,MSFT,-0.01523,0.029908419,0.0027760267
2024-02-22,NKE,0.0071638823,-0.0029405951,-0.035111904
2024-02-22,VZ,0.0003811121,-0.0097734332,-0.016274452
2024-02-22,WMT,-0.00044804811,0.014002442,-0.0097411275
2024-02-23,AAPL,-0.015752316,0.0037263632,0.00015187263
2024-02-23,AMGN,-0.021911681,0.012892723,-0.015661299
2024-02-23,CRM,0.0078313351,0.005523324,-0.037156045
2024-02-23,CSCO,-0.011575639,-0.0031868815,-0.009555459
2024-02-23,IBM,-0.0036156178,0.0023645163,0.0073850155
2024-02-23,INTC,0.015015841,-0.015290558,-0.01890099
2024-02-23,MSFT,-0.0078970194,0.018098593,-0.0082347393
2024-02-23,NKE,0.010191679,0.0024023056,0.0048869848
2024-02-23,VZ,-0.0018290281,0.018851995,-0.011006713
2024-02-23,WMT,0.0099742413,0.0045759678,-0.0062984824
2024-02-26,AAPL,-0.018278301,0.011207581,-0.013307571
2024-02-26,AMGN,0.0029244423,0.0033643246,-0.0056276321
2024-02-26,CRM,0.020266652,-0.014223218,-0.045255423
2024-02-26,CSCO,-0.010651886,-0.00078684092,-0.022178292
2024-02-26,IBM,0.015012503,0.024488211,-0.0097717643
2024-02-26,INTC,-0.018477142,0.0010019541,-0.007332921
2024-02-26,MSFT,0.0088808537,0.022473812,0.00061357021
2024-02-26,NKE,0.013121367,0.017797232,-0.0055330396
2024-02-26,VZ,0.029891014,0.0040041208,-0.012613833
2024-02-26,WMT,-0.016156673,0.00098645687,-0.0040594935
2024-02-27,AAPL,-0.030412912,0.013463497,0.0038568974
2024-02-27,AMGN,0.0010432005,0.015921593,-0.021487236
2024-02-27,CRM,0.013535738,0.026141644,0.015108943
2024-02-27,CSCO,0.044344783,0.023597121,0.0058956146
2024-02-27,IBM,-0.020675898,0.018178225,-0.0048000813
2024-02-27,INTC,-0.028340876,0.014913678,-0.010877907
2024-02-27,MSFT,0.024079919,-0.01812011,-0.01801616
2024-02-27,NKE,-0.022325516,0.011922598,-0.017497361
2024-02-27,VZ,-0.009321928,0.00086307526,-0.0079631805
2024-02-27,WMT,0.0095278025,0.010896444,-0.0029981136
2024-02-28,AAPL,0.019741058,-0.0047102571,-0.015710831
2024-02-28,AMGN,0.01552093,0.0090904236,-0.020174861
2024-02-28,CRM,0.03231883,-0.0037720203,-0.026262164
2024-02-28,CSCO,0.010910273,-0.0013336539,-0.0005453229
2024-02-28,IBM,-0.022610843,0.01913619,-0.016382277
2024-02-28,INTC,0.015804768,0.0065079927,0.012096047
2024-02-28,MSFT,-0.024318993,0.0072571039,-0.0036398768
2024-02-28,NKE,-0.0069364309,-0.0035787821,-0.0044674873
2024-02-28,VZ,-0.038258731,0.0084614754,-0.010074556
2024-02-28,WMT,-0.0035904646,0.0071413517,-0.0056951642
2024-02-29,AAPL,0.0076836348,0.014360785,0.0078293085
2024-02-29,AMGN,0.017054558,0.01482296,-0.017907977
2024-02-29,CRM,0.017213941,-0.012084246,-0.024709821
2024-02-29,CSCO,-0.0078473091,0.017222404,-0.021568477
2024-02-29,IBM,-0.0024349093,0.0068082809,-0.0086142421
2024-02-29,INTC,-0.016856909,0.0086899996,-0.015021503
2024-02-29,MSFT,0.018982887,0.015033126,-0.0064800382
2024-02-29,NKE,0.026450634,-3.9637089e-05,-0.010509253
2024-02-29,VZ,-0.027520537,0.015488029,-0.0052297115
2024-02-29,WMT,0.0089410543,0.011564851,-0.0064848065
2024-03-01,AAPL,0.013385773,0.021149397,-0.017172992
2024-03-01,AMGN,-0.022911191,-0.0077755451,-0.021404564
2024-03-01,CRM,-0.024869144,0.020290494,-0.02764684
2024-03-01,CSCO,0.0079401731,0.011099219,-0.011049628
2024-03-01,IBM,-0.0032635331,0.01155448,-0.012817323
2024-03-01,INTC,0.02586627,0.010940433,-0.0050585866
2024-03-01,MSFT,0.019026637,0.013691068,-3.2305717e-05
2024-03-01,NKE,0.0058422089,0.0062756538,0.00024902821
2024-03-01,VZ,0.018090606,0.0019165277,-0.010684729
2024-03-01,WMT,-0.0022664666,0.015720367,-0.0015851259
2024-03-04,AAPL,-0.020717323,-0.015326023,-0.01510489
2024-03-04,AMGN,0.0038689375,0.024071336,-0.012197912
2024-03-04,CRM,0.045325041,0.0033372641,-0.029162645
2024-03-04,CSCO,-0.0043719411,0.01937139,-0.0087116361
2024-03-04,IBM,0.0043865442,0.016059756,-0.01095742
2024-03-04,INTC,-0.0062611103,-0.0032790899,-0.0033059716
2024-03-04,MSFT,0.022794485,0.0025640726,-0.0040726662
2024-03-04,NKE,0.0043706894,3.5524368e-05,-0.0196895
2024-03-04,VZ,0.014280081,0.0019322634,-0.015227079
2024-03-04,WMT,-0.02137053,0.016911268,-0.0033577681
2024-03-05,AAPL,0.0090732574,0.026258349,-0.012909591
2024-03-05,AMGN,0.028562069,0.024324059,-0.0056526661
2024-03-05,CRM,0.0027887821,-0.0010206103,-0.0064453483
2024-03-05,CSCO,0.0083011389,-0.0060304403,-0.0085915327
2024-03-05,IBM,-0.011647284,0.0070971251,-0.0031881332
2024-03-05,INTC,0.019238949,0.0080584288,-0.0095807314
2024-03-05,MSFT,0.0001386404,0.019140363,-0.010724783
2024-03-05,NKE,-0.018737018,-0.007124722,-0.0051860809
2024-03-05,VZ,-0.0085839629,-0.011717081,-0.010882854
2024-03-05,WMT,0.0246135,-0.0012524128,0.019133687
2024-03-06,AAPL,-0.0059872866,0.011660218,-0.019160092
2024-03-06,AMGN,-0.020213246,0.0041234493,0.0079090595
2024-03-06,CRM,0.0067300797,0.016971469,-0.020150781
2024-03-06,CSCO,0.031115651,-0.0033510923,-0.0183447
2024-03-06,IBM,0.0029354095,0.0084842443,0.0030248165
2024-03-06,INTC,-0.0082750916,0.006582737,-0.0097742081
2024-03-06,MSFT,0.034642339,0.016799808,0.00090551376
2024-03-06,NKE,0.0079411268,0.0043432713,-0.024428844
2024-03-06,VZ,-0.0045005083,-0.00087714195,-0.0030710101
2024-03-06,WMT,-0.010017455,0.0090982914,-0.0051649809
2024-03-07,AAPL,0.0031241179,0.013869762,-0.017282546
2024-03-07,AMGN,-0.001627326,0.021306634,-0.019791603
2024-03-07,CRM,-0.010036886,-0.0024786592,-0.014816403
2024-03-07,CSCO,-0.0066266656,-0.0037078857,-0.016251385
2024-03-07,IBM,-0.0050996542,0.015213251,-0.00026464462
2024-03-07,INTC,-0.0087824464,0.006172061,-0.0011543036
2024-03-07,MSFT,-0.028574169,0.00086915493,-0.029554486
2024-03-07,NKE,0.010593057,0.025386453,-0.016925335
2024-03-07,VZ,0.019055963,-0.015728176,-0.0090363622
2024-03-07,WMT,-0.012752116,0.0028430223,-0.00073987246
2024-03-08,AAPL,0.0016756058,0.019193172,-0.0026572943
2024-03-08,AMGN,-0.011941731,0.014578223,-0.018429041
2024-03-08,CRM,-0.016386032,0.028784752,-0.0014237761
2024-03-08,CSCO,-0.018517971,0.017169118,-0.0057241321
2024-03-08,IBM,0.0097174644,-0.0051111579,-0.0070243478
2024-03-08,INTC,0.027789712,0.005662322,-0.0068354607
2024-03-08,MSFT,0.014003158,0.032723427,-0.010048807
2024-03-08,NKE,-0.019909859,0.0025780201,-0.0086105466
2024-03-08,VZ,-0.010184586,-0.013330162,-0.0046833158
2024-03-08,WMT,0.0036033392,-0.0008867383,-0.012022555
2024-03-11,AAPL,0.0057300329,-0.0098510981,0.0027149916
2024-03-11,AMGN,-0.0011493564,0.013757229,-0.0038743615
2024-03-11,CRM,-0.01045984,0.0033739805,0.027451396
2024-03-11,CSCO,0.021838307,-0.00072449446,-0.0068099499
2024-03-11,IBM,0.027698994,0.0050859451,0.0013203621
2024-03-11,INTC,0.0026304722,0.0054153204,-0.0045433044
2024-03-11,MSFT,0.0040062666,-0.0032778978,-0.0034947991
2024-03-11,NKE,-0.031303167,0.015987515,-0.0096544027
2024-03-11,VZ,-0.0067910552,0.0010514259,-0.026717067
2024-03-11,WMT,-0.016029596,0.019215941,-0.00066399574
2024-03-12,AAPL,-0.012150705,-0.002220273,-0.021278143
2024-03-12,AMGN,0.0070334673,0.012265086,-0.0085363984
2024-03-12,CRM,-0.024600863,0.040748835,-0.0036339164
2024-03-12,CSCO,0.046297431,-0.0064450502,0.0058050156
2024-03-12,IBM,-0.01036489,0.003709197,0.0074231625
2024-03-12,INTC,0.0056555271,0.011583924,0.0065715313
2024-03-12,MSFT,0.011755943,-0.0031412244,-0.0044519901
2024-03-12,NKE,-0.0056435466,0.013302803,-0.0048778057
2024-03-12,VZ,0.0032455921,0.020142078,0.011432171
2024-03-12,WMT,0.0033172369,0.0067157745,-0.0015639663
2024-03-13,AAPL,0.045019388,-0.002776742,-0.022995234
2024-03-13,AMGN,0.011373401,0.006377697,-0.010604918
2024-03-13,CRM,0.013236284,0.022155762,-0.0082392097
2024-03-13,CSCO,0.0025150776,0.0065478086,0.0036606789
2024-03-13,IBM,0.014863729,0.012273908,-0.0062552691
2024-03-13,INTC,0.0020188093,0.0062494278,-0.011048555
2024-03-13,MSFT,-0.0094173551,0.005726099,-0.017342687
2024-03-13,NKE,0.0044595003,0.017612457,-0.042065501
2024-03-13,VZ,0.0031422377,0.0094045401,-0.0051773787
2024-03-13,WMT,-0.022132874,0.038203359,-0.0037575364
2024-03-14,AAPL,0.041234612,-0.0056251884,-0.011392951
2024-03-14,AMGN,0.0063489676,0.030029893,-0.014782131
2024-03-14,CRM,-0.054753184,0.043065906,-0.017905533
2024-03-14,CSCO,0.013950229,-0.0046141744,-0.0049314499
2024-03-14,IBM,0.01323998,0.0028129816,-0.019745588
2024-03-14,INTC,0.0052044392,-0.017439604,-0.0111444
2024-03-14,MSFT,0.016718984,0.0032445192,-0.0035076737
2024-03-14,NKE,0.011806607,-0.0045785904,0.002487421
2024-03-14,VZ,0.026675463,0.011960268,-0.0023982525
2024-03-14,WMT,-0.00033539534,0.027509689,-0.0032908916
2024-03-15,AAPL,-0.0048496127,0.010112166,-0.014909208
2024-03-15,AMGN,-0.0010127425,0.02024281,-0.021369994
2024-03-15,CRM,-0.028991044,-0.0012695789,0.010758281
2024-03-15,CSCO,-0.017011166,-0.0015769601,-0.0130288
2024-03-15,IBM,0.022051692,-0.0035558343,0.0011680126
2024-03-15,INTC,-0.0066580772,0.010540485,-0.0043061376
2024-03-15,MSFT,-0.008498013,0.012116671,-0.010100663
2024-03-15,NKE,0.0029819012,-0.0024268627,-0.0039279461
2024-03-15,VZ,0.0060669184,0.006931901,0.0042252541
2024-03-15,WMT,-0.006647408,0.013062835,-0.0062620044
2024-03-18,AAPL,-0.01411128,0.026178718,-0.014178813
2024-03-18,AMGN,0.0067329407,0.0039824247,-0.0087366104
2024-03-18,CRM,-0.047304988,0.025019646,-0.019387066
2024-03-18,CSCO,0.0083624125,0.0048538446,-0.0060280561
2024-03-18,IBM,-0.013448834,0.0066252947,-0.0036674142
2024-03-18,INTC,-0.040974259,-0.00024724007,-0.0041245818
2024-03-18,MSFT,-0.0080862045,0.010810614,0.0017371178
2024-03-18,NKE,-0.021203578,0.0084303617,-0.025240839
2024-03-18,VZ,-0.0085043907,-0.0055559874,0.00017547607
2024-03-18,WMT,0.01891923,0.0045047998,-0.010587931
2024-03-19,AAPL,-0.0025630593,0.0085688829,-0.01767081
2024-03-19,AMGN,-0.01745373,0.016801596,-0.0090122819
2024-03-19,CRM,0.00060486794,0.0054923296,-0.0016878843
2024-03-19,CSCO,0.0040128231,0.019327044,-0.018097222
2024-03-19,IBM,0.0073456764,0.0041224957,-0.011231542
2024-03-19,INTC,0.0047812462,-0.0015053153,0.0045126677
2024-03-19,MSFT,-0.034121871,0.025337338,-0.009663403
2024-03-19,NKE,0.016654968,0.0140903,-0.014624298
2024-03-19,VZ,-0.0091167688,7.3432922e-05,0.0044944286
2024-03-19,WMT,0.0097358227,0.0088756084,-0.01690191
2024-03-20,AAPL,-0.017705619,0.015996814,-0.019751549
2024-03-20,AMGN,0.0035470724,0.020594478,0.0055992603
2024-03-20,CRM,0.027472734,0.0094521046,-0.028479576
2024-03-20,CSCO,0.0052239895,0.018200636,-0.0042998195
2024-03-20,IBM,0.03280735,0.010438323,-0.012336314
2024-03-20,INTC,-0.016037941,0.0048276186,-0.031630754
2024-03-20,MSFT,0.0041148663,-0.00065392256,-0.0085513592
2024-03-20,NKE,-0.0091674924,0.0083163977,-0.0097231865
2024-03-20,VZ,-0.037304044,0.011717677,-0.015598476
2024-03-20,WMT,-0.018149495,0.0046335459,0.00048720837
2024-03-21,AAPL,-0.00047677755,-0.0026647449,0.00063443184
2024-03-21,AMGN,-0.013975203,-0.0007917881,-0.020063221
2024-03-21,CRM,0.0054572821,0.00077521801,-0.021104276
2024-03-21,CSCO,-0.0093536973,0.013625741,-0.0079942942
2024-03-21,IBM,-0.022386491,0.033223987,0.00079035759
2024-03-21,INTC,-0.010978639,0.00076973438,-0.013900399
2024-03-21,MSFT,-0.020022094,0.0040333271,-1.8417835e-05
2024-03-21,NKE,0.019566298,0.0059319735,-0.011357963
2024-03-21,VZ,-0.0096213222,0.013405681,-0.010729015
2024-03-21,WMT,-0.021919072,0.0058082342,-0.0013023019
2024-03-22,AAPL,-0.025623798,0.011989713,-0.0053976178
2024-03-22,AMGN,0.035553336,0.0089451075,-0.014892936
2024-03-22,CRM,-0.035043657,-0.00043880939,-0.00074523687
2024-03-22,CSCO,-0.0059893727,-0.0094514489,-0.023690283
2024-03-22,IBM,-0.036498725,0.015198588,-0.0040570498
2024-03-22,INTC,0.021003366,0.020987153,-0.0062336326
2024-03-22,MSFT,-0.011009395,0.009766221,-0.010920465
2024-03-22,NKE,-0.01219362,0.015333652,-0.0064486861
2024-03-22,VZ,-0.0081070662,0.012593627,-0.0078909397
2024-03-22,WMT,0.0026344061,-0.0094206929,-0.0044676065
2024-03-25,AAPL,-0.024027228,-2.7537346e-05,-0.0063219666
2024-03-25,AMGN,-0.037066817,0.0044988394,-0.0030671358
2024-03-25,CRM,-0.019092023,-0.00081330538,-0.015200436
2024-03-25,CSCO,-0.0023281574,0.012545705,0.0012485981
2024-03-25,IBM,0.0090367794,0.010283828,-0.01191175
2024-03-25,INTC,0.0097346306,0.012374163,-0.0044060946
2024-03-25,MSFT,0.015061617,0.0027740002,-0.0074356198
2024-03-25,NKE,0.015402913,0.023868084,-0.0036765933
2024-03-25,VZ,0.012059331,0.010133266,0.0061006546
2024-03-25,WMT,-0.033630729,0.01015389,0.001541853
2024-03-26,AAPL,0.017924309,-0.0086926222,0.0090478659
2024-03-26,AMGN,-0.0095297694,0.0034303665,-0.022291362
2024-03-26,CRM,-0.0028529167,0.0048019886,-0.0080194473
2024-03-26,CSCO,-0.00031304359,0.008582592,-0.0047088861
2024-03-26,IBM,-0.013935447,-0.0011780858,-0.011236787
2024-03-26,INTC,0.057439208,0.0085043907,-0.00069779158
2024-03-26,MSFT,0.0079391003,0.0066709518,0.0083405972
2024-03-26,NKE,-0.0051873326,0.012505531,-0.01110214
2024-03-26,VZ,-0.00041013956,0.0073049068,-0.013333201
2024-03-26,WMT,-0.027154684,0.020088315,-0.0019217134
2024-03-27,AAPL,0.00046765804,0.0023993254,-0.012949049
2024-03-27,AMGN,-0.017192543,0.015622735,-0.00031125546
2024-03-27,CRM,0.012250066,0.0061793327,0.015599966
2024-03-27,CSCO,-0.027680397,-0.00034207106,-0.020995498
2024-03-27,IBM,0.025474787,0.0084804296,-0.0068539381
2024-03-27,INTC,0.0066142082,0.021105528,-0.017963946
2024-03-27,MSFT,-0.011711061,0.011163473,-0.0068545341
2024-03-27,NKE,-0.011433601,0.026451349,-0.014927268
2024-03-27,VZ,-0.0012515783,0.00023269653,-0.017934561
2024-03-27,WMT,-0.025830686,0.0075051785,-0.00010728836
2024-03-28,AAPL,0.013322115,0.0096582174,-0.0086552501
2024-03-28,AMGN,-0.0062893629,0.0045611858,-0.0073475242
2024-03-28,CRM,0.050117493,0.015123606,-0.03780067
2024-03-28,CSCO,0.012563229,0.0095472336,-0.016478181
2024-03-28,IBM,-0.025876403,-0.0060239434,-0.021758854
2024-03-28,INTC,-0.011867821,0.0061744452,0.003726244
2024-03-28,MSFT,-0.022284031,0.0041823387,-0.017851114
2024-03-28,NKE,-0.0019137263,0.0061209202,-0.02154696
2024-03-28,VZ,0.0099551678,-0.0016605854,-0.0026128292
2024-03-28,WMT,-0.017064035,0.01109457,-0.00067305565
2024-04-01,AAPL,0.0026904345,0.0072016716,-0.038062632
2024-04-01,AMGN,-0.036120176,0.02132833,0.0032606125
2024-04-01,CRM,-0.0015812516,-0.0048965812,-0.018355131
2024-04-01,CSCO,-0.0023017526,-0.0040266514,-0.011222959
2024-04-01,IBM,-0.0052059889,0.002312541,-0.0050455928
2024-04-01,INTC,-0.0083050728,-0.0047240257,0.00083076954
2024-04-01,MSFT,-0.0086349845,0.015502691,-0.02875489
2024-04-01,NKE,-0.029702604,0.020504951,0.0012042522
2024-04-01,VZ,-0.014792919,0.013320446,-0.013464034
2024-04-01,WMT,-0.0056049824,0.019619346,-0.0075597763
2024-04-02,AAPL,0.024255514,0.00010764599,-0.022218049
2024-04-02,AMGN,-0.018296599,-0.0001128912,-0.0037791133
2024-04-02,CRM,-0.00012683868,-0.0025626421,0.0099673271
2024-04-02,CSCO,0.025692701,-0.00046360493,-0.019451201
2024-04-02,IBM,-0.014462292,0.013109088,-0.00046533346
2024-04-02,INTC,-0.023278832,0.0038707256,-0.0056718588
2024-04-02,MSFT,-0.051265061,0.0006005764,0.0029162169
2024-04-02,NKE,-0.019325435,0.033930182,-0.0023415089
2024-04-02,VZ,0.013640165,0.0073319674,0.0001360178
2024-04-02,WMT,0.0028561354,-0.0020342469,-0.019061387
2024-04-03,AAPL,0.022999763,0.032913208,-0.019233704
2024-04-03,AMGN,-0.020555556,0.023643613,0.0084695816
2024-04-03,CRM,-0.004293859,0.041541457,-0.0019171834
2024-04-03,CSCO,0.0066576004,-0.0067017674,-0.013616741
2024-04-03,IBM,0.013442159,-0.00034475327,0.0082770586
2024-04-03,INTC,-0.01318413,0.0029379129,-0.0023111701
2024-04-03,MSFT,-0.0092299581,-0.0037208796,-0.023158967
2024-04-03,NKE,-0.0072949529,0.0025168657,0.00050508976
2024-04-03,VZ,-0.0057803392,0.013819218,-0.028179586
2024-04-03,WMT,0.015228629,0.0085600615,-0.0090723038
2024-04-04,AAPL,0.024050236,0.010813713,-0.015897989
2024-04-04,AMGN,0.01538229,0.0099130869,0.010220408
2024-04-04,CRM,-0.0033922195,0.014449,-0.023291588
2024-04-04,CSCO,-0.017980039,0.0055510998,-0.025983393
2024-04-04,IBM,-0.0066108108,0.01227808,-0.001704812
2024-04-04,INTC,-0.003587842,0.0033313036,0.01499033
2024-04-04,MSFT,-0.0073618889,0.012614727,0.010281563
2024-04-04,NKE,0.020759702,0.026250482,-0.0053744316
2024-04-04,VZ,-0.012516916,-0.00078421831,-0.011237621
2024-04-04,WMT,0.0046323538,0.0098471642,-0.021657884
2024-04-05,AAPL,0.0043206215,0.00070881844,0.0093392134
2024-04-05,AMGN,0.019111037,0.026960731,-0.014162302
2024-04-05,CRM,0.0089921951,0.032375216,0.0060546398
2024-04-05,CSCO,-0.02745235,0.011413932,-0.0076007247
2024-04-05,IBM,-0.011981726,-0.0054322481,0.00056529045
2024-04-05,INTC,0.0051028728,0.017714024,-0.025077462
2024-04-05,MSFT,-0.0074268579,0.014323473,-0.015891194
2024-04-05,NKE,0.013206005,0.0073970556,-0.021022737
2024-04-05,VZ,-0.020303547,0.017817736,-0.0078501105
2024-04-05,WMT,-0.016191781,0.011944175,-0.010075033
2024-04-08,AAPL,-0.012578785,-0.0034675598,-5.9485435e-05
2024-04-08,AMGN,0.023643255,0.018622279,-0.0094860792
2024-04-08,CRM,0.016138196,0.0057396889,-0.0098677874
2024-04-08,CSCO,-0.044155419,0.0052895546,-0.00066363811
2024-04-08,IBM,0.014010787,0.02223587,-0.0091804862
2024-04-08,INTC,-0.027108431,0.0041042566,-0.010210335
2024-04-08,MSFT,0.018262148,-0.0029643178,-0.014017284
2024-04-08,NKE,0.0042308569,0.012311101,-0.0079392791
2024-04-08,VZ,0.0033539534,0.015771866,-0.017382801
2024-04-08,WMT,-0.01095885,0.0026925802,-0.018436134
2024-04-09,AAPL,-0.0049872994,0.0019789934,-0.018419206
2024-04-09,AMGN,-0.040559888,0.0096246004,-0.00023728609
2024-04-09,CRM,-0.023425937,0.0085092783,0.017656684
2024-04-09,CSCO,0.029685736,0.0017979145,-0.004561305
2024-04-09,IBM,0.0024102926,0.011449933,-0.0032542348
2024-04-09,INTC,-0.011480093,-0.00064390898,0.010204792
2024-04-09,MSFT,0.011057019,-0.00057387352,-0.015799701
2024-04-09,NKE,0.010973215,0.0053076744,0.0089113712
2024-04-09,VZ,-0.0031995177,0.0032622814,-0.020974338
2024-04-09,WMT,0.007648468,0.0081597567,-0.010711551
2024-04-10,AAPL,0.027914882,0.014699459,-0.013689697
2024-04-10,AMGN,-0.0048723221,0.027494073,-0.01136905
2024-04-10,CRM,0.013938308,0.021288395,-0.028835177
2024-04-10,CSCO,-0.010281146,0.0059882402,-0.007442534
2024-04-10,IBM,0.01740551,0.012787819,-0.022253513
2024-04-10,INTC,0.014364839,0.01413095,-0.0051132441
2024-04-10,MSFT,0.003290534,0.0017843246,-0.013373911
2024-04-10,NKE,0.022716761,-0.0057560802,0.0025686026
2024-04-10,VZ,0.0050573349,0.025534868,-0.0025730133
2024-04-10,WMT,0.025491953,0.008428812,-0.0078034997
2024-04-11,AAPL,-0.024929345,0.0079221725,-0.0017590523
2024-04-11,AMGN,-0.042490542,0.014665365,-0.0065675974
2024-04-11,CRM,0.027130842,0.01630199,-0.02791667
2024-04-11,CSCO,0.0051482916,0.015662074,-0.0094627142
2024-04-11,IBM,0.025955558,-0.016655445,-0.012766242
2024-04-11,INTC,-0.0018548965,0.0059775114,0.0076003075
2024-04-11,MSFT,-0.012724698,-0.0021331906,-0.015485108
2024-04-11,NKE,-0.01756531,0.013045788,-0.013782322
2024-04-11,VZ,0.015775919,0.010260344,-0.00055539608
2024-04-11,WMT,-0.0016472936,0.0091063976,-0.0016095042
2024-04-12,AAPL,-0.019772291,0.028599858,-0.02853173
2024-04-12,AMGN,-0.023908317,0.016105771,-0.010087013
2024-04-12,CRM,-0.05621767,-0.0051009655,-0.012442768
2024-04-12,CSCO,-0.0045731068,0.017807841,-0.017377794
2024-04-12,IBM,0.010920048,0.0050959587,-0.014621794
2024-04-12,INTC,0.0045667887,-0.00015258789,-0.015995741
2024-04-12,MSFT,-0.0143556,-0.0077827573,-0.012366533
2024-04-12,NKE,0.0056217909,0.011761069,-0.0022183657
2024-04-12,VZ,-0.012534678,0.018072844,-0.01555717
2024-04-12,WMT,0.0048847198,0.0059212446,0.014189601
2024-04-15,AAPL,0.037894011,0.0013430119,-0.028712451
2024-04-15,AMGN,-0.0080968142,0.014411926,0.0039407015
2024-04-15,CRM,0.002212286,0.023503661,-0.0059493184
2024-04-15,CSCO,0.0035848618,-0.0043213367,0.01203084
2024-04-15,IBM,0.017169833,0.010382771,-0.013738275
2024-04-15,INTC,0.011681914,0.018020868,-0.0030324459
2024-04-15,MSFT,-0.021375537,0.011690259,-0.013553202
2024-04-15,NKE,0.013699055,0.0034743547,0.01159966
2024-04-15,VZ,0.0036042929,-0.0045679808,-0.0049525499
2024-04-15,WMT,-0.0085586905,-0.0058268309,-0.013339579
2024-04-16,AAPL,0.0056892633,0.00060534477,-0.025440156
2024-04-16,AMGN,0.01265049,0.015682578,0.0096844435
2024-04-16,CRM,-0.011671305,0.0096076727,0.004445672
2024-04-16,CSCO,-0.012317717,0.009937644,0.01125586
2024-04-16,IBM,-0.0090844035,0.0012402534,-0.026828885
2024-04-16,INTC,-0.016153693,0.0045329332,-0.00069659948
2024-04-16,MSFT,-0.0086606145,-0.0024413466,-0.016481102
2024-04-16,NKE,0.00041735172,-0.016791582,-0.010502279
2024-04-16,VZ,-0.026874304,0.016677618,-0.0043102503
2024-04-16,WMT,-0.018343449,0.009524703,-0.022242069
2024-04-17,AAPL,-0.033374786,0.010797143,0.0028429031
2024-04-17,AMGN,-0.0040645003,0.0036636591,0.0031846762
2024-04-17,CRM,-0.040113807,0.02814877,-0.043091059
2024-04-17,CSCO,0.02356112,0.012121677,0.016298056
2024-04-17,IBM,0.024148583,-0.001888454,-0.020259142
2024-04-17,INTC,-0.017565429,0.013585448,-0.0063794255
2024-04-17,MSFT,0.00048148632,0.006126523,0.0026718378
2024-04-17,NKE,0.016280651,0.021754742,-0.016403198
2024-04-17,VZ,0.0055829287,0.012776256,-0.010954797
2024-04-17,WMT,0.005621314,0.0028384924,0.00060534477
2024-04-18,AAPL,0.004224658,0.014596939,0.015407324
2024-04-18,AMGN,-0.0079733729,0.024427652,-0.010719121
2024-04-18,CRM,0.02753973,0.010668159,-0.037326574
2024-04-18,CSCO,0.0098016262,-0.0029903054,-0.0010856986
2024-04-18,IBM,0.0078508854,0.023795724,0.00086438656
2024-04-18,INTC,0.029543877,0.00012171268,-0.016136765
2024-04-18,MSFT,0.032896757,0.025008917,0.0040280819
2024-04-18,NKE,-0.03507036,0.0075592995,-0.0051979423
2024-04-18,VZ,-0.022125661,-0.0045673251,-0.0087636113
2024-04-18,WMT,0.008169055,0.0036232471,0.0015987158
2024-04-19,AAPL,-0.035218418,0.0027481318,-0.0023561716
2024-04-19,AMGN,0.022643685,-0.0014603138,-0.0018076301
2024-04-19,CRM,-0.020822167,0.03137219,-0.030325353
2024-04-19,CSCO,0.050193667,0.0080367327,-0.019610941
2024-04-19,IBM,0.0017441511,0.016768932,0.0061480999
2024-04-19,INTC,-0.026471257,0.015197396,-0.015546143
2024-04-19,MSFT,0.0089235306,-0.00022310019,-0.016677797
2024-04-19,NKE,-0.0089452863,0.023366928,-0.0093242526
2024-04-19,VZ,0.029311776,0.0094150305,-0.02014935
2024-04-19,WMT,-0.015663266,0.0046583414,-0.0024335384
2024-04-22,AAPL,0.011809111,0.038557291,-0.016895056
2024-04-22,AMGN,-0.0171296,0.0061053038,0.01081419
2024-04-22,CRM,0.01166153,0.025018573,-0.040713131
2024-04-22,CSCO,0.027962327,-0.0044313073,-0.0069407225
2024-04-22,IBM,0.0082424879,0.00074279308,-0.011112809
2024-04-22,INTC,-0.016012967,-0.0126369,0.013292551
2024-04-22,MSFT,0.022598386,0.019626617,-0.026459157
2024-04-22,NKE,0.003207922,0.019800186,0.0062607527
2024-04-22,VZ,-0.015729427,-0.0031257868,-0.011593282
2024-04-22,WMT,-0.0032572746,-0.0049146414,0.0052098036
2024-04-23,AAPL,0.020546079,0.016758323,0.0059543848
2024-04-23,AMGN,0.024172068,0.025243044,-0.015172243
2024-04-23,CRM,-0.053804517,0.0080080032,-0.030055046
2024-04-23,CSCO,0.0066820383,-0.0029271245,0.0090514421
2024-04-23,IBM,0.018121243,-0.0074104071,-0.016865253
2024-04-23,INTC,0.0094233751,0.019053698,-0.019001007
2024-04-23,MSFT,-0.0056127906,0.00872159,-0.016555429
2024-04-23,NKE,0.017711163,0.015323877,-0.013288617
2024-04-23,VZ,-0.0012193322,0.015570402,-0.0015950203
2024-04-23,WMT,-0.012676418,0.011109352,-0.01165837
2024-04-24,AAPL,0.0096307993,0.035092354,-0.015107453
2024-04-24,AMGN,0.009041667,0.012353659,-0.00064361095
2024-04-24,CRM,-0.089275658,-0.0001924634,0.0016064644
2024-04-24,CSCO,0.0093148947,0.019612551,-0.0033424497
2024-04-24,IBM,-0.023641169,0.010449171,-0.013169646
2024-04-24,INTC,-0.00051486492,0.017882586,-0.020712972
2024-04-24,MSFT,-0.0056595206,0.014032125,-0.01161015
2024-04-24,NKE,0.033574343,0.0036597252,-0.0077040195
2024-04-24,VZ,0.00092053413,0.0075619221,-0.020237446
2024-04-24,WMT,0.0041571856,0.0071350336,-0.013929486
2024-04-25,AAPL,0.018870831,0.0041826963,-0.039908588
2024-04-25,AMGN,0.0049446821,0.0064439774,-0.014659047
2024-04-25,CRM,0.0035089254,-0.0040142536,0.015705347
2024-04-25,CSCO,-0.030352116,0.019369006,-0.0081195235
2024-04-25,IBM,-0.019326329,0.014066935,-0.0092196465
2024-04-25,INTC,-0.00083458424,-0.018230438,-0.012187958
2024-04-25,MSFT,-0.0011710525,0.012055874,0.00044560432
2024-04-25,NKE,0.0021539927,0.0049066544,0.0019817352
2024-04-25,VZ,-0.0077703595,0.00070059299,-0.010061324
2024-04-25,WMT,-0.0075194836,0.014380693,-0.003465414
2024-04-26,AAPL,0.025997043,0.015105009,-0.018162131
2024-04-26,AMGN,-0.0046389103,0.0063688755,-0.011420786
2024-04-26,CRM,-0.012593329,0.016680479,-0.005874157
2024-04-26,CSCO,0.013211489,-0.025443196,-0.0043387413
2024-04-26,IBM,0.011628151,0.017769456,0.012825012
2024-04-26,INTC,-0.018846631,0.0083529949,0.0083518028
2024-04-26,MSFT,0.009745121,0.0096621513,-0.029976547
2024-04-26,NKE,0.0011022091,0.015018344,0.0011183023
2024-04-26,VZ,0.0076495409,0.0116117,0.0064439774
2024-04-26,WMT,0.0080597401,-0.00085729361,-0.0011038184
2024-04-29,AAPL,0.0049057007,0.010687947,0.0073436499
2024-04-29,AMGN,-0.016887069,0.008195281,-0.010745347
2024-04-29,CRM,-0.020258248,0.015615106,-0.0048372149
2024-04-29,CSCO,0.021718025,0.012896061,-0.020924807
2024-04-29,IBM,-0.0029469132,0.020877481,-0.019188046
2024-04-29,INTC,-0.0079532862,0.020543814,-0.036047101
2024-04-29,MSFT,-0.0084344149,-0.0039591789,-7.4267387e-05
2024-04-29,NKE,0.017954707,-0.0024060607,-0.0079677105
2024-04-29,VZ,0.0368613,0.0065600872,-0.012048721
2024-04-29,WMT,-0.011352062,-0.00237149,-0.014785469
2024-04-30,AAPL,0.018085361,-0.0019396544,-0.019396245
2024-04-30,AMGN,-0.022579134,0.013198853,0.0064227581
2024-04-30,CRM,0.022073984,0.018618941,-0.018358827
2024-04-30,CSCO,0.014310479,-0.0043698549,-0.0080972314
2024-04-30,IBM,-0.023262262,0.0093460083,-0.0046767592
2024-04-30,INTC,0.0080356598,0.0073161125,-0.0074957013
2024-04-30,MSFT,-0.0016985536,0.0079978704,-0.0070049763
2024-04-30,NKE,0.019759297,0.0066373348,-0.03151077
2024-04-30,VZ,-0.019925177,0.016212583,-0.015605927
2024-04-30,WMT,0.0125283,0.009452939,0.00078713894
2024-05-01,AAPL,-0.018978059,0.028470039,-0.007209599
2024-05-01,AMGN,-0.014999986,0.030530453,-0.0042566061
2024-05-01,CRM,-0.012018323,0.023150086,0.0047734976
2024-05-01,CSCO,-0.026167631,0.014630437,-0.01671654
2024-05-01,IBM,0.022112846,0.00010681152,0.00084531307
2024-05-01,INTC,0.034299135,-0.0020396709,0.021787643
2024-05-01,MSFT,-0.0052222013,-0.0075939894,-0.0081544518
2024-05-01,NKE,-0.0069207549,-0.0091426969,0.0081503391
2024-05-01,VZ,0.0064353943,0.015264273,-0.018022776
2024-05-01,WMT,-0.012610912,0.00025296211,-0.015888631
2024-05-02,AAPL,0.011150122,-0.001193583,-0.010190427
2024-05-02,AMGN,-0.027858913,0.010185361,-0.019716382
2024-05-02,CRM,-0.029760838,0.015607953,-0.0050976872
2024-05-02,CSCO,-0.00093406439,0.031568408,-0.013334334
2024-05-02,IBM,-0.0090603828,0.010936618,-0.013759673
2024-05-02,INTC,-0.0082825422,0.0088844299,-0.022687674
2024-05-02,MSFT,-0.025224864,0.010394454,-0.00043314695
2024-05-02,NKE,-0.011913538,0.017757177,-0.0062019229
2024-05-02,VZ,-0.015473306,0.0065481663,-0.0015500784
2024-05-02,WMT,-0.0093327165,0.0030999184,0.0032126904
2024-05-03,AAPL,0.0072472095,0.00062286854,-0.00027298927
2024-05-03,AMGN,-0.022187471,0.0048366785,0.001747489
2024-05-03,CRM,0.027346373,-0.0035302639,0.0086375475
2024-05-03,CSCO,-0.0065847039,0.02751112,-0.0037848949
2024-05-03,IBM,0.0064352751,0.0067331791,-0.0029158592
2024-05-03,INTC,-0.014095545,0.022289038,-0.016209543
2024-05-03,MSFT,0.025917292,0.0053658485,0.00677073
2024-05-03,NKE,0.050487638,0.024916649,-0.012924433
2024-05-03,VZ,-0.02544868,0.022349954,-0.013226628
2024-05-03,WMT,0.03137958,0.019588113,-0.011825144
2024-05-06,AAPL,-0.028075099,-0.0019770861,-0.029206336
2024-05-06,AMGN,-0.032362342,0.03932035,0.010326028
2024-05-06,CRM,-0.012818098,0.026537657,-0.011045873
2024-05-06,CSCO,-0.011386514,0.0067226887,-0.0097355247
2024-05-06,IBM,-0.00062531233,0.0087616444,0.00050187111
2024-05-06,INTC,0.006234169,0.00055027008,0.0057114363
2024-05-06,MSFT,0.0073740482,0.031028986,-0.011508405
2024-05-06,NKE,0.010444522,0.0059496164,0.012632608
2024-05-06,VZ,-0.013696969,0.0057243109,-0.0060539842
2024-05-06,WMT,0.0049577951,-0.0015822649,-0.0012049079
2024-05-07,AAPL,0.017903328,-0.00081241131,0.0071476698
2024-05-07,AMGN,-0.01487118,0.01921463,-0.0056699514
2024-05-07,CRM,-0.0063247085,0.022814393,-0.025118411
2024-05-07,CSCO,-0.0092243552,0.012267947,-0.025708854
2024-05-07,IBM,-0.012132585,-0.0015440583,-0.0034714341
2024-05-07,INTC,-0.039172351,0.016265273,-0.0054075718
2024-05-07,MSFT,-0.030537128,0.0048172474,-0.015095413
2024-05-07,NKE,0.020274878,0.0016251802,0.035105586
2024-05-07,VZ,-0.016216278,0.011567712,0.01677382
2024-05-07,WMT,-0.0056265593,0.018236756,-0.0073235035
2024-05-08,AAPL,-0.016631782,0.005423069,-0.0074352622
2024-05-08,AMGN,-0.0014880896,0.0091592073,0.0037738085
2024-05-08,CRM,-0.0021842122,0.0060997009,0.018897533
2024-05-08,CSCO,-0.009147346,-0.0042351484,-0.022421479
2024-05-08,IBM,0.049215078,0.007814765,0.0048643351
2024-05-08,INTC,-0.010387003,-0.010039687,-0.017899573
2024-05-08,MSFT,0.013233066,0.04596138,-0.02200073
2024-05-08,NKE,-0.015130043,0.010089278,-0.016749859
2024-05-08,VZ,-0.0058365464,0.018506646,-0.018489003
2024-05-08,WMT,0.0072513819,0.016723752,-0.0041474104
2024-05-09,AAPL,-0.011851668,-0.0012127161,-0.011701822
2024-05-09,AMGN,-0.0031145811,0.0197891,-0.013204277
2024-05-09,CRM,-0.017901659,0.037850976,-0.027222097
2024-05-09,CSCO,-0.019677699,0.005436182,0.0048775673
2024-05-09,IBM,-0.0095140934,-0.0049696565,-0.0064798594
2024-05-09,INTC,0.015143633,0.022873759,-0.01124239
2024-05-09,MSFT,0.039074302,-0.0071558356,0.0022318363
2024-05-09,NKE,-0.0050863624,0.0010430813,-0.0053729415
2024-05-09,VZ,-0.010307014,0.0019421577,-0.0054037571
2024-05-09,WMT,-0.0113253,0.0089960098,-0.005286634
2024-05-10,AAPL,0.015826106,0.015251517,-0.029012978
2024-05-10,AMGN,0.00079452991,0.016442299,-0.0051999092
2024-05-10,CRM,0.0023578405,0.018195271,-0.036067188
2024-05-10,CSCO,-0.017179728,0.011394739,-0.011717319
2024-05-10,IBM,-0.0065745115,0.0049543381,-0.0012860298
2024-05-10,INTC,0.024621844,-0.0016494393,-0.0034639835
2024-05-10,MSFT,0.024454474,0.012420058,-0.01709193
2024-05-10,NKE,0.012601137,0.0040128231,-0.0078362823
2024-05-10,VZ,-0.0089288354,-0.0014737248,-0.0079330206
2024-05-10,WMT,-0.0041531324,-0.0051310658,-0.0071561337
2024-05-13,AAPL,0.017341495,-0.0024598837,-0.0041285753
2024-05-13,AMGN,-0.012177229,-0.0085416436,-0.0046271086
2024-05-13,CRM,-0.030039132,-0.010696888,-0.028171122
2024-05-13,CSCO,0.010453701,-0.0037361383,-0.014004409
2024-05-13,IBM,-0.006659925,0.022775888,-0.0012672544
2024-05-13,INTC,-0.011894763,0.02098453,-0.0077480078
2024-05-13,MSFT,-0.010031581,0.0010346174,-0.016978025
2024-05-13,NKE,-0.0024585128,0.0048387051,-0.0083653331
2024-05-13,VZ,-0.0075759292,0.0030809641,-0.0030862093
2024-05-13,WMT,-0.0076013803,0.0050820112,0.0014235973
2024-05-14,AAPL,-0.0217098,-0.0076562762,-0.0069048405
2024-05-14,AMGN,-0.021413684,0.0044534206,-0.013012826
2024-05-14,CRM,0.016938448,0.058792353,-0.033502817
2024-05-14,CSCO,0.014734626,0.010614753,-0.021658778
2024-05-14,IBM,0.0046452284,0.0052660704,0.012328267
2024-05-14,INTC,-0.0099993348,-0.00074028969,-0.01992619
2024-05-14,MSFT,0.016108871,0.0093843937,-0.028945029
2024-05-14,NKE,0.0040106773,0.024731755,-0.0087794662
2024-05-14,VZ,-0.018586338,-0.00015556812,-0.010207832
2024-05-14,WMT,-0.022897363,0.0037432909,-0.0048496127
2024-05-15,AAPL,-0.0083352327,-0.001299262,-0.026395321
2024-05-15,AMGN,0.013801575,0.017872214,-0.0089364052
2024-05-15,CRM,0.013326526,0.024086237,-0.0058360696
2024-05-15,CSCO,0.014081955,0.011225104,-0.012512743
2024-05-15,IBM,-0.003187418,0.021945119,-0.00060218573
2024-05-15,INTC,-0.032187283,-0.0059501529,-0.009932816
2024-05-15,MSFT,0.027427793,0.012063265,-0.028544903
2024-05-15,NKE,-0.0072181821,0.0049097538,-0.019764602
2024-05-15,VZ,0.00082731247,-0.0091202259,-0.015429616
2024-05-15,WMT,0.0009355545,0.023699403,-0.0054576397
2024-05-16,AAPL,-0.0054217577,0.0074267387,-0.011084795
2024-05-16,AMGN,0.020511866,0.022932887,-0.013902128
2024-05-16,CRM,-0.028808296,-0.0065714717,-0.043818593
2024-05-16,CSCO,-0.048558652,0.0030491352,-0.013164639
2024-05-16,IBM,-0.0070720315,0.018692851,-0.0067766905
2024-05-16,INTC,-0.028307319,0.0291785,-0.0012415051
2024-05-16,MSFT,0.0025863647,0.024884343,-0.019861281
2024-05-16,NKE,0.02407968,-0.0024877191,-0.016171217
2024-05-16,VZ,0.016454816,0.0067119598,0.0011577606
2024-05-16,WMT,-0.019915462,0.0065561533,-0.0026752353
2024-05-17,AAPL,0.0058523417,-0.016021073,0.0025852919
2024-05-17,AMGN,-0.00069206953,0.021396518,-0.00093615055
2024-05-17,CRM,0.020538449,0.01553607,-0.023685336
2024-05-17,CSCO,-0.019282341,0.015344501,-0.011500597
2024-05-17,IBM,-0.0098347664,0.0051335096,-0.0090841651
2024-05-17,INTC,-0.0077157617,0.019367695,-0.0066827536
2024-05-17,MSFT,0.007068634,0.015616298,0.0018467903
2024-05-17,NKE,0.0042403936,0.0086084604,0.0059015751
2024-05-17,VZ,-0.0037447214,0.016208768,-0.012249649
2024-05-17,WMT,-0.0023299456,0.019379258,-0.018106341
2024-05-20,AAPL,0.012034655,0.0029435158,-0.026514828
2024-05-20,AMGN,-0.02183497,0.011270523,-0.0011693835
2024-05-20,CRM,-0.0027581453,0.0068452358,-0.016788661
2024-05-20,CSCO,0.022167921,0.01931417,0.0043315887
2024-05-20,IBM,-0.022317946,0.0071843863,0.016425729
2024-05-20,INTC,-0.0006352663,0.004529953,-0.016394675
2024-05-20,MSFT,-0.0025436878,0.010096908,0.0040019751
2024-05-20,NKE,-0.003256321,0.0054198503,-0.0031818748
2024-05-20,VZ,0.0028356314,0.010071993,-0.029976249
2024-05-20,WMT,0.0075446367,0.001168251,-0.014822245
2024-05-21,AAPL,0.018147349,0.016592622,-0.022887945
2024-05-21,AMGN,-0.04440248,0.0037571192,0.0043683052
2024-05-21,CRM,0.059721708,0.026566386,0.024988532
2024-05-21,CSCO,-0.027129054,0.012819171,-0.0018130541
2024-05-21,IBM,0.0035946369,0.0092451572,-0.00053542852
2024-05-21,INTC,-0.014369428,0.01676178,-0.002753675
2024-05-21,MSFT,0.0062152147,0.0044252872,-0.013680041
2024-05-21,NKE,0.0037837029,0.0079474449,-0.019457817
2024-05-21,VZ,-0.0047762394,-0.0022298694,-0.013210893
2024-05-21,WMT,-0.0053631067,0.0070201159,-0.019155324
2024-05-22,AAPL,0.0040736198,-0.00090843439,0.00077557564
2024-05-22,AMGN,-0.0092267394,0.027366042,-0.0016219616
2024-05-22,CRM,0.036404133,0.014331937,-0.0095992684
2024-05-22,CSCO,-0.018488586,-0.0036309361,0.011834979
2024-05-22,IBM,-0.015687287,0.0051469803,-0.00636971
2024-05-22,INTC,-0.012885034,-0.0016494989,-0.008710742
2024-05-22,MSFT,-0.0049626827,0.00017595291,-0.012537599
2024-05-22,NKE,0.030670881,0.0017499924,-0.0066526532
2024-05-22,VZ,-0.0089039207,0.020882845,-0.017310739
2024-05-22,WMT,-0.0060863495,0.0044554472,-0.0095677972
2024-05-23,AAPL,-0.03810364,0.0080758333,-0.03113699
2024-05-23,AMGN,0.018511295,0.03038919,-0.017544448
2024-05-23,CRM,-0.016861081,0.013451576,-0.032350659
2024-05-23,CSCO,-0.0038420558,0.0020734072,-0.020631254
2024-05-23,IBM,0.0083574057,0.018050909,-0.018437445
2024-05-23,INTC,0.037159204,0.014235973,0.00078415871
2024-05-23,MSFT,-0.0045310259,0.0074106455,0.0015431643
2024-05-23,NKE,0.024095893,0.035681963,-0.0062716007
2024-05-23,VZ,-0.015388787,-0.0080810189,-0.012227416
2024-05-23,WMT,-0.047678351,0.015046358,0.0020208359
2024-05-24,AAPL,-0.030582428,0.0090793371,-0.025872111
2024-05-24,AMGN,-0.0034893155,0.010277987,-0.017347574
2024-05-24,CRM,-0.011315286,0.016696095,-3.1769276e-05
2024-05-24,CSCO,0.015156746,0.0039687157,0.0016708374
2024-05-24,IBM,0.013442278,0.0095374584,-0.015734196
2024-05-24,INTC,-0.012798429,0.018562317,0.0071073771
2024-05-24,MSFT,0.018291831,0.012325644,0.003834486
2024-05-24,NKE,0.029800296,0.0073179007,0.0053867102
2024-05-24,VZ,0.0069781542,0.0033798218,-0.018146932
2024-05-24,WMT,-0.0031303167,0.0083771944,0.0050692558
2024-05-28,AAPL,-0.0071242452,-0.021533668,-0.011914492
2024-05-28,AMGN,-0.016724348,0.015102863,0.0014280081
2024-05-28,CRM,0.073113918,0.018215179,-0.02285111
2024-05-28,CSCO,0.036546946,0.024199963,0.0067573786
2024-05-28,IBM,-0.0073488355,0.00033199787,-0.0080899596
2024-05-28,INTC,-0.018660843,0.016477108,0.0042508841
2024-05-28,MSFT,2.8610229e-05,0.014228463,-0.0075819492
2024-05-28,NKE,0.024401903,0.014159799,-0.012329876
2024-05-28,VZ,-9.816885e-05,0.011441946,-0.022305608
2024-05-28,WMT,-0.0051592588,0.010508537,-0.012748003
2024-05-29,AAPL,-0.013363838,-0.0083845258,-0.02691108
2024-05-29,AMGN,0.0028908253,0.0066813231,-0.0020518303
2024-05-29,CRM,-0.015061259,-0.0056893826,0.0058786869
2024-05-29,CSCO,0.014701366,0.0093092918,-0.0059726238
2024-05-29,IBM,-0.017645478,0.021404028,-0.00065582991
2024-05-29,INTC,-0.010842502,0.013513923,-0.032310426
2024-05-29,MSFT,-0.0092558861,0.0041291714,-0.0063906312
2024-05-29,NKE,0.032662511,-0.00091266632,-0.0041751266
2024-05-29,VZ,-0.021463335,0.018918395,0.007058382
2024-05-29,WMT,-0.0089778304,0.0053458214,-0.012850642
2024-05-30,AAPL,-0.033709466,0.013102174,-0.008464992
2024-05-30,AMGN,-0.0011976957,0.018947601,-0.0023216009
2024-05-30,CRM,-0.033644319,0.0023620129,-0.037102342
2024-05-30,CSCO,0.012106657,0.0072780848,-0.015212178
2024-05-30,IBM,0.011304617,0.017491937,0.021353364
2024-05-30,INTC,0.030421972,0.0044126511,-0.0027213097
2024-05-30,MSFT,-0.039658487,0.015681744,-0.00067526102
2024-05-30,NKE,-0.0015766025,0.010963202,-0.0048710108
2024-05-30,VZ,0.0010863543,0.0095249414,-0.0017066002
2024-05-30,WMT,0.00020337105,0.011603117,-0.025984228
2024-05-31,AAPL,-0.0094436407,0.0047582388,-0.020849347
2024-05-31,AMGN,-0.042326331,0.011347413,0.0022628307
2024-05-31,CRM,-0.047181904,0.034369707,0.012650728
2024-05-31,CSCO,-0.020477116,0.0038069487,-0.0033761859
2024-05-31,IBM,0.0031900406,0.0086677074,-0.013896942
2024-05-31,INTC,-0.016580999,0.019733071,-0.0017828941
2024-05-31,MSFT,0.042109132,0.016826153,-0.017608047
2024-05-31,NKE,0.0039639473,0.025845408,-0.010254264
2024-05-31,VZ,-0.00011461973,0.010292172,-0.0071431398
2024-05-31,WMT,-0.020923257,0.02034831,-0.0053017735
2024-06-03,AAPL,0.012382388,0.020269275,-0.0080715418
2024-06-03,AMGN,-0.037880063,0.015741944,-0.017744482
2024-06-03,CRM,0.058892131,0.010757565,-0.0091753602
2024-06-03,CSCO,0.025596619,0.0084341764,-0.0012307763
2024-06-03,IBM,-0.0048397779,0.017776012,-0.0016658902
2024-06-03,INTC,0.0040293932,0.00091433525,-0.012547493
2024-06-03,MSFT,0.0067323446,0.017995477,0.0021922588
2024-06-03,NKE,-0.0064994693,0.033430696,-0.019324541
2024-06-03,VZ,-0.0094028711,0.01990962,0.0023437738
2024-06-03,WMT,-0.0035964847,0.015767336,-0.017063916
2024-06-04,AAPL,0.0099788904,0.052461624,0.012655258
2024-06-04,AMGN,0.0067000389,0.0059405565,-0.013702452
2024-06-04,CRM,-0.0032903552,-0.0037021637,-0.019010305
2024-06-04,CSCO,0.0086112022,-0.005094707,-0.010677218
2024-06-04,IBM,-0.02473706,0.014068365,-0.01003927
2024-06-04,INTC,-0.027318239,0.027225971,-0.027552307
2024-06-04,MSFT,-0.0052164793,0.0029175282,-0.017256498
2024-06-04,NKE,0.0022498369,0.0055619478,-0.023189843
2024-06-04,VZ,-0.018879592,-0.0032710433,-0.0071015954
2024-06-04,WMT,-0.0083241463,0.018754601,-0.0081858039
2024-06-05,AAPL,-0.010019124,0.0048041344,0.0019727945
2024-06-05,AMGN,-0.0010879636,0.0064866543,-0.008169651
2024-06-05,CRM,-0.028415859,0.019854307,-0.01250124
2024-06-05,CSCO,0.0088503361,0.01724267,-0.007598877
2024-06-05,IBM,0.005302906,0.013997316,-0.012018263
2024-06-05,INTC,-0.00099879503,0.0089370012,-0.014869988
2024-06-05,MSFT,0.0063335896,0.015889764,-0.0014398694
2024-06-05,NKE,-0.035860777,0.018954873,0.0094701052
2024-06-05,VZ,0.0019265413,0.00028252602,0.0015974045
2024-06-05,WMT,-0.0044675469,0.0061682463,-0.013287723
2024-06-06,AAPL,-0.012121916,-0.015871525,-0.010997653
2024-06-06,AMGN,-0.031242371,0.018203139,-0.016607881
2024-06-06,CRM,-0.018128216,-0.0031301975,0.0068801641
2024-06-06,CSCO,-0.018200159,-0.022117078,-0.011752605
2024-06-06,IBM,0.0057981014,0.015282869,0.0025420189
2024-06-06,INTC,0.0098508596,0.012199163,0.00011396408
2024-06-06,MSFT,-0.014574409,0.012389421,-0.0071464181
2024-06-06,NKE,-0.0065563917,0.0067888498,-0.018443167
2024-06-06,VZ,-0.0059686303,-0.0069742203,0.0068666935
2024-06-06,WMT,-0.012711048,0.004927516,-0.007979095
2024-06-07,AAPL,0.015244603,0.021913052,-0.010031283
2024-06-07,AMGN,-0.0052776337,0.0007635355,-0.013712525
2024-06-07,CRM,0.0083065033,-0.0042508841,-0.031086028
2024-06-07,CSCO,-0.05081749,0.025714993,-0.012945771
2024-06-07,IBM,0.0090973377,0.019428134,0.011606932
2024-06-07,INTC,0.0015964508,0.01499629,-0.020831823
2024-06-07,MSFT,0.01277554,0.0023360252,-0.019580781
2024-06-07,NKE,0.011190534,0.0044517517,-0.01183784
2024-06-07,VZ,1.6450882e-05,0.014852166,-0.018299282
2024-06-07,WMT,-0.0033689141,-0.00058752298,0.00061678886
2024-06-10,AAPL,-0.029366195,0.027751684,-0.013830483
2024-06-10,AMGN,0.0015101433,0.00915277,-0.027910411
2024-06-10,CRM,-0.035380363,0.030465484,0.0012834072
2024-06-10,CSCO,-0.024721146,0.0023760796,-0.010312438
2024-06-10,IBM,-0.0092737675,0.0092029572,-0.010395527
2024-06-10,INTC,0.01289916,-0.014090359,-0.013158381
2024-06-10,MSFT,0.011732221,0.0063679218,-0.012403071
2024-06-10,NKE,-0.0074303746,0.0030169487,0.0056073666
2024-06-10,VZ,-0.02187115,0.012447596,-0.0052859783
2024-06-10,WMT,-0.028049052,0.011292219,-0.0087984204
2024-06-11,AAPL,0.020390153,0.030417204,-0.013098598
2024-06-11,AMGN,0.020416379,0.0096753836,0.0035942793
2024-06-11,CRM,0.019794226,0.025797009,-0.012933195
2024-06-11,CSCO,0.0040829182,0.0030148029,-0.0055314898
2024-06-11,IBM,-0.022850871,0.0049538612,-0.0032145977
2024-06-11,INTC,0.034273744,0.0176754,0.0058815479
2024-06-11,MSFT,-0.019920945,-0.001824379,-0.017791927
2024-06-11,NKE,-0.0084779859,0.013444185,0.00037074089
2024-06-11,VZ,0.0047175884,0.0050743818,-0.010658741
2024-06-11,WMT,-0.0055587292,0.0077447891,-0.011685371
2024-06-12,AAPL,0.043249965,0.031299829,-0.0071122646
2024-06-12,AMGN,-0.0058529377,0.02440083,0.0010613203
2024-06-12,CRM,0.0048542023,0.013148904,-0.030824304
2024-06-12,CSCO,0.015639901,0.0040645599,-0.011752844
2024-06-12,IBM,0.0040744543,0.013913989,-0.0040791631
2024-06-12,INTC,0.0052652359,-0.0069748759,-0.011717618
2024-06-12,MSFT,-0.010959506,0.016391277,-0.019892216
2024-06-12,NKE,-0.01324743,0.018253684,0.0068377256
2024-06-12,VZ,-0.019329429,0.011441112,-0.011795163
2024-06-12,WMT,-0.016042292,0.0051193237,-0.0061154366
2024-06-13,AAPL,0.012816072,-0.0038983226,0.0029760599
2024-06-13,AMGN,-0.0024386048,0.0046877861,-0.00039249659
2024-06-13,CRM,-0.021302342,-0.0010825396,-0.028156757
2024-06-13,CSCO,-0.0058851838,0.0029027462,-0.0067121387
2024-06-13,IBM,-0.018734336,0.01166749,-0.0086267591
2024-06-13,INTC,-0.0021129251,0.007529974,0.014397383
2024-06-13,MSFT,0.024591208,0.013448715,-0.0033957958
2024-06-13,NKE,-0.0081789494,0.0026994944,-0.017010629
2024-06-13,VZ,-0.020051062,0.016687155,0.0067468882
2024-06-13,WMT,-0.019198418,0.0057533979,-0.015464067
2024-06-14,AAPL,-0.010613978,0.014269829,-0.0053341985
2024-06-14,AMGN,-0.0083517432,0.0266366,-0.010787129
2024-06-14,CRM,0.0046175718,0.010670066,-0.0082030296
2024-06-14,CSCO,0.020986795,0.023157001,-0.013350189
2024-06-14,IBM,0.0037509203,0.0071194172,-0.012763321
2024-06-14,INTC,-0.0085259676,0.023347139,-0.011614799
2024-06-14,MSFT,-0.0058630705,0.0080385208,-0.012470186
2024-06-14,NKE,0.00573349,-0.0036949515,-0.019438863
2024-06-14,VZ,0.0033814907,0.010628819,-0.0061718225
2024-06-14,WMT,0.0090430975,0.0072565079,-0.0093938112
2024-06-17,AAPL,0.019821048,-0.0083035827,-0.019422233
2024-06-17,AMGN,-0.011807561,0.005422473,-0.0032919049
2024-06-17,CRM,0.0054482222,0.027589679,-0.022894681
2024-06-17,CSCO,-0.0066719651,0.0020662546,-0.0073986053
2024-06-17,IBM,0.012556195,0.024744987,-0.012573659
2024-06-17,INTC,-0.0041115284,-0.018128753,-0.0062422156
2024-06-17,MSFT,-0.0041362643,0.014395952,-0.0090045929
2024-06-17,NKE,-0.00084024668,0.021442056,-0.016542137
2024-06-17,VZ,0.010527968,0.0046871901,-0.002771914
2024-06-17,WMT,-0.017288983,0.0090544224,0.0051624775
2024-06-18,AAPL,-0.021738827,0.017694354,0.0021635294
2024-06-18,AMGN,0.0033576488,0.0090354681,-0.0035243034
2024-06-18,CRM,-0.010188341,-0.012727678,-0.010832489
2024-06-18,CSCO,-0.019942522,-0.0064160824,-0.0031091571
2024-06-18,IBM,-0.014257193,-0.00056397915,-0.0092118382
2024-06-18,INTC,-0.0026332736,0.017701626,-0.0059322119
2024-06-18,MSFT,0.025104165,-0.0016021729,-0.030268371
2024-06-18,NKE,-0.03417784,0.0092302561,-0.0097669959
2024-06-18,VZ,0.0064681768,0.0026034117,0.004539609
2024-06-18,WMT,-0.0067861676,-0.0018216372,-0.022810459
2024-06-20,AAPL,0.012284994,0.0035669804,0.005114913
2024-06-20,AMGN,-0.0056042671,0.0027304888,-0.0016749501
2024-06-20,CRM,-0.032795727,0.014800191,-0.015747428
2024-06-20,CSCO,-0.036863387,0.0022578239,0.0012817383
2024-06-20,IBM,-0.0073596835,0.015165329,-0.026162446
2024-06-20,INTC,-0.036974847,0.0060037374,0.0027654171
2024-06-20,MSFT,0.0036070347,-0.0051894784,-0.0027963519
2024-06-20,NKE,0.034254789,0.0057910681,-0.016863286
2024-06-20,VZ,-0.011863291,-0.00049453974,-0.010010481
2024-06-20,WMT,0.02880621,0.005289793,0.0060505867
2024-06-21,AAPL,0.015915871,0.0090686083,-0.015313208
2024-06-21,AMGN,-0.016016364,0.020438313,-0.017341256
2024-06-21,CRM,0.014073372,0.017611384,-0.031443775
2024-06-21,CSCO,-0.02421689,-0.0068958998,0.0074596405
2024-06-21,IBM,-0.0058903694,0.0020161867,0.0034638643
2024-06-21,INTC,-0.005325973,0.013259888,-0.0070846677
2024-06-21,MSFT,-0.0046957135,0.018519402,-0.013635218
2024-06-21,NKE,0.010105729,0.0048989058,-0.013426721
2024-06-21,VZ,0.048187256,0.0050941706,-0.013756871
2024-06-21,WMT,-0.01991564,0.0014746189,0.0067483187
2024-06-24,AAPL,-0.040073335,0.0081315041,-0.017799973
2024-06-24,AMGN,0.00041902065,0.016010046,-0.0046259165
2024-06-24,CRM,-0.026149809,0.0094945431,-0.013324142
2024-06-24,CSCO,0.0020496845,0.0062783957,0.0068747997
2024-06-24,IBM,0.036940932,0.022313595,0.0066995621
2024-06-24,INTC,0.0018194914,0.010103106,-0.020804584
2024-06-24,MSFT,0.0067096949,-0.0026212335,0.00050103664
2024-06-24,NKE,0.015641093,0.018405676,0.010257721
2024-06-24,VZ,0.024051666,-0.00019156933,-0.0045602322
2024-06-24,WMT,-0.0087326169,0.00121665,-0.014490426
2024-06-25,AAPL,0.031077743,0.021519065,-0.017866671
2024-06-25,AMGN,0.01397717,0.0055392981,-0.022418737
2024-06-25,CRM,0.011821747,-0.0012592673,-0.029651225
2024-06-25,CSCO,-0.030600488,0.0099390745,0.0034724474
2024-06-25,IBM,0.006754756,0.011301994,-0.013084471
2024-06-25,INTC,0.013495564,-0.0059378743,-0.016506374
2024-06-25,MSFT,-0.015289307,-0.0022376776,-0.0099912882
2024-06-25,NKE,-0.0062763095,0.028491855,0.0063627958
2024-06-25,VZ,0.0075808764,0.0059657097,-0.017347157
2024-06-25,WMT,-0.009519279,0.024558902,0.0058760643
2024-06-26,AAPL,-0.0049439669,0.013848662,-0.017416
2024-06-26,AMGN,0.020859599,0.006475091,-0.0088113546
2024-06-26,CRM,0.010974407,0.04265964,-0.023388267
2024-06-26,CSCO,-0.010361791,0.0065174103,0.007656455
2024-06-26,IBM,0.0052695274,-0.0011439323,-0.0065019131
2024-06-26,INTC,0.024116039,0.021061063,-0.010398865
2024-06-26,MSFT,0.024190664,0.003128171,0.0016293526
2024-06-26,NKE,-0.011455238,0.014423251,-0.013819039
2024-06-26,VZ,0.0069069862,0.0049979687,0.00060355663
2024-06-26,WMT,-0.017568827,0.014929056,-0.0011867881
2024-06-27,AAPL,-0.0022301674,0.029644251,-0.017490089
2024-06-27,AMGN,0.0034165382,-0.0014097691,0.0041795969
2024-06-27,CRM,-0.028322101,0.020669222,-0.011516929
2024-06-27,CSCO,0.05425036,0.027764082,0.00029993057
2024-06-27,IBM,0.0019097328,0.003587842,-0.017450333
2024-06-27,INTC,-0.0091433525,0.05006206,-0.0020142794
2024-06-27,MSFT,-0.022236228,0.00086033344,-0.0068051219
2024-06-27,NKE,0.029415965,0.012158275,-0.025794089
2024-06-27,VZ,0.013527393,-0.0046275258,0.0089182854
2024-06-27,WMT,-0.0034853816,0.0055167675,-0.023848534
2024-06-28,AAPL,-0.016600907,0.002699852,0.00083303452
2024-06-28,AMGN,-0.01769048,-0.0046280622,-0.029494524
2024-06-28,CRM,0.020730495,0.0038392544,-0.017959535
2024-06-28,CSCO,-0.031358242,0.019685149,-0.0088114738
2024-06-28,IBM,-0.0089520812,0.013197064,-0.012623489
2024-06-28,INTC,-0.020093322,0.0046882629,-0.01938951
2024-06-28,MSFT,0.004592061,0.018188119,-0.008158505
2024-06-28,NKE,0.021580338,0.016860008,0.0096614361
2024-06-28,VZ,-0.013181865,0.0029549599,0.0035352707
2024-06-28,WMT,0.010888457,-0.00092846155,-0.0053474307
2024-07-01,AAPL,-0.0088797212,0.00085937977,-0.0070700049
2024-07-01,AMGN,0.0016186237,0.018423915,-0.020786583
2024-07-01,CRM,0.00026524067,0.01032865,-0.013768673
2024-07-01,CSCO,-0.037688732,0.014654517,-0.035580933
2024-07-01,IBM,-0.0004992485,0.0088530779,-0.017239928
2024-07-01,INTC,-0.032584846,0.0058339834,-0.015402973
2024-07-01,MSFT,-0.016603708,0.01100409,-0.021782517
2024-07-01,NKE,-0.0079731345,0.01230216,0.0050958395
2024-07-01,VZ,-0.0080728531,0.009640336,-0.0023437142
2024-07-01,WMT,0.002450943,-0.006493926,-0.0047909617
2024-07-02,AAPL,-0.012404859,0.0087612867,0.0033359528
2024-07-02,AMGN,-0.0047900677,0.021408081,-0.021956563
2024-07-02,CRM,0.021072626,0.0092520714,0.0081270933
2024-07-02,CSCO,0.01105237,0.010044932,-0.0064118505
2024-07-02,IBM,0.020708919,0.014012218,0.0062705278
2024-07-02,INTC,-0.028991997,0.014183283,-0.0125646
2024-07-02,MSFT,-0.011853039,0.0095111132,-0.008574307
2024-07-02,NKE,0.0033156872,0.017779112,0.00024437904
2024-07-02,VZ,-0.019009054,-0.0034328699,0.0059454441
2024-07-02,WMT,0.0024210215,0.0049234629,-0.0059320331
2024-07-03,AAPL,0.048570633,-0.0041824579,-0.0072754622
2024-07-03,AMGN,-0.010427237,0.015479326,-0.0070748925
2024-07-03,CRM,-0.031866252,-0.0029802322,-0.035137713
2024-07-03,CSCO,-0.024358571,0.012609482,-0.010447502
2024-07-03,IBM,0.0081808567,0.020321727,-0.0061812997
2024-07-03,INTC,-0.01036495,0.023395538,-0.0043280125
2024-07-03,MSFT,-0.039469838,-0.0022703409,-0.012510419
2024-07-03,NKE,0.0084964037,0.015249372,-0.0054072738
2024-07-03,VZ,0.0074818134,-0.0025689006,-0.0060349107
2024-07-03,WMT,-0.0010812879,0.01453352,-0.0071153641
2024-07-05,AAPL,-0.015312552,0.020954967,-0.004714489
2024-07-05,AMGN,-0.0198704,0.010871172,-0.020289421
2024-07-05,CRM,-0.054424405,0.019381046,-0.027923703
2024-07-05,CSCO,0.031352758,0.016716361,0.00570333
2024-07-05,IBM,-0.0078513026,0.017609,-0.012881756
2024-07-05,INTC,0.015512943,0.011225462,-0.023638189
2024-07-05,MSFT,0.0016646385,0.010630608,-0.00034695864
2024-07-05,NKE,-0.010358512,0.012860298,-0.011466622
2024-07-05,VZ,-0.014112949,0.0097472668,-0.015085995
2024-07-05,WMT,-0.0085733533,0.014858127,-0.016236424
2024-07-08,AAPL,0.023132205,0.018062115,-0.015797913
2024-07-08,AMGN,-0.017838657,0.013254762,-0.009305656
2024-07-08,CRM,0.002056241,0.043889403,-0.015532672
2024-07-08,CSCO,0.074370027,0.030336738,0.00053334236
2024-07-08,IBM,-0.014473081,0.0071052313,-0.0042968988
2024-07-08,INTC,-0.0067298412,0.014776826,0.0010057688
2024-07-08,MSFT,0.014526129,0.023157835,-0.0078761578
2024-07-08,NKE,-0.002394557,0.022572517,-0.014501691
2024-07-08,VZ,-0.021749854,0.0035046339,-0.013950825
2024-07-08,WMT,-0.0035445094,0.0083884001,-0.004693687
2024-07-09,AAPL,0.0064637661,0.010890365,-0.016370356
2024-07-09,AMGN,-0.0079020858,0.015961409,-0.0024557114
2024-07-09,CRM,0.024964929,0.010067344,0.001758337
2024-07-09,CSCO,0.012818694,-0.0043072104,-0.01004523
2024-07-09,IBM,-0.011042297,0.016303062,0.013797998
2024-07-09,INTC,-0.014968276,-0.00023072958,0.0092160702
2024-07-09,MSFT,-0.0060379505,0.023077726,-0.0092029572
2024-07-09,NKE,-0.012468517,0.012957573,0.018924475
2024-07-09,VZ,0.010150075,0.0060327053,-0.014907241
2024-07-09,WMT,0.01042974,0.0019452572,-0.0061116219
2024-07-10,AAPL,-0.029388547,0.024542689,-0.012228251
2024-07-10,AMGN,-0.0037788749,0.0045154095,0.0027365685
2024-07-10,CRM,-0.020406544,0.0082525015,-0.0057859421
2024-07-10,CSCO,0.012260795,0.026046753,0.0039418936
2024-07-10,IBM,0.0062026978,0.004763484,-0.006944418
2024-07-10,INTC,-0.017860889,-0.0002117753,-0.019500554
2024-07-10,MSFT,0.0036561489,-0.0020025373,0.0011057854
2024-07-10,NKE,0.0216043,0.0032713413,-0.0036001205
2024-07-10,VZ,-0.012501061,0.0072367191,0.00084149837
2024-07-10,WMT,-0.0021326542,0.006100297,-0.0056470037
2024-07-11,AAPL,0.0048592091,0.0074298382,-0.0077185631
2024-07-11,AMGN,-0.018588245,0.0038080215,-0.016740143
2024-07-11,CRM,-0.011983871,0.0019549131,-0.006557107
2024-07-11,CSCO,-0.01422286,0.024321198,-0.011313438
2024-07-11,IBM,0.015871882,0.014124274,-0.00075984001
2024-07-11,INTC,0.039933443,0.011909008,-0.00058525801
2024-07-11,MSFT,-0.025800228,0.01506412,-0.01723212
2024-07-11,NKE,-0.007422626,0.015469432,-0.014524519
2024-07-11,VZ,0.005302906,0.014586091,-0.022069395
2024-07-11,WMT,0.012504816,0.026969314,0.0027096272
2024-07-12,AAPL,-0.01544559,0.026282072,-0.023784637
2024-07-12,AMGN,0.0059149265,0.0098457336,-0.038685083
2024-07-12,CRM,0.058449626,0.0089976788,-0.019025147
2024-07-12,CSCO,-0.029905796,0.011712074,-0.029080927
2024-07-12,IBM,-0.027007043,-0.0019193292,-0.0099437833
2024-07-12,INTC,0.017279506,0.026122332,-0.0078988671
2024-07-12,MSFT,0.013235569,-0.0012019277,0.00086665154
2024-07-12,NKE,0.012367487,0.018706918,0.0035353899
2024-07-12,VZ,0.0049425364,0.0033569336,-0.030437827
2024-07-12,WMT,-0.0059594512,0.0079903603,-0.016313672
2024-07-15,AAPL,0.0038757324,0.015347004,-0.016553223
2024-07-15,AMGN,0.024326921,-0.0036381483,-0.013894081
2024-07-15,CRM,-0.035232008,0.02643919,-0.022618294
2024-07-15,CSCO,-0.0047956109,0.027627587,-0.0079549551
2024-07-15,IBM,-0.016183972,0.0061480999,-0.0031610131
2024-07-15,INTC,-0.00030905008,-0.0031602383,0.00081431866
2024-07-15,MSFT,0.014971137,0.0068882704,-0.016163409
2024-07-15,NKE,0.0032328367,0.0010921955,-0.0061536431
2024-07-15,VZ,-0.01623857,0.0059992075,-0.014492929
2024-07-15,WMT,-0.00079387426,0.0084933043,-0.0087479949
2024-07-16,AAPL,0.0030224323,-7.5638294e-05,-0.011480868
2024-07-16,AMGN,-0.0042106509,0.012783766,-0.0032775998
2024-07-16,CRM,-0.01346457,-0.0074877739,-0.021359205
2024-07-16,CSCO,-0.031192482,0.016767502,-0.0063616633
2024-07-16,IBM,0.010152578,0.0063432455,-0.0063696504
2024-07-16,INTC,0.038797021,0.027999282,-0.0237782
2024-07-16,MSFT,-0.021230102,-0.021877944,0.010388255
2024-07-16,NKE,0.0038312674,0.012459636,0.00099360943
2024-07-16,VZ,-0.021114707,0.01083529,-0.009211421
2024-07-16,WMT,-0.0093250871,0.018053651,-0.00051766634
2024-07-17,AAPL,0.01661694,0.012582898,-0.011414468
2024-07-17,AMGN,-0.010966361,0.027394891,-0.0039734244
2024-07-17,CRM,-0.032497168,0.046661258,-0.0097201467
2024-07-17,CSCO,-0.028464258,0.0076569319,-0.018850029
2024-07-17,IBM,-0.005746305,-0.0041936636,0.0092592239
2024-07-17,INTC,0.011163592,0.036905766,-0.010559857
2024-07-17,MSFT,0.027933121,0.0077437162,-0.0083990097
2024-07-17,NKE,0.02289319,-0.0031968951,0.0036563873
2024-07-17,VZ,-0.0062727332,0.0065122843,-0.009867847
2024-07-17,WMT,-0.009578526,0.015381932,-0.015763164
2024-07-18,AAPL,0.014918685,0.028768897,-0.019859731
2024-07-18,AMGN,0.0049751997,0.014370322,-0.0065839887
2024-07-18,CRM,-0.0022454262,-0.0081012845,0.0020546913
2024-07-18,CSCO,0.0060453415,0.00038945675,0.00087487698
2024-07-18,IBM,0.017406344,0.006528616,-0.015406489
2024-07-18,INTC,-0.0062379241,0.0075343847,-0.014264464
2024-07-18,MSFT,-0.014202476,0.016918302,-0.01822269
2024-07-18,NKE,-0.02886939,0.0024226904,-0.015241563
2024-07-18,VZ,0.0019458532,0.013493299,-0.0099711418
2024-07-18,WMT,-0.0041695833,0.0028663874,-0.005841136
2024-07-19,AAPL,0.0103091,0.0090147257,-0.013571858
2024-07-19,AMGN,-0.032730997,0.019928813,-0.0097256303
2024-07-19,CRM,0.056200027,0.0086762905,-0.027175128
2024-07-19,CSCO,-0.020477176,0.0072815418,-0.015274882
2024-07-19,IBM,-0.013825476,0.0043935776,-0.015250921
2024-07-19,INTC,-0.020236433,0.038096786,-0.0040673614
2024-07-19,MSFT,0.0083225965,-0.0009791255,-0.0082315207
2024-07-19,NKE,-0.00095492601,0.0029847622,0.0018240213
2024-07-19,VZ,-0.0012463331,-0.002812326,0.0066592693
2024-07-19,WMT,-0.0051932335,0.018633008,0.0013108253
2024-07-22,AAPL,-0.041153967,0.023713708,-0.016218543
2024-07-22,AMGN,0.0048097372,0.019086242,0.0059229136
2024-07-22,CRM,0.041950107,0.036112785,-0.00849545
2024-07-22,CSCO,-0.02482897,0.022894621,-0.030265689
2024-07-22,IBM,0.024623632,0.023278594,0.00059092045
2024-07-22,INTC,-0.0061076283,0.013500214,-0.011678696
2024-07-22,MSFT,0.0099318027,-0.0022969842,-0.015160382
2024-07-22,NKE,0.006331563,0.010090351,0.0017237663
2024-07-22,VZ,0.010899782,0.016193986,-0.011455059
2024-07-22,WMT,-0.0082358718,0.01199019,-0.012646675
2024-07-23,AAPL,-0.017162442,-0.0066936612,-0.03656435
2024-07-23,AMGN,-0.025001347,0.0050003529,-0.0095073581
2024-07-23,CRM,-0.032004118,-0.0044925809,-0.013483047
2024-07-23,CSCO,0.019652247,0.013570786,-0.0017040372
2024-07-23,IBM,0.021807551,0.010134578,-0.0021176934
2024-07-23,INTC,0.010484934,0.004543066,0.012130141
2024-07-23,MSFT,-0.0057014823,0.01561141,-0.024468362
2024-07-23,NKE,0.016382217,0.018689513,-0.0037888885
2024-07-23,VZ,-0.017745912,0.011911392,0.016128659
2024-07-23,WMT,0.0028759241,0.0024369955,-0.0063064098
2024-07-24,AAPL,0.016143084,0.011211276,-0.015473843
2024-07-24,AMGN,0.0090850592,0.0016754866,-0.0011164546
2024-07-24,CRM,0.0087763071,0.020929456,-0.019669592
2024-07-24,CSCO,-0.039692223,0.003580451,-0.024691164
2024-07-24,IBM,0.0011508465,0.00053930283,-0.0021320581
2024-07-24,INTC,-0.015309036,0.029274821,-0.018130481
2024-07-24,MSFT,0.0036917925,0.010379791,-0.019077957
2024-07-24,NKE,0.014662981,0.0016694069,-0.0096048117
2024-07-24,VZ,0.0052649975,0.0097275972,-0.0026163459
2024-07-24,WMT,-0.009042263,0.007054925,0.0066100359
2024-07-25,AAPL,-0.026931643,-0.0016859174,-0.0025900602
2024-07-25,AMGN,-0.012688816,0.030937791,-0.011816978
2024-07-25,CRM,-0.040098965,0.017906308,-0.033806086
2024-07-25,CSCO,0.00053632259,0.0023533106,-0.0092320442
2024-07-25,IBM,-0.002605319,0.01347959,-0.0050377846
2024-07-25,INTC,0.0059803724,0.030445099,-0.022552967
2024-07-25,MSFT,0.0031863451,-0.0043908954,-0.023759186
2024-07-25,NKE,0.011095524,0.017221808,-0.0033585429
2024-07-25,VZ,-0.012443185,0.0063214302,-0.010963798
2024-07-25,WMT,0.0016756058,0.0032777786,-0.0086903572
2024-07-26,AAPL,0.023250222,-0.01533711,-0.00062346458
2024-07-26,AMGN,0.032053351,0.024167061,-0.017153442
2024-07-26,CRM,-0.0090605021,0.038540125,-0.027026176
2024-07-26,CSCO,0.0064811707,-0.00089228153,-0.017439127
2024-07-26,IBM,-0.0011856556,0.0074185133,-0.013399601
2024-07-26,INTC,0.012371302,0.015136123,-0.0071920156
2024-07-26,MSFT,-0.016610801,0.0050808191,0.013959169
2024-07-26,NKE,-0.0022604465,0.0043976307,-0.017949879
2024-07-26,VZ,-0.021854043,0.022304058,0.0040906668
2024-07-26,WMT,-0.015424073,0.013317943,-0.0040416121
2024-07-29,AAPL,-0.029454827,-0.012515962,0.0015056133
2024-07-29,AMGN,-0.020760179,0.0089230537,-0.014920473
2024-07-29,CRM,0.059526443,0.021633744,-0.0022870302
2024-07-29,CSCO,-0.023504972,0.024680972,-0.0068252087
2024-07-29,IBM,0.0024536848,-0.0018498898,-0.0066173077
2024-07-29,INTC,0.0084865093,0.013263464,-0.0089137554
2024-07-29,MSFT,0.0048475266,0.026656389,-0.00036412477
2024-07-29,NKE,0.018065214,0.0046168566,-0.0013763905
2024-07-29,VZ,0.0048731565,0.0043308735,-0.020218313
2024-07-29,WMT,0.0096358061,0.0030156374,0.0062047243
2024-07-30,AAPL,0.043601513,0.015413523,-0.015447319
2024-07-30,AMGN,-0.021870196,0.025641799,-0.018864691
2024-07-30,CRM,-0.017091632,0.03494966,-0.010862112
2024-07-30,CSCO,0.012857556,0.02493751,-0.021400988
2024-07-30,IBM,-0.020494044,0.021274924,-0.0049396157
2024-07-30,INTC,0.014262915,-0.0021216273,-0.003714323
2024-07-30,MSFT,0.0020925999,0.0027798414,-0.0046058297
2024-07-30,NKE,0.025914073,0.015153885,0.011593699
2024-07-30,VZ,0.017986774,0.019572139,6.0677528e-05
2024-07-30,WMT,-0.0024886131,-0.006655395,-0.0075106025
2024-07-31,AAPL,-0.016845882,0.012016535,2.7894974e-05
2024-07-31,AMGN,-0.015498579,0.01713264,0.0022871494
2024-07-31,CRM,-0.025595427,0.030249357,-0.0013651252
2024-07-31,CSCO,0.006754756,0.0076892376,-0.011940956
2024-07-31,IBM,-0.01769489,-0.00032776594,-0.0014337301
2024-07-31,INTC,-0.023272753,0.014740467,-0.011604846
2024-07-31,MSFT,0.001142621,-0.0035480857,-0.021253228
2024-07-31,NKE,0.004347682,0.0059894323,-0.0086049438
2024-07-31,VZ,0.010889411,-0.00062316656,-0.01180625
2024-07-31,WMT,0.010902286,-0.0037831068,-0.0012146831
2024-08-01,AAPL,-0.017619371,-0.0067395568,-0.024843812
2024-08-01,AMGN,-0.010250628,0.028374791,-0.011448741
2024-08-01,CRM,-0.024876297,-0.014054775,0.0019878149
2024-08-01,CSCO,0.0079402924,0.0065979958,0.0066998005
2024-08-01,IBM,0.012669683,0.01185143,0.0049598217
2024-08-01,INTC,-0.010629535,0.0073484182,0.0062633753
2024-08-01,MSFT,-0.016407847,0.009575963,-0.009568274
2024-08-01,NKE,0.010003567,0.0035164356,-0.013532162
2024-08-01,VZ,-0.018450439,0.0063766241,-0.018324673
2024-08-01,WMT,0.012739182,0.001018405,0.0071691275
2024-08-02,AAPL,-0.017331958,0.016440034,-0.0034499764
2024-08-02,AMGN,-0.01045388,0.015878081,0.0074410439
2024-08-02,CRM,-0.0092766881,0.030835509,-0.023192823
2024-08-02,CSCO,-0.016191602,0.0099010468,-0.0060217381
2024-08-02,IBM,0.012984157,0.0008071661,-0.0313676
2024-08-02,INTC,-0.0001963973,0.036460519,-0.0070802569
2024-08-02,MSFT,-0.0040529966,0.0053379536,-0.024379969
2024-08-02,NKE,0.019312143,0.003669858,-0.0081222057
2024-08-02,VZ,0.00037419796,0.018253922,-0.014466286
2024-08-02,WMT,-0.011385858,0.0058658123,-0.0026821494
2024-08-05,AAPL,0.01757586,0.042989612,-0.0023655295
2024-08-05,AMGN,0.017171144,0.014451265,-0.00077617168
2024-08-05,CRM,0.0037083626,0.015787959,-0.002471149
2024-08-05,CSCO,-0.023717821,0.019022346,0.002691865
2024-08-05,IBM,0.0044578314,0.0040172338,-0.0067936182
2024-08-05,INTC,-0.022084713,0.025017262,-0.011466384
2024-08-05,MSFT,-0.0078253746,0.013565063,0.0033519268
2024-08-05,NKE,-0.010503173,0.012383223,-0.013362765
2024-08-05,VZ,-0.024515212,0.0099412203,-0.014220476
2024-08-05,WMT,-0.01297915,0.0040873289,-0.003475368
2024-08-06,AAPL,0.0400846,0.0053631067,0.012948275
2024-08-06,AMGN,-0.020225883,0.010861158,-0.0030218959
2024-08-06,CRM,-0.013653636,0.014958739,-0.022938311
2024-08-06,CSCO,-0.0082566142,-0.023460567,-0.013778508
2024-08-06,IBM,-0.024590909,-0.0026726723,-0.01226753
2024-08-06,INTC,-0.021247268,0.027679682,-0.017440379
2024-08-06,MSFT,-0.033032358,0.001863122,-0.006321609
2024-08-06,NKE,-0.0094457865,0.0082547665,-0.004883647
2024-08-06,VZ,-0.013621211,-0.006070435,-0.0043954849
2024-08-06,WMT,-0.0071511269,0.0044474602,0.0041844845
2024-08-07,AAPL,-0.02250433,0.00099861622,-0.0131616
2024-08-07,AMGN,-0.01135844,0.010593414,-0.017443597
2024-08-07,CRM,-0.011880398,0.0068467855,0.0022660494
2024-08-07,CSCO,0.0076333284,0.0056684017,-0.0034943223
2024-08-07,IBM,0.027495861,0.021985173,-0.0068131089
2024-08-07,INTC,0.0075272322,-0.0059710145,-0.00068295002
2024-08-07,MSFT,0.011958957,0.0067213774,-0.021586597
2024-08-07,NKE,-0.034575224,0.031106472,-0.008921504
2024-08-07,VZ,-0.028652906,0.006452322,-0.014737487
2024-08-07,WMT,0.0019973516,0.0076743364,-0.0028500557
2024-08-08,AAPL,-0.015457809,0.036305428,-0.00053745508
2024-08-08,AMGN,-0.017176509,0.020418406,0.015487552
2024-08-08,CRM,0.010210514,-0.0052531362,-0.0031857491
2024-08-08,CSCO,0.013285756,0.0013219118,-0.0060231686
2024-08-08,IBM,0.0046938658,0.0094050169,-0.00055414438
2024-08-08,INTC,0.023686886,0.019141674,-0.018047333
2024-08-08,MSFT,-0.021339178,0.011578441,-0.0070410371
2024-08-08,NKE,0.017842531,0.019013524,-0.021466017
2024-08-08,VZ,0.0058406591,0.0099365711,0.012526274
2024-08-08,WMT,0.0042663813,0.018759131,-0.00029587746
2024-08-09,AAPL,-0.018573582,-0.0042516589,-0.0029484034
2024-08-09,AMGN,-0.00084209442,-0.0033739805,-0.0088758469
2024-08-09,CRM,-0.032691538,0.013272643,-0.019214332
2024-08-09,CSCO,-0.012689114,0.01357615,-0.0048241615
2024-08-09,IBM,-0.0042658448,-0.0046733022,-0.016995311
2024-08-09,INTC,-0.011852205,0.0089427233,-0.0096430779
2024-08-09,MSFT,0.0089597702,0.00055396557,-0.014962614
2024-08-09,NKE,-0.013605237,0.024354219,-0.0172804
2024-08-09,VZ,-0.01266402,0.0090446472,-0.00037449598
2024-08-09,WMT,0.010473251,0.0054861307,0.0051025152
2024-08-12,AAPL,-0.031160414,0.022532821,-0.017775714
2024-08-12,AMGN,-0.0044137836,0.020936847,-0.019988656
2024-08-12,CRM,0.010783076,0.030570865,-0.018632412
2024-08-12,CSCO,-0.004893899,0.0041623116,-0.021798611
2024-08-12,IBM,0.012292624,0.011993051,0.0040282011
2024-08-12,INTC,0.034128785,0.010110259,-0.032675445
2024-08-12,MSFT,0.010985613,0.026291013,-0.015194476
2024-08-12,NKE,-0.0058246851,0.0082011223,-0.023889899
2024-08-12,VZ,0.032814503,0.010002494,0.0027130842
2024-08-12,WMT,0.0020149946,0.0008713007,-0.0090548396
2024-08-13,AAPL,0.0014597178,0.016203403,-0.011535466
2024-08-13,AMGN,0.0075421333,0.021067023,-0.00011134148
2024-08-13,CRM,-0.0094019175,0.032874584,-0.0084434748
2024-08-13,CSCO,0.00332582,0.022547245,-0.004068017
2024-08-13,IBM,0.0054446459,-0.0022549629,-0.0047088861
2024-08-13,INTC,0.016742468,0.0072971582,-0.0083176494
2024-08-13,MSFT,0.0065456629,-0.015981317,-0.014851272
2024-08-13,NKE,-0.019957423,0.018250823,-0.027619064
2024-08-13,VZ,-0.0059524775,0.0036110878,-0.012676835
2024-08-13,WMT,0.011574626,0.006696105,-0.013985991
2024-08-14,AAPL,0.028494,0.0050532818,-0.020937502
2024-08-14,AMGN,0.0083810091,0.017893553,-0.0094727278
2024-08-14,CRM,-0.015914798,0.017519832,-0.01981318
2024-08-14,CSCO,0.005921483,0.0071223974,-0.013074577
2024-08-14,IBM,0.0092778206,0.022387266,-0.015958369
2024-08-14,INTC,-0.0011867285,0.0076117516,0.0019203424
2024-08-14,MSFT,0.006491065,0.0013384819,0.0032068491
2024-08-14,NKE,0.0010559559,-0.0066218376,-0.000464499
2024-08-14,VZ,-0.0015454292,0.012085199,0.0036883354
2024-08-14,WMT,-0.023510516,0.0017670393,-0.010640204
2024-08-15,AAPL,-0.0076377392,-0.0079007745,-0.014458776
2024-08-15,AMGN,0.013327479,0.0059094429,-0.0097852349
2024-08-15,CRM,-0.021310627,0.018708825,-0.037021041
2024-08-15,CSCO,-0.014391482,0.013527155,-0.004829824
2024-08-15,IBM,0.0033906698,0.011549234,-0.012711465
2024-08-15,INTC,0.024430513,0.039304733,-0.02245903
2024-08-15,MSFT,0.0047310591,-0.0094504356,-0.01131624
2024-08-15,NKE,-0.009517312,0.0040783882,0.0033984184
2024-08-15,VZ,-0.0029335618,0.0010992289,-0.01510787
2024-08-15,WMT,0.0005531311,0.018754244,0.00032126904
2024-08-16,AAPL,-0.019397616,-0.0064787865,0.011833787
2024-08-16,AMGN,-0.014340103,0.016055346,-0.020151496
2024-08-16,CRM,0.031576872,0.02745676,-0.0045260787
2024-08-16,CSCO,0.0057529211,0.0046087503,0.0019093752
2024-08-16,IBM,0.0061856508,0.01698339,0.0030863285
2024-08-16,INTC,0.0089348555,0.018458009,-0.030858874
2024-08-16,MSFT,-0.029883444,0.016717315,-0.004742682
2024-08-16,NKE,0.008234024,0.017685175,-0.031997859
2024-08-16,VZ,-0.0034610629,0.011212945,0.0029406548
2024-08-16,WMT,0.027587295,0.0049464703,0.0009534359
2024-08-19,AAPL,-0.0099427104,0.015796781,-0.010097861
2024-08-19,AMGN,0.0033832788,0.0099358559,-0.013937175
2024-08-19,CRM,-0.028891146,-0.016044438,-0.0036740303
2024-08-19,CSCO,-0.0039476752,0.0046159029,-0.0067144036
2024-08-19,IBM,-0.00071620941,0.0092302561,-0.004072547
2024-08-19,INTC,-0.00037890673,0.019168377,-0.010451376
2024-08-19,MSFT,0.021037102,0.031982541,-0.0011487007
2024-08-19,NKE,0.00017726421,0.013747811,-0.012609124
2024-08-19,VZ,-0.015542924,0.013600826,0.0048464537
2024-08-19,WMT,0.00087177753,0.014843345,-0.003887713
2024-08-20,AAPL,0.022818685,0.017013669,0.0022993088
2024-08-20,AMGN,0.0078821182,-0.003015399,-0.0033220649
2024-08-20,CRM,-0.011157811,0.019405007,-0.013211548
2024-08-20,CSCO,-0.013114095,0.013530135,-0.012612522
2024-08-20,IBM,0.026983976,0.010434508,-0.022018075
2024-08-20,INTC,-0.010092497,-0.008235395,-0.019257665
2024-08-20,MSFT,-0.011925995,0.0094480515,0.0026316643
2024-08-20,NKE,-0.01320219,0.020216823,-0.029450536
2024-08-20,VZ,-0.0069630146,0.0089492798,-0.016772687
2024-08-20,WMT,0.033151269,0.014368415,0.0081543922
2024-08-21,AAPL,0.0058306456,0.029549956,-0.013340533
2024-08-21,AMGN,0.0087347031,0.012465596,-0.00034034252
2024-08-21,CRM,-0.013801694,0.0085132122,-0.024114251
2024-08-21,CSCO,-0.011114538,-0.03350687,-0.016794026
2024-08-21,IBM,0.0022417307,0.0035834312,0.014217734
2024-08-21,INTC,-0.011455119,-0.014923811,-0.022591114
2024-08-21,MSFT,0.012154102,0.0034261942,0.0076913834
2024-08-21,NKE,0.0093352795,0.017559886,-0.029716492
2024-08-21,VZ,-0.0082603097,0.016031027,-0.015039921
2024-08-21,WMT,0.0060178041,0.0085191727,-0.0076554418
2024-08-22,AAPL,0.0038127899,0.0026824474,-0.021040738
2024-08-22,AMGN,0.017988682,0.011882067,-0.014815748
2024-08-22,CRM,-0.021879971,0.047127128,-0.018808305
2024-08-22,CSCO,0.0029731989,-0.011169076,-0.0092744827
2024-08-22,IBM,0.0086952448,-0.0013154149,0.0073792934
2024-08-22,INTC,0.0046070814,0.0085675716,-0.0053243637
2024-08-22,MSFT,-7.4625015e-05,0.017722011,-0.01141125
2024-08-22,NKE,-0.0079753995,0.0043339729,-0.0097587705
2024-08-22,VZ,-0.0003579855,0.015677452,0.0061056614
2024-08-22,WMT,-0.0088015199,0.0042022467,-0.0018590093
2024-08-23,AAPL,0.01414597,-0.0047823787,-0.013478994
2024-08-23,AMGN,0.014491081,0.023240447,-0.0077215433
2024-08-23,CRM,-0.044298768,0.018654108,-0.031761587
2024-08-23,CSCO,-0.012987792,0.012562037,-0.0029194355
2024-08-23,IBM,0.015632153,0.0054858923,-0.011621475
2024-08-23,INTC,-0.018938959,0.0031056404,-0.011574864
2024-08-23,MSFT,-0.0071882606,0.0096223354,-0.019034624
2024-08-23,NKE,0.010965347,-0.0030266643,-0.0088358521
2024-08-23,VZ,-0.0093822479,0.0072577,-0.021138072
2024-08-23,WMT,-0.024190664,0.015429497,-0.0097037554
2024-08-26,AAPL,-0.012821257,0.015941501,-0.01902318
2024-08-26,AMGN,0.018222809,0.010934234,-0.0018366575
2024-08-26,CRM,0.031315446,0.0024647713,-0.0012406111
2024-08-26,CSCO,0.027227402,0.0097982883,-0.015321255
2024-08-26,IBM,0.014053345,-0.0006133914,0.0044111013
2024-08-26,INTC,-0.037897944,0.0041974783,-0.02302593
2024-08-26,MSFT,-0.017337859,0.036055684,1.1563301e-05
2024-08-26,NKE,0.013825178,-0.0021833181,-0.0042702556
2024-08-26,VZ,0.0019476414,-0.0032939911,-0.0017421246
2024-08-26,WMT,-0.014840841,0.021618009,-0.011973023
2024-08-27,AAPL,0.004873991,-0.0011755824,-0.011065662
2024-08-27,AMGN,0.0039752722,0.0031864643,-0.021268904
2024-08-27,CRM,-0.02125299,-0.018523872,-0.013034821
2024-08-27,CSCO,-0.016166151,-5.9604645e-05,-0.024465203
2024-08-27,IBM,0.0030362606,0.014919162,0.0013540983
2024-08-27,INTC,0.014055371,0.030868411,-0.0080955625
2024-08-27,MSFT,-0.011371076,0.00302279,-0.014789939
2024-08-27,NKE,0.012214184,0.0013856888,0.0062463284
2024-08-27,VZ,0.0096421242,0.012794256,-0.0090041161
2024-08-27,WMT,0.0073047876,0.0087165833,0.0044518709
2024-08-28,AAPL,0.0068167448,0.007779479,-0.0030197501
2024-08-28,AMGN,-0.04157728,0.0076388121,-0.011153638
2024-08-28,CRM,-0.028374553,0.027625322,-0.00065213442
2024-08-28,CSCO,0.03429234,0.012272596,0.0051984787
2024-08-28,IBM,0.031326056,0.013432384,-0.012966633
2024-08-28,INTC,-0.018428922,0.0033000708,-0.010642409
2024-08-28,MSFT,-0.016775548,0.030341268,-0.0014129281
2024-08-28,NKE,0.027134895,0.022673249,-0.020889699
2024-08-28,VZ,-0.0059559941,0.0049387217,0.01220572
2024-08-28,WMT,-0.0077549815,0.0011255741,-0.0079646111
2024-08-29,AAPL,-0.014820874,-0.00048947334,-0.0099577904
2024-08-29,AMGN,0.02472806,0.0066527128,-0.014752984
2024-08-29,CRM,-0.030953348,0.0057580471,-0.034677565
2024-08-29,CSCO,0.021662474,0.00063681602,-0.0094320774
2024-08-29,IBM,0.0043293238,0.024360657,-0.01063472
2024-08-29,INTC,-0.0035594702,0.019218087,-0.010312498
2024-08-29,MSFT,-0.014910102,-0.0012353063,-0.011807919
2024-08-29,NKE,0.0054117441,0.0015261173,-0.013602436
2024-08-29,VZ,-0.0019308329,-0.0051104426,-0.00052833557
2024-08-29,WMT,0.020481586,0.018916845,-0.0080338717
2024-08-30,AAPL,-0.010201395,0.010677099,-0.0023584962
2024-08-30,AMGN,-0.017789662,0.0046880245,-0.013499618
2024-08-30,CRM,0.0034214258,-0.013116419,-0.036105037
2024-08-30,CSCO,0.011457324,0.010751128,-0.0078524947
2024-08-30,IBM,-0.0079868436,0.0014045238,0.001292944
2024-08-30,INTC,0.022667646,-0.0019262433,-0.015940428
2024-08-30,MSFT,-0.0024804473,0.013073802,0.01009357
2024-08-30,NKE,-0.0087080598,0.023664951,-0.0073770285
2024-08-30,VZ,0.011522532,0.0033841133,-0.023373067
2024-08-30,WMT,0.0021054745,0.011176586,-0.0081812739
2024-09-03,AAPL,-0.014732301,0.017320871,-0.017020941
2024-09-03,AMGN,-0.016141295,0.016413689,-0.032600164
2024-09-03,CRM,0.024417877,0.042452455,-0.020186424
2024-09-03,CSCO,0.012625337,0.0074027777,-0.017582715
2024-09-03,IBM,-0.0020039678,0.0056205988,-0.0037040114
2024-09-03,INTC,0.0021346807,0.015354753,0.0027850866
2024-09-03,MSFT,-0.0070578456,0.018051147,-0.0064550042
2024-09-03,NKE,-0.0027957559,0.017865658,-0.016344368
2024-09-03,VZ,-0.014264345,0.015656948,-0.005502224
2024-09-03,WMT,-0.011300921,0.010725617,-0.016667008
2024-09-04,AAPL,-0.020628214,-0.015591264,-0.018613279
2024-09-04,AMGN,-0.0083680749,0.024408817,-0.0072949529
2024-09-04,CRM,-0.0042231679,0.0046569109,-0.00034838915
2024-09-04,CSCO,-0.026656091,0.012902856,0.0012304783
2024-09-04,IBM,0.010628104,-0.00085955858,-0.01744324
2024-09-04,INTC,0.0043190718,0.011515498,-0.023720801
2024-09-04,MSFT,-0.037308693,0.024812222,-0.033180833
2024-09-04,NKE,0.0053098202,0.0057575703,-0.0066283941
2024-09-04,VZ,-0.0086955428,0.0074805021,-0.003557682
2024-09-04,WMT,-0.028393447,0.011178613,-0.0096735954
2024-09-05,AAPL,-0.0021774173,0.027505994,-0.0087683797
2024-09-05,AMGN,-0.0076156259,-0.00057047606,-0.0022720695
2024-09-05,CRM,-0.0017895103,0.001069665,-0.045775235
2024-09-05,CSCO,-0.031935096,0.0069591999,-0.0014139414
2024-09-05,IBM,-0.016315758,0.009157896,-0.014784038
2024-09-05,INTC,0.0022519827,0.021597624,-0.010017276
2024-09-05,MSFT,-0.027830422,0.013145804,-0.022685468
2024-09-05,NKE,0.010115504,0.0088658333,-0.0050849319
2024-09-05,VZ,-0.015329242,0.020274758,-0.025468886
2024-09-05,WMT,0.000644207,0.0093792677,0.00065457821
2024-09-06,AAPL,0.018219471,0.019494534,-0.012242794
2024-09-06,AMGN,-0.024728358,0.022924781,-0.017840743
2024-09-06,CRM,-0.049327314,0.022331357,-0.0061382055
2024-09-06,CSCO,-0.040684104,0.010163784,-0.0084243417
2024-09-06,IBM,-0.022066057,0.0023690462,-0.0026654601
2024-09-06,INTC,0.025970578,0.01085937,-0.00015699863
2024-09-06,MSFT,0.019242883,0.0036600828,-0.021783471
2024-09-06,NKE,-0.038206637,0.034301877,0.0064395666
2024-09-06,VZ,-0.013937175,0.003369689,-0.013850331
2024-09-06,WMT,-0.013873935,-0.0033742189,-0.023365796
2024-09-09,AAPL,0.0011819601,0.0053360462,0.0029969215
2024-09-09,AMGN,0.024872065,0.0081785917,-0.00027936697
2024-09-09,CRM,-0.006785512,0.02341795,-0.027133048
2024-09-09,CSCO,-0.010321498,0.006395936,0.001311779
2024-09-09,IBM,-0.0013522506,-0.00074774027,-0.0062665343
2024-09-09,INTC,-0.010356307,0.011634469,-0.00044894218
2024-09-09,MSFT,0.0076408386,0.0080140829,-0.013024151
2024-09-09,NKE,-0.014120698,-0.0079578161,-0.0013854504
2024-09-09,VZ,-0.0010600686,0.0027403831,0.006680727
2024-09-09,WMT,0.010188699,-0.0017666221,0.0077985525
2024-09-10,AAPL,0.0068839788,0.027525544,0.001725316
2024-09-10,AMGN,-0.027837992,0.0030812025,-0.028751314
2024-09-10,CRM,-0.034980416,0.014996886,-0.0085911155
2024-09-10,CSCO,-0.003098309,-0.011545181,-0.0068851709
2024-09-10,IBM,0.01621139,0.0080176592,-0.0007339716
2024-09-10,INTC,-0.0079268217,0.0088256598,-0.0028612018
2024-09-10,MSFT,-0.0058558583,0.02322185,-0.0033092499
2024-09-10,NKE,0.022692204,0.015040159,-0.018878222
2024-09-10,VZ,-0.00088989735,0.0025013685,-0.015244186
2024-09-10,WMT,0.007006526,0.022499084,-0.0090233684
2024-09-11,AAPL,0.023399115,-0.0058609843,-0.021439493
2024-09-11,AMGN,-0.024278998,0.018745899,-0.0044270158
2024-09-11,CRM,-0.053159535,0.056182384,-0.014184058
2024-09-11,CSCO,-0.044794738,0.014259458,-0.020993114
2024-09-11,IBM,-0.0053052306,0.0096526146,0.0024645329
2024-09-11,INTC,0.0046980381,0.011232257,-0.011680424
2024-09-11,MSFT,-0.0038353801,0.0094645023,-0.019822836
2024-09-11,NKE,-0.018247247,-0.019903958,-0.018357575
2024-09-11,VZ,-0.019666553,0.012019634,0.0004093647
2024-09-11,WMT,-0.0016575456,0.0074899197,-0.0073341727
2024-09-12,AAPL,-0.014050007,0.010658622,-0.013653517
2024-09-12,AMGN,-0.015317023,0.012161732,0.0022341013
2024-09-12,CRM,0.037002206,0.032710075,-0.020081997
2024-09-12,CSCO,0.021229386,0.016644239,-0.0042549372
2024-09-12,IBM,-0.006726861,0.01801002,0.0060762167
2024-09-12,INTC,-0.017041743,0.03066349,-0.0025116801
2024-09-12,MSFT,-0.016495705,0.00049722195,-0.006216526
2024-09-12,NKE,-0.0037622452,-0.0040578246,-0.0035504103
2024-09-12,VZ,-0.02018261,0.0089387894,0.014553666
2024-09-12,WMT,0.0093638897,0.011679292,-0.013614595
2024-09-13,AAPL,0.036212921,1.0490417e-05,-0.0035330057
2024-09-13,AMGN,-0.017537653,0.0071861744,-0.0086263418
2024-09-13,CRM,0.0082991123,0.010843396,-0.0016239285
2024-09-13,CSCO,0.010473251,0.027585506,-0.01281935
2024-09-13,IBM,-0.00091612339,-0.006968379,-0.010186851
2024-09-13,INTC,-0.011218786,0.045114517,-0.0020202994
2024-09-13,MSFT,-0.05065155,0.027654767,-0.012551188
2024-09-13,NKE,-0.020684958,0.018449426,-0.003503561
2024-09-13,VZ,0.0018563271,-0.0050411224,-0.013058066
2024-09-13,WMT,-0.0046383739,-0.0058333874,0.0096642971
2024-09-16,AAPL,-0.034096658,0.015958548,-0.021499157
2024-09-16,AMGN,-0.010991871,0.022284508,-0.015886664
2024-09-16,CRM,-0.042380095,-0.009827435,-0.0080105662
2024-09-16,CSCO,-0.0055091381,-0.0048981905,0.002538085
2024-09-16,IBM,0.0046715736,0.016207814,-0.0033272505
2024-09-16,INTC,-0.0059999824,0.0059826374,-0.0033293366
2024-09-16,MSFT,0.016649008,-0.0087123513,-0.020153761
2024-09-16,NKE,0.015363336,0.010296106,0.018548965
2024-09-16,VZ,-0.002512753,0.013974071,-0.0030349493
2024-09-16,WMT,0.011151314,0.007810235,-0.0025560856
2024-09-17,AAPL,0.020309448,0.015973091,-0.022134662
2024-09-17,AMGN,0.013005257,0.0077511072,0.00066184998
2024-09-17,CRM,0.016150713,-0.013604522,-0.017932773
2024-09-17,CSCO,-0.02124089,0.025933623,-0.016665578
2024-09-17,IBM,-0.01308018,0.014020562,-0.0051223636
2024-09-17,INTC,-0.0034718513,0.0135957,-8.3327293e-05
2024-09-17,MSFT,-0.01488775,0.0091457367,-0.022433281
2024-09-17,NKE,-0.0036814213,0.0099225044,-0.021926999
2024-09-17,VZ,-0.018587351,0.012696505,-0.012949109
2024-09-17,WMT,0.0012499094,0.008644104,-0.0048972368
2024-09-18,AAPL,-0.014615715,0.01424551,0.0086960793
2024-09-18,AMGN,-0.011770606,0.016132593,-0.019833207
2024-09-18,CRM,-0.018091738,-0.0020718575,-0.011717618
2024-09-18,CSCO,0.019253492,-0.0019847751,-0.011154532
2024-09-18,IBM,-0.01251477,0.0044988394,-0.011181891
2024-09-18,INTC,-0.0086716413,0.0030567646,-0.00037819147
2024-09-18,MSFT,-0.024249077,0.00330019,-0.010608435
2024-09-18,NKE,0.010069489,0.012307405,-0.0075924993
2024-09-18,VZ,-0.0039442182,0.012454033,0.0045484304
2024-09-18,WMT,-0.0035501122,-0.0046877861,-0.0075377822
2024-09-19,AAPL,-0.019525528,-0.0015904307,-0.012192965
2024-09-19,AMGN,0.014170647,-0.0079292655,-0.019907057
2024-09-19,CRM,-0.0087656975,0.027248859,-0.010010183
2024-09-19,CSCO,-0.015923798,0.01213789,-0.015081882
2024-09-19,IBM,0.00233078,0.013622284,-0.00072306395
2024-09-19,INTC,-0.010746658,0.027598023,-0.010985672
2024-09-19,MSFT,0.0073786974,0.015874028,-0.011340916
2024-09-19,NKE,-0.0026940703,0.017526865,-0.0033819079
2024-09-19,VZ,0.017751336,0.023864985,-0.019571066
2024-09-19,WMT,0.016682744,0.0064620972,-0.0083332062
2024-09-20,AAPL,0.0032371283,0.0067045689,-0.023535073
2024-09-20,AMGN,-0.021275103,0.014464021,-0.014014602
2024-09-20,CRM,-0.035481334,0.0022467375,-0.030785322
2024-09-20,CSCO,0.0076595545,0.00015890598,0.0050115585
2024-09-20,IBM,-0.023493648,-0.0030691028,-0.011101246
2024-09-20,INTC,0.029942632,0.035850048,0.0061075687
2024-09-20,MSFT,0.0056446791,0.019285202,0.0014919043
2024-09-20,NKE,-0.0028063059,0.0072309971,-0.01807636
2024-09-20,VZ,0.0069004297,0.002248764,-0.0032419562
2024-09-20,WMT,0.0075724125,0.023816109,-0.0038186908
2024-09-23,AAPL,-0.0054451227,0.031899214,-0.031317651
2024-09-23,AMGN,-0.0026502609,0.0096694231,-0.011023879
2024-09-23,CRM,0.019978404,0.016069055,-0.0067979693
2024-09-23,CSCO,-0.039097011,0.011725307,0.0098483562
2024-09-23,IBM,0.0036176443,0.0022387505,0.00051879883
2024-09-23,INTC,0.0024139881,0.00048792362,-0.0017210245
2024-09-23,MSFT,0.0015813112,0.0063090324,-0.020063818
2024-09-23,NKE,-0.026376843,0.0092560053,-0.019502163
2024-09-23,VZ,0.00012779236,0.010687828,-0.03100872
2024-09-23,WMT,-0.0055596828,0.0010119677,-0.0077036023
2024-09-24,AAPL,-0.0025913119,0.0064258575,-0.0071570873
2024-09-24,AMGN,-0.025901914,0.0063325167,-0.020795107
2024-09-24,CRM,-0.024719238,0.018177986,-0.0070855618
2024-09-24,CSCO,-0.0046401024,-0.0088602901,-0.031458914
2024-09-24,IBM,0.0020266771,0.0076191425,-0.024198771
2024-09-24,INTC,0.0031374693,0.0093530416,-0.014898956
2024-09-24,MSFT,0.0056805611,0.029242635,-0.013866246
2024-09-24,NKE,-0.025647819,0.00091791153,-0.01355356
2024-09-24,VZ,-0.001400888,-0.00031042099,-0.0095618963
2024-09-24,WMT,-0.0016410351,0.004077673,-0.0035122037
2024-09-25,AAPL,-0.010974228,0.0042427778,-0.019126952
2024-09-25,AMGN,-0.010564208,0.01579988,-0.023083866
2024-09-25,CRM,-0.0020645857,0.0042878389,0.010702848
2024-09-25,CSCO,0.014996529,0.010088325,0.0035768747
2024-09-25,IBM,0.018203259,0.01520133,0.0015255213
2024-09-25,INTC,-0.0255723,0.0047831535,-0.00097095966
2024-09-25,MSFT,-0.033176422,0.024431348,0.0015572309
2024-09-25,NKE,0.0070827007,0.011220217,-0.011989892
2024-09-25,VZ,-0.0038563013,0.013765097,-0.024426758
2024-09-25,WMT,-0.021873474,0.010431528,-0.01037854
2024-09-26,AAPL,0.0178684,-0.0074649453,-0.0010288358
2024-09-26,AMGN,-0.0064977407,0.0086649656,-0.028509021
2024-09-26,CRM,-0.015303671,0.043696404,-0.00050926208
2024-09-26,CSCO,0.018770576,0.0050131083,-0.010118783
2024-09-26,IBM,-0.0061705112,0.010567665,0.011574745
2024-09-26,INTC,0.012853622,-0.007813096,-0.025541902
2024-09-26,MSFT,-0.011196554,0.02050817,-0.013361216
2024-09-26,NKE,-0.0021504164,0.0069198608,0.0087049007
2024-09-26,VZ,-0.018334925,0.0035215616,-0.0082623959
2024-09-26,WMT,-0.01190716,0.0028964281,-0.0015117526
2024-09-27,AAPL,-0.020082712,0.01923728,-0.016285896
2024-09-27,AMGN,0.015481353,0.012375951,-0.018362343
2024-09-27,CRM,0.0082570314,0.0032726526,-0.011945784
2024-09-27,CSCO,0.056026578,-0.0029881597,-0.019079268
2024-09-27,IBM,-0.0025221109,0.012354136,-0.006460011
2024-09-27,INTC,-0.0087162256,0.0038461685,0.0061763525
2024-09-27,MSFT,-0.013647258,0.010197878,-0.010372698
2024-09-27,NKE,0.0083153248,0.026196599,-0.00095492601
2024-09-27,VZ,-0.029111624,0.0014519691,-0.0076805949
2024-09-27,WMT,-0.0072182417,0.0030543804,0.0021259785
2024-09-30,AAPL,0.034185171,0.013884902,0.0067970753
2024-09-30,AMGN,-0.0029246211,0.02488184,-0.0079473853
2024-09-30,CRM,-0.0017457604,0.012955308,-0.030146897
2024-09-30,CSCO,0.0015925169,0.034158349,-0.019480109
2024-09-30,IBM,-0.0098950267,0.010804415,-0.0043517351
2024-09-30,INTC,-0.0061961412,0.022059917,0.010232925
2024-09-30,MSFT,0.0087319613,-0.0048319697,-0.0079903603
2024-09-30,NKE,-0.020833135,0.0098372698,-0.012482166
2024-09-30,VZ,0.011577249,0.022486329,-0.026594162
2024-09-30,WMT,-0.014878809,0.022318244,-0.00096851587
2024-10-01,AAPL,-0.0045973063,0.016036272,-0.0015766621
2024-10-01,AMGN,0.018013597,0.0089814663,-0.012794495
2024-10-01,CRM,-0.025447845,0.044391751,-0.029780269
2024-10-01,CSCO,0.00036120415,0.0079241991,-0.010070741
2024-10-01,IBM,-0.0021950006,0.001601696,-0.0026726723
2024-10-01,INTC,0.010131955,0.030009508,-0.017111599
2024-10-01,MSFT,0.0075048208,0.023132563,-0.019301891
2024-10-01,NKE,0.011156797,0.0070374012,0.0036095381
2024-10-01,VZ,0.00044417381,0.013301015,-0.011610329
2024-10-01,WMT,-0.0078270435,0.017645836,-0.012134314
2024-10-02,AAPL,0.0071055889,-0.0035130382,-0.0037605762
2024-10-02,AMGN,-0.037279129,0.019436717,-0.013162792
2024-10-02,CRM,-0.003144443,-0.0033996701,-0.013277888
2024-10-02,CSCO,0.0083512068,0.0071790218,-0.0087708831
2024-10-02,IBM,-0.0054572225,0.0095114708,-0.0064553022
2024-10-02,INTC,-0.021752357,0.011443377,-0.019826174
2024-10-02,MSFT,0.0052963495,-0.001122117,-0.0022484064
2024-10-02,NKE,0.019865394,0.0083585978,-0.0024271011
2024-10-02,VZ,-0.033730447,-0.014407694,-0.0056036115
2024-10-02,WMT,0.026801467,0.013218164,-0.0020136237
2024-10-03,AAPL,0.032628536,0.025522947,-0.030730963
2024-10-03,AMGN,0.0090742111,0.016287565,-0.0072979927
2024-10-03,CRM,0.019920707,0.0016927719,-0.0036845207
2024-10-03,CSCO,-0.030323148,0.0099380016,0.00083386898
2024-10-03,IBM,0.0025823116,0.014410138,-0.0087949038
2024-10-03,INTC,-0.0024908185,0.017199993,-0.010965705
2024-10-03,MSFT,0.0041909218,0.0088757277,-0.0052019358
2024-10-03,NKE,-0.0077833533,0.016239643,-0.013151109
2024-10-03,VZ,0.010349154,-0.0042983294,-0.0075349808
2024-10-03,WMT,0.022313118,0.018620968,-0.012502432
2024-10-04,AAPL,-0.0038873553,-0.012525618,-0.0375337
2024-10-04,AMGN,-0.0053802729,0.0037833452,-0.015351713
2024-10-04,CRM,0.0045255423,0.027343154,-0.016242445
2024-10-04,CSCO,-0.00645715,0.0046432018,0.024045348
2024-10-04,IBM,-0.02475661,0.0019488335,-0.024477899
2024-10-04,INTC,-0.0046201944,0.013966322,0.00013887882
2024-10-04,MSFT,-0.005972743,0.012876987,-0.014038265
2024-10-04,NKE,0.015318036,0.0028147697,-0.0036585331
2024-10-04,VZ,0.0049868822,0.0063097477,-0.0071875453
2024-10-04,WMT,0.030143023,0.0077669621,0.00084269047
2024-10-07,AAPL,0.038778305,0.017309308,-0.0032012463
2024-10-07,AMGN,0.0013777018,0.0088720322,-0.011624634
2024-10-07,CRM,0.016193271,0.032146811,-0.0016707778
2024-10-07,CSCO,-0.031014264,0.0080564022,-0.014534414
2024-10-07,IBM,0.024211526,0.0036429167,-0.009662509
2024-10-07,INTC,-0.027746081,0.0044169426,-0.010032773
2024-10-07,MSFT,-0.03489697,0.011418104,0.017271876
2024-10-07,NKE,-0.023902595,-0.0082169175,-0.012203753
2024-10-07,VZ,0.0094748735,0.0010426044,-0.018372476
2024-10-07,WMT,0.0074989796,0.016796947,-0.012281001
2024-10-08,AAPL,0.018826962,0.017248631,-0.0097165108
2024-10-08,AMGN,-0.0014956594,0.019594431,-0.015995264
2024-10-08,CRM,-0.02108556,0.011097908,-0.027180851
2024-10-08,CSCO,-0.0016046762,-0.00044745207,-0.021499455
2024-10-08,IBM,0.00096642971,-8.5294247e-05,-0.016414642
2024-10-08,INTC,-2.7477741e-05,-0.0042775869,0.007717967
2024-10-08,MSFT,-0.013094962,0.019399881,-0.018400013
2024-10-08,NKE,0.012272358,-0.00090402365,-0.017536819
2024-10-08,VZ,-0.030103445,0.013026118,-0.0022540689
2024-10-08,WMT,-0.0045976639,0.0010573864,0.0005645752
2024-10-09,AAPL,-0.0056715608,-0.016516268,-0.0094092488
2024-10-09,AMGN,-0.0053965449,0.0027469397,0.00297153
2024-10-09,CRM,0.03862381,-0.0029960871,-0.053793013
2024-10-09,CSCO,0.013748646,0.0088443756,-0.011916518
2024-10-09,IBM,0.018288851,0.0057332516,-0.0092428327
2024-10-09,INTC,-0.0040752888,0.010881543,-0.015457511
2024-10-09,MSFT,-0.010999084,0.0043786764,-0.0099052787
2024-10-09,NKE,-0.0083292127,0.0026973486,-0.01061058
2024-10-09,VZ,-0.0032970309,-0.0085759759,5.9485435e-05
2024-10-09,WMT,-0.013721764,0.0075582266,-0.0052844286
2024-10-10,AAPL,-0.0044251084,0.013651013,-0.019674957
2024-10-10,AMGN,0.004917264,0.010688186,-0.012267053
2024-10-10,CRM,-0.03593111,0.044857025,-0.017147839
2024-10-10,CSCO,0.03717196,0.017307878,-0.010285914
2024-10-10,IBM,0.0087692738,0.015996456,-0.011235416
2024-10-10,INTC,0.014031172,0.012718439,-0.0067233443
2024-10-10,MSFT,-0.012336195,0.0106107,-0.010874867
2024-10-10,NKE,-0.013781011,0.016211987,-0.011187971
2024-10-10,VZ,-0.0005120635,0.0061395168,-0.012121499
2024-10-10,WMT,-0.0072360635,-0.0097410083,-0.0019590259
2024-10-11,AAPL,-0.0085336566,0.0033324957,-0.0059712529
2024-10-11,AMGN,-0.011422157,0.017793059,0.0025465488
2024-10-11,CRM,0.020149827,0.028875947,-0.0037956238
2024-10-11,CSCO,0.024164677,0.0039716959,-0.00071376562
2024-10-11,IBM,0.014413357,0.010294795,-0.0085960627
2024-10-11,INTC,-0.014593899,-0.01512444,-0.0041491389
2024-10-11,MSFT,-0.020187795,0.016838312,-0.013974905
2024-10-11,NKE,0.017622709,0.01544404,-0.019460559
2024-10-11,VZ,-0.0095945001,0.008908987,-0.0060222745
2024-10-11,WMT,0.00059759617,0.010078073,-0.0076554418
2024-10-14,AAPL,-0.027943552,-0.0064417124,0.018690228
2024-10-14,AMGN,-0.0074127316,0.017565012,-0.011974156
2024-10-14,CRM,-0.036956668,0.018593669,-0.0063146949
2024-10-14,CSCO,0.016836524,0.011524677,-0.0065254569
2024-10-14,IBM,-0.003549695,-0.0025930405,-0.0092570186
2024-10-14,INTC,0.0018960238,0.023746133,-0.0061830282
2024-10-14,MSFT,0.014717102,-0.0048580766,-0.0052688718
2024-10-14,NKE,-0.026949644,0.0084203482,0.0013180971
2024-10-14,VZ,0.016970634,-0.007003665,0.0029628277
2024-10-14,WMT,-0.011644602,0.016266465,-0.0042780042
2024-10-15,AAPL,0.01915288,0.0021511316,-0.029138923
2024-10-15,AMGN,-0.0087420344,0.031836033,-0.019421518
2024-10-15,CRM,0.017794609,0.042109251,-0.026668668
2024-10-15,CSCO,-0.013608456,0.0062307119,-0.015334785
2024-10-15,IBM,-0.017396152,0.0098333359,-0.00065839291
2024-10-15,INTC,-0.0064092875,0.016030312,-0.00053888559
2024-10-15,MSFT,-0.0053947568,-0.0021213293,-0.037172854
2024-10-15,NKE,-0.005320847,0.014883041,-0.0012605786
2024-10-15,VZ,0.017801762,0.0016459227,-0.016343415
2024-10-15,WMT,-0.0085382462,0.00061404705,-0.010703266
2024-10-16,AAPL,0.013397336,0.0092337132,-0.025718629
2024-10-16,AMGN,-0.028470457,0.021244287,-0.011330426
2024-10-16,CRM,-0.011766195,0.0044038296,0.0064902306
2024-10-16,CSCO,0.035940289,0.016085625,0.0043791533
2024-10-16,IBM,-0.0037363172,0.00031173229,0.0083342791
2024-10-16,INTC,-0.01253891,0.014885187,-0.028547823
2024-10-16,MSFT,0.0054776669,0.017996192,-0.0033900738
2024-10-16,NKE,-0.0077047348,0.0048462152,-0.0069149137
2024-10-16,VZ,-0.0027425885,0.0022244453,-0.0072649121
2024-10-16,WMT,-0.010157764,-0.0024880171,0.00042915344
2024-10-17,AAPL,-0.0012531281,-0.006690979,-0.02660048
2024-10-17,AMGN,0.030028105,0.013056397,0.00021648407
2024-10-17,CRM,-0.01869452,0.012886643,-0.011711538
2024-10-17,CSCO,-0.0026347041,0.011702657,0.008633852
2024-10-17,IBM,-0.025140405,0.0054279566,0.013065577
2024-10-17,INTC,-0.010059953,0.017899036,0.00068581104
2024-10-17,MSFT,0.026846766,0.0044950247,-0.0077825189
2024-10-17,NKE,0.012833357,-0.014509261,-0.040284097
2024-10-17,VZ,0.01122582,0.01322937,-0.00020253658
2024-10-17,WMT,-0.0056368709,0.016792417,-0.021563351
2024-10-18,AAPL,-0.030512094,0.022841215,-0.010513902
2024-10-18,AMGN,-0.012469053,0.011094213,-0.011603415
2024-10-18,CRM,-0.040470481,1.7285347e-05,-0.0093637109
2024-10-18,CSCO,-0.055613756,0.025217414,0.0060101748
2024-10-18,IBM,-0.0085709095,-0.00214082,0.0011219978
2024-10-18,INTC,0.013877749,0.0090427399,-0.015923977
2024-10-18,MSFT,-0.013826489,-0.0056592822,-0.001055181
2024-10-18,NKE,0.00013422966,0.0057851076,-0.024343669
2024-10-18,VZ,-0.0064293742,0.003380537,-0.004370749
2024-10-18,WMT,0.017138481,0.0005184412,-0.010733664
2024-10-21,AAPL,-0.034879982,0.0047774315,0.0097094774
2024-10-21,AMGN,0.013062835,0.0091165304,-0.013066351
2024-10-21,CRM,0.011891127,0.019065261,-0.015548646
2024-10-21,CSCO,-0.015041292,0.015676737,-0.00094783306
2024-10-21,IBM,-0.0090908408,-0.0029894114,-0.014042974
2024-10-21,INTC,-0.0044873953,0.010872841,-0.010674238
2024-10-21,MSFT,-0.0018925071,0.016550779,-0.011043191
2024-10-21,NKE,0.011182785,0.017615318,-0.0030109882
2024-10-21,VZ,-0.019949138,0.014866233,-0.0055044293
2024-10-21,WMT,0.00908494,-0.0047687888,0.0010634661
2024-10-22,AAPL,-0.010287225,0.013750434,-0.022421837
2024-10-22,AMGN,-0.0078827739,0.014915228,-0.0021651387
2024-10-22,CRM,-0.01890862,-0.017434061,-0.0088908076
2024-10-22,CSCO,0.017453194,-0.00062781572,-0.01219511
2024-10-22,IBM,0.014483452,-0.0035501719,-0.0011137724
2024-10-22,INTC,-0.015437961,0.006182313,-0.023674905
2024-10-22,MSFT,-0.00060409307,0.029660106,0.0078918934
2024-10-22,NKE,0.025384307,0.02012217,-0.007953763
2024-10-22,VZ,-0.00039207935,-0.0015553832,-0.0087125301
2024-10-22,WMT,-0.011379302,0.013805509,-0.012791991
2024-10-23,AAPL,-0.014668226,-0.0097304583,0.016201735
2024-10-23,AMGN,0.0050382614,0.0012274981,-0.009450376
2024-10-23,CRM,-0.00094199181,0.029420376,-0.0079612136
2024-10-23,CSCO,-0.0025679469,0.0066847801,-0.010653079
2024-10-23,IBM,-0.019691169,0.0053808689,-0.0040932894
2024-10-23,INTC,-0.0084956288,0.0082881451,-0.0016866326
2024-10-23,MSFT,-0.017438352,0.009275794,-0.022489786
2024-10-23,NKE,-0.0028122067,0.0098060369,-0.01684159
2024-10-23,VZ,0.01004231,0.0075955391,-0.02389729
2024-10-23,WMT,0.0097776651,0.0070669651,-0.015835822
2024-10-24,AAPL,-0.0031314492,0.0094627142,-0.016597509
2024-10-24,AMGN,0.021242857,0.00023424625,-0.0033203959
2024-10-24,CRM,-0.016176701,0.013110638,-0.039387941
2024-10-24,CSCO,0.016081214,0.007827878,0.0042592287
2024-10-24,IBM,-0.025073767,0.0074409246,-0.0084852576
2024-10-24,INTC,0.030663848,0.035156131,-0.017551899
2024-10-24,MSFT,0.010387897,0.013562441,-0.00011080503
2024-10-24,NKE,-0.013857305,0.021421194,-0.012048125
2024-10-24,VZ,0.011879921,0.0026023388,-0.0064677596
2024-10-24,WMT,0.014208436,0.011509061,-0.021236897
2024-10-25,AAPL,-0.0025719404,0.025874257,0.0012793541
2024-10-25,AMGN,-0.021247864,0.02185452,-0.013276219
2024-10-25,CRM,0.019410014,-0.001960814,-0.015625298
2024-10-25,CSCO,0.025719404,-0.0010243058,-0.0075410008
2024-10-25,IBM,0.0059132576,0.010314345,0.0073045492
2024-10-25,INTC,-0.020209193,0.005264163,0.0094972849
2024-10-25,MSFT,-0.0048670769,0.0071592331,0.00089132786
2024-10-25,NKE,0.0010493994,0.025213361,-0.0036930442
2024-10-25,VZ,-0.017153144,-0.00044369698,0.0010766983
2024-10-25,WMT,0.018467665,-0.0021060109,-0.001647532
2024-10-28,AAPL,-0.0034682155,-0.00073391199,0.0070397854
2024-10-28,AMGN,0.0018819571,0.019904494,-0.018594444
2024-10-28,CRM,-0.0068828464,0.022208571,-0.017357469
2024-10-28,CSCO,-0.018257082,0.0081019402,-0.0002720952
2024-10-28,IBM,-0.0046612024,0.0040254593,0.0089085102
2024-10-28,INTC,-0.012945175,0.022145271,-0.014059603
2024-10-28,MSFT,-0.027199507,0.0021307468,-0.03945744
2024-10-28,NKE,0.012564778,0.01958847,0.0085046291
2024-10-28,VZ,-0.012354493,0.02579546,-0.023536384
2024-10-28,WMT,0.022710204,-0.00054979324,-0.0036311746
2024-10-29,AAPL,0.003033042,0.022443295,-0.020039678
2024-10-29,AMGN,-0.0066634417,0.023829341,0.012972713
2024-10-29,CRM,0.059701681,0.017317295,-0.0050820112
2024-10-29,CSCO,0.019792914,0.010327697,-0.037717998
2024-10-29,IBM,-0.0095549226,0.0049436092,0.0009996891
2024-10-29,INTC,-0.0314309,-0.0006095767,0.00041890144
2024-10-29,MSFT,-0.00049108267,-0.014600337,-0.0061244369
2024-10-29,NKE,0.0059733391,0.021183372,-0.013065219
2024-10-29,VZ,0.0098888874,0.0054780245,-0.0091081262
2024-10-29,WMT,-0.0017309189,-0.0039436221,0.0048443079
2024-10-30,AAPL,-0.0083690286,0.010108113,-0.030511081
2024-10-30,AMGN,-0.007111907,0.02350235,-0.013698161
2024-10-30,CRM,0.0033555031,0.003400445,-0.034457445
2024-10-30,CSCO,-0.0050536394,0.0082662106,-0.015560091
2024-10-30,IBM,0.010213614,0.0037983656,-0.0013856292
2024-10-30,INTC,0.011210084,0.0096538067,-0.022397578
2024-10-30,MSFT,-0.00052183867,0.023319006,-0.0063950419
2024-10-30,NKE,-0.032150567,0.019260287,0.0045882463
2024-10-30,VZ,-0.0052363873,0.0046319962,-0.012333512
2024-10-30,WMT,0.0019747019,0.007707119,-0.013563931
2024-10-31,AAPL,0.003436923,0.0012539625,-0.028811276
2024-10-31,AMGN,-0.021356046,0.028718233,-0.0070855618
2024-10-31,CRM,-0.034135997,0.0091226101,0.0015569925
2024-10-31,CSCO,0.0060901642,-0.0033388734,0.0010480881
2024-10-31,IBM,-0.026744127,0.011443853,-0.011601508
2024-10-31,INTC,0.022128344,0.01219368,-0.010533631
2024-10-31,MSFT,0.015145421,0.0092761517,-0.012476206
2024-10-31,NKE,-0.060179353,0.00060594082,-0.011980057
2024-10-31,VZ,-0.031504214,0.013836026,-0.025714397
2024-10-31,WMT,0.0082987547,0.0012021065,-0.0098326206
2024-11-01,AAPL,-0.02161932,0.02010417,-0.0035510659
2024-11-01,AMGN,0.0064054728,0.010204673,-0.025527477
2024-11-01,CRM,0.00026929379,0.0022855997,-0.0068291426
2024-11-01,CSCO,-0.0076116323,0.023999095,-0.0042747259
2024-11-01,IBM,-0.015409887,0.013925552,-0.0071761608
2024-11-01,INTC,-0.044915795,0.0060179234,0.0069255829
2024-11-01,MSFT,0.019201636,0.015444279,0.0079445839
2024-11-01,NKE,-0.021331906,0.012341499,-0.010856926
2024-11-01,VZ,-0.028504372,0.010741472,-0.0067520738
2024-11-01,WMT,0.014070034,0.0072705746,-0.0051518679
2024-11-04,AAPL,-0.0048570633,-0.0078565478,-0.01593405
2024-11-04,AMGN,0.0035760403,-0.0053523779,-0.0057286024
2024-11-04,CRM,-0.019910872,0.016785026,-0.034139335
2024-11-04,CSCO,-0.013877749,0.014146447,-0.0030272007
2024-11-04,IBM,-0.016438723,0.021104932,0.0021816492
2024-11-04,INTC,-0.0024894476,0.018863797,-0.0088874698
2024-11-04,MSFT,0.021793962,-0.0023998022,-0.012311399
2024-11-04,NKE,0.0089937449,0.0057449341,-0.027837396
2024-11-04,VZ,0.0090802908,0.0084346533,-0.019056559
2024-11-04,WMT,-0.018173575,0.023257256,-0.011709869
2024-11-05,AAPL,0.019175887,0.017182708,-0.025146067
2024-11-05,AMGN,0.0030311346,0.0095382929,-0.013103306
2024-11-05,CRM,0.018995881,0.014415503,-0.01273334
2024-11-05,CSCO,-0.037376344,0.016147614,-0.011528373
2024-11-05,IBM,-0.004026413,-0.00216043,0.0033888817
2024-11-05,INTC,-0.033066928,-0.0070040226,0.0005620718
2024-11-05,MSFT,-0.015026689,0.00025939941,-0.0015873313
2024-11-05,NKE,-0.011121929,0.0050736666,0.0035331249
2024-11-05,VZ,-0.0094439387,-0.008569479,-0.0050128698
2024-11-05,WMT,-0.0020542145,0.0090717077,-0.012881041
2024-11-06,AAPL,0.01559186,0.00081551075,0.0045374632
2024-11-06,AMGN,0.025018454,-0.0059663057,-0.023832738
2024-11-06,CRM,0.024086714,0.0071433783,0.0028198957
2024-11-06,CSCO,0.003816247,0.026946545,-0.015987456
2024-11-06,IBM,-0.01281023,0.0067939758,-0.0041655302
2024-11-06,INTC,-0.01279223,0.0075391531,0.0039571524
2024-11-06,MSFT,-0.0078495145,0.0025045872,-0.0083606839
2024-11-06,NKE,0.011189222,0.02087903,-0.0095765591
2024-11-06,VZ,-0.036617517,0.0033094883,-0.0079927444
2024-11-06,WMT,0.014202476,0.0088467598,-0.0046375394
2024-11-07,AAPL,-0.0061053038,0.0023953915,-0.018741488
2024-11-07,AMGN,-0.0045912266,0.0069129467,-0.0040211082
2024-11-07,CRM,-0.0013535619,0.03678441,-0.039354444
2024-11-07,CSCO,9.5129013e-05,-0.0093455911,-0.001643002
2024-11-07,IBM,-0.00018268824,-0.0067936182,-0.0022063851
2024-11-07,INTC,-0.00090926886,0.023896575,-0.002995193
2024-11-07,MSFT,-0.023289025,0.00025773048,-0.013305008
2024-11-07,NKE,-0.0039920807,0.0014781952,-0.01583451
2024-11-07,VZ,-0.015854061,0.0099436045,-0.028720975
2024-11-07,WMT,-0.017272413,0.013272166,-0.0053277016
2024-11-08,AAPL,0.018735409,-0.0073554516,-0.013167918
2024-11-08,AMGN,0.0083142519,0.045102715,-0.020831406
2024-11-08,CRM,-0.021752775,0.0030885935,-0.014830232
2024-11-08,CSCO,-0.0098941922,-0.011338174,-0.015921116
2024-11-08,IBM,-0.018951178,0.0021947622,-0.021484077
2024-11-08,INTC,0.014591217,-0.001406014,0.010066748
2024-11-08,MSFT,-0.0035558343,-0.0034981966,-0.010335803
2024-11-08,NKE,0.017219901,0.010489464,0.0075619221
2024-11-08,VZ,-0.024656057,0.027040124,-0.00063347816
2024-11-08,WMT,0.014355183,0.0012407303,0.0050057173
2024-11-11,AAPL,0.0021532774,0.0025888681,-0.015485525
2024-11-11,AMGN,-0.0018969774,0.017073631,-0.006118834
2024-11-11,CRM,-0.029223382,0.011978149,-0.02706629
2024-11-11,CSCO,-0.0051912069,-0.0010778308,-0.019492924
2024-11-11,IBM,0.014342427,-0.0042551756,-0.01711762
2024-11-11,INTC,0.01598525,0.020813107,-0.020174444
2024-11-11,MSFT,-0.012685001,0.0033800602,-0.0048208833
2024-11-11,NKE,0.044754386,0.01900959,-0.01392132
2024-11-11,VZ,-0.0015823841,0.0042048693,-0.0013682246
2024-11-11,WMT,-0.0049814582,0.0090264082,0.009802103
2024-11-12,AAPL,-0.019861639,0.013076663,-0.019774377
2024-11-12,AMGN,0.020557761,-0.0058965087,0.0014570951
2024-11-12,CRM,0.031363726,0.017756581,-0.0078089833
2024-11-12,CSCO,0.0054266453,0.015349388,-0.0030740499
2024-11-12,IBM,0.014328718,0.014584303,3.3378601e-05
2024-11-12,INTC,0.00089490414,-0.0020843744,-0.01246357
2024-11-12,MSFT,0.0022581816,0.020492673,0.0012633801
2024-11-12,NKE,-0.012847662,-0.005048573,-0.0045554638
2024-11-12,VZ,-0.004334271,0.011236668,-0.0094162226
2024-11-12,WMT,-0.027712643,-0.0021391511,-0.01163739
2024-11-13,AAPL,-0.012580216,0.015929818,-0.018401742
2024-11-13,AMGN,-0.018359959,0.0093144178,-0.024802804
2024-11-13,CRM,0.017131329,0.0038869381,-0.044039786
2024-11-13,CSCO,-0.023283482,0.014636636,-0.011838198
2024-11-13,IBM,-0.0072453618,-0.0023113489,-0.01293534
2024-11-13,INTC,0.0035566092,0.0094549656,-0.027994394
2024-11-13,MSFT,-0.035134435,0.0073689222,-0.0043311715
2024-11-13,NKE,-0.0077186227,0.01535058,-0.013519228
2024-11-13,VZ,-0.0038191676,0.017372847,-0.0047958493
2024-11-13,WMT,-0.02537477,0.013420224,-0.0043746829
2024-11-14,AAPL,0.0098243952,0.018293381,0.016102433
2024-11-14,AMGN,0.0095851421,0.0027025938,-0.016341746
2024-11-14,CRM,0.044800043,-0.014011562,-0.021089494
2024-11-14,CSCO,0.014640093,0.023447037,0.0097569227
2024-11-14,IBM,0.00013256073,0.010155678,-0.00020372868
2024-11-14,INTC,0.01027751,0.0014953613,-0.021172166
2024-11-14,MSFT,0.0025391579,0.0021480322,-0.0023810863
2024-11-14,NKE,-0.032960713,0.0087729692,-0.010968149
2024-11-14,VZ,0.015193224,0.015454412,-0.02638042
2024-11-14,WMT,0.0061594248,0.014666677,-0.0048086047
2024-11-15,AAPL,-0.005068481,0.019324303,-0.019453287
2024-11-15,AMGN,-0.0041145682,0.0085123777,-0.0083236098
2024-11-15,CRM,0.017031431,-0.016900599,0.00073254108
2024-11-15,CSCO,-0.045934081,0.0026817322,-0.024782896
2024-11-15,IBM,0.0014710426,-0.004835844,-0.016473472
2024-11-15,INTC,0.0091129541,0.0089428425,-0.025627315
2024-11-15,MSFT,-0.0079542994,0.013780355,-0.016421676
2024-11-15,NKE,-0.0047961473,0.0082175732,-0.0013061166
2024-11-15,VZ,-0.022363245,0.0067895651,-0.01299715
2024-11-15,WMT,0.0019271374,0.001180172,-0.019248009
2024-11-18,AAPL,-0.0018624067,0.032969952,-0.018935978
2024-11-18,AMGN,0.00021207333,0.035758734,-0.0043612719
2024-11-18,CRM,0.037315011,0.018183351,-0.034544051
2024-11-18,CSCO,-0.01697278,-0.010005951,-0.014996111
2024-11-18,IBM,0.0035678148,0.006188035,0.0067061186
2024-11-18,INTC,-0.0050705671,0.0051722527,-0.0048730969
2024-11-18,MSFT,-0.0018220544,0.01905334,-0.0031899214
2024-11-18,NKE,-0.027788162,0.0079388618,0.0002887249
2024-11-18,VZ,-0.0076752305,0.015519619,-0.01117897
2024-11-18,WMT,0.017062187,0.004639864,-0.0031170845
2024-11-19,AAPL,-0.0036329031,0.01095593,-0.0073264837
2024-11-19,AMGN,-0.058024824,0.0076160431,-0.0074208975
2024-11-19,CRM,-0.012684822,-0.011544347,-0.0074630976
2024-11-19,CSCO,-0.0068269372,0.018990636,-0.0080990195
2024-11-19,IBM,0.010795236,0.0051594973,0.0012447834
2024-11-19,INTC,0.031047225,-0.015841842,-0.001760602
2024-11-19,MSFT,0.0013417006,-0.033124924,-0.0054736733
2024-11-19,NKE,-0.023665369,0.014257908,-0.0013391972
2024-11-19,VZ,0.012714267,-0.0018346906,-0.007325232
2024-11-19,WMT,-0.016218126,0.020898819,-0.020881116
2024-11-20,AAPL,0.0038039684,0.013522625,-0.022352993
2024-11-20,AMGN,0.011993289,0.015299439,-0.0015564561
2024-11-20,CRM,0.034839272,0.036283612,0.010748267
2024-11-20,CSCO,0.015378952,0.015807033,-0.010439396
2024-11-20,IBM,-0.0059538484,0.02282536,-0.0041825771
2024-11-20,INTC,0.016896486,0.013391733,-0.010760844
2024-11-20,MSFT,0.014143229,0.0021115541,-0.020757735
2024-11-20,NKE,0.0018928051,0.011290312,-0.012198865
2024-11-20,VZ,-0.0062901974,0.018270254,0.0040063858
2024-11-20,WMT,-0.0048143864,0.011705041,-0.0028287172
2024-11-21,AAPL,-0.025278807,0.013250709,-0.013841689
2024-11-21,AMGN,-0.036015987,0.0075153112,-0.015614212
2024-11-21,CRM,0.044804692,0.0084189177,0.0077108145
2024-11-21,CSCO,-0.0059041381,0.0070202351,-0.00045210123
2024-11-21,IBM,-0.0042101741,0.016782522,-0.00061970949
2024-11-21,INTC,0.029453635,-0.00867486,-0.018381774
2024-11-21,MSFT,-0.027135372,0.00030851364,-0.034098804
2024-11-21,NKE,0.017212272,0.0060698986,-0.0083456635
2024-11-21,VZ,-0.0086498857,0.0024784803,-0.024349689
2024-11-21,WMT,-0.016324222,0.0040476322,-0.0035342574
2024-11-22,AAPL,0.0022803545,0.0016467571,-0.027368605
2024-11-22,AMGN,0.00218153,0.0088006258,-0.0090152025
2024-11-22,CRM,0.032985449,0.034136057,-0.024215102
2024-11-22,CSCO,-0.00095176697,-0.0065214634,-0.020753503
2024-11-22,IBM,0.0041766167,0.0067212582,-0.0013421774
2024-11-22,INTC,0.018836498,0.01575017,0.0083322525
2024-11-22,MSFT,-0.015985668,0.013485909,0.00012385845
2024-11-22,NKE,0.012942195,0.0045456886,0.0061248541
2024-11-22,VZ,-0.0085110068,0.011117339,-0.0082868338
2024-11-22,WMT,-0.012406409,-0.002808094,-0.0015701652
2024-11-25,AAPL,0.0019917488,0.019986987,-0.011242747
2024-11-25,AMGN,-0.045344472,0.01207912,-0.0043118596
2024-11-25,CRM,0.0079808235,0.015200734,-0.010722935
2024-11-25,CSCO,-0.0076870322,0.019554973,-0.011909604
2024-11-25,IBM,-0.0015816092,-0.0044848919,0.0081776381
2024-11-25,INTC,0.0028269291,0.016493678,-0.027864516
2024-11-25,MSFT,0.0035319328,-0.0075985193,-0.023725927
2024-11-25,NKE,0.0017001629,0.0014010668,-0.010615289
2024-11-25,VZ,0.0070310831,0.0068590641,0.0048183203
2024-11-25,WMT,-0.0014900565,0.0093122721,-0.0014234781
2024-11-26,AAPL,-0.010345221,0.023903847,-0.018964171
2024-11-26,AMGN,-0.030251384,0.0023463964,-0.015633941
2024-11-26,CRM,0.040928841,0.0069202185,-0.01641506
2024-11-26,CSCO,0.019441009,0.0041298866,-0.0048200488
2024-11-26,IBM,-0.014285266,0.014887333,0.005299449
2024-11-26,INTC,0.0038911104,0.010727286,-0.0077967048
2024-11-26,MSFT,0.011103511,0.014087796,-0.0034687519
2024-11-26,NKE,0.0028175116,0.00037586689,-0.013767958
2024-11-26,VZ,0.026666641,0.010872126,-0.007922411
2024-11-26,WMT,-0.019976735,0.012025237,-0.015424013
2024-11-27,AAPL,0.015489578,0.00018155575,-0.0016524792
2024-11-27,AMGN,-0.0081592202,0.010039926,-0.0074573755
2024-11-27,CRM,-0.065514445,0.0030429363,0.0085476637
2024-11-27,CSCO,-0.01070106,0.0027909279,-0.0089149475
2024-11-27,IBM,-0.0017664433,0.0080952644,-0.0052139759
2024-11-27,INTC,0.0034409761,0.011586785,-0.0071665049
2024-11-27,MSFT,0.00031507015,0.00043559074,-0.012584567
2024-11-27,NKE,0.02095294,-0.0056654811,0.012161255
2024-11-27,VZ,0.018440843,0.013633728,0.0088015795
2024-11-27,WMT,0.0043845177,-0.0099861026,-0.016934693
2024-11-29,AAPL,0.011291385,0.0031307936,-0.015182793
2024-11-29,AMGN,-0.002276659,0.0098805428,0.0069056749
2024-11-29,CRM,0.038272023,0.01597023,0.015020847
2024-11-29,CSCO,0.024163127,0.01297915,-0.031201482
2024-11-29,IBM,-0.0097721815,0.010181427,-0.010467649
2024-11-29,INTC,-0.0062866211,0.013903856,-0.0078892112
2024-11-29,MSFT,0.0064842701,0.020812988,-0.0062357187
2024-11-29,NKE,0.0032447577,0.0076178312,0.0074504614
2024-11-29,VZ,-0.014570594,-0.00074386597,-0.0079107881
2024-11-29,WMT,-0.012009263,0.008312583,-0.018081367
2024-12-02,AAPL,0.0034915209,0.012708545,-0.016982138
2024-12-02,AMGN,0.00020980835,0.019910097,-0.015969574
2024-12-02,CRM,-0.0044083595,0.020108461,-0.019080162
2024-12-02,CSCO,0.013792515,0.0088281631,-0.0084171295
2024-12-02,IBM,0.022823095,0.0063939095,-0.0065226555
2024-12-02,INTC,0.012372851,0.0017555952,-0.018540919
2024-12-02,MSFT,-0.010658264,0.013305068,-0.026531816
2024-12-02,NKE,0.013384938,0.0083577633,-0.020417929
2024-12-02,VZ,-0.0094078779,0.0071641207,-0.0093063116
2024-12-02,WMT,-0.0076237917,0.017914772,-0.0022003651
2024-12-03,AAPL,0.032142162,0.019319654,-0.01778394
2024-12-03,AMGN,0.015660405,0.025248051,-0.0085816383
2024-12-03,CRM,-0.0037488937,0.028401852,0.00049841404
2024-12-03,CSCO,-0.009455204,0.02398026,-0.00093507767
2024-12-03,IBM,0.0067983866,-0.0047826767,-0.0043074489
2024-12-03,INTC,-0.0034505129,0.010256529,-0.0034826398
2024-12-03,MSFT,-0.013845265,0.024609923,-0.012655675
2024-12-03,NKE,0.019704223,-0.009814918,-0.00076764822
2024-12-03,VZ,0.020811081,0.0074318647,-0.01381439
2024-12-03,WMT,0.0057339668,0.008238554,0.01547122
2024-12-04,AAPL,-0.004376173,0.029195786,0.007014513
2024-12-04,AMGN,0.010317683,0.013181329,-0.0080516934
2024-12-04,CRM,0.014728069,-0.00098180771,0.0049022436
2024-12-04,CSCO,-0.029536843,0.0037522316,-0.017241299
2024-12-04,IBM,0.011684418,0.0016920567,0.0079898834
2024-12-04,INTC,-0.014993906,0.0053730011,-0.0031232834
2024-12-04,MSFT,0.028987527,0.0023498535,-0.0084619522
2024-12-04,NKE,0.012343526,-0.0046184063,-0.029159188
2024-12-04,VZ,0.0069556236,0.01058805,-0.016357481
2024-12-04,WMT,-0.0088839531,0.010914803,-0.010152698
2024-12-05,AAPL,0.047248721,0.033927679,-0.009732008
2024-12-05,AMGN,0.0043473244,0.032536864,0.018192053
2024-12-05,CRM,0.0073105097,-0.0047396421,-0.051770508
2024-12-05,CSCO,0.010846019,-0.0063931346,0.018967748
2024-12-05,IBM,8.0704689e-05,0.013552308,-0.011941254
2024-12-05,INTC,0.014133811,-0.021936595,-0.024522245
2024-12-05,MSFT,0.014665723,0.013406515,-0.01224494
2024-12-05,NKE,-0.00018775463,0.011844873,-0.0056079626
2024-12-05,VZ,-0.0013715625,0.022048354,-0.0086418986
2024-12-05,WMT,0.0022735596,0.015730739,-0.011573672
2024-12-06,AAPL,0.041276336,0.023258686,-0.0130862
2024-12-06,AMGN,-0.0030859709,-0.0016351938,-0.011832654
2024-12-06,CRM,-0.022040963,0.0061372519,-0.047644436
2024-12-06,CSCO,0.0025860071,-0.014693618,-0.019142628
2024-12-06,IBM,0.0027639866,-0.0046795607,-0.01076144
2024-12-06,INTC,-0.033641875,0.023128271,-0.010479152
2024-12-06,MSFT,0.026265502,0.0072059631,-0.001175642
2024-12-06,NKE,-0.00090837479,-0.0040727258,-0.017171204
2024-12-06,VZ,-0.00096708536,0.0096062422,-0.0096892715
2024-12-06,WMT,-0.017000139,0.010499954,-0.010412514
2024-12-09,AAPL,0.0015859604,0.019512653,-0.010763526
2024-12-09,AMGN,0.010032296,0.01029706,0.0035656691
2024-12-09,CRM,0.02447021,-0.0073705316,-0.047113717
2024-12-09,CSCO,0.036361217,-0.0052701235,-0.010356486
2024-12-09,IBM,0.002923727,-0.0046958327,-0.0068620443
2024-12-09,INTC,-0.010873735,0.010349631,0.0054252148
2024-12-09,MSFT,0.039471626,0.0071052313,-0.027576029
2024-12-09,NKE,-0.04022336,0.0095826387,0.0064046383
2024-12-09,VZ,-0.0011067986,0.0036606789,-0.0090023279
2024-12-09,WMT,-0.0049687028,0.012487292,0.0043541193
2024-12-10,AAPL,0.0017791986,-0.0059258342,-0.011864543
2024-12-10,AMGN,0.019672394,0.030083299,-0.0051112175
2024-12-10,CRM,-0.016196728,0.021582246,-0.022354841
2024-12-10,CSCO,-0.02497381,0.020603538,-0.017919123
2024-12-10,IBM,-0.0086575747,0.0090582371,-0.01092732
2024-12-10,INTC,-0.014810503,0.0061393976,-0.011911094
2024-12-10,MSFT,-0.013444841,0.0011966228,-0.02540803
2024-12-10,NKE,-0.027142704,-0.0034208298,-0.0092122555
2024-12-10,VZ,-0.022961855,0.0096768141,-0.020109236
2024-12-10,WMT,-0.020138919,-0.014882863,-0.011519074
2024-12-11,AAPL,-0.015794814,0.028113723,-0.03201586
2024-12-11,AMGN,0.023435712,0.024116039,-0.01066184
2024-12-11,CRM,-0.043056488,0.02706778,-0.048110247
2024-12-11,CSCO,-0.023509264,-0.014036417,-0.0060263872
2024-12-11,IBM,-0.012917757,0.013571262,-0.015068948
2024-12-11,INTC,0.0064324141,0.00052833557,-0.00065654516
2024-12-11,MSFT,-0.047928035,0.00060534477,-0.019176185
2024-12-11,NKE,0.030267596,0.019041061,-0.0011452436
2024-12-11,VZ,-0.014327288,0.025087476,-0.0040522218
2024-12-11,WMT,0.0024621487,-0.0013902783,-0.0024819374
2024-12-12,AAPL,-0.0036686063,-0.0024470091,-0.010185897
2024-12-12,AMGN,-0.0072257519,0.016719818,-0.027196467
2024-12-12,CRM,0.01891923,0.014411926,0.005187273
2024-12-12,CSCO,0.038148761,0.0083378553,-0.021102905
2024-12-12,IBM,-0.01690501,0.015662909,-0.0090705752
2024-12-12,INTC,-0.00066441298,0.016632318,-0.024050951
2024-12-12,MSFT,-0.022725582,0.020549059,-0.015905321
2024-12-12,NKE,-0.0044498444,0.0044584274,-0.0045762062
2024-12-12,VZ,0.0038371086,0.030227065,-0.015161872
2024-12-12,WMT,-0.034141362,0.018232584,-0.016965985
2024-12-13,AAPL,0.012930036,-0.0019299984,0.00021862984
2024-12-13,AMGN,-0.0074449182,0.020357132,-0.016273439
2024-12-13,CRM,0.035407901,0.020962,-0.013013721
2024-12-13,CSCO,-0.026593864,-0.0078103542,-0.010235786
2024-12-13,IBM,-0.010218024,0.0092289448,0.00051283836
2024-12-13,INTC,0.013626695,-0.0058805346,-0.013407946
2024-12-13,MSFT,-0.0048276186,0.011255145,-0.0098404288
2024-12-13,NKE,0.0041731596,0.021104336,-0.016697824
2024-12-13,VZ,0.0043359995,0.0014060736,-0.0062193871
2024-12-13,WMT,0.00038826466,0.014880776,0.009578228
2024-12-16,AAPL,0.00016951561,0.017960787,-0.028164864
2024-12-16,AMGN,-0.013258576,0.0020136833,-0.0023679733
2024-12-16,CRM,-0.016538262,0.010629296,-0.022908568
2024-12-16,CSCO,0.00059533119,0.026645184,-0.0014744997
2024-12-16,IBM,0.0041307211,0.015089989,-0.020608604
2024-12-16,INTC,0.012337685,0.021109819,-0.012120545
2024-12-16,MSFT,-0.017287374,0.020674825,-0.0062103271
2024-12-16,NKE,-0.0037466884,-0.0058581829,0.012791157
2024-12-16,VZ,0.001809001,0.02104795,-0.011616051
2024-12-16,WMT,-0.0088229775,0.020172596,-0.0037454963
2024-12-17,AAPL,0.0030139685,0.006044507,-0.0063329935
2024-12-17,AMGN,-0.00066715479,0.0028712749,-0.012803435
2024-12-17,CRM,0.022741556,-0.0047694445,-0.045885623
2024-12-17,CSCO,0.027848005,0.021489501,-0.001073122
2024-12-17,IBM,-0.0021538734,0.0045050383,-0.0071276426
2024-12-17,INTC,-0.038438678,0.0051709414,0.0018646717
2024-12-17,MSFT,-0.004888773,0.0022661686,-0.0085756779
2024-12-17,NKE,-0.01786685,0.0066221952,-0.010104537
2024-12-17,VZ,0.0179286,-0.0022105575,-0.019159079
2024-12-17,WMT,-0.019928336,0.019114852,-0.0099688172
2024-12-18,AAPL,0.019049048,0.0071427822,-0.0011534691
2024-12-18,AMGN,-0.034372032,0.022840738,0.0051090717
2024-12-18,CRM,0.018078923,0.017088771,0.0095198154
2024-12-18,CSCO,-0.0053863525,-0.0049199462,-0.0016438365
2024-12-18,IBM,0.024798989,0.010611534,-0.013924599
2024-12-18,INTC,0.02776587,0.012577415,-0.0023836493
2024-12-18,MSFT,-0.017922521,0.027507186,-0.024861991
2024-12-18,NKE,0.0066884756,0.010379076,-0.020694077
2024-12-18,VZ,0.011136651,-0.0015283823,-0.024572134
2024-12-18,WMT,0.00028550625,0.0085529089,0.0038716793
2024-12-19,AAPL,0.00243783,0.013879657,-0.028660834
2024-12-19,AMGN,0.004597187,0.021274567,-0.012367547
2024-12-19,CRM,0.018044353,0.035133481,-0.010845959
2024-12-19,CSCO,0.040178776,0.015991688,-0.020005226
2024-12-19,IBM,0.012381911,0.0016337633,-0.0038245916
2024-12-19,INTC,-0.019800782,0.023958683,-0.0010561347
2024-12-19,MSFT,-0.0042743087,0.0033093691,-0.00768888
2024-12-19,NKE,-0.0053551197,0.008363843,0.0038683414
2024-12-19,VZ,-0.0047736764,-0.0017027259,-0.0072045326
2024-12-19,WMT,-0.0065814257,0.0074869394,-0.00089359283
2024-12-20,AAPL,-0.011601925,-0.0012555122,-0.0087093711
2024-12-20,AMGN,-0.0013946295,0.00027859211,-0.0064213276
2024-12-20,CRM,0.018852949,0.0015296936,-0.01336056
2024-12-20,CSCO,-0.0093022585,-0.0021184087,-0.0092769265
2024-12-20,IBM,-0.011242688,0.016352296,-0.0043245554
2024-12-20,INTC,0.012694716,0.0047721863,-0.027206063
2024-12-20,MSFT,0.010536313,0.016286254,-0.0061804652
2024-12-20,NKE,-0.026385665,0.0045672655,-0.008774817
2024-12-20,VZ,-0.023003221,-0.0021672249,-0.01808387
2024-12-20,WMT,0.0021380186,0.028983593,-0.0028790832
2024-12-23,AAPL,0.039965391,0.0079915524,-0.029543102
2024-12-23,AMGN,-0.019698739,0.0080780983,-0.025728405
2024-12-23,CRM,-0.0018538237,0.016676903,-0.007504344
2024-12-23,CSCO,0.0045807362,-0.00036764145,-0.0049071908
2024-12-23,IBM,0.010529995,0.012327194,-0.012890041
2024-12-23,INTC,0.0087832212,0.0085542202,0.0047603846
2024-12-23,MSFT,0.010431886,0.0065735579,-0.014514565
2024-12-23,NKE,-0.016433597,0.015345097,-0.011138558
2024-12-23,VZ,-0.0011823773,0.0065326691,-0.0063756704
2024-12-23,WMT,-0.0041543245,0.0051954985,-0.0030430555
2024-12-24,AAPL,-0.0077174902,0.020655513,-0.0088202357
2024-12-24,AMGN,0.0038311481,0.011354208,0.0036799908
2024-12-24,CRM,-0.0083556175,0.0061230659,-0.0053446293
2024-12-24,CSCO,-0.017882466,0.012106419,-0.0087441802
2024-12-24,IBM,-0.0092003345,0.011448741,0.012991667
2024-12-24,INTC,-0.025429487,-0.000880301,-0.019417107
2024-12-24,MSFT,-0.017026484,-0.012330472,-0.020869374
2024-12-24,NKE,0.00010693073,0.0087500811,-0.0079489946
2024-12-24,VZ,0.014023066,-0.0089895725,-0.00027829409
2024-12-24,WMT,-0.001614213,-0.0060790181,-0.0039528608
2024-12-26,AAPL,-0.025367856,0.009100318,0.010479212
2024-12-26,AMGN,-0.0095338821,-0.0040158629,-0.006370008
2024-12-26,CRM,0.041594505,0.031645536,-0.030794084
2024-12-26,CSCO,-0.030090094,0.0012512207,-0.0046470165
2024-12-26,IBM,-0.0088297129,0.00018382072,-0.00242275
2024-12-26,INTC,0.0081932545,0.019348502,-0.015577495
2024-12-26,MSFT,0.012736559,0.0068200827,-0.033130467
2024-12-26,NKE,0.0093557835,0.012327075,-0.0034289956
2024-12-26,VZ,0.011690855,0.01350832,-0.0035361052
2024-12-26,WMT,0.0063517094,-0.0040826201,0.0015590191
2024-12-27,AAPL,0.00011122227,0.0050088167,-0.0054016113
2024-12-27,AMGN,-0.027932644,-0.0024988055,-0.0067694783
2024-12-27,CRM,0.021357298,0.008916378,-0.020966053
2024-12-27,CSCO,0.016552567,0.011138082,-0.020939529
2024-12-27,IBM,0.00704813,-0.0047698617,-0.0032410026
2024-12-27,INTC,0.0069904327,-0.008815527,-0.012710989
2024-12-27,MSFT,0.010688305,0.0048588514,0.0001026392
2024-12-27,NKE,-0.010720789,0.024526,-0.0021064878
2024-12-27,VZ,-0.030430317,0.005844593,-0.0025560856
2024-12-27,WMT,-0.015844643,0.0096946955,-0.005872786
2024-12-30,AAPL,0.014201999,0.0069979429,-0.048377395
2024-12-30,AMGN,-0.026974976,0.030961156,-0.0084062219
2024-12-30,CRM,0.01069057,0.018202424,-0.038432717
2024-12-30,CSCO,-0.002641201,-0.00040704012,-0.0054541826
2024-12-30,IBM,0.0089337826,0.0086146593,-0.0020986795
2024-12-30,INTC,-0.0087208152,0.00017237663,-0.023979902
2024-12-30,MSFT,0.0024615526,0.0083471537,-0.019159436
2024-12-30,NKE,0.0032764673,0.009978056,-0.010584056
2024-12-30,VZ,-0.015349329,0.0081750154,-0.00030106306
2024-12-30,WMT,-0.0057167411,0.012986779,-0.017089128
2024-12-31,AAPL,-0.015539527,0.010834336,0.001524806
2024-12-31,AMGN,4.8518181e-05,0.026248097,0.0073210001
2024-12-31,CRM,0.01710391,-0.0016225576,0.0013142824
2024-12-31,CSCO,0.023233294,0.03174293,-0.026420891
2024-12-31,IBM,-0.0065365434,0.015247703,0.016525984
2024-12-31,INTC,-0.00024729967,0.0093573332,-0.019472063
2024-12-31,MSFT,0.014106154,0.017541885,-0.0083056688
2024-12-31,NKE,-0.0063604712,0.0076801777,-0.019920945
2024-12-31,VZ,-0.0024612546,-0.0024187565,-0.01611346
2024-12-31,WMT,-0.0093998313,0.0061295033,0.0015503168
