date,tic,close,high,low
2020-01-02,AAPL,-0.032746017,0.014039397,-0.0036151409
2020-01-02,AMGN,-0.0022265911,-0.0020153522,0.0023940802
2020-01-02,CRM,0.0010637045,0.042907357,-0.056322396
2020-01-02,CSCO,-0.021294773,0.017249703,-0.015954137
2020-01-02,IBM,0.040737629,0.00380826,-0.016082346
2020-01-02,INTC,0.0024318695,0.024830699,-0.010453105
2020-01-02,MSFT,-0.0049886107,0.01530385,-0.013682246
2020-01-02,NKE,-0.017473698,0.020978093,-0.0066171885
2020-01-02,VZ,-0.00042116642,0.0086693764,-0.021819353
2020-01-02,WMT,0.0089848042,0.0065511465,-0.0050624609
2020-01-03,AAPL,-0.020283341,0.012063861,-0.0036653876
2020-01-03,AMGN,0.01123023,0.0065376759,-0.010948718
2020-01-03,CRM,0.0092755556,0.040901184,-0.020300269
2020-01-03,CSCO,-0.017587006,-0.006585598,-0.0011910796
2020-01-03,IBM,-0.0091629624,0.00029623508,-0.0047909617
2020-01-03,INTC,0.0034577847,-0.0033698678,0.014115095
2020-01-03,MSFT,-0.021405399,-0.012828469,-0.020206213
2020-01-03,NKE,0.027640939,0.009286046,-0.0017976165
2020-01-03,VZ,-0.0045232773,0.0050617456,0.012338519
2020-01-03,WMT,-0.0013491511,0.0016407967,0.00041556358
2020-01-06,AAPL,-0.00096553564,-0.0034330487,-0.0041328073
2020-01-06,AMGN,-0.0087842345,0.025843024,-0.01311326
2020-01-06,CRM,-0.044053555,-0.0207479,-0.015313864
2020-01-06,CSCO,-0.0075093508,-0.014311016,-0.01655972
2020-01-06,IBM,-0.0014526844,0.01376152,-0.007101357
2020-01-06,INTC,-0.024133682,0.0036175251,-0.0075595975
2020-01-06,MSFT,-0.0018945932,0.00051140785,-0.014989495
2020-01-06,NKE,-0.0014337897,0.016110063,0.0013947487
2020-01-06,VZ,0.0039410591,0.0092247725,-0.013945699
2020-01-06,WMT,-0.0078850389,0.015500307,-0.015176237
2020-01-07,AAPL,-0.0032449365,0.0098497868,-0.020288169
2020-01-07,AMGN,-0.00053960085,0.0086808205,-0.017460287
2020-01-07,CRM,-0.035522103,0.0078811646,0.012388945
2020-01-07,CSCO,-0.019720495,-0.0013029575,-0.0044209361
2020-01-07,IBM,-0.021806359,0.011690378,-0.0127092
2020-01-07,INTC,-0.018654048,0.015340924,-0.0012926459
2020-01-07,MSFT,0.0025051832,0.0022435188,-0.012726843
2020-01-07,NKE,0.0010504723,0.014714241,0.014183044
2020-01-07,VZ,-0.013830423,-0.0018981099,0.011648774
2020-01-07,WMT,-0.0031238794,0.0084222555,-0.016267657
2020-01-08,AAPL,0.015409112,0.015487432,-0.013298154
2020-01-08,AMGN,-0.032173812,0.006103158,0.0013839006
2020-01-08,CRM,-0.03284049,0.027583838,0.0015451908
2020-01-08,CSCO,0.00095355511,-0.023703754,-0.0021060109
2020-01-08,IBM,0.017214775,0.020423174,-0.0099605918
2020-01-08,INTC,0.013139486,-0.003911674,-0.010599077
2020-01-08,MSFT,0.0047160387,0.020066023,-0.0089489818
2020-01-08,NKE,0.00086605549,-0.0049670339,0.0021584034
2020-01-08,VZ,-0.0021155477,0.015947938,0.017992496
2020-01-08,WMT,-0.020901859,-0.0030020475,-0.013151705
2020-01-09,AAPL,-0.0068805218,0.018619776,-0.012596667
2020-01-09,AMGN,-0.023718297,-0.0029131174,-0.017983854
2020-01-09,CRM,-0.029387593,-0.007224381,-0.0076574683
2020-01-09,CSCO,-0.0032432675,-0.0088388324,-0.014712334
2020-01-09,IBM,-0.0035108328,0.00062251091,-0.011636078
2020-01-09,INTC,0.0063427687,0.0083267689,-0.012765706
2020-01-09,MSFT,0.008690238,-0.0031570792,0.0056910515
2020-01-09,NKE,-0.0051785707,0.012126446,0.0024206638
2020-01-09,VZ,0.00043332577,0.019407868,-0.0066055059
2020-01-09,WMT,0.0064176321,0.00028204918,0.0018442869
2020-01-10,AAPL,-0.0074408054,0.00055670738,-0.021460414
2020-01-10,AMGN,0.014867544,0.01595819,-0.0038455129
2020-01-10,CRM,-0.063271344,-0.0020115972,-0.019386709
2020-01-10,CSCO,-0.0031474233,-0.0037221313,-0.010029018
2020-01-10,IBM,-0.010390341,0.015557289,0.008636713
2020-01-10,INTC,0.013168454,0.020079374,-0.0098933578
2020-01-10,MSFT,-0.0059737563,0.024351358,-0.0029465556
2020-01-10,NKE,0.0062255859,0.017509341,0.0014690161
2020-01-10,VZ,-0.034275949,-0.012303531,-0.0034866929
2020-01-10,WMT,-0.0037994981,0.0088162422,-0.016165137
2020-01-13,AAPL,-0.0094572306,0.017992735,-0.01200968
2020-01-13,AMGN,-0.013773024,-0.00041878223,-0.0093960166
2020-01-13,CRM,0.067334294,0.047730088,-0.0047208071
2020-01-13,CSCO,0.0021384954,0.01723659,-0.011788011
2020-01-13,IBM,0.010190129,0.0080853701,-0.0058497787
2020-01-13,INTC,0.0088632107,0.0066137314,-0.0014179945
2020-01-13,MSFT,-0.017554462,0.00075924397,-0.017904282
2020-01-13,NKE,-0.0086491704,-0.0032386184,-5.9604645e-05
2020-01-13,VZ,0.025102019,0.015962362,-0.0027230382
2020-01-13,WMT,-0.0088233352,-0.00086390972,-0.0062577724
2020-01-14,AAPL,-0.02085644,0.01419735,-0.018509448
2020-01-14,AMGN,0.0075017214,0.00019824505,-0.0039422512
2020-01-14,CRM,-0.0097665787,0.0090659857,-0.022613049
2020-01-14,CSCO,0.0031085014,0.0020327568,0.0064438581
2020-01-14,IBM,-0.022469223,-0.014311433,0.0052608252
2020-01-14,INTC,0.0019754171,0.021354556,-0.011301637
2020-01-14,MSFT,0.0025172234,-0.0091107488,-0.016920328
2020-01-14,NKE,-0.013115227,0.014435649,-0.018090189
2020-01-14,VZ,-0.0040714145,0.012770534,-0.015022516
2020-01-14,WMT,-0.0065422058,0.0093648434,-0.0072600245
2020-01-15,AAPL,0.013068438,0.029467583,-0.020578682
2020-01-15,AMGN,-0.048221827,0.0046371222,-0.0076082945
2020-01-15,CRM,-0.010493934,0.043362856,-0.040020883
2020-01-15,CSCO,0.014941096,-0.0088999867,-0.02228868
2020-01-15,IBM,-0.0068910122,0.021233201,-0.011374533
2020-01-15,INTC,0.017277956,0.029195547,-0.021199644
2020-01-15,MSFT,-0.034373641,0.00035607815,0.011362314
2020-01-15,NKE,-0.010577559,0.012801766,0.0042691231
2020-01-15,VZ,-0.0014737844,0.0020912886,0.0010049343
2020-01-15,WMT,0.0077778101,0.00060880184,-0.018627644
2020-01-16,AAPL,-0.0092828274,0.01716125,0.00082600117
2020-01-16,AMGN,-0.014423072,-0.0044724941,-0.0055469871
2020-01-16,CRM,0.019528985,0.021738887,-0.013760686
2020-01-16,CSCO,0.0057445765,0.012281179,0.0012819767
2020-01-16,IBM,0.0072211027,0.008625865,-0.0030813217
2020-01-16,INTC,-0.0036224723,-0.0016168356,-0.0084860325
2020-01-16,MSFT,-0.0084903836,-0.01146853,-0.00032109022
2020-01-16,NKE,-0.0010770559,-0.003028512,-0.017260849
2020-01-16,VZ,-0.0052428842,0.0053076744,-0.0035007596
2020-01-16,WMT,0.003874898,0.0055760145,-0.017284632
2020-01-17,AAPL,0.013027668,-0.0060031414,0.00083458424
2020-01-17,AMGN,-0.0055649281,0.031386137,-0.020631373
2020-01-17,CRM,-0.0029931068,0.0036479235,-0.015495598
2020-01-17,CSCO,-0.00572294,0.016201019,-0.011577487
2020-01-17,IBM,0.0034286976,0.011443853,-0.0091853142
2020-01-17,INTC,-0.040546536,0.0081980228,-0.0024244785
2020-01-17,MSFT,0.029570103,-0.016302526,-0.0042906404
2020-01-17,NKE,-0.041698158,0.0050296783,0.002384901
2020-01-17,VZ,-0.0012923479,-0.0047115684,-0.010905385
2020-01-17,WMT,-0.005456388,0.0009611845,-0.01124078
2020-01-21,AAPL,-0.0012461543,-0.0014683604,-0.01820761
2020-01-21,AMGN,-0.0074367523,0.0081394911,-0.014962316
2020-01-21,CRM,0.014342904,0.01743567,-0.031088531
2020-01-21,CSCO,-0.0066155195,0.00085413456,-0.0081284046
2020-01-21,IBM,-0.01063031,0.012952328,-0.015192509
2020-01-21,INTC,-0.012081027,-0.017446995,-0.014955938
2020-01-21,MSFT,-0.016771555,-0.0052405596,-0.019158721
2020-01-21,NKE,0.0063353777,-0.0064969659,-0.013967097
2020-01-21,VZ,0.01251471,0.019591093,0.0049080849
2020-01-21,WMT,-0.0077806711,0.0040991306,-0.0064410567
2020-01-22,AAPL,-0.019381821,0.014427185,-0.030963421
2020-01-22,AMGN,0.0074170828,0.026741862,-0.010795236
2020-01-22,CRM,-0.017960787,0.039570689,0.013290524
2020-01-22,CSCO,-0.01892823,0.0038123131,0.0022451878
2020-01-22,IBM,-0.0036848783,2.5033951e-06,0.0081548691
2020-01-22,INTC,0.021479011,0.0010142326,-0.0089601874
2020-01-22,MSFT,0.023295045,0.021597028,-0.025718153
2020-01-22,NKE,-0.010998547,0.019906998,0.0018099546
2020-01-22,VZ,0.0072119236,0.0027577877,0.011615038
2020-01-22,WMT,0.0054377317,0.0011749268,-0.015980184
2020-01-23,AAPL,-0.0099382401,0.0053324699,-0.0001938343
2020-01-23,AMGN,-0.013006151,0.0078004599,-0.012349367
2020-01-23,CRM,-0.016802192,0.0061330795,-0.018706381
2020-01-23,CSCO,-0.020576477,0.01535666,-0.0083802342
2020-01-23,IBM,0.0011405945,0.0048961639,-0.013518393
2020-01-23,INTC,-0.011268556,-0.011341393,-0.014952123
2020-01-23,MSFT,-0.0063050985,0.0071513653,0.010101199
2020-01-23,NKE,-0.016114891,-0.001730442,-0.011642635
2020-01-23,VZ,-0.029074907,0.0022319555,-0.0019356608
2020-01-23,WMT,0.0074170828,0.016191721,-0.033321023
2020-01-24,AAPL,-0.013109148,-0.0013113618,-0.021361291
2020-01-24,AMGN,-0.013099253,0.024516702,-0.018622518
2020-01-24,CRM,0.0049116611,0.013485551,-0.023752511
2020-01-24,CSCO,-0.0068181753,-0.0034290552,-0.012398005
2020-01-24,IBM,-0.0018928647,-0.0023084879,-0.0085592866
2020-01-24,INTC,0.0097719431,0.0030013323,0.0039128065
2020-01-24,MSFT,0.012787819,0.011223793,-0.012096703
2020-01-24,NKE,-0.0016986132,0.0035748482,-0.0051268339
2020-01-24,VZ,0.018306732,0.016138673,0.0054210424
2020-01-24,WMT,-0.023338318,0.0096465349,-0.015857458
2020-01-27,AAPL,-0.021158993,0.026917696,-0.00071275234
2020-01-27,AMGN,-0.022218049,0.0194875,-0.0083482862
2020-01-27,CRM,-0.00071138144,-0.0015756488,-0.024635196
2020-01-27,CSCO,0.0051590204,0.007794261,-0.0049501657
2020-01-27,IBM,0.017825365,-0.00050723553,0.0021190643
2020-01-27,INTC,0.0068593025,0.0076334476,-0.0076213479
2020-01-27,MSFT,0.013249874,0.0041962862,-0.014766037
2020-01-27,NKE,-0.023772359,0.017915249,-0.011131525
2020-01-27,VZ,0.00080227852,-0.0046961904,-0.0006801486
2020-01-27,WMT,0.017866135,0.012482047,-0.001057446
2020-01-28,AAPL,0.0074957609,-0.0020112991,-0.023192286
2020-01-28,AMGN,-0.011943936,0.0049881935,-0.026693046
2020-01-28,CRM,-0.0218063,-0.030212164,-0.030023992
2020-01-28,CSCO,-0.01293534,0.027352929,-0.0049715638
2020-01-28,IBM,0.011021137,0.021972299,-0.01294744
2020-01-28,INTC,-0.021494627,0.0108881,-0.020783126
2020-01-28,MSFT,-0.0091745257,-0.0019410253,-0.012452006
2020-01-28,NKE,0.015229464,-0.0014490485,0.0058722496
2020-01-28,VZ,-0.0062662959,0.00063240528,0.0030710697
2020-01-28,WMT,-0.011823535,0.010254502,-0.0019626021
2020-01-29,AAPL,0.0086257458,0.001968503,-0.025880635
2020-01-29,AMGN,-0.016453803,0.021454811,3.528595e-05
2020-01-29,CRM,0.0040050745,0.034265876,-0.0043269992
2020-01-29,CSCO,0.004365921,0.012875795,-0.010462463
2020-01-29,IBM,0.0028698444,0.01296556,-0.0036568046
2020-01-29,INTC,0.011934042,0.0049698353,-0.014952958
2020-01-29,MSFT,-0.0028994679,-0.0088140368,-0.017922044
2020-01-29,NKE,0.0038137436,0.0075188875,-0.013661385
2020-01-29,VZ,-0.017089128,-0.00046688318,-0.018936574
2020-01-29,WMT,0.00448668,0.0082780123,-0.0063900948
2020-01-30,AAPL,0.014485478,0.00045216084,-0.045241892
2020-01-30,AMGN,-0.014145851,0.04055202,-0.010349095
2020-01-30,CRM,-0.01680392,0.017352819,-0.014393032
2020-01-30,CSCO,-0.0055481791,0.014427066,0.012911558
2020-01-30,IBM,-0.00025510788,-0.010835409,-0.027965486
2020-01-30,INTC,0.011718512,0.0077625513,-0.01959151
2020-01-30,MSFT,-0.017355025,0.011941552,-0.0013467073
2020-01-30,NKE,-0.016581059,-0.0013070107,0.020851254
2020-01-30,VZ,0.019934058,0.01119101,-0.011235476
2020-01-30,WMT,0.0064985752,-0.0010946393,-0.0038528442
2020-01-31,AAPL,-0.011318743,0.020667076,-0.01496917
2020-01-31,AMGN,0.010856509,0.015423417,0.0046573877
2020-01-31,CRM,0.0071511269,0.0058475733,-0.01656878
2020-01-31,CSCO,-0.0055205226,0.01737988,-0.0085613132
2020-01-31,IBM,0.0065814257,0.0092587471,-0.0019078851
2020-01-31,INTC,0.013846397,0.028464913,0.005338192
2020-01-31,MSFT,0.023340821,0.006110549,-0.013391256
2020-01-31,NKE,0.020970106,0.0023334026,-0.00065469742
2020-01-31,VZ,0.0090852976,0.00794065,-0.010089695
2020-01-31,WMT,0.0062441826,0.0098904371,0.0018404722
2020-02-03,AAPL,0.0027862787,0.0049712658,-0.0016893148
2020-02-03,AMGN,-0.0072371364,0.029291034,-0.0068082213
2020-02-03,CRM,0.019408464,0.014146447,-0.018562913
2020-02-03,CSCO,0.015192151,0.0068969727,-0.0022419691
2020-02-03,IBM,0.0081717968,0.0054548979,-0.019703031
2020-02-03,INTC,-0.02687043,-0.0023406744,0.0037806034
2020-02-03,MSFT,0.005663991,-0.0037648678,-0.01442337
2020-02-03,NKE,0.019485712,0.0019649267,0.026071668
2020-02-03,VZ,-0.0038429499,0.0015226603,-0.0081558824
2020-02-03,WMT,-0.007678628,0.027438283,-0.010781765
2020-02-04,AAPL,-0.0096349716,-0.00090032816,0.018840075
2020-02-04,AMGN,-0.024651051,0.0024247169,-0.0020432472
2020-02-04,CRM,0.003074646,-0.0049958825,-0.021260381
2020-02-04,CSCO,0.030108213,0.033949256,-0.02073735
2020-02-04,IBM,-0.0012049079,0.012286067,-0.012823522
2020-02-04,INTC,-0.028429985,-0.027780294,0.0085024834
2020-02-04,MSFT,0.0084803104,0.006657958,-0.017090023
2020-02-04,NKE,-0.031837463,0.0042777061,-0.023039222
2020-02-04,VZ,0.014382839,0.00050413609,0.0012727976
2020-02-04,WMT,-0.0039368868,0.0010604858,-0.010058641
2020-02-05,AAPL,0.010015607,0.014838457,0.014681339
2020-02-05,AMGN,-0.01809752,0.0019714832,0.0041271448
2020-02-05,CRM,-0.022296965,0.011070013,-0.0028296113
2020-02-05,CSCO,0.0068558455,-0.016533196,-0.0061113834
2020-02-05,IBM,-0.01915282,0.0046445131,-0.014877558
2020-02-05,INTC,0.02502656,-0.0088604689,-0.0076342821
2020-02-05,MSFT,0.004180789,0.013711691,-0.011798501
2020-02-05,NKE,-0.020068526,0.0038790703,-0.0058068037
2020-02-05,VZ,-0.0030102134,0.01610589,-0.0091134906
2020-02-05,WMT,-0.0077285767,0.0066791773,-0.0098881125
2020-02-06,AAPL,-0.0082837939,0.001735568,-0.036403716
2020-02-06,AMGN,-0.0033185482,0.030225992,-0.011060476
2020-02-06,CRM,-0.0051240921,0.029619336,-0.0059900284
2020-02-06,CSCO,0.015269756,-0.0097149611,0.0042951107
2020-02-06,IBM,0.0021402836,-0.00081765652,-0.018838763
2020-02-06,INTC,-0.010338724,0.029117346,-0.021812916
2020-02-06,MSFT,0.0021612644,0.0048538446,-0.004483223
2020-02-06,NKE,-0.013914883,0.016520143,-0.0061110258
2020-02-06,VZ,-0.016593516,0.016037107,0.0064905882
2020-02-06,WMT,-0.00085473061,-0.0027941465,-0.0037246346
2020-02-07,AAPL,0.033416748,-0.018994808,-0.028751314
2020-02-07,AMGN,-0.020308554,0.011717677,-0.00076037645
2020-02-07,CRM,-0.025318742,0.012387276,-0.022203743
2020-02-07,CSCO,0.012347698,0.0083009005,-0.006449461
2020-02-07,IBM,0.003485322,0.013709664,-0.010221362
2020-02-07,INTC,0.014261603,0.0088031292,0.00099468231
2020-02-07,MSFT,0.033074737,0.014158249,-0.012081027
2020-02-07,NKE,-0.0086268783,0.00070667267,0.010478139
2020-02-07,VZ,-0.030554652,-0.003618598,0.0028030872
2020-02-07,WMT,-0.017320871,0.008099556,-0.0063364506
2020-02-10,AAPL,-0.028102398,0.0095546246,-0.0030280352
2020-02-10,AMGN,-0.023047686,0.015942216,-0.013262033
2020-02-10,CRM,0.050192118,0.019308329,-0.020334899
2020-02-10,CSCO,-0.010153115,-0.019491971,-0.008716166
2020-02-10,IBM,-0.0028842092,0.0033785105,-0.012098253
2020-02-10,INTC,0.0041592121,0.0063406229,-0.019932091
2020-02-10,MSFT,-0.006726265,-0.0011619329,-0.0050578117
2020-02-10,NKE,0.0033897161,0.0042157173,0.0015803576
2020-02-10,VZ,-0.014467835,0.011548281,-0.015421629
2020-02-10,WMT,0.0023406744,0.004968524,-0.0074939132
2020-02-11,AAPL,0.0061644316,0.005761981,0.0035443306
2020-02-11,AMGN,0.0099738836,0.018820286,-0.013272285
2020-02-11,CRM,0.044190407,0.039757133,0.0089398623
2020-02-11,CSCO,-0.0076230764,0.0084183216,-0.012533188
2020-02-11,IBM,-0.0075501204,0.0058985949,-0.0074679852
2020-02-11,INTC,0.010001421,-0.0088182092,-0.011962056
2020-02-11,MSFT,-0.0021187663,0.0011680126,-0.022669911
2020-02-11,NKE,0.012994885,0.011893153,-0.0062087178
2020-02-11,VZ,-0.014268994,0.0095672607,-0.0083370805
2020-02-11,WMT,-0.0066966414,0.0019048452,-0.00019556284
2020-02-12,AAPL,0.038933992,0.0048482418,-0.0069079995
2020-02-12,AMGN,0.0085030794,0.012962818,0.00067019463
2020-02-12,CRM,0.0046643019,-0.0058580041,0.018513203
2020-02-12,CSCO,-0.020160079,0.0055866241,-0.018663466
2020-02-12,IBM,0.0072211027,0.0033987761,-0.0013619661
2020-02-12,INTC,0.018974662,0.021936893,0.0049803257
2020-02-12,MSFT,0.0033794641,0.0023639202,-0.039337516
2020-02-12,NKE,0.001470685,0.01322329,-0.010414362
2020-02-12,VZ,-0.0091708302,-0.0042547584,0.0077928305
2020-02-12,WMT,-0.010576069,0.027336359,-0.0012546182
2020-02-13,AAPL,-0.0041279197,0.0042767525,-0.019621134
2020-02-13,AMGN,-0.006347537,0.014018178,-0.017044842
2020-02-13,CRM,0.010150552,0.018844843,-0.027640581
2020-02-13,CSCO,0.0075564384,0.011407256,-0.011940062
2020-02-13,IBM,0.0054985285,-0.0061968565,-0.01007843
2020-02-13,INTC,0.031736612,0.0084294081,-0.017144382
2020-02-13,MSFT,-0.028390527,0.0061161518,-0.0032804608
2020-02-13,NKE,-0.0025703907,0.029278755,-0.011291265
2020-02-13,VZ,-0.0076414943,0.014290571,-0.0018360019
2020-02-13,WMT,-0.00082349777,0.0071710348,-0.00524652
2020-02-14,AAPL,-0.018984318,0.020300627,-0.013954282
2020-02-14,AMGN,-0.031348228,0.010460019,-0.016050637
2020-02-14,CRM,0.0081651211,0.010338068,-0.029982865
2020-02-14,CSCO,-0.0079571605,0.033691525,-0.017107368
2020-02-14,IBM,-0.024691761,-0.00047665834,-0.022896767
2020-02-14,INTC,-0.01101923,-0.0052788258,-0.0036238432
2020-02-14,MSFT,0.034059286,0.012683272,-0.011193991
2020-02-14,NKE,-0.0016381145,0.020302653,-0.020442009
2020-02-14,VZ,-0.023728549,-0.0019295216,0.0029802322
2020-02-14,WMT,0.020698071,0.023312688,-0.0043468475
2020-02-18,AAPL,0.0062886477,0.030398965,-0.011928916
2020-02-18,AMGN,-0.021750629,0.020632505,-0.016733229
2020-02-18,CRM,-0.0069130063,0.0017756224,-0.015326083
2020-02-18,CSCO,0.034513116,0.014627814,-0.010575473
2020-02-18,IBM,-0.015583873,3.2067299e-05,-0.0085532069
2020-02-18,INTC,-0.0090944767,0.012230277,-0.017194867
2020-02-18,MSFT,0.024171233,0.0054026842,0.0037720203
2020-02-18,NKE,0.019909263,0.017097473,-0.012535572
2020-02-18,VZ,0.00010585785,0.025583506,-0.0022010803
2020-02-18,WMT,-0.020427585,0.011182785,-0.0023459792
2020-02-19,AAPL,-0.011069,0.0051084757,-0.014347672
2020-02-19,AMGN,-0.014019847,0.0021851063,-0.016992331
2020-02-19,CRM,-0.0058614016,0.025670171,0.0022908449
2020-02-19,CSCO,0.010071158,0.0027838945,-0.016962647
2020-02-19,IBM,0.015458226,0.011554241,-0.0045998693
2020-02-19,INTC,-0.019087076,0.0063644648,-0.0022861958
2020-02-19,MSFT,0.012616754,0.013226032,-0.012184143
2020-02-19,NKE,-0.016210079,-0.026916742,0.019380569
2020-02-19,VZ,-0.020344198,0.0037863255,-0.005579412
2020-02-19,WMT,0.0094255209,0.0058956146,-0.0077684522
2020-02-20,AAPL,-0.028889954,0.0049154758,-0.026189625
2020-02-20,AMGN,0.013359547,0.015055656,-0.025129378
2020-02-20,CRM,-0.028498173,0.0089213848,-0.0072264075
2020-02-20,CSCO,-0.0086526871,0.00062322617,-0.0020816922
2020-02-20,IBM,0.00079810619,0.0018035173,-0.015812457
2020-02-20,INTC,-0.0035836101,0.010949254,0.0063050985
2020-02-20,MSFT,0.0061706305,0.0032194853,-0.019796848
2020-02-20,NKE,0.012742043,0.011272788,0.0057024956
2020-02-20,VZ,0.0057148933,0.016156793,-0.027329504
2020-02-20,WMT,-0.007163465,0.0042494535,0.0010502338
2020-02-21,AAPL,0.004694581,-0.012417197,-0.011378288
2020-02-21,AMGN,-0.028295398,0.0040875673,-0.017488539
2020-02-21,CRM,-0.049055696,0.0022987127,-0.018826246
2020-02-21,CSCO,0.0071048737,0.0140903,0.0031676292
2020-02-21,IBM,-0.005849421,0.0091962814,-0.0063989162
2020-02-21,INTC,-0.00181216,-0.010738373,-0.015523255
2020-02-21,MSFT,0.013881326,0.0008187294,-0.0010426641
2020-02-21,NKE,0.0058864355,0.026842713,-0.0023819804
2020-02-21,VZ,-0.00050359964,0.0062881708,-0.002966404
2020-02-21,WMT,-0.020619273,0.01708746,-0.0075871944
2020-02-24,AAPL,0.0045336485,0.013688326,-0.014516532
2020-02-24,AMGN,-0.0058045983,0.0095154047,-0.0028526187
2020-02-24,CRM,0.0056695938,0.00010192394,-0.001046896
2020-02-24,CSCO,-0.041796744,-0.012495637,-0.0046262145
2020-02-24,IBM,0.0080443621,0.019590259,-0.0051249266
2020-02-24,INTC,0.051132679,0.013476133,-0.025415182
2020-02-24,MSFT,-0.005538106,-0.0028507113,-0.013669848
2020-02-24,NKE,-0.0099065304,0.018055439,-0.0028992295
2020-02-24,VZ,-0.0076345205,0.00092184544,-0.0098820925
2020-02-24,WMT,-0.013703406,0.013005376,-0.011158288
2020-02-25,AAPL,0.033876777,0.034978986,-0.0002643466
2020-02-25,AMGN,-0.036847591,0.0097848177,0.0095472336
2020-02-25,CRM,0.061291218,0.011852026,-0.053900063
2020-02-25,CSCO,-0.016296148,-0.0055713058,4.3869019e-05
2020-02-25,IBM,-0.0025125146,0.0087168217,-0.013688743
2020-02-25,INTC,-0.0005979538,0.0057631731,0.014855504
2020-02-25,MSFT,0.034429908,-0.0065410733,-0.014998436
2020-02-25,NKE,0.018582225,0.011950374,0.0026811361
2020-02-25,VZ,0.0042325258,0.0064131021,-0.0005466342
2020-02-25,WMT,-0.0061638355,0.0024027824,-0.0061923265
2020-02-26,AAPL,0.017564178,0.004501462,-0.011088789
2020-02-26,AMGN,-0.0018016696,-0.0014745593,0.010465026
2020-02-26,CRM,0.015749812,-0.000628829,0.0053374767
2020-02-26,CSCO,-0.002433598,-0.0050184727,0.0019917488
2020-02-26,IBM,-0.022836626,0.026015401,-0.0067376494
2020-02-26,INTC,-0.024662495,0.0091130733,-0.003667891
2020-02-26,MSFT,0.014277577,-0.0047490001,-0.018767953
2020-02-26,NKE,0.010151863,0.023336411,-0.014950812
2020-02-26,VZ,-0.012373984,0.015284896,-0.013948917
2020-02-26,WMT,0.0022448301,0.012202024,-0.0030487776
2020-02-27,AAPL,0.016830206,0.0063527822,-0.011651099
2020-02-27,AMGN,-0.0029708147,0.013662219,0.0047851801
2020-02-27,CRM,-0.0099973679,-0.00035971403,-0.022881627
2020-02-27,CSCO,-0.01748091,-0.0016801357,0.0043742657
2020-02-27,IBM,-0.0015231371,0.012798429,-0.021005809
2020-02-27,INTC,0.02490747,0.00064635277,-0.011911988
2020-02-27,MSFT,-0.019016683,0.014581561,-0.010612845
2020-02-27,NKE,0.0037192106,0.026023388,0.02144289
2020-02-27,VZ,0.0014061928,0.0086567402,0.0038095713
2020-02-27,WMT,-0.013198376,0.001044035,-0.01512444
2020-02-28,AAPL,-0.031761646,0.0068290234,-0.0083048344
2020-02-28,AMGN,0.023071766,0.0072629452,-0.007012248
2020-02-28,CRM,-0.035525382,0.01637125,-0.0071257353
2020-02-28,CSCO,-0.027525306,0.016175032,-0.018468916
2020-02-28,IBM,-0.0038769841,0.0060921907,-0.0020906329
2020-02-28,INTC,0.010083556,0.00074732304,-0.0030375719
2020-02-28,MSFT,-0.013639152,0.014104724,-0.0021021366
2020-02-28,NKE,0.0070079565,0.0047911406,0.0058128834
2020-02-28,VZ,0.011427879,-0.0016920567,0.0069460869
2020-02-28,WMT,0.00096714497,0.002967,-0.0058251619
2020-03-02,AAPL,-0.014683187,0.0086339712,-0.010520875
2020-03-02,AMGN,-0.038118899,0.017547727,-0.0057191253
2020-03-02,CRM,-0.013606131,-0.017035961,-0.02014488
2020-03-02,CSCO,0.00054371357,8.2373619e-05,-0.0039336681
2020-03-02,IBM,-0.0012527704,0.015567303,-0.00089401007
2020-03-02,INTC,-0.020433426,0.007144928,-0.02625829
2020-03-02,MSFT,-0.0052232146,-0.0082290173,-0.020083368
2020-03-02,NKE,0.02529192,0.028965116,-0.016629994
2020-03-02,VZ,-0.00043839216,0.0028609037,0.0029098988
2020-03-02,WMT,-0.017853498,0.0039452314,-0.0084655285
2020-03-03,AAPL,-0.0020908713,-0.015361011,-0.012855232
2020-03-03,AMGN,-0.015476525,0.0085538626,-0.0087817907
2020-03-03,CRM,0.0031329393,0.022557974,0.0039229393
2020-03-03,CSCO,-0.018972099,0.0090633631,-0.0096546412
2020-03-03,IBM,-0.0064209104,-0.0063952804,-0.0056672692
2020-03-03,INTC,0.00046205521,0.024959683,-0.0067369342
2020-03-03,MSFT,-0.018809557,0.0096845627,-0.0097203851
2020-03-03,NKE,-0.0035393834,-0.0026234388,-0.012810349
2020-03-03,VZ,0.013136506,0.016648054,-0.0061641335
2020-03-03,WMT,-0.001919806,0.0047152042,-0.007895112
2020-03-04,AAPL,-0.024325073,-0.0021019578,-0.0061566234
2020-03-04,AMGN,-0.020601988,0.020495534,-0.007997632
2020-03-04,CRM,-0.0058917403,0.012706876,-0.012732744
2020-03-04,CSCO,0.0090965033,0.01144135,-0.0073891282
2020-03-04,IBM,-0.0090138316,0.019033551,-0.014040709
2020-03-04,INTC,0.0047214031,0.0137465,-0.014371574
2020-03-04,MSFT,-0.014839768,0.0037266016,-0.00081890821
2020-03-04,NKE,0.033960462,-0.0021936297,-0.0029250979
2020-03-04,VZ,-0.011326492,0.013887286,-0.002749145
2020-03-04,WMT,-0.0051054955,0.018131256,0.012567639
2020-03-05,AAPL,0.021355867,0.038413286,-0.021274626
2020-03-05,AMGN,-0.026714623,0.0055931807,-0.014680386
2020-03-05,CRM,0.0018178225,0.026885271,-0.0219118
2020-03-05,CSCO,0.011749029,0.0060782433,-0.020392239
2020-03-05,IBM,0.031917334,0.0023007393,-0.012346148
2020-03-05,INTC,-0.0032351613,0.00096929073,-0.0014346838
2020-03-05,MSFT,-0.010174692,0.020495534,-0.015220284
2020-03-05,NKE,-0.0051084161,-0.0011812449,-0.045113564
2020-03-05,VZ,-0.0031865239,0.011842489,0.0097985268
2020-03-05,WMT,-0.0040639639,0.023508787,-0.0094667673
2020-03-06,AAPL,-0.0058426261,0.0090568066,-0.020260751
2020-03-06,AMGN,0.030687213,0.007578373,-0.0042101145
2020-03-06,CRM,-0.095186889,0.022637725,0.00070130825
2020-03-06,CSCO,-0.0040312409,0.023717523,-0.020275474
2020-03-06,IBM,-0.027480304,0.011362672,0.0048395395
2020-03-06,INTC,0.01833415,-0.0095905662,-0.0034450889
2020-03-06,MSFT,0.0032197237,0.014927387,-0.020016432
2020-03-06,NKE,0.031095505,0.0025354624,-0.0062248707
2020-03-06,VZ,-5.6028366e-06,0.0085780621,-0.016296148
2020-03-06,WMT,0.0030946732,0.016548753,-0.010593891
2020-03-09,AAPL,-0.0069935918,0.027800798,-0.00012814999
2020-03-09,AMGN,-0.0053544044,0.022440076,-0.023023248
2020-03-09,CRM,-0.01878047,0.028821111,-0.04623723
2020-03-09,CSCO,0.0095176697,0.0012874603,-0.012559116
2020-03-09,IBM,-0.0015922189,0.013370395,0.011642694
2020-03-09,INTC,-0.032045841,0.018528104,-0.0031597018
2020-03-09,MSFT,-0.012934506,0.023102045,-0.0032843351
2020-03-09,NKE,-0.014633596,0.0039482117,-0.0057168007
2020-03-09,VZ,-0.0011854172,0.012204647,-0.014399469
2020-03-09,WMT,-0.018768072,0.008823514,0.0003978014
2020-03-10,AAPL,-0.01885277,0.0049037933,-0.0021001697
2020-03-10,AMGN,-0.013804615,0.0063601732,-0.013044655
2020-03-10,CRM,0.019889355,0.024042726,-0.013769925
2020-03-10,CSCO,0.033386588,0.021054506,-0.016189873
2020-03-10,IBM,0.0076121092,0.014370799,-0.0051579475
2020-03-10,INTC,0.0014468431,-0.0095762014,-0.0084495544
2020-03-10,MSFT,0.0031998158,0.020749211,0.00015842915
2020-03-10,NKE,-0.01831758,0.022472739,-0.0046736598
2020-03-10,VZ,-0.0015978813,0.014159799,-0.018019259
2020-03-10,WMT,-0.0041673779,0.013623834,-0.016823947
2020-03-11,AAPL,0.020356774,-0.0030980706,0.014716506
2020-03-11,AMGN,-0.014460146,0.029374957,-0.018725812
2020-03-11,CRM,-0.025405049,0.01668942,-0.027412176
2020-03-11,CSCO,-0.013624132,0.021567822,-0.01577878
2020-03-11,IBM,-0.022653341,0.013621688,0.002256155
2020-03-11,INTC,-0.0023895502,0.019281864,-0.018651903
2020-03-11,MSFT,0.023420095,0.011660695,-0.030279279
2020-03-11,NKE,-0.027881205,0.0079458952,0.0020520687
2020-03-11,VZ,-0.0030956268,0.0084047318,-0.0012084246
2020-03-11,WMT,0.0027124882,0.011472106,-0.0044636726
2020-03-12,AAPL,-0.003177762,0.017575026,-0.033631444
2020-03-12,AMGN,-0.01445204,0.03709662,-0.020496607
2020-03-12,CRM,0.0043535233,0.0085583925,0.0068436861
2020-03-12,CSCO,-0.0045984387,0.012137055,-0.024342716
2020-03-12,IBM,-0.011198997,0.017135262,-0.016941965
2020-03-12,INTC,-0.024922073,-0.0009880662,0.0050379038
2020-03-12,MSFT,-0.0013105273,0.015682697,-0.013910294
2020-03-12,NKE,-0.00057786703,0.015329599,-0.015795827
2020-03-12,VZ,0.00060069561,0.010524631,0.00087404251
2020-03-12,WMT,0.015413284,-0.0015298128,-0.0093814135
2020-03-13,AAPL,-0.0018051267,-0.0017434359,-0.0074544549
2020-03-13,AMGN,-0.029805124,0.0077947378,-0.0049138665
2020-03-13,CRM,0.036175251,0.017884612,0.0044089556
2020-03-13,CSCO,-0.017491102,0.0055282116,-0.014681876
2020-03-13,IBM,0.014332175,0.0053480864,-0.011656821
2020-03-13,INTC,0.0041965246,0.009174943,0.013886094
2020-03-13,MSFT,0.0024335384,0.013620973,0.0012756586
2020-03-13,NKE,-0.0038022995,0.016989827,-0.022798598
2020-03-13,VZ,-0.00051897764,0.0086759329,-0.017288983
2020-03-13,WMT,-0.014728665,0.0059257746,-0.018307447
2020-03-16,AAPL,-0.014708459,0.015532017,-0.011986732
2020-03-16,AMGN,0.0058954954,0.008710742,-0.016441226
2020-03-16,CRM,0.0096164942,-0.0012977719,-0.010518253
2020-03-16,CSCO,0.00051367283,-0.008762002,-0.0026521087
2020-03-16,IBM,-0.028699219,0.0061606169,-0.014456749
2020-03-16,INTC,0.0055366755,-0.015987694,-0.0034281015
2020-03-16,MSFT,0.00092637539,0.005248189,-0.030969143
2020-03-16,NKE,0.010658503,0.031680346,0.017272711
2020-03-16,VZ,-0.023346841,0.0038330555,-0.0087505579
2020-03-16,WMT,-0.026975453,0.013361096,-0.014302135
2020-03-17,AAPL,0.0072777271,0.006367445,0.00028848648
2020-03-17,AMGN,-0.015059471,0.015601277,-0.029324591
2020-03-17,CRM,-0.03202635,0.02446878,-0.0092914104
2020-03-17,CSCO,-0.0097179413,-0.012677729,-0.013535678
2020-03-17,IBM,-0.0012639761,0.011215568,-0.014095902
2020-03-17,INTC,-0.003565073,0.021757364,-0.023097992
2020-03-17,MSFT,-0.01227504,0.0073240995,-0.02092427
2020-03-17,NKE,-0.011962116,0.0095778704,0.0046755075
2020-03-17,VZ,-0.0021986365,0.0051655769,-0.0084896088
2020-03-17,WMT,0.010432005,0.014902472,-0.00024646521
2020-03-18,AAPL,-0.01548332,0.015220046,-0.024082661
2020-03-18,AMGN,-0.043463528,0.0087604523,-0.022413194
2020-03-18,CRM,-0.017146349,-0.0024400949,-0.0076650381
2020-03-18,CSCO,0.0014150143,-0.0064071417,-0.010629892
2020-03-18,IBM,-0.003800571,0.023994803,-0.0078428388
2020-03-18,INTC,0.0094432831,0.01439774,-0.013415694
2020-03-18,MSFT,0.038751721,0.0024325848,-0.022088408
2020-03-18,NKE,-0.0065438151,0.026932716,-0.017678499
2020-03-18,VZ,-0.019162297,-0.0023142099,-0.0029370785
2020-03-18,WMT,-0.02121079,0.0073238611,-0.004894197
2020-03-19,AAPL,-0.017187059,0.0044760704,0.0054011345
2020-03-19,AMGN,0.0014394522,0.015626073,-0.008295238
2020-03-19,CRM,-0.015323877,0.045012951,-0.024002194
2020-03-19,CSCO,0.035575628,0.0073447227,-0.0069040656
2020-03-19,IBM,-0.010314167,0.021634221,-0.0021647215
2020-03-19,INTC,0.014063716,0.018376827,-0.0060471296
2020-03-19,MSFT,-0.014417529,0.016257763,-0.020906985
2020-03-19,NKE,-0.037894964,0.007489562,-0.0042966604
2020-03-19,VZ,0.018294811,0.016786575,0.0024251938
2020-03-19,WMT,0.028471708,0.0056957006,-0.011104584
2020-03-20,AAPL,0.0033987761,0.0094627142,0.005584836
2020-03-20,AMGN,-0.022729635,0.027079582,-0.010956407
2020-03-20,CRM,0.0009958744,0.010215402,-0.023411036
2020-03-20,CSCO,0.01210022,0.017508388,-0.014670432
2020-03-20,IBM,0.013311744,-0.002715528,-0.0022215247
2020-03-20,INTC,-0.00081914663,0.0081291199,-0.0039440989
2020-03-20,MSFT,0.0018672943,0.01944232,-0.018203855
2020-03-20,NKE,0.033663154,0.0076982975,-0.00045400858
2020-03-20,VZ,-0.0005453825,0.0128901,-0.0063160658
2020-03-20,WMT,-0.026674747,-0.00044208765,-0.015299082
2020-03-23,AAPL,-0.007753551,0.0086995363,-0.018109322
2020-03-23,AMGN,0.017029762,0.017689109,-0.0014065504
2020-03-23,CRM,0.025791168,0.024457932,-0.019597352
2020-03-23,CSCO,0.0020319223,0.0098336935,-0.021641791
2020-03-23,IBM,-0.0084300637,0.015791059,-0.0032503009
2020-03-23,INTC,0.0033528805,0.029186249,-0.0035815239
2020-03-23,MSFT,-0.011823118,0.015160084,-0.01191771
2020-03-23,NKE,-0.0051004887,0.00046658516,-0.0048367977
2020-03-23,VZ,-0.013770878,0.027223945,-0.0020841956
2020-03-23,WMT,0.0014688969,0.010853291,-0.022929728
2020-03-24,AAPL,-0.0028989315,-0.018321812,-0.009299159
2020-03-24,AMGN,-0.020210266,0.019613981,-0.01372081
2020-03-24,CRM,-0.0058999062,0.0012465715,-0.020537496
2020-03-24,CSCO,-0.0073569417,0.026516318,-0.011730194
2020-03-24,IBM,-0.0096964836,0.01037991,-0.014166951
2020-03-24,INTC,-0.00054502487,0.018736124,-0.018873036
2020-03-24,MSFT,0.023519278,0.019535303,-0.0068234801
2020-03-24,NKE,0.019573808,0.0060089827,-0.0057493448
2020-03-24,VZ,0.014906883,-0.0042921305,0.0069812536
2020-03-24,WMT,-0.0023377538,0.010556102,-0.021558821
2020-03-25,AAPL,-0.0048090219,0.0024989843,0.0094168186
2020-03-25,AMGN,0.005251646,-0.0033760667,-0.022802293
2020-03-25,CRM,0.0060083866,0.011119604,-0.035311401
2020-03-25,CSCO,0.019122958,0.00075864792,0.0065587759
2020-03-25,IBM,-0.0118922,-0.0099830627,-0.0075209141
2020-03-25,INTC,-0.04845798,0.0092186928,-0.0011351109
2020-03-25,MSFT,-0.0082491636,-0.0034026504,-0.013087392
2020-03-25,NKE,-0.0094156861,0.026740551,-0.0049453974
2020-03-25,VZ,0.0037651062,0.012845635,-0.0086927414
2020-03-25,WMT,-0.0076983571,0.0032391548,0.0024106503
2020-03-26,AAPL,-0.022441566,0.024087429,-0.0044471025
2020-03-26,AMGN,0.013763547,0.0096019506,-0.013593018
2020-03-26,CRM,-0.011538386,0.0021842718,-0.032200933
2020-03-26,CSCO,-0.0013218522,0.019014597,-0.011247814
2020-03-26,IBM,0.008636117,0.0033783913,0.0036245584
2020-03-26,INTC,0.0066019297,0.0022140741,-0.001150012
2020-03-26,MSFT,-0.002525866,0.010279417,-0.0072861314
2020-03-26,NKE,0.02872467,0.0081336498,-0.012351215
2020-03-26,VZ,0.015644789,0.01813519,-0.004325211
2020-03-26,WMT,0.0081270933,0.020787477,-4.2676926e-05
2020-03-27,AAPL,-0.0032029748,0.019928098,-0.01214081
2020-03-27,AMGN,-0.018466771,0.013785839,-0.027103782
2020-03-27,CRM,-0.052572846,0.010225534,-0.023076653
2020-03-27,CSCO,-0.016020119,0.024471164,-0.0040445328
2020-03-27,IBM,-0.01168406,0.014441729,-0.0038874149
2020-03-27,INTC,-0.0011777878,-0.0019937158,-0.019609094
2020-03-27,MSFT,0.0062471628,0.013341665,-0.014904857
2020-03-27,NKE,-0.0032715201,0.026799202,-0.011507094
2020-03-27,VZ,0.0045078993,0.013989449,-0.016062737
2020-03-27,WMT,0.0091570616,0.011007071,-0.011990666
2020-03-30,AAPL,-0.032749295,-0.00038582087,-0.0066408515
2020-03-30,AMGN,-0.027953923,0.025629878,-0.0049846172
2020-03-30,CRM,0.032904148,0.0092025995,-0.024333179
2020-03-30,CSCO,0.0068985224,0.0281775,-0.0041224957
2020-03-30,IBM,-0.021137238,0.017242312,-0.0058478117
2020-03-30,INTC,0.013739705,-0.019157887,-0.012397826
2020-03-30,MSFT,-0.0049333572,0.012529969,-0.012273312
2020-03-30,NKE,-0.0068949461,0.0019423962,0.0034455061
2020-03-30,VZ,0.025014281,0.02502656,0.0019965172
2020-03-30,WMT,-0.0031071305,0.011708379,0.0037894249
2020-03-31,AAPL,0.03246057,0.0133605,-0.029135287
2020-03-31,AMGN,-0.014902294,0.020386457,0.010504365
2020-03-31,CRM,-0.029260397,0.021902919,0.0024124384
2020-03-31,CSCO,-0.015916824,0.014936924,-0.043207169
2020-03-31,IBM,-0.019012988,-0.0032997131,-0.0023480654
2020-03-31,INTC,0.018877983,-0.0063216686,-0.012487829
2020-03-31,MSFT,0.013301611,-0.016336322,0.0055811405
2020-03-31,NKE,-0.047972381,0.001760006,0.0034433603
2020-03-31,VZ,0.012964487,0.020633936,-0.018226862
2020-03-31,WMT,-0.0045772791,0.014276862,-0.0050480366
2020-04-01,AAPL,-0.027403951,0.0034354925,-0.011722207
2020-04-01,AMGN,0.0078516006,0.025715351,-0.0033931732
2020-04-01,CRM,0.0034549236,0.041224957,-0.010343492
2020-04-01,CSCO,-0.010156751,0.0050930977,-0.033436418
2020-04-01,IBM,-0.0093085766,0.010730505,-0.011829555
2020-04-01,INTC,0.0058541298,0.012872338,-0.016463757
2020-04-01,MSFT,-0.014273226,0.013909221,-0.017301619
2020-04-01,NKE,-0.015363634,0.0071123838,-0.030731618
2020-04-01,VZ,-0.011156499,0.0094937086,-0.0056927204
2020-04-01,WMT,0.0095877647,0.0063406229,0.017442942
2020-04-02,AAPL,-0.023478866,0.0063778162,-0.03817451
2020-04-02,AMGN,-0.013007402,0.021319509,-0.025515378
2020-04-02,CRM,0.0014028549,0.036885262,-0.036007583
2020-04-02,CSCO,0.024416089,0.00059330463,-0.015741527
2020-04-02,IBM,-0.011036456,0.01419425,-0.018942773
2020-04-02,INTC,-0.0095254183,0.00071442127,-0.019765496
2020-04-02,MSFT,-0.0082983971,0.019517064,-0.017358661
2020-04-02,NKE,0.0014973879,0.040639162,-0.001098156
2020-04-02,VZ,0.0069402456,0.007712841,-0.010079622
2020-04-02,WMT,0.005485177,0.010253429,-0.0015110373
2020-04-03,AAPL,0.0016927719,0.01292026,-0.0061640739
2020-04-03,AMGN,-0.0086026192,0.011136293,-0.0097574592
2020-04-03,CRM,-0.017438352,0.028900266,-0.01689446
2020-04-03,CSCO,-0.01381284,0.011315227,-0.026708245
2020-04-03,IBM,-0.045943439,0.019421697,-0.017950833
2020-04-03,INTC,-0.009773314,0.0042002201,-0.032853782
2020-04-03,MSFT,-0.01771003,0.015355706,-0.013979912
2020-04-03,NKE,-0.0085476637,0.013093114,-0.032626331
2020-04-03,VZ,-0.020996809,0.0048480034,-0.0011194944
2020-04-03,WMT,0.0038079023,0.022859812,-0.014900684
2020-04-06,AAPL,0.003377676,0.019557238,-0.025469363
2020-04-06,AMGN,-0.026927471,0.0081082582,0.001024127
2020-04-06,CRM,0.029147983,0.02605021,-0.041466832
2020-04-06,CSCO,-0.026338756,0.013527274,-0.00735569
2020-04-06,IBM,0.0061795712,0.027501583,-0.029234469
2020-04-06,INTC,0.018764377,0.0068736076,-0.015180409
2020-04-06,MSFT,-0.0089641213,0.010890841,-0.014710009
2020-04-06,NKE,-0.027784348,0.017875791,-0.0094746351
2020-04-06,VZ,-0.012307763,-0.0068184733,-0.0011419654
2020-04-06,WMT,0.0089226961,-0.0038004518,-0.0099799037
2020-04-07,AAPL,0.030167222,0.010905027,-0.040577114
2020-04-07,AMGN,-0.0087676048,0.011811733,-0.022183657
2020-04-07,CRM,-0.014549136,0.033639669,-0.037512541
2020-04-07,CSCO,0.0076514482,0.010579348,-0.0050480366
2020-04-07,IBM,0.0064607859,-0.0054547787,-0.0058996677
2020-04-07,INTC,0.012469292,0.014671564,-0.019640207
2020-04-07,MSFT,0.02535069,0.0021498203,-0.025186598
2020-04-07,NKE,-0.031226635,0.025853753,-0.019551277
2020-04-07,VZ,0.0065960884,0.020000696,-0.014944792
2020-04-07,WMT,0.0011769533,-0.0021199584,-0.0094574094
2020-04-08,AAPL,0.042130232,0.014204979,-0.01025635
2020-04-08,AMGN,0.0047421455,0.0020880699,-0.0089898705
2020-04-08,CRM,0.011425614,0.025633454,-0.035558343
2020-04-08,CSCO,0.02468431,0.017672062,-0.02593416
2020-04-08,IBM,-0.0082771778,0.010994792,-0.017470658
2020-04-08,INTC,0.0097972155,0.0079278946,-0.0088176131
2020-04-08,MSFT,-0.014322519,-0.004686892,-0.014040828
2020-04-08,NKE,-0.017690897,0.027147293,-0.002715528
2020-04-08,VZ,0.0050295591,0.00555861,0.0014677048
2020-04-08,WMT,-0.015096009,0.003169179,-0.0072497129
2020-04-09,AAPL,0.030484319,-0.0053289533,-0.014519632
2020-04-09,AMGN,0.012915492,0.019243479,0.0058215857
2020-04-09,CRM,-0.019720197,0.020261884,-0.02047348
2020-04-09,CSCO,0.026581168,0.01368463,-0.0095196962
2020-04-09,IBM,-0.0025308728,0.019203901,-0.021752954
2020-04-09,INTC,0.0057827234,0.022139311,-0.0057237744
2020-04-09,MSFT,0.012512445,0.0047525167,-0.020479977
2020-04-09,NKE,0.012091637,0.021886587,0.0056914091
2020-04-09,VZ,0.010725021,0.010051012,-0.0097746253
2020-04-09,WMT,0.0027214289,0.003937006,-0.021767676
2020-04-13,AAPL,-0.019848704,0.017624259,0.0070745945
2020-04-13,AMGN,-0.0032524467,0.022423029,-0.0061360598
2020-04-13,CRM,0.057124376,-0.0033203363,-0.014095902
2020-04-13,CSCO,-0.021420121,0.0020616055,-0.016338825
2020-04-13,IBM,0.0017812252,0.021475554,-0.019766867
2020-04-13,INTC,-0.0043427348,0.01774478,-0.035421312
2020-04-13,MSFT,-0.016102791,-0.0024611354,-0.00033348799
2020-04-13,NKE,0.0065969229,0.024435401,0.010480165
2020-04-13,VZ,-0.0094529986,0.023831725,-0.0066483617
2020-04-13,WMT,-0.0023752451,0.016657352,-0.0051636696
2020-04-14,AAPL,0.028174043,0.0092755556,-0.017077148
2020-04-14,AMGN,-0.00035816431,0.020706534,-0.01593554
2020-04-14,CRM,-0.019074261,0.012755513,-0.028610468
2020-04-14,CSCO,-0.0094291568,0.009824872,0.0029509068
2020-04-14,IBM,0.00087153912,0.0071680546,-0.01178956
2020-04-14,INTC,0.015680552,0.023722649,-0.02027607
2020-04-14,MSFT,-0.0030322671,0.0098754168,-0.0055786371
2020-04-14,NKE,-0.0064206123,0.017474771,0.00035560131
2020-04-14,VZ,0.0042909384,-0.0011325479,0.0026806593
2020-04-14,WMT,0.0015726089,0.0077955723,-0.014421821
2020-04-15,AAPL,-0.023178041,0.010905027,0.00073361397
2020-04-15,AMGN,-0.019083142,0.016610861,-0.017568707
2020-04-15,CRM,0.0013511181,0.018260956,-0.021415174
2020-04-15,CSCO,-0.0083590746,0.014209747,0.00078737736
2020-04-15,IBM,0.0047411919,0.013705134,-0.016265512
2020-04-15,INTC,-0.016231596,0.024169445,-0.00052845478
2020-04-15,MSFT,0.0048469305,0.021711826,-0.013216257
2020-04-15,NKE,-0.015794814,0.025107861,-0.025262892
2020-04-15,VZ,0.0087186098,0.018045306,-0.010478854
2020-04-15,WMT,0.0065156221,0.0043941736,-0.0050752163
2020-04-16,AAPL,-0.0027694702,0.036896586,-0.025915205
2020-04-16,AMGN,0.0017796755,0.024625301,0.0048266649
2020-04-16,CRM,0.004914999,0.029225707,-0.0064514279
2020-04-16,CSCO,-0.0032697916,-0.0049903393,0.00044500828
2020-04-16,IBM,-0.0029201508,-4.1723251e-07,-0.016682506
2020-04-16,INTC,-0.011456966,0.019437075,-0.0097074509
2020-04-16,MSFT,0.020129561,0.0021036863,-0.014633775
2020-04-16,NKE,0.028469801,0.017953634,-0.029186249
2020-04-16,VZ,-0.0091993809,0.025684237,-0.005000174
2020-04-16,WMT,0.013724089,0.018143773,-0.017169297
2020-04-17,AAPL,-0.0011389256,0.019328117,-0.0084722042
2020-04-17,AMGN,-0.0083383322,0.019467354,0.021280766
2020-04-17,CRM,0.035953999,0.017452598,-0.052006721
2020-04-17,CSCO,0.013570189,0.012815952,-0.028642535
2020-04-17,IBM,0.011333585,0.0036215782,-0.017104268
2020-04-17,INTC,-0.01251024,0.020178556,-0.02048403
2020-04-17,MSFT,-0.0094748735,0.018585801,-0.032583714
2020-04-17,NKE,-0.043105185,0.010697007,-0.017144322
2020-04-17,VZ,-0.020029843,0.020163774,-0.0074978471
2020-04-17,WMT,-0.0075622797,-0.00043880939,0.0011466742
2020-04-20,AAPL,0.017487407,0.0070638657,-0.0055724978
2020-04-20,AMGN,-0.030763149,0.014445305,-0.02339226
2020-04-20,CRM,-0.033837259,0.027069092,0.0019415617
2020-04-20,CSCO,-0.019519627,0.021923304,-0.018711269
2020-04-20,IBM,-0.023391247,0.017323732,-0.014285445
2020-04-20,INTC,-0.009339571,0.019897223,-0.019519448
2020-04-20,MSFT,-0.0036622882,0.012131929,0.0049626827
2020-04-20,NKE,0.0091565847,0.033384562,-0.017421246
2020-04-20,VZ,-0.0083788037,0.010623932,-0.012631059
2020-04-20,WMT,0.018943191,0.016186595,-0.0064567327
2020-04-21,AAPL,0.0006622076,0.020762324,-0.0121153
2020-04-21,AMGN,0.032464027,0.029109716,-0.030875862
2020-04-21,CRM,-0.010747492,0.043136597,-0.0056285262
2020-04-21,CSCO,-0.0092910528,0.010276556,-0.025620282
2020-04-21,IBM,-0.0015588403,0.0024185181,-0.0057886243
2020-04-21,INTC,0.0014804602,0.0039258003,-0.020890713
2020-04-21,MSFT,-0.01352483,0.0063636303,-0.018937409
2020-04-21,NKE,-0.024001837,-0.0042595863,-0.023566246
2020-04-21,VZ,-0.017954946,0.017299771,-0.006521821
2020-04-21,WMT,-0.01873982,0.0088591576,-0.012494147
2020-04-22,AAPL,-0.012619436,0.019984365,-0.009509027
2020-04-22,AMGN,0.022729397,0.03571701,-0.010039926
2020-04-22,CRM,-0.0073481202,0.023978353,-0.050665617
2020-04-22,CSCO,0.022195339,0.0055978298,-0.019750357
2020-04-22,IBM,-0.0075705051,0.012105703,-0.011683285
2020-04-22,INTC,-0.015065789,0.014541268,-0.020417333
2020-04-22,MSFT,-0.034020722,0.022405267,0.0043238401
2020-04-22,NKE,0.036905169,0.024122477,-0.0042446852
2020-04-22,VZ,-0.013015985,-0.0029136539,-0.019640684
2020-04-22,WMT,0.0031086206,0.010477424,-0.015488207
2020-04-23,AAPL,-0.016516507,-0.00044620037,-0.018391132
2020-04-23,AMGN,-0.012057722,0.0026143789,-0.010353923
2020-04-23,CRM,0.0051556826,0.022388697,-0.00013816357
2020-04-23,CSCO,0.0037218332,0.022266746,-0.011674821
2020-04-23,IBM,-0.023166358,0.02472651,-0.0067871809
2020-04-23,INTC,-0.014745355,0.017255545,0.015213132
2020-04-23,MSFT,0.0077285767,0.036478996,-0.015469491
2020-04-23,NKE,-0.010281742,0.017493963,-0.032669783
2020-04-23,VZ,0.00024211407,0.0051254034,0.0076009035
2020-04-23,WMT,-0.0029726624,0.018948317,-0.0065795183
2020-04-24,AAPL,0.032698512,0.015763402,-0.028629839
2020-04-24,AMGN,0.019053221,0.0099891424,-0.0093902946
2020-04-24,CRM,-0.008161962,0.027157426,-0.009927094
2020-04-24,CSCO,-0.004984498,0.036065936,-0.011077642
2020-04-24,IBM,0.015287638,0.0055240393,-0.0034810305
2020-04-24,INTC,-0.009637475,0.0074777603,-0.0083096027
2020-04-24,MSFT,0.036097765,0.005410552,-0.0028550029
2020-04-24,NKE,-0.024759352,0.032005429,-0.018306434
2020-04-24,VZ,0.01092279,0.0019767284,-0.012131333
2020-04-24,WMT,-0.012895346,0.011271238,-0.011880517
2020-04-27,AAPL,0.025980473,-0.00026661158,-0.008364141
2020-04-27,AMGN,0.019852996,0.011238813,-0.018060029
2020-04-27,CRM,-0.014719546,-0.00073254108,-0.058472395
2020-04-27,CSCO,0.014274955,0.010237336,-0.018085599
2020-04-27,IBM,0.0077035427,0.0010572672,-0.032083511
2020-04-27,INTC,0.023816228,0.023383379,-0.028734267
2020-04-27,MSFT,-0.0092712045,0.0088791847,-0.016674817
2020-04-27,NKE,-0.017410636,0.0070637465,-0.021389067
2020-04-27,VZ,0.0027420521,0.016698718,-0.013050199
2020-04-27,WMT,-0.007447958,0.015607715,-0.016131997
2020-04-28,AAPL,0.031766891,0.032022357,-0.011805534
2020-04-28,AMGN,0.019429326,0.012803316,-0.0071157217
2020-04-28,CRM,0.070007682,0.037730217,-0.011353374
2020-04-28,CSCO,-0.010976374,0.0034850836,-0.012718797
2020-04-28,IBM,-0.010641456,0.014617801,0.00064837933
2020-04-28,INTC,-0.017526507,0.018938661,-0.0095652938
2020-04-28,MSFT,-0.009268105,0.02325666,-0.0069634914
2020-04-28,NKE,-0.011647761,0.024799466,-0.021327257
2020-04-28,VZ,-0.020762861,0.026431084,-0.0055609345
2020-04-28,WMT,0.014536977,0.0087894201,-0.020293534
2020-04-29,AAPL,0.0070334673,0.016098857,-0.022624969
2020-04-29,AMGN,0.018827796,0.014122844,-0.012504876
2020-04-29,CRM,0.043270707,0.040366054,-0.007360518
2020-04-29,CSCO,0.0096029043,-0.0053411722,-0.028800011
2020-04-29,IBM,0.0037090778,0.016696095,-0.012228072
2020-04-29,INTC,-0.0055216551,0.0095912218,-0.023704767
2020-04-29,MSFT,-0.010454655,0.0082136393,-0.00013071299
2020-04-29,NKE,-0.051100194,0.0066703558,-0.012515604
2020-04-29,VZ,-0.0070187449,0.0039660931,-0.0081467628
2020-04-29,WMT,-0.0054015517,0.0099858046,-0.017912209
2020-04-30,AAPL,0.024698138,0.01033628,-0.049813807
2020-04-30,AMGN,0.0034790039,0.0047023296,-0.031715333
2020-04-30,CRM,-0.0080606937,0.026902795,0.0090587139
2020-04-30,CSCO,-0.04806459,0.011306763,-0.022984028
2020-04-30,IBM,0.0042251348,0.0030740499,-0.013582289
2020-04-30,INTC,-0.012430012,0.035230756,-0.0054206252
2020-04-30,MSFT,0.0081194639,-0.013397217,-0.0049697757
2020-04-30,NKE,-0.029536843,0.017835736,-0.013898253
2020-04-30,VZ,0.0015717745,0.0069733858,-0.027068853
2020-04-30,WMT,-0.003195107,0.016117454,-0.0054680109
2020-05-01,AAPL,-0.018157125,1.4185905e-05,0.0036481619
2020-05-01,AMGN,0.0057445765,-0.00069910288,-0.010979772
2020-05-01,CRM,0.02166748,0.0040202141,-0.023902357
2020-05-01,CSCO,-0.008380115,-0.0056347251,-0.0075514317
2020-05-01,IBM,0.017451763,0.015979528,-0.021163225
2020-05-01,INTC,0.0025902987,-0.0048621893,-0.021265328
2020-05-01,MSFT,-0.016916454,0.019338131,-0.0078668594
2020-05-01,NKE,-0.027393162,0.023109555,-0.019595325
2020-05-01,VZ,0.0027902126,0.022729516,-0.0091506839
2020-05-01,WMT,-0.013565838,-0.0024413466,0.00095546246
2020-05-04,AAPL,0.016692877,0.02020669,-0.019792259
2020-05-04,AMGN,-0.0017642975,0.0033650398,-0.014344692
2020-05-04,CRM,-0.037381887,0.030281663,-0.020145655
2020-05-04,CSCO,0.0023416281,0.0078111887,-0.014998555
2020-05-04,IBM,0.013888597,0.015498519,-0.018496275
2020-05-04,INTC,0.021594524,0.0074445009,-0.035474062
2020-05-04,MSFT,0.0036895275,0.016378045,-0.010903358
2020-05-04,NKE,0.042617559,0.040050387,-0.016064942
2020-05-04,VZ,-0.0013204813,0.0041468143,-0.016973138
2020-05-04,WMT,-0.00083070993,0.017683029,-0.011924148
2020-05-05,AAPL,-0.029081404,0.022512317,-0.030615091
2020-05-05,AMGN,0.043566108,0.00050020218,-0.037482798
2020-05-05,CRM,-0.032255173,0.00071954727,-0.017481804
2020-05-05,CSCO,-0.025297403,0.012880445,0.0016742945
2020-05-05,IBM,-0.01854223,0.015061855,-0.021560729
2020-05-05,INTC,-0.011293828,0.0069975853,-0.0083335638
2020-05-05,MSFT,0.020257235,0.017151475,-0.019263685
2020-05-05,NKE,-0.02843225,0.0052596331,-0.027283311
2020-05-05,VZ,0.0060814619,0.0091445446,-0.014520109
2020-05-05,WMT,-0.012995064,0.02000165,-0.0035006404
2020-05-06,AAPL,-0.019323647,0.0091032982,-0.014559209
2020-05-06,AMGN,-0.01130712,0.023841262,-0.012018025
2020-05-06,CRM,0.0039300919,0.023256302,0.0038919449
2020-05-06,CSCO,-0.028874815,0.012925744,-0.0077739358
2020-05-06,IBM,-0.00315696,0.0084183216,-0.0049680471
2020-05-06,INTC,-0.016676545,0.025873184,-0.014392555
2020-05-06,MSFT,-0.03663522,0.014941096,-0.017214477
2020-05-06,NKE,-0.010271668,0.017687201,-0.031084836
2020-05-06,VZ,0.0055578947,0.009534359,-0.0094316602
2020-05-06,WMT,0.0321064,0.012115002,-0.018737853
2020-05-07,AAPL,-0.018770695,0.01424408,-0.036830842
2020-05-07,AMGN,0.0011171103,0.010350823,-0.0050831437
2020-05-07,CRM,-0.026595414,0.01471734,-0.012951791
2020-05-07,CSCO,-0.019437611,0.020656228,-0.017628908
2020-05-07,IBM,-0.009278357,0.022619009,-0.0046556592
2020-05-07,INTC,-0.010059953,0.013114095,-0.0081472993
2020-05-07,MSFT,0.0072854757,0.025897861,-0.0049248934
2020-05-07,NKE,0.010053754,0.010936856,-0.014010131
2020-05-07,VZ,0.010040045,0.015925884,-0.009070158
2020-05-07,WMT,-0.0062596202,0.017557979,-0.024060667
2020-05-08,AAPL,-0.025165081,0.0054340363,0.0015866756
2020-05-08,AMGN,-0.015696764,0.00022816658,-0.018600821
2020-05-08,CRM,-0.029687166,0.013909698,-0.00640589
2020-05-08,CSCO,0.007393837,0.023577929,-0.014810741
2020-05-08,IBM,-0.0088865757,0.014875412,-0.022821784
2020-05-08,INTC,-0.0098341703,0.026892185,-0.024482548
2020-05-08,MSFT,0.020864606,0.006459713,-0.015182555
2020-05-08,NKE,-0.012910962,0.024525642,-0.023747265
2020-05-08,VZ,-0.0041086674,0.018029213,-0.00082778931
2020-05-08,WMT,-0.008567512,0.0073524714,0.0012537241
2020-05-11,AAPL,-0.018511653,0.0084753036,-0.027850449
2020-05-11,AMGN,-0.0041069388,0.012699604,-0.0030617118
2020-05-11,CRM,0.0016411543,0.0017302036,-0.013679862
2020-05-11,CSCO,0.02270782,0.012734056,-0.022056758
2020-05-11,IBM,-0.013280153,0.01718688,-0.0044215918
2020-05-11,INTC,0.0054814816,0.0050330162,-0.029017627
2020-05-11,MSFT,-0.0068178773,0.023611069,-0.027820289
2020-05-11,NKE,-0.0033306479,0.01768434,-0.0037734509
2020-05-11,VZ,-0.0074027181,0.021953344,-0.01987654
2020-05-11,WMT,-0.006095171,0.015617371,-0.0092362761
2020-05-12,AAPL,-0.0088638067,0.032750607,-0.034380019
2020-05-12,AMGN,-0.013770938,0.036592007,-0.012550056
2020-05-12,CRM,-0.055747211,0.030101657,-0.036506534
2020-05-12,CSCO,0.019765496,-0.0046893358,-0.0046024919
2020-05-12,IBM,-0.00023597479,0.0043313503,-0.029243946
2020-05-12,INTC,0.010397673,0.018250108,-0.024988413
2020-05-12,MSFT,-0.023459852,0.006552577,-0.020006657
2020-05-12,NKE,-0.0070513487,0.023106575,0.0080410242
2020-05-12,VZ,0.010708928,0.012431264,-0.026976764
2020-05-12,WMT,0.0056033134,0.020126343,-0.01854974
2020-05-13,AAPL,-0.057507038,0.011853933,-0.019649684
2020-05-13,AMGN,0.0036879778,0.038517356,-0.010454416
2020-05-13,CRM,0.054044604,-0.025609851,-0.030204952
2020-05-13,CSCO,-0.010049284,0.017933726,-0.0029759407
2020-05-13,IBM,0.0010737181,0.018225789,-0.02456677
2020-05-13,INTC,0.02491498,0.013476014,-0.025614679
2020-05-13,MSFT,0.0015865564,0.014459252,-0.013291538
2020-05-13,NKE,0.0067284107,0.017783761,0.0098528862
2020-05-13,VZ,-0.0036956668,0.013548017,-0.0067130327
2020-05-13,WMT,-0.032651961,0.022071719,-0.016454279
2020-05-14,AAPL,-0.037977517,0.022724271,-0.038504362
2020-05-14,AMGN,0.011723995,0.01919353,-0.0097768307
2020-05-14,CRM,-0.064005613,0.015954256,0.0075753927
2020-05-14,CSCO,-0.019246638,0.03603375,-0.020703018
2020-05-14,IBM,0.025658011,0.015845776,-0.023368478
2020-05-14,INTC,0.020783901,0.010097504,-0.00018793344
2020-05-14,MSFT,0.022954226,0.014621973,-0.026364207
2020-05-14,NKE,0.01083529,0.024395585,-0.024962485
2020-05-14,VZ,-0.0066412687,0.0099009275,-0.023655474
2020-05-14,WMT,0.00016736984,0.012493253,-0.017407238
2020-05-15,AAPL,-0.018447399,0.02577281,-0.022321105
2020-05-15,AMGN,0.00071799755,0.015877366,0.0012248755
2020-05-15,CRM,-0.012447178,0.021443009,-0.040700734
2020-05-15,CSCO,-0.021956086,0.015074015,-0.012817681
2020-05-15,IBM,0.021354556,0.022995234,-0.005441606
2020-05-15,INTC,-0.030490577,0.014500976,-0.025189042
2020-05-15,MSFT,-0.0090622902,0.026238203,-0.022195756
2020-05-15,NKE,0.0028836727,0.01926589,-0.017690599
2020-05-15,VZ,-0.022896826,0.0081808567,-0.0041998029
2020-05-15,WMT,0.0074939728,0.017358899,-0.015641093
2020-05-18,AAPL,-0.0017914176,0.026080489,-0.012730658
2020-05-18,AMGN,-0.0033441186,0.007073164,-0.0085853934
2020-05-18,CRM,-0.0070036054,0.0024291277,-0.017096698
2020-05-18,CSCO,-0.014034688,0.0097573996,-0.01598376
2020-05-18,IBM,-0.021566749,0.013326287,0.00050592422
2020-05-18,INTC,-0.017728865,0.012037277,-0.0092458725
2020-05-18,MSFT,0.014744282,0.011335492,-0.013278306
2020-05-18,NKE,-0.0041635633,0.014732122,-0.016904294
2020-05-18,VZ,-0.024198771,0.0044451952,-0.0025061965
2020-05-18,WMT,-0.005105257,0.013574362,0.0013850927
2020-05-19,AAPL,0.016464233,0.033509254,0.0042645931
2020-05-19,AMGN,-0.010189533,-0.00059574842,-0.0091403723
2020-05-19,CRM,0.012675405,0.023801446,-0.0075700283
2020-05-19,CSCO,-0.038351715,0.022502422,-0.014300823
2020-05-19,IBM,-0.011529446,0.017582417,-0.0070023537
2020-05-19,INTC,-0.0049036741,0.020847797,-0.018547595
2020-05-19,MSFT,0.016944289,0.011130571,-0.027150571
2020-05-19,NKE,0.012709379,0.012476802,-0.013076842
2020-05-19,VZ,0.00095021725,0.025481105,-0.0091588497
2020-05-19,WMT,0.017930865,0.01828146,-0.010934651
2020-05-20,AAPL,0.021149516,-0.0018537045,-0.012984157
2020-05-20,AMGN,0.017224312,0.014263391,-0.017418504
2020-05-20,CRM,-0.014625549,0.013069868,0.0051742792
2020-05-20,CSCO,-0.025150597,0.023602009,-0.01768887
2020-05-20,IBM,-0.026717067,0.010151386,-0.01025939
2020-05-20,INTC,-0.0036008954,0.00075268745,-0.0094316602
2020-05-20,MSFT,-0.0060050488,0.021432161,-0.015541792
2020-05-20,NKE,-0.018021762,0.039144158,-0.0061215162
2020-05-20,VZ,0.0077598095,0.0097556114,-0.0072954297
2020-05-20,WMT,0.006038785,0.0045021772,-0.0084062815
2020-05-21,AAPL,-0.010580957,0.0080670118,-0.023379028
2020-05-21,AMGN,0.0037477016,0.0078008175,-0.02209276
2020-05-21,CRM,-0.03739959,0.02671814,0.0089033842
2020-05-21,CSCO,-0.0081142187,0.01767242,-0.024688423
2020-05-21,IBM,-0.016504347,0.01965642,-0.015268147
2020-05-21,INTC,0.017561316,0.020202398,-0.0036302209
2020-05-21,MSFT,-0.020668268,-0.00074744225,-0.0035371184
2020-05-21,NKE,0.0057418346,0.031868815,-0.00914222
2020-05-21,VZ,-0.015759528,0.01388061,-0.014677644
2020-05-21,WMT,0.0022839308,0.013560414,-0.017849743
2020-05-22,AAPL,0.012322307,0.019587517,-0.029481709
2020-05-22,AMGN,0.02284348,0.020406723,-4.4465065e-05
2020-05-22,CRM,-0.048611939,0.017154932,-0.0073571205
2020-05-22,CSCO,0.0056619644,0.024796844,-0.015248835
2020-05-22,IBM,-0.0078236461,0.023278236,-0.019907892
2020-05-22,INTC,0.00035870075,0.0030781031,-0.0001155138
2020-05-22,MSFT,-0.0028274655,0.01516974,-0.0098003745
2020-05-22,NKE,-0.010571063,0.023223281,-0.01296407
2020-05-22,VZ,0.020777702,0.023769498,-0.017638564
2020-05-22,WMT,0.011946797,0.010865211,-0.0063202977
2020-05-26,AAPL,-0.022505641,0.025294662,-0.010844827
2020-05-26,AMGN,0.038384199,-0.0073937774,-0.0032031536
2020-05-26,CRM,0.041911125,0.023200989,0.0091513395
2020-05-26,CSCO,0.0034134388,0.0069111586,-0.021962166
2020-05-26,IBM,-0.0066649914,0.0017026663,-0.022634566
2020-05-26,INTC,-0.018396676,0.043185711,0.003839016
2020-05-26,MSFT,0.00016736984,0.016524673,0.0009304285
2020-05-26,NKE,-0.0079797506,0.0088185072,-0.0024507046
2020-05-26,VZ,0.012128472,0.022603869,0.010082364
2020-05-26,WMT,-0.00031131506,0.0053962469,-0.016979575
2020-05-27,AAPL,-0.014437973,0.0054936409,-0.019779146
2020-05-27,AMGN,0.014525056,0.010670185,-0.022626996
2020-05-27,CRM,0.0095812082,0.027023435,-0.027304351
2020-05-27,CSCO,-0.013254046,0.011862993,-0.016377985
2020-05-27,IBM,-0.028317809,-0.0039311051,0.0006455183
2020-05-27,INTC,-0.03116858,0.023225307,-0.017701149
2020-05-27,MSFT,-0.0070502162,0.005268693,-0.020391405
2020-05-27,NKE,-0.018981099,0.035209775,-0.0086513162
2020-05-27,VZ,-0.0080140233,0.014490366,-0.022774279
2020-05-27,WMT,0.0068068504,0.0091768503,-0.0096117854
2020-05-28,AAPL,-0.014498949,0.019930124,-0.015354812
2020-05-28,AMGN,0.012089372,0.021494269,-0.0054408312
2020-05-28,CRM,-0.0061718225,0.0029201508,-0.01199764
2020-05-28,CSCO,-0.026958525,0.0095671415,-0.020224631
2020-05-28,IBM,-0.001060009,0.024916649,-0.01792419
2020-05-28,INTC,0.011689901,0.0037503242,-0.0074899197
2020-05-28,MSFT,-0.014857888,0.010749817,-0.013674021
2020-05-28,NKE,0.0065405369,0.005941987,-0.015220642
2020-05-28,VZ,-0.012345552,0.01865077,-0.020234346
2020-05-28,WMT,0.017791629,0.0064953566,-0.0096413493
2020-05-29,AAPL,0.00083673,0.011456847,-0.046448708
2020-05-29,AMGN,-0.02095145,-0.0012840629,-0.0074778199
2020-05-29,CRM,-0.026956499,0.04432404,-0.019440413
2020-05-29,CSCO,-0.016501307,0.018128276,-0.013121724
2020-05-29,IBM,0.020390153,0.013569355,-0.014911532
2020-05-29,INTC,-0.035333455,0.021872044,-0.0080422163
2020-05-29,MSFT,-0.004746139,0.0073808432,-0.039577961
2020-05-29,NKE,-0.022105336,0.030828953,0.0048041344
2020-05-29,VZ,-0.02136153,0.010923982,-0.021720529
2020-05-29,WMT,0.00062024593,-0.00092965364,-0.016932666
2020-06-01,AAPL,0.014026999,0.010425329,-0.037124276
2020-06-01,AMGN,-0.020112932,0.031023264,-0.016117096
2020-06-01,CRM,-0.0076669455,0.014555931,-0.030329227
2020-06-01,CSCO,0.0042538643,0.0090159178,-0.012897789
2020-06-01,IBM,0.007799983,0.0038216114,-0.015821218
2020-06-01,INTC,0.01578176,0.010619402,-0.040247381
2020-06-01,MSFT,0.0060805082,0.0091193914,-0.012804925
2020-06-01,NKE,-0.004910171,0.0042212009,-0.010481179
2020-06-01,VZ,-0.00055092573,0.02646625,-0.023106456
2020-06-01,WMT,-0.0043264627,0.017930627,-0.0045362711
2020-06-02,AAPL,-0.0022206306,0.020496488,-0.019504309
2020-06-02,AMGN,0.011000633,0.014842629,0.0047808886
2020-06-02,CRM,-0.027981341,0.059734821,-0.0072901249
2020-06-02,CSCO,-0.0001873374,0.013696432,-0.0047685504
2020-06-02,IBM,-0.0040972233,0.035357952,-0.019333482
2020-06-02,INTC,0.021971822,0.012477398,-0.0085200071
2020-06-02,MSFT,0.017005563,0.024096608,-0.00076782703
2020-06-02,NKE,0.0052374601,0.013784289,-0.010710537
2020-06-02,VZ,-0.0044291615,0.010912299,-0.01230973
2020-06-02,WMT,-0.005456388,0.012683988,-0.016227186
2020-06-03,AAPL,-0.007584095,0.026981831,-0.015078127
2020-06-03,AMGN,-0.023949921,0.0077904463,-0.0030937791
2020-06-03,CRM,0.013021827,0.012854457,0.010356188
2020-06-03,CSCO,-0.034377337,0.027621627,0.0011315346
2020-06-03,IBM,-0.040245652,0.011817813,-0.0078750849
2020-06-03,INTC,-0.022098184,-0.0031862259,-0.017418325
2020-06-03,MSFT,0.010109067,0.0050263405,-0.012567937
2020-06-03,NKE,-0.012812376,0.0048602819,-0.019708633
2020-06-03,VZ,0.0048594475,0.0078910589,-0.0071592331
2020-06-03,WMT,0.011479497,0.017553687,0.0036373138
2020-06-04,AAPL,-0.0034466982,0.025671005,0.0025547743
2020-06-04,AMGN,-0.013567269,0.021375299,-0.0088165402
2020-06-04,CRM,-0.032490194,-0.011000454,-0.03782177
2020-06-04,CSCO,-0.0011328459,0.0099474192,-0.016479433
2020-06-04,IBM,0.016130567,0.018757105,-0.0092337132
2020-06-04,INTC,0.035932064,0.018323421,-0.026156127
2020-06-04,MSFT,0.01147759,0.0066578388,-0.017529666
2020-06-04,NKE,9.2029572e-05,0.013309002,-0.0073686242
2020-06-04,VZ,-0.023907483,0.010603786,0.011226296
2020-06-04,WMT,0.0063951015,0.0098241568,-0.0068038106
2020-06-05,AAPL,0.0091153383,0.012270808,-0.01040566
2020-06-05,AMGN,-0.0013682246,0.024473548,-0.0083397031
2020-06-05,CRM,-0.01789701,0.016692519,-0.034742057
2020-06-05,CSCO,0.00054752827,0.0036181211,-0.038617134
2020-06-05,IBM,-0.0042918921,0.018611193,-0.017799556
2020-06-05,INTC,-0.0090213418,0.0017801523,0.0059921741
2020-06-05,MSFT,-0.018547237,-0.0028784871,-0.0066925883
2020-06-05,NKE,-0.024599373,0.021935105,-0.0047416091
2020-06-05,VZ,-0.011006892,0.0067919493,4.7683716e-07
2020-06-05,WMT,-0.014276624,-0.0010836124,-0.016918123
2020-06-08,AAPL,-0.018455446,0.0063920021,-0.0348562
2020-06-08,AMGN,0.022166252,0.023770213,0.0023567677
2020-06-08,CRM,-0.037217617,-0.016459405,-0.01304251
2020-06-08,CSCO,0.0039019585,0.0084165335,-0.029056191
2020-06-08,IBM,-0.00139153,0.00060367584,0.0049602985
2020-06-08,INTC,0.023209691,0.0050250292,-0.010824502
2020-06-08,MSFT,-0.020975411,-0.0016289353,-0.021514952
2020-06-08,NKE,-0.014348984,0.02523005,-0.0082170367
2020-06-08,VZ,-0.020986199,-0.0028889775,-0.013891041
2020-06-08,WMT,0.014005899,0.0097516775,-0.01478374
2020-06-09,AAPL,0.00015854836,0.0082296133,-0.015736878
2020-06-09,AMGN,0.008818984,0.023025393,-0.019917071
2020-06-09,CRM,-0.0012179613,0.040575981,-0.027029693
2020-06-09,CSCO,-0.024412632,0.014867067,-0.020782232
2020-06-09,IBM,-0.025180697,0.026015162,-0.0044639707
2020-06-09,INTC,-0.0024225712,0.018138051,-0.015063465
2020-06-09,MSFT,0.029410243,0.0020526648,-0.0049588084
2020-06-09,NKE,0.00052881241,0.024786353,-0.020628512
2020-06-09,VZ,-0.009701252,0.0084400177,-0.014762223
2020-06-09,WMT,-0.015642941,0.016938329,-0.0035200119
2020-06-10,AAPL,-0.049442649,0.03617239,-0.023554683
2020-06-10,AMGN,0.0072546005,-0.00080907345,-0.0069488883
2020-06-10,CRM,0.030777931,-0.015616953,-0.024865627
2020-06-10,CSCO,-0.025726259,0.0083419085,-0.0039532185
2020-06-10,IBM,0.0040147305,-0.0028580427,-0.015813172
2020-06-10,INTC,-0.00095063448,0.016852617,-0.013306975
2020-06-10,MSFT,-0.022960067,0.010904312,-0.0031024814
2020-06-10,NKE,0.01302433,0.014832735,-0.024373353
2020-06-10,VZ,-0.014243901,0.01968205,-0.0090931058
2020-06-10,WMT,-0.0089396238,0.0082653761,-0.0037657619
2020-06-11,AAPL,-0.0043011904,0.014436007,0.0011359453
2020-06-11,AMGN,0.010147691,-0.012882173,-0.013953626
2020-06-11,CRM,-0.014009714,0.015583634,0.010926008
2020-06-11,CSCO,-0.026424348,0.012857795,-0.014024436
2020-06-11,IBM,-0.0069471002,0.015351892,-0.018957317
2020-06-11,INTC,-0.0092802644,0.0017082691,-0.015475273
2020-06-11,MSFT,0.0090488195,0.00097775459,-0.028542817
2020-06-11,NKE,-0.0038090944,0.0016297102,0.00092375278
2020-06-11,VZ,-0.0054417849,0.00027251244,-0.0077660084
2020-06-11,WMT,-0.0032611489,0.004201889,-0.030463398
2020-06-12,AAPL,-0.0042370558,0.0138973,-0.0031769276
2020-06-12,AMGN,-0.010639071,0.015526652,-0.0074750781
2020-06-12,CRM,0.03075254,0.013047934,-0.021252632
2020-06-12,CSCO,0.0016568899,-0.005430162,-0.017484546
2020-06-12,IBM,-0.015527129,0.021210909,-0.0085991025
2020-06-12,INTC,-0.013349354,-0.0059455633,0.00129354
2020-06-12,MSFT,-0.00025182962,0.022460222,-0.019728601
2020-06-12,NKE,0.027116537,0.013079643,-0.011642754
2020-06-12,VZ,-0.014852405,-0.0008508563,-0.022405326
2020-06-12,WMT,0.0044090748,0.010090351,-0.015322804
2020-06-15,AAPL,0.0076686144,0.022686481,-0.0090571642
2020-06-15,AMGN,-0.0021608472,0.0042792559,-0.022700667
2020-06-15,CRM,0.02557683,0.017173409,0.019943357
2020-06-15,CSCO,0.009565115,0.018062711,-0.0043381453
2020-06-15,IBM,0.011440754,0.016149163,-0.027217627
2020-06-15,INTC,-0.019359291,0.0163939,-0.024269402
2020-06-15,MSFT,0.01724124,-0.011036813,-0.012514889
2020-06-15,NKE,-0.0031816959,0.021682501,-0.012938321
2020-06-15,VZ,-0.01944679,0.0084632635,-0.0024786592
2020-06-15,WMT,-0.0042280555,0.021223068,-0.019231915
2020-06-16,AAPL,0.025390148,0.00084865093,-0.031777978
2020-06-16,AMGN,-0.0026542544,0.025768161,-0.02788043
2020-06-16,CRM,-0.006035924,0.046097875,-0.048234344
2020-06-16,CSCO,0.017460823,-0.01348877,-0.017239928
2020-06-16,IBM,-0.012705982,0.016169071,-0.0057407618
2020-06-16,INTC,-0.0094659328,0.0075708628,0.011890292
2020-06-16,MSFT,0.010422587,-0.0067760348,-0.022832334
2020-06-16,NKE,0.0018358231,0.025430083,-0.0012995005
2020-06-16,VZ,-0.013596654,-0.0037434101,-0.026006579
2020-06-16,WMT,-0.0080202222,0.019395232,-0.014600217
2020-06-17,AAPL,-0.0056945086,0.0087883472,-0.0087011456
2020-06-17,AMGN,0.017562389,0.019552588,-0.0056522489
2020-06-17,CRM,0.027843356,0.032567382,0.0069457293
2020-06-17,CSCO,0.0016840696,0.000223279,-0.012512982
2020-06-17,IBM,-0.0050760508,0.013812542,0.0022779703
2020-06-17,INTC,-0.02193296,0.033321619,-0.0014299154
2020-06-17,MSFT,-0.00056767464,-0.0098112822,-0.03153348
2020-06-17,NKE,0.014218807,0.0065070391,-0.0075048208
2020-06-17,VZ,-0.0048774481,0.024870992,-0.013471305
2020-06-17,WMT,-0.023470044,-0.0013660789,-0.0052368641
2020-06-18,AAPL,-0.0049438477,0.013045073,-0.0075956583
2020-06-18,AMGN,-0.012398362,0.00044631958,-0.012859643
2020-06-18,CRM,-0.013532162,0.035063267,0.013268232
2020-06-18,CSCO,0.034368992,0.02142179,-0.021357238
2020-06-18,IBM,-0.00074309111,0.021580458,-0.018459797
2020-06-18,INTC,0.0089868307,0.0024718046,-0.0038904548
2020-06-18,MSFT,-0.02976054,0.0005030632,-0.0033650398
2020-06-18,NKE,0.017653823,0.031049728,-0.032739282
2020-06-18,VZ,-0.0099008083,0.0072780848,-0.016410768
2020-06-18,WMT,0.004835844,0.015036821,-0.012845218
2020-06-19,AAPL,0.036091805,0.011213064,-0.0041049719
2020-06-19,AMGN,-0.0173316,0.01382184,-0.022086322
2020-06-19,CRM,-0.013161898,0.0072965622,-0.023377597
2020-06-19,CSCO,-0.017454922,0.024042845,-0.026223421
2020-06-19,IBM,-0.0072724819,0.01221025,-0.024684191
2020-06-19,INTC,-0.011326015,0.020181656,0.0038700104
2020-06-19,MSFT,0.013354301,0.0057373047,-0.027015269
2020-06-19,NKE,0.0010721684,-0.00011557341,-0.025220215
2020-06-19,VZ,-0.01364547,0.021117806,0.01676631
2020-06-19,WMT,-0.0016807914,-0.00053107738,-0.0086163878
2020-06-22,AAPL,0.020693302,0.029928565,-0.031673729
2020-06-22,AMGN,-0.0047243237,0.0066787004,-0.015881121
2020-06-22,CRM,0.020082831,0.0047473907,-0.030278087
2020-06-22,CSCO,0.019149899,0.0079536438,-0.017301202
2020-06-22,IBM,-0.041546464,0.0052301884,-0.010088682
2020-06-22,INTC,0.0044760704,0.0076586008,-0.028550029
2020-06-22,MSFT,-0.008479178,0.0084512234,0.0010724068
2020-06-22,NKE,-0.0030201077,0.011555791,-0.036545038
2020-06-22,VZ,0.0024900436,0.010750175,-0.017179489
2020-06-22,WMT,-0.0070337057,0.024580598,-0.0070212483
2020-06-23,AAPL,-0.0322932,0.014257431,-0.010501027
2020-06-23,AMGN,0.020022154,0.019291401,-0.023811519
2020-06-23,CRM,0.029427171,0.031781912,-0.025118649
2020-06-23,CSCO,-0.0092492104,0.0024768114,0.0026134253
2020-06-23,IBM,0.0053671598,0.017421842,-0.010968566
2020-06-23,INTC,-0.013148189,-0.022534907,-0.0090014338
2020-06-23,MSFT,0.015602827,0.019561648,-0.014990389
2020-06-23,NKE,-0.0006056428,-0.0090999007,-0.040750504
2020-06-23,VZ,0.0014476776,0.014177799,-0.014416277
2020-06-23,WMT,0.020132422,0.016931057,-0.0098547339
2020-06-24,AAPL,-0.011883497,0.018981457,-0.0036066175
2020-06-24,AMGN,-0.041687906,0.0075385571,-0.017474592
2020-06-24,CRM,0.02827704,0.022302866,-0.046858728
2020-06-24,CSCO,-0.037632465,0.018496752,-0.027953684
2020-06-24,IBM,-0.0019800067,-0.0011740923,-0.0046287179
2020-06-24,INTC,0.011807919,0.027112007,-0.011602163
2020-06-24,MSFT,0.0086611509,5.197525e-05,-0.020456433
2020-06-24,NKE,-0.022625685,0.019224167,-0.024505734
2020-06-24,VZ,0.020469308,0.0054290295,-0.0088734627
2020-06-24,WMT,-0.0094614029,0.015028596,-0.00012665987
2020-06-25,AAPL,0.0044742823,-0.00010895729,-0.007081151
2020-06-25,AMGN,0.0057489872,0.018034697,-0.014741004
2020-06-25,CRM,-0.06559068,0.0063346624,-0.012819469
2020-06-25,CSCO,-0.0086138844,0.0081602335,-0.0019283295
2020-06-25,IBM,-0.0056122541,-0.0009470582,-0.010351717
2020-06-25,INTC,-0.023710787,0.02277565,-0.0030862093
2020-06-25,MSFT,0.013496876,-0.001519978,-0.014209151
2020-06-25,NKE,-0.039539039,0.028740287,-0.0082510114
2020-06-25,VZ,0.030834079,-0.0025093555,-0.0073100924
2020-06-25,WMT,-0.0071871877,0.0095300674,-0.0047935843
2020-06-26,AAPL,-0.015432,0.014394403,0.023223519
2020-06-26,AMGN,-0.0052685142,0.062366366,-0.0054032803
2020-06-26,CRM,-0.012447059,-0.012209713,-0.013160348
2020-06-26,CSCO,0.013346195,0.0032966137,-0.011306822
2020-06-26,IBM,-0.0013188124,0.0080265999,0.0055143833
2020-06-26,INTC,-0.039772689,0.0038570166,-0.033722103
2020-06-26,MSFT,0.04010129,0.010908008,-0.024893403
2020-06-26,NKE,0.009297967,0.011833549,-0.020035803
2020-06-26,VZ,0.021856427,0.016119838,-0.0066735744
2020-06-26,WMT,0.0022168159,0.0055140257,-0.0043937564
2020-06-29,AAPL,0.027117252,0.0012845993,-0.018651664
2020-06-29,AMGN,0.010378003,0.01441443,0.00065803528
2020-06-29,CRM,0.010196209,0.012020826,-0.028893709
2020-06-29,CSCO,-0.0062229633,0.0074738264,-0.018742859
2020-06-29,IBM,-3.439188e-05,0.012327909,-0.01987052
2020-06-29,INTC,0.014335155,0.018398762,-0.012539566
2020-06-29,MSFT,-0.0038207173,0.027971625,0.0052399635
2020-06-29,NKE,-0.0082919002,0.0067206621,-0.0052848458
2020-06-29,VZ,-0.024847984,-0.0048220754,-0.00052535534
2020-06-29,WMT,0.021141768,0.0080728531,-0.013151944
2020-06-30,AAPL,0.024401188,0.026325583,-0.0400244
2020-06-30,AMGN,-0.0011838078,0.031261206,-0.021260381
2020-06-30,CRM,-0.003649056,0.034988284,-0.042184651
2020-06-30,CSCO,-0.010212302,0.016633511,-0.021814346
2020-06-30,IBM,0.010691643,0.0057139397,-0.01298219
2020-06-30,INTC,0.0037754774,-0.0036883354,-0.0075838566
2020-06-30,MSFT,0.022776127,0.013217688,-0.022409558
2020-06-30,NKE,-0.041715503,0.016254187,-0.036093056
2020-06-30,VZ,0.006526947,0.012105703,-0.012639225
2020-06-30,WMT,0.021026134,0.0089840889,-0.027876973
2020-07-01,AAPL,0.0009958744,0.018682718,-0.032124281
2020-07-01,AMGN,-0.023196816,0.011126637,-0.02385807
2020-07-01,CRM,-0.038400173,0.027694106,-0.01934278
2020-07-01,CSCO,-0.035365462,0.021036625,-0.0033645034
2020-07-01,IBM,-0.0010215044,0.012406111,-0.017428041
2020-07-01,INTC,-0.025327086,0.004124999,-0.0036973953
2020-07-01,MSFT,0.0090745687,0.013924479,-0.0036241412
2020-07-01,NKE,-0.020447433,0.010404348,-0.017422557
2020-07-01,VZ,-0.038472593,0.021755934,-0.0076153278
2020-07-01,WMT,0.012967944,0.023090243,-0.006878078
2020-07-02,AAPL,0.011885047,0.0078446865,0.0036363602
2020-07-02,AMGN,0.0010669231,-0.0032930374,-0.026511431
2020-07-02,CRM,-0.026493311,0.00096547604,-0.032796562
2020-07-02,CSCO,-0.019211471,-0.014881849,0.0038981438
2020-07-02,IBM,0.019434929,-0.0081825256,-0.00033706427
2020-07-02,INTC,-0.020338297,0.025335193,-0.0040145516
2020-07-02,MSFT,0.017488956,0.020590663,0.0029036999
2020-07-02,NKE,-0.0080860853,0.02226603,-0.019196928
2020-07-02,VZ,0.0053669214,0.010681987,-0.0061175823
2020-07-02,WMT,0.0064188242,0.0096744299,-0.016410053
2020-07-06,AAPL,0.007172823,0.0045523643,-0.009473443
2020-07-06,AMGN,-0.03460896,0.022170067,-0.016199172
2020-07-06,CRM,-0.017540336,-0.0027905107,-0.022672296
2020-07-06,CSCO,-0.014297009,0.0039242506,-0.010200262
2020-07-06,IBM,-0.02165246,0.0022859573,-0.0026429296
2020-07-06,INTC,-0.0015360713,0.010863185,-0.017179906
2020-07-06,MSFT,0.0027142763,0.0087302923,-0.015405178
2020-07-06,NKE,0.0096203089,0.0024790764,-0.0054235458
2020-07-06,VZ,-0.0019577742,0.00027310848,-0.016743541
2020-07-06,WMT,0.0069259405,0.0069173574,-0.013466716
2020-07-07,AAPL,-0.043118358,0.0049185753,-0.017987251
2020-07-07,AMGN,0.007774353,0.019282699,-0.011877954
2020-07-07,CRM,-0.016516685,0.0075864792,-0.0034204721
2020-07-07,CSCO,-0.0053919554,0.0054386854,-0.020074666
2020-07-07,IBM,0.008476615,0.013389707,0.0064021349
2020-07-07,INTC,0.016546965,-0.0051704645,-0.009413898
2020-07-07,MSFT,-0.024517834,-0.013507247,-0.0046777725
2020-07-07,NKE,0.0029586554,0.0015842915,0.0092428923
2020-07-07,VZ,0.019811392,0.013722897,-0.017864943
2020-07-07,WMT,-0.0063488483,0.013821721,-0.0052945018
2020-07-08,AAPL,0.03558743,0.0093182325,0.0035102367
2020-07-08,AMGN,-0.0079482198,0.013199091,-0.013159037
2020-07-08,CRM,0.016817451,-0.00448066,-0.023707092
2020-07-08,CSCO,0.035463691,0.026854992,0.0053472519
2020-07-08,IBM,0.0010937452,0.0099847317,-0.010956168
2020-07-08,INTC,0.023489118,0.014546752,-0.022550166
2020-07-08,MSFT,0.025392652,0.020214081,0.0015512705
2020-07-08,NKE,-0.03656435,0.0080430508,-0.0024850965
2020-07-08,VZ,0.015622258,-0.0074097514,-0.0021936893
2020-07-08,WMT,-0.011887908,0.018328905,-0.017796218
2020-07-09,AAPL,0.019880295,0.00044560432,-0.012571871
2020-07-09,AMGN,-0.018069088,0.016194582,-0.013555229
2020-07-09,CRM,-0.02604866,0.016479731,-0.02693212
2020-07-09,CSCO,-0.010345519,0.011258245,-0.022661269
2020-07-09,IBM,0.024767518,0.00033676624,-0.00080740452
2020-07-09,INTC,-0.017595768,0.023789763,-0.011825979
2020-07-09,MSFT,0.00064504147,-0.0057467222,-0.014432847
2020-07-09,NKE,0.019660354,0.021277189,-0.0051527023
2020-07-09,VZ,-0.019383788,0.022851586,-0.018603504
2020-07-09,WMT,-0.0089387298,0.0245502,-0.0020956993
2020-07-10,AAPL,-0.0038943291,0.0066475868,-0.022425592
2020-07-10,AMGN,-0.009999454,0.0079860687,-0.024845481
2020-07-10,CRM,-0.018451631,0.01454556,0.00027942657
2020-07-10,CSCO,-0.00037252903,0.0013332367,0.0039299726
2020-07-10,IBM,-0.016239941,-0.012586236,-0.0019187331
2020-07-10,INTC,-0.0024532676,0.0094687939,-0.014314473
2020-07-10,MSFT,0.018712282,0.018905759,-0.016723931
2020-07-10,NKE,-0.018564343,0.0061547756,-0.028741956
2020-07-10,VZ,0.0051695108,-0.00031113625,-0.011673152
2020-07-10,WMT,-0.0070438981,-0.0048558116,0.011833787
2020-07-13,AAPL,0.027155161,0.030043244,0.0065512657
2020-07-13,AMGN,0.0063511133,0.013638854,-0.010748088
2020-07-13,CRM,-0.0047433972,-0.0024957657,-0.018255472
2020-07-13,CSCO,0.0041509867,-0.0027883053,-0.035612881
2020-07-13,IBM,0.0019853115,0.033339381,-0.009706676
2020-07-13,INTC,0.023124099,0.0015143156,-0.010309458
2020-07-13,MSFT,0.0035359859,0.023353577,-0.015280545
2020-07-13,NKE,-0.0026852489,0.013356924,-0.0021950006
2020-07-13,VZ,-0.0062311292,0.018524289,0.0094743967
2020-07-13,WMT,0.0091723204,0.0048149824,-0.0010601878
2020-07-14,AAPL,-0.019727051,0.011331797,-0.0083150268
2020-07-14,AMGN,0.011399746,0.009804368,-0.017470479
2020-07-14,CRM,0.013733625,0.017165184,-0.0069519877
2020-07-14,CSCO,0.001527071,0.0098321438,-0.011759758
2020-07-14,IBM,-0.019554615,0.0011327267,0.0028831959
2020-07-14,INTC,-0.0075363517,0.010459423,-0.02601856
2020-07-14,MSFT,0.0040435791,0.0065788031,-0.011258185
2020-07-14,NKE,-0.023615003,-0.0037661791,0.0081461668
2020-07-14,VZ,0.0072741508,-0.00046682358,-0.0071316957
2020-07-14,WMT,0.003706336,0.021425366,-0.018794358
2020-07-15,AAPL,-0.049016893,0.013226271,-0.0010488629
2020-07-15,AMGN,0.025533438,-0.0093657374,0.0054906607
2020-07-15,CRM,0.01288414,0.016163111,-0.005183816
2020-07-15,CSCO,0.0012686253,-0.0044078231,-0.026713908
2020-07-15,IBM,-0.024975061,0.006472826,-0.0062615871
2020-07-15,INTC,0.0327425,0.01328361,-0.012070477
2020-07-15,MSFT,-0.013314366,0.01292932,-0.010255754
2020-07-15,NKE,-0.0032302737,0.018052101,-0.016659498
2020-07-15,VZ,-0.011082888,-0.0029223561,0.0003156662
2020-07-15,WMT,-0.018766344,0.0038994551,-0.013373911
2020-07-16,AAPL,0.0018684864,0.012749434,0.0030462742
2020-07-16,AMGN,0.007085681,0.0067099333,-3.1173229e-05
2020-07-16,CRM,0.027121782,-0.00015985966,-0.039252639
2020-07-16,CSCO,0.0038503408,0.010378599,-0.029540122
2020-07-16,IBM,0.0061590672,0.01182127,0.0031989813
2020-07-16,INTC,-0.011937201,0.0088887215,-0.032912135
2020-07-16,MSFT,-0.013069034,0.013295054,-0.0081238151
2020-07-16,NKE,-0.00010406971,-0.0098072886,-0.013286114
2020-07-16,VZ,-0.0072058439,0.015398741,-0.017510414
2020-07-16,WMT,-0.025078773,0.00222826,0.0050570965
2020-07-17,AAPL,0.050376534,0.022982955,-0.00079762936
2020-07-17,AMGN,0.030142069,-0.0045015812,-0.0097466707
2020-07-17,CRM,-0.0079508424,0.010774493,-0.0099707246
2020-07-17,CSCO,-0.0010309219,0.007068038,0.018121004
2020-07-17,IBM,-0.00067913532,0.010736823,-0.010572791
2020-07-17,INTC,0.003484726,0.0077636242,-0.012100041
2020-07-17,MSFT,0.0086289644,0.0041209459,-0.033846617
2020-07-17,NKE,-0.033880055,0.017153502,-0.010886133
2020-07-17,VZ,0.018934727,0.010616183,0.0010623932
2020-07-17,WMT,-0.004570365,0.027011156,-0.018384695
2020-07-20,AAPL,-0.037810981,-0.00052189827,-0.007710278
2020-07-20,AMGN,-0.010223091,0.023206472,-0.022794127
2020-07-20,CRM,-0.019846201,0.02109611,-0.029773653
2020-07-20,CSCO,-0.028652787,0.00682199,6.9856644e-05
2020-07-20,IBM,-0.0090999603,0.031298041,-0.020742059
2020-07-20,INTC,-0.021273077,0.0086349249,0.00059807301
2020-07-20,MSFT,-0.032604337,0.0062271357,-0.016572118
2020-07-20,NKE,0.018969774,-0.0050134659,-0.022187531
2020-07-20,VZ,0.00043070316,0.002623558,0.018542171
2020-07-20,WMT,0.0042338371,0.016434669,-0.013279259
2020-07-21,AAPL,0.017907739,0.014775753,-0.0087105632
2020-07-21,AMGN,0.043524027,0.0045889616,0.0070158243
2020-07-21,CRM,-0.022464335,0.038149238,-0.017403841
2020-07-21,CSCO,0.021392345,0.010523796,-0.015179634
2020-07-21,IBM,0.015285254,0.0043988228,-0.013547897
2020-07-21,INTC,-0.0026775002,0.0015726089,0.010528564
2020-07-21,MSFT,0.017508626,0.023257256,0.012744427
2020-07-21,NKE,0.0022895336,0.018321753,-0.0040844679
2020-07-21,VZ,0.021227241,0.0049574375,-0.013620615
2020-07-21,WMT,-0.0090513825,0.0026723146,0.0054827929
2020-07-22,AAPL,-0.0023691654,0.017378449,-0.024077833
2020-07-22,AMGN,-0.02688241,0.0062931776,-0.026710391
2020-07-22,CRM,0.0011227131,0.016287565,-0.026380897
2020-07-22,CSCO,0.018018961,0.020518064,-0.015575171
2020-07-22,IBM,-0.0093766451,0.01678741,0.0047876835
2020-07-22,INTC,0.012153983,-0.0068336129,-0.01313448
2020-07-22,MSFT,0.011398196,0.0095943213,-0.016930163
2020-07-22,NKE,-0.018360853,0.0056909323,-0.038225412
2020-07-22,VZ,-0.0076056719,-0.00015705824,-0.01550734
2020-07-22,WMT,-0.011562526,0.017606497,0.011483788
2020-07-23,AAPL,0.012855649,0.013296366,-0.0044367909
2020-07-23,AMGN,0.021595359,0.010391712,-0.016452789
2020-07-23,CRM,0.020481706,0.026190519,-0.0029115677
2020-07-23,CSCO,0.0085217953,0.00027823448,-0.022805452
2020-07-23,IBM,-0.0043032169,0.002373457,-0.0028526187
2020-07-23,INTC,0.01485765,0.005962491,-0.0036207438
2020-07-23,MSFT,-0.006558001,0.018592119,-0.019282281
2020-07-23,NKE,0.0024586916,-0.0060040355,-0.021892548
2020-07-23,VZ,0.025372386,0.021758556,-0.019789636
2020-07-23,WMT,-0.0083675385,0.001459837,-0.0072268248
2020-07-24,AAPL,0.014455318,-0.0015136003,-0.0027748942
2020-07-24,AMGN,-0.00064134598,0.012644529,-0.020957947
2020-07-24,CRM,-0.037510693,0.039027095,-0.00099301338
2020-07-24,CSCO,0.022135377,0.0050990582,-0.0065570474
2020-07-24,IBM,-0.020075023,0.0046920776,-0.0050658584
2020-07-24,INTC,0.0017696619,0.0064116716,-0.022572219
2020-07-24,MSFT,-0.011160433,0.005994916,-0.013591468
2020-07-24,NKE,-0.02356565,0.006614089,0.011061788
2020-07-24,VZ,6.9141388e-05,0.0064150095,-0.0032445192
2020-07-24,WMT,0.0092182159,0.0068693161,-0.0038970709
2020-07-27,AAPL,0.036123157,-0.0041999817,-0.00088751316
2020-07-27,AMGN,-0.030614734,0.003985405,-0.018883407
2020-07-27,CRM,0.0021065474,-0.015192151,-0.021557748
2020-07-27,CSCO,-0.019409955,0.0083026886,-0.02653724
2020-07-27,IBM,-0.021737933,0.0057765245,-0.02581811
2020-07-27,INTC,0.017150879,-0.0036798716,-0.014719903
2020-07-27,MSFT,-0.0007699132,0.008387208,-9.0897083e-05
2020-07-27,NKE,-0.0088445544,0.01055789,-0.020080805
2020-07-27,VZ,0.012887001,0.004503727,-0.014254987
2020-07-27,WMT,3.4570694e-06,0.0076336861,-0.0039125681
2020-07-28,AAPL,0.025852919,0.012075067,-0.017460108
2020-07-28,AMGN,0.015035272,0.0087630749,-0.010522425
2020-07-28,CRM,-0.0011672974,0.0091131926,-0.017728567
2020-07-28,CSCO,-0.012917221,0.0046732426,-0.01177305
2020-07-28,IBM,-0.023294032,0.0061017275,0.0028752089
2020-07-28,INTC,-0.011490643,0.030548692,-0.014621198
2020-07-28,MSFT,-0.0057065487,-0.0033155084,-0.018119156
2020-07-28,NKE,-0.0061451197,0.0083653927,-0.019955099
2020-07-28,VZ,-0.01757586,0.003319025,-0.0088772178
2020-07-28,WMT,0.011887908,0.009116292,-0.0066758394
2020-07-29,AAPL,0.011733413,0.027629733,-0.032986224
2020-07-29,AMGN,0.011947751,0.0065745115,-0.0098713636
2020-07-29,CRM,-0.020898819,0.01400423,-0.029468775
2020-07-29,CSCO,-0.02605015,-0.0031676292,0.0093952417
2020-07-29,IBM,-0.004318893,0.005644083,0.010211825
2020-07-29,INTC,-0.010447502,-0.0028102398,-0.01895076
2020-07-29,MSFT,-0.0011204481,-0.010367393,-0.00072228909
2020-07-29,NKE,-0.014420033,0.0038192272,-0.0017028451
2020-07-29,VZ,0.014460087,0.010280132,-0.0092779994
2020-07-29,WMT,-0.0054789186,0.003000021,-0.01825279
2020-07-30,AAPL,0.014803171,0.025253773,-0.035851836
2020-07-30,AMGN,-0.014011621,0.015292764,0.01103425
2020-07-30,CRM,0.02214241,0.0016713142,-0.029894829
2020-07-30,CSCO,0.012245059,0.014470339,-0.018249452
2020-07-30,IBM,-0.015515327,0.0018398762,-0.0082536936
2020-07-30,INTC,-0.0031763911,0.0051261187,-0.025907457
2020-07-30,MSFT,-0.0042096376,-0.00021135807,-0.030788124
2020-07-30,NKE,-0.0086001754,0.034091234,-0.0073772073
2020-07-30,VZ,0.0059667826,0.0098923445,0.0018111467
2020-07-30,WMT,-0.0059193373,0.002505064,-0.01714021
2020-07-31,AAPL,0.018250227,0.00073838234,0.0028384924
2020-07-31,AMGN,0.0033521652,0.0081905127,-0.018167675
2020-07-31,CRM,-0.038875401,-0.011936784,0.0014318228
2020-07-31,CSCO,0.0054967403,0.013211012,-0.010219812
2020-07-31,IBM,0.017071247,0.012799621,-0.01985085
2020-07-31,INTC,0.014237165,0.011264682,-0.016519904
2020-07-31,MSFT,0.0017762184,0.015363455,-0.011338472
2020-07-31,NKE,-0.015636861,0.006794095,-0.0017140508
2020-07-31,VZ,-0.010968268,-0.004547894,-0.0068362951
2020-07-31,WMT,0.011946917,0.0056823492,0.0060337782
2020-08-03,AAPL,-0.0079140663,0.024386168,0.012225389
2020-08-03,AMGN,-0.015158832,0.013635516,-0.014330029
2020-08-03,CRM,-0.012605608,0.0001064539,0.0068157911
2020-08-03,CSCO,-0.0099499822,0.0011588335,-0.024364412
2020-08-03,IBM,0.0044691563,-0.0042487979,0.0058056116
2020-08-03,INTC,-0.0066810846,-0.0022621751,-0.0060436726
2020-08-03,MSFT,-0.0054391026,0.0066549778,-0.0062488317
2020-08-03,NKE,0.017117739,0.0058145523,-0.034053028
2020-08-03,VZ,0.014520645,0.015827775,-0.013860583
2020-08-03,WMT,-0.023208618,0.012729049,0.010365486
2020-08-04,AAPL,0.015679479,0.00078845024,-0.026314378
2020-08-04,AMGN,-0.0030118227,0.0039913654,-0.0018408298
2020-08-04,CRM,0.046910524,0.036122084,-0.03262949
2020-08-04,CSCO,-0.014694691,0.013706326,-0.024722278
2020-08-04,IBM,-0.00085377693,0.018956065,0.0078003407
2020-08-04,INTC,-0.02467525,-0.0090488791,-0.017084301
2020-08-04,MSFT,0.011156917,0.013294339,-0.001537323
2020-08-04,NKE,-0.015509427,0.010862589,-0.032661855
2020-08-04,VZ,0.0071349144,0.0011314154,-0.0060037374
2020-08-04,WMT,-0.010741413,-0.00085568428,-0.0079187751
2020-08-05,AAPL,-0.0066904426,0.0046950579,-0.0043543577
2020-08-05,AMGN,0.0031160116,0.013661385,-0.011398196
2020-08-05,CRM,-0.068713784,0.045301914,-0.0074545741
2020-08-05,CSCO,-0.027718067,0.0038493872,-0.0037376285
2020-08-05,IBM,0.02043283,0.0089862347,-0.013651013
2020-08-05,INTC,0.017019868,0.0197649,-0.0051183105
2020-08-05,MSFT,0.0076758862,-0.010332763,-0.019282281
2020-08-05,NKE,-0.0068068504,-0.00017297268,-0.0034086108
2020-08-05,VZ,-0.013786316,-0.0045413971,-0.00047945976
2020-08-05,WMT,0.0099560022,0.0087000132,-0.0038066506
2020-08-06,AAPL,-0.013964951,0.01388824,0.0058295727
2020-08-06,AMGN,0.0083773136,0.011420846,-0.023564756
2020-08-06,CRM,-0.0013078451,0.025902271,-0.011748135
2020-08-06,CSCO,-0.0072894096,0.0026160479,-0.011369646
2020-08-06,IBM,-0.027969062,0.0011353493,0.0010781288
2020-08-06,INTC,0.00068485737,-0.0052482486,-0.020624101
2020-08-06,MSFT,-0.003685832,0.013202429,0.0086442232
2020-08-06,NKE,-0.0060166717,0.029650331,0.0051509142
2020-08-06,VZ,0.0092164278,-0.0016745925,0.0022516251
2020-08-06,WMT,-0.0049453378,-0.0033563375,-0.017267048
2020-08-07,AAPL,0.0065004826,0.046823263,-0.020740271
2020-08-07,AMGN,-0.00494802,-0.0068217516,-0.0095832944
2020-08-07,CRM,0.012015581,-0.01700002,0.008268714
2020-08-07,CSCO,-0.0047364235,0.017823815,-0.025409639
2020-08-07,IBM,-0.0029882789,0.018429041,-0.022541642
2020-08-07,INTC,-0.018281341,0.018832564,3.8743019e-05
2020-08-07,MSFT,0.00096023083,0.010609508,0.0075842142
2020-08-07,NKE,-0.030984163,0.014433146,-0.013882995
2020-08-07,VZ,0.022770047,0.0055485964,-0.011189699
2020-08-07,WMT,-0.0011879802,0.002176404,-0.013166606
2020-08-10,AAPL,0.006898284,-0.0029215217,-0.0077897906
2020-08-10,AMGN,0.014511704,0.0084799528,-0.021196306
2020-08-10,CRM,-0.0300771,0.012029529,-0.018682063
2020-08-10,CSCO,-0.019289792,-0.00048285723,-0.013303101
2020-08-10,IBM,0.010534286,0.010720015,-0.0025341511
2020-08-10,INTC,0.015285254,0.0062669516,-0.014333665
2020-08-10,MSFT,0.013399124,0.006629467,-0.031451702
2020-08-10,NKE,0.018409491,0.01385355,-0.024756849
2020-08-10,VZ,-0.01530993,0.013584375,-0.021604896
2020-08-10,WMT,-0.025343657,-0.001971662,-0.005885601
2020-08-11,AAPL,-0.0098363757,-0.012507617,-0.018317103
2020-08-11,AMGN,0.0089164972,0.0038193464,-0.010521233
2020-08-11,CRM,-0.030491531,0.025982857,-0.025911689
2020-08-11,CSCO,0.018710971,5.5551529e-05,-0.001444757
2020-08-11,IBM,-0.015650749,0.0043623447,-0.013083696
2020-08-11,INTC,-0.009752214,0.022261262,-0.008946538
2020-08-11,MSFT,0.043254495,7.3671341e-05,-0.021227181
2020-08-11,NKE,-0.055970907,0.018022776,-0.031516194
2020-08-11,VZ,0.013483405,0.016332269,-0.01081121
2020-08-11,WMT,0.0036017895,-0.00061929226,-0.0077285171
2020-08-12,AAPL,0.013623476,0.013522506,-0.02217865
2020-08-12,AMGN,-0.016424477,-0.007601738,-0.043228209
2020-08-12,CRM,-0.0085505247,-0.0024439096,-0.019149423
2020-08-12,CSCO,0.0039329529,0.023235679,0.011526942
2020-08-12,IBM,-0.006816864,-0.0023471713,0.028388262
2020-08-12,INTC,0.010360837,0.0056710243,-0.0076472163
2020-08-12,MSFT,-0.032777429,0.010615826,0.0062662363
2020-08-12,NKE,0.0048414469,0.01361835,-0.017029047
2020-08-12,VZ,0.014545083,0.01521492,-0.0098958015
2020-08-12,WMT,-0.0015506148,0.006955862,-0.0039770603
2020-08-13,AAPL,0.023686051,0.011420369,-0.039109528
2020-08-13,AMGN,-0.028477132,0.02436316,-0.0087832808
2020-08-13,CRM,-0.022317171,-0.0033996105,-0.004039824
2020-08-13,CSCO,-0.035079241,0.0014266968,0.0023342371
2020-08-13,IBM,-0.0074273944,0.0064125061,-0.012295187
2020-08-13,INTC,0.0037753582,-0.00074923038,-0.0068513155
2020-08-13,MSFT,0.020964861,0.0076798201,0.0077121258
2020-08-13,NKE,-0.029070079,0.017183185,0.0060908794
2020-08-13,VZ,-0.014074147,-0.00222224,-0.024064362
2020-08-13,WMT,0.0044914484,0.015029907,-0.0010714531
2020-08-14,AAPL,0.016685724,0.010901451,-0.020873129
2020-08-14,AMGN,-0.022895813,0.023100138,-0.0012037158
2020-08-14,CRM,-0.04363966,-0.0021517277,-0.021007597
2020-08-14,CSCO,0.019893885,0.00030338764,-0.00085109472
2020-08-14,IBM,0.019101143,0.013917089,0.011013627
2020-08-14,INTC,0.029200912,0.0095465183,-0.016916156
2020-08-14,MSFT,0.025025606,0.025135636,-0.0091000199
2020-08-14,NKE,0.027101159,4.4226646e-05,-0.0055782199
2020-08-14,VZ,0.019325733,0.0026011467,-0.003959775
2020-08-14,WMT,0.0052495003,0.010035038,0.00179708
2020-08-17,AAPL,-0.039193273,0.021138668,-0.0097631812
2020-08-17,AMGN,0.018357992,0.018359542,-0.015573263
2020-08-17,CRM,0.011851668,0.054650187,-0.012721419
2020-08-17,CSCO,0.0046936274,0.017115116,-0.023968518
2020-08-17,IBM,-0.013753474,-0.0018562078,-0.0020807385
2020-08-17,INTC,-0.0060968399,0.00096297264,-0.0083836913
2020-08-17,MSFT,0.010915399,0.0039389133,-0.015418947
2020-08-17,NKE,-0.011863887,0.013541698,-0.0072568059
2020-08-17,VZ,-0.014198601,0.011202574,0.0086427927
2020-08-17,WMT,0.0081814528,0.0033715963,-0.0061143637
2020-08-18,AAPL,0.0016993284,-0.0036482811,0.01674819
2020-08-18,AMGN,0.0075507164,8.2015991e-05,-0.0032849908
2020-08-18,CRM,-0.045728564,0.010236979,-0.0032875538
2020-08-18,CSCO,0.0034452677,0.02012217,-0.019498467
2020-08-18,IBM,0.00072693825,0.0052677393,-0.0059715509
2020-08-18,INTC,-0.020011425,0.007078886,-0.0060679913
2020-08-18,MSFT,0.015277624,0.012505412,-0.0044288039
2020-08-18,NKE,0.022675991,0.0062870979,-0.026428401
2020-08-18,VZ,-0.028623044,0.0085663795,-0.023367226
2020-08-18,WMT,0.0096189976,0.0024728775,0.00042378902
2020-08-19,AAPL,0.021692634,0.015737176,-0.01558429
2020-08-19,AMGN,0.014962912,0.015065074,-0.009771049
2020-08-19,CRM,0.023347259,0.017632842,-0.015160084
2020-08-19,CSCO,0.036971569,0.011949658,-0.014171243
2020-08-19,IBM,-0.017645061,0.0081168413,-0.022142351
2020-08-19,INTC,-0.01551789,-0.0036229491,0.0020837784
2020-08-19,MSFT,-0.0090277195,0.019598246,-0.010534525
2020-08-19,NKE,0.011810064,-0.0093292594,-0.0133003
2020-08-19,VZ,-0.024203897,0.013730049,-0.017396271
2020-08-19,WMT,0.00096201897,0.021882296,-0.0067825317
2020-08-20,AAPL,-0.013574839,-0.0014277101,-0.019790173
2020-08-20,AMGN,0.0026890039,0.021300793,-0.0055837631
2020-08-20,CRM,0.011070728,0.025285125,-0.0073209405
2020-08-20,CSCO,0.035405517,-0.0068600774,0.010220885
2020-08-20,IBM,-0.035455763,0.015969634,-0.013384938
2020-08-20,INTC,0.011736035,-0.0040099621,-0.015804589
2020-08-20,MSFT,0.0081332922,-0.00065082312,0.013368368
2020-08-20,NKE,-0.01832813,-0.0041644573,-0.013630986
2020-08-20,VZ,-0.018310726,0.0091415644,0.0060296059
2020-08-20,WMT,0.0016839504,0.0021851063,-0.017875612
2020-08-21,AAPL,0.034753203,0.024373531,0.008972168
2020-08-21,AMGN,0.0078181028,0.015211463,-0.010984957
2020-08-21,CRM,-0.038456798,-0.0033566356,-0.033936381
2020-08-21,CSCO,-0.021171331,0.0085424185,-0.0039770603
2020-08-21,IBM,0.0014283657,0.0050671101,0.0060802698
2020-08-21,INTC,-0.004254818,0.0061104298,-0.011380792
2020-08-21,MSFT,0.027820945,0.0072931051,-0.019143045
2020-08-21,NKE,-0.0018930435,0.012015939,-0.025331199
2020-08-21,VZ,0.0096478462,0.023744941,-0.010367572
2020-08-21,WMT,-0.015747845,0.0080736876,-0.011454642
2020-08-24,AAPL,-0.032747149,0.027643204,0.013023376
2020-08-24,AMGN,-0.023669183,0.01711452,-0.021538973
2020-08-24,CRM,0.015319467,0.0020136833,-0.0080627203
2020-08-24,CSCO,0.0015689135,0.011250257,-0.023923695
2020-08-24,IBM,-0.026518285,0.0027120113,-0.027414143
2020-08-24,INTC,-0.014882684,0.0076987743,-0.01696378
2020-08-24,MSFT,0.0045361519,0.0038274527,-0.015839338
2020-08-24,NKE,-0.0004940629,0.0045032501,-0.017496049
2020-08-24,VZ,-0.0065046549,0.01263833,-0.015028358
2020-08-24,WMT,0.00083291531,0.0033034086,-0.0062363148
2020-08-25,AAPL,0.019601464,0.014359593,-0.025547266
2020-08-25,AMGN,0.011591315,0.023006678,-0.0081415772
2020-08-25,CRM,-0.032502174,0.0067923069,-0.022438526
2020-08-25,CSCO,0.048048377,0.0054340363,0.004093647
2020-08-25,IBM,-0.010895073,0.0070806742,-0.0067499876
2020-08-25,INTC,-0.0019868612,0.019736409,-0.010777414
2020-08-25,MSFT,-0.002594769,0.015147448,0.00041806698
2020-08-25,NKE,0.045679808,0.017655492,0.013414383
2020-08-25,VZ,-0.0020043254,-0.0042517781,-0.013241529
2020-08-25,WMT,-0.0075446367,0.010996819,-0.0038160682
2020-08-26,AAPL,-0.014372706,0.019096494,-0.011317492
2020-08-26,AMGN,0.0092630386,0.014767647,-0.012051582
2020-08-26,CRM,0.012083411,0.011135697,-0.015495062
2020-08-26,CSCO,-0.032077312,-0.0077293515,-0.018368244
2020-08-26,IBM,-0.034910619,-0.0017545223,0.0003246069
2020-08-26,INTC,0.010452986,-0.0022140145,-0.0065068603
2020-08-26,MSFT,0.0071182251,0.019095302,-0.016846061
2020-08-26,NKE,0.0074102879,0.0036947727,-0.036826193
2020-08-26,VZ,-0.0070330501,-0.0050652027,-0.016048014
2020-08-26,WMT,0.01338017,0.004380703,0.0038273335
2020-08-27,AAPL,0.010014057,0.02448678,-0.006442368
2020-08-27,AMGN,-0.018517494,0.02572751,-0.021045327
2020-08-27,CRM,-0.013049304,2.3365021e-05,-0.0071717501
2020-08-27,CSCO,0.017644405,-0.0017415285,-0.0045170188
2020-08-27,IBM,-0.0026262999,0.010486364,-0.0068871379
2020-08-27,INTC,-0.014750183,0.034618735,-0.015405178
2020-08-27,MSFT,-0.019064009,-0.013275445,-0.017076194
2020-08-27,NKE,-0.0030843616,0.01506269,-0.014091194
2020-08-27,VZ,-0.015837073,0.010965228,-0.0056827068
2020-08-27,WMT,-0.0039147139,0.0083599091,-0.014110804
2020-08-28,AAPL,-0.014581859,-0.00048792362,-0.0095767975
2020-08-28,AMGN,-0.0038207769,0.0058562756,-0.010041893
2020-08-28,CRM,-0.025227726,-0.00032371283,-0.013731122
2020-08-28,CSCO,-0.075798929,0.0074150562,-0.013147533
2020-08-28,IBM,0.0088984966,0.0139606,-0.0045938492
2020-08-28,INTC,0.0050314665,-0.0038800836,-0.0057427883
2020-08-28,MSFT,0.010155678,-0.0017600656,-0.00078034401
2020-08-28,NKE,0.0046979189,0.025601864,-0.0099563599
2020-08-28,VZ,0.0012241602,0.014505148,-0.012149811
2020-08-28,WMT,-0.0012416244,0.007691741,-0.0049360991
2020-08-31,AAPL,-0.006722331,0.022279859,-0.012450516
2020-08-31,AMGN,0.00045955181,0.022994995,-0.0069928765
2020-08-31,CRM,-0.00038951635,0.032689333,0.012372494
2020-08-31,CSCO,-0.033328116,-0.0012036562,-0.028345168
2020-08-31,IBM,0.011040688,0.015327573,0.0050691366
2020-08-31,INTC,-0.04338789,0.011461496,-0.02717334
2020-08-31,MSFT,0.017592788,0.0062844753,-0.002763629
2020-08-31,NKE,0.0025364161,0.022782445,0.0098546743
2020-08-31,VZ,0.0086694956,0.014512539,-0.0095361471
2020-08-31,WMT,-0.0011833906,0.010829926,-0.0036728978
2020-09-01,AAPL,-0.027627349,-0.0043605566,-0.013537288
2020-09-01,AMGN,0.031649113,0.009132266,-0.013682306
2020-09-01,CRM,-0.020357609,0.027656794,-0.041398466
2020-09-01,CSCO,-0.017224729,0.0065965652,0.0058976412
2020-09-01,IBM,-0.0084138513,0.021681309,-0.0060092211
2020-09-01,INTC,0.023772597,-0.0085676908,-0.0072942376
2020-09-01,MSFT,0.0018132925,0.0085896254,-0.03388679
2020-09-01,NKE,0.0061000586,0.01156652,0.0070853233
2020-09-01,VZ,0.00027871132,0.012215495,0.00093340874
2020-09-01,WMT,0.026624084,0.0049015284,-0.01629138
2020-09-02,AAPL,0.005346179,0.0095089674,0.0029327869
2020-09-02,AMGN,-0.015928328,0.0066868067,-0.011380911
2020-09-02,CRM,0.028452039,0.023295879,-0.033850372
2020-09-02,CSCO,-0.012946546,0.010426641,-0.035532534
2020-09-02,IBM,-0.015423894,-0.00033593178,0.0017660856
2020-09-02,INTC,-0.010652959,0.015040755,-0.017356336
2020-09-02,MSFT,-0.017974019,0.00059568882,-0.011680186
2020-09-02,NKE,0.014733672,-0.002025187,-0.020152867
2020-09-02,VZ,0.016288519,0.0074150562,-0.01571244
2020-09-02,WMT,-0.0079900026,0.0051475763,0.0060554743
2020-09-03,AAPL,0.00048243999,-0.0068768859,-0.0030224919
2020-09-03,AMGN,0.017909646,0.020168304,-0.00040638447
2020-09-03,CRM,-0.0046406984,0.022798061,-0.0037913918
2020-09-03,CSCO,-0.00093632936,0.019782543,-0.014486313
2020-09-03,IBM,0.0073599815,0.0029778481,-0.024178505
2020-09-03,INTC,0.0082130432,0.025427699,0.013827085
2020-09-03,MSFT,-0.0031687617,-0.00028598309,-0.0056099296
2020-09-03,NKE,0.0093115568,0.019138813,-0.0087761283
2020-09-03,VZ,0.011411905,-0.012241066,-0.019261658
2020-09-03,WMT,-0.022449195,0.0013059378,-0.0073349476
2020-09-04,AAPL,-0.019778371,0.010932922,-0.021135092
2020-09-04,AMGN,-0.034244657,-0.0059489012,-0.0051417947
2020-09-04,CRM,0.0019415617,0.019363165,-0.032955527
2020-09-04,CSCO,0.0071852207,0.0016092062,-0.011636198
2020-09-04,IBM,0.014328837,0.010808825,-0.015399516
2020-09-04,INTC,0.0025565624,-0.011348367,-0.010528684
2020-09-04,MSFT,0.013557673,0.02532661,-0.014499366
2020-09-04,NKE,0.028318405,0.0058085918,0.0026730299
2020-09-04,VZ,-0.012714982,0.012004733,-0.028690457
2020-09-04,WMT,0.014125347,0.013970256,-0.01051563
2020-09-08,AAPL,0.0048424006,0.021869779,-0.016843319
2020-09-08,AMGN,-0.016436934,0.011380196,-0.015040278
2020-09-08,CRM,0.018931746,0.033805251,-0.014781833
2020-09-08,CSCO,0.027389646,0.0072826147,-0.015354991
2020-09-08,IBM,-0.0081471205,-0.012015641,-0.0029443502
2020-09-08,INTC,0.001280427,0.017468929,-0.0092583895
2020-09-08,MSFT,0.010523796,0.0083796978,-0.0024366975
2020-09-08,NKE,-0.0043935776,0.024744034,-0.0018802881
2020-09-08,VZ,-0.0048178434,0.0054494143,-0.012256026
2020-09-08,WMT,-0.015855789,0.0078388453,-0.010238767
2020-09-09,AAPL,-0.003733933,0.03190124,0.010882139
2020-09-09,AMGN,-0.025574982,0.019099355,-0.014946818
2020-09-09,CRM,-0.00050103664,0.033033609,-0.0076663494
2020-09-09,CSCO,0.0029300451,-0.0072463751,-0.0029634237
2020-09-09,IBM,0.018262625,0.0009816885,-0.0075690746
2020-09-09,INTC,-0.031070709,0.0019973516,-0.0050885081
2020-09-09,MSFT,0.01263082,0.001069665,0.0013477802
2020-09-09,NKE,0.012423873,0.011933327,-0.0056850314
2020-09-09,VZ,0.00088703632,-0.0044951439,0.0012308359
2020-09-09,WMT,-0.0034207106,0.0029271841,-0.0047266483
2020-09-10,AAPL,-0.0011699796,-0.0052836537,-0.010898352
2020-09-10,AMGN,-0.027454853,-0.0042253137,-0.011396885
2020-09-10,CRM,-0.031708062,-0.0018562078,0.0048664808
2020-09-10,CSCO,0.0074540377,0.0090802908,-0.0052243471
2020-09-10,IBM,-0.0084475875,0.0016870499,-0.014074922
2020-09-10,INTC,0.018101215,0.018707514,-0.0046662092
2020-09-10,MSFT,0.017717361,6.6280365e-05,-0.011202455
2020-09-10,NKE,0.021781564,0.0046387911,0.00040483475
2020-09-10,VZ,-0.011674702,0.0029160976,-0.020332992
2020-09-10,WMT,-0.0068008304,0.0093317032,-0.0016944408
2020-09-11,AAPL,0.02226007,-0.0091801286,-0.045363605
2020-09-11,AMGN,0.064305186,0.023974657,-0.0098755956
2020-09-11,CRM,0.022610426,0.00041127205,0.011218309
2020-09-11,CSCO,-0.0074184537,0.021715045,-0.00026381016
2020-09-11,IBM,0.01532042,0.0068598986,-0.0082513094
2020-09-11,INTC,-0.0048576593,0.0065740347,-0.019109964
2020-09-11,MSFT,-0.014761031,0.0045381784,-0.026303649
2020-09-11,NKE,0.0023103952,0.026295781,0.0092065334
2020-09-11,VZ,-0.0009073019,0.0019261837,-0.020374
2020-09-11,WMT,-0.0050308704,-0.0042486191,0.00040745735
2020-09-14,AAPL,-0.0093580484,0.017020464,-0.013531744
2020-09-14,AMGN,-0.0091482401,0.029288054,-0.026360571
2020-09-14,CRM,0.019542575,0.016907096,-0.045237422
2020-09-14,CSCO,0.023135066,0.015405536,-0.0047261119
2020-09-14,IBM,-0.0025112033,-0.0033986568,0.0021833181
2020-09-14,INTC,-0.013895035,0.0080412626,-0.014207959
2020-09-14,MSFT,0.00045204163,0.0088218451,-0.029447794
2020-09-14,NKE,-0.002009809,-0.00443995,-0.021325886
2020-09-14,VZ,-0.027161002,0.0091094971,0.0033268929
2020-09-14,WMT,-0.031577885,0.0072668791,0.0076428652
2020-09-15,AAPL,-0.0012171268,0.017021418,-0.0076399446
2020-09-15,AMGN,0.0099586248,0.0011184216,-0.0043597817
2020-09-15,CRM,-0.0023372769,0.0013324022,0.0028305054
2020-09-15,CSCO,-0.024843335,-0.012488723,-0.017437935
2020-09-15,IBM,0.010059595,0.019734859,0.00065505505
2020-09-15,INTC,0.013883591,-0.010545373,0.0011812449
2020-09-15,MSFT,0.0042655468,0.00043106079,-0.00038814545
2020-09-15,NKE,0.0038075447,0.014017224,-0.013261616
2020-09-15,VZ,0.010531425,0.0065609217,-0.030168474
2020-09-15,WMT,0.0022087097,0.0059814453,-0.012925208
2020-09-16,AAPL,-0.0066784024,0.026714802,0.0010700226
2020-09-16,AMGN,0.017473221,0.0082012415,-0.011476278
2020-09-16,CRM,-0.060921788,0.01730442,-0.02870822
2020-09-16,CSCO,-0.0098291039,0.028758526,-0.0086710453
2020-09-16,IBM,0.028453708,0.0060427189,0.0015933514
2020-09-16,INTC,-0.008543551,0.018212438,-0.024144113
2020-09-16,MSFT,-0.023322642,0.0067344904,-0.020491779
2020-09-16,NKE,0.027551055,-0.00018429756,0.0062482357
2020-09-16,VZ,0.012614608,0.0031998158,-0.0098050833
2020-09-16,WMT,-0.016723394,0.01339066,-0.0048151016
2020-09-17,AAPL,-0.010093987,0.014065385,-0.013143003
2020-09-17,AMGN,-0.0070636868,0.018912077,-0.015261352
2020-09-17,CRM,0.021460891,0.018716574,-0.036041081
2020-09-17,CSCO,-0.010829389,0.017032385,-0.019841313
2020-09-17,IBM,-0.014749527,-0.0069112182,-0.017009974
2020-09-17,INTC,0.0071986914,-0.0051320791,-0.015683532
2020-09-17,MSFT,-0.012304127,-0.010695398,-0.0016567111
2020-09-17,NKE,0.010447979,0.0064740181,-0.0082984567
2020-09-17,VZ,-0.011691153,0.018479824,1.513958e-05
2020-09-17,WMT,-0.036824942,-0.0013253689,0.0072318316
2020-09-18,AAPL,0.0023230314,0.015014052,-0.0062788725
2020-09-18,AMGN,0.014321327,-0.0069049597,-0.013494909
2020-09-18,CRM,-0.030931413,0.028934479,0.0070807934
2020-09-18,CSCO,0.0020245314,-0.0059664249,-0.02056402
2020-09-18,IBM,-0.0085282326,0.018288493,0.0014480352
2020-09-18,INTC,0.017615557,0.0023207664,-0.002383709
2020-09-18,MSFT,0.012663364,0.011654615,-0.017245114
2020-09-18,NKE,-0.0065297484,0.023792624,-0.0022940636
2020-09-18,VZ,0.0093442202,-0.0091697574,-0.0085914731
2020-09-18,WMT,0.021650434,0.018463016,-0.015559614
2020-09-21,AAPL,0.015399575,0.013048053,-0.037508786
2020-09-21,AMGN,-0.024387181,0.019526601,-0.027073145
2020-09-21,CRM,0.0066074133,0.024731278,-0.0088066459
2020-09-21,CSCO,0.0051002502,-0.0070897341,-0.01830852
2020-09-21,IBM,0.018682003,-0.0030030012,-0.016485393
2020-09-21,INTC,0.0090038776,-0.003506422,0.01029098
2020-09-21,MSFT,-0.013409257,0.019619584,0.00048542023
2020-09-21,NKE,-0.017096758,0.022825837,-0.011476636
2020-09-21,VZ,-0.0042769909,0.013256311,0.0018450022
2020-09-21,WMT,-0.0097460747,0.0035008192,-0.012749553
2020-09-22,AAPL,0.034476399,0.009647727,0.0047414303
2020-09-22,AMGN,-0.0055347681,0.0090210438,-0.0074523687
2020-09-22,CRM,0.0039969683,-0.00077223778,-0.018824339
2020-09-22,CSCO,0.0084869862,0.011336565,-0.036152482
2020-09-22,IBM,0.0057361126,0.0091615915,0.0033150911
2020-09-22,INTC,-0.0064899921,0.0025094748,-0.00028383732
2020-09-22,MSFT,-0.021945179,-0.0030077696,0.0078772306
2020-09-22,NKE,0.0068536997,0.01458478,-0.0016464591
2020-09-22,VZ,-0.006256938,0.0081601143,-0.029282629
2020-09-22,WMT,0.0081368685,0.007588625,-0.0037764907
2020-09-23,AAPL,0.032889247,-0.013574243,-0.0042580366
2020-09-23,AMGN,-0.00030308962,0.021351695,-7.301569e-05
2020-09-23,CRM,-0.025999665,-0.0052040219,0.0014654398
2020-09-23,CSCO,-0.014988005,0.0038648844,-0.021934986
2020-09-23,IBM,-0.028408587,-0.001968801,-0.0049912333
2020-09-23,INTC,-0.0040282011,0.0095857382,-0.01283294
2020-09-23,MSFT,-0.0085044503,0.010625839,-0.021712422
2020-09-23,NKE,-0.02612114,0.012387872,0.00038897991
2020-09-23,VZ,0.0020787716,0.0085443258,-0.02047205
2020-09-23,WMT,0.0050945282,0.01359117,-0.0015579462
2020-09-24,AAPL,-0.0018091202,0.0027960539,-0.015301287
2020-09-24,AMGN,0.011030436,0.013002992,0.00019025803
2020-09-24,CRM,-0.025804937,0.029335499,-0.023270786
2020-09-24,CSCO,-0.010475874,0.010607839,-0.0012788773
2020-09-24,IBM,-0.032942235,0.0079199076,-0.014012933
2020-09-24,INTC,0.026059151,-0.003254056,-0.012765586
2020-09-24,MSFT,0.006306529,0.0012542009,-0.023589611
2020-09-24,NKE,-0.00084805489,0.004934907,-0.023811221
2020-09-24,VZ,-0.00062537193,0.025680184,0.0032457113
2020-09-24,WMT,0.0028326511,0.0043615103,0.00023603439
2020-09-25,AAPL,0.0023379326,-0.0014540553,-0.02178663
2020-09-25,AMGN,0.0047425032,0.011624098,-0.0058809519
2020-09-25,CRM,-0.0085885525,0.019354343,-0.010395527
2020-09-25,CSCO,0.022518992,-0.008384347,-0.013465047
2020-09-25,IBM,-0.031859338,0.006105423,0.00038528442
2020-09-25,INTC,-0.023987114,0.010457277,-0.019719541
2020-09-25,MSFT,-0.024027884,-0.0055501461,-0.020936251
2020-09-25,NKE,-0.0084191561,0.021705627,0.0055006742
2020-09-25,VZ,-0.0005248785,0.014096856,-0.0075295568
2020-09-25,WMT,-0.0087911487,0.016615629,-0.010266125
2020-09-28,AAPL,0.0007121563,0.0032562017,-0.028588176
2020-09-28,AMGN,-0.019511819,0.0066363811,-0.011368155
2020-09-28,CRM,-0.026903033,0.0071358681,-0.02423507
2020-09-28,CSCO,-0.023856997,-0.001749754,0.0013446808
2020-09-28,IBM,-0.004396975,-0.00036281347,-0.01381582
2020-09-28,INTC,0.0012524128,0.013729215,-0.017924368
2020-09-28,MSFT,0.013257027,0.0014653206,-0.027849793
2020-09-28,NKE,-0.023878694,0.011030436,-0.010077178
2020-09-28,VZ,0.011857152,0.014946222,0.0014600754
2020-09-28,WMT,-0.00022304058,-0.016882777,-0.011507869
2020-09-29,AAPL,0.012800217,-0.0048943758,-0.01521939
2020-09-29,AMGN,-0.025247753,0.017782211,-0.025694966
2020-09-29,CRM,0.0097649097,0.052714109,-0.050076485
2020-09-29,CSCO,0.014093518,0.015170813,-0.0015735626
2020-09-29,IBM,0.0037336349,0.0098116398,-0.0068134069
2020-09-29,INTC,0.001075387,-0.0072908401,-0.021601915
2020-09-29,MSFT,0.0029174089,0.026314378,-0.013357043
2020-09-29,NKE,-0.032430589,0.010284185,0.014025331
2020-09-29,VZ,-0.026148975,0.0055143833,-0.0096301436
2020-09-29,WMT,0.011835575,0.009994626,-0.0076027513
2020-09-30,AAPL,0.0021358728,-0.0027390718,-0.032821119
2020-09-30,AMGN,0.0031969547,0.024357557,-0.0097760558
2020-09-30,CRM,-0.023399353,0.023330092,-0.016616464
2020-09-30,CSCO,0.0023334026,0.015507817,-0.013826907
2020-09-30,IBM,0.0027846098,0.017430067,-0.0075672865
2020-09-30,INTC,-0.024686038,0.01249218,-0.012910306
2020-09-30,MSFT,-0.024469137,0.010832548,-0.011496782
2020-09-30,NKE,-0.013575256,0.0076217651,0.0069832802
2020-09-30,VZ,-0.014937758,5.543232e-05,-0.010988832
2020-09-30,WMT,-0.014494658,0.0089366436,-0.00036013126
2020-10-01,AAPL,0.028679729,-0.009931922,-0.023891032
2020-10-01,AMGN,-0.011640072,0.0057606697,-0.018060386
2020-10-01,CRM,-0.032453656,0.027649999,-0.018896937
2020-10-01,CSCO,0.016104341,0.018539667,-0.003485322
2020-10-01,IBM,-0.01344347,0.0045543909,-0.0061567426
2020-10-01,INTC,-0.0031652451,0.010081768,-0.03214395
2020-10-01,MSFT,-0.033523202,0.016712189,-0.0057907701
2020-10-01,NKE,0.00074625015,0.021828771,-0.0080555677
2020-10-01,VZ,0.0067712069,0.013311028,-0.016720474
2020-10-01,WMT,-0.0021333694,0.011051416,0.0054893494
2020-10-02,AAPL,-0.023935497,0.019953609,-0.0034263134
2020-10-02,AMGN,-0.035017192,0.021336436,-0.00095099211
2020-10-02,CRM,-0.04587239,0.012525439,-0.03664577
2020-10-02,CSCO,0.021793008,-0.00095885992,-0.017325938
2020-10-02,IBM,-0.013037384,0.012159705,-0.0059757829
2020-10-02,INTC,-0.016064465,0.011481762,-0.0018364191
2020-10-02,MSFT,0.0034799576,0.026378036,0.0059375763
2020-10-02,NKE,0.035074353,0.0074532032,-0.019611418
2020-10-02,VZ,-0.0036718249,0.011074901,0.012131691
2020-10-02,WMT,0.0010114908,-0.0076805949,-0.004037261
2020-10-05,AAPL,0.020667434,0.013768315,-0.0021998882
2020-10-05,AMGN,-0.033735037,0.0087763071,-0.0072009563
2020-10-05,CRM,-0.0076854229,-0.00061136484,-0.026960373
2020-10-05,CSCO,0.014114261,0.039562702,-0.0059613585
2020-10-05,IBM,-0.010308802,0.0086069107,-0.018392563
2020-10-05,INTC,0.00084650517,0.0041195154,-0.0061240196
2020-10-05,MSFT,-0.039497256,0.021085143,-0.021152258
2020-10-05,NKE,0.0081518888,0.022275925,-0.010848522
2020-10-05,VZ,0.0030635595,0.0076836348,-0.006960392
2020-10-05,WMT,0.0049301386,-0.00030380487,-0.0052054524
2020-10-06,AAPL,0.0086218119,0.0057328939,-0.025802553
2020-10-06,AMGN,0.0066076517,0.017329812,-0.0040690303
2020-10-06,CRM,0.018380761,0.032907963,-0.017712831
2020-10-06,CSCO,-0.023801506,-0.0089523792,-0.012776196
2020-10-06,IBM,0.0058350563,0.0048605204,-0.0073845983
2020-10-06,INTC,-0.028818488,0.024610519,-0.023445845
2020-10-06,MSFT,0.0073060989,-0.0095129013,-0.01621598
2020-10-06,NKE,-0.00039023161,0.014237404,-0.011323929
2020-10-06,VZ,-0.026376128,0.021066308,-0.006388247
2020-10-06,WMT,0.023132205,-0.0020490289,-0.0056912303
2020-10-07,AAPL,0.0086750984,0.010668159,0.017580986
2020-10-07,AMGN,-0.026525021,0.014502883,-0.010753989
2020-10-07,CRM,-0.004566133,-0.0050063133,-0.02190125
2020-10-07,CSCO,0.0033025742,0.011577964,-0.017158031
2020-10-07,IBM,0.002936244,-0.0020071864,0.013283134
2020-10-07,INTC,-0.0032064319,0.012744904,0.0022232533
2020-10-07,MSFT,-0.017223835,-0.0003194809,-0.022802234
2020-10-07,NKE,-0.024194002,0.012114048,0.0019129515
2020-10-07,VZ,-0.015598953,0.005061388,-0.026220262
2020-10-07,WMT,-0.0022457242,0.0078654289,-0.01164484
2020-10-08,AAPL,-0.016676366,0.014721155,-0.0045307875
2020-10-08,AMGN,-0.013005733,0.0020531416,-0.019755423
2020-10-08,CRM,-0.023862302,0.0045371056,-0.017742574
2020-10-08,CSCO,-0.010671258,-0.005648613,-0.026907563
2020-10-08,IBM,-0.017163217,-0.011109054,0.0069733858
2020-10-08,INTC,-0.0038994551,0.015398622,-0.019001186
2020-10-08,MSFT,-0.015653908,-0.0043385625,-0.018332839
2020-10-08,NKE,0.039317131,0.01114428,-0.020882726
2020-10-08,VZ,-0.0086447597,0.016300321,-0.0022718906
2020-10-08,WMT,0.0061560869,0.01586926,0.0040938854
2020-10-09,AAPL,0.02011764,0.012533069,-0.023897529
2020-10-09,AMGN,-0.0066459775,0.0090845823,-0.0067926645
2020-10-09,CRM,-0.0093742609,-0.011050642,-0.0440135
2020-10-09,CSCO,-0.024735153,0.014745355,-0.0043239594
2020-10-09,IBM,-0.017670631,0.007791996,-0.00989151
2020-10-09,INTC,-0.0029781461,0.019842982,-0.019087791
2020-10-09,MSFT,-0.02335608,-0.005881846,0.012825012
2020-10-09,NKE,-0.012378156,0.015401244,-0.0082346201
2020-10-09,VZ,-0.0052291155,0.012304902,-0.017206967
2020-10-09,WMT,-0.010968328,0.012474537,-0.016163647
2020-10-12,AAPL,0.010579824,0.037034273,-0.010887921
2020-10-12,AMGN,-0.025407612,0.019388199,-0.0076532364
2020-10-12,CRM,-0.05762893,-0.00074571371,-0.0098266602
2020-10-12,CSCO,-0.0064528584,0.0060374737,-0.010345101
2020-10-12,IBM,-0.0045887828,0.013128996,-0.0082307458
2020-10-12,INTC,0.0091580153,0.034009576,-0.0076494217
2020-10-12,MSFT,0.027594686,0.0096651316,-0.0030930638
2020-10-12,NKE,-0.0074104071,0.018063545,0.0028634071
2020-10-12,VZ,-0.0046864152,0.011691332,-0.002661407
2020-10-12,WMT,-0.028350651,-0.002672255,-0.010534644
2020-10-13,AAPL,-0.016498625,0.0072797537,-0.0019577146
2020-10-13,AMGN,-0.012592852,0.045075178,-0.0028886199
2020-10-13,CRM,-0.030871212,0.0083287954,-0.025554478
2020-10-13,CSCO,0.0026854277,-0.006141305,-0.027162075
2020-10-13,IBM,0.022762775,0.011078596,0.0030987263
2020-10-13,INTC,-0.010353386,0.0068798065,-0.0056028962
2020-10-13,MSFT,-0.0062314272,0.01288271,-0.026925623
2020-10-13,NKE,2.9802322e-05,-0.0015998483,-0.017614782
2020-10-13,VZ,0.0057610273,0.015816212,-0.00050508976
2020-10-13,WMT,0.009256959,0.0065053701,-0.0050296783
2020-10-14,AAPL,-0.016469777,0.0030707121,-0.0073680282
2020-10-14,AMGN,0.0057066679,0.014641762,-0.0047145486
2020-10-14,CRM,0.054898739,0.0052227974,-0.00024569035
2020-10-14,CSCO,-0.0069271326,0.01924324,-0.020255566
2020-10-14,IBM,0.0056016445,0.0026040077,-0.011097074
2020-10-14,INTC,-0.0075238347,0.022755146,-0.014108181
2020-10-14,MSFT,0.010377288,0.0047690868,-0.024566233
2020-10-14,NKE,-0.052220047,0.017370105,-0.032444715
2020-10-14,VZ,-0.0010145307,-0.0082703829,-0.00037670135
2020-10-14,WMT,-0.026007771,-0.0041741729,-0.005104363
2020-10-15,AAPL,-0.0051925778,0.022473216,-0.0094117522
2020-10-15,AMGN,0.0081079006,0.014385343,-0.010958254
2020-10-15,CRM,-0.026465952,0.019830227,-0.02163744
2020-10-15,CSCO,0.022660375,0.0081319809,-0.024375379
2020-10-15,IBM,-0.013932526,0.015888333,0.0052287579
2020-10-15,INTC,0.018632531,0.0040323734,-0.01611048
2020-10-15,MSFT,0.002442956,0.017585993,-0.012848914
2020-10-15,NKE,-0.0054784417,0.014154553,-0.0044464469
2020-10-15,VZ,-0.011651158,-0.00017255545,-0.0040425062
2020-10-15,WMT,0.0065832138,0.0050889254,-0.0035389066
2020-10-16,AAPL,-0.026123345,-0.0082532167,-0.036508918
2020-10-16,AMGN,0.02133739,0.01719141,-0.016160965
2020-10-16,CRM,-0.024104834,0.009432435,0.00076079369
2020-10-16,CSCO,-0.034932852,-0.003380537,-0.020661235
2020-10-16,IBM,0.018157959,0.01742053,-0.002535224
2020-10-16,INTC,-0.016612291,0.0091007948,-0.021952271
2020-10-16,MSFT,0.013281941,0.0072513819,-0.011299133
2020-10-16,NKE,-0.016815484,0.011395812,-0.0049288869
2020-10-16,VZ,-0.0031571984,0.020082474,0.0040839911
2020-10-16,WMT,-0.0048757195,0.017131209,0.0014759302
2020-10-19,AAPL,0.0020074844,0.021765828,0.013175368
2020-10-19,AMGN,0.0025759935,0.0022135973,-0.0007699132
2020-10-19,CRM,0.019605041,0.021651387,-0.040496767
2020-10-19,CSCO,-0.016956568,0.025773644,-0.011258125
2020-10-19,IBM,-0.0049902201,0.0079737902,-0.014010429
2020-10-19,INTC,-0.019005775,0.017683268,-0.011486948
2020-10-19,MSFT,-0.018288314,0.0027804375,-0.0014254451
2020-10-19,NKE,-0.027701616,0.0051361322,0.0032795668
2020-10-19,VZ,-0.001239717,0.017771006,-0.0057138801
2020-10-19,WMT,-0.0075341463,0.007895112,-0.0018458366
2020-10-20,AAPL,0.042148948,0.028117418,-0.024509549
2020-10-20,AMGN,0.0046062469,0.0081195831,-0.020907938
2020-10-20,CRM,0.026133657,0.03338027,-0.0046313405
2020-10-20,CSCO,0.029861927,0.017165184,-0.0089018345
2020-10-20,IBM,0.0044006109,0.01417172,-0.016930878
2020-10-20,INTC,-0.044046402,0.012236595,0.00044476986
2020-10-20,MSFT,-0.020660818,0.028167248,-0.013397217
2020-10-20,NKE,-0.013064623,0.020581841,-0.0086168051
2020-10-20,VZ,0.021105647,0.0095740557,-0.0080066919
2020-10-20,WMT,-0.025910795,0.013007522,-0.00074070692
2020-10-21,AAPL,0.023673415,0.0088378191,-0.02730763
2020-10-21,AMGN,-0.011959493,0.022022486,0.0045266151
2020-10-21,CRM,-0.02804333,-0.0029122829,0.016607404
2020-10-21,CSCO,0.016208649,0.0044269562,-0.010917187
2020-10-21,IBM,-0.0013984442,0.017926931,-0.010567725
2020-10-21,INTC,0.017444611,-0.012885034,-0.0064526796
2020-10-21,MSFT,-0.020726681,0.0047469139,-0.017508626
2020-10-21,NKE,-0.013622701,0.019348502,-0.01708281
2020-10-21,VZ,0.0011643171,0.014047265,0.0018810034
2020-10-21,WMT,-0.0034369826,0.0034298897,-0.0063467026
2020-10-22,AAPL,-0.025940478,-0.013037503,-0.012514114
2020-10-22,AMGN,-0.00038665533,0.012539029,0.0072102547
2020-10-22,CRM,-0.0086547136,0.022788405,-0.0048846602
2020-10-22,CSCO,0.0083552599,0.016809821,-0.0041461587
2020-10-22,IBM,0.0067033768,0.0032930374,-0.0092000365
2020-10-22,INTC,-0.003864944,0.011233687,-0.015138268
2020-10-22,MSFT,-0.0063688159,0.0092799664,-0.0088806152
2020-10-22,NKE,-0.017750084,-0.00031089783,-0.014771342
2020-10-22,VZ,-0.0039870739,0.0084820986,-0.022179425
2020-10-22,WMT,0.004472971,0.015321851,-0.0012301803
2020-10-23,AAPL,-0.0017486811,0.014206648,-0.0043019652
2020-10-23,AMGN,0.007332325,0.0093730688,0.0010169744
2020-10-23,CRM,0.0011478662,-0.021827817,-0.01261884
2020-10-23,CSCO,-0.017165959,0.0021914244,-0.030938685
2020-10-23,IBM,-0.014069736,0.0067737103,0.0087057352
2020-10-23,INTC,-0.012194335,0.0082200766,-0.00012880564
2020-10-23,MSFT,-0.015246987,0.0035066605,-0.03202951
2020-10-23,NKE,0.022551537,0.022726178,-0.023285389
2020-10-23,VZ,-0.0078642964,0.0030562878,-0.0003849864
2020-10-23,WMT,-0.0056872368,0.0082479715,-0.0080988407
2020-10-26,AAPL,-0.011256576,-0.0069890618,-0.010517895
2020-10-26,AMGN,-0.027920306,0.011270404,-0.006418407
2020-10-26,CRM,0.0066336393,0.016458392,-0.037154317
2020-10-26,CSCO,-0.01344049,0.0070859194,-0.0066266656
2020-10-26,IBM,-0.020558715,0.0036246777,-0.0045154691
2020-10-26,INTC,-0.0082236528,0.0187639,-0.012536168
2020-10-26,MSFT,0.018928409,0.0088778734,-0.0054396987
2020-10-26,NKE,-0.016994596,-0.0058287382,-0.018140078
2020-10-26,VZ,0.0024639368,0.0045909882,-0.029770136
2020-10-26,WMT,0.00098025799,0.012006879,-0.0098214149
2020-10-27,AAPL,-0.024246573,0.0032851696,-0.01075238
2020-10-27,AMGN,0.013107181,0.0050423145,0.001306057
2020-10-27,CRM,0.023758531,0.021667004,-0.0074621439
2020-10-27,CSCO,-0.017163098,0.012751937,-0.00560534
2020-10-27,IBM,0.0074754953,0.027480364,-0.0030097365
2020-10-27,INTC,0.0059298277,0.0067670345,-0.002705276
2020-10-27,MSFT,-0.01187098,0.0087729692,-0.0068413615
2020-10-27,NKE,-0.018003464,0.025074244,-0.0074204803
2020-10-27,VZ,0.015469313,-0.008364141,-0.0313586
2020-10-27,WMT,0.0033868551,0.0042544603,-0.016479373
2020-10-28,AAPL,0.037224412,0.022516251,-0.0023701191
2020-10-28,AMGN,0.0029453039,0.0072231293,-0.023732841
2020-10-28,CRM,-0.042318642,0.019399285,-0.0019980669
2020-10-28,CSCO,0.0071476698,-0.003161788,-0.02666384
2020-10-28,IBM,0.023370266,-0.0072074533,-0.016127706
2020-10-28,INTC,-0.021778584,0.03249836,-0.017659783
2020-10-28,MSFT,0.0078595877,0.0074555874,-0.014576316
2020-10-28,NKE,-0.00034672022,0.016083241,-0.027031779
2020-10-28,VZ,-0.019865692,0.013662219,-0.0053385496
2020-10-28,WMT,-0.0036186576,-0.0046141744,-0.021783948
2020-10-29,AAPL,-0.03511107,0.023601174,-0.01196593
2020-10-29,AMGN,0.024874806,0.027332067,-0.013910055
2020-10-29,CRM,0.0058784485,0.047443032,-0.004803896
2020-10-29,CSCO,0.0052125454,0.02344358,-0.0023629665
2020-10-29,IBM,-0.0043818951,0.014806151,-0.010604084
2020-10-29,INTC,0.010347843,0.0068135262,-0.0084768534
2020-10-29,MSFT,0.0022670031,0.015015364,-0.027883768
2020-10-29,NKE,-0.0049064159,0.026405692,-0.0074217916
2020-10-29,VZ,-0.0083879828,0.017281651,-0.024299383
2020-10-29,WMT,-0.0064579248,0.0035699606,-0.011150062
2020-10-30,AAPL,-0.02019918,0.0084034204,-4.8518181e-05
2020-10-30,AMGN,-0.00041800737,0.0068985224,-0.0086905956
2020-10-30,CRM,-0.027644396,-0.0021178126,-0.015542269
2020-10-30,CSCO,-0.037491202,0.019158006,-0.003411293
2020-10-30,IBM,-0.010564506,-0.00081825256,0.0061762333
2020-10-30,INTC,-0.023287237,0.023757577,-0.010443687
2020-10-30,MSFT,0.0082252026,0.019083738,-0.013719678
2020-10-30,NKE,0.0063910484,0.019275427,-0.016143858
2020-10-30,VZ,-0.024339497,0.012999296,-0.018420637
2020-10-30,WMT,-0.006111443,0.017647028,-0.0019665956
2020-11-02,AAPL,-0.025798202,-0.0017985106,-0.025115073
2020-11-02,AMGN,-0.0074670315,0.0063215494,-0.012000144
2020-11-02,CRM,0.0072301626,0.011460066,0.011886835
2020-11-02,CSCO,-0.02203542,0.031406283,-0.019409895
2020-11-02,IBM,-0.0033912659,0.00058221817,-0.016975701
2020-11-02,INTC,-0.0010843873,-0.015069783,-0.0040764809
2020-11-02,MSFT,0.0047826767,0.0062633753,-0.012943447
2020-11-02,NKE,-0.0022575855,0.0075770617,-0.020704627
2020-11-02,VZ,-0.035684347,0.0052889585,0.0084527731
2020-11-02,WMT,-0.015082777,0.006157279,0.0014828444
2020-11-03,AAPL,0.013043046,0.015609741,-0.02402699
2020-11-03,AMGN,-0.015959263,-0.0065071583,-0.008898735
2020-11-03,CRM,-0.026313603,0.021573901,-0.044007778
2020-11-03,CSCO,-0.025102079,0.0055171251,-0.012085497
2020-11-03,IBM,-0.029485941,0.0057821274,0.0010855198
2020-11-03,INTC,-0.02286154,0.0093493462,-0.0088189244
2020-11-03,MSFT,-0.0087457895,0.018636584,-0.0036564469
2020-11-03,NKE,0.0012922287,0.0095192194,0.00070130825
2020-11-03,VZ,-0.009352982,-0.0046439171,-0.029773474
2020-11-03,WMT,-0.0085982084,0.015077114,-0.0080227256
2020-11-04,AAPL,0.024453163,-0.00042057037,0.0023298264
2020-11-04,AMGN,0.00093209743,0.0072104931,-0.0078219771
2020-11-04,CRM,-0.006356895,-0.0034455061,-0.011199355
2020-11-04,CSCO,-0.016816676,-0.0012215376,0.0063233376
2020-11-04,IBM,0.003741622,0.017402053,-0.01330781
2020-11-04,INTC,-0.0021121502,0.0028325319,-0.022840679
2020-11-04,MSFT,-0.014030516,0.0038220882,-0.013744414
2020-11-04,NKE,-0.02257663,0.02005446,-0.01835382
2020-11-04,VZ,-0.0047745109,0.0043712854,-0.0025859475
2020-11-04,WMT,0.0068104267,0.015704989,-0.013483405
2020-11-05,AAPL,-0.030271232,0.033807278,-0.0080196261
2020-11-05,AMGN,-0.018279612,0.0063378811,0.0088717937
2020-11-05,CRM,0.0075204372,0.018793941,-0.010532141
2020-11-05,CSCO,0.031821489,-0.0031856894,-0.011708796
2020-11-05,IBM,-0.0050247312,0.00039470196,0.00016117096
2020-11-05,INTC,-0.020599902,0.0080714226,0.0056006908
2020-11-05,MSFT,0.001240015,0.020895362,-0.00416857
2020-11-05,NKE,-0.032012105,0.014311075,0.011051893
2020-11-05,VZ,0.027215242,-0.0050956607,0.0018187761
2020-11-05,WMT,-0.00091946125,0.014273167,-0.013493299
2020-11-06,AAPL,-0.0022049546,0.010124326,-0.014104843
2020-11-06,AMGN,-0.037049174,0.0029968023,-0.0034589767
2020-11-06,CRM,0.023828506,0.014005423,-0.018828928
2020-11-06,CSCO,-0.0044499636,0.012073398,0.015834093
2020-11-06,IBM,-0.0095088482,0.012831092,-0.033406377
2020-11-06,INTC,-0.001263082,0.0021467209,-0.021285176
2020-11-06,MSFT,0.00053215027,0.0078961849,-0.0057600737
2020-11-06,NKE,-0.029050827,0.0021110773,-0.01342988
2020-11-06,VZ,-0.0044424534,0.012833714,-0.00031977892
2020-11-06,WMT,-0.003444314,0.00151968,-0.0027290583
2020-11-09,AAPL,-0.018528283,0.018638611,-0.027108133
2020-11-09,AMGN,-0.029833436,0.018028855,-0.011697829
2020-11-09,CRM,-0.024674833,0.0083065033,-0.016116738
2020-11-09,CSCO,-0.016813457,0.0081824064,-0.0064550042
2020-11-09,IBM,-0.018432021,0.0011903048,-0.0010895729
2020-11-09,INTC,-0.037066519,0.011220813,-0.017768323
2020-11-09,MSFT,0.016707897,-0.0012979507,-0.009747684
2020-11-09,NKE,0.019028783,0.0027266741,-0.0021159649
2020-11-09,VZ,0.0029584169,0.023175597,0.014753699
2020-11-09,WMT,-0.0022966266,0.0089646578,-0.0016289353
2020-11-10,AAPL,-0.032150686,-0.0065989494,-0.0097895861
2020-11-10,AMGN,0.0018649101,0.015032768,-0.023659706
2020-11-10,CRM,-0.019553483,0.01407218,-0.020927668
2020-11-10,CSCO,-0.0067492127,0.0190413,-0.010112226
2020-11-10,IBM,-0.0086671114,0.010902762,0.00064754486
2020-11-10,INTC,0.024744987,0.030068398,0.0044265985
2020-11-10,MSFT,0.0093497038,0.01193583,-0.015532255
2020-11-10,NKE,0.0078685284,0.0018986464,-0.0046772361
2020-11-10,VZ,0.0074033737,-0.0032531619,-0.0048562288
2020-11-10,WMT,0.012617707,0.012259126,-0.0080082417
2020-11-11,AAPL,0.0047769547,0.0081923008,-0.0096319914
2020-11-11,AMGN,-0.021848142,0.0021746159,-0.0082827806
2020-11-11,CRM,0.003246665,0.019315958,-0.035410762
2020-11-11,CSCO,0.016201377,0.010814548,-0.0089305043
2020-11-11,IBM,-0.007994175,0.012191772,-0.00047194958
2020-11-11,INTC,0.002949357,0.0074094534,-0.018345714
2020-11-11,MSFT,-0.017397821,0.011736155,-0.0052126646
2020-11-11,NKE,-0.0093721747,0.0090839863,-0.020960152
2020-11-11,VZ,-0.015963912,0.017792225,-0.0053477287
2020-11-11,WMT,0.0042170286,0.020270944,-0.0034009814
2020-11-12,AAPL,0.011804223,0.011606932,-0.013536811
2020-11-12,AMGN,0.0031317472,0.0081443787,-0.0093839765
2020-11-12,CRM,-0.035901427,0.0091358423,-0.039860547
2020-11-12,CSCO,-0.00938344,0.010938883,-0.0066262484
2020-11-12,IBM,0.0041761398,0.00070798397,-0.016091168
2020-11-12,INTC,-0.030467451,-0.0036488771,-0.031527519
2020-11-12,MSFT,0.0025633574,0.0052107573,-0.0015453696
2020-11-12,NKE,-0.028607547,0.0018109083,-0.027965844
2020-11-12,VZ,-0.014489591,0.013893962,-0.0046708584
2020-11-12,WMT,-0.0044332743,0.0015262365,0.0017397404
2020-11-13,AAPL,-0.012548387,-0.00082677603,-0.025443554
2020-11-13,AMGN,-0.0063506365,-0.012234509,-0.020280957
2020-11-13,CRM,-0.012361586,-0.0027554035,-0.022472441
2020-11-13,CSCO,0.026660204,-0.0067400932,0.010178924
2020-11-13,IBM,-0.012486577,0.01134634,-0.016204953
2020-11-13,INTC,-0.010078251,0.012045741,-0.0030907989
2020-11-13,MSFT,-0.02596724,0.0082727671,0.0048699379
2020-11-13,NKE,-0.022007048,0.013433099,-0.012019753
2020-11-13,VZ,0.0086084604,0.019957423,-0.003990829
2020-11-13,WMT,-0.0057845712,0.012776613,-0.0013722181
2020-11-16,AAPL,0.025102496,-0.007111311,-0.026492655
2020-11-16,AMGN,-0.010983467,0.021014571,-0.007737875
2020-11-16,CRM,0.0291394,0.027767181,-0.01544565
2020-11-16,CSCO,-0.040941417,0.00018250942,-0.0061662197
2020-11-16,IBM,0.0026472807,0.018865585,-0.0055131316
2020-11-16,INTC,0.029850125,-0.0029252768,-0.015177608
2020-11-16,MSFT,0.012948632,-0.0052327514,0.013757825
2020-11-16,NKE,0.0054728985,0.011422157,0.0037447214
2020-11-16,VZ,-0.0048524737,0.0034916401,-0.0076074004
2020-11-16,WMT,-0.021744013,-0.0050221086,0.0065904856
2020-11-17,AAPL,-0.0045169592,0.010595322,-0.01850909
2020-11-17,AMGN,-0.01537776,0.021223664,-0.019191623
2020-11-17,CRM,-0.025247335,0.024821401,-0.0017265677
2020-11-17,CSCO,-0.024554014,0.0035582781,-0.012848437
2020-11-17,IBM,0.0096017122,0.0035921335,0.0011891127
2020-11-17,INTC,-0.0020734668,0.015142918,-0.0089532733
2020-11-17,MSFT,-0.020859241,0.0065271854,-0.024433613
2020-11-17,NKE,-0.020727932,0.0010272264,-0.010531485
2020-11-17,VZ,0.0013720989,0.0092551708,-0.0069071651
2020-11-17,WMT,0.013158321,0.0064544678,-0.0039470792
2020-11-18,AAPL,-0.012539625,0.018896937,-0.010121942
2020-11-18,AMGN,0.0079363585,0.011594772,-0.023346126
2020-11-18,CRM,-0.0026758909,0.027959347,-0.015704811
2020-11-18,CSCO,-0.021062613,0.0095618963,-0.0038847327
2020-11-18,IBM,0.0047549009,0.0060267448,-0.0065494776
2020-11-18,INTC,-0.024826765,0.025550365,-0.0095850825
2020-11-18,MSFT,0.030119538,0.015021563,-0.0091460943
2020-11-18,NKE,-0.0084079504,0.009049654,0.0077228546
2020-11-18,VZ,-0.0049667954,2.3841858e-05,0.010298133
2020-11-18,WMT,-0.013192832,0.0082811117,-0.017810166
2020-11-19,AAPL,-0.011630177,0.016518712,-0.0068116188
2020-11-19,AMGN,-0.023347199,0.024332166,-0.02522409
2020-11-19,CRM,-0.025621057,0.015353918,-0.023308337
2020-11-19,CSCO,0.012708187,0.011289954,-0.010974884
2020-11-19,IBM,-0.0069518089,0.0071566105,-0.0022143722
2020-11-19,INTC,0.0065916777,-0.00025606155,-0.040501416
2020-11-19,MSFT,-0.016726792,0.0093610287,-0.0072951317
2020-11-19,NKE,0.023787022,-0.014276743,-0.0059444308
2020-11-19,VZ,-0.025478661,0.02173233,-0.0012924075
2020-11-19,WMT,-0.034164786,0.011523604,-0.018788099
2020-11-20,AAPL,0.012002826,0.014023304,-0.011620581
2020-11-20,AMGN,-0.0033839941,0.020762682,-0.018475592
2020-11-20,CRM,0.0054023266,0.024707913,-0.012889206
2020-11-20,CSCO,-0.015289783,-0.013525188,-0.01210469
2020-11-20,IBM,-0.010291398,0.0070024729,0.0097103119
2020-11-20,INTC,-0.0029286742,0.015736699,-0.01466918
2020-11-20,MSFT,-0.027517319,-0.00050860643,-0.014169037
2020-11-20,NKE,-0.028880656,0.0031750202,-0.010923684
2020-11-20,VZ,-0.0072843432,0.010272503,-0.0051361918
2020-11-20,WMT,-0.0094563961,0.013100386,0.013537049
2020-11-23,AAPL,-0.037870049,0.022889018,-0.015076637
2020-11-23,AMGN,0.016750693,-0.0031610131,-0.00070387125
2020-11-23,CRM,-0.02650702,0.003226757,-0.030556381
2020-11-23,CSCO,0.0070922375,0.0080776215,0.0024981499
2020-11-23,IBM,-0.017929971,0.0029236078,-0.025765836
2020-11-23,INTC,0.00026786327,0.025520086,0.0021414757
2020-11-23,MSFT,0.019075751,0.028616786,-0.01892662
2020-11-23,NKE,0.022863507,0.0017476082,-0.021189094
2020-11-23,VZ,-0.022677124,0.010074615,-0.0068513155
2020-11-23,WMT,-0.0080470443,0.01469028,-0.019367933
2020-11-24,AAPL,-0.019654632,0.02285099,0.010013461
2020-11-24,AMGN,0.026247382,-0.0012149811,-0.012847722
2020-11-24,CRM,-0.028285861,0.024225354,-0.0042797923
2020-11-24,CSCO,-0.021149933,-0.0034174919,-0.0077551603
2020-11-24,IBM,-0.013384819,0.012825131,-0.014555037
2020-11-24,INTC,-0.010688365,0.016447306,0.0067020655
2020-11-24,MSFT,0.015800714,0.0091747046,-0.011486948
2020-11-24,NKE,-0.021575749,0.010851502,-0.016798794
2020-11-24,VZ,-0.010623395,0.01697886,-0.0066400766
2020-11-24,WMT,-0.0086776018,0.0013779402,0.0057185888
2020-11-25,AAPL,0.029779434,0.015138865,-0.011097014
2020-11-25,AMGN,-0.0037321448,-0.00031810999,0.0028357506
2020-11-25,CRM,0.051037192,0.02287674,-0.016930699
2020-11-25,CSCO,-0.048479319,0.00080287457,-0.0067440271
2020-11-25,IBM,-0.013489902,0.01765573,-0.0070777535
2020-11-25,INTC,-0.01502049,0.015094399,0.0057702065
2020-11-25,MSFT,-0.015421867,0.0034134388,-0.018456221
2020-11-25,NKE,-0.0092107058,0.001658082,-0.0097390413
2020-11-25,VZ,0.013054013,0.0094003677,-0.012006283
2020-11-25,WMT,-0.012745321,0.00019025803,-0.0060039759
2020-11-27,AAPL,-0.0025385022,0.012992859,-0.024624646
2020-11-27,AMGN,0.0029709339,0.028188705,-0.009627223
2020-11-27,CRM,-0.033448458,0.024038911,-0.041897953
2020-11-27,CSCO,-0.022454083,0.017848015,-0.012226343
2020-11-27,IBM,-0.0085300803,0.0094304085,-0.0065484643
2020-11-27,INTC,-0.048049867,0.0050206184,-0.010278046
2020-11-27,MSFT,-0.02498734,0.018466473,-0.013930321
2020-11-27,NKE,0.0030908585,-0.014207184,-0.00060677528
2020-11-27,VZ,0.0011131763,0.0058293343,-0.01062727
2020-11-27,WMT,0.012625575,0.011187553,-0.019380629
2020-11-30,AAPL,-0.019360244,0.02827239,-0.020435274
2020-11-30,AMGN,-0.00088149309,0.015418291,-0.0079705119
2020-11-30,CRM,0.027135849,0.005480051,0.0080784559
2020-11-30,CSCO,0.0020663738,0.025689721,-0.020869732
2020-11-30,IBM,-0.027605653,0.014141798,-0.01882118
2020-11-30,INTC,-0.0059551001,0.010003567,-0.0093110204
2020-11-30,MSFT,-0.012044489,0.0092337132,-0.0019420981
2020-11-30,NKE,0.012624383,0.01730442,-0.030413091
2020-11-30,VZ,0.0054165125,0.0062474012,0.0026320219
2020-11-30,WMT,-0.013853848,0.016247749,-0.021072268
2020-12-01,AAPL,-0.0037415028,0.015013695,-0.0077754855
2020-12-01,AMGN,-0.02911675,0.017225981,-0.018366337
2020-12-01,CRM,-0.026005924,0.022405624,-0.020686865
2020-12-01,CSCO,-0.010258973,0.018472791,-0.02608788
2020-12-01,IBM,0.0011690855,0.0047601461,-0.0074253082
2020-12-01,INTC,0.0026878119,0.015577197,-0.0086169243
2020-12-01,MSFT,-0.027337193,0.0079389811,0.0040522814
2020-12-01,NKE,0.0021358728,0.001254797,-0.010046721
2020-12-01,VZ,-0.00098717213,0.0070871115,0.0004144907
2020-12-01,WMT,-0.0040811896,0.0018135309,0.006885767
2020-12-02,AAPL,0.03363955,0.0099685192,-0.018769801
2020-12-02,AMGN,-0.010258555,0.03772378,-0.013921738
2020-12-02,CRM,-0.019889176,0.011870742,-0.014702797
2020-12-02,CSCO,-0.0048459768,-0.0025829077,-0.010093391
2020-12-02,IBM,-0.021472216,0.00067710876,-0.012315989
2020-12-02,INTC,-0.039787173,0.025159359,-0.03335917
2020-12-02,MSFT,-7.7486038e-06,-0.012217879,-0.010290146
2020-12-02,NKE,-0.028273582,0.0049214363,-0.0064039826
2020-12-02,VZ,0.007345438,0.0092850924,-0.0056439638
2020-12-02,WMT,0.012447834,0.0039515495,0.0053309202
2020-12-03,AAPL,-0.0054204464,0.0052733421,-0.003734827
2020-12-03,AMGN,0.011312842,0.003467679,-0.022501886
2020-12-03,CRM,-0.012846649,0.012660503,-0.023078918
2020-12-03,CSCO,-0.035029292,0.021847725,0.0019202232
2020-12-03,IBM,0.010582328,0.015739322,-0.018452048
2020-12-03,INTC,-0.029828489,0.010972738,-0.011671662
2020-12-03,MSFT,-0.025026977,0.021275997,-0.033419311
2020-12-03,NKE,-0.0030261278,0.011740565,-0.013031363
2020-12-03,VZ,-0.0052304864,-0.0005389452,-0.0080135465
2020-12-03,WMT,-0.0052169561,-0.00083333254,-0.0052014589
2020-12-04,AAPL,0.017238975,-0.012494743,-0.018274128
2020-12-04,AMGN,0.0048981905,0.010877132,-0.00031632185
2020-12-04,CRM,0.031927824,0.024558902,0.001568675
2020-12-04,CSCO,-0.024313807,0.020582438,0.0043880939
2020-12-04,IBM,-0.015841722,-0.0024307966,-0.010335267
2020-12-04,INTC,-0.0020931363,0.011569619,-0.025472522
2020-12-04,MSFT,-0.0099337101,0.007412672,0.01307106
2020-12-04,NKE,-0.022521496,0.013994575,-0.021063805
2020-12-04,VZ,-0.010957897,0.01429975,-0.010948598
2020-12-04,WMT,-0.0088878274,0.0011457205,-0.018697917
2020-12-07,AAPL,0.002581954,0.015835524,-0.013894856
2020-12-07,AMGN,-0.0086655617,0.012032986,0.00080776215
2020-12-07,CRM,-0.00074595213,-0.0015527606,-0.033688724
2020-12-07,CSCO,0.020178199,0.0093661547,0.0018981695
2020-12-07,IBM,-0.0076379776,-0.00077390671,0.00015830994
2020-12-07,INTC,-0.048784554,0.011526823,-0.012470722
2020-12-07,MSFT,0.022659659,0.0093876123,0.0011415482
2020-12-07,NKE,-0.023988664,0.0051319599,-0.014241576
2020-12-07,VZ,-0.0020609498,-0.006293714,-0.0070837736
2020-12-07,WMT,9.9658966e-05,0.0037564039,-0.0091513395
2020-12-08,AAPL,-0.020750582,0.018898368,-0.0048666596
2020-12-08,AMGN,0.0052226782,0.031111121,-0.013178527
2020-12-08,CRM,0.0070970058,0.032735825,-0.040843129
2020-12-08,CSCO,0.02302599,-0.011770487,-0.011391103
2020-12-08,IBM,0.0015038252,0.020347357,-0.0069944263
2020-12-08,INTC,0.025043964,-0.0013213158,0.0050443411
2020-12-08,MSFT,0.022564769,0.018870473,-0.0071059465
2020-12-08,NKE,-0.014424741,0.011116266,-0.00013953447
2020-12-08,VZ,-0.0078852773,-0.0021873116,-0.012361526
2020-12-08,WMT,-0.011903644,0.014416337,-0.0087385774
2020-12-09,AAPL,-0.00069314241,0.010140419,-0.029720962
2020-12-09,AMGN,-0.021713078,0.022542238,-0.012251377
2020-12-09,CRM,-0.0034330487,0.019199491,-0.024895966
2020-12-09,CSCO,0.015735984,0.0078794956,-0.00045311451
2020-12-09,IBM,-0.020145178,0.020198703,-0.017510474
2020-12-09,INTC,0.0083144903,0.029696703,-0.026323855
2020-12-09,MSFT,0.0013471842,0.010894179,-0.0084649324
2020-12-09,NKE,-0.0013490915,0.0032002926,-0.012498975
2020-12-09,VZ,-0.035750985,-0.0018125772,-0.0069925189
2020-12-09,WMT,0.012530565,0.012569547,-0.0071428418
2020-12-10,AAPL,0.028927326,0.016329288,-0.022228658
2020-12-10,AMGN,-0.0074884295,0.020127177,-0.025986016
2020-12-10,CRM,-0.0282619,0.00039029121,-0.015138984
2020-12-10,CSCO,0.015484452,0.016325712,-0.015762448
2020-12-10,IBM,0.012583852,0.020270109,-0.0036230683
2020-12-10,INTC,-0.030097961,0.018481612,-0.022320628
2020-12-10,MSFT,-0.019636512,0.0077853203,0.0089968443
2020-12-10,NKE,0.023891211,0.020260215,-0.0091745853
2020-12-10,VZ,-0.023905754,0.014200091,-0.0098438859
2020-12-10,WMT,-0.0023536086,0.017303348,-0.010584056
2020-12-11,AAPL,-0.021111071,0.0084511042,-0.0091323256
2020-12-11,AMGN,-0.0039740205,0.040535092,-0.019982159
2020-12-11,CRM,-0.0035336614,0.014319658,0.0055006742
2020-12-11,CSCO,0.01901865,-0.0080674887,-0.0099134445
2020-12-11,IBM,-0.024678528,0.018036962,-0.003500998
2020-12-11,INTC,-0.014062107,0.0095505714,-0.0061418414
2020-12-11,MSFT,-0.028875172,0.020054102,-0.0046595931
2020-12-11,NKE,-0.0011110902,0.0036262274,0.0076494217
2020-12-11,VZ,-0.0035017133,0.010498285,-0.015119851
2020-12-11,WMT,-0.0071833134,-0.00081777573,-0.0096843243
2020-12-14,AAPL,-4.2498112e-05,-0.0031026006,-0.024654984
2020-12-14,AMGN,-0.011853576,0.006180048,0.0054900646
2020-12-14,CRM,-0.010270596,0.024054766,-0.0038052797
2020-12-14,CSCO,0.027596951,-0.013864815,-0.0030251145
2020-12-14,IBM,0.0050383806,0.010536551,-0.0052474141
2020-12-14,INTC,-0.025488555,0.0034245253,-0.0086279511
2020-12-14,MSFT,-0.01533854,0.023544669,0.0050388575
2020-12-14,NKE,-0.014644444,0.0069198608,-0.0085273981
2020-12-14,VZ,0.020170927,0.0037175417,-0.0027406812
2020-12-14,WMT,0.02435267,0.0024422407,0.0022653341
2020-12-15,AAPL,-0.026052654,0.016801715,-0.026651919
2020-12-15,AMGN,-0.011103213,-0.0013729334,-0.011295557
2020-12-15,CRM,0.023313761,-0.02274704,-0.023401797
2020-12-15,CSCO,-0.012683988,0.01427722,-0.01234889
2020-12-15,IBM,-0.020285308,0.0054944754,-0.020207524
2020-12-15,INTC,-0.027477145,0.012161016,-0.019148469
2020-12-15,MSFT,0.02639699,-0.001257658,-0.022064805
2020-12-15,NKE,-0.002519846,0.0270226,-0.0010725856
2020-12-15,VZ,-0.016807258,0.007822752,-0.002078414
2020-12-15,WMT,-0.0011038184,0.0049479008,-0.0064945817
2020-12-16,AAPL,0.0021295547,0.0066311359,-0.013570666
2020-12-16,AMGN,-0.0013067126,-0.0034771562,-0.010230958
2020-12-16,CRM,-0.048466504,0.031407237,-0.020224214
2020-12-16,CSCO,0.0011444092,0.021126866,-0.0051525831
2020-12-16,IBM,0.0021215677,0.017400265,-0.018545508
2020-12-16,INTC,0.010938406,-0.011592269,0.0042153597
2020-12-16,MSFT,-0.0037484765,-0.0031539798,-0.0030684471
2020-12-16,NKE,-0.0060518384,0.025864244,-0.0044808388
2020-12-16,VZ,-0.023880482,0.012827992,-0.0027640462
2020-12-16,WMT,-0.0068879128,0.014949322,-0.015031517
2020-12-17,AAPL,0.010854244,0.011333346,-0.036061883
2020-12-17,AMGN,0.0039825439,-0.00068533421,-0.0023056865
2020-12-17,CRM,-0.041271329,0.007147193,0.017800093
2020-12-17,CSCO,-0.0030870438,0.0052905083,-4.5120716e-05
2020-12-17,IBM,-0.022896767,0.0077830553,-0.009357512
2020-12-17,INTC,0.0034247637,0.0037668943,-0.027748823
2020-12-17,MSFT,-0.0056496263,0.0068376064,-0.0029883385
2020-12-17,NKE,-0.0082290769,0.0077372789,-0.012842953
2020-12-17,VZ,-0.0068932176,0.016991854,-0.02030313
2020-12-17,WMT,-0.004822135,0.017172098,-0.0047442317
2020-12-18,AAPL,0.014242768,0.0078033209,-0.027899802
2020-12-18,AMGN,-0.019411325,0.0055485964,-0.010133922
2020-12-18,CRM,-0.0031684637,0.0012841225,-0.0084369183
2020-12-18,CSCO,0.0031113625,-0.0088977814,2.0623207e-05
2020-12-18,IBM,-0.01324147,-0.0061094761,-0.013802469
2020-12-18,INTC,-0.0091081262,0.018375278,-0.0050374269
2020-12-18,MSFT,0.038123727,0.009319663,-0.019703209
2020-12-18,NKE,-0.021053076,0.023440719,-0.011966646
2020-12-18,VZ,0.015787721,0.0078915358,0.002379775
2020-12-18,WMT,0.0064330101,0.0062903166,0.00018262863
2020-12-21,AAPL,-0.023935974,-0.0048599839,0.0090222359
2020-12-21,AMGN,-0.020842493,0.022826433,-0.0039628148
2020-12-21,CRM,-0.012559414,0.047598481,-0.01054734
2020-12-21,CSCO,0.028460741,0.017206669,0.0056908131
2020-12-21,IBM,-0.024044931,-0.008848846,-0.0051336884
2020-12-21,INTC,-0.02575469,0.0040835142,-0.023395181
2020-12-21,MSFT,-0.0065542459,0.018837571,-0.013611436
2020-12-21,NKE,0.047626257,0.0061080456,-0.013741672
2020-12-21,VZ,-0.01112318,0.0049790144,-0.0020041466
2020-12-21,WMT,-0.0038422942,0.003125906,-0.0045838356
2020-12-22,AAPL,0.0057957172,0.022206545,-0.010846317
2020-12-22,AMGN,-0.016230166,0.016350508,0.010584474
2020-12-22,CRM,0.0054228306,0.014105558,-0.027822256
2020-12-22,CSCO,0.011872649,0.013321638,-0.00093317032
2020-12-22,IBM,-0.01486218,0.0098730326,0.0055061579
2020-12-22,INTC,-0.0054317117,-0.00081026554,-0.0016064048
2020-12-22,MSFT,0.0030320883,0.016853929,-0.017216563
2020-12-22,NKE,-0.01688844,-0.021724045,-0.026373208
2020-12-22,VZ,-0.025559008,0.0033566952,0.010685086
2020-12-22,WMT,-0.0039788485,0.005387187,-0.0066004395
2020-12-23,AAPL,-0.020061076,5.9008598e-05,-0.021186113
2020-12-23,AMGN,-0.0033627152,0.010680437,-0.012717009
2020-12-23,CRM,0.032345533,0.031212449,-0.025249839
2020-12-23,CSCO,0.0063538551,-0.0033532381,-0.017418921
2020-12-23,IBM,-0.012494743,0.0069924593,-0.0048248172
2020-12-23,INTC,0.011746049,0.018090487,-0.0044651031
2020-12-23,MSFT,0.024155736,0.0018788576,-0.012186229
2020-12-23,NKE,-0.0018116236,0.009524107,-0.0029668808
2020-12-23,VZ,-0.0032923222,0.027444243,-0.009177804
2020-12-23,WMT,0.0013245344,0.0062185526,-0.01201272
2020-12-24,AAPL,0.017023683,0.019045711,-0.0095451474
2020-12-24,AMGN,0.023601532,0.017025113,-0.018912137
2020-12-24,CRM,-0.033847392,0.019272566,-0.011262953
2020-12-24,CSCO,0.0034638643,-0.00058281422,-0.0027095675
2020-12-24,IBM,0.024785042,0.024074078,-0.0065312982
2020-12-24,INTC,-0.0010591149,0.0036575794,-0.025889337
2020-12-24,MSFT,0.0086934566,0.010939837,-0.0075182915
2020-12-24,NKE,-0.031347454,0.0051262379,0.006374836
2020-12-24,VZ,0.010249734,0.030003667,-0.0023195148
2020-12-24,WMT,-0.0088913441,0.019502401,-0.00038647652
2020-12-28,AAPL,-0.0099494457,-0.0053059459,0.0071669817
2020-12-28,AMGN,-0.0083330274,0.013233185,-0.018908679
2020-12-28,CRM,-0.012280822,0.0075023174,-0.017431617
2020-12-28,CSCO,-0.055059791,0.018701196,0.0026739836
2020-12-28,IBM,-0.0091080666,0.013709903,-0.0053727627
2020-12-28,INTC,0.019552112,0.0089299679,-0.016148865
2020-12-28,MSFT,-0.0032674074,0.034237862,-0.024929523
2020-12-28,NKE,0.008774519,0.0048929453,-0.011450469
2020-12-28,VZ,0.0034434795,0.0075192451,-0.0031918287
2020-12-28,WMT,0.0038733482,0.0072171688,0.0013816357
2020-12-29,AAPL,-0.0031638741,0.012554288,-0.026798368
2020-12-29,AMGN,-0.03056407,0.020560741,-0.0081019998
2020-12-29,CRM,-3.3974648e-05,0.016622901,-0.035630465
2020-12-29,CSCO,0.038006902,0.00080013275,0.0071765184
2020-12-29,IBM,-0.030717194,0.0021408796,-0.0032918453
2020-12-29,INTC,-0.015928805,-0.0014458299,-0.029019833
2020-12-29,MSFT,-0.018010795,0.018073916,-0.023334622
2020-12-29,NKE,0.0070513487,0.030083537,-0.001088202
2020-12-29,VZ,0.01727879,0.020632982,-0.021049619
2020-12-29,WMT,-0.018056333,0.0049545765,0.0017566681
2020-12-30,AAPL,-0.046090245,0.017539382,-0.026829362
2020-12-30,AMGN,0.00233078,0.024446726,-0.0024147034
2020-12-30,CRM,0.0012835264,0.02189362,-0.019554675
2020-12-30,CSCO,0.002289176,0.020931482,-0.0093960762
2020-12-30,IBM,-0.025521159,0.00017440319,-0.014075816
2020-12-30,INTC,0.013537049,0.010154724,-0.012538493
2020-12-30,MSFT,0.014310241,0.036604643,-0.0040527582
2020-12-30,NKE,0.0014001131,0.03493309,0.010252953
2020-12-30,VZ,-0.0089967251,0.024699092,-0.0069280863
2020-12-30,WMT,-0.018936276,0.0083462,-0.010784745
2020-12-31,AAPL,0.014232993,0.0071139336,-0.0010781884
2020-12-31,AMGN,-0.021761715,0.019426584,-0.016281188
2020-12-31,CRM,-0.023853004,0.016251564,-0.024052024
2020-12-31,CSCO,-0.005016923,3.6358833e-05,-0.0094311237
2020-12-31,IBM,-0.02001524,-0.0080381036,0.019501209
2020-12-31,INTC,-0.010791838,0.0010380745,-0.032387376
2020-12-31,MSFT,-0.026892841,0.0040949583,-0.0026558042
2020-12-31,NKE,-0.010021746,0.0037463903,-0.0089863539
2020-12-31,VZ,-0.01100415,0.018460393,0.0068296194
2020-12-31,WMT,0.0059262514,0.015447378,-0.0063297749
2021-01-04,AAPL,-0.024780393,-0.0051794052,-0.02363205
2021-01-04,AMGN,-0.02699101,0.01188159,-0.01880753
2021-01-04,CRM,-0.027225673,0.027396679,-0.0085561275
2021-01-04,CSCO,-0.020158052,-0.01156795,0.0094493628
2021-01-04,IBM,-0.021972001,0.012436748,0.0045734644
2021-01-04,INTC,0.012034416,-0.0019934177,-0.003274858
2021-01-04,MSFT,0.021737218,0.012860537,-0.011099756
2021-01-04,NKE,-0.033595204,0.012595057,-0.021613836
2021-01-04,VZ,-0.029178023,-0.0012027025,-0.00042539835
2021-01-04,WMT,0.011704564,0.013319969,-0.006362319
2021-01-05,AAPL,0.013285279,0.0092329979,-0.0030959845
2021-01-05,AMGN,0.0056529045,0.028815031,-0.021669924
2021-01-05,CRM,0.0063688755,0.027841926,0.019924283
2021-01-05,CSCO,-0.025723636,0.029032111,-0.017359257
2021-01-05,IBM,0.0027261972,0.013373017,-0.0038568377
2021-01-05,INTC,0.00056898594,0.023002386,-0.020609915
2021-01-05,MSFT,-0.0065042377,0.0096275806,-0.0086734891
2021-01-05,NKE,0.031661272,0.013188004,-0.0051912069
2021-01-05,VZ,-0.01290369,0.0031933784,0.00035989285
2021-01-05,WMT,-0.0073041916,0.0088177919,-0.0032545924
2021-01-06,AAPL,0.011296391,-0.019189715,0.004506588
2021-01-06,AMGN,-0.016584039,0.013439417,-0.009046793
2021-01-06,CRM,-0.00059068203,0.018086553,0.019127965
2021-01-06,CSCO,0.014569998,0.0088489056,-0.0014668703
2021-01-06,IBM,0.018592477,0.00022149086,-0.0026953816
2021-01-06,INTC,-0.0014719963,0.020580769,-0.0023228526
2021-01-06,MSFT,0.026544571,0.010942578,0.0014507771
2021-01-06,NKE,0.015560865,0.0065494776,0.0038410425
2021-01-06,VZ,-0.022647738,0.00049817562,-0.0084455609
2021-01-06,WMT,-0.015279174,-0.0042783022,-0.010095656
2021-01-07,AAPL,0.02653563,0.0078487396,-0.031393588
2021-01-07,AMGN,-0.021179199,0.025957108,-0.013888597
2021-01-07,CRM,0.0055538416,0.0049667358,-3.5226345e-05
2021-01-07,CSCO,-0.009686172,0.014460087,-0.0016083121
2021-01-07,IBM,0.019420624,-0.00092285872,-0.0069354773
2021-01-07,INTC,-0.00016266108,0.014244795,-0.020924509
2021-01-07,MSFT,0.010138392,0.015861511,-0.0079576969
2021-01-07,NKE,0.0052639246,-0.0022619367,-0.0091773272
2021-01-07,VZ,-0.0025759339,0.012223721,-0.0078929663
2021-01-07,WMT,-0.0084041357,0.00398314,-0.012423635
2021-01-08,AAPL,-0.0085251331,0.032051206,-0.0014480948
2021-01-08,AMGN,-0.012431741,0.028778553,-0.013293326
2021-01-08,CRM,0.011612415,0.038572907,-0.043471098
2021-01-08,CSCO,0.002607584,0.00060915947,-0.011609554
2021-01-08,IBM,0.0058486462,0.0087980032,-0.0015234351
2021-01-08,INTC,-0.011326492,0.00071704388,-0.0032916665
2021-01-08,MSFT,-0.016640306,-0.0045112967,-0.015134931
2021-01-08,NKE,-0.013973176,0.011200905,-0.0018798113
2021-01-08,VZ,-0.027739882,0.021845937,-0.009968698
2021-01-08,WMT,0.00031197071,0.0033680201,-0.012748182
2021-01-11,AAPL,0.012298226,0.011882305,-0.019165158
2021-01-11,AMGN,-0.0060414672,0.005820632,-0.01299578
2021-01-11,CRM,-0.021407008,0.023982286,-0.0086462498
2021-01-11,CSCO,-0.018577576,-0.00043487549,-0.01344955
2021-01-11,IBM,-0.017431915,-0.0043894053,-0.021121204
2021-01-11,INTC,0.010902762,0.0056923628,-0.01224786
2021-01-11,MSFT,0.017861962,0.00710392,-0.00079774857
2021-01-11,NKE,0.0020447969,0.0081021786,-0.0089218616
2021-01-11,VZ,-0.0056067705,0.0095481873,-0.010905504
2021-01-11,WMT,-0.02585268,0.014430046,-0.0036408305
2021-01-12,AAPL,-0.010835409,-0.0013757348,-0.021263301
2021-01-12,AMGN,0.0072023869,0.0083278418,-0.012296796
2021-01-12,CRM,0.0048018694,0.017115355,-0.01357615
2021-01-12,CSCO,-0.010237932,0.00069653988,0.0047613382
2021-01-12,IBM,-0.031725645,-0.0028135777,-0.010379076
2021-01-12,INTC,-0.018802106,0.010622501,-0.0033961535
2021-01-12,MSFT,0.0088477135,-0.011060715,-0.010085702
2021-01-12,NKE,-0.019484282,-0.002669692,-0.0083494782
2021-01-12,VZ,0.010910988,0.015670776,-0.0016246438
2021-01-12,WMT,0.022083521,0.015344143,0.0045828819
2021-01-13,AAPL,-0.032709181,0.0057115555,-0.0098173022
2021-01-13,AMGN,-0.047884941,0.017599821,-0.012323856
2021-01-13,CRM,0.018801093,-0.0083250403,-0.012710452
2021-01-13,CSCO,-0.0086961389,0.0095341206,-0.001725316
2021-01-13,IBM,0.015192628,0.0073701143,-0.024571359
2021-01-13,INTC,-0.014987528,0.017694712,-0.015342772
2021-01-13,MSFT,-0.0095909238,0.0070437193,0.00029635429
2021-01-13,NKE,-0.0029522181,0.013898969,-0.014003158
2021-01-13,VZ,-0.0034726262,0.0030738115,-0.00031238794
2021-01-13,WMT,-0.0045415163,0.0079386234,-0.0081141591
2021-01-14,AAPL,-0.010002732,0.0090955496,0.017022014
2021-01-14,AMGN,0.020627022,0.00069272518,-0.016231477
2021-01-14,CRM,-0.044814229,0.026702404,-0.020080805
2021-01-14,CSCO,0.0010023117,-0.016241193,-0.012278199
2021-01-14,IBM,-0.0035135746,0.020297885,-0.0052262545
2021-01-14,INTC,0.017670631,0.0060888529,-0.03792733
2021-01-14,MSFT,-0.020186722,0.0056481361,-0.0018838048
2021-01-14,NKE,0.010585785,0.0025334358,-0.007455349
2021-01-14,VZ,-0.011770248,0.013910055,-0.00042670965
2021-01-14,WMT,-0.0099334717,0.016766906,0.00565207
2021-01-15,AAPL,0.015666723,-0.0011251569,-0.015654325
2021-01-15,AMGN,-0.015865743,0.013036728,-0.025125742
2021-01-15,CRM,0.01303792,0.027364731,-0.03034097
2021-01-15,CSCO,-0.01116544,-0.0071847439,0.0026907921
2021-01-15,IBM,0.0036160946,0.02675724,-0.0041432381
2021-01-15,INTC,0.010676742,0.017752051,-0.0016854405
2021-01-15,MSFT,-0.019129157,-0.0029475093,-0.020712554
2021-01-15,NKE,0.0058401823,0.019024611,0.0078151226
2021-01-15,VZ,-0.0055471063,-0.0071278214,-0.0019564033
2021-01-15,WMT,-0.01082319,0.0044214725,-0.0070566535
2021-01-19,AAPL,0.023485303,0.021598458,-0.0056735873
2021-01-19,AMGN,0.013830662,0.025117159,-0.0046428442
2021-01-19,CRM,-0.014248908,0.04662323,-0.028869569
2021-01-19,CSCO,-0.010019064,0.0013241768,-0.030508637
2021-01-19,IBM,0.0065180063,0.00090384483,-0.017845571
2021-01-19,INTC,-0.015740156,-0.0012128353,0.0029543638
2021-01-19,MSFT,-0.033101499,0.019525051,-0.020059466
2021-01-19,NKE,-0.0076246262,0.014790297,-0.026302516
2021-01-19,VZ,0.027005911,0.010073304,-0.017382205
2021-01-19,WMT,-0.016476035,0.0086781979,0.0032041073
2021-01-20,AAPL,-0.042046607,0.024482131,-0.010944664
2021-01-20,AMGN,0.0013741255,0.0034689903,-0.021273077
2021-01-20,CRM,-0.010563254,-0.0099367499,0.024258018
2021-01-20,CSCO,0.029649973,-0.0011302233,-0.018945634
2021-01-20,IBM,-0.009990871,0.021471262,0.0011246204
2021-01-20,INTC,-0.0078501105,0.007468462,-0.0071784854
2021-01-20,MSFT,-0.031653702,0.038935661,-0.022577286
2021-01-20,NKE,0.0044258833,-0.013605714,0.029597402
2021-01-20,VZ,-0.034949899,0.0054298639,-0.014890909
2021-01-20,WMT,-0.01371479,0.01845324,-0.015475094
2021-01-21,AAPL,-0.012197018,0.012105703,-0.0093250275
2021-01-21,AMGN,0.00083625317,-0.0092294216,-0.011678278
2021-01-21,CRM,0.066987157,0.0043270588,0.01085043
2021-01-21,CSCO,-0.01338613,0.013864517,-0.020938814
2021-01-21,IBM,-0.02701807,0.01686132,-0.010907054
2021-01-21,INTC,-0.0070820451,0.0098317862,-0.014064372
2021-01-21,MSFT,-0.0016289949,-0.00079745054,-0.00088143349
2021-01-21,NKE,-0.019859493,-0.0018495321,-0.028880954
2021-01-21,VZ,0.00017559528,0.0053427219,-0.019516885
2021-01-21,WMT,-0.0028173327,0.0074328184,-0.0029088259
2021-01-22,AAPL,0.0032566786,-0.0083723068,-0.024982512
2021-01-22,AMGN,0.017082095,0.013793349,-0.016197681
2021-01-22,CRM,-0.017257512,-0.015102327,-0.030779541
2021-01-22,CSCO,-0.003341198,0.020001411,-0.0029985905
2021-01-22,IBM,0.0038053989,0.007116437,-0.0064274669
2021-01-22,INTC,-0.0066944361,0.012025833,-0.006765902
2021-01-22,MSFT,-0.014907598,0.0019749403,-0.010546982
2021-01-22,NKE,-0.015591264,-0.0019465685,-0.018502295
2021-01-22,VZ,-0.0048478842,0.014743924,-0.0086770654
2021-01-22,WMT,-0.017456055,0.011932254,-0.0021088123
2021-01-25,AAPL,-0.0072838068,-0.0090668797,-0.0072984099
2021-01-25,AMGN,-0.0150249,0.00040328503,-0.01948905
2021-01-25,CRM,0.0097249746,0.014497638,0.0086358786
2021-01-25,CSCO,0.014661074,0.011477828,-0.0021647215
2021-01-25,IBM,-0.025796592,0.0026531219,0.00036561489
2021-01-25,INTC,0.028244257,0.025473714,-0.021198273
2021-01-25,MSFT,-0.029731929,0.0060243607,-0.013700008
2021-01-25,NKE,0.001265645,0.016835093,-0.014031291
2021-01-25,VZ,0.0084967613,0.016848445,-0.013725638
2021-01-25,WMT,-0.0047967434,0.010118484,-0.0068736672
2021-01-26,AAPL,0.0079929829,0.00560987,-0.0074548721
2021-01-26,AMGN,0.0026521683,0.029896379,-0.0064368248
2021-01-26,CRM,-0.010064304,0.027136922,-0.027853608
2021-01-26,CSCO,-0.00012743473,0.016088486,-0.005889535
2021-01-26,IBM,0.010533571,0.0097607374,-0.0088005662
2021-01-26,INTC,-0.0050927401,0.017782569,-0.0051099658
2021-01-26,MSFT,0.015754938,0.0016227961,-0.015551507
2021-01-26,NKE,0.014421105,0.0089374781,-0.0043192506
2021-01-26,VZ,-0.0025460124,0.010427475,-0.020971596
2021-01-26,WMT,-0.0010275841,0.0035123825,-0.00087028742
2021-01-27,AAPL,-0.0057498217,-0.00060498714,0.0090818405
2021-01-27,AMGN,-0.016245484,0.015977144,-0.010627627
2021-01-27,CRM,-0.0023059845,-0.0052586794,-0.010604024
2021-01-27,CSCO,-0.0056271553,0.014262915,-0.0023536682
2021-01-27,IBM,-0.040065765,0.0093855858,0.0075252056
2021-01-27,INTC,0.010844588,0.019876957,-0.030177236
2021-01-27,MSFT,0.014725924,0.014697313,-0.010772347
2021-01-27,NKE,0.0076320171,0.012235284,-0.0087656379
2021-01-27,VZ,-3.0755997e-05,0.0067806244,-0.017027318
2021-01-27,WMT,-0.01337111,-0.0056741834,-0.0033456087
2021-01-28,AAPL,-0.0015295744,0.014160514,-0.0043957233
2021-01-28,AMGN,-0.020894825,0.0063005686,-0.020272553
2021-01-28,CRM,-0.019622207,0.0034505129,-0.028261364
2021-01-28,CSCO,-0.0066044331,0.0075645447,-0.0071596503
2021-01-28,IBM,-0.019553006,0.0060647726,-0.001031816
2021-01-28,INTC,-0.025886834,0.010378361,-0.017465293
2021-01-28,MSFT,-0.0021538734,0.015696049,-0.0093691945
2021-01-28,NKE,-0.018875599,0.0162251,-0.011241555
2021-01-28,VZ,-0.018834054,-0.0038346052,-0.013804793
2021-01-28,WMT,0.002655983,0.0072433949,-0.015593946
2021-01-29,AAPL,0.00089013577,0.0023146868,-0.00070172548
2021-01-29,AMGN,-0.015648007,-0.0031679869,-0.018004715
2021-01-29,CRM,-0.042475343,-0.0054014921,-0.036600649
2021-01-29,CSCO,0.0079257488,0.030461907,-0.019449174
2021-01-29,IBM,-0.012779057,0.017922759,-0.00060975552
2021-01-29,INTC,0.0027809143,0.019038796,-0.018595755
2021-01-29,MSFT,0.020115137,0.017839909,-0.023786128
2021-01-29,NKE,-0.0077510476,0.018163681,-0.0044057965
2021-01-29,VZ,0.01091373,0.014822602,-0.014451265
2021-01-29,WMT,-0.015768111,0.0077899694,-0.010951579
2021-02-01,AAPL,-0.027813077,0.013976812,-0.00088721514
2021-02-01,AMGN,0.018248439,0.019989848,-0.019358039
2021-02-01,CRM,0.018886805,0.023528576,-0.036315739
2021-02-01,CSCO,-0.018209159,0.010213017,-0.0042270422
2021-02-01,IBM,0.019003034,-0.00047367811,-0.0027086735
2021-02-01,INTC,-0.011217117,0.034649968,-0.0031809807
2021-02-01,MSFT,-0.03823489,0.0091490746,-0.015109003
2021-02-01,NKE,-0.027914941,0.017640233,-0.015802503
2021-02-01,VZ,-0.0050724149,0.0053546429,-0.010543644
2021-02-01,WMT,-0.033399224,0.0026859045,-0.011546373
2021-02-02,AAPL,0.0087764263,0.0079442263,-0.043842494
2021-02-02,AMGN,-0.0010947585,0.014079452,-0.016380548
2021-02-02,CRM,0.022710204,0.0038026571,0.0045725107
2021-02-02,CSCO,0.023111105,0.014279604,-0.021047056
2021-02-02,IBM,0.021797061,2.0980835e-05,-0.011676371
2021-02-02,INTC,0.018540621,0.011515737,-0.00093233585
2021-02-02,MSFT,-0.0035601854,0.012027979,-0.013225794
2021-02-02,NKE,0.023630381,0.021441579,-0.008779645
2021-02-02,VZ,-0.024032354,0.0056620836,-0.0090187788
2021-02-02,WMT,0.0016826391,0.0012761354,-0.017300248
2021-02-03,AAPL,-0.010840654,0.011887908,-0.011422932
2021-02-03,AMGN,-0.011716247,0.013943315,0.00044631958
2021-02-03,CRM,-0.017622828,0.03713274,0.016451836
2021-02-03,CSCO,0.0036492348,0.0087833405,-0.021714747
2021-02-03,IBM,0.006827116,0.0043702126,-0.017667472
2021-02-03,INTC,-0.031205416,0.0087690353,-0.0026869178
2021-02-03,MSFT,0.0017285347,-0.010293722,-0.011371493
2021-02-03,NKE,-0.015179753,0.012816548,-0.035878479
2021-02-03,VZ,0.0090041161,-0.0080764294,0.0054615736
2021-02-03,WMT,0.0051759481,0.0051207542,0.008133769
2021-02-04,AAPL,0.010629416,0.0076626539,-0.016869545
2021-02-04,AMGN,0.025349259,0.0034252405,-0.0050681233
2021-02-04,CRM,0.02143538,0.0053418875,-0.026095629
2021-02-04,CSCO,-0.017998934,0.0056369305,-0.01992172
2021-02-04,IBM,-0.0093489885,0.0012537241,-0.0076717734
2021-02-04,INTC,-0.021361709,-0.0015670061,-0.0048769116
2021-02-04,MSFT,-0.027763069,0.0097335577,-0.01458627
2021-02-04,NKE,-0.025067329,0.015824914,-0.014593005
2021-02-04,VZ,0.00066566467,-0.0098935366,0.0015286207
2021-02-04,WMT,-0.0074058771,0.019575119,-0.0097433329
2021-02-05,AAPL,0.012792468,-0.0035817623,-0.016306281
2021-02-05,AMGN,-0.00091308355,0.0061745644,-0.0045392513
2021-02-05,CRM,0.055751801,0.0067720413,-0.038861334
2021-02-05,CSCO,0.002076149,0.011453748,-0.018578708
2021-02-05,IBM,-0.013494492,0.0025986433,-0.00725317
2021-02-05,INTC,-0.015515149,0.01707983,-0.013194442
2021-02-05,MSFT,-0.026682079,0.021115899,-0.010843575
2021-02-05,NKE,0.0094441175,0.0086820126,-0.011209309
2021-02-05,VZ,-0.006539166,-0.002918303,0.015650988
2021-02-05,WMT,0.015650511,-0.0054503679,-0.0012996793
2021-02-08,AAPL,0.017933726,0.0025440454,-0.021660089
2021-02-08,AMGN,0.0012693405,0.029186845,-0.0094978213
2021-02-08,CRM,0.00046765804,-0.012807131,-0.0020499229
2021-02-08,CSCO,0.030278206,0.01710856,0.0092933178
2021-02-08,IBM,-0.026696086,0.003614068,-0.0045959353
2021-02-08,INTC,-0.021453679,0.013804436,0.006029129
2021-02-08,MSFT,0.010567188,0.020990491,-0.025068283
2021-02-08,NKE,-0.015895963,0.010785341,-0.0085294843
2021-02-08,VZ,-0.0097385049,-0.0071265697,0.00030863285
2021-02-08,WMT,-0.0013738275,0.0042803288,-0.015312493
2021-02-09,AAPL,0.0038341284,0.0028402805,-0.024400175
2021-02-09,AMGN,-0.030230939,0.022663116,-0.0091409087
2021-02-09,CRM,-0.028029382,0.015310526,-0.030659974
2021-02-09,CSCO,0.019816279,-0.0090715885,0.0077887774
2021-02-09,IBM,0.016653895,0.021277547,-0.018040538
2021-02-09,INTC,-0.0061448216,0.01299572,-0.03242588
2021-02-09,MSFT,0.012661576,0.015590787,-0.017741203
2021-02-09,NKE,0.0013298988,-0.014042139,0.015204072
2021-02-09,VZ,-0.0090474486,0.0096387863,-0.0020541549
2021-02-09,WMT,-0.028917491,0.00034821033,-0.0049637556
2021-02-10,AAPL,-0.0089302063,0.0050212145,-0.01543963
2021-02-10,AMGN,-0.042815089,0.0049155951,-0.0062069893
2021-02-10,CRM,-0.0091587901,0.018836379,-0.02858907
2021-02-10,CSCO,-0.0021810532,0.0020017624,-0.0034139156
2021-02-10,IBM,-0.0065696836,-0.012338221,0.0028573275
2021-02-10,INTC,-0.014724195,0.00071537495,-0.015968919
2021-02-10,MSFT,0.00044035912,0.018199682,-0.0035748482
2021-02-10,NKE,0.023235917,0.014934182,-0.011707246
2021-02-10,VZ,-0.026483059,-0.015726686,-0.013704956
2021-02-10,WMT,-0.01691103,0.0044804811,-0.0013190508
2021-02-11,AAPL,0.0017178059,0.0061283112,-0.011419415
2021-02-11,AMGN,-0.015747368,0.029549479,-0.020678759
2021-02-11,CRM,-0.0097511411,0.041859984,-0.0046533942
2021-02-11,CSCO,0.022267222,-0.00085413456,-0.005474925
2021-02-11,IBM,-0.012460828,0.015153527,-0.0096270442
2021-02-11,INTC,-0.0023661852,0.015153527,-0.012111545
2021-02-11,MSFT,0.0065342188,0.019309998,-0.0059138536
2021-02-11,NKE,-0.031466305,0.00095462799,-0.017399132
2021-02-11,VZ,-0.004449904,-0.0022313595,0.017167449
2021-02-11,WMT,-0.015891433,0.00081849098,-0.005166471
2021-02-12,AAPL,-0.029142678,0.0053517818,0.0083502531
2021-02-12,AMGN,-0.03100884,0.024889469,0.010119915
2021-02-12,CRM,0.01961267,-0.0077716708,-0.01167357
2021-02-12,CSCO,-0.01176852,-0.0093993545,0.010112047
2021-02-12,IBM,0.028845668,0.010988593,-0.019580662
2021-02-12,INTC,-0.0092864037,0.0061626434,-0.011356592
2021-02-12,MSFT,-0.036224544,0.011824012,-0.019715488
2021-02-12,NKE,0.0060549974,0.012647867,-0.012063503
2021-02-12,VZ,0.0015454292,0.01858449,-0.0022569299
2021-02-12,WMT,0.0013446808,0.00034737587,-0.013038993
2021-02-16,AAPL,0.034105897,0.0019284487,-0.0077695251
2021-02-16,AMGN,-0.02117902,0.011603951,-0.0052274466
2021-02-16,CRM,-0.032975912,0.020462871,-0.024564683
2021-02-16,CSCO,-0.027337909,0.012699246,-0.015498638
2021-02-16,IBM,-0.0027989149,0.011768341,-0.009962976
2021-02-16,INTC,0.0052706003,0.0036416054,-0.020931065
2021-02-16,MSFT,0.00032734871,0.0058186054,-7.3313713e-06
2021-02-16,NKE,-0.019572198,-0.013776898,-0.0053403378
2021-02-16,VZ,-0.015029013,0.0027933121,-0.013060451
2021-02-16,WMT,-0.0027182698,0.013544798,-0.0040435791
2021-02-17,AAPL,-0.02791363,0.0094338655,-0.0050986409
2021-02-17,AMGN,-0.019989014,-0.0039993525,-0.021031559
2021-02-17,CRM,0.0050684214,0.01491046,-0.015221059
2021-02-17,CSCO,-0.00012475252,0.0049436092,-0.014739275
2021-02-17,IBM,-0.0030350089,0.014342546,-0.015359938
2021-02-17,INTC,0.045667648,0.010498643,0.022610903
2021-02-17,MSFT,0.031015396,0.0097488165,-0.010732174
2021-02-17,NKE,-0.018730581,-0.023869395,-0.015158713
2021-02-17,VZ,0.0038456917,0.0093638897,-0.0047554374
2021-02-17,WMT,-0.020562589,0.018971801,-0.0051306486
2021-02-18,AAPL,-0.0064870715,-0.0066326261,0.00081479549
2021-02-18,AMGN,0.030185342,0.028015852,-0.013297737
2021-02-18,CRM,-0.025527358,-0.00066006184,0.0046010017
2021-02-18,CSCO,0.01351881,0.0075019598,0.0051054955
2021-02-18,IBM,-0.013067603,0.013647437,-0.0099958777
2021-02-18,INTC,0.010769248,0.03395927,-0.0095050335
2021-02-18,MSFT,-0.0055837035,0.011253834,-0.021808267
2021-02-18,NKE,-0.014044702,0.0082021952,-0.013867557
2021-02-18,VZ,-0.0055574179,-0.00049418211,0.008810997
2021-02-18,WMT,-0.0063475966,-0.0049557686,-0.013966203
2021-02-19,AAPL,0.0014711618,0.009532094,-0.015721023
2021-02-19,AMGN,0.010622263,0.0090020895,-0.008795917
2021-02-19,CRM,-0.0017900467,0.028416038,-0.02254194
2021-02-19,CSCO,0.0020660162,0.011806965,-0.0093621016
2021-02-19,IBM,0.0031642914,0.010838747,-0.0045477152
2021-02-19,INTC,0.010193825,0.00015115738,-0.0010501146
2021-02-19,MSFT,-0.018596113,0.014363885,-0.033211768
2021-02-19,NKE,-0.013917685,0.0055780411,-0.012583077
2021-02-19,VZ,0.0050371885,0.0064772367,-0.0075985193
2021-02-19,WMT,-0.010029733,0.00796628,-0.0077626109
2021-02-22,AAPL,-0.0098099113,0.022456884,-0.00053185225
2021-02-22,AMGN,0.0028386116,-0.0096306801,-0.012044311
2021-02-22,CRM,-0.035411954,0.0018321276,-0.025200903
2021-02-22,CSCO,0.028726459,0.009185791,-0.017435014
2021-02-22,IBM,-0.021623671,0.017911673,0.00054228306
2021-02-22,INTC,0.025614381,0.0050543547,-0.013417065
2021-02-22,MSFT,0.02502358,0.012497306,0.0033401251
2021-02-22,NKE,-0.0068784356,0.015711546,0.011177897
2021-02-22,VZ,-0.0069696903,0.0063534975,-0.014183939
2021-02-22,WMT,-0.014116466,0.00079298019,-0.0082588792
2021-02-23,AAPL,-0.03210634,-0.0083038807,0.0030449629
2021-02-23,AMGN,0.002256155,0.0065925121,-0.011928916
2021-02-23,CRM,0.013090968,-0.0029912591,0.0096954107
2021-02-23,CSCO,1.0490417e-05,-0.0022905469,-0.01273638
2021-02-23,IBM,0.0016497374,0.0080418587,-0.020211816
2021-02-23,INTC,0.020813704,-0.014770985,-0.026937842
2021-02-23,MSFT,0.0084313154,0.030457616,-0.0094991326
2021-02-23,NKE,0.0032886267,0.0030217171,-0.0043793321
2021-02-23,VZ,-0.021053314,0.0052466393,-0.0041472316
2021-02-23,WMT,-0.017963827,0.0087562799,-0.0037177801
2021-02-24,AAPL,0.012944221,0.015060544,-0.021060884
2021-02-24,AMGN,0.002530694,0.027487636,-0.00906986
2021-02-24,CRM,0.022336841,-0.0040493011,0.00069713593
2021-02-24,CSCO,0.0064165592,0.0022352934,-0.007529974
2021-02-24,IBM,0.0026032925,-0.0036135912,-0.0038104057
2021-02-24,INTC,0.0023733377,0.013331175,-0.011244833
2021-02-24,MSFT,-0.041628122,0.0033154488,-0.013497055
2021-02-24,NKE,-0.01076591,-0.0041894317,-0.0017055273
2021-02-24,VZ,7.6889992e-05,0.010426164,0.0013815165
2021-02-24,WMT,-0.0037765503,0.0070642233,0.0070831776
2021-02-25,AAPL,0.025812507,0.011092305,-0.021905959
2021-02-25,AMGN,0.012588978,0.018412948,-0.003718257
2021-02-25,CRM,-0.03026855,0.029233813,-0.040823936
2021-02-25,CSCO,-0.01025933,0.016627312,-0.012629986
2021-02-25,IBM,0.011001825,0.0045704842,-0.00483042
2021-02-25,INTC,-0.021306574,0.022255421,-0.004488349
2021-02-25,MSFT,0.025717378,-0.015546799,-0.013176143
2021-02-25,NKE,-0.0017123222,0.0020494461,-0.0057715774
2021-02-25,VZ,4.4226646e-05,0.015823126,-0.008099854
2021-02-25,WMT,-0.0018284321,0.013501763,-0.016895711
2021-02-26,AAPL,-0.0062195063,0.025465965,-0.025430977
2021-02-26,AMGN,-0.0088301301,0.01575613,-0.0025308728
2021-02-26,CRM,0.026495218,-0.0090664029,0.011172652
2021-02-26,CSCO,0.018826485,0.0022866726,-0.021189392
2021-02-26,IBM,0.024434566,0.038939953,0.0060687065
2021-02-26,INTC,-0.020427108,-0.019106925,-0.0052340031
2021-02-26,MSFT,0.015290141,0.014102221,-0.0046308637
2021-02-26,NKE,-0.036683679,0.011765361,-0.01343137
2021-02-26,VZ,-0.012797475,0.0097613335,-0.017490327
2021-02-26,WMT,-0.012877524,0.01141417,0.003847599
2021-03-01,AAPL,-0.0023365617,0.0063892603,-0.0039594173
2021-03-01,AMGN,-0.017323852,0.0057035685,-0.014003217
2021-03-01,CRM,-0.026673615,0.0058416128,-0.017299056
2021-03-01,CSCO,-0.037941992,0.03039062,-0.022429347
2021-03-01,IBM,-0.011008084,0.00035524368,-0.00064748526
2021-03-01,INTC,0.024932146,0.0067296028,-0.0052719712
2021-03-01,MSFT,0.011296391,0.0049473047,-0.014247656
2021-03-01,NKE,0.016068935,0.016975999,-0.033129454
2021-03-01,VZ,-0.025717258,0.0070738792,0.0037922859
2021-03-01,WMT,0.0054497719,0.0097512007,-0.015381575
2021-03-02,AAPL,0.0091582537,0.0029166937,-0.020581603
2021-03-02,AMGN,-0.014812708,0.019103408,0.00091814995
2021-03-02,CRM,0.026550651,0.0071773529,-0.012710631
2021-03-02,CSCO,-0.016061366,0.023426056,-0.0076778531
2021-03-02,IBM,-0.0055807233,0.0052778721,0.00049483776
2021-03-02,INTC,-0.012098312,0.024369955,-0.015415788
2021-03-02,MSFT,-0.0022032261,0.0027246475,-0.019116223
2021-03-02,NKE,-0.014458895,-0.0016553998,-0.030111074
2021-03-02,VZ,-0.0084379315,-0.0059913993,-0.0025146604
2021-03-02,WMT,-0.015269756,0.011592984,-0.010882735
2021-03-03,AAPL,-0.032410979,0.025321007,-0.011942625
2021-03-03,AMGN,0.0023251772,0.016133666,-0.010817945
2021-03-03,CRM,-0.01617533,0.030489802,-0.047445774
2021-03-03,CSCO,-0.012182713,0.023014426,-0.0027963519
2021-03-03,IBM,0.0020399094,0.017584682,0.0016663074
2021-03-03,INTC,0.01406014,0.014983416,-0.010525167
2021-03-03,MSFT,-0.017918468,0.0037949085,-0.0019074082
2021-03-03,NKE,0.01651752,0.021289349,-0.0087357163
2021-03-03,VZ,-0.021502495,0.0073877573,-0.020707071
2021-03-03,WMT,-0.018612683,0.0075678825,-0.0046136975
2021-03-04,AAPL,0.032971978,0.015923619,-0.009296
2021-03-04,AMGN,0.0039747953,0.022214413,0.013922572
2021-03-04,CRM,0.004881978,0.0035847425,-0.0101614
2021-03-04,CSCO,-0.015381753,0.0059728622,-0.0063984394
2021-03-04,IBM,0.00046932697,0.015941858,-0.0081382394
2021-03-04,INTC,-0.017420232,0.013261199,-0.025886476
2021-03-04,MSFT,-0.0037432909,0.01950562,-0.0065490603
2021-03-04,NKE,-0.00084841251,0.0068143606,-0.014220774
2021-03-04,VZ,0.0010775328,0.013560772,-0.0093276501
2021-03-04,WMT,-0.022784114,0.012661219,0.0055936575
2021-03-05,AAPL,0.0035963058,0.012998343,-0.013359964
2021-03-05,AMGN,0.011451602,0.025342345,-0.0084189773
2021-03-05,CRM,0.0036189556,0.0084944963,-0.024248242
2021-03-05,CSCO,0.013554454,0.0047867298,-0.0081268549
2021-03-05,IBM,0.015161753,-0.0025826693,-0.0067360997
2021-03-05,INTC,-0.011633039,0.017680287,-0.017988324
2021-03-05,MSFT,-0.0093506575,0.014810801,-0.015102327
2021-03-05,NKE,0.029370546,-0.0050722361,0.00062656403
2021-03-05,VZ,0.02223289,0.01712656,-0.01079911
2021-03-05,WMT,-0.029907823,0.012196183,0.0081651211
2021-03-08,AAPL,-0.008867681,0.031928897,-0.0077185035
2021-03-08,AMGN,-0.029348969,0.026509881,-0.01379925
2021-03-08,CRM,-0.016040146,0.033151507,0.019830823
2021-03-08,CSCO,0.012524843,-0.0030032396,-0.01496315
2021-03-08,IBM,0.0011848211,0.010480285,-0.0030733943
2021-03-08,INTC,0.017347455,0.005962491,-0.019988477
2021-03-08,MSFT,-0.0019408464,-0.00045454502,-0.01818949
2021-03-08,NKE,0.022715211,0.016144633,-0.0048955679
2021-03-08,VZ,0.0053867102,-0.00079381466,-0.0078088045
2021-03-08,WMT,-0.032889783,0.0030399561,-0.0022701621
2021-03-09,AAPL,-0.018509984,-0.0034618378,-0.021325648
2021-03-09,AMGN,-0.0078215599,0.027283549,-0.00077700615
2021-03-09,CRM,0.057092071,0.0090352297,-0.008390069
2021-03-09,CSCO,0.0032806396,0.0089550018,-0.014726579
2021-03-09,IBM,-0.003100276,0.0044820309,-0.020594656
2021-03-09,INTC,-0.015363634,0.035193443,-0.018127441
2021-03-09,MSFT,-0.02805078,0.015860558,-0.013877928
2021-03-09,NKE,0.0061773062,0.027693629,-0.012576938
2021-03-09,VZ,-0.0048597455,0.0055125952,-0.0019994378
2021-03-09,WMT,-0.0068952441,0.0056577921,0.0030242205
2021-03-10,AAPL,0.022465348,0.007520318,-0.017789781
2021-03-10,AMGN,0.018173218,0.021367073,-0.013405025
2021-03-10,CRM,0.037178993,0.024582148,-0.0020471215
2021-03-10,CSCO,-0.00776124,0.02113843,-0.01311326
2021-03-10,IBM,-0.0047413707,0.011113405,0.0072532892
2021-03-10,INTC,-0.014215887,0.0024508238,0.019261479
2021-03-10,MSFT,0.019520879,0.02952826,2.2411346e-05
2021-03-10,NKE,-0.0064972639,0.0060018301,0.0091687441
2021-03-10,VZ,-0.010091364,0.0086143017,-0.0080701113
2021-03-10,WMT,0.0047892332,-0.0010365248,-0.02082175
2021-03-11,AAPL,-0.029308617,0.010754824,-0.0030889511
2021-03-11,AMGN,0.007724762,0.0071502924,-0.011856854
2021-03-11,CRM,-0.018462121,0.0014663935,-0.016441464
2021-03-11,CSCO,0.011147857,1.7762184e-05,-0.01158756
2021-03-11,IBM,0.0042381287,0.0066800117,-0.020308673
2021-03-11,INTC,-0.0016664267,0.019600749,-0.0076217055
2021-03-11,MSFT,-0.012922704,0.022100568,-0.011263311
2021-03-11,NKE,0.01325047,-0.0029414296,0.0025801659
2021-03-11,VZ,0.0076076984,0.00953269,-0.0027870536
2021-03-11,WMT,-0.013087034,0.0083174706,-0.016373634
2021-03-12,AAPL,0.049811959,-0.017255366,-0.032682538
2021-03-12,AMGN,-0.032919586,0.023451209,-0.02187115
2021-03-12,CRM,0.021606207,0.014696121,-0.017175674
2021-03-12,CSCO,-0.012512565,0.021736383,-0.0017252564
2021-03-12,IBM,-0.026552916,0.0026547909,-0.016532898
2021-03-12,INTC,0.0023212433,0.0013152361,-0.012384534
2021-03-12,MSFT,-0.018157423,0.024035096,-0.026114941
2021-03-12,NKE,-0.014676094,0.017523527,-0.0070880055
2021-03-12,VZ,-0.0061854124,0.0050975084,-0.0030795932
2021-03-12,WMT,-0.0078691244,0.010399461,-0.0081778765
2021-03-15,AAPL,0.022139788,0.010881782,-0.010076821
2021-03-15,AMGN,0.00045740604,0.0018472672,-0.020130873
2021-03-15,CRM,0.002718091,0.012708902,-0.028240502
2021-03-15,CSCO,-0.014241278,0.0065134764,-0.019283295
2021-03-15,IBM,-0.017976165,0.009947896,-0.0096882582
2021-03-15,INTC,-0.0092446208,0.017905235,-0.0071175694
2021-03-15,MSFT,-0.0045129061,0.013607502,-0.0074794292
2021-03-15,NKE,-0.031924844,0.0055351257,0.023941278
2021-03-15,VZ,0.016125441,-0.012056649,-0.013792276
2021-03-15,WMT,0.0038818121,0.023023367,-0.0020142794
2021-03-16,AAPL,0.0034170151,0.01269269,-0.001386404
2021-03-16,AMGN,-0.033680379,0.0065641403,-0.010662675
2021-03-16,CRM,-0.018453121,0.015662551,0.0018036366
2021-03-16,CSCO,-0.01669842,0.026141167,-0.0083005428
2021-03-16,IBM,-0.0088371634,0.0028787851,-0.016429186
2021-03-16,INTC,-0.0034623146,0.010106325,-0.025148988
2021-03-16,MSFT,-0.0045922399,0.010944128,-0.0078330636
2021-03-16,NKE,-0.0060144067,0.0065943003,-0.0059595704
2021-03-16,VZ,0.0028231144,0.0083370209,0.0041258335
2021-03-16,WMT,0.0057020187,0.011084199,-0.01691854
2021-03-17,AAPL,0.025841355,0.019487381,-0.0084270835
2021-03-17,AMGN,-0.0067179799,-0.0060808063,-0.0089968443
2021-03-17,CRM,0.029296875,-0.0028409958,-0.021359086
2021-03-17,CSCO,-0.015631735,0.012157083,-0.017052412
2021-03-17,IBM,-0.024997115,0.00056052208,-0.00088858604
2021-03-17,INTC,0.003734231,-0.012528837,-0.0062322021
2021-03-17,MSFT,-0.036675751,0.0017473698,-0.010328054
2021-03-17,NKE,-0.0025939345,0.011520743,-0.013797343
2021-03-17,VZ,0.0053435564,0.0049618483,-0.0079987645
2021-03-17,WMT,-0.016561449,0.010779142,-0.011978745
2021-03-18,AAPL,-0.0022094846,0.019147873,-0.019998848
2021-03-18,AMGN,-0.015829086,0.014874578,-0.021428764
2021-03-18,CRM,-0.021143258,0.0058113337,-0.036878884
2021-03-18,CSCO,0.0060571432,0.012986183,-0.009182632
2021-03-18,IBM,0.00095415115,0.005527854,-0.022018433
2021-03-18,INTC,-0.034481168,0.014039636,-0.015752077
2021-03-18,MSFT,-0.013543725,-0.0038770437,0.010726213
2021-03-18,NKE,0.011387825,0.016523957,0.0083434582
2021-03-18,VZ,0.010705471,0.01025188,-0.0033720136
2021-03-18,WMT,0.012807965,0.014245629,-0.0050728917
2021-03-19,AAPL,0.038972259,-0.0053721666,-0.022250533
2021-03-19,AMGN,-0.011314034,0.013555288,0.0017180443
2021-03-19,CRM,-0.045946121,0.0047420263,0.0036677122
2021-03-19,CSCO,0.0011402369,0.022284865,-0.013989091
2021-03-19,IBM,-0.030753911,-0.0028274655,-0.0036188364
2021-03-19,INTC,0.013260722,0.0097793341,-0.020552874
2021-03-19,MSFT,-0.015989959,0.0027337074,-0.00059193373
2021-03-19,NKE,-0.0096567869,-0.00053656101,-0.015627205
2021-03-19,VZ,-0.0073629022,0.012228966,0.00040912628
2021-03-19,WMT,0.0078629255,0.0086272955,-0.012100935
2021-03-22,AAPL,0.037384033,0.013871193,-0.012131691
2021-03-22,AMGN,-0.008226335,0.026394963,-0.018784165
2021-03-22,CRM,-0.022373497,0.025640011,-0.011471212
2021-03-22,CSCO,0.011565447,0.0075016022,-0.0087146163
2021-03-22,IBM,-0.017935276,0.022645831,-0.0043469667
2021-03-22,INTC,-0.013846576,-0.0062332749,-0.0062758327
2021-03-22,MSFT,0.017048597,0.011183858,-0.0058947206
2021-03-22,NKE,0.0073722601,0.015325546,0.0098592043
2021-03-22,VZ,-0.014396071,0.011998296,-0.0034953356
2021-03-22,WMT,-0.00041735172,0.013824344,-0.010705113
2021-03-23,AAPL,-0.0014165044,0.019943953,-0.0076801777
2021-03-23,AMGN,-0.010513067,0.020418286,-0.033706546
2021-03-23,CRM,0.014475107,-0.0029916763,-0.010662556
2021-03-23,CSCO,-0.014740407,0.015203714,-0.0029485822
2021-03-23,IBM,-0.0062556863,0.012385011,-0.010303497
2021-03-23,INTC,0.0043667555,0.011657596,-0.0037966967
2021-03-23,MSFT,0.002423048,0.0067694187,-0.011137843
2021-03-23,NKE,0.019673944,0.009842515,-0.017923951
2021-03-23,VZ,0.0075259209,0.0026253462,-0.003023684
2021-03-23,WMT,-0.0063713193,0.0048846006,-0.013451695
2021-03-24,AAPL,0.014356017,0.0036201477,-0.0069613457
2021-03-24,AMGN,-0.016094506,0.015507936,-0.010084331
2021-03-24,CRM,-0.011131108,0.0413903,-0.020684004
2021-03-24,CSCO,0.0064617395,0.00045955181,-0.018128097
2021-03-24,IBM,0.0097175837,-0.00055539608,-0.0084928274
2021-03-24,INTC,-0.015430629,-0.0071026683,-0.025181711
2021-03-24,MSFT,0.021646738,-0.013853073,0.00079929829
2021-03-24,NKE,-0.0084705949,0.013261914,-0.013969004
2021-03-24,VZ,-0.0077954531,0.014859438,0.0097488165
2021-03-24,WMT,-0.0067212582,0.014895558,-0.0094133615
2021-03-25,AAPL,0.0093066692,0.0089894533,0.0089831352
2021-03-25,AMGN,-0.015429974,0.017614365,-0.012319803
2021-03-25,CRM,-0.027701318,0.028081656,0.0045779943
2021-03-25,CSCO,0.027785301,0.0053641796,-0.0023465157
2021-03-25,IBM,-0.0031836033,0.0051598549,-0.0069416165
2021-03-25,INTC,-0.017710924,0.0043767691,-0.02524358
2021-03-25,MSFT,-0.018796861,0.0069508553,0.00029087067
2021-03-25,NKE,-0.0046924353,0.010001779,-0.0077523589
2021-03-25,VZ,-0.0077363253,0.0051267147,-0.011822999
2021-03-25,WMT,-0.0028555989,0.0078543425,-0.0093469024
2021-03-26,AAPL,-0.036265373,0.021634221,-0.011301398
2021-03-26,AMGN,-0.020568728,0.022042394,-0.012501657
2021-03-26,CRM,0.029888511,0.013456702,-0.016538203
2021-03-26,CSCO,0.0032991171,0.0080263615,-0.012464404
2021-03-26,IBM,0.0001680851,0.013970494,-0.0091778636
2021-03-26,INTC,0.021757603,0.0043230057,-0.0077357292
2021-03-26,MSFT,0.0022821426,-0.0008520484,-0.0010136366
2021-03-26,NKE,-0.0068340302,0.034651399,-0.020184815
2021-03-26,VZ,-0.01170373,0.018165827,-0.021026313
2021-03-26,WMT,-0.015022516,0.0082930326,-0.011482298
2021-03-29,AAPL,-0.017028213,0.030895114,0.0018755198
2021-03-29,AMGN,0.0034009218,0.0078663826,0.01021719
2021-03-29,CRM,-0.0014225841,0.0097205639,0.01406908
2021-03-29,CSCO,0.0047687292,0.013565898,-0.012239337
2021-03-29,IBM,-0.015609324,0.021702528,0.0013936758
2021-03-29,INTC,-0.011745393,0.0033551455,-0.018657625
2021-03-29,MSFT,-0.00085908175,0.011952281,-0.014666915
2021-03-29,NKE,-0.015455067,0.0034655333,-0.011156321
2021-03-29,VZ,-0.0048998594,-0.007678628,-0.0083174109
2021-03-29,WMT,0.020416141,0.0083507299,-0.016737819
2021-03-30,AAPL,-0.028803825,0.00814116,-0.018835723
2021-03-30,AMGN,0.0022050142,0.01462698,-0.013368249
2021-03-30,CRM,-0.034925222,-0.010695934,0.0051178932
2021-03-30,CSCO,0.0093128681,0.015559316,0.002933979
2021-03-30,IBM,0.019995093,0.012396574,-0.00094032288
2021-03-30,INTC,-0.010501921,0.02080214,-0.0032405257
2021-03-30,MSFT,-0.024930537,0.011853695,-0.0030518174
2021-03-30,NKE,0.023714781,0.0061763525,0.005510211
2021-03-30,VZ,-0.037459075,0.011663795,0.012620926
2021-03-30,WMT,0.0034329891,0.005969882,-0.014617443
2021-03-31,AAPL,0.053322077,0.020941973,-0.014746606
2021-03-31,AMGN,-0.0061810017,0.010776401,0.0010633469
2021-03-31,CRM,-0.0037299395,-0.01286608,-0.0092213154
2021-03-31,CSCO,-0.015893877,0.015000343,-0.010202527
2021-03-31,IBM,-0.013446867,0.018553138,0.0030033588
2021-03-31,INTC,-0.042316556,0.011806011,-0.023018539
2021-03-31,MSFT,-0.015218854,0.016167164,-0.0049403906
2021-03-31,NKE,-0.01892221,0.012105942,-0.018221498
2021-03-31,VZ,-0.025306344,0.0032185316,-0.0080448389
2021-03-31,WMT,0.0062921047,0.0041482449,0.0017145872
2021-04-01,AAPL,-0.017658472,0.011427283,-0.00097900629
2021-04-01,AMGN,-0.012054086,0.017048836,-0.023880303
2021-04-01,CRM,-0.024029255,0.022565365,-0.030135989
2021-04-01,CSCO,-0.016841888,0.00081562996,0.0032880306
2021-04-01,IBM,-0.01036936,0.0051056147,-0.01693064
2021-04-01,INTC,-0.0064725876,0.014402866,-0.032887757
2021-04-01,MSFT,0.0073442459,0.0006929636,-0.017464042
2021-04-01,NKE,-0.0029861331,0.0094261169,0.0057259798
2021-04-01,VZ,0.0033999681,0.0054408312,-0.0058963299
2021-04-01,WMT,-0.019414067,0.023297668,-0.0061560869
2021-04-05,AAPL,0.023117661,0.014932275,-0.0013381839
2021-04-05,AMGN,-0.0067887306,0.0048924685,-0.02210933
2021-04-05,CRM,-0.057251573,0.0078275204,-0.021357477
2021-04-05,CSCO,0.014164567,0.0047261715,-0.0082605481
2021-04-05,IBM,-0.026315153,0.013479114,-0.00035512447
2021-04-05,INTC,-0.015656948,-0.002430439,-0.019177079
2021-04-05,MSFT,-0.00075805187,0.011036038,-0.016536653
2021-04-05,NKE,0.0071402788,-0.0022287369,-0.022156656
2021-04-05,VZ,-0.0027766824,0.0042967796,-0.0091224909
2021-04-05,WMT,-0.0043926239,0.014860749,-0.0030792356
2021-04-06,AAPL,0.0020395517,0.0006916523,-0.01953119
2021-04-06,AMGN,-0.0079500675,0.0074054003,-0.0098252892
2021-04-06,CRM,-0.0047221184,0.018630624,-0.011922419
2021-04-06,CSCO,0.0052601099,0.0015721321,-0.0019479394
2021-04-06,IBM,0.025998592,0.01971221,-0.018234313
2021-04-06,INTC,-0.011725426,0.015532374,-0.0084913373
2021-04-06,MSFT,0.0041288137,0.01469028,0.0028318167
2021-04-06,NKE,-0.0026956797,0.0059499741,-0.002487123
2021-04-06,VZ,-0.033596456,0.0006865263,-0.00018441677
2021-04-06,WMT,-0.013837218,0.012026668,-0.019525528
2021-04-07,AAPL,0.0043460131,0.0056593418,-0.021951139
2021-04-07,AMGN,0.000908494,0.0077683926,-0.019006908
2021-04-07,CRM,0.019417286,0.035587549,0.044191122
2021-04-07,CSCO,0.0012387037,-0.013191104,-0.015582621
2021-04-07,IBM,-0.0047818422,0.014628768,0.012140155
2021-04-07,INTC,0.007419467,0.0051634312,-0.0036766529
2021-04-07,MSFT,0.0025324821,-0.0059263706,-0.0017991066
2021-04-07,NKE,-0.036325932,0.022391438,-0.017195344
2021-04-07,VZ,-0.0065292716,0.013816953,-0.005179882
2021-04-07,WMT,-0.016134501,0.0042299032,-0.0079853535
2021-04-08,AAPL,0.011507034,0.019175172,-0.00080502033
2021-04-08,AMGN,-0.012131274,0.014889002,-0.0075250864
2021-04-08,CRM,0.03457725,0.029309154,-0.050606251
2021-04-08,CSCO,0.0012142658,0.00077784061,0.00012159348
2021-04-08,IBM,0.0064736605,0.019068718,-0.008564055
2021-04-08,INTC,-0.0065982938,0.015257359,-0.0084621906
2021-04-08,MSFT,-0.019937038,0.019341469,-0.023931921
2021-04-08,NKE,0.002595067,-0.014975369,-0.0043579936
2021-04-08,VZ,-0.0010724664,0.0090572834,0.0061347485
2021-04-08,WMT,-0.01549679,0.0010415316,-0.013887584
2021-04-09,AAPL,-0.009912014,0.0086630583,-0.039685488
2021-04-09,AMGN,-0.029655218,0.023799658,-0.00085157156
2021-04-09,CRM,-0.0021237731,-0.011422455,0.0044345856
2021-04-09,CSCO,0.0010752678,0.012129068,-0.013863146
2021-04-09,IBM,-0.0088824034,0.0050412416,0.00090682507
2021-04-09,INTC,-0.0068452954,0.00070631504,-0.030607998
2021-04-09,MSFT,-0.0096995234,0.022379279,-0.019547582
2021-04-09,NKE,-0.01890099,-0.0086066127,-0.013566673
2021-04-09,VZ,0.019880891,0.0051605701,0.0020502806
2021-04-09,WMT,0.00051641464,0.0093214512,-0.00112921
2021-04-12,AAPL,0.017043948,0.024326682,-0.011296153
2021-04-12,AMGN,0.00022113323,0.01992166,-0.013668239
2021-04-12,CRM,0.034065843,0.036761165,-0.022315919
2021-04-12,CSCO,0.030768871,0.016365767,0.0060828924
2021-04-12,IBM,-0.0092994571,0.0069589615,-0.01227957
2021-04-12,INTC,-0.00059050322,0.00013554096,-0.02129817
2021-04-12,MSFT,0.019300103,-0.0083447695,0.022203803
2021-04-12,NKE,0.021211028,0.016172767,-0.015562356
2021-04-12,VZ,-0.008769691,-0.0036840439,0.0048391819
2021-04-12,WMT,0.0078036785,0.0085493326,-0.0036274195
2021-04-13,AAPL,-0.022906005,0.02989924,-0.030872643
2021-04-13,AMGN,0.031554222,0.019499183,-0.016895533
2021-04-13,CRM,0.033593655,0.0056562424,0.0034785271
2021-04-13,CSCO,0.021655321,-0.011846364,-0.011174977
2021-04-13,IBM,-0.016198754,0.009190321,-0.00020718575
2021-04-13,INTC,-0.014089048,0.009698987,-0.017835677
2021-04-13,MSFT,-0.0079623461,0.0092885494,-0.011509299
2021-04-13,NKE,-0.0072078705,0.0051248074,-0.0088070631
2021-04-13,VZ,0.0061898232,0.008559823,-0.0070239902
2021-04-13,WMT,-0.023154318,0.021956086,0.0055454969
2021-04-14,AAPL,-0.019850373,0.010330081,-0.028924465
2021-04-14,AMGN,-0.030657947,0.024263024,-0.020935357
2021-04-14,CRM,0.018890023,0.027968168,-0.070571125
2021-04-14,CSCO,0.0081449747,0.022128701,-0.0040293336
2021-04-14,IBM,-0.0020582676,0.0096598864,-0.026616871
2021-04-14,INTC,0.02567184,0.0053915977,0.0053590536
2021-04-14,MSFT,0.013863683,0.014216423,-0.0062732697
2021-04-14,NKE,-0.032965183,0.006270051,-0.011877
2021-04-14,VZ,0.017582059,0.021534085,-0.023984551
2021-04-14,WMT,0.0076316595,0.012557149,-0.007941246
2021-04-15,AAPL,-0.044682443,0.027956843,-0.0032964349
2021-04-15,AMGN,-0.001131773,0.011147857,-0.013393104
2021-04-15,CRM,-0.012453198,-0.0073292255,-0.027578771
2021-04-15,CSCO,0.0067132711,0.0075196028,-0.024870753
2021-04-15,IBM,-4.0531158e-06,0.0067988634,-0.0054088831
2021-04-15,INTC,0.027534485,0.022316456,-0.0028277636
2021-04-15,MSFT,-0.005223453,-0.0038178563,-0.0062353611
2021-04-15,NKE,-0.026561975,0.011919379,-0.022625327
2021-04-15,VZ,0.0036233664,0.016567707,-0.010414898
2021-04-15,WMT,-0.012716174,0.0033494234,-0.01574266
2021-04-16,AAPL,-0.007976234,0.01362884,-0.026646793
2021-04-16,AMGN,-0.0091405511,0.021222949,-0.018779933
2021-04-16,CRM,0.021020412,0.015340328,0.00036001205
2021-04-16,CSCO,-0.028699875,0.0021888018,-0.016298831
2021-04-16,IBM,-0.011210144,0.014239788,-0.022247553
2021-04-16,INTC,-0.0066956282,0.017210484,-0.0070363879
2021-04-16,MSFT,-0.031169653,0.0025155544,-0.012944996
2021-04-16,NKE,0.01585722,0.013434291,-0.0024086833
2021-04-16,VZ,0.019486427,0.0083220005,-0.016102195
2021-04-16,WMT,-0.021844804,-0.0051730275,-0.019208014
2021-04-19,AAPL,-0.0069927573,-0.011636078,0.0010858774
2021-04-19,AMGN,-0.0026302338,0.017218947,-0.0016024709
2021-04-19,CRM,0.0041801929,0.045807004,-0.0039079189
2021-04-19,CSCO,-0.024974942,-0.0024837255,-0.0075656176
2021-04-19,IBM,-0.035945117,0.0059332848,-0.021861672
2021-04-19,INTC,0.00061833858,0.010905623,-0.0036452413
2021-04-19,MSFT,0.0077425241,0.015158296,-0.0091253519
2021-04-19,NKE,0.036633611,-0.0031380653,-0.0022562742
2021-04-19,VZ,-0.012538195,0.011385918,-0.0087962151
2021-04-19,WMT,0.009568572,0.0030268431,-0.015639961
2021-04-20,AAPL,-0.0025161505,0.015152812,-0.022035778
2021-04-20,AMGN,0.0089359283,0.011858702,-0.033591688
2021-04-20,CRM,-0.0080089569,0.011422276,-0.037227571
2021-04-20,CSCO,-0.026458502,-0.0057048202,0.0079948902
2021-04-20,IBM,-0.00069993734,0.0125525,-0.0022951961
2021-04-20,INTC,-0.0046032667,0.014965177,-0.002127409
2021-04-20,MSFT,0.014695764,0.008159399,-0.024203479
2021-04-20,NKE,-0.018406451,0.019369364,-0.023453057
2021-04-20,VZ,-0.018597484,0.013054252,-0.0066151023
2021-04-20,WMT,-0.0014390349,-0.010921001,-0.00049096346
2021-04-21,AAPL,-0.011048496,0.016513944,-0.016869962
2021-04-21,AMGN,-0.0022636652,0.016494989,-0.01118654
2021-04-21,CRM,0.022103071,0.010417342,-0.028476179
2021-04-21,CSCO,0.002850771,0.016526461,-0.02356267
2021-04-21,IBM,0.00031304359,-0.0091218352,-0.0093848705
2021-04-21,INTC,-0.037024736,0.00070405006,-0.0095049739
2021-04-21,MSFT,0.023351669,0.020310402,-0.0086994767
2021-04-21,NKE,-0.0061917305,-0.012223482,-0.0040935278
2021-04-21,VZ,-0.014892995,0.011178613,-0.020941257
2021-04-21,WMT,-0.010977685,0.0046335459,0.013160586
2021-04-22,AAPL,-0.011270285,0.0053714514,-0.0046514869
2021-04-22,AMGN,-0.018649638,0.013484359,-0.0012982488
2021-04-22,CRM,0.033541203,0.010996699,-0.028095365
2021-04-22,CSCO,-0.026874721,0.015459299,-0.006093502
2021-04-22,IBM,-0.0078883171,0.0066392422,-0.01269865
2021-04-22,INTC,-0.022005439,0.012087464,-0.012674987
2021-04-22,MSFT,0.01901257,0.0095382929,-0.027708709
2021-04-22,NKE,0.0085930824,0.0018062592,-0.017470717
2021-04-22,VZ,0.014307857,0.00027394295,-0.0077975392
2021-04-22,WMT,-0.018935025,0.0098816156,-0.010436654
2021-04-23,AAPL,-0.040615082,0.0055992603,-0.03291595
2021-04-23,AMGN,-0.0091852546,0.017401099,-0.00803262
2021-04-23,CRM,0.042325139,0.0046485662,-0.0035008788
2021-04-23,CSCO,-0.020663857,0.0080224276,-0.020914972
2021-04-23,IBM,-0.021036863,0.0029531717,-0.0038372278
2021-04-23,INTC,-0.011701643,-0.012999356,0.0041974783
2021-04-23,MSFT,-0.013033748,-0.0082092285,-0.003354907
2021-04-23,NKE,-0.01419121,0.023691297,-0.0060296059
2021-04-23,VZ,-0.006691277,0.0035840273,-0.020668566
2021-04-23,WMT,-0.014081836,0.0049250126,-0.0019726157
2021-04-26,AAPL,-0.0090281963,0.01650393,-0.012477577
2021-04-26,AMGN,0.014276505,0.018657446,-0.011441827
2021-04-26,CRM,0.0098702908,0.012855172,-0.011094391
2021-04-26,CSCO,0.013660669,0.016439676,0.0039292574
2021-04-26,IBM,-0.011728644,0.007458806,-0.011560738
2021-04-26,INTC,0.0074772835,0.00011861324,-0.01505971
2021-04-26,MSFT,-0.0014837384,0.010797739,-0.0056710839
2021-04-26,NKE,-0.020420849,0.0040112734,0.0019778013
2021-04-26,VZ,0.0080987215,0.0014823675,-0.012619674
2021-04-26,WMT,-0.021508634,0.0057703257,0.0052093267
2021-04-27,AAPL,0.025887012,0.016196132,-0.015876651
2021-04-27,AMGN,-0.031551719,0.0038858652,-0.0028309226
2021-04-27,CRM,-0.011244774,-0.0051861405,-0.023545742
2021-04-27,CSCO,-0.011343062,0.0034475327,0.0090088844
2021-04-27,IBM,0.00013971329,0.015972614,-0.011315584
2021-04-27,INTC,-0.021959066,0.014518619,-0.021651864
2021-04-27,MSFT,0.017438173,0.015483141,-0.022400618
2021-04-27,NKE,-0.021327734,0.009637475,-0.011193037
2021-04-27,VZ,0.0019897223,-0.0025778413,-0.011814415
2021-04-27,WMT,-0.0012413859,0.0047169924,-0.016972244
2021-04-28,AAPL,-0.0081881881,0.032068968,-0.0052348971
2021-04-28,AMGN,0.018225431,0.0063552856,0.0005313158
2021-04-28,CRM,0.019935608,0.03910625,-0.00020456314
2021-04-28,CSCO,0.0047376156,0.0075416565,-0.01276058
2021-04-28,IBM,0.014788032,-0.0022552609,-0.0031143427
2021-04-28,INTC,0.0083547831,0.01225245,-0.0017401576
2021-04-28,MSFT,0.0074076653,0.010125995,-0.022460163
2021-04-28,NKE,0.0054347515,0.017853618,-0.0086438656
2021-04-28,VZ,-0.0090643764,0.0075708628,0.0082485676
2021-04-28,WMT,-0.0042998791,0.015453219,-0.0046110749
2021-04-29,AAPL,0.012309194,0.0018591881,-0.015818894
2021-04-29,AMGN,-0.0032193661,0.0069470406,-0.020689428
2021-04-29,CRM,-0.0078266263,0.0069475174,-0.027198255
2021-04-29,CSCO,0.006824255,0.0075870752,0.0056568384
2021-04-29,IBM,-0.026909173,0.0022076368,-0.0029530525
2021-04-29,INTC,-0.024276972,0.00033771992,0.011827707
2021-04-29,MSFT,-0.045163095,0.018778801,2.6226044e-06
2021-04-29,NKE,-0.015017629,0.041704297,-0.029797494
2021-04-29,VZ,0.011288762,0.0043931007,-0.014605343
2021-04-29,WMT,0.0061365366,0.0075906515,-0.016630113
2021-04-30,AAPL,-0.0030436516,0.020214438,-0.031298339
2021-04-30,AMGN,0.0093554258,0.029406309,-0.015280724
2021-04-30,CRM,-0.026894212,0.006100893,0.0077883005
2021-04-30,CSCO,-0.0060824752,0.0041992664,-0.02871722
2021-04-30,IBM,-0.0045203567,0.0018888712,-0.016113281
2021-04-30,INTC,-0.0022019148,-0.0033084154,-0.011288583
2021-04-30,MSFT,-0.0073658228,-0.0065871477,-0.014335513
2021-04-30,NKE,0.014669418,0.011134505,0.0033409595
2021-04-30,VZ,0.0054033995,0.006024003,-0.0084581375
2021-04-30,WMT,0.0072697401,0.0057574511,-0.017782569
2021-05-03,AAPL,4.7683716e-07,0.016910791,-0.015321314
2021-05-03,AMGN,0.01640749,0.0037603378,0.00062763691
2021-05-03,CRM,0.013166189,0.024977446,-0.032909989
2021-05-03,CSCO,0.017017722,1.001358e-05,0.0079282522
2021-05-03,IBM,0.017355204,0.0018286705,-0.01063174
2021-05-03,INTC,-0.014913023,0.0014497042,-0.019953191
2021-05-03,MSFT,-0.018343449,0.0018924475,-0.018395841
2021-05-03,NKE,0.0065393448,0.021619558,0.0051598549
2021-05-03,VZ,0.013585448,0.023297668,-0.019987106
2021-05-03,WMT,0.001616478,0.0076214075,-0.0023194551
2021-05-04,AAPL,-0.014282882,0.013271809,-0.0037391782
2021-05-04,AMGN,-0.011631429,0.032858014,-0.01711297
2021-05-04,CRM,-0.0025270581,-0.026810586,0.019698024
2021-05-04,CSCO,-0.0098102689,0.0029355288,0.0029814243
2021-05-04,IBM,-0.011802137,0.017481446,-0.0088660717
2021-05-04,INTC,0.029634714,-0.0092183352,0.0020782948
2021-05-04,MSFT,0.010273457,0.0036548376,-0.014099479
2021-05-04,NKE,-0.017866731,0.021732926,-0.0010262728
2021-05-04,VZ,0.0069912672,0.007114768,0.0082092285
2021-05-04,WMT,0.003303051,0.00079321861,0.004770875
2021-05-05,AAPL,-0.013180494,0.0080897808,-0.0053911209
2021-05-05,AMGN,-0.033783257,-0.0097591877,-0.016259909
2021-05-05,CRM,0.005497098,0.033002138,-0.029501975
2021-05-05,CSCO,-0.022496164,0.0048474073,-0.014444232
2021-05-05,IBM,-0.024902701,0.010384321,-0.0097241998
2021-05-05,INTC,-0.0065180063,0.0001758337,-0.015446663
2021-05-05,MSFT,0.019065261,0.0019060373,-0.019016266
2021-05-05,NKE,-0.024749577,0.018125653,-0.0077216625
2021-05-05,VZ,-0.0030011535,0.0059525967,-0.0016531348
2021-05-05,WMT,0.023587346,0.0002810955,-0.0078086853
2021-05-06,AAPL,-0.015979528,0.0054775476,-0.015716016
2021-05-06,AMGN,-0.01049298,0.013242245,-0.010808885
2021-05-06,CRM,-0.014115274,-0.002610445,-0.059065819
2021-05-06,CSCO,-0.013121605,-0.0059021115,-0.019420147
2021-05-06,IBM,0.0037447214,0.0068818331,-0.0013769865
2021-05-06,INTC,-0.007181108,0.017788649,0.016368628
2021-05-06,MSFT,0.051824927,0.012241006,-0.010056853
2021-05-06,NKE,-0.013578892,-0.00070166588,0.01574707
2021-05-06,VZ,0.013889909,0.010300875,0.0053253174
2021-05-06,WMT,0.00028312206,0.020600915,0.00013005733
2021-05-07,AAPL,0.0043083429,0.017390728,-0.011724532
2021-05-07,AMGN,-0.0067095757,0.0064674616,0.009529829
2021-05-07,CRM,-0.011474431,0.017298937,-0.0052284598
2021-05-07,CSCO,-0.0090252757,-0.017160177,-0.0052711368
2021-05-07,IBM,-0.018909335,0.013132334,-0.0052152276
2021-05-07,INTC,0.033852577,0.0062044859,-0.013407171
2021-05-07,MSFT,-0.040248752,0.015614152,-0.011967838
2021-05-07,NKE,-0.0084417462,-0.0065972805,0.0011241436
2021-05-07,VZ,-0.0040223598,0.0094025135,-0.017203748
2021-05-07,WMT,-0.013051331,-0.004123807,-0.0090027452
2021-05-10,AAPL,0.0095119476,0.037893653,0.0035332441
2021-05-10,AMGN,0.017822981,-0.0053725839,-0.00041252375
2021-05-10,CRM,-0.021582901,0.024772286,-0.025551021
2021-05-10,CSCO,-0.0054422617,0.0029990673,-0.0048305988
2021-05-10,IBM,0.0085761547,0.0016238689,0.00012862682
2021-05-10,INTC,-0.016918957,0.02594614,-0.019303977
2021-05-10,MSFT,-0.021766424,0.011900663,-0.0026745796
2021-05-10,NKE,0.00025129318,-0.00051862001,-0.016841352
2021-05-10,VZ,-0.01028949,0.0095760822,-0.0036098957
2021-05-10,WMT,-0.011073828,0.012379289,-0.022145689
2021-05-11,AAPL,-0.00047814846,0.0092049837,-0.002014339
2021-05-11,AMGN,0.019510746,0.02312386,-0.036939979
2021-05-11,CRM,0.020105839,0.0030009747,-0.0017933846
2021-05-11,CSCO,0.023643255,0.018319607,0.0017682314
2021-05-11,IBM,0.00084590912,0.0097244978,-0.016038418
2021-05-11,INTC,-0.020869911,0.0061523914,0.0069739819
2021-05-11,MSFT,-0.0089669228,-0.0083969831,-0.0080349445
2021-05-11,NKE,-0.023403049,0.016616106,-0.0085850358
2021-05-11,VZ,0.013382316,0.010983825,0.0038325787
2021-05-11,WMT,-0.024264216,0.0091375113,-0.014491737
2021-05-12,AAPL,-0.0073195696,0.0087733269,-0.007155776
2021-05-12,AMGN,-0.011364937,0.0035684109,-0.010241628
2021-05-12,CRM,-0.039233685,0.0038888454,-0.01617682
2021-05-12,CSCO,0.0062764883,0.0017431974,-0.0079680085
2021-05-12,IBM,0.027035356,0.0044564009,0.0051906109
2021-05-12,INTC,-0.018914759,0.018411636,-0.010804892
2021-05-12,MSFT,-0.012692094,-0.0064759851,-0.0096771717
2021-05-12,NKE,0.0079091787,-0.0048511624,-0.012085021
2021-05-12,VZ,-0.0018809438,0.0092946291,-0.00062000751
2021-05-12,WMT,-0.030715883,0.0098671913,-0.016647935
2021-05-13,AAPL,-0.019860387,0.0009740591,-0.038841128
2021-05-13,AMGN,0.0099452734,0.0037282705,-0.024932265
2021-05-13,CRM,-0.0047489405,0.00013685226,-0.046373785
2021-05-13,CSCO,-0.027917147,0.0090110302,-0.02989769
2021-05-13,IBM,-0.0045566559,0.026168585,-0.0086516738
2021-05-13,INTC,0.018962026,0.0081186295,-0.010597289
2021-05-13,MSFT,-0.041371942,-0.0012128353,-0.011343896
2021-05-13,NKE,-0.03445375,0.015230536,-0.026501834
2021-05-13,VZ,0.0054398775,0.015954614,-0.015305996
2021-05-13,WMT,-0.017006457,0.020498872,-0.012283087
2021-05-14,AAPL,-0.0074110031,0.00344944,-0.0088707209
2021-05-14,AMGN,-0.016900837,0.019615769,-0.0090537071
2021-05-14,CRM,0.033052683,-0.019574404,-0.01886034
2021-05-14,CSCO,0.030757427,-0.017994404,-0.012999296
2021-05-14,IBM,0.0031565428,0.012015343,-0.0016924739
2021-05-14,INTC,0.033309221,-0.0015599132,-0.0076177716
2021-05-14,MSFT,-0.01172328,0.012144685,-0.024456441
2021-05-14,NKE,-0.022368729,0.023467422,-0.0040612817
2021-05-14,VZ,-0.0062153935,0.0096493959,-0.013119221
2021-05-14,WMT,-0.010341048,0.0067845583,-0.00742203
2021-05-17,AAPL,0.0029211044,0.0049687624,-0.017083406
2021-05-17,AMGN,0.013757586,0.0235008,0.0070496798
2021-05-17,CRM,0.015671611,0.026186109,0.017383099
2021-05-17,CSCO,0.012859821,-0.010992229,-0.013134897
2021-05-17,IBM,0.0022583008,0.0015267134,-0.0079305172
2021-05-17,INTC,-0.0089455843,0.0073640347,-0.025864363
2021-05-17,MSFT,-0.0084351897,0.017943978,-0.005156517
2021-05-17,NKE,0.01652348,0.021545053,0.0013962984
2021-05-17,VZ,0.0042546988,0.017415524,-0.013125181
2021-05-17,WMT,-0.0041915774,-0.004406631,-0.0067474842
2021-05-18,AAPL,-0.0043441653,0.0011115074,-0.016093493
2021-05-18,AMGN,0.0054893494,0.019661784,-0.015439749
2021-05-18,CRM,-0.018482506,0.017840624,-0.0081282258
2021-05-18,CSCO,0.02403605,-0.012499988,-0.011732578
2021-05-18,IBM,-0.0076409578,0.0017809868,-0.016476393
2021-05-18,INTC,-0.0024269223,0.00056290627,-0.010951102
2021-05-18,MSFT,-0.014701545,0.0028795004,-0.0093160272
2021-05-18,NKE,0.025903344,0.0059316158,-0.012312293
2021-05-18,VZ,-0.019993603,0.015066743,0.0050199032
2021-05-18,WMT,0.028680205,0.0076743364,-0.0085747838
2021-05-19,AAPL,-0.0022690892,0.011334062,0.0088815689
2021-05-19,AMGN,0.026903033,0.0089166164,0.0014157295
2021-05-19,CRM,0.058665395,0.0051628351,-0.042323232
2021-05-19,CSCO,-0.014969647,0.0005620718,-0.0093154907
2021-05-19,IBM,0.010493159,0.00435853,-0.0056575537
2021-05-19,INTC,-0.03537631,0.01151228,-0.0024712086
2021-05-19,MSFT,0.0013012886,0.012482882,-0.021809399
2021-05-19,NKE,-0.022295535,0.015003443,-9.3102455e-05
2021-05-19,VZ,0.011513472,0.016095519,-0.0094332099
2021-05-19,WMT,-0.0060537457,0.00040626526,-0.014015555
2021-05-20,AAPL,0.0033558607,0.023626804,-0.013338327
2021-05-20,AMGN,0.0079375505,0.0091027021,-0.020268619
2021-05-20,CRM,0.038156271,0.02127409,-0.0020961761
2021-05-20,CSCO,-0.0077735186,-0.012320936,-0.020304561
2021-05-20,IBM,-0.0022110939,0.0045670271,-0.013754964
2021-05-20,INTC,-0.0025559068,0.014948249,0.010780931
2021-05-20,MSFT,0.0023137331,-0.00074762106,-0.013809621
2021-05-20,NKE,-0.022701025,0.0060309172,-0.020388424
2021-05-20,VZ,-0.013662279,0.0059111118,-0.0063134432
2021-05-20,WMT,0.0068166256,0.017753482,0.0015069246
2021-05-21,AAPL,0.028467655,0.015151262,-0.025745988
2021-05-21,AMGN,-0.029633462,0.015639305,0.0040751696
2021-05-21,CRM,0.0066974163,0.019182444,-0.022467375
2021-05-21,CSCO,0.031046271,0.004683733,-0.015671551
2021-05-21,IBM,-0.031049073,0.0063209534,0.0080178976
2021-05-21,INTC,0.020130277,0.0034303665,-0.021283209
2021-05-21,MSFT,-0.022384465,0.0040972233,-0.020253181
2021-05-21,NKE,-0.0017345548,0.013913751,-0.0053663254
2021-05-21,VZ,-0.0076005459,-0.0065484643,-0.0020379424
2021-05-21,WMT,0.014612079,0.020449162,0.0027838945
2021-05-24,AAPL,-0.0023622513,0.015304208,-0.0096319318
2021-05-24,AMGN,0.0023857355,0.017045498,0.003000021
2021-05-24,CRM,0.0078706741,-0.010499895,-0.034957826
2021-05-24,CSCO,0.037370086,-0.0003914237,0.0072785616
2021-05-24,IBM,-0.0075967908,0.022385001,0.012510419
2021-05-24,INTC,-0.0013340712,0.0049864054,-0.0079967976
2021-05-24,MSFT,0.0028131008,0.008800149,-0.0043049455
2021-05-24,NKE,0.034379482,0.012704134,0.0061101913
2021-05-24,VZ,-0.014111638,0.0093394518,-0.015301347
2021-05-24,WMT,-0.0063506961,0.012478471,-0.021527112
2021-05-25,AAPL,0.011705518,-0.0078855157,-0.025599062
2021-05-25,AMGN,0.0040163994,-0.001101613,-0.0073875785
2021-05-25,CRM,-0.01884675,0.033447146,-0.036810815
2021-05-25,CSCO,0.0093795061,-0.0073060989,0.008002758
2021-05-25,IBM,-0.034313083,0.016466975,-0.011033475
2021-05-25,INTC,-0.035322249,0.0098650455,-0.0078771114
2021-05-25,MSFT,-0.0053473115,0.0073928833,-0.022565663
2021-05-25,NKE,0.013941526,0.016551137,-0.013210595
2021-05-25,VZ,-0.0010959506,0.0027428865,-0.015192151
2021-05-25,WMT,-0.013840318,0.025274754,-0.0059124231
2021-05-26,AAPL,-0.0022023916,-0.0063678026,-0.0052924156
2021-05-26,AMGN,-0.013954222,0.024703622,-0.018639028
2021-05-26,CRM,-0.0010542274,0.0096729994,-0.016649246
2021-05-26,CSCO,-0.016046941,0.00035202503,0.00085985661
2021-05-26,IBM,-0.0029539466,0.017120123,0.010297775
2021-05-26,INTC,0.0077818632,0.0024830103,-0.011343777
2021-05-26,MSFT,-0.01660198,0.0083656311,-0.010519505
2021-05-26,NKE,-0.013973594,-0.00017923117,-0.016020536
2021-05-26,VZ,-0.0053887367,0.015407562,-0.0070014
2021-05-26,WMT,-0.0087025762,0.0062760115,-0.011457264
2021-05-27,AAPL,-0.012112916,0.02124095,-0.021468759
2021-05-27,AMGN,0.00089645386,0.020598769,-0.0043472052
2021-05-27,CRM,-0.012834907,-0.00096398592,0.0027393103
2021-05-27,CSCO,0.023630261,0.010903597,-0.0019508004
2021-05-27,IBM,0.016207933,0.0076146126,0.0049422979
2021-05-27,INTC,0.0036256313,0.0011111498,-0.0095707774
2021-05-27,MSFT,0.012666941,0.015383124,-0.016681969
2021-05-27,NKE,0.010105491,0.010647416,-0.011191368
2021-05-27,VZ,0.0042022467,0.0015860796,-0.0052801371
2021-05-27,WMT,0.0011575222,0.0024964809,0.0013707876
2021-05-28,AAPL,-0.025773466,0.017058849,-0.033529043
2021-05-28,AMGN,-0.02242285,0.0046947002,-0.0015018582
2021-05-28,CRM,-0.032132626,0.026166677,-0.03204602
2021-05-28,CSCO,-0.021122038,-0.00046861172,-0.0080925226
2021-05-28,IBM,-0.040069938,0.0050835609,-0.015532434
2021-05-28,INTC,-0.01688379,0.0079791546,-0.023983598
2021-05-28,MSFT,0.00055587292,0.010301948,-0.0078594089
2021-05-28,NKE,0.021242619,0.017280459,-0.039603114
2021-05-28,VZ,0.0058171749,-0.00036990643,0.016412735
2021-05-28,WMT,-0.013435364,0.0084935427,-0.022129893
2021-06-01,AAPL,0.026653409,0.022293329,-0.022566855
2021-06-01,AMGN,-0.0077652931,0.015878797,0.0053575039
2021-06-01,CRM,-0.004863739,-0.0077700615,0.013323784
2021-06-01,CSCO,-0.009304285,0.033731341,-0.016311049
2021-06-01,IBM,-0.011832893,0.018289804,0.01809001
2021-06-01,INTC,0.026617408,0.001265645,-0.00020182133
2021-06-01,MSFT,0.03126502,0.0062568188,-0.0021702647
2021-06-01,NKE,-0.0046514869,0.0049958229,-0.018413126
2021-06-01,VZ,-0.001431942,-0.00192976,-0.022862494
2021-06-01,WMT,-0.023400962,0.0244205,-0.010469675
2021-06-02,AAPL,-0.035321951,0.035315633,8.6188316e-05
2021-06-02,AMGN,0.011637092,0.0068433285,-0.01461798
2021-06-02,CRM,-0.012645423,0.002872467,-0.0017995238
2021-06-02,CSCO,-0.010958374,0.020364046,0.00039219856
2021-06-02,IBM,0.0074942112,0.019258618,0.0059247017
2021-06-02,INTC,-0.0047749281,0.020453095,0.0016442537
2021-06-02,MSFT,-0.017622232,0.0073424578,-0.013482451
2021-06-02,NKE,-0.015640378,0.018618822,0.014578104
2021-06-02,VZ,-0.00010120869,0.013489366,-0.012713552
2021-06-02,WMT,-0.0080240369,0.012899876,-0.013101935
2021-06-03,AAPL,-0.0085462332,0.014768481,-0.0037432909
2021-06-03,AMGN,-0.0010713339,-0.0069096684,-0.0072791576
2021-06-03,CRM,-0.016652107,0.0093351603,-0.021399915
2021-06-03,CSCO,0.028121233,0.010124207,-0.019593537
2021-06-03,IBM,-0.020066679,0.0030263662,0.0034822226
2021-06-03,INTC,-0.0023203492,0.012955666,0.004901886
2021-06-03,MSFT,0.031229377,0.025534511,-0.012965441
2021-06-03,NKE,-0.0051565766,0.01661253,0.0042079687
2021-06-03,VZ,-0.019575119,0.003888607,0.00064957142
2021-06-03,WMT,-0.0012832284,0.0018318892,-0.0056170225
2021-06-04,AAPL,0.0027772188,0.0084000826,0.01308322
2021-06-04,AMGN,-0.011832058,0.0062377453,0.0026112795
2021-06-04,CRM,-0.029312372,0.0081583261,0.033642173
2021-06-04,CSCO,0.0086066723,-0.0064637065,-0.0066302419
2021-06-04,IBM,-0.013790607,0.012134314,-0.0069687963
2021-06-04,INTC,-0.0081260204,-0.0085026622,-0.027237773
2021-06-04,MSFT,-0.010568619,0.01233089,-0.028343439
2021-06-04,NKE,-0.027118266,-0.0053762197,-0.0094596744
2021-06-04,VZ,-0.0159778,0.017956138,-0.0073897839
2021-06-04,WMT,-0.0042715669,0.012239218,-0.015447497
2021-06-07,AAPL,0.0052274466,0.014571905,-0.0097131729
2021-06-07,AMGN,-0.013824284,0.017844915,0.0072357655
2021-06-07,CRM,-0.046786308,0.022842646,-0.024591565
2021-06-07,CSCO,0.013318062,0.023230076,-0.015481234
2021-06-07,IBM,-0.011413515,-0.0096290112,-0.0064049363
2021-06-07,INTC,0.0015875101,0.010443449,-0.019539475
2021-06-07,MSFT,0.0019792318,0.010962844,-0.023897946
2021-06-07,NKE,-0.014927208,-0.0059000254,-0.0092661381
2021-06-07,VZ,-0.025562942,0.019792199,-0.019274414
2021-06-07,WMT,0.019483209,0.010748982,0.0049210787
2021-06-08,AAPL,-0.02909404,0.0071811676,-0.034025252
2021-06-08,AMGN,0.0192554,0.023964047,-0.019039035
2021-06-08,CRM,0.000400424,0.0071222782,-0.023942113
2021-06-08,CSCO,-0.018216789,0.0045241117,0.0047018528
2021-06-08,IBM,0.0071568489,0.0043759346,-0.011059582
2021-06-08,INTC,0.019596219,0.00022912025,-0.0084391236
2021-06-08,MSFT,0.048500538,0.0064024925,-0.012885809
2021-06-08,NKE,-0.012980521,0.0077265501,-0.015527546
2021-06-08,VZ,-0.011188984,0.013449073,-0.0080679059
2021-06-08,WMT,-0.016304314,0.015169978,0.0044797659
2021-06-09,AAPL,-0.01210165,0.0092458725,-0.007687211
2021-06-09,AMGN,0.011693001,0.010893703,-0.013213754
2021-06-09,CRM,-0.014046192,0.029912114,-0.016796172
2021-06-09,CSCO,-0.0055856109,-0.0031073093,-0.0016425848
2021-06-09,IBM,-0.00051891804,-0.0018386245,0.0038845539
2021-06-09,INTC,0.0091449022,0.0017392635,-0.0060184002
2021-06-09,MSFT,-0.0086718202,-0.0084971189,-0.014997303
2021-06-09,NKE,-0.011607885,0.015495181,-0.015702188
2021-06-09,VZ,0.0056766272,0.0050178766,0.015537977
2021-06-09,WMT,-0.0046224594,0.0066531897,0.00016236305
2021-06-10,AAPL,0.0074776411,0.0091028214,-0.005281806
2021-06-10,AMGN,0.003063798,0.0072532892,-0.0072945952
2021-06-10,CRM,-0.019454896,0.014095068,-0.03665024
2021-06-10,CSCO,-0.027494788,0.012779593,-0.0094057918
2021-06-10,IBM,-0.0019572973,-0.0031526089,-0.024516881
2021-06-10,INTC,0.0060868263,0.011094093,-0.0035000443
2021-06-10,MSFT,0.021913648,0.017410636,-0.0067155957
2021-06-10,NKE,-0.014208376,0.009401083,-0.010911882
2021-06-10,VZ,-0.0039334297,0.022675276,-0.0024923682
2021-06-10,WMT,-0.014347434,0.021646976,-0.023236156
2021-06-11,AAPL,0.0012603998,0.014043689,0.00018918514
2021-06-11,AMGN,-0.013214827,0.01746726,-0.023418009
2021-06-11,CRM,0.03732574,0.011143804,-0.003126204
2021-06-11,CSCO,0.0035382509,0.01892662,-0.00058186054
2021-06-11,IBM,0.011019468,0.020197511,-0.0011876822
2021-06-11,INTC,-0.024433613,0.0064344406,0.004019618
2021-06-11,MSFT,0.022220492,-0.0060389638,0.0052255392
2021-06-11,NKE,-0.0095696449,0.0085232258,-0.012445927
2021-06-11,VZ,0.011962652,0.011765361,0.0084456205
2021-06-11,WMT,0.016064644,0.013796687,0.00052714348
2021-06-14,AAPL,-0.0088981986,0.0064525604,-0.014107466
2021-06-14,AMGN,0.011881113,0.0046970844,0.0017461777
2021-06-14,CRM,0.036578536,-0.0041600466,-0.057191253
2021-06-14,CSCO,-0.012041807,0.029418349,0.00053989887
2021-06-14,IBM,0.0125525,-0.00066751242,-0.0014386773
2021-06-14,INTC,0.0091500282,0.0058531761,-0.0133003
2021-06-14,MSFT,-0.026177227,-0.0067685246,0.0026916265
2021-06-14,NKE,-0.00037246943,0.03031981,-0.024421692
2021-06-14,VZ,-0.0046150684,0.016176701,-0.011929333
2021-06-14,WMT,0.0069061518,0.0091670752,-0.013005555
2021-06-15,AAPL,0.01654315,0.022357464,-0.02927357
2021-06-15,AMGN,0.00063765049,0.0019176006,-0.024088264
2021-06-15,CRM,-0.021920562,0.0028227568,-0.010691583
2021-06-15,CSCO,0.0057374239,-0.011113167,0.0015856028
2021-06-15,IBM,-0.037763417,0.006806612,-0.0097410679
2021-06-15,INTC,-0.00097584724,0.004658699,0.0090706348
2021-06-15,MSFT,0.023795128,0.015762925,-0.0009072423
2021-06-15,NKE,0.0022977591,0.01022923,-0.002296865
2021-06-15,VZ,0.014856458,0.0087407827,-0.014772177
2021-06-15,WMT,-0.022002399,0.0079638958,0.0046885014
2021-06-16,AAPL,0.004119873,0.011217237,0.002833128
2021-06-16,AMGN,-0.024150848,0.0098419189,-0.0066301823
2021-06-16,CRM,0.047380805,0.012533426,0.010167003
2021-06-16,CSCO,0.0079345703,-0.00069963932,-0.011807382
2021-06-16,IBM,0.009333849,0.0052461624,-0.0043703914
2021-06-16,INTC,0.013168812,0.018693209,-0.012773156
2021-06-16,MSFT,0.022468686,0.013722777,-0.014704525
2021-06-16,NKE,-0.04139185,0.021591425,-0.0076490045
2021-06-16,VZ,-0.017737627,0.0055744648,-0.016550183
2021-06-16,WMT,-0.004840374,0.018832803,-0.012295067
2021-06-17,AAPL,0.015502214,0.0015343428,-0.0080943108
2021-06-17,AMGN,0.009832263,0.018633962,-0.012629569
2021-06-17,CRM,-0.0054274201,0.0289042,0.0043513775
2021-06-17,CSCO,0.016515493,0.011240125,-0.0096917748
2021-06-17,IBM,0.0033693314,0.016427398,-0.0063621998
2021-06-17,INTC,0.013529778,-0.001137197,-0.004596591
2021-06-17,MSFT,-0.025936902,0.0048187971,-0.02358973
2021-06-17,NKE,0.020481348,0.014184952,-0.010275543
2021-06-17,VZ,-0.0091397762,0.011401176,-0.0012299418
2021-06-17,WMT,-0.024602294,0.015159845,-0.0072166324
2021-06-18,AAPL,-0.0011588335,0.01820302,-0.018508673
2021-06-18,AMGN,-0.0020297766,0.024532914,-0.012715697
2021-06-18,CRM,0.0054565668,0.0050036907,-0.020671487
2021-06-18,CSCO,-0.0048914552,0.01178205,-0.015519917
2021-06-18,IBM,-0.0080008507,0.017542958,-0.00093096495
2021-06-18,INTC,-0.020478785,-0.0088359714,-0.011600435
2021-06-18,MSFT,-0.0046088696,0.014330745,-0.0028375387
2021-06-18,NKE,0.0019160509,0.016956091,-0.0057615042
2021-06-18,VZ,0.00080084801,0.0045542717,0.0087505579
2021-06-18,WMT,-0.0087779164,-0.0071475506,-0.01017797
2021-06-21,AAPL,0.02631712,0.013036251,-0.0064367652
2021-06-21,AMGN,-0.017760038,0.005800128,-0.011159897
2021-06-21,CRM,-0.012214601,0.012109637,-0.0033307076
2021-06-21,CSCO,-0.0027663708,0.030606389,-0.0042538643
2021-06-21,IBM,-0.025268376,0.0018273592,-0.0047906041
2021-06-21,INTC,0.0050137043,0.015204668,-0.0080701113
2021-06-21,MSFT,-0.0055387616,0.010299921,-0.022749007
2021-06-21,NKE,-0.0095744133,0.010296702,0.0019828081
2021-06-21,VZ,0.0037049055,0.0024856329,-0.019026697
2021-06-21,WMT,-0.026826978,-0.003883183,-0.0045770407
2021-06-22,AAPL,-0.036870122,-0.0099788308,-0.028944194
2021-06-22,AMGN,-0.0020906329,0.034193873,0.00078356266
2021-06-22,CRM,0.0016247034,0.016963482,-0.030165076
2021-06-22,CSCO,-0.0079500675,0.0093894005,-0.010712862
2021-06-22,IBM,-0.012498617,0.010662198,-0.014473736
2021-06-22,INTC,-0.018652737,0.0012612343,-0.027682722
2021-06-22,MSFT,-0.022546291,0.023545027,-0.025030196
2021-06-22,NKE,-0.024859846,0.0094041824,-0.011138082
2021-06-22,VZ,-0.020689666,0.0038400888,0.005472064
2021-06-22,WMT,-0.0077345967,0.014734983,-0.0031180978
2021-06-23,AAPL,-0.0083507299,0.016683221,-0.0078936219
2021-06-23,AMGN,-0.028342903,0.011257887,-0.011621058
2021-06-23,CRM,0.032262206,0.00045979023,0.011210799
2021-06-23,CSCO,0.02287209,0.0027128458,-0.015449882
2021-06-23,IBM,-0.023455501,0.0045484304,-0.011548102
2021-06-23,INTC,-0.006944418,0.0087976456,0.0029097795
2021-06-23,MSFT,-0.0080516338,-0.012241602,-0.00884372
2021-06-23,NKE,0.02854085,-0.0031790137,-0.011052549
2021-06-23,VZ,-0.00061261654,0.0034747124,-0.0026270747
2021-06-23,WMT,-0.019305289,0.0015865564,-0.0022068024
2021-06-24,AAPL,0.0038486719,-0.021675408,0.0089890957
2021-06-24,AMGN,0.0011066198,-0.0020510554,-0.0079033375
2021-06-24,CRM,-0.0084520578,0.037127256,-0.040284812
2021-06-24,CSCO,0.022373319,0.0209378,-0.0019757152
2021-06-24,IBM,-0.012351513,0.00065207481,0.0035283566
2021-06-24,INTC,-0.037036896,0.0079004765,-0.015126705
2021-06-24,MSFT,0.023170948,0.0022131205,-0.011780739
2021-06-24,NKE,-0.043778539,0.007986784,-0.019356906
2021-06-24,VZ,-0.0051233172,0.0057325363,-0.032108784
2021-06-24,WMT,-0.016353667,0.013286352,-0.0092433095
2021-06-25,AAPL,-0.0016868114,0.011120915,-0.020545542
2021-06-25,AMGN,-0.01197058,0.023562789,-0.008113265
2021-06-25,CRM,-0.0041760802,0.0073800087,0.0022786856
2021-06-25,CSCO,0.022973537,0.0068200827,-0.013751268
2021-06-25,IBM,0.020910859,0.011832476,-0.013612211
2021-06-25,INTC,-0.023974836,0.031323791,-0.016444981
2021-06-25,MSFT,-0.0023545623,0.0068457127,-0.012933731
2021-06-25,NKE,-0.010656834,0.0069876909,-0.0083724856
2021-06-25,VZ,-0.025529683,0.015668511,0.01741612
2021-06-25,WMT,0.0042495728,0.0089684725,-0.0082969069
2021-06-28,AAPL,-0.015640438,0.013347387,-0.01600343
2021-06-28,AMGN,-0.0059985518,0.011063933,-0.0063165426
2021-06-28,CRM,-0.00032782555,0.0078481436,-0.01974529
2021-06-28,CSCO,0.0090237856,0.0097646713,0.010552645
2021-06-28,IBM,-0.014984071,0.013249993,-0.010258019
2021-06-28,INTC,-0.026860714,0.010275364,9.0003014e-05
2021-06-28,MSFT,-0.0024214983,0.02228415,-0.0072997212
2021-06-28,NKE,0.021712422,-0.001529336,-0.0063911676
2021-06-28,VZ,0.016770363,-0.0076463223,-0.019349337
2021-06-28,WMT,0.006075263,0.011200786,-0.012215793
2021-06-29,AAPL,0.013159275,0.00082552433,-0.031733692
2021-06-29,AMGN,-0.034367681,0.017772198,-0.010028243
2021-06-29,CRM,-0.015224934,-0.0059009194,0.0057753325
2021-06-29,CSCO,0.0217278,0.02218473,-0.013289392
2021-06-29,IBM,-0.0062061548,0.0042874813,-0.0024695992
2021-06-29,INTC,-0.0058683157,0.0075105429,-0.005510807
2021-06-29,MSFT,-0.00200665,0.013546109,-0.014292002
2021-06-29,NKE,-0.0085408092,0.024327159,-0.0048904419
2021-06-29,VZ,0.01191771,0.018944025,0.0049122572
2021-06-29,WMT,-0.0031275153,0.020254254,-0.0029829144
2021-06-30,AAPL,-0.018729687,0.012172341,-0.0050692558
2021-06-30,AMGN,-0.014867961,0.012474537,-0.022356451
2021-06-30,CRM,-0.0063639879,0.017853141,-0.020607352
2021-06-30,CSCO,-0.012710035,0.011904836,-0.021522641
2021-06-30,IBM,-0.0086758137,0.014178753,0.0063115358
2021-06-30,INTC,-0.028133214,-0.0039358139,-0.016960919
2021-06-30,MSFT,0.012801528,0.0056362152,-0.021856785
2021-06-30,NKE,-0.0050493479,0.0075222254,-0.0045010448
2021-06-30,VZ,0.0037294626,0.0012017488,-0.0040405989
2021-06-30,WMT,-0.011385322,0.017950535,-0.0082218051
2021-07-01,AAPL,-0.01528424,0.013599038,-0.015508354
2021-07-01,AMGN,-0.0085401535,0.022626281,-0.0089048147
2021-07-01,CRM,-0.0071151853,0.0051774979,-0.028607428
2021-07-01,CSCO,-0.017996132,-0.0043058395,0.001967907
2021-07-01,IBM,-0.0052893162,0.0066454411,-0.0017396808
2021-07-01,INTC,0.023824811,0.015901089,0.0088913441
2021-07-01,MSFT,-0.030772686,0.0046596527,3.2424927e-05
2021-07-01,NKE,-0.014447391,0.023308396,-0.011236191
2021-07-01,VZ,0.013996959,0.025265574,-0.02525121
2021-07-01,WMT,-0.030874729,0.010797739,-0.032332361
2021-07-02,AAPL,-0.024280727,0.014494896,0.0026040077
2021-07-02,AMGN,0.0032359362,0.021408081,-0.0041438937
2021-07-02,CRM,0.007311821,0.025222182,0.0048457384
2021-07-02,CSCO,-0.0024604797,0.0058475733,0.0038365126
2021-07-02,IBM,-0.019308805,0.0072274208,-0.010725915
2021-07-02,INTC,-0.0046548247,0.007822156,-0.0061628222
2021-07-02,MSFT,0.054421425,0.0063358545,-0.00030297041
2021-07-02,NKE,-0.0033791661,0.010214686,0.0029408932
2021-07-02,VZ,-0.0073919892,0.0030034781,-0.019055605
2021-07-02,WMT,-0.0064303875,-0.013880908,-0.0039541125
2021-07-06,AAPL,0.00033462048,-0.0043464899,-0.0081773996
2021-07-06,AMGN,-0.037629545,0.026809096,0.0031249523
2021-07-06,CRM,-0.007214427,0.010833621,0.0013928413
2021-07-06,CSCO,0.0057373047,-0.0012105703,-0.019937992
2021-07-06,IBM,-0.0060850382,-0.0085661411,-0.012888908
2021-07-06,INTC,0.013289213,-0.010381639,0.0053229332
2021-07-06,MSFT,-0.0093684793,0.023980618,-0.0024418235
2021-07-06,NKE,-0.027252972,0.012646198,-0.0139094
2021-07-06,VZ,-0.020217061,0.018453717,0.010083199
2021-07-06,WMT,-0.0054412484,0.0054444075,-0.013230085
2021-07-07,AAPL,-0.0068989396,0.0099397898,-0.027755082
2021-07-07,AMGN,-0.0058093667,0.0096905231,0.013059735
2021-07-07,CRM,-0.01382941,0.038586974,0.012364388
2021-07-07,CSCO,0.0042459965,-0.0040130019,0.004540801
2021-07-07,IBM,-0.021446764,0.014867067,-0.010439992
2021-07-07,INTC,0.0025466681,0.0079795122,-0.018322587
2021-07-07,MSFT,-0.0036248565,0.01845789,-0.024132371
2021-07-07,NKE,0.020027757,0.0089840889,-0.0047113299
2021-07-07,VZ,-0.0039903522,0.016438246,-0.018604815
2021-07-07,WMT,-0.002864182,0.0023804903,-0.0017614961
2021-07-08,AAPL,-0.0087236762,-0.0013513565,0.016290426
2021-07-08,AMGN,-0.024637341,0.032417893,0.0035938025
2021-07-08,CRM,-0.015689313,0.024888515,0.022325158
2021-07-08,CSCO,0.042909861,-0.0039004087,-0.019332707
2021-07-08,IBM,-0.0057694912,0.0096416473,-0.002837956
2021-07-08,INTC,-0.034620762,0.023897529,-0.007679522
2021-07-08,MSFT,0.050633073,0.016985059,-0.027330399
2021-07-08,NKE,-0.039638638,0.015188813,-0.026205957
2021-07-08,VZ,0.010686517,0.0040671825,0.0017995834
2021-07-08,WMT,-0.0073432326,0.0084328651,-0.00963521
2021-07-09,AAPL,0.0090829134,0.017507315,-0.0068199635
2021-07-09,AMGN,-0.0027689934,0.026903868,-0.0026717782
2021-07-09,CRM,0.013632178,0.016511083,-0.0031186938
2021-07-09,CSCO,-0.0050867796,0.026190758,-0.0075229406
2021-07-09,IBM,0.0031161308,0.0061569214,-0.019500554
2021-07-09,INTC,-0.0062917471,0.011176586,0.0020390749
2021-07-09,MSFT,-0.012105107,0.024733424,-0.0095211267
2021-07-09,NKE,0.0069018602,0.00031781197,-0.0063189268
2021-07-09,VZ,0.0035928488,0.0076472759,-0.0050204396
2021-07-09,WMT,0.0042729378,0.0098202229,-0.00075513124
2021-07-12,AAPL,-0.0065762997,0.0072751045,-0.014696062
2021-07-12,AMGN,-0.027317643,0.015643835,-0.028698981
2021-07-12,CRM,0.030022025,0.015476584,-0.015627027
2021-07-12,CSCO,0.0018261671,0.0028162003,-0.01801914
2021-07-12,IBM,-0.017476618,0.01011169,-0.0038986206
2021-07-12,INTC,0.010550022,-0.0043269396,-0.013405442
2021-07-12,MSFT,-0.020281911,-0.019289613,-0.010035098
2021-07-12,NKE,-0.0093454123,-0.006279707,0.0098417997
2021-07-12,VZ,-0.016803682,-0.0032458305,-0.015609503
2021-07-12,WMT,-0.010712624,-0.0040493608,0.0051553249
2021-07-13,AAPL,0.00077474117,0.0031790733,0.011563301
2021-07-13,AMGN,-0.019918382,0.013743758,-0.01125443
2021-07-13,CRM,-0.0017608404,0.0054256916,-0.015581429
2021-07-13,CSCO,0.036682606,0.0047659874,-0.0034852028
2021-07-13,IBM,0.0045638084,0.012420535,0.0026394129
2021-07-13,INTC,-0.0043516159,0.0076678991,-0.009949863
2021-07-13,MSFT,-0.013632596,-0.0059215426,-0.01184243
2021-07-13,NKE,0.022439361,0.014153242,0.0013852119
2021-07-13,VZ,-0.024778187,0.01247108,-0.004656136
2021-07-13,WMT,-0.020583272,0.003921032,-0.0093348026
2021-07-14,AAPL,0.0033329725,-0.017542422,-0.018728197
2021-07-14,AMGN,-0.016293645,-0.0012375116,-0.0032832623
2021-07-14,CRM,0.0088248253,0.0021328926,-0.023569763
2021-07-14,CSCO,-0.020918965,0.018755913,-0.017443895
2021-07-14,IBM,-0.0010448098,0.011691332,-0.0058264136
2021-07-14,INTC,0.042005777,0.0013738871,0.0063648224
2021-07-14,MSFT,-0.016914368,0.0099874735,-0.018378377
2021-07-14,NKE,0.0021871328,0.011715293,-0.020380318
2021-07-14,VZ,-0.024997294,-0.0010023713,-0.0016734004
2021-07-14,WMT,0.0031692982,-0.003027916,-0.0022090673
2021-07-15,AAPL,-0.044351041,0.011817455,0.017022014
2021-07-15,AMGN,-0.00071442127,-0.0018142462,-0.010273159
2021-07-15,CRM,0.0013177395,0.017543674,0.0054843426
2021-07-15,CSCO,0.04629302,0.0045647621,-0.0105744
2021-07-15,IBM,-0.019620538,0.017742634,-0.011494994
2021-07-15,INTC,-0.013040185,-0.00044804811,-0.015158236
2021-07-15,MSFT,0.00855124,0.020933628,-0.015072048
2021-07-15,NKE,0.040124178,0.0055013895,-0.0060398579
2021-07-15,VZ,-0.022303998,0.021589637,-0.020180881
2021-07-15,WMT,0.002764225,0.016947508,0.005797863
2021-07-16,AAPL,0.015596271,0.014358759,-0.0031369328
2021-07-16,AMGN,-0.014681697,0.022749543,-0.01915127
2021-07-16,CRM,0.0056087971,0.0080740452,-0.02467978
2021-07-16,CSCO,-0.020958602,-0.0076310635,-0.0075618625
2021-07-16,IBM,-0.011849701,0.01746285,-0.013712823
2021-07-16,INTC,0.0088006258,-0.0024346709,-0.019686878
2021-07-16,MSFT,0.0042376518,0.014343262,-0.0065014958
2021-07-16,NKE,0.030786991,-0.0060872436,-0.0062401891
2021-07-16,VZ,-0.0066769719,0.01510632,-0.0059483647
2021-07-16,WMT,0.0044819117,0.019104719,-0.010848284
2021-07-19,AAPL,0.019581199,0.010586739,-0.00057476759
2021-07-19,AMGN,-0.0052389503,0.0036056042,-0.016810417
2021-07-19,CRM,-0.0044953227,-0.0019230247,4.4584274e-05
2021-07-19,CSCO,-0.013180375,-0.002410531,-0.003626287
2021-07-19,IBM,-0.0088165402,-0.00027912855,-0.0027459264
2021-07-19,INTC,0.0063691139,-0.014041007,-0.017198622
2021-07-19,MSFT,0.01655817,0.0090421438,-0.0073755383
2021-07-19,NKE,0.002338171,-0.0067253709,-0.024198711
2021-07-19,VZ,-0.024908662,0.0274297,-0.0038674474
2021-07-19,WMT,-0.0030144453,0.0091782808,-0.0071101189
2021-07-20,AAPL,0.017023563,-0.015912473,-0.0092109442
2021-07-20,AMGN,-0.013851821,0.015038133,-0.01392436
2021-07-20,CRM,0.011399865,0.0083926916,0.0024132729
2021-07-20,CSCO,0.022878885,0.015863895,-0.0073834062
2021-07-20,IBM,-0.0073634386,0.0033355951,-0.0016810894
2021-07-20,INTC,0.00089657307,-0.005566299,-0.013474703
2021-07-20,MSFT,-0.016356289,0.021465063,-0.026202619
2021-07-20,NKE,0.033579111,0.020589352,-0.028112471
2021-07-20,VZ,-0.0014955401,0.0098276138,0.0011591911
2021-07-20,WMT,0.0082197189,0.0071772337,-0.010256231
2021-07-21,AAPL,0.0069042444,-0.0075841546,-0.013765216
2021-07-21,AMGN,-0.037452221,0.011798024,-0.022346258
2021-07-21,CRM,-0.03501904,0.030748844,-0.0031080842
2021-07-21,CSCO,-0.024366856,0.0034040213,-0.0095341802
2021-07-21,IBM,-0.0053928494,0.012751222,-0.011802673
2021-07-21,INTC,0.04623878,0.0087118149,-0.014476478
2021-07-21,MSFT,0.018011332,0.00084507465,-0.0090119243
2021-07-21,NKE,-0.0055872202,0.028023124,-0.0035897493
2021-07-21,VZ,-0.023255408,-0.0074728727,-0.010761142
2021-07-21,WMT,0.019784689,0.012704134,0.0057857037
2021-07-22,AAPL,0.05575335,0.018208981,-0.02507925
2021-07-22,AMGN,-0.02029115,0.014510036,-0.0093429089
2021-07-22,CRM,0.014886975,0.0094666481,0.0017384291
2021-07-22,CSCO,-0.009103775,0.021087646,-0.0056828856
2021-07-22,IBM,0.014025807,-0.0026135445,0.0048196316
2021-07-22,INTC,-0.039604902,0.0023989677,-0.036394
2021-07-22,MSFT,-0.0084959865,0.0017701387,0.0078248978
2021-07-22,NKE,-0.031397223,0.0061268806,-0.0081944466
2021-07-22,VZ,-0.019815803,-0.00040709972,-0.0030557513
2021-07-22,WMT,-0.019771814,0.007763505,-0.0053505898
2021-07-23,AAPL,-0.029881954,0.0091719627,-0.0095413923
2021-07-23,AMGN,0.0022603273,-0.0042334199,-0.00080114603
2021-07-23,CRM,-0.013237417,-0.010133922,0.0082925558
2021-07-23,CSCO,0.012216091,0.0017831326,-0.016458094
2021-07-23,IBM,-0.019693434,0.0095231533,-0.0073127747
2021-07-23,INTC,-0.0051912069,-0.0059703588,-0.019215465
2021-07-23,MSFT,-0.041007817,0.0097345114,-0.0036164522
2021-07-23,NKE,0.04935801,0.017419696,-0.0082163811
2021-07-23,VZ,-0.038277268,-0.011473894,-0.0046997666
2021-07-23,WMT,-0.0059025884,0.015487432,-0.010238767
2021-07-26,AAPL,0.024003267,0.02995491,0.0055131912
2021-07-26,AMGN,-0.00038462877,0.0052412748,-0.019838095
2021-07-26,CRM,-0.020965099,0.007661581,-0.027722478
2021-07-26,CSCO,0.012553692,0.014548421,-0.00055527687
2021-07-26,IBM,-0.0080128312,0.034934878,0.0052044392
2021-07-26,INTC,0.045897722,-0.00050485134,0.012741208
2021-07-26,MSFT,0.0023130178,-0.012270153,-0.01908195
2021-07-26,NKE,0.0020065308,0.018099427,0.017096281
2021-07-26,VZ,-0.011644185,0.0099073648,-0.00095593929
2021-07-26,WMT,0.0090259314,0.010582685,-0.0017051101
2021-07-27,AAPL,0.0071394444,-0.0013990402,-0.011315882
2021-07-27,AMGN,-0.015796185,0.0053174496,-0.013889849
2021-07-27,CRM,-0.04712522,0.014445066,-0.016150713
2021-07-27,CSCO,0.0059509277,0.040056109,0.0026233196
2021-07-27,IBM,-0.0053147078,0.011824012,-0.0010392666
2021-07-27,INTC,-0.012230635,-0.010530412,-0.029443562
2021-07-27,MSFT,0.0015314817,0.0093408823,-0.012827933
2021-07-27,NKE,-0.0061773658,0.0034763813,-0.015695393
2021-07-27,VZ,-0.0043339729,0.0056312084,-0.015385091
2021-07-27,WMT,0.013116121,0.0066913366,-0.0093921423
2021-07-28,AAPL,-0.0045813918,0.016151905,-0.007799685
2021-07-28,AMGN,-0.013574481,0.026901484,-0.0028439164
2021-07-28,CRM,0.021023989,0.045480013,-0.029125512
2021-07-28,CSCO,-0.027775109,0.019885778,0.00035762787
2021-07-28,IBM,0.0070303679,0.0083026886,-0.014376938
2021-07-28,INTC,0.041311026,-0.013302386,-0.0063306689
2021-07-28,MSFT,0.0031404495,0.0069198608,-0.0085700154
2021-07-28,NKE,-0.012433171,-0.027018726,-0.017339349
2021-07-28,VZ,0.004280448,0.0125314,0.020416141
2021-07-28,WMT,0.0042469501,0.0061463118,-0.0058982372
2021-07-29,AAPL,0.00012242794,-0.0052820444,-0.025351882
2021-07-29,AMGN,0.023023963,0.0049116611,-0.0095640421
2021-07-29,CRM,-0.037467897,-0.0023628473,-0.034667492
2021-07-29,CSCO,-0.0084606409,0.0037519932,0.013296008
2021-07-29,IBM,0.0091769695,0.0062410831,-0.010557711
2021-07-29,INTC,-0.018787503,0.0011364222,-0.023365617
2021-07-29,MSFT,-0.0026150942,0.0098309517,-0.013801157
2021-07-29,NKE,0.019813418,0.017269373,-0.01138103
2021-07-29,VZ,-0.011667132,0.018636107,0.0045833588
2021-07-29,WMT,0.0055962801,0.0027552843,-0.0074898601
2021-07-30,AAPL,0.0019800663,0.0070197582,0.0024582148
2021-07-30,AMGN,-0.025352001,0.0098136663,-0.024614334
2021-07-30,CRM,0.017744064,0.015131712,-0.033951759
2021-07-30,CSCO,-0.032774448,-0.0044804215,-0.012862921
2021-07-30,IBM,0.0031558275,0.014092326,0.00330019
2021-07-30,INTC,0.0068022013,-0.0022246242,-0.0087683797
2021-07-30,MSFT,-0.0010564923,0.0025470257,-0.016915143
2021-07-30,NKE,-0.0013629794,0.004458189,-0.0063768625
2021-07-30,VZ,-0.004034102,0.018853784,-0.022821486
2021-07-30,WMT,-0.0062173605,0.017746568,-0.00652349
2021-08-02,AAPL,-0.00022727251,-0.00011110306,-0.029891789
2021-08-02,AMGN,-0.0064609647,0.00024569035,-0.0095312595
2021-08-02,CRM,-0.014560699,-0.0048831105,-0.0078905225
2021-08-02,CSCO,0.0018514395,0.010057688,0.0012735128
2021-08-02,IBM,0.013649821,0.022126555,-0.0087959766
2021-08-02,INTC,-0.030371606,0.014459252,0.0011754036
2021-08-02,MSFT,-0.00063055754,0.030011415,-0.012111306
2021-08-02,NKE,-0.018801749,0.012044311,-0.013396919
2021-08-02,VZ,0.0037087202,0.013338685,-0.0039712787
2021-08-02,WMT,0.010499716,0.011642337,-0.0065681934
2021-08-03,AAPL,-0.0430758,0.0038183928,-0.0074429512
2021-08-03,AMGN,0.00086438656,0.011868834,-0.0084732175
2021-08-03,CRM,0.035243154,0.014892459,-0.020009696
2021-08-03,CSCO,0.028055429,0.020539641,-0.014444232
2021-08-03,IBM,-0.01884526,0.0082675219,-0.0032604933
2021-08-03,INTC,0.0057578087,-0.0052714348,-0.0060425401
2021-08-03,MSFT,-0.0051929355,-0.0035920143,-0.007745266
2021-08-03,NKE,0.0096688271,-0.0068038106,0.0031232834
2021-08-03,VZ,-0.01983428,0.0092866421,-0.013329804
2021-08-03,WMT,-0.018841922,0.016056299,-0.0041843653
2021-08-04,AAPL,0.0416255,-0.0039206743,0.0056426525
2021-08-04,AMGN,0.010094285,0.02147603,-0.0030514002
2021-08-04,CRM,-0.034245133,0.020963192,-0.020594358
2021-08-04,CSCO,-0.027441084,0.0019104481,-0.026605189
2021-08-04,IBM,-0.0070238709,-0.0099482536,0.0050801039
2021-08-04,INTC,-0.021374881,0.017778873,-0.01086539
2021-08-04,MSFT,-0.010185957,-0.0013440251,-0.006795764
2021-08-04,NKE,-0.0079052448,0.0085054636,-0.01807034
2021-08-04,VZ,-0.041130722,-0.0046948791,0.008456111
2021-08-04,WMT,9.894371e-05,-0.001549542,-0.011252999
2021-08-05,AAPL,0.0058159828,0.02494359,0.010543108
2021-08-05,AMGN,-0.015579164,0.0053876638,0.018947721
2021-08-05,CRM,-0.03375262,-0.0001231432,-0.0045445561
2021-08-05,CSCO,-9.4711781e-05,0.020956397,-0.016015351
2021-08-05,IBM,-0.01530993,-0.00069624186,-0.0057799816
2021-08-05,INTC,0.0085175037,0.010162234,-0.0044333935
2021-08-05,MSFT,0.016245246,0.0085374117,-0.016520917
2021-08-05,NKE,0.0039843321,-0.0016794205,-0.011894345
2021-08-05,VZ,0.0063977242,0.005187273,0.0036326647
2021-08-05,WMT,-0.022945404,0.0092424154,0.01138556
2021-08-06,AAPL,0.0098582506,-0.01568675,-0.019219518
2021-08-06,AMGN,-0.038984716,0.0016493797,0.00056540966
2021-08-06,CRM,-0.028854907,-0.0027887821,-0.021291375
2021-08-06,CSCO,-0.0091049075,0.0066076517,0.00052070618
2021-08-06,IBM,0.0011905432,0.0060817003,0.0058906078
2021-08-06,INTC,-0.012776911,0.019568801,-0.022347093
2021-08-06,MSFT,0.010066509,0.0037654638,-0.01414001
2021-08-06,NKE,0.023681879,0.029851198,0.0010271072
2021-08-06,VZ,0.013881922,0.0087846518,-0.0026350021
2021-08-06,WMT,0.0063747168,0.0068576336,-0.015489161
2021-08-09,AAPL,-0.027481496,-0.0046362281,-0.0091241002
2021-08-09,AMGN,-0.010164857,0.016293406,0.0033789873
2021-08-09,CRM,0.00016784668,-0.018978477,0.017040253
2021-08-09,CSCO,-0.0096993446,0.0096511841,-0.0023326278
2021-08-09,IBM,-0.025865376,0.0097631216,0.0017552376
2021-08-09,INTC,-0.019685328,-0.00032550097,-0.010698259
2021-08-09,MSFT,0.012033224,0.00037884712,-0.013229787
2021-08-09,NKE,0.0049632788,0.012215495,-0.028115451
2021-08-09,VZ,-0.00208956,0.0012452602,0.011722326
2021-08-09,WMT,-0.01660502,0.0055062771,0.00033760071
2021-08-10,AAPL,-0.031181157,0.012521029,0.0061342716
2021-08-10,AMGN,-0.021491289,0.021282315,-0.0031459332
2021-08-10,CRM,-0.0097513795,-0.0020276308,-0.018855155
2021-08-10,CSCO,0.0039827824,0.0020451546,-0.015778542
2021-08-10,IBM,0.011053562,0.0051518679,-0.0030162334
2021-08-10,INTC,0.035058856,0.0091422796,-0.0013343096
2021-08-10,MSFT,0.025281549,0.014332533,-0.0080788136
2021-08-10,NKE,0.025685906,0.024657369,-0.0035477877
2021-08-10,VZ,0.0080560446,0.012871981,-0.01740551
2021-08-10,WMT,-0.0029755235,0.0084922314,-0.013053596
2021-08-11,AAPL,0.01546979,-0.00089883804,-0.0097668171
2021-08-11,AMGN,0.0099927187,0.015758753,-0.011876225
2021-08-11,CRM,-0.01158011,0.0012328625,-0.0065622926
2021-08-11,CSCO,-0.0017263293,0.0038460493,0.0078277588
2021-08-11,IBM,0.016181707,0.004958868,0.0039045811
2021-08-11,INTC,-0.0074071288,-0.0016011596,0.0027782917
2021-08-11,MSFT,0.0029884577,0.0031312704,-0.019108057
2021-08-11,NKE,0.010516882,0.017955542,-0.0090940595
2021-08-11,VZ,-0.010078311,0.0011492968,-0.010575533
2021-08-11,WMT,0.011498928,0.023343325,-0.01391983
2021-08-12,AAPL,0.0052118301,-0.014315188,0.016022563
2021-08-12,AMGN,-0.026286483,0.0090727806,0.010953665
2021-08-12,CRM,-0.017286777,0.0005594492,-0.0017805099
2021-08-12,CSCO,-0.0089374781,0.0070976019,-0.0012097955
2021-08-12,IBM,-0.0085689425,-0.0011567473,-0.010858357
2021-08-12,INTC,-0.00023394823,0.0083271265,-0.015880227
2021-08-12,MSFT,0.012899995,-0.00041180849,-0.011167169
2021-08-12,NKE,0.0048222542,0.0047184229,0.0030220747
2021-08-12,VZ,-0.026110291,0.01071918,-0.028053761
2021-08-12,WMT,-0.029384136,0.0068612099,-0.0081129074
2021-08-13,AAPL,-0.024542689,0.015945792,-0.0033100247
2021-08-13,AMGN,0.018479347,0.018467188,-0.010495484
2021-08-13,CRM,-0.03171891,-0.007470727,-0.016988575
2021-08-13,CSCO,0.0013246536,0.0052572489,-0.010962129
2021-08-13,IBM,-0.00044846535,-0.0049815178,-0.0020230412
2021-08-13,INTC,-0.026515305,0.015825152,-0.013844848
2021-08-13,MSFT,-0.018705606,0.014412045,0.0015664101
2021-08-13,NKE,-0.020321906,0.0070515871,0.0011388063
2021-08-13,VZ,0.022297144,0.019215703,-0.00074654818
2021-08-13,WMT,-0.013297737,0.0016769171,0.0055112839
2021-08-16,AAPL,-0.031331837,0.023802519,-0.012084246
2021-08-16,AMGN,0.0062103271,0.014155984,-0.0033200383
2021-08-16,CRM,-0.033903897,0.0052651167,-0.042079628
2021-08-16,CSCO,0.0081945658,0.0013055801,0.00091040134
2021-08-16,IBM,-0.020461857,0.01174283,0.01452136
2021-08-16,INTC,-0.012043953,0.0097856522,-0.0062104464
2021-08-16,MSFT,0.0068465471,0.0030226707,-0.00037646294
2021-08-16,NKE,0.039880157,0.0060448647,-0.01186341
2021-08-16,VZ,0.002217412,0.01605773,-0.012194276
2021-08-16,WMT,0.0059013367,0.015862942,-0.016641557
2021-08-17,AAPL,-0.0007353425,0.0064686537,0.0047006607
2021-08-17,AMGN,0.0042845011,0.020244479,-0.0019261241
2021-08-17,CRM,-0.038512051,0.0020439625,-0.018994987
2021-08-17,CSCO,-0.00881809,0.019616604,-0.0079487562
2021-08-17,IBM,0.0023189783,0.0034966469,-0.020068049
2021-08-17,INTC,0.028026104,-0.0080989003,0.0040358305
2021-08-17,MSFT,0.040741086,-0.0030832887,-0.0014017224
2021-08-17,NKE,0.004732728,-0.0059426427,-0.014750719
2021-08-17,VZ,-0.014767945,0.015678883,-0.008004725
2021-08-17,WMT,-0.019303143,-0.00061559677,-0.008885324
2021-08-18,AAPL,0.0042146444,0.017752171,-0.0069517493
2021-08-18,AMGN,-0.0048956871,0.011766076,-0.011827826
2021-08-18,CRM,0.017000198,0.0032055378,-0.014842689
2021-08-18,CSCO,0.0064213276,0.007599473,0.00091600418
2021-08-18,IBM,-0.0058295727,0.023916721,0.0047243834
2021-08-18,INTC,-0.021754205,0.017730832,0.0077517033
2021-08-18,MSFT,-0.010640502,3.027916e-05,-0.016153157
2021-08-18,NKE,0.0058026314,-0.012455702,-0.017615497
2021-08-18,VZ,0.0059963465,0.011372685,-0.0069388747
2021-08-18,WMT,0.0098268986,0.013883471,0.007473588
2021-08-19,AAPL,0.015476227,0.029058814,-0.0045868754
2021-08-19,AMGN,0.0041062832,0.016579509,-0.013704658
2021-08-19,CRM,0.026714206,0.020703554,-0.027018785
2021-08-19,CSCO,0.0087121725,0.017899036,-0.013262212
2021-08-19,IBM,-0.0045219064,0.0081795454,-0.0068689585
2021-08-19,INTC,-0.00095742941,0.0082396269,-0.020339191
2021-08-19,MSFT,-0.020172834,0.002270937,-0.01982075
2021-08-19,NKE,0.012505531,-0.0085885525,-0.010028243
2021-08-19,VZ,-0.013707876,0.0076711178,-0.018126547
2021-08-19,WMT,-0.015162647,0.014544487,-0.0043616295
2021-08-20,AAPL,-0.016810417,0.0050752163,0.0031460524
2021-08-20,AMGN,-0.026114166,0.011158943,-0.023743212
2021-08-20,CRM,-0.0092264414,0.0055160522,-0.010251582
2021-08-20,CSCO,0.0036195517,-0.0073646903,-0.015701354
2021-08-20,IBM,-0.022796929,0.012403488,-0.014390588
2021-08-20,INTC,-0.02313441,0.043691754,0.0089395046
2021-08-20,MSFT,-0.022362828,-0.011558056,-0.0011337399
2021-08-20,NKE,-0.00040644407,0.014579654,-0.014225483
2021-08-20,VZ,-0.0096637011,0.0081584454,-0.028716326
2021-08-20,WMT,-0.010969937,0.008800149,-0.0032731295
2021-08-23,AAPL,-0.0076704621,0.017984033,-0.022438765
2021-08-23,AMGN,-0.0028588772,0.0042831898,-0.013713896
2021-08-23,CRM,0.015158772,0.0052284002,-0.025889814
2021-08-23,CSCO,-0.0086129308,-0.012809575,-0.0089420676
2021-08-23,IBM,0.011559963,0.0022209883,0.0025987625
2021-08-23,INTC,-0.011064768,0.0096161366,0.0038741827
2021-08-23,MSFT,0.013560772,0.0077255964,0.0053226948
2021-08-23,NKE,-0.033662856,0.0036686659,-0.019956172
2021-08-23,VZ,-0.0018311143,0.017960906,-0.017825603
2021-08-23,WMT,-0.013292909,0.0058400631,-0.021599114
2021-08-24,AAPL,0.0036828518,0.0071451664,-0.0079146624
2021-08-24,AMGN,0.0042426586,0.010038376,-0.012604773
2021-08-24,CRM,-0.0098643303,0.030731916,-0.017890632
2021-08-24,CSCO,0.015794516,-0.0034257174,-0.0002797842
2021-08-24,IBM,-0.021881342,0.0066316128,-1.8298626e-05
2021-08-24,INTC,-0.018862009,0.0080417395,-0.0063518882
2021-08-24,MSFT,0.020099521,0.0011695623,-0.015098929
2021-08-24,NKE,0.024616361,0.015455127,-0.027999938
2021-08-24,VZ,0.00045025349,0.013426185,-0.015586138
2021-08-24,WMT,-0.014068484,0.0033060312,0.014960885
2021-08-25,AAPL,0.027745962,0.0050275326,-0.0030531883
2021-08-25,AMGN,-0.021077096,0.015429974,-0.018650532
2021-08-25,CRM,0.041565537,0.001388669,-0.03682512
2021-08-25,CSCO,-0.0022073388,-0.010420859,-0.00058180094
2021-08-25,IBM,0.0029098988,0.006043911,-0.0035787821
2021-08-25,INTC,0.044591665,0.0055891275,-0.0028342605
2021-08-25,MSFT,0.0068757534,0.01792562,-0.011691391
2021-08-25,NKE,-0.020926356,-0.0023488998,-0.013651013
2021-08-25,VZ,-0.021794975,0.014705658,-0.01234895
2021-08-25,WMT,0.0015608072,0.0094413757,-0.008077085
2021-08-26,AAPL,0.020378709,0.0080952644,-0.016504705
2021-08-26,AMGN,-0.0083031058,0.018772483,-0.019523084
2021-08-26,CRM,-0.029367089,0.017858624,-0.00079804659
2021-08-26,CSCO,-0.020638108,0.012001157,-0.020641088
2021-08-26,IBM,-0.017369986,0.0019079447,-0.0074936748
2021-08-26,INTC,2.3961067e-05,0.0055098534,-0.029020309
2021-08-26,MSFT,0.0047534704,0.024538398,0.0079997778
2021-08-26,NKE,0.0076261759,-0.0040139556,-0.0038394332
2021-08-26,VZ,-0.016894042,-0.011568964,-0.0026271343
2021-08-26,WMT,-0.01944083,0.0072555542,-0.013803661
2021-08-27,AAPL,-0.029796958,0.0056072474,-0.0072747469
2021-08-27,AMGN,0.0046107769,-0.0064818859,-0.0094787478
2021-08-27,CRM,-0.012559116,0.0037072897,-0.03068471
2021-08-27,CSCO,-0.0056778789,0.0045418739,-0.003769815
2021-08-27,IBM,-0.015597939,0.018874407,-0.00011777878
2021-08-27,INTC,0.0029542446,0.0054591894,-0.013370872
2021-08-27,MSFT,-0.0057577491,0.015193939,-0.0091798902
2021-08-27,NKE,-0.011461973,-0.0081113577,-0.025143445
2021-08-27,VZ,-0.013240695,0.0090668201,0.010290861
2021-08-27,WMT,-0.0092947483,0.00032770634,0.0086157322
2021-08-30,AAPL,-0.0065281987,0.0019397736,-0.028116405
2021-08-30,AMGN,-0.017430425,0.03792727,-0.0091050863
2021-08-30,CRM,0.00038433075,0.018383741,-0.011635661
2021-08-30,CSCO,7.4982643e-05,0.027092218,0.0050196648
2021-08-30,IBM,-0.012823164,0.006518364,-0.0062163472
2021-08-30,INTC,0.018002152,-0.010025263,-0.017611384
2021-08-30,MSFT,0.014583707,0.0025055408,-0.020249784
2021-08-30,NKE,0.0032193661,0.00043070316,-0.0052499175
2021-08-30,VZ,0.0094968081,0.014253736,-0.016496003
2021-08-30,WMT,0.029648304,-0.0014810562,-0.0092669725
2021-08-31,AAPL,-0.0021173358,0.017289519,-0.03252095
2021-08-31,AMGN,0.0069867373,0.0025323629,-0.0060411692
2021-08-31,CRM,0.013843656,0.005308032,-0.028850973
2021-08-31,CSCO,0.038843632,0.0040431023,-0.012086391
2021-08-31,IBM,-0.012483597,-0.0092131495,-0.0093185902
2021-08-31,INTC,-0.021272898,0.0055603981,-0.02298522
2021-08-31,MSFT,0.013604283,0.0050517321,-0.0045272112
2021-08-31,NKE,-0.024032116,-0.0053956509,-0.0030900836
2021-08-31,VZ,-0.008421123,0.0064136982,-0.0048455
2021-08-31,WMT,-0.0048747659,0.0083426237,-0.014686346
2021-09-01,AAPL,-0.0004067421,0.019024014,-0.014506698
2021-09-01,AMGN,0.0088020563,-0.00037151575,-0.0039185286
2021-09-01,CRM,-0.027292788,0.037566304,-0.0095678568
2021-09-01,CSCO,-0.015340626,-0.00012344122,0.0033069849
2021-09-01,IBM,0.010969639,0.011931419,-0.016355753
2021-09-01,INTC,-0.0054158568,0.022909164,0.0022035837
2021-09-01,MSFT,0.0026761293,-0.00050789118,-0.018408716
2021-09-01,NKE,-0.017876923,0.0012083054,-0.0005671382
2021-09-01,VZ,-0.0090503693,0.0016247034,-0.0078679919
2021-09-01,WMT,-0.0082349777,-0.012479305,0.024297118
2021-09-02,AAPL,-0.01131022,-0.0073053241,-0.033001006
2021-09-02,AMGN,-0.013094306,0.026527524,-0.0057148337
2021-09-02,CRM,-0.0229581,0.015327454,-0.020839095
2021-09-02,CSCO,0.0068384409,0.0037698746,0.00022506714
2021-09-02,IBM,0.016128421,0.0012199879,-0.0079153776
2021-09-02,INTC,-0.015093923,-0.0038298368,-0.0050724149
2021-09-02,MSFT,-0.010412574,0.018892765,-0.013204753
2021-09-02,NKE,0.036948919,0.0087212324,0.003118515
2021-09-02,VZ,0.013952613,0.011293173,-0.0083195567
2021-09-02,WMT,-0.013096929,0.0078123808,-0.0035222173
2021-09-03,AAPL,0.016196728,0.018785,-0.0092597008
2021-09-03,AMGN,0.0050170422,0.0029354095,-0.0067652464
2021-09-03,CRM,-0.033538997,-0.014440536,-0.013266861
2021-09-03,CSCO,-0.034930706,-0.0074578524,-0.012146294
2021-09-03,IBM,0.0060626268,0.0085878372,-0.0019690394
2021-09-03,INTC,-0.0083207488,-0.0002078414,-0.021235108
2021-09-03,MSFT,-0.020869255,-0.0051934123,-0.023794293
2021-09-03,NKE,-0.011404514,-0.00053876638,-0.010008693
2021-09-03,VZ,-0.018954396,0.006641984,-0.022850633
2021-09-03,WMT,-0.017259121,0.014403939,-0.0045597553
2021-09-07,AAPL,0.028504014,0.017688394,-0.024365723
2021-09-07,AMGN,-0.030992568,0.015129089,-0.0078057051
2021-09-07,CRM,0.030716181,-0.0080155134,-0.024303138
2021-09-07,CSCO,0.010160446,0.018621445,0.0019375086
2021-09-07,IBM,-0.010353804,0.011809111,-0.01265198
2021-09-07,INTC,0.011311531,0.0064810514,-0.0042594075
2021-09-07,MSFT,0.020827413,-0.013686597,0.0080710649
2021-09-07,NKE,-0.0370965,0.0057954788,0.0082541704
2021-09-07,VZ,-0.0036213398,0.0069955587,0.00085353851
2021-09-07,WMT,-0.0027617216,0.010319829,-0.0076255798
2021-09-08,AAPL,0.024999738,0.019996762,-0.012189984
2021-09-08,AMGN,0.0066933632,0.013202786,-0.010223329
2021-09-08,CRM,-9.1731548e-05,-0.004347086,-0.016937852
2021-09-08,CSCO,0.014196873,0.015082002,-0.01376009
2021-09-08,IBM,0.0096838474,-0.010703266,-0.0057346225
2021-09-08,INTC,-0.016903996,0.00081586838,-0.015389681
2021-09-08,MSFT,-0.015677989,0.0035529137,-0.013898849
2021-09-08,NKE,0.019723177,0.014931679,-0.019369841
2021-09-08,VZ,-0.00029546022,0.0058717728,0.0022462606
2021-09-08,WMT,-0.016787887,-0.0024307966,-0.0072675347
2021-09-09,AAPL,-0.016173422,0.025190353,-0.018567383
2021-09-09,AMGN,0.003143549,0.0019323826,-0.009339869
2021-09-09,CRM,-0.0014927387,0.0029965639,-0.0011769533
2021-09-09,CSCO,-0.0050629377,-0.015388489,-0.0052243471
2021-09-09,IBM,0.0021831989,-0.0036092997,-0.0029560924
2021-09-09,INTC,-0.0044468641,0.026758671,-0.026071846
2021-09-09,MSFT,0.0019207001,0.033902764,-0.019887924
2021-09-09,NKE,-0.0011335611,0.032282948,-0.029444039
2021-09-09,VZ,-0.0038415194,0.004778266,-0.0082250834
2021-09-09,WMT,-0.018682003,-0.011768758,-0.00149858
2021-09-10,AAPL,0.0022361279,0.0021953583,-0.0061281919
2021-09-10,AMGN,0.0012462139,0.0066981316,-0.021891296
2021-09-10,CRM,0.00022518635,-0.014718235,-0.0075212717
2021-09-10,CSCO,0.03038156,0.016754389,-0.00038766861
2021-09-10,IBM,-0.01667434,-0.01157403,-0.0066586733
2021-09-10,INTC,-0.013567209,0.0045465231,-0.017637432
2021-09-10,MSFT,0.013672829,-0.0095210671,-0.014384985
2021-09-10,NKE,0.005190134,0.018420577,-0.0025478005
2021-09-10,VZ,-0.0028558969,0.018391967,0.0059138536
2021-09-10,WMT,-0.0004838109,0.0057644844,-0.0046595931
2021-09-13,AAPL,-0.01300019,0.0087087154,-0.008445859
2021-09-13,AMGN,0.014264345,0.0087859631,-0.014198244
2021-09-13,CRM,-0.025280237,-0.018297613,-0.02977103
2021-09-13,CSCO,0.031000614,0.013139129,0.00011980534
2021-09-13,IBM,-0.0096662045,0.019456744,-0.0016553998
2021-09-13,INTC,0.010910034,0.0031938553,0.0077127218
2021-09-13,MSFT,0.015598536,0.010038018,-0.010731995
2021-09-13,NKE,-0.022365928,-0.0018359423,0.0033537149
2021-09-13,VZ,-0.026288688,-0.0097334385,-0.0016502142
2021-09-13,WMT,0.0019575357,0.011192799,0.013113141
2021-09-14,AAPL,0.0015397072,-0.0057739615,-0.017511606
2021-09-14,AMGN,-0.017444074,0.0029714108,-0.0192554
2021-09-14,CRM,0.015321493,0.023007989,-0.034407318
2021-09-14,CSCO,-0.0092285275,0.012779951,0.0045547485
2021-09-14,IBM,-0.026678383,0.0040184259,-0.015611827
2021-09-14,INTC,0.0034294128,0.00086331367,-0.0069256425
2021-09-14,MSFT,0.0062115192,0.011377215,-0.0062097907
2021-09-14,NKE,0.029462934,0.0033663511,-0.0040259361
2021-09-14,VZ,-0.016544402,0.011341691,-0.000651896
2021-09-14,WMT,-0.0099027753,0.019910097,-0.0012270808
2021-09-15,AAPL,0.013709545,0.012132525,0.001257658
2021-09-15,AMGN,-0.0099437833,-0.0029616952,0.0046612024
2021-09-15,CRM,-0.049007416,-0.00085675716,-0.013804317
2021-09-15,CSCO,0.001116395,0.0065721273,-0.010628104
2021-09-15,IBM,0.022825599,0.0019907951,-0.01767689
2021-09-15,INTC,-0.0047062039,0.027920842,-0.015906632
2021-09-15,MSFT,-0.0086369514,0.012849569,0.0031052828
2021-09-15,NKE,-0.011819184,0.0077801943,-0.011110902
2021-09-15,VZ,0.0066882372,0.022480011,0.007588625
2021-09-15,WMT,0.0069922209,0.021276236,0.0011392832
2021-09-16,AAPL,-0.0011808276,-0.010273159,-0.0035934448
2021-09-16,AMGN,-0.024097264,0.02925539,-0.012603819
2021-09-16,CRM,0.0095847845,-0.020574093,0.028570056
2021-09-16,CSCO,-0.03414911,-0.0026893616,-0.01453954
2021-09-16,IBM,-0.022877812,0.0054802895,-0.0016944408
2021-09-16,INTC,0.015372992,-0.0038100481,0.0021271706
2021-09-16,MSFT,-0.0024741888,0.0082632303,0.0064674616
2021-09-16,NKE,-0.00073814392,0.0010211468,-0.022003233
2021-09-16,VZ,0.0065122843,0.0083935261,-0.011505902
2021-09-16,WMT,-0.0079485178,0.011253595,-0.020110726
2021-09-17,AAPL,-0.013705134,-0.010092556,-0.0087287426
2021-09-17,AMGN,-0.019431114,0.011570334,-0.0052641034
2021-09-17,CRM,0.020328403,0.010155797,-0.018914759
2021-09-17,CSCO,-0.00011658669,-0.0028249025,-0.029328883
2021-09-17,IBM,-0.00084644556,0.024720311,-0.0011234879
2021-09-17,INTC,0.013703823,-0.009322226,-0.0076838732
2021-09-17,MSFT,0.0083283186,0.0022102594,-0.015186906
2021-09-17,NKE,0.02855444,-0.0085411072,-0.008898735
2021-09-17,VZ,-0.010290563,0.0087368488,-0.0015279651
2021-09-17,WMT,-0.023085713,0.0065290928,-0.013431191
2021-09-20,AAPL,0.025606155,-0.0050976872,-0.026591718
2021-09-20,AMGN,-0.0094946623,0.001278758,-0.023150325
2021-09-20,CRM,0.003313303,-0.010930419,0.016518712
2021-09-20,CSCO,-0.00085765123,-0.00078994036,-0.0089536905
2021-09-20,IBM,-0.0072087049,0.0078846216,-0.010331154
2021-09-20,INTC,-0.01164943,0.016878247,-0.0012997389
2021-09-20,MSFT,0.0078331232,0.0040878057,-0.0011526346
2021-09-20,NKE,0.028894544,0.010108352,-0.022337735
2021-09-20,VZ,-0.013697624,0.010910153,0.014513016
2021-09-20,WMT,0.0080565214,0.00051307678,0.0021247864
2021-09-21,AAPL,-0.023200929,-0.00032424927,-0.036357641
2021-09-21,AMGN,0.00097203255,0.016072631,-0.025460482
2021-09-21,CRM,-0.039001167,0.027038693,-0.016464233
2021-09-21,CSCO,0.010779142,0.00054061413,0.0070232153
2021-09-21,IBM,0.01568222,0.011261344,-0.0033786893
2021-09-21,INTC,-0.011051476,-0.001603961,-0.018349171
2021-09-21,MSFT,0.0061969757,-0.0086518526,-0.0061606169
2021-09-21,NKE,-0.02910912,0.013584971,0.0058329105
2021-09-21,VZ,-0.013199508,0.012322664,-0.013024986
2021-09-21,WMT,-0.015225351,0.0055721998,0.0012431145
2021-09-22,AAPL,0.020637751,-0.0022366643,0.006998539
2021-09-22,AMGN,0.00063729286,0.003494978,0.0014288425
2021-09-22,CRM,-0.002797544,0.015516758,-0.018120468
2021-09-22,CSCO,-0.00023585558,-0.0029770136,-0.011311114
2021-09-22,IBM,-0.018633246,0.010738134,-0.014638782
2021-09-22,INTC,0.029430151,0.0068149567,-0.006393671
2021-09-22,MSFT,0.0228194,0.014932871,0.0011017323
2021-09-22,NKE,0.0079449415,0.0045170784,0.00078177452
2021-09-22,VZ,-0.03016299,0.0015597343,-0.019719958
2021-09-22,WMT,-0.014200985,0.0047696829,-9.059906e-06
2021-09-23,AAPL,-0.022326827,0.010132432,-0.034912109
2021-09-23,AMGN,-0.0094921589,0.010974646,-0.0050451756
2021-09-23,CRM,0.045485258,0.031644702,0.0059241056
2021-09-23,CSCO,0.0094938278,0.030343294,-0.041228294
2021-09-23,IBM,-0.0087567568,-0.0034137368,0.0051337481
2021-09-23,INTC,-0.041826129,0.0078604221,-0.017330945
2021-09-23,MSFT,0.027365208,0.017906189,-0.013096392
2021-09-23,NKE,0.007758975,0.0034025908,-0.029700994
2021-09-23,VZ,-0.0082709193,0.020116687,0.0021700859
2021-09-23,WMT,-0.016058445,0.0041891336,-0.021081448
2021-09-24,AAPL,-0.00071036816,0.011956692,-0.018570781
2021-09-24,AMGN,-0.032447636,0.0052098036,-0.0067476034
2021-09-24,CRM,-0.00030684471,-0.01155895,-0.014253497
2021-09-24,CSCO,-0.0085756779,-0.0027240515,-0.011241496
2021-09-24,IBM,-0.025042534,0.0030107498,-0.0096524358
2021-09-24,INTC,0.025834441,0.0014457703,-0.003038466
2021-09-24,MSFT,-0.011425972,0.0045096874,0.010635257
2021-09-24,NKE,-0.0026329756,-0.0028834343,-0.01308161
2021-09-24,VZ,0.0050239563,0.0021202564,0.0046052933
2021-09-24,WMT,-0.019838631,0.019528985,-0.013319016
2021-09-27,AAPL,0.016606092,-0.00069475174,-0.010687828
2021-09-27,AMGN,-0.021151185,0.0065921545,0.0076379776
2021-09-27,CRM,-0.032059073,-0.0031093359,-0.0045487881
2021-09-27,CSCO,-0.0014699101,0.010129452,0.0012947321
2021-09-27,IBM,0.0082218647,0.0033172369,-0.0080779791
2021-09-27,INTC,0.013327479,0.041344047,-0.0081143379
2021-09-27,MSFT,0.020645022,0.0069847107,0.0070288181
2021-09-27,NKE,-0.028811336,0.0032571554,-0.016240299
2021-09-27,VZ,0.020129085,0.014068246,-0.0018126369
2021-09-27,WMT,-0.0024760365,-0.0021229982,0.0024228096
2021-09-28,AAPL,-0.0091351867,0.002101779,-0.021073222
2021-09-28,AMGN,0.010573983,0.014338851,0.01919663
2021-09-28,CRM,-0.0009637475,0.00788486,-0.021223485
2021-09-28,CSCO,-0.02652353,0.020580888,-0.0041175485
2021-09-28,IBM,-0.0091978312,-0.00090104342,-0.0043520331
2021-09-28,INTC,0.019635797,-0.00045162439,-0.017246187
2021-09-28,MSFT,-0.018294573,0.010850549,-0.012178659
2021-09-28,NKE,-0.0019667745,0.0055197477,-0.0057236552
2021-09-28,VZ,0.0015673637,0.013749242,-0.012929738
2021-09-28,WMT,-0.0099469423,0.010829449,-0.015563071
2021-09-29,AAPL,-0.0073333383,-0.0077399015,-0.0092566609
2021-09-29,AMGN,-0.019561768,0.020389199,-0.012287438
2021-09-29,CRM,-0.0086507797,-0.0067507625,-0.015849471
2021-09-29,CSCO,-0.013593733,0.028228521,-0.0091276765
2021-09-29,IBM,-0.014860868,0.0018616915,-0.01033324
2021-09-29,INTC,-0.0098029971,0.019802332,-0.012573183
2021-09-29,MSFT,-0.023020744,0.019971609,-0.0079091787
2021-09-29,NKE,0.017571807,0.0029718876,0.0042458773
2021-09-29,VZ,-0.012398839,0.019133925,-0.010576665
2021-09-29,WMT,0.020160794,-0.0084955692,0.00020217896
2021-09-30,AAPL,0.037178516,0.012138367,-0.032241046
2021-09-30,AMGN,0.0054414272,0.00024521351,-0.0035411119
2021-09-30,CRM,-0.011195779,-0.0041985512,-0.020413995
2021-09-30,CSCO,-0.0049802661,0.0025020838,-0.0069828629
2021-09-30,IBM,0.0057737827,-0.00082373619,-0.013700247
2021-09-30,INTC,-0.0064092875,0.0069100857,-0.014983177
2021-09-30,MSFT,0.00060629845,0.018147945,-0.0018129945
2021-09-30,NKE,0.0081933737,0.0051882267,-0.0092433691
2021-09-30,VZ,-0.00621593,0.00072455406,-0.006106019
2021-09-30,WMT,-0.018052399,0.015464783,-0.012432992
2021-10-01,AAPL,0.021951914,0.021649241,-0.019931614
2021-10-01,AMGN,0.016377568,0.030576706,0.0035276413
2021-10-01,CRM,0.004357934,0.015459895,-0.010560036
2021-10-01,CSCO,2.3722649e-05,0.017091751,-0.011881948
2021-10-01,IBM,0.017166018,0.0082553625,-0.0091338158
2021-10-01,INTC,0.0067629814,-0.0031446815,-0.02673161
2021-10-01,MSFT,-0.0055481791,-0.0022487044,0.017287493
2021-10-01,NKE,-0.012412727,0.0069394112,0.014159441
2021-10-01,VZ,-0.0061337352,0.010784864,-0.00877738
2021-10-01,WMT,-0.0029228926,0.027364492,-0.0070498586
2021-10-04,AAPL,0.0039746761,0.010440588,-0.02134347
2021-10-04,AMGN,-0.014240801,0.021117806,0.006436348
2021-10-04,CRM,0.029347539,0.002595067,-0.0057560205
2021-10-04,CSCO,-0.0035641789,0.011273265,-0.005360961
2021-10-04,IBM,0.0023326874,0.0031228065,0.014933109
2021-10-04,INTC,-0.017592251,0.0060622692,-0.027204335
2021-10-04,MSFT,-0.0047594905,0.016000986,-0.0029725432
2021-10-04,NKE,0.026023149,0.016092777,-0.0089972019
2021-10-04,VZ,-0.0015905499,-0.0003914237,-0.0081025958
2021-10-04,WMT,-0.015992284,0.0013215542,-0.008687973
2021-10-05,AAPL,0.047499537,0.019343734,-0.010481298
2021-10-05,AMGN,-0.0043663979,-0.0041876435,-0.02244556
2021-10-05,CRM,-0.00098705292,0.010061622,-0.016407549
2021-10-05,CSCO,0.013355732,0.01294148,-0.00053399801
2021-10-05,IBM,-0.027170777,-0.0092607737,0.014410257
2021-10-05,INTC,0.015920043,0.015305996,-0.00023025274
2021-10-05,MSFT,-0.019701779,0.01152432,-0.019646287
2021-10-05,NKE,-0.031104803,0.0059782267,-0.012826085
2021-10-05,VZ,0.00062930584,0.0066337585,0.0090401173
2021-10-05,WMT,0.0030354261,0.010024071,-0.0059296489
2021-10-06,AAPL,0.028840661,0.013664007,-0.0059638023
2021-10-06,AMGN,0.0010006428,0.024431348,-0.014230311
2021-10-06,CRM,0.047663569,0.018992543,-0.0054814219
2021-10-06,CSCO,-0.014959157,0.0026232004,-0.0061925054
2021-10-06,IBM,-0.0277583,0.028730512,-0.0018291473
2021-10-06,INTC,0.0096753836,-0.0040952563,-0.0038507581
2021-10-06,MSFT,-0.0075380802,0.024416208,-0.009067893
2021-10-06,NKE,-0.011184812,0.015149593,-0.004483223
2021-10-06,VZ,0.023675442,-0.0013132691,-0.020416856
2021-10-06,WMT,-0.020523906,0.0020825863,-0.0040199757
2021-10-07,AAPL,0.0049564838,0.014234543,-0.0034690499
2021-10-07,AMGN,-0.025053442,-0.0017182827,-0.0049647093
2021-10-07,CRM,0.01627183,0.024082661,0.0080814362
2021-10-07,CSCO,-0.019428968,0.012833595,-0.014269173
2021-10-07,IBM,-0.012875438,0.023981214,-0.010412991
2021-10-07,INTC,-0.028141737,-0.0025516748,-0.0069664717
2021-10-07,MSFT,0.013716459,0.0026693344,-0.02543205
2021-10-07,NKE,-0.00022912025,0.021158695,0.0048778057
2021-10-07,VZ,-0.0086266398,-0.0053574443,-0.010734797
2021-10-07,WMT,0.0057998896,0.012352109,-0.0032847524
2021-10-08,AAPL,-0.011501074,0.015405059,-0.010941207
2021-10-08,AMGN,-0.0071495175,0.00050926208,-0.0062139034
2021-10-08,CRM,0.016946435,0.010156393,-0.014828622
2021-10-08,CSCO,-7.6174736e-05,0.0006455183,-0.0067344308
2021-10-08,IBM,0.0043022633,0.016587019,0.0048074722
2021-10-08,INTC,0.031322837,0.003824234,-0.0022445321
2021-10-08,MSFT,0.0047565699,0.011718988,-0.014607131
2021-10-08,NKE,-0.017801225,0.024458289,0.0021734238
2021-10-08,VZ,0.015036345,0.018435478,-0.02174592
2021-10-08,WMT,0.003469348,0.014481664,-0.0022500753
2021-10-11,AAPL,0.020262837,-0.0087354779,-0.017690182
2021-10-11,AMGN,-0.012210548,0.0072655678,-0.013330579
2021-10-11,CRM,0.010874748,-0.0075686574,-0.023898661
2021-10-11,CSCO,-0.017471552,0.0067110062,0.016162276
2021-10-11,IBM,0.021566749,0.016357064,-0.004899919
2021-10-11,INTC,-0.00055587292,0.0044556856,-0.012561142
2021-10-11,MSFT,-0.00073391199,-0.0072587729,-0.0010886192
2021-10-11,NKE,-0.015504181,0.014508247,-0.013137937
2021-10-11,VZ,0.011773586,0.024015069,-0.0063798428
2021-10-11,WMT,0.001868248,0.017017722,-0.012012303
2021-10-12,AAPL,0.0081392527,0.0026255846,-0.016713321
2021-10-12,AMGN,0.0010546446,0.012021542,-0.0051294565
2021-10-12,CRM,0.050778627,0.030068636,-0.014233887
2021-10-12,CSCO,-0.0019466281,-0.01888454,-0.0083495975
2021-10-12,IBM,0.00055801868,-0.010938227,0.013658285
2021-10-12,INTC,-0.02979213,0.025307178,-0.033354819
2021-10-12,MSFT,0.022200465,0.016768336,-0.036034167
2021-10-12,NKE,-0.035306513,0.0022910833,-0.0044304132
2021-10-12,VZ,-0.03130585,0.0084781647,0.015990734
2021-10-12,WMT,-0.00022011995,0.0066875219,-0.0074040294
2021-10-13,AAPL,-0.005906105,0.012005925,-0.039755881
2021-10-13,AMGN,0.0025672913,-0.0028225183,0.0017967224
2021-10-13,CRM,0.032270193,-0.0012044907,0.016455293
2021-10-13,CSCO,-0.009819746,0.011092305,-0.0010691881
2021-10-13,IBM,0.010610223,0.00018370152,-0.0092320442
2021-10-13,INTC,-0.0015853047,-0.0041859746,0.0035003424
2021-10-13,MSFT,-0.018498003,0.010282755,-0.018654466
2021-10-13,NKE,0.00073707104,0.023553014,-0.003310442
2021-10-13,VZ,0.015402555,0.0069277287,-0.020747006
2021-10-13,WMT,-0.0077036023,-0.0093425512,-0.014487982
2021-10-14,AAPL,0.016214967,-0.011024535,-0.0088226795
2021-10-14,AMGN,-0.023000717,0.018021703,-0.0033779144
2021-10-14,CRM,-0.0086912513,0.0095962286,-0.020137548
2021-10-14,CSCO,0.016046405,0.0015417337,-0.013339043
2021-10-14,IBM,0.0067620277,0.018640518,-0.013944924
2021-10-14,INTC,0.01070714,0.0067145824,0.010598779
2021-10-14,MSFT,0.012795925,0.0099412203,-0.02129513
2021-10-14,NKE,-0.021630406,-0.011476457,-0.02041471
2021-10-14,VZ,-0.0065889955,0.017509818,-0.010057449
2021-10-14,WMT,-0.00023591518,0.0078334808,-0.0041865706
2021-10-15,AAPL,0.040419221,-0.0033298135,-0.027875066
2021-10-15,AMGN,-0.026827574,0.018797994,-0.011537015
2021-10-15,CRM,-0.032338977,0.015150785,-0.00086760521
2021-10-15,CSCO,0.0046675205,0.0054421425,0.0023225546
2021-10-15,IBM,-0.01105094,0.0078529119,-0.0042293668
2021-10-15,INTC,-0.023026288,0.010633111,-0.015992403
2021-10-15,MSFT,-0.00058722496,-0.011112809,-0.00049251318
2021-10-15,NKE,0.0089409351,0.018049955,0.0031126738
2021-10-15,VZ,-0.018974245,0.020193696,0.011234641
2021-10-15,WMT,-0.0021145344,0.0074905157,-0.013021052
2021-10-18,AAPL,7.1644783e-05,0.0006865263,-0.010797381
2021-10-18,AMGN,0.014528751,0.03774786,0.0014556646
2021-10-18,CRM,-0.020533144,0.025211334,-0.022428811
2021-10-18,CSCO,0.035546184,0.012706399,0.0088425875
2021-10-18,IBM,-0.0081062317,0.0065311193,0.0042544603
2021-10-18,INTC,0.040097594,0.0042754412,-0.018062174
2021-10-18,MSFT,0.0078760386,-0.0071254969,-0.0026633143
2021-10-18,NKE,0.0012214184,0.022415996,0.0021671057
2021-10-18,VZ,-0.003272593,0.017906189,-0.013207674
2021-10-18,WMT,-0.037353873,0.025037527,-0.010031044
2021-10-19,AAPL,0.016833782,0.0050281286,-0.017835677
2021-10-19,AMGN,0.026809096,0.0085463524,0.00016498566
2021-10-19,CRM,0.042445898,0.020384192,-0.01654309
2021-10-19,CSCO,-0.023332596,0.025497437,-0.014805555
2021-10-19,IBM,-0.0014182925,0.0040595531,-0.012376904
2021-10-19,INTC,0.0059731007,-0.0018019676,-0.018435419
2021-10-19,MSFT,-0.018941045,0.010258555,0.00097537041
2021-10-19,NKE,-0.014340818,0.010254741,0.014938951
2021-10-19,VZ,-0.0040228963,0.0030831099,-0.0134058
2021-10-19,WMT,-0.016079783,0.0084575415,-0.0067076087
2021-10-20,AAPL,0.015163779,0.0087690353,0.0026422739
2021-10-20,AMGN,-0.0034632087,0.025454879,-0.0056455135
2021-10-20,CRM,-0.018475294,-0.010026932,-0.038551748
2021-10-20,CSCO,-0.016229272,0.0035836697,-0.0074908137
2021-10-20,IBM,0.012061834,0.0033415556,-0.012765765
2021-10-20,INTC,0.032047033,0.0062000751,0.0011746883
2021-10-20,MSFT,-0.027409554,0.022442341,-0.012177706
2021-10-20,NKE,0.00034511089,0.01363349,-0.020753264
2021-10-20,VZ,-0.003687799,0.0017025471,-0.0034871101
2021-10-20,WMT,-0.0012362003,0.0019674301,0.0049396753
2021-10-21,AAPL,-0.0047564507,0.017302036,-0.010356784
2021-10-21,AMGN,0.011802077,0.0058997869,0.00045573711
2021-10-21,CRM,-0.011275887,0.0098013878,0.012813091
2021-10-21,CSCO,-0.010276794,0.0074127913,-0.0059922934
2021-10-21,IBM,0.019417405,0.014258623,0.0067580938
2021-10-21,INTC,0.026114821,0.01523602,-0.0074411631
2021-10-21,MSFT,-0.039370596,0.01958549,0.00098025799
2021-10-21,NKE,0.0045615435,0.0010070801,-0.024554372
2021-10-21,VZ,-0.0071889162,0.011757374,-0.0072255135
2021-10-21,WMT,-0.0073399544,0.0074034929,-0.0042768121
2021-10-22,AAPL,0.039744616,0.011089206,0.0012061596
2021-10-22,AMGN,-0.0012702942,0.020132065,-0.015736878
2021-10-22,CRM,-0.028953493,0.020987988,0.01165092
2021-10-22,CSCO,-0.0062866211,-0.0071100593,0.0045963526
2021-10-22,IBM,-0.026266992,0.0011730194,0.0067641735
2021-10-22,INTC,-0.0090595484,0.013385773,-0.016465425
2021-10-22,MSFT,0.0044322014,0.021196365,-0.026832938
2021-10-22,NKE,-0.0021370649,-0.0058938265,-0.002617538
2021-10-22,VZ,-0.022428393,0.017979383,-0.0093420744
2021-10-22,WMT,-0.021807909,0.017725348,8.392334e-05
2021-10-25,AAPL,0.010300398,0.020450354,-0.026559651
2021-10-25,AMGN,0.018651247,-0.0094289184,-0.010651469
2021-10-25,CRM,-0.016999662,0.026329994,-0.027018845
2021-10-25,CSCO,0.0098227262,-0.0011216998,-0.021244466
2021-10-25,IBM,-0.0042901635,0.014306664,-0.010041058
2021-10-25,INTC,0.00042808056,0.020845652,-0.0059807301
2021-10-25,MSFT,-0.0076596737,0.019988298,-0.010057032
2021-10-25,NKE,-0.0066370368,0.015783548,0.0037654638
2021-10-25,VZ,-0.021158993,-0.0021575093,0.0069118738
2021-10-25,WMT,-0.0069530606,0.0093231201,-0.0011695027
2021-10-26,AAPL,0.014870644,0.0099009275,-0.0016599298
2021-10-26,AMGN,0.010764956,0.022964835,-0.018565893
2021-10-26,CRM,-0.033652067,0.028838396,-0.019023478
2021-10-26,CSCO,-0.020012796,0.0085817575,-0.01033622
2021-10-26,IBM,0.01060915,0.0073494911,-0.001457572
2021-10-26,INTC,-0.031838179,0.0032491684,-0.000674963
2021-10-26,MSFT,-0.011057496,0.0081832409,-0.017259002
2021-10-26,NKE,0.00046515465,0.0079972744,-0.00013071299
2021-10-26,VZ,-0.0078487992,0.0096570253,-0.0023697019
2021-10-26,WMT,0.0045740604,0.013099909,-0.0185166
2021-10-27,AAPL,-0.032364905,0.016878366,-0.00097829103
2021-10-27,AMGN,0.021594882,0.00013244152,3.5762787e-07
2021-10-27,CRM,-0.0077906251,0.0023906231,-0.029563248
2021-10-27,CSCO,-0.043400407,-0.0012968779,-0.01716888
2021-10-27,IBM,0.0024662018,0.013074636,-0.0014165044
2021-10-27,INTC,0.037095428,-0.026659846,-0.01904279
2021-10-27,MSFT,-0.012659192,0.0058701038,0.0047829151
2021-10-27,NKE,-0.0051085949,0.00031459332,0.013195872
2021-10-27,VZ,0.00061666965,0.0082253218,0.0061789751
2021-10-27,WMT,-0.0014015436,-0.0033212304,-0.0070403218
2021-10-28,AAPL,0.010822296,0.0078260899,-0.015176117
2021-10-28,AMGN,-0.0021893382,0.013308048,-0.0054072738
2021-10-28,CRM,-0.034669638,0.018512368,-0.019152045
2021-10-28,CSCO,0.0089228153,0.015458226,0.0042654276
2021-10-28,IBM,-0.0017514229,0.015207291,-0.024298966
2021-10-28,INTC,-0.012969196,0.015931964,0.00019550323
2021-10-28,MSFT,0.0034474134,0.012888908,-0.014164329
2021-10-28,NKE,-0.03273654,0.022740006,-0.011075616
2021-10-28,VZ,-0.00522995,-0.0091674924,-0.0092256069
2021-10-28,WMT,-0.019765615,0.015387535,-0.020049214
2021-10-29,AAPL,-0.028671443,0.012171149,0.01159668
2021-10-29,AMGN,-0.002281785,0.0047024488,-0.0052809119
2021-10-29,CRM,-0.0041288733,0.03877604,-0.010187685
2021-10-29,CSCO,0.015138507,-9.9480152e-05,-0.010047793
2021-10-29,IBM,-0.019721329,0.012249947,-0.012108028
2021-10-29,INTC,-0.017516434,-0.0017504096,0.0013566017
2021-10-29,MSFT,0.017711878,-0.0055034161,-0.019466937
2021-10-29,NKE,-0.022296309,0.013876438,-0.0023326278
2021-10-29,VZ,-0.02127099,0.011799216,0.0016655922
2021-10-29,WMT,0.0038555861,0.013033867,-0.011537492
2021-11-01,AAPL,0.0023692846,0.02173543,0.017030716
2021-11-01,AMGN,0.00018727779,0.0043262243,-0.0028023124
2021-11-01,CRM,0.020533323,0.011612892,-0.0044921637
2021-11-01,CSCO,0.017995834,0.0027627945,-0.012162924
2021-11-01,IBM,0.004968524,0.0033688545,-0.01578021
2021-11-01,INTC,0.0025634766,0.015226126,-0.001178503
2021-11-01,MSFT,0.016724586,0.025962591,-0.01817745
2021-11-01,NKE,-0.023216128,0.0068663359,-0.0086036325
2021-11-01,VZ,-0.013750255,0.0076293945,-0.0060881972
2021-11-01,WMT,-0.0066654682,0.012799621,-0.00059151649
2021-11-02,AAPL,-0.0013959408,0.028177738,-0.010875344
2021-11-02,AMGN,0.0012952089,0.012139797,-0.003659904
2021-11-02,CRM,-0.01144141,0.008015871,-0.039197624
2021-11-02,CSCO,0.0013986826,-0.0045442581,0.016950846
2021-11-02,IBM,-0.028371751,-0.005776763,0.0020110607
2021-11-02,INTC,-0.024137974,0.0037096739,-0.015908301
2021-11-02,MSFT,0.0022035837,-0.0029412508,0.0087652206
2021-11-02,NKE,-0.034137428,-0.018700957,0.0046803951
2021-11-02,VZ,-0.016861916,0.018103361,0.0024973154
2021-11-02,WMT,0.0032818317,-0.00017988682,-0.0046687126
2021-11-03,AAPL,-0.01183629,0.02485013,-0.0065598488
2021-11-03,AMGN,-0.016050339,0.032452583,-0.0039361119
2021-11-03,CRM,-0.074604034,0.029588819,-0.043411672
2021-11-03,CSCO,-0.010022521,0.016369104,-0.034344912
2021-11-03,IBM,-0.014605999,0.0025728941,0.0027529001
2021-11-03,INTC,-0.0044027567,0.0036423206,-0.029975891
2021-11-03,MSFT,-0.0091975927,-0.00046283007,-0.0086658597
2021-11-03,NKE,-0.0018810034,0.013146281,0.0082304478
2021-11-03,VZ,-0.014517128,-0.0083250403,-0.016987085
2021-11-03,WMT,-0.0087051988,0.01686275,-0.0055350661
2021-11-04,AAPL,0.023217082,0.013301969,0.0090017319
2021-11-04,AMGN,-0.024490714,0.0032624006,-0.021655083
2021-11-04,CRM,0.02029407,0.018089652,-0.0083371401
2021-11-04,CSCO,0.024657607,0.011369348,-0.004611671
2021-11-04,IBM,0.014084697,0.024404287,-0.0017756224
2021-11-04,INTC,0.010544777,0.0030528307,-0.0079330802
2021-11-04,MSFT,-0.0040385127,0.0054641962,-0.0058701038
2021-11-04,NKE,-0.0058636665,0.0091785192,-0.0054507256
2021-11-04,VZ,-0.015002728,0.011476994,0.0078655481
2021-11-04,WMT,0.0023572445,0.0012347698,0.00011479855
2021-11-05,AAPL,0.018422008,0.010460019,-0.0080378056
2021-11-05,AMGN,0.002931118,0.0023052692,0.00069248676
2021-11-05,CRM,-0.054900467,0.020694017,-0.016867578
2021-11-05,CSCO,0.0084393024,0.016231179,-0.011614323
2021-11-05,IBM,-0.015508354,0.0062605143,-0.00092595816
2021-11-05,INTC,-0.013273537,0.013787389,0.010296226
2021-11-05,MSFT,-0.0200454,0.0086990595,-0.0062634349
2021-11-05,NKE,-0.010054946,-0.018801153,-0.0082089901
2021-11-05,VZ,0.0014092922,0.011978507,-0.0049983263
2021-11-05,WMT,0.0022161007,0.010055542,-0.014101565
2021-11-08,AAPL,0.053392887,-0.016555429,-0.010227501
2021-11-08,AMGN,-0.0096422434,0.017711401,-0.015945971
2021-11-08,CRM,-0.0034757257,0.016113877,-0.023618519
2021-11-08,CSCO,-0.024345219,0.0035568476,-0.023539305
2021-11-08,IBM,-0.011541784,0.011377335,-0.0044870377
2021-11-08,INTC,-0.018836796,0.011159539,0.014031291
2021-11-08,MSFT,-0.0078245401,0.030158043,0.0037367344
2021-11-08,NKE,0.0019049644,0.012614846,-0.022508681
2021-11-08,VZ,-0.0070131421,0.014611721,-0.00041490793
2021-11-08,WMT,0.01048708,-0.0066549778,-0.002606988
2021-11-09,AAPL,0.0099550486,0.012742281,-0.023438275
2021-11-09,AMGN,-0.015915811,0.031787276,-0.0097990036
2021-11-09,CRM,-0.01166743,0.012820005,-0.022881567
2021-11-09,CSCO,-0.016169846,0.017895222,9.0479851e-05
2021-11-09,IBM,0.014147282,0.010045171,-0.0097010732
2021-11-09,INTC,-0.015340745,0.0026196241,0.010927916
2021-11-09,MSFT,0.014042735,0.0077468157,-0.0042669177
2021-11-09,NKE,-0.017634273,0.013105989,-0.022541106
2021-11-09,VZ,-0.02582407,0.0025029182,-0.027305424
2021-11-09,WMT,0.018239975,0.0045121908,-0.0064737797
2021-11-10,AAPL,-0.013550818,0.010736942,-0.0055990815
2021-11-10,AMGN,0.011083484,0.021659136,-0.010539412
2021-11-10,CRM,-0.051530361,-0.017265439,-0.0047084093
2021-11-10,CSCO,-0.0049622655,0.006842494,0.0029335022
2021-11-10,IBM,-0.011216521,0.0012004375,-0.0042673945
2021-11-10,INTC,-0.013033152,0.012818217,-0.023724616
2021-11-10,MSFT,0.022806048,-0.0051618218,-0.0093164444
2021-11-10,NKE,-0.0017085075,0.0032234192,0.021610856
2021-11-10,VZ,0.022525191,0.018338919,0.0024980307
2021-11-10,WMT,0.0035663843,-0.0045670271,0.0032414198
2021-11-11,AAPL,-0.010065556,-0.0026029944,-0.00027048588
2021-11-11,AMGN,0.033102393,0.026903868,-0.010508776
2021-11-11,CRM,-0.0035082698,0.0338099,-0.024523199
2021-11-11,CSCO,0.035197973,0.0057221651,0.0078164339
2021-11-11,IBM,-0.0040275455,0.0048029423,-0.013021588
2021-11-11,INTC,-0.00043100119,0.0086507797,-0.010049403
2021-11-11,MSFT,-0.0313555,0.0089856386,-0.00870502
2021-11-11,NKE,0.0023993254,0.0058208704,-0.024169922
2021-11-11,VZ,0.0084878206,0.0028258562,-0.016514122
2021-11-11,WMT,-0.0019837022,0.012463689,-0.0024005175
2021-11-12,AAPL,0.013061881,-0.0021720529,-0.01465857
2021-11-12,AMGN,0.0029300451,0.010308504,-0.016322434
2021-11-12,CRM,0.010765553,0.022852898,-0.014719963
2021-11-12,CSCO,0.01115346,0.0098241568,-0.008285284
2021-11-12,IBM,-0.0052361488,-0.0057856441,-0.00027674437
2021-11-12,INTC,0.0062263012,0.0011520386,-0.019294679
2021-11-12,MSFT,-0.016262412,-0.0017158389,0.016595125
2021-11-12,NKE,0.022622824,0.0291785,-0.0034709573
2021-11-12,VZ,-0.026215255,0.012200356,-0.017898798
2021-11-12,WMT,0.014234662,0.014590979,0.0014295578
2021-11-15,AAPL,-0.036544502,0.010074615,-0.021129191
2021-11-15,AMGN,0.0047917366,0.028705597,-0.0078781843
2021-11-15,CRM,0.0018601418,0.0011218786,-0.01797545
2021-11-15,CSCO,0.0090835094,0.015285492,0.0031847954
2021-11-15,IBM,0.0089603662,0.0034873486,-0.0045892
2021-11-15,INTC,-0.026175618,0.017419577,-0.016324341
2021-11-15,MSFT,-0.029954791,-0.0016762018,-0.0095589161
2021-11-15,NKE,-0.018287778,-0.013066411,-0.012952209
2021-11-15,VZ,-0.0083947778,0.016439319,-0.0096422434
2021-11-15,WMT,-0.0056334138,0.0063546896,-0.0047945976
2021-11-16,AAPL,0.01780057,0.011101127,-0.0045410991
2021-11-16,AMGN,-0.0027173758,0.007294178,0.004319787
2021-11-16,CRM,-0.0029064417,0.019648314,-0.02436322
2021-11-16,CSCO,0.024086833,0.0032452345,0.0065129995
2021-11-16,IBM,0.013303995,-0.0013058782,-0.013559937
2021-11-16,INTC,-0.044505477,0.0086326599,-0.020168066
2021-11-16,MSFT,-0.025188148,0.020683408,0.0018832684
2021-11-16,NKE,-0.0052258372,-0.00040966272,-0.027409017
2021-11-16,VZ,-0.00099474192,-0.0010405779,-0.0063022375
2021-11-16,WMT,0.025704503,0.013987541,-0.01853627
2021-11-17,AAPL,-0.0098922253,0.0049608946,-0.0091401339
2021-11-17,AMGN,0.0035527945,0.018064499,-0.0078410506
2021-11-17,CRM,-0.0044765472,0.029689789,-0.010302722
2021-11-17,CSCO,-0.010255396,-0.001345098,0.0060191154
2021-11-17,IBM,0.023250699,0.0021119118,0.015180945
2021-11-17,INTC,0.024195313,0.0040761232,0.0091516972
2021-11-17,MSFT,0.0063610077,0.0050071478,-0.0054530501
2021-11-17,NKE,-0.0080407858,-0.01685369,-0.0074291229
2021-11-17,VZ,-0.02044332,0.0089989901,-0.00155586
2021-11-17,WMT,-0.0066319108,-0.0010874867,-0.0049682856
2021-11-18,AAPL,0.02425456,0.013333321,-0.012736857
2021-11-18,AMGN,-0.015242159,0.0053529739,0.0031841993
2021-11-18,CRM,-0.032767057,0.0036302805,-0.0053682327
2021-11-18,CSCO,-0.022336006,0.015048146,8.9883804e-05
2021-11-18,IBM,0.0086313486,0.0063861609,-0.022026718
2021-11-18,INTC,0.007191658,-0.010388076,-0.021223068
2021-11-18,MSFT,0.040011406,0.015388846,-0.0076716542
2021-11-18,NKE,-0.025072932,0.0016511679,-0.014607251
2021-11-18,VZ,3.3259392e-05,0.032302856,-0.011128426
2021-11-18,WMT,-0.015647471,-0.0057384372,-0.0011028647
2021-11-19,AAPL,0.018741727,0.0038200617,-0.01747942
2021-11-19,AMGN,-0.001232028,0.017537475,-0.0145576
2021-11-19,CRM,0.017115235,0.030259609,-0.027019322
2021-11-19,CSCO,-0.0019063354,0.012800455,-0.018279195
2021-11-19,IBM,0.0081994534,0.012376308,0.0026092529
2021-11-19,INTC,-0.0017808676,0.003500104,-0.010706782
2021-11-19,MSFT,-0.027754724,0.0066688061,-0.0068116784
2021-11-19,NKE,0.0010277033,0.0094467402,-0.014781594
2021-11-19,VZ,0.015660405,0.0055114031,0.0016188622
2021-11-19,WMT,-0.01220125,0.016782284,-0.014059186
2021-11-22,AAPL,0.000233531,0.019188285,-0.017407
2021-11-22,AMGN,-0.011918247,0.0011509657,-0.01312685
2021-11-22,CRM,0.0077638626,0.0046085119,-0.0011777282
2021-11-22,CSCO,-0.0093894005,0.01159656,-0.0028930902
2021-11-22,IBM,-0.019398987,0.012227893,-0.0091097951
2021-11-22,INTC,-0.017491341,0.013596416,-0.017372131
2021-11-22,MSFT,-0.0026805401,0.0066637993,0.0053811073
2021-11-22,NKE,-0.015319049,0.0078501701,-0.031258881
2021-11-22,VZ,-0.024052262,0.0049362183,-0.02487278
2021-11-22,WMT,-0.019126117,-0.00069254637,0.0097084045
2021-11-23,AAPL,-0.038639545,0.016937852,-0.022960186
2021-11-23,AMGN,0.0080392361,0.018934131,-0.018001437
2021-11-23,CRM,-0.030076683,-0.0022189021,0.0013093948
2021-11-23,CSCO,-0.033702552,-0.0048087835,0.0099492073
2021-11-23,IBM,0.027627945,0.012370467,0.001938343
2021-11-23,INTC,0.026441216,-0.0066224337,-0.0065460205
2021-11-23,MSFT,-0.00098407269,0.0011465549,-0.014036
2021-11-23,NKE,-0.0067047477,0.01647985,-0.0099087358
2021-11-23,VZ,0.0046041012,0.011064768,0.020336032
2021-11-23,WMT,-0.00088638067,0.0090688467,0.0065478086
2021-11-24,AAPL,-0.0070526004,-0.0036072731,-0.016736925
2021-11-24,AMGN,-0.015675306,0.032049537,-0.00019556284
2021-11-24,CRM,0.040962577,0.018263698,-0.0051071048
2021-11-24,CSCO,-0.0027108192,0.014529109,0.015108347
2021-11-24,IBM,-0.013619304,0.00076544285,-0.0071966648
2021-11-24,INTC,0.044807911,-0.0047559142,-0.0020954609
2021-11-24,MSFT,-0.00022643805,-0.010150135,-0.0035168529
2021-11-24,NKE,-0.019089818,0.030553341,0.00034677982
2021-11-24,VZ,-0.0016330481,0.011265635,-0.012147248
2021-11-24,WMT,-0.016835093,-0.008384347,-0.013969481
2021-11-26,AAPL,-0.028991044,-0.0029170513,-0.034717917
2021-11-26,AMGN,-0.011203825,0.0014176369,-0.016618431
2021-11-26,CRM,-0.039857328,0.0030090809,-0.021974027
2021-11-26,CSCO,-0.0080554485,-0.0066754222,-0.0018141866
2021-11-26,IBM,0.007568121,-0.0106076,-0.0048976541
2021-11-26,INTC,-0.019177079,0.023694873,-0.026520848
2021-11-26,MSFT,0.0070763826,0.011120915,-0.0098099709
2021-11-26,NKE,-0.014843345,0.014058113,-0.018359303
2021-11-26,VZ,-0.032412589,0.012177825,-0.012466311
2021-11-26,WMT,-0.0082637072,0.018233061,-0.0068210363
2021-11-29,AAPL,0.0029889345,0.01756537,-0.029940844
2021-11-29,AMGN,-0.011515141,0.021715879,-0.0021724701
2021-11-29,CRM,0.011307597,-0.0066034794,-0.01982975
2021-11-29,CSCO,-0.02320087,0.00059616566,0.0082173347
2021-11-29,IBM,0.0028197765,0.011690974,0.0017523766
2021-11-29,INTC,-0.017380178,0.0091017485,-0.0019904375
2021-11-29,MSFT,-0.0054424405,-0.010733902,-0.00077944994
2021-11-29,NKE,-0.0026103258,0.0079182386,0.0016585588
2021-11-29,VZ,-0.011923909,0.011464357,0.010633588
2021-11-29,WMT,-0.005535841,0.012052894,0.0045064688
2021-11-30,AAPL,0.010230184,-0.012218475,0.0033288002
2021-11-30,AMGN,-0.0024482608,0.014154315,-0.0013356805
2021-11-30,CRM,-0.0014657974,0.023390174,-0.031798244
2021-11-30,CSCO,0.025819063,0.021136642,-0.025761008
2021-11-30,IBM,0.0095666647,-0.0070253015,0.0057575703
2021-11-30,INTC,0.012090921,0.022132754,-0.01467222
2021-11-30,MSFT,-0.0093792677,0.022593021,0.0078709126
2021-11-30,NKE,0.0080393553,0.026178241,0.0027879477
2021-11-30,VZ,0.0010462999,0.021728992,-0.010365963
2021-11-30,WMT,0.01812005,0.011810064,0.00086116791
2021-12-01,AAPL,-0.028926909,0.010410309,0.0022044182
2021-12-01,AMGN,-0.023278773,0.014443755,-0.0060439706
2021-12-01,CRM,-0.012145162,0.025794387,-0.036816776
2021-12-01,CSCO,0.018849611,0.026012659,0.013092637
2021-12-01,IBM,-0.016989708,0.0091900826,0.0046226978
2021-12-01,INTC,0.014652967,0.0072021484,-0.004581213
2021-12-01,MSFT,-0.0054576993,0.0027735233,0.00034737587
2021-12-01,NKE,-0.015392721,-0.00095981359,-0.0057359338
2021-12-01,VZ,-0.0089553595,0.011482596,-0.001195848
2021-12-01,WMT,0.020041704,0.0032142401,-0.017779469
2021-12-02,AAPL,0.0055590868,0.010653377,-0.0047601461
2021-12-02,AMGN,0.0064070225,0.030475616,-0.0071277022
2021-12-02,CRM,0.042174816,-0.0021950006,-0.01426518
2021-12-02,CSCO,-0.004863143,0.014203191,0.0068174601
2021-12-02,IBM,0.0015095472,0.012086511,0.0062115192
2021-12-02,INTC,-0.019153655,-0.0075506568,-0.0046443343
2021-12-02,MSFT,-0.0080610514,0.0067994595,-0.026231766
2021-12-02,NKE,-0.00368011,0.009147644,0.0035820007
2021-12-02,VZ,-0.02839601,0.0078678131,-0.0065681338
2021-12-02,WMT,0.0030633211,0.015340567,-0.016742706
2021-12-03,AAPL,-0.0010408163,0.0062549114,-0.012315214
2021-12-03,AMGN,0.028020144,0.00099098682,0.0084686279
2021-12-03,CRM,-0.051260173,0.0078619719,0.00086760521
2021-12-03,CSCO,-0.0071704984,0.00017952919,-0.013457119
2021-12-03,IBM,-0.0020418167,0.005505681,-0.010810077
2021-12-03,INTC,0.0062047243,-0.0073433518,-0.014710605
2021-12-03,MSFT,-0.022857428,0.027273059,-0.0092745423
2021-12-03,NKE,0.018480301,-0.018960595,-0.0070669055
2021-12-03,VZ,-0.013149977,0.0034478903,-0.012545705
2021-12-03,WMT,-0.01176846,0.015120149,-0.010565937
2021-12-06,AAPL,-0.0094389915,-0.010112286,-0.031621456
2021-12-06,AMGN,-0.039182544,-0.0045571327,-0.0055899024
2021-12-06,CRM,-0.026496708,-0.01005429,-0.0074455142
2021-12-06,CSCO,0.016687393,0.024663568,-0.0067850351
2021-12-06,IBM,0.014464259,0.019787431,-0.020975351
2021-12-06,INTC,-0.023299932,-0.0085152388,0.0036808252
2021-12-06,MSFT,0.025474906,-0.0042492747,-0.0028893948
2021-12-06,NKE,-0.024576008,0.0047091246,-0.015997231
2021-12-06,VZ,0.0039620399,0.019202113,0.012265086
2021-12-06,WMT,-0.01067847,0.0013272762,0.0088834763
2021-12-07,AAPL,0.0010260344,0.021710277,-0.017598927
2021-12-07,AMGN,0.0017455816,0.014941931,-0.011590421
2021-12-07,CRM,0.0078431368,0.024094939,-0.024298429
2021-12-07,CSCO,0.012378931,0.036690354,-0.020124793
2021-12-07,IBM,-0.0032909513,0.017265797,0.0057061911
2021-12-07,INTC,-0.0099633336,0.018917799,-0.0067001581
2021-12-07,MSFT,0.014096379,0.013140678,-0.0151003
2021-12-07,NKE,-0.013102829,0.030379891,-0.0050348043
2021-12-07,VZ,-0.016243339,0.0071308613,-0.007024169
2021-12-07,WMT,0.015140295,0.0048015118,0.001989603
2021-12-08,AAPL,-0.010254145,-0.0083668232,-0.017009914
2021-12-08,AMGN,-0.0093480945,0.011265516,-0.018241704
2021-12-08,CRM,-0.033115685,-0.0043554902,-0.011065483
2021-12-08,CSCO,0.026569486,0.002556324,-0.0054399371
2021-12-08,IBM,-0.0099070072,-0.001286447,-0.013758361
2021-12-08,INTC,-0.020910382,0.017175078,-0.0069483519
2021-12-08,MSFT,0.0014213324,0.0069847107,0.0041978359
2021-12-08,NKE,-0.0032760501,0.015603662,2.8252602e-05
2021-12-08,VZ,0.0015912056,0.011912107,-0.011822939
2021-12-08,WMT,-0.0089451075,0.0099160671,-0.0090108514
2021-12-09,AAPL,-0.031654,0.02357471,-0.0050262213
2021-12-09,AMGN,0.0038046837,-0.0074827671,-0.0090153813
2021-12-09,CRM,-0.018991172,0.008880496,-0.0134992
2021-12-09,CSCO,0.01464951,0.001434803,0.00023937225
2021-12-09,IBM,-0.0025094748,0.012131929,0.0056704283
2021-12-09,INTC,0.0016896725,-0.0012831092,-0.00093698502
2021-12-09,MSFT,-0.0064835548,0.0078561306,-0.010406017
2021-12-09,NKE,0.015005946,0.0068130493,-0.0092812777
2021-12-09,VZ,0.022452235,0.01379323,0.0041853189
2021-12-09,WMT,-0.017536879,-0.0017299652,-0.0095155239
2021-12-10,AAPL,-0.0089520216,0.014401674,0.0030806065
2021-12-10,AMGN,0.014613032,0.0069452524,-0.026547432
2021-12-10,CRM,-0.030339539,0.023296714,-0.0056295395
2021-12-10,CSCO,0.0033386946,0.0084066391,-0.00045722723
2021-12-10,IBM,-0.01271528,-0.0094797015,0.0026057959
2021-12-10,INTC,-0.017817378,0.0032407045,-0.030446112
2021-12-10,MSFT,0.0075364113,0.0085183382,0.0077506304
2021-12-10,NKE,0.022738099,0.014051318,-0.0069522262
2021-12-10,VZ,-0.014153063,0.015519977,-0.018550813
2021-12-10,WMT,0.0031110048,0.0068554878,0.0012346506
2021-12-13,AAPL,0.017532825,0.017925262,-0.0068228841
2021-12-13,AMGN,-0.037308991,0.012472987,-0.0064345598
2021-12-13,CRM,0.027277589,-0.0028777719,-0.014184773
2021-12-13,CSCO,0.0013680458,0.012331128,-0.0058861971
2021-12-13,IBM,0.0016673803,0.010494947,-0.016516685
2021-12-13,INTC,0.015929937,0.016097188,-0.00640136
2021-12-13,MSFT,0.03008461,-0.0054334402,0.003791213
2021-12-13,NKE,0.01666379,0.013332963,0.012795925
2021-12-13,VZ,-0.014045477,0.0080891848,-0.018431604
2021-12-13,WMT,0.000867486,0.00074923038,-0.011308491
2021-12-14,AAPL,-0.026250541,0.028583527,-0.0094045997
2021-12-14,AMGN,-0.0050076246,0.020227075,-0.015999198
2021-12-14,CRM,0.034559608,0.013777971,-0.01752615
2021-12-14,CSCO,-0.0063163638,-0.0012131333,0.0088011026
2021-12-14,IBM,0.026723027,0.0040457249,-0.0039662719
2021-12-14,INTC,0.019935131,0.0057758093,-0.0080955625
2021-12-14,MSFT,-0.004263103,0.0010809898,-0.020852804
2021-12-14,NKE,-0.0062745214,0.015111446,-0.01984936
2021-12-14,VZ,0.037928104,0.0015310049,-0.0018592477
2021-12-14,WMT,0.0021104813,0.015555859,-0.012196004
2021-12-15,AAPL,0.056320906,0.017312646,-0.018666208
2021-12-15,AMGN,0.057522178,0.0098854303,-0.013032556
2021-12-15,CRM,0.024293303,-0.0051441193,-0.016745567
2021-12-15,CSCO,-0.0015301108,0.014959455,-0.0055065751
2021-12-15,IBM,-0.022811949,0.010144949,-0.029234469
2021-12-15,INTC,-0.023256302,0.010721445,-0.021971047
2021-12-15,MSFT,-0.017768025,0.010384917,-0.016831219
2021-12-15,NKE,0.0074524879,-0.001968503,-0.012992442
2021-12-15,VZ,-0.027121663,0.0076271296,0.0016927719
2021-12-15,WMT,-0.0026527047,0.014457583,-0.0074748993
2021-12-16,AAPL,0.007598877,0.0025978088,-0.0041639209
2021-12-16,AMGN,0.016166568,0.029194236,-0.017752409
2021-12-16,CRM,0.017930746,-0.0019600391,0.0003888607
2021-12-16,CSCO,0.011007071,0.00033962727,-0.0015062094
2021-12-16,IBM,-0.0070763826,0.0068680048,-0.014048994
2021-12-16,INTC,-0.020443141,0.00028753281,-0.00084990263
2021-12-16,MSFT,-0.020245552,0.01198566,-0.010135114
2021-12-16,NKE,-0.019266665,-0.0076276064,-0.029062033
2021-12-16,VZ,-0.0096710324,0.019866943,-0.011709571
2021-12-16,WMT,-0.017401934,0.011980653,-0.015779197
2021-12-17,AAPL,0.0052014589,0.0064096451,-0.021183908
2021-12-17,AMGN,-0.026187956,-0.0077052116,-0.017948151
2021-12-17,CRM,0.038770676,0.015258312,-0.01058507
2021-12-17,CSCO,-0.0086357594,-0.0070282221,0.0051603317
2021-12-17,IBM,0.0015130043,0.0008174181,-0.021110475
2021-12-17,INTC,-0.04167676,0.021035671,-0.0080829263
2021-12-17,MSFT,0.032457829,0.021627426,0.0099941492
2021-12-17,NKE,0.018888116,0.0028654337,-0.0061982274
2021-12-17,VZ,-0.011407137,0.00651443,-0.020691335
2021-12-17,WMT,-0.024424732,0.0022265911,-0.013940573
2021-12-20,AAPL,0.039712191,0.017903209,0.015736818
2021-12-20,AMGN,0.0039768219,0.028538704,-0.023029149
2021-12-20,CRM,0.010146856,0.025773764,-0.0047373772
2021-12-20,CSCO,-0.015132129,-0.0042375922,-0.0077043176
2021-12-20,IBM,-0.038531661,0.0058605671,0.0071817636
2021-12-20,INTC,0.048700571,0.0096104145,-0.017530799
2021-12-20,MSFT,0.038145661,0.00052881241,0.0041337013
2021-12-20,NKE,-0.014327407,0.021321177,-0.002253592
2021-12-20,VZ,0.0059274435,0.0043555498,0.0012052059
2021-12-20,WMT,0.018047333,0.0093221664,-0.010822237
2021-12-21,AAPL,-0.01252073,0.025757074,0.00015199184
2021-12-21,AMGN,-0.00029063225,0.013865113,-0.013724566
2021-12-21,CRM,0.017568588,0.020807624,-0.004683733
2021-12-21,CSCO,0.0059318542,0.0015090704,-0.020113528
2021-12-21,IBM,-0.013000906,0.016562223,-0.009108603
2021-12-21,INTC,-0.008425653,0.013229847,-0.0016209483
2021-12-21,MSFT,0.019186616,0.0041794777,-0.013432503
2021-12-21,NKE,-0.008369267,0.0076019764,-0.018363059
2021-12-21,VZ,-0.0057727098,-0.001218915,0.0025566816
2021-12-21,WMT,-0.0037964582,0.0068017244,-0.020575643
2021-12-22,AAPL,-0.006996572,0.0017750263,-0.0010373592
2021-12-22,AMGN,-0.031370401,0.022500873,-0.009108603
2021-12-22,CRM,0.013793826,0.013272166,-0.042847753
2021-12-22,CSCO,-0.0014563799,-0.0026804805,-0.0096395612
2021-12-22,IBM,0.02441144,0.028687477,0.0036125183
2021-12-22,INTC,-0.0077052712,-0.0024217963,0.01103723
2021-12-22,MSFT,0.017906666,0.010059595,-0.0026857257
2021-12-22,NKE,0.0061167479,0.0071336031,-0.0072613955
2021-12-22,VZ,0.012752891,0.0026674271,-0.031081855
2021-12-22,WMT,-0.022556782,0.016609311,0.0022929907
2021-12-23,AAPL,-0.038495064,0.029376984,-0.0093523264
2021-12-23,AMGN,-0.0099126697,0.020019293,-0.0013158321
2021-12-23,CRM,-0.02123791,0.0082377195,-0.028477132
2021-12-23,CSCO,-0.026698709,0.026080966,-0.020339608
2021-12-23,IBM,-0.017432749,0.014201522,-0.021579027
2021-12-23,INTC,0.026223183,0.01455462,0.0068651438
2021-12-23,MSFT,0.0054086447,-0.0072925687,-0.01538682
2021-12-23,NKE,0.016870141,0.01276207,0.0024895668
2021-12-23,VZ,-0.0070587993,-0.0020472407,0.00074899197
2021-12-23,WMT,-0.0075451136,0.0076320171,-0.028885007
2021-12-27,AAPL,0.022044182,0.025979996,-0.016051173
2021-12-27,AMGN,-0.00039803982,0.0077934265,-0.031334937
2021-12-27,CRM,-0.027996421,-0.012806892,-0.021751106
2021-12-27,CSCO,0.0054571629,-0.011126995,-0.0020806789
2021-12-27,IBM,0.0043416023,-0.0016881227,0.0049818754
2021-12-27,INTC,-0.011694849,0.016871452,0.008457303
2021-12-27,MSFT,-0.013003051,0.00064361095,-0.01736331
2021-12-27,NKE,-0.027032733,0.011649847,-0.0017912984
2021-12-27,VZ,-0.01731199,0.027398705,-0.019630551
2021-12-27,WMT,-0.012562513,0.011684537,-0.0047801137
2021-12-28,AAPL,-0.034912288,-0.014922917,0.0033340454
2021-12-28,AMGN,-0.02141881,-0.0003491044,-0.011971354
2021-12-28,CRM,-0.017918289,0.0042389631,-0.024732172
2021-12-28,CSCO,-0.00074416399,-0.0054839253,-0.0067176819
2021-12-28,IBM,-0.0093860626,0.013605118,0.003489852
2021-12-28,INTC,0.014462113,-0.011141539,-0.039024115
2021-12-28,MSFT,-0.011069953,0.0027054548,-0.035805583
2021-12-28,NKE,0.0075377226,0.012440562,0.00023126602
2021-12-28,VZ,0.0065137148,0.013098955,-0.020138979
2021-12-28,WMT,-0.018724144,-0.0068997741,-0.00037121773
2021-12-29,AAPL,0.022032499,0.0033745766,-0.033146083
2021-12-29,AMGN,0.0035734177,0.014965653,-0.0064036846
2021-12-29,CRM,-0.07552588,0.014577866,-0.0013723969
2021-12-29,CSCO,-0.032624364,0.00060808659,-0.0074369311
2021-12-29,IBM,-0.0026697516,-0.0091861486,-0.0022962093
2021-12-29,INTC,-0.0012550354,0.010721564,-0.0040180683
2021-12-29,MSFT,0.012456179,0.016272187,-0.011250973
2021-12-29,NKE,-0.0043962002,0.012100935,-0.0014787316
2021-12-29,VZ,-0.016320348,0.0097712278,0.0013571978
2021-12-29,WMT,-0.0007225275,0.0010967255,-0.0055854917
2021-12-30,AAPL,-0.018521488,-0.0042643547,-0.0056797862
2021-12-30,AMGN,-0.016057253,0.010552883,-0.0097488761
2021-12-30,CRM,0.016789675,0.027210712,-0.0087916255
2021-12-30,CSCO,-0.0067561865,0.017924786,-0.0071135759
2021-12-30,IBM,-0.012463331,0.0024610758,-0.012189746
2021-12-30,INTC,-0.011549652,0.023334503,-0.0016417503
2021-12-30,MSFT,-0.03566587,0.0091507435,0.0058684349
2021-12-30,NKE,-0.0093336701,0.01508224,-0.032396317
2021-12-30,VZ,-0.016967237,0.017442822,0.0041338205
2021-12-30,WMT,0.000633955,0.023556113,-0.0017384887
2021-12-31,AAPL,-0.025593698,-0.0010660291,-0.028475404
2021-12-31,AMGN,-0.017636061,0.01585567,0.0038686991
2021-12-31,CRM,0.073406935,0.046805859,-0.0067038536
2021-12-31,CSCO,0.018472314,0.0098676682,-0.011197031
2021-12-31,IBM,-0.0039351583,0.013949156,0.0024752617
2021-12-31,INTC,0.024379134,0.0052982569,0.0042220354
2021-12-31,MSFT,0.0074543953,-0.0096452236,-0.0029650927
2021-12-31,NKE,0.0016107559,0.026774764,-0.014097512
2021-12-31,VZ,0.0081268549,0.0014265776,-0.0054869652
2021-12-31,WMT,-0.0066302419,0.017016053,-0.0051201582
2022-01-03,AAPL,-0.011127055,0.005715251,0.0018788576
2022-01-03,AMGN,-0.013898432,0.040408134,-0.0037888885
2022-01-03,CRM,0.025534034,-0.0078094006,-0.019374132
2022-01-03,CSCO,-0.00059455633,0.029030919,-0.018675685
2022-01-03,IBM,0.0086280107,-0.0044952035,-0.010670602
2022-01-03,INTC,-0.01489079,0.0022354126,-0.0035060048
2022-01-03,MSFT,0.028522968,0.022710681,-0.0062733293
2022-01-03,NKE,-0.0032407045,0.0067155361,-0.013388872
2022-01-03,VZ,-0.018096685,-0.00074678659,0.0053037405
2022-01-03,WMT,-0.011937082,-0.0023229122,0.012493253
2022-01-04,AAPL,0.015093446,0.019619703,-0.017796576
2022-01-04,AMGN,-0.040946245,0.024110317,-0.014180541
2022-01-04,CRM,0.0016723871,-0.0001116991,-0.0021611452
2022-01-04,CSCO,-0.0062257051,-0.0047594905,-0.0039804578
2022-01-04,IBM,0.020039201,-0.0044819117,-0.0026455522
2022-01-04,INTC,0.027810216,0.035868168,-0.025615633
2022-01-04,MSFT,0.024034262,0.0098075867,-0.0041958094
2022-01-04,NKE,-0.006215632,0.007298708,-0.0094931126
2022-01-04,VZ,-0.0080533624,-1.9907951e-05,-0.0081942677
2022-01-04,WMT,-0.0081393123,0.012359738,-0.017120779
2022-01-05,AAPL,-0.015387177,-0.0034545064,-0.022237599
2022-01-05,AMGN,0.0098491907,0.016672611,-0.011924863
2022-01-05,CRM,0.010998011,-0.0012901425,-0.022156954
2022-01-05,CSCO,0.0025305748,0.017848611,-0.0082461834
2022-01-05,IBM,-0.0019863844,0.0068507195,0.0036410093
2022-01-05,INTC,-0.022990227,-0.0078887939,-0.026756763
2022-01-05,MSFT,-0.019042432,0.0095374584,0.0020235777
2022-01-05,NKE,-0.0083227158,0.01635313,0.0030745268
2022-01-05,VZ,-0.01315552,0.0049062967,0.0090808868
2022-01-05,WMT,-0.0048982501,0.0085891485,-0.0062214136
2022-01-06,AAPL,-0.018233597,0.0021063089,-0.012047291
2022-01-06,AMGN,-0.016492605,0.004539609,0.0060617924
2022-01-06,CRM,0.022663951,0.035252929,-0.028990924
2022-01-06,CSCO,0.0095714331,0.028335214,-0.033808768
2022-01-06,IBM,0.016386151,0.00042152405,0.0024007559
2022-01-06,INTC,-0.014922023,0.014419675,-0.014846325
2022-01-06,MSFT,-0.042292237,0.0077542067,-0.0019345284
2022-01-06,NKE,0.0092010498,0.014552951,0.0047440529
2022-01-06,VZ,0.0025542974,0.02421844,-0.016580522
2022-01-06,WMT,0.010497451,0.0070865154,-0.0015588403
2022-01-07,AAPL,0.0067089796,0.02195704,0.0055913925
2022-01-07,AMGN,-0.02149719,0.007032156,-0.026549101
2022-01-07,CRM,-0.0019522309,0.013282657,-0.012183607
2022-01-07,CSCO,0.0003029108,0.025546193,-0.0031057
2022-01-07,IBM,-0.011801124,0.010519385,-0.016433001
2022-01-07,INTC,-0.016952217,0.01360929,-0.0033142567
2022-01-07,MSFT,0.00032818317,0.011877418,-0.011592329
2022-01-07,NKE,-0.018012047,0.0027726889,-0.012274146
2022-01-07,VZ,0.00060224533,0.004398942,-0.012742221
2022-01-07,WMT,0.0034196377,-0.0012866259,-0.025473416
2022-01-10,AAPL,-0.020544708,0.014203787,-0.0033986568
2022-01-10,AMGN,-0.013769031,0.0034921169,-0.015112758
2022-01-10,CRM,0.035094976,0.022598863,-0.026429772
2022-01-10,CSCO,0.0068126917,0.013748646,-0.019085646
2022-01-10,IBM,-0.010262609,0.013738871,2.2649765e-06
2022-01-10,INTC,-0.0061379075,0.014718533,-0.015913188
2022-01-10,MSFT,-0.006336391,0.0075398684,-0.011016071
2022-01-10,NKE,0.010697365,-0.0042988062,-0.022528589
2022-01-10,VZ,0.011137843,-0.0051478744,-0.0083616376
2022-01-10,WMT,-0.024749279,0.015374422,-0.021014452
2022-01-11,AAPL,0.0040248632,-0.012133777,-0.0082027912
2022-01-11,AMGN,0.0013011694,0.014984608,-0.015969753
2022-01-11,CRM,0.017183661,0.038224936,-0.020900548
2022-01-11,CSCO,-0.0028624535,0.0095369816,0.0025882721
2022-01-11,IBM,-0.039962053,-0.0083176494,-0.0087674856
2022-01-11,INTC,0.016147256,0.02148819,-0.032348096
2022-01-11,MSFT,-0.0050852895,-0.0012541413,-0.014311016
2022-01-11,NKE,0.033431649,0.011350274,0.0057909489
2022-01-11,VZ,-0.016969264,0.0035102367,-0.012392163
2022-01-11,WMT,-0.033903897,0.0046641827,0.001537919
2022-01-12,AAPL,0.011549592,0.03719914,-0.011955559
2022-01-12,AMGN,-0.0095543861,-0.0075984597,-0.0078970194
2022-01-12,CRM,-0.042173624,0.012078643,-0.027520537
2022-01-12,CSCO,-0.028373659,0.0037550926,0.0031664371
2022-01-12,IBM,0.0080367327,0.030343056,-0.020181656
2022-01-12,INTC,0.00024867058,0.00037026405,-0.027725041
2022-01-12,MSFT,0.03193903,0.01389873,-0.0098395944
2022-01-12,NKE,0.0011447668,0.0061665773,-0.0088226795
2022-01-12,VZ,-0.0091305971,-0.0076931715,-0.0070408583
2022-01-12,WMT,0.0023453236,0.0084834099,-0.0074371099
2022-01-13,AAPL,0.024117947,0.0048063993,-0.0011172295
2022-01-13,AMGN,-0.025832355,0.0048491955,0.00040733814
2022-01-13,CRM,0.0046206713,0.0084043741,-0.0087869763
2022-01-13,CSCO,-0.032553494,0.012109399,-0.0079057217
2022-01-13,IBM,0.021446705,-0.009368062,-0.00015330315
2022-01-13,INTC,-0.013350368,-0.01251924,0.0015360117
2022-01-13,MSFT,-0.02459234,0.0044637918,-0.020222008
2022-01-13,NKE,0.0184443,0.0030509233,-0.011664093
2022-01-13,VZ,-0.020565927,0.012644768,-0.0070494413
2022-01-13,WMT,-0.0027880073,0.010341525,-0.0066728592
2022-01-14,AAPL,-0.023482323,0.016858578,0.0040891171
2022-01-14,AMGN,-0.018051684,0.009198308,-0.0010766387
2022-01-14,CRM,-0.0004709959,-0.018472075,-0.016227961
2022-01-14,CSCO,0.00016474724,0.0044361353,-0.017738223
2022-01-14,IBM,0.012797594,-0.0049811602,-0.014830291
2022-01-14,INTC,0.050281882,0.014387608,-0.014253974
2022-01-14,MSFT,0.0031698942,0.0038330555,-0.023889005
2022-01-14,NKE,-0.0006018877,0.018220305,-0.014825881
2022-01-14,VZ,-0.0030891299,0.010419488,-0.010807753
2022-01-14,WMT,0.00656569,0.017540455,-6.1392784e-05
2022-01-18,AAPL,-0.013899148,0.0081936121,0.0015695095
2022-01-18,AMGN,0.010930061,-0.0014694333,-0.037960529
2022-01-18,CRM,-0.027042627,0.022141814,-0.030379117
2022-01-18,CSCO,-0.027313769,0.018683195,0.0012027025
2022-01-18,IBM,0.0009970665,0.0063904524,-0.0053657889
2022-01-18,INTC,0.014163733,0.030444026,-0.0074076056
2022-01-18,MSFT,-0.0250687,-0.0055889487,-0.0044364929
2022-01-18,NKE,-0.00054621696,0.017605186,-0.012229383
2022-01-18,VZ,-0.011820853,0.019934773,-0.0060932636
2022-01-18,WMT,0.0010802746,0.013339281,0.0018972158
2022-01-19,AAPL,-0.017226398,0.011922836,-0.0087700486
2022-01-19,AMGN,-0.011534572,-0.0013448596,-0.0019141436
2022-01-19,CRM,0.0096349716,0.01023531,0.0023151636
2022-01-19,CSCO,0.01577282,0.014590621,-0.02204591
2022-01-19,IBM,-0.0078039169,0.0096406937,-0.015939534
2022-01-19,INTC,-0.00031483173,0.0072125196,-0.016117513
2022-01-19,MSFT,0.0029556751,-0.011089921,-0.023562968
2022-01-19,NKE,-0.0017396212,0.00040507317,0.0057433844
2022-01-19,VZ,-0.033978879,-0.0018917918,-0.022955537
2022-01-19,WMT,-0.0060126781,0.018578172,-0.0082033277
2022-01-20,AAPL,-0.034060776,0.022312641,-0.00018388033
2022-01-20,AMGN,-0.0088948607,0.0039010048,-0.022294819
2022-01-20,CRM,0.034551501,0.0068954229,-0.024813414
2022-01-20,CSCO,-0.00092178583,0.011478662,-0.040579319
2022-01-20,IBM,-0.018873155,0.012353659,-0.0022963881
2022-01-20,INTC,0.0083318949,0.011275291,-0.0092840195
2022-01-20,MSFT,0.00022721291,0.014832854,0.0098576546
2022-01-20,NKE,0.020174623,0.019833922,-0.0027651787
2022-01-20,VZ,0.011487007,0.012222409,-0.012640774
2022-01-20,WMT,-0.021871924,0.015733004,-0.0061318278
2022-01-21,AAPL,0.040213346,-0.017884731,-0.0098040104
2022-01-21,AMGN,-0.019635558,0.017497778,-0.0065241456
2022-01-21,CRM,0.010935545,0.0042302608,-0.012407005
2022-01-21,CSCO,-0.01186949,-0.0036090612,-0.033490181
2022-01-21,IBM,-0.014096618,0.014054656,-0.01023221
2022-01-21,INTC,-0.0092774034,0.0048189163,-0.00042510033
2022-01-21,MSFT,-0.0019437075,0.0056449175,-0.015732944
2022-01-21,NKE,-0.019248605,-0.015040398,-0.0040051341
2022-01-21,VZ,-0.029599309,0.011140704,-0.021556318
2022-01-21,WMT,-0.017100453,0.010506511,-0.004247129
2022-01-24,AAPL,-0.018747151,-0.018873751,-0.020056725
2022-01-24,AMGN,0.00077879429,0.0085868835,-0.018283427
2022-01-24,CRM,-0.050927877,0.044148207,-0.048419476
2022-01-24,CSCO,-0.0018501878,-0.004998982,-0.003082037
2022-01-24,IBM,-0.030756414,-0.0040592551,-0.0021765232
2022-01-24,INTC,-0.010912418,0.022617579,-0.0055297613
2022-01-24,MSFT,0.0089154243,0.014451146,0.003433466
2022-01-24,NKE,0.020633936,-0.0013613701,-0.0038066506
2022-01-24,VZ,-0.010205925,0.0040266514,0.011431336
2022-01-24,WMT,0.017825127,0.0081176758,-0.011640072
2022-01-25,AAPL,0.0023124218,0.01935482,-0.0049142838
2022-01-25,AMGN,0.034356713,0.019255161,-0.0064588189
2022-01-25,CRM,-0.021075308,0.015136838,0.0081158876
2022-01-25,CSCO,0.010395646,0.022633433,-0.001368165
2022-01-25,IBM,0.0095629692,0.027163625,-0.006531179
2022-01-25,INTC,-0.027093351,-0.0073928833,-0.0099976659
2022-01-25,MSFT,0.014156342,0.010327339,-0.025046885
2022-01-25,NKE,-0.028478324,0.012104392,-0.020329952
2022-01-25,VZ,0.0088950396,0.020261645,0.0036913157
2022-01-25,WMT,-0.0049600601,0.0064473152,-0.0090827942
2022-01-26,AAPL,0.01299119,0.0071545839,-0.0087297559
2022-01-26,AMGN,-0.020132482,0.021108389,-0.017391503
2022-01-26,CRM,-0.019492388,0.013607144,-0.013266027
2022-01-26,CSCO,-0.018469393,-0.010199904,-0.015967369
2022-01-26,IBM,0.023770928,0.010735631,-0.013667881
2022-01-26,INTC,-0.010708392,0.0062282085,0.0059162378
2022-01-26,MSFT,0.019302249,0.0037161112,0.021904945
2022-01-26,NKE,-0.0080932379,0.010310292,-0.0095793605
2022-01-26,VZ,0.003798008,0.029338002,-0.029456854
2022-01-26,WMT,0.0031039715,0.007760644,-0.009670198
2022-01-27,AAPL,-0.022131562,0.012868166,-0.0064807534
2022-01-27,AMGN,0.0073788166,0.018221498,0.0089247227
2022-01-27,CRM,0.028354764,0.020523429,-4.3451786e-05
2022-01-27,CSCO,-0.01565212,0.022710204,-0.026429415
2022-01-27,IBM,-0.007712543,0.0071098804,-0.011314034
2022-01-27,INTC,-0.0083416104,-0.0048622489,-0.0068855286
2022-01-27,MSFT,-0.012399256,0.014318824,-0.0073236227
2022-01-27,NKE,0.026118398,0.0092891455,0.012019753
2022-01-27,VZ,-0.026618719,-0.00063043833,-0.015166759
2022-01-27,WMT,0.0016400814,0.010198474,-0.024594307
2022-01-28,AAPL,0.011113882,0.012630463,-0.0041112304
2022-01-28,AMGN,-0.047350883,0.023624539,-0.023417175
2022-01-28,CRM,-0.027083993,0.050604343,-0.010473669
2022-01-28,CSCO,0.019289851,0.014219046,-0.025265455
2022-01-28,IBM,-0.0038996339,0.01031816,-0.0023100376
2022-01-28,INTC,-0.010677218,-0.0030392408,-0.0058009624
2022-01-28,MSFT,-0.0033302903,-0.003177464,-0.011699498
2022-01-28,NKE,0.0045164824,0.0058238506,0.016576648
2022-01-28,VZ,0.013720751,0.010061502,-0.0070763826
2022-01-28,WMT,-0.022020698,0.00084471703,-0.00025165081
2022-01-31,AAPL,-0.0058262348,0.020415306,-0.019021928
2022-01-31,AMGN,-0.0021244884,0.0011200905,-0.031051934
2022-01-31,CRM,0.019373417,0.03390801,-0.015603662
2022-01-31,CSCO,-0.039647758,0.027854681,-0.024246812
2022-01-31,IBM,0.0074129105,0.018368006,0.0055450201
2022-01-31,INTC,-0.025511086,0.030691981,-0.0040319562
2022-01-31,MSFT,0.013372421,-0.00050365925,-0.01722765
2022-01-31,NKE,-0.012243211,0.0081392527,0.0045696497
2022-01-31,VZ,-0.017400265,0.003475666,-0.011965156
2022-01-31,WMT,-0.00096547604,0.011986971,0.0066215992
2022-02-01,AAPL,-0.016375005,0.010296941,-0.01744312
2022-02-01,AMGN,-0.0093770027,0.014149904,-0.0096271038
2022-02-01,CRM,-0.021703184,0.017665386,0.0066851377
2022-02-01,CSCO,-0.0077877045,0.024303198,-0.010216773
2022-02-01,IBM,-0.011236489,0.01431179,-0.013417542
2022-02-01,INTC,-0.020972848,0.0075083971,-0.013608217
2022-02-01,MSFT,-0.024919212,0.00077021122,-0.0050341487
2022-02-01,NKE,-0.015913188,0.022940159,-0.017611861
2022-02-01,VZ,-0.012798727,0.018895626,-0.016473234
2022-02-01,WMT,0.0022952557,0.017522216,-0.0026746392
2022-02-02,AAPL,0.006927371,-0.0008020997,-0.0099415183
2022-02-02,AMGN,-0.014338315,0.0205127,-0.0061511993
2022-02-02,CRM,-0.054190159,0.046520829,-0.037941754
2022-02-02,CSCO,-0.016446769,0.030100346,-0.028317332
2022-02-02,IBM,-0.012257457,0.0035839081,-0.011020541
2022-02-02,INTC,-0.010239422,-0.014569461,-0.0070826411
2022-02-02,MSFT,0.02727437,0.0090361834,-0.010262728
2022-02-02,NKE,0.015004992,0.011603594,-0.026363194
2022-02-02,VZ,0.011484385,0.023241878,0.016762614
2022-02-02,WMT,-0.0074127316,-0.0082823634,-0.0040178895
2022-02-03,AAPL,0.015143633,0.010410547,-0.036716342
2022-02-03,AMGN,-0.0074816942,0.0034850836,0.00099384785
2022-02-03,CRM,-0.032280207,0.028374791,-0.0355618
2022-02-03,CSCO,0.0030577183,0.010713816,-0.0077654123
2022-02-03,IBM,-0.022919595,0.00077831745,-0.010373533
2022-02-03,INTC,0.0077365637,0.01006937,-0.0040297508
2022-02-03,MSFT,0.026024818,0.014290214,-0.0083779097
2022-02-03,NKE,-0.015120029,0.01006484,0.00061202049
2022-02-03,VZ,0.021103263,-0.0056336522,0.0073049068
2022-02-03,WMT,-0.0087214708,-0.0045086145,-0.014098883
2022-02-04,AAPL,-0.014620781,0.0049988031,-0.0075585246
2022-02-04,AMGN,-0.0013564229,0.01419735,-0.0093156099
2022-02-04,CRM,-0.019607186,0.0052267313,-0.0089107156
2022-02-04,CSCO,0.017828345,-0.015082657,-0.010175407
2022-02-04,IBM,0.0037810802,0.020432353,-0.0024303794
2022-02-04,INTC,0.010173917,0.017882347,-0.0022770166
2022-02-04,MSFT,-0.011263669,0.0068204403,-0.021663487
2022-02-04,NKE,0.00052702427,0.0088964701,-0.0092403293
2022-02-04,VZ,0.0039629936,0.019407034,-0.016576052
2022-02-04,WMT,-0.01233989,0.0060076714,0.0020035505
2022-02-07,AAPL,-0.012345135,0.053856373,-0.0090366602
2022-02-07,AMGN,-0.0079580545,0.019098163,-0.0045115948
2022-02-07,CRM,0.0028784275,0.015036345,0.017371655
2022-02-07,CSCO,0.0030916929,0.019164324,-0.021095872
2022-02-07,IBM,0.01527071,0.010448694,-0.005319953
2022-02-07,INTC,-0.0075132251,0.0094038248,-0.007899642
2022-02-07,MSFT,0.014560699,0.018520236,-0.022795856
2022-02-07,NKE,0.0026487112,0.010577202,0.0012629032
2022-02-07,VZ,-0.014531136,0.0077193975,-0.019896209
2022-02-07,WMT,-0.0060847998,-0.00041490793,-0.018871367
2022-02-08,AAPL,0.017772794,0.0017752647,-0.0095536113
2022-02-08,AMGN,-0.020208895,0.015740633,-0.010526478
2022-02-08,CRM,-0.0050857067,0.034580588,-0.00052964687
2022-02-08,CSCO,-0.033819497,0.017008543,-0.015016556
2022-02-08,IBM,0.0098388195,0.0033671856,-0.0080904365
2022-02-08,INTC,0.01834023,0.0088449717,-0.016499162
2022-02-08,MSFT,-0.01289767,0.027724981,-0.01579237
2022-02-08,NKE,-0.0238235,0.0067042112,-0.0066651702
2022-02-08,VZ,-0.032070994,0.018287063,-0.014119804
2022-02-08,WMT,-0.019870579,0.011401415,-0.011026084
2022-02-09,AAPL,0.020043373,0.01668036,0.0023251772
2022-02-09,AMGN,0.01106143,0.0093995333,-0.01421392
2022-02-09,CRM,0.0045666695,0.0050854683,-0.011804581
2022-02-09,CSCO,0.00024652481,0.014933586,-0.0038256049
2022-02-09,IBM,0.012398958,0.017319441,-0.0037449002
2022-02-09,INTC,0.00096893311,0.010903358,0.00010871887
2022-02-09,MSFT,0.043477535,0.008831501,-0.015297174
2022-02-09,NKE,-0.0099352598,0.0090523958,-0.0057349801
2022-02-09,VZ,-0.018196106,0.013971329,-0.0028586984
2022-02-09,WMT,-0.0075192451,0.0022410154,0.0082905293
2022-02-10,AAPL,-0.025506794,0.015643597,0.011395216
2022-02-10,AMGN,0.0066126585,-0.0075665116,0.0056033134
2022-02-10,CRM,0.030328035,0.026895761,-0.02564007
2022-02-10,CSCO,-0.025816739,0.020800471,-0.0097343922
2022-02-10,IBM,0.0031918287,0.0056920052,-0.013226211
2022-02-10,INTC,-0.021473944,0.0032163858,-0.018640399
2022-02-10,MSFT,-0.00022554398,-0.0038484335,-0.0061534047
2022-02-10,NKE,0.014898419,0.018709421,-0.023854375
2022-02-10,VZ,0.0070027113,0.005507946,-0.027711332
2022-02-10,WMT,-0.013402879,0.0089640617,-0.029163718
2022-02-11,AAPL,0.0055555105,0.012201428,-0.0092639327
2022-02-11,AMGN,-0.0065304041,0.016205192,0.00086343288
2022-02-11,CRM,0.004391551,0.01746726,-0.0040245652
2022-02-11,CSCO,0.022183299,-0.00303334,0.01431179
2022-02-11,IBM,0.0087686777,0.014061093,-0.016228259
2022-02-11,INTC,0.0092581511,0.01147306,-0.013230681
2022-02-11,MSFT,-0.0016677976,-0.0036434531,-0.0024884939
2022-02-11,NKE,-0.017965674,0.010240555,0.0017346144
2022-02-11,VZ,-0.014435053,0.009470582,-0.002836585
2022-02-11,WMT,-0.014981031,0.015422702,-0.021586239
2022-02-14,AAPL,0.019686699,0.02041316,-0.0070025921
2022-02-14,AMGN,0.0040355921,0.0030585527,0.012749672
2022-02-14,CRM,-0.011147499,0.020621538,-0.02055043
2022-02-14,CSCO,-0.020545483,-0.0059694648,-0.01065129
2022-02-14,IBM,-0.0041106939,0.016434193,-0.0077431798
2022-02-14,INTC,-0.0012807846,0.00552845,-0.018590391
2022-02-14,MSFT,-0.0070492625,0.017215848,-0.0075457692
2022-02-14,NKE,0.03708899,0.025088668,-0.0091022849
2022-02-14,VZ,-0.016863227,0.019227743,-0.0050696135
2022-02-14,WMT,-0.0092669725,0.011338592,-0.0035569072
2022-02-15,AAPL,0.011845469,-0.0044148564,-0.021370173
2022-02-15,AMGN,0.022892118,0.024190187,-0.00495857
2022-02-15,CRM,0.017377257,0.024417639,0.0017650127
2022-02-15,CSCO,0.0032738447,0.0085799694,-0.013525784
2022-02-15,IBM,-0.015414178,0.0029174089,0.00039565563
2022-02-15,INTC,0.011705875,0.0049921274,-0.0093151331
2022-02-15,MSFT,0.000690341,0.017854333,-0.004673481
2022-02-15,NKE,-0.0064790845,0.016458988,0.0075839758
2022-02-15,VZ,-0.015896916,0.0091689825,0.0076178312
2022-02-15,WMT,-0.0098001361,-0.0023003221,-0.0066947937
2022-02-16,AAPL,0.033100724,0.015089989,-0.021202147
2022-02-16,AMGN,0.0099844933,0.026218414,-0.02327466
2022-02-16,CRM,-0.042630672,0.021935821,0.024233937
2022-02-16,CSCO,0.011958122,0.0050768852,-0.0074067712
2022-02-16,IBM,-0.0054681897,0.0021255016,0.0064723492
2022-02-16,INTC,0.0079082251,0.0053284168,-0.016695142
2022-02-16,MSFT,0.00071108341,0.027799249,-0.010228515
2022-02-16,NKE,-0.0073247552,-0.0069386363,-0.011348009
2022-02-16,VZ,-0.0024222732,0.0010578632,-0.0048356056
2022-02-16,WMT,0.0047192574,0.012718081,-0.0078018308
2022-02-17,AAPL,0.012732267,0.020366669,-0.035920382
2022-02-17,AMGN,-0.0020043254,0.019902945,-0.011874914
2022-02-17,CRM,-0.021476209,0.034491539,-0.01462841
2022-02-17,CSCO,0.028566241,0.016563177,-0.012126982
2022-02-17,IBM,-0.0071401596,-0.0050641298,-0.0072626472
2022-02-17,INTC,0.010223627,0.028638124,-0.0033541322
2022-02-17,MSFT,-0.012202561,0.0041185617,-0.0072203875
2022-02-17,NKE,0.024159074,-0.011124671,0.00064313412
2022-02-17,VZ,-0.0039215684,0.01571846,0.0056825876
2022-02-17,WMT,0.0009458065,0.02338171,-0.010353923
2022-02-18,AAPL,-0.040802717,0.0087530613,-0.028894246
2022-02-18,AMGN,-0.014390945,0.013186336,0.0070118904
2022-02-18,CRM,-0.0050916672,0.024415255,-0.0095850229
2022-02-18,CSCO,-0.021960378,-0.0040069818,-0.0019291639
2022-02-18,IBM,-0.0053688288,0.01350069,-2.2232533e-05
2022-02-18,INTC,-0.00036156178,-0.0049280524,-0.0023133755
2022-02-18,MSFT,0.014160633,0.020092607,-0.024891019
2022-02-18,NKE,-0.00056141615,-0.010531962,-0.0088935494
2022-02-18,VZ,0.012067199,0.014708281,-0.017504334
2022-02-18,WMT,-0.0065916777,0.005962491,-0.014303684
2022-02-22,AAPL,0.01030004,-0.00076854229,-0.011890709
2022-02-22,AMGN,0.0053056479,0.010434628,0.0090706348
2022-02-22,CRM,-0.038208842,0.00078427792,-0.018757761
2022-02-22,CSCO,-0.00059914589,0.013103366,-0.013721645
2022-02-22,IBM,0.012868404,0.015093803,-0.0035735369
2022-02-22,INTC,-0.0016978979,-0.003459692,-0.0069328547
2022-02-22,MSFT,0.00039076805,-0.014566183,-0.0033904314
2022-02-22,NKE,-0.017882705,0.0060305595,-0.0080993772
2022-02-22,VZ,-0.0097311139,0.006087184,-0.010453463
2022-02-22,WMT,-0.015559196,-0.0012435913,-0.00039923191
2022-02-23,AAPL,0.00097191334,0.0067068338,-0.016838551
2022-02-23,AMGN,-0.0030764341,0.011182308,-0.0064080358
2022-02-23,CRM,0.016426086,-0.0074092746,-0.020685554
2022-02-23,CSCO,0.020793319,0.0092099905,-0.012451291
2022-02-23,IBM,0.016972184,0.01695168,0.005743742
2022-02-23,INTC,0.0038658381,-0.0078589916,-0.0091025233
2022-02-23,MSFT,0.0025748014,0.0281744,-0.018881917
2022-02-23,NKE,-0.027834237,0.018702745,0.007840991
2022-02-23,VZ,0.003098011,0.0049417019,-0.0082204342
2022-02-23,WMT,0.018281579,-0.0012643933,-0.012381911
2022-02-24,AAPL,0.062492371,0.031315207,-0.01145786
2022-02-24,AMGN,-0.024248183,0.020823479,-0.012848079
2022-02-24,CRM,-0.011917114,0.012936831,-0.019841194
2022-02-24,CSCO,0.025485039,0.011536121,-0.0096629858
2022-02-24,IBM,0.019048572,0.022485733,-0.006136179
2022-02-24,INTC,0.0041098595,0.0093528032,-0.015822053
2022-02-24,MSFT,0.00011944771,0.014054537,-0.0096550584
2022-02-24,NKE,-0.0032390356,-0.00036376715,-0.0069406033
2022-02-24,VZ,0.0017901659,0.017955899,-0.0032035708
2022-02-24,WMT,-0.014660656,0.0089780092,-0.0032544732
2022-02-25,AAPL,-0.00011074543,0.014801502,-0.017228842
2022-02-25,AMGN,0.016197205,0.015076637,-0.020581484
2022-02-25,CRM,-0.0027316213,0.034829736,-0.0064454079
2022-02-25,CSCO,0.0071618557,0.012805104,-0.016648412
2022-02-25,IBM,-0.023421586,0.0061179399,-0.013907254
2022-02-25,INTC,0.0009137392,0.0022678375,-0.023660541
2022-02-25,MSFT,0.019785643,-0.00068342686,-0.0081262589
2022-02-25,NKE,-0.01647526,-0.0030153394,-0.020711005
2022-02-25,VZ,0.0030802488,0.0019956827,0.0091457367
2022-02-25,WMT,-0.032339275,0.0095131397,0.00099539757
2022-02-28,AAPL,-0.0032048225,0.00023066998,0.0097464323
2022-02-28,AMGN,-0.027506351,0.019857764,-0.0077573657
2022-02-28,CRM,0.03896594,0.012509346,0.0057691336
2022-02-28,CSCO,-0.025160193,-0.0063427091,-0.008144021
2022-02-28,IBM,0.0037866831,0.013168335,-0.013879597
2022-02-28,INTC,0.0045257807,0.0024362803,-0.012109458
2022-02-28,MSFT,-0.017005026,0.019514799,-0.007514298
2022-02-28,NKE,-0.0011706352,0.0082925558,-0.015881836
2022-02-28,VZ,-0.0084812641,-0.0023761988,-0.02201587
2022-02-28,WMT,-0.019912124,-0.0088314414,-0.0035341978
2022-03-01,AAPL,-0.0022015572,0.030732632,-0.0042202473
2022-03-01,AMGN,0.0028685331,0.0097316504,0.0069447756
2022-03-01,CRM,0.0088690519,0.0067980289,-0.034649014
2022-03-01,CSCO,0.013557673,0.024540901,-0.01481241
2022-03-01,IBM,-0.0053941607,0.013358474,-0.013280928
2022-03-01,INTC,0.014385343,0.0079894066,-0.0097793937
2022-03-01,MSFT,-0.012398362,0.020691037,-0.0070229769
2022-03-01,NKE,-0.0072496533,0.0056663752,-0.010170698
2022-03-01,VZ,-0.0081124306,0.02654171,-0.017638087
2022-03-01,WMT,0.022675633,0.0087366104,-0.010891199
2022-03-02,AAPL,-0.0042109489,0.016244292,0.00083255768
2022-03-02,AMGN,0.011353731,0.016547084,-0.00072032213
2022-03-02,CRM,0.0026762486,-0.010065615,-0.036999106
2022-03-02,CSCO,0.018744588,0.006136775,-0.014203548
2022-03-02,IBM,0.03349185,0.010898113,-0.0034208298
2022-03-02,INTC,-0.00196141,0.025205493,-0.01803112
2022-03-02,MSFT,-0.014615178,0.0047565699,-0.0092450976
2022-03-02,NKE,-0.0015000105,0.016679883,-0.0081184506
2022-03-02,VZ,-0.011654675,0.016716242,-0.014878035
2022-03-02,WMT,-0.021817207,0.028180957,-0.013929904
2022-03-03,AAPL,-0.040830255,-0.0020745397,-0.028995275
2022-03-03,AMGN,-0.0086840391,0.018777728,-0.016918063
2022-03-03,CRM,-0.056782305,0.049334645,-0.022823989
2022-03-03,CSCO,-0.013616383,0.0057077408,-0.014884591
2022-03-03,IBM,0.026894808,0.011764526,-0.019729555
2022-03-03,INTC,0.0057088137,0.012357831,-0.016801775
2022-03-03,MSFT,-0.012197256,0.033671975,-0.0090919733
2022-03-03,NKE,-0.0055982471,-0.006338954,-0.0043347478
2022-03-03,VZ,0.0012354851,0.012656927,-0.0045798421
2022-03-03,WMT,0.0053058863,0.0057984591,-0.0093445778
2022-03-04,AAPL,0.018018126,0.018194914,-0.011544526
2022-03-04,AMGN,0.020441413,0.015210748,0.00029408932
2022-03-04,CRM,0.0072501898,0.030869722,-0.015619576
2022-03-04,CSCO,-0.036282957,-0.0032711029,-0.0011742711
2022-03-04,IBM,-0.0061253905,0.011603951,-0.01483053
2022-03-04,INTC,0.014313221,0.0070158243,-0.012533367
2022-03-04,MSFT,-0.018050134,0.015149832,-0.016569853
2022-03-04,NKE,0.016124964,0.0031248331,-0.0072657466
2022-03-04,VZ,-0.023166656,0.0016673803,0.007101655
2022-03-04,WMT,0.01590395,0.0066183805,0.0039620399
2022-03-07,AAPL,-0.026652336,0.019452929,0.0097448826
2022-03-07,AMGN,-0.003218472,0.022081733,-0.020343304
2022-03-07,CRM,-0.055553436,0.024716735,-0.02728498
2022-03-07,CSCO,-0.0091747642,0.014099121,-0.022424757
2022-03-07,IBM,0.0045369864,0.011800528,-0.0032840371
2022-03-07,INTC,-0.0038499236,0.020630956,-0.012365758
2022-03-07,MSFT,-0.0098669529,0.01491046,-0.011832476
2022-03-07,NKE,0.010129333,0.013570428,-0.012643874
2022-03-07,VZ,0.0020262003,0.00088226795,-0.01168555
2022-03-07,WMT,0.0052983761,0.011352062,-0.0091878176
2022-03-08,AAPL,-0.011406243,0.0025693178,-0.018737733
2022-03-08,AMGN,-0.021838129,0.018734097,-0.00055789948
2022-03-08,CRM,-0.037766755,0.011250734,0.009611249
2022-03-08,CSCO,-0.015943944,0.0073114634,-0.0068112612
2022-03-08,IBM,-0.0014580488,0.016757011,-0.011779726
2022-03-08,INTC,-0.021665633,0.0069904327,-0.0093500614
2022-03-08,MSFT,0.035502195,-0.0038866401,-0.010341346
2022-03-08,NKE,0.0039652586,0.038936973,-0.00067830086
2022-03-08,VZ,-0.0082355738,-0.0042570233,-0.010194063
2022-03-08,WMT,0.0032925606,0.014403939,-0.0098505616
2022-03-09,AAPL,-0.045190632,0.019027948,-0.01334089
2022-03-09,AMGN,0.00070881844,0.015203834,-0.022890806
2022-03-09,CRM,-0.015776992,0.023142457,0.0028661489
2022-03-09,CSCO,0.018368244,0.017878175,-0.011734486
2022-03-09,IBM,0.016861558,0.0076831579,-0.0031016469
2022-03-09,INTC,-0.00039148331,0.002343297,-0.022804141
2022-03-09,MSFT,-0.029891789,-0.014253795,-0.019313991
2022-03-09,NKE,-0.028030097,0.026193738,0.011570811
2022-03-09,VZ,-0.013292432,-0.00078833103,0.0016272068
2022-03-09,WMT,-0.014885306,0.0072102547,-0.016408682
2022-03-10,AAPL,-0.0045543909,-0.01502949,0.0063034296
2022-03-10,AMGN,0.0055141449,0.027431607,0.0088127851
2022-03-10,CRM,-0.0035108924,0.019318581,-0.023076117
2022-03-10,CSCO,-0.0260185,-0.0040965676,-0.015464067
2022-03-10,IBM,-0.0086935759,0.016693711,-0.0021682382
2022-03-10,INTC,0.017262459,0.0086188316,0.0038273335
2022-03-10,MSFT,-0.014392078,0.012539625,-0.013645113
2022-03-10,NKE,0.016374588,0.024605155,-0.035534203
2022-03-10,VZ,0.034230232,0.018711925,0.015433431
2022-03-10,WMT,-0.010260582,0.015742064,-0.0087411404
2022-03-11,AAPL,0.016976118,0.039753437,-0.036626935
2022-03-11,AMGN,-0.0033293962,-0.0048606992,-0.0055493116
2022-03-11,CRM,-0.035606623,0.011380792,0.0099724531
2022-03-11,CSCO,0.0066086054,0.028527737,-0.021316767
2022-03-11,IBM,0.015692711,0.0041621923,-0.010217249
2022-03-11,INTC,0.0082139969,0.012262344,-0.018871903
2022-03-11,MSFT,0.0049269199,0.010696173,0.0020730495
2022-03-11,NKE,0.013222933,0.019080281,-0.0072108507
2022-03-11,VZ,0.0060055256,-0.00070595741,-0.00024986267
2022-03-11,WMT,0.011070967,0.0093855858,-0.00069350004
2022-03-14,AAPL,0.0014100075,0.0067710876,-0.0016008615
2022-03-14,AMGN,-0.032920361,0.0063717365,-0.013047636
2022-03-14,CRM,0.0019111633,0.00015425682,0.012854576
2022-03-14,CSCO,0.017032385,-0.0075659752,-0.011391759
2022-03-14,IBM,-0.024625421,-0.0038143396,-0.019332528
2022-03-14,INTC,-0.008048594,0.00014638901,0.0029393435
2022-03-14,MSFT,-0.00037455559,0.01365757,-0.010082304
2022-03-14,NKE,-0.011999726,0.015998483,-0.0074468255
2022-03-14,VZ,-0.0061610341,0.012350559,-0.016410828
2022-03-14,WMT,-0.005058527,0.019084811,-0.024067342
2022-03-15,AAPL,-0.0092487335,0.0031942129,0.0028192997
2022-03-15,AMGN,-0.034582734,-0.0037519932,0.00057291985
2022-03-15,CRM,0.00029206276,0.024126649,-0.0096511245
2022-03-15,CSCO,-0.0074250698,0.015382171,-0.024780333
2022-03-15,IBM,0.017448783,0.025480032,0.0021002293
2022-03-15,INTC,0.0048626661,0.014430881,-0.016193211
2022-03-15,MSFT,0.0022639036,0.00822258,-0.0049362183
2022-03-15,NKE,-0.00088506937,0.0050166845,-0.0088009238
2022-03-15,VZ,-0.018121898,0.018215895,-0.005618453
2022-03-15,WMT,0.012881041,0.0053136349,-0.022117555
2022-03-16,AAPL,-0.0038896203,0.011192679,-0.016072035
2022-03-16,AMGN,0.014229178,0.029004574,-0.010046721
2022-03-16,CRM,-0.005715251,-0.011978209,-0.001293242
2022-03-16,CSCO,-0.0054226518,0.0010249615,-0.0095534325
2022-03-16,IBM,-0.00092834234,0.0138731,-0.014678895
2022-03-16,INTC,-0.010596514,-0.00026786327,-0.0061480403
2022-03-16,MSFT,0.0074054003,0.01744771,-0.018309534
2022-03-16,NKE,-0.0099382997,0.0052558184,-0.01820296
2022-03-16,VZ,0.0091582537,0.0091423988,-0.0037528872
2022-03-16,WMT,0.0021384954,0.0093659163,-0.0074765086
2022-03-17,AAPL,-0.0085113049,0.015231609,-0.013365567
2022-03-17,AMGN,-0.021527112,0.0048675537,-0.00223279
2022-03-17,CRM,-0.031495392,0.012603998,-0.030334055
2022-03-17,CSCO,0.012582064,0.0099107027,-0.013238072
2022-03-17,IBM,-0.0014558434,0.0074380636,0.0013107061
2022-03-17,INTC,0.020120263,0.027087331,-0.0087114573
2022-03-17,MSFT,0.002401948,-0.012511671,-0.013673246
2022-03-17,NKE,-0.012664497,0.01435709,-0.030326068
2022-03-17,VZ,-0.012458742,-0.00093531609,-0.0025673509
2022-03-17,WMT,-0.0076149106,0.01938951,-0.01003933
2022-03-18,AAPL,0.00014853477,0.021694779,-0.034817576
2022-03-18,AMGN,-0.0031325221,0.014134169,-0.018215775
2022-03-18,CRM,0.0014257431,0.022581577,0.018952847
2022-03-18,CSCO,-0.013572514,0.03335309,-0.012425363
2022-03-18,IBM,0.0072088242,0.012357116,-0.017917991
2022-03-18,INTC,-0.0049630404,0.0099931955,-0.0035178065
2022-03-18,MSFT,-0.0026619434,0.0098004341,-0.0055627823
2022-03-18,NKE,-0.010678828,0.024893284,0.018290401
2022-03-18,VZ,-0.00036162138,0.015912056,0.0002733469
2022-03-18,WMT,0.002951026,0.012846589,-0.021735847
2022-03-21,AAPL,0.010082006,0.0021047592,0.0053313971
2022-03-21,AMGN,-0.0029699802,0.0018903017,-0.0041880608
2022-03-21,CRM,-0.0058203936,0.0065916777,-0.002653718
2022-03-21,CSCO,-0.011620164,0.012184501,-0.034439683
2022-03-21,IBM,0.00088024139,0.012024164,0.0038434267
2022-03-21,INTC,-0.024702787,0.010544419,-0.023119152
2022-03-21,MSFT,-0.017089188,-0.0040704608,-0.016926348
2022-03-21,NKE,-0.0074222088,0.0261482,0.0026533604
2022-03-21,VZ,-0.0021412373,0.019285083,-0.024094462
2022-03-21,WMT,-0.029769838,0.0087474585,0.0047358274
2022-03-22,AAPL,-0.0011777878,0.0093187094,-0.0046694279
2022-03-22,AMGN,-0.0037133098,0.0043275356,-0.0061323047
2022-03-22,CRM,0.034399629,0.025288701,-0.052791357
2022-03-22,CSCO,0.014223456,0.0036661625,-0.014161468
2022-03-22,IBM,-0.0049741864,0.019176126,0.0023444891
2022-03-22,INTC,-0.035108805,0.0074160099,-0.010541975
2022-03-22,MSFT,0.0072127581,0.0069557428,-0.0076690316
2022-03-22,NKE,0.012939572,0.013784289,-0.009511888
2022-03-22,VZ,0.017026663,0.018367648,-0.0080640316
2022-03-22,WMT,-0.020832062,0.001493454,-0.0094521642
2022-03-23,AAPL,0.0084042549,0.014425993,-0.023435116
2022-03-23,AMGN,-0.016423583,0.023738503,-0.019776046
2022-03-23,CRM,-0.048234224,0.012113929,-0.028724253
2022-03-23,CSCO,-0.0031241775,0.014066219,-0.030693829
2022-03-23,IBM,0.0065881014,-0.00048446655,-0.018194199
2022-03-23,INTC,0.0055145025,0.022796869,-0.0024214387
2022-03-23,MSFT,-0.02361387,-1.6093254e-06,-0.029258788
2022-03-23,NKE,-0.015228212,0.026347995,-0.0015583634
2022-03-23,VZ,0.01344955,0.0072197914,-0.0059596896
2022-03-23,WMT,-0.010505795,0.014787793,-0.0046185255
2022-03-24,AAPL,0.014081717,0.015077829,-0.0157215
2022-03-24,AMGN,0.040154815,-0.0082720518,-0.011091173
2022-03-24,CRM,-0.01387471,-0.00021678209,0.032643914
2022-03-24,CSCO,0.011314511,0.012520552,-0.0091193318
2022-03-24,IBM,-0.010834515,0.0022435188,-0.01742959
2022-03-24,INTC,-0.02137512,0.0066533089,-0.022193551
2022-03-24,MSFT,-0.019557238,0.030873537,-0.0074201822
2022-03-24,NKE,0.023389697,0.004432559,0.0002399683
2022-03-24,VZ,-0.0036666989,0.00030910969,-0.0084721446
2022-03-24,WMT,-0.027871966,0.020341039,0.0029335022
2022-03-25,AAPL,-0.016351223,0.020358562,-0.029790223
2022-03-25,AMGN,-0.0094849467,0.015290618,-0.00059181452
2022-03-25,CRM,0.0043005943,0.038707018,-0.013238847
2022-03-25,CSCO,-0.0058146119,0.012621164,-0.013535202
2022-03-25,IBM,0.015458703,0.013198256,-0.008133769
2022-03-25,INTC,-0.0042818785,0.02045989,-0.023762643
2022-03-25,MSFT,-0.0066863894,0.0019680262,-0.019219458
2022-03-25,NKE,-0.026256323,0.015469432,0.0208987
2022-03-25,VZ,0.0039913654,0.0105021,-0.017591834
2022-03-25,WMT,-0.025593698,0.0015774965,-0.010995269
2022-03-28,AAPL,0.0034816265,0.017558932,-0.019261301
2022-03-28,AMGN,-0.0025484562,0.040077925,0.0026994944
2022-03-28,CRM,0.0016894341,0.0040224791,-0.0075778961
2022-03-28,CSCO,-0.0008931756,-0.0059248805,-0.025481105
2022-03-28,IBM,-0.0092096329,0.015060067,-0.007625103
2022-03-28,INTC,-0.0013459921,0.011610627,-0.013574362
2022-03-28,MSFT,0.0034478903,0.0078680515,-0.012359738
2022-03-28,NKE,-0.012144625,0.0059293509,-0.018744171
2022-03-28,VZ,0.0012372732,-0.001601994,-0.017705917
2022-03-28,WMT,0.0071355104,-0.00079381466,-0.0047409534
2022-03-29,AAPL,-0.016425073,0.036928058,-0.020525038
2022-03-29,AMGN,0.004983902,-0.0032259822,-0.025852323
2022-03-29,CRM,-0.049770355,-0.01874876,-0.023614466
2022-03-29,CSCO,0.020192623,0.025875688,-0.021957159
2022-03-29,IBM,0.0019634962,-0.0018731356,-0.0011498332
2022-03-29,INTC,-0.0063711405,-0.00043284893,-0.0086638331
2022-03-29,MSFT,0.015389919,0.019552827,-0.0090439916
2022-03-29,NKE,-0.039330006,0.0086014271,-0.010405362
2022-03-29,VZ,-0.0040119886,0.018103242,-0.0067116618
2022-03-29,WMT,-0.0038567781,0.0077536106,-0.0092166066
2022-03-30,AAPL,0.023032784,0.025768876,-0.029834926
2022-03-30,AMGN,-0.01074487,0.043733716,-0.0076411366
2022-03-30,CRM,-0.029790759,0.0038193464,-0.030661643
2022-03-30,CSCO,-0.02175498,0.0069752932,-0.023429751
2022-03-30,IBM,-0.012478888,-5.6862831e-05,-0.010321438
2022-03-30,INTC,0.0020352602,0.026169777,-0.0084434748
2022-03-30,MSFT,0.0013759136,0.0088477135,-0.0096895099
2022-03-30,NKE,0.013766527,0.0053693056,-0.023361266
2022-03-30,VZ,-0.00084036589,0.0021849871,-0.0041484833
2022-03-30,WMT,0.027100801,0.0083173513,-0.012769341
2022-03-31,AAPL,-0.019363701,0.024219632,-0.010453701
2022-03-31,AMGN,-0.0030887127,0.010602117,-0.01160866
2022-03-31,CRM,-0.028761208,0.0078146458,-0.012895763
2022-03-31,CSCO,-0.0014879107,0.027770162,-0.0069168806
2022-03-31,IBM,-0.013392448,0.0068159103,-0.011530519
2022-03-31,INTC,-0.007979095,0.013144612,-0.0029245019
2022-03-31,MSFT,0.016775131,0.039181948,-0.021427274
2022-03-31,NKE,0.00091481209,0.020357609,-0.015320063
2022-03-31,VZ,-0.036141634,0.006461978,0.0067827702
2022-03-31,WMT,0.015485406,0.010491252,0.0043393373
2022-04-01,AAPL,0.019330978,0.0043236017,-0.022653222
2022-04-01,AMGN,-0.024251103,0.017557502,-0.0076780319
2022-04-01,CRM,0.045485854,0.04038918,-0.035001755
2022-04-01,CSCO,-0.013028741,0.0040317774,-0.011620462
2022-04-01,IBM,-0.021603763,0.016651988,0.0036585331
2022-04-01,INTC,-0.0044074655,0.015390038,-0.012290061
2022-04-01,MSFT,-0.0055049658,0.0074228048,-0.0055488348
2022-04-01,NKE,-0.016859651,0.013087869,-0.010988295
2022-04-01,VZ,0.0049632788,0.017409921,-0.021629453
2022-04-01,WMT,-0.0039436817,0.009488225,-0.021320045
2022-04-04,AAPL,0.02306807,0.014099479,-0.021740139
2022-04-04,AMGN,0.009973526,0.02072084,0.0078836679
2022-04-04,CRM,-0.02148664,0.031495929,-0.027046144
2022-04-04,CSCO,0.0049185753,0.0050886869,-0.0080835819
2022-04-04,IBM,0.010350466,0.00960958,0.010218143
2022-04-04,INTC,-0.018333554,-0.0020406842,-0.0081652999
2022-04-04,MSFT,-0.034276068,0.019837618,-0.026138961
2022-04-04,NKE,-0.0051943064,0.0053684711,-0.0061032772
2022-04-04,VZ,0.0083755255,0.010336876,-0.0026385784
2022-04-04,WMT,-0.00066888332,0.0072185993,-0.0095262527
2022-04-05,AAPL,-0.014261425,0.01953721,-0.012552142
2022-04-05,AMGN,0.0063691139,0.019086599,-0.0040798783
2022-04-05,CRM,0.019196749,0.010863185,-0.017730594
2022-04-05,CSCO,0.0063860416,0.0003323555,-0.018586278
2022-04-05,IBM,-0.026742876,0.0088453293,0.0007417202
2022-04-05,INTC,0.0096439123,0.0019011497,0.0017471313
2022-04-05,MSFT,-0.0014076829,0.0042544603,-0.0059147477
2022-04-05,NKE,-0.019849658,0.024213552,0.0080529451
2022-04-05,VZ,-0.0042032599,0.0031000376,-0.017655313
2022-04-05,WMT,-0.0074688196,0.0039682388,-0.016357005
2022-04-06,AAPL,0.036126494,0.015845776,-0.011899114
2022-04-06,AMGN,-0.011198521,0.0061589479,0.00095236301
2022-04-06,CRM,-0.051891863,-0.01308006,-0.030609727
2022-04-06,CSCO,0.012012839,0.01044023,-0.0074166059
2022-04-06,IBM,-0.011390865,0.00011789799,-0.011522055
2022-04-06,INTC,-0.016109407,0.00070405006,-0.01349926
2022-04-06,MSFT,-4.1246414e-05,-0.00078397989,-0.01641506
2022-04-06,NKE,-0.0153566,0.015189767,-0.020853162
2022-04-06,VZ,0.002686739,0.0063668489,-0.018440545
2022-04-06,WMT,-0.01700592,0.020975471,-0.011237979
2022-04-07,AAPL,-0.007674396,0.01425004,-0.010897458
2022-04-07,AMGN,-0.00042498112,0.025756598,-0.022082508
2022-04-07,CRM,-0.0057176948,0.016992927,-0.013916731
2022-04-07,CSCO,0.0035712719,-0.0015587807,-0.0039644837
2022-04-07,IBM,-0.0056292415,0.0085761547,-0.00076532364
2022-04-07,INTC,-0.0074660182,0.010974407,-0.011106849
2022-04-07,MSFT,-0.026070714,0.012974262,0.0043693781
2022-04-07,NKE,0.024212122,0.025609851,-0.01958847
2022-04-07,VZ,0.0074663162,0.0095344782,0.0016680956
2022-04-07,WMT,0.0076631308,0.0086158514,-0.010857821
2022-04-08,AAPL,-0.030180275,0.0056823492,-0.021531343
2022-04-08,AMGN,-0.01398313,0.017655492,-0.0035528541
2022-04-08,CRM,0.057858348,0.011002898,-0.035955846
2022-04-08,CSCO,0.025079727,0.027415276,-0.0050088763
2022-04-08,IBM,0.0018026829,0.032512426,-0.0078043342
2022-04-08,INTC,0.0010004044,0.011803269,-0.013146877
2022-04-08,MSFT,0.006064415,-0.0013096333,-0.013280153
2022-04-08,NKE,-0.021702766,0.018280029,-0.023359895
2022-04-08,VZ,-0.010886073,0.019083261,0.0036077499
2022-04-08,WMT,0.013409138,0.011635661,-0.0047659874
2022-04-11,AAPL,-0.0069648623,0.0079292059,-0.018657923
2022-04-11,AMGN,0.02798748,0.014640331,-0.0047819614
2022-04-11,CRM,-0.0024689436,-0.011454284,-0.043036461
2022-04-11,CSCO,0.017246246,0.012786031,-0.018152595
2022-04-11,IBM,-0.033629298,0.022234917,-0.013245344
2022-04-11,INTC,0.0096119642,0.0044090748,-0.016130626
2022-04-11,MSFT,0.0052121878,0.015295148,-0.010147035
2022-04-11,NKE,-0.0027316809,0.024720907,-0.0092995167
2022-04-11,VZ,-0.0019526482,-0.005898118,-0.0032171011
2022-04-11,WMT,-0.006988883,0.017600894,-0.0063824058
2022-04-12,AAPL,-0.01161927,0.012869239,-0.0040732026
2022-04-12,AMGN,-0.014122069,-0.012159646,-0.030263364
2022-04-12,CRM,-0.012077451,0.025507689,-0.016595662
2022-04-12,CSCO,0.0067484379,-0.00022220612,-0.015502989
2022-04-12,IBM,-0.03295666,0.012998462,-0.025277972
2022-04-12,INTC,0.0027935505,0.033732772,-0.0062037706
2022-04-12,MSFT,0.0055187941,0.0046499968,-0.00085926056
2022-04-12,NKE,-0.0060334206,0.015960813,-0.014689624
2022-04-12,VZ,-0.024521172,0.0080829859,0.015637994
2022-04-12,WMT,-0.033322513,-0.00043988228,-0.012206912
2022-04-13,AAPL,-0.0051431656,0.02003324,-0.033326924
2022-04-13,AMGN,0.0061379671,0.039474487,-0.021107078
2022-04-13,CRM,-0.039160609,0.019049048,-0.014377654
2022-04-13,CSCO,0.020022988,0.013145566,-0.021294236
2022-04-13,IBM,0.0141325,0.0049942732,-0.01604563
2022-04-13,INTC,-0.0048921704,0.011473894,-0.006964922
2022-04-13,MSFT,-0.0075722337,0.017094493,-0.012245595
2022-04-13,NKE,0.0064934492,0.01263988,0.0057095289
2022-04-13,VZ,-0.008718133,0.022531629,-0.00407511
2022-04-13,WMT,0.0068298578,0.015265942,-0.012001336
2022-04-14,AAPL,-0.0092862248,0.02602303,-0.025149047
2022-04-14,AMGN,-0.0142169,0.019770622,-0.019415855
2022-04-14,CRM,0.0089925528,0.00024020672,-0.051125944
2022-04-14,CSCO,-0.0069045424,0.026531458,-0.0053229332
2022-04-14,IBM,-0.0031419396,0.013895512,-0.0024248362
2022-04-14,INTC,-0.0021061897,0.0060789585,-0.014112949
2022-04-14,MSFT,-0.01530689,0.0026034117,-0.016962171
2022-04-14,NKE,-0.013837039,0.0033068657,0.012406826
2022-04-14,VZ,-0.007822156,0.020602942,-0.029497683
2022-04-14,WMT,0.013488889,0.0010985136,-0.0014796257
2022-04-18,AAPL,0.0049196482,0.00049602985,-0.014006615
2022-04-18,AMGN,-0.019225776,0.016937375,-0.0049948692
2022-04-18,CRM,-0.035577357,0.027435184,-0.032193363
2022-04-18,CSCO,-0.019611001,0.01105392,-0.017423093
2022-04-18,IBM,0.018077135,0.0067919493,-0.0055966973
2022-04-18,INTC,0.014348388,-0.0023130774,-0.0038510561
2022-04-18,MSFT,0.014269352,0.024969101,-0.0050442815
2022-04-18,NKE,-0.041518629,0.0143677,-0.012977302
2022-04-18,VZ,0.00566113,0.015792012,-0.0081726313
2022-04-18,WMT,-0.0053048134,0.006167531,-0.003749907
2022-04-19,AAPL,-0.030159116,-0.010059595,-0.012557745
2022-04-19,AMGN,-0.0058689713,0.011122465,-0.0080860853
2022-04-19,CRM,0.0084117651,0.013223886,-0.00020247698
2022-04-19,CSCO,0.039630532,0.029953241,-0.024428666
2022-04-19,IBM,-0.00076174736,-0.001280129,0.0013786554
2022-04-19,INTC,0.006972909,0.017221689,-0.010655582
2022-04-19,MSFT,0.0062389374,0.0037375689,-0.019617796
2022-04-19,NKE,0.017488718,0.016970634,-0.0025596619
2022-04-19,VZ,-0.020930886,0.017910838,-0.010411739
2022-04-19,WMT,0.021201849,-0.0011808276,-0.011329353
2022-04-20,AAPL,0.022408128,0.010433793,-0.0064761043
2022-04-20,AMGN,-0.010744274,0.026633143,-0.00068098307
2022-04-20,CRM,-0.01673907,0.017121553,-0.020718336
2022-04-20,CSCO,-0.011749029,0.0037784576,-0.038442314
2022-04-20,IBM,-0.0021929145,-0.004078269,-0.014582038
2022-04-20,INTC,-0.0378443,0.015840173,-0.017245173
2022-04-20,MSFT,-0.02780807,0.012138963,0.010987163
2022-04-20,NKE,-0.014090419,0.013712883,0.0092804432
2022-04-20,VZ,-0.010527253,-0.0019248724,-0.014069557
2022-04-20,WMT,0.014158607,0.0075252056,-0.0025205016
2022-04-21,AAPL,-0.0165537,0.012297273,-0.031725526
2022-04-21,AMGN,-0.0039251447,0.0043088198,-0.0037246943
2022-04-21,CRM,-0.014488399,0.0404495,-0.010399282
2022-04-21,CSCO,-0.0069501996,0.0089114904,-0.020164907
2022-04-21,IBM,0.019852757,0.014844418,-0.0078459978
2022-04-21,INTC,0.017436028,0.0097383261,-0.012802362
2022-04-21,MSFT,0.01240766,-0.0038043857,-0.017790556
2022-04-21,NKE,-0.04656446,0.0074954033,-0.0073351264
2022-04-21,VZ,-0.0020840168,0.019943833,-0.018646002
2022-04-21,WMT,-0.0043396354,0.0097378492,0.0084741116
2022-04-22,AAPL,0.03190589,0.02615881,-0.010124564
2022-04-22,AMGN,0.00071632862,0.0035943985,-0.022938192
2022-04-22,CRM,0.019394159,0.032666087,0.019559264
2022-04-22,CSCO,0.010853648,0.016811371,0.0039479733
2022-04-22,IBM,0.013863325,0.015310526,0.0027160645
2022-04-22,INTC,-0.025946796,0.00079655647,-0.018832088
2022-04-22,MSFT,-0.0047085285,0.010190606,-0.021072745
2022-04-22,NKE,-0.025061905,0.010890841,-0.0064985156
2022-04-22,VZ,-0.0052087903,0.0014116764,-0.0056435466
2022-04-22,WMT,-0.017818272,0.022093058,-0.006819427
2022-04-25,AAPL,0.0050438643,-0.0024863482,-0.028508186
2022-04-25,AMGN,-0.031174719,0.020490646,-0.00014346838
2022-04-25,CRM,-0.0096916556,0.016954422,0.006275773
2022-04-25,CSCO,0.019290686,0.01975286,-0.012806952
2022-04-25,IBM,0.013017774,0.027459979,-0.0069932938
2022-04-25,INTC,-0.0024303794,-0.0069566965,-0.0081828237
2022-04-25,MSFT,0.023020506,0.01311481,-0.0027856827
2022-04-25,NKE,-0.046546042,0.017421722,-0.0038015842
2022-04-25,VZ,0.00017952919,-0.0016803741,-0.00089240074
2022-04-25,WMT,-0.010725677,0.0029152632,-0.0089820027
2022-04-26,AAPL,0.01557529,0.024373889,-0.027151287
2022-04-26,AMGN,0.021381021,0.039101601,-0.018850863
2022-04-26,CRM,0.0040323734,0.02859056,-0.012467682
2022-04-26,CSCO,-0.01746732,0.014194131,-0.0098785758
2022-04-26,IBM,-0.0087966919,-0.0058605671,-0.0043162107
2022-04-26,INTC,0.014700055,0.012695193,-0.0080042481
2022-04-26,MSFT,-0.0031924844,0.011150122,-0.0098389983
2022-04-26,NKE,-0.011592329,0.025219679,-0.012361348
2022-04-26,VZ,0.0062174797,0.012833595,-0.0046128631
2022-04-26,WMT,0.0084406137,0.0086176395,-0.0098217726
2022-04-27,AAPL,-0.045188069,-0.0080856681,-0.016924262
2022-04-27,AMGN,-0.016267538,0.02729094,0.0026888847
2022-04-27,CRM,0.026100993,0.020626068,-0.030806065
2022-04-27,CSCO,-0.0045280457,-0.007243216,-0.020810604
2022-04-27,IBM,0.0021271706,0.00093841553,-0.023249269
2022-04-27,INTC,-0.0049435496,-0.00037682056,0.001252532
2022-04-27,MSFT,-0.004740417,0.0051811934,-0.015122414
2022-04-27,NKE,-0.012832165,0.010144949,-0.0042002797
2022-04-27,VZ,0.012454748,0.0098376274,-0.01263231
2022-04-27,WMT,-0.013965309,0.011241317,-0.0035995245
2022-04-28,AAPL,0.017081141,0.024821281,-0.022913098
2022-04-28,AMGN,0.0095409155,0.0084837675,-0.0040284395
2022-04-28,CRM,0.0076972246,0.051941156,-0.039585352
2022-04-28,CSCO,-0.0041132569,0.004758358,-0.015073299
2022-04-28,IBM,-0.0037133694,0.023991585,-0.012993574
2022-04-28,INTC,-0.0055591464,0.010945678,-0.0072233677
2022-04-28,MSFT,0.0049415827,0.015837312,0.002051115
2022-04-28,NKE,0.0029542446,0.01953721,-0.016950727
2022-04-28,VZ,0.0065088272,0.0048289299,-0.00043559074
2022-04-28,WMT,0.017891765,0.0037404299,-0.0045776963
2022-04-29,AAPL,-0.0056615472,-0.018294573,-0.00094544888
2022-04-29,AMGN,-0.015112162,-0.0064454079,0.0051608086
2022-04-29,CRM,0.017512679,-0.0035588145,-0.013455212
2022-04-29,CSCO,-0.019168079,0.028784513,-0.004545033
2022-04-29,IBM,-0.025491536,-0.0025989413,-0.016225398
2022-04-29,INTC,-0.0072319508,0.00013685226,-0.022339284
2022-04-29,MSFT,0.0034430027,-0.009498775,-0.011043549
2022-04-29,NKE,-0.0047361255,0.0048706532,-0.0049311519
2022-04-29,VZ,-0.003241539,0.0085504055,0.00025939941
2022-04-29,WMT,0.00039172173,0.013514042,-0.01447469
2022-05-02,AAPL,-0.0039042234,0.018732667,-0.0096511841
2022-05-02,AMGN,0.028727174,0.010896564,-0.008749783
2022-05-02,CRM,0.015360475,0.038671494,-0.046032906
2022-05-02,CSCO,0.02163291,0.012548923,-0.0013680458
2022-05-02,IBM,-0.031076789,0.024432182,-0.02173084
2022-05-02,INTC,-0.029740334,0.021793604,-0.015689373
2022-05-02,MSFT,0.0028349161,0.004224062,-0.022596538
2022-05-02,NKE,-0.01058048,0.029472113,-0.002086103
2022-05-02,VZ,-0.012680233,0.0082200766,-0.0254457
2022-05-02,WMT,0.009796381,0.015666485,-0.011655748
2022-05-03,AAPL,-0.032731891,0.0019723177,-0.011007965
2022-05-03,AMGN,-0.010407507,-0.0082522631,-0.0045163631
2022-05-03,CRM,-0.043368518,0.028029561,0.026389599
2022-05-03,CSCO,0.00094211102,0.024413466,0.0057746172
2022-05-03,IBM,-0.0052711964,0.0061564445,-0.0060648918
2022-05-03,INTC,-0.0041267872,0.0020165443,0.026831388
2022-05-03,MSFT,-0.018979788,0.014624596,-0.0032758117
2022-05-03,NKE,-0.0086249113,0.023153186,-0.02130717
2022-05-03,VZ,0.0013420582,-0.0032329559,-0.0078671575
2022-05-03,WMT,0.011748314,0.0071269274,0.0024430752
2022-05-04,AAPL,-0.046461821,0.0027467012,-0.015682697
2022-05-04,AMGN,-0.030425966,0.0027700663,-0.0083210468
2022-05-04,CRM,-0.0061913729,0.041605115,-0.02704066
2022-05-04,CSCO,-0.017160416,0.0029244423,-0.010859609
2022-05-04,IBM,0.0065832138,-0.011321127,0.0012533665
2022-05-04,INTC,-0.0032826066,0.032212615,0.0024645329
2022-05-04,MSFT,-0.016159594,0.018708587,-0.030120313
2022-05-04,NKE,-0.019551039,0.015794396,-0.0049760342
2022-05-04,VZ,0.0095629692,0.034183741,-0.0081769824
2022-05-04,WMT,0.0068467855,0.010514736,-0.018072963
2022-05-05,AAPL,-0.015365958,-0.0020627975,-0.017902195
2022-05-05,AMGN,-0.022236109,0.0021082163,-0.016744614
2022-05-05,CRM,-0.063076913,0.013771534,-0.005428493
2022-05-05,CSCO,-0.012903333,0.0048179626,-0.021693051
2022-05-05,IBM,0.01254344,0.0045136213,-0.0039280653
2022-05-05,INTC,-0.024455249,-0.00071263313,-0.020888746
2022-05-05,MSFT,0.023205996,0.017419577,-0.014903784
2022-05-05,NKE,-0.020392179,0.018871903,-0.009329319
2022-05-05,VZ,0.018617272,0.018100739,-0.012499988
2022-05-05,WMT,0.023322701,0.0072485209,-0.010582328
2022-05-06,AAPL,0.02071631,0.0075577497,-0.02180934
2022-05-06,AMGN,-0.043902874,0.033617258,-0.0057268739
2022-05-06,CRM,-0.010096133,0.018755198,-0.028302372
2022-05-06,CSCO,0.0040740967,0.016103506,-9.7513199e-05
2022-05-06,IBM,-0.02709192,0.0069491863,-0.010348082
2022-05-06,INTC,-0.0048233271,0.010770202,-0.01075691
2022-05-06,MSFT,0.014121532,0.0036710501,-0.017656028
2022-05-06,NKE,-0.010814011,0.025253892,-0.020969331
2022-05-06,VZ,0.0062725544,0.0097737312,-0.011832416
2022-05-06,WMT,0.0036255121,0.012017846,-0.0042732954
2022-05-09,AAPL,0.0015305281,0.012540817,-0.011737823
2022-05-09,AMGN,-0.0017755628,-0.010123074,-0.0066379309
2022-05-09,CRM,-0.033590615,0.024168491,-0.023860633
2022-05-09,CSCO,0.025870562,0.0032738447,-0.0073087215
2022-05-09,IBM,-0.014624476,0.011685491,0.0026994944
2022-05-09,INTC,0.033159733,0.019667506,-0.01681751
2022-05-09,MSFT,-0.031601012,0.016512632,-0.003819406
2022-05-09,NKE,-0.00064402819,0.011222839,-0.0021892786
2022-05-09,VZ,0.0019137859,0.00043547153,-0.019628823
2022-05-09,WMT,0.0027610064,-0.01224196,-0.0045164824
2022-05-10,AAPL,0.022644639,0.0030580759,-0.0086273551
2022-05-10,AMGN,-0.004999876,0.0071465969,-0.0074718595
2022-05-10,CRM,0.045905948,0.056103706,-0.025607705
2022-05-10,CSCO,-0.016904056,0.0099768639,-0.013019681
2022-05-10,IBM,0.00073218346,0.012476921,0.0010136366
2022-05-10,INTC,0.0015785694,0.0085294247,-0.019524336
2022-05-10,MSFT,-0.0069100857,0.016245961,0.00047540665
2022-05-10,NKE,-0.01514715,0.02344656,-0.025132179
2022-05-10,VZ,-0.0086333156,0.0018731356,-0.011207283
2022-05-10,WMT,-0.011792719,0.0051937103,-0.015879869
2022-05-11,AAPL,-0.023168683,0.0083982944,0.0071290731
2022-05-11,AMGN,0.0027333498,0.025040984,0.0097119808
2022-05-11,CRM,0.0072042942,0.038632035,8.5949898e-05
2022-05-11,CSCO,-0.013080597,-0.004647553,-0.013956904
2022-05-11,IBM,-0.0099754333,0.013575435,-0.0010840893
2022-05-11,INTC,0.028406382,0.0055541992,-0.0087488294
2022-05-11,MSFT,-0.005533278,-0.0055710673,-0.017129302
2022-05-11,NKE,-0.0053790212,0.0039912462,0.0051138401
2022-05-11,VZ,0.005166173,0.005682826,-0.012813032
2022-05-11,WMT,-0.021147907,-0.0016666651,-0.014007866
2022-05-12,AAPL,-0.0098690987,-0.0095905066,-0.0074716806
2022-05-12,AMGN,-0.0060631633,0.025247693,-0.018836379
2022-05-12,CRM,0.036650777,0.0067499876,-0.020335138
2022-05-12,CSCO,-0.023891866,-0.0013251901,-0.021424294
2022-05-12,IBM,-0.019127727,0.028840423,-0.029328823
2022-05-12,INTC,-0.0043796301,0.014419436,-0.0074216127
2022-05-12,MSFT,0.0012784004,0.023557067,-0.0022709966
2022-05-12,NKE,0.011940956,0.0067954063,-0.025982022
2022-05-12,VZ,-0.019053698,0.0002579689,-0.0023190975
2022-05-12,WMT,-0.0065912008,0.011260152,-0.0029340386
2022-05-13,AAPL,-0.024912238,0.013761163,-0.011612594
2022-05-13,AMGN,-0.0018738508,0.016270399,-0.00038206577
2022-05-13,CRM,0.014130235,0.021154165,0.0041588545
2022-05-13,CSCO,0.024502754,0.005664587,-0.021170735
2022-05-13,IBM,0.035480618,0.013260365,-0.0016403794
2022-05-13,INTC,0.0033723116,0.0041408539,-0.014174461
2022-05-13,MSFT,0.010369301,0.0097540617,0.0034804344
2022-05-13,NKE,-0.035799265,0.0037635565,-0.0079292059
2022-05-13,VZ,-8.7678432e-05,0.0073338747,0.0034179688
2022-05-13,WMT,-0.0044198632,0.0088773966,-0.0020760894
2022-05-16,AAPL,-0.0026996136,0.021063685,-0.017646313
2022-05-16,AMGN,0.00826931,0.017644763,-0.003810823
2022-05-16,CRM,-0.041660845,0.029080629,-0.0059150457
2022-05-16,CSCO,-0.043015182,0.017285109,-0.0099633336
2022-05-16,IBM,0.0103333,0.0028750896,-0.022929966
2022-05-16,INTC,0.026066065,0.012588024,-0.0089308619
2022-05-16,MSFT,-0.022760987,-0.0018901825,-0.012149274
2022-05-16,NKE,0.01348567,-0.0022240877,-0.0012171865
2022-05-16,VZ,-0.019202113,0.01207149,-0.0045906901
2022-05-16,WMT,-0.010293126,-0.0015705228,-0.019962549
2022-05-17,AAPL,-0.03018111,0.022344112,-0.01842612
2022-05-17,AMGN,-0.0039615631,0.018784761,-0.0093228221
2022-05-17,CRM,0.021686077,0.01531291,0.0018281937
2022-05-17,CSCO,-0.023178935,0.01184535,-0.017210066
2022-05-17,IBM,0.0029748678,0.013866425,-0.0023909211
2022-05-17,INTC,0.0047854185,0.01411438,0.0012218952
2022-05-17,MSFT,0.0059473515,0.003415823,-0.009573102
2022-05-17,NKE,0.043987751,0.0053807497,-0.0077402592
2022-05-17,VZ,0.01835525,-0.0052331686,-0.0012280941
2022-05-17,WMT,-0.017706811,0.0045751333,-0.013562202
2022-05-18,AAPL,-0.018996,0.018870115,-0.0014168024
2022-05-18,AMGN,0.012206793,0.0061746836,-0.014287412
2022-05-18,CRM,-0.035000086,0.0071531534,-0.048451662
2022-05-18,CSCO,-0.01514864,0.0082178116,-0.026025653
2022-05-18,IBM,0.0019478798,0.016402602,-0.006141305
2022-05-18,INTC,0.005189538,0.012123942,-0.0087608695
2022-05-18,MSFT,-0.01376313,0.018030167,-0.0064007044
2022-05-18,NKE,0.0041974783,0.0081236362,-0.014714837
2022-05-18,VZ,0.0072358847,0.015478253,0.010613561
2022-05-18,WMT,-0.015107214,-0.0072915554,-0.0069909692
2022-05-19,AAPL,-0.027958214,0.0093584061,-0.018815994
2022-05-19,AMGN,-0.015026033,0.0092641115,-0.0067258477
2022-05-19,CRM,-0.04832536,0.018203974,-0.010358751
2022-05-19,CSCO,-0.010244548,0.013206601,-0.033635497
2022-05-19,IBM,-0.018386066,-0.0038108826,-0.0032583475
2022-05-19,INTC,-0.0046496987,0.017915726,-0.015948832
2022-05-19,MSFT,-0.00035732985,0.025949955,-0.0016158819
2022-05-19,NKE,-0.014170825,0.013474107,-0.0044260025
2022-05-19,VZ,0.014718175,0.00026524067,0.00050222874
2022-05-19,WMT,-0.0095928311,0.013287306,-0.017078876
2022-05-20,AAPL,-0.016126812,0.022775412,0.0046727657
2022-05-20,AMGN,0.006403923,0.015138507,-0.0071030855
2022-05-20,CRM,0.022083044,0.015722632,-0.026483715
2022-05-20,CSCO,-0.0087124109,0.014382958,-0.0044431686
2022-05-20,IBM,-0.0071194768,0.023796797,-0.011504173
2022-05-20,INTC,0.029623866,0.018582582,0.0056445599
2022-05-20,MSFT,-0.019686997,0.023459077,-0.011935472
2022-05-20,NKE,-0.0094043612,0.028162479,-0.014873683
2022-05-20,VZ,-0.031094909,0.022922277,-0.0039351583
2022-05-20,WMT,0.0074013472,0.0060704947,-0.0071231723
2022-05-23,AAPL,-0.0034806728,0.0010354519,-0.027428508
2022-05-23,AMGN,-0.018592179,0.0045597553,-0.016777515
2022-05-23,CRM,-0.0017461777,0.040376663,-0.012055397
2022-05-23,CSCO,-0.025737226,0.0045161247,-0.031792223
2022-05-23,IBM,-0.027406514,0.0072630644,0.011226773
2022-05-23,INTC,-0.020833671,-0.0039719343,-0.012938559
2022-05-23,MSFT,-0.013005793,0.0055571795,-0.0071700215
2022-05-23,NKE,-0.022135317,-0.0103634,-0.013284326
2022-05-23,VZ,-0.00056552887,0.012459993,-0.019993126
2022-05-23,WMT,0.0037944317,0.0029978752,-0.01342386
2022-05-24,AAPL,-0.023359239,0.025441051,-0.023566306
2022-05-24,AMGN,-0.0047231317,0.022433519,-0.0062479973
2022-05-24,CRM,0.0020363331,0.018029094,-0.0075156689
2022-05-24,CSCO,-0.002805829,0.0043802261,-0.0051977038
2022-05-24,IBM,-0.010027409,0.027850151,-0.0060091019
2022-05-24,INTC,-0.0025202036,0.027603388,-0.019347847
2022-05-24,MSFT,-0.0051278472,0.0061835051,-0.016071439
2022-05-24,NKE,-0.0071299672,0.010799885,-0.021571457
2022-05-24,VZ,-0.011455655,0.0015583038,0.00030553341
2022-05-24,WMT,0.011496186,0.0098081827,0.0027661324
2022-05-25,AAPL,-0.029227138,0.011927485,0.0020052195
2022-05-25,AMGN,-0.026477516,0.010940433,-0.021097004
2022-05-25,CRM,0.019411087,0.017982721,-0.0095984936
2022-05-25,CSCO,-0.0077741146,0.0088859797,-0.021167815
2022-05-25,IBM,0.014184117,0.010119081,-0.0064091682
2022-05-25,INTC,-0.032140672,0.020762086,-0.023095489
2022-05-25,MSFT,0.010309815,0.0055581331,-0.0023443103
2022-05-25,NKE,0.0013016462,0.019396067,-0.0053831339
2022-05-25,VZ,-0.016820967,0.015819073,0.0072405338
2022-05-25,WMT,-0.015967607,0.0064667463,-0.0052297711
2022-05-26,AAPL,0.032880545,0.01643765,-0.015103579
2022-05-26,AMGN,-0.039460421,0.018638968,-0.0078451633
2022-05-26,CRM,0.0073230267,0.016202211,0.012559652
2022-05-26,CSCO,-0.028320014,0.0023139715,0.0030562878
2022-05-26,IBM,-0.0012918711,0.012672424,-0.010610104
2022-05-26,INTC,0.0040527582,0.014263391,-0.0093765855
2022-05-26,MSFT,-0.025569618,0.003587842,-0.018785119
2022-05-26,NKE,-0.04352051,0.012174964,-0.0218665
2022-05-26,VZ,0.0024812222,0.00079393387,-0.0045288801
2022-05-26,WMT,-0.015102804,0.015697718,0.0037037134
2022-05-27,AAPL,-0.0018620491,0.0059996843,-0.044364154
2022-05-27,AMGN,0.00064527988,-0.0025174618,-0.031271875
2022-05-27,CRM,-0.024027526,0.019930243,0.0013971329
2022-05-27,CSCO,-0.013273776,0.019742846,-0.021932423
2022-05-27,IBM,0.00031661987,0.0012817383,0.00088489056
2022-05-27,INTC,-0.020277798,0.015854955,0.0093222857
2022-05-27,MSFT,-0.0058398843,0.035290003,-0.015767634
2022-05-27,NKE,-0.023928285,0.019050717,0.00033152103
2022-05-27,VZ,0.020770431,0.011803269,-0.022274911
2022-05-27,WMT,0.012688637,0.017207265,-0.0025955439
2022-05-31,AAPL,0.012578607,0.043809891,-0.021501541
2022-05-31,AMGN,0.0066269636,-0.013623178,-0.0033983588
2022-05-31,CRM,-0.013364971,0.013159871,8.0823898e-05
2022-05-31,CSCO,-0.013767064,0.0038286448,-0.014918983
2022-05-31,IBM,0.00066077709,0.0090922117,-0.0062807798
2022-05-31,INTC,-0.020481586,0.010056853,-0.013005376
2022-05-31,MSFT,0.0028630495,0.020540237,0.0032123327
2022-05-31,NKE,-0.010399282,0.0085711479,-0.014674246
2022-05-31,VZ,0.0033894777,-0.011467218,-0.00292027
2022-05-31,WMT,-0.018948376,0.010894179,-0.016010344
2022-06-01,AAPL,-0.023155332,-0.00010746717,-0.011889875
2022-06-01,AMGN,0.022556901,0.017416358,-0.0051358342
2022-06-01,CRM,-0.047858,-0.016014338,0.01435411
2022-06-01,CSCO,0.032509446,0.023364902,-0.031209946
2022-06-01,IBM,-0.018200159,0.012059689,-0.010983169
2022-06-01,INTC,-0.020061135,0.0065836906,0.011832714
2022-06-01,MSFT,0.0072548389,0.032353759,0.0038233995
2022-06-01,NKE,0.0027657747,0.020845294,-0.0031346679
2022-06-01,VZ,-0.053351998,0.0077571869,0.0082503557
2022-06-01,WMT,-0.0031302571,0.011662006,-0.0090959668
2022-06-02,AAPL,-0.02157402,-0.015465617,-0.01472038
2022-06-02,AMGN,-0.058687329,0.026280999,0.0012978315
2022-06-02,CRM,0.010659456,-0.005238831,0.00038409233
2022-06-02,CSCO,-0.012205482,0.0078952312,-0.021048605
2022-06-02,IBM,0.015420318,0.0037846565,-0.0087691545
2022-06-02,INTC,-0.018069327,-0.012436986,-0.0031938553
2022-06-02,MSFT,-0.016175747,0.0033788681,-0.0030704141
2022-06-02,NKE,-0.004684329,0.013164639,0.005307436
2022-06-02,VZ,0.031193137,0.023810983,0.0073801279
2022-06-02,WMT,0.010222435,0.013645172,-0.0023365021
2022-06-03,AAPL,0.024988651,0.015340686,-0.013149917
2022-06-03,AMGN,0.017273188,0.015564442,-0.015179276
2022-06-03,CRM,-0.012787223,0.015229464,0.0018457174
2022-06-03,CSCO,-0.031853497,-0.022733271,-0.020881474
2022-06-03,IBM,-0.00663203,0.021069646,0.009811759
2022-06-03,INTC,-0.00010532141,0.0096052885,0.0052300692
2022-06-03,MSFT,-0.0313766,-0.0013791919,0.0076626539
2022-06-03,NKE,0.0022845268,0.028941989,-0.019301176
2022-06-03,VZ,0.014267921,0.0087115765,0.010858417
2022-06-03,WMT,0.027370691,0.0031169653,-0.005489409
2022-06-06,AAPL,0.0070215464,0.019762158,-0.018057048
2022-06-06,AMGN,-0.010182083,0.0017393827,-0.011371076
2022-06-06,CRM,-0.055521429,0.026346803,-0.0086752772
2022-06-06,CSCO,0.0086387396,0.0039746761,-0.01250273
2022-06-06,IBM,-0.017684937,0.02799809,-0.0087954998
2022-06-06,INTC,0.010042667,0.024969459,-0.0054906011
2022-06-06,MSFT,0.024621129,0.018014193,-0.017453492
2022-06-06,NKE,-0.020088315,0.015125751,-0.029374242
2022-06-06,VZ,-0.0018300414,0.0061304569,-0.020799696
2022-06-06,WMT,0.011975527,0.019683003,0.006067872
2022-06-07,AAPL,0.022231698,0.016605258,-0.016460896
2022-06-07,AMGN,-0.013043642,0.031182766,-0.014465392
2022-06-07,CRM,-0.024408638,0.036855221,-0.044226646
2022-06-07,CSCO,-0.014200985,-0.0092702508,-0.011663616
2022-06-07,IBM,-0.020549059,0.023912072,0.0020773411
2022-06-07,INTC,0.013111949,-0.013334155,-0.0079802275
2022-06-07,MSFT,0.013125777,0.015332103,-0.011656761
2022-06-07,NKE,-0.028618693,0.0067857504,-0.02281642
2022-06-07,VZ,-0.0016193986,0.021135688,-0.012982905
2022-06-07,WMT,0.0017018318,0.016114831,-0.0035293698
2022-06-08,AAPL,0.015696883,0.0186373,-0.011404455
2022-06-08,AMGN,0.005926609,0.0052090883,-0.004624486
2022-06-08,CRM,-0.01062572,0.019821405,-0.0090112686
2022-06-08,CSCO,-0.024366379,0.017444491,-0.011475265
2022-06-08,IBM,-0.01123929,0.014041781,-0.01514715
2022-06-08,INTC,0.053125978,0.004997611,-0.01239574
2022-06-08,MSFT,0.0038239956,-0.0077573657,-0.0034415126
2022-06-08,NKE,-0.0096927881,0.0090663433,-0.0044437647
2022-06-08,VZ,0.0031452179,0.009119153,-0.007973969
2022-06-08,WMT,0.004396677,0.025195956,-0.0014067292
2022-06-09,AAPL,0.001763463,0.012603879,-0.022260845
2022-06-09,AMGN,-0.0047608018,0.012522817,-0.036089301
2022-06-09,CRM,0.017382503,0.0013024807,-0.038661122
2022-06-09,CSCO,0.020255446,0.0043278933,-0.018241048
2022-06-09,IBM,0.010405064,0.0098581314,-0.0099496245
2022-06-09,INTC,-0.019144654,-0.0018146634,-0.0074578524
2022-06-09,MSFT,-0.012283504,0.026942015,-0.022230983
2022-06-09,NKE,-0.005800724,0.014814377,-0.019976497
2022-06-09,VZ,0.00030171871,0.018110514,-0.01284337
2022-06-09,WMT,0.013929129,0.014425874,-0.0076488256
2022-06-10,AAPL,-0.037702918,-0.0011045933,-0.016677976
2022-06-10,AMGN,-0.035509586,3.6478043e-05,-0.018042088
2022-06-10,CRM,-0.016660631,0.047398686,-0.0029451847
2022-06-10,CSCO,-0.008172214,0.013932109,-0.00076025724
2022-06-10,IBM,-0.010423243,0.028556824,-0.0074080825
2022-06-10,INTC,0.023516774,0.0068597794,-0.0042763948
2022-06-10,MSFT,0.01624155,0.015607834,-0.014554739
2022-06-10,NKE,-0.0097935796,0.016763091,-0.0088294148
2022-06-10,VZ,-0.00442487,0.01429975,0.0024157763
2022-06-10,WMT,-0.00039201975,0.010231495,-0.022020161
2022-06-13,AAPL,-0.01430279,0.010813355,-0.0050519705
2022-06-13,AMGN,0.006896615,0.030044794,-0.012159884
2022-06-13,CRM,-0.029159904,0.02235198,-0.026088655
2022-06-13,CSCO,-0.018171966,0.0082604885,-0.0098506808
2022-06-13,IBM,0.027400374,0.0011825562,-0.0034124851
2022-06-13,INTC,-0.037546933,-0.016625881,-0.027195334
2022-06-13,MSFT,0.021441579,0.0063347816,-0.019221187
2022-06-13,NKE,0.00095939636,0.0047204494,-0.0097613335
2022-06-13,VZ,-0.00847435,0.016383171,-0.02059859
2022-06-13,WMT,0.013496399,-0.0028702021,-0.015466928
2022-06-14,AAPL,-0.023839951,0.025907636,-0.012423217
2022-06-14,AMGN,-0.014661372,0.0055503845,-0.0065683722
2022-06-14,CRM,-0.0235762,0.016091943,-0.038205445
2022-06-14,CSCO,-0.014828622,-0.0090717673,-0.023738086
2022-06-14,IBM,-0.014381468,0.0017622709,-0.015235186
2022-06-14,INTC,-0.038844228,0.024038553,-0.015469015
2022-06-14,MSFT,0.014380932,0.018885851,-0.020908177
2022-06-14,NKE,-0.0038684011,0.0080940723,-0.027619421
2022-06-14,VZ,-0.0091373324,0.0057405233,-0.0063577294
2022-06-14,WMT,-0.0024738908,0.0068669319,-0.01346463
2022-06-15,AAPL,-0.0028856397,0.008754015,-0.015592813
2022-06-15,AMGN,-0.01063031,0.016742468,-0.010723233
2022-06-15,CRM,-0.021256387,0.017581463,-0.019228637
2022-06-15,CSCO,-0.042537391,0.024828553,0.016334653
2022-06-15,IBM,0.025948167,0.012530923,-0.0068889856
2022-06-15,INTC,0.0053277016,0.010895252,-0.007267952
2022-06-15,MSFT,-0.020797133,-0.0063319802,-0.016076088
2022-06-15,NKE,-0.0070483685,0.0042794943,-0.012393236
2022-06-15,VZ,-0.0068786144,0.023939252,-0.012816787
2022-06-15,WMT,-0.022977352,0.0066077709,-0.015083611
2022-06-16,AAPL,-0.030771852,0.021099925,-0.028033435
2022-06-16,AMGN,0.0020252466,0.037997246,-0.0082899928
2022-06-16,CRM,-0.016359389,0.035531759,0.0025881529
2022-06-16,CSCO,-0.027824521,0.0046386719,-0.012071013
2022-06-16,IBM,0.026642442,0.0013977289,-0.0070285797
2022-06-16,INTC,0.029501557,0.015998006,-0.0061258674
2022-06-16,MSFT,0.011508107,-0.0039013624,-0.0034639835
2022-06-16,NKE,-0.010233581,0.03030324,-0.016138852
2022-06-16,VZ,0.012996197,-0.00092458725,-0.0085505247
2022-06-16,WMT,0.0071152449,0.018681645,-0.016627491
2022-06-17,AAPL,-0.052165627,-0.0041207671,-0.012306213
2022-06-17,AMGN,-0.024314046,0.014515281,-0.010386765
2022-06-17,CRM,-0.0077320337,0.030670762,0.0031813383
2022-06-17,CSCO,-0.025087595,0.014433146,0.0069237947
2022-06-17,IBM,-0.0084528923,0.0037244558,0.00062894821
2022-06-17,INTC,-0.037922263,0.0035518408,0.013368607
2022-06-17,MSFT,0.0072780848,0.0068939924,-0.0039894581
2022-06-17,NKE,0.01595819,0.0085551739,-0.017198622
2022-06-17,VZ,-0.0020939112,0.013668895,-0.021689296
2022-06-17,WMT,-0.0039509535,0.012436867,-0.010788798
2022-06-21,AAPL,-0.001832068,0.009878993,-0.021027148
2022-06-21,AMGN,0.0070718527,0.036065817,-0.0092871785
2022-06-21,CRM,0.02533114,0.0071723461,-0.016081929
2022-06-21,CSCO,-0.0093340874,0.0028253794,-0.018872976
2022-06-21,IBM,-0.017242491,0.022770405,0.00082612038
2022-06-21,INTC,-0.010397017,0.021447062,0.00014317036
2022-06-21,MSFT,-0.019549191,0.018538713,-0.012228072
2022-06-21,NKE,-0.015663505,0.012996554,0.00010335445
2022-06-21,VZ,-0.02289933,-0.014337778,-0.023182452
2022-06-21,WMT,-0.008333087,0.018322468,-0.0089220405
2022-06-22,AAPL,-0.016737461,0.0010437965,-0.014302075
2022-06-22,AMGN,-0.019221127,0.031715631,0.0040861368
2022-06-22,CRM,-0.02688098,0.01396513,-0.015945852
2022-06-22,CSCO,0.017599106,0.0066660643,-0.0072600842
2022-06-22,IBM,-0.004974544,0.012781739,-0.0086728334
2022-06-22,INTC,-0.0008199811,0.014386654,-0.0089136958
2022-06-22,MSFT,-0.010772407,-0.0023450255,-0.010935843
2022-06-22,NKE,-0.01539588,0.017280459,-0.013513029
2022-06-22,VZ,0.0051627159,0.012287974,-0.016720116
2022-06-22,WMT,0.014037013,0.0028208494,-0.019063652
2022-06-23,AAPL,0.0022581816,0.021190882,-0.0088344216
2022-06-23,AMGN,-0.0049039125,0.013390422,0.0010386705
2022-06-23,CRM,0.006133914,0.02323699,-0.031857252
2022-06-23,CSCO,0.002030611,0.01776588,-0.0084335804
2022-06-23,IBM,-0.041565239,0.014478922,-0.011886537
2022-06-23,INTC,-0.013269365,0.025537372,-0.018322647
2022-06-23,MSFT,0.0058480501,0.003375411,-0.0092602968
2022-06-23,NKE,0.021222591,0.0016641617,-0.017243326
2022-06-23,VZ,-0.0061351657,0.0096640587,-0.011126995
2022-06-23,WMT,-0.0097498298,0.012977242,-0.011635423
2022-06-24,AAPL,-0.007053256,0.0059236288,-0.019072354
2022-06-24,AMGN,0.025058389,0.026481152,0.0042580366
2022-06-24,CRM,-0.040302038,0.030727029,-0.01006496
2022-06-24,CSCO,0.021261334,-0.0011966228,-0.0027567148
2022-06-24,IBM,0.0013523102,0.0075775385,0.0031757355
2022-06-24,INTC,0.0060279369,-0.0019341111,-0.0091947913
2022-06-24,MSFT,-0.0012744069,0.033383369,-0.0097308159
2022-06-24,NKE,0.0076124668,0.013417363,-0.017248273
2022-06-24,VZ,-0.008915484,0.019768476,-0.01254648
2022-06-24,WMT,0.0060559511,0.018616199,-0.010049105
2022-06-27,AAPL,-0.033441305,0.0054762363,-0.016092539
2022-06-27,AMGN,-0.014218271,-0.00670892,-0.014436483
2022-06-27,CRM,-0.0074125528,0.00091123581,-0.01860249
2022-06-27,CSCO,-0.014793098,0.013220191,-0.011410892
2022-06-27,IBM,-0.016403675,0.018241286,-0.0099036694
2022-06-27,INTC,-0.016511142,-0.0036896467,-0.032700181
2022-06-27,MSFT,0.010512948,0.001565218,-0.019885302
2022-06-27,NKE,0.020183802,0.0053422451,-0.0047252178
2022-06-27,VZ,-0.003772676,0.0017433167,0.0048679113
2022-06-27,WMT,0.0041583776,0.017545342,-0.0083585382
2022-06-28,AAPL,0.023869038,0.029510975,-0.0009188056
2022-06-28,AMGN,0.010630012,-0.00017905235,-0.028203249
2022-06-28,CRM,-0.033329308,0.041110516,-0.0018408298
2022-06-28,CSCO,-0.0023645759,-9.9420547e-05,-0.022028148
2022-06-28,IBM,0.0095387697,0.013167858,-0.0027920604
2022-06-28,INTC,0.018838882,0.030721307,-0.00064653158
2022-06-28,MSFT,0.034751296,0.0036189556,-0.0076858997
2022-06-28,NKE,0.010149479,0.0050011873,-0.028033853
2022-06-28,VZ,-0.0087867975,-0.00096571445,-0.0069898963
2022-06-28,WMT,-0.005725801,0.017967463,-0.0081010461
2022-06-29,AAPL,0.029381275,0.015650272,0.0063432455
2022-06-29,AMGN,0.011583567,-0.009804368,-0.0050166249
2022-06-29,CRM,-0.024471164,0.026535869,0.00059640408
2022-06-29,CSCO,0.010998726,0.011247754,-0.01250422
2022-06-29,IBM,0.010019422,0.0053136349,-0.0079851747
2022-06-29,INTC,-0.000207901,0.019014239,-0.0082655549
2022-06-29,MSFT,0.0021497011,0.022126436,-0.024588346
2022-06-29,NKE,-0.008359313,0.011719227,0.014240503
2022-06-29,VZ,0.0025228262,0.021217465,0.0055239201
2022-06-29,WMT,0.0090901852,-0.014181137,-0.019565582
2022-06-30,AAPL,-0.016450584,-0.0034724474,-0.012830675
2022-06-30,AMGN,0.0019955635,0.011507869,-0.014135301
2022-06-30,CRM,-0.037711978,0.059119821,-0.017987013
2022-06-30,CSCO,0.0012580156,0.030449629,-0.015674055
2022-06-30,IBM,-0.0035877824,-0.0048459172,-0.024496734
2022-06-30,INTC,0.0069098473,0.0099982023,-0.028652072
2022-06-30,MSFT,0.00080764294,0.015447855,-0.011440694
2022-06-30,NKE,-0.014182687,0.0067037344,-0.018699825
2022-06-30,VZ,-0.0035626888,0.0055502653,-0.025545001
2022-06-30,WMT,0.0067905188,0.0069423914,0.0031452179
2022-07-01,AAPL,-0.016435683,0.041727901,-0.015627086
2022-07-01,AMGN,0.0076400042,0.0091516972,-0.012460411
2022-07-01,CRM,-0.055110514,0.024991989,-0.025948107
2022-07-01,CSCO,-0.019324899,0.021353364,-0.01251924
2022-07-01,IBM,0.018450975,0.016165614,0.0022712946
2022-07-01,INTC,0.0033326149,0.021602631,0.0054358244
2022-07-01,MSFT,-0.026538432,0.022752762,0.0097895861
2022-07-01,NKE,-0.033784389,0.025698304,-0.026948094
2022-07-01,VZ,-0.0070242286,0.0040804148,-0.019201219
2022-07-01,WMT,-0.005425334,-0.0083168745,0.0079278946
2022-07-05,AAPL,0.040474653,0.015103221,0.015239
2022-07-05,AMGN,0.014178395,0.0025770664,-0.016114831
2022-07-05,CRM,-0.025209248,0.015447021,-0.0012849569
2022-07-05,CSCO,-0.00038057566,0.0050626993,-0.017648876
2022-07-05,IBM,-0.021959603,0.014540434,-0.0090459585
2022-07-05,INTC,-0.014961779,0.02275598,-0.012781978
2022-07-05,MSFT,-0.036290586,0.00057351589,-0.0074316859
2022-07-05,NKE,-0.0076220036,0.0066229105,-0.0070442557
2022-07-05,VZ,-0.0203982,-0.0013616085,-0.012684166
2022-07-05,WMT,0.0047789812,0.020340681,-0.0039125681
2022-07-06,AAPL,0.027355075,0.016308665,-0.040221512
2022-07-06,AMGN,-0.027147174,0.0053427219,0.0008225441
2022-07-06,CRM,-0.0094338059,0.019236445,0.011013985
2022-07-06,CSCO,-0.0052335262,-0.0041402578,-0.018433571
2022-07-06,IBM,-0.01656425,0.016219497,-0.0088745952
2022-07-06,INTC,0.0020170212,0.010134935,-0.0030844212
2022-07-06,MSFT,-0.0041772127,0.0027037859,-0.0066702962
2022-07-06,NKE,-0.01047498,0.032129526,-0.020553887
2022-07-06,VZ,-0.0044419169,0.016807079,-0.0078251362
2022-07-06,WMT,0.012354851,0.00031733513,-0.0047616363
2022-07-07,AAPL,0.0042461157,-0.010126829,-0.02446413
2022-07-07,AMGN,-0.013654947,0.024563551,-0.010840654
2022-07-07,CRM,-0.023210227,0.033915401,-0.010676265
2022-07-07,CSCO,-0.048073828,0.0025064945,-0.018837333
2022-07-07,IBM,0.0071072578,0.0031548738,0.0045962334
2022-07-07,INTC,0.014380693,0.016313791,0.0032991171
2022-07-07,MSFT,0.016741276,0.033356905,-0.0069778562
2022-07-07,NKE,-0.019940197,0.016533613,-0.018956244
2022-07-07,VZ,0.0015192032,0.019335628,-0.0096108317
2022-07-07,WMT,-0.0058624744,0.0060369968,-0.017530799
2022-07-08,AAPL,-0.0021329522,0.0098900795,-0.015905857
2022-07-08,AMGN,-0.0024393201,0.014255762,-0.022650719
2022-07-08,CRM,-0.0038372874,0.029731035,-0.011116624
2022-07-08,CSCO,-0.031690359,-0.013053238,0.0059478283
2022-07-08,IBM,-0.0016545057,0.0042592287,-0.0093987584
2022-07-08,INTC,-0.047873795,0.0073282719,-0.020236433
2022-07-08,MSFT,0.0031522512,-0.00015300512,-0.017246366
2022-07-08,NKE,-0.008464098,0.013726473,0.0061533451
2022-07-08,VZ,-0.010546505,0.017612457,-0.014344275
2022-07-08,WMT,-0.015169978,0.0087227821,-0.004521668
2022-07-11,AAPL,0.006788373,0.026378393,-0.016200602
2022-07-11,AMGN,0.0045802593,0.005849719,0.0030554533
2022-07-11,CRM,-0.034659445,0.026632905,-0.010279357
2022-07-11,CSCO,0.019824862,0.0016444921,-0.016016245
2022-07-11,IBM,0.033203959,0.00082015991,0.0073372126
2022-07-11,INTC,-0.0036442876,0.015650988,0.0010243654
2022-07-11,MSFT,-0.010299325,0.0073125362,-0.012307525
2022-07-11,NKE,-0.02158767,0.016878843,-0.027108788
2022-07-11,VZ,-0.020573139,-0.0065909624,0.0059975386
2022-07-11,WMT,0.0014998913,0.013498783,-0.0052239895
2022-07-12,AAPL,0.0077643394,-0.0032297969,-0.028630316
2022-07-12,AMGN,-0.0066227913,0.012174129,-0.0076096058
2022-07-12,CRM,0.0010575056,0.063041449,-0.019942343
2022-07-12,CSCO,-0.00049453974,0.011336446,0.00011265278
2022-07-12,IBM,-0.0083774328,0.021767497,-0.0053752065
2022-07-12,INTC,-0.022375226,0.0042002201,-0.00035279989
2022-07-12,MSFT,0.019106746,0.015622616,-0.02226454
2022-07-12,NKE,0.03643477,0.0099847317,-0.014836729
2022-07-12,VZ,-0.0097311735,0.0044257641,-0.013013899
2022-07-12,WMT,0.00057280064,0.017756701,-0.0047210455
2022-07-13,AAPL,-0.01228863,0.016677856,-0.013330996
2022-07-13,AMGN,-0.01511395,0.028587341,-0.014075816
2022-07-13,CRM,-0.041416287,0.010758519,-0.051263332
2022-07-13,CSCO,0.0021373034,0.020139217,-0.015479803
2022-07-13,IBM,-0.012460768,0.002522707,-0.0090436935
2022-07-13,INTC,-0.018186092,0.015887022,0.00099492073
2022-07-13,MSFT,0.006598115,0.015125751,-0.0092557669
2022-07-13,NKE,-0.029097974,0.021967411,-0.00040346384
2022-07-13,VZ,-0.018327832,0.010990739,-0.022519827
2022-07-13,WMT,0.0065793991,0.0087143183,-0.00081151724
2022-07-14,AAPL,-0.0423823,0.032161713,-0.0071813464
2022-07-14,AMGN,-0.016861558,0.024025679,0.0023219585
2022-07-14,CRM,-0.035719097,0.033123493,0.0076413155
2022-07-14,CSCO,-0.00086349249,-0.0088230968,-0.015660763
2022-07-14,IBM,0.0013818741,0.022610068,-0.01432538
2022-07-14,INTC,0.022008657,0.029087663,-0.023795903
2022-07-14,MSFT,0.030741096,0.014482617,-0.012993097
2022-07-14,NKE,-0.0076600313,0.0096819401,-0.011478007
2022-07-14,VZ,0.0014115572,-0.0037177205,-0.0073922873
2022-07-14,WMT,-0.017990232,0.0030567646,0.0023738146
2022-07-15,AAPL,0.020314932,0.018977165,-0.016323566
2022-07-15,AMGN,0.0096753836,0.0011759996,-0.018527329
2022-07-15,CRM,-0.0075062513,0.024047136,-0.024889588
2022-07-15,CSCO,0.0064069033,0.0054088831,-0.022394538
2022-07-15,IBM,-0.011194766,0.007235527,-0.0054520369
2022-07-15,INTC,0.0071856976,0.0072572231,-0.011359453
2022-07-15,MSFT,0.0039328337,0.020149231,0.014797449
2022-07-15,NKE,0.015201807,0.032636404,-0.0075711608
2022-07-15,VZ,-0.021414638,0.016695738,-0.0042439699
2022-07-15,WMT,0.00063467026,0.025112987,-0.020747066
2022-07-18,AAPL,-0.026543021,0.01407516,-0.026843131
2022-07-18,AMGN,-0.0058131218,0.014226317,0.0055602789
2022-07-18,CRM,-0.086213827,0.048639774,-0.010020077
2022-07-18,CSCO,-0.0059551597,0.016811013,0.00039410591
2022-07-18,IBM,-0.0078961253,0.001434803,0.010580659
2022-07-18,INTC,-0.0088147521,0.034228206,0.0088483095
2022-07-18,MSFT,-0.021528423,0.0022295713,-0.012563527
2022-07-18,NKE,-0.010032594,0.00024414062,-0.012611985
2022-07-18,VZ,-0.0012344122,0.02265358,-0.010509849
2022-07-18,WMT,0.010872126,0.019749284,-0.025584042
2022-07-19,AAPL,0.025177479,0.011767149,0.0064891577
2022-07-19,AMGN,-0.00091892481,0.0040562153,0.0067191124
2022-07-19,CRM,-0.036598921,0.049847722,0.0051469803
2022-07-19,CSCO,0.013209105,0.0041240454,-0.019435465
2022-07-19,IBM,0.01806879,0.036889672,-0.0042330027
2022-07-19,INTC,-0.0099756718,0.0071116686,-0.0068612099
2022-07-19,MSFT,-0.026497662,-0.0043708086,0.0055931807
2022-07-19,NKE,-0.0064925551,0.025558352,-0.019719124
2022-07-19,VZ,0.020324349,0.0061913729,-0.018013179
2022-07-19,WMT,0.005943656,0.0037009716,-0.019991219
2022-07-20,AAPL,0.0022060871,0.024606824,-0.015797317
2022-07-20,AMGN,-0.012141287,0.016125798,-0.010759711
2022-07-20,CRM,0.0062937737,0.036040187,-0.016449809
2022-07-20,CSCO,0.034106493,0.0099753141,-0.015800834
2022-07-20,IBM,-0.0082763433,0.013033271,-0.0059794784
2022-07-20,INTC,0.0075631142,0.011363506,-0.0085175633
2022-07-20,MSFT,0.0044751167,0.00056505203,-0.00047945976
2022-07-20,NKE,-0.014236152,0.014575124,-0.0041016936
2022-07-20,VZ,-0.00055903196,0.013560414,-0.0088815689
2022-07-20,WMT,0.0041199923,0.026299357,-0.0086225271
2022-07-21,AAPL,-0.065617561,0.017767549,-0.017736197
2022-07-21,AMGN,0.0051677227,0.027302146,-0.022240758
2022-07-21,CRM,0.03633523,0.017161369,-0.0041918755
2022-07-21,CSCO,0.012433171,-0.00046145916,-0.015439808
2022-07-21,IBM,0.0095773935,0.012233734,-0.018422186
2022-07-21,INTC,-0.016741335,0.024894238,-0.019147992
2022-07-21,MSFT,-0.015767515,0.005977273,-0.01084888
2022-07-21,NKE,-0.0023710728,0.026001692,-0.001698494
2022-07-21,VZ,0.013707757,0.016766191,-0.0049933791
2022-07-21,WMT,0.014735222,0.0053642988,-0.01126349
2022-07-22,AAPL,-0.01022917,0.0057138205,-0.026296735
2022-07-22,AMGN,-0.0017613173,0.036229491,0.0041954517
2022-07-22,CRM,-0.023829877,0.018957496,-0.014570057
2022-07-22,CSCO,-0.015768051,-0.0034883618,-0.015712976
2022-07-22,IBM,-0.00051051378,0.0074288845,-0.0070433617
2022-07-22,INTC,0.0024306774,0.014800072,-0.010602355
2022-07-22,MSFT,-0.014769256,0.030274868,0.0028991699
2022-07-22,NKE,0.037184358,0.0098081827,0.0028012991
2022-07-22,VZ,-0.004688561,-0.0093764067,-0.0061704516
2022-07-22,WMT,-0.010029137,0.0059202909,-0.003470242
2022-07-25,AAPL,0.0027902126,0.010219097,-0.0060993433
2022-07-25,AMGN,-0.00048369169,0.018585563,0.0052689314
2022-07-25,CRM,-0.0308038,0.012114882,-0.026179314
2022-07-25,CSCO,-0.009673655,-0.0064658523,0.0089601278
2022-07-25,IBM,-0.00026619434,0.013738871,-0.011292696
2022-07-25,INTC,0.00068223476,0.022088885,-0.016925871
2022-07-25,MSFT,0.0053384304,0.01419723,0.0031635761
2022-07-25,NKE,0.0015442371,0.0014081001,-0.03398031
2022-07-25,VZ,-0.013166308,0.010679245,-0.014981985
2022-07-25,WMT,0.015717864,0.005531311,-0.01014477
2022-07-26,AAPL,0.031867385,0.0075899363,-0.013056219
2022-07-26,AMGN,0.013237834,0.0051809549,0.0039371252
2022-07-26,CRM,-0.021333516,0.033543587,-0.021510541
2022-07-26,CSCO,-0.010190487,0.0097866058,-0.018509388
2022-07-26,IBM,-0.018172741,0.014423728,-0.015892982
2022-07-26,INTC,-0.016591728,0.016957045,-0.01784128
2022-07-26,MSFT,-0.0033943653,0.016203403,-0.030958772
2022-07-26,NKE,-0.040153265,0.011715531,0.010970712
2022-07-26,VZ,0.0058188438,0.019895554,-0.0083451271
2022-07-26,WMT,0.0060124397,0.0062544346,-0.011664152
2022-07-27,AAPL,0.00022113323,0.02975738,-0.021582544
2022-07-27,AMGN,-0.034015775,0.004603982,-0.013934731
2022-07-27,CRM,-0.0086029768,-0.011848867,-0.028084338
2022-07-27,CSCO,-0.015252113,0.015950799,-0.025176644
2022-07-27,IBM,-0.0054889917,0.023670077,0.003092885
2022-07-27,INTC,0.0071469545,-0.0010249019,-0.0021594167
2022-07-27,MSFT,0.034230232,0.0079315901,-0.0025196671
2022-07-27,NKE,0.012856483,0.028178215,-0.01511991
2022-07-27,VZ,-0.011779308,0.0026317835,-0.0056430697
2022-07-27,WMT,-0.010358095,0.012988448,0.0050586462
2022-07-28,AAPL,-0.0089684725,0.022797108,-0.0076526999
2022-07-28,AMGN,-0.016418397,0.012255549,-0.014296055
2022-07-28,CRM,-0.016960382,0.0074993372,-0.024369001
2022-07-28,CSCO,0.0033150911,0.0089071989,0.0016181469
2022-07-28,IBM,-0.0099111199,0.0024026632,-0.0055994987
2022-07-28,INTC,-0.017926395,0.014838934,-0.024984241
2022-07-28,MSFT,0.016139746,0.028645992,-0.005916357
2022-07-28,NKE,0.024834991,0.020498037,-0.018189013
2022-07-28,VZ,-0.012400091,0.021646261,0.0017380714
2022-07-28,WMT,-0.0070409775,-0.0076095462,-0.010913789
2022-07-29,AAPL,0.00013720989,0.028403401,-0.011829853
2022-07-29,AMGN,-0.015195072,0.014491796,-0.0063126087
2022-07-29,CRM,-0.025089979,0.038397431,-0.011836112
2022-07-29,CSCO,0.0058633089,0.018002391,-0.024830341
2022-07-29,IBM,-0.010307312,-0.00074702501,-0.0096740127
2022-07-29,INTC,-0.012090743,0.01506722,-0.0061615109
2022-07-29,MSFT,-0.0019887686,0.0029889345,-0.013468683
2022-07-29,NKE,-0.018326998,0.024545193,-0.0033132434
2022-07-29,VZ,-0.0055882335,0.022754788,-0.0090515018
2022-07-29,WMT,0.017161965,0.0071231127,0.0089868307
2022-08-01,AAPL,0.0058583021,-0.0031866431,0.0058662891
2022-08-01,AMGN,-0.0067813993,0.020565748,-0.023394108
2022-08-01,CRM,-0.0045576096,0.030711174,-0.016088068
2022-08-01,CSCO,-0.012954295,0.012613654,-0.018711567
2022-08-01,IBM,0.0060325861,0.0058796406,-0.020595193
2022-08-01,INTC,-0.0241099,0.027432084,0.00037419796
2022-08-01,MSFT,-0.0057212114,0.0037102699,-0.020506859
2022-08-01,NKE,0.033336401,0.013431907,-0.0052791834
2022-08-01,VZ,0.0077433586,0.0075873137,-0.0014954209
2022-08-01,WMT,-0.053520024,0.00053799152,-0.014257848
2022-08-02,AAPL,0.034425974,0.014362454,-0.022660971
2022-08-02,AMGN,-0.024878442,0.011210203,-0.022693574
2022-08-02,CRM,-0.02346921,0.002645731,-0.023057103
2022-08-02,CSCO,-0.039969265,0.038883805,-0.0066167712
2022-08-02,IBM,0.0051950216,0.01112771,-0.0091516376
2022-08-02,INTC,-0.012233853,-0.0137676,0.0023467541
2022-08-02,MSFT,-0.00067037344,0.0047383308,-0.020473838
2022-08-02,NKE,0.0047405958,0.022761941,-0.023845971
2022-08-02,VZ,-0.00062131882,0.011711478,0.0019350052
2022-08-02,WMT,-0.00014334917,0.006795764,-0.0054593086
2022-08-03,AAPL,0.0034474134,0.0094887018,-0.018939912
2022-08-03,AMGN,-0.028005362,0.015286326,-0.021905541
2022-08-03,CRM,-0.014597833,-0.00848943,-0.010656416
2022-08-03,CSCO,-0.0035398006,0.013216496,-0.0040548444
2022-08-03,IBM,-0.00056278706,0.013581753,0.0016638041
2022-08-03,INTC,0.0029921532,-0.0022847652,-0.011362016
2022-08-03,MSFT,-0.0069389343,-0.0055488348,-0.0049886107
2022-08-03,NKE,-0.0027807355,0.011400223,-0.015528202
2022-08-03,VZ,-0.0097023845,0.0097615719,-0.012496054
2022-08-03,WMT,0.0031512976,0.018632174,-0.0056435466
2022-08-04,AAPL,-0.021836221,0.017951727,-0.0043165684
2022-08-04,AMGN,-0.0068798661,0.022145867,-0.018375814
2022-08-04,CRM,0.026019692,0.026819468,-0.010368347
2022-08-04,CSCO,0.0061919689,0.013353586,-0.0057113767
2022-08-04,IBM,0.00039851665,0.027219772,-0.009691596
2022-08-04,INTC,0.001285553,-0.012080371,-0.029385924
2022-08-04,MSFT,-0.0067780614,0.0063682795,-0.0054188967
2022-08-04,NKE,-0.0071623325,0.019627452,-0.00061446428
2022-08-04,VZ,0.018938541,-0.0029471517,0.0048104525
2022-08-04,WMT,0.011241913,0.0069190264,-0.017645299
2022-08-05,AAPL,-0.011045396,0.011451006,-0.0057277083
2022-08-05,AMGN,-0.021959245,0.010584474,-0.023884416
2022-08-05,CRM,-0.010872126,-0.018508673,-0.0060289502
2022-08-05,CSCO,0.015926361,0.0055327415,-0.014652848
2022-08-05,IBM,-0.008510232,0.0062330961,-0.01683718
2022-08-05,INTC,-0.011361659,0.006932497,-0.0068189502
2022-08-05,MSFT,-0.003880024,0.0023405552,-0.0068510175
2022-08-05,NKE,-0.0074632764,0.01113224,-0.011852205
2022-08-05,VZ,-0.013441324,0.01616776,-0.013018906
2022-08-05,WMT,0.0023870468,-0.0016828775,-0.018383622
2022-08-08,AAPL,-0.0023117661,0.01347363,-0.03549403
2022-08-08,AMGN,0.0019361973,0.015812397,0.0028438568
2022-08-08,CRM,0.00021755695,0.015006661,0.0017840862
2022-08-08,CSCO,-0.0025855899,-0.0048539639,-0.017973185
2022-08-08,IBM,-0.0023727417,0.0019484758,-0.004248023
2022-08-08,INTC,0.030825377,-0.0044744015,-0.0031701326
2022-08-08,MSFT,-0.012613535,-0.003156662,-0.0027393699
2022-08-08,NKE,0.0062423944,0.017285824,-0.029227376
2022-08-08,VZ,-0.015898585,0.0087350607,-0.010219812
2022-08-08,WMT,0.0021868944,-0.0026031137,-0.027865171
2022-08-09,AAPL,0.00035333633,0.017436862,-1.4066696e-05
2022-08-09,AMGN,-0.032837629,0.0011844635,-0.01349932
2022-08-09,CRM,0.0059565306,0.017397523,-0.0064431429
2022-08-09,CSCO,-0.00060361624,0.0056037903,-0.011491477
2022-08-09,IBM,0.0097043514,0.0025035143,-0.01411891
2022-08-09,INTC,0.0081903934,0.011162043,-0.014854491
2022-08-09,MSFT,-0.0123052,-0.00033289194,-0.0011811852
2022-08-09,NKE,0.001570344,0.002751112,-0.01813513
2022-08-09,VZ,-0.0334391,0.01766777,-0.0057756901
2022-08-09,WMT,-0.010389805,-0.0074566007,-0.015439808
2022-08-10,AAPL,0.0058742762,-0.0047819018,-0.011881351
2022-08-10,AMGN,-0.0038862228,0.02383697,-0.027411461
2022-08-10,CRM,-0.012426078,0.040057182,-0.041750729
2022-08-10,CSCO,-0.013538957,0.010829568,-0.024117947
2022-08-10,IBM,-0.013468385,0.013931155,0.00061333179
2022-08-10,INTC,0.0033897161,0.010068178,-0.0040591359
2022-08-10,MSFT,0.031212926,0.012087584,-0.011481285
2022-08-10,NKE,-0.010365367,0.0077018738,-0.016996562
2022-08-10,VZ,-0.0045773387,0.013688326,0.001837492
2022-08-10,WMT,-0.0051868558,0.01064837,-0.005350709
2022-08-11,AAPL,-0.0014780164,0.0040656328,-0.0064322352
2022-08-11,AMGN,-0.04111445,0.0020244122,0.0026259422
2022-08-11,CRM,-0.039268792,0.024824739,-0.016424656
2022-08-11,CSCO,0.014648318,0.028057456,-0.022919059
2022-08-11,IBM,0.010598898,0.0083291531,0.00031256676
2022-08-11,INTC,0.00080037117,0.023826718,-0.036257088
2022-08-11,MSFT,-0.014709294,0.0050038099,-0.0212093
2022-08-11,NKE,0.01789856,0.022822738,-0.034445584
2022-08-11,VZ,-0.0011962652,0.0024886131,-0.022987783
2022-08-11,WMT,0.0020539761,0.0022908449,-0.0021286607
2022-08-12,AAPL,-0.0012176037,0.0060600042,0.011313677
2022-08-12,AMGN,0.05380106,0.020117521,-0.017083645
2022-08-12,CRM,0.031574965,0.018766761,-0.033456802
2022-08-12,CSCO,0.00021374226,0.011504054,0.0065921545
2022-08-12,IBM,-0.02587831,0.012949944,-0.016355038
2022-08-12,INTC,0.010311604,-0.01027143,0.0061421394
2022-08-12,MSFT,-0.031007946,0.014663339,-0.019750714
2022-08-12,NKE,0.0079975128,0.014747381,-0.029612839
2022-08-12,VZ,-0.004901588,0.010386944,-0.010039866
2022-08-12,WMT,-0.0012359619,0.0014537573,-0.0082700253
2022-08-15,AAPL,-0.010896564,0.013419747,-0.01076591
2022-08-15,AMGN,-0.010662019,0.025889754,-0.0068458319
2022-08-15,CRM,-0.011820138,-0.024954379,-0.031790972
2022-08-15,CSCO,-0.02934736,0.01858902,-0.0041174889
2022-08-15,IBM,-0.011612952,-0.00057625771,-0.0029594898
2022-08-15,INTC,0.028035402,0.012446165,-0.014041066
2022-08-15,MSFT,0.00096774101,0.027385354,-0.025416374
2022-08-15,NKE,0.017941236,0.0069802999,-0.032881439
2022-08-15,VZ,0.019930363,0.015839934,-0.00048559904
2022-08-15,WMT,0.0027354956,-0.0028830171,-0.026409566
2022-08-16,AAPL,0.009483099,0.010360599,-0.00018209219
2022-08-16,AMGN,0.011714578,0.022797704,-0.0085498095
2022-08-16,CRM,-0.054173768,0.0063774586,-0.037083566
2022-08-16,CSCO,-0.017459333,-0.0030072331,-0.0076833963
2022-08-16,IBM,-0.005533874,0.014182329,-0.0088039637
2022-08-16,INTC,-0.020822644,0.014867187,-0.012359202
2022-08-16,MSFT,-0.0091640949,-0.001260221,-0.013438761
2022-08-16,NKE,-0.0093457103,0.0079710484,0.0075979233
2022-08-16,VZ,-0.028557479,0.015320659,-0.023824751
2022-08-16,WMT,0.0032172203,-0.0064277053,-0.0086146593
2022-08-17,AAPL,-0.022119045,0.0035227537,-0.027072668
2022-08-17,AMGN,-0.015791714,0.020871639,-0.010481358
2022-08-17,CRM,-0.064943731,0.03454566,-0.013663352
2022-08-17,CSCO,0.044461131,-0.0050521493,-0.01347661
2022-08-17,IBM,-0.0099943876,0.0079536438,-0.00052934885
2022-08-17,INTC,0.050632596,0.015156865,-0.0092946887
2022-08-17,MSFT,-0.0056874752,0.0088587999,-0.0038204789
2022-08-17,NKE,-0.012047172,-1.6093254e-05,0.017860174
2022-08-17,VZ,-0.014018118,0.0025082827,-0.015221894
2022-08-17,WMT,-0.002602458,0.010744095,0.003360033
2022-08-18,AAPL,-0.0024127364,-0.0013843179,-0.015709937
2022-08-18,AMGN,0.010498166,0.019185543,-0.005599916
2022-08-18,CRM,-0.00048208237,0.0014988184,-0.02900213
2022-08-18,CSCO,-0.0075221062,0.00057792664,-0.0021849275
2022-08-18,IBM,-0.019363642,0.0083919764,-0.014564097
2022-08-18,INTC,-0.021092355,0.0085165501,-0.017089188
2022-08-18,MSFT,-0.007392168,0.029526472,-0.013103843
2022-08-18,NKE,0.00059437752,-0.0022961497,-0.032834709
2022-08-18,VZ,0.008220911,0.0086994171,-0.0029712915
2022-08-18,WMT,-0.011892498,0.016158104,-0.0085526705
2022-08-19,AAPL,0.016172171,0.025049686,-0.013195038
2022-08-19,AMGN,-0.0043187141,0.0071507692,0.012973189
2022-08-19,CRM,-0.03396219,0.0026273727,-0.037014365
2022-08-19,CSCO,0.004421711,0.0050628185,-0.025746763
2022-08-19,IBM,0.025318146,0.0011570454,0.0010211468
2022-08-19,INTC,-0.0017114878,-0.0051870346,-0.015932262
2022-08-19,MSFT,-0.029410303,0.0077558756,-0.010668159
2022-08-19,NKE,0.0075309277,0.022159338,-0.010617793
2022-08-19,VZ,-0.014534056,0.00039637089,0.006875515
2022-08-19,WMT,0.0016616583,0.016795635,0.0053727627
2022-08-22,AAPL,0.0051637888,0.0045462847,0.013665676
2022-08-22,AMGN,-0.038165867,0.016368866,-0.011946499
2022-08-22,CRM,0.00077974796,0.012079477,-0.034470022
2022-08-22,CSCO,-0.024410546,0.0011353493,-0.016914368
2022-08-22,IBM,0.012337804,-0.0012744665,-0.0099421144
2022-08-22,INTC,0.0094360113,0.010213017,-0.0034658313
2022-08-22,MSFT,-0.0036207438,0.0123142,-0.010730863
2022-08-22,NKE,-0.010992765,0.0088617802,0.0045040846
2022-08-22,VZ,0.00037062168,0.0076221228,-0.0066090226
2022-08-22,WMT,-0.021641314,0.0060409307,-0.016977131
2022-08-23,AAPL,-0.019700646,0.048228741,-0.0044955611
2022-08-23,AMGN,0.0079294443,0.0060850382,-0.025474727
2022-08-23,CRM,-0.043013453,0.031618237,-0.035211861
2022-08-23,CSCO,-0.024903655,-0.0020102262,0.0056108236
2022-08-23,IBM,-0.00058633089,0.0016922951,-0.013501465
2022-08-23,INTC,-0.0060397387,0.0065091848,-0.012284338
2022-08-23,MSFT,-0.001696229,0.0042151213,-0.016777039
2022-08-23,NKE,0.0055915117,0.0093964338,0.014602423
2022-08-23,VZ,0.0056459904,0.00089681149,-0.017632306
2022-08-23,WMT,-0.0013664961,0.008163929,-0.016971409
2022-08-24,AAPL,0.029771566,0.02239573,-0.014201105
2022-08-24,AMGN,0.018427014,0.015119195,0.0011254549
2022-08-24,CRM,-0.041439593,0.014990687,-0.0026061535
2022-08-24,CSCO,0.013197899,0.0076116323,-0.019931674
2022-08-24,IBM,-0.020264506,0.021296859,-0.0070778131
2022-08-24,INTC,0.0007610321,0.016682386,-0.029635072
2022-08-24,MSFT,-0.0056323409,0.0045589209,-0.010472238
2022-08-24,NKE,0.0073876381,0.014840484,-0.025745153
2022-08-24,VZ,-0.0076087713,0.0082956553,0.0021724701
2022-08-24,WMT,-0.0079163909,0.008792758,-0.0080731511
2022-08-25,AAPL,-0.027297556,0.0038784742,-0.017490029
2022-08-25,AMGN,-0.012827933,0.010677099,-0.010933697
2022-08-25,CRM,0.0026092529,-0.0066912174,-0.045280159
2022-08-25,CSCO,0.0081685781,0.017007351,-0.012694001
2022-08-25,IBM,0.0042754412,0.0096327066,-0.0026753545
2022-08-25,INTC,0.011305571,0.0074288845,-0.0066390634
2022-08-25,MSFT,-0.0049270391,-0.00861305,-0.011971772
2022-08-25,NKE,0.0091522932,0.02968502,-0.0073139071
2022-08-25,VZ,-0.027725816,0.0015573502,-0.0039795637
2022-08-25,WMT,-0.0085238218,0.019378424,-0.008675456
2022-08-26,AAPL,-0.0057509542,0.027472377,-0.0070820451
2022-08-26,AMGN,-0.022389412,-0.010954082,-0.0093894005
2022-08-26,CRM,-0.0077316761,0.0050052404,-0.037338436
2022-08-26,CSCO,0.021102428,0.012908697,-0.0077323914
2022-08-26,IBM,0.0082316399,0.012490511,-0.01286006
2022-08-26,INTC,-0.014824808,0.00032031536,0.0021986961
2022-08-26,MSFT,-0.002468586,0.013804913,0.0041440725
2022-08-26,NKE,-0.024173081,0.029441237,-0.015140831
2022-08-26,VZ,-0.0033075213,0.010955453,-0.018772185
2022-08-26,WMT,0.013096809,0.017103553,-0.016964734
2022-08-29,AAPL,0.0055257082,0.014153123,-0.025609314
2022-08-29,AMGN,-0.0052096844,0.023306608,-0.008320272
2022-08-29,CRM,-0.036554575,0.030352354,-0.02698791
2022-08-29,CSCO,-0.0036661625,0.010432601,-0.019528925
2022-08-29,IBM,0.016521692,0.014730334,0.0093971491
2022-08-29,INTC,0.0038546324,0.008846283,-0.028957665
2022-08-29,MSFT,-0.031034052,0.0040220022,-0.014551938
2022-08-29,NKE,-0.0080822706,0.01728034,-0.020557046
2022-08-29,VZ,-0.0060118437,-0.0016096234,-0.0047335625
2022-08-29,WMT,0.015561581,0.016231298,0.0012722015
2022-08-30,AAPL,0.027107477,0.019971013,-0.058735728
2022-08-30,AMGN,-0.0050502419,0.01926291,-0.022124529
2022-08-30,CRM,0.0015300512,0.0042729378,-0.05090785
2022-08-30,CSCO,-0.0074740052,-0.00608778,-0.017083049
2022-08-30,IBM,-0.032351375,0.023049831,0.0047330856
2022-08-30,INTC,-0.0027989149,0.025238633,0.0017137527
2022-08-30,MSFT,0.0011419058,0.0021051168,-0.014299929
2022-08-30,NKE,-0.01859194,0.0033538342,-0.015175819
2022-08-30,VZ,0.0020319223,0.020542026,-0.0027342439
2022-08-30,WMT,-0.0069134831,0.0029245615,-0.0085414648
2022-08-31,AAPL,-0.00064921379,0.010358691,-0.00081646442
2022-08-31,AMGN,-0.011501133,-0.0015174747,-0.0017334819
2022-08-31,CRM,-0.014404535,0.0099829435,-0.017073631
2022-08-31,CSCO,-0.00062310696,0.015892982,-0.0069919229
2022-08-31,IBM,-0.00461936,0.020924449,0.0092457533
2022-08-31,INTC,-0.004122138,0.010007739,-0.0082136393
2022-08-31,MSFT,-0.016858101,0.03088522,-0.01859796
2022-08-31,NKE,-0.013905346,0.01843667,-0.0017850399
2022-08-31,VZ,-0.010849833,0.0055342913,-0.016098678
2022-08-31,WMT,-0.0048614144,0.0077909231,-0.0096563101
2022-09-01,AAPL,-0.011958539,-0.0039083362,-0.014286876
2022-09-01,AMGN,0.01295507,0.032876492,-0.0073957443
2022-09-01,CRM,0.0089762211,0.03113389,-0.0408113
2022-09-01,CSCO,0.0055348873,0.005487442,-0.01573199
2022-09-01,IBM,-0.026443005,0.033958793,-0.0037211776
2022-09-01,INTC,0.024829268,0.020055294,-0.019913733
2022-09-01,MSFT,-0.0010843277,0.022687793,-0.0010133982
2022-09-01,NKE,-0.027111471,0.01254952,-0.022275031
2022-09-01,VZ,-0.018436253,0.012246847,-0.0014520288
2022-09-01,WMT,-0.014804244,0.012099147,-0.0079446435
2022-09-02,AAPL,-0.044047177,0.011778355,-0.011766374
2022-09-02,AMGN,-0.026978016,0.023759961,-0.012977362
2022-09-02,CRM,-0.012905002,0.016822696,-0.015320599
2022-09-02,CSCO,-0.014757156,-0.022481918,-0.013072968
2022-09-02,IBM,-0.0062314272,0.011080146,0.0023850203
2022-09-02,INTC,0.0023906231,0.019050479,-0.018553197
2022-09-02,MSFT,-0.0085029006,0.014805436,-0.0038477778
2022-09-02,NKE,0.0023015738,0.011701822,-0.010104358
2022-09-02,VZ,0.0025234222,0.0061607361,0.0014890432
2022-09-02,WMT,0.0017756224,0.0092597008,0.0045307875
2022-09-06,AAPL,0.0027320385,0.00069153309,0.0052486658
2022-09-06,AMGN,0.0068404675,0.020049334,-0.0076776743
2022-09-06,CRM,-0.038649797,0.011668801,0.014517069
2022-09-06,CSCO,0.030030489,-0.0020081997,0.008062005
2022-09-06,IBM,-0.023236394,0.010095239,-0.018522501
2022-09-06,INTC,-0.00022876263,0.01335144,-0.0045241714
2022-09-06,MSFT,0.021286249,0.0080223083,-0.017915428
2022-09-06,NKE,-0.039616764,0.001829505,0.015852094
2022-09-06,VZ,-0.0030832887,-0.0022891164,-0.0068092346
2022-09-06,WMT,0.011184573,0.019361377,-0.010781467
2022-09-07,AAPL,0.027869582,0.035783172,-0.025483966
2022-09-07,AMGN,-0.026016235,0.010706902,-0.0093486309
2022-09-07,CRM,0.012462854,0.010476947,-0.0049795508
2022-09-07,CSCO,0.048334956,0.0063439608,-0.0049284697
2022-09-07,IBM,-0.0094504952,0.0091519356,-0.0090446472
2022-09-07,INTC,0.0044544935,-0.0067452788,-0.014041662
2022-09-07,MSFT,0.0076417923,0.023859739,0.002556324
2022-09-07,NKE,-0.023210168,0.015329003,-0.01128602
2022-09-07,VZ,0.0012859106,0.024296403,0.0016031265
2022-09-07,WMT,0.021057725,0.0044001341,-0.010698617
2022-09-08,AAPL,0.013154387,0.029085875,-0.00071209669
2022-09-08,AMGN,0.011936545,0.0019581318,-0.0074335337
2022-09-08,CRM,0.059760571,0.0081117153,-0.016449392
2022-09-08,CSCO,0.010825872,0.001188159,-0.011738718
2022-09-08,IBM,-0.0096700191,0.022335649,-0.0093289018
2022-09-08,INTC,0.0091394186,0.0077278614,0.00052154064
2022-09-08,MSFT,0.012468934,0.017699838,-0.0045431256
2022-09-08,NKE,-0.032009423,-0.0097481012,-0.0053799152
2022-09-08,VZ,-9.9599361e-05,0.013859987,0.0044951439
2022-09-08,WMT,0.014143229,0.016532421,-0.011918664
2022-09-09,AAPL,-0.0024888515,-0.0012377501,-0.0299564
2022-09-09,AMGN,-0.010998249,0.0037612915,-0.027818024
2022-09-09,CRM,-0.034536898,0.022904158,-0.014053226
2022-09-09,CSCO,-0.0097325444,0.024307489,0.0034409761
2022-09-09,IBM,0.0020265579,0.014088154,-0.007786274
2022-09-09,INTC,0.0036597252,-0.0089036822,0.0079399347
2022-09-09,MSFT,0.015681982,0.019895077,-0.015917838
2022-09-09,NKE,-0.024057865,0.022586703,-0.021468461
2022-09-09,VZ,-0.014839768,0.012629867,0.002042532
2022-09-09,WMT,-0.011503637,-0.0033448935,0.011198997
2022-09-12,AAPL,0.034605265,0.012413621,-0.0058149695
2022-09-12,AMGN,-0.0079059601,0.011264443,-0.0092651844
2022-09-12,CRM,-0.049157023,0.012822032,-0.016914964
2022-09-12,CSCO,-0.026551962,-0.014772177,-0.012055576
2022-09-12,IBM,-0.01627779,0.0021173954,0.0020430088
2022-09-12,INTC,-0.011898279,0.014836311,0.0052540302
2022-09-12,MSFT,-0.0060246587,0.011352897,-0.015632331
2022-09-12,NKE,0.024323583,0.011546612,-0.022091806
2022-09-12,VZ,-0.0018962622,-0.003593564,-0.0029709339
2022-09-12,WMT,0.0078270435,0.022175789,-0.0032345653
2022-09-13,AAPL,0.012733579,-0.0021159649,-0.013172746
2022-09-13,AMGN,-0.0023869872,0.01661098,-0.0038215518
2022-09-13,CRM,0.014924288,0.010517478,-0.00051879883
2022-09-13,CSCO,-0.025754392,0.0092989206,-0.01402843
2022-09-13,IBM,1.8239021e-05,0.032960892,-0.004781127
2022-09-13,INTC,-0.019323707,0.029918551,-0.016722023
2022-09-13,MSFT,-0.0017327666,-0.0032388568,-0.035112262
2022-09-13,NKE,-0.011285722,0.0020340681,-0.0018321872
2022-09-13,VZ,0.0038998127,-0.0070202947,-0.012950122
2022-09-13,WMT,0.0099152327,0.0072702169,-0.0037475824
2022-09-14,AAPL,0.013674736,0.032584906,-0.023729146
2022-09-14,AMGN,0.0067231655,0.040868759,0.0055741072
2022-09-14,CRM,-0.023890138,0.01423955,-0.026936948
2022-09-14,CSCO,-0.017541468,0.019531012,0.0010055304
2022-09-14,IBM,0.0159235,0.0018962622,-0.0057119727
2022-09-14,INTC,-0.013652086,0.02182281,-0.0042119622
2022-09-14,MSFT,-0.030929744,-0.00088465214,-0.015943229
2022-09-14,NKE,-0.0048556924,0.01636529,-0.00072646141
2022-09-14,VZ,-0.014261723,0.012610912,0.0071539879
2022-09-14,WMT,-0.020262837,-0.0048706532,-0.0047320724
2022-09-15,AAPL,0.013680935,0.028703213,-0.01595813
2022-09-15,AMGN,-9.1791153e-06,0.0099107027,-0.014050305
2022-09-15,CRM,0.06723702,0.025702119,-0.025862455
2022-09-15,CSCO,-0.010024309,0.0071243048,-0.0033705831
2022-09-15,IBM,0.0030403137,0.017206669,-0.010587871
2022-09-15,INTC,-0.0087553263,-0.021204591,-0.013407707
2022-09-15,MSFT,-0.018741906,0.015855312,-0.0014455318
2022-09-15,NKE,0.02789104,0.024811387,-0.0070470572
2022-09-15,VZ,-0.003988862,0.01518321,-0.017346382
2022-09-15,WMT,-0.01066041,0.0041120052,-0.0025787354
2022-09-16,AAPL,-0.017931521,-0.00094753504,-0.0092537403
2022-09-16,AMGN,-0.020122766,-0.0088794231,0.0061403513
2022-09-16,CRM,-0.010103047,0.031449199,-0.013261259
2022-09-16,CSCO,-0.032154024,0.019110799,-0.0024799705
2022-09-16,IBM,0.013475418,0.027600646,-0.013263464
2022-09-16,INTC,0.020099759,0.0052946806,-0.013428569
2022-09-16,MSFT,-0.022240937,0.014624953,-0.037875712
2022-09-16,NKE,-0.021351159,0.0037380457,0.0049291849
2022-09-16,VZ,0.0011627674,0.01579988,-0.01074481
2022-09-16,WMT,-0.012935758,0.018445849,-0.0074211955
2022-09-19,AAPL,0.010941029,0.017545223,-0.025814116
2022-09-19,AMGN,-0.032161772,0.017912745,-0.0090510845
2022-09-19,CRM,0.002558589,0.022263527,-0.03428179
2022-09-19,CSCO,-0.044412792,0.0010102987,-0.0044367909
2022-09-19,IBM,0.017150283,0.025389552,-0.013678432
2022-09-19,INTC,-0.05032295,0.003484726,-0.018298864
2022-09-19,MSFT,-0.018596768,0.0093160868,0.0048751831
2022-09-19,NKE,-0.0038645864,0.016096592,0.0097408295
2022-09-19,VZ,0.0078920126,0.0013207197,-0.011059701
2022-09-19,WMT,-0.0086439848,0.0047812462,0.0030965805
2022-09-20,AAPL,-0.032708704,0.023416996,-0.0035635829
2022-09-20,AMGN,0.00031089783,0.01713109,-0.0085160732
2022-09-20,CRM,-0.010899425,0.024973869,-0.027653277
2022-09-20,CSCO,-0.023948967,-0.014596999,-0.016796589
2022-09-20,IBM,-0.030985236,0.022436023,0.0062229633
2022-09-20,INTC,-0.0041785836,0.0097050667,-0.0029270053
2022-09-20,MSFT,-0.0098387003,0.0042852163,-0.0055699944
2022-09-20,NKE,0.01903832,0.0027505159,0.010090709
2022-09-20,VZ,-0.023713589,-0.0027503371,-0.013788342
2022-09-20,WMT,0.019606829,0.0098104477,-0.00083392859
2022-09-21,AAPL,0.0044056177,0.010194778,-0.01377517
2022-09-21,AMGN,0.029837132,0.0079381466,-0.0030423403
2022-09-21,CRM,0.031494617,0.013534069,-0.027323067
2022-09-21,CSCO,-0.02817744,0.014252186,-0.021826267
2022-09-21,IBM,-0.0014051795,-0.0088629127,-0.0097382069
2022-09-21,INTC,0.01445055,0.023457646,0.0015865564
2022-09-21,MSFT,0.01108253,0.018989563,-0.016837299
2022-09-21,NKE,-0.023090184,-0.0076934695,-0.00095665455
2022-09-21,VZ,0.0067958832,0.022367358,-0.008202672
2022-09-21,WMT,0.0075498819,0.017194629,-0.0026150346
2022-09-22,AAPL,0.040939927,0.01459229,-0.0061308742
2022-09-22,AMGN,-0.00018543005,0.012861609,-0.013009608
2022-09-22,CRM,-0.032531977,0.061337352,0.012077928
2022-09-22,CSCO,-0.014395595,-0.011872113,0.0076479912
2022-09-22,IBM,0.016272068,-0.0025343299,-0.014811814
2022-09-22,INTC,0.018146157,0.011398554,0.0022881031
2022-09-22,MSFT,-0.0006596446,0.016543269,0.0080490112
2022-09-22,NKE,-0.0060800314,0.010278106,-0.0010199547
2022-09-22,VZ,0.0038104057,-0.0029270649,-0.020999432
2022-09-22,WMT,-0.0175035,-0.0011715889,-0.0090320706
2022-09-23,AAPL,-0.017405927,-0.00056189299,-0.034387529
2022-09-23,AMGN,-0.024025798,0.021388173,-0.0090771317
2022-09-23,CRM,-0.041439831,0.031809807,-0.03104949
2022-09-23,CSCO,-0.016444266,0.016593695,-0.015803754
2022-09-23,IBM,0.0063585043,0.029509425,-0.007329464
2022-09-23,INTC,0.022645235,0.01864171,0.011645675
2022-09-23,MSFT,-0.016413391,0.0011392832,-0.033087373
2022-09-23,NKE,0.011034131,0.012475371,-0.015373409
2022-09-23,VZ,-0.013901412,0.0029456615,-0.016930223
2022-09-23,WMT,-0.0035269856,-0.0039177537,0.0038075447
2022-09-26,AAPL,-0.0017049313,0.0069973469,-0.020075202
2022-09-26,AMGN,0.011199594,0.00080168247,0.0074421167
2022-09-26,CRM,-0.025304317,0.019289255,-0.033352733
2022-09-26,CSCO,0.034030437,0.019928336,-0.020255029
2022-09-26,IBM,-0.0032839775,0.0036488771,-0.0057476163
2022-09-26,INTC,0.0025954247,0.021524549,-0.01175487
2022-09-26,MSFT,0.016000032,0.016735673,-0.018929958
2022-09-26,NKE,-0.037981033,0.019291401,-0.019842505
2022-09-26,VZ,0.026771069,0.0078353882,-0.0043287873
2022-09-26,WMT,-0.0011360645,0.0090742111,0.01682663
2022-09-27,AAPL,-0.022499084,0.016394734,-0.013216794
2022-09-27,AMGN,-0.033674419,0.014191985,-0.0014423728
2022-09-27,CRM,-0.0077927709,0.00025701523,-0.016064405
2022-09-27,CSCO,0.0048280954,0.005212903,-0.0029860735
2022-09-27,IBM,0.0059169531,0.013487101,-0.0036352277
2022-09-27,INTC,-0.013213634,0.030183673,-0.0078779459
2022-09-27,MSFT,-0.038293421,-0.0059246421,-0.0016371608
2022-09-27,NKE,-0.019801676,0.013508677,0.0039185286
2022-09-27,VZ,-0.029622972,0.0078108311,0.0045171976
2022-09-27,WMT,-0.011339247,0.0082950592,-0.011447012
2022-09-28,AAPL,-0.030632019,0.038337827,-0.017492592
2022-09-28,AMGN,-0.022082865,-0.013695002,-0.0029213428
2022-09-28,CRM,-0.0020999908,0.030457854,-0.023766637
2022-09-28,CSCO,0.0067578554,0.0074154139,-0.0085914135
2022-09-28,IBM,0.0011066198,0.0026454926,-0.009647429
2022-09-28,INTC,-0.0091696382,0.020814538,-0.013787806
2022-09-28,MSFT,-0.0071727037,0.0025339127,-0.012707591
2022-09-28,NKE,-0.032796621,0.022923112,-0.018420577
2022-09-28,VZ,-0.0010799766,0.008284688,0.0070799589
2022-09-28,WMT,0.013451934,-0.0019964576,-0.013480246
2022-09-29,AAPL,0.0042476654,0.019744635,-0.022750258
2022-09-29,AMGN,-0.026327312,0.02250421,0.001704216
2022-09-29,CRM,0.021968246,0.019008398,-0.03797406
2022-09-29,CSCO,-0.0065365434,0.0096451044,-0.014118731
2022-09-29,IBM,-0.021982968,0.019781709,-0.003246367
2022-09-29,INTC,-0.0046233535,0.0077787638,-0.019620299
2022-09-29,MSFT,-0.0028642416,0.0076129436,-0.0088136196
2022-09-29,NKE,-0.011020184,0.014490604,-0.0045894384
2022-09-29,VZ,-0.012337863,0.0075776577,0.0062202215
2022-09-29,WMT,-0.027756572,0.01025176,-0.015192926
2022-09-30,AAPL,0.026584625,0.0059089661,0.0015951395
2022-09-30,AMGN,0.0028642416,0.0022221804,-0.015507102
2022-09-30,CRM,0.022251129,-0.0010283589,-0.028121352
2022-09-30,CSCO,-0.018250465,0.011422515,0.011282682
2022-09-30,IBM,0.0095760822,0.0041970015,-0.010954857
2022-09-30,INTC,-0.017149091,0.01630652,-0.0025925636
2022-09-30,MSFT,0.038546801,0.0087524652,-0.010391891
2022-09-30,NKE,0.034170151,0.030759811,-0.029260933
2022-09-30,VZ,-0.017284334,0.011348605,-0.019085288
2022-09-30,WMT,-0.016873479,0.019206285,-0.014140069
2022-10-03,AAPL,-0.00034415722,0.010862231,-0.0085092187
2022-10-03,AMGN,0.0051879883,0.013693213,-0.0096064806
2022-10-03,CRM,-0.04368937,0.030831337,-0.022540212
2022-10-03,CSCO,0.018234134,0.0064125061,-0.0026276112
2022-10-03,IBM,-0.011730194,0.011268854,-0.008494556
2022-10-03,INTC,-0.0047348142,0.016527891,-0.011715829
2022-10-03,MSFT,0.035112381,0.014682889,-0.014365256
2022-10-03,NKE,-0.0023080707,0.00012075901,0.013632059
2022-10-03,VZ,-0.019170821,0.014174104,-0.0017717481
2022-10-03,WMT,-0.015117764,0.009937644,-0.0021654963
2022-10-04,AAPL,-0.015305698,-0.0049828291,-0.026756763
2022-10-04,AMGN,-0.014245093,0.024402499,-0.0067346692
2022-10-04,CRM,-0.029114604,-0.010553896,-0.0012705326
2022-10-04,CSCO,0.020115495,-0.0048935413,-0.0082246661
2022-10-04,IBM,-0.0083597302,0.0055427551,-0.0075255632
2022-10-04,INTC,0.01962328,0.0086512566,-0.0042175055
2022-10-04,MSFT,-0.021654427,0.018779278,-0.023891211
2022-10-04,NKE,-0.01565361,0.016050696,-0.020801902
2022-10-04,VZ,-0.030834377,0.018955588,-0.027090073
2022-10-04,WMT,-0.0083324313,0.0034303665,-0.010227859
2022-10-05,AAPL,0.0030092001,0.012939095,-0.0048963428
2022-10-05,AMGN,0.022518039,0.0051116943,-0.0045446754
2022-10-05,CRM,-0.0052447319,0.026827574,-0.019948065
2022-10-05,CSCO,0.040749311,0.0024342537,-0.0022482872
2022-10-05,IBM,-0.00023847818,0.014332891,-0.010262609
2022-10-05,INTC,0.021569014,0.027630687,-0.0030166507
2022-10-05,MSFT,0.021932125,0.017225981,0.0082942247
2022-10-05,NKE,0.023386836,0.0010216236,-0.014201224
2022-10-05,VZ,-0.029875696,0.011192679,-0.01128906
2022-10-05,WMT,-0.011400759,0.012817264,-0.0067331791
2022-10-06,AAPL,-0.015714288,-0.00028860569,-0.011136472
2022-10-06,AMGN,-0.0055924058,0.020670414,-0.0042853951
2022-10-06,CRM,-0.046559095,0.029320717,-0.031173408
2022-10-06,CSCO,-0.0058892369,0.0092225075,0.0084908009
2022-10-06,IBM,-0.011462986,-0.0051344633,-0.014913619
2022-10-06,INTC,-0.0086840987,0.022123337,-0.011734188
2022-10-06,MSFT,-0.033793926,-0.0091515779,-0.0060735345
2022-10-06,NKE,-0.016258538,0.014013648,-0.014850259
2022-10-06,VZ,0.0032345057,0.022257447,0.001974225
2022-10-06,WMT,-0.017145753,0.0077096224,-0.012888432
2022-10-07,AAPL,-0.0084163547,0.0084738731,-0.0048800707
2022-10-07,AMGN,-0.030913651,0.02208674,-0.0099605918
2022-10-07,CRM,-0.012858033,0.031282067,-0.011195719
2022-10-07,CSCO,-0.0078806877,-0.0012578368,-0.0046118498
2022-10-07,IBM,0.038512468,0.0085635185,0.0057960749
2022-10-07,INTC,-0.02655375,0.016199231,-0.0038148761
2022-10-07,MSFT,0.01308918,0.011208534,-0.0067867637
2022-10-07,NKE,0.015532494,0.012589574,-0.012408197
2022-10-07,VZ,-0.01344353,0.011765718,0.0087703466
2022-10-07,WMT,0.011104941,0.012218833,0.0014181137
2022-10-10,AAPL,-0.0055176616,0.0055003166,-0.00012093782
2022-10-10,AMGN,-0.036869705,0.01511693,-0.0068213344
2022-10-10,CRM,0.014525414,0.010640621,0.007972002
2022-10-10,CSCO,0.032189608,0.014489293,-0.0014577508
2022-10-10,IBM,0.0080015659,0.0012822151,-0.011207581
2022-10-10,INTC,-0.033007264,0.0052928925,-0.0014098883
2022-10-10,MSFT,0.015779257,0.015562534,-0.0036129951
2022-10-10,NKE,-0.01088959,-0.0023497939,0.010833383
2022-10-10,VZ,-0.015780389,0.011484146,-0.0014948845
2022-10-10,WMT,0.0082640648,0.0047037601,-0.015165508
2022-10-11,AAPL,0.032486439,0.017360568,-0.032685637
2022-10-11,AMGN,0.0084338188,0.022161245,-0.0097858906
2022-10-11,CRM,0.011775613,0.011443615,0.01214695
2022-10-11,CSCO,0.0052530766,0.018708348,0.0023304224
2022-10-11,IBM,-0.0046527386,0.0086737871,-0.0063281655
2022-10-11,INTC,-0.0050618649,0.021073461,-0.015368521
2022-10-11,MSFT,0.0044187307,0.0078864098,-0.0052662492
2022-10-11,NKE,-0.0033551455,0.01682651,0.016818047
2022-10-11,VZ,-0.017965078,0.0023682117,-0.013230383
2022-10-11,WMT,0.0072458982,0.013373375,-0.010556519
2022-10-12,AAPL,-0.027868152,0.0015678406,-0.0022528172
2022-10-12,AMGN,-0.024062812,0.022282839,-0.011578321
2022-10-12,CRM,0.006308198,-0.0083001256,-0.015277803
2022-10-12,CSCO,0.012746811,0.011475205,-0.017706335
2022-10-12,IBM,-0.015945137,0.022479534,-0.013518512
2022-10-12,INTC,-0.0049868226,0.00092589855,-0.004753232
2022-10-12,MSFT,0.016106963,0.0099053383,-0.014885902
2022-10-12,NKE,0.0062665939,0.015320063,-0.0029958487
2022-10-12,VZ,-0.0039809346,0.0056468248,0.00026500225
2022-10-12,WMT,0.014794707,0.0080231428,-0.012373745
2022-10-13,AAPL,-0.026830733,-0.012421906,-0.031224251
2022-10-13,AMGN,0.0034646988,0.0062842369,-0.012237072
2022-10-13,CRM,-0.00081604719,0.0071336031,-0.013620853
2022-10-13,CSCO,-0.011501491,0.0081620216,-0.00075048208
2022-10-13,IBM,-0.018239617,0.017090082,-0.0076806545
2022-10-13,INTC,0.012907267,-0.0072060823,-0.0088708401
2022-10-13,MSFT,0.02727282,0.016003132,0.0042775869
2022-10-13,NKE,-0.0042642951,0.019798875,-0.013941824
2022-10-13,VZ,-0.01841712,0.0055507421,0.016294956
2022-10-13,WMT,-0.018179357,0.009393096,-9.3579292e-05
2022-10-14,AAPL,-0.029381275,0.0073554516,-0.015535057
2022-10-14,AMGN,-0.022962391,0.022065163,-0.019181848
2022-10-14,CRM,-0.016305029,0.0089861155,-0.022253156
2022-10-14,CSCO,-0.051742315,0.010629773,0.0073823929
2022-10-14,IBM,-0.003819108,0.0067230463,-0.0053781867
2022-10-14,INTC,-0.0011454821,0.021350384,-0.013338804
2022-10-14,MSFT,-0.012849212,-0.0027651787,-0.018486083
2022-10-14,NKE,-0.0067331195,-0.0060639381,-0.0077419877
2022-10-14,VZ,-0.017630458,0.015900373,-0.0083973408
2022-10-14,WMT,0.015797853,0.016206145,-0.019379258
2022-10-17,AAPL,-0.010143161,-0.0055337548,-0.0056970716
2022-10-17,AMGN,-0.02417624,0.0038981438,0.0080926418
2022-10-17,CRM,-0.032542586,-0.0058204532,-0.014532268
2022-10-17,CSCO,-0.040248573,0.018197536,-0.011846244
2022-10-17,IBM,-0.0075976849,0.014843345,0.001617074
2022-10-17,INTC,-0.0026896,0.008258462,-0.023365021
2022-10-17,MSFT,0.01477623,0.0025613308,-0.026930809
2022-10-17,NKE,0.012179732,0.028642178,-0.014413118
2022-10-17,VZ,0.0026342869,0.0095978975,-0.005504787
2022-10-17,WMT,0.0095062256,0.01104939,-0.0080198646
2022-10-18,AAPL,0.023049116,0.031783104,-0.024612188
2022-10-18,AMGN,-0.0012487769,0.017400742,-0.021213651
2022-10-18,CRM,-0.028578043,0.04752326,-0.00070691109
2022-10-18,CSCO,-0.0046592355,-0.0023317337,-0.0027127266
2022-10-18,IBM,-0.0089409351,0.020938158,-0.0023161173
2022-10-18,INTC,-0.0080017447,0.024128079,-0.0085186362
2022-10-18,MSFT,0.014266729,-0.0071841478,0.0036424398
2022-10-18,NKE,-8.6963177e-05,0.013904572,-0.017209411
2022-10-18,VZ,0.0034348965,0.013179064,-0.0085684061
2022-10-18,WMT,-0.0055757165,0.0089675188,-0.0089274645
2022-10-19,AAPL,0.00063586235,0.029999137,-0.017195642
2022-10-19,AMGN,-0.027651489,-0.00079107285,-0.0015561581
2022-10-19,CRM,-0.015379965,0.025160193,0.0094436407
2022-10-19,CSCO,0.0073359013,0.023905993,-0.018505514
2022-10-19,IBM,0.0025250912,0.014044166,-0.0029547811
2022-10-19,INTC,0.018851995,0.014934182,-0.018909693
2022-10-19,MSFT,0.014313102,0.0067090988,-0.013074636
2022-10-19,NKE,-0.0059632659,0.023164272,-0.0028912425
2022-10-19,VZ,-0.0081561804,0.010285139,-0.0066680908
2022-10-19,WMT,-0.0032813549,0.012478352,0.0091427565
2022-10-20,AAPL,-0.023081601,0.00066804886,-0.0064852238
2022-10-20,AMGN,0.0042051077,0.025221586,0.009002924
2022-10-20,CRM,-0.045157671,0.022069454,-0.03242588
2022-10-20,CSCO,-0.0011550784,0.01159358,-0.0064223409
2022-10-20,IBM,0.0061842203,0.0082912445,-0.0069677234
2022-10-20,INTC,0.0080286264,0.02645874,-0.0064243078
2022-10-20,MSFT,-0.0068376064,0.0038976669,-0.01350975
2022-10-20,NKE,-0.019077659,0.0077805519,-0.011427164
2022-10-20,VZ,-0.0088235736,0.01558876,0.0076473951
2022-10-20,WMT,0.021922827,0.0095084906,-0.020915031
2022-10-21,AAPL,0.002119422,0.01331389,-0.0038719773
2022-10-21,AMGN,-0.0099906921,0.0034948587,-0.027184606
2022-10-21,CRM,-0.012667,0.018759251,-0.0067702532
2022-10-21,CSCO,0.034038663,0.0016943216,-0.0066409707
2022-10-21,IBM,0.037225008,0.014344454,-0.0096720457
2022-10-21,INTC,-0.021585047,0.010593295,-0.00031197071
2022-10-21,MSFT,-0.031936705,0.017359376,-0.016004026
2022-10-21,NKE,-0.014534712,0.0020160675,-0.0021336079
2022-10-21,VZ,0.011972427,0.010112524,-0.0035569072
2022-10-21,WMT,-0.012981772,0.017026782,-0.014513135
2022-10-24,AAPL,-0.00094294548,0.015652299,-0.015010118
2022-10-24,AMGN,0.019883037,0.0076556206,-0.0081924796
2022-10-24,CRM,-0.01142776,0.016593337,-0.0022055507
2022-10-24,CSCO,-0.0083186626,0.004999876,-0.026524186
2022-10-24,IBM,-0.0072746873,0.0070844889,-0.023262799
2022-10-24,INTC,-0.0084077716,0.015383124,-0.017876923
2022-10-24,MSFT,0.0028265715,-0.0013012886,-0.0305233
2022-10-24,NKE,0.0035561323,0.027922273,0.00015473366
2022-10-24,VZ,-0.0090295672,0.030961156,0.016384006
2022-10-24,WMT,0.010237932,0.016031504,-0.019008994
2022-10-25,AAPL,-0.023038745,0.0059131384,-0.009275496
2022-10-25,AMGN,-0.0085670352,0.018722773,-0.0050702691
2022-10-25,CRM,0.0017690659,0.035043836,-0.0070310831
2022-10-25,CSCO,-0.0093718171,0.0057376623,-0.0075601339
2022-10-25,IBM,0.0059310198,-0.0021216869,-0.010449111
2022-10-25,INTC,-0.024515688,0.0061808825,-0.0021129251
2022-10-25,MSFT,-0.030891061,0.017723918,-0.019465983
2022-10-25,NKE,-0.0073209405,0.02262044,-0.009939611
2022-10-25,VZ,-0.011514723,0.027698994,-0.0085104704
2022-10-25,WMT,-0.035488725,-0.0052245855,0.0021779537
2022-10-26,AAPL,-0.016474426,0.015970588,-0.00037276745
2022-10-26,AMGN,-0.016508996,0.015343189,-0.0061252713
2022-10-26,CRM,0.01341939,-0.00040841103,-0.029251575
2022-10-26,CSCO,-0.0076607466,-0.00094884634,0.0012327433
2022-10-26,IBM,-0.029595792,0.015666604,-0.010698974
2022-10-26,INTC,0.034009576,-0.0011036992,0.0065009594
2022-10-26,MSFT,0.01497829,0.0090042353,-0.018796206
2022-10-26,NKE,-0.0037944913,0.013161778,0.012628436
2022-10-26,VZ,-0.023666441,0.01982379,-0.0012446642
2022-10-26,WMT,0.00030219555,-0.0004607439,-0.010461986
2022-10-27,AAPL,-0.024074614,0.0070846081,-0.01876384
2022-10-27,AMGN,-0.0010460019,0.0010917187,-0.0050986409
2022-10-27,CRM,-0.038860083,0.026178241,0.0086195469
2022-10-27,CSCO,0.0012292862,0.0086883307,0.0055330992
2022-10-27,IBM,-0.0054407716,0.020411134,-5.877018e-05
2022-10-27,INTC,0.0085355043,0.0028851032,-0.015909314
2022-10-27,MSFT,0.0027415752,0.0033859015,-0.0048185587
2022-10-27,NKE,0.001914382,0.024082422,-0.0097459555
2022-10-27,VZ,-0.0071934462,0.012364507,0.0034159422
2022-10-27,WMT,-0.0056055784,0.0089498758,-0.019537807
2022-10-28,AAPL,-0.017861605,0.049997091,-0.00069010258
2022-10-28,AMGN,0.028796554,0.0068023205,-0.019105077
2022-10-28,CRM,0.0058324337,0.035231948,0.0028535128
2022-10-28,CSCO,0.018158436,0.022605777,-0.024538815
2022-10-28,IBM,-0.018109024,0.0064811707,0.010103226
2022-10-28,INTC,-0.034213245,0.029756904,-0.0091354251
2022-10-28,MSFT,0.008398056,0.020260453,-0.027063727
2022-10-28,NKE,0.0013533831,0.016468406,-0.03315556
2022-10-28,VZ,0.0060088634,0.00042283535,-0.0128721
2022-10-28,WMT,-0.023647487,0.015074253,-0.013595939
2022-10-31,AAPL,-0.026856065,0.0041991472,-0.00053989887
2022-10-31,AMGN,0.012100339,0.020454288,-0.00078171492
2022-10-31,CRM,0.015214205,0.015897155,-0.037577391
2022-10-31,CSCO,0.0051528215,0.015496731,-0.01124382
2022-10-31,IBM,0.011510611,0.0058490038,-0.0028834343
2022-10-31,INTC,0.014100432,0.027762055,-0.035749733
2022-10-31,MSFT,-0.00088167191,0.031933188,-0.0097702146
2022-10-31,NKE,0.0011228323,0.043444157,-0.017988682
2022-10-31,VZ,0.00057554245,0.017279506,-0.0090816617
2022-10-31,WMT,-0.015093565,0.010512829,-0.0063721538
2022-11-01,AAPL,0.0094209909,-0.00045633316,-0.048119366
2022-11-01,AMGN,-0.025284111,0.014103889,-0.010081708
2022-11-01,CRM,-0.019894361,0.0018719435,-0.041576505
2022-11-01,CSCO,-0.010549724,0.016331196,-0.010252118
2022-11-01,IBM,-0.0066134334,0.0075037479,0.0088799
2022-11-01,INTC,0.029724479,0.015157104,-0.0040302277
2022-11-01,MSFT,-0.010133266,0.019073844,-0.011301994
2022-11-01,NKE,-0.002025187,0.013800502,-0.0074493289
2022-11-01,VZ,-0.032066822,-0.0067335367,-0.029555738
2022-11-01,WMT,-0.010175467,0.0066694021,0.0087561607
2022-11-02,AAPL,-0.017041564,0.018280983,-0.0062021017
2022-11-02,AMGN,-0.017356753,0.018539667,-0.013695121
2022-11-02,CRM,-0.028279603,0.015749335,0.014394999
2022-11-02,CSCO,0.013609052,-0.001807034,-0.0085844994
2022-11-02,IBM,0.00074195862,-0.0014057159,-0.017274082
2022-11-02,INTC,-0.0023249984,0.0073143244,-0.010046721
2022-11-02,MSFT,-0.025921941,-0.00072097778,-0.016437829
2022-11-02,NKE,0.012149572,0.014332891,-0.0106287
2022-11-02,VZ,0.0086313486,0.017839909,-0.028540254
2022-11-02,WMT,-0.0035398602,0.0054683685,-0.0087460279
2022-11-03,AAPL,0.013840079,-0.0014367104,0.003988266
2022-11-03,AMGN,0.020132303,0.026698709,-0.021740496
2022-11-03,CRM,-0.030449629,0.018912196,-0.022358179
2022-11-03,CSCO,-0.004062295,0.0057111979,-0.024739802
2022-11-03,IBM,-0.0037472248,-0.002606988,-0.016103327
2022-11-03,INTC,-0.010724068,0.017449379,-0.019678473
2022-11-03,MSFT,0.011681199,-0.0033922791,-0.0011019707
2022-11-03,NKE,0.0023468733,0.012105823,-0.026859999
2022-11-03,VZ,-0.025984704,0.010643005,-0.0048425198
2022-11-03,WMT,-0.013493121,0.0071796179,0.0043854713
2022-11-04,AAPL,0.04141748,0.010190606,-0.0080895424
2022-11-04,AMGN,0.01240778,0.014062405,-0.014237404
2022-11-04,CRM,-0.014710963,-0.010663092,-0.038137615
2022-11-04,CSCO,-0.0048540831,0.032307506,-0.0085782409
2022-11-04,IBM,-0.0022338033,0.011394739,-0.028334618
2022-11-04,INTC,0.0019878149,0.00065588951,-0.025722384
2022-11-04,MSFT,-0.009124279,0.007306695,-0.0018849373
2022-11-04,NKE,-0.0055807829,0.012788057,-0.0056716204
2022-11-04,VZ,0.020475745,0.011084676,-0.0035693645
2022-11-04,WMT,0.013882279,0.011589408,-0.016326368
2022-11-07,AAPL,-0.00061863661,0.010915637,-0.010800362
2022-11-07,AMGN,0.020478368,0.013854623,-0.0096151233
2022-11-07,CRM,-0.023318529,0.044063449,-0.018911302
2022-11-07,CSCO,0.0079320669,0.011281729,-0.0032689571
2022-11-07,IBM,-0.002286911,0.010855317,-0.020988941
2022-11-07,INTC,0.027239203,0.0054533482,0.0085490942
2022-11-07,MSFT,-0.0017966032,0.0089888573,-0.0081683993
2022-11-07,NKE,-0.0047180057,0.015948892,-0.015138268
2022-11-07,VZ,-0.0023702979,0.0021038055,-0.0029655695
2022-11-07,WMT,-0.021761239,-0.001085937,-0.021453261
2022-11-08,AAPL,-0.0081235766,-0.0071085095,-0.025389075
2022-11-08,AMGN,0.0075583458,0.049325347,-0.010640144
2022-11-08,CRM,-0.030418575,0.01650846,-0.033672392
2022-11-08,CSCO,-0.0045597553,0.0058926344,0.0055884123
2022-11-08,IBM,-0.012975574,-0.0021287203,-0.018960834
2022-11-08,INTC,-0.043513298,0.0066990852,-0.01410228
2022-11-08,MSFT,0.014003038,0.0060265064,-0.011395395
2022-11-08,NKE,-0.013612926,0.010315061,-0.018232346
2022-11-08,VZ,-0.010073304,0.017092705,0.0034849644
2022-11-08,WMT,-0.0232535,-0.0046160221,-1.2457371e-05
2022-11-09,AAPL,-0.023215652,0.025255799,-0.035164773
2022-11-09,AMGN,-0.022255659,-0.0043552518,-0.0044372678
2022-11-09,CRM,-0.0014720559,0.013439178,-0.029245615
2022-11-09,CSCO,0.01226449,0.0031766891,-0.0061631799
2022-11-09,IBM,0.013850093,0.0060067177,0.010763645
2022-11-09,INTC,0.0081679821,0.013785124,-0.012693584
2022-11-09,MSFT,-0.016662419,-0.002874732,-0.021499455
2022-11-09,NKE,-0.028831959,0.01678896,-0.0013470054
2022-11-09,VZ,-0.012877762,0.025461674,-0.0066953897
2022-11-09,WMT,-0.0013573766,0.012838483,-0.0032497048
2022-11-10,AAPL,0.001809001,0.017896533,-0.01995486
2022-11-10,AMGN,0.010337472,0.017220259,-0.0063776374
2022-11-10,CRM,0.0042426586,0.01094985,-0.013416171
2022-11-10,CSCO,-0.018500209,0.012992859,-0.0096405149
2022-11-10,IBM,0.00041377544,0.0031816959,-0.014658451
2022-11-10,INTC,-0.016823471,-0.0013209581,-0.005271256
2022-11-10,MSFT,-0.018045902,0.002644062,-0.006888032
2022-11-10,NKE,-0.025126636,0.011091828,-0.012727857
2022-11-10,VZ,-0.020811439,0.0017080307,-0.012388527
2022-11-10,WMT,-0.012210608,0.014644861,-0.0021257401
2022-11-11,AAPL,0.018809557,0.021907687,-0.026030719
2022-11-11,AMGN,-0.0132249,0.008259058,-0.0061014891
2022-11-11,CRM,-0.0087803006,0.013391495,-0.001517117
2022-11-11,CSCO,0.0029871464,0.028205752,0.00097453594
2022-11-11,IBM,-0.020340025,0.017089128,-0.0051022768
2022-11-11,INTC,-0.0096691847,0.040267467,-0.011076331
2022-11-11,MSFT,0.021114469,0.0080157518,-0.018994987
2022-11-11,NKE,0.022987127,0.016615987,-0.020039141
2022-11-11,VZ,0.01203084,0.012907386,-0.037589312
2022-11-11,WMT,-0.011686206,0.019767523,-0.0085459352
2022-11-14,AAPL,-0.010873318,0.010441542,-0.0047242641
2022-11-14,AMGN,0.023626924,0.0091950893,-0.011578143
2022-11-14,CRM,-0.022711813,0.04147768,-0.022875965
2022-11-14,CSCO,0.0029526949,0.010538697,-0.0076880455
2022-11-14,IBM,-0.0028378963,0.022460341,-0.01648277
2022-11-14,INTC,-0.028523922,0.018221021,-0.011487424
2022-11-14,MSFT,-0.0068862438,0.017392039,0.00097692013
2022-11-14,NKE,-0.023227692,0.002784133,0.0076684952
2022-11-14,VZ,-0.0055648088,0.0040509701,-0.0017775297
2022-11-14,WMT,0.00078392029,0.0088903904,-0.0037049651
2022-11-15,AAPL,0.0048474073,-0.013740957,-0.0022639632
2022-11-15,AMGN,-0.0037447214,-0.0048955083,-0.030898869
2022-11-15,CRM,0.0045950413,0.00080060959,-0.025911272
2022-11-15,CSCO,-0.0031206608,0.0055396557,-0.0048702359
2022-11-15,IBM,0.0037356615,0.0089178085,-0.018862307
2022-11-15,INTC,-0.0090480447,0.016984105,-0.019479513
2022-11-15,MSFT,-0.025559604,0.01937151,-0.0023299456
2022-11-15,NKE,0.0071994066,0.037388444,-0.011242926
2022-11-15,VZ,-0.026329815,0.014778137,-0.014119387
2022-11-15,WMT,0.009295702,0.004086256,-0.0060129762
2022-11-16,AAPL,0.00081551075,0.027416587,-0.0081869364
2022-11-16,AMGN,0.005614996,0.037727714,-0.023139179
2022-11-16,CRM,-0.017959177,0.034346938,-0.008951664
2022-11-16,CSCO,-0.026408732,0.0022240877,-0.011145532
2022-11-16,IBM,-0.0035675764,0.014998436,-0.0078929663
2022-11-16,INTC,-0.0065228343,0.0036253929,-0.014310598
2022-11-16,MSFT,-0.018179655,-0.0054126978,-0.013128459
2022-11-16,NKE,-0.012648404,0.0067975521,-0.014791906
2022-11-16,VZ,-0.0047076344,0.017228127,-0.0020948052
2022-11-16,WMT,-0.017822385,0.0019965172,-0.018409789
2022-11-17,AAPL,-0.011670887,-0.0031680465,-0.0032373667
2022-11-17,AMGN,-0.0078055859,0.015919924,-0.0095059872
2022-11-17,CRM,0.0089737177,0.023466706,-0.0082793236
2022-11-17,CSCO,-0.03057164,0.0062494278,-0.0083658099
2022-11-17,IBM,-0.02896893,0.014961123,-5.1438808e-05
2022-11-17,INTC,0.010453463,-0.0033788085,0.006054759
2022-11-17,MSFT,0.0006159544,0.0016393661,-0.0014167428
2022-11-17,NKE,-0.010830104,-0.0015518665,-0.010836303
2022-11-17,VZ,-0.023302972,0.00423944,0.011391997
2022-11-17,WMT,-0.0039315224,0.010068059,-0.017825961
2022-11-18,AAPL,-0.01721108,0.0065237284,-0.012882888
2022-11-18,AMGN,-0.011953115,0.01247108,-0.019098818
2022-11-18,CRM,-0.049650967,0.035800695,0.001732111
2022-11-18,CSCO,-0.0045315027,0.020944118,-0.0037438273
2022-11-18,IBM,-0.00054615736,0.0080407858,-0.0058171749
2022-11-18,INTC,-0.013288677,0.0064762831,-0.005314827
2022-11-18,MSFT,-0.011763871,0.021185637,-0.033788562
2022-11-18,NKE,-0.0066099763,-0.0052699447,-0.012948215
2022-11-18,VZ,-0.012760997,0.0086764097,-0.010140717
2022-11-18,WMT,-0.011943281,0.022801161,-0.01636523
2022-11-21,AAPL,-0.029860497,0.0031913519,-0.014281571
2022-11-21,AMGN,-0.032582164,0.022037387,-0.0101282
2022-11-21,CRM,-0.014144361,0.017224789,0.015109062
2022-11-21,CSCO,-0.049024642,0.0090688467,-0.013202548
2022-11-21,IBM,-0.0093713403,0.0016099215,-0.010197461
2022-11-21,INTC,0.0080779791,0.010404587,-0.0040488839
2022-11-21,MSFT,0.0043967962,0.023404837,-0.0048424006
2022-11-21,NKE,-0.0080142617,0.01618433,-0.0096481442
2022-11-21,VZ,-0.0027222633,-0.0038135648,-0.016031682
2022-11-21,WMT,0.0024658442,0.0018950701,-5.9962273e-05
2022-11-22,AAPL,0.0092808008,-0.0057352781,-0.017815232
2022-11-22,AMGN,-0.022969246,0.008675456,-0.0046743751
2022-11-22,CRM,0.045533776,0.034681678,-0.03551656
2022-11-22,CSCO,0.00035905838,0.0046315193,-0.014545977
2022-11-22,IBM,-0.0085579157,0.014795423,-0.015141249
2022-11-22,INTC,0.012530684,0.011107683,0.00064611435
2022-11-22,MSFT,-0.021486402,0.011992216,-0.0059229732
2022-11-22,NKE,0.007609129,0.011580586,-0.00073701143
2022-11-22,VZ,-0.010290325,0.010687828,0.010730982
2022-11-22,WMT,-0.015521705,0.011754632,-0.014919102
2022-11-23,AAPL,0.016067266,0.0086067915,-0.012681901
2022-11-23,AMGN,0.0083171129,0.0079929829,-0.012990236
2022-11-23,CRM,-0.022212982,0.021146059,0.0072653294
2022-11-23,CSCO,0.0022152662,0.014248013,-0.0056451559
2022-11-23,IBM,-0.010322928,-0.00031131506,-0.00044333935
2022-11-23,INTC,-0.0097862482,0.021473289,-0.02434814
2022-11-23,MSFT,-0.022016704,-0.0098007917,-0.0069668889
2022-11-23,NKE,0.012971759,0.033251047,-0.00076901913
2022-11-23,VZ,0.0016821623,0.011731386,-0.001639843
2022-11-23,WMT,0.0091276169,0.0045822859,0.0037367344
2022-11-25,AAPL,-0.021356642,0.013950109,-0.013028204
2022-11-25,AMGN,-0.029951453,0.0075325966,0.003080368
2022-11-25,CRM,0.0096753836,0.011203885,-0.011344075
2022-11-25,CSCO,-0.022743583,0.020272255,-0.0074750781
2022-11-25,IBM,0.011608601,0.0091730356,-0.010442972
2022-11-25,INTC,-0.0064501166,0.027593374,-0.026051462
2022-11-25,MSFT,-0.028220594,-0.0030908585,-0.023035049
2022-11-25,NKE,0.018187642,0.0064872503,-0.0063079
2022-11-25,VZ,-0.013151765,0.0074896812,5.4240227e-05
2022-11-25,WMT,0.0031981468,0.016174793,-0.014849901
2022-11-28,AAPL,-0.029389441,0.011902094,-0.0092449784
2022-11-28,AMGN,-0.014219046,-0.0029865503,-0.012539387
2022-11-28,CRM,0.0073632002,0.030960798,-0.028116047
2022-11-28,CSCO,-0.039988637,0.0049513578,-0.0093643665
2022-11-28,IBM,0.0031912327,0.0025508404,-0.0017110109
2022-11-28,INTC,-0.0041387081,0.00453794,-0.0082458854
2022-11-28,MSFT,-0.021314621,0.0025048256,-0.01355356
2022-11-28,NKE,-0.0017075539,0.025156379,-0.00067228079
2022-11-28,VZ,-0.021304011,-0.0049577951,-0.0070911646
2022-11-28,WMT,-0.0068504214,0.0095057487,0.0030012131
2022-11-29,AAPL,0.043394685,-0.0071134567,-0.020841777
2022-11-29,AMGN,-0.00017505884,0.01085043,0.0059248209
2022-11-29,CRM,-0.0082272291,0.027021885,-0.02019161
2022-11-29,CSCO,-0.028290153,0.016087651,-0.0070726871
2022-11-29,IBM,-0.031016707,0.007068634,-0.013815641
2022-11-29,INTC,-0.0048325062,0.010783672,-0.0013908148
2022-11-29,MSFT,-0.0009996295,0.015723109,-0.0093932152
2022-11-29,NKE,0.0068769455,0.0064371824,-0.004077971
2022-11-29,VZ,-0.027222633,-0.0077642202,-0.021094143
2022-11-29,WMT,-0.0098649263,0.00043547153,0.008128643
2022-11-30,AAPL,-0.01984036,0.020735621,-0.02537781
2022-11-30,AMGN,0.0046669245,0.023514032,-0.00052416325
2022-11-30,CRM,-0.034784734,0.025835991,-0.01843977
2022-11-30,CSCO,-0.0082944036,0.01858449,-0.021525085
2022-11-30,IBM,-0.0035098791,0.011017442,-0.0092457533
2022-11-30,INTC,-0.020539939,0.010526657,-0.0066426992
2022-11-30,MSFT,-0.0058873296,0.0044183731,-0.014467001
2022-11-30,NKE,-0.020325661,0.024451375,-0.010307014
2022-11-30,VZ,0.010512948,-0.0014836788,-0.027676404
2022-11-30,WMT,0.0025171041,0.010302305,-0.0113222
2022-12-01,AAPL,-0.030615211,-0.02124238,-0.0050225854
2022-12-01,AMGN,-0.011951149,0.022500038,0.0021364689
2022-12-01,CRM,-0.061027884,-0.006436348,-0.00081980228
2022-12-01,CSCO,0.024754286,-0.00057345629,-0.0073515773
2022-12-01,IBM,0.010042548,0.0082062483,-0.019577265
2022-12-01,INTC,0.0036853552,0.004016757,-0.019213557
2022-12-01,MSFT,-0.031507492,0.012768626,-0.015003741
2022-12-01,NKE,0.017176747,0.0035697222,-0.028171778
2022-12-01,VZ,0.0048036575,0.0022420883,0.00033378601
2022-12-01,WMT,0.0030657053,0.0057350397,-0.0029722452
2022-12-02,AAPL,-0.0039981008,0.010411143,-0.011906564
2022-12-02,AMGN,0.011691332,0.00058662891,-0.015592456
2022-12-02,CRM,-0.023110688,0.019127011,0.0076243877
2022-12-02,CSCO,-0.0067517757,0.0056978464,-0.0095663071
2022-12-02,IBM,0.00059080124,0.015697002,-0.0039909482
2022-12-02,INTC,0.0028169155,0.016705871,0.010382652
2022-12-02,MSFT,-0.022771418,0.0088900328,0.016478896
2022-12-02,NKE,-0.0041638017,0.00010144711,0.0083742142
2022-12-02,VZ,0.0033581257,-0.00074785948,0.0052552223
2022-12-02,WMT,0.0028800964,0.0023134947,-0.018778384
2022-12-05,AAPL,0.0017488003,0.005407095,0.014259934
2022-12-05,AMGN,-0.0059310198,0.022912145,-0.009221673
2022-12-05,CRM,0.013560891,0.0098205805,-0.0087321401
2022-12-05,CSCO,-0.0082148314,0.0025529861,-0.0095490813
2022-12-05,IBM,0.0056583881,0.012307882,-0.0025824904
2022-12-05,INTC,0.0011905432,0.01414752,-0.014214456
2022-12-05,MSFT,-0.011045814,0.0035271645,-0.015614808
2022-12-05,NKE,-0.0049036741,0.011359453,-0.020768762
2022-12-05,VZ,-0.0014790297,0.011046648,-0.040454686
2022-12-05,WMT,-0.005928874,0.013378024,-0.00437814
2022-12-06,AAPL,-0.0039120317,0.0063910484,-0.020704269
2022-12-06,AMGN,0.018048763,0.014337897,0.0013023615
2022-12-06,CRM,-0.02026695,-0.0030987263,-0.040533185
2022-12-06,CSCO,-0.010230005,0.010607481,-0.0018150806
2022-12-06,IBM,0.033477187,0.0089817047,0.0029340982
2022-12-06,INTC,-0.0088784099,0.01432693,-0.012687385
2022-12-06,MSFT,0.034068823,0.00082504749,-0.018676758
2022-12-06,NKE,0.015897512,0.0040720701,0.00027966499
2022-12-06,VZ,-0.0062723756,0.0075870752,-0.018497944
2022-12-06,WMT,-0.017199099,0.0099169016,-0.015405655
2022-12-07,AAPL,-0.031928658,0.025581598,-0.022697628
2022-12-07,AMGN,0.0013107061,0.0097031593,0.0058267117
2022-12-07,CRM,0.0035718679,0.036684155,-0.013743401
2022-12-07,CSCO,0.012429953,0.013024569,-0.014258444
2022-12-07,IBM,-0.01887852,0.016878366,0.0012655258
2022-12-07,INTC,-0.0046111345,-0.0092870593,-0.017837763
2022-12-07,MSFT,-0.016745865,0.015321374,-0.015160978
2022-12-07,NKE,-0.012795329,-0.014347434,-0.0084373951
2022-12-07,VZ,0.0014930964,0.0037720203,-0.011096478
2022-12-07,WMT,0.02289176,-0.0031565428,-0.014806688
2022-12-08,AAPL,0.0022535324,0.011458158,-0.00025254488
2022-12-08,AMGN,0.005563736,0.010857344,-0.012435019
2022-12-08,CRM,0.023050547,0.00053179264,-0.011170208
2022-12-08,CSCO,-0.023580432,0.012730956,-0.012185216
2022-12-08,IBM,0.0097237825,0.0047339201,-0.0066412687
2022-12-08,INTC,-0.008718729,0.013381124,-0.016073525
2022-12-08,MSFT,-0.014080048,0.0053024292,-0.010837972
2022-12-08,NKE,0.005341053,0.031519771,-0.020336509
2022-12-08,VZ,0.0086992979,0.015051723,-0.00061368942
2022-12-08,WMT,0.0040839911,0.012623072,-0.0136621
2022-12-09,AAPL,0.0092022419,0.015602469,-0.00050318241
2022-12-09,AMGN,0.0163064,0.0091861486,0.0023866892
2022-12-09,CRM,0.00733459,0.0052720308,-0.0005222559
2022-12-09,CSCO,-0.0036449432,0.014118433,-0.0084455013
2022-12-09,IBM,-0.02931869,-0.004390955,-0.017485976
2022-12-09,INTC,0.012037873,-0.0032688975,-0.0048761964
2022-12-09,MSFT,-0.026224494,0.0054013729,-0.014199018
2022-12-09,NKE,-0.0025843978,0.025947452,-0.017058134
2022-12-09,VZ,0.003190279,0.005736351,-0.023849964
2022-12-09,WMT,-0.0077719092,0.00070035458,-0.019658089
2022-12-12,AAPL,0.014504075,0.017836928,-0.0078567863
2022-12-12,AMGN,0.012820482,0.019653082,0.0020250082
2022-12-12,CRM,0.0056027174,0.014548659,-0.020200729
2022-12-12,CSCO,-0.02505362,0.018218875,-0.0031334162
2022-12-12,IBM,0.013623476,0.018383384,-0.0026777983
2022-12-12,INTC,-0.012211978,0.0088589191,-0.022416294
2022-12-12,MSFT,-0.016185641,0.026416302,-0.0087183714
2022-12-12,NKE,-0.0044437051,0.0092000961,0.0066263676
2022-12-12,VZ,-0.011003852,0.0039104223,-0.0013243556
2022-12-12,WMT,0.015505791,0.01042974,-0.021101594
2022-12-13,AAPL,-0.010005713,0.0090389252,-0.0015595555
2022-12-13,AMGN,0.0014470816,0.014602304,-0.0047277212
2022-12-13,CRM,0.012644887,-0.0080579519,0.0067737103
2022-12-13,CSCO,0.011001468,0.021914482,-0.0082167983
2022-12-13,IBM,-0.0010281801,0.020999432,-0.0092702508
2022-12-13,INTC,0.0062593222,0.0075391531,-0.0275352
2022-12-13,MSFT,-0.016263366,0.011517286,-0.013546705
2022-12-13,NKE,-0.032449901,0.011065602,-0.00054317713
2022-12-13,VZ,0.0067813396,-0.0049548745,-0.011858344
2022-12-13,WMT,-0.025924087,-0.00683707,0.0023336411
2022-12-14,AAPL,-0.01027298,0.0071544647,-0.017935038
2022-12-14,AMGN,0.0015236139,0.015396953,-0.022427142
2022-12-14,CRM,-0.020040214,0.019555211,-0.016338289
2022-12-14,CSCO,-0.0038996339,0.0065820217,-0.010671079
2022-12-14,IBM,-0.019138932,-0.0029751062,-0.0052496791
2022-12-14,INTC,-0.014321268,0.019593716,-0.012254655
2022-12-14,MSFT,0.0055348873,-0.00049036741,-0.0054491758
2022-12-14,NKE,-0.0290277,0.017886758,-0.0032709241
2022-12-14,VZ,0.0036771297,0.0048083067,0.0016840696
2022-12-14,WMT,-0.0058204532,0.00048935413,-0.0033740401
2022-12-15,AAPL,0.01403892,-0.0048831105,-0.0060593486
2022-12-15,AMGN,0.01595974,0.019629002,-0.0013495684
2022-12-15,CRM,0.016023755,0.01903677,-0.013711274
2022-12-15,CSCO,0.0051451921,0.01110518,-0.02356261
2022-12-15,IBM,-0.011111319,0.0005710125,0.00092208385
2022-12-15,INTC,0.035307646,0.014460444,-0.0090130568
2022-12-15,MSFT,-0.0087963343,0.021936059,-0.02760464
2022-12-15,NKE,0.0032619238,0.023103118,-0.014514804
2022-12-15,VZ,0.013891459,0.011761785,0.018616796
2022-12-15,WMT,-0.030863822,0.006799221,-0.013190925
2022-12-16,AAPL,-0.014972091,0.014496565,-0.010295689
2022-12-16,AMGN,-0.0032212734,0.013639927,0.00025415421
2022-12-16,CRM,-0.052811265,0.0052170753,-0.0079137683
2022-12-16,CSCO,-0.016894698,0.0013414621,-0.0041561723
2022-12-16,IBM,-0.0055100918,0.0084220171,-0.0079099536
2022-12-16,INTC,0.013631344,0.013725162,-0.019118309
2022-12-16,MSFT,0.0033270121,0.024716139,-0.0039415359
2022-12-16,NKE,-0.015890479,0.0065532923,-0.012550414
2022-12-16,VZ,0.006631732,0.0070426464,-0.0094907284
2022-12-16,WMT,0.0056838989,0.00071883202,-0.0098589063
2022-12-19,AAPL,0.0084118843,0.029352188,-0.016270161
2022-12-19,AMGN,-0.024596989,0.025772929,-0.0016894341
2022-12-19,CRM,0.0057976246,0.022535443,-0.012380183
2022-12-19,CSCO,-0.017000556,-0.0048805475,-0.0094996095
2022-12-19,IBM,0.01516664,-0.0027099848,-0.010053456
2022-12-19,INTC,0.0064547062,-0.0098243356,-0.0087181926
2022-12-19,MSFT,-0.015115976,0.016303539,-0.015400469
2022-12-19,NKE,0.002189517,0.022623658,-0.0017152429
2022-12-19,VZ,-0.0030099154,-0.0089876652,0.0052249432
2022-12-19,WMT,0.0050525665,0.00048518181,-0.0063790083
2022-12-20,AAPL,-0.010993838,0.013901234,-0.0091558695
2022-12-20,AMGN,0.0079624653,0.010008097,-0.029240549
2022-12-20,CRM,0.036686659,0.03286314,-0.018595517
2022-12-20,CSCO,0.0030823946,0.016047478,-0.023678124
2022-12-20,IBM,-0.018953502,0.0057109594,-0.0041128397
2022-12-20,INTC,-0.024414062,0.009718895,-0.033250213
2022-12-20,MSFT,-0.019608438,0.013477802,-0.02660352
2022-12-20,NKE,-0.00023913383,0.0064624548,-0.013784707
2022-12-20,VZ,-0.012380719,0.0034821033,-0.016181529
2022-12-20,WMT,-0.01970607,0.011941433,-0.0085035563
2022-12-21,AAPL,-0.0050359368,0.0073409081,-0.016839087
2022-12-21,AMGN,-0.017394602,0.018033028,-0.016034782
2022-12-21,CRM,-0.068437576,-0.0049647689,-0.044867575
2022-12-21,CSCO,-0.043239355,0.01058495,-0.010226607
2022-12-21,IBM,0.019175172,0.0048252344,-0.027045429
2022-12-21,INTC,-0.0025601983,-0.0016725063,-1.5616417e-05
2022-12-21,MSFT,-0.0031816363,0.0026080608,0.0036126375
2022-12-21,NKE,-0.026377082,0.014180899,-0.015513718
2022-12-21,VZ,-0.0065563917,0.0064505339,-0.0021685362
2022-12-21,WMT,-0.009853363,-0.00013422966,0.0015881062
2022-12-22,AAPL,0.0025149584,0.010365129,-0.035532236
2022-12-22,AMGN,-0.036861718,-0.0095399022,-0.011131227
2022-12-22,CRM,0.027894616,0.019203067,-0.016646206
2022-12-22,CSCO,0.0064678192,-0.0018317103,-0.010269165
2022-12-22,IBM,0.024607062,-0.0043308735,-0.0091831088
2022-12-22,INTC,-0.014814138,0.010534883,-0.014701962
2022-12-22,MSFT,-0.004773438,-0.0011181831,-0.019048214
2022-12-22,NKE,0.0037515163,-0.0021925569,0.00035917759
2022-12-22,VZ,-0.01480329,0.020804286,-0.0010230541
2022-12-22,WMT,0.007648468,0.011745811,-0.002821207
2022-12-23,AAPL,-0.033703208,0.0099104643,-0.023377299
2022-12-23,AMGN,-0.016280353,0.021408677,-0.024064243
2022-12-23,CRM,-0.029467463,0.0073163509,-0.026595592
2022-12-23,CSCO,0.020317554,0.019540071,-0.028717041
2022-12-23,IBM,-0.011539221,0.020959854,-0.0086375475
2022-12-23,INTC,-0.009726882,0.0083076954,0.0011082888
2022-12-23,MSFT,8.6545944e-05,0.023785472,0.001480937
2022-12-23,NKE,0.011389971,0.0079396963,-0.027132392
2022-12-23,VZ,0.0014662743,0.001335144,-0.018394053
2022-12-23,WMT,0.0081130266,0.011525869,-0.013184547
2022-12-27,AAPL,-0.018265128,0.020867467,0.0082322359
2022-12-27,AMGN,-0.033972204,0.002620697,-0.017322659
2022-12-27,CRM,-0.021027327,0.014529586,-0.0013768673
2022-12-27,CSCO,0.032701135,-0.0042135715,-0.015475512
2022-12-27,IBM,-0.021561325,0.0052958727,-0.010575771
2022-12-27,INTC,0.0063617229,0.02429378,-0.026529372
2022-12-27,MSFT,-0.015413582,-0.0012622476,-0.014050841
2022-12-27,NKE,0.017237067,-0.0039108396,-0.0095930696
2022-12-27,VZ,-0.014611185,0.0076903105,-0.0017969012
2022-12-27,WMT,-0.02345103,0.002632618,-0.037284493
2022-12-28,AAPL,-0.04153353,0.011857986,-0.026142895
2022-12-28,AMGN,0.019926786,-0.00047409534,7.390976e-05
2022-12-28,CRM,-0.047344148,0.015580773,-0.021762133
2022-12-28,CSCO,0.033731818,0.013963699,-0.016699553
2022-12-28,IBM,0.0055351257,0.013445258,-0.0011193752
2022-12-28,INTC,0.0093278885,0.0045777559,0.00028169155
2022-12-28,MSFT,-0.006020844,0.0067772865,-0.019077599
2022-12-28,NKE,0.011737704,0.0056635141,-0.0058144927
2022-12-28,VZ,-0.018810451,0.0055836439,-0.0093715191
2022-12-28,WMT,0.0095552206,0.00082826614,-0.021927774
2022-12-29,AAPL,0.035209894,0.0085120201,-0.012023151
2022-12-29,AMGN,0.038972735,0.011456847,0.001773119
2022-12-29,CRM,0.0096616745,0.023087025,-0.03059411
2022-12-29,CSCO,0.005795598,0.01488173,-0.0095313787
2022-12-29,IBM,0.020864725,0.0087634325,-0.0043040514
2022-12-29,INTC,-0.00031805038,0.0010380745,-0.033057153
2022-12-29,MSFT,-0.034449577,0.0095157623,-0.0043141246
2022-12-29,NKE,0.0035059452,0.02681613,-0.0026321411
2022-12-29,VZ,-0.014169216,0.0068442822,-0.0087187886
2022-12-29,WMT,0.0043512583,0.010553837,-0.018423557
2022-12-30,AAPL,-0.038988769,0.026054144,-0.013780236
2022-12-30,AMGN,-0.0089216232,0.031405687,-0.0097659826
2022-12-30,CRM,0.0083645582,0.027976632,-0.025453925
2022-12-30,CSCO,-0.0090066791,0.0087687969,0.017765403
2022-12-30,IBM,0.011080146,0.00053107738,-0.0020259023
2022-12-30,INTC,-0.035902143,0.02784574,-0.0039618015
2022-12-30,MSFT,-0.02709955,0.027600765,-0.013165295
2022-12-30,NKE,-0.04371798,0.020041823,0.0044795275
2022-12-30,VZ,0.010657668,0.026487112,-0.0070380569
2022-12-30,WMT,-0.0043374896,0.0094895363,-0.014628947
2023-01-03,AAPL,0.010094881,0.013967514,-0.01547271
2023-01-03,AMGN,-0.0093925595,0.00026524067,0.0023021698
2023-01-03,CRM,-0.046113074,0.023768783,-0.030970275
2023-01-03,CSCO,-0.0094616413,0.0067219734,0.020810843
2023-01-03,IBM,-0.006539166,-0.0017427206,0.00076973438
2023-01-03,INTC,0.018663406,0.025378823,-0.0018585324
2023-01-03,MSFT,-0.0047680736,0.016851187,-0.022402585
2023-01-03,NKE,0.016392946,0.015582204,-0.016317546
2023-01-03,VZ,-0.0053844452,0.0054725409,-0.011196315
2023-01-03,WMT,-0.0014026165,0.0081630945,-0.011351228
2023-01-04,AAPL,0.0055478811,0.027487636,0.00362432
2023-01-04,AMGN,-0.013779938,-0.0018401742,0.0039548874
2023-01-04,CRM,0.019424081,0.022298932,-0.024519444
2023-01-04,CSCO,-0.0050593019,-0.00092494488,-0.0095626712
2023-01-04,IBM,-0.010119975,0.0043420792,0.0026500225
2023-01-04,INTC,-0.010296524,0.012826204,-0.012151599
2023-01-04,MSFT,-0.023035765,0.0105021,0.012294531
2023-01-04,NKE,-0.024141967,0.0073558092,-0.0046064854
2023-01-04,VZ,-0.004996419,0.012837648,-0.015515208
2023-01-04,WMT,-0.0009046793,0.023357868,-0.0039920807
2023-01-05,AAPL,-0.0099642277,0.0047669411,-0.0019568205
2023-01-05,AMGN,0.0032659769,0.0086612701,-0.014021218
2023-01-05,CRM,0.016411424,0.035055041,-0.033970773
2023-01-05,CSCO,-0.007810533,0.019249678,0.0047094822
2023-01-05,IBM,-0.0050913692,0.010168552,-0.017809749
2023-01-05,INTC,0.0033490658,-0.0038138628,-0.027075529
2023-01-05,MSFT,-0.0062736869,0.02067709,-0.0071640015
2023-01-05,NKE,-0.011217117,0.010511398,-0.0015149713
2023-01-05,VZ,-0.013997972,0.0069338083,0.0029987097
2023-01-05,WMT,0.024144173,0.012064695,-0.001937449
2023-01-06,AAPL,0.0011575222,0.021106482,-0.013821363
2023-01-06,AMGN,-0.0077421665,0.032147527,-0.0019154549
2023-01-06,CRM,-0.016136169,0.018106461,-0.025056064
2023-01-06,CSCO,-0.0031234026,-0.0046841502,-0.0078098178
2023-01-06,IBM,0.0025253296,0.0039527416,-0.0170964
2023-01-06,INTC,0.0078771114,0.0028004646,0.00028479099
2023-01-06,MSFT,0.014284015,0.022848129,0.0057168007
2023-01-06,NKE,0.024993658,0.023233175,-0.019079804
2023-01-06,VZ,-0.017692983,0.0058501959,-0.001208365
2023-01-06,WMT,-0.018949211,-0.0058511496,-0.00023138523
2023-01-09,AAPL,-0.04443264,0.025093913,-0.014737546
2023-01-09,AMGN,-0.039529145,0.015392065,-0.016374588
2023-01-09,CRM,-0.0046807528,0.014873981,-0.027130783
2023-01-09,CSCO,-0.021648645,0.017624021,-0.010023117
2023-01-09,IBM,0.0048742294,-0.00040119886,-0.0071066618
2023-01-09,INTC,-0.0050978661,0.01237154,0.010271549
2023-01-09,MSFT,0.016681433,-0.004349947,0.0025863647
2023-01-09,NKE,-0.01391834,0.02620995,-0.013374686
2023-01-09,VZ,-0.005723834,-0.0064765215,6.2465668e-05
2023-01-09,WMT,0.007764101,0.0029797554,-0.016129494
2023-01-10,AAPL,-0.013248324,0.031921864,-0.014423132
2023-01-10,AMGN,-0.017402112,0.032725692,-0.012162924
2023-01-10,CRM,0.030355453,0.029692411,-0.049828529
2023-01-10,CSCO,0.013327122,0.0032764673,-0.012972414
2023-01-10,IBM,0.002156496,0.021564126,-0.0024577379
2023-01-10,INTC,-0.015884936,0.0081787109,-0.020790398
2023-01-10,MSFT,-0.016215563,0.0074914694,0.0042310953
2023-01-10,NKE,-0.012898147,0.0077390671,-0.0064643621
2023-01-10,VZ,-0.0091927648,0.025977135,-0.0081726909
2023-01-10,WMT,0.0024635792,0.02671051,-0.0093898773
2023-01-11,AAPL,0.0097956657,-0.00020748377,-0.0041933656
2023-01-11,AMGN,0.014538646,-0.0082955956,-0.014707208
2023-01-11,CRM,-0.0076346397,0.010503769,0.010825753
2023-01-11,CSCO,0.013419867,0.008394599,-0.019391596
2023-01-11,IBM,-0.031279624,0.0029599667,-0.0060529113
2023-01-11,INTC,-0.02326107,0.0074050426,0.00015461445
2023-01-11,MSFT,0.0037626028,0.012576699,-0.013027132
2023-01-11,NKE,-0.0032905936,0.0120399,0.0051789284
2023-01-11,VZ,-0.0021986365,0.0056773424,0.0012497902
2023-01-11,WMT,-0.002150476,0.0089269876,-0.015774727
2023-01-12,AAPL,-0.016667247,0.020094395,-0.019007564
2023-01-12,AMGN,0.006693244,0.028447747,-0.016626775
2023-01-12,CRM,0.037912369,0.00467062,-0.026142716
2023-01-12,CSCO,0.01297915,0.019164681,-0.011135519
2023-01-12,IBM,-0.0098481774,-0.00045579672,-0.0048000813
2023-01-12,INTC,-0.010118902,0.0091969967,-0.0066179633
2023-01-12,MSFT,-0.017611027,0.010740161,-0.015200973
2023-01-12,NKE,-0.0035927296,0.021487713,-0.019688606
2023-01-12,VZ,-0.0033263564,0.0033744574,0.0028371811
2023-01-12,WMT,-0.031466126,-0.0014090538,-0.0033869147
2023-01-13,AAPL,-0.014347315,0.018687367,-0.046128809
2023-01-13,AMGN,-0.0025031567,0.021493793,-0.020557821
2023-01-13,CRM,0.033186197,0.015488267,0.017810345
2023-01-13,CSCO,0.052560925,0.034252524,-0.0033475757
2023-01-13,IBM,-0.025612652,-0.0017952919,0.018404603
2023-01-13,INTC,-0.0044597387,-0.0051543117,-0.0016933084
2023-01-13,MSFT,0.025132537,0.011176705,-0.01630187
2023-01-13,NKE,0.0015206337,0.02334857,0.01828289
2023-01-13,VZ,-0.012826681,-0.0015533566,-0.013822973
2023-01-13,WMT,-0.0072843432,0.0078827143,-0.014789641
2023-01-17,AAPL,-0.021224201,0.013874054,-0.020979881
2023-01-17,AMGN,0.0099322796,-0.0029266477,-0.0032142997
2023-01-17,CRM,0.014021754,-0.0010996461,0.00039422512
2023-01-17,CSCO,-0.009010911,0.013786077,-0.00093376637
2023-01-17,IBM,-0.024726212,0.0072512627,-7.3075294e-05
2023-01-17,INTC,0.012913346,0.0048639774,-0.015267313
2023-01-17,MSFT,-0.0093095303,-0.0025487542,-0.0027896762
2023-01-17,NKE,0.028258443,0.015764952,-0.0059412718
2023-01-17,VZ,0.0064980984,0.0095508099,-0.011820614
2023-01-17,WMT,-0.02217114,0.017159581,-0.011456132
2023-01-18,AAPL,-0.02937001,0.042976737,0.0032820702
2023-01-18,AMGN,-0.0073281527,-0.0086126328,-0.012018502
2023-01-18,CRM,0.01213336,0.017275333,-0.018827975
2023-01-18,CSCO,-0.011029005,0.017762542,-0.008957684
2023-01-18,IBM,0.0078775883,0.011128306,-0.016095757
2023-01-18,INTC,0.0047802925,0.0022815466,-0.027250528
2023-01-18,MSFT,-0.010638177,0.0054972172,-0.015148342
2023-01-18,NKE,-0.0079452991,0.037759662,-0.0070123076
2023-01-18,VZ,0.0057295561,0.006375432,-0.024703979
2023-01-18,WMT,0.01789856,0.014011383,-0.011890948
2023-01-19,AAPL,0.0024408102,0.0057697296,-0.016380191
2023-01-19,AMGN,-0.011812747,0.017564058,-0.0047075152
2023-01-19,CRM,-0.010953188,0.0041024685,-0.032163322
2023-01-19,CSCO,-0.017082691,0.017177939,-0.028538883
2023-01-19,IBM,-0.0075666308,-0.00015461445,-0.018455327
2023-01-19,INTC,-0.00028425455,0.012427688,-0.0089290738
2023-01-19,MSFT,0.0019123554,0.021207452,-0.0042560101
2023-01-19,NKE,0.016138315,0.020062327,-0.0062715411
2023-01-19,VZ,0.011383295,0.0019025803,0.00061678886
2023-01-19,WMT,-0.0021924376,0.016859889,-0.021969736
2023-01-20,AAPL,0.028778195,0.023573875,-0.021434128
2023-01-20,AMGN,-0.00010967255,0.023957968,-0.016135097
2023-01-20,CRM,-0.0014576316,-0.00092273951,-0.027692437
2023-01-20,CSCO,0.012538195,-0.0046892762,-0.016259849
2023-01-20,IBM,-0.0059332252,0.0063707829,-0.005007863
2023-01-20,INTC,-0.018495679,0.00075232983,-0.018917322
2023-01-20,MSFT,-0.041961849,0.015944004,-0.0050961971
2023-01-20,NKE,-0.011661768,0.010038137,-0.0021411777
2023-01-20,VZ,-0.013975322,0.021419406,-0.0041180253
2023-01-20,WMT,0.00071930885,0.01434195,-0.0061904192
2023-01-23,AAPL,-0.028929055,0.00099933147,-0.019025326
2023-01-23,AMGN,-0.030548811,0.010951877,-0.00031131506
2023-01-23,CRM,0.020008326,-0.0035876036,0.011861801
2023-01-23,CSCO,0.0048056841,-0.005813539,-0.019404888
2023-01-23,IBM,0.0043764114,0.01546979,-0.0083473921
2023-01-23,INTC,-0.043713987,0.01215744,-0.033307195
2023-01-23,MSFT,0.035289764,0.0079660416,-0.0033593774
2023-01-23,NKE,-0.0024238229,0.012556672,0.00037944317
2023-01-23,VZ,0.0029102564,0.019732594,-0.0039635301
2023-01-23,WMT,-0.014656425,0.011396885,0.0037126541
2023-01-24,AAPL,-0.0036987066,0.013435602,-0.013580978
2023-01-24,AMGN,-0.0045387745,0.009046793,-0.021331608
2023-01-24,CRM,0.050448298,0.03570652,-0.029918253
2023-01-24,CSCO,0.0082204342,0.015964985,0.0016229153
2023-01-24,IBM,0.0069488287,0.0021060705,-0.017787576
2023-01-24,INTC,0.011251688,0.027215481,-0.014534831
2023-01-24,MSFT,-0.018835127,0.0072238445,-0.023135424
2023-01-24,NKE,-0.0327034,0.01253438,-0.018172562
2023-01-24,VZ,0.005872488,0.0099978447,-0.0070647001
2023-01-24,WMT,0.010304093,0.0020643473,-0.0034225583
2023-01-25,AAPL,-0.008359015,-0.001280427,-0.030244231
2023-01-25,AMGN,-0.013665318,0.010021329,-0.024684906
2023-01-25,CRM,-0.0105533,0.023143649,-0.0067807436
2023-01-25,CSCO,0.038166761,0.0074250698,-0.010722339
2023-01-25,IBM,0.0034776926,0.011250019,0.012077093
2023-01-25,INTC,-0.033145845,0.0052380562,-0.017442405
2023-01-25,MSFT,0.015099525,0.015559673,-0.00057309866
2023-01-25,NKE,-0.020688832,0.0091683865,-0.0013773441
2023-01-25,VZ,0.003542304,0.015576243,-0.003390491
2023-01-25,WMT,-0.029461682,0.021811485,-0.015513718
2023-01-26,AAPL,0.0032805204,0.013650298,-0.013775408
2023-01-26,AMGN,-0.024237931,0.0028133392,-0.022190571
2023-01-26,CRM,-0.018666863,0.0081629753,-0.0064643621
2023-01-26,CSCO,-0.039218664,-0.021946371,-0.021382034
2023-01-26,IBM,0.0020707846,0.0057359934,-0.0085799694
2023-01-26,INTC,-0.00043451786,0.001971364,-0.0076380372
2023-01-26,MSFT,-0.0050438046,0.0067527294,-0.0087464452
2023-01-26,NKE,-0.011365116,0.0063196421,0.0014023781
2023-01-26,VZ,-0.0084773898,0.021776557,-0.0033810139
2023-01-26,WMT,-0.0011659265,0.00033426285,0.0012661219
2023-01-27,AAPL,-0.03409946,0.01807332,-0.007771194
2023-01-27,AMGN,-0.018166602,0.034892082,-0.014801979
2023-01-27,CRM,-0.0070208907,-0.0020509958,-0.022859931
2023-01-27,CSCO,-0.039099693,0.001696229,-0.025595307
2023-01-27,IBM,0.02033186,0.013272166,-0.01874423
2023-01-27,INTC,-0.00073945522,0.0072784424,-0.019647181
2023-01-27,MSFT,0.013795853,0.011532187,-0.0036805272
2023-01-27,NKE,0.048126101,-0.012335777,0.0071401596
2023-01-27,VZ,0.033351421,0.0047404766,0.0073440075
2023-01-27,WMT,-0.01643306,0.012883902,-0.020623446
2023-01-30,AAPL,0.005910635,0.01924789,-0.018560529
2023-01-30,AMGN,-0.0040938854,0.034572601,-0.016450644
2023-01-30,CRM,-0.022651553,0.028439045,0.0040360689
2023-01-30,CSCO,-0.018400133,0.013205528,-0.013694644
2023-01-30,IBM,0.031476855,0.024852753,0.00075626373
2023-01-30,INTC,-0.0040634274,-0.0088056922,-0.0022724867
2023-01-30,MSFT,0.0014667511,0.0099596977,-0.0006327033
2023-01-30,NKE,-0.009485364,-0.0078693032,-0.017191708
2023-01-30,VZ,-0.023335934,0.012447238,-0.01663357
2023-01-30,WMT,0.0093449354,0.01135993,-0.008362174
2023-01-31,AAPL,-0.034611821,0.013427615,-0.0069120526
2023-01-31,AMGN,0.00075745583,0.027843714,-0.0029982328
2023-01-31,CRM,-0.02747339,0.030883551,0.0035818815
2023-01-31,CSCO,-0.01646018,0.02257812,-0.00056892633
2023-01-31,IBM,-0.012706459,-0.0024448037,-0.013545811
2023-01-31,INTC,-0.0042325854,0.0033937693,-0.029294848
2023-01-31,MSFT,-0.0032683015,0.011640549,-0.02474916
2023-01-31,NKE,0.0042160749,-0.0047484636,-0.004478097
2023-01-31,VZ,0.0050938129,0.0023481846,0.0024300814
2023-01-31,WMT,0.0048023462,0.011297822,-0.016399741
2023-02-01,AAPL,0.0066559315,0.0099594593,-0.01432693
2023-02-01,AMGN,-0.0091175437,0.0077410936,-0.00094503164
2023-02-01,CRM,-0.026403368,0.016446829,-0.013810992
2023-02-01,CSCO,-0.0049791336,0.01845026,-0.015055001
2023-02-01,IBM,-0.0022389293,0.0062353611,0.0033481121
2023-02-01,INTC,-0.012229919,0.010245323,-0.0091361403
2023-02-01,MSFT,-0.038645744,0.019465685,-0.0071484447
2023-02-01,NKE,-0.015301704,0.029693961,-0.029416621
2023-02-01,VZ,-0.012981772,0.017925262,-0.0098783374
2023-02-01,WMT,-0.010815442,0.010633588,0.0037480593
2023-02-02,AAPL,-0.017668545,0.010788679,-0.012473345
2023-02-02,AMGN,-0.025361657,-0.0044548512,-0.0048587322
2023-02-02,CRM,0.02401042,-0.0015280247,-0.016415179
2023-02-02,CSCO,-0.063135862,0.021019101,0.0090736151
2023-02-02,IBM,-0.001921773,0.0087146759,-0.012513041
2023-02-02,INTC,-0.026127696,0.025725484,-0.00094163418
2023-02-02,MSFT,-0.0029730201,0.0031937361,-0.0060096383
2023-02-02,NKE,-0.015631437,0.014546871,-0.024331748
2023-02-02,VZ,2.3007393e-05,0.0086867809,-0.011278093
2023-02-02,WMT,-0.0032883883,0.0053776503,-0.0038382411
2023-02-03,AAPL,0.016612768,0.0058056116,-0.0045968294
2023-02-03,AMGN,-0.012966812,-0.0024799705,-0.005238235
2023-02-03,CRM,-0.0056118369,0.014925241,0.014465809
2023-02-03,CSCO,0.0067660809,0.0019775629,-0.0012012124
2023-02-03,IBM,0.023287654,0.011189699,0.0069338083
2023-02-03,INTC,-0.0025168061,0.0051226616,-0.019342005
2023-02-03,MSFT,-0.0072120428,-0.0014802814,-0.015731335
2023-02-03,NKE,-0.0071675181,0.01746738,0.0078673363
2023-02-03,VZ,0.018604994,0.005371213,-0.0052111745
2023-02-03,WMT,0.0056105852,0.012447596,-0.012353241
2023-02-06,AAPL,-0.002489388,0.044246554,-0.01197654
2023-02-06,AMGN,0.0070110559,0.022332549,-0.0045549273
2023-02-06,CRM,-0.00066959858,0.028762817,-0.041356683
2023-02-06,CSCO,-0.015820444,0.0047755241,-0.013324678
2023-02-06,IBM,-0.011939764,0.0089906454,0.00087726116
2023-02-06,INTC,-0.024576306,0.02596724,-0.022272766
2023-02-06,MSFT,-0.013136744,0.006410718,0.0015331507
2023-02-06,NKE,-0.0033771396,0.011823177,0.0085606575
2023-02-06,VZ,0.010089397,0.014516234,-0.0050356984
2023-02-06,WMT,0.0084514618,0.0070080757,-0.0091636777
2023-02-07,AAPL,0.042134523,0.0075470209,-0.017336249
2023-02-07,AMGN,-0.0097801089,0.024506927,-0.0079166889
2023-02-07,CRM,-0.055174053,-0.0011710525,-0.01150924
2023-02-07,CSCO,0.0093859434,0.012951374,0.017151356
2023-02-07,IBM,-0.0046288967,-0.0047664642,-0.022737563
2023-02-07,INTC,-0.011133432,0.018898487,-0.018649817
2023-02-07,MSFT,0.004347682,0.00088918209,-0.021223545
2023-02-07,NKE,0.014549494,0.0098500252,-0.020404696
2023-02-07,VZ,-0.010304093,0.0092713833,0.013196945
2023-02-07,WMT,-0.01649797,0.01709795,-0.0044074059
2023-02-08,AAPL,0.018086195,0.013651371,-0.0032757521
2023-02-08,AMGN,-0.048495889,0.01135993,-0.010103226
2023-02-08,CRM,-0.024554908,0.020431161,-0.020115733
2023-02-08,CSCO,0.011153221,0.010071278,-0.0050127506
2023-02-08,IBM,-0.004745245,0.0057464838,-0.0079034567
2023-02-08,INTC,-0.0022625923,0.016994953,-0.020309567
2023-02-08,MSFT,0.0046459436,0.013721466,-0.017504752
2023-02-08,NKE,-0.0068355203,0.0192945,-0.010145962
2023-02-08,VZ,-0.019637823,-0.012036502,-0.0016433001
2023-02-08,WMT,-0.00178653,-0.0016264319,-0.0044049621
2023-02-09,AAPL,0.0021893978,0.036251664,-0.053980231
2023-02-09,AMGN,-0.01707375,0.018063426,-0.034909368
2023-02-09,CRM,-0.037157476,0.018692613,0.0016927719
2023-02-09,CSCO,0.0056377649,0.0031487942,-0.0026528239
2023-02-09,IBM,-0.0011217594,0.015947819,-0.0008584857
2023-02-09,INTC,0.021999478,0.019415617,-0.0096448064
2023-02-09,MSFT,0.0087242126,-0.003880918,-0.012442172
2023-02-09,NKE,-0.0081854463,-0.012438118,-0.026753724
2023-02-09,VZ,-0.012924016,0.011821866,-0.0026639104
2023-02-09,WMT,-0.025363863,0.017141581,-0.015799999
2023-02-10,AAPL,-0.014849007,-0.0024312735,-0.025202632
2023-02-10,AMGN,0.0051279068,-0.0010879636,-0.01779443
2023-02-10,CRM,0.023229241,0.0085679293,-0.01020658
2023-02-10,CSCO,-0.012262881,0.014634252,-0.0052249432
2023-02-10,IBM,0.013520002,0.0068204403,-0.015985191
2023-02-10,INTC,0.0094634295,0.0048395395,0.0054904222
2023-02-10,MSFT,0.00010991096,0.0012351274,-0.0091189742
2023-02-10,NKE,-0.014466584,0.018414259,-0.010396183
2023-02-10,VZ,0.0010557175,0.024291396,-0.008716166
2023-02-10,WMT,-0.0036967397,0.0018949509,-0.011381209
2023-02-13,AAPL,-0.03257215,-0.0014702082,-0.026265442
2023-02-13,AMGN,-0.0037536025,0.0015964508,-0.010016263
2023-02-13,CRM,0.008079052,0.0080554485,-0.029058933
2023-02-13,CSCO,-0.0068466067,0.00022542477,-0.02019155
2023-02-13,IBM,0.0015983582,0.011410952,-0.0068824291
2023-02-13,INTC,-0.031407833,-0.0011425018,-0.015059769
2023-02-13,MSFT,0.0011583567,0.012076855,-0.015821338
2023-02-13,NKE,-0.011633575,-0.011482954,-0.026031435
2023-02-13,VZ,0.0090714693,0.012127757,0.0015913248
2023-02-13,WMT,-0.013404131,-0.0011729002,-0.0100981
2023-02-14,AAPL,-0.025121748,0.0077779293,-0.03164196
2023-02-14,AMGN,0.0071356297,0.017885327,-0.02025646
2023-02-14,CRM,-0.0051275492,0.0019080639,-0.026102185
2023-02-14,CSCO,-0.019446433,8.7618828e-05,-0.010971308
2023-02-14,IBM,0.015914559,-0.0034810305,-0.012536764
2023-02-14,INTC,-0.017127573,0.0098854303,-0.0024785995
2023-02-14,MSFT,0.015419722,0.020677447,0.00011372566
2023-02-14,NKE,-0.018224001,0.0023623705,-0.011877
2023-02-14,VZ,-0.010299146,0.024039984,0.0014798641
2023-02-14,WMT,-0.0019718409,0.0074659586,-0.019503534
2023-02-15,AAPL,-0.028126419,0.0073827505,-0.027493238
2023-02-15,AMGN,0.010059237,0.017132521,0.0062664747
2023-02-15,CRM,-0.0058771372,0.018479705,-0.022082746
2023-02-15,CSCO,-0.00050592422,0.0097379684,-0.0056857467
2023-02-15,IBM,-0.010138154,0.0087182522,-0.014659882
2023-02-15,INTC,0.010082722,0.029878855,-0.046524763
2023-02-15,MSFT,-0.011933327,0.010536671,0.0013276339
2023-02-15,NKE,0.0042954683,0.0026010275,-0.004370749
2023-02-15,VZ,-0.018062234,0.0098208189,-0.0031519532
2023-02-15,WMT,-0.019433498,0.0045782328,0.006911993
2023-02-16,AAPL,0.0157969,-0.0082218647,-0.0012773871
2023-02-16,AMGN,-0.017955661,-0.0026750565,-0.0042284131
2023-02-16,CRM,0.014716268,0.014048696,-0.049114823
2023-02-16,CSCO,-0.006868124,0.03638792,-0.0202896
2023-02-16,IBM,0.018908381,0.0002874136,-0.0030106902
2023-02-16,INTC,0.020352125,0.0097304583,-0.015680492
2023-02-16,MSFT,-0.021594882,0.0096414089,0.0018475056
2023-02-16,NKE,-0.0056040883,0.01487124,-0.011622369
2023-02-16,VZ,0.001957655,0.013142586,-0.020339191
2023-02-16,WMT,-0.00038325787,0.01192975,0.0039281845
2023-02-17,AAPL,-0.01056689,0.024900079,-0.0044518709
2023-02-17,AMGN,-0.023932457,0.026509285,-0.015069127
2023-02-17,CRM,0.03479147,0.036830902,-0.0062583089
2023-02-17,CSCO,0.023640871,-0.0053822398,-0.025588155
2023-02-17,IBM,-0.032635629,0.015006185,-0.0091275573
2023-02-17,INTC,-0.032273531,0.009804368,-0.02327621
2023-02-17,MSFT,-0.010330975,-0.010871947,-0.03103137
2023-02-17,NKE,0.001953721,0.015740395,-0.0098097324
2023-02-17,VZ,0.0068753958,0.00044775009,-0.0042831898
2023-02-17,WMT,0.00074517727,0.0083452463,-0.00028389692
2023-02-21,AAPL,-0.013141811,0.010460854,-0.015078127
2023-02-21,AMGN,0.0001565218,-0.0049569011,-0.0059751272
2023-02-21,CRM,0.00013244152,0.0092570782,-0.014984846
2023-02-21,CSCO,0.0075153112,-0.012576997,0.0035120249
2023-02-21,IBM,-0.009593606,0.014013171,-0.0079503059
2023-02-21,INTC,-0.029964149,0.0072243214,-0.018951297
2023-02-21,MSFT,-0.0097919106,0.011372089,-0.011946499
2023-02-21,NKE,0.0046098232,0.0077294111,-0.016842425
2023-02-21,VZ,0.00042068958,0.0037288666,-0.0037858486
2023-02-21,WMT,-0.0019088387,-0.0040569305,-0.0026550293
2023-02-22,AAPL,0.015401244,0.0055905581,-0.015243828
2023-02-22,AMGN,-0.012992382,0.013682127,-0.022779047
2023-02-22,CRM,0.037051201,-0.005187273,-0.047095895
2023-02-22,CSCO,-0.024398923,0.0088005066,-0.0062465668
2023-02-22,IBM,0.012329936,-0.0064485669,0.012877464
2023-02-22,INTC,0.042541862,0.0074393749,0.0066723824
2023-02-22,MSFT,0.0098506212,0.022007942,0.0057656765
2023-02-22,NKE,-0.021461308,0.020444393,-0.0098679066
2023-02-22,VZ,0.010564327,0.0087784529,-0.0040693283
2023-02-22,WMT,-0.015399277,0.022140145,-0.0079116821
2023-02-23,AAPL,0.0018512011,0.015177488,-0.014230311
2023-02-23,AMGN,0.015028119,0.035188317,-0.00056540966
2023-02-23,CRM,-0.048966825,0.0058015585,-0.0067956448
2023-02-23,CSCO,-0.0017631054,0.021134973,-0.013578355
2023-02-23,IBM,0.0043158531,0.0045479536,0.001904726
2023-02-23,INTC,0.066510797,-0.0052636862,-0.014725506
2023-02-23,MSFT,0.031790257,0.021478415,-0.0071371794
2023-02-23,NKE,0.009991765,0.0089563131,-0.014981627
2023-02-23,VZ,-0.019966364,0.0013707876,0.0022977591
2023-02-23,WMT,-0.0078501105,0.00072860718,-0.0081127286
2023-02-24,AAPL,0.018798351,0.020899177,-0.0048597455
2023-02-24,AMGN,-0.021530211,0.0038208961,-0.014434516
2023-02-24,CRM,0.031095982,0.031022906,-0.010235608
2023-02-24,CSCO,0.011879086,0.00045871735,0.005196929
2023-02-24,IBM,-0.015921474,0.013066411,-0.009028554
2023-02-24,INTC,0.00029909611,-0.0099956393,-0.014884949
2023-02-24,MSFT,0.017828465,0.016752601,-0.012468159
2023-02-24,NKE,-0.003846705,0.016975999,-0.016979516
2023-02-24,VZ,0.0029008389,0.0031434298,-0.033927321
2023-02-24,WMT,-0.0078693032,0.007209897,-0.014031291
2023-02-27,AAPL,0.0051339865,0.025323987,-0.015621185
2023-02-27,AMGN,0.012782454,0.016919374,-0.0065491796
2023-02-27,CRM,0.02999568,0.02546382,-0.027617157
2023-02-27,CSCO,0.02278626,0.02137208,-0.0047028065
2023-02-27,IBM,-0.0064429045,0.0095350742,-0.0036917329
2023-02-27,INTC,-0.0052991509,0.03158462,-0.01274991
2023-02-27,MSFT,-0.023388743,-0.0031396747,-0.0081915855
2023-02-27,NKE,0.019755602,0.015370607,0.0032740831
2023-02-27,VZ,0.013386965,0.0090413094,-0.0025237799
2023-02-27,WMT,-0.0040046573,0.011893868,-0.018342733
2023-02-28,AAPL,-0.012539089,0.027406335,0.00096452236
2023-02-28,AMGN,-0.027989209,0.013673425,-0.029647648
2023-02-28,CRM,-0.030337036,0.004855752,-0.027977467
2023-02-28,CSCO,0.010629892,0.0075311661,-0.010395169
2023-02-28,IBM,-0.0017612576,0.0024930239,-0.015074193
2023-02-28,INTC,-0.043878794,0.0068334341,0.0035709143
2023-02-28,MSFT,0.012506008,0.0092381239,-0.009288311
2023-02-28,NKE,-0.010096431,0.0014892817,-0.029601038
2023-02-28,VZ,-0.032841444,0.00046443939,-0.00027644634
2023-02-28,WMT,-0.0046240687,0.0047478676,-0.0056355
2023-03-01,AAPL,-0.021228909,0.032680392,-0.0057009459
2023-03-01,AMGN,0.0081890821,0.010574698,-0.01978159
2023-03-01,CRM,0.045341969,0.0083744526,-0.020609677
2023-03-01,CSCO,-0.015393257,-0.0064041615,-0.039646149
2023-03-01,IBM,-0.011454225,0.0096546412,0.0030248165
2023-03-01,INTC,0.0076452494,-0.024051249,-0.011357844
2023-03-01,MSFT,-0.025799155,0.014452219,-0.0075419545
2023-03-01,NKE,-0.024330676,0.0045846701,0.0043287277
2023-03-01,VZ,-0.0061624646,0.016225696,0.0056858063
2023-03-01,WMT,-0.0022929311,0.0084551573,-0.012977004
2023-03-02,AAPL,-0.011809528,0.02218771,-0.0077875257
2023-03-02,AMGN,-0.0020648241,0.028005958,-0.015256703
2023-03-02,CRM,-0.010319352,-0.010391235,-0.020581484
2023-03-02,CSCO,0.028053761,0.013977647,-0.030793905
2023-03-02,IBM,-0.010146677,0.0010993481,-0.010482192
2023-03-02,INTC,-0.0009111762,0.006492734,-0.011975825
2023-03-02,MSFT,-0.0089617968,-0.00032526255,-0.0070118308
2023-03-02,NKE,-0.013015985,0.016222,-0.0051958561
2023-03-02,VZ,-0.0050456524,0.010178447,-0.01477474
2023-03-02,WMT,0.026497006,0.0056737661,-0.021282434
2023-03-03,AAPL,-0.044558644,0.033305526,-0.013867378
2023-03-03,AMGN,-0.011724889,0.021245122,-0.011707246
2023-03-03,CRM,-0.00059348345,0.022043228,-0.018904209
2023-03-03,CSCO,-0.027460396,0.0010159016,-0.014151573
2023-03-03,IBM,0.0081182718,0.010724425,-0.012474835
2023-03-03,INTC,-0.0053315163,0.016250134,-0.011792183
2023-03-03,MSFT,-0.015746355,0.01211822,-0.020214438
2023-03-03,NKE,0.017068148,0.0050828457,-0.0073013902
2023-03-03,VZ,0.0043057203,-0.0036358833,-0.0031076074
2023-03-03,WMT,-0.017007232,0.014930367,0.0065542459
2023-03-06,AAPL,0.00091862679,0.0089740753,-0.009534657
2023-03-06,AMGN,-0.01262331,0.015509367,-0.0023611784
2023-03-06,CRM,0.048409939,0.027689457,0.016152382
2023-03-06,CSCO,0.00022435188,0.0035369396,-0.01606673
2023-03-06,IBM,-0.035698295,0.010771394,-0.011206686
2023-03-06,INTC,-0.00031995773,-0.00011146069,-0.010117471
2023-03-06,MSFT,0.021940827,0.015976548,-0.021807492
2023-03-06,NKE,0.0047596693,0.01234448,0.0086661577
2023-03-06,VZ,0.0036242008,0.0082144737,-0.0034845471
2023-03-06,WMT,-0.0036527514,0.00037074089,-0.0014639497
2023-03-07,AAPL,-0.0050342083,0.0073933601,0.0022630692
2023-03-07,AMGN,-0.0055338144,0.01680541,-0.023440063
2023-03-07,CRM,-0.018913031,0.018737078,-0.015440226
2023-03-07,CSCO,-0.027651608,0.0036650896,0.0029739141
2023-03-07,IBM,-0.013896763,0.016207814,0.00225389
2023-03-07,INTC,0.010130644,0.014713526,-0.019033909
2023-03-07,MSFT,0.003790617,0.0030061007,-0.01587522
2023-03-07,NKE,-0.0093941092,0.0069280863,-0.007604897
2023-03-07,VZ,-0.010745227,-0.010914087,-0.0023325682
2023-03-07,WMT,0.0023527145,0.009018898,-0.016424119
2023-03-08,AAPL,0.0071357489,0.014829636,0.012568712
2023-03-08,AMGN,-0.036193848,0.00032973289,0.006139636
2023-03-08,CRM,-0.041456401,0.013904929,-0.002641499
2023-03-08,CSCO,-0.0064839721,-0.0077039003,-0.00012677908
2023-03-08,IBM,0.017832041,0.010746479,-0.0037878156
2023-03-08,INTC,0.0012181997,-0.0051379204,-0.0061447024
2023-03-08,MSFT,-0.018190324,0.0034890175,-0.01329422
2023-03-08,NKE,-0.0055631995,-0.0078948736,-0.027097642
2023-03-08,VZ,-0.0099778175,0.0053452253,-0.020707488
2023-03-08,WMT,0.015886545,0.012956738,0.00077283382
2023-03-09,AAPL,-0.023490548,0.015571952,-0.014774263
2023-03-09,AMGN,-0.01514858,-0.0055027604,-0.0056399703
2023-03-09,CRM,-0.0015617013,-0.0023488402,-0.012513041
2023-03-09,CSCO,-0.019159257,-0.012869895,0.0056269169
2023-03-09,IBM,-0.023798525,0.012861371,0.014118075
2023-03-09,INTC,0.014592767,-0.0012670755,-0.019729555
2023-03-09,MSFT,0.031143546,0.015118957,-0.017293036
2023-03-09,NKE,-0.0068307519,0.030304193,-0.0055785775
2023-03-09,VZ,-0.010046184,0.015415668,-0.010109723
2023-03-09,WMT,0.0032467842,0.0069576502,0.0010818243
2023-03-10,AAPL,-0.020383596,0.0256809,-0.012044251
2023-03-10,AMGN,-0.025611401,0.01063621,-0.0059629679
2023-03-10,CRM,-0.018266022,0.041280508,0.0036457777
2023-03-10,CSCO,0.0022916794,-0.0017765164,-0.015877306
2023-03-10,IBM,-0.0010296106,0.0043866634,-0.014419079
2023-03-10,INTC,-0.0015027523,0.0093234777,-0.009934783
2023-03-10,MSFT,0.049423337,0.038637042,0.0027167797
2023-03-10,NKE,0.034310222,-0.0048807263,-0.036177099
2023-03-10,VZ,-0.011036098,0.0035467148,0.0063756704
2023-03-10,WMT,0.014285207,0.014659286,0.0037841797
2023-03-13,AAPL,0.014201641,0.009059906,0.0051827431
2023-03-13,AMGN,0.016870022,0.0064175129,0.011206746
2023-03-13,CRM,0.0029224157,-0.005508244,-0.027060091
2023-03-13,CSCO,-0.001755178,0.016056776,0.0047227144
2023-03-13,IBM,0.012234449,-0.0082390308,-0.0045354962
2023-03-13,INTC,-0.018635273,0.0025750399,0.00055849552
2023-03-13,MSFT,0.0057077408,-0.010949314,-0.017050803
2023-03-13,NKE,0.0062180758,0.011710882,-0.0058227777
2023-03-13,VZ,0.0031855106,0.0054636002,-0.015621543
2023-03-13,WMT,-0.01537317,0.006567955,-0.0073266625
2023-03-14,AAPL,-0.0089746714,0.012996674,-0.02853936
2023-03-14,AMGN,-0.019400179,0.01908505,-0.0092285872
2023-03-14,CRM,0.013684511,-0.020223022,-0.0068586469
2023-03-14,CSCO,-0.027201056,0.0060217381,-0.014134884
2023-03-14,IBM,-0.014777601,0.022258282,-0.0133605
2023-03-14,INTC,-0.0033839941,0.0091459751,-0.0073687434
2023-03-14,MSFT,-0.035050392,0.017579794,-0.013516784
2023-03-14,NKE,0.016225815,0.016313314,0.0035097599
2023-03-14,VZ,-0.0043486357,0.010890841,0.0057524443
2023-03-14,WMT,0.0055425167,0.019081116,-0.011589944
2023-03-15,AAPL,-0.026749253,0.0012824535,-0.021449506
2023-03-15,AMGN,-0.0076715946,0.020029426,-0.00080674887
2023-03-15,CRM,-0.014448881,0.032258034,-0.014043391
2023-03-15,CSCO,-0.019237936,0.024873495,-0.015239418
2023-03-15,IBM,0.016763091,0.00060808659,-0.012643874
2023-03-15,INTC,-0.028638244,0.0111866,-0.021803617
2023-03-15,MSFT,0.024294376,0.0041544437,-0.01104933
2023-03-15,NKE,-0.0067085624,0.019197822,0.0083738565
2023-03-15,VZ,-0.034484267,0.0115906,-0.018017173
2023-03-15,WMT,0.0074599981,0.011909008,0.00088143349
2023-03-16,AAPL,-0.0095356703,0.0071783066,-0.011143625
2023-03-16,AMGN,-0.01714009,0.021869898,-0.017506361
2023-03-16,CRM,-0.015250802,0.0073869228,-0.027954876
2023-03-16,CSCO,0.010758996,0.017010093,-0.0085685253
2023-03-16,IBM,0.012162209,0.012917638,-0.010109425
2023-03-16,INTC,0.0033270121,0.016244173,0.0042603016
2023-03-16,MSFT,-0.0026999712,0.01910615,-0.00072652102
2023-03-16,NKE,-0.015470147,-0.0052007437,-0.025215685
2023-03-16,VZ,0.0043085814,0.0072785616,-0.0027575493
2023-03-16,WMT,-0.0005761385,0.0046465397,-0.0065088272
2023-03-17,AAPL,0.0069576502,0.014825225,-0.030388355
2023-03-17,AMGN,0.0052429438,0.019229174,-0.0083172917
2023-03-17,CRM,-0.025776803,0.033289313,-0.025782585
2023-03-17,CSCO,-0.026017189,-0.0035739541,-0.017725348
2023-03-17,IBM,-0.00033676624,0.0024229288,-0.0098351836
2023-03-17,INTC,-0.033917248,0.0049735308,-0.002614677
2023-03-17,MSFT,-0.0004914403,-0.0039979219,-0.010564923
2023-03-17,NKE,-0.025304079,0.0040550232,0.016105771
2023-03-17,VZ,0.021232367,-0.0072740912,-0.011012793
2023-03-17,WMT,0.0036290884,-0.012593389,-0.014997184
2023-03-20,AAPL,0.022212744,-0.0026462674,-0.023649216
2023-03-20,AMGN,-0.017631888,-0.00023049116,-0.0014225245
2023-03-20,CRM,-0.029802442,0.0062131882,-0.010731936
2023-03-20,CSCO,-0.014603734,-0.0041941404,-0.013381064
2023-03-20,IBM,-0.0033326149,0.01200974,-0.026704609
2023-03-20,INTC,0.043847203,0.0098952055,-0.01885432
2023-03-20,MSFT,-0.029758871,0.011330128,-0.016955376
2023-03-20,NKE,-0.0041240454,0.020997047,0.0059518814
2023-03-20,VZ,-0.032604396,0.013196588,-0.012122869
2023-03-20,WMT,-0.0026679635,-0.0018805861,0.0072906017
2023-03-21,AAPL,0.0011451244,-0.0071046352,-0.000890553
2023-03-21,AMGN,-0.019678056,0.0042666197,-0.0081186295
2023-03-21,CRM,0.016170382,0.015065789,-0.02120012
2023-03-21,CSCO,0.0033550262,0.0077946186,0.0070003271
2023-03-21,IBM,-0.016064048,0.0074906349,-0.012962341
2023-03-21,INTC,-0.010804117,-0.0015115738,-0.0083323121
2023-03-21,MSFT,-0.0062716603,0.0059490204,0.0082701445
2023-03-21,NKE,0.00027453899,0.002407074,-0.0014992356
2023-03-21,VZ,0.001134634,0.002908349,-0.008415401
2023-03-21,WMT,0.0065346956,0.0029705763,-0.016012847
2023-03-22,AAPL,-0.0014594197,0.017341733,-0.022991419
2023-03-22,AMGN,-0.015744328,0.02916503,-0.0057226419
2023-03-22,CRM,0.01678586,0.013427377,-0.0038163662
2023-03-22,CSCO,-0.0083503723,0.029166698,0.0036993027
2023-03-22,IBM,0.0073685646,0.014757633,-0.012443542
2023-03-22,INTC,0.0016927719,0.0010367632,-0.0090647936
2023-03-22,MSFT,0.010733128,0.0073709488,-0.017435014
2023-03-22,NKE,-0.014313519,0.0026253462,-0.01543957
2023-03-22,VZ,0.0025116205,0.012414336,-0.0043244958
2023-03-22,WMT,-0.010550439,0.0071343184,-0.015382648
2023-03-23,AAPL,-0.025615931,-0.0079571605,-0.016230404
2023-03-23,AMGN,-0.011567652,0.019250989,-0.0060904026
2023-03-23,CRM,-0.0056520104,0.020767093,-0.032857239
2023-03-23,CSCO,-0.024368167,-0.015326202,-0.006155014
2023-03-23,IBM,-0.01966989,0.017160416,-0.0050580502
2023-03-23,INTC,-0.0064839125,0.0029141903,-0.01905638
2023-03-23,MSFT,-0.0060386658,-0.0037975311,-0.0073335171
2023-03-23,NKE,-0.0089433193,0.02456224,0.007453084
2023-03-23,VZ,0.019078374,0.018861055,-0.0084309578
2023-03-23,WMT,-0.012805581,0.01026082,0.0034962893
2023-03-24,AAPL,0.0043004751,-0.0049989223,-0.0021811724
2023-03-24,AMGN,0.017317176,0.011854053,-0.0033903718
2023-03-24,CRM,0.010105729,-0.002838552,-0.01840955
2023-03-24,CSCO,0.019007325,-0.015035748,-0.0079368949
2023-03-24,IBM,-0.002505064,0.0059278011,-0.0038920641
2023-03-24,INTC,0.0059220791,0.0024504662,0.00031912327
2023-03-24,MSFT,-0.022428989,-0.0022227764,-0.017692208
2023-03-24,NKE,0.01037991,0.0091488361,0.011364937
2023-03-24,VZ,-0.00018978119,0.020590186,-0.0027761459
2023-03-24,WMT,0.0016918182,0.0032280684,-0.010346115
2023-03-27,AAPL,0.018114805,0.014700651,-0.034470975
2023-03-27,AMGN,0.0001424551,0.016572833,-0.014728963
2023-03-27,CRM,-0.013820827,0.026099205,-0.0065928698
2023-03-27,CSCO,0.0097497702,0.010192394,-0.005546689
2023-03-27,IBM,0.012527585,0.014881253,-0.018502593
2023-03-27,INTC,-0.0079982877,0.015647173,-0.015101969
2023-03-27,MSFT,-0.0030154586,0.0099107027,-0.021949112
2023-03-27,NKE,-0.008241415,0.0036728382,-0.018363178
2023-03-27,VZ,0.0047938824,0.0078482628,-0.0018258691
2023-03-27,WMT,-0.010118842,0.020819306,-0.0032952428
2023-03-28,AAPL,0.0072129965,0.0022500753,-0.017502308
2023-03-28,AMGN,-0.014501154,0.011902571,-0.011618555
2023-03-28,CRM,0.041849852,0.00056970119,0.001183033
2023-03-28,CSCO,0.0022126436,0.0032554865,-0.0079565048
2023-03-28,IBM,0.0037975311,0.0075147152,-0.0095163584
2023-03-28,INTC,-0.011681974,0.00075650215,-0.01094842
2023-03-28,MSFT,-0.0030868053,0.0011419058,-0.018544495
2023-03-28,NKE,0.0083371401,0.014358878,0.017240167
2023-03-28,VZ,-0.014495492,0.020447731,-0.015609086
2023-03-28,WMT,-0.024324298,0.0149647,-0.0012283325
2023-03-29,AAPL,-0.0041804314,0.0070807934,-0.022886992
2023-03-29,AMGN,0.0090216398,0.026314378,0.0060088634
2023-03-29,CRM,-0.02636224,0.010874271,-0.018263876
2023-03-29,CSCO,-0.0080609322,0.01600492,0.0098963976
2023-03-29,IBM,0.02408731,-0.00072854757,-0.0098527074
2023-03-29,INTC,-0.0076418519,-0.010558963,0.010735989
2023-03-29,MSFT,0.0018849373,0.0063090324,-0.017009914
2023-03-29,NKE,0.0059703588,0.0013109446,-0.020899475
2023-03-29,VZ,0.0066463947,0.0089697838,0.011444092
2023-03-29,WMT,-0.013403833,-0.0033404231,-0.017537236
2023-03-30,AAPL,-0.00082236528,0.017153978,-0.013977408
2023-03-30,AMGN,0.014060855,0.019507289,-0.011664987
2023-03-30,CRM,0.022184253,0.014980912,-0.021360338
2023-03-30,CSCO,0.027612209,0.018307209,-0.01721859
2023-03-30,IBM,-0.0098306537,0.0076550245,0.0028142929
2023-03-30,INTC,-0.012037814,0.0080662966,-0.00064539909
2023-03-30,MSFT,-0.013119459,0.016643047,0.0031716824
2023-03-30,NKE,0.0047315359,0.029795408,-0.012546539
2023-03-30,VZ,0.012931466,0.011922717,-0.0034281015
2023-03-30,WMT,0.0067993402,0.0031930208,-0.027409852
2023-03-31,AAPL,0.015693069,0.0076473951,-0.01528734
2023-03-31,AMGN,-0.011768103,0.02579844,0.0030686855
2023-03-31,CRM,-0.057199597,-0.011092246,-0.024579942
2023-03-31,CSCO,-0.002835989,-0.0065542459,-0.015855432
2023-03-31,IBM,-0.018131971,0.012894034,-0.019598663
2023-03-31,INTC,0.025459766,-0.0013738275,-0.013045609
2023-03-31,MSFT,-0.042774975,0.007302165,-0.013540149
2023-03-31,NKE,-0.0230335,0.013338685,0.0073208809
2023-03-31,VZ,0.016390085,0.014485478,-0.0087333918
2023-03-31,WMT,0.015046835,0.0066164732,-0.00084871054
2023-04-03,AAPL,-0.01737082,0.039728999,-0.018336296
2023-04-03,AMGN,0.0021953583,-0.0019147396,0.01074028
2023-04-03,CRM,0.020668507,0.016526818,-0.031057417
2023-04-03,CSCO,-0.025090337,-0.005495429,-0.015824676
2023-04-03,IBM,-0.0081884265,0.035468698,-0.0084533095
2023-04-03,INTC,0.011162519,0.023239851,-0.024140835
2023-04-03,MSFT,0.0033311844,0.020562053,-0.006670177
2023-04-03,NKE,-0.011837304,0.0067158937,-0.023054004
2023-04-03,VZ,0.00067579746,0.015254498,0.00011396408
2023-04-03,WMT,0.0059289932,0.023622632,-0.0056447387
2023-04-04,AAPL,-0.044736624,0.032700777,-0.027084887
2023-04-04,AMGN,0.023591042,0.0079027414,-0.0018676519
2023-04-04,CRM,-0.017020226,0.022048831,-0.018730223
2023-04-04,CSCO,0.05531764,0.0056961775,-0.027143538
2023-04-04,IBM,-0.015975833,0.0020781755,-0.013421178
2023-04-04,INTC,0.044353485,0.013790727,-0.017502248
2023-04-04,MSFT,-0.0062271357,0.012253642,-0.00501436
2023-04-04,NKE,0.0018785,-0.0052978992,-0.011176407
2023-04-04,VZ,0.010300279,0.016844034,-0.0037420392
2023-04-04,WMT,-0.0091132522,0.0046325922,-0.00077050924
2023-04-05,AAPL,0.0017603636,-0.0032103062,-0.023370087
2023-04-05,AMGN,-0.010225415,0.0033090115,0.0038764477
2023-04-05,CRM,-0.0025032163,0.048493147,0.00056624413
2023-04-05,CSCO,0.029480219,0.02161932,-0.0086464882
2023-04-05,IBM,0.0072534084,0.010687351,-0.010473549
2023-04-05,INTC,-0.016913414,0.01482892,-3.2603741e-05
2023-04-05,MSFT,0.011837602,-0.0094676614,0.004483819
2023-04-05,NKE,-0.0073756576,0.011850595,-0.012249231
2023-04-05,VZ,0.0089669228,0.0040308237,-0.0015765429
2023-04-05,WMT,0.00026452541,0.0046219826,-0.0041986108
2023-04-06,AAPL,0.014156699,0.009531498,0.015853643
2023-04-06,AMGN,-0.0019798279,0.019225359,-0.013229549
2023-04-06,CRM,0.0093169212,-0.0068915486,-0.015207767
2023-04-06,CSCO,-0.014370918,0.012088537,-0.011382997
2023-04-06,IBM,0.0053596497,0.015369534,-0.00060969591
2023-04-06,INTC,0.007050395,0.0075083971,-0.023231506
2023-04-06,MSFT,0.00522995,0.018038154,-0.013146222
2023-04-06,NKE,0.039889336,0.011599541,-0.031496048
2023-04-06,VZ,0.02645874,-0.010777056,-0.017059684
2023-04-06,WMT,-0.0083757639,0.012632012,-0.0081658363
2023-04-10,AAPL,-0.022152066,0.0079532862,-0.016737163
2023-04-10,AMGN,-0.0070990324,0.023104429,-0.026004612
2023-04-10,CRM,-0.017969549,0.0049865246,-0.0086917877
2023-04-10,CSCO,0.013677359,0.0051045418,-0.029283166
2023-04-10,IBM,0.0021210909,0.015483499,-0.0092054605
2023-04-10,INTC,-0.0074712038,0.0098667145,-0.011920333
2023-04-10,MSFT,0.033389091,-0.0041487813,-0.004361093
2023-04-10,NKE,0.011579394,0.0071376562,-0.0032094717
2023-04-10,VZ,0.0041124821,0.011392355,-0.010022283
2023-04-10,WMT,-0.012520969,0.012512803,-0.0064554811
2023-04-11,AAPL,-0.00087887049,0.014358878,0.00032198429
2023-04-11,AMGN,0.036899686,0.0088152885,-0.012118399
2023-04-11,CRM,0.012592673,0.041721106,-0.015663505
2023-04-11,CSCO,-0.020109236,0.027228832,-0.014694452
2023-04-11,IBM,0.0245682,-0.0020555258,-0.009949863
2023-04-11,INTC,-0.01299119,0.0319103,0.019218326
2023-04-11,MSFT,-0.0018603206,0.0063569546,-0.032820523
2023-04-11,NKE,-0.0065322518,0.014480829,-0.01474297
2023-04-11,VZ,-0.0026887655,-0.015185535,0.00061154366
2023-04-11,WMT,-0.0016809702,-0.00099140406,-0.001196444
2023-04-12,AAPL,-0.012911022,0.027336359,0.0023303032
2023-04-12,AMGN,-0.012003064,0.013937831,-0.025737107
2023-04-12,CRM,-0.0036765933,0.0012347698,-0.034594357
2023-04-12,CSCO,-0.017554164,0.014440894,-0.022111714
2023-04-12,IBM,-0.0048907995,0.0064013004,-0.010286748
2023-04-12,INTC,0.018635035,-0.0069058537,-0.0038164258
2023-04-12,MSFT,0.01133728,0.0099542141,-0.023219705
2023-04-12,NKE,0.012223005,0.011314034,-0.025491595
2023-04-12,VZ,-0.0093551278,0.010524154,-0.0079577565
2023-04-12,WMT,-0.0023432374,0.00046956539,0.0068069696
2023-04-13,AAPL,-0.00044447184,-0.02352047,0.0020796061
2023-04-13,AMGN,-0.026720464,0.0094543695,-0.035359561
2023-04-13,CRM,0.0089159012,-0.00039106607,-0.007813096
2023-04-13,CSCO,0.0042508841,-0.0051807761,-0.006675899
2023-04-13,IBM,-0.0092725158,0.008657217,-0.0055190921
2023-04-13,INTC,0.0028431416,0.0018464327,-0.017640352
2023-04-13,MSFT,-0.02930522,0.0027186871,-0.012055933
2023-04-13,NKE,-0.014357924,0.012658238,-0.014796019
2023-04-13,VZ,-0.025585771,0.0099927187,0.0021184683
2023-04-13,WMT,-0.011920333,0.0099745989,-0.017050385
2023-04-14,AAPL,0.010359526,0.010694385,-0.021552503
2023-04-14,AMGN,0.015510201,0.0075519085,-0.024603903
2023-04-14,CRM,-0.020615935,0.012596726,-0.031991601
2023-04-14,CSCO,-0.010332286,-0.0045439601,-0.0039055943
2023-04-14,IBM,-0.013521016,0.0062594414,-0.0069583058
2023-04-14,INTC,0.010711074,0.003477335,0.00045681
2023-04-14,MSFT,-0.013210833,-0.010107994,-0.028821528
2023-04-14,NKE,-0.012375176,0.014087796,-0.015622735
2023-04-14,VZ,-0.028546274,0.017478228,-0.018084764
2023-04-14,WMT,-0.010749578,-0.002243638,0.0093560219
2023-04-17,AAPL,-0.019614697,-0.011649966,-0.021842659
2023-04-17,AMGN,-0.011141658,-0.017140627,0.0012419224
2023-04-17,CRM,-0.024768472,0.01022768,-0.0036286116
2023-04-17,CSCO,0.03837347,0.022167802,0.002753973
2023-04-17,IBM,0.00037586689,0.01398766,-0.01116097
2023-04-17,INTC,0.0053257942,0.020335078,-0.0056555867
2023-04-17,MSFT,0.030292988,0.0048335791,-0.016027808
2023-04-17,NKE,-0.013958931,0.0053203106,0.0026791096
2023-04-17,VZ,0.0059280396,-0.0043507218,-0.0099490285
2023-04-17,WMT,-0.0157125,-0.00027388334,-0.0012756586
2023-04-18,AAPL,0.036069155,0.018756986,-0.013486624
2023-04-18,AMGN,0.009006381,0.011006594,-0.0076619387
2023-04-18,CRM,0.026260495,-0.0026132464,0.0040552616
2023-04-18,CSCO,0.0091712475,-0.00044333935,-0.0051655769
2023-04-18,IBM,-0.01347065,0.011964202,-0.012512207
2023-04-18,INTC,0.011120677,0.02037251,0.00037825108
2023-04-18,MSFT,-0.017998397,0.011145592,-0.01013267
2023-04-18,NKE,0.0041104555,0.015869856,-0.026154578
2023-04-18,VZ,0.0072270632,0.0087872744,-1.7762184e-05
2023-04-18,WMT,-0.0059465766,0.0064563751,-0.016785622
2023-04-19,AAPL,0.0045524836,0.028675556,-0.0074183345
2023-04-19,AMGN,-0.0052468777,0.0032190084,-0.010739744
2023-04-19,CRM,-0.017664313,0.0064586401,-0.014956415
2023-04-19,CSCO,-0.015824199,-0.0067754388,-0.024983108
2023-04-19,IBM,0.0010462999,-0.00056916475,0.0055607557
2023-04-19,INTC,-0.0068371892,0.011472225,-0.025657892
2023-04-19,MSFT,0.0059514046,0.00027370453,-0.0025933385
2023-04-19,NKE,-0.0054962635,0.013047457,-0.0016623139
2023-04-19,VZ,-0.0070100427,0.0062173605,0.0015000105
2023-04-19,WMT,-0.012049794,0.0012867451,-0.0097047091
2023-04-20,AAPL,0.02238512,0.00095248222,-0.0037858486
2023-04-20,AMGN,-0.016197681,0.0013506413,-0.018793046
2023-04-20,CRM,0.030106902,-0.00040072203,-0.024567962
2023-04-20,CSCO,-0.012627125,0.028986931,-0.014379382
2023-04-20,IBM,-0.0014323592,0.011820436,-0.0015144944
2023-04-20,INTC,-0.029822946,0.025943875,-0.0030401945
2023-04-20,MSFT,0.017273068,0.0088915825,-0.0072419643
2023-04-20,NKE,-0.020062923,-0.01229459,0.0041610003
2023-04-20,VZ,-0.0077730417,-0.00083822012,-0.0028014183
2023-04-20,WMT,0.012098074,0.0054444075,0.00033521652
2023-04-21,AAPL,-0.015680075,0.0058068037,-0.0090374947
2023-04-21,AMGN,0.0015748739,0.016625762,-0.010540187
2023-04-21,CRM,0.00067925453,0.0083909035,-0.013218164
2023-04-21,CSCO,-0.0119434,-0.0053204894,-0.02228719
2023-04-21,IBM,-0.0021547675,0.014795423,-0.0093882084
2023-04-21,INTC,-0.0088645816,0.023502707,-0.014455318
2023-04-21,MSFT,-0.015295923,0.0080456734,0.0018806458
2023-04-21,NKE,0.016586542,0.0078721046,-0.017238498
2023-04-21,VZ,0.0071394444,0.0045087337,-0.0056185126
2023-04-21,WMT,-0.0099998713,0.0081790686,-0.014261305
2023-04-24,AAPL,-0.02038157,-0.0093447566,-0.0013877749
2023-04-24,AMGN,0.0064374208,0.015049934,1.5497208e-05
2023-04-24,CRM,0.0017071962,0.0045717955,-0.016459107
2023-04-24,CSCO,0.01027143,0.01687789,0.0075616837
2023-04-24,IBM,0.021503925,0.014325142,-0.0064451694
2023-04-24,INTC,0.0016485453,0.015475512,-0.018500865
2023-04-24,MSFT,0.0031696558,0.016315818,-0.014367342
2023-04-24,NKE,-0.0089500546,0.01700139,-0.0061869621
2023-04-24,VZ,0.010401845,0.0048264265,-0.007306993
2023-04-24,WMT,-0.018592358,0.016398311,-0.0052563548
2023-04-25,AAPL,-0.018258929,0.0061753988,-0.019734502
2023-04-25,AMGN,-0.0075231194,0.0099622011,-0.010987937
2023-04-25,CRM,-0.02901262,0.018547773,-0.0058566332
2023-04-25,CSCO,0.0085850954,0.012644768,-0.0031808615
2023-04-25,IBM,0.0095841885,0.0076943636,-0.011592507
2023-04-25,INTC,0.015940189,0.0027173758,-0.031153798
2023-04-25,MSFT,-0.01396513,0.0092058182,-0.013941109
2023-04-25,NKE,0.0038664341,0.016620278,-0.015448213
2023-04-25,VZ,-0.0092325211,0.0029512644,-0.0083832741
2023-04-25,WMT,-0.0061254501,-0.0029469728,0.0023268461
2023-04-26,AAPL,-0.0050222874,0.0086017847,-0.023533046
2023-04-26,AMGN,0.0062856674,0.006279707,-0.03049475
2023-04-26,CRM,0.0076833963,0.0047178268,-0.034841776
2023-04-26,CSCO,-0.019895136,0.0043836832,-0.009157598
2023-04-26,IBM,-0.011574209,-0.0075734258,0.0034343004
2023-04-26,INTC,-0.040311098,0.019119024,-0.016042411
2023-04-26,MSFT,-0.015105069,0.011514783,-0.0071274042
2023-04-26,NKE,-0.011516154,-0.0022473931,-0.0057290196
2023-04-26,VZ,-0.0035278201,-0.0012711287,-0.0073628426
2023-04-26,WMT,-0.0076528192,0.017874718,0.01098609
2023-04-27,AAPL,0.00086605549,0.018772244,-0.016926229
2023-04-27,AMGN,0.020802975,0.01820612,-0.0067350864
2023-04-27,CRM,-0.0031200051,0.027111888,-0.028020978
2023-04-27,CSCO,0.0032396317,-0.0054551959,-0.0049443841
2023-04-27,IBM,0.023785114,0.018332005,-0.0098575354
2023-04-27,INTC,-0.0033239126,0.0051882267,-0.01815331
2023-04-27,MSFT,0.039663434,0.018838406,-0.0082079172
2023-04-27,NKE,-0.029909432,0.0033158064,-6.7710876e-05
2023-04-27,VZ,0.023684263,-0.0015808344,-0.023273408
2023-04-27,WMT,0.0049626827,0.021508813,-0.0043542385
2023-04-28,AAPL,0.036744952,0.0081604719,-0.0088505745
2023-04-28,AMGN,-0.027581751,0.0059841871,-0.0091179609
2023-04-28,CRM,0.02402699,-0.010313094,-0.017739058
2023-04-28,CSCO,0.0097715855,0.0068382025,-0.0097786188
2023-04-28,IBM,-0.013751626,0.011915207,-0.0014160872
2023-04-28,INTC,-0.010199189,-0.0036311746,-0.016328633
2023-04-28,MSFT,-0.027078569,0.018337131,-0.028013706
2023-04-28,NKE,-0.016437829,0.0057541132,-0.015981615
2023-04-28,VZ,0.010377169,0.02802062,-0.006693542
2023-04-28,WMT,-0.017999232,0.0024365187,-0.015275776
2023-05-01,AAPL,-0.0093683004,0.040750504,0.0022599697
2023-05-01,AMGN,0.028121114,0.012583733,-0.0082871914
2023-05-01,CRM,0.036681652,0.017345905,-0.046807766
2023-05-01,CSCO,0.0099546909,0.0052330494,-0.014913559
2023-05-01,IBM,-0.01015377,0.0076932907,-0.0049811602
2023-05-01,INTC,-0.010778129,0.0023584366,-0.0056010485
2023-05-01,MSFT,-0.0077212453,0.030328155,-0.0064820647
2023-05-01,NKE,-0.0018687844,0.02032423,-0.00078350306
2023-05-01,VZ,-0.0027619004,0.0097680092,0.0058840513
2023-05-01,WMT,-0.0012177229,0.0048520565,-0.0088964105
2023-05-02,AAPL,0.05822134,0.0074509382,-0.018404245
2023-05-02,AMGN,-0.015330315,0.023816109,0.0021342039
2023-05-02,CRM,-0.024897873,0.015059948,-0.015491366
2023-05-02,CSCO,-0.015896082,0.0074163675,-0.021030903
2023-05-02,IBM,-0.017432988,0.014524817,-0.002179265
2023-05-02,INTC,0.013345718,0.011412024,-0.0063256621
2023-05-02,MSFT,-0.024006307,0.0024108887,-0.012418747
2023-05-02,NKE,-0.0011737347,0.012875319,-0.015072823
2023-05-02,VZ,0.0076622963,0.012974381,-0.022124529
2023-05-02,WMT,-0.024220467,0.026675701,-0.011222184
2023-05-03,AAPL,-0.026554465,0.023311734,-0.030844808
2023-05-03,AMGN,0.025379658,0.01642704,0.010355353
2023-05-03,CRM,-0.038476706,0.02666533,-0.032803893
2023-05-03,CSCO,-0.0012046099,0.013607264,0.0037368536
2023-05-03,IBM,-0.016942024,0.0065157413,-0.0073114634
2023-05-03,INTC,0.0049365759,0.029102206,-0.011311471
2023-05-03,MSFT,0.0014418364,0.014227867,-0.030198693
2023-05-03,NKE,0.014917731,0.0093742609,0.0061329603
2023-05-03,VZ,-0.007494092,0.022063494,-0.00022745132
2023-05-03,WMT,-0.028600216,0.0088311434,-0.0086564422
2023-05-04,AAPL,-0.0018702149,-0.014038563,-0.0101493
2023-05-04,AMGN,-0.0063661337,0.01971209,-0.014063597
2023-05-04,CRM,-0.029200315,0.051634312,0.0017092228
2023-05-04,CSCO,0.0017111301,0.013027549,-0.017636776
2023-05-04,IBM,-0.012147129,0.004360795,0.0034439564
2023-05-04,INTC,0.051717758,0.0067723989,0.013434172
2023-05-04,MSFT,0.0068680048,0.037650704,-0.020872355
2023-05-04,NKE,0.0105685,0.011566401,-0.0083864927
2023-05-04,VZ,0.011644244,0.0068876743,0.0044264793
2023-05-04,WMT,0.015394211,0.002030015,-0.0028148293
2023-05-05,AAPL,0.004150629,-0.0026739836,-0.004343152
2023-05-05,AMGN,-0.00027453899,0.0055029392,-0.015889466
2023-05-05,CRM,-0.026812077,0.03661263,0.0037455559
2023-05-05,CSCO,0.014910936,0.030242324,-0.0024508834
2023-05-05,IBM,-0.010219872,-7.8737736e-05,-0.0015743971
2023-05-05,INTC,0.011408448,0.019269824,-0.015397787
2023-05-05,MSFT,-0.017302513,-6.6876411e-05,-0.026129127
2023-05-05,NKE,-0.0053324699,0.022544146,-0.017275691
2023-05-05,VZ,0.0022816658,0.0057584047,-0.0099653602
2023-05-05,WMT,0.015572786,0.025353551,0.0060466528
2023-05-08,AAPL,-0.011821806,-0.00071138144,-0.008331418
2023-05-08,AMGN,0.0062879324,0.033936858,-0.0030969381
2023-05-08,CRM,0.040735126,0.0022261143,-0.016492605
2023-05-08,CSCO,-0.0066025257,0.0093188286,-0.021724164
2023-05-08,IBM,-0.014657736,-0.0095768571,-0.0090186596
2023-05-08,INTC,-0.0065842867,0.017453671,-0.0053405762
2023-05-08,MSFT,-0.011374414,0.0060172081,-0.002592206
2023-05-08,NKE,-0.0022566319,0.019624829,-0.006850481
2023-05-08,VZ,0.0066722631,0.0096936226,-0.014176369
2023-05-08,WMT,-0.0025318861,0.0011934042,0.0027433634
2023-05-09,AAPL,0.02869606,0.021663785,0.0048080683
2023-05-09,AMGN,0.0037195683,0.018835783,-0.010410309
2023-05-09,CRM,-0.020640433,0.010141015,-0.010605872
2023-05-09,CSCO,-0.0015717149,0.015899539,-0.018235028
2023-05-09,IBM,-0.017040968,0.014207363,-0.022883058
2023-05-09,INTC,0.021411061,0.017784119,-0.0077372193
2023-05-09,MSFT,-0.022025168,0.034878135,-0.0049951077
2023-05-09,NKE,0.026584744,0.025507212,0.00047874451
2023-05-09,VZ,0.0028499365,0.0028043985,-0.0038874149
2023-05-09,WMT,0.0037885904,0.0019273758,-0.012708426
2023-05-10,AAPL,0.013259768,0.02083087,-0.011948824
2023-05-10,AMGN,0.00083518028,0.021809578,-0.0061322451
2023-05-10,CRM,-0.025289476,0.010166287,-0.018272698
2023-05-10,CSCO,-0.0053129196,0.010205984,-0.0079584718
2023-05-10,IBM,-0.0043382049,-0.0013249516,-0.020812452
2023-05-10,INTC,-0.039714515,0.019164562,-0.017745912
2023-05-10,MSFT,-0.017053425,0.0099800825,-0.0064251423
2023-05-10,NKE,-0.0066905022,0.012731433,-0.01210171
2023-05-10,VZ,-0.0019838214,0.0055695772,0.002835393
2023-05-10,WMT,0.013795972,0.014674306,-0.016064763
2023-05-11,AAPL,-0.030823469,0.0097353458,-0.010495543
2023-05-11,AMGN,-0.018070579,0.0070115328,-0.019959807
2023-05-11,CRM,-0.018500388,0.018301368,-0.0057883859
2023-05-11,CSCO,0.01916039,0.0013240576,-0.0059978366
2023-05-11,IBM,-0.025778592,0.0057022572,0.011343002
2023-05-11,INTC,0.027071118,0.0072783232,-0.019957244
2023-05-11,MSFT,-0.017143607,0.0069125891,-0.020599067
2023-05-11,NKE,-0.00067049265,0.02031064,-0.024430335
2023-05-11,VZ,-0.021664262,0.013146162,0.0031187534
2023-05-11,WMT,-0.0068285465,-0.003587544,-0.0043151379
2023-05-12,AAPL,-0.010500133,0.031885982,-0.016991079
2023-05-12,AMGN,0.0056715012,0.0033020973,-0.032439232
2023-05-12,CRM,0.03781569,-0.0060781837,-0.0060580373
2023-05-12,CSCO,-0.01960361,0.0067613125,-0.013746977
2023-05-12,IBM,0.007897377,-0.006347239,-0.0011936426
2023-05-12,INTC,0.035823822,0.017037749,0.011023998
2023-05-12,MSFT,-0.0063307881,0.029065967,-0.019301057
2023-05-12,NKE,-0.044410765,0.011266351,-0.023518443
2023-05-12,VZ,-0.018992007,0.006852746,-0.016692638
2023-05-12,WMT,-0.0022298098,0.0064855814,-0.00093901157
2023-05-15,AAPL,0.003647089,0.008472681,-0.01426059
2023-05-15,AMGN,-0.0023624301,-0.011364162,-0.011742413
2023-05-15,CRM,0.01543808,0.025088191,-0.035408199
2023-05-15,CSCO,0.035069942,0.021723628,-0.0060864091
2023-05-15,IBM,-0.015785933,0.022498012,-0.0040785074
2023-05-15,INTC,0.0089776516,0.0075981617,-0.019193769
2023-05-15,MSFT,0.019822836,0.020268679,0.004255414
2023-05-15,NKE,-0.0096293092,0.015150666,-0.0085564256
2023-05-15,VZ,0.0093713999,-0.00092792511,-0.011311054
2023-05-15,WMT,-0.0035231113,0.014147878,-0.012545586
2023-05-16,AAPL,-0.0066202283,-0.0046051145,-0.0056614876
2023-05-16,AMGN,0.01379931,0.017580271,0.0052491426
2023-05-16,CRM,-0.024616957,0.029104948,0.0050096512
2023-05-16,CSCO,-0.02164191,0.0012869835,-0.015157163
2023-05-16,IBM,0.012339473,-0.00074988604,-0.0059110522
2023-05-16,INTC,-0.0025885701,0.0069957972,-0.0030344725
2023-05-16,MSFT,-0.003542304,-0.0013531446,-0.016194344
2023-05-16,NKE,0.011418819,0.0048159361,-0.023760974
2023-05-16,VZ,-0.022925556,0.0067132711,0.0024211407
2023-05-16,WMT,0.0045968294,0.0013875961,0.0049045086
2023-05-17,AAPL,-0.013721704,0.009198308,-0.023252189
2023-05-17,AMGN,-0.0016584396,0.016270757,-0.012394488
2023-05-17,CRM,-0.055417478,0.015483856,-0.021567523
2023-05-17,CSCO,-0.0092713237,-0.012788534,-0.024775445
2023-05-17,IBM,0.0031353235,0.014487982,-0.011592865
2023-05-17,INTC,-0.0067434907,0.0084428787,-0.0033990741
2023-05-17,MSFT,-0.010149777,0.013220549,-0.0010070205
2023-05-17,NKE,-0.0093534589,0.025748849,-0.0036472082
2023-05-17,VZ,-0.0041824579,-0.0068926811,0.0017827749
2023-05-17,WMT,-0.011396229,0.0093187094,-0.0060580373
2023-05-18,AAPL,-0.023716867,0.0064022541,-0.018997192
2023-05-18,AMGN,0.020937324,0.023367405,-0.013577998
2023-05-18,CRM,-0.02718544,-0.021036744,-0.0056254268
2023-05-18,CSCO,0.0057109594,-0.010088444,0.00017893314
2023-05-18,IBM,-0.00080412626,0.0068787336,-0.00084322691
2023-05-18,INTC,-0.038921833,0.015353799,0.0041978359
2023-05-18,MSFT,0.00094497204,0.015143633,-0.016749918
2023-05-18,NKE,0.0028222799,0.0083223581,-0.021930397
2023-05-18,VZ,-0.007407546,0.0080701113,-0.015365839
2023-05-18,WMT,-0.0015072823,0.0073987246,-0.0042677522
2023-05-19,AAPL,0.020921469,0.0021594763,-0.016855478
2023-05-19,AMGN,-0.042395532,0.022680759,-0.0021513104
2023-05-19,CRM,-0.019633055,0.0034943819,-0.023019731
2023-05-19,CSCO,-0.0066831708,0.01121521,-0.0202896
2023-05-19,IBM,-0.0037645102,-0.012607872,0.0011149645
2023-05-19,INTC,-0.0034606457,0.020262361,-0.01030302
2023-05-19,MSFT,-0.0081903338,0.0089033842,-0.017212152
2023-05-19,NKE,-0.023797393,0.010481596,0.01081419
2023-05-19,VZ,-0.0091520548,0.016504169,-0.014182627
2023-05-19,WMT,-0.027000904,0.0077257156,-0.0062246323
2023-05-22,AAPL,-0.0057426691,0.0081057549,-0.0038099289
2023-05-22,AMGN,-0.0094560385,0.012305975,-0.022114575
2023-05-22,CRM,-0.053536952,0.016901135,-0.011659801
2023-05-22,CSCO,-0.032557666,0.0001693964,-0.012511015
2023-05-22,IBM,0.01478374,-0.00059175491,-0.0074881315
2023-05-22,INTC,-0.021311522,0.0097236633,-0.024002314
2023-05-22,MSFT,-0.0022004247,0.010674477,-0.0059547424
2023-05-22,NKE,-0.0011267066,0.0043386221,-0.028351843
2023-05-22,VZ,0.011865973,0.011245131,-0.0011520386
2023-05-22,WMT,0.0090532303,-0.0029628873,-0.0074466467
2023-05-23,AAPL,0.029020429,-0.014265537,-0.022963703
2023-05-23,AMGN,-0.0059301257,0.019346952,0.0071630478
2023-05-23,CRM,-0.0065273046,0.032015562,0.010552645
2023-05-23,CSCO,0.0079225302,0.023528099,-0.0029444098
2023-05-23,IBM,-0.0064488649,0.018892884,-0.017363191
2023-05-23,INTC,-0.013566017,0.0085456371,-0.0099320412
2023-05-23,MSFT,-0.007286787,0.0010962486,-0.0043526292
2023-05-23,NKE,-0.044528425,-0.0013178587,-0.025589108
2023-05-23,VZ,-0.0076326132,-0.0011251569,-0.0026152134
2023-05-23,WMT,-0.0091584921,0.0038274527,-0.0043162107
2023-05-24,AAPL,0.01592505,-0.0009431839,-0.018355429
2023-05-24,AMGN,3.683567e-05,0.01363039,-0.00096851587
2023-05-24,CRM,-0.027166545,0.037228227,-0.012870371
2023-05-24,CSCO,-0.0038520098,0.014827967,-0.0055238008
2023-05-24,IBM,0.0078707933,-0.00089150667,0.023968339
2023-05-24,INTC,0.0027905703,0.0072922707,-0.013886094
2023-05-24,MSFT,-0.028113484,0.00015723705,-0.023110747
2023-05-24,NKE,0.0049465895,0.0071539879,-0.017700732
2023-05-24,VZ,0.002027154,0.013395786,-0.0019872189
2023-05-24,WMT,-0.0022779107,0.025309205,0.00080406666
2023-05-25,AAPL,0.0078279972,0.005415082,-0.0056689382
2023-05-25,AMGN,0.00074350834,0.0021414757,-0.011559844
2023-05-25,CRM,-0.020761013,-0.0052207112,-0.015628457
2023-05-25,CSCO,2.0742416e-05,-0.012391925,-0.012729108
2023-05-25,IBM,-0.023978591,0.0024276972,0.00033116341
2023-05-25,INTC,0.00041258335,0.010740876,-0.01922667
2023-05-25,MSFT,0.0029944181,0.007201314,-0.006418407
2023-05-25,NKE,0.010911584,0.012016416,-0.016529739
2023-05-25,VZ,-0.027489603,0.0059773922,0.011479855
2023-05-25,WMT,0.0082052946,0.018915772,0.020290017
2023-05-26,AAPL,-0.0033278465,0.018451929,0.0016577244
2023-05-26,AMGN,-0.0084863305,0.022152185,-0.025352716
2023-05-26,CRM,0.0070420504,0.0031781197,-0.026193082
2023-05-26,CSCO,-0.0069918633,0.022527695,-0.020489991
2023-05-26,IBM,0.01688695,0.016129255,-0.0086818337
2023-05-26,INTC,-0.013330042,0.030209541,-0.0051138997
2023-05-26,MSFT,0.011790752,0.022687793,-0.0082491636
2023-05-26,NKE,-0.027455449,0.010477424,-0.031068742
2023-05-26,VZ,0.0096580982,0.010954618,0.0094946623
2023-05-26,WMT,-0.0076978803,0.017864108,-0.0094156265
2023-05-30,AAPL,-0.013066053,0.0028135777,-0.011506557
2023-05-30,AMGN,0.002012372,0.0011070967,0.0079264641
2023-05-30,CRM,0.0075367689,0.021541119,-0.012791216
2023-05-30,CSCO,-0.013462961,0.0076401234,-0.015611231
2023-05-30,IBM,-0.024990678,0.0096319914,-0.0059993267
2023-05-30,INTC,-0.035143793,0.014454842,-0.015829146
2023-05-30,MSFT,0.021365166,-0.002294004,-0.033963621
2023-05-30,NKE,0.033335567,0.0056940317,-0.0045381784
2023-05-30,VZ,-0.02561146,0.00052452087,0.0015066862
2023-05-30,WMT,-0.01251775,0.012105346,-0.020648122
2023-05-31,AAPL,-0.010665894,0.019328356,-0.011812329
2023-05-31,AMGN,-0.0079448223,-0.0087606907,-0.01717639
2023-05-31,CRM,0.012925267,0.0049133301,-0.036550581
2023-05-31,CSCO,-0.031650841,-0.0027997494,-0.010877192
2023-05-31,IBM,-0.0084357262,0.010720611,0.0034710169
2023-05-31,INTC,-0.02110213,0.010207772,0.01102376
2023-05-31,MSFT,-0.0036792159,0.010410666,-0.022511899
2023-05-31,NKE,-0.034036219,0.020481706,-0.0093632936
2023-05-31,VZ,0.0033447742,0.011047721,0.01153934
2023-05-31,WMT,-0.0062354207,3.5524368e-05,-0.0083870888
2023-06-01,AAPL,-0.012641251,0.010663986,-0.016999483
2023-06-01,AMGN,-0.048166394,0.014696836,0.0039536953
2023-06-01,CRM,0.0067192316,0.027224898,0.020314574
2023-06-01,CSCO,0.0078340769,0.017185569,-0.0079166889
2023-06-01,IBM,-0.0068728924,-0.001276195,0.013444781
2023-06-01,INTC,0.0013434887,0.011553645,-0.017467856
2023-06-01,MSFT,-0.0071519613,0.010785699,0.0024185181
2023-06-01,NKE,-0.0088169575,0.0067344904,-0.0032355785
2023-06-01,VZ,0.011793256,-0.0029357672,-0.0032593012
2023-06-01,WMT,0.0013810396,0.011337042,-0.002333045
2023-06-02,AAPL,-0.0049660206,0.025915742,-0.016420186
2023-06-02,AMGN,0.0059416294,0.0005402565,-0.014128864
2023-06-02,CRM,-0.0082120299,0.027878642,-0.0064874887
2023-06-02,CSCO,-0.021172822,0.016794324,-0.01665169
2023-06-02,IBM,0.0095052719,0.023949504,-0.0027047992
2023-06-02,INTC,-0.01259023,0.023819089,-0.0036550164
2023-06-02,MSFT,0.036213517,0.0045278072,-0.010810971
2023-06-02,NKE,-0.008687079,0.011099577,-0.024745882
2023-06-02,VZ,-0.013586044,0.023799181,0.0055338144
2023-06-02,WMT,-0.024371505,0.0012955666,-0.010920525
2023-06-05,AAPL,-0.0022524595,-0.00032502413,-0.0071824789
2023-06-05,AMGN,-0.0093687177,0.0060759783,-0.021800339
2023-06-05,CRM,0.037485003,0.026168585,0.004263401
2023-06-05,CSCO,0.013724208,0.0054681301,0.0055433512
2023-06-05,IBM,-0.012224317,0.0016143322,0.0034469366
2023-06-05,INTC,0.014434338,0.007188201,-0.0051959753
2023-06-05,MSFT,-0.00025004148,0.0026187897,-0.0127303
2023-06-05,NKE,0.0071563721,-0.0017616749,-0.0068512559
2023-06-05,VZ,-0.024763405,-0.0026464462,-0.023094416
2023-06-05,WMT,-0.003269434,0.016317248,-0.0037632585
2023-06-06,AAPL,-0.036200106,0.0017333031,-0.0093703866
2023-06-06,AMGN,0.013266683,0.0017136335,-0.019936383
2023-06-06,CRM,0.012891173,0.0032522678,0.019533634
2023-06-06,CSCO,0.025385022,0.0013371706,-0.030017018
2023-06-06,IBM,0.0082024336,0.014698505,0.0018061399
2023-06-06,INTC,0.001412034,0.003375411,-0.012614191
2023-06-06,MSFT,-0.0010183454,0.0049828291,-0.011059046
2023-06-06,NKE,-0.0081940293,-0.0083994269,-0.012141466
2023-06-06,VZ,0.015104294,0.015505433,-0.0041170716
2023-06-06,WMT,-0.0033913851,0.013654113,-0.01476568
2023-06-07,AAPL,0.005076766,0.013484478,0.0046360493
2023-06-07,AMGN,-0.033912897,0.0073364973,-0.0043444037
2023-06-07,CRM,0.019181132,0.008254528,-0.016710639
2023-06-07,CSCO,-0.013574064,0.0041060448,-0.011466682
2023-06-07,IBM,-0.00040721893,0.0087399483,-0.011161208
2023-06-07,INTC,-0.019054234,-0.014626265,-0.002225399
2023-06-07,MSFT,0.017620683,-0.015487492,-0.019327521
2023-06-07,NKE,-0.036843717,0.010881782,-0.013630629
2023-06-07,VZ,-0.015350759,0.014852047,-0.011393487
2023-06-07,WMT,-0.008877933,0.01121676,-0.017244458
2023-06-08,AAPL,-0.0065011382,0.0085980892,-0.012243271
2023-06-08,AMGN,0.015503287,0.0011577606,-0.025782168
2023-06-08,CRM,0.0029267073,-0.0034723282,-0.012262523
2023-06-08,CSCO,-0.0028166771,0.02866447,-0.007248044
2023-06-08,IBM,-0.024601698,0.018042564,0.0031657219
2023-06-08,INTC,0.019987941,0.0097026825,-0.0057010055
2023-06-08,MSFT,-0.016520083,0.029817104,0.0014076233
2023-06-08,NKE,0.019173503,0.011478543,-0.013704479
2023-06-08,VZ,-0.0037938952,0.0021317005,-0.019751966
2023-06-08,WMT,-0.017625749,0.0027233362,0.0026122332
2023-06-09,AAPL,-0.027246892,-0.0095823407,-0.0066129565
2023-06-09,AMGN,-0.01597482,0.003095746,-0.007768929
2023-06-09,CRM,0.021668553,0.015098095,-0.016902745
2023-06-09,CSCO,0.0096555948,-0.0056315064,0.002335906
2023-06-09,IBM,-0.0015574098,0.016451836,-0.0041028857
2023-06-09,INTC,0.0058429241,-0.0047500134,0.00070858002
2023-06-09,MSFT,0.010758996,0.023266077,-0.016381145
2023-06-09,NKE,-0.019094288,0.024646997,-0.006198287
2023-06-09,VZ,-0.027041972,0.0082672834,0.003354311
2023-06-09,WMT,0.0075904131,-0.0015326142,0.00018644333
2023-06-12,AAPL,-0.0047357082,0.009773016,-0.012493849
2023-06-12,AMGN,-0.032634676,0.023666143,-0.0084046721
2023-06-12,CRM,0.0034017563,0.013538122,-0.013129771
2023-06-12,CSCO,-0.0018447638,0.0069116354,-0.017075062
2023-06-12,IBM,0.027702332,0.011088967,-0.0029345751
2023-06-12,INTC,-0.022401869,0.0039916039,-0.0026202798
2023-06-12,MSFT,-0.018476188,-0.019621015,-0.0075777769
2023-06-12,NKE,-0.029071391,0.015838027,-0.0062870979
2023-06-12,VZ,0.0083823204,0.0088269711,-0.0077655315
2023-06-12,WMT,-0.00093835592,0.0070574284,-0.0084021688
2023-06-13,AAPL,-0.0048280954,0.0005428791,-0.0031377673
2023-06-13,AMGN,-0.045424163,0.01047039,-0.019707799
2023-06-13,CRM,0.021699309,-0.002420485,0.0028967857
2023-06-13,CSCO,0.0084428787,0.0079860687,-0.02107197
2023-06-13,IBM,-0.016326845,0.012245536,-0.0018277764
2023-06-13,INTC,0.013624072,0.012969971,-0.00087589025
2023-06-13,MSFT,0.019295931,0.015261531,-0.01820296
2023-06-13,NKE,-0.0099332929,0.0097607374,-0.011695385
2023-06-13,VZ,0.0097205639,0.0086702108,-0.0088372827
2023-06-13,WMT,0.00022161007,-0.0016667843,-0.0074462891
2023-06-14,AAPL,0.027510643,0.022626042,-0.019972324
2023-06-14,AMGN,-0.011423767,0.026895046,-0.013744235
2023-06-14,CRM,-0.011382103,-0.0033419728,0.0086460114
2023-06-14,CSCO,0.022853613,0.016260386,-0.015140414
2023-06-14,IBM,-0.018875301,0.0031497478,0.0053238869
2023-06-14,INTC,0.033570647,0.00041842461,-0.023599803
2023-06-14,MSFT,0.0066998005,0.0078305006,-0.0058182478
2023-06-14,NKE,-0.012121797,0.0079301596,-0.019875884
2023-06-14,VZ,-0.011535764,0.0097506046,-0.01018244
2023-06-14,WMT,0.0036081076,0.020479798,-0.0073924661
2023-06-15,AAPL,-0.038427234,0.01973784,-0.023630083
2023-06-15,AMGN,-0.004763186,0.020221233,-0.0049257278
2023-06-15,CRM,-0.021914303,-0.017392457,-0.016940713
2023-06-15,CSCO,0.041857839,0.0083732605,-0.00054454803
2023-06-15,IBM,-0.022286534,0.011293054,-0.010969102
2023-06-15,INTC,0.0015420914,0.0016585588,-0.0062060356
2023-06-15,MSFT,0.0015377998,0.0012069941,-0.0020880103
2023-06-15,NKE,-0.0093511343,0.010073304,-0.0063696504
2023-06-15,VZ,0.001917243,-0.0044031143,-0.0033602715
2023-06-15,WMT,0.011072278,0.019371629,-0.0085016489
2023-06-16,AAPL,-0.0051968098,0.014019608,-0.0032346249
2023-06-16,AMGN,0.014921784,-0.0036918521,-0.0089004636
2023-06-16,CRM,-0.022828996,0.023023963,-0.026021004
2023-06-16,CSCO,0.027018547,0.0069973469,-0.02679944
2023-06-16,IBM,-0.011182368,-9.226799e-05,-0.016816199
2023-06-16,INTC,-0.035032809,0.021170139,-0.0037507415
2023-06-16,MSFT,-0.010640323,0.0092772245,-0.0073496103
2023-06-16,NKE,-0.0030626059,0.009505868,0.0043729544
2023-06-16,VZ,0.00070786476,0.0092207193,0.011049271
2023-06-16,WMT,-0.013001204,0.00098383427,-0.012585044
2023-06-20,AAPL,-0.025312603,-0.0055004358,-0.029041648
2023-06-20,AMGN,0.0027719736,0.0010168552,-0.025041699
2023-06-20,CRM,-0.050139725,0.012204051,-0.018836498
2023-06-20,CSCO,-0.018034041,0.013900161,-0.005844593
2023-06-20,IBM,-0.014481485,0.010931611,-0.008595407
2023-06-20,INTC,0.015509844,-0.010887444,-0.0048955679
2023-06-20,MSFT,-0.01401633,0.012133002,-0.028808773
2023-06-20,NKE,-0.0072927475,0.0096507072,0.0026960373
2023-06-20,VZ,-0.0058913827,0.0094115734,0.0039441586
2023-06-20,WMT,0.0040568113,0.0016940832,-0.013748109
2023-06-21,AAPL,0.019471169,-0.0027723908,-0.015889764
2023-06-21,AMGN,-0.039535403,0.022140741,-0.018411219
2023-06-21,CRM,-0.024712384,0.016219854,-0.03533566
2023-06-21,CSCO,-0.01546061,0.019640565,-0.0043274164
2023-06-21,IBM,-0.0050407648,0.01025176,-0.009937048
2023-06-21,INTC,-0.026542306,0.0034594536,0.0049681664
2023-06-21,MSFT,-0.0070233345,-0.011893094,-0.0030733347
2023-06-21,NKE,-0.017157316,0.0089503527,0.015919924
2023-06-21,VZ,-0.004514873,-0.0068131685,-0.0079801679
2023-06-21,WMT,0.0050100088,0.012614489,-0.0058398247
2023-06-22,AAPL,0.011627555,-0.0010807514,-0.00083726645
2023-06-22,AMGN,-0.02241075,0.00020980835,-0.012019455
2023-06-22,CRM,0.0016133785,-0.01206696,0.023869395
2023-06-22,CSCO,0.001331687,0.017735839,0.0033363104
2023-06-22,IBM,-0.0050977468,7.4386597e-05,-0.012610018
2023-06-22,INTC,0.00017774105,0.007506609,0.00049686432
2023-06-22,MSFT,-0.028073967,0.013046622,-0.02098459
2023-06-22,NKE,0.021055937,0.010417819,-0.014183939
2023-06-22,VZ,-0.0180583,0.0010356903,-0.0034427047
2023-06-22,WMT,0.0082432032,0.017059445,-0.010219872
2023-06-23,AAPL,0.044986486,0.01949954,-0.030141652
2023-06-23,AMGN,-0.0087227225,0.019843698,-0.0090153813
2023-06-23,CRM,0.030231118,0.018969417,-0.029810548
2023-06-23,CSCO,-0.0035887957,0.01108551,-0.00033015013
2023-06-23,IBM,-0.021688938,0.015773416,-0.0074515343
2023-06-23,INTC,-0.0095170736,0.028159857,-0.022451043
2023-06-23,MSFT,-0.0015378594,0.0019900799,-0.022927165
2023-06-23,NKE,0.012329102,0.01436162,-0.02407831
2023-06-23,VZ,-0.0047303438,0.017566204,-0.0083468556
2023-06-23,WMT,-0.009819448,0.0044826269,0.0060924292
2023-06-26,AAPL,0.012270689,0.02552712,-0.022039592
2023-06-26,AMGN,-0.0043594241,0.015043139,-0.0016711354
2023-06-26,CRM,-0.02026248,-0.0079922676,0.0061285496
2023-06-26,CSCO,-0.015185773,-0.0041223764,-0.011622488
2023-06-26,IBM,0.002204895,-0.0041102767,-0.0021793246
2023-06-26,INTC,0.017467856,-0.0089274645,-0.005183816
2023-06-26,MSFT,-0.018598676,0.017570376,-0.007311523
2023-06-26,NKE,-0.010963738,-0.0065327287,-0.00055164099
2023-06-26,VZ,-0.014364898,0.008754611,-0.0067773461
2023-06-26,WMT,0.023271322,-0.0033085942,-0.0013591647
2023-06-27,AAPL,-0.013011277,-0.0087836981,-0.026014209
2023-06-27,AMGN,0.028708458,-0.0036618114,-0.0040214658
2023-06-27,CRM,0.033414483,-0.012635708,-0.001219213
2023-06-27,CSCO,0.024795294,0.017339706,0.0014113188
2023-06-27,IBM,-0.025926352,0.0137254,-0.016425848
2023-06-27,INTC,0.0082128048,0.013453603,-0.02093333
2023-06-27,MSFT,-0.025416613,0.013910532,-0.0090698004
2023-06-27,NKE,0.0043805838,0.010578275,0.017225146
2023-06-27,VZ,-0.021141946,0.010167718,-0.0060824156
2023-06-27,WMT,-0.002176404,0.016139865,-0.0033729076
2023-06-28,AAPL,0.023493767,0.023095012,0.012393117
2023-06-28,AMGN,-0.0071027875,0.020126462,-0.0054455996
2023-06-28,CRM,-0.013054729,0.0033056736,-0.0053020716
2023-06-28,CSCO,-0.020175517,0.0047812462,-0.0027906895
2023-06-28,IBM,0.00071799755,0.013678074,-0.0018898845
2023-06-28,INTC,-0.00060194731,0.01797998,-0.017086148
2023-06-28,MSFT,0.0058065653,0.011542559,-0.031160831
2023-06-28,NKE,0.0087701082,0.0045044422,-0.0090019107
2023-06-28,VZ,0.0087515116,0.0077416897,-0.018855572
2023-06-28,WMT,-0.01305002,-0.00036495924,-0.00081771612
2023-06-29,AAPL,-0.0024549961,0.015299082,0.022864342
2023-06-29,AMGN,-0.0034013391,0.0064922571,-0.012465656
2023-06-29,CRM,0.0043312311,0.0081983805,-0.031843901
2023-06-29,CSCO,-0.015732944,-0.0066108704,0.0078237057
2023-06-29,IBM,-0.028006673,0.011890411,0.0016533136
2023-06-29,INTC,-0.015494287,-0.014208853,-0.007907033
2023-06-29,MSFT,-0.0017132163,0.011492491,-0.020753443
2023-06-29,NKE,-0.018134892,0.020569801,-0.032615483
2023-06-29,VZ,0.017548561,0.01228869,-0.0081084967
2023-06-29,WMT,-0.0082517862,0.00050258636,0.0034979582
2023-06-30,AAPL,-0.029606938,0.020619273,-0.013706982
2023-06-30,AMGN,-0.032889426,0.0069710016,-0.010252416
2023-06-30,CRM,0.0041642189,0.0207026,-0.032941878
2023-06-30,CSCO,-0.0039462447,-0.0059651136,-0.00081241131
2023-06-30,IBM,0.0014336109,0.021504879,-0.0033960342
2023-06-30,INTC,0.020676494,0.016701698,-0.0072177649
2023-06-30,MSFT,0.0036923885,0.013822794,-0.019903302
2023-06-30,NKE,0.018925309,-0.0052573681,-0.0085194111
2023-06-30,VZ,-0.013913214,-0.00035429001,-0.0056594014
2023-06-30,WMT,-0.0039410591,0.00011944771,0.0046465397
2023-07-03,AAPL,-0.02494216,0.020452023,0.0052032471
2023-07-03,AMGN,-0.0060622096,0.0082266331,0.0047075748
2023-07-03,CRM,0.00036811829,0.011244416,-0.017773271
2023-07-03,CSCO,-0.0022382736,0.010213375,-0.01839453
2023-07-03,IBM,-0.0273754,0.033102751,-0.020178854
2023-07-03,INTC,-7.4863434e-05,-0.0029290915,0.0086293221
2023-07-03,MSFT,-0.018066823,0.0062736273,-0.011282742
2023-07-03,NKE,0.026972651,0.026065707,-0.0092128515
2023-07-03,VZ,0.016348004,0.016392589,0.012678027
2023-07-03,WMT,0.019075394,0.0099573135,-0.025103271
2023-07-05,AAPL,-0.0098363757,0.0047829151,0.0015664101
2023-07-05,AMGN,0.014221668,0.024589181,0.00046896935
2023-07-05,CRM,0.058652043,0.0011918545,-0.039111614
2023-07-05,CSCO,0.017074347,0.01373601,-0.02495718
2023-07-05,IBM,-0.00029951334,0.0070831776,-0.0085317492
2023-07-05,INTC,0.015779614,0.031854391,-0.0041445494
2023-07-05,MSFT,-0.015506923,0.0064907074,-0.0083352327
2023-07-05,NKE,0.0031067133,0.0064189434,0.0045214891
2023-07-05,VZ,-0.005540669,0.0032683611,-0.019508123
2023-07-05,WMT,-0.01625663,0.0066492558,0.011620641
2023-07-06,AAPL,0.013519168,0.00068354607,-0.016744614
2023-07-06,AMGN,-0.0022062659,0.013903737,-0.0092594624
2023-07-06,CRM,0.02508831,0.033063054,-0.0080245733
2023-07-06,CSCO,0.032838345,-0.0040134192,-0.013312876
2023-07-06,IBM,-0.00016921759,0.014189839,0.016680717
2023-07-06,INTC,-0.022364974,0.018033624,0.0099829435
2023-07-06,MSFT,-0.020888686,0.0064361095,-0.031010926
2023-07-06,NKE,0.0070594549,-0.015334368,0.0015784502
2023-07-06,VZ,0.012392998,-0.0058096051,-0.019564092
2023-07-06,WMT,0.00012731552,0.007453084,-0.004992485
2023-07-07,AAPL,-0.0038744807,0.0037658215,-0.018080115
2023-07-07,AMGN,-0.010901749,0.014124632,-0.012496054
2023-07-07,CRM,0.014174104,0.02122438,-0.027110636
2023-07-07,CSCO,-0.011589408,0.031086802,0.0075615644
2023-07-07,IBM,-0.0074583888,0.018173575,-0.0017134547
2023-07-07,INTC,0.035995841,0.0032063723,-0.017631829
2023-07-07,MSFT,0.011386633,0.0029174089,-0.012495399
2023-07-07,NKE,-0.027868092,0.0066661835,-0.016773999
2023-07-07,VZ,-0.02273339,0.018784046,-0.0019811392
2023-07-07,WMT,0.015559793,-0.0021184087,-0.0067964792
2023-07-10,AAPL,-0.0057770014,-0.0027987361,0.013986707
2023-07-10,AMGN,-0.021515489,-0.0090938807,-0.0080236793
2023-07-10,CRM,0.017185211,0.011214375,-0.028771877
2023-07-10,CSCO,-0.022906899,0.015053391,-0.013827264
2023-07-10,IBM,0.010602951,0.0093364716,-0.016583264
2023-07-10,INTC,0.0037499666,-0.0047738552,-0.0083009601
2023-07-10,MSFT,-0.011015713,0.006254077,-0.0015518069
2023-07-10,NKE,0.0086443424,-0.0044796467,-0.013754249
2023-07-10,VZ,0.004362464,0.01512599,0.0024000406
2023-07-10,WMT,0.017714024,0.0042985678,-0.012015224
2023-07-11,AAPL,0.0010054111,0.012187958,-0.015929759
2023-07-11,AMGN,-0.023941219,0.01612556,-0.018580854
2023-07-11,CRM,0.016476631,0.048758268,-0.0071088076
2023-07-11,CSCO,-0.011694431,0.0032732487,-0.00078767538
2023-07-11,IBM,0.0037918091,0.0066661835,-0.012528479
2023-07-11,INTC,0.0076780319,0.014385223,-0.0084559917
2023-07-11,MSFT,0.0016887188,-0.0027996302,0.00327003
2023-07-11,NKE,0.013581395,0.0037256479,-0.022907376
2023-07-11,VZ,0.0084141493,0.01028204,-0.0065715909
2023-07-11,WMT,-0.030519128,0.0054825544,-0.00032067299
2023-07-12,AAPL,0.0073029995,0.0073555708,0.0023171902
2023-07-12,AMGN,0.0086343288,-0.0036506057,-0.012950063
2023-07-12,CRM,-0.022256494,0.010549188,-0.019045711
2023-07-12,CSCO,-0.016437411,-0.0040450096,-0.0034620166
2023-07-12,IBM,-0.01312089,-0.0047864914,0.00018000603
2023-07-12,INTC,0.0045149326,0.0068026781,-0.0070663691
2023-07-12,MSFT,0.002650857,0.022071123,-0.023774326
2023-07-12,NKE,-0.0055673122,0.011306405,0.0068833828
2023-07-12,VZ,-0.0011411309,0.0064474344,-0.019286633
2023-07-12,WMT,0.0077331066,0.011113763,-0.009349823
2023-07-13,AAPL,0.01754725,0.0054759979,0.0059838295
2023-07-13,AMGN,-0.023518622,0.0072375536,-0.014089465
2023-07-13,CRM,-0.011050224,0.020735145,-0.019749284
2023-07-13,CSCO,0.0069890022,0.0031137466,-0.0063582659
2023-07-13,IBM,0.0065342188,0.004270196,-0.02389276
2023-07-13,INTC,0.016612649,0.0059325695,-0.0041880608
2023-07-13,MSFT,-0.026457965,0.0037457943,-0.017012358
2023-07-13,NKE,0.014067054,-0.0019805431,-0.012318492
2023-07-13,VZ,-0.018866241,0.0039801598,-0.0091395378
2023-07-13,WMT,-0.021704614,0.0076190233,-0.020629048
2023-07-14,AAPL,0.011605978,0.03051877,-0.00059133768
2023-07-14,AMGN,0.0097618103,0.016225576,-0.0046755672
2023-07-14,CRM,0.030900478,-0.0053846836,-0.0029299855
2023-07-14,CSCO,-0.027014971,0.012273312,-0.013170004
2023-07-14,IBM,0.0060634613,0.012286186,-0.013216197
2023-07-14,INTC,0.0059998035,0.021787763,0.0020461082
2023-07-14,MSFT,-7.7724457e-05,0.0003465414,-0.011910617
2023-07-14,NKE,-0.0074502826,0.010474443,-0.019561887
2023-07-14,VZ,0.013394833,0.010486245,-0.014349043
2023-07-14,WMT,0.01282382,0.0043027401,-0.0055452585
2023-07-17,AAPL,0.0076751709,0.019714952,0.0013933182
2023-07-17,AMGN,-0.011669934,0.01354897,-0.00071030855
2023-07-17,CRM,-0.039936721,0.0061856508,-0.042747617
2023-07-17,CSCO,0.00086569786,-0.0016664267,0.0029964447
2023-07-17,IBM,-0.0043016076,0.0060609579,-0.017354548
2023-07-17,INTC,0.031831622,0.017033219,-0.018441617
2023-07-17,MSFT,-0.018214703,0.0085419416,-0.015829742
2023-07-17,NKE,-0.0041978359,0.012267947,-0.018753707
2023-07-17,VZ,0.013787866,-0.00079852343,-0.018760681
2023-07-17,WMT,0.0022959709,0.026424289,0.014561415
2023-07-18,AAPL,0.016543984,-0.001424253,-0.0075567961
2023-07-18,AMGN,-0.0067850947,0.016232491,-0.010464132
2023-07-18,CRM,0.03549397,0.0072813034,-0.038949311
2023-07-18,CSCO,0.0057866573,0.0059437752,-0.0075471401
2023-07-18,IBM,-0.014509737,0.021641135,-0.0099902749
2023-07-18,INTC,-0.0025410652,0.0071095228,-0.00082218647
2023-07-18,MSFT,-0.027551651,0.0020291805,-0.0071839094
2023-07-18,NKE,0.0015375614,0.0062394142,0.0029699802
2023-07-18,VZ,-0.0047485232,0.019875765,-0.033728004
2023-07-18,WMT,-0.0024460554,-0.0083861351,-0.0093287826
2023-07-19,AAPL,-0.0032128096,0.023845196,0.0091118813
2023-07-19,AMGN,0.005772233,0.01900506,0.00040662289
2023-07-19,CRM,-0.026044965,0.0022704601,-0.0040236712
2023-07-19,CSCO,-0.048393548,-0.00028306246,-0.016699493
2023-07-19,IBM,-0.011293888,0.014252186,0.00033581257
2023-07-19,INTC,0.01801908,0.011896372,-0.042576313
2023-07-19,MSFT,0.036630511,-0.00085026026,-0.010647893
2023-07-19,NKE,-0.028475404,0.0018767118,-0.018574536
2023-07-19,VZ,-0.0038555264,0.009706378,-0.018275499
2023-07-19,WMT,0.0036200285,-0.006264627,-0.013549268
2023-07-20,AAPL,0.011411071,0.0030103922,-0.015390158
2023-07-20,AMGN,-0.035669208,0.00776124,-0.023117125
2023-07-20,CRM,-0.011556029,-0.0069560409,-0.04212147
2023-07-20,CSCO,0.0078676939,-0.0050805211,-0.0015714169
2023-07-20,IBM,-0.023828447,0.016314507,0.0064624548
2023-07-20,INTC,-0.019748211,-0.0039033294,-0.0076819658
2023-07-20,MSFT,-0.0085781813,0.0017825365,-0.0084072948
2023-07-20,NKE,-0.0090471506,0.0064487457,-0.0071184635
2023-07-20,VZ,-0.020648718,-0.00084334612,-0.012117267
2023-07-20,WMT,-0.001177609,0.0088222027,-0.0073657632
2023-07-21,AAPL,0.00080502033,0.02663815,-0.033266127
2023-07-21,AMGN,-0.013289571,0.030083299,0.0090346336
2023-07-21,CRM,0.0087586641,-0.010218441,-0.044329703
2023-07-21,CSCO,0.01490581,-0.0053712726,-0.011686265
2023-07-21,IBM,-0.0051496029,0.013674736,0.0035007
2023-07-21,INTC,-0.0045756698,-0.0012181401,-0.0030445457
2023-07-21,MSFT,0.001511693,9.5367432e-06,-0.011917293
2023-07-21,NKE,0.0062505007,0.017163873,0.0025154352
2023-07-21,VZ,-0.030123949,0.012580991,-0.015194297
2023-07-21,WMT,0.0010750294,0.019827366,0.0037724972
2023-07-24,AAPL,-0.0099999309,-0.010059237,2.5629997e-05
2023-07-24,AMGN,-0.022005737,0.0026878119,4.6491623e-05
2023-07-24,CRM,-0.023094475,-0.006114006,0.0029276609
2023-07-24,CSCO,-0.0062967539,0.0067561865,-0.010268152
2023-07-24,IBM,-0.030961454,0.0026113987,-0.020350277
2023-07-24,INTC,0.034607291,0.015044808,-0.022434533
2023-07-24,MSFT,0.018407822,-0.013106585,-0.021531582
2023-07-24,NKE,-0.024906993,0.010597229,0.0022926331
2023-07-24,VZ,-0.0042431355,-0.0078246593,0.0069519281
2023-07-24,WMT,0.012694716,0.001413703,-0.0021127462
2023-07-25,AAPL,0.0074436665,0.00061070919,-0.0090739131
2023-07-25,AMGN,-0.0026363134,-0.0082144737,-0.0083317757
2023-07-25,CRM,-0.013950825,0.0078573227,-0.017903328
2023-07-25,CSCO,-0.036363721,-0.0054708123,-0.0020723939
2023-07-25,IBM,0.0079647303,0.0027195215,-0.0054380298
2023-07-25,INTC,0.014944673,0.029575944,-0.0053955913
2023-07-25,MSFT,0.020858169,0.0049530268,-0.011138022
2023-07-25,NKE,-0.013267338,0.015139699,-0.010575235
2023-07-25,VZ,-0.0056459308,0.020221353,-0.013692498
2023-07-25,WMT,-0.012776613,0.0054255724,0.0055017471
2023-07-26,AAPL,-0.0027599931,0.0079243183,-0.0073012114
2023-07-26,AMGN,-0.0062848926,0.035567522,-0.013498247
2023-07-26,CRM,-0.033670425,0.011409044,-0.015530944
2023-07-26,CSCO,0.010033727,0.028316975,-0.011051953
2023-07-26,IBM,0.0031350851,0.0097750425,-0.015682697
2023-07-26,INTC,0.0062987804,0.026057959,-0.01461786
2023-07-26,MSFT,0.021749258,0.017827988,-0.019095719
2023-07-26,NKE,0.0025318861,0.030204535,8.72612e-05
2023-07-26,VZ,-0.0078521967,-0.0027440786,-0.012589693
2023-07-26,WMT,0.0015858412,0.019187093,-0.011245728
2023-07-27,AAPL,0.003857255,-0.0083668232,-0.021645308
2023-07-27,AMGN,-0.020558178,-0.0015704036,-0.018180549
2023-07-27,CRM,-0.025374115,0.018962026,-0.021364033
2023-07-27,CSCO,-0.012632191,0.0091754198,0.011515975
2023-07-27,IBM,-0.015904784,-0.0014021397,-0.012008369
2023-07-27,INTC,-0.014418364,0.0030758381,-0.011197627
2023-07-27,MSFT,0.016978145,0.0050017834,-0.011126518
2023-07-27,NKE,-0.0092784166,-0.010415316,0.0062507391
2023-07-27,VZ,-0.010943353,0.012244344,-0.0046333075
2023-07-27,WMT,0.012362719,-0.00015515089,-0.011943042
2023-07-28,AAPL,0.0020521879,-0.0025636554,0.0023620129
2023-07-28,AMGN,0.0012807846,0.0071614981,-0.0063249469
2023-07-28,CRM,0.0051558018,-0.024471402,0.012436628
2023-07-28,CSCO,-0.010391653,0.0049840212,-0.011539102
2023-07-28,IBM,-0.0068449974,0.0091340542,-0.013885021
2023-07-28,INTC,0.0044072866,-0.0048174858,-0.023181617
2023-07-28,MSFT,-0.0032386184,0.0054841042,-0.012913227
2023-07-28,NKE,0.0020258427,0.016032457,-0.001726985
2023-07-28,VZ,0.019661188,0.0030525923,-0.0055083632
2023-07-28,WMT,0.015336037,0.019770503,-0.019741714
2023-07-31,AAPL,-0.01474303,-0.012198746,-0.034869969
2023-07-31,AMGN,0.01358521,0.010583162,0.0003156662
2023-07-31,CRM,0.0060768127,0.01474607,0.017773628
2023-07-31,CSCO,0.0040332079,0.0053304434,0.014846444
2023-07-31,IBM,0.0070599318,0.002473712,-0.017353177
2023-07-31,INTC,-0.051195741,0.012832284,-0.016689837
2023-07-31,MSFT,0.0051059723,0.0057277679,-0.019566178
2023-07-31,NKE,0.012144566,-0.0033864975,-0.0082983375
2023-07-31,VZ,-0.012369156,0.003708601,-0.0096495748
2023-07-31,WMT,0.0010944605,0.007517457,-0.014665306
2023-08-01,AAPL,-0.016067147,0.0030345917,-0.00055468082
2023-08-01,AMGN,0.0034945011,0.0071662664,-0.015405893
2023-08-01,CRM,-0.02971983,-0.00044721365,-0.019156158
2023-08-01,CSCO,0.0093665123,0.0060209036,0.0042737722
2023-08-01,IBM,0.0040786266,0.012443662,-0.011083961
2023-08-01,INTC,-0.0086616278,0.009565115,-0.014586687
2023-08-01,MSFT,-0.0022153258,0.015847445,-0.0014139414
2023-08-01,NKE,0.015408397,0.019658208,-0.018186569
2023-08-01,VZ,0.0038230419,0.016064286,-0.021036267
2023-08-01,WMT,-0.028817654,0.0019198656,-0.020389378
2023-08-02,AAPL,-0.0016640425,0.026361585,-0.0092630386
2023-08-02,AMGN,-0.017930984,0.010199785,-0.013373733
2023-08-02,CRM,0.021629333,0.029696584,-0.026128173
2023-08-02,CSCO,-0.021859646,0.0052210093,-0.010603726
2023-08-02,IBM,0.014485478,0.00042259693,-0.0005800128
2023-08-02,INTC,-0.010568976,0.0069073439,-0.017546237
2023-08-02,MSFT,-0.026663125,0.016617417,-0.022800326
2023-08-02,NKE,0.00053799152,0.024320602,-0.0082660913
2023-08-02,VZ,0.0032570362,0.0038552284,-0.0091369748
2023-08-02,WMT,0.0018855333,-0.002954483,-0.0073775649
2023-08-03,AAPL,0.0031369925,0.020859718,-0.01375407
2023-08-03,AMGN,0.010773659,0.022675753,0.0003143549
2023-08-03,CRM,-0.037075341,0.026904941,0.0056387186
2023-08-03,CSCO,-0.010010183,0.0116539,-0.007555902
2023-08-03,IBM,0.0043517351,0.0053447485,0.001934886
2023-08-03,INTC,-0.023608804,0.026863098,-0.031469405
2023-08-03,MSFT,0.015048862,0.023580074,-0.011806309
2023-08-03,NKE,0.0014197826,0.032315969,0.0011878014
2023-08-03,VZ,-0.025956333,0.017429948,-0.0090799332
2023-08-03,WMT,0.0095543861,0.0021573305,-0.01316309
2023-08-04,AAPL,-0.0061280131,-0.014151633,-0.015199006
2023-08-04,AMGN,0.0053957701,0.0067362785,-0.010461509
2023-08-04,CRM,-0.035698175,0.022018433,-0.012135923
2023-08-04,CSCO,0.0060440302,-0.00029784441,-0.021665692
2023-08-04,IBM,0.01826489,0.021382332,-0.00073391199
2023-08-04,INTC,-0.013516366,0.0084060431,-0.012969255
2023-08-04,MSFT,0.014711022,0.022285342,-0.0055809021
2023-08-04,NKE,-0.019255757,0.011292577,0.030652285
2023-08-04,VZ,0.0037715435,0.0049710274,-0.022092223
2023-08-04,WMT,0.0013773441,-0.0051772594,-0.0077462792
2023-08-07,AAPL,-0.01031673,0.0157727,-0.027574778
2023-08-07,AMGN,-0.015372276,0.016914129,-0.013454676
2023-08-07,CRM,-0.014215946,0.00062572956,-0.0085005164
2023-08-07,CSCO,0.00076019764,-0.0079433322,-0.01808691
2023-08-07,IBM,0.013768435,0.012192965,0.0056072474
2023-08-07,INTC,-0.0012906194,0.0072405338,0.0032045841
2023-08-07,MSFT,-0.018452108,0.0010983944,-0.010115445
2023-08-07,NKE,-0.00027638674,0.015493989,-0.013172686
2023-08-07,VZ,-0.018129051,-0.011392891,-0.00687778
2023-08-07,WMT,-0.00023216009,0.0047469139,-0.014296532
2023-08-08,AAPL,-0.0057043433,0.0021386147,-0.015788734
2023-08-08,AMGN,-0.0043620467,0.034067988,0.018836379
2023-08-08,CRM,0.0039826632,0.0090640783,-0.0058765411
2023-08-08,CSCO,0.0055662394,0.01512754,-0.0072906017
2023-08-08,IBM,0.0071187019,0.0023158789,-0.0017384887
2023-08-08,INTC,0.02623713,0.016668439,0.0022566319
2023-08-08,MSFT,-0.0090057254,0.004773736,-0.011706471
2023-08-08,NKE,-0.014988422,0.0092896223,-0.01821804
2023-08-08,VZ,0.0087436438,-0.010083079,0.00013387203
2023-08-08,WMT,-0.0032368898,0.0081129074,-0.0088552237
2023-08-09,AAPL,0.04080987,0.025910258,-0.0095223784
2023-08-09,AMGN,0.017077684,0.0052264929,-0.0031588078
2023-08-09,CRM,0.00046336651,-0.002351284,-0.0060634017
2023-08-09,CSCO,-0.0096424222,0.019069076,-0.030112803
2023-08-09,IBM,-0.011835098,0.0032939911,-0.0030882955
2023-08-09,INTC,-0.0072453022,0.023555994,-0.010581255
2023-08-09,MSFT,0.014221668,-0.0033448935,0.0076076984
2023-08-09,NKE,0.017379403,-0.0075565577,-0.0014910102
2023-08-09,VZ,0.0075211525,0.026408672,-0.0084037781
2023-08-09,WMT,-0.012340009,0.01105237,-0.0081890225
2023-08-10,AAPL,-0.004348278,0.011268973,-0.01805073
2023-08-10,AMGN,-0.026671767,0.031629443,-0.00012230873
2023-08-10,CRM,0.029676199,-0.0071839094,-0.013272643
2023-08-10,CSCO,0.010933757,0.0093064308,0.0073143244
2023-08-10,IBM,-0.019330323,0.017678499,-0.00027805567
2023-08-10,INTC,0.0061855316,0.010608673,-0.015796661
2023-08-10,MSFT,0.017594576,0.0050362349,0.0020204782
2023-08-10,NKE,0.0013481379,0.0076172352,-0.011300027
2023-08-10,VZ,-0.002307415,0.0059665442,-0.013826847
2023-08-10,WMT,-0.00092464685,0.017251849,0.0036936998
2023-08-11,AAPL,0.00041818619,0.021058202,-0.038051724
2023-08-11,AMGN,0.017492652,0.023454547,-0.0073210001
2023-08-11,CRM,0.04668653,0.027702689,0.024902701
2023-08-11,CSCO,0.008379221,0.024147987,-0.0077626705
2023-08-11,IBM,-0.021981239,0.0092064142,-0.0060241222
2023-08-11,INTC,0.0082368851,0.012068629,-0.00017994642
2023-08-11,MSFT,-0.0070350766,0.0099798441,-0.023769319
2023-08-11,NKE,0.0049517155,-0.009514451,0.00041377544
2023-08-11,VZ,-0.011401176,0.018719077,-0.015773058
2023-08-11,WMT,1.1920929e-06,-0.0017604828,0.00079441071
2023-08-14,AAPL,-0.021904469,0.036251903,-0.016266227
2023-08-14,AMGN,0.0029642582,0.016727924,0.013952732
2023-08-14,CRM,-0.016549528,-0.014919043,-0.0006005168
2023-08-14,CSCO,-0.0049241781,-0.0036059618,-0.009601891
2023-08-14,IBM,-0.0057207942,0.0033999681,0.010800362
2023-08-14,INTC,0.017282724,0.021892309,-0.012346089
2023-08-14,MSFT,0.042908192,0.0066728592,-0.015977502
2023-08-14,NKE,0.030080557,0.016526222,-0.029684126
2023-08-14,VZ,-0.0057854652,0.015349746,-0.0025432706
2023-08-14,WMT,-0.030776262,0.0021442175,-0.0093839765
2023-08-15,AAPL,-0.014633358,-0.014350832,-0.011314571
2023-08-15,AMGN,0.0035657883,0.013326526,-0.0023168921
2023-08-15,CRM,-0.050091386,-0.0023913383,-0.036352515
2023-08-15,CSCO,-0.0074093938,-0.0044836402,-0.0053437948
2023-08-15,IBM,-0.013044477,0.00327003,0.0015136003
2023-08-15,INTC,-0.0044957399,-0.001937449,-0.0019999146
2023-08-15,MSFT,0.0095282793,0.023278713,0.0014766455
2023-08-15,NKE,-0.0046482682,0.01417923,0.0063886642
2023-08-15,VZ,-0.018893063,0.015293956,-0.010677576
2023-08-15,WMT,-0.0081574917,0.00292027,-0.012053728
2023-08-16,AAPL,-0.0053583384,0.023536921,-0.01316452
2023-08-16,AMGN,-0.014086127,0.023537755,-0.030342102
2023-08-16,CRM,0.033844233,-0.0072656274,-0.017772675
2023-08-16,CSCO,0.017926931,0.018230438,-0.020634651
2023-08-16,IBM,0.007247448,0.013445735,-0.013492048
2023-08-16,INTC,0.012187123,0.02231133,-0.024017334
2023-08-16,MSFT,0.019240618,0.010447025,0.00067543983
2023-08-16,NKE,0.011631131,0.0054793358,-0.024579465
2023-08-16,VZ,-0.011546075,0.008742094,0.011623859
2023-08-16,WMT,-0.02616334,0.0097024441,0.0028544664
2023-08-17,AAPL,-0.0099180341,0.035549164,-0.019094944
2023-08-17,AMGN,-0.010084569,0.015213609,-0.01978755
2023-08-17,CRM,-0.0074919462,0.022135735,0.010833979
2023-08-17,CSCO,0.014498711,0.013491869,-0.0044519305
2023-08-17,IBM,0.0031028986,0.031377792,-0.01131314
2023-08-17,INTC,0.0053977966,0.028638363,-0.015853882
2023-08-17,MSFT,-0.002615869,0.0046346188,-0.010516405
2023-08-17,NKE,0.0048625469,0.0087008476,-0.014128089
2023-08-17,VZ,-0.0030670166,0.021184444,-0.01408726
2023-08-17,WMT,-0.0083551407,0.0055692196,-0.0058158636
2023-08-18,AAPL,0.038345814,-0.0098211765,-0.006691277
2023-08-18,AMGN,0.030664325,0.03367579,-0.0011979342
2023-08-18,CRM,-0.014947772,0.0092802048,-0.0043780804
2023-08-18,CSCO,0.0096905231,0.017494798,-0.0037040114
2023-08-18,IBM,-0.010292232,0.019695997,0.0003528595
2023-08-18,INTC,0.0071668625,0.013768196,-0.016376674
2023-08-18,MSFT,0.027092814,0.0035225153,-0.00042641163
2023-08-18,NKE,0.0067032576,-0.0030829906,-0.004779458
2023-08-18,VZ,-0.0011843443,-0.0072486401,-0.018631876
2023-08-18,WMT,-0.0055736899,0.0066206455,-0.002587676
2023-08-21,AAPL,-0.0023346543,0.02656579,-0.022337079
2023-08-21,AMGN,0.018051982,0.024265647,0.0086461306
2023-08-21,CRM,-0.0093992352,0.018437743,-0.024318755
2023-08-21,CSCO,0.012663484,-0.014939725,-0.016377211
2023-08-21,IBM,0.0012077093,7.212162e-05,-0.0030972958
2023-08-21,INTC,0.023436308,0.0054109097,-0.021306515
2023-08-21,MSFT,0.0042610168,0.0028924942,-0.01114428
2023-08-21,NKE,0.0010877848,0.014886618,0.0010181665
2023-08-21,VZ,-0.0044510365,0.0050383806,-0.0072589517
2023-08-21,WMT,0.027766943,0.014484644,-0.0071890354
2023-08-22,AAPL,-0.026022494,0.027397513,-0.010751903
2023-08-22,AMGN,-0.01296401,0.025354385,-0.021505237
2023-08-22,CRM,0.025508523,0.0058721304,0.017153621
2023-08-22,CSCO,-0.041992247,0.0038704872,-0.023083746
2023-08-22,IBM,0.01657784,0.011168242,-0.0056028962
2023-08-22,INTC,0.011646509,0.01931262,-0.02073276
2023-08-22,MSFT,-0.0094174743,0.011693835,-0.0016912222
2023-08-22,NKE,0.0042899847,0.0053106546,-0.0058897138
2023-08-22,VZ,-0.029287457,0.0096943378,0.0083947182
2023-08-22,WMT,-0.00094741583,-0.0047681928,-0.0023667216
2023-08-23,AAPL,-0.0030974746,0.013326049,-0.012470365
2023-08-23,AMGN,-0.017175555,0.026200056,-0.00060385466
2023-08-23,CRM,0.024916649,0.013840556,-0.027533233
2023-08-23,CSCO,-0.0060247779,-0.0036427975,0.0064110756
2023-08-23,IBM,0.0051020384,0.0074185133,-0.010237336
2023-08-23,INTC,0.0018701553,0.01585114,-0.01380074
2023-08-23,MSFT,0.013320088,0.0082609653,-0.012610316
2023-08-23,NKE,0.015128851,0.032437921,0.0060611963
2023-08-23,VZ,-0.015192151,0.029423952,-0.0061733723
2023-08-23,WMT,0.0023064613,-0.0074484944,-0.014835477
2023-08-24,AAPL,-0.02108413,0.013913512,-0.029955268
2023-08-24,AMGN,0.0028820038,0.0093239546,0.011099458
2023-08-24,CRM,0.008019805,0.01896131,-0.027912199
2023-08-24,CSCO,-0.031575322,0.005140543,-0.021002352
2023-08-24,IBM,0.005399704,0.01838553,-0.0088572502
2023-08-24,INTC,0.020221472,0.0016537905,-0.011609197
2023-08-24,MSFT,0.016973734,0.0076842308,-0.024303019
2023-08-24,NKE,-0.0094783902,0.016374946,0.022652268
2023-08-24,VZ,-0.0037004352,0.0089447498,-0.030050874
2023-08-24,WMT,0.0049985647,0.012025356,-0.0079360604
2023-08-25,AAPL,0.014012456,0.010295868,-0.014998019
2023-08-25,AMGN,0.014243245,0.023457885,-0.016114116
2023-08-25,CRM,0.030897617,0.008282423,-0.070349813
2023-08-25,CSCO,-0.0012922883,-0.014123261,-0.0009123683
2023-08-25,IBM,0.0054631233,0.0047518015,-0.019660711
2023-08-25,INTC,-0.011262119,0.031678319,-0.0018584132
2023-08-25,MSFT,0.018927813,0.0029006004,-0.031948686
2023-08-25,NKE,-0.0091997385,0.012336373,-0.029628813
2023-08-25,VZ,-0.016486049,0.0004940033,0.0014033318
2023-08-25,WMT,0.00029826164,0.015341401,-0.0016134381
2023-08-28,AAPL,0.0071260929,0.0083324909,-0.023976862
2023-08-28,AMGN,0.011578679,0.0086112022,-0.002920568
2023-08-28,CRM,0.0044603348,0.023426771,-0.023083031
2023-08-28,CSCO,0.0062770844,0.01462698,-0.021636426
2023-08-28,IBM,0.0085631609,0.0084687471,-0.0068259835
2023-08-28,INTC,0.0033671856,-0.0078201294,-0.00051552057
2023-08-28,MSFT,0.025451303,0.0046098232,-0.00085294247
2023-08-28,NKE,-0.0061805248,-0.0059325099,-0.00030505657
2023-08-28,VZ,-0.026860058,0.013173938,-0.024442017
2023-08-28,WMT,-0.0033167601,0.010389209,-0.013686895
2023-08-29,AAPL,0.0066001415,0.012077332,-0.027900279
2023-08-29,AMGN,0.017094016,0.021380544,-0.0012457967
2023-08-29,CRM,0.015974045,0.022464514,-0.013919532
2023-08-29,CSCO,-0.013819218,0.014262199,0.011116505
2023-08-29,IBM,0.0031009912,0.012789607,-0.012973011
2023-08-29,INTC,-0.011624932,0.0090297461,-0.020957351
2023-08-29,MSFT,0.010344863,0.015946627,-0.0076497197
2023-08-29,NKE,-0.010822237,-0.0034036636,0.0046066046
2023-08-29,VZ,-0.0045281649,0.01367557,0.0040550232
2023-08-29,WMT,-0.0031701326,-0.0034726262,-0.0090699792
2023-08-30,AAPL,-0.0066390634,0.022904158,-0.031909049
2023-08-30,AMGN,-0.0054127574,-0.0055397153,0.0035284758
2023-08-30,CRM,-0.016059339,0.016243935,-0.046750486
2023-08-30,CSCO,-0.012447178,0.0013164282,-0.00021725893
2023-08-30,IBM,0.0026458502,0.0055804253,0.00021982193
2023-08-30,INTC,0.033145666,0.01548028,-0.027271092
2023-08-30,MSFT,0.024966002,0.012180924,-0.0093942881
2023-08-30,NKE,-0.01550746,0.018179655,-0.013303876
2023-08-30,VZ,-0.013319433,0.01222384,-0.017779946
2023-08-30,WMT,0.008286953,0.0087324381,-0.016342938
2023-08-31,AAPL,0.0096343756,0.027290344,-0.018846691
2023-08-31,AMGN,-0.0051347017,0.010956287,-0.013831556
2023-08-31,CRM,-0.028796673,0.0045255423,-0.03071034
2023-08-31,CSCO,0.014611363,-0.0068810582,-0.015989065
2023-08-31,IBM,-0.015787303,0.010063887,-0.0061677098
2023-08-31,INTC,-0.0083242059,-0.012096047,-0.0075665116
2023-08-31,MSFT,-0.0044205785,0.0084916353,-0.030980706
2023-08-31,NKE,0.0012249947,0.0092829466,-0.0083214641
2023-08-31,VZ,-0.0026318431,0.0094014406,-0.013643444
2023-08-31,WMT,-0.02048862,0.00071871281,-0.00044506788
2023-09-01,AAPL,0.04837203,-0.0062505603,-0.021176457
2023-09-01,AMGN,-0.0058413148,0.020063281,-0.010285974
2023-09-01,CRM,-0.05309552,0.043711543,0.0081959963
2023-09-01,CSCO,-0.0092469454,0.015484929,-0.010883093
2023-09-01,IBM,-0.0069373846,0.0054235458,0.0051611662
2023-09-01,INTC,0.010546207,0.0010780096,-0.021842837
2023-09-01,MSFT,-0.0095707178,0.018653512,-0.011866331
2023-09-01,NKE,-0.018654823,0.011734247,-0.0094491243
2023-09-01,VZ,0.00069832802,0.0094331503,0.0033547878
2023-09-01,WMT,0.018925548,0.0029513836,-0.003506422
2023-09-05,AAPL,0.019942999,0.025101423,-0.030707777
2023-09-05,AMGN,-0.016554534,0.010287523,-0.0050831437
2023-09-05,CRM,-0.028777003,-0.014976323,-0.025263727
2023-09-05,CSCO,0.011992455,-0.00014698505,-0.0055621266
2023-09-05,IBM,-0.00077283382,0.013408184,-0.021315455
2023-09-05,INTC,-0.007378161,-0.010443985,-0.0054559708
2023-09-05,MSFT,0.0098327398,-0.0055660009,-0.0041735768
2023-09-05,NKE,-0.015161812,0.0074683428,-0.0058346391
2023-09-05,VZ,0.015948176,0.02157414,-0.016135335
2023-09-05,WMT,-0.0067435503,0.017303944,0.012730956
2023-09-06,AAPL,0.0013141632,0.0017293692,-0.0087914467
2023-09-06,AMGN,0.0029759407,-0.0047230124,-0.01918298
2023-09-06,CRM,-0.00036334991,0.028981805,-0.012046456
2023-09-06,CSCO,0.029018044,0.013138175,0.0056861639
2023-09-06,IBM,-0.0046473742,0.010372758,-0.014487565
2023-09-06,INTC,0.028213978,0.025064945,0.016067266
2023-09-06,MSFT,0.02591908,0.0071276426,-0.014031887
2023-09-06,NKE,-0.0076457262,0.002655983,-0.013562202
2023-09-06,VZ,-0.010777414,0.019091487,-0.00091725588
2023-09-06,WMT,-0.0076578856,0.0028129816,-0.0036987066
2023-09-07,AAPL,-0.019594729,0.025059342,-0.040358424
2023-09-07,AMGN,-0.017984211,0.017114997,0.0066518784
2023-09-07,CRM,-0.0056605935,0.015150309,-0.027339637
2023-09-07,CSCO,0.01543057,0.0237602,-0.026366174
2023-09-07,IBM,0.0017223358,0.0016517639,0.0026962757
2023-09-07,INTC,0.013183832,-0.0013234615,-0.012098253
2023-09-07,MSFT,0.012853146,0.018579483,-0.0212695
2023-09-07,NKE,-0.013584375,0.01503253,-0.0037460327
2023-09-07,VZ,-0.0073934197,0.021276355,0.0044950247
2023-09-07,WMT,-0.014923811,3.2067299e-05,-0.0019343495
2023-09-08,AAPL,0.0023531914,0.016135216,-0.0087833405
2023-09-08,AMGN,-0.00084847212,0.0086346865,0.0029729605
2023-09-08,CRM,-5.0783157e-05,-0.031986475,-0.016144395
2023-09-08,CSCO,-0.027701259,-0.0059979558,-0.010388374
2023-09-08,IBM,-0.016521394,0.0094447136,-0.021465123
2023-09-08,INTC,-0.0086882114,0.022319317,-0.018000424
2023-09-08,MSFT,0.013791203,0.023291349,-0.0073009729
2023-09-08,NKE,-0.0031840801,0.028863549,-0.01183778
2023-09-08,VZ,-0.031760752,0.0046931505,-0.0090242028
2023-09-08,WMT,-0.021546721,0.00083220005,-0.0094497204
2023-09-11,AAPL,0.047700763,-0.010474384,0.012938619
2023-09-11,AMGN,-0.036921382,0.0098693371,-0.0066513419
2023-09-11,CRM,0.00020325184,0.0076055527,0.016255021
2023-09-11,CSCO,0.015565991,0.0063285828,0.0014986992
2023-09-11,IBM,0.010533452,0.014457941,0.0035434961
2023-09-11,INTC,-0.0032286644,0.010331988,0.0035743713
2023-09-11,MSFT,-0.0054512024,-0.012321651,-0.0078817606
2023-09-11,NKE,0.0036851168,0.010231614,-0.017133474
2023-09-11,VZ,0.00066840649,0.013218164,0.0024193525
2023-09-11,WMT,0.007247448,-0.0082501173,-0.0050886273
2023-09-12,AAPL,0.030959249,0.011835098,-0.022500455
2023-09-12,AMGN,0.021457553,0.01121664,-0.020036876
2023-09-12,CRM,0.00063109398,0.030505538,-0.013302028
2023-09-12,CSCO,0.013278365,0.020156264,-0.0078349113
2023-09-12,IBM,-0.026661098,0.0051810741,-0.014832914
2023-09-12,INTC,-0.037562609,0.021207929,0.0026260614
2023-09-12,MSFT,0.0071834326,0.027553201,-0.0061317086
2023-09-12,NKE,-0.020628929,0.012876272,0.0057080984
2023-09-12,VZ,-0.01662308,0.015268803,-0.018191159
2023-09-12,WMT,0.010191321,-0.0023311973,-0.0050005913
2023-09-13,AAPL,0.01118505,0.029343128,0.0060142279
2023-09-13,AMGN,-0.003431797,-0.0069368482,-0.013502479
2023-09-13,CRM,-0.0022214055,0.016283274,-0.024982691
2023-09-13,CSCO,-0.011839569,0.02037406,0.0080684423
2023-09-13,IBM,0.002622366,0.01313293,0.014267683
2023-09-13,INTC,-0.019429088,-0.0068591237,-0.021099031
2023-09-13,MSFT,-0.014318109,0.0035405159,-0.016064107
2023-09-13,NKE,0.011819243,0.0087893009,-0.026131809
2023-09-13,VZ,-0.014672518,0.019712567,-0.0034943819
2023-09-13,WMT,-0.012354553,0.010189295,-0.032875776
2023-09-14,AAPL,0.018569112,-0.0015822053,0.0042887926
2023-09-14,AMGN,0.0079865456,0.019958019,-0.027707458
2023-09-14,CRM,0.069364071,0.028696656,-0.030085862
2023-09-14,CSCO,-0.036507308,-0.0034455061,-0.0031080842
2023-09-14,IBM,-0.0064501762,0.0084176064,-0.003600955
2023-09-14,INTC,0.012823105,-0.0030584335,-0.0077896714
2023-09-14,MSFT,0.032057285,0.0088558197,0.0060101748
2023-09-14,NKE,-0.00076133013,0.010963559,0.012851715
2023-09-14,VZ,-0.015775621,0.02526772,-0.019967973
2023-09-14,WMT,0.0017944574,0.0072394609,-0.0015078783
2023-09-15,AAPL,0.018577695,0.030635595,-0.034714937
2023-09-15,AMGN,0.0016584396,0.016471505,-0.00014311075
2023-09-15,CRM,0.015604258,0.0082857609,-0.024676919
2023-09-15,CSCO,-0.0024511814,0.0037599802,-0.01577878
2023-09-15,IBM,-0.0053855181,0.012859821,-0.011856496
2023-09-15,INTC,0.027666926,0.010221124,-0.0015627742
2023-09-15,MSFT,-0.0030622482,0.0079153776,0.0058419704
2023-09-15,NKE,0.021971345,0.0098819733,0.012140155
2023-09-15,VZ,-0.00547719,0.0024523735,-0.010531008
2023-09-15,WMT,-0.0057625175,0.016022325,0.0034035444
2023-09-18,AAPL,-0.018123627,0.012324452,0.0099339485
2023-09-18,AMGN,-0.0043407679,0.0052925348,-0.0032425523
2023-09-18,CRM,0.014379621,0.015269399,-0.02024889
2023-09-18,CSCO,0.01819706,0.0035885572,-0.0068198442
2023-09-18,IBM,-0.0173195,0.0083988905,-0.012371361
2023-09-18,INTC,-0.01150316,0.0036597252,0.0082498789
2023-09-18,MSFT,-0.0094479322,0.0013586283,-0.011870801
2023-09-18,NKE,0.023933411,0.012370825,0.0059726238
2023-09-18,VZ,-0.0053284168,-0.0032781959,-0.0089566708
2023-09-18,WMT,0.0062476397,0.017843127,-0.0064302683
2023-09-19,AAPL,0.0011363029,-0.0093422532,0.015030265
2023-09-19,AMGN,0.0025814772,-0.0027237535,-0.0074142814
2023-09-19,CRM,-0.026424408,0.0060018301,-0.020202577
2023-09-19,CSCO,-0.0038981438,-0.0049421787,-0.02203995
2023-09-19,IBM,-0.0066208243,0.016090512,0.01156354
2023-09-19,INTC,-0.050580084,0.00085115433,-0.010775506
2023-09-19,MSFT,0.0045596361,0.037094355,-0.016087651
2023-09-19,NKE,0.00910604,-0.0038394332,-0.02666837
2023-09-19,VZ,0.0062738657,0.010996342,0.0029422045
2023-09-19,WMT,0.0050475597,0.00018584728,-0.0089436173
2023-09-20,AAPL,0.02558589,0.031296968,-0.0070134997
2023-09-20,AMGN,-0.0054357052,0.0026044846,-0.026267469
2023-09-20,CRM,0.0094006062,0.027767658,0.0043654442
2023-09-20,CSCO,-0.0013214946,-0.018443942,-0.0092268586
2023-09-20,IBM,-0.00053960085,-0.00035339594,0.0012774467
2023-09-20,INTC,-0.0044087768,0.011070609,-0.0056197047
2023-09-20,MSFT,0.019244909,0.0044183731,-0.0040913224
2023-09-20,NKE,0.0091731548,0.019601226,-0.0019647479
2023-09-20,VZ,0.017695189,0.024279356,-0.027665257
2023-09-20,WMT,0.019119143,0.01328671,-0.012013137
2023-09-21,AAPL,0.025692105,0.020251632,-0.013997257
2023-09-21,AMGN,-0.00025737286,0.019732952,-0.0052936077
2023-09-21,CRM,-0.042721152,0.013911009,-0.023912191
2023-09-21,CSCO,-0.0043516159,-0.011256158,-0.00054484606
2023-09-21,IBM,-0.00400877,0.0065187216,-0.0083106756
2023-09-21,INTC,-8.0883503e-05,-0.00098097324,-0.0035632253
2023-09-21,MSFT,0.0081377029,-0.00050199032,-0.023274899
2023-09-21,NKE,0.0067670345,0.0009714365,-0.0075579882
2023-09-21,VZ,-0.0035905838,0.019146085,-0.010679364
2023-09-21,WMT,-0.015745282,0.006321907,-0.0094393492
2023-09-22,AAPL,-0.00053155422,0.015630364,-0.013440251
2023-09-22,AMGN,-0.014604986,0.0096726418,-0.0030673146
2023-09-22,CRM,0.019750834,0.015097857,-0.021077931
2023-09-22,CSCO,0.0099160671,0.01252234,0.0024430752
2023-09-22,IBM,0.0071966648,0.011027455,-0.014490008
2023-09-22,INTC,-0.030333877,0.0023953915,-0.014619529
2023-09-22,MSFT,0.0005235672,0.010415435,-0.026535571
2023-09-22,NKE,-0.017857134,-0.00018948317,-0.0094819665
2023-09-22,VZ,-0.0036700368,0.0083022118,0.017625809
2023-09-22,WMT,0.018282771,0.0047972202,0.012190938
2023-09-25,AAPL,0.003079772,0.01536572,-0.0041668415
2023-09-25,AMGN,-0.0094852448,-0.0051627159,0.013787389
2023-09-25,CRM,-0.056307495,0.022972465,-0.015663385
2023-09-25,CSCO,-0.0059232712,-0.015615046,-0.0079469681
2023-09-25,IBM,-0.01417321,0.0027164221,-0.014312625
2023-09-25,INTC,0.024433255,0.015685916,-0.019029081
2023-09-25,MSFT,0.0017678738,0.029923677,-0.013148308
2023-09-25,NKE,0.0048784018,0.0076766014,0.00045847893
2023-09-25,VZ,-0.0097304583,0.01168108,0.00024819374
2023-09-25,WMT,-0.01641506,0.01071465,0.00070345402
2023-09-26,AAPL,-0.038920641,0.011022568,0.0015894175
2023-09-26,AMGN,-0.028122306,0.023743272,-0.01001966
2023-09-26,CRM,0.00930655,0.017311335,-0.011266708
2023-09-26,CSCO,0.0078943968,0.010678887,-0.0031427741
2023-09-26,IBM,0.00078475475,0.015998363,-0.013548374
2023-09-26,INTC,-0.019968987,0.010875225,-0.03450799
2023-09-26,MSFT,0.012550831,-0.0068110228,-0.0027176738
2023-09-26,NKE,0.021018028,0.0061007738,-0.019524634
2023-09-26,VZ,-0.029794991,-0.00095582008,-0.0011547804
2023-09-26,WMT,0.0054169893,0.020538092,-0.0080628395
2023-09-27,AAPL,0.0043708086,0.014753699,-0.026418507
2023-09-27,AMGN,-0.00015389919,-0.00047802925,-0.0021994114
2023-09-27,CRM,-0.021588504,0.0030099154,0.0009021759
2023-09-27,CSCO,0.010417819,0.0059361458,0.011497021
2023-09-27,IBM,-0.016711652,0.0080032349,-0.018724263
2023-09-27,INTC,-0.014745593,0.0014505386,-0.007229507
2023-09-27,MSFT,-0.00094175339,0.016673088,-0.0082463622
2023-09-27,NKE,0.020977259,0.017346501,-0.0046167374
2023-09-27,VZ,0.0042380095,0.012236953,-0.010208607
2023-09-27,WMT,0.00047373772,0.0062570572,-0.0061894655
2023-09-28,AAPL,-0.030398607,0.020399213,-0.031762481
2023-09-28,AMGN,-0.018596172,-0.012170017,-0.0099430084
2023-09-28,CRM,0.030929446,0.028007507,0.0088717937
2023-09-28,CSCO,0.0029916763,-0.0022063851,-0.0033715367
2023-09-28,IBM,-0.0018421412,0.019172549,-0.0011202693
2023-09-28,INTC,-0.027168393,-0.0046664476,0.004598856
2023-09-28,MSFT,-0.020447373,0.013094306,-0.020034313
2023-09-28,NKE,-0.0016125441,0.018217206,-0.023441136
2023-09-28,VZ,-0.020483196,0.0066826344,-0.010852754
2023-09-28,WMT,0.007349968,-0.0041254163,-0.0044164062
2023-09-29,AAPL,-0.022190809,0.011184573,-0.0028235912
2023-09-29,AMGN,0.012726188,0.007242918,-0.030219197
2023-09-29,CRM,-0.071082771,-0.018756866,0.027869582
2023-09-29,CSCO,-0.018175721,0.028638601,-0.014980614
2023-09-29,IBM,-0.025507092,0.0052068233,-0.0021561384
2023-09-29,INTC,-0.0038460493,0.019218683,-0.0001321435
2023-09-29,MSFT,0.018945336,0.00037622452,-0.033079028
2023-09-29,NKE,-0.0075205564,0.013033271,-0.0093963742
2023-09-29,VZ,-0.0012003183,0.0026106834,0.0018507242
2023-09-29,WMT,0.027098179,0.01509428,-0.0069075823
2023-10-02,AAPL,0.013436198,0.014974475,-0.012574494
2023-10-02,AMGN,-0.027435482,-0.0034826398,-0.018780887
2023-10-02,CRM,-0.017324328,0.015402555,-0.024622858
2023-10-02,CSCO,0.011334658,0.016701698,0.0027900934
2023-10-02,IBM,0.01489079,0.0097053051,0.0026404858
2023-10-02,INTC,-0.029552817,0.021169662,-0.014930308
2023-10-02,MSFT,0.022033453,0.0042858124,-0.0056007504
2023-10-02,NKE,-0.015401363,0.025609016,-0.0026695728
2023-10-02,VZ,-0.018646002,0.002430439,-0.011885345
2023-10-02,WMT,-0.0010873675,-0.0086522698,-0.0067777634
2023-10-03,AAPL,-0.037502825,0.03670609,0.0069351196
2023-10-03,AMGN,0.012994885,0.02366817,-0.0027548075
2023-10-03,CRM,-0.020695627,0.01963985,-0.013654113
2023-10-03,CSCO,0.0020512342,-0.0061071515,-0.016225696
2023-10-03,IBM,0.011416197,0.00037801266,-0.0035225153
2023-10-03,INTC,-0.021226764,0.016554952,-0.015999258
2023-10-03,MSFT,-0.023603082,-0.0013841391,-0.0050925016
2023-10-03,NKE,-0.0056277514,0.014898896,-0.010938942
2023-10-03,VZ,-0.0022895932,0.012234211,-0.0050864816
2023-10-03,WMT,-0.01457262,0.0044695139,-0.0079264045
2023-10-04,AAPL,0.018025517,0.0011419058,-0.01053673
2023-10-04,AMGN,-0.0016151071,0.00086903572,-0.018269897
2023-10-04,CRM,0.0067075491,0.014368176,-0.026447654
2023-10-04,CSCO,-0.005202353,0.014744282,0.01568234
2023-10-04,IBM,-0.0078286529,0.016983747,-0.0072665811
2023-10-04,INTC,-0.0068131685,0.0022222996,-0.007111907
2023-10-04,MSFT,-0.027524889,0.0092328787,-0.012286544
2023-10-04,NKE,0.0044580698,0.01872921,0.0074830055
2023-10-04,VZ,-0.00028371811,0.011058331,-0.013865411
2023-10-04,WMT,-0.013709962,-0.0059917569,-7.0333481e-06
2023-10-05,AAPL,0.01622808,0.013213754,-0.040577292
2023-10-05,AMGN,0.0083243847,0.020875692,-0.0053290725
2023-10-05,CRM,-0.036376774,-0.0058486462,-0.02629143
2023-10-05,CSCO,-0.026230752,0.0014289618,0.0018614531
2023-10-05,IBM,0.0022269487,0.018017173,-0.0076261163
2023-10-05,INTC,-0.020339251,0.028578997,-0.0077725053
2023-10-05,MSFT,0.0010533333,-0.00042241812,-0.026966989
2023-10-05,NKE,-3.5524368e-05,0.014466286,-0.0017806888
2023-10-05,VZ,-0.02273035,0.0049154758,0.0013893843
2023-10-05,WMT,0.0049772263,-0.0023400187,0.0021505356
2023-10-06,AAPL,0.029554963,-0.0028339624,0.010499954
2023-10-06,AMGN,-0.035129786,0.018789291,0.0045669079
2023-10-06,CRM,-0.004389286,0.020509362,-0.034613311
2023-10-06,CSCO,0.0012868643,0.0075625181,-0.024518967
2023-10-06,IBM,-0.00063872337,0.0047501326,-0.020629048
2023-10-06,INTC,0.017241955,0.012382984,-0.0052914023
2023-10-06,MSFT,0.025017142,0.0034282207,-0.0085062385
2023-10-06,NKE,0.0017662048,0.0047641993,0.012981653
2023-10-06,VZ,0.0091966391,0.0051789284,-0.00099849701
2023-10-06,WMT,-0.0079998374,0.0048786402,-0.0022749305
2023-10-09,AAPL,0.0047676563,0.015770555,-0.0089306235
2023-10-09,AMGN,0.037355304,0.023072362,-0.0095202327
2023-10-09,CRM,0.12045097,0.022915483,-0.030530095
2023-10-09,CSCO,-0.012878358,-0.0097957253,-0.024498582
2023-10-09,IBM,-0.0050464272,0.004981637,0.0018874407
2023-10-09,INTC,-0.0024632812,0.017317414,-0.014564991
2023-10-09,MSFT,-0.021987677,0.00091123581,-0.0049499273
2023-10-09,NKE,0.039673805,0.020569444,0.0079536438
2023-10-09,VZ,0.019528389,0.016928673,-0.00057667494
2023-10-09,WMT,-0.010587513,0.017928243,-0.015263677
2023-10-10,AAPL,-0.021429956,0.0057423115,-0.036048889
2023-10-10,AMGN,-0.0031498075,0.013778448,-0.011157393
2023-10-10,CRM,0.011649489,0.012573361,-0.022784233
2023-10-10,CSCO,-0.018260479,0.012518525,0.0030790567
2023-10-10,IBM,-0.0059978366,0.0079497099,0.0091445446
2023-10-10,INTC,-0.015146315,0.012205839,-0.019437492
2023-10-10,MSFT,0.029177189,0.020528674,-0.011186957
2023-10-10,NKE,0.010056257,0.012575865,-0.011645496
2023-10-10,VZ,-0.0213117,0.009342432,-0.016319156
2023-10-10,WMT,0.017961264,0.011951685,-0.001640439
2023-10-11,AAPL,-0.016571522,0.0056909323,-0.024479687
2023-10-11,AMGN,0.0026025772,0.0024348497,0.0012764931
2023-10-11,CRM,0.027750373,0.010663748,-0.023061335
2023-10-11,CSCO,0.00059366226,0.012845755,-0.024429977
2023-10-11,IBM,-0.015374005,0.010686874,-0.018568218
2023-10-11,INTC,-0.030671,0.003028512,-0.01064074
2023-10-11,MSFT,0.0017591715,0.020997286,-0.0037969947
2023-10-11,NKE,0.019400597,-0.0009984374,-0.0018283129
2023-10-11,VZ,0.0042271614,-1.4364719e-05,0.012770414
2023-10-11,WMT,-0.0039332509,0.016582966,0.0070672035
2023-10-12,AAPL,-0.023743212,-0.013305604,-0.021835744
2023-10-12,AMGN,0.021422744,0.0096950531,0.0015546083
2023-10-12,CRM,-0.022111356,-0.00022691488,0.0097689629
2023-10-12,CSCO,-0.016335368,0.013998628,-0.010256767
2023-10-12,IBM,-0.0007392168,0.0090352297,-0.005833447
2023-10-12,INTC,-0.0025388002,0.0057806969,-0.0043025017
2023-10-12,MSFT,0.010684848,0.00088715553,-0.016295671
2023-10-12,NKE,-0.022033691,0.011141181,-0.011459768
2023-10-12,VZ,-0.0007981658,0.0065532923,-0.0062634349
2023-10-12,WMT,-0.015438378,0.0046235323,-0.01171279
2023-10-13,AAPL,0.03347075,-0.005888164,-0.0086926222
2023-10-13,AMGN,-0.013277054,0.0050660372,-0.0047962666
2023-10-13,CRM,0.0049721003,-0.011114597,-0.045084059
2023-10-13,CSCO,0.015986443,0.019654393,0.0042068958
2023-10-13,IBM,-0.015347064,0.018274665,0.0065710545
2023-10-13,INTC,-0.017392159,0.020094633,0.0075917244
2023-10-13,MSFT,0.016813993,-0.0024069548,-0.0021628737
2023-10-13,NKE,0.014011979,-0.005077064,-0.025256097
2023-10-13,VZ,-0.011541963,0.0037329197,0.00061666965
2023-10-13,WMT,0.0069580078,0.015574932,-0.0065978169
2023-10-16,AAPL,-0.023856401,0.0056121349,-0.042625487
2023-10-16,AMGN,-0.00023370981,0.031575203,-0.0075466633
2023-10-16,CRM,-0.0032894611,-0.0057328939,-0.025215149
2023-10-16,CSCO,-0.010951817,0.022152066,-0.0083720684
2023-10-16,IBM,0.0040899515,0.0079982281,-0.0046275854
2023-10-16,INTC,-0.0050097108,0.012813687,-0.010097384
2023-10-16,MSFT,0.017681479,-0.0040227771,-0.020385563
2023-10-16,NKE,6.0319901e-05,0.0071229935,-0.0049183965
2023-10-16,VZ,0.0037721395,0.018115878,-0.0043774843
2023-10-16,WMT,0.010039687,0.0028502941,-0.0036277771
2023-10-17,AAPL,0.044139028,0.0079498291,-0.0087441206
2023-10-17,AMGN,-0.025112629,0.023421884,-0.0074033141
2023-10-17,CRM,-0.01071763,0.023566246,-0.040270567
2023-10-17,CSCO,-0.0050144792,0.00029408932,-0.0016191006
2023-10-17,IBM,-0.028364897,0.012784362,-0.0053334832
2023-10-17,INTC,0.02291739,0.015252352,-0.0012484789
2023-10-17,MSFT,0.019824028,0.0017414093,-0.015342653
2023-10-17,NKE,0.020357728,0.014181972,-0.0098059773
2023-10-17,VZ,-0.022700191,-0.0078684092,-0.0093944669
2023-10-17,WMT,0.0070102215,0.014578223,0.0013334751
2023-10-18,AAPL,0.0016531944,0.0007622242,0.0054056644
2023-10-18,AMGN,0.017845511,0.0040150881,-0.012344897
2023-10-18,CRM,-0.05109936,0.022535324,-0.0068861842
2023-10-18,CSCO,-0.029296458,0.015132666,0.00036990643
2023-10-18,IBM,0.0037389994,-0.0094140768,-0.0019458532
2023-10-18,INTC,-0.0094920993,0.020882487,-0.014340401
2023-10-18,MSFT,0.00016570091,-0.00091588497,-0.012530208
2023-10-18,NKE,-0.02377367,0.0080083609,-0.011371076
2023-10-18,VZ,0.025727034,0.027298093,-0.023197591
2023-10-18,WMT,0.005224824,4.4941902e-05,-0.0015924573
2023-10-19,AAPL,-0.0095270276,0.034814,0.0090751648
2023-10-19,AMGN,-0.025027335,0.012443185,-0.026403368
2023-10-19,CRM,0.012236118,0.028702259,-0.010903835
2023-10-19,CSCO,0.0033652782,-0.0038798451,-0.025724053
2023-10-19,IBM,-0.0050861835,0.0071846247,-0.00014132261
2023-10-19,INTC,-0.012170434,0.011453152,-0.010296583
2023-10-19,MSFT,-0.033968091,0.0050733089,-0.010292292
2023-10-19,NKE,-0.032014251,0.0093537569,-0.00065231323
2023-10-19,VZ,-0.0018649101,-0.0035012364,-0.0032471418
2023-10-19,WMT,-0.00062716007,0.0070023537,-0.0059149861
2023-10-20,AAPL,0.026426077,0.020272613,-0.014163971
2023-10-20,AMGN,0.0027093887,0.0031943321,-0.0078241229
2023-10-20,CRM,-0.019104779,-0.0036438107,0.0039106607
2023-10-20,CSCO,-0.014892697,-0.011160553,0.0033607483
2023-10-20,IBM,-0.0063047409,-0.011551678,-0.0040825605
2023-10-20,INTC,0.00017440319,0.0083909035,-0.016138196
2023-10-20,MSFT,-0.033646584,0.0075008869,-0.00067597628
2023-10-20,NKE,0.00069510937,0.012481809,-0.018882096
2023-10-20,VZ,-0.011722863,0.001747489,0.0025533438
2023-10-20,WMT,0.013233304,0.010141253,-0.012731016
2023-10-23,AAPL,-0.0020201802,0.0053913593,-0.01661253
2023-10-23,AMGN,0.0010828972,0.011612892,-0.0093761683
2023-10-23,CRM,-0.015995979,0.0095103979,-0.028271616
2023-10-23,CSCO,-0.019978702,0.019239187,-0.0324108
2023-10-23,IBM,-0.0039454699,0.0080696344,-0.003718257
2023-10-23,INTC,-0.0032481551,0.017530441,0.0010384321
2023-10-23,MSFT,0.018927097,0.0049314499,-0.0082888007
2023-10-23,NKE,0.00064098835,0.017915368,-0.00089943409
2023-10-23,VZ,-0.013210833,0.0084170103,0.018654108
2023-10-23,WMT,0.0047391653,0.0043590069,-0.001752317
2023-10-24,AAPL,0.0070514679,0.011636376,-0.016640246
2023-10-24,AMGN,0.0063068867,0.028507113,0.011560082
2023-10-24,CRM,-0.026249111,0.044234395,-0.0029588342
2023-10-24,CSCO,0.044137359,0.024323583,0.00077795982
2023-10-24,IBM,-0.019471943,0.0099134445,0.010593772
2023-10-24,INTC,-0.032121301,-0.012165427,-0.015394151
2023-10-24,MSFT,-0.0076416135,0.01079905,-0.018814862
2023-10-24,NKE,-1.2755394e-05,0.0099115372,-0.0036252737
2023-10-24,VZ,0.00061011314,0.017400026,0.00911057
2023-10-24,WMT,-0.0062625408,0.013471723,-0.010281503
2023-10-25,AAPL,-0.0086731315,0.012604952,-0.0069962144
2023-10-25,AMGN,0.012155533,0.003035903,-0.018112898
2023-10-25,CRM,-0.003718555,0.024537206,0.02326262
2023-10-25,CSCO,-0.011848152,0.023151755,-0.0070114136
2023-10-25,IBM,-0.029836178,0.010867834,-0.014993072
2023-10-25,INTC,-0.00078213215,0.017877579,-0.016335309
2023-10-25,MSFT,-0.023977995,-0.0011799335,-0.020826399
2023-10-25,NKE,0.021537066,0.010789037,-0.011853635
2023-10-25,VZ,0.01355803,0.016856909,-0.015469134
2023-10-25,WMT,0.004052639,0.012268066,-0.01447773
2023-10-26,AAPL,-0.02288413,-0.0036854744,-0.017248809
2023-10-26,AMGN,0.0033433437,0.016153216,-0.001403451
2023-10-26,CRM,0.01203084,0.024793029,-0.036993742
2023-10-26,CSCO,-0.0041601658,-0.0013915896,0.0030226707
2023-10-26,IBM,0.004598856,0.024354339,0.017049432
2023-10-26,INTC,-0.040677428,0.0015691519,-0.015325367
2023-10-26,MSFT,0.0016592741,0.0088698864,0.0060913563
2023-10-26,NKE,-0.0088799,0.0065101385,0.0015537739
2023-10-26,VZ,0.00051748753,0.0058295727,0.0022894144
2023-10-26,WMT,-0.0042244792,0.0055121183,0.0032474995
2023-10-27,AAPL,0.012637973,0.019459844,-0.0019257069
2023-10-27,AMGN,-0.0022501349,0.021482706,-0.012025952
2023-10-27,CRM,0.0421592,0.0079166889,-0.014922261
2023-10-27,CSCO,-0.012962282,0.0077611208,-0.0069660544
2023-10-27,IBM,0.034722567,0.021643281,-0.0054858327
2023-10-27,INTC,0.013293743,0.01568985,-0.017957807
2023-10-27,MSFT,0.014084816,0.0094624758,-0.014198005
2023-10-27,NKE,-0.010608315,0.025377274,-0.020574927
2023-10-27,VZ,-0.0101493,0.0030555725,-0.019702554
2023-10-27,WMT,-0.015006661,0.0071367025,-0.018388987
2023-10-30,AAPL,-0.015508294,-0.0025552511,-0.0092644095
2023-10-30,AMGN,-0.011764884,0.014696598,-0.014432132
2023-10-30,CRM,-0.02736783,0.023113012,-0.03119272
2023-10-30,CSCO,0.001028657,0.0094265938,-0.020000875
2023-10-30,IBM,0.0077539682,0.0085026026,-0.013735056
2023-10-30,INTC,-0.012864292,0.0038502216,-0.0048385859
2023-10-30,MSFT,0.020296574,0.024104714,-0.012751579
2023-10-30,NKE,-0.02813822,0.012288332,0.0085169077
2023-10-30,VZ,0.010466814,0.0022311211,-0.021688998
2023-10-30,WMT,-0.010414004,-0.0025759339,-0.0094779134
2023-10-31,AAPL,0.012524128,0.0084795952,0.0028316975
2023-10-31,AMGN,-0.026688159,0.0075637102,-0.022226036
2023-10-31,CRM,0.012798905,0.050080061,-0.015107036
2023-10-31,CSCO,-0.019715428,0.0337466,-0.016927302
2023-10-31,IBM,0.012904763,0.0041429996,-0.010445595
2023-10-31,INTC,-0.0091543198,0.0085099936,-0.020079851
2023-10-31,MSFT,0.020663261,0.00093185902,-0.01532042
2023-10-31,NKE,-0.04663974,-0.018626511,0.014850855
2023-10-31,VZ,-0.00024521351,0.01339519,-0.0072501898
2023-10-31,WMT,-0.00090938807,0.0069173574,0.008920908
2023-11-01,AAPL,-0.0022651553,0.0014333725,-0.01727277
2023-11-01,AMGN,-0.0064001083,0.017132163,-0.010552347
2023-11-01,CRM,-0.0033382773,0.0057463646,-0.031831145
2023-11-01,CSCO,-0.01729542,0.0066022873,0.0038881302
2023-11-01,IBM,-0.0072769523,0.013883948,-0.017929912
2023-11-01,INTC,0.02083838,0.023082495,-0.02640003
2023-11-01,MSFT,-0.0034506917,0.010390282,0.0052431822
2023-11-01,NKE,-0.003067553,0.013268352,0.0093969107
2023-11-01,VZ,-0.015159667,0.0083827972,-0.017632127
2023-11-01,WMT,-0.0108307,0.016197443,-0.01251781
2023-11-02,AAPL,-0.0083386898,-0.0020272732,0.017990351
2023-11-02,AMGN,-0.027478993,0.016439915,0.0066474676
2023-11-02,CRM,0.024460316,0.0059069395,-0.016312003
2023-11-02,CSCO,0.0041429996,0.0088413954,-0.0038434267
2023-11-02,IBM,-0.034380794,-0.0059366822,-0.0023705363
2023-11-02,INTC,0.006180048,0.015925407,-0.01671195
2023-11-02,MSFT,0.036296129,0.0052059889,0.00068986416
2023-11-02,NKE,-0.0012821555,0.012293696,-0.010647118
2023-11-02,VZ,-0.0015016198,0.0057293177,0.0019207001
2023-11-02,WMT,-0.0095829964,0.016419291,0.0012267828
2023-11-03,AAPL,0.0033724308,0.00085520744,0.01356709
2023-11-03,AMGN,-0.011973143,0.010849953,-0.02652657
2023-11-03,CRM,-0.0085057616,-0.0065348744,-0.025566995
2023-11-03,CSCO,-0.0024433732,-0.0081970096,0.0064855814
2023-11-03,IBM,-0.0064725876,0.0022888184,-0.021463096
2023-11-03,INTC,-0.011495411,0.0081039667,0.0066393614
2023-11-03,MSFT,-0.0023213625,0.025698304,-0.0099426508
2023-11-03,NKE,-0.0093289018,0.016714454,-0.0078074336
2023-11-03,VZ,0.0019184351,0.007511735,-0.016485989
2023-11-03,WMT,-0.015437663,-0.0034808517,-0.01488328
2023-11-06,AAPL,0.028991342,0.020153284,-0.034401059
2023-11-06,AMGN,-0.022622466,0.0097664595,0.0047713518
2023-11-06,CRM,0.017119288,0.02624476,-0.0094543099
2023-11-06,CSCO,0.025371075,0.0071570873,-0.0082192421
2023-11-06,IBM,-0.0092486739,0.0067336559,-0.0088281631
2023-11-06,INTC,0.022612453,0.018945813,-0.017190456
2023-11-06,MSFT,0.0065373182,0.01473999,0.0018019676
2023-11-06,NKE,0.02126646,0.017363906,-0.0090031028
2023-11-06,VZ,0.0013990402,0.0033510923,-0.013719857
2023-11-06,WMT,-0.0025011897,0.015108943,0.0084959269
2023-11-07,AAPL,-0.011927783,0.0019204617,0.01805532
2023-11-07,AMGN,0.0036355257,0.014524341,-0.027801037
2023-11-07,CRM,-0.027502775,0.013942003,-0.014247835
2023-11-07,CSCO,0.0029376745,0.0085325241,-0.012477279
2023-11-07,IBM,-0.015974939,0.0040047169,0.0044049025
2023-11-07,INTC,-0.003267169,-0.0027702451,-0.014885068
2023-11-07,MSFT,-0.0040236115,0.014050364,-0.0092843771
2023-11-07,NKE,-0.030283451,-0.013051867,-0.022738099
2023-11-07,VZ,-0.011137962,0.0112077,-0.0015297532
2023-11-07,WMT,-0.0062890053,0.0047682524,-0.0052403212
2023-11-08,AAPL,0.00048589706,-0.010340631,-0.022414386
2023-11-08,AMGN,-0.01126653,0.0084609985,-0.0016642213
2023-11-08,CRM,-0.0055743456,0.030560136,-0.013424635
2023-11-08,CSCO,0.02478838,0.021414757,-0.0022987127
2023-11-08,IBM,-0.0042642355,0.019317269,-0.0039941669
2023-11-08,INTC,0.004420042,-0.0056766272,-0.0037542582
2023-11-08,MSFT,0.016048074,-0.0045717359,-0.00161165
2023-11-08,NKE,0.011012554,0.018002748,0.0051989555
2023-11-08,VZ,0.011695027,0.0026843548,-0.0067284107
2023-11-08,WMT,0.0095490217,0.0081546307,-0.020871878
2023-11-09,AAPL,-0.023137867,0.004982233,-0.023489535
2023-11-09,AMGN,0.013892531,0.016486168,-0.0072723627
2023-11-09,CRM,0.010443687,0.013755322,-0.013352394
2023-11-09,CSCO,0.017631054,-0.0079339743,-0.020395637
2023-11-09,IBM,-0.0061560869,-0.0031860471,-0.013519824
2023-11-09,INTC,-0.016052604,-0.00088846684,-0.01613915
2023-11-09,MSFT,0.0035530329,0.0080806017,0.0035077333
2023-11-09,NKE,-0.0085397363,0.01046288,-0.010464251
2023-11-09,VZ,0.00088202953,0.0072518587,0.013462424
2023-11-09,WMT,-0.013577938,0.02560854,0.0050964355
2023-11-10,AAPL,0.012842774,-0.0007044673,-0.0071604252
2023-11-10,AMGN,0.011530638,0.0086040497,-0.026699781
2023-11-10,CRM,0.0057029724,0.015950084,-0.0070946217
2023-11-10,CSCO,0.013994098,0.00012898445,-0.016171038
2023-11-10,IBM,0.0083659887,0.016340017,0.0038971901
2023-11-10,INTC,-0.010203362,0.031167984,-0.0017005205
2023-11-10,MSFT,-0.0052303672,-0.016858339,0.01124239
2023-11-10,NKE,-0.00049382448,0.0099107027,-0.023485422
2023-11-10,VZ,0.0016686916,0.0074021816,0.0055487156
2023-11-10,WMT,-0.0019075274,0.0068325996,-0.0093972683
2023-11-13,AAPL,-0.0092307925,0.001909256,0.0022596121
2023-11-13,AMGN,0.0072329044,0.015104651,-0.011684179
2023-11-13,CRM,-0.028771579,0.01532948,0.013463736
2023-11-13,CSCO,-0.0067128539,-0.00017511845,-0.014787972
2023-11-13,IBM,0.014963508,0.012898803,0.005060792
2023-11-13,INTC,-0.0033165812,0.020293236,-0.0084790587
2023-11-13,MSFT,0.018675327,0.017782688,-0.015479445
2023-11-13,NKE,-0.015650928,0.02357316,-0.001154542
2023-11-13,VZ,0.037021995,-0.00069600344,-0.0089657903
2023-11-13,WMT,-0.017146111,-0.0094050765,-0.012869775
2023-11-14,AAPL,-0.013200104,-0.00054067373,0.013975143
2023-11-14,AMGN,-0.00053393841,0.0164994,0.0041941404
2023-11-14,CRM,-0.046467483,-0.010265887,-0.0059427619
2023-11-14,CSCO,-0.0074052811,0.002240777,-0.021854579
2023-11-14,IBM,0.0017063618,0.01474607,-0.0083201528
2023-11-14,INTC,-0.012175083,0.0030477047,-0.016804039
2023-11-14,MSFT,-0.0048700571,0.023234248,-0.016222954
2023-11-14,NKE,0.025880814,0.0047669411,-0.0016256571
2023-11-14,VZ,0.0021680593,0.0033767223,-0.025442183
2023-11-14,WMT,-0.013298929,0.028900146,-0.014141738
2023-11-15,AAPL,0.020503044,-0.0023347735,-0.017144978
2023-11-15,AMGN,-0.0010834932,0.0095618963,-0.010659873
2023-11-15,CRM,-0.013072968,0.022630572,-0.0045687556
2023-11-15,CSCO,-0.028789818,0.0096035004,-0.01052165
2023-11-15,IBM,-0.0062224269,0.018624187,0.0052822828
2023-11-15,INTC,0.010569334,0.0030841827,-0.0035533309
2023-11-15,MSFT,-0.0023151636,0.010428429,-0.011181414
2023-11-15,NKE,-0.019197285,0.017411232,-0.0022721291
2023-11-15,VZ,0.0013632774,-0.0011212826,-0.0069257021
2023-11-15,WMT,0.024192572,0.0083940029,-0.016106367
2023-11-16,AAPL,-0.020401597,0.02705276,0.0040994883
2023-11-16,AMGN,-0.0035315156,0.029913783,-0.0045731664
2023-11-16,CRM,0.038610458,0.012290001,-0.018400908
2023-11-16,CSCO,0.0098341703,-0.0038476586,-0.021288395
2023-11-16,IBM,0.008872509,0.02960813,-0.0018246174
2023-11-16,INTC,-0.005715549,-0.0085664392,-0.0046880841
2023-11-16,MSFT,-0.0047317743,0.019650578,-0.0086446404
2023-11-16,NKE,-0.01337415,0.0033277273,-0.016598344
2023-11-16,VZ,0.011158943,0.01540029,0.00025296211
2023-11-16,WMT,-0.019357562,0.0095006227,-0.001206398
2023-11-17,AAPL,-0.022653222,0.010006905,-0.0094957948
2023-11-17,AMGN,0.0017441511,0.0038453341,-0.0067836046
2023-11-17,CRM,-0.00065541267,0.053426623,0.015368223
2023-11-17,CSCO,-0.0081067085,0.016322255,0.022627473
2023-11-17,IBM,0.004077673,-0.0016579628,-0.016654611
2023-11-17,INTC,-0.011738241,0.017926931,-0.017459273
2023-11-17,MSFT,0.024576902,0.013635516,-0.026664436
2023-11-17,NKE,-0.010427237,0.023673773,0.0069475174
2023-11-17,VZ,0.00062513351,0.010054231,-0.0051954985
2023-11-17,WMT,0.0061808825,0.015045524,-0.0018709898
2023-11-20,AAPL,-0.01663214,0.027327538,0.0034943819
2023-11-20,AMGN,0.042685509,0.017175198,-0.010514677
2023-11-20,CRM,0.0044534206,0.0076807737,0.0045591593
2023-11-20,CSCO,0.0032454729,0.023984432,-0.011927664
2023-11-20,IBM,-0.011526406,0.00682199,0.0012806654
2023-11-20,INTC,-0.0032661557,-0.0053117275,0.0053116083
2023-11-20,MSFT,-0.0075139403,-0.0099630356,-0.0062168837
2023-11-20,NKE,0.0065512657,0.020928383,0.0090370178
2023-11-20,VZ,-0.00020629168,-0.0072286129,-0.010609984
2023-11-20,WMT,-0.0072212815,0.014865041,0.00029420853
2023-11-21,AAPL,0.05655241,-0.00020074844,-0.013592362
2023-11-21,AMGN,-0.030730009,0.015239358,-0.0084699392
2023-11-21,CRM,0.028476357,0.019915938,-0.025090337
2023-11-21,CSCO,-0.002569139,0.006003499,-0.0087320209
2023-11-21,IBM,0.010503531,0.0080559254,-0.0097281337
2023-11-21,INTC,0.0095223188,0.011003613,0.00014293194
2023-11-21,MSFT,-0.015359461,0.021244287,-0.0069816113
2023-11-21,NKE,0.013199329,0.017050385,-0.020932555
2023-11-21,VZ,-0.025355041,0.017076135,-0.0034039617
2023-11-21,WMT,-0.0021127462,0.008144021,-0.011314034
2023-11-22,AAPL,-0.0027261376,0.020272613,-0.020493031
2023-11-22,AMGN,0.02397871,0.0084881783,-0.015690446
2023-11-22,CRM,0.027647734,0.035401225,-0.017380536
2023-11-22,CSCO,0.0080593824,0.025833845,-0.0024604797
2023-11-22,IBM,-0.011396348,0.0083698034,-0.00044471025
2023-11-22,INTC,0.0074409246,0.020249248,-0.014525712
2023-11-22,MSFT,-0.012356043,0.0013821125,-0.016957581
2023-11-22,NKE,-0.022079587,0.01943028,-0.015614629
2023-11-22,VZ,-0.012856722,-0.0060697198,-0.0026767254
2023-11-22,WMT,-0.010035038,-0.0048351884,-0.0078122616
2023-11-24,AAPL,-0.028047562,0.020913243,-0.014037728
2023-11-24,AMGN,-0.0053154826,0.01935339,-0.014716983
2023-11-24,CRM,-0.013737023,-0.0028944612,-0.01911366
2023-11-24,CSCO,-0.006885469,-0.0064125657,-0.017178237
2023-11-24,IBM,-0.0032986403,0.00045204163,0.0052012205
2023-11-24,INTC,-0.00072926283,0.018734932,0.0036706924
2023-11-24,MSFT,0.0012168884,-0.0048394799,-0.0074632764
2023-11-24,NKE,-0.017234564,0.029007912,0.0012663603
2023-11-24,VZ,0.02210021,0.016843915,0.0034459829
2023-11-24,WMT,0.0069327354,-0.0027153492,-0.0071511269
2023-11-27,AAPL,0.0043749809,-0.02040875,-0.0040562153
2023-11-27,AMGN,0.022352576,0.017192006,-0.0038626194
2023-11-27,CRM,-0.016600072,0.0092368126,-0.022009313
2023-11-27,CSCO,-0.025585771,0.021990776,-0.030298114
2023-11-27,IBM,-0.025411844,0.0032470226,-4.9650669e-05
2023-11-27,INTC,-0.0044834614,0.005723238,0.0070599318
2023-11-27,MSFT,-0.035828948,0.023674846,-0.0054168105
2023-11-27,NKE,0.040559649,0.01448369,-0.0056556463
2023-11-27,VZ,0.0092052221,0.016797304,-0.0079904795
2023-11-27,WMT,-0.011065066,0.0040955544,0.0028048754
2023-11-28,AAPL,0.01663053,0.0050492287,-0.031273723
2023-11-28,AMGN,-0.016796291,-0.0075319409,-0.01501435
2023-11-28,CRM,0.014732838,0.021431684,-0.046798468
2023-11-28,CSCO,-0.025022626,0.022060752,-0.010975003
2023-11-28,IBM,0.015845895,0.0071904659,0.007324934
2023-11-28,INTC,-0.01325047,-0.0034467578,-0.010586023
2023-11-28,MSFT,-0.012287617,0.021485806,0.0061936378
2023-11-28,NKE,-0.015037,0.02060473,0.0068986416
2023-11-28,VZ,0.009067297,0.00092995167,0.0089604855
2023-11-28,WMT,0.014889956,-0.0049842596,-0.021209896
2023-11-29,AAPL,0.011727095,0.040940285,0.0079176426
2023-11-29,AMGN,-0.035016239,0.014353871,-0.030506432
2023-11-29,CRM,-0.010437608,0.014333248,-0.03041172
2023-11-29,CSCO,-0.0063060522,0.0098814964,0.00085258484
2023-11-29,IBM,-0.0085979104,0.018415093,-0.012729108
2023-11-29,INTC,0.021744728,0.0111655,-0.00096422434
2023-11-29,MSFT,-0.017072022,0.020969391,-0.0041410327
2023-11-29,NKE,-0.0049980879,0.0054656267,-0.0051614642
2023-11-29,VZ,-0.0015162826,0.0038669109,-0.016504228
2023-11-29,WMT,0.010897994,-0.014038026,-0.013348401
2023-11-30,AAPL,0.013980985,0.023235559,0.0018976927
2023-11-30,AMGN,-0.011998177,0.0048880577,-0.016449332
2023-11-30,CRM,0.045415998,-0.0010021925,0.0019073486
2023-11-30,CSCO,-0.028865874,0.0011548996,-0.023287594
2023-11-30,IBM,0.006385684,0.007121563,0.0042114258
2023-11-30,INTC,-0.010378361,-0.0085687637,-0.0061039925
2023-11-30,MSFT,0.021928787,0.0070505142,-0.013333678
2023-11-30,NKE,-0.013110518,0.010416508,-0.0029729009
2023-11-30,VZ,-0.017947137,0.014692187,-0.0028816462
2023-11-30,WMT,-0.0047892928,0.021577835,-0.013694406
2023-12-01,AAPL,-0.031488478,0.0014061928,0.018744469
2023-12-01,AMGN,0.020558953,0.0028440952,-0.0053194761
2023-12-01,CRM,0.0025737286,0.026588321,-0.02005595
2023-12-01,CSCO,-0.027025998,0.023430228,-0.014483273
2023-12-01,IBM,-0.011221707,0.00047326088,-0.0022306442
2023-12-01,INTC,0.0059247017,0.010957241,0.006428957
2023-12-01,MSFT,-0.0037575364,0.012581944,-0.015485942
2023-12-01,NKE,0.014340281,0.022035956,-0.020272613
2023-12-01,VZ,0.012288213,0.014113069,0.0098327398
2023-12-01,WMT,-0.012950838,-0.005404532,-0.010718763
2023-12-04,AAPL,0.010839105,0.0061255693,0.0053508282
2023-12-04,AMGN,-0.012805641,0.012770057,-0.032703459
2023-12-04,CRM,-0.016591549,0.010928154,-0.0080103278
2023-12-04,CSCO,-0.0080399513,0.024982572,-0.023799598
2023-12-04,IBM,-0.010793388,-0.0012511611,0.0096750259
2023-12-04,INTC,-0.011411786,0.023982167,-0.016398609
2023-12-04,MSFT,-0.0053972006,0.0083892345,-0.023894906
2023-12-04,NKE,0.0086241961,-0.012171984,0.010109425
2023-12-04,VZ,-0.000654459,0.0088591576,-0.0053662658
2023-12-04,WMT,0.0064873695,-0.012984276,0.0089575052
2023-12-05,AAPL,-0.0035802722,0.0099009275,-0.014479935
2023-12-05,AMGN,-0.016424417,0.0062881708,-0.00335747
2023-12-05,CRM,-0.043636918,-0.01251775,-0.033737957
2023-12-05,CSCO,0.0061689615,-0.0016307831,-0.0087910891
2023-12-05,IBM,-0.019526064,0.0098706484,-0.00874722
2023-12-05,INTC,0.019314647,-0.0091726184,-0.012947023
2023-12-05,MSFT,0.017342567,-0.01172626,-0.0091168284
2023-12-05,NKE,-0.0098000169,0.021368027,-0.024593174
2023-12-05,VZ,-0.0035905242,0.014976025,-0.014301538
2023-12-05,WMT,-0.026670754,0.0025357008,-0.005847156
2023-12-06,AAPL,0.018775582,0.010835052,-0.026860297
2023-12-06,AMGN,-0.0010291934,-0.0020802617,-0.014954567
2023-12-06,CRM,0.0030225515,0.021925688,0.018474936
2023-12-06,CSCO,0.012905478,0.0073100328,-0.0035355091
2023-12-06,IBM,-0.0054398775,0.010306835,-0.0074504018
2023-12-06,INTC,-0.020138085,-0.0086055994,-0.014480591
2023-12-06,MSFT,-0.0014065504,0.014912367,-0.017332911
2023-12-06,NKE,-0.015016615,0.010958791,-0.002915442
2023-12-06,VZ,-0.024703145,0.0060594082,-0.00011831522
2023-12-06,WMT,0.0025109053,0.0010536909,-0.0046195388
2023-12-07,AAPL,0.015276313,0.013628602,-0.031133175
2023-12-07,AMGN,-0.029019237,0.0064755678,-0.0082325339
2023-12-07,CRM,0.0027163029,-0.008277595,-0.015495181
2023-12-07,CSCO,0.01789391,-0.00026917458,-0.016155362
2023-12-07,IBM,-0.0042538047,0.0069669485,-0.005398035
2023-12-07,INTC,-0.0026012063,0.02294445,-0.016660333
2023-12-07,MSFT,-0.0069907904,0.018078089,-0.010931849
2023-12-07,NKE,-0.016501546,0.013490438,-0.022183239
2023-12-07,VZ,-0.014214098,0.024879932,-0.01105535
2023-12-07,WMT,-0.021660388,0.0056269169,-0.015344977
2023-12-08,AAPL,0.0056782961,-0.0084975362,-0.0053960085
2023-12-08,AMGN,-0.016274035,-0.0029864311,-0.014782012
2023-12-08,CRM,-0.0023480654,0.00086700916,-0.038012147
2023-12-08,CSCO,-0.0037844181,0.0043898821,0.017320037
2023-12-08,IBM,-0.010788858,0.0020177364,0.0061278343
2023-12-08,INTC,-0.00034952164,0.018442988,0.011487603
2023-12-08,MSFT,0.0090159178,0.021798134,-0.032406449
2023-12-08,NKE,-0.017612696,-0.0051347017,0.011363745
2023-12-08,VZ,0.0097651482,0.011391163,-0.0011508465
2023-12-08,WMT,0.011965275,0.0064674616,0.0038195848
2023-12-11,AAPL,0.0022219419,0.0053318739,-0.015803277
2023-12-11,AMGN,0.010904074,0.012201667,-0.0062302947
2023-12-11,CRM,0.0077860355,-0.010092974,0.010745645
2023-12-11,CSCO,-0.010485232,0.012185812,-0.002995193
2023-12-11,IBM,-0.0026864409,0.0084736347,0.0039032698
2023-12-11,INTC,-0.022922099,0.012432694,-0.0071691871
2023-12-11,MSFT,-0.006641686,0.017725229,-0.0038951635
2023-12-11,NKE,-0.021472275,0.0048729181,0.0030856133
2023-12-11,VZ,-0.0022454858,0.0011788607,-0.015170336
2023-12-11,WMT,-0.0063923597,0.028695583,-0.008214891
2023-12-12,AAPL,0.00080525875,0.0052175522,-0.00066357851
2023-12-12,AMGN,-0.010593712,0.016926527,-0.0012146235
2023-12-12,CRM,-0.031018853,0.018172741,-0.0204615
2023-12-12,CSCO,0.027806878,0.0051380396,-0.010647833
2023-12-12,IBM,-0.0061305761,0.0044219494,-0.025110126
2023-12-12,INTC,-0.011922836,-0.0095773935,0.0058730841
2023-12-12,MSFT,-0.005764842,0.0091301203,-0.0057455301
2023-12-12,NKE,-0.012966394,0.020011425,-0.0074729323
2023-12-12,VZ,-0.00837183,0.0072263479,0.0074220896
2023-12-12,WMT,-0.013589382,0.016815305,-0.020761907
2023-12-13,AAPL,0.017456412,0.033222914,-0.030111313
2023-12-13,AMGN,-0.018306553,0.01344502,-0.021733284
2023-12-13,CRM,-0.0062384605,-0.0069953203,0.0025317669
2023-12-13,CSCO,-0.0052940845,0.014000416,-0.012952387
2023-12-13,IBM,0.0057820082,0.024167299,-0.009272635
2023-12-13,INTC,0.013168335,0.001294136,-0.010718048
2023-12-13,MSFT,-0.0025228858,-0.0072937012,-0.01561296
2023-12-13,NKE,0.010809183,-0.0002400279,0.013105154
2023-12-13,VZ,-0.018395483,0.0046887398,-0.014635801
2023-12-13,WMT,0.015812039,0.0077916384,0.00072062016
2023-12-14,AAPL,0.019581199,-0.0056005716,-0.010689616
2023-12-14,AMGN,0.010400414,0.029902935,-0.014536202
2023-12-14,CRM,0.017502308,-0.00010418892,-0.0071281791
2023-12-14,CSCO,-0.0067065358,0.00329566,-0.015472054
2023-12-14,IBM,-0.015662909,0.010015726,0.0029281378
2023-12-14,INTC,0.0030230284,-0.0031158924,-0.0018314719
2023-12-14,MSFT,0.019078493,-0.0074924827,-0.014390588
2023-12-14,NKE,-0.023667812,-0.0020800233,-0.017624915
2023-12-14,VZ,0.007219553,0.0011578798,0.0015113354
2023-12-14,WMT,-0.0131284,0.013642192,-0.012741566
2023-12-15,AAPL,0.0025649071,0.0082514286,-0.01964438
2023-12-15,AMGN,0.0030715466,0.015825033,-0.02118355
2023-12-15,CRM,-0.031336427,-0.010052145,-0.025115967
2023-12-15,CSCO,0.029161215,0.0054680109,0.0099574327
2023-12-15,IBM,-0.023480117,-0.003020525,-0.0080321431
2023-12-15,INTC,-0.017478883,0.011879921,-0.0081700087
2023-12-15,MSFT,0.0092935562,-0.0013526082,-0.014108419
2023-12-15,NKE,0.01920414,0.013543963,0.0030924082
2023-12-15,VZ,-0.037519455,0.0055673122,-0.0089558959
2023-12-15,WMT,0.014212608,0.022130728,-0.0037212968
2023-12-18,AAPL,0.004096508,0.0010945797,-0.012308002
2023-12-18,AMGN,-0.03725189,0.0076060295,-0.013064325
2023-12-18,CRM,0.016824961,0.013651967,-0.007787168
2023-12-18,CSCO,0.0079181194,0.0049023628,-0.016154647
2023-12-18,IBM,0.00018215179,0.0090017319,-0.0021544695
2023-12-18,INTC,0.034125328,0.018537402,-0.0012329221
2023-12-18,MSFT,0.0051203966,0.0059691668,-0.0064230561
2023-12-18,NKE,-0.021016955,0.013462305,0.013456941
2023-12-18,VZ,0.007866025,0.0019007921,-0.0077295303
2023-12-18,WMT,0.0099879503,0.013152122,-0.020316303
2023-12-19,AAPL,0.0027384758,0.014086962,0.0010693073
2023-12-19,AMGN,0.0038789511,0.014447927,-0.014188349
2023-12-19,CRM,0.021995068,0.026195407,-0.01357615
2023-12-19,CSCO,0.022715926,0.0074659586,-0.02211076
2023-12-19,IBM,0.0095369816,0.0037064552,-0.0079555511
2023-12-19,INTC,-0.030254841,0.011868,-0.0080680847
2023-12-19,MSFT,0.031152368,0.020141125,-0.0090506673
2023-12-19,NKE,0.029731393,0.015859127,-0.025348067
2023-12-19,VZ,-0.01087898,0.0033929348,-0.010087311
2023-12-19,WMT,-0.0051617622,0.0088950396,-0.0077958107
2023-12-20,AAPL,0.0013668537,0.0058315992,-0.021235108
2023-12-20,AMGN,0.0095610619,-0.0013872385,0.0033305883
2023-12-20,CRM,-0.0062628388,0.020315766,-0.014036179
2023-12-20,CSCO,-0.024699211,0.014746308,-0.013638496
2023-12-20,IBM,-0.022886097,-0.0042970777,0.0013612509
2023-12-20,INTC,0.0096627474,-0.00020343065,-0.0023805499
2023-12-20,MSFT,0.013830781,0.01542294,0.0053235292
2023-12-20,NKE,-0.00075209141,0.002723217,-0.00046890974
2023-12-20,VZ,-0.022172451,0.01777935,-0.012617469
2023-12-20,WMT,-0.01102972,4.529953e-06,0.0024003983
2023-12-21,AAPL,0.036253095,0.0026626587,-0.038953781
2023-12-21,AMGN,0.0070723295,0.021577597,-0.016490638
2023-12-21,CRM,0.0027829409,-0.0050926208,-0.0031635761
2023-12-21,CSCO,0.019718409,0.0088461637,-0.0061567426
2023-12-21,IBM,0.0076340437,0.0095278025,-0.016088486
2023-12-21,INTC,0.0015655756,0.0063990355,-0.010236144
2023-12-21,MSFT,-0.0064101219,0.0083175898,0.0062384605
2023-12-21,NKE,-0.018447995,0.00016152859,-0.022794783
2023-12-21,VZ,9.8705292e-05,0.010137916,0.005795598
2023-12-21,WMT,-0.017947674,0.011026859,-0.019667447
2023-12-22,AAPL,-0.0038778782,-0.0073355436,-0.019336402
2023-12-22,AMGN,0.0051805973,-0.0027625561,-0.0090974569
2023-12-22,CRM,-0.044519067,0.033808112,-0.022181928
2023-12-22,CSCO,-0.015331388,-0.004168272,-0.0044391155
2023-12-22,IBM,-0.024363458,0.015534997,-0.02124083
2023-12-22,INTC,0.0074446201,0.005895257,-0.0001013875
2023-12-22,MSFT,-0.0068156719,3.0517578e-05,-0.0066135526
2023-12-22,NKE,-0.038528621,-0.011444747,-0.010611892
2023-12-22,VZ,0.0028704405,-0.0018082261,-0.019126773
2023-12-22,WMT,-0.02687943,0.0080596209,-0.0044455528
2023-12-26,AAPL,-0.014584661,0.012589574,-0.016044021
2023-12-26,AMGN,0.02138567,0.0059777498,0.0026321411
2023-12-26,CRM,-0.0022860765,0.036699653,-0.03662765
2023-12-26,CSCO,0.024150252,0.010134459,-0.011253595
2023-12-26,IBM,0.0073804855,0.023468733,0.0017745495
2023-12-26,INTC,0.013243198,0.01639986,-0.006280601
2023-12-26,MSFT,0.00020670891,0.010357857,-0.002312839
2023-12-26,NKE,-0.0019695759,0.0057125092,0.001393199
2023-12-26,VZ,-0.0042076707,0.0020318031,-0.01426518
2023-12-26,WMT,-0.0041570663,0.0037806034,-0.0011665225
2023-12-27,AAPL,0.0021047592,-0.0015681982,-0.032573819
2023-12-27,AMGN,-0.041408777,0.00014948845,-0.012971878
2023-12-27,CRM,-0.018704176,0.021208882,-0.013908505
2023-12-27,CSCO,0.013010859,0.0067703724,-0.013397753
2023-12-27,IBM,0.0019934177,-0.0031607151,-0.0012701154
2023-12-27,INTC,0.011124849,0.016601443,-0.0038986206
2023-12-27,MSFT,-0.0094794631,0.012558341,-0.011963785
2023-12-27,NKE,0.0027261972,0.0029406548,0.0030316114
2023-12-27,VZ,0.014798999,0.0030816793,0.0041552782
2023-12-27,WMT,-0.016801059,0.010539174,-0.011329591
2023-12-28,AAPL,0.010521412,-0.0091154575,-0.011425555
2023-12-28,AMGN,-0.03372848,0.028675437,-0.0074891448
2023-12-28,CRM,-0.031048179,0.032792211,0.0046771765
2023-12-28,CSCO,-0.035626173,0.0049244165,-0.0094905496
2023-12-28,IBM,-0.020217478,0.0027858019,0.0022013187
2023-12-28,INTC,0.0073537827,-0.0043179989,0.010702968
2023-12-28,MSFT,0.00031638145,-0.0032795668,-0.022303939
2023-12-28,NKE,-0.030762732,0.011664748,-0.0044671893
2023-12-28,VZ,0.0062851906,0.0092300177,-0.014661908
2023-12-28,WMT,-0.013534606,-0.0041678548,-0.010825515
2023-12-29,AAPL,0.022460341,-0.0061050653,-0.001309514
2023-12-29,AMGN,-0.019060552,0.0019670725,0.0021644831
2023-12-29,CRM,-0.044396341,-0.0082957149,0.00067174435
2023-12-29,CSCO,-0.013990879,0.010028481,-0.0021160245
2023-12-29,IBM,0.0032814741,0.010319829,-0.0082387328
2023-12-29,INTC,0.0075091124,0.0066363811,-0.020676911
2023-12-29,MSFT,0.021562696,0.025192022,-0.016399384
2023-12-29,NKE,-0.031756282,-0.00075399876,-0.0048238039
2023-12-29,VZ,-0.01016736,0.023052335,-8.1241131e-05
2023-12-29,WMT,0.01256609,0.0052540302,0.0081453323
2024-01-02,AAPL,-0.0051870346,0.011392713,-0.011760056
2024-01-02,AMGN,-0.0039242506,0.0038782358,0.0063016415
2024-01-02,CRM,-0.0061455369,0.014219403,-0.011263847
2024-01-02,CSCO,-0.006120801,-0.0062405467,-0.021196187
2024-01-02,IBM,-0.0021811724,0.013406157,0.0124892
2024-01-02,INTC,0.00063061714,0.011534095,-0.027928412
2024-01-02,MSFT,-0.005223155,0.014914393,-0.017611444
2024-01-02,NKE,0.027537823,-0.0046144724,-0.0037347674
2024-01-02,VZ,0.0071256161,0.011483431,-0.0077129602
2024-01-02,WMT,-0.014482439,0.0012595654,-0.015261292
2024-01-03,AAPL,-0.03117013,0.014672279,-0.014072001
2024-01-03,AMGN,-0.0058555603,0.016933799,-0.023142397
2024-01-03,CRM,-0.015249789,-0.0013641715,0.017306566
2024-01-03,CSCO,0.0018934011,2.1219254e-05,-0.014246881
2024-01-03,IBM,-0.029500067,-0.0021463633,-0.00061368942
2024-01-03,INTC,-0.034034491,0.028137088,-0.0079312921
2024-01-03,MSFT,-0.017384768,0.0061311722,-0.0003412962
2024-01-03,NKE,0.03596139,0.022180438,-0.0054988265
2024-01-03,VZ,-0.021348178,0.014829397,-0.0035076737
2024-01-03,WMT,-0.025527358,0.001927495,-0.0061400533
2024-01-04,AAPL,0.0021901131,0.0085533857,-0.0080708861
2024-01-04,AMGN,0.014381647,0.0089795589,-0.0033237338
2024-01-04,CRM,-0.011104107,0.010218501,0.011734366
2024-01-04,CSCO,-0.0078018904,-0.0067538023,0.0036447048
2024-01-04,IBM,0.0040532351,0.0071904659,-0.0073035955
2024-01-04,INTC,0.0091435909,-0.00073182583,-0.0082120895
2024-01-04,MSFT,0.017083287,0.017337441,-0.016304135
2024-01-04,NKE,0.019612908,0.0053215027,-0.0041972399
2024-01-04,VZ,0.00065839291,0.0062898397,-0.0097698569
2024-01-04,WMT,-0.0026122332,-0.0010555387,-0.0094267726
2024-01-05,AAPL,-0.010407984,0.0070806742,-0.0065582395
2024-01-05,AMGN,0.0002399683,0.0063966513,0.006631732
2024-01-05,CRM,-0.0162462,0.028157234,0.0069087744
2024-01-05,CSCO,-0.018139958,-0.011806786,0.012527585
2024-01-05,IBM,-0.0010063052,0.008281827,-0.016833305
2024-01-05,INTC,-0.033870935,0.01607728,-0.013220668
2024-01-05,MSFT,-0.0044251084,0.0041217804,-0.0081192255
2024-01-05,NKE,0.0040329695,0.01861155,-0.01804316
2024-01-05,VZ,0.010449052,0.0027953386,-0.01788497
2024-01-05,WMT,0.013142824,-0.0025753379,-0.017636955
2024-01-08,AAPL,0.0022336245,-0.0023597479,0.0094813108
2024-01-08,AMGN,0.019477725,-0.0084059834,0.0090488195
2024-01-08,CRM,0.022177339,0.022617698,-0.00032567978
2024-01-08,CSCO,-0.0056308508,0.0072081089,0.012114406
2024-01-08,IBM,-0.0013247728,0.0051664114,-0.0059493184
2024-01-08,INTC,0.0020766258,-0.0040899515,-0.0074859262
2024-01-08,MSFT,0.037755847,-0.0054543614,-0.015423119
2024-01-08,NKE,-0.03185761,0.014257193,-0.016738892
2024-01-08,VZ,0.0084539652,0.0090379715,-0.023386061
2024-01-08,WMT,-0.013397396,0.0078072548,-0.029098809
2024-01-09,AAPL,0.016410112,0.017871499,-0.015130222
2024-01-09,AMGN,-0.0034473538,-0.0076670647,-0.0047203302
2024-01-09,CRM,-0.012913048,0.016651511,-0.014396966
2024-01-09,CSCO,0.03185904,-0.0001500845,0.0079722404
2024-01-09,IBM,0.013634324,0.019023299,-0.002138257
2024-01-09,INTC,0.041861176,-0.0007737875,0.004981637
2024-01-09,MSFT,-0.015315533,-0.0060850978,-0.012643695
2024-01-09,NKE,0.017659903,0.0066431761,-0.023714125
2024-01-09,VZ,-0.022686124,0.0052171946,-0.016480386
2024-01-09,WMT,-0.003651917,0.0085870028,-0.0037118196
2024-01-10,AAPL,0.003164649,0.0061906576,-0.025076807
2024-01-10,AMGN,0.016167998,0.0094516277,-0.011340141
2024-01-10,CRM,-0.022694409,0.017461777,-0.015113056
2024-01-10,CSCO,-0.016935647,0.012321234,-0.011968017
2024-01-10,IBM,0.0026285648,0.0043100119,-0.016776621
2024-01-10,INTC,0.0074049234,-0.002568841,-0.011389911
2024-01-10,MSFT,-0.02331382,-0.0028660893,-0.023789704
2024-01-10,NKE,-0.012749314,0.0059907436,-0.0064140558
2024-01-10,VZ,0.0021364689,0.012971759,-0.0079818368
2024-01-10,WMT,0.003174305,0.018688321,0.0021888018
2024-01-11,AAPL,0.03849113,-0.0064299107,-0.015075922
2024-01-11,AMGN,0.013465881,-0.0011832714,-0.0099495053
2024-01-11,CRM,0.010354638,0.012861729,-0.0036125183
2024-01-11,CSCO,-0.029240847,0.0066159964,-0.00068318844
2024-01-11,IBM,-0.0062139034,0.015150905,-0.0068547726
2024-01-11,INTC,0.0031855106,0.0052348375,-0.0050879121
2024-01-11,MSFT,0.018126965,0.00402987,-0.012883484
2024-01-11,NKE,-0.045997858,0.0077636242,-0.015071929
2024-01-11,VZ,0.0055670738,0.013873458,0.0067811012
2024-01-11,WMT,0.0018291473,0.018278241,-0.0025210977
2024-01-12,AAPL,-0.0058857203,0.0096750259,0.0025399923
2024-01-12,AMGN,-0.023027062,0.014751315,-0.026925266
2024-01-12,CRM,0.014327049,0.0059860945,0.011307359
2024-01-12,CSCO,0.003056407,-0.0017915964,-0.0087888837
2024-01-12,IBM,0.019805074,0.0036796331,-6.967783e-05
2024-01-12,INTC,0.0032843351,0.017519116,0.0044814348
2024-01-12,MSFT,0.03062737,0.013197064,-0.019939601
2024-01-12,NKE,-0.025424182,0.0071004629,-0.0090789795
2024-01-12,VZ,-0.009306848,0.0065621138,-0.0027108788
2024-01-12,WMT,-0.0075049996,0.0049993992,0.001240015
2024-01-16,AAPL,-0.0065152645,0.016044736,-0.0084646344
2024-01-16,AMGN,0.019812584,0.021347642,-0.0037302971
2024-01-16,CRM,-0.024255693,-0.0091216564,-0.01027441
2024-01-16,CSCO,0.0090590715,0.011760354,-0.0022818446
2024-01-16,IBM,0.012067318,0.014685631,-0.017293453
2024-01-16,INTC,0.0083715916,0.017653584,0.0038381815
2024-01-16,MSFT,-0.01215905,0.0096811056,-0.016689658
2024-01-16,NKE,0.031020999,0.013349771,-0.0025548935
2024-01-16,VZ,-0.016305149,0.013574958,0.00071179867
2024-01-16,WMT,-0.0056542158,0.016193986,0.010498762
2024-01-17,AAPL,-0.018607557,0.0033252239,-0.01679343
2024-01-17,AMGN,0.022504687,0.01068747,-0.009370625
2024-01-17,CRM,-0.007724762,0.026147246,-0.031910002
2024-01-17,CSCO,-0.0038540363,0.009555459,-0.022601724
2024-01-17,IBM,-0.018778563,0.0196805,-0.012701869
2024-01-17,INTC,0.0012606382,0.02092135,-0.010349452
2024-01-17,MSFT,0.011391997,0.013745904,-0.0036044717
2024-01-17,NKE,-0.0038515329,0.015111804,-0.010940254
2024-01-17,VZ,-0.010988235,0.0081714392,-0.011444688
2024-01-17,WMT,0.0051156282,0.0029448271,0.00098323822
2024-01-18,AAPL,0.020159602,0.02320075,-0.025806606
2024-01-18,AMGN,-0.020520806,0.01131022,-0.0031293631
2024-01-18,CRM,0.036264539,-0.022179127,-0.023703635
2024-01-18,CSCO,-0.037880242,-0.012416244,-0.0049651265
2024-01-18,IBM,-0.0069953203,0.017485619,0.0056649446
2024-01-18,INTC,0.02356863,0.0007828474,0.008866787
2024-01-18,MSFT,0.044989467,0.013600707,-0.032753944
2024-01-18,NKE,-0.0036787391,0.019422889,-0.0079632998
2024-01-18,VZ,-0.008092761,0.0033183098,-0.002264142
2024-01-18,WMT,0.0014587641,0.0054974556,0.00089943409
2024-01-19,AAPL,0.020156264,0.011262655,-0.053026319
2024-01-19,AMGN,0.0027630329,0.019024611,-0.019718409
2024-01-19,CRM,-0.05862385,-0.00652349,-0.021427631
2024-01-19,CSCO,0.013853192,-0.011710227,-0.018951118
2024-01-19,IBM,-0.0064701438,0.0032746792,-0.00017440319
2024-01-19,INTC,-0.0043576956,0.0013148785,-0.0083293915
2024-01-19,MSFT,0.0069197416,-0.0020936728,-0.0093494654
2024-01-19,NKE,-0.012484729,0.029345751,0.00074744225
2024-01-19,VZ,-0.033226609,0.023272634,-0.015370905
2024-01-19,WMT,-0.0078995824,0.0067213774,-0.0086556077
2024-01-22,AAPL,-0.003736496,0.0087202787,-0.0032840371
2024-01-22,AMGN,-0.037576795,0.0070080757,-0.025053561
2024-01-22,CRM,-0.024892688,-0.02654779,0.007273674
2024-01-22,CSCO,-0.029083967,0.0043861866,0.0015599728
2024-01-22,IBM,-0.026660204,0.0018242598,0.0024651289
2024-01-22,INTC,-0.0066343546,0.0078582764,-0.009082377
2024-01-22,MSFT,0.040985227,-0.0075380206,0.0025968552
2024-01-22,NKE,-0.010728061,-0.011265635,0.0017670393
2024-01-22,VZ,-0.017455459,0.023840427,-0.00025171041
2024-01-22,WMT,0.015681267,0.012316346,-0.007165134
2024-01-23,AAPL,-0.025071681,0.022225738,-0.017724693
2024-01-23,AMGN,0.0078125,0.011072636,0.0031329393
2024-01-23,CRM,0.030324697,-0.01249826,-0.0080429912
2024-01-23,CSCO,0.0053473711,-0.0041679144,-0.016205311
2024-01-23,IBM,-0.01114279,0.0038722754,0.0043905973
2024-01-23,INTC,-0.018406153,0.025720477,-0.02089715
2024-01-23,MSFT,-0.011273742,0.0096536875,0.0033603907
2024-01-23,NKE,-0.0037484765,0.0011225939,-0.0038189292
2024-01-23,VZ,0.00052702427,0.0098963976,-0.0086780787
2024-01-23,WMT,0.0093394518,0.0063387156,-0.018401861
2024-01-24,AAPL,0.00089776516,0.02239871,-0.0098752379
2024-01-24,AMGN,0.0080153942,0.0014417171,-0.027598202
2024-01-24,CRM,-0.010588646,-0.011439443,-0.024641454
2024-01-24,CSCO,-0.022834182,0.018581629,0.0018004179
2024-01-24,IBM,0.0010648966,0.0032200813,-0.0039783716
2024-01-24,INTC,0.027495742,0.011108279,-0.0013254285
2024-01-24,MSFT,0.013566732,0.00016248226,0.0036072731
2024-01-24,NKE,-0.0074596405,0.010628462,-0.020339131
2024-01-24,VZ,-0.0033870339,0.0084990263,-0.0022869706
2024-01-24,WMT,-0.015837371,0.0037488937,-0.0057091713
2024-01-25,AAPL,-0.016047299,0.00867939,-0.0036939979
2024-01-25,AMGN,-0.0022723079,0.0015717745,-0.021329343
2024-01-25,CRM,-0.017755628,0.008810997,-0.0038048625
2024-01-25,CSCO,-0.00034564734,0.0051853657,-0.0069932938
2024-01-25,IBM,-0.0056611896,0.018439174,-0.0041562319
2024-01-25,INTC,0.0096197128,0.0024807453,-0.0034572482
2024-01-25,MSFT,0.0056569576,0.0033072233,-0.0041158795
2024-01-25,NKE,-0.008703053,3.9339066e-05,-0.035615981
2024-01-25,VZ,0.015288711,-0.0027836561,-0.010513008
2024-01-25,WMT,-0.0096520782,0.0032541752,-0.0037529469
2024-01-26,AAPL,-0.001021266,0.007235527,-0.0086147189
2024-01-26,AMGN,-0.0241611,-0.00038456917,-0.013349533
2024-01-26,CRM,0.015369534,-0.015576243,-0.02537483
2024-01-26,CSCO,-0.0050100088,0.010122538,-0.020531356
2024-01-26,IBM,-0.023175597,0.021326184,-0.005456984
2024-01-26,INTC,0.020825863,0.0054308176,-0.010890961
2024-01-26,MSFT,-0.016898453,-0.0018315911,0.0015791655
2024-01-26,NKE,-0.020371914,-0.0080236793,-0.010366619
2024-01-26,VZ,0.015629053,0.0013332367,-0.0010566711
2024-01-26,WMT,0.00062155724,-0.00068175793,-0.0007070303
2024-01-29,AAPL,-0.0095778704,-0.0084472299,0.0089781284
2024-01-29,AMGN,0.0033892393,0.012116671,0.018704414
2024-01-29,CRM,0.040613532,0.0093654394,-0.0018380284
2024-01-29,CSCO,0.022519827,9.2983246e-06,-0.017682552
2024-01-29,IBM,-0.0034489036,-0.0016356707,-0.0083389282
2024-01-29,INTC,-0.040198922,0.00051569939,0.001928091
2024-01-29,MSFT,0.017750502,0.0082485676,-0.029399991
2024-01-29,NKE,0.011564255,-0.0011128187,-0.010065198
2024-01-29,VZ,0.0047457218,0.011849046,-0.016508102
2024-01-29,WMT,-0.014461517,0.0060085058,-0.016685426
2024-01-30,AAPL,-0.037850142,-0.020332932,-0.0054784417
2024-01-30,AMGN,0.010207534,0.0071848631,-0.027115047
2024-01-30,CRM,0.020296574,0.032971978,0.0021986961
2024-01-30,CSCO,-0.021632552,0.0035800934,-0.0046989322
2024-01-30,IBM,-0.012815177,0.017787695,0.00016105175
2024-01-30,INTC,0.0023243427,0.014104366,-0.010906398
2024-01-30,MSFT,0.024012089,0.0010105371,-0.01569587
2024-01-30,NKE,-0.02255398,0.0050929785,-0.020615101
2024-01-30,VZ,-0.018783748,-0.0051042438,-0.00067269802
2024-01-30,WMT,0.013341546,0.017783761,-0.011042416
2024-01-31,AAPL,0.0029853582,0.050440192,-0.0080025792
2024-01-31,AMGN,-0.014563262,-0.0051119328,0.0062687397
2024-01-31,CRM,0.0019580126,0.0036013126,-0.02810657
2024-01-31,CSCO,0.0023975372,-0.0090393424,-0.0035176873
2024-01-31,IBM,-0.013020635,-0.0012782216,-0.009647429
2024-01-31,INTC,-0.018308043,0.014053106,-0.020253479
2024-01-31,MSFT,0.0363276,0.0024759769,-0.0084950924
2024-01-31,NKE,0.0026388168,0.0067867041,-0.021868408
2024-01-31,VZ,-0.0032339096,-0.0034364462,-0.0012632608
2024-01-31,WMT,-0.0035462976,0.0059558153,0.0053703785
2024-02-01,AAPL,-0.036292195,0.007981658,-0.0037453175
2024-02-01,AMGN,-0.014140427,0.0081074238,-0.012322903
2024-02-01,CRM,-0.014317691,0.010727406,-0.040049911
2024-02-01,CSCO,-0.038997591,-0.0049318671,-0.0059215426
2024-02-01,IBM,-0.0084170103,0.0098185539,-0.0098492503
2024-02-01,INTC,0.0061525106,0.0076186657,-0.021645248
2024-02-01,MSFT,-0.0041485429,-0.0034370422,-0.02153337
2024-02-01,NKE,-0.0065810084,0.0068941116,0.00099647045
2024-02-01,VZ,0.036270022,0.019604802,-0.0016836524
2024-02-01,WMT,-0.0045212507,0.0058104992,-0.030160487
2024-02-02,AAPL,0.0057134628,-0.0058726072,0.0029324293
2024-02-02,AMGN,0.0065478086,0.022748828,-0.0097010732
2024-02-02,CRM,-0.055672467,0.0033816099,0.0034508705
2024-02-02,CSCO,0.0050466061,0.0028573275,-0.012942672
2024-02-02,IBM,-0.013415337,-0.0051772594,-0.0027685761
2024-02-02,INTC,0.018912435,0.0024995804,-0.02206707
2024-02-02,MSFT,-0.02318275,-0.0098677278,-0.011956751
2024-02-02,NKE,0.007646203,0.007047534,-0.0077770948
2024-02-02,VZ,-0.011757195,0.013974905,-0.011649132
2024-02-02,WMT,0.021021485,0.0044577122,0.0014314651
2024-02-05,AAPL,0.0017061234,-0.0073421597,-0.018703103
2024-02-05,AMGN,0.0034093857,0.0015900135,-0.0037538409
2024-02-05,CRM,-0.011922657,0.02019763,-0.017281532
2024-02-05,CSCO,0.023352265,0.013115406,-0.033404946
2024-02-05,IBM,0.009858489,0.0061485767,0.00036740303
2024-02-05,INTC,0.014055848,-0.0070531368,2.0742416e-05
2024-02-05,MSFT,-0.029421806,0.004871726,0.0042235851
2024-02-05,NKE,-0.0070707798,-0.0077230334,-0.0023720264
2024-02-05,VZ,-0.0079175234,-0.0042295456,0.0045250654
2024-02-05,WMT,0.01145339,-0.0064839721,-0.020344913
2024-02-06,AAPL,-0.00031298399,0.0019714832,-0.0026854277
2024-02-06,AMGN,0.023415446,0.0071495771,0.0047165155
2024-02-06,CRM,-0.0049794316,-0.010194778,-0.0086262226
2024-02-06,CSCO,-0.011470258,0.0058432817,-0.019662082
2024-02-06,IBM,0.0072984695,0.001155138,-0.0025297999
2024-02-06,INTC,-0.037117183,0.003762126,-0.0096839666
2024-02-06,MSFT,-0.00030702353,0.0015770197,0.0082908869
2024-02-06,NKE,-0.0079009533,0.035470843,-0.0065645576
2024-02-06,VZ,-0.024880946,0.018653989,-0.012434125
2024-02-06,WMT,-0.011846602,0.0026205778,0.0014847517
2024-02-07,AAPL,-0.016082942,-0.0036626458,-0.017293096
2024-02-07,AMGN,0.027959824,0.013783455,-0.016435206
2024-02-07,CRM,0.0093705654,0.012835383,-0.004350841
2024-02-07,CSCO,-0.038342476,0.0083914995,-0.0067112446
2024-02-07,IBM,-0.023340821,-0.0064447522,0.0092095137
2024-02-07,INTC,0.026964545,0.0066802502,-0.0011847615
2024-02-07,MSFT,-0.019917309,-0.0095060468,-0.0038483739
2024-02-07,NKE,0.0037051439,-0.0063247085,0.017516255
2024-02-07,VZ,-0.0067904592,0.020249963,-0.025590718
2024-02-07,WMT,-0.01202929,0.0074162483,-0.01396066
2024-02-08,AAPL,-0.0063826442,0.01586175,-0.0072575808
2024-02-08,AMGN,0.024327636,0.025179386,-0.00063955784
2024-02-08,CRM,-0.014073968,0.021637797,-0.017787933
2024-02-08,CSCO,-0.0049343705,-0.0024276972,-0.016480684
2024-02-08,IBM,0.015952587,0.021403432,-0.01135534
2024-02-08,INTC,-0.029476762,0.0044192076,-0.0046262145
2024-02-08,MSFT,0.024291515,0.012517214,-0.014481962
2024-02-08,NKE,-0.0035762787,-0.0058368444,-0.0052884817
2024-02-08,VZ,-0.0080868006,0.011434674,-0.023458183
2024-02-08,WMT,-0.026489675,0.016046047,0.00064790249
2024-02-09,AAPL,-0.0014026761,-0.0067656636,-0.031711876
2024-02-09,AMGN,-0.014688849,0.0078101158,0.0083110332
2024-02-09,CRM,-0.01299572,0.030266285,-0.004519999
2024-02-09,CSCO,0.033774018,0.0022934675,0.0046181679
2024-02-09,IBM,-0.0058346987,0.016400576,-0.0031548738
2024-02-09,INTC,0.043876886,0.0058467388,-0.019732773
2024-02-09,MSFT,-0.022193372,0.0051777363,-0.025622845
2024-02-09,NKE,0.012619376,0.001696229,-0.014442742
2024-02-09,VZ,-0.029346943,0.0031843185,-0.027372539
2024-02-09,WMT,0.0055853128,0.0056251287,-0.003634572
2024-02-12,AAPL,-0.019262195,-0.0087580681,-0.0074171424
2024-02-12,AMGN,-0.013041198,0.0094279051,-0.015937328
2024-02-12,CRM,0.019126415,0.031392574,0.021911025
2024-02-12,CSCO,-0.012734115,0.018507004,-0.018732369
2024-02-12,IBM,0.032036304,0.010714173,-0.018540978
2024-02-12,INTC,0.0090659857,0.010325909,0.0050410032
2024-02-12,MSFT,-0.014332771,0.0046970844,-4.1663647e-05
2024-02-12,NKE,0.023051739,0.012199759,-0.013709247
2024-02-12,VZ,0.0082894564,0.018023133,-0.0048123002
2024-02-12,WMT,0.012892604,0.0085312128,-0.0014326572
2024-02-13,AAPL,0.011575699,0.017581582,-0.003038466
2024-02-13,AMGN,0.0082981586,0.0049002171,0.0008045435
2024-02-13,CRM,-0.0051501989,0.018340945,-0.0054703355
2024-02-13,CSCO,0.015947819,0.01024878,-0.0083119869
2024-02-13,IBM,0.0075381994,-0.0072174668,-0.006270647
2024-02-13,INTC,0.016665339,-0.0096423626,0.010724545
2024-02-13,MSFT,-0.037773311,0.030057788,-0.00318712
2024-02-13,NKE,-0.018676281,0.011981368,-0.00051629543
2024-02-13,VZ,-0.0090752244,-0.0014232993,-0.019352853
2024-02-13,WMT,-0.015187383,0.0048410892,-0.0040003061
2024-02-14,AAPL,-0.018641651,0.0060386658,-0.0010095835
2024-02-14,AMGN,-0.025654793,0.028408289,-0.0063428283
2024-02-14,CRM,-0.0090620518,0.017115355,0.0049920082
2024-02-14,CSCO,0.049562216,-0.01066339,-0.02294594
2024-02-14,IBM,-0.012796342,0.011168838,0.018988729
2024-02-14,INTC,-0.020101428,0.020765424,-0.008287549
2024-02-14,MSFT,-0.014141142,0.0079532862,-0.026076853
2024-02-14,NKE,-0.0075230598,0.022993565,-0.0014683604
2024-02-14,VZ,0.0063552856,-0.001691401,-0.0014455318
2024-02-14,WMT,0.0036511421,0.010353804,-0.0018727779
2024-02-15,AAPL,0.013599753,0.025498271,-0.021779954
2024-02-15,AMGN,0.022589207,0.020657778,-0.018176556
2024-02-15,CRM,0.026924849,0.015992522,-0.0234254
2024-02-15,CSCO,-0.014754951,0.021254063,-0.0037239194
2024-02-15,IBM,-0.0037576556,0.0083581209,-0.0040831566
2024-02-15,INTC,0.030277014,0.013652325,0.0047351122
2024-02-15,MSFT,0.028812647,0.001109004,0.002546072
2024-02-15,NKE,-0.0082862377,0.0026174784,-0.009809494
2024-02-15,VZ,0.0064336061,0.017004609,0.0073684454
2024-02-15,WMT,-0.0043668151,0.020780325,0.0048209429
2024-02-16,AAPL,0.033211946,0.038988233,0.00064098835
2024-02-16,AMGN,0.0008713007,0.0054353476,-0.024190247
2024-02-16,CRM,-0.03692174,0.048389912,-0.059531271
2024-02-16,CSCO,0.038814664,0.014850497,-0.021697402
2024-02-16,IBM,-0.0050145984,0.0063673258,0.0037001371
2024-02-16,INTC,0.027698278,0.013059735,-0.016977847
2024-02-16,MSFT,0.0041269064,0.013056517,-0.032013357
2024-02-16,NKE,0.0052045584,0.0013178587,0.0041624308
2024-02-16,VZ,-0.016662717,0.0038057566,-0.0037537813
2024-02-16,WMT,-0.02775234,0.0087358952,-0.020559967
2024-02-20,AAPL,0.035464644,0.021037221,-0.0025265813
2024-02-20,AMGN,-0.024629772,0.02510488,-0.025620699
2024-02-20,CRM,0.015021205,0.020047784,-8.2612038e-05
2024-02-20,CSCO,0.0091785192,-0.0101794,0.015627384
2024-02-20,IBM,0.0061801672,-0.005718708,0.0044500828
2024-02-20,INTC,0.02243793,-0.0049855113,-0.0078246593
2024-02-20,MSFT,0.02047646,0.014760017,-0.0031329989
2024-02-20,NKE,-0.024464011,0.0099806786,-0.0067238212
2024-02-20,VZ,-0.018575251,0.0053747892,-0.008231163
2024-02-20,WMT,-0.015304446,0.00090479851,-0.012625217
2024-02-21,AAPL,-0.0066313148,0.014947891,-0.016185284
2024-02-21,AMGN,-0.0015996099,0.019691944,-0.0017054081
2024-02-21,CRM,0.00079357624,0.026426077,0.017662287
2024-02-21,CSCO,-0.024950445,0.012631297,-0.0020366907
2024-02-21,IBM,-0.0038868785,0.00038933754,-0.01242435
2024-02-21,INTC,0.0069600344,0.014504433,-0.0092756152
2024-02-21,MSFT,0.0050531626,0.0038149357,-0.025558531
2024-02-21,NKE,-0.016331255,0.0049690008,-0.0085978508
2024-02-21,VZ,-0.02009517,-0.0025115013,-0.0063194633
2024-02-21,WMT,-0.0071786642,0.012041807,-0.0053355098
2024-02-22,AAPL,0.0095568895,0.018592238,-0.018149436
2024-02-22,AMGN,-0.0093661547,0.0022761822,0.0084004402
2024-02-22,CRM,-0.0028239489,0.0042490959,-0.0090530515
2024-02-22,CSCO,0.0015603304,-0.0065184236,0.00011467934
2024-02-22,IBM,-0.011600137,-0.002718091,0.0059973001
2024-02-22,INTC,-0.0013834834,-0.002939105,8.0943108e-05
2024-02-22,MSFT,0.017307162,0.014275312,0.0044147968
2024-02-22,NKE,-0.0015411973,0.005006671,-0.027611077
2024-02-22,VZ,0.0055866241,0.00097894669,-0.0085808039
2024-02-22,WMT,-0.0066926479,0.00018036366,-0.0072971582
2024-02-23,AAPL,-0.020862401,0.019436598,-0.019632876
2024-02-23,AMGN,-0.012971878,0.0078763962,-0.025419593
2024-02-23,CRM,0.034741282,0.026033521,-0.011097491
2024-02-23,CSCO,-0.032325983,0.011047959,0.00099205971
2024-02-23,IBM,-0.020171225,0.0039739609,-0.009971559
2024-02-23,INTC,0.023910761,-0.0015609264,-0.015653431
2024-02-23,MSFT,-0.020885468,0.016977549,-0.030750573
2024-02-23,NKE,-0.025511742,0.019782424,-0.004034102
2024-02-23,VZ,-0.0078502893,-0.0047174096,-0.0018304586
2024-02-23,WMT,0.00075232983,0.010578394,0.0026195049
2024-02-26,AAPL,0.022680283,0.031416655,-0.0063436627
2024-02-26,AMGN,-0.03767693,0.0044462681,-0.009559989
2024-02-26,CRM,-0.003659308,0.03255558,0.0046335459
2024-02-26,CSCO,-0.0086345077,0.0037719011,-0.011314809
2024-02-26,IBM,-0.016419828,0.012866259,0.0016055107
2024-02-26,INTC,0.014667988,-0.0086379647,-0.00086760521
2024-02-26,MSFT,-0.0052124262,-0.011290312,-0.014040887
2024-02-26,NKE,-0.018381059,0.012400508,-0.00921911
2024-02-26,VZ,-0.017196417,0.010048389,-0.007650733
2024-02-26,WMT,-0.0086494088,0.0010766983,-0.018205345
2024-02-27,AAPL,0.0023111105,0.011381865,-0.020092547
2024-02-27,AMGN,-0.0038995743,1.7642975e-05,-0.031708837
2024-02-27,CRM,-0.024530709,0.010609627,-0.028027296
2024-02-27,CSCO,0.0082800388,0.0077199936,-0.004735589
2024-02-27,IBM,-0.013816357,0.009324193,-0.015526354
2024-02-27,INTC,-0.0017150044,0.0054564476,-0.0054693818
2024-02-27,MSFT,-0.046009779,0.013462186,-0.016386151
2024-02-27,NKE,-0.021206975,0.014154077,-0.015740871
2024-02-27,VZ,-0.0027133822,0.02309978,-0.004118979
2024-02-27,WMT,-0.0020883083,0.0013489723,-0.0086892247
2024-02-28,AAPL,-0.0077036619,0.014490724,0.0020447969
2024-02-28,AMGN,0.022687674,0.0106951,-0.0067324042
2024-02-28,CRM,-0.025893569,0.014513373,-0.010213614
2024-02-28,CSCO,-0.014594913,-0.011652827,-0.0090703964
2024-02-28,IBM,0.021872997,-0.004041791,-0.005885601
2024-02-28,INTC,-0.0075030923,0.031122684,-0.0036010146
2024-02-28,MSFT,-0.024040163,0.0048292875,-0.032780766
2024-02-28,NKE,0.0015854836,-0.00020074844,-0.0052522421
2024-02-28,VZ,0.002399683,-0.0031509399,-0.021318316
2024-02-28,WMT,-0.0079343319,-0.0021152496,-0.0032999516
2024-02-29,AAPL,-0.029398322,0.0091378689,0.020356894
2024-02-29,AMGN,-0.0067408681,0.022953987,-0.0061112046
2024-02-29,CRM,0.020365477,-0.010771573,-0.026662827
2024-02-29,CSCO,-0.019194186,-0.0019338727,-0.0095081925
2024-02-29,IBM,0.020285845,-0.0036194324,-0.0052654147
2024-02-29,INTC,0.0075501204,0.0098005533,-0.012126684
2024-02-29,MSFT,0.0090221167,0.0009355545,-0.013726056
2024-02-29,NKE,-0.010094404,-0.012851119,0.0024943352
2024-02-29,VZ,-0.015071571,0.011353374,-0.020347834
2024-02-29,WMT,0.0063012838,0.017008662,-0.0078203082
2024-03-01,AAPL,0.015265107,0.0027253628,0.0060577393
2024-03-01,AMGN,0.011415958,7.5936317e-05,-0.0069241524
2024-03-01,CRM,0.020723939,0.053142548,-0.0034653544
2024-03-01,CSCO,-0.011168063,0.00067210197,-0.0064559579
2024-03-01,IBM,0.019258618,0.0068970919,0.0095016956
2024-03-01,INTC,0.0099909306,0.015812159,-0.022852182
2024-03-01,MSFT,-0.00052785873,0.0055670738,-0.010209084
2024-03-01,NKE,0.023055315,-0.0044456124,-0.010016978
2024-03-01,VZ,-0.0148862,0.015588164,-0.0014870167
2024-03-01,WMT,0.0066729784,0.013135791,-0.01779151
2024-03-04,AAPL,0.038585186,-0.00011837482,-0.027379632
2024-03-04,AMGN,-0.014419019,0.0016371012,-0.010894299
2024-03-04,CRM,-0.033517063,-0.011214495,-0.0061709285
2024-03-04,CSCO,-0.01846981,0.01960659,-0.031418622
2024-03-04,IBM,-0.015722215,0.0073575974,-0.016660273
2024-03-04,INTC,-0.042925358,0.018971086,0.0036325455
2024-03-04,MSFT,-0.0068488717,0.0070174932,-0.0062727332
2024-03-04,NKE,-0.0016052127,0.012847185,-0.0093604922
2024-03-04,VZ,-0.011144519,0.0054833889,-0.0013620257
2024-03-04,WMT,9.5009804e-05,0.010411263,-0.015241504
2024-03-05,AAPL,-0.014081061,0.028369069,-0.0015903711
2024-03-05,AMGN,-0.023152232,0.02786696,-0.014911354
2024-03-05,CRM,-0.0037522912,-0.015482724,0.0023844242
2024-03-05,CSCO,0.011199117,0.0075188875,-0.015341043
2024-03-05,IBM,0.014030099,0.014721513,-0.013557017
2024-03-05,INTC,0.020250559,-0.0031753778,-0.030032456
2024-03-05,MSFT,-0.017017961,-0.0023029447,-0.011651576
2024-03-05,NKE,0.019161582,0.019764662,0.0031114817
2024-03-05,VZ,-0.0023789406,0.0086159706,-0.0088523626
2024-03-05,WMT,-0.023846745,-0.0062930584,-0.008846581
2024-03-06,AAPL,-0.0098145604,0.00047445297,-0.0099852085
2024-03-06,AMGN,-0.012886941,0.003818512,-0.0061987042
2024-03-06,CRM,0.0030442476,-0.026129305,-0.005023241
2024-03-06,CSCO,0.0030103922,0.0066565275,-0.0016376376
2024-03-06,IBM,-0.019647539,0.0091432333,-0.0050165057
2024-03-06,INTC,-0.023480177,0.010195613,0.0039496422
2024-03-06,MSFT,0.001162529,-0.016329825,-0.028276145
2024-03-06,NKE,0.01838553,0.014369965,-0.0067927241
2024-03-06,VZ,0.0033111572,-0.0082698464,-0.011385679
2024-03-06,WMT,0.0044413805,0.012767196,0.0088688135
2024-03-07,AAPL,0.018265009,-0.0010633469,0.00454247
2024-03-07,AMGN,0.0045226812,0.018275023,-0.016736269
2024-03-07,CRM,-0.010036051,0.0015380383,-0.0025649667
2024-03-07,CSCO,0.0021034479,-0.0072243214,-0.0078984499
2024-03-07,IBM,-0.015190423,0.026379108,-0.0066279769
2024-03-07,INTC,0.0092395544,-9.5546246e-05,0.0028555393
2024-03-07,MSFT,-0.039393425,0.0054615736,-0.019504845
2024-03-07,NKE,-0.0023161173,0.020379543,-0.01854527
2024-03-07,VZ,0.00080037117,-0.0080016851,-0.0044801831
2024-03-07,WMT,-0.0022292137,0.0035349131,-0.010545552
2024-03-08,AAPL,-0.0035632253,0.01153338,-0.0033730865
2024-03-08,AMGN,-0.0032572746,0.017969012,-0.0052217245
2024-03-08,CRM,-0.047161996,0.0093870163,-0.00094842911
2024-03-08,CSCO,0.0001090765,-0.0033838749,-0.0061933994
2024-03-08,IBM,0.006747961,0.018734694,-0.011820972
2024-03-08,INTC,0.005781889,-0.002954483,-0.0077070594
2024-03-08,MSFT,0.012932897,0.013667703,-0.016503453
2024-03-08,NKE,-0.021886408,0.0044280291,0.011813998
2024-03-08,VZ,0.015705585,-0.0025206804,0.019943833
2024-03-08,WMT,-0.010927916,0.0026699305,-0.002558291
2024-03-11,AAPL,0.001201272,-0.0010022521,-0.025493741
2024-03-11,AMGN,-0.0223791,0.016760945,-0.013450444
2024-03-11,CRM,0.02230835,0.036622763,-0.018023968
2024-03-11,CSCO,-0.016511381,0.016086459,-0.024252057
2024-03-11,IBM,-0.015850008,0.014115214,-0.016558826
2024-03-11,INTC,0.011661649,-0.0059915781,-0.0070893168
2024-03-11,MSFT,0.0077461004,0.0014044046,-0.007840991
2024-03-11,NKE,-0.016398549,0.0031024218,-0.013833046
2024-03-11,VZ,-0.03854984,0.0015722513,0.003366828
2024-03-11,WMT,0.00036263466,0.0075010061,-7.0929527e-05
2024-03-12,AAPL,0.029288292,0.010013461,-0.00098067522
2024-03-12,AMGN,-0.0047408938,0.0046644211,-0.018674433
2024-03-12,CRM,0.026083708,0.018564582,0.01820004
2024-03-12,CSCO,-0.020244181,-0.00034981966,-0.0064709783
2024-03-12,IBM,-0.0085633993,0.0063809156,-0.0026082397
2024-03-12,INTC,-0.014989495,-0.004103303,0.0041263103
2024-03-12,MSFT,-0.00027221441,-0.0004722476,-0.035365641
2024-03-12,NKE,0.029117703,-0.0028509498,-0.0061382055
2024-03-12,VZ,-0.016298234,-0.00011253357,-0.0149647
2024-03-12,WMT,-0.020704687,0.016626358,-0.0071613193
2024-03-13,AAPL,0.026431203,-8.3148479e-05,-0.00014680624
2024-03-13,AMGN,0.013248682,0.013504505,-0.0033912659
2024-03-13,CRM,-0.040091038,-0.0085359812,-0.013314247
2024-03-13,CSCO,-0.01575458,0.017765284,0.0060554743
2024-03-13,IBM,-0.019863725,-0.0078319311,-0.012177646
2024-03-13,INTC,-0.017131984,0.011051059,-0.013159394
2024-03-13,MSFT,0.010004401,0.0080119371,-0.0071351528
2024-03-13,NKE,0.020956397,-0.0039446354,-0.017306507
2024-03-13,VZ,-0.020238996,-0.0018863082,0.0025446415
2024-03-13,WMT,0.010225058,-0.0014055371,-0.030440331
2024-03-14,AAPL,0.025437236,-0.00081151724,-0.006603539
2024-03-14,AMGN,-0.00058096647,0.0030459166,-0.010281205
2024-03-14,CRM,0.023092031,0.029350281,0.0066244602
2024-03-14,CSCO,0.010255933,0.013660908,-0.028365374
2024-03-14,IBM,0.0081837177,0.015342712,-0.0041089058
2024-03-14,INTC,-0.0044890642,0.0060019493,-0.015429318
2024-03-14,MSFT,-0.0026557446,0.028018832,-0.0080949664
2024-03-14,NKE,0.028729916,0.015074849,-0.0068200231
2024-03-14,VZ,-0.019028723,0.0090425014,0.0059678555
2024-03-14,WMT,0.0073928833,0.012221932,-0.0048300028
2024-03-15,AAPL,-0.0012993813,-0.0016824007,0.0085226297
2024-03-15,AMGN,-0.012092173,0.023102641,-0.02696979
2024-03-15,CRM,0.006295085,0.017765045,-0.045405686
2024-03-15,CSCO,0.023453236,0.0067987442,0.0092954636
2024-03-15,IBM,-0.0039972067,0.0034908056,0.0089969635
2024-03-15,INTC,-0.00011336803,-5.5491924e-05,-0.016734004
2024-03-15,MSFT,0.016835451,0.011340618,-0.0083684921
2024-03-15,NKE,-0.01025629,0.014910817,0.005920887
2024-03-15,VZ,-0.0054630041,0.0063765049,-0.0258286
2024-03-15,WMT,0.013787746,-9.316206e-05,-0.0024737716
2024-03-18,AAPL,0.0058460236,0.014227033,0.026804805
2024-03-18,AMGN,-0.00039678812,0.0021169186,-0.021561205
2024-03-18,CRM,-0.019363523,0.024080873,0.00080132484
2024-03-18,CSCO,-0.020240009,-0.0016189218,-0.011170805
2024-03-18,IBM,-0.0049459934,0.010641694,-0.0069234371
2024-03-18,INTC,-0.00024551153,-0.0034412742,-0.018065274
2024-03-18,MSFT,0.033048868,0.020525932,0.0026035309
2024-03-18,NKE,-0.0034982562,-0.010846257,-0.034299791
2024-03-18,VZ,-0.0063582063,0.0075509548,-0.0037987828
2024-03-18,WMT,-0.0056493878,0.0026049614,-0.01049757
2024-03-19,AAPL,-0.022225738,0.016080856,-0.0079994202
2024-03-19,AMGN,0.021781564,0.007302165,-0.019861102
2024-03-19,CRM,0.021797419,0.022317767,-0.021247685
2024-03-19,CSCO,-0.022674918,0.02737546,-0.016228795
2024-03-19,IBM,0.006529808,-0.0031155944,-0.01122427
2024-03-19,INTC,-0.018987596,0.00028944016,-0.014094651
2024-03-19,MSFT,-0.017025471,0.0086884499,-0.0097157955
2024-03-19,NKE,-0.0055618882,0.021798491,-0.00011008978
2024-03-19,VZ,-0.0089220405,-0.0013182163,-0.013592005
2024-03-19,WMT,-0.019422352,-4.8995018e-05,-0.0081911087
2024-03-20,AAPL,0.0062903166,0.015010476,-0.020792782
2024-03-20,AMGN,-0.016571879,0.0084619522,0.0091375113
2024-03-20,CRM,0.01440239,-0.011466801,-0.011418581
2024-03-20,CSCO,0.018709421,0.0084289312,0.0018255711
2024-03-20,IBM,-0.024142981,0.024448872,-0.0048100352
2024-03-20,INTC,-0.0016712546,-0.0015162826,0.00092470646
2024-03-20,MSFT,-0.019426525,0.012395978,-0.013749838
2024-03-20,NKE,-0.012030184,0.0042655468,-0.022495091
2024-03-20,VZ,-0.011616886,0.0003734827,0.010713816
2024-03-20,WMT,-0.014613032,-0.014550805,-0.0084555149
2024-03-21,AAPL,0.0059510469,-0.0039635301,0.00040197372
2024-03-21,AMGN,-0.0025349855,0.025289774,-0.0062693357
2024-03-21,CRM,-0.038285851,0.026369452,-0.010408878
2024-03-21,CSCO,-0.013724089,0.0099818707,0.0061377287
2024-03-21,IBM,0.0028319359,-0.0011237264,0.0082354546
2024-03-21,INTC,0.0034427643,0.0081582069,-0.042265296
2024-03-21,MSFT,0.0029822588,0.015212893,-0.0037317872
2024-03-21,NKE,0.022078633,0.022549033,0.0020471811
2024-03-21,VZ,0.03436482,0.0073404312,-0.016344249
2024-03-21,WMT,0.0045950413,0.020270944,-0.0067090392
2024-03-22,AAPL,-0.0073543787,0.01522553,-0.015426934
2024-03-22,AMGN,-0.01747793,0.019398093,-0.019345701
2024-03-22,CRM,0.0064661503,0.0029293299,-0.048575878
2024-03-22,CSCO,-0.0082471371,0.0095466375,0.0037636757
2024-03-22,IBM,-0.025705457,0.032615662,0.0028684139
2024-03-22,INTC,-0.02505821,-0.006378293,-0.00072491169
2024-03-22,MSFT,-0.0088573098,-0.004083395,-0.023277462
2024-03-22,NKE,-0.0013461113,0.024094105,0.0044031143
2024-03-22,VZ,-0.0027231574,-0.014875531,-0.0011912584
2024-03-22,WMT,0.016312003,0.0028167963,-0.002530098
2024-03-25,AAPL,-0.0036178231,0.0086382627,-0.01138401
2024-03-25,AMGN,-0.026541591,0.0066646338,-0.013371289
2024-03-25,CRM,-0.013027966,0.011286497,-0.02597785
2024-03-25,CSCO,0.0074601173,0.037910461,-0.016718209
2024-03-25,IBM,-0.01493293,-0.0026506186,0.00070059299
2024-03-25,INTC,0.019135475,0.0047516823,-0.020912945
2024-03-25,MSFT,-0.0076065063,0.018365979,0.0012843609
2024-03-25,NKE,-0.0028014779,0.0061630011,-0.031072557
2024-03-25,VZ,-0.018128335,0.0067628622,-0.015542269
2024-03-25,WMT,-0.025995672,0.007673502,-0.011439681
2024-03-26,AAPL,-0.016540766,0.0017389059,-0.0014215708
2024-03-26,AMGN,-0.0032812357,0.0095348358,-0.0019496083
2024-03-26,CRM,0.0051966906,0.010949373,-0.0072062016
2024-03-26,CSCO,-0.011025667,0.0076694489,0.0007160902
2024-03-26,IBM,0.01737082,0.017021418,-0.0036446452
2024-03-26,INTC,-0.0093916059,0.00098645687,-0.020179927
2024-03-26,MSFT,-0.015783191,-0.0044133663,-0.022197366
2024-03-26,NKE,-0.014467716,0.0015898943,0.00054478645
2024-03-26,VZ,0.011204243,0.0086079836,-0.0099956393
2024-03-26,WMT,0.00096929073,0.016100645,-0.0047385693
2024-03-27,AAPL,0.015085697,0.0056014061,-0.0085328221
2024-03-27,AMGN,-0.016382396,0.030245185,-0.023422897
2024-03-27,CRM,0.038685083,0.024300456,0.0029560328
2024-03-27,CSCO,-0.0027300119,0.0026807785,-0.0048418641
2024-03-27,IBM,-0.019360781,-0.0015771389,-0.0099920034
2024-03-27,INTC,-0.022834897,0.024003386,0.012996316
2024-03-27,MSFT,0.016090274,0.0059136152,-0.015046954
2024-03-27,NKE,-0.0079418421,0.0086343288,-0.011349082
2024-03-27,VZ,0.012066603,0.026242614,-0.002431035
2024-03-27,WMT,-0.0053182244,0.016171336,-0.01074779
2024-03-28,AAPL,0.024184108,0.021352768,-0.0088680983
2024-03-28,AMGN,-0.026375115,0.016807795,-0.0094454288
2024-03-28,CRM,-0.055105686,0.012707829,-0.001316905
2024-03-28,CSCO,-0.014161706,0.0017465353,-0.0041869879
2024-03-28,IBM,-0.0079305768,-0.0035198927,-0.010522783
2024-03-28,INTC,-0.0060108304,-0.0011447072,-0.0066693425
2024-03-28,MSFT,-0.0034083128,-0.0077143908,-0.015642822
2024-03-28,NKE,-0.028694391,0.0060647726,-0.003426373
2024-03-28,VZ,-0.021716893,0.012019396,-0.018995583
2024-03-28,WMT,0.014315724,0.0093976259,-0.010794759
2024-04-01,AAPL,-0.0046918392,0.0075247288,-0.014131844
2024-04-01,AMGN,-0.011736453,0.007900238,0.0054450035
2024-04-01,CRM,0.046615005,0.0037354231,0.001103282
2024-04-01,CSCO,0.031467319,0.010344982,-0.0079216361
2024-04-01,IBM,0.0073342323,0.022754669,-0.0086047053
2024-04-01,INTC,0.018175602,0.020569801,-0.0091298223
2024-04-01,MSFT,0.0010472536,0.0065015554,-0.010463715
2024-04-01,NKE,-0.0022547841,0.0063536167,-0.012360275
2024-04-01,VZ,-0.014986634,0.0010842085,-0.0060377121
2024-04-01,WMT,-0.013317406,0.014983177,-0.015064657
2024-04-02,AAPL,0.00022292137,0.012758136,9.9420547e-05
2024-04-02,AMGN,0.0023589134,0.013973355,-0.013335168
2024-04-02,CRM,-0.001354754,0.023703933,-0.037086129
2024-04-02,CSCO,-0.0049504042,0.021378398,-0.020559371
2024-04-02,IBM,0.014854908,0.018692851,0.014403224
2024-04-02,INTC,-0.0077396035,0.0062123537,-0.014577985
2024-04-02,MSFT,-0.009622395,-0.0018113256,-0.014876425
2024-04-02,NKE,0.0081328154,0.0085421801,-0.0094688535
2024-04-02,VZ,0.0084172487,0.0020204782,0.0098546743
2024-04-02,WMT,-0.0027843714,0.0046781301,-0.0031255484
2024-04-03,AAPL,0.0024116039,0.0063259602,-0.011122167
2024-04-03,AMGN,-0.048265159,0.0062935352,0.0013160706
2024-04-03,CRM,0.012464643,0.0058441162,-0.0020856261
2024-04-03,CSCO,0.018589973,0.012130857,-0.014410555
2024-04-03,IBM,-0.012181461,-0.00059777498,-0.01345861
2024-04-03,INTC,-0.0049632788,0.013427019,-0.0017248988
2024-04-03,MSFT,0.0064554214,0.0072436333,-0.0041090846
2024-04-03,NKE,-0.0086496472,0.0080733299,-0.010175884
2024-04-03,VZ,-0.0080553889,-0.003903389,0.0043472052
2024-04-03,WMT,0.013948202,0.016062856,-0.0038043857
2024-04-04,AAPL,-0.014913201,0.029167533,-0.012408614
2024-04-04,AMGN,0.017098665,0.028773189,0.0045040846
2024-04-04,CRM,0.03848207,0.026856899,0.0020942688
2024-04-04,CSCO,-0.0085737705,-0.0094411969,-0.0068663955
2024-04-04,IBM,0.0076794624,0.014410257,-0.021363199
2024-04-04,INTC,-0.0053738952,0.023857951,-0.010665894
2024-04-04,MSFT,-0.0025119185,0.017020822,-0.014457047
2024-04-04,NKE,0.034665585,0.0045307875,0.0036526918
2024-04-04,VZ,0.001712203,0.014104962,-0.026391387
2024-04-04,WMT,-0.016518652,0.0035727024,-0.015204608
2024-04-05,AAPL,-0.022633433,0.018317461,-0.01252073
2024-04-05,AMGN,0.0104357,0.0057018995,-0.0018401742
2024-04-05,CRM,0.024902105,-0.0029363036,-0.0088729262
2024-04-05,CSCO,-0.025842607,-0.0031200051,0.0022753477
2024-04-05,IBM,-0.0088933706,0.016847372,-0.019346237
2024-04-05,INTC,-0.017137349,0.012484431,0.0073587894
2024-04-05,MSFT,-0.012321591,0.0059529543,-0.0082486868
2024-04-05,NKE,-0.0058091283,0.01779294,0.0010120869
2024-04-05,VZ,0.0095081329,0.005820632,0.019209266
2024-04-05,WMT,0.005836606,0.013269067,0.0009906292
2024-04-08,AAPL,-0.0062676668,-0.0037074089,0.0089783669
2024-04-08,AMGN,0.0052105188,0.02178371,-0.017894566
2024-04-08,CRM,-0.010001779,0.024050713,-0.012084544
2024-04-08,CSCO,0.0017930269,0.0038753748,-0.0066771507
2024-04-08,IBM,-0.0046826005,0.015915275,-0.0031273365
2024-04-08,INTC,-0.022391319,-0.0099887252,-0.014692605
2024-04-08,MSFT,-0.010046959,-0.0020953417,0.0047267675
2024-04-08,NKE,0.019239426,0.016601801,0.011583686
2024-04-08,VZ,0.0023605824,0.021241426,-0.022065163
2024-04-08,WMT,0.0059398413,0.00079393387,-0.021343529
2024-04-09,AAPL,-0.010738969,-0.01044023,-0.014096737
2024-04-09,AMGN,-0.0030297637,0.0074611902,-0.0044805408
2024-04-09,CRM,-0.022530079,0.01579392,0.013019562
2024-04-09,CSCO,0.017811298,0.015218854,0.0038057566
2024-04-09,IBM,0.028226495,0.0074756145,-0.011266351
2024-04-09,INTC,0.015304565,0.007999301,-0.0022471547
2024-04-09,MSFT,0.025093794,0.013152361,-0.017327189
2024-04-09,NKE,-0.00030338764,-0.0026423931,-0.0041099787
2024-04-09,VZ,0.015866518,0.0072247982,-0.00022310019
2024-04-09,WMT,0.0015314817,0.0059084892,-0.001480937
2024-04-10,AAPL,-0.019851387,0.0014600754,-0.018095315
2024-04-10,AMGN,-0.0037079453,0.014267683,-0.014834821
2024-04-10,CRM,-0.037273109,0.037738919,-0.027185857
2024-04-10,CSCO,-0.013697386,0.010006547,-0.0074825287
2024-04-10,IBM,-0.014398158,-0.0014340878,-0.014942527
2024-04-10,INTC,-0.030846894,0.017775774,-0.016798735
2024-04-10,MSFT,0.037562966,0.0027177334,-0.019302368
2024-04-10,NKE,0.025841236,-0.010568142,-0.0061484575
2024-04-10,VZ,-0.032472551,-0.0020505786,0.0021650791
2024-04-10,WMT,-0.0031350851,0.016423583,0.0020875931
2024-04-11,AAPL,0.010723233,0.023414016,-0.018137991
2024-04-11,AMGN,0.0031839609,0.017367482,-0.022394061
2024-04-11,CRM,-0.01951015,-0.00040119886,-0.01661694
2024-04-11,CSCO,0.00063884258,-0.00015115738,-0.005892694
2024-04-11,IBM,-0.012761891,0.014920115,-0.011396885
2024-04-11,INTC,0.00098991394,0.00011992455,-0.0050225854
2024-04-11,MSFT,-0.002145648,0.016585231,-0.01301986
2024-04-11,NKE,-0.0070092082,0.0039454699,-0.017897367
2024-04-11,VZ,-0.0071700811,0.002363205,-0.012815177
2024-04-11,WMT,-0.0065132976,-0.0058559775,-0.0018237233
2024-04-12,AAPL,0.02134335,-0.0058407187,-0.0053042769
2024-04-12,AMGN,0.038752556,0.016929984,-0.0047523975
2024-04-12,CRM,0.02306509,0.044621229,-0.034782767
2024-04-12,CSCO,0.0010355711,0.016918659,0.00024807453
2024-04-12,IBM,0.015243888,0.011792779,0.0038725138
2024-04-12,INTC,0.010707259,-0.00099951029,-0.023598373
2024-04-12,MSFT,-0.013089597,0.012210846,-0.01536727
2024-04-12,NKE,-0.0058451891,0.0017133951,0.0070985556
2024-04-12,VZ,-0.013894439,0.0034941435,-0.012653291
2024-04-12,WMT,-0.011724472,0.010071158,-0.0079628229
2024-04-15,AAPL,0.010997295,-0.016806483,-0.021223903
2024-04-15,AMGN,-0.008836031,0.025338769,-0.0059353113
2024-04-15,CRM,0.016597748,0.017884851,-0.011342347
2024-04-15,CSCO,0.0013072491,-9.6559525e-05,0.0018250942
2024-04-15,IBM,-0.01483202,0.0038175583,-0.0060502887
2024-04-15,INTC,-0.0050519705,0.011450648,-0.0081571937
2024-04-15,MSFT,-0.022449851,-0.0060091019,-0.00023853779
2024-04-15,NKE,0.03034842,0.014907956,-0.014698565
2024-04-15,VZ,0.0017023087,-0.0060295463,0.0061607361
2024-04-15,WMT,-0.028229833,-0.0052064061,-0.0015036464
2024-04-16,AAPL,-0.040474057,-0.0028755665,-0.019221961
2024-04-16,AMGN,0.0098292828,0.011530757,-0.0089137554
2024-04-16,CRM,0.02491796,0.014310241,-0.0099666715
2024-04-16,CSCO,-0.02872777,0.00010251999,-0.011427224
2024-04-16,IBM,-0.012957752,0.011027098,-0.014632881
2024-04-16,INTC,-0.0031072497,0.0043855906,-0.018691838
2024-04-16,MSFT,0.0063704252,0.0077917576,-0.013150036
2024-04-16,NKE,-0.020719171,0.024112344,-0.025865793
2024-04-16,VZ,0.0054240227,-0.0020197034,0.0061844587
2024-04-16,WMT,0.0082796812,-0.0029300451,-0.0054931641
2024-04-17,AAPL,-0.017128766,0.00057971478,-0.0096431971
2024-04-17,AMGN,0.0071759224,0.014678955,-0.011438131
2024-04-17,CRM,-0.048683643,-0.0041683316,-0.0035787225
2024-04-17,CSCO,0.016561985,0.0074417591,-0.0043407679
2024-04-17,IBM,0.0070855618,0.00085735321,-0.0066105723
2024-04-17,INTC,-0.017047226,-0.0079517365,-0.0086886287
2024-04-17,MSFT,-0.01681751,0.012740254,-0.010924459
2024-04-17,NKE,-0.005479753,0.0088847876,-0.0037170649
2024-04-17,VZ,-0.0031433702,0.017315745,-0.017067432
2024-04-17,WMT,-0.0027304292,0.0088261366,-0.008167088
2024-04-18,AAPL,0.0073736906,0.0020105839,-0.025904179
2024-04-18,AMGN,-0.039410114,0.025755525,0.0069600344
2024-04-18,CRM,-0.00084078312,0.017807245,-0.028960466
2024-04-18,CSCO,-0.01422888,0.015078664,-0.023095727
2024-04-18,IBM,-0.00202775,0.014048457,0.007630229
2024-04-18,INTC,-0.014545739,0.013753772,-0.0023940802
2024-04-18,MSFT,-0.010456085,0.020569205,-0.0084141493
2024-04-18,NKE,0.0025581121,0.0090939999,-0.0094259977
2024-04-18,VZ,0.01325655,-0.0030465126,-0.0099198222
2024-04-18,WMT,0.00032866001,-0.00091183186,0.0097099543
2024-04-19,AAPL,0.0047785044,-0.01188302,0.0056488514
2024-04-19,AMGN,0.0056132078,0.016571879,-0.024912834
2024-04-19,CRM,0.01710391,0.016588211,-0.01654315
2024-04-19,CSCO,0.014044166,0.025128245,-0.019868493
2024-04-19,IBM,-0.019956589,0.0025241375,0.010638356
2024-04-19,INTC,-0.0030431747,0.01219213,0.010267973
2024-04-19,MSFT,0.04329145,0.0071303844,-0.012792826
2024-04-19,NKE,0.015561104,0.0014410019,-0.032399356
2024-04-19,VZ,-0.012153566,0.013281703,0.0012074709
2024-04-19,WMT,-0.010128617,0.020992279,0.0038090944
2024-04-22,AAPL,0.00076389313,0.016658068,-0.025213599
2024-04-22,AMGN,-0.004289031,0.012482524,-0.0104087
2024-04-22,CRM,0.0012282133,0.023352981,-0.0058121681
2024-04-22,CSCO,-0.012981594,0.026306748,0.0049868822
2024-04-22,IBM,0.0085347891,0.0081914663,-0.0026692152
2024-04-22,INTC,-0.0048351288,0.010529757,-0.021482825
2024-04-22,MSFT,-0.0092063546,0.011316776,-0.016642213
2024-04-22,NKE,-0.0090278983,0.026504517,-0.0054638982
2024-04-22,VZ,0.010604143,0.016756177,-0.015958548
2024-04-22,WMT,-0.01309377,0.011585116,-0.0064610839
2024-04-23,AAPL,0.0064229965,0.0066100359,0.0049021244
2024-04-23,AMGN,-0.00027388334,0.0027754307,0.0060738325
2024-04-23,CRM,0.04039216,0.0091130733,-0.014956594
2024-04-23,CSCO,0.021259785,-0.0066770315,-0.017573833
2024-04-23,IBM,0.0074851513,0.017798781,-0.0085619092
2024-04-23,INTC,-0.017026901,0.0079673529,-0.0020214915
2024-04-23,MSFT,-0.007612288,0.015646219,-0.015963852
2024-04-23,NKE,0.011282921,0.016859531,-0.0049118996
2024-04-23,VZ,-0.016936839,0.0037248135,-0.0086515546
2024-04-23,WMT,0.0055289268,0.013642073,-0.011893094
2024-04-24,AAPL,-0.012877285,0.022875428,-0.024651051
2024-04-24,AMGN,-0.0073063374,0.020620465,-0.013326287
2024-04-24,CRM,0.016266108,0.0062713623,-0.0038438439
2024-04-24,CSCO,0.028117418,-0.0090500712,-0.0073912144
2024-04-24,IBM,0.0057446957,-0.0051578283,-0.0082744956
2024-04-24,INTC,0.015179992,0.026606917,-0.016612947
2024-04-24,MSFT,0.0056346655,-0.0048397183,-0.0065916181
2024-04-24,NKE,0.011008382,0.0041204691,-0.0054565668
2024-04-24,VZ,-0.0047580004,0.0087765455,-0.0043871999
2024-04-24,WMT,-0.0054177046,0.023992538,0.0040134192
2024-04-25,AAPL,0.018419385,0.0063236952,-0.011678576
2024-04-25,AMGN,-0.021825731,0.010617733,-0.019416451
2024-04-25,CRM,0.02244401,0.022035956,-0.013688743
2024-04-25,CSCO,-0.013223946,0.0092694759,0.019659519
2024-04-25,IBM,-0.0030882359,0.015465736,-0.0084066987
2024-04-25,INTC,-0.029933691,0.012774706,-0.0019542575
2024-04-25,MSFT,0.00033760071,0.0049209595,-0.012719095
2024-04-25,NKE,-0.013221741,0.010210752,-0.0069229007
2024-04-25,VZ,-0.011198044,0.0094105005,-0.0056728125
2024-04-25,WMT,0.022680521,0.0091303587,-0.012836814
2024-04-26,AAPL,-0.023104191,0.015148044,-0.011552155
2024-04-26,AMGN,-0.0069565177,0.0040953159,0.0082985163
2024-04-26,CRM,0.013728261,0.0027779341,-0.022582233
2024-04-26,CSCO,-0.00028568506,0.020855069,0.00011849403
2024-04-26,IBM,-0.0086527467,-0.0010787249,-0.028227687
2024-04-26,INTC,-0.012762845,0.00050854683,-0.033036351
2024-04-26,MSFT,-0.0077112317,0.0083012581,0.0031093359
2024-04-26,NKE,-0.010170937,0.0075954199,-0.016599417
2024-04-26,VZ,-0.012505531,0.02950573,-0.019903243
2024-04-26,WMT,0.005645752,0.0065894127,-0.010148823
2024-04-29,AAPL,0.00058615208,0.011977077,-0.012635171
2024-04-29,AMGN,-0.023949981,0.0059431791,0.015009284
2024-04-29,CRM,-0.024623632,-0.0096651912,-0.021408677
2024-04-29,CSCO,0.00037026405,-0.0017938614,-0.0038380027
2024-04-29,IBM,0.0036406517,0.0093480349,-0.0091955066
2024-04-29,INTC,-0.0038164854,0.0065561533,-0.02374047
2024-04-29,MSFT,-0.01133579,0.01365459,-0.00016504526
2024-04-29,NKE,0.018473387,0.015265226,0.0025173426
2024-04-29,VZ,0.00041592121,0.011399746,-0.0051368475
2024-04-29,WMT,-0.0040228367,0.015162468,0.011022091
2024-04-30,AAPL,-0.032996118,0.01623261,-0.0087278485
2024-04-30,AMGN,-0.012802601,-0.0051392913,-0.0028818846
2024-04-30,CRM,-0.032285631,0.017713189,-0.00093019009
2024-04-30,CSCO,-0.018374205,0.026614904,-0.0077868104
2024-04-30,IBM,-0.014172733,0.014496326,-0.013904989
2024-04-30,INTC,0.030604601,-0.010101914,0.017490149
2024-04-30,MSFT,-0.0082397461,0.012404203,-0.010531127
2024-04-30,NKE,0.011336923,0.014310122,-0.017414629
2024-04-30,VZ,0.0072607994,-0.0054500699,-0.012417674
2024-04-30,WMT,-0.0019692183,0.0066400766,-0.0192765
2024-05-01,AAPL,-0.040607631,0.019058466,-0.022239149
2024-05-01,AMGN,-0.0099796653,0.023633122,-0.013758004
2024-05-01,CRM,0.019867897,0.00090432167,0.0043984652
2024-05-01,CSCO,-0.018630683,0.0058525801,-0.0084937215
2024-05-01,IBM,0.0069055557,0.013779521,-0.0056116581
2024-05-01,INTC,0.0027024746,0.015475869,-0.0097981095
2024-05-01,MSFT,-0.034306407,-0.00012862682,-0.014093757
2024-05-01,NKE,0.0083243847,0.020545721,-0.0043456554
2024-05-01,VZ,0.00015175343,0.016985297,0.00062203407
2024-05-01,WMT,-0.0061253309,-0.0045407414,-0.010428071
2024-05-02,AAPL,-0.012702763,0.0077221394,-0.0053242445
2024-05-02,AMGN,0.036916137,-0.0031723976,-0.032766879
2024-05-02,CRM,0.04539597,0.024552941,0.0068106651
2024-05-02,CSCO,-0.038103998,0.0095541477,-0.00031524897
2024-05-02,IBM,-0.016090572,0.012730002,-0.0062625408
2024-05-02,INTC,-0.018317878,0.0074796677,-0.0069807768
2024-05-02,MSFT,0.016329885,0.013760209,-0.010556936
2024-05-02,NKE,0.001147151,0.014801979,-0.018167615
2024-05-02,VZ,0.0085496902,0.008687973,5.1379204e-05
2024-05-02,WMT,-0.013149142,0.016787171,-0.021200359
2024-05-03,AAPL,-0.0048592091,0.016093254,-0.0077970624
2024-05-03,AMGN,-0.014744222,0.002112031,-0.012386799
2024-05-03,CRM,-0.018164396,-0.0055454969,-0.025717318
2024-05-03,CSCO,0.011964202,0.020309091,-0.010164082
2024-05-03,IBM,-0.0032385588,0.011386395,-0.0081294179
2024-05-03,INTC,-0.019693732,-0.0052363873,-0.0077164769
2024-05-03,MSFT,-0.0043740273,0.0018361807,-0.0011423826
2024-05-03,NKE,0.0020017624,0.02308619,-0.0018154979
2024-05-03,VZ,0.0042905807,0.0084329844,-0.0027237535
2024-05-03,WMT,-0.020937085,0.0080006123,0.00026583672
2024-05-06,AAPL,0.0017435551,0.023526788,-0.011953115
2024-05-06,AMGN,-0.0082983971,0.0060430765,-0.0055896044
2024-05-06,CRM,-0.043499708,0.015306711,0.018039107
2024-05-06,CSCO,-0.0057431459,0.019580245,-0.001097858
2024-05-06,IBM,-0.017547607,0.013591766,0.0041671991
2024-05-06,INTC,-0.019844711,0.015641928,0.0034592152
2024-05-06,MSFT,-0.0062823296,0.010716319,-0.016337633
2024-05-06,NKE,-0.00060212612,0.025308847,-0.013400316
2024-05-06,VZ,-0.0039805174,0.00096809864,0.0051341057
2024-05-06,WMT,-0.0093177557,0.0019714832,-0.0016351938
2024-05-07,AAPL,0.0043088198,-0.0030873418,-0.026104271
2024-05-07,AMGN,-0.028895795,0.011655807,-0.038254023
2024-05-07,CRM,0.0074137449,-0.02046454,-0.027563095
2024-05-07,CSCO,0.01737988,0.027416348,-0.0033174753
2024-05-07,IBM,-0.024972796,0.0093040466,0.0087496042
2024-05-07,INTC,0.023771763,-0.011661768,-0.010997832
2024-05-07,MSFT,0.014740109,0.014316678,-0.011181176
2024-05-07,NKE,-0.034158111,0.028527617,-0.010225177
2024-05-07,VZ,-0.040756583,0.018187404,-0.0045803785
2024-05-07,WMT,-0.012676179,0.021269917,0.0091074705
2024-05-08,AAPL,0.026111603,0.019272566,-0.013358772
2024-05-08,AMGN,0.0042338371,0.018782973,-0.017639101
2024-05-08,CRM,-0.043703198,0.016902328,-0.016415238
2024-05-08,CSCO,0.035179138,0.014652133,-0.019232213
2024-05-08,IBM,0.00063490868,0.00077915192,-0.020986438
2024-05-08,INTC,-0.0058416724,-0.015709996,0.0012603998
2024-05-08,MSFT,0.0067924261,0.0096838474,0.00098288059
2024-05-08,NKE,-0.019704223,0.0037659407,-0.0067136884
2024-05-08,VZ,0.020453334,0.013129115,-0.010781407
2024-05-08,WMT,-0.026820064,0.0091366768,-0.004360795
2024-05-09,AAPL,0.027758718,0.013447285,-0.0037104487
2024-05-09,AMGN,-0.0072535276,0.017459989,-0.027393878
2024-05-09,CRM,0.025933027,0.015373468,0.0059396029
2024-05-09,CSCO,-0.039706111,0.016706467,-0.024442554
2024-05-09,IBM,-0.028218508,0.00092029572,0.001904726
2024-05-09,INTC,-0.028675973,0.022574306,-0.013081849
2024-05-09,MSFT,0.0078061819,0.013895035,-0.012483478
2024-05-09,NKE,0.014241576,0.0052239895,-0.017474294
2024-05-09,VZ,0.0030100346,0.021517158,-0.0093069077
2024-05-09,WMT,0.020106912,0.0033109188,-0.020697057
2024-05-10,AAPL,0.03068018,0.024131536,-0.00014287233
2024-05-10,AMGN,0.012988925,0.016998529,-4.863739e-05
2024-05-10,CRM,-0.014375985,-0.0073020458,-0.039358675
2024-05-10,CSCO,0.010936975,-0.013089538,-0.013941884
2024-05-10,IBM,-0.01828295,0.020703554,-0.016826868
2024-05-10,INTC,0.012229204,0.026952505,-0.0024431348
2024-05-10,MSFT,0.020627022,0.017920375,0.0040863752
2024-05-10,NKE,0.029049397,-0.0073392987,-0.014497936
2024-05-10,VZ,0.037285566,0.0041481256,-0.0082955956
2024-05-10,WMT,0.0011886358,-0.0033341646,-0.0019695163
2024-05-13,AAPL,-0.01449424,-0.00012034178,-0.019280434
2024-05-13,AMGN,-0.0032669902,0.029844761,-0.0052288771
2024-05-13,CRM,-0.014623106,0.039302111,-0.032508075
2024-05-13,CSCO,0.020299315,-0.0048303008,-0.0088208914
2024-05-13,IBM,0.018493414,0.018530488,-0.01652509
2024-05-13,INTC,-0.021850169,0.013679862,-0.0016827583
2024-05-13,MSFT,-0.021522224,-0.0049738288,-0.018617928
2024-05-13,NKE,-0.00018048286,0.00030303001,-0.015954435
2024-05-13,VZ,0.0089594126,0.0033564568,0.0078011751
2024-05-13,WMT,0.0070533752,-0.0023761988,-0.0027272701
2024-05-14,AAPL,-0.0093773007,-0.0010234714,-0.011034131
2024-05-14,AMGN,-0.024558067,0.020283222,-0.014106095
2024-05-14,CRM,-0.015107632,0.023481011,-0.0412606
2024-05-14,CSCO,-0.00076568127,0.004788518,-0.011259198
2024-05-14,IBM,0.0069298744,0.010550022,-0.010306835
2024-05-14,INTC,-0.0079810619,0.0087664127,-0.0092889667
2024-05-14,MSFT,0.032811999,0.019632459,0.0024235249
2024-05-14,NKE,-0.00085115433,0.024413586,-0.0090789199
2024-05-14,VZ,-0.0099014044,0.0046370029,-0.016102135
2024-05-14,WMT,0.0061080456,0.020921946,0.0051738024
2024-05-15,AAPL,-0.021319985,0.01059258,-0.0040841699
2024-05-15,AMGN,0.0072339773,0.018513441,-0.0035157204
2024-05-15,CRM,-0.011565089,-0.0033130646,-0.010891736
2024-05-15,CSCO,-0.006837666,0.012123108,-0.0039502382
2024-05-15,IBM,0.0063194036,0.0099775791,0.0094957352
2024-05-15,INTC,0.0076060295,0.024878263,-0.026207507
2024-05-15,MSFT,0.023463845,0.018122196,-0.004331708
2024-05-15,NKE,-0.036425889,0.010572314,-0.0024920702
2024-05-15,VZ,-0.016024351,0.015290141,-0.00093919039
2024-05-15,WMT,0.0015045404,0.010516405,-0.013100326
2024-05-16,AAPL,0.027907968,0.0007032156,-0.020861626
2024-05-16,AMGN,-0.0089082122,0.025912046,-0.00028681755
2024-05-16,CRM,-0.063845038,0.016924977,-0.0071778893
2024-05-16,CSCO,0.020238519,-0.014262974,0.0056726933
2024-05-16,IBM,0.0087447166,0.0026596785,-0.006193459
2024-05-16,INTC,-0.021342039,0.037922621,0.0004273653
2024-05-16,MSFT,0.0030301809,0.0098358393,-0.020061851
2024-05-16,NKE,-0.012496471,0.022880197,-0.0041076541
2024-05-16,VZ,-0.0051165819,0.018065691,0.0056022406
2024-05-16,WMT,0.0078594685,0.012353897,-0.012376606
2024-05-17,AAPL,0.0036902428,0.022473097,-0.012792826
2024-05-17,AMGN,0.0083857775,0.0089594126,-0.006551981
2024-05-17,CRM,-0.054118812,0.0340029,-0.035525799
2024-05-17,CSCO,-0.016305566,0.0079952478,-0.013738692
2024-05-17,IBM,0.0076231956,0.0091061592,-0.017367661
2024-05-17,INTC,-0.012411535,-0.009132266,-0.0036524534
2024-05-17,MSFT,0.015563965,0.0088996887,-0.0042623878
2024-05-17,NKE,-0.012969315,-0.0072155595,-0.013324022
2024-05-17,VZ,-0.0048647523,-0.0015648603,-0.0022267699
2024-05-17,WMT,-0.019168973,0.0079475641,-0.014295638
2024-05-20,AAPL,-0.0097045302,0.010453463,-0.018314004
2024-05-20,AMGN,-0.026619971,0.022451401,-0.0015977025
2024-05-20,CRM,0.0042042732,0.022323728,0.012067795
2024-05-20,CSCO,0.0051014423,-0.0020620227,-0.013639927
2024-05-20,IBM,-0.016337395,0.017436624,-0.0063220859
2024-05-20,INTC,0.0016320944,0.01047945,0.0098576546
2024-05-20,MSFT,0.014611483,0.0034623146,-0.0031457543
2024-05-20,NKE,0.0014857054,0.010116458,-0.0026837587
2024-05-20,VZ,-0.022063494,0.015303254,0.0065993071
2024-05-20,WMT,0.0048353672,-0.0013403893,-0.016534865
2024-05-21,AAPL,-0.024115443,0.00063407421,-0.020133197
2024-05-21,AMGN,0.006862402,0.010175586,-0.0027515292
2024-05-21,CRM,0.0056872368,-0.0038624406,-0.018319547
2024-05-21,CSCO,0.0094304085,0.014066458,-0.0060427785
2024-05-21,IBM,-0.0010095239,0.026823282,-0.013012111
2024-05-21,INTC,-0.0070341229,0.0049370527,-0.0031912327
2024-05-21,MSFT,0.014025092,0.026838899,0.005163312
2024-05-21,NKE,-0.01238519,0.025382161,-0.0010380149
2024-05-21,VZ,0.0035387278,0.0081738234,-0.015761256
2024-05-21,WMT,-0.008615613,0.00036215782,-0.0074407458
2024-05-22,AAPL,-0.020895064,0.025143385,0.0013586283
2024-05-22,AMGN,0.012512445,0.024013877,-0.014693916
2024-05-22,CRM,0.008220911,0.016274929,-0.030058861
2024-05-22,CSCO,0.017880678,-0.013164163,-0.0071021914
2024-05-22,IBM,0.01276207,0.0099207163,0.0017901659
2024-05-22,INTC,-0.022078276,-0.0024186373,-0.00037062168
2024-05-22,MSFT,0.0072547197,0.00054144859,-0.0031782389
2024-05-22,NKE,-0.013719678,0.0015101433,0.013615012
2024-05-22,VZ,-0.0079555511,0.0014163256,0.0080779791
2024-05-22,WMT,-0.016910017,0.0073845387,-0.0032812953
2024-05-23,AAPL,-0.015629292,0.026465178,-0.0032518506
2024-05-23,AMGN,0.0048480034,0.0094586611,-0.019465923
2024-05-23,CRM,0.024482727,-0.012256503,-0.026574254
2024-05-23,CSCO,-0.017209113,0.01370728,-0.0071774125
2024-05-23,IBM,0.014671683,0.014834762,-0.024935424
2024-05-23,INTC,-0.0052387118,0.0051470995,0.004237771
2024-05-23,MSFT,-0.0064555407,0.0037858486,-0.0053515434
2024-05-23,NKE,-0.0078177452,0.02257216,0.019570112
2024-05-23,VZ,0.0020608902,0.0042939186,0.0067062378
2024-05-23,WMT,0.021032214,0.0040369034,-0.0072746873
2024-05-24,AAPL,0.011426449,0.018099666,-0.0080538988
2024-05-24,AMGN,0.0099419355,0.031151175,-0.015569746
2024-05-24,CRM,0.022971869,0.0023733377,0.0014030933
2024-05-24,CSCO,-0.0067847967,-0.0038717985,-0.022112131
2024-05-24,IBM,0.0050410032,-0.0088714957,-0.0040173531
2024-05-24,INTC,-0.01484859,0.014628291,-0.01279372
2024-05-24,MSFT,0.0071885586,0.0056153536,-0.0029223561
2024-05-24,NKE,0.0086728334,0.0095587969,-0.022080064
2024-05-24,VZ,0.010020256,0.0022279024,-0.008893609
2024-05-24,WMT,-0.00049763918,0.0060361624,0.0045785904
2024-05-28,AAPL,0.033242464,0.021330118,0.012184143
2024-05-28,AMGN,0.0010246038,0.0077054501,-0.011015058
2024-05-28,CRM,0.007394433,0.011358023,0.0019062757
2024-05-28,CSCO,-0.0011729598,0.020768762,-0.011966228
2024-05-28,IBM,0.0018281937,0.0074285269,-0.0015342832
2024-05-28,INTC,-0.044936359,0.012795091,-0.00785923
2024-05-28,MSFT,-0.003924787,-0.010406256,-0.019134045
2024-05-28,NKE,0.020123482,0.015207887,-0.013229549
2024-05-28,VZ,0.023948669,0.013731718,-0.022925735
2024-05-28,WMT,-0.0047954321,0.0065754652,-0.0014430285
2024-05-29,AAPL,0.030209422,0.0052655935,-0.00011920929
2024-05-29,AMGN,0.010104656,0.0081329346,0.0027395487
2024-05-29,CRM,0.0097841024,-0.014174223,-0.037531078
2024-05-29,CSCO,-0.018033326,-0.00049376488,0.011167526
2024-05-29,IBM,0.013273954,-0.00048899651,-0.019994617
2024-05-29,INTC,0.00027382374,-0.0026575923,-0.02706176
2024-05-29,MSFT,0.012341142,0.0071833134,0.018313169
2024-05-29,NKE,0.0037075281,0.027927995,0.012498498
2024-05-29,VZ,-0.0041453242,0.015907526,-0.022820652
2024-05-29,WMT,-0.023177683,0.0056856871,-0.0082668662
2024-05-30,AAPL,-0.022553027,0.010250092,-0.018438876
2024-05-30,AMGN,-0.0093577504,0.0020756721,0.0034786463
2024-05-30,CRM,-0.0087168217,0.017793298,-0.044567585
2024-05-30,CSCO,-0.025787413,0.012077451,-0.013332725
2024-05-30,IBM,0.0020096302,0.01634109,-0.020473719
2024-05-30,INTC,0.0023213625,0.017437696,-0.011049628
2024-05-30,MSFT,0.02044487,0.010937214,-0.01651746
2024-05-30,NKE,0.018912673,0.00097942352,-0.01614219
2024-05-30,VZ,-0.0055159926,0.0091505051,-0.0097703934
2024-05-30,WMT,-0.006575048,0.013331294,-0.030423462
2024-05-31,AAPL,-0.024249971,0.01344645,-0.018312931
2024-05-31,AMGN,0.0086710453,0.021308184,-0.021822751
2024-05-31,CRM,0.0020712614,0.0045580864,0.013094783
2024-05-31,CSCO,-0.0038306713,0.028070331,-0.0052757263
2024-05-31,IBM,0.0038654804,0.010155559,-0.00050097704
2024-05-31,INTC,0.012322783,0.0031129122,-0.011011183
2024-05-31,MSFT,0.010831237,0.014761925,-0.0099580884
2024-05-31,NKE,-0.0013427138,-0.015119493,-0.012886643
2024-05-31,VZ,0.0013509989,0.013280034,0.0019681454
2024-05-31,WMT,0.0062212944,0.0060272217,-0.01240766
2024-06-03,AAPL,-0.0068686604,0.022879243,-0.0271433
2024-06-03,AMGN,-0.0012623668,0.019410133,-0.0025441051
2024-06-03,CRM,-0.029328167,0.026278853,-0.019478679
2024-06-03,CSCO,0.0024329424,-0.0065378547,0.015376449
2024-06-03,IBM,-0.0041903853,0.0032670498,-0.015312195
2024-06-03,INTC,0.016112208,-0.0074924231,-0.029446781
2024-06-03,MSFT,-0.0168854,0.0055650473,-0.015011847
2024-06-03,NKE,0.0034195185,0.016203642,-0.0062624216
2024-06-03,VZ,0.0094870329,0.0094928741,-0.014138341
2024-06-03,WMT,0.0037316084,0.010194898,-0.019349098
2024-06-04,AAPL,-0.021261871,0.011833906,0.011861801
2024-06-04,AMGN,0.010444999,0.0098677874,0.001367569
2024-06-04,CRM,0.028252959,0.025744915,-0.047859073
2024-06-04,CSCO,-0.037977695,0.019401908,-0.011096478
2024-06-04,IBM,-0.019036472,0.012202501,0.0040861368
2024-06-04,INTC,-0.014893889,-0.0021252632,-0.012524545
2024-06-04,MSFT,-0.014866829,-0.00053024292,-0.0013319254
2024-06-04,NKE,-0.0033510327,0.010025978,-0.02088654
2024-06-04,VZ,-0.0082663894,0.029487133,0.0026373863
2024-06-04,WMT,0.010279655,-0.0056653619,0.0095170736
2024-06-05,AAPL,0.0033599138,0.0042011738,0.011193156
2024-06-05,AMGN,-0.021685779,0.0062991381,-0.0056425929
2024-06-05,CRM,0.030597448,0.010897279,0.0052120686
2024-06-05,CSCO,-0.04596138,-0.0079055429,-0.025906265
2024-06-05,IBM,-0.0068950057,0.0073472261,-0.0021027923
2024-06-05,INTC,0.019986629,0.018821239,-0.010476708
2024-06-05,MSFT,0.0034554005,-0.0079520941,-0.010925233
2024-06-05,NKE,-0.023063481,-0.004778564,-0.022335708
2024-06-05,VZ,-0.012027979,0.0094455481,-0.0095816851
2024-06-05,WMT,-0.010921776,0.0086519718,0.00012755394
2024-06-06,AAPL,0.02449894,0.018776417,-0.0068807602
2024-06-06,AMGN,-0.006728828,0.015039682,-5.9008598e-05
2024-06-06,CRM,-0.042010665,0.0080496073,-0.011645436
2024-06-06,CSCO,-0.013343215,0.005679369,-0.0050827265
2024-06-06,IBM,0.0012223721,0.005674243,-0.0067512989
2024-06-06,INTC,-0.010836661,0.010318637,-0.031842649
2024-06-06,MSFT,-0.039744854,-0.023075163,-0.016888797
2024-06-06,NKE,3.8146973e-06,0.015334725,-0.015163422
2024-06-06,VZ,0.0053588152,0.02456522,-0.0019967556
2024-06-06,WMT,0.015544057,0.0116328,-0.0057920218
2024-06-07,AAPL,-0.0072981715,0.014271975,-0.00266397
2024-06-07,AMGN,0.00020503998,-0.0019311309,-0.016754627
2024-06-07,CRM,-0.024362326,0.015235424,-0.024057329
2024-06-07,CSCO,0.044917464,-0.0021290183,-0.021027029
2024-06-07,IBM,-0.018154144,0.0041109324,-0.011838019
2024-06-07,INTC,0.0049217939,0.015125275,-0.011980832
2024-06-07,MSFT,-0.023160338,0.014219642,-0.00056141615
2024-06-07,NKE,-0.0023559928,0.0018767118,-0.02194804
2024-06-07,VZ,-0.0014141798,0.00090825558,-0.00088334084
2024-06-07,WMT,-0.0076226592,0.0030508041,0.002076149
2024-06-10,AAPL,-0.0020921826,-0.0032545924,-0.0025400519
2024-06-10,AMGN,-0.012713969,0.010352254,-0.014031231
2024-06-10,CRM,-0.033835292,0.025014162,0.00075471401
2024-06-10,CSCO,-0.0019358397,0.018194079,0.0073885918
2024-06-10,IBM,-0.018081725,0.0062152147,-0.0087496638
2024-06-10,INTC,0.020245552,-0.016217947,-0.0074833035
2024-06-10,MSFT,0.003993392,0.015045762,-0.021822453
2024-06-10,NKE,-0.00091832876,0.00036299229,0.01233542
2024-06-10,VZ,0.0027033091,-0.0024079084,-0.024641395
2024-06-10,WMT,-0.0039221644,0.0048110485,0.0021586418
2024-06-11,AAPL,-0.024439394,0.01848948,-0.021200359
2024-06-11,AMGN,-0.016675174,0.0074064732,-0.013916016
2024-06-11,CRM,0.00080561638,-0.022916853,-0.0086980462
2024-06-11,CSCO,0.017683625,0.014470816,-0.0037343502
2024-06-11,IBM,0.0066337585,0.014655471,-0.0090114474
2024-06-11,INTC,0.0038925409,0.018440008,-0.012622952
2024-06-11,MSFT,0.0033686161,0.011507034,-0.024488866
2024-06-11,NKE,-0.036845803,0.0098595619,-0.024727523
2024-06-11,VZ,-0.0018984675,-0.00087893009,0.0034822226
2024-06-11,WMT,-0.019257486,0.014027238,-0.0047317743
2024-06-12,AAPL,0.0010552406,0.0094480515,-0.023733735
2024-06-12,AMGN,-0.033407032,0.010465503,-0.021648049
2024-06-12,CRM,-0.05682832,0.012356997,-0.025325239
2024-06-12,CSCO,-0.029854119,0.0028841496,-0.0041635036
2024-06-12,IBM,0.0026948452,0.024126053,0.00063717365
2024-06-12,INTC,0.015403986,-0.0017332435,-0.0034355521
2024-06-12,MSFT,-0.010610938,0.0039168596,-0.00056761503
2024-06-12,NKE,0.028313994,0.0089370012,-0.029386759
2024-06-12,VZ,0.0082319975,0.0040594339,0.00055456161
2024-06-12,WMT,-0.00079876184,0.0084551573,-0.0076284409
2024-06-13,AAPL,-0.050873041,0.0046631098,-0.0068124533
2024-06-13,AMGN,-0.01775223,0.035524964,-0.019535422
2024-06-13,CRM,-0.039530039,0.0010073185,-0.050500631
2024-06-13,CSCO,0.0016871691,-0.00025898218,0.003215313
2024-06-13,IBM,-0.0040587783,0.003569603,-0.0097165704
2024-06-13,INTC,-0.0030519366,0.010368109,-0.0025400519
2024-06-13,MSFT,0.0087929964,0.0020674467,0.0020149946
2024-06-13,NKE,0.03163898,-0.003747642,-0.013117015
2024-06-13,VZ,-0.015394032,0.016625166,-0.003459096
2024-06-13,WMT,0.014126658,0.0082293749,-0.011273146
2024-06-14,AAPL,0.011240602,0.011634827,-0.022250235
2024-06-14,AMGN,-0.031451643,0.014964104,-0.018784106
2024-06-14,CRM,0.024038672,0.0019323826,0.0086153746
2024-06-14,CSCO,-0.013673902,0.01538825,0.0049966574
2024-06-14,IBM,0.0085924864,0.0011820793,-0.0090575218
2024-06-14,INTC,0.030163288,-0.0048213005,-0.012895882
2024-06-14,MSFT,-0.009747088,-0.0047566891,-0.020973682
2024-06-14,NKE,7.2598457e-05,0.015019655,-0.010729551
2024-06-14,VZ,0.0020860434,0.014302373,-0.014243901
2024-06-14,WMT,-0.011140525,0.0045367479,-0.013962984
2024-06-17,AAPL,-0.0094269514,0.028506994,-0.0023950934
2024-06-17,AMGN,-0.025107265,-0.0075750947,-0.013625383
2024-06-17,CRM,-0.043658197,0.021564484,-0.0054193735
2024-06-17,CSCO,-0.0062215924,0.016836762,-0.017665863
2024-06-17,IBM,-0.015119791,0.0082341433,0.002045989
2024-06-17,INTC,0.0044695139,0.0029548407,-0.0030388832
2024-06-17,MSFT,0.0051543713,0.0005685091,9.3221664e-05
2024-06-17,NKE,-0.015856445,0.010159492,-0.0093441606
2024-06-17,VZ,0.0075982809,0.0063003302,-0.021992326
2024-06-17,WMT,0.022010446,-0.0020593405,-0.0084189177
2024-06-18,AAPL,3.3736229e-05,0.02384901,-0.010473609
2024-06-18,AMGN,-0.021318913,0.0057426691,-0.0098923445
2024-06-18,CRM,0.0089515448,0.010076761,-0.019512355
2024-06-18,CSCO,-0.0014151931,0.015899777,-0.027706265
2024-06-18,IBM,-0.01631099,0.018547773,-0.0084180832
2024-06-18,INTC,-0.0090543628,0.017897725,0.0084712505
2024-06-18,MSFT,-0.0051074028,0.0086491108,-0.019016266
2024-06-18,NKE,-0.016953826,0.033073425,-0.019882619
2024-06-18,VZ,-0.019526064,0.014324784,-1.0550022e-05
2024-06-18,WMT,-0.0091406107,-0.0029071569,-0.01208818
2024-06-20,AAPL,0.008395195,0.016622663,-0.018470764
2024-06-20,AMGN,0.00058841705,-0.0080021024,0.00076496601
2024-06-20,CRM,0.015316486,0.047613621,-0.0064523816
2024-06-20,CSCO,-0.018110812,0.006129384,-0.01950711
2024-06-20,IBM,-0.0070515275,-0.00059974194,-0.0093813539
2024-06-20,INTC,-0.039274693,0.00069749355,0.0078471899
2024-06-20,MSFT,0.0076651573,0.0037418604,-0.00021475554
2024-06-20,NKE,2.8252602e-05,0.020817876,-0.0067225099
2024-06-20,VZ,-0.003433466,-0.010194421,0.003287077
2024-06-20,WMT,-0.01274389,7.8678131e-05,0.0079864264
2024-06-21,AAPL,-0.02037406,0.032449841,-0.029783905
2024-06-21,AMGN,0.0015611649,0.028580546,-0.0147838
2024-06-21,CRM,0.031166673,0.033815861,-0.008030057
2024-06-21,CSCO,-0.00096565485,0.0083585978,0.0057380199
2024-06-21,IBM,0.0071874857,0.0033724308,-0.015543997
2024-06-21,INTC,0.0080162287,0.015195966,0.0021164417
2024-06-21,MSFT,0.002784133,0.012077689,0.0055906773
2024-06-21,NKE,-0.015077114,0.010407805,-0.0049778819
2024-06-21,VZ,-0.018915534,0.00055062771,-0.013404965
2024-06-21,WMT,-0.0080034137,-0.00022155046,-0.0042803884
2024-06-24,AAPL,-0.0079416633,0.018477559,-0.0040025711
2024-06-24,AMGN,0.0065962076,0.01248467,-0.0042474866
2024-06-24,CRM,-0.031984985,-0.0031064153,0.021059632
2024-06-24,CSCO,0.00098836422,-0.0079993606,-0.015089393
2024-06-24,IBM,0.023460627,0.0059766769,-0.011952043
2024-06-24,INTC,0.041990995,-0.0022011995,-0.012646735
2024-06-24,MSFT,-0.029290259,0.013801336,-0.0054816604
2024-06-24,NKE,-0.0025006533,0.0079959631,0.0022881031
2024-06-24,VZ,-0.015710652,0.0023299456,-0.015766144
2024-06-24,WMT,0.0058315992,0.018094301,-0.012390971
2024-06-25,AAPL,0.011136293,0.0065339804,-0.011632681
2024-06-25,AMGN,0.013115406,0.021048903,0.0039967299
2024-06-25,CRM,-0.064518809,0.019139051,-0.0034685135
2024-06-25,CSCO,-0.0077592134,-0.0010184646,-0.017267108
2024-06-25,IBM,-0.017493844,0.00036942959,-0.0037078857
2024-06-25,INTC,-0.040251553,0.031293988,-0.00031876564
2024-06-25,MSFT,0.0089102983,0.011035204,-0.022605598
2024-06-25,NKE,-0.0090871453,0.015467286,0.0026400089
2024-06-25,VZ,0.0035670996,0.0065088272,0.0053040981
2024-06-25,WMT,0.0043737888,0.0063050985,-0.015586078
2024-06-26,AAPL,0.001069665,0.0060400963,0.0061852932
2024-06-26,AMGN,-0.00012999773,-0.0047844648,0.0019049644
2024-06-26,CRM,0.00069260597,0.038579822,-0.040443838
2024-06-26,CSCO,-0.013348937,0.010931849,0.0060719252
2024-06-26,IBM,0.012759328,0.0017582178,-0.013391078
2024-06-26,INTC,0.021484852,0.0066488981,-0.024527788
2024-06-26,MSFT,-0.011189044,0.014032602,0.010510445
2024-06-26,NKE,-0.043148994,0.0021603107,-0.010052085
2024-06-26,VZ,0.019003749,0.0025773048,0.0054764748
2024-06-26,WMT,-0.0098783374,0.004308939,-0.010904074
2024-06-27,AAPL,0.0065057278,0.0013486147,-0.011815727
2024-06-27,AMGN,-0.01753372,-0.024940908,-0.0047165751
2024-06-27,CRM,-0.068543613,-0.016410828,0.0025417805
2024-06-27,CSCO,0.0092530251,0.029461026,-0.011061788
2024-06-27,IBM,0.0028194189,0.018281817,-0.013340771
2024-06-27,INTC,0.0072664022,0.022241235,-0.005325675
2024-06-27,MSFT,-0.0053622127,0.011897087,0.0074888468
2024-06-27,NKE,-0.026103675,0.005694747,-0.0032245517
2024-06-27,VZ,-0.024010658,0.00094640255,-0.010112822
2024-06-27,WMT,0.0015414953,9.2148781e-05,-0.0043104887
2024-06-28,AAPL,-0.018971741,-0.0099694133,-0.027596891
2024-06-28,AMGN,0.003524065,-0.0042939782,-0.023692429
2024-06-28,CRM,-0.030259609,0.040693045,-0.035016716
2024-06-28,CSCO,-0.018315375,0.010368705,0.0009932518
2024-06-28,IBM,-0.013484597,0.010136962,-0.00038635731
2024-06-28,INTC,-0.0081837177,-0.0031514764,-0.0076178312
2024-06-28,MSFT,0.031519175,-0.0048255324,-0.0034553409
2024-06-28,NKE,0.00095975399,-6.4969063e-06,0.010197401
2024-06-28,VZ,-0.01850009,-0.0067022443,0.0062763691
2024-06-28,WMT,0.016235709,0.0159899,-0.026421428
2024-07-01,AAPL,-0.0077006817,0.0030354261,-0.014883637
2024-07-01,AMGN,-0.043362379,0.016154885,0.0047274828
2024-07-01,CRM,-0.012098789,-0.01214391,-0.016484141
2024-07-01,CSCO,-0.040786803,0.0087698698,0.00078094006
2024-07-01,IBM,-0.0038605332,0.0039899349,-0.0019504428
2024-07-01,INTC,-0.0006338954,0.0028620958,0.00057601929
2024-07-01,MSFT,0.0048662424,0.0045815706,-0.012141109
2024-07-01,NKE,-0.0044666529,0.011298895,0.011116743
2024-07-01,VZ,0.0079200268,0.027149677,-0.011501551
2024-07-01,WMT,-0.0052692294,0.018780351,0.0071450472
2024-07-02,AAPL,-0.0059145689,0.026544213,-0.0015439987
2024-07-02,AMGN,-0.0098545551,0.010726929,-0.026890576
2024-07-02,CRM,-0.037773073,3.3378601e-05,0.00046205521
2024-07-02,CSCO,-0.0054507256,0.022537947,-0.0086176991
2024-07-02,IBM,-0.0075520277,0.0071287155,-0.010411441
2024-07-02,INTC,-0.02758503,0.013657451,-0.011825264
2024-07-02,MSFT,-0.0072398782,0.012564778,-0.01170826
2024-07-02,NKE,0.002096653,0.011598349,0.011673689
2024-07-02,VZ,-0.027529359,0.0067332983,-0.0084615946
2024-07-02,WMT,0.0062366724,-0.0046110153,-0.014178038
2024-07-03,AAPL,0.014589429,0.029309273,0.0079814196
2024-07-03,AMGN,0.0020283461,0.024894953,-0.0066110492
2024-07-03,CRM,-0.0096095204,0.0051525831,-0.012387097
2024-07-03,CSCO,-5.2630901e-05,0.02673614,-0.021984339
2024-07-03,IBM,-0.018060207,0.015455723,-0.015102446
2024-07-03,INTC,-0.037787318,-0.0045508146,-0.0020666122
2024-07-03,MSFT,0.02756381,0.013032079,-0.0020514131
2024-07-03,NKE,0.010349154,0.0048063993,0.00027692318
2024-07-03,VZ,-0.0019546151,0.013547659,-0.029583931
2024-07-03,WMT,0.00084340572,0.00059020519,0.0045245886
2024-07-05,AAPL,-0.032409966,0.032845974,-0.022675812
2024-07-05,AMGN,-0.021793425,0.011264443,-0.013794363
2024-07-05,CRM,-0.00022083521,-0.011813283,-0.0087112188
2024-07-05,CSCO,-0.019754052,0.02607131,-0.015228271
2024-07-05,IBM,0.0094512701,0.00011503696,-0.0014514327
2024-07-05,INTC,-0.024561286,0.028281093,-0.0081387162
2024-07-05,MSFT,-0.020519078,-0.0050671101,-0.0072341561
2024-07-05,NKE,-0.0023542643,0.016481757,0.0064867735
2024-07-05,VZ,0.0073149204,0.024935842,-0.014873385
2024-07-05,WMT,-0.0089788437,0.0064922571,-0.024920881
2024-07-08,AAPL,-0.0055726171,0.013154387,-0.011073172
2024-07-08,AMGN,0.01402092,-0.0044378638,-0.019510686
2024-07-08,CRM,-0.055504501,-0.0012107491,0.00061285496
2024-07-08,CSCO,0.0025826693,0.026195407,-0.0044533014
2024-07-08,IBM,0.035718083,0.0043398142,-0.0079740286
2024-07-08,INTC,0.00088357925,0.031025648,-0.0086964369
2024-07-08,MSFT,0.0083531141,0.018042088,0.0059630871
2024-07-08,NKE,0.0038381815,0.012570143,-0.019809067
2024-07-08,VZ,0.0086066723,0.010344386,0.0014622211
2024-07-08,WMT,0.00080132484,0.0011790991,-0.013281047
2024-07-09,AAPL,-0.0092745423,0.011379719,0.0039402246
2024-07-09,AMGN,-0.026300907,-0.0062776208,-0.0075360537
2024-07-09,CRM,-0.010734618,0.0004285574,-0.024153411
2024-07-09,CSCO,-0.026734412,-0.0041179657,-0.011553764
2024-07-09,IBM,-0.019902408,0.011748314,-0.010794759
2024-07-09,INTC,-0.0082930923,0.025155902,-0.011304736
2024-07-09,MSFT,0.034901381,0.0054901838,-0.0059249401
2024-07-09,NKE,0.024603605,0.012770176,0.0035877228
2024-07-09,VZ,-0.015972435,0.01205039,-0.011836886
2024-07-09,WMT,-0.012096226,0.010870337,-0.0024963617
2024-07-10,AAPL,-0.0029097795,0.0092967749,-0.024256229
2024-07-10,AMGN,-0.0279001,0.00043523312,-0.0027124882
2024-07-10,CRM,-0.015326023,0.026382089,-0.041630328
2024-07-10,CSCO,-0.021726668,-0.015870929,-0.0094763637
2024-07-10,IBM,-0.00038200617,-0.0028080344,-0.0038484931
2024-07-10,INTC,-0.01342845,-0.026398957,-0.011243701
2024-07-10,MSFT,-0.020178378,0.0085359812,-0.0094594359
2024-07-10,NKE,-0.0052145123,0.016045213,-0.0038254857
2024-07-10,VZ,0.0031378269,0.001131773,0.0026811361
2024-07-10,WMT,0.0034219027,0.011958718,-0.0017127991
2024-07-11,AAPL,-0.033640504,0.0081837177,-0.030139506
2024-07-11,AMGN,0.022178173,0.0052105188,0.0045859814
2024-07-11,CRM,0.0073010921,0.013193846,-0.024664581
2024-07-11,CSCO,-5.7816505e-06,-0.0023102164,0.0043234825
2024-07-11,IBM,-0.016617835,0.01422298,0.0065248013
2024-07-11,INTC,0.0044769049,0.0097202063,-0.019188106
2024-07-11,MSFT,-0.014620781,0.0012695789,-0.025535524
2024-07-11,NKE,-0.016253889,-0.00096422434,-0.0025587678
2024-07-11,VZ,-0.0029253364,-0.010088742,-0.011529028
2024-07-11,WMT,-0.033705831,0.017709374,-0.011373758
2024-07-12,AAPL,0.033741355,-0.0078376532,0.02034688
2024-07-12,AMGN,-0.0064195395,0.030536175,-0.016978264
2024-07-12,CRM,0.0010094643,0.0096809864,-0.018666804
2024-07-12,CSCO,-0.0022292137,-0.0014395118,-0.018068135
2024-07-12,IBM,0.029071569,0.012754202,-0.015274167
2024-07-12,INTC,-0.0056068897,0.008218646,0.0074158907
2024-07-12,MSFT,0.020282984,0.0085619688,-0.016213536
2024-07-12,NKE,-0.0076067448,0.019978642,0.003605485
2024-07-12,VZ,-0.00082963705,0.0083042383,0.0070171356
2024-07-12,WMT,0.0083936453,0.0054621696,-0.0133968
2024-07-15,AAPL,-0.001721859,0.015304089,-0.016420424
2024-07-15,AMGN,-0.0072247982,0.0022133589,-0.013506949
2024-07-15,CRM,-0.002405405,-0.0098287463,-0.020935118
2024-07-15,CSCO,-0.049691617,-0.00071007013,-0.022699356
2024-07-15,IBM,-0.013933301,0.0066020489,0.00072050095
2024-07-15,INTC,-0.031842947,0.0048032999,-0.015296698
2024-07-15,MSFT,0.023052096,-0.010348916,-0.0015795231
2024-07-15,NKE,-0.0038753152,0.0042146444,-0.014981806
2024-07-15,VZ,-0.0044741631,0.023358941,-0.011847019
2024-07-15,WMT,0.025258541,0.014241338,-0.010099173
2024-07-16,AAPL,-0.021074831,0.030353189,-0.012150884
2024-07-16,AMGN,-0.014309764,-0.0015560985,-0.020030677
2024-07-16,CRM,0.029445767,0.039175749,-0.0045626163
2024-07-16,CSCO,0.027014494,0.0064963102,-0.010392368
2024-07-16,IBM,-0.008818686,-0.0010947585,0.0035007
2024-07-16,INTC,-0.012627006,0.024457812,-0.016112328
2024-07-16,MSFT,0.014557958,0.003567934,-0.0024074316
2024-07-16,NKE,0.021688938,0.0069411993,-0.0040922165
2024-07-16,VZ,-0.010317743,0.0015529394,-0.012457311
2024-07-16,WMT,0.000187397,0.002027154,-0.022063971
2024-07-17,AAPL,-0.03254348,-0.0035077929,0.0049954653
2024-07-17,AMGN,0.01953721,0.017955899,0.00020992756
2024-07-17,CRM,-0.042913735,0.025110006,-0.010019064
2024-07-17,CSCO,-0.039471507,0.00065970421,-0.0059548616
2024-07-17,IBM,0.0056316853,0.0068774223,-0.0093882084
2024-07-17,INTC,0.017543435,0.0047374964,-0.014923334
2024-07-17,MSFT,-0.0042975545,0.0039285421,-0.014675498
2024-07-17,NKE,0.011747718,0.013577223,-0.020682216
2024-07-17,VZ,-0.0023741722,0.019909978,-0.0065293312
2024-07-17,WMT,0.027019739,0.0098642111,-0.0099161863
2024-07-18,AAPL,0.00047767162,-0.0045115948,-0.016900659
2024-07-18,AMGN,-0.025377214,0.017270565,-0.010578454
2024-07-18,CRM,-0.0011782646,0.015949607,-0.0026181936
2024-07-18,CSCO,0.0012122393,0.0022835732,-0.018694758
2024-07-18,IBM,0.0017510653,0.0047339201,-0.0074657202
2024-07-18,INTC,0.00014555454,0.022379279,0.0098927021
2024-07-18,MSFT,-0.014816225,-0.0041835308,0.0015681982
2024-07-18,NKE,0.020679474,0.0068341494,-0.021974862
2024-07-18,VZ,-0.020614505,0.010891676,-0.01172787
2024-07-18,WMT,-0.0062901378,0.0032799244,0.010748029
2024-07-19,AAPL,-0.029598415,0.010084748,-0.024481535
2024-07-19,AMGN,-0.02146256,0.024380445,-0.00059121847
2024-07-19,CRM,-0.0017114878,0.042599082,-0.0038009882
2024-07-19,CSCO,0.016737461,-0.0018897653,-0.0063618422
2024-07-19,IBM,0.0049084425,0.029997945,-0.02835238
2024-07-19,INTC,-0.022906959,-0.014887094,0.0098336935
2024-07-19,MSFT,-0.024278224,0.022445679,0.0034486055
2024-07-19,NKE,0.026798725,0.0066496134,-0.023344696
2024-07-19,VZ,0.010585427,0.0092605352,-0.0088350773
2024-07-19,WMT,-0.0035265088,-0.0016899109,-0.010613859
2024-07-22,AAPL,-0.0083024502,0.015109181,0.0074784756
2024-07-22,AMGN,-0.0045947433,0.0031201839,-0.021576583
2024-07-22,CRM,0.019007802,-0.0033182502,-0.022400618
2024-07-22,CSCO,-0.020408094,0.0074049234,-0.0010203719
2024-07-22,IBM,0.00011336803,0.027315974,0.0061324835
2024-07-22,INTC,0.01610291,0.0082752705,-0.018469095
2024-07-22,MSFT,-0.013192594,0.017351985,-0.012761474
2024-07-22,NKE,-0.003911972,0.0022704601,-0.014027417
2024-07-22,VZ,0.0037910938,0.01211822,-0.0093224049
2024-07-22,WMT,-0.015668988,0.011896729,-0.016317546
2024-07-23,AAPL,0.0021355152,0.0028685331,-0.013661265
2024-07-23,AMGN,-0.030299783,0.021931291,-0.0071743131
2024-07-23,CRM,0.017978907,0.021308303,-0.0075445771
2024-07-23,CSCO,0.027983546,-0.0090794563,-0.0082935691
2024-07-23,IBM,-0.02612251,0.0084722042,-0.0087403059
2024-07-23,INTC,-0.0098064542,0.011495471,0.00084424019
2024-07-23,MSFT,-0.053234577,0.014149785,0.0032398701
2024-07-23,NKE,0.0053427219,0.012513399,0.0020763874
2024-07-23,VZ,-0.0012427568,0.011717558,-0.014896572
2024-07-23,WMT,-0.013719559,0.0075538158,-0.014091074
2024-07-24,AAPL,-0.0044155121,0.0072263479,-0.03118664
2024-07-24,AMGN,-0.021411598,0.0074522495,-0.011004508
2024-07-24,CRM,-0.03378576,0.011732936,-0.022038043
2024-07-24,CSCO,0.013363957,0.0086839199,0.0035797358
2024-07-24,IBM,-0.013478994,0.015937805,-0.0095095634
2024-07-24,INTC,0.02781117,0.0073964596,-0.011590123
2024-07-24,MSFT,0.013460279,-0.0079994202,-0.018161476
2024-07-24,NKE,-0.011397958,0.0086637735,0.010942459
2024-07-24,VZ,0.016370058,0.012925744,-0.011154473
2024-07-24,WMT,0.0029709339,0.0074827671,-0.011410415
2024-07-25,AAPL,0.0293262,0.022423506,0.0055117607
2024-07-25,AMGN,-0.006449461,0.007743001,-0.010367036
2024-07-25,CRM,-0.00057083368,0.026165128,0.027199388
2024-07-25,CSCO,-0.0096125007,0.0093104839,-0.016459942
2024-07-25,IBM,-0.0013743639,0.014443755,0.0069791079
2024-07-25,INTC,-0.00042951107,-0.00094759464,-0.0069273114
2024-07-25,MSFT,-0.015808642,0.014147758,-0.0015318394
2024-07-25,NKE,-0.0016576648,0.0087029934,-0.022807062
2024-07-25,VZ,-0.0138731,0.0024000406,-0.0050930977
2024-07-25,WMT,-0.0035741329,0.010701776,0.0026366711
2024-07-26,AAPL,-0.028637826,0.050050378,-0.0069320202
2024-07-26,AMGN,0.00050544739,0.0077141523,-0.018972874
2024-07-26,CRM,0.0029103756,0.0046318769,-0.034699261
2024-07-26,CSCO,-0.020686388,0.0017609596,-0.0036340952
2024-07-26,IBM,0.0062363148,-0.0005710125,-0.008959353
2024-07-26,INTC,-0.01159972,0.01646781,-0.01918602
2024-07-26,MSFT,-0.0051344633,0.019474506,-0.010712683
2024-07-26,NKE,-0.027147174,0.00079655647,-0.013297081
2024-07-26,VZ,-0.015206516,-0.0012786388,0.0021768808
2024-07-26,WMT,-0.0023441315,0.010421634,-0.0047075152
2024-07-29,AAPL,0.0024172068,0.023199677,-0.035341322
2024-07-29,AMGN,-0.027094483,0.0035738945,-0.011800766
2024-07-29,CRM,0.015225291,0.021048546,-0.034568012
2024-07-29,CSCO,0.0033259392,0.0094994307,0.00032436848
2024-07-29,IBM,-0.0055383444,0.014575958,0.0010694265
2024-07-29,INTC,0.010550737,-0.0037609935,-0.0084355474
2024-07-29,MSFT,0.040980697,-0.0044814944,-0.0031297803
2024-07-29,NKE,-0.035731018,0.00042784214,-0.019770324
2024-07-29,VZ,-0.0061222315,0.017548561,-0.011449456
2024-07-29,WMT,-0.0093384385,0.0015835762,-0.0089030862
2024-07-30,AAPL,0.024437308,0.011300445,-0.0067314506
2024-07-30,AMGN,0.034404159,0.011410117,-0.019112408
2024-07-30,CRM,0.0087100267,0.013567328,-0.01171273
2024-07-30,CSCO,-0.016175747,0.0042771101,-0.01114279
2024-07-30,IBM,-0.015460908,-0.004622817,-0.01466924
2024-07-30,INTC,0.0039474964,0.005505085,0.0021004677
2024-07-30,MSFT,-0.0058346391,0.018356442,-0.011789203
2024-07-30,NKE,-0.001414299,0.017556906,-0.014044225
2024-07-30,VZ,-0.016377449,-0.0038020611,0.0048502684
2024-07-30,WMT,-0.0008893013,0.00039207935,-0.0099796653
2024-07-31,AAPL,-0.013896644,-0.0017231107,-0.004206717
2024-07-31,AMGN,-0.014232159,-0.00068193674,-0.017701864
2024-07-31,CRM,0.0031303167,0.027522087,0.0043452978
2024-07-31,CSCO,0.015137911,-0.01094532,0.0017324686
2024-07-31,IBM,-0.02469027,0.0066462755,0.0025308132
2024-07-31,INTC,-0.02018553,0.0080808401,-0.013115227
2024-07-31,MSFT,-0.0051867962,0.0091375113,0.006492734
2024-07-31,NKE,-0.0067078471,0.0034624338,-0.015045822
2024-07-31,VZ,0.00027024746,0.009316206,0.0021749735
2024-07-31,WMT,-0.015982509,0.013762355,-0.001229763
2024-08-01,AAPL,-0.012614667,0.00016176701,-0.02581805
2024-08-01,AMGN,-0.0035147667,0.0093764067,-0.0080248713
2024-08-01,CRM,-0.021391392,0.014379025,0.010556102
2024-08-01,CSCO,-0.044608712,0.013511896,0.0018820763
2024-08-01,IBM,0.0073244572,0.013419032,-0.0064000487
2024-08-01,INTC,0.018779278,0.011654735,-0.0034074187
2024-08-01,MSFT,-0.012546062,0.013705015,-0.02656877
2024-08-01,NKE,0.00058615208,0.0093542337,0.016529679
2024-08-01,VZ,-0.016810477,0.0036320686,-0.0043621063
2024-08-01,WMT,0.010222435,0.015666723,-0.0062577128
2024-08-02,AAPL,0.036920071,-0.014802754,-0.034582376
2024-08-02,AMGN,0.0056922436,-0.0074406266,-0.0060104728
2024-08-02,CRM,-0.045305729,0.031339645,-0.00020956993
2024-08-02,CSCO,-0.0084902644,0.019553423,-0.022338867
2024-08-02,IBM,-0.026999772,0.018218994,-0.013730288
2024-08-02,INTC,0.016509056,0.030163527,0.0087367296
2024-08-02,MSFT,0.00770998,0.018075228,-0.012861669
2024-08-02,NKE,-0.0089997053,0.020338774,-0.003449738
2024-08-02,VZ,-0.0048550963,0.014606476,-0.0039717555
2024-08-02,WMT,-0.0074352026,0.013693213,-0.010614991
2024-08-05,AAPL,-0.034276009,0.029771328,-0.014343381
2024-08-05,AMGN,-0.017207086,0.013190269,-0.0026971102
2024-08-05,CRM,0.00418818,0.014082789,-0.018306971
2024-08-05,CSCO,0.0099304914,0.02300024,0.0086650848
2024-08-05,IBM,-0.018369079,0.013020754,0.011599422
2024-08-05,INTC,0.025474072,0.0047162771,-0.018074214
2024-08-05,MSFT,0.017749071,0.010686278,0.0035021305
2024-08-05,NKE,-0.021723509,0.014023185,-0.0095562339
2024-08-05,VZ,-0.024266183,0.0025308132,-0.010012686
2024-08-05,WMT,0.017376304,0.015154362,-0.0086067915
2024-08-06,AAPL,-0.008651197,-0.0039725304,-0.0026810765
2024-08-06,AMGN,-0.0048592687,-0.0035347342,-0.017176509
2024-08-06,CRM,0.0025221109,0.038570046,-0.024693131
2024-08-06,CSCO,-0.0013270378,0.009324789,-0.025246143
2024-08-06,IBM,-0.030799091,0.01815927,0.015068293
2024-08-06,INTC,-0.02246964,0.016539216,0.024720669
2024-08-06,MSFT,-0.020165622,0.0011307001,-0.020117044
2024-08-06,NKE,-0.020951152,0.014790416,-0.017255783
2024-08-06,VZ,-0.016061902,0.01086545,-0.017367661
2024-08-06,WMT,-0.017229617,0.00435853,-0.0094122291
2024-08-07,AAPL,-0.0081924796,0.026185155,-0.010911524
2024-08-07,AMGN,-0.014894605,0.01262331,-0.032399774
2024-08-07,CRM,-0.017558455,0.015709162,0.0064148903
2024-08-07,CSCO,-0.0016089678,0.012278914,-0.033248782
2024-08-07,IBM,-0.012690365,0.0018094778,-0.0031588078
2024-08-07,INTC,-0.0016169548,0.0024710894,-0.019217372
2024-08-07,MSFT,0.017825603,0.0026013851,-0.024412513
2024-08-07,NKE,-0.030175686,0.031309366,0.014317632
2024-08-07,VZ,-0.027921081,-0.00057297945,-0.015260875
2024-08-07,WMT,-0.016577065,0.010124564,-0.0058588982
2024-08-08,AAPL,0.018849015,-0.0014058948,-0.031005919
2024-08-08,AMGN,0.0064218044,0.012707353,-0.020963728
2024-08-08,CRM,-0.043896139,0.014502645,-0.012027621
2024-08-08,CSCO,-0.009770155,-0.0029120445,-0.0032333136
2024-08-08,IBM,-0.0087137222,0.007933259,-0.0013747811
2024-08-08,INTC,-0.01888907,0.023801684,-0.011931241
2024-08-08,MSFT,0.00022208691,0.0064954758,-0.019989908
2024-08-08,NKE,-0.024986446,0.02016592,-0.011047065
2024-08-08,VZ,0.014612198,0.018063545,-0.016630054
2024-08-08,WMT,-0.02744472,0.013124108,0.0020952225
2024-08-09,AAPL,0.0058933496,0.026394963,-0.01125443
2024-08-09,AMGN,-0.0077494979,0.021133661,-0.0082790256
2024-08-09,CRM,-0.01933974,0.026283741,-0.0091169477
2024-08-09,CSCO,-0.011989117,0.010889411,-0.0030735135
2024-08-09,IBM,0.0057582855,0.012692213,0.00093817711
2024-08-09,INTC,-0.013221025,-0.012541056,-0.0058281422
2024-08-09,MSFT,-0.022343755,0.026167631,-0.00025653839
2024-08-09,NKE,0.012651324,0.020209789,-0.0034969449
2024-08-09,VZ,-0.0022778511,0.013847947,-0.0065937638
2024-08-09,WMT,-0.018921912,0.0059435368,-0.0091619492
2024-08-12,AAPL,-0.028546572,-0.0032844543,-0.017290592
2024-08-12,AMGN,-0.010881901,0.0063043833,-0.012794852
2024-08-12,CRM,0.020305753,-0.0018086433,0.0071332455
2024-08-12,CSCO,-0.0074546337,0.004347682,0.011092782
2024-08-12,IBM,0.016898513,0.013657451,-0.02235502
2024-08-12,INTC,-0.016251683,0.0020875931,-0.0072335005
2024-08-12,MSFT,-0.026443183,0.016439319,-0.01606524
2024-08-12,NKE,0.012286544,0.0069223642,-0.022845447
2024-08-12,VZ,-0.031248212,-0.0066725016,-0.024266064
2024-08-12,WMT,-0.011792839,0.00065970421,-0.0061377287
2024-08-13,AAPL,-0.00738132,0.011207819,-0.027082503
2024-08-13,AMGN,-0.0049560666,0.015202284,-0.020834565
2024-08-13,CRM,6.5088272e-05,0.022552967,-0.016795516
2024-08-13,CSCO,-0.034474611,0.014057994,-0.0040275455
2024-08-13,IBM,3.2186508e-05,-0.0060951114,-0.012359023
2024-08-13,INTC,-0.022604644,0.036759973,-0.015382588
2024-08-13,MSFT,0.017258763,0.0054343939,-0.011641324
2024-08-13,NKE,0.0065931082,0.011983156,-0.01378721
2024-08-13,VZ,0.011107683,0.013128042,-0.00093251467
2024-08-13,WMT,-0.013669193,0.014672518,-0.013165057
2024-08-14,AAPL,0.01800406,-0.0016858578,-0.0015366673
2024-08-14,AMGN,-0.00066238642,-0.0087252259,0.0032982826
2024-08-14,CRM,0.023035645,0.0012205839,-0.0089682341
2024-08-14,CSCO,-0.026373446,-0.00033158064,-0.0016219616
2024-08-14,IBM,-0.0056728721,0.005779624,-0.016038597
2024-08-14,INTC,-0.021919668,-0.0036758184,-0.013020933
2024-08-14,MSFT,0.014941096,0.019376516,-0.0014620423
2024-08-14,NKE,-0.0094934702,0.0069047213,0.011023879
2024-08-14,VZ,-0.0055574775,0.014937043,0.0094118118
2024-08-14,WMT,-0.023213565,0.0053957701,-0.013859034
2024-08-15,AAPL,-0.01120919,0.017462134,-0.017962992
2024-08-15,AMGN,-0.033871949,0.0058752298,0.007007122
2024-08-15,CRM,-0.02043128,0.025647521,-0.017944157
2024-08-15,CSCO,-0.013379395,-0.00022339821,-0.014653683
2024-08-15,IBM,0.0087538958,0.0076292753,-0.014497757
2024-08-15,INTC,0.015089273,0.031088114,0.0045768023
2024-08-15,MSFT,-0.01147145,-0.0032639503,-0.0046547651
2024-08-15,NKE,0.027029157,0.0014885664,0.0018068552
2024-08-15,VZ,0.014381528,0.010588527,0.0024830103
2024-08-15,WMT,-0.015370011,0.012129426,-0.010562897
2024-08-16,AAPL,0.0070437193,0.040161133,-0.0015523434
2024-08-16,AMGN,-0.03751713,0.021858335,0.0026345253
2024-08-16,CRM,-0.0039172173,0.02093029,0.0027748346
2024-08-16,CSCO,0.0012681484,0.021423221,-0.011220515
2024-08-16,IBM,-0.010403633,0.0052372217,0.0094923973
2024-08-16,INTC,0.0094246864,0.0031231642,-0.00070953369
2024-08-16,MSFT,-0.0074177384,0.0035387278,-0.0017613173
2024-08-16,NKE,0.015373826,0.00057148933,-0.0013933778
2024-08-16,VZ,0.017784595,0.018606663,-0.026246786
2024-08-16,WMT,-0.022495031,0.015545368,-0.026583731
2024-08-19,AAPL,-3.0100346e-05,0.0063483715,-0.0054068565
2024-08-19,AMGN,-0.0093159676,0.018857598,-0.005420208
2024-08-19,CRM,-0.01025486,0.026887298,-0.024976432
2024-08-19,CSCO,-0.0038541555,0.031169891,-0.0070424676
2024-08-19,IBM,-0.025737524,0.010863304,-0.014254153
2024-08-19,INTC,-0.012468219,0.026405454,0.011090755
2024-08-19,MSFT,0.0057411194,0.0040249825,-0.017246187
2024-08-19,NKE,-0.011343956,0.0151335,0.0036002398
2024-08-19,VZ,-0.0051733255,0.0043667555,-0.012183666
2024-08-19,WMT,-0.003259182,0.0024944544,-0.009206295
2024-08-20,AAPL,0.005202055,0.018960834,-0.0084821582
2024-08-20,AMGN,-0.0025059581,0.023319602,-0.023125529
2024-08-20,CRM,0.020138025,0.012611032,-0.035729289
2024-08-20,CSCO,0.012577653,0.012588739,-0.018164933
2024-08-20,IBM,-0.03004384,0.0054643154,0.0016007423
2024-08-20,INTC,-0.019102037,0.0090737343,0.0062563419
2024-08-20,MSFT,-0.015063822,0.016816854,-0.016512692
2024-08-20,NKE,-0.0028994679,0.017400503,0.0089694262
2024-08-20,VZ,0.011205435,0.0008739233,-0.014864802
2024-08-20,WMT,0.0042843819,0.00014162064,-0.00416255
2024-08-21,AAPL,0.016149998,0.005839467,-0.0042358041
2024-08-21,AMGN,0.010743856,0.0057023764,0.0035793781
2024-08-21,CRM,-0.019264519,0.021387815,-0.022181153
2024-08-21,CSCO,-0.023383319,-0.011533678,-0.0075371265
2024-08-21,IBM,0.010054231,-0.0019708872,-0.0063032508
2024-08-21,INTC,-0.035757899,0.020712733,-0.016153157
2024-08-21,MSFT,-0.013603508,-0.010499001,-0.0038899183
2024-08-21,NKE,0.0052212477,0.0054079294,0.0037661791
2024-08-21,VZ,-0.0086383224,-0.0071843863,-0.021654427
2024-08-21,WMT,0.014238834,0.0038132668,-0.00061583519
2024-08-22,AAPL,-0.02072829,0.025176883,-0.021874964
2024-08-22,AMGN,-0.01816088,0.01144731,-0.025460362
2024-08-22,CRM,-0.050199687,0.001252532,-0.029003322
2024-08-22,CSCO,-0.0054664016,0.012813091,-0.017913222
2024-08-22,IBM,-0.012195945,0.010751605,-0.0085151792
2024-08-22,INTC,0.012612104,0.023423553,-0.032658935
2024-08-22,MSFT,-0.0016223788,0.014936447,-0.019614756
2024-08-22,NKE,0.0085567236,-0.0075569749,-0.00657022
2024-08-22,VZ,-0.006816864,0.019078016,0.0067828894
2024-08-22,WMT,0.016219139,0.018306136,-0.00080263615
2024-08-23,AAPL,-0.028269589,0.014378905,-0.0030357242
2024-08-23,AMGN,-5.0544739e-05,0.019657731,-0.022798002
2024-08-23,CRM,0.030883908,0.0089666843,-0.018896401
2024-08-23,CSCO,0.016837597,0.020590425,-0.0035098791
2024-08-23,IBM,-0.019140184,-0.00039952993,0.001963377
2024-08-23,INTC,-0.0050329566,0.0022883415,-0.0094723105
2024-08-23,MSFT,0.014806509,0.022227645,-0.016627431
2024-08-23,NKE,-0.012141168,0.0054029226,0.0021803379
2024-08-23,VZ,-0.0064501166,-0.00085800886,-0.026414216
2024-08-23,WMT,0.0036498308,-0.00089490414,-0.0040777326
2024-08-26,AAPL,-0.013613462,0.00016951561,-0.0067522526
2024-08-26,AMGN,-0.0034610629,0.02416873,-0.017268538
2024-08-26,CRM,-0.019048214,0.020630002,-0.0093521476
2024-08-26,CSCO,0.025255322,0.0022995472,-0.020878494
2024-08-26,IBM,0.017249942,0.014958143,-0.002848804
2024-08-26,INTC,0.019490957,0.0030008554,-0.0034784079
2024-08-26,MSFT,-0.024837971,0.024659038,0.011874795
2024-08-26,NKE,-0.02572608,-0.0046332479,-0.022050619
2024-08-26,VZ,0.017701626,0.0075703859,-0.012479186
2024-08-26,WMT,-0.011167347,0.010230541,-2.3603439e-05
2024-08-27,AAPL,-0.00034981966,0.0055992603,0.011998534
2024-08-27,AMGN,-0.037351727,0.011100173,-0.029854298
2024-08-27,CRM,0.0035444498,0.03225112,-0.034749329
2024-08-27,CSCO,-0.017468572,-0.00070351362,0.010495424
2024-08-27,IBM,0.011089206,0.010911822,-0.0068842769
2024-08-27,INTC,-0.0026202798,0.016125083,-0.0060153008
2024-08-27,MSFT,0.030476928,0.013396502,-0.0048091412
2024-08-27,NKE,0.022865891,0.012697697,-0.0067228079
2024-08-27,VZ,0.0054039955,0.016865373,-9.7692013e-05
2024-08-27,WMT,0.0005055666,0.008413434,-0.022801638
2024-08-28,AAPL,-0.031882703,-0.0089744329,-0.018011451
2024-08-28,AMGN,-0.0067151189,0.017273903,-0.0018407106
2024-08-28,CRM,0.014008045,0.006462574,-0.0058635473
2024-08-28,CSCO,-0.0038765669,-0.00026553869,0.013124824
2024-08-28,IBM,-0.022377193,-0.0025712252,-0.012585998
2024-08-28,INTC,-0.014056385,0.018943548,0.0078339577
2024-08-28,MSFT,0.0033260584,0.013997555,-0.012510955
2024-08-28,NKE,-0.012106061,-0.0070154071,-0.018777847
2024-08-28,VZ,-0.025560498,0.017785549,0.0087885857
2024-08-28,WMT,0.020315528,0.015399218,-0.0083736181
2024-08-29,AAPL,-0.030439973,0.014466882,-0.027464747
2024-08-29,AMGN,-0.040862381,0.0039279461,-0.028634369
2024-08-29,CRM,0.03059411,0.0089361668,-0.013972044
2024-08-29,CSCO,-0.022241771,-0.0053280592,-0.017745912
2024-08-29,IBM,0.0019973516,0.018458366,0.0064194202
2024-08-29,INTC,-0.022979617,0.01612258,-0.0057332516
2024-08-29,MSFT,0.0079286098,0.01579237,-0.0057336688
2024-08-29,NKE,0.0012221336,0.009698987,-0.0075761676
2024-08-29,VZ,-0.0056507587,0.0067504644,0.0028676987
2024-08-29,WMT,-0.0099836588,0.0080833435,-0.0076957941
2024-08-30,AAPL,0.029146194,0.021870852,-0.021654844
2024-08-30,AMGN,-0.014981449,0.018277884,-0.0015647411
2024-08-30,CRM,-0.021435261,0.016788483,-0.021267831
2024-08-30,CSCO,-0.028423846,0.0083245039,-0.030768692
2024-08-30,IBM,0.003816247,0.012200356,-0.010522842
2024-08-30,INTC,-0.026181102,0.021072507,-0.0050834417
2024-08-30,MSFT,0.00052511692,0.010508418,0.0024394989
2024-08-30,NKE,-0.0019918084,0.031060815,-0.0035520196
2024-08-30,VZ,-0.0057557821,0.0051602125,-0.013762236
2024-08-30,WMT,0.004558444,-0.0027662516,0.0035084486
2024-09-03,AAPL,-0.04020375,0.023257732,-0.015165567
2024-09-03,AMGN,0.008967042,0.0082409382,0.0014454126
2024-09-03,CRM,0.010074496,0.0072184801,-0.020017266
2024-09-03,CSCO,-0.016979575,0.020250559,-0.034158647
2024-09-03,IBM,0.0015970469,0.017121434,-0.006688714
2024-09-03,INTC,-0.0003272891,0.015641093,-0.0059378743
2024-09-03,MSFT,0.0078841448,0.013067007,-0.009524405
2024-09-03,NKE,-0.035188973,0.0064080954,-0.016477525
2024-09-03,VZ,0.012711287,0.01636076,0.00014209747
2024-09-03,WMT,0.0068318844,0.006931901,-0.016586423
2024-09-04,AAPL,-0.0041906834,0.0056886673,-0.01170671
2024-09-04,AMGN,0.0085232258,0.001704812,-0.019931138
2024-09-04,CRM,0.035717726,0.024593472,-0.01034528
2024-09-04,CSCO,-0.023904562,0.0095796585,-0.022849619
2024-09-04,IBM,-0.015267551,0.015874386,-0.020188808
2024-09-04,INTC,-0.010757506,-0.0031900406,-7.8320503e-05
2024-09-04,MSFT,-0.0023875237,0.018521309,-0.026799381
2024-09-04,NKE,-0.019091904,0.010745525,-0.022615671
2024-09-04,VZ,-0.026857138,0.0080244541,-0.0050398707
2024-09-04,WMT,-0.018782496,0.0041894913,-0.0067715645
2024-09-05,AAPL,0.02391541,0.0071470737,-0.015968859
2024-09-05,AMGN,-0.031366765,0.0035275221,-0.0083912611
2024-09-05,CRM,0.0032514334,0.033146739,-0.023269951
2024-09-05,CSCO,0.011214018,-0.00056552887,-0.0047641397
2024-09-05,IBM,-0.027016163,0.018969893,-0.01377207
2024-09-05,INTC,0.015652299,0.016862512,-0.011393726
2024-09-05,MSFT,0.0037446022,-0.0030825734,-0.019498706
2024-09-05,NKE,-0.0035594702,0.020196915,-0.011938035
2024-09-05,VZ,0.0043432713,0.0081819296,-0.011380434
2024-09-05,WMT,0.015011191,0.0094686747,-0.0097119212
2024-09-06,AAPL,-0.014661491,0.034082651,-0.0034993291
2024-09-06,AMGN,-0.021951199,0.013711214,0.0011518002
2024-09-06,CRM,-0.038203001,0.018538237,-0.026152968
2024-09-06,CSCO,0.027249217,-0.013941109,0.00090265274
2024-09-06,IBM,-0.0064477324,0.018565297,-0.002009809
2024-09-06,INTC,0.010266185,-0.01210922,-0.027098894
2024-09-06,MSFT,-0.0050214529,-0.00023156404,-0.012483239
2024-09-06,NKE,0.031632423,0.0090727806,-0.011232913
2024-09-06,VZ,-0.014806211,0.00017595291,0.0056498051
2024-09-06,WMT,0.0089223385,0.0029176474,-0.0091605783
2024-09-09,AAPL,0.030378938,0.015122294,-0.0098765492
2024-09-09,AMGN,-0.026972592,-0.00567168,-0.004158318
2024-09-09,CRM,-0.040365219,0.029121518,-0.024354517
2024-09-09,CSCO,0.010023594,0.012902975,-0.010968626
2024-09-09,IBM,0.020172358,0.0068892241,-0.01219207
2024-09-09,INTC,-0.00013041496,6.8545341e-05,-0.018742919
2024-09-09,MSFT,0.0081739426,0.022670627,-0.011201024
2024-09-09,NKE,0.012374401,0.00051105022,-0.0025380254
2024-09-09,VZ,-0.0016384125,0.0010995865,-0.00052440166
2024-09-09,WMT,-0.0075591207,0.0092505217,-0.0049676299
2024-09-10,AAPL,0.0033675432,0.017549157,-0.013739347
2024-09-10,AMGN,-0.0061856508,0.0048106909,-0.015347779
2024-09-10,CRM,0.011354208,0.0054543018,0.010013103
2024-09-10,CSCO,0.031300783,0.025559902,-0.014781058
2024-09-10,IBM,-0.0032770038,-0.013143063,0.0035293102
2024-09-10,INTC,0.030983329,-0.0024266839,-0.012230694
2024-09-10,MSFT,0.026234388,0.0099910498,-0.013187587
2024-09-10,NKE,0.034592032,0.026217222,-0.0039030313
2024-09-10,VZ,-0.019783795,0.02159071,-0.001244843
2024-09-10,WMT,0.018226266,-0.00012165308,-0.0024790764
2024-09-11,AAPL,0.00072956085,0.0027134418,0.014236331
2024-09-11,AMGN,-0.016795695,0.012510657,-0.016695678
2024-09-11,CRM,0.02974546,-0.013372958,-0.0098498464
2024-09-11,CSCO,-0.023729682,0.015449762,-0.015869439
2024-09-11,IBM,-0.018672824,0.0096632242,-0.0092765093
2024-09-11,INTC,0.0095237494,-0.0034294724,-0.0031530857
2024-09-11,MSFT,-0.023723602,-0.00052684546,-0.0047967434
2024-09-11,NKE,-0.010919929,0.014032245,-0.020436823
2024-09-11,VZ,0.014847755,0.0060971975,-0.017403841
2024-09-11,WMT,0.010222197,0.0062170029,-0.0012646317
2024-09-12,AAPL,-0.027702928,0.031336188,-0.018127382
2024-09-12,AMGN,-0.011624277,0.0090680122,-0.016129911
2024-09-12,CRM,-0.01006043,0.029414058,-0.0078202486
2024-09-12,CSCO,0.0081211329,0.01632607,-0.024883747
2024-09-12,IBM,0.026524425,0.0090460777,-0.0060497522
2024-09-12,INTC,0.0010350943,0.016902089,-0.017045677
2024-09-12,MSFT,0.0044101477,0.017824054,0.0023047924
2024-09-12,NKE,-0.0076905489,7.2598457e-05,-0.0097830892
2024-09-12,VZ,-0.0098506212,0.013034463,-0.007519722
2024-09-12,WMT,-0.023378611,0.0087717772,-0.0036150813
2024-09-13,AAPL,-0.03897053,-0.0043849349,-0.029676199
2024-09-13,AMGN,-0.014929295,-5.0485134e-05,0.0021685362
2024-09-13,CRM,0.024138093,0.016281605,0.0008752346
2024-09-13,CSCO,0.0067881346,0.0098702908,-0.0075632334
2024-09-13,IBM,-0.0037075281,0.014089346,-0.0025597811
2024-09-13,INTC,-0.040932119,0.024240375,-0.0031337738
2024-09-13,MSFT,-0.017763078,0.01593411,-0.020753384
2024-09-13,NKE,-0.021957397,0.008529067,0.0058039427
2024-09-13,VZ,-0.0087721944,0.0038101673,-0.013743222
2024-09-13,WMT,0.0053671598,0.010198832,-0.019658089
2024-09-16,AAPL,-0.011320293,0.0035145283,-0.038432598
2024-09-16,AMGN,0.017032385,0.011199951,-0.011130691
2024-09-16,CRM,-0.017849267,0.030129433,0.0022548437
2024-09-16,CSCO,-0.033936918,0.00071787834,-0.017874122
2024-09-16,IBM,-0.0083094835,0.01100266,-0.0096769333
2024-09-16,INTC,-0.0019503832,0.01974237,-0.0076397061
2024-09-16,MSFT,0.015873671,0.00086200237,-0.0016650558
2024-09-16,NKE,0.021297216,-0.00062716007,-0.017163098
2024-09-16,VZ,-0.007004559,0.010824919,-0.0058227777
2024-09-16,WMT,0.0043593645,0.0095864534,-0.0098902583
2024-09-17,AAPL,9.8109245e-05,0.0050194263,-0.025384963
2024-09-17,AMGN,-0.0080021024,0.035355568,-0.0065641999
2024-09-17,CRM,-0.030862153,0.012185812,0.032027721
2024-09-17,CSCO,0.0096800327,-0.0015773773,-0.0097234845
2024-09-17,IBM,-0.012838185,0.0064079762,-0.018434465
2024-09-17,INTC,0.021919012,0.0047558546,-0.0064062476
2024-09-17,MSFT,-0.012756407,0.0068978071,-7.7009201e-05
2024-09-17,NKE,-0.0058043599,-0.0034563541,-0.00072234869
2024-09-17,VZ,-0.014173329,0.011429429,-0.014165998
2024-09-17,WMT,0.0026253462,0.0012615919,-0.014375091
2024-09-18,AAPL,-0.0050174594,0.0044137239,0.00019729137
2024-09-18,AMGN,-0.024208426,-0.0083395243,-0.01556915
2024-09-18,CRM,-0.038333416,0.017536283,-0.017403066
2024-09-18,CSCO,0.015710235,0.027977586,-0.018283606
2024-09-18,IBM,-0.00079107285,0.0098304749,-0.0092793107
2024-09-18,INTC,0.013727546,0.014671803,-0.0042276978
2024-09-18,MSFT,-0.0040184259,0.01023531,0.00073099136
2024-09-18,NKE,-0.0029526353,0.0068793297,-0.013779342
2024-09-18,VZ,-0.0027104616,0.0117203,0.0017713308
2024-09-18,WMT,0.014791489,-0.00082480907,-0.0080345273
2024-09-19,AAPL,0.018381596,0.00010156631,-0.014939189
2024-09-19,AMGN,-0.012906611,0.0063245296,-0.015074492
2024-09-19,CRM,-0.0092405677,0.030796647,-0.0088763237
2024-09-19,CSCO,-0.017486036,-0.0098308325,-0.0019389391
2024-09-19,IBM,-0.0059743524,0.0075750351,-0.0067703128
2024-09-19,INTC,0.05157125,-0.0005428791,-0.016666353
2024-09-19,MSFT,-0.0059767365,0.010977387,-0.0099352598
2024-09-19,NKE,-0.003442347,0.01161027,-5.8829784e-05
2024-09-19,VZ,-0.018115461,0.005987525,-0.0062438846
2024-09-19,WMT,0.0077259541,0.022955298,0.012962699
2024-09-20,AAPL,0.013432264,0.013747811,-0.01926595
2024-09-20,AMGN,-0.0063465834,-0.0041116476,-0.011686742
2024-09-20,CRM,-0.032209694,-0.0076970458,-0.0013830662
2024-09-20,CSCO,-0.00089848042,0.028427958,-0.019435406
2024-09-20,IBM,0.014784336,0.024237037,-0.0063502789
2024-09-20,INTC,0.042041302,0.017578721,0.0036129951
2024-09-20,MSFT,0.0033038855,0.0014715195,-0.026500762
2024-09-20,NKE,0.0069497824,0.008425951,-0.016121387
2024-09-20,VZ,0.0048457384,0.011294246,-0.00088799
2024-09-20,WMT,-0.011336923,0.0028357506,0.003218174
2024-09-23,AAPL,-0.0063002706,-0.002985239,0.0095508099
2024-09-23,AMGN,0.014514923,0.0082571507,0.0013115406
2024-09-23,CRM,-0.014858067,0.017654896,-0.012848079
2024-09-23,CSCO,-0.018903553,0.001013875,-0.0067281723
2024-09-23,IBM,-0.0055900216,0.0043910742,0.0052119493
2024-09-23,INTC,-0.014990985,-0.0058754683,-0.0071477294
2024-09-23,MSFT,0.023326755,0.010139346,-0.0052385926
2024-09-23,NKE,-0.0076358914,0.0079846382,-0.023754179
2024-09-23,VZ,-0.015463471,0.001457572,1.3113022e-05
2024-09-23,WMT,-0.029876053,-0.00019687414,-0.018713117
2024-09-24,AAPL,0.03875792,0.0094277859,-0.0069181323
2024-09-24,AMGN,-0.0069949031,0.0085223913,-0.01291275
2024-09-24,CRM,0.028805614,0.012477636,-0.030608177
2024-09-24,CSCO,-0.016583025,0.0042880774,-0.00032997131
2024-09-24,IBM,-0.008564055,0.021975875,0.0064662695
2024-09-24,INTC,-0.028462946,0.0062342882,-0.015179932
2024-09-24,MSFT,-0.019416273,0.0030148029,-0.0073359609
2024-09-24,NKE,0.0018203259,0.032164693,-0.003991425
2024-09-24,VZ,0.0031478405,-0.00026088953,-0.013277054
2024-09-24,WMT,0.00016856194,-0.00022596121,-0.0030536056
2024-09-25,AAPL,0.0066289902,0.0090286732,-0.0040419102
2024-09-25,AMGN,-0.0039529204,0.0020865202,-0.0090748072
2024-09-25,CRM,-0.037227511,0.020242691,-0.024606705
2024-09-25,CSCO,-0.01752615,0.0062104464,0.0074086189
2024-09-25,IBM,-0.0065278411,0.0081751347,-0.010794818
2024-09-25,INTC,0.012556195,0.020964503,-0.03794235
2024-09-25,MSFT,0.0061751604,0.012581944,-0.012699783
2024-09-25,NKE,-0.029786885,0.004103303,-0.012234569
2024-09-25,VZ,-0.0088594556,0.021113038,-0.016947865
2024-09-25,WMT,-0.0049193501,0.017360568,-0.0024322867
2024-09-26,AAPL,-0.0057907701,0.019784808,0.0024223328
2024-09-26,AMGN,0.0044723749,0.011884093,0.0070465803
2024-09-26,CRM,-0.0010446906,0.019671679,-0.029602706
2024-09-26,CSCO,0.00060379505,0.0013525486,-0.0044227242
2024-09-26,IBM,-0.027097583,0.014352322,0.013739228
2024-09-26,INTC,-0.00081628561,0.0050513744,-0.02740109
2024-09-26,MSFT,0.0090527534,0.0039534569,-0.0096680522
2024-09-26,NKE,-0.0029135942,0.0038980246,-0.015436649
2024-09-26,VZ,0.0061684847,0.020404816,-0.0056650043
2024-09-26,WMT,0.00679636,0.0043270588,-0.01414907
2024-09-27,AAPL,-0.032549739,0.0031950474,-0.026963711
2024-09-27,AMGN,-0.013814628,0.012335777,-0.012335002
2024-09-27,CRM,0.038038135,0.025897741,-0.017233491
2024-09-27,CSCO,-0.0287835,0.0061497688,-0.024615109
2024-09-27,IBM,-0.0115996,-0.0048657656,0.0078405142
2024-09-27,INTC,-0.010022998,2.0742416e-05,-0.024088919
2024-09-27,MSFT,-0.00084894896,0.0079746246,0.012827158
2024-09-27,NKE,-0.0081070065,0.016697764,-0.0058398843
2024-09-27,VZ,-0.019989371,0.0017271042,-0.011667907
2024-09-27,WMT,-0.022364795,0.0031644106,-0.0063010454
2024-09-30,AAPL,-0.054329455,-0.0052759051,-0.013229191
2024-09-30,AMGN,-0.027951539,0.0038582087,0.005392909
2024-09-30,CRM,0.021498561,0.029520035,3.9219856e-05
2024-09-30,CSCO,0.036518574,0.00210464,-0.023336828
2024-09-30,IBM,-0.012742579,0.010931134,0.0033037663
2024-09-30,INTC,0.0012042522,-0.021657944,-0.0017343163
2024-09-30,MSFT,-0.030896604,0.018747807,-0.012151003
2024-09-30,NKE,-0.043926418,0.0072239637,0.0042930841
2024-09-30,VZ,0.012913227,0.014437675,-0.013630867
2024-09-30,WMT,0.018378615,0.0061228275,0.00063943863
2024-10-01,AAPL,0.022851467,0.0097676516,-0.0091525316
2024-10-01,AMGN,0.019247413,0.0022624731,0.0025056601
2024-10-01,CRM,0.0025376081,0.0038261414,0.01748395
2024-10-01,CSCO,0.026783943,0.02224052,-0.0094496012
2024-10-01,IBM,-0.025847435,-0.0063340664,-0.0019685626
2024-10-01,INTC,0.0019665956,0.01312089,-0.0041055083
2024-10-01,MSFT,0.0038956404,0.027176499,-0.0034757257
2024-10-01,NKE,0.01603806,0.011534452,-0.0050802231
2024-10-01,VZ,0.00036168098,0.0049309731,0.00056898594
2024-10-01,WMT,-0.0094906092,0.0058597326,-0.021892011
2024-10-02,AAPL,0.013298869,0.017352104,-0.023041368
2024-10-02,AMGN,-0.0082374811,0.00661695,-0.0038849115
2024-10-02,CRM,-0.021643639,0.009729743,-0.018128932
2024-10-02,CSCO,0.0020126104,0.0099906921,-0.028578103
2024-10-02,IBM,-0.00048875809,0.005371213,0.0086075068
2024-10-02,INTC,0.0025160313,0.017136097,-0.029011667
2024-10-02,MSFT,-0.0094188452,0.0068981647,-0.010233521
2024-10-02,NKE,-0.010958135,0.017806053,-0.0015209913
2024-10-02,VZ,0.0052460432,0.021784544,-0.012765586
2024-10-02,WMT,-0.0071591735,0.015949368,-0.010410547
2024-10-03,AAPL,-0.0062066913,0.018246889,-0.021463692
2024-10-03,AMGN,-0.010148346,0.013839126,-0.011471987
2024-10-03,CRM,0.028285861,-0.0089666247,-0.014085233
2024-10-03,CSCO,-0.023522437,0.0082559586,5.0663948e-05
2024-10-03,IBM,-0.0059159398,0.0032738447,-0.0058511496
2024-10-03,INTC,0.027676344,0.0096517801,4.2915344e-06
2024-10-03,MSFT,0.0057969093,0.013490319,-0.018924177
2024-10-03,NKE,0.0016955137,0.010492086,-0.00091791153
2024-10-03,VZ,-0.029464066,0.011391163,0.001909256
2024-10-03,WMT,0.018252373,0.0095971823,0.00021147728
2024-10-04,AAPL,-0.019064724,0.011162281,0.0023028851
2024-10-04,AMGN,-0.0062146187,-0.00259763,-0.015312195
2024-10-04,CRM,-0.0045021772,0.0085691214,-0.016604841
2024-10-04,CSCO,-0.0037345886,0.016035438,-0.010783911
2024-10-04,IBM,0.020333529,0.023121595,-0.0041838884
2024-10-04,INTC,-0.00022560358,0.0039232969,-0.024018228
2024-10-04,MSFT,0.0046018362,0.014377952,0.0045182705
2024-10-04,NKE,0.0078095198,0.0037204027,-0.012750268
2024-10-04,VZ,0.01661396,0.015834689,0.010892987
2024-10-04,WMT,-0.020894408,0.004180789,-0.011326373
2024-10-07,AAPL,-0.019698441,-0.017594218,0.025891304
2024-10-07,AMGN,-0.02422148,0.025498033,-0.0073734522
2024-10-07,CRM,0.005219698,0.065167546,-0.019063234
2024-10-07,CSCO,-0.0049780607,0.015532851,-0.0046487451
2024-10-07,IBM,0.0043780804,0.00096201897,-0.0041776896
2024-10-07,INTC,0.0053365231,0.0072227716,-0.0064324737
2024-10-07,MSFT,0.015805602,-0.015472591,0.018945813
2024-10-07,NKE,0.0084340572,0.013094068,-0.0094441175
2024-10-07,VZ,-0.018497229,0.029035091,-0.0035665631
2024-10-07,WMT,0.0014178753,0.0034937859,-0.01327914
2024-10-08,AAPL,-0.0016388893,0.026838183,-0.01268065
2024-10-08,AMGN,0.0018749237,0.0010416508,-0.0096533895
2024-10-08,CRM,-0.012724221,0.035194397,-0.024917126
2024-10-08,CSCO,-0.013499081,0.024978161,-0.010114908
2024-10-08,IBM,-0.012328625,0.013136387,0.0027564764
2024-10-08,INTC,-0.018774927,0.0020877123,-0.027989864
2024-10-08,MSFT,0.013321161,0.02676487,-0.0044052601
2024-10-08,NKE,0.00082850456,0.001132369,-0.026166856
2024-10-08,VZ,-0.010183811,0.025128841,-0.025219321
2024-10-08,WMT,-0.0032631159,0.0045763254,-0.0026769638
2024-10-09,AAPL,0.0011979342,-0.011771917,-0.02801162
2024-10-09,AMGN,-0.0064615607,0.011089802,-0.015061855
2024-10-09,CRM,0.041781425,0.056480408,-0.0096275806
2024-10-09,CSCO,-0.0090614557,0.019259453,-0.0058096051
2024-10-09,IBM,0.0162009,0.0075867176,-0.018613338
2024-10-09,INTC,-0.012661278,-0.00098949671,0.0044393539
2024-10-09,MSFT,-0.0083615184,0.010992765,0.0011057854
2024-10-09,NKE,-0.016120255,0.019116879,-0.005115211
2024-10-09,VZ,0.0011310577,0.0098659992,-0.016477048
2024-10-09,WMT,-0.0084071755,0.01197052,-0.0076060891
2024-10-10,AAPL,-0.0037922263,0.019125819,0.0048518181
2024-10-10,AMGN,0.019560575,-0.0020658374,-0.020770073
2024-10-10,CRM,-0.013021469,0.0025686026,-0.053877711
2024-10-10,CSCO,-0.0090388656,0.009919405,-0.023529291
2024-10-10,IBM,0.0058090687,-0.005508244,0.0026459694
2024-10-10,INTC,-0.0032545328,0.011112571,-0.016722202
2024-10-10,MSFT,0.016094565,0.011839747,-0.0014384985
2024-10-10,NKE,-0.0035597682,-0.00068694353,-0.013247848
2024-10-10,VZ,0.0051704645,0.01522994,0.0029155016
2024-10-10,WMT,0.019737244,-0.0065170527,0.0040104389
2024-10-11,AAPL,0.030999303,-0.014062524,-0.0047326684
2024-10-11,AMGN,0.017136931,0.020110488,-0.018178701
2024-10-11,CRM,-0.038064539,0.02842164,-0.022743523
2024-10-11,CSCO,0.037153244,-0.0097080469,-0.022017241
2024-10-11,IBM,-0.020973504,0.019699216,-0.0026009083
2024-10-11,INTC,0.017954111,0.027966022,-0.018952727
2024-10-11,MSFT,-0.03679353,0.015785098,-0.0073713064
2024-10-11,NKE,-0.0016436577,0.011076093,-0.0024843812
2024-10-11,VZ,-0.028383017,0.003911376,-1.4305115e-05
2024-10-11,WMT,0.004144907,-0.00038731098,-0.018652499
2024-10-14,AAPL,-0.0036895275,-0.0016035438,-0.011502385
2024-10-14,AMGN,-0.0093123317,0.019269228,0.00040006638
2024-10-14,CRM,-0.026046634,0.02433157,-0.031564713
2024-10-14,CSCO,0.029033303,0.020065784,-0.012283802
2024-10-14,IBM,-0.011984885,0.00028789043,-0.015491903
2024-10-14,INTC,-0.0044208765,0.0165627,0.0013012886
2024-10-14,MSFT,-0.0064147115,0.020070314,-0.0074337125
2024-10-14,NKE,0.033462882,0.0080295801,-0.018230319
2024-10-14,VZ,0.0075620413,0.0071977377,-0.00090509653
2024-10-14,WMT,-0.015980482,0.0037784576,-0.01575309
2024-10-15,AAPL,-0.03195554,0.012299895,-0.0058466792
2024-10-15,AMGN,-0.016563296,-0.00038105249,0.00092077255
2024-10-15,CRM,0.054807544,0.017040133,-0.04144609
2024-10-15,CSCO,-0.015533626,0.010216355,-0.029362857
2024-10-15,IBM,0.0014418364,0.023387909,-0.005818069
2024-10-15,INTC,-0.025488913,0.002833128,-0.025980294
2024-10-15,MSFT,-0.017474234,0.0011734962,-0.016653955
2024-10-15,NKE,-0.044266284,0.015911341,-0.026457548
2024-10-15,VZ,0.0023937225,0.003713131,-0.0029956698
2024-10-15,WMT,0.019325256,0.015922308,-0.015949368
2024-10-16,AAPL,0.023364186,0.011073112,-0.017044306
2024-10-16,AMGN,-0.012160122,0.011627674,-0.0091422796
2024-10-16,CRM,-0.014587104,0.032096028,-0.0083705783
2024-10-16,CSCO,0.012470245,-0.0066908598,-0.0055096149
2024-10-16,IBM,-0.0036589503,0.0047396421,-0.012396574
2024-10-16,INTC,-0.0008456111,0.011942387,0.015646338
2024-10-16,MSFT,0.0048921108,0.01969862,-4.8696995e-05
2024-10-16,NKE,-0.01425153,0.00066435337,-0.0032070279
2024-10-16,VZ,-0.001296699,0.023724079,-0.02540797
2024-10-16,WMT,0.0039075613,-0.0033627152,-0.0075304508
2024-10-17,AAPL,0.0041193962,0.0021563768,-0.00093096495
2024-10-17,AMGN,-0.0096767545,-0.0055345297,0.0025401115
2024-10-17,CRM,-0.017279565,0.00033867359,-0.020824194
2024-10-17,CSCO,-0.020006835,0.0082994699,-0.0099551678
2024-10-17,IBM,-0.0084874034,0.01537025,-0.0092433095
2024-10-17,INTC,-0.017343879,0.0068209171,-0.0083639026
2024-10-17,MSFT,-0.022820532,-0.018611908,-0.0065472722
2024-10-17,NKE,0.012979984,0.012710333,0.0053371191
2024-10-17,VZ,0.0018998384,0.015771985,-0.0070651174
2024-10-17,WMT,-0.024901927,0.0053303242,-0.024003923
2024-10-18,AAPL,0.0048387051,-0.0029767752,-0.048364699
2024-10-18,AMGN,-0.028639078,0.020626068,-0.017849326
2024-10-18,CRM,-0.059757233,0.030134082,-0.0057743192
2024-10-18,CSCO,0.019996643,0.010108471,0.0014978647
2024-10-18,IBM,-0.018392563,0.015271187,-0.0055394769
2024-10-18,INTC,0.023202658,-0.0028863549,0.0026021004
2024-10-18,MSFT,0.0091801882,0.016085148,-0.017365515
2024-10-18,NKE,0.016014695,0.017730832,-0.015990794
2024-10-18,VZ,0.013544559,0.017787457,0.0097285509
2024-10-18,WMT,-0.016573727,0.013244033,-0.017194211
2024-10-21,AAPL,0.010905027,0.013529539,-0.0055134296
2024-10-21,AMGN,0.0021243095,0.012269378,-0.033336401
2024-10-21,CRM,-0.029242694,0.033792734,-0.0085772276
2024-10-21,CSCO,-0.044419825,0.031046033,-0.016366601
2024-10-21,IBM,-0.017933369,0.014728665,-0.023420751
2024-10-21,INTC,0.017101169,0.0091841221,0.00038540363
2024-10-21,MSFT,-0.0052189231,0.01399076,-0.0063481331
2024-10-21,NKE,0.012080908,0.0099310875,-0.0017421246
2024-10-21,VZ,0.00054895878,0.0046044588,-0.0073140264
2024-10-21,WMT,-0.0069479346,0.0084089041,-0.013577998
2024-10-22,AAPL,-0.007229805,0.011329412,-0.026051641
2024-10-22,AMGN,0.023629069,-0.005613625,-0.02873826
2024-10-22,CRM,-0.0025631189,0.017458677,-0.015136063
2024-10-22,CSCO,0.010135174,0.0053449869,0.008529067
2024-10-22,IBM,0.0062081814,0.025046349,-0.012877643
2024-10-22,INTC,0.004054904,-0.0047162175,-6.121397e-05
2024-10-22,MSFT,-0.017699003,0.01136446,0.012219429
2024-10-22,NKE,-0.01793313,0.014189959,-0.0014433265
2024-10-22,VZ,-0.02218616,0.013764501,-0.019192874
2024-10-22,WMT,-0.018795311,0.0050411224,-0.0033960342
2024-10-23,AAPL,-0.01176393,0.024955511,-0.0192765
2024-10-23,AMGN,-0.0067466497,0.019361854,-0.0071225166
2024-10-23,CRM,0.0074774027,0.011481643,-0.01578033
2024-10-23,CSCO,0.012381196,0.006169796,-0.014595389
2024-10-23,IBM,0.01327765,0.008071661,-0.001606822
2024-10-23,INTC,0.0012265444,0.012793183,-0.00024074316
2024-10-23,MSFT,-0.002725184,0.0065459013,-0.021355331
2024-10-23,NKE,-0.020842552,0.022581458,0.0039157867
2024-10-23,VZ,-0.017406106,0.011061788,-0.014260113
2024-10-23,WMT,0.0064733028,0.011488914,-0.0074613094
2024-10-24,AAPL,0.01395452,0.023804903,-0.019239187
2024-10-24,AMGN,-0.019912183,0.016593099,-0.025213122
2024-10-24,CRM,0.011120319,0.030611992,-0.0033915043
2024-10-24,CSCO,-0.0071477294,0.0074294806,-0.0027564764
2024-10-24,IBM,-0.0024929643,0.0034412146,-0.0072433949
2024-10-24,INTC,0.0023139715,0.0040224791,-0.010445833
2024-10-24,MSFT,0.034139514,0.00060808659,-0.0023421049
2024-10-24,NKE,5.4121017e-05,0.0019165277,0.025950551
2024-10-24,VZ,0.00058233738,0.0035843849,-0.0034486055
2024-10-24,WMT,-0.0033075213,0.0046011209,0.001958847
2024-10-25,AAPL,-0.0017313957,0.0042963028,-0.01255095
2024-10-25,AMGN,-0.00060844421,0.0066812038,-0.004670918
2024-10-25,CRM,-0.036020517,0.021256566,-0.012907147
2024-10-25,CSCO,-0.015768468,0.026233673,0.0015490055
2024-10-25,IBM,0.0080443621,0.011949658,-0.006667614
2024-10-25,INTC,-0.012995422,0.02444303,-0.015619397
2024-10-25,MSFT,-0.0081471801,0.014640689,-0.011574686
2024-10-25,NKE,0.018541455,0.011186838,-0.024377406
2024-10-25,VZ,0.023505569,0.012684464,-0.0069711804
2024-10-25,WMT,-0.004899919,-0.0005210042,-0.0085049868
2024-10-28,AAPL,-0.021405995,0.025218487,-0.0079090595
2024-10-28,AMGN,0.021986961,0.017033219,8.225441e-06
2024-10-28,CRM,-0.027002037,6.9141388e-06,-0.017361224
2024-10-28,CSCO,0.0026644468,0.011601448,-0.015585303
2024-10-28,IBM,-0.026288569,0.014005661,-0.0050579906
2024-10-28,INTC,0.031598091,0.0059400797,-0.01595968
2024-10-28,MSFT,-0.0018996,0.0088018179,-0.0022296309
2024-10-28,NKE,-0.031468332,-0.00071752071,-0.013284743
2024-10-28,VZ,-0.010712266,0.0092980862,0.015019178
2024-10-28,WMT,0.022806644,0.0070614815,-0.0040277243
2024-10-29,AAPL,0.031257868,0.024391055,-0.027020872
2024-10-29,AMGN,0.0081943274,-0.0031867027,-0.014192104
2024-10-29,CRM,-0.035917103,0.008852005,-0.0038528442
2024-10-29,CSCO,-0.018284738,0.023699641,-0.018705964
2024-10-29,IBM,0.00078177452,0.0026797056,-0.014146686
2024-10-29,INTC,-0.018417537,0.0017139912,-0.012888849
2024-10-29,MSFT,0.0093809366,0.025423527,-0.0094646215
2024-10-29,NKE,-0.012764454,0.017741919,-0.013966024
2024-10-29,VZ,-0.019446015,0.0026832819,-0.024684548
2024-10-29,WMT,0.029497504,0.0018459558,-0.0090790987
2024-10-30,AAPL,-0.010266244,-0.014948308,-0.018526733
2024-10-30,AMGN,0.016361594,0.007181406,-0.017471611
2024-10-30,CRM,-6.5743923e-05,0.043605447,-0.029533565
2024-10-30,CSCO,-0.0055064559,0.0043135881,-0.021579087
2024-10-30,IBM,-0.033376455,0.0013121367,0.0018230677
2024-10-30,INTC,0.010414243,0.012008786,-0.011449993
2024-10-30,MSFT,0.00047922134,-0.0054400563,-0.0083353519
2024-10-30,NKE,-0.042571366,0.0083904266,-0.013997078
2024-10-30,VZ,0.0071258545,0.012198329,0.0040098429
2024-10-30,WMT,-0.0044129491,0.00025200844,-0.0052284598
2024-10-31,AAPL,-0.027710378,0.032071471,-0.012887478
2024-10-31,AMGN,-0.028616667,0.014081717,-0.0047394037
2024-10-31,CRM,-0.0080167651,0.00076365471,-0.017127037
2024-10-31,CSCO,0.010825753,0.010718822,-0.013348281
2024-10-31,IBM,-0.010781407,0.0039147139,-0.00025290251
2024-10-31,INTC,0.020004153,-0.00299263,-0.035398662
2024-10-31,MSFT,0.025136709,0.0061683655,-0.0078909397
2024-10-31,NKE,-0.051128447,-0.0072860718,-0.0026216507
2024-10-31,VZ,0.0057007074,0.0033872128,-0.0033596754
2024-10-31,WMT,-0.0098540783,0.01224041,-0.021597803
2024-11-01,AAPL,0.019330144,0.020263314,-0.015351832
2024-11-01,AMGN,0.0019042492,0.0070612431,-0.010641575
2024-11-01,CRM,-0.010753214,0.00992167,0.020442009
2024-11-01,CSCO,-0.019414783,0.013249874,-0.0048537254
2024-11-01,IBM,-0.0084463358,-0.0024439096,0.0038698912
2024-11-01,INTC,-0.010885298,0.0056278706,-0.031171739
2024-11-01,MSFT,0.023658872,0.018794417,-0.020267546
2024-11-01,NKE,-0.029477537,0.0033837557,-0.01387769
2024-11-01,VZ,-0.0069120526,0.01356256,0.00069916248
2024-11-01,WMT,-0.0082691908,-0.0017321706,-0.0099469423
2024-11-04,AAPL,-0.019980192,0.0085356236,0.00063872337
2024-11-04,AMGN,-0.016051114,0.0023599863,-0.014027953
2024-11-04,CRM,0.0002104044,-0.0066804886,0.0020644665
2024-11-04,CSCO,0.010741711,-0.0069333911,0.0021332502
2024-11-04,IBM,0.038449526,0.0042426586,-0.019110262
2024-11-04,INTC,0.0066825151,0.027381539,-0.022945344
2024-11-04,MSFT,0.01073885,0.0059925318,0.0006955862
2024-11-04,NKE,0.031987071,-0.0018538237,-0.014518857
2024-11-04,VZ,-0.021013021,-0.0021498203,-0.011703134
2024-11-04,WMT,0.0067988634,0.0086476803,-0.015327752
2024-11-05,AAPL,0.0092484951,-0.0053713322,-0.0037857294
2024-11-05,AMGN,-0.010073245,0.010633111,-0.0054826736
2024-11-05,CRM,-0.010634243,0.011102796,-0.0096825361
2024-11-05,CSCO,-0.029445112,-1.0788441e-05,-0.0099294782
2024-11-05,IBM,-0.021066844,0.01834321,-0.011567831
2024-11-05,INTC,0.0016921759,0.018125176,0.00056815147
2024-11-05,MSFT,0.0097124577,0.0035481453,-0.017544448
2024-11-05,NKE,-0.0077251792,0.017274857,-0.014784575
2024-11-05,VZ,-0.0059713125,0.0025721788,-0.022836506
2024-11-05,WMT,0.019592285,0.0027730465,-0.011247635
2024-11-06,AAPL,0.0059427023,0.02426362,-0.0077354312
2024-11-06,AMGN,-0.0224424,0.0052798986,-0.022032976
2024-11-06,CRM,0.02382338,0.040986896,-0.022910357
2024-11-06,CSCO,-0.025184393,0.0086840391,-0.0020186901
2024-11-06,IBM,0.0054003,0.0081437826,-0.0033640862
2024-11-06,INTC,-0.011472642,0.023374319,-0.0092915893
2024-11-06,MSFT,-0.01304853,0.014974236,-0.0016041398
2024-11-06,NKE,0.0085749626,0.011456847,-0.016402245
2024-11-06,VZ,0.018630743,-0.0077431202,0.00033199787
2024-11-06,WMT,0.018758774,-0.00028312206,-0.0051907897
2024-11-07,AAPL,-0.032632411,0.015203595,0.00032866001
2024-11-07,AMGN,-0.022417545,0.013637781,0.0027754307
2024-11-07,CRM,-0.047722936,0.023574948,-0.022061288
2024-11-07,CSCO,0.010382295,0.02033639,-0.012599528
2024-11-07,IBM,0.030023217,0.010955453,-0.0072750449
2024-11-07,INTC,0.015487552,0.0082148314,-0.025170147
2024-11-07,MSFT,0.036329627,0.001245141,-0.025171459
2024-11-07,NKE,0.0032804012,0.013977528,-0.02565223
2024-11-07,VZ,-0.009039402,0.0037769079,0.0050895214
2024-11-07,WMT,-0.022702456,0.0046564341,-0.01092273
2024-11-08,AAPL,-0.0011113882,0.025748968,-0.0058986545
2024-11-08,AMGN,-0.013841748,0.021987915,-0.021641314
2024-11-08,CRM,-0.040892363,0.019312501,0.0068064928
2024-11-08,CSCO,-0.019843817,0.011775613,-0.010581255
2024-11-08,IBM,-0.029884338,0.021815658,-0.017796457
2024-11-08,INTC,-0.0147084,-0.00031632185,-0.024197936
2024-11-08,MSFT,0.00055932999,-0.014349103,-0.016842723
2024-11-08,NKE,-0.020434618,0.018713713,-0.021707594
2024-11-08,VZ,0.0038417578,0.0050491095,-0.0013621449
2024-11-08,WMT,0.0044785738,0.0063979626,-0.005413413
2024-11-11,AAPL,-0.016803682,0.0049268007,-0.0090269446
2024-11-11,AMGN,-0.021513104,0.016273618,-0.0096026659
2024-11-11,CRM,-0.0047269464,0.0093985796,-0.036139309
2024-11-11,CSCO,-0.038643241,-0.00077003241,-0.022309184
2024-11-11,IBM,6.7830086e-05,0.0099170208,0.00036776066
2024-11-11,INTC,0.026930809,-0.0082246661,0.0039340258
2024-11-11,MSFT,-0.0034802556,0.0013967752,-0.015691042
2024-11-11,NKE,-0.025896013,0.010206103,-0.015921235
2024-11-11,VZ,-0.010724366,0.016646147,-0.0041331649
2024-11-11,WMT,-0.0057435632,-0.014023304,0.0061541796
2024-11-12,AAPL,-0.045653224,-0.0065374374,0.011686206
2024-11-12,AMGN,-0.031444669,0.022000551,-0.020489514
2024-11-12,CRM,-0.027636647,0.0090537071,0.013945818
2024-11-12,CSCO,-0.015677989,0.0151335,-0.013237238
2024-11-12,IBM,-0.013466358,0.0069099665,0.0058403015
2024-11-12,INTC,-0.014799953,0.011538982,-0.015983999
2024-11-12,MSFT,0.013725042,9.2029572e-05,-0.0045597553
2024-11-12,NKE,0.018031478,0.02801919,-0.023807228
2024-11-12,VZ,0.0008276701,-0.002176106,0.0090386868
2024-11-12,WMT,-0.0061081648,-0.0020355582,-0.0028303862
2024-11-13,AAPL,-0.031533062,0.020397902,0.025128841
2024-11-13,AMGN,-0.012754619,0.019028187,-0.0034775734
2024-11-13,CRM,0.020892262,0.0023902655,-0.037841141
2024-11-13,CSCO,-0.010952294,0.0075745583,-0.016144216
2024-11-13,IBM,-0.008461833,0.0081981421,-0.0030097365
2024-11-13,INTC,0.014504313,0.0007506609,-0.0077177882
2024-11-13,MSFT,-0.010773242,0.01560092,-0.011898041
2024-11-13,NKE,-0.011078954,0.0010390282,0.0025918484
2024-11-13,VZ,-0.017026782,-0.0014832616,0.0016568899
2024-11-13,WMT,-0.00086694956,0.0016969442,-0.0067878962
2024-11-14,AAPL,-0.0063871741,0.011616111,-0.00079804659
2024-11-14,AMGN,0.024126768,0.018485188,0.0069030523
2024-11-14,CRM,0.013012886,-0.0038375258,-0.01539439
2024-11-14,CSCO,-0.011144817,0.015334249,-0.012672007
2024-11-14,IBM,-0.020304382,0.010712266,-0.012230694
2024-11-14,INTC,-0.0032899976,0.0103091,-0.0078556538
2024-11-14,MSFT,-0.00098669529,0.020229697,-0.011732101
2024-11-14,NKE,0.0023441315,-0.00013172626,0.00024867058
2024-11-14,VZ,-0.029928267,0.010544538,-0.0098846555
2024-11-14,WMT,-0.018345714,0.0077774525,-0.0090965033
2024-11-15,AAPL,0.0083287954,0.022367358,-0.0073881149
2024-11-15,AMGN,-0.014227152,0.016192436,-0.021992624
2024-11-15,CRM,0.02378881,-0.010267437,0.0074846745
2024-11-15,CSCO,-0.00051289797,-0.005395472,-0.022940993
2024-11-15,IBM,-0.019808948,0.017240882,0.0006248951
2024-11-15,INTC,0.023197889,0.014593244,-0.0035995841
2024-11-15,MSFT,0.0168432,-0.0019695163,0.014017463
2024-11-15,NKE,0.0049506426,0.0071651936,-0.025673687
2024-11-15,VZ,-0.006930232,0.023543477,-0.0057083964
2024-11-15,WMT,-0.014249027,-0.0023313165,-0.011631548
2024-11-18,AAPL,-0.0096663237,0.0062257051,-0.039169371
2024-11-18,AMGN,-0.014751613,0.020535231,0.00019931793
2024-11-18,CRM,-5.4419041e-05,0.010044456,-0.015556693
2024-11-18,CSCO,-0.015500665,0.0071009398,-0.019725919
2024-11-18,IBM,-0.014429688,0.011734724,-0.0023394227
2024-11-18,INTC,0.015840411,-0.004609108,-0.0014098883
2024-11-18,MSFT,-0.0046132207,0.0087423325,-0.023693621
2024-11-18,NKE,0.028390408,-0.00076568127,-0.003967762
2024-11-18,VZ,0.012564778,0.007871151,-0.019728482
2024-11-18,WMT,0.012677193,0.012721777,-0.0010049939
2024-11-19,AAPL,-0.0011525154,0.013213873,-0.021811008
2024-11-19,AMGN,0.008574605,0.013463974,-0.0075682402
2024-11-19,CRM,-0.029294491,-0.024261415,-0.019997537
2024-11-19,CSCO,-0.025281191,0.00037288666,-0.0073158145
2024-11-19,IBM,-0.0070681572,0.010171533,-0.012892902
2024-11-19,INTC,-0.027093232,0.012122154,-0.018392146
2024-11-19,MSFT,-0.04051429,0.000852108,5.0783157e-05
2024-11-19,NKE,0.0046440363,0.022190571,-0.0093390942
2024-11-19,VZ,-0.0050916672,0.0023462772,-0.016560674
2024-11-19,WMT,-0.017486155,0.0055245161,-0.010028601
2024-11-20,AAPL,-0.0018072724,0.02057457,0.0029395819
2024-11-20,AMGN,0.0049396753,-0.0041166544,-0.0028114915
2024-11-20,CRM,0.032553315,0.014898658,-0.021046042
2024-11-20,CSCO,0.055356979,0.014908552,-0.018280625
2024-11-20,IBM,0.0024795532,-0.0012875795,-0.0054006577
2024-11-20,INTC,-0.006995976,0.0091832876,0.0036622286
2024-11-20,MSFT,-0.0071945786,0.011547446,-0.0081840754
2024-11-20,NKE,0.034814715,0.020953894,-0.0047985911
2024-11-20,VZ,-0.015280604,0.012817025,-0.0073231459
2024-11-20,WMT,-0.013218045,-0.00024855137,-0.0034767389
2024-11-21,AAPL,-0.011459947,0.00039255619,-0.020590961
2024-11-21,AMGN,0.015993357,0.015128136,-0.025565743
2024-11-21,CRM,0.05034852,0.028601527,-0.03723985
2024-11-21,CSCO,-0.021403193,0.015888572,-0.013478994
2024-11-21,IBM,0.014951348,0.0045021772,-0.0095536113
2024-11-21,INTC,-0.00083422661,0.0053821802,-0.0086518526
2024-11-21,MSFT,0.0053517818,0.025011897,-0.011704445
2024-11-21,NKE,0.009449482,-0.00075745583,0.0045413971
2024-11-21,VZ,-0.0069255233,0.027882934,0.011042714
2024-11-21,WMT,-0.0009984374,0.011814952,0.0061252117
2024-11-22,AAPL,-0.019637942,0.02691853,-0.01258862
2024-11-22,AMGN,-0.019174874,-0.00045931339,-0.0055047274
2024-11-22,CRM,-0.00059390068,0.0060027838,-0.021708786
2024-11-22,CSCO,-0.018338382,0.00023031235,-0.0067819953
2024-11-22,IBM,-0.0089021921,0.002841115,-0.0024802685
2024-11-22,INTC,-0.011254013,0.012172699,-0.012566149
2024-11-22,MSFT,0.016628265,0.010268211,-0.022430956
2024-11-22,NKE,-0.00762254,0.00086903572,-0.0019704103
2024-11-22,VZ,-0.013142526,0.0060886145,-0.018083394
2024-11-22,WMT,-0.023311317,0.01854372,-0.025742173
2024-11-25,AAPL,-0.015181243,0.021523476,2.6941299e-05
2024-11-25,AMGN,-0.0023456216,0.014105558,0.00019156933
2024-11-25,CRM,0.013240576,-0.027295351,-0.0031229854
2024-11-25,CSCO,0.012150526,-0.019438326,-0.0016351342
2024-11-25,IBM,-0.014836609,0.0061558485,-0.0028139949
2024-11-25,INTC,-0.023319542,-0.010619938,-0.0037757754
2024-11-25,MSFT,0.0033532381,0.013687372,-0.0052509308
2024-11-25,NKE,0.0046145916,-0.013313055,-0.0097939968
2024-11-25,VZ,-0.01910311,0.0080623627,-0.0095959306
2024-11-25,WMT,0.0052568913,0.0050891638,-0.0014811158
2024-11-26,AAPL,-0.011913538,0.032840133,-0.005487442
2024-11-26,AMGN,-0.011913121,0.0042392015,-0.0030181408
2024-11-26,CRM,-0.039868236,0.027083278,-0.013058543
2024-11-26,CSCO,0.032290697,0.017964244,-0.011362016
2024-11-26,IBM,0.0072767735,0.024104834,0.00081110001
2024-11-26,INTC,-0.02806133,0.013426542,-0.0088977814
2024-11-26,MSFT,0.011898756,-0.011213124,0.00011003017
2024-11-26,NKE,0.012876153,0.0025426149,-0.013437629
2024-11-26,VZ,0.02043891,0.0020250082,-0.01426965
2024-11-26,WMT,-0.0038992763,0.0067608356,-0.011879981
2024-11-27,AAPL,-0.035635471,-0.0012705326,-0.015196741
2024-11-27,AMGN,0.0081557035,-0.012603045,-0.013493598
2024-11-27,CRM,-0.031150341,0.013175726,-0.015207887
2024-11-27,CSCO,0.0010530949,0.014636993,-0.0033550858
2024-11-27,IBM,-0.010710239,0.016720295,-0.0090460181
2024-11-27,INTC,-0.011583805,0.028573394,-0.0025382638
2024-11-27,MSFT,-0.033489168,0.0047773123,-0.0095234513
2024-11-27,NKE,0.029946566,0.003231883,-0.028865159
2024-11-27,VZ,0.0050586462,0.025060296,-0.012565315
2024-11-27,WMT,-0.0143888,0.01215148,-0.010318518
2024-11-29,AAPL,0.015200734,0.01376307,-0.014601171
2024-11-29,AMGN,-0.017165422,0.024088025,-0.029823899
2024-11-29,CRM,0.044781923,0.025687218,-0.0060028434
2024-11-29,CSCO,0.0051409006,0.028503776,-0.0069761276
2024-11-29,IBM,-0.018455565,-0.002838552,0.0025146008
2024-11-29,INTC,-0.031096101,0.012024522,-0.019747674
2024-11-29,MSFT,0.0018246174,0.010817051,-0.0026282072
2024-11-29,NKE,0.0076363087,0.0013512373,-0.0099856257
2024-11-29,VZ,0.0031639338,0.022577882,-0.020540774
2024-11-29,WMT,0.010337949,0.0073796511,-0.0040462613
2024-12-02,AAPL,0.036630034,0.0079222918,-0.017186165
2024-12-02,AMGN,0.0037866831,0.0090335608,0.00045740604
2024-12-02,CRM,-0.031640708,-0.0023009181,-0.011500418
2024-12-02,CSCO,0.036891341,0.015527487,-0.0049902797
2024-12-02,IBM,0.014047265,0.01195848,0.0015507936
2024-12-02,INTC,0.022969723,0.012838483,-0.013429582
2024-12-02,MSFT,-0.0050765276,0.01251471,-0.018734813
2024-12-02,NKE,0.0094643831,0.0095593929,-0.019254267
2024-12-02,VZ,-0.025820553,-0.0088860989,-0.0023833513
2024-12-02,WMT,0.0068877935,0.010309458,-0.019917607
2024-12-03,AAPL,0.01225543,0.0022330284,-0.0028936267
2024-12-03,AMGN,0.014733195,0.0076663494,-0.0017032623
2024-12-03,CRM,0.0027017593,0.011659384,-0.012227476
2024-12-03,CSCO,-0.027972817,0.01475811,-0.030565798
2024-12-03,IBM,0.0062338114,0.005988121,-3.2544136e-05
2024-12-03,INTC,-0.003143549,0.023188949,0.002317667
2024-12-03,MSFT,-0.01180464,0.011683941,-0.0066961646
2024-12-03,NKE,-0.012498617,0.0084953308,-0.025798976
2024-12-03,VZ,0.0054087639,0.028490186,-0.0085136294
2024-12-03,WMT,0.00017023087,0.018070102,-0.020005167
2024-12-04,AAPL,-0.02558738,0.022445917,-0.0065025687
2024-12-04,AMGN,-0.02284354,-0.0103001,-0.013737857
2024-12-04,CRM,-0.031266034,0.01976347,-0.015676618
2024-12-04,CSCO,-0.0087867975,0.01152122,-0.0057453513
2024-12-04,IBM,-0.013207197,-0.004535079,0.0053780079
2024-12-04,INTC,0.031323791,-0.015697956,-0.0077875257
2024-12-04,MSFT,0.0094697475,-0.010103405,-0.0076849461
2024-12-04,NKE,-0.0030053258,0.0083979368,0.016036987
2024-12-04,VZ,0.017917037,-0.0053092837,-0.0027495623
2024-12-04,WMT,-0.014659405,0.0084942579,-0.0066610575
2024-12-05,AAPL,0.018017292,0.016244888,-0.010977685
2024-12-05,AMGN,-0.01692766,0.021550298,-0.0090829134
2024-12-05,CRM,-0.034937441,0.0017132759,-0.025018096
2024-12-05,CSCO,-0.0010344982,0.0097498894,-0.011419177
2024-12-05,IBM,-0.015946746,-0.008484304,-0.012792051
2024-12-05,INTC,-0.0068771243,0.015219808,-0.038618505
2024-12-05,MSFT,0.019934773,0.022594571,-0.021282196
2024-12-05,NKE,0.01329565,0.022144198,-0.0010788441
2024-12-05,VZ,0.011262894,0.0092434883,-0.004822433
2024-12-05,WMT,6.6041946e-05,0.0095791817,-0.0072743893
2024-12-06,AAPL,0.015377879,0.0059684515,-0.009393394
2024-12-06,AMGN,0.017289877,0.010844827,-0.0024955273
2024-12-06,CRM,-0.0085862279,0.01566112,-0.0024068952
2024-12-06,CSCO,-0.0089003444,0.035620689,0.0029563904
2024-12-06,IBM,-0.0030566454,0.0036138296,0.0030071735
2024-12-06,INTC,0.013913155,0.015254378,-0.0078456998
2024-12-06,MSFT,0.018502355,0.0089101791,0.0015296936
2024-12-06,NKE,0.024822235,0.021274209,0.0079251528
2024-12-06,VZ,0.017130852,-0.0072000623,-0.00029778481
2024-12-06,WMT,0.011184454,0.020608425,-0.022153199
2024-12-09,AAPL,-0.038344681,0.017609477,0.0056223869
2024-12-09,AMGN,-0.021268487,0.017187238,-0.0039972663
2024-12-09,CRM,-0.0016919374,0.020384192,-0.00011986494
2024-12-09,CSCO,0.010906219,-0.0079189539,-0.011427343
2024-12-09,IBM,0.0088630915,0.0015847683,-0.016436994
2024-12-09,INTC,0.0058511496,0.025918841,-0.01185596
2024-12-09,MSFT,-0.032991052,-0.0076147318,-0.0056504607
2024-12-09,NKE,0.012830615,0.012588978,-0.012255907
2024-12-09,VZ,0.004237771,0.016089082,0.0073162317
2024-12-09,WMT,0.0030251741,0.008728385,-0.0079501271
2024-12-10,AAPL,-0.0074917078,0.014018655,0.0022687912
2024-12-10,AMGN,-0.028906226,0.030594707,-0.014585137
2024-12-10,CRM,-0.033098936,0.028079152,-0.048698902
2024-12-10,CSCO,0.011458755,-0.00026661158,-0.0049462914
2024-12-10,IBM,-0.012259483,-0.00019156933,-0.019564748
2024-12-10,INTC,-0.011232555,-0.0033640265,-0.017379642
2024-12-10,MSFT,0.034111381,0.0057353973,0.00065457821
2024-12-10,NKE,-0.02183944,0.020364523,-0.0012915134
2024-12-10,VZ,0.0085140467,0.0054010153,-0.0068958402
2024-12-10,WMT,-0.0089726448,0.0027558804,-0.014784813
2024-12-11,AAPL,0.0052565336,0.016017318,0.010737777
2024-12-11,AMGN,-0.0050167441,0.010662556,-0.00097543001
2024-12-11,CRM,0.030394316,0.01494813,-0.022942543
2024-12-11,CSCO,-0.020349562,0.0086232424,-0.019431174
2024-12-11,IBM,0.023321152,0.0063090324,0.016170144
2024-12-11,INTC,0.008590579,0.013174653,-0.019259155
2024-12-11,MSFT,-0.00067877769,0.014911771,-0.016677916
2024-12-11,NKE,0.001055479,-0.014658332,-0.010391295
2024-12-11,VZ,-0.014808834,0.01631093,-0.0134812
2024-12-11,WMT,0.0051720142,0.013628483,-0.0019291043
2024-12-12,AAPL,0.015854359,0.028604507,-0.03313899
2024-12-12,AMGN,-0.042347074,0.0036542416,-0.0068674088
2024-12-12,CRM,0.010946989,0.020591736,-0.0026085377
2024-12-12,CSCO,-0.013607085,0.013340592,-0.014751256
2024-12-12,IBM,0.020314932,0.0039560795,0.010874629
2024-12-12,INTC,-0.025930822,-0.0021989346,-0.0066702962
2024-12-12,MSFT,0.02248466,-0.00030696392,-0.020140111
2024-12-12,NKE,-0.010955572,0.012179494,-0.019224048
2024-12-12,VZ,-0.0022620559,-0.0035260916,-0.018174112
2024-12-12,WMT,0.012059331,0.0094944239,-0.013009965
2024-12-13,AAPL,-0.0059207082,0.017406702,-0.014859438
2024-12-13,AMGN,0.018093705,0.007641077,-0.012818098
2024-12-13,CRM,-0.03379178,0.035737872,-0.00045669079
2024-12-13,CSCO,0.0044262409,0.0010550022,-0.0067307353
2024-12-13,IBM,0.0064150095,0.010280728,-0.011588573
2024-12-13,INTC,-0.0065411925,0.0046705008,-0.0046011209
2024-12-13,MSFT,-0.022839427,0.016138792,-0.0168401
2024-12-13,NKE,0.023401499,0.016587019,-0.020217776
2024-12-13,VZ,-0.0076000094,0.0099307299,0.012244344
2024-12-13,WMT,0.014606476,0.017121434,-0.0098869205
2024-12-16,AAPL,0.048564434,0.023306251,0.0051003695
2024-12-16,AMGN,-0.013839841,0.012866497,-0.0032438636
2024-12-16,CRM,0.00058627129,0.035663962,-0.023984492
2024-12-16,CSCO,0.027223587,0.0032504797,-0.021232188
2024-12-16,IBM,-0.0064553022,0.017114043,-0.006454289
2024-12-16,INTC,0.021636367,0.0044521093,-0.014086604
2024-12-16,MSFT,-0.019733191,0.010955572,0.0065095425
2024-12-16,NKE,-0.0041183829,0.0089930296,-0.018844068
2024-12-16,VZ,-0.02382642,0.014319181,-0.016062438
2024-12-16,WMT,-0.0018388629,0.010980368,-0.015207112
2024-12-17,AAPL,-0.00085729361,0.013518453,0.0027126074
2024-12-17,AMGN,0.0084971189,0.0023729801,-0.0037786961
2024-12-17,CRM,-0.030103803,0.01002121,-0.0049906969
2024-12-17,CSCO,0.0075633526,0.0088502169,-0.022966504
2024-12-17,IBM,-0.017983437,0.023513913,-0.0093718171
2024-12-17,INTC,-0.014451206,0.01766789,-0.017329037
2024-12-17,MSFT,-0.0044436455,0.0095032454,0.0019750595
2024-12-17,NKE,0.013976097,0.020392656,-0.007637918
2024-12-17,VZ,-0.015381753,0.013128996,0.0012617111
2024-12-17,WMT,-0.00034075975,0.022324681,0.0040171146
2024-12-18,AAPL,0.029558301,0.007481575,-0.031020403
2024-12-18,AMGN,0.004268527,-0.0013572574,-0.0085514188
2024-12-18,CRM,0.016696453,0.02145505,-0.016445696
2024-12-18,CSCO,-0.034820557,0.01783216,-0.017447054
2024-12-18,IBM,-0.015745759,0.017203689,-0.0011814833
2024-12-18,INTC,-0.0015248656,0.014673114,-0.0043080449
2024-12-18,MSFT,0.012758374,0.023484945,-0.024611115
2024-12-18,NKE,-0.020565569,0.0042535067,-0.022846758
2024-12-18,VZ,-0.0099156499,0.022457242,0.011185408
2024-12-18,WMT,0.0041844845,0.001360774,-0.00061732531
2024-12-19,AAPL,-0.0016469359,0.014691114,-0.019231439
2024-12-19,AMGN,-0.02530539,0.0085749626,0.001226306
2024-12-19,CRM,-0.012097776,0.012959003,-0.029466093
2024-12-19,CSCO,0.017038941,0.0093816519,-0.028614104
2024-12-19,IBM,0.01824522,0.0027555227,0.008530736
2024-12-19,INTC,0.011462688,0.0079244375,-0.015218377
2024-12-19,MSFT,0.012783289,0.02764535,-0.0059085488
2024-12-19,NKE,0.033065915,0.0072268248,-0.0031113029
2024-12-19,VZ,-0.00085169077,-0.0038684011,-0.001301229
2024-12-19,WMT,-0.018658042,-0.0029575229,-0.0043541193
2024-12-20,AAPL,-0.0095232129,0.014890194,-0.027789533
2024-12-20,AMGN,0.0078634024,0.01689589,-0.010507464
2024-12-20,CRM,-0.026572466,0.012769222,-0.020216167
2024-12-20,CSCO,0.006778121,-0.0010148883,-0.011994421
2024-12-20,IBM,-0.0008559227,-0.0025829077,0.0083404779
2024-12-20,INTC,-0.011326849,0.012990713,-0.015401244
2024-12-20,MSFT,0.0089985132,0.029179931,-0.009233892
2024-12-20,NKE,-0.0058931708,0.00073003769,2.9802322e-06
2024-12-20,VZ,-0.0098270178,0.00061297417,-0.0077152848
2024-12-20,WMT,0.008313179,0.0065631866,-0.0024980307
2024-12-23,AAPL,0.024712682,0.0026777983,-0.0066167712
2024-12-23,AMGN,0.016196132,0.016089201,-0.013315439
2024-12-23,CRM,-0.0029738545,0.024056077,0.00065052509
2024-12-23,CSCO,0.010502934,-0.0032676458,-0.01026994
2024-12-23,IBM,-0.0031657815,0.013189793,-0.0072742701
2024-12-23,INTC,0.012649417,0.0039499998,-0.0096370578
2024-12-23,MSFT,-0.00090378523,0.0029349327,-0.0069018006
2024-12-23,NKE,0.014989257,0.0077968836,-0.0072644949
2024-12-23,VZ,-0.0022003055,0.010950327,0.0033265352
2024-12-23,WMT,0.0047266483,0.0052542686,-0.016811252
2024-12-24,AAPL,-0.021612048,-0.0048519373,-0.015767872
2024-12-24,AMGN,-0.011320114,0.0056767464,-0.007881403
2024-12-24,CRM,-0.011715472,-0.0074337125,0.013421535
2024-12-24,CSCO,-0.0019644499,0.012780666,-0.010331929
2024-12-24,IBM,-0.0019396544,0.00084865093,-0.0088398457
2024-12-24,INTC,-0.0029222965,0.0030317307,0.0007404089
2024-12-24,MSFT,-0.0066416264,-0.0040102005,-0.012400448
2024-12-24,NKE,0.011383057,0.017721295,-0.0093237758
2024-12-24,VZ,-0.010791898,0.0047390461,-0.019770563
2024-12-24,WMT,-0.0036826134,0.0047997236,-0.0043863058
2024-12-26,AAPL,0.0084549189,0.0078574419,-0.0034427643
2024-12-26,AMGN,-0.0025635958,0.0030529499,-0.0043930411
2024-12-26,CRM,-0.0099160671,0.010387778,-0.019647002
2024-12-26,CSCO,-0.0070492625,0.0046335459,-0.0076823235
2024-12-26,IBM,0.0041817427,-0.0012782812,0.012514949
2024-12-26,INTC,-0.0031110048,0.012948036,-0.0059561729
2024-12-26,MSFT,0.0079635382,0.016419649,-0.025401711
2024-12-26,NKE,0.045304298,0.01737988,-0.0011702776
2024-12-26,VZ,-0.013182521,0.010807514,0.0071712732
2024-12-26,WMT,-0.00076025724,0.0034254789,-0.0098690987
2024-12-27,AAPL,-0.025184035,0.0028662682,0.0055510998
2024-12-27,AMGN,-0.0059987903,0.0098685026,-0.003734231
2024-12-27,CRM,-0.013850749,0.0031437874,-0.011818707
2024-12-27,CSCO,0.032846451,-0.011417866,-0.026512265
2024-12-27,IBM,0.0086447001,0.0056092739,0.0069006681
2024-12-27,INTC,-0.00098025799,0.026273131,0.0024565458
2024-12-27,MSFT,0.0043047667,0.013145089,-0.01092881
2024-12-27,NKE,0.0059995651,0.027344942,-0.026849091
2024-12-27,VZ,-0.0043608546,-0.0016923547,-0.0021272898
2024-12-27,WMT,0.013172269,0.003027916,-0.0041179657
2024-12-30,AAPL,-0.038945496,0.0093733072,-0.0235641
2024-12-30,AMGN,-0.0011385679,0.031236291,-0.006685853
2024-12-30,CRM,-0.014799774,0.013201594,-0.03632921
2024-12-30,CSCO,0.025788188,0.0036752224,-0.014350235
2024-12-30,IBM,0.00039815903,0.016779065,-0.0074192286
2024-12-30,INTC,0.00048148632,0.02344346,-0.0055920482
2024-12-30,MSFT,0.0077928305,0.012737036,-0.029762626
2024-12-30,NKE,-0.001482904,0.019417405,-0.025335014
2024-12-30,VZ,0.0078192949,-0.0032652617,0.0034701824
2024-12-30,WMT,-0.014796972,0.0029387474,-0.01495868
2024-12-31,AAPL,0.012076616,0.02411747,-0.018934667
2024-12-31,AMGN,0.0030157566,0.012972951,-0.029314995
2024-12-31,CRM,-0.047501028,0.0015854836,0.0039200783
2024-12-31,CSCO,-0.0090306997,0.0093756914,-0.00061911345
2024-12-31,IBM,-0.021640837,0.01722908,-0.031374335
2024-12-31,INTC,0.0091819763,0.0039263964,0.013621807
2024-12-31,MSFT,-0.0065322518,0.022559166,-0.026596129
2024-12-31,NKE,0.019573212,0.0060780048,-0.015298903
2024-12-31,VZ,0.00052940845,0.0031363964,0.0026817322
2024-12-31,WMT,0.0047851801,0.005402565,-0.0079554915
