date,tic,close,high,low
2020-01-02,AAPL,72.876565,73.392511,71.721897
2020-01-02,AMGN,198.19187,203.51861,198.57624
2020-01-02,CRM,161.3709,163.73371,163.03089
2020-01-02,CSCO,40.170885,40.332835,40.017492
2020-01-02,IBM,94.055212,95.561567,93.482215
2020-01-02,INTC,53.659846,54.275303,54.209608
2020-01-02,MSFT,154.30067,153.50702,154.73352
2020-01-02,NKE,93.943616,94.30747,95.767097
2020-01-02,VZ,41.139459,41.544335,41.512556
2020-01-02,WMT,36.004748,36.539733,35.717581
2020-01-03,AAPL,71.780051,72.139781,71.27545
2020-01-03,AMGN,188.20431,195.38528,185.8726
2020-01-03,CRM,161.12348,167.78607,158.5211
2020-01-03,CSCO,40.278247,40.133718,40.24599
2020-01-03,IBM,94.076267,94.662496,93.811133
2020-01-03,INTC,53.462855,53.60213,52.746958
2020-01-03,MSFT,153.08583,152.92681,151.02328
2020-01-03,NKE,94.500128,94.576991,94.393609
2020-01-03,VZ,40.096926,40.57162,39.699766
2020-01-03,WMT,36.0174,36.925275,36.038173
2020-01-06,AAPL,70.895104,72.861118,69.939653
2020-01-06,AMGN,182.22635,185.1231,182.21328
2020-01-06,CRM,152.44803,151.33063,152.07009
2020-01-06,CSCO,39.710402,40.197042,39.649241
2020-01-06,IBM,91.311218,92.218897,90.85199
2020-01-06,INTC,52.072565,52.012072,51.551095
2020-01-06,MSFT,152.06744,153.6884,149.45845
2020-01-06,NKE,94.409998,95.438393,95.187383
2020-01-06,VZ,37.893415,38.108572,37.594511
2020-01-06,WMT,35.152214,35.723388,34.960114
2020-01-07,AAPL,67.411104,67.717992,66.712427
2020-01-07,AMGN,179.05402,184.03219,177.40465
2020-01-07,CRM,150.01746,155.57749,147.81772
2020-01-07,CSCO,40.552492,40.625373,40.311539
2020-01-07,IBM,92.215036,94.066579,93.116123
2020-01-07,INTC,51.333901,51.936082,51.395352
2020-01-07,MSFT,148.81676,147.625,148.83008
2020-01-07,NKE,92.84958,93.708918,90.656782
2020-01-07,VZ,37.504555,38.191579,37.239556
2020-01-07,WMT,34.472651,34.760938,34.333197
2020-01-08,AAPL,64.071453,65.181707,63.819574
2020-01-08,AMGN,172.72811,175.9104,170.62151
2020-01-08,CRM,148.31035,148.63172,143.73208
2020-01-08,CSCO,39.710435,40.363522,39.00969
2020-01-08,IBM,92.225179,95.138219,91.274365
2020-01-08,INTC,50.829639,51.901486,50.771857
2020-01-08,MSFT,154.81905,153.43155,152.00997
2020-01-08,NKE,92.798772,95.36676,94.028411
2020-01-08,VZ,36.76179,36.993765,36.938289
2020-01-08,WMT,34.285083,34.505672,33.75049
2020-01-09,AAPL,64.322676,64.523521,62.306811
2020-01-09,AMGN,165.3263,168.00231,163.66149
2020-01-09,CRM,148.39106,149.6859,143.19664
2020-01-09,CSCO,39.595918,39.798944,38.824003
2020-01-09,IBM,91.068378,92.466222,90.153564
2020-01-09,INTC,50.376366,51.051534,50.903748
2020-01-09,MSFT,151.8642,153.93096,150.60136
2020-01-09,NKE,90.984871,91.868178,90.081802
2020-01-09,VZ,36.085317,36.797744,35.23655
2020-01-09,WMT,33.777943,34.036329,33.697138
2020-01-10,AAPL,63.430304,63.925377,62.327818
2020-01-10,AMGN,156.64472,158.877,155.61554
2020-01-10,CRM,149.813,151.89562,147.88102
2020-01-10,CSCO,39.251948,39.357333,38.175959
2020-01-10,IBM,90.336578,90.449297,91.659696
2020-01-10,INTC,50.61321,51.168811,50.028416
2020-01-10,MSFT,152.54191,153.09566,149.08237
2020-01-10,NKE,90.922371,91.30149,90.187848
2020-01-10,VZ,35.313542,35.600711,35.45476
2020-01-10,WMT,33.315459,33.721709,33.101814
2020-01-13,AAPL,64.500095,65.543902,63.510289
2020-01-13,AMGN,155.78975,158.41832,156.19816
2020-01-13,CRM,143.78461,148.8588,140.21254
2020-01-13,CSCO,39.635405,39.593512,39.196473
2020-01-13,IBM,86.760802,88.175144,85.808943
2020-01-13,INTC,49.715889,50.791435,49.229623
2020-01-13,MSFT,153.55497,156.95268,150.79332
2020-01-13,NKE,88.787063,89.022297,88.68421
2020-01-13,VZ,35.027263,35.067106,34.948023
2020-01-13,WMT,32.952824,33.15691,32.50324
2020-01-14,AAPL,65.152872,66.852813,64.600658
2020-01-14,AMGN,151.72973,156.05882,151.50072
2020-01-14,CRM,143.58283,139.96204,140.68863
2020-01-14,CSCO,39.48017,39.671245,39.922864
2020-01-14,IBM,86.072408,87.768798,84.815891
2020-01-14,INTC,49.609649,50.851864,48.719662
2020-01-14,MSFT,152.35635,155.53833,148.48665
2020-01-14,NKE,89.120903,89.166714,88.969303
2020-01-14,VZ,34.326181,34.330338,34.469953
2020-01-14,WMT,32.287854,32.458385,32.036506
2020-01-15,AAPL,64.705585,64.589982,63.416851
2020-01-15,AMGN,149.94736,151.65247,151.12617
2020-01-15,CRM,140.89167,139.01152,145.80233
2020-01-15,CSCO,38.095862,38.268489,37.640112
2020-01-15,IBM,86.318168,87.837826,86.486048
2020-01-15,INTC,49.51115,50.543254,49.789509
2020-01-15,MSFT,154.4466,156.52071,153.98021
2020-01-15,NKE,89.555118,91.724303,88.239961
2020-01-15,VZ,33.317719,33.45948,33.369781
2020-01-15,WMT,31.792759,32.450975,31.980045
2020-01-16,AAPL,63.830093,64.773337,61.900495
2020-01-16,AMGN,150.92601,153.66889,148.73107
2020-01-16,CRM,137.47319,139.30963,139.99165
2020-01-16,CSCO,38.723416,38.896385,38.028218
2020-01-16,IBM,84.965465,85.387193,84.765515
2020-01-16,INTC,50.122687,50.538004,50.039272
2020-01-16,MSFT,154.64172,156.32147,153.33944
2020-01-16,NKE,89.436436,90.982046,88.264417
2020-01-16,VZ,32.475527,32.688008,32.237149
2020-01-16,WMT,31.0586,31.667894,31.054708
2020-01-17,AAPL,64.124667,64.061537,64.378043
2020-01-17,AMGN,145.21831,145.76621,145.08182
2020-01-17,CRM,135.77274,136.70816,131.98558
2020-01-17,CSCO,38.533353,38.954515,38.307006
2020-01-17,IBM,81.997552,83.611051,81.920218
2020-01-17,INTC,50.120868,51.041578,49.66279
2020-01-17,MSFT,153.6263,154.69609,151.75101
2020-01-17,NKE,89.095258,90.116412,88.945003
2020-01-17,VZ,32.130556,32.310237,31.590248
2020-01-17,WMT,30.36731,31.269257,30.119298
2020-01-21,AAPL,63.87864,63.411019,64.049397
2020-01-21,AMGN,141.49696,144.09205,140.40427
2020-01-21,CRM,138.093,139.35299,136.74544
2020-01-21,CSCO,37.571573,37.43571,37.008934
2020-01-21,IBM,81.101031,80.869193,81.294846
2020-01-21,INTC,50.233213,50.200621,49.228804
2020-01-21,MSFT,152.3815,152.31528,149.48523
2020-01-21,NKE,86.683887,87.204656,85.766885
2020-01-21,VZ,31.988875,32.480682,32.079843
2020-01-21,WMT,29.706244,30.816719,28.889463
2020-01-22,AAPL,63.270364,63.684457,63.518954
2020-01-22,AMGN,139.22751,141.20067,138.84265
2020-01-22,CRM,133.96935,134.11457,136.54145
2020-01-22,CSCO,37.300514,37.096466,37.167033
2020-01-22,IBM,79.991672,80.494168,80.008083
2020-01-22,INTC,48.931789,49.83807,48.161522
2020-01-22,MSFT,154.6325,156.05414,152.87786
2020-01-22,NKE,85.632541,88.434037,84.696067
2020-01-22,VZ,31.713216,32.158069,31.311408
2020-01-22,WMT,28.663305,29.262495,28.402366
2020-01-23,AAPL,62.549931,61.366099,62.823057
2020-01-23,AMGN,137.04371,139.2528,136.12741
2020-01-23,CRM,135.02767,134.75523,135.17633
2020-01-23,CSCO,36.514096,36.344147,36.481968
2020-01-23,IBM,78.294734,78.980025,79.252758
2020-01-23,INTC,49.247333,49.84188,48.610387
2020-01-23,MSFT,156.79916,155.93929,153.63861
2020-01-23,NKE,87.251648,89.252029,86.4006
2020-01-23,VZ,30.887296,31.209806,30.627149
2020-01-23,WMT,27.78168,28.316763,27.631964
2020-01-24,AAPL,62.059083,63.123503,60.501515
2020-01-24,AMGN,134.10692,138.63006,134.16048
2020-01-24,CRM,133.3515,135.57935,132.41204
2020-01-24,CSCO,36.768495,37.277851,36.129826
2020-01-24,IBM,76.620638,78.16771,76.00437
2020-01-24,INTC,50.551421,51.523592,51.713267
2020-01-24,MSFT,156.54654,157.27741,152.94061
2020-01-24,NKE,85.413506,85.802991,85.44677
2020-01-24,VZ,30.366367,30.671855,29.937183
2020-01-24,WMT,26.686822,27.243161,26.472339
2020-01-27,AAPL,60.159956,60.715326,58.417243
2020-01-27,AMGN,136.03513,139.67558,137.09927
2020-01-27,CRM,142.95471,143.48202,141.58155
2020-01-27,CSCO,36.576932,36.726242,35.984736
2020-01-27,IBM,76.286153,76.729614,75.604284
2020-01-27,INTC,52.313987,52.900488,50.789078
2020-01-27,MSFT,160.58471,162.06174,155.91427
2020-01-27,NKE,82.676335,83.425986,83.209346
2020-01-27,VZ,29.160619,29.660051,29.444567
2020-01-27,WMT,25.909764,26.436255,26.267069
2020-01-28,AAPL,61.814013,61.305377,59.893396
2020-01-28,AMGN,132.46765,135.87084,131.84126
2020-01-28,CRM,143.26052,146.99505,140.74334
2020-01-28,CSCO,36.586775,37.163102,36.278492
2020-01-28,IBM,75.184097,77.474501,74.390894
2020-01-28,INTC,50.980499,52.595463,49.92218
2020-01-28,MSFT,158.76128,157.65939,155.34005
2020-01-28,NKE,82.32336,82.696143,81.431195
2020-01-28,VZ,28.591293,28.713622,28.550153
2020-01-28,WMT,25.855468,26.361138,25.313484
2020-01-29,AAPL,62.778387,63.753971,62.393613
2020-01-29,AMGN,131.52412,136.73153,130.15284
2020-01-29,CRM,144.0201,143.46947,144.56878
2020-01-29,CSCO,36.935529,37.220829,37.644042
2020-01-29,IBM,75.287238,76.969025,75.614797
2020-01-29,INTC,49.793178,50.834385,49.194315
2020-01-29,MSFT,160.64138,161.77647,157.70393
2020-01-29,NKE,82.941511,81.903215,82.332086
2020-01-29,VZ,28.799238,29.372867,28.758645
2020-01-29,WMT,25.576626,26.061342,25.437533
2020-01-30,AAPL,63.070623,62.902797,61.566489
2020-01-30,AMGN,126.95255,130.21961,126.79235
2020-01-30,CRM,140.12769,140.17797,142.787
2020-01-30,CSCO,35.645133,36.19529,34.942536
2020-01-30,IBM,74.32284,75.697837,73.335609
2020-01-30,INTC,49.026099,49.103619,47.953468
2020-01-30,MSFT,163.59584,164.03271,159.96431
2020-01-30,NKE,80.092223,80.610407,78.670221
2020-01-30,VZ,27.971331,28.316022,27.524559
2020-01-30,WMT,25.067539,25.777364,24.293892
2020-01-31,AAPL,60.351323,60.858855,58.658102
2020-01-31,AMGN,123.4504,124.95735,121.87773
2020-01-31,CRM,141.28418,145.6455,138.91648
2020-01-31,CSCO,34.852468,35.648046,34.235597
2020-01-31,IBM,72.68229,73.165166,72.69325
2020-01-31,INTC,48.940188,50.318832,48.475893
2020-01-31,MSFT,164.64211,165.99205,160.89105
2020-01-31,NKE,79.298133,79.828762,79.450044
2020-01-31,VZ,27.926605,28.525076,27.8208
2020-01-31,WMT,24.470762,24.919162,24.388031
2020-02-03,AAPL,58.170371,57.927277,57.375586
2020-02-03,AMGN,124.85011,125.4689,122.46976
2020-02-03,CRM,140.49555,140.47371,144.57117
2020-02-03,CSCO,33.352823,33.303775,32.770918
2020-02-03,IBM,73.563058,74.123905,72.06332
2020-02-03,INTC,48.989191,49.720495,49.507091
2020-02-03,MSFT,162.52347,164.27649,161.39912
2020-02-03,NKE,79.143945,80.272324,78.899539
2020-02-03,VZ,27.747414,27.876718,27.281266
2020-02-03,WMT,24.31325,24.558509,24.511678
2020-02-04,AAPL,58.036685,59.133581,57.242118
2020-02-04,AMGN,123.58976,126.39393,123.70158
2020-02-04,CRM,135.69206,139.35756,136.91078
2020-02-04,CSCO,32.246401,33.042827,31.978494
2020-02-04,IBM,73.006655,74.307912,73.118342
2020-02-04,INTC,49.152409,49.132369,49.046333
2020-02-04,MSFT,161.29453,159.37868,158.81964
2020-02-04,NKE,77.514889,79.046132,78.220142
2020-02-04,VZ,27.844338,28.170111,27.494554
2020-02-04,WMT,24.318659,24.610381,24.469066
2020-02-05,AAPL,58.170257,59.553698,56.539808
2020-02-05,AMGN,123.29516,125.31705,125.11556
2020-02-05,CRM,134.15013,134.04974,133.26286
2020-02-05,CSCO,31.746779,31.358835,31.258371
2020-02-05,IBM,72.524317,73.34773,73.712029
2020-02-05,INTC,48.429623,49.169079,47.879087
2020-02-05,MSFT,161.40471,161.60799,158.04885
2020-02-05,NKE,76.495243,78.731417,75.45323
2020-02-05,VZ,26.835834,27.07294,27.085016
2020-02-05,WMT,23.348037,23.96875,23.138702
2020-02-06,AAPL,57.216981,56.828315,56.330683
2020-02-06,AMGN,118.72192,121.55653,117.11684
2020-02-06,CRM,131.56023,132.04495,131.31881
2020-02-06,CSCO,30.336457,30.320517,29.582151
2020-02-06,IBM,72.427983,73.653626,72.768442
2020-02-06,INTC,49.270568,49.435743,48.891879
2020-02-06,MSFT,161.14061,159.79225,159.15618
2020-02-06,NKE,75.816127,77.497618,76.098429
2020-02-06,VZ,26.090023,26.259658,25.929273
2020-02-06,WMT,23.251592,23.471762,22.872813
2020-02-07,AAPL,55.963247,57.111164,54.241354
2020-02-07,AMGN,114.77073,114.0903,115.06208
2020-02-07,CRM,131.81943,133.66131,132.8317
2020-02-07,CSCO,30.477632,29.899376,29.938061
2020-02-07,IBM,71.507643,73.254586,70.473419
2020-02-07,INTC,49.973602,50.194463,49.32323
2020-02-07,MSFT,162.7398,162.21554,160.32457
2020-02-07,NKE,75.056227,76.382464,73.609253
2020-02-07,VZ,25.64001,26.151603,25.713801
2020-02-07,WMT,22.448777,22.88838,22.304007
2020-02-10,AAPL,56.614638,55.133272,55.316308
2020-02-10,AMGN,112.03999,114.4045,110.95995
2020-02-10,CRM,127.66348,126.18242,126.5949
2020-02-10,CSCO,30.685473,31.340082,30.299605
2020-02-10,IBM,71.572653,72.324393,70.719052
2020-02-10,INTC,49.289958,49.42274,48.134434
2020-02-10,MSFT,164.84932,163.31006,166.13023
2020-02-10,NKE,74.397469,75.843583,74.554883
2020-02-10,VZ,24.69012,25.308418,24.398421
2020-02-10,WMT,22.271969,22.810004,22.15799
2020-02-11,AAPL,55.899116,56.371332,55.243745
2020-02-11,AMGN,108.56442,111.53306,109.21877
2020-02-11,CRM,124.63443,125.00921,119.4719
2020-02-11,CSCO,30.890142,30.673721,30.517457
2020-02-11,IBM,70.596943,70.85817,70.903935
2020-02-11,INTC,49.511144,49.230725,48.836022
2020-02-11,MSFT,158.79391,156.29256,156.75392
2020-02-11,NKE,72.426983,73.824521,70.307456
2020-02-11,VZ,24.140799,24.549957,24.207673
2020-02-11,WMT,21.973565,22.503738,21.994063
2020-02-12,AAPL,57.937362,59.060567,57.276035
2020-02-12,AMGN,107.37332,108.24467,105.21461
2020-02-12,CRM,123.32611,126.77142,121.15928
2020-02-12,CSCO,31.375126,31.300381,31.416586
2020-02-12,IBM,70.346713,71.763508,70.091389
2020-02-12,INTC,50.552523,51.168703,49.668596
2020-02-12,MSFT,161.00775,162.59595,160.751
2020-02-12,NKE,71.988501,72.458152,73.204965
2020-02-12,VZ,23.462547,23.321459,23.430525
2020-02-12,WMT,21.459966,22.143015,21.461913
2020-02-13,AAPL,59.236043,59.909108,57.978819
2020-02-13,AMGN,104.29969,107.95867,104.15622
2020-02-13,CRM,126.44877,125.38466,119.95897
2020-02-13,CSCO,32.672483,31.533753,32.148925
2020-02-13,IBM,68.959742,71.161468,69.544204
2020-02-13,INTC,51.150658,52.034741,51.115453
2020-02-13,MSFT,160.65146,159.9484,160.04559
2020-02-13,NKE,71.462899,71.95484,71.489862
2020-02-13,VZ,22.449453,22.567663,22.326429
2020-02-13,WMT,20.648642,21.055188,20.804948
2020-02-14,AAPL,57.87402,58.434877,55.759142
2020-02-14,AMGN,102.17066,103.9718,100.74515
2020-02-14,CRM,133.49021,136.92918,131.24112
2020-02-14,CSCO,32.672939,32.741263,32.255201
2020-02-14,IBM,67.964065,68.771424,67.60194
2020-02-14,INTC,52.240452,52.150367,52.285303
2020-02-14,MSFT,166.53772,167.14937,166.88987
2020-02-14,NKE,71.45317,72.11834,71.149593
2020-02-14,VZ,21.729752,22.109319,21.590151
2020-02-14,WMT,20.445981,20.765925,20.738507
2020-02-18,AAPL,59.22831,59.661723,57.421808
2020-02-18,AMGN,97.788567,97.294367,96.184312
2020-02-18,CRM,132.99638,135.50705,132.28079
2020-02-18,CSCO,33.417407,33.214162,33.704227
2020-02-18,IBM,66.818863,67.569079,66.013395
2020-02-18,INTC,52.815008,53.034633,53.07246
2020-02-18,MSFT,171.65556,169.99502,169.38039
2020-02-18,NKE,70.632234,70.930488,70.107603
2020-02-18,VZ,20.455086,20.671225,20.428806
2020-02-18,WMT,20.147303,20.504203,20.027453
2020-02-19,AAPL,60.665637,60.830691,59.233278
2020-02-19,AMGN,97.631054,98.479049,95.593863
2020-02-19,CRM,130.93048,131.6339,129.19402
2020-02-19,CSCO,33.988747,33.524571,33.571489
2020-02-19,IBM,66.611639,67.554831,66.124186
2020-02-19,INTC,51.035909,52.101368,51.128623
2020-02-19,MSFT,168.58051,170.37984,167.54425
2020-02-19,NKE,70.77112,71.982073,71.580061
2020-02-19,VZ,20.025933,20.543132,20.156596
2020-02-19,WMT,19.905786,20.419922,19.73344
2020-02-20,AAPL,60.531442,60.778248,60.14512
2020-02-20,AMGN,90.598412,92.718345,91.831057
2020-02-20,CRM,131.73961,135.54138,130.93566
2020-02-20,CSCO,33.883148,33.543715,33.219984
2020-02-20,IBM,64.734159,64.643539,64.336421
2020-02-20,INTC,51.763113,51.645399,51.115951
2020-02-20,MSFT,167.18164,166.61945,164.37597
2020-02-20,NKE,69.934899,69.844853,69.276568
2020-02-20,VZ,19.070587,19.157992,19.001575
2020-02-20,WMT,19.4814,19.641599,19.237211
2020-02-21,AAPL,60.072185,61.213288,59.716863
2020-02-21,AMGN,88.987669,92.937139,89.044964
2020-02-21,CRM,131.05214,129.99768,130.27515
2020-02-21,CSCO,33.557508,34.052957,33.417423
2020-02-21,IBM,62.310424,62.637612,61.243662
2020-02-21,INTC,51.904281,52.052954,51.791836
2020-02-21,MSFT,169.36433,170.75399,167.57622
2020-02-21,NKE,70.048788,71.442873,70.942973
2020-02-21,VZ,18.621022,18.353978,18.786697
2020-02-21,WMT,19.278523,19.585734,19.259276
2020-02-24,AAPL,58.773909,59.299732,57.666573
2020-02-24,AMGN,84.254146,86.236466,82.876649
2020-02-24,CRM,127.2395,129.17516,123.01256
2020-02-24,CSCO,33.437907,33.514608,33.208076
2020-02-24,IBM,60.828315,62.303679,60.173983
2020-02-24,INTC,52.182011,52.523776,51.188817
2020-02-24,MSFT,169.6504,167.96107,164.43476
2020-02-24,NKE,68.380739,70.662491,68.890622
2020-02-24,VZ,18.069457,18.307106,17.88775
2020-02-24,WMT,19.117386,19.292265,19.078965
2020-02-25,AAPL,59.349677,60.372691,59.118344
2020-02-25,AMGN,80.306688,80.984229,79.577241
2020-02-25,CRM,126.78211,125.30096,125.87415
2020-02-25,CSCO,33.712705,34.317344,33.716997
2020-02-25,IBM,59.675764,60.151571,59.875202
2020-02-25,INTC,52.184937,53.330472,50.740907
2020-02-25,MSFT,170.36201,170.95058,169.38974
2020-02-25,NKE,69.065958,69.009115,67.965721
2020-02-25,VZ,17.746574,18.165171,18.026414
2020-02-25,WMT,18.566445,19.115113,18.336247
2020-02-26,AAPL,59.882043,60.496689,57.838773
2020-02-26,AMGN,78.445526,80.178927,78.0408
2020-02-26,CRM,121.29874,123.14877,121.1757
2020-02-26,CSCO,33.849132,34.29884,33.486598
2020-02-26,IBM,58.365159,59.016404,58.523245
2020-02-26,INTC,52.549356,52.613334,51.762629
2020-02-26,MSFT,170.70694,172.25892,168.72938
2020-02-26,NKE,68.55823,69.897176,68.227461
2020-02-26,VZ,17.12338,17.313171,17.135828
2020-02-26,WMT,18.456142,18.653493,18.432308
2020-02-27,AAPL,60.193042,61.275218,59.493894
2020-02-27,AMGN,76.478794,78.277593,76.43103
2020-02-27,CRM,119.72806,118.45799,116.19274
2020-02-27,CSCO,33.74158,33.815997,33.09691
2020-02-27,IBM,56.038488,57.471675,56.267462
2020-02-27,INTC,52.092512,52.381267,50.609597
2020-02-27,MSFT,172.96444,173.54353,172.79708
2020-02-27,NKE,67.707272,67.844291,67.321192
2020-02-27,VZ,16.592611,16.767436,16.556239
2020-02-27,WMT,18.262699,18.528449,18.15771
2020-02-28,AAPL,58.608224,58.357662,58.430976
2020-02-28,AMGN,74.607652,75.509577,72.390495
2020-02-28,CRM,117.08051,118.33331,115.28628
2020-02-28,CSCO,33.947144,33.947302,33.977309
2020-02-28,IBM,53.932549,54.0043,53.205397
2020-02-28,INTC,52.907113,54.00922,50.902244
2020-02-28,MSFT,165.49685,164.99588,160.52527
2020-02-28,NKE,68.130283,71.009391,68.120541
2020-02-28,VZ,16.14834,16.394448,16.002503
2020-02-28,WMT,17.631438,17.87384,17.303794
2020-03-02,AAPL,57.983737,58.033332,55.934715
2020-03-02,AMGN,72.684951,75.765961,71.459378
2020-03-02,CRM,113.52017,118.1466,109.57167
2020-03-02,CSCO,32.737831,33.142731,32.012652
2020-03-02,IBM,52.697525,53.374087,52.145478
2020-03-02,INTC,54.41492,54.650902,52.78635
2020-03-02,MSFT,159.88136,158.74864,155.78923
2020-03-02,NKE,67.108448,67.684805,68.208705
2020-03-02,VZ,15.741356,16.027981,15.78312
2020-03-02,WMT,17.576657,17.81755,17.205049
2020-03-03,AAPL,57.853505,59.067464,56.76874
2020-03-03,AMGN,70.646024,71.835297,70.179063
2020-03-03,CRM,112.06354,112.13228,106.01052
2020-03-03,CSCO,32.290962,31.956645,32.223146
2020-03-03,IBM,52.03288,52.33002,52.45941
2020-03-03,INTC,52.510264,52.964807,51.391741
2020-03-03,MSFT,158.856,164.32313,156.2744
2020-03-03,NKE,65.157547,66.236297,64.257206
2020-03-03,VZ,15.367777,15.571812,15.092917
2020-03-03,WMT,16.830767,17.009099,16.824329
2020-03-04,AAPL,53.980931,53.385295,53.045281
2020-03-04,AMGN,69.900499,70.979595,70.434297
2020-03-04,CRM,111.88787,114.80519,109.49292
2020-03-04,CSCO,31.782505,31.204239,32.188733
2020-03-04,IBM,53.172698,53.060136,53.769599
2020-03-04,INTC,50.598893,51.057573,50.558482
2020-03-04,MSFT,155.41776,156.44565,153.38473
2020-03-04,NKE,65.905415,65.797112,66.602557
2020-03-04,VZ,15.354006,15.556144,15.245378
2020-03-04,WMT,16.751144,16.830371,16.8862
2020-03-05,AAPL,53.751815,53.489896,52.612298
2020-03-05,AMGN,66.912201,69.054616,66.184029
2020-03-05,CRM,109.21826,111.09139,107.64227
2020-03-05,CSCO,30.783394,30.302091,30.21806
2020-03-05,IBM,52.467759,52.78953,52.502129
2020-03-05,INTC,51.386501,50.511812,50.170574
2020-03-05,MSFT,159.06354,158.5603,156.10421
2020-03-05,NKE,64.362854,64.856635,63.726534
2020-03-05,VZ,15.342244,15.398127,15.174137
2020-03-05,WMT,16.803332,17.164645,16.892536
2020-03-06,AAPL,53.867436,54.892629,52.808961
2020-03-06,AMGN,64.803581,66.748722,64.998464
2020-03-06,CRM,108.18817,112.53681,104.78262
2020-03-06,CSCO,29.225405,29.54161,28.777987
2020-03-06,IBM,51.411184,52.580716,50.387963
2020-03-06,INTC,51.629387,51.552167,51.108244
2020-03-06,MSFT,154.59113,158.7257,154.0461
2020-03-06,NKE,63.032045,62.838525,62.375847
2020-03-06,VZ,14.86147,14.84824,14.973471
2020-03-06,WMT,16.30533,16.443824,16.344287
2020-03-09,AAPL,54.730773,55.264993,54.6568
2020-03-09,AMGN,63.61586,64.782438,63.676521
2020-03-09,CRM,109.34258,113.64102,106.01778
2020-03-09,CSCO,29.102941,29.042993,28.847818
2020-03-09,IBM,51.201364,51.654409,50.820564
2020-03-09,INTC,52.786178,52.87323,51.763916
2020-03-09,MSFT,151.79763,154.31335,151.76767
2020-03-09,NKE,64.494007,65.08366,64.080643
2020-03-09,VZ,14.140907,14.17836,14.154165
2020-03-09,WMT,15.851557,16.082351,15.838094
2020-03-10,AAPL,55.155339,55.032314,55.193593
2020-03-10,AMGN,61.257691,62.724067,60.452705
2020-03-10,CRM,113.85155,111.53464,111.67167
2020-03-10,CSCO,29.022461,29.24358,28.860315
2020-03-10,IBM,49.442042,49.960887,49.440586
2020-03-10,INTC,53.366899,52.233825,53.542415
2020-03-10,MSFT,152.19185,156.11845,151.1724
2020-03-10,NKE,63.452884,64.296244,62.785879
2020-03-10,VZ,13.561271,13.482771,13.645089
2020-03-10,WMT,15.235505,15.320459,15.227435
2020-03-11,AAPL,53.84781,55.299144,53.141574
2020-03-11,AMGN,59.715864,59.958035,58.222272
2020-03-11,CRM,108.07298,110.33449,108.23074
2020-03-11,CSCO,28.49466,28.126875,28.482255
2020-03-11,IBM,48.551397,48.987436,47.860458
2020-03-11,INTC,53.518892,54.782619,52.524168
2020-03-11,MSFT,150.38024,153.59832,151.81883
2020-03-11,NKE,61.718583,62.866497,60.028258
2020-03-11,VZ,13.100341,13.333971,13.244813
2020-03-11,WMT,14.265122,14.375063,14.165103
2020-03-12,AAPL,53.48663,54.279179,53.701224
2020-03-12,AMGN,58.051683,59.574606,57.533031
2020-03-12,CRM,109.09938,108.61706,106.73437
2020-03-12,CSCO,28.564545,28.598426,28.587533
2020-03-12,IBM,47.789325,47.719301,47.322544
2020-03-12,INTC,52.773456,52.615188,53.671445
2020-03-12,MSFT,148.26335,150.12988,143.16222
2020-03-12,NKE,61.669328,62.039604,60.859065
2020-03-12,VZ,12.437685,12.544847,12.206293
2020-03-12,WMT,14.136085,14.339309,14.033973
2020-03-13,AAPL,53.777969,53.95017,53.659224
2020-03-13,AMGN,56.46403,57.563868,56.542682
2020-03-13,CRM,110.1418,113.20427,108.77686
2020-03-13,CSCO,27.853311,28.711837,27.4058
2020-03-13,IBM,47.746354,47.472452,46.974416
2020-03-13,INTC,52.613653,53.294118,52.269447
2020-03-13,MSFT,148.31208,148.17289,146.68657
2020-03-13,NKE,61.386432,62.055553,60.357431
2020-03-13,VZ,12.015254,12.095882,11.937279
2020-03-13,WMT,13.993857,14.223358,13.897582
2020-03-16,AAPL,52.625335,53.650382,52.036182
2020-03-16,AMGN,56.579638,57.934112,56.407942
2020-03-16,CRM,106.12327,107.51819,103.19939
2020-03-16,CSCO,28.347139,28.349734,27.935671
2020-03-16,IBM,46.320094,47.271603,45.231803
2020-03-16,INTC,51.586809,52.694473,51.337807
2020-03-16,MSFT,145.39089,148.53825,143.18197
2020-03-16,NKE,63.588008,63.623848,63.385747
2020-03-16,VZ,11.61852,11.767054,11.411947
2020-03-16,WMT,13.64295,13.968453,13.658275
2020-03-17,AAPL,52.464405,52.254553,52.256479
2020-03-17,AMGN,55.897902,57.192236,54.36289
2020-03-17,CRM,107.47742,108.46626,105.09149
2020-03-17,CSCO,28.800232,28.434561,28.931661
2020-03-17,IBM,45.080027,45.211211,44.65165
2020-03-17,INTC,52.482595,52.546561,52.178073
2020-03-17,MSFT,140.51674,143.37212,140.72782
2020-03-17,NKE,63.829782,63.428858,63.493886
2020-03-17,VZ,11.035729,11.114337,11.354731
2020-03-17,WMT,13.473123,13.685319,13.567746
2020-03-18,AAPL,51.461629,51.716741,50.924039
2020-03-18,AMGN,53.097065,53.040576,52.745643
2020-03-18,CRM,103.56022,106.186,103.59948
2020-03-18,CSCO,27.910393,28.011806,27.560299
2020-03-18,IBM,42.197074,42.994128,41.588687
2020-03-18,INTC,52.592079,52.557612,51.243486
2020-03-18,MSFT,139.9662,140.68739,136.69847
2020-03-18,NKE,62.319085,63.723674,61.862446
2020-03-18,VZ,10.692925,10.859146,10.601655
2020-03-18,WMT,13.235232,13.576398,13.184003
2020-03-19,AAPL,51.034187,52.176295,50.061907
2020-03-19,AMGN,51.264156,52.004212,50.278722
2020-03-19,CRM,102.29895,103.66962,102.57504
2020-03-19,CSCO,28.889143,28.503764,29.172852
2020-03-19,IBM,41.223195,41.229962,41.736418
2020-03-19,INTC,49.588365,50.269942,48.605442
2020-03-19,MSFT,140.20861,139.8069,138.77148
2020-03-19,NKE,59.315801,59.879607,59.283724
2020-03-19,VZ,10.297215,10.117224,10.31581
2020-03-19,WMT,13.040359,13.121787,12.98866
2020-03-20,AAPL,50.881221,51.933284,48.520144
2020-03-20,AMGN,49.511231,51.589436,49.20995
2020-03-20,CRM,101.25594,103.87919,98.594886
2020-03-20,CSCO,29.213923,29.183959,28.723086
2020-03-20,IBM,41.271203,41.284463,41.175686
2020-03-20,INTC,49.941131,50.181245,49.723482
2020-03-20,MSFT,142.10978,141.67798,141.86046
2020-03-20,NKE,58.185419,58.854691,57.820885
2020-03-20,VZ,10.213006,10.272443,10.395424
2020-03-20,WMT,12.691127,12.873867,12.608691
2020-03-23,AAPL,50.481824,50.760663,49.876444
2020-03-23,AMGN,48.7301,50.425416,48.263189
2020-03-23,CRM,97.832265,98.714196,97.104291
2020-03-23,CSCO,29.251087,29.422397,29.407846
2020-03-23,IBM,41.062406,41.684402,41.215072
2020-03-23,INTC,50.792404,50.003304,50.241324
2020-03-23,MSFT,138.66213,138.36352,136.72346
2020-03-23,NKE,57.873528,58.413455,56.221044
2020-03-23,VZ,10.020372,10.122804,10.039479
2020-03-23,WMT,12.248811,12.556239,12.421852
2020-03-24,AAPL,50.536053,50.478649,49.752403
2020-03-24,AMGN,45.822517,47.081588,46.087452
2020-03-24,CRM,98.578014,101.413,93.060166
2020-03-24,CSCO,28.801656,28.780531,28.316447
2020-03-24,IBM,39.449712,40.145397,39.07372
2020-03-24,INTC,51.92808,52.469744,51.559645
2020-03-24,MSFT,138.85219,141.57877,136.73704
2020-03-24,NKE,57.299422,57.232137,56.074807
2020-03-24,VZ,9.877933,10.0154,9.8502213
2020-03-24,WMT,12.207338,12.338103,12.073707
2020-03-25,AAPL,51.349423,50.877426,50.454124
2020-03-25,AMGN,44.409779,45.613452,44.762702
2020-03-25,CRM,99.515071,100.66218,100.32073
2020-03-25,CSCO,28.923198,28.828333,28.450681
2020-03-25,IBM,38.427298,39.290778,38.231218
2020-03-25,INTC,51.234788,51.574271,50.036276
2020-03-25,MSFT,136.90084,138.10926,133.57766
2020-03-25,NKE,55.435903,55.206394,55.033074
2020-03-25,VZ,9.5941762,9.644375,9.6011838
2020-03-25,WMT,12.067845,12.226142,12.034999
2020-03-26,AAPL,52.68677,52.897213,51.71603
2020-03-26,AMGN,43.589643,44.411197,42.657369
2020-03-26,CRM,99.309554,99.573887,98.909048
2020-03-26,CSCO,29.179513,29.182337,28.596643
2020-03-26,IBM,37.887321,38.646846,37.440109
2020-03-26,INTC,50.236035,50.828422,49.763484
2020-03-26,MSFT,132.86441,133.60736,133.085
2020-03-26,NKE,54.810261,54.717075,54.739479
2020-03-26,VZ,9.182943,9.2482491,9.2348883
2020-03-26,WMT,11.818986,12.098971,11.753475
2020-03-27,AAPL,51.830269,52.375596,50.413134
2020-03-27,AMGN,42.431376,43.700229,42.089463
2020-03-27,CRM,101.33543,101.8899,97.620794
2020-03-27,CSCO,29.220826,29.36538,29.404662
2020-03-27,IBM,36.92222,37.224958,36.178602
2020-03-27,INTC,49.254101,50.535026,47.465226
2020-03-27,MSFT,134.23211,133.91135,129.22687
2020-03-27,NKE,53.853564,54.247531,54.985319
2020-03-27,VZ,9.0853821,9.2049586,9.2373747
2020-03-27,WMT,11.514054,11.695682,11.278571
2020-03-30,AAPL,49.227917,48.760257,48.307801
2020-03-30,AMGN,41.885161,42.673851,41.944828
2020-03-30,CRM,100.00713,100.74038,97.75819
2020-03-30,CSCO,29.352724,29.30283,29.209307
2020-03-30,IBM,36.77891,36.937331,36.594485
2020-03-30,INTC,47.989875,48.244189,47.420474
2020-03-30,MSFT,136.58573,139.78742,132.65746
2020-03-30,NKE,53.081768,54.124957,53.069511
2020-03-30,VZ,8.8250278,8.8403937,8.9273541
2020-03-30,WMT,11.308942,11.295545,11.289791
2020-03-31,AAPL,49.103013,50.009457,47.347245
2020-03-31,AMGN,39.260156,40.809247,39.452492
2020-03-31,CRM,95.499279,96.857073,91.100522
2020-03-31,CSCO,28.456504,28.068149,28.475358
2020-03-31,IBM,36.697211,37.098624,36.396655
2020-03-31,INTC,48.686231,48.85445,47.213745
2020-03-31,MSFT,137.87364,138.87036,134.46431
2020-03-31,NKE,52.014874,52.942287,51.643653
2020-03-31,VZ,8.6247885,8.7503334,8.3506305
2020-03-31,WMT,11.31576,11.40739,10.978632
2020-04-01,AAPL,50.052183,51.51741,48.700929
2020-04-01,AMGN,39.033579,40.464256,38.541214
2020-04-01,CRM,92.962624,99.5425,92.807598
2020-04-01,CSCO,27.155783,27.760635,27.187048
2020-04-01,IBM,36.773471,37.396751,36.347244
2020-04-01,INTC,47.766688,49.8978,47.662876
2020-04-01,MSFT,136.14115,140.067,133.70949
2020-04-01,NKE,51.441141,52.962291,50.695225
2020-04-01,VZ,8.4771175,8.5022943,8.67121
2020-04-01,WMT,11.077925,11.235197,10.941865
2020-04-02,AAPL,50.340924,50.574871,49.435348
2020-04-02,AMGN,37.678561,37.700655,37.787946
2020-04-02,CRM,92.088345,94.89902,89.634239
2020-04-02,CSCO,26.124645,26.08099,26.260363
2020-04-02,IBM,36.253398,36.941315,35.788653
2020-04-02,INTC,45.381011,46.553983,44.315346
2020-04-02,MSFT,132.76151,134.22276,133.06648
2020-04-02,NKE,51.108935,53.078838,50.252127
2020-04-02,VZ,8.554065,8.6904031,8.4539052
2020-04-02,WMT,11.274728,11.522278,11.042677
2020-04-03,AAPL,48.579272,49.988102,46.108189
2020-04-03,AMGN,37.564257,37.607542,37.288593
2020-04-03,CRM,82.85841,87.557488,81.09102
2020-04-03,CSCO,25.366643,25.943148,24.963065
2020-04-03,IBM,36.119759,36.675045,35.344917
2020-04-03,INTC,43.372369,44.779847,41.530989
2020-04-03,MSFT,130.91193,133.71458,126.66179
2020-04-03,NKE,49.913662,50.746751,48.545765
2020-04-03,VZ,8.3797105,8.4259854,8.3362162
2020-04-03,WMT,11.323049,11.341852,10.956036
2020-04-06,AAPL,47.488027,48.864939,47.206395
2020-04-06,AMGN,36.481832,36.443474,36.129487
2020-04-06,CRM,81.113882,83.626132,80.578355
2020-04-06,CSCO,24.722748,25.155595,24.668674
2020-04-06,IBM,35.381812,36.032537,34.37638
2020-04-06,INTC,42.579562,42.786257,41.446506
2020-04-06,MSFT,124.69967,124.82795,121.94503
2020-04-06,NKE,47.50228,47.858097,48.159342
2020-04-06,VZ,8.301991,8.3668741,8.1069722
2020-04-06,WMT,11.355962,11.360109,11.302205
2020-04-07,AAPL,47.654487,48.353704,47.661691
2020-04-07,AMGN,37.838535,38.181822,36.965019
2020-04-07,CRM,78.056221,80.031781,77.253067
2020-04-07,CSCO,25.428144,25.882019,25.130908
2020-04-07,IBM,34.527601,35.114248,34.573256
2020-04-07,INTC,42.114656,43.379279,41.243388
2020-04-07,MSFT,123.61958,124.77786,124.21603
2020-04-07,NKE,47.581069,48.43307,47.725798
2020-04-07,VZ,8.1524735,8.2552778,7.9919073
2020-04-07,WMT,11.504429,11.524954,11.412537
2020-04-08,AAPL,47.262073,47.15879,46.086855
2020-04-08,AMGN,37.592201,37.724185,37.141246
2020-04-08,CRM,78.067332,80.780766,75.851067
2020-04-08,CSCO,24.712296,24.84621,24.793433
2020-04-08,IBM,33.909997,34.596426,33.876083
2020-04-08,INTC,40.712682,41.170138,40.227072
2020-04-08,MSFT,119.37353,121.37748,118.84919
2020-04-08,NKE,45.694645,45.903933,44.953607
2020-04-08,VZ,8.0785421,8.0808775,8.016497
2020-04-08,WMT,11.280279,11.33598,11.210119
2020-04-09,AAPL,45.506727,46.991214,44.66861
2020-04-09,AMGN,38.581696,38.231947,37.485837
2020-04-09,CRM,75.534603,77.869631,76.912047
2020-04-09,CSCO,24.068108,24.24116,23.988461
2020-04-09,IBM,33.830996,34.484478,33.792842
2020-04-09,INTC,39.622064,39.517898,39.159467
2020-04-09,MSFT,115.55264,115.05165,116.46197
2020-04-09,NKE,45.666976,45.746283,46.846958
2020-04-09,VZ,8.0210463,8.1189699,8.1138716
2020-04-09,WMT,11.269294,11.260538,11.395743
2020-04-13,AAPL,43.587109,44.04353,43.260383
2020-04-13,AMGN,39.245223,39.133956,38.931263
2020-04-13,CRM,75.866407,77.738628,73.549796
2020-04-13,CSCO,23.505423,23.761119,23.531028
2020-04-13,IBM,33.785087,34.103827,33.567296
2020-04-13,INTC,38.307046,38.608909,38.259967
2020-04-13,MSFT,115.48089,116.67756,116.75604
2020-04-13,NKE,43.428057,43.671367,42.857616
2020-04-13,VZ,7.9132021,8.0414239,7.9164387
2020-04-13,WMT,11.0049,11.026347,10.980962
2020-04-14,AAPL,42.814727,44.347575,43.516009
2020-04-14,AMGN,39.297772,39.543276,38.475193
2020-04-14,CRM,74.075324,78.079738,73.848041
2020-04-14,CSCO,23.139443,22.857989,23.739226
2020-04-14,IBM,32.956664,32.989367,32.852045
2020-04-14,INTC,37.270891,37.80298,36.675862
2020-04-14,MSFT,112.30994,113.05235,112.29894
2020-04-14,NKE,42.88403,43.468306,43.194099
2020-04-14,VZ,7.8086643,7.8982163,7.8648355
2020-04-14,WMT,11.108287,11.138104,11.118078
2020-04-15,AAPL,41.816891,42.244108,41.335556
2020-04-15,AMGN,39.468381,40.253716,39.376201
2020-04-15,CRM,71.668872,73.505976,71.605688
2020-04-15,CSCO,22.424127,22.677227,22.239124
2020-04-15,IBM,32.291843,32.921615,32.083024
2020-04-15,INTC,36.352109,37.095171,36.590655
2020-04-15,MSFT,110.29609,110.06914,111.13047
2020-04-15,NKE,41.718441,42.689921,41.473239
2020-04-15,VZ,7.7985976,7.8892186,7.8146492
2020-04-15,WMT,10.912525,10.920843,10.999669
2020-04-16,AAPL,41.519875,42.494625,41.750984
2020-04-16,AMGN,39.995416,39.997948,39.48061
2020-04-16,CRM,67.862041,70.904149,69.610641
2020-04-16,CSCO,22.651552,22.315722,22.672301
2020-04-16,IBM,31.460118,31.702326,31.340347
2020-04-16,INTC,34.933935,35.321729,35.087308
2020-04-16,MSFT,108.28438,109.1956,107.53294
2020-04-16,NKE,41.607435,42.610534,41.286258
2020-04-16,VZ,7.918687,7.9407318,7.8631172
2020-04-16,WMT,10.896268,10.768026,11.074923
2020-04-17,AAPL,39.964905,40.666426,39.624296
2020-04-17,AMGN,40.093159,40.56041,39.367701
2020-04-17,CRM,63.658775,66.082475,63.967583
2020-04-17,CSCO,22.256641,22.367534,22.609915
2020-04-17,IBM,31.187913,32.192234,31.099762
2020-04-17,INTC,33.588011,34.179134,32.74851
2020-04-17,MSFT,107.13644,108.39375,107.36701
2020-04-17,NKE,41.670354,41.567254,41.133843
2020-04-17,VZ,7.7556413,7.692372,7.8228215
2020-04-17,WMT,11.0053,11.016184,11.05346
2020-04-20,AAPL,40.02759,41.293331,39.034269
2020-04-20,AMGN,39.018111,39.747996,38.957885
2020-04-20,CRM,65.562207,67.979931,64.632171
2020-04-20,CSCO,22.502306,22.778843,22.756978
2020-04-20,IBM,30.492115,31.211408,30.30138
2020-04-20,INTC,32.5384,33.268758,32.428665
2020-04-20,MSFT,107.42869,105.42183,106.59959
2020-04-20,NKE,40.462453,41.19728,40.974849
2020-04-20,VZ,7.4854109,7.4765635,7.455032
2020-04-20,WMT,10.494019,10.56226,10.630758
2020-04-21,AAPL,39.309247,40.089574,38.427362
2020-04-21,AMGN,39.833402,40.354466,40.048481
2020-04-21,CRM,64.766735,66.326151,65.765613
2020-04-21,CSCO,21.821907,21.732399,21.966341
2020-04-21,IBM,30.44101,31.31696,29.887069
2020-04-21,INTC,32.444024,33.503689,32.463497
2020-04-21,MSFT,106.41168,109.05734,106.57439
2020-04-21,NKE,39.46342,40.004902,39.478479
2020-04-21,VZ,7.4659778,7.580989,7.5361616
2020-04-21,WMT,10.24706,10.264719,10.507492
2020-04-22,AAPL,39.465128,39.471714,38.622092
2020-04-22,AMGN,39.462948,39.83341,38.279451
2020-04-22,CRM,65.290572,67.319188,62.473847
2020-04-22,CSCO,21.579435,21.741117,21.932336
2020-04-22,IBM,30.317386,30.563182,30.041666
2020-04-22,INTC,31.474598,32.080497,30.619499
2020-04-22,MSFT,102.4326,104.44576,102.84435
2020-04-22,NKE,37.897849,38.504893,37.25014
2020-04-22,VZ,7.1974311,7.1688842,7.188118
2020-04-22,WMT,10.397253,10.46881,10.485914
2020-04-23,AAPL,38.510441,39.79015,37.557941
2020-04-23,AMGN,38.187283,38.328713,37.798514
2020-04-23,CRM,62.427059,64.422005,61.800813
2020-04-23,CSCO,21.136089,21.236871,21.323737
2020-04-23,IBM,29.464153,29.844177,28.90772
2020-04-23,INTC,31.620442,31.937035,31.367808
2020-04-23,MSFT,100.58108,100.71497,101.87995
2020-04-23,NKE,36.733933,37.282051,37.142886
2020-04-23,VZ,7.1966864,7.2494711,7.2315099
2020-04-23,WMT,10.374472,10.397406,10.426919
2020-04-24,AAPL,39.189578,39.773296,37.59874
2020-04-24,AMGN,38.053916,38.457545,37.365677
2020-04-24,CRM,58.027691,61.060102,56.308499
2020-04-24,CSCO,20.941477,20.714881,20.8674
2020-04-24,IBM,29.399944,30.284185,29.050857
2020-04-24,INTC,31.873464,32.171008,31.721612
2020-04-24,MSFT,101.92111,101.35503,101.64836
2020-04-24,NKE,36.920572,37.386988,37.060986
2020-04-24,VZ,7.1290576,7.1272534,7.1216639
2020-04-24,WMT,10.312745,10.291656,10.401603
2020-04-27,AAPL,38.072292,38.3101,37.63093
2020-04-27,AMGN,37.564601,38.664066,36.696068
2020-04-27,CRM,58.837414,59.106589,57.777677
2020-04-27,CSCO,20.312193,20.145018,19.961741
2020-04-27,IBM,28.814989,28.730228,28.147842
2020-04-27,INTC,31.663445,31.962728,31.432077
2020-04-27,MSFT,101.55008,103.02544,100.12277
2020-04-27,NKE,37.126313,38.25896,36.133126
2020-04-27,VZ,6.975778,7.1262137,6.9574213
2020-04-27,WMT,10.332275,10.311888,10.281729
2020-04-28,AAPL,38.021968,39.384155,38.055935
2020-04-28,AMGN,38.130315,38.200938,36.912913
2020-04-28,CRM,60.110015,61.818003,58.571574
2020-04-28,CSCO,19.625161,19.839155,19.640774
2020-04-28,IBM,28.002584,28.495214,27.300248
2020-04-28,INTC,31.3245,32.002229,31.221225
2020-04-28,MSFT,99.655936,100.77169,99.339165
2020-04-28,NKE,36.6341,37.039068,36.891739
2020-04-28,VZ,6.6543735,6.802003,6.6867712
2020-04-28,WMT,10.147164,10.16515,10.065017
2020-04-29,AAPL,38.931666,40.04415,38.399005
2020-04-29,AMGN,38.671688,39.72471,39.144285
2020-04-29,CRM,58.732444,58.696254,57.995149
2020-04-29,CSCO,18.660181,18.917293,18.410621
2020-04-29,IBM,28.440531,28.317507,28.142591
2020-04-29,INTC,30.69098,31.317871,30.5212
2020-04-29,MSFT,98.262653,97.899601,99.604553
2020-04-29,NKE,35.887958,36.638983,35.702062
2020-04-29,VZ,6.5356957,6.6381751,6.5269439
2020-04-29,WMT,10.131187,10.158628,9.9613297
2020-04-30,AAPL,38.8626,39.522758,35.686248
2020-04-30,AMGN,37.127789,39.067801,37.01654
2020-04-30,CRM,55.302457,55.71734,53.81908
2020-04-30,CSCO,17.735169,17.96938,17.009333
2020-04-30,IBM,28.205454,28.395823,27.079064
2020-04-30,INTC,30.312612,30.684543,28.970709
2020-04-30,MSFT,96.371486,98.545604,94.206927
2020-04-30,NKE,35.113543,35.306909,34.29095
2020-04-30,VZ,6.3550998,6.3850775,6.138544
2020-04-30,WMT,9.9808927,10.155694,9.7846821
2020-05-01,AAPL,39.681386,41.949897,38.961785
2020-05-01,AMGN,36.797909,37.926674,36.506021
2020-05-01,CRM,52.502828,55.932276,51.339817
2020-05-01,CSCO,17.01473,17.757507,17.131287
2020-05-01,IBM,28.343349,29.100043,27.543517
2020-05-01,INTC,29.401482,30.329118,28.708968
2020-05-01,MSFT,94.445649,96.391158,92.711817
2020-05-01,NKE,34.96932,35.727229,34.24161
2020-05-01,VZ,6.2613332,6.3849565,6.1170628
2020-05-01,WMT,9.8580667,10.201321,9.7445285
2020-05-04,AAPL,38.920918,38.578176,38.559977
2020-05-04,AMGN,37.674089,38.369397,37.456792
2020-05-04,CRM,53.25762,55.725464,52.703484
2020-05-04,CSCO,16.473489,16.667631,16.081804
2020-05-04,IBM,27.781854,28.648302,26.921118
2020-05-04,INTC,28.645546,29.262982,28.688552
2020-05-04,MSFT,93.181646,95.168532,93.055768
2020-05-04,NKE,33.798554,34.30753,33.555021
2020-05-04,VZ,5.9930507,6.082367,5.9350624
2020-05-04,WMT,9.7994725,9.8079967,9.5945729
2020-05-05,AAPL,39.158875,39.265,37.017234
2020-05-05,AMGN,38.142528,38.309437,36.737075
2020-05-05,CRM,49.489388,51.374916,49.313167
2020-05-05,CSCO,16.340965,16.311746,16.011326
2020-05-05,IBM,27.308477,27.480916,26.605992
2020-05-05,INTC,28.831224,28.836569,28.000859
2020-05-05,MSFT,88.827823,89.41969,87.517236
2020-05-05,NKE,32.68845,33.338365,31.609841
2020-05-05,VZ,5.9745052,6.0094195,5.8237507
2020-05-05,WMT,9.5464636,9.8280775,9.3104021
2020-05-06,AAPL,36.961847,37.182381,34.788037
2020-05-06,AMGN,37.970368,38.788084,37.281562
2020-05-06,CRM,47.742368,50.418599,47.652687
2020-05-06,CSCO,15.814877,16.485053,15.631573
2020-05-06,IBM,25.992939,26.740572,25.388715
2020-05-06,INTC,28.60827,28.758442,28.198744
2020-05-06,MSFT,84.770234,86.171883,83.102555
2020-05-06,NKE,31.808889,31.486678,31.119424
2020-05-06,VZ,5.9383409,5.9753834,5.8039663
2020-05-06,WMT,9.4604639,9.7345155,9.4100614
2020-05-07,AAPL,36.015263,36.655372,35.019709
2020-05-07,AMGN,38.496713,38.522087,37.669177
2020-05-07,CRM,47.312057,47.76428,46.85578
2020-05-07,CSCO,16.045135,16.516703,16.032949
2020-05-07,IBM,26.0039,26.570018,25.355364
2020-05-07,INTC,27.828519,28.009023,27.261224
2020-05-07,MSFT,85.035226,85.861979,84.811929
2020-05-07,NKE,31.631759,33.192158,31.751795
2020-05-07,VZ,5.8741093,5.9744038,5.8065326
2020-05-07,WMT,9.4987296,9.7839697,9.4777638
2020-05-08,AAPL,34.620467,35.665246,33.51885
2020-05-08,AMGN,37.571024,38.005774,37.713827
2020-05-08,CRM,49.073298,48.361108,46.425293
2020-05-08,CSCO,15.92738,16.066244,15.878976
2020-05-08,IBM,25.674322,26.476385,25.071832
2020-05-08,INTC,26.922295,26.873891,26.394505
2020-05-08,MSFT,81.803323,83.282834,80.073627
2020-05-08,NKE,32.215765,32.737059,32.625307
2020-05-08,VZ,5.793686,5.9134273,5.8445732
2020-05-08,WMT,9.1176958,9.2641206,9.0622007
2020-05-11,AAPL,33.430964,33.917822,32.652468
2020-05-11,AMGN,38.656287,38.567188,38.182238
2020-05-11,CRM,47.2127,49.237099,49.488612
2020-05-11,CSCO,15.325962,15.902701,15.212025
2020-05-11,IBM,25.058571,25.531381,24.771492
2020-05-11,INTC,26.009158,26.642287,25.326408
2020-05-11,MSFT,80.624174,83.551356,78.825668
2020-05-11,NKE,31.824788,32.464834,31.823511
2020-05-11,VZ,5.696714,5.7726993,5.7405771
2020-05-11,WMT,9.0469636,9.0584257,8.9702458
2020-05-12,AAPL,32.18032,32.279301,30.755566
2020-05-12,AMGN,39.133777,39.469143,38.412785
2020-05-12,CRM,48.061927,48.623376,47.239144
2020-05-12,CSCO,14.948392,15.110646,14.749478
2020-05-12,IBM,24.489989,24.991189,24.062985
2020-05-12,INTC,25.753823,26.547268,25.605392
2020-05-12,MSFT,76.83642,77.989762,75.880756
2020-05-12,NKE,31.864786,32.324406,31.455481
2020-05-12,VZ,5.5274869,5.5229073,5.4092818
2020-05-12,WMT,9.0278291,9.1847748,9.0417164
2020-05-13,AAPL,31.381339,31.409934,30.41575
2020-05-13,AMGN,38.095189,38.854758,36.993726
2020-05-13,CRM,46.379773,47.291948,44.143413
2020-05-13,CSCO,14.6298,14.60127,14.528062
2020-05-13,IBM,24.285012,24.691113,23.585942
2020-05-13,INTC,24.881014,25.248938,24.35801
2020-05-13,MSFT,75.679341,75.899019,74.82424
2020-05-13,NKE,30.775482,31.402654,30.654564
2020-05-13,VZ,5.4171851,5.5291909,5.3672425
2020-05-13,WMT,8.892897,8.9540275,8.6829336
2020-05-14,AAPL,31.947522,32.547618,30.041045
2020-05-14,AMGN,36.282087,36.601794,35.711293
2020-05-14,CRM,45.149586,46.816706,43.851003
2020-05-14,CSCO,14.352028,14.573543,14.222231
2020-05-14,IBM,23.77547,24.031302,23.058334
2020-05-14,INTC,22.742093,23.009299,22.616741
2020-05-14,MSFT,74.696396,75.960604,73.701771
2020-05-14,NKE,29.873166,31.031112,29.735279
2020-05-14,VZ,5.4210989,5.5053234,5.2570052
2020-05-14,WMT,8.5728186,8.7790623,8.4934706
2020-05-15,AAPL,32.233723,31.987479,31.743805
2020-05-15,AMGN,34.480633,35.14659,33.868124
2020-05-15,CRM,43.641532,44.304374,43.103086
2020-05-15,CSCO,14.689757,15.134755,14.589378
2020-05-15,IBM,23.460052,24.19338,23.014914
2020-05-15,INTC,22.348814,22.702861,21.713193
2020-05-15,MSFT,74.221058,75.97777,72.356942
2020-05-15,NKE,28.759626,29.73295,28.413912
2020-05-15,VZ,5.4114949,5.5006465,5.4300892
2020-05-15,WMT,8.7172094,8.7891596,8.6362267
2020-05-18,AAPL,31.654715,32.178139,30.970256
2020-05-18,AMGN,32.641737,33.443689,32.136988
2020-05-18,CRM,43.684347,44.928771,43.96364
2020-05-18,CSCO,14.434,14.524689,14.356046
2020-05-18,IBM,22.948503,23.157405,22.392439
2020-05-18,INTC,21.83088,22.126161,21.851863
2020-05-18,MSFT,73.458497,74.341371,73.14432
2020-05-18,NKE,28.975643,29.391752,29.02293
2020-05-18,VZ,5.232845,5.3592707,5.0911586
2020-05-18,WMT,8.6199281,8.7990232,8.5652271
2020-05-19,AAPL,30.796754,30.609111,30.847822
2020-05-19,AMGN,33.410363,34.116705,32.99272
2020-05-19,CRM,42.674986,42.442153,44.158633
2020-05-19,CSCO,14.48793,14.655486,14.606612
2020-05-19,IBM,22.821468,23.029036,22.676841
2020-05-19,INTC,21.730325,22.141588,21.450249
2020-05-19,MSFT,71.663522,70.638157,72.195808
2020-05-19,NKE,27.0945,27.875646,27.186679
2020-05-19,VZ,5.2203931,5.2256716,5.2243355
2020-05-19,WMT,8.6032801,8.8533704,8.5103918
2020-05-20,AAPL,30.476601,31.458343,29.78857
2020-05-20,AMGN,33.465049,34.284704,33.413327
2020-05-20,CRM,40.661096,42.214816,40.608077
2020-05-20,CSCO,14.731828,14.738984,14.601424
2020-05-20,IBM,22.289549,22.690176,21.817292
2020-05-20,INTC,21.060832,21.380972,20.409773
2020-05-20,MSFT,69.571655,71.260304,66.692781
2020-05-20,NKE,25.849843,26.672177,25.523201
2020-05-20,VZ,5.1840185,5.2160665,5.1584581
2020-05-20,WMT,8.5756466,8.6034776,8.5793524
2020-05-21,AAPL,29.533814,29.928218,29.361986
2020-05-21,AMGN,31.885621,32.55376,31.039044
2020-05-21,CRM,38.644716,40.073974,38.44118
2020-05-21,CSCO,14.791636,15.07836,14.701805
2020-05-21,IBM,22.021331,22.423635,21.620887
2020-05-21,INTC,20.658854,20.923708,20.370468
2020-05-21,MSFT,66.98354,69.62293,67.068142
2020-05-21,NKE,25.106426,25.881376,24.855423
2020-05-21,VZ,5.1023809,5.1530117,5.0286937
2020-05-21,WMT,8.5595627,8.8226655,8.6056471
2020-05-22,AAPL,29.228534,29.28112,28.309254
2020-05-22,AMGN,31.649045,32.100008,30.87479
2020-05-22,CRM,37.675549,38.82166,37.171002
2020-05-22,CSCO,14.859497,15.477139,14.670607
2020-05-22,IBM,21.755181,22.125742,21.315521
2020-05-22,INTC,20.411538,20.497241,20.177107
2020-05-22,MSFT,68.240715,69.356819,66.577891
2020-05-22,NKE,24.113368,24.070694,24.202309
2020-05-22,VZ,4.9543133,5.0574646,4.9076403
2020-05-22,WMT,8.2906845,8.4739785,8.320862
2020-05-26,AAPL,29.003949,29.198491,28.80976
2020-05-26,AMGN,31.441358,31.52837,31.041267
2020-05-26,CRM,39.090344,40.438122,38.578499
2020-05-26,CSCO,14.663379,14.684885,14.578938
2020-05-26,IBM,21.309851,22.02622,20.892033
2020-05-26,INTC,20.033917,20.099627,19.751968
2020-05-26,MSFT,66.466229,67.380216,66.688749
2020-05-26,NKE,23.670108,24.057838,23.510568
2020-05-26,VZ,4.8758147,4.9256684,4.8445099
2020-05-26,WMT,8.3305122,8.4442192,8.258838
2020-05-27,AAPL,28.947124,30.006019,28.26744
2020-05-27,AMGN,31.515369,32.50063,30.612205
2020-05-27,CRM,38.935215,39.81519,38.575014
2020-05-27,CSCO,14.468298,14.322392,14.362676
2020-05-27,IBM,21.298792,21.982538,21.137029
2020-05-27,INTC,18.78878,18.807077,18.804376
2020-05-27,MSFT,66.783929,68.047859,65.684948
2020-05-27,NKE,23.030299,23.321801,22.509661
2020-05-27,VZ,4.7233234,4.7235565,4.6733785
2020-05-27,WMT,8.1504432,8.2232478,8.1567956
2020-05-28,AAPL,29.279143,30.292192,28.796055
2020-05-28,AMGN,31.824741,31.855873,30.851264
2020-05-28,CRM,37.831457,39.203948,36.97455
2020-05-28,CSCO,14.00264,14.302787,13.772605
2020-05-28,IBM,20.899756,21.292856,20.533757
2020-05-28,INTC,18.764047,19.075197,18.245496
2020-05-28,MSFT,65.570509,66.521095,65.857723
2020-05-28,NKE,22.76848,23.217324,22.665891
2020-05-28,VZ,4.5345231,4.7103323,4.6264459
2020-05-28,WMT,8.1016729,8.2268476,8.0907956
2020-05-29,AAPL,28.75881,29.753937,28.113136
2020-05-29,AMGN,31.699996,32.138016,31.40799
2020-05-29,CRM,36.76944,38.549622,36.11523
2020-05-29,CSCO,13.388538,13.546046,13.163505
2020-05-29,IBM,20.640098,20.908013,20.233049
2020-05-29,INTC,18.19987,18.611813,17.967882
2020-05-29,MSFT,62.40887,62.666872,61.993928
2020-05-29,NKE,21.658082,21.944375,21.562276
2020-05-29,VZ,4.5498306,4.637184,4.5544566
2020-05-29,WMT,8.160145,8.2208027,8.1328692
2020-06-01,AAPL,29.183704,29.538242,26.699412
2020-06-01,AMGN,30.590355,31.537183,30.190999
2020-06-01,CRM,35.565335,35.767879,34.525529
2020-06-01,CSCO,12.904516,13.358832,12.531829
2020-06-01,IBM,20.639733,20.738351,19.971326
2020-06-01,INTC,17.821756,18.452062,17.410105
2020-06-01,MSFT,63.162786,64.829935,61.672221
2020-06-01,NKE,20.746915,21.142416,20.16732
2020-06-01,VZ,4.4543428,4.5558592,4.3509791
2020-06-01,WMT,7.995778,8.0430324,7.7085766
2020-06-02,AAPL,28.737817,28.95513,27.418003
2020-06-02,AMGN,29.939217,30.384665,29.330922
2020-06-02,CRM,34.694453,36.580213,34.100521
2020-06-02,CSCO,12.646961,12.980345,12.583905
2020-06-02,IBM,20.187295,20.924865,19.859041
2020-06-02,INTC,17.401338,18.05386,17.026873
2020-06-02,MSFT,61.034686,63.147164,59.67339
2020-06-02,NKE,20.397729,20.764017,20.096663
2020-06-02,VZ,4.3798878,4.4920848,4.3613475
2020-06-02,WMT,7.6540992,7.8675033,7.6203622
2020-06-03,AAPL,29.133347,29.136268,28.707869
2020-06-03,AMGN,29.168219,29.701383,29.019926
2020-06-03,CRM,33.501547,34.471217,32.855387
2020-06-03,CSCO,12.60191,12.806214,12.459828
2020-06-03,IBM,19.713856,20.023328,19.554331
2020-06-03,INTC,17.051138,17.189104,16.825619
2020-06-03,MSFT,60.716097,62.131162,60.30021
2020-06-03,NKE,20.10651,20.403685,20.316202
2020-06-03,VZ,4.3164911,4.3673955,4.2890881
2020-06-03,WMT,7.5948522,7.7070149,7.4821957
2020-06-04,AAPL,28.596093,28.851606,27.836831
2020-06-04,AMGN,28.592582,29.300047,27.7907
2020-06-04,CRM,31.99117,32.250029,31.660739
2020-06-04,CSCO,12.704852,12.743777,12.338586
2020-06-04,IBM,19.375547,19.781905,19.19853
2020-06-04,INTC,16.623647,16.658592,16.553543
2020-06-04,MSFT,59.781069,60.126588,59.582594
2020-06-04,NKE,19.292838,19.759733,18.83744
2020-06-04,VZ,4.1421493,4.1113236,4.102894
2020-06-04,WMT,7.5453309,7.6554804,7.4001581
2020-06-05,AAPL,28.347275,28.357967,27.274472
2020-06-05,AMGN,28.630564,29.143416,28.554289
2020-06-05,CRM,30.443124,31.625685,29.939479
2020-06-05,CSCO,12.208287,12.411882,12.099294
2020-06-05,IBM,18.849267,18.934638,18.61751
2020-06-05,INTC,16.292988,16.434863,15.972658
2020-06-05,MSFT,59.267321,58.872612,58.382565
2020-06-05,NKE,18.574923,18.794438,18.289288
2020-06-05,VZ,4.0738321,4.0727338,4.1043059
2020-06-05,WMT,7.3544001,7.5274895,7.2742467
2020-06-08,AAPL,27.964185,27.860266,27.048096
2020-06-08,AMGN,27.427512,27.635973,26.959781
2020-06-08,CRM,31.316524,31.507721,29.789402
2020-06-08,CSCO,11.876478,11.757287,11.879063
2020-06-08,IBM,18.81493,19.009437,18.969987
2020-06-08,INTC,15.870572,16.117505,15.549163
2020-06-08,MSFT,57.427204,57.936111,56.275163
2020-06-08,NKE,18.383902,18.720193,18.484035
2020-06-08,VZ,3.8716105,3.8413063,3.9176474
2020-06-08,WMT,7.2286159,7.2479891,7.0348086
2020-06-09,AAPL,27.544914,27.923133,27.08203
2020-06-09,AMGN,26.99208,27.766836,26.729642
2020-06-09,CRM,30.321083,30.645984,29.646471
2020-06-09,CSCO,11.584625,11.551054,11.359384
2020-06-09,IBM,18.527836,19.193234,18.462225
2020-06-09,INTC,15.737213,16.067651,15.587838
2020-06-09,MSFT,56.591673,56.278499,55.941152
2020-06-09,NKE,17.880045,18.032632,17.616431
2020-06-09,VZ,3.7855878,3.8032774,3.7955814
2020-06-09,WMT,7.1796241,7.4159311,7.2490888
2020-06-10,AAPL,28.007733,28.581259,27.369458
2020-06-10,AMGN,26.51215,26.535528,26.060066
2020-06-10,CRM,29.782662,29.956868,28.765802
2020-06-10,CSCO,11.230402,11.047371,11.026179
2020-06-10,IBM,17.986423,18.282309,17.599283
2020-06-10,INTC,15.329193,15.256581,15.463853
2020-06-10,MSFT,55.465937,56.384993,54.155901
2020-06-10,NKE,17.252166,17.616485,17.041588
2020-06-10,VZ,3.8041964,3.8007904,3.7781048
2020-06-10,WMT,6.9920659,7.01048,6.935127
2020-06-11,AAPL,27.546459,27.82505,27.115798
2020-06-11,AMGN,26.148945,26.622376,26.274079
2020-06-11,CRM,28.604005,28.355286,27.542438
2020-06-11,CSCO,10.413815,10.310932,10.427932
2020-06-11,IBM,17.854013,17.921582,17.746893
2020-06-11,INTC,14.888555,14.712381,14.858191
2020-06-11,MSFT,54.701639,55.197439,54.107248
2020-06-11,NKE,16.989152,17.226904,16.931725
2020-06-11,VZ,3.811593,3.831447,3.7707983
2020-06-11,WMT,6.9098559,6.9809355,6.8781876
2020-06-12,AAPL,26.420468,26.082466,26.037626
2020-06-12,AMGN,25.130538,25.043307,24.536424
2020-06-12,CRM,27.507516,28.602349,26.964209
2020-06-12,CSCO,9.8541426,9.7834571,9.760064
2020-06-12,IBM,17.33954,17.678883,17.379713
2020-06-12,INTC,14.730432,14.59273,14.612024
2020-06-12,MSFT,52.962587,54.260278,51.620366
2020-06-12,NKE,16.358667,16.625227,16.560015
2020-06-12,VZ,3.7891691,3.7965544,3.7404991
2020-06-12,WMT,6.8835181,6.8537979,6.8107487
2020-06-15,AAPL,25.563906,26.063307,24.869689
2020-06-15,AMGN,24.920752,24.918221,24.7086
2020-06-15,CRM,26.753722,27.161616,25.801241
2020-06-15,CSCO,9.8002912,9.9184271,9.6281829
2020-06-15,IBM,16.677006,17.000719,16.447849
2020-06-15,INTC,14.772897,15.061582,14.615608
2020-06-15,MSFT,53.641525,53.1655,52.602049
2020-06-15,NKE,15.482389,15.698186,15.395902
2020-06-15,VZ,3.7096544,3.7524901,3.6371063
2020-06-15,WMT,6.6456783,6.6670249,6.6924181
2020-06-16,AAPL,25.022265,25.484425,24.358868
2020-06-16,AMGN,23.933468,24.426794,23.464018
2020-06-16,CRM,26.29836,26.796143,24.848045
2020-06-16,CSCO,9.7424212,9.8586319,9.5999335
2020-06-16,IBM,16.968628,17.152533,16.72942
2020-06-16,INTC,14.552968,14.759025,14.173453
2020-06-16,MSFT,52.152632,53.122266,50.718396
2020-06-16,NKE,15.236804,15.616766,14.955099
2020-06-16,VZ,3.6140117,3.6361642,3.6039095
2020-06-16,WMT,6.5716205,6.5462255,6.4781537
2020-06-17,AAPL,25.254654,25.449858,24.83872
2020-06-17,AMGN,24.121947,24.203308,23.683837
2020-06-17,CRM,26.369336,27.216517,26.229312
2020-06-17,CSCO,9.4889532,9.6107679,9.5065655
2020-06-17,IBM,16.761677,17.107197,16.380786
2020-06-17,INTC,14.432472,14.792731,14.377491
2020-06-17,MSFT,51.992058,52.624967,51.685012
2020-06-17,NKE,15.020166,15.384023,14.933916
2020-06-17,VZ,3.5079549,3.5297802,3.431515
2020-06-17,WMT,6.4607791,6.5477668,6.4108672
2020-06-18,AAPL,24.696547,24.955697,24.585765
2020-06-18,AMGN,23.685744,24.285666,22.448488
2020-06-18,CRM,26.737615,26.424443,26.199069
2020-06-18,CSCO,9.1586456,9.1489723,9.0088474
2020-06-18,IBM,16.693497,16.763793,16.678309
2020-06-18,INTC,14.725509,14.730077,14.769712
2020-06-18,MSFT,51.337772,52.013824,51.063345
2020-06-18,NKE,14.885467,15.350292,14.901027
2020-06-18,VZ,3.4795611,3.5386219,3.4801634
2020-06-18,WMT,6.2853465,6.3788354,6.352512
2020-06-19,AAPL,24.808209,25.071137,24.339845
2020-06-19,AMGN,23.65026,24.062189,23.175617
2020-06-19,CRM,25.847475,26.909088,25.414812
2020-06-19,CSCO,9.0113579,9.227126,8.8680175
2020-06-19,IBM,16.385473,16.554986,16.17604
2020-06-19,INTC,14.594508,14.805353,14.404565
2020-06-19,MSFT,49.895127,49.259204,49.662077
2020-06-19,NKE,14.376712,14.72046,14.337881
2020-06-19,VZ,3.3443782,3.4266564,3.3237297
2020-06-19,WMT,6.3743028,6.3530054,6.28396
2020-06-22,AAPL,24.50497,24.508014,24.177354
2020-06-22,AMGN,22.65555,23.282319,22.405697
2020-06-22,CRM,24.59119,24.996868,24.135005
2020-06-22,CSCO,9.1671817,9.1805632,9.0289212
2020-06-22,IBM,16.145878,16.46877,15.791568
2020-06-22,INTC,14.330994,14.491507,13.966501
2020-06-22,MSFT,48.80025,48.974151,48.529128
2020-06-22,NKE,14.240275,14.735046,14.12224
2020-06-22,VZ,3.2566374,3.2886063,3.2146148
2020-06-22,WMT,6.1020784,6.1471525,6.0339478
2020-06-23,AAPL,23.372731,23.245088,22.548387
2020-06-23,AMGN,21.762161,21.892493,21.087743
2020-06-23,CRM,25.332028,26.717422,24.5918
2020-06-23,CSCO,9.1911024,9.1825223,9.2379421
2020-06-23,IBM,15.89346,16.449386,15.688286
2020-06-23,INTC,13.669135,13.764186,13.215667
2020-06-23,MSFT,49.104169,48.486164,48.076319
2020-06-23,NKE,13.569332,13.477358,13.468083
2020-06-23,VZ,3.1879321,3.1281636,3.2064248
2020-06-23,WMT,5.9958479,6.0701931,5.9382361
2020-06-24,AAPL,23.632696,23.805717,23.270925
2020-06-24,AMGN,22.060412,22.486672,21.640396
2020-06-24,CRM,25.021533,25.361393,24.317683
2020-06-24,CSCO,8.8109632,8.7552527,8.6907913
2020-06-24,IBM,15.790762,16.198436,15.845529
2020-06-24,INTC,13.233017,13.149578,12.949597
2020-06-24,MSFT,48.853472,49.161795,47.879155
2020-06-24,NKE,13.111812,13.600979,12.99654
2020-06-24,VZ,3.0763109,3.0912058,3.0733199
2020-06-24,WMT,6.0076645,6.1085384,5.8996568
2020-06-25,AAPL,23.435929,23.805161,23.135762
2020-06-25,AMGN,21.488372,21.764703,20.960792
2020-06-25,CRM,24.480934,24.956141,23.797868
2020-06-25,CSCO,8.5816997,8.4408408,8.6681468
2020-06-25,IBM,15.489477,15.882395,15.274509
2020-06-25,INTC,12.695748,12.831162,12.515274
2020-06-25,MSFT,47.785202,47.163475,47.035923
2020-06-25,NKE,13.068718,13.206001,13.192898
2020-06-25,VZ,2.9743965,3.0198687,2.9776391
2020-06-25,WMT,5.8430954,5.9173004,5.8801205
2020-06-26,AAPL,23.170504,23.025076,22.914339
2020-06-26,AMGN,20.67716,21.103481,20.155886
2020-06-26,CRM,24.15618,24.209039,23.421297
2020-06-26,CSCO,8.2897772,8.3501475,8.2479652
2020-06-26,IBM,14.93853,15.389175,14.831006
2020-06-26,INTC,12.753495,13.189183,12.487265
2020-06-26,MSFT,46.689173,47.156081,45.970302
2020-06-26,NKE,12.897357,13.339797,12.805305
2020-06-26,VZ,2.9248496,2.9935503,2.9519604
2020-06-26,WMT,5.7098322,5.7581397,5.6712021
2020-06-29,AAPL,23.129243,23.15802,22.515145
2020-06-29,AMGN,20.438575,20.825238,20.367374
2020-06-29,CRM,22.804579,22.742985,22.187758
2020-06-29,CSCO,8.2370341,8.310399,8.1505588
2020-06-29,IBM,14.888825,15.228589,14.679542
2020-06-29,INTC,12.691531,12.84752,12.40115
2020-06-29,MSFT,46.156126,46.822701,45.828881
2020-06-29,NKE,12.669756,12.754156,12.810195
2020-06-29,VZ,2.8707157,2.9145566,2.8352955
2020-06-29,WMT,5.8491273,5.9626095,5.7654709
2020-06-30,AAPL,24.215716,24.259028,22.371445
2020-06-30,AMGN,19.563642,19.794977,19.302989
2020-06-30,CRM,20.86287,21.519322,20.209029
2020-06-30,CSCO,7.8166982,7.716415,7.6213648
2020-06-30,IBM,15.015821,15.211726,14.592252
2020-06-30,INTC,12.218202,12.047005,11.366065
2020-06-30,MSFT,44.963538,45.301373,43.61634
2020-06-30,NKE,12.673019,12.697444,12.204816
2020-06-30,VZ,2.8280121,2.8673189,2.7357882
2020-06-30,WMT,5.7399835,5.8547551,5.6348611
2020-07-01,AAPL,23.242883,23.737578,23.045773
2020-07-01,AMGN,19.572567,19.988731,19.07582
2020-07-01,CRM,19.255228,19.940819,18.935316
2020-07-01,CSCO,7.4357799,7.742753,7.4133124
2020-07-01,IBM,14.945933,15.156006,14.866938
2020-07-01,INTC,12.196537,12.502262,11.800908
2020-07-01,MSFT,44.639174,45.876667,43.933918
2020-07-01,NKE,12.619193,13.101815,12.459379
2020-07-01,VZ,2.7729951,2.818661,2.7259507
2020-07-01,WMT,5.5633758,5.688101,5.5170608
2020-07-02,AAPL,22.826456,22.577711,22.603355
2020-07-02,AMGN,19.215922,19.4478,19.233313
2020-07-02,CRM,19.912959,20.794869,20.284472
2020-07-02,CSCO,7.5027471,7.5171961,7.428141
2020-07-02,IBM,14.847355,15.096735,14.756264
2020-07-02,INTC,12.096222,12.138725,11.980749
2020-07-02,MSFT,44.305809,44.402247,44.455259
2020-07-02,NKE,13.158481,13.131641,13.183325
2020-07-02,VZ,2.747071,2.7374214,2.796052
2020-07-02,WMT,5.4997767,5.6613705,5.4765598
2020-07-06,AAPL,23.013096,22.944907,22.210065
2020-07-06,AMGN,18.560452,18.815887,18.682799
2020-07-06,CRM,19.908462,20.294307,19.463218
2020-07-06,CSCO,7.260718,7.2803736,7.1281887
2020-07-06,IBM,14.232477,14.178505,14.125492
2020-07-06,INTC,12.254763,12.353043,12.253082
2020-07-06,MSFT,43.488178,44.120338,42.550499
2020-07-06,NKE,13.112013,13.276202,13.127861
2020-07-06,VZ,2.7016212,2.6981462,2.6597421
2020-07-06,WMT,5.4579347,5.5465404,5.4580824
2020-07-07,AAPL,23.279267,23.844345,22.660799
2020-07-07,AMGN,17.876698,18.389774,17.374813
2020-07-07,CRM,19.177889,19.546867,18.825044
2020-07-07,CSCO,7.3206739,7.3763517,7.1378881
2020-07-07,IBM,14.11782,14.342049,14.120018
2020-07-07,INTC,12.457172,12.437468,12.424423
2020-07-07,MSFT,42.182609,42.14712,41.319832
2020-07-07,NKE,13.098413,13.194389,12.935822
2020-07-07,VZ,2.6693969,2.7324185,2.6220488
2020-07-07,WMT,5.3283176,5.4616499,5.3421799
2020-07-08,AAPL,23.33743,23.539005,23.092901
2020-07-08,AMGN,17.21163,17.067506,17.021305
2020-07-08,CRM,18.866448,19.332722,18.259312
2020-07-08,CSCO,7.1595293,7.3783418,7.1910553
2020-07-08,IBM,14.001324,14.327469,14.069226
2020-07-08,INTC,12.833422,12.807685,12.516162
2020-07-08,MSFT,42.554154,42.804646,42.411569
2020-07-08,NKE,12.914426,13.019835,13.123768
2020-07-08,VZ,2.6052142,2.5848689,2.6097072
2020-07-08,WMT,5.1090801,5.1845097,5.1310346
2020-07-09,AAPL,23.40391,23.522071,23.124141
2020-07-09,AMGN,16.526836,16.748756,16.359603
2020-07-09,CRM,18.347389,18.449994,17.332017
2020-07-09,CSCO,7.0770024,7.054221,7.0148364
2020-07-09,IBM,13.78885,14.040145,13.626974
2020-07-09,INTC,12.581758,12.551046,12.119642
2020-07-09,MSFT,42.672509,43.006122,42.309313
2020-07-09,NKE,12.594088,12.723728,12.685483
2020-07-09,VZ,2.550876,2.5486646,2.5448115
2020-07-09,WMT,4.9430057,5.016159,4.9929472
2020-07-10,AAPL,23.977058,23.66931,23.869625
2020-07-10,AMGN,16.032208,16.208041,16.006775
2020-07-10,CRM,18.443234,18.301202,17.465442
2020-07-10,CSCO,6.8983379,6.7724877,6.934938
2020-07-10,IBM,13.738978,13.80359,13.721826
2020-07-10,INTC,12.778463,13.107859,12.794797
2020-07-10,MSFT,43.143622,43.384258,42.309068
2020-07-10,NKE,12.30863,12.345235,12.532669
2020-07-10,VZ,2.4545875,2.4910139,2.4872264
2020-07-10,WMT,4.8568969,4.8668832,4.8638846
2020-07-13,AAPL,24.915644,25.15643,24.369635
2020-07-13,AMGN,15.768937,15.901408,15.607133
2020-07-13,CRM,18.226418,18.69719,18.009821
2020-07-13,CSCO,6.824679,6.8362325,6.7944925
2020-07-13,IBM,13.613616,13.923269,13.651969
2020-07-13,INTC,12.450647,12.889747,12.404552
2020-07-13,MSFT,44.234679,44.177554,43.384291
2020-07-13,NKE,12.268649,12.352459,12.197285
2020-07-13,VZ,2.4039484,2.4477568,2.409973
2020-07-13,WMT,4.8067666,4.8531833,4.6974254
2020-07-14,AAPL,24.535389,24.653716,23.620332
2020-07-14,AMGN,15.096827,16.11559,15.088317
2020-07-14,CRM,17.553707,17.671939,16.910987
2020-07-14,CSCO,6.8441945,6.8727254,6.9959079
2020-07-14,IBM,13.667521,13.698967,13.67613
2020-07-14,INTC,12.067895,11.942231,11.868727
2020-07-14,MSFT,44.003605,43.307603,43.424418
2020-07-14,NKE,12.0454,12.192106,12.260937
2020-07-14,VZ,2.3662911,2.3570595,2.3774647
2020-07-14,WMT,4.6998213,4.7548485,4.7162134
2020-07-15,AAPL,24.337253,25.056664,24.077017
2020-07-15,AMGN,14.621284,14.790904,14.621342
2020-07-15,CRM,17.509385,17.642177,17.182941
2020-07-15,CSCO,6.5815287,6.6115122,6.4846677
2020-07-15,IBM,13.370763,13.604419,13.231285
2020-07-15,INTC,11.959623,12.13265,12.026614
2020-07-15,MSFT,44.35849,43.870793,43.54412
2020-07-15,NKE,11.429514,11.527808,11.365861
2020-07-15,VZ,2.3511939,2.3473042,2.35741
2020-07-15,WMT,4.5717883,4.6556594,4.5471431
2020-07-16,AAPL,24.561225,24.47361,24.116656
2020-07-16,AMGN,14.017424,14.502051,13.760741
2020-07-16,CRM,17.818789,18.268235,17.524048
2020-07-16,CSCO,6.4922672,6.4896776,6.4297787
2020-07-16,IBM,13.272212,13.658985,13.044724
2020-07-16,INTC,11.85518,11.83514,11.547189
2020-07-16,MSFT,44.275604,44.50776,43.386543
2020-07-16,NKE,11.342905,11.43375,11.332557
2020-07-16,VZ,2.2984134,2.3237328,2.3312974
2020-07-16,WMT,4.426778,4.5022167,4.3862753
2020-07-17,AAPL,23.977424,24.289834,23.829268
2020-07-17,AMGN,13.698683,14.0054,13.622394
2020-07-17,CRM,18.655927,18.401691,18.40373
2020-07-17,CSCO,6.4583567,6.4878322,6.4431058
2020-07-17,IBM,13.539763,13.651457,13.539181
2020-07-17,INTC,12.206524,12.268434,11.886836
2020-07-17,MSFT,43.401249,43.400545,43.200696
2020-07-17,NKE,11.048219,11.238476,10.767031
2020-07-17,VZ,2.255991,2.2751878,2.2290386
2020-07-17,WMT,4.2427965,4.2684578,4.1540421
2020-07-20,AAPL,24.496471,24.341794,24.088099
2020-07-20,AMGN,13.222404,13.084161,13.210002
2020-07-20,CRM,19.269629,19.692395,18.727824
2020-07-20,CSCO,6.3936282,6.2720091,6.3187041
2020-07-20,IBM,13.367345,13.519863,13.256425
2020-07-20,INTC,11.972686,12.130238,11.911735
2020-07-20,MSFT,43.190163,43.593782,42.612822
2020-07-20,NKE,10.903743,10.887154,10.702445
2020-07-20,VZ,2.2292268,2.2130212,2.1866067
2020-07-20,WMT,4.1885963,4.2983467,4.1127556
2020-07-21,AAPL,24.895129,25.049454,24.227103
2020-07-21,AMGN,12.849873,12.928829,12.656398
2020-07-21,CRM,18.792067,19.210317,18.32529
2020-07-21,CSCO,6.3442538,6.3705902,6.3609566
2020-07-21,IBM,12.954598,12.98605,12.958839
2020-07-21,INTC,11.704326,11.742348,11.642364
2020-07-21,MSFT,42.103189,42.60822,42.54784
2020-07-21,NKE,10.517349,10.835558,10.420455
2020-07-21,VZ,2.2325776,2.2345487,2.216074
2020-07-21,WMT,3.9456001,4.0555172,3.9609731
2020-07-22,AAPL,25.042795,25.280816,24.602289
2020-07-22,AMGN,12.836026,13.014706,12.762733
2020-07-22,CRM,19.360924,19.351317,19.234429
2020-07-22,CSCO,6.3105995,6.3763692,6.205942
2020-07-22,IBM,13.062096,13.114445,12.953911
2020-07-22,INTC,12.088377,12.220522,12.080802
2020-07-22,MSFT,43.433049,44.651996,43.152834
2020-07-22,NKE,10.620259,10.806941,10.667893
2020-07-22,VZ,2.2325196,2.2384971,2.2094019
2020-07-22,WMT,3.8500986,3.9491768,3.8740438
2020-07-23,AAPL,24.435777,24.511235,24.665387
2020-07-23,AMGN,12.620356,12.878821,12.296268
2020-07-23,CRM,19.231881,19.321117,18.838247
2020-07-23,CSCO,6.3416419,6.4675743,6.5240651
2020-07-23,IBM,12.617408,12.697205,12.558599
2020-07-23,INTC,12.087511,12.215746,11.900092
2020-07-23,MSFT,43.069768,43.798322,42.664057
2020-07-23,NKE,10.062365,10.098829,9.9257373
2020-07-23,VZ,2.1604826,2.1795379,2.1502647
2020-07-23,WMT,3.7404896,3.8391434,3.6823532
2020-07-24,AAPL,25.095609,25.289275,24.854859
2020-07-24,AMGN,12.340661,12.446811,12.316416
2020-07-24,CRM,18.993644,19.066394,18.630454
2020-07-24,CSCO,6.2601591,6.2470405,6.2585009
2020-07-24,IBM,12.70489,12.881856,12.731117
2020-07-24,INTC,11.682337,11.712074,11.601102
2020-07-24,MSFT,43.328248,42.812014,42.761817
2020-07-24,NKE,9.9141683,9.90951,10.008826
2020-07-24,VZ,2.0953059,2.1119914,2.0698943
2020-07-24,WMT,3.6309594,3.6983684,3.5925441
2020-07-27,AAPL,25.358273,25.400071,25.244852
2020-07-27,AMGN,12.003745,12.45552,11.836495
2020-07-27,CRM,19.064689,19.008553,18.40378
2020-07-27,CSCO,6.2794354,6.295445,6.252243
2020-07-27,IBM,12.395924,12.535718,12.327258
2020-07-27,INTC,11.334049,11.669083,11.299293
2020-07-27,MSFT,43.621296,44.234077,42.683784
2020-07-27,NKE,9.8591825,9.8422628,9.7771761
2020-07-27,VZ,2.0561184,2.0930349,2.0323017
2020-07-27,WMT,3.5562346,3.6020418,3.5059969
2020-07-28,AAPL,24.711102,24.80071,23.745104
2020-07-28,AMGN,11.472588,11.726877,11.609353
2020-07-28,CRM,20.0539,20.236593,19.714298
2020-07-28,CSCO,6.1736482,6.2283254,6.0647775
2020-07-28,IBM,12.320639,12.438886,12.221666
2020-07-28,INTC,11.041667,10.946917,11.057172
2020-07-28,MSFT,43.046337,43.399617,42.11247
2020-07-28,NKE,9.6918154,9.5749981,9.6533802
2020-07-28,VZ,2.007709,2.0233726,2.0153721
2020-07-28,WMT,3.4669817,3.513006,3.4566939
2020-07-29,AAPL,24.331281,24.574616,24.167152
2020-07-29,AMGN,11.162394,11.434413,11.068679
2020-07-29,CRM,20.360177,20.710469,19.840416
2020-07-29,CSCO,5.9807379,6.040603,5.9432958
2020-07-29,IBM,12.565695,12.678056,12.478486
2020-07-29,INTC,11.161122,11.200056,11.091896
2020-07-29,MSFT,42.648581,43.081961,42.801003
2020-07-29,NKE,9.617711,9.7667105,9.5018609
2020-07-29,VZ,1.9649718,1.997766,1.9479108
2020-07-29,WMT,3.4324195,3.5103243,3.4267498
2020-07-30,AAPL,23.855078,24.11413,23.032311
2020-07-30,AMGN,10.774623,11.073476,10.864596
2020-07-30,CRM,20.505171,21.439208,19.483529
2020-07-30,CSCO,5.9218743,6.001134,5.727301
2020-07-30,IBM,12.427013,12.589271,11.921111
2020-07-30,INTC,11.244583,11.31641,11.029127
2020-07-30,MSFT,42.10748,41.80014,41.121193
2020-07-30,NKE,9.3656266,9.4398171,8.9901372
2020-07-30,VZ,1.9488782,1.9710919,1.9199801
2020-07-30,WMT,3.2882106,3.3474384,3.1938562
2020-07-31,AAPL,22.688378,23.135226,22.728307
2020-07-31,AMGN,10.459909,10.6856,10.451529
2020-07-31,CRM,19.954771,20.642494,19.73808
2020-07-31,CSCO,5.6657567,5.7862852,5.5451986
2020-07-31,IBM,12.450522,13.011834,12.205579
2020-07-31,INTC,10.593039,10.664409,10.299643
2020-07-31,MSFT,41.989578,41.9289,41.09866
2020-07-31,NKE,9.0638824,9.1261451,9.101822
2020-07-31,VZ,1.9398498,1.9648223,1.9454691
2020-07-31,WMT,3.1763436,3.2041986,3.1807795
2020-08-03,AAPL,22.452937,22.508817,22.418409
2020-08-03,AMGN,10.363011,10.633063,10.286081
2020-08-03,CRM,19.282594,19.539656,19.363415
2020-08-03,CSCO,5.7716538,5.7955802,5.8026601
2020-08-03,IBM,12.266368,12.338212,12.372456
2020-08-03,INTC,10.529652,10.676818,10.397135
2020-08-03,MSFT,41.8217,42.255078,41.615862
2020-08-03,NKE,9.0021419,9.1016272,9.0861751
2020-08-03,VZ,1.9179912,1.9496936,1.8954421
2020-08-03,WMT,3.1560353,3.1543579,3.1304081
2020-08-04,AAPL,21.999621,22.188826,21.727865
2020-08-04,AMGN,10.27878,10.440344,10.294967
2020-08-04,CRM,18.995048,18.579691,19.173837
2020-08-04,CSCO,5.7021957,5.8296504,5.6828716
2020-08-04,IBM,12.159941,12.200986,12.144252
2020-08-04,INTC,10.31657,10.273805,10.1743
2020-08-04,MSFT,40.66603,41.138198,40.570912
2020-08-04,NKE,8.9160548,8.9752081,8.8603681
2020-08-04,VZ,1.8780454,1.8713816,1.8438086
2020-08-04,WMT,3.1486766,3.2015028,3.1004642
2020-08-05,AAPL,20.977278,20.979564,20.846951
2020-08-05,AMGN,10.006408,10.068907,9.7881546
2020-08-05,CRM,18.296146,18.642962,18.654666
2020-08-05,CSCO,5.7786633,5.8254975,5.6467012
2020-08-05,IBM,11.547426,11.701094,11.534555
2020-08-05,INTC,10.427226,10.655475,10.624564
2020-08-05,MSFT,39.612313,40.030682,38.94414
2020-08-05,NKE,8.727566,8.9579287,8.6541986
2020-08-05,VZ,1.8263484,1.816641,1.8450723
2020-08-05,WMT,3.0850508,3.1715436,3.0851313
2020-08-06,AAPL,21.177697,21.638566,20.825252
2020-08-06,AMGN,9.898857,9.8847414,9.7122403
2020-08-06,CRM,18.311677,18.697136,17.895468
2020-08-06,CSCO,5.7478271,5.7010503,5.7579844
2020-08-06,IBM,11.547151,11.66553,11.552767
2020-08-06,INTC,10.488518,10.729945,10.535751
2020-08-06,MSFT,39.707487,40.535164,39.259807
2020-08-06,NKE,8.4493498,8.59627,8.51239
2020-08-06,VZ,1.7664905,1.7888235,1.7694965
2020-08-06,WMT,3.0619572,3.1474905,3.0961079
2020-08-07,AAPL,20.769797,20.882465,20.420374
2020-08-07,AMGN,9.8336205,10.233122,9.8112802
2020-08-07,CRM,17.317199,17.556123,17.609221
2020-08-07,CSCO,5.4561661,5.5504629,5.3872197
2020-08-07,IBM,11.421401,11.462095,11.370908
2020-08-07,INTC,10.130917,10.210231,10.027255
2020-08-07,MSFT,39.757596,39.554836,39.254462
2020-08-07,NKE,8.2046419,8.2262161,8.2937499
2020-08-07,VZ,1.7436754,1.7414507,1.75758
2020-08-07,WMT,3.0113552,3.0783566,2.9960113
2020-08-10,AAPL,20.261527,20.138856,20.145089
2020-08-10,AMGN,9.577466,9.8086832,9.4238141
2020-08-10,CRM,17.517079,17.453398,17.400723
2020-08-10,CSCO,5.4410036,5.4376312,5.3809854
2020-08-10,IBM,11.262576,11.258074,11.06452
2020-08-10,INTC,10.025721,10.080807,9.9380437
2020-08-10,MSFT,39.978571,40.040932,38.99148
2020-08-10,NKE,7.9843443,8.0192128,7.7568027
2020-08-10,VZ,1.7140285,1.7245892,1.6820693
2020-08-10,WMT,2.9160814,2.9738499,2.8709308
2020-08-11,AAPL,20.218137,20.709078,19.947274
2020-08-11,AMGN,9.4618156,9.5871384,9.3473301
2020-08-11,CRM,17.879555,18.371013,17.424816
2020-08-11,CSCO,5.3248271,5.2801765,5.2094569
2020-08-11,IBM,11.01504,11.253481,10.936458
2020-08-11,INTC,9.8046871,9.8502672,9.7448072
2020-08-11,MSFT,40.807216,41.292051,40.744421
2020-08-11,NKE,7.980486,8.0929315,7.7079671
2020-08-11,VZ,1.6442609,1.6458968,1.637058
2020-08-11,WMT,2.8814747,2.9426167,2.8871194
2020-08-12,AAPL,19.076022,19.833122,18.342398
2020-08-12,AMGN,9.0779993,9.074236,8.9745341
2020-08-12,CRM,17.22159,17.278623,17.112867
2020-08-12,CSCO,5.2622574,5.2163352,5.2865927
2020-08-12,IBM,11.103255,11.211971,11.164594
2020-08-12,INTC,9.6063777,9.6098395,9.4622438
2020-08-12,MSFT,40.668464,41.189417,40.45939
2020-08-12,NKE,7.7945193,7.9820518,7.7477584
2020-08-12,VZ,1.6201576,1.6512132,1.6374326
2020-08-12,WMT,2.8326795,2.873566,2.8081388
2020-08-13,AAPL,18.606912,18.354856,18.711039
2020-08-13,AMGN,8.7090865,9.0293974,8.7458888
2020-08-13,CRM,16.776357,16.992516,16.210758
2020-08-13,CSCO,5.1809245,5.1526449,5.1196084
2020-08-13,IBM,11.044066,11.271323,11.166666
2020-08-13,INTC,9.2539419,9.4429412,9.0242494
2020-08-13,MSFT,39.8014,40.001759,38.839799
2020-08-13,NKE,7.9418478,8.0406867,8.0349656
2020-08-13,VZ,1.6164968,1.6436305,1.6175839
2020-08-13,WMT,2.792584,2.8751277,2.8148815
2020-08-14,AAPL,19.244963,19.65638,18.996284
2020-08-14,AMGN,8.305807,8.5766648,8.1754961
2020-08-14,CRM,16.418272,16.402019,16.201046
2020-08-14,CSCO,5.0602833,5.1268555,4.9802576
2020-08-14,IBM,10.876525,11.002895,10.728193
2020-08-14,INTC,9.2648516,9.2685084,9.067599
2020-08-14,MSFT,38.335808,38.86122,37.443626
2020-08-14,NKE,8.0761646,8.2348996,7.9980747
2020-08-14,VZ,1.5159428,1.5335552,1.5039774
2020-08-14,WMT,2.7365673,2.7584133,2.7747923
2020-08-17,AAPL,19.681382,19.524637,19.390165
2020-08-17,AMGN,8.1815428,8.4306063,8.1409824
2020-08-17,CRM,16.437649,16.547788,16.28819
2020-08-17,CSCO,4.9051984,4.9065386,4.8126014
2020-08-17,IBM,10.725459,10.826823,10.7562
2020-08-17,INTC,9.0613964,9.0295856,8.8683918
2020-08-17,MSFT,38.776978,39.156084,38.209258
2020-08-17,NKE,7.8555139,7.6434688,7.8414873
2020-08-17,VZ,1.4404549,1.4362661,1.4229316
2020-08-17,WMT,2.7179916,2.8254186,2.6924469
2020-08-18,AAPL,18.770449,18.646717,18.67932
2020-08-18,AMGN,7.7783693,7.7891523,7.6546908
2020-08-18,CRM,15.624369,14.9692,15.371123
2020-08-18,CSCO,5.0092237,4.9735773,4.9551978
2020-08-18,IBM,10.687397,10.990454,10.626687
2020-08-18,INTC,9.0280208,9.1565337,8.8035592
2020-08-18,MSFT,39.525438,40.193076,38.804248
2020-08-18,NKE,7.6726006,7.7679433,7.5057122
2020-08-18,VZ,1.4138146,1.4310414,1.4266378
2020-08-18,WMT,2.6664008,2.747127,2.6964401
2020-08-19,AAPL,18.120787,17.72775,17.89112
2020-08-19,AMGN,7.6716314,7.8725499,7.5943857
2020-08-19,CRM,15.137106,15.12254,14.98771
2020-08-19,CSCO,5.0122962,5.0511148,4.9634956
2020-08-19,IBM,10.693317,10.765731,10.723172
2020-08-19,INTC,8.972124,9.2285576,8.8518803
2020-08-19,MSFT,39.171029,39.427802,38.43825
2020-08-19,NKE,7.6325619,7.687651,7.7034819
2020-08-19,VZ,1.3750751,1.393137,1.3671757
2020-08-19,WMT,2.5900021,2.6161111,2.5623532
2020-08-20,AAPL,18.44369,18.477319,17.865052
2020-08-20,AMGN,7.1617369,7.2529426,7.0578523
2020-08-20,CRM,15.094672,14.880816,14.847549
2020-08-20,CSCO,5.0238397,5.0077397,4.916129
2020-08-20,IBM,10.798781,10.879846,10.504584
2020-08-20,INTC,8.8687535,8.875358,8.7247027
2020-08-20,MSFT,40.284498,40.513322,39.530499
2020-08-20,NKE,7.5208257,7.718476,7.5007375
2020-08-20,VZ,1.3527338,1.3632502,1.3565753
2020-08-20,WMT,2.5225976,2.6015286,2.521494
2020-08-21,AAPL,18.626555,18.543717,18.454882
2020-08-21,AMGN,7.118019,7.3632352,7.1619366
2020-08-21,CRM,14.931314,15.145355,14.647603
2020-08-21,CSCO,5.0898009,5.0668527,5.0909252
2020-08-21,IBM,10.640172,10.773278,10.52173
2020-08-21,INTC,9.0464904,9.0332657,8.6804134
2020-08-21,MSFT,42.093601,42.989476,40.75951
2020-08-21,NKE,7.0518906,7.1628119,6.9509742
2020-08-21,VZ,1.3248444,1.3390823,1.3171076
2020-08-21,WMT,2.4611033,2.4827848,2.4264941
2020-08-24,AAPL,18.715667,18.731182,18.722271
2020-08-24,AMGN,7.0140769,7.2315226,6.8363777
2020-08-24,CRM,14.944621,14.627243,14.949543
2020-08-24,CSCO,4.9987285,4.9463904,4.9661813
2020-08-24,IBM,10.309855,10.52116,10.303888
2020-08-24,INTC,9.1713704,9.1811326,9.119871
2020-08-24,MSFT,40.89215,41.493988,39.861165
2020-08-24,NKE,7.1960799,7.3673828,7.2120958
2020-08-24,VZ,1.2893998,1.3021599,1.2948145
2020-08-24,WMT,2.3860794,2.4577322,2.3385019
2020-08-25,AAPL,18.125473,18.191195,18.081052
2020-08-25,AMGN,6.9259354,7.0354229,6.8531391
2020-08-25,CRM,14.908006,14.641525,14.344526
2020-08-25,CSCO,5.1361945,5.106099,5.053916
2020-08-25,IBM,10.139767,10.279052,10.064603
2020-08-25,INTC,8.8909866,9.0324287,8.9188394
2020-08-25,MSFT,39.319843,39.571156,39.229022
2020-08-25,NKE,7.1787383,7.2749126,7.0521063
2020-08-25,VZ,1.2333733,1.2602171,1.2301335
2020-08-25,WMT,2.3360966,2.3580247,2.3127338
2020-08-26,AAPL,17.590814,17.887513,17.191437
2020-08-26,AMGN,6.6789193,6.9451929,6.6193899
2020-08-26,CRM,15.115897,14.80941,14.866953
2020-08-26,CSCO,5.0359431,5.1269167,5.0339458
2020-08-26,IBM,9.9418284,10.112035,9.9098203
2020-08-26,INTC,8.7054198,8.8027976,8.5121362
2020-08-26,MSFT,38.158704,38.110622,37.194545
2020-08-26,NKE,7.3927152,7.4646867,7.1926359
2020-08-26,VZ,1.1934391,1.1820558,1.2077595
2020-08-26,WMT,2.2265285,2.2779114,2.2399984
2020-08-27,AAPL,17.392004,17.664965,17.543045
2020-08-27,AMGN,6.405878,6.600352,6.2510187
2020-08-27,CRM,15.225151,15.490708,14.871583
2020-08-27,CSCO,4.8844208,4.8570655,4.8145701
2020-08-27,IBM,9.8221577,9.8387925,9.7244543
2020-08-27,INTC,8.9249358,9.0984179,8.886707
2020-08-27,MSFT,39.129463,39.930953,38.293416
2020-08-27,NKE,7.4897258,7.5364314,7.5574775
2020-08-27,VZ,1.2112617,1.232344,1.224901
2020-08-27,WMT,2.1625629,2.2035332,2.1555933
2020-08-28,AAPL,17.596944,17.899246,17.079749
2020-08-28,AMGN,6.0004485,6.201861,5.9795243
2020-08-28,CRM,14.401378,14.711401,13.966898
2020-08-28,CSCO,4.6454104,4.6937085,4.5921385
2020-08-28,IBM,9.680318,9.8091615,9.4757346
2020-08-28,INTC,8.463028,8.4569833,8.2363411
2020-08-28,MSFT,38.60882,38.169101,37.53847
2020-08-28,NKE,7.4283808,7.4565,7.4697529
2020-08-28,VZ,1.18121,1.1836414,1.1553894
2020-08-28,WMT,2.1310379,2.1836367,2.1111705
2020-08-31,AAPL,16.675178,17.184543,16.436723
2020-08-31,AMGN,5.9057939,6.0767095,5.7720157
2020-08-31,CRM,13.897877,14.646308,13.442615
2020-08-31,CSCO,4.4396257,4.5178973,4.3910246
2020-08-31,IBM,9.327976,9.5205278,9.2944598
2020-08-31,INTC,8.1798326,8.3246114,8.0903334
2020-08-31,MSFT,38.701755,39.920901,38.415469
2020-08-31,NKE,7.149366,7.2021139,7.0463844
2020-08-31,VZ,1.1507098,1.1726811,1.1386256
2020-08-31,WMT,2.0535622,2.1049418,2.0699124
2020-09-01,AAPL,16.544703,16.725914,16.438372
2020-09-01,AMGN,5.7637153,5.8909875,5.7905317
2020-09-01,CRM,13.60856,13.564512,13.409907
2020-09-01,CSCO,4.3743942,4.341651,4.30917
2020-09-01,IBM,9.3199771,9.4862235,9.3541889
2020-09-01,INTC,8.0885832,8.1780381,8.0313853
2020-09-01,MSFT,38.918555,38.938968,38.940736
2020-09-01,NKE,6.9510258,6.9460719,7.0441958
2020-09-01,VZ,1.1390075,1.1445012,1.1206608
2020-09-01,WMT,2.0154316,2.053803,1.9978532
2020-09-02,AAPL,16.971394,17.297819,17.299201
2020-09-02,AMGN,5.7559692,5.9304705,5.8040021
2020-09-02,CRM,13.873307,14.202977,13.958973
2020-09-02,CSCO,4.3320613,4.2754052,4.2374252
2020-09-02,IBM,9.2125939,9.3158338,9.2092025
2020-09-02,INTC,7.96449,7.9778657,7.9449471
2020-09-02,MSFT,38.846918,39.103192,37.910378
2020-09-02,NKE,6.740426,6.9650986,6.8196532
2020-09-02,VZ,1.1030759,1.1053237,1.0960368
2020-09-02,WMT,2.0142197,2.0142343,2.023278
2020-09-03,AAPL,17.255877,17.038401,17.176903
2020-09-03,AMGN,5.5710514,5.7439354,5.5822139
2020-09-03,CRM,13.181034,13.07549,12.630847
2020-09-03,CSCO,4.3127912,4.3419961,4.2147139
2020-09-03,IBM,9.0611498,9.1747506,8.967219
2020-09-03,INTC,8.1073684,8.1044617,7.9766224
2020-09-03,MSFT,39.350532,39.097127,38.678125
2020-09-03,NKE,6.6498115,6.7956521,6.739323
2020-09-03,VZ,1.0604438,1.0734436,1.0543323
2020-09-03,WMT,1.9877861,2.015578,1.9691392
2020-09-04,AAPL,16.951617,17.498937,16.480944
2020-09-04,AMGN,5.5252281,5.680788,5.4084634
2020-09-04,CRM,12.994366,13.276328,12.953039
2020-09-04,CSCO,4.2135958,4.26738,4.2200468
2020-09-04,IBM,9.0850231,9.1944839,9.0555693
2020-09-04,INTC,8.3282359,8.4026723,8.0833391
2020-09-04,MSFT,40.747352,41.120949,40.931056
2020-09-04,NKE,6.5772531,6.6238104,6.4310111
2020-09-04,VZ,1.0245974,1.0210424,1.0338383
2020-09-04,WMT,1.948317,1.9750932,1.9577682
2020-09-08,AAPL,17.293837,17.391365,17.141969
2020-09-08,AMGN,5.4046269,5.6064256,5.3608183
2020-09-08,CRM,13.089598,13.127079,12.804059
2020-09-08,CSCO,4.1779016,4.2178233,4.194232
2020-09-08,IBM,8.9935388,9.1581747,8.967889
2020-09-08,INTC,8.317489,8.4525631,8.464381
2020-09-08,MSFT,39.698731,39.823422,39.468383
2020-09-08,NKE,6.5733345,6.6695507,6.4572089
2020-09-08,VZ,0.98874371,1.0101593,1.0007707
2020-09-08,WMT,1.8859372,1.9099182,1.8761729
2020-09-09,AAPL,16.343743,16.416416,16.381872
2020-09-09,AMGN,5.168064,5.3377291,5.1705135
2020-09-09,CRM,12.726937,13.115439,12.614214
2020-09-09,CSCO,4.1729002,4.1994246,4.1933632
2020-09-09,IBM,9.0510785,9.1871466,9.020488
2020-09-09,INTC,8.1301231,8.1270638,8.0456362
2020-09-09,MSFT,39.290042,39.364307,38.495647
2020-09-09,NKE,6.7019612,6.8193785,6.6337397
2020-09-09,VZ,0.96388413,0.96326537,0.96062161
2020-09-09,WMT,1.8699658,1.89731,1.861104
2020-09-10,AAPL,15.856506,16.097701,15.645543
2020-09-10,AMGN,5.0792756,5.2480536,5.07135
2020-09-10,CRM,12.288438,12.211922,12.163365
2020-09-10,CSCO,4.1962577,4.2245048,4.1098314
2020-09-10,IBM,8.9804988,9.2495431,8.7533096
2020-09-10,INTC,7.9122292,7.9721797,7.9975427
2020-09-10,MSFT,38.47823,38.512893,37.808047
2020-09-10,NKE,6.6949604,7.0129951,6.6983547
2020-09-10,VZ,0.94775581,0.95342544,0.92687212
2020-09-10,WMT,1.8130505,1.8491446,1.805459
2020-09-11,AAPL,16.299617,16.483345,15.899196
2020-09-11,AMGN,5.2094804,5.3559413,5.1599473
2020-09-11,CRM,12.047403,12.031119,11.619455
2020-09-11,CSCO,4.1582404,4.1082304,4.0358563
2020-09-11,IBM,8.9703811,9.0851259,8.9465891
2020-09-11,INTC,8.0796347,8.1344448,7.8637119
2020-09-11,MSFT,38.798609,38.881718,37.690098
2020-09-11,NKE,6.7290294,6.767514,6.6941907
2020-09-11,VZ,0.9414772,0.96327652,0.95055796
2020-09-11,WMT,1.7725185,1.8147617,1.7610457
2020-09-14,AAPL,15.972421,15.801889,15.528617
2020-09-14,AMGN,5.0529387,5.2387207,4.9815407
2020-09-14,CRM,11.959181,11.97415,11.487527
2020-09-14,CSCO,4.0446117,4.0558208,3.984356
2020-09-14,IBM,8.6373275,8.7334339,8.5685675
2020-09-14,INTC,8.1476881,8.1670845,8.0728082
2020-09-14,MSFT,37.675618,37.899302,37.777193
2020-09-14,NKE,6.4087171,6.4474348,6.505922
2020-09-14,VZ,0.91979764,0.92641755,0.91106803
2020-09-14,WMT,1.7214154,1.758537,1.7271183
2020-09-15,AAPL,16.614792,16.672046,16.328787
2020-09-15,AMGN,4.8844113,4.9606249,4.8519156
2020-09-15,CRM,11.999823,12.241772,11.653714
2020-09-15,CSCO,4.0823748,4.0697195,4.1032514
2020-09-15,IBM,8.5486218,8.7147106,8.5581664
2020-09-15,INTC,7.9648448,8.036582,8.0497837
2020-09-15,MSFT,38.148255,37.382455,37.643311
2020-09-15,NKE,6.2556492,6.381208,6.1622907
2020-09-15,VZ,0.89263642,0.90847531,0.89081765
2020-09-15,WMT,1.6872301,1.7475494,1.6699064
2020-09-16,AAPL,15.921519,16.268825,15.548187
2020-09-16,AMGN,4.7414095,4.8670229,4.7444764
2020-09-16,CRM,12.007166,12.159804,11.905329
2020-09-16,CSCO,4.1416794,4.1392928,4.1083763
2020-09-16,IBM,8.8562914,8.9821117,8.8349895
2020-09-16,INTC,7.8915309,8.0147862,7.8669897
2020-09-16,MSFT,38.454617,38.714098,37.986596
2020-09-16,NKE,6.2530812,6.3559797,6.1326107
2020-09-16,VZ,0.88357145,0.89235312,0.87814975
2020-09-16,WMT,1.6547918,1.6854081,1.6482238
2020-09-17,AAPL,16.153757,16.314362,15.844827
2020-09-17,AMGN,4.6005717,4.7263911,4.5627418
2020-09-17,CRM,12.427969,12.344749,11.889836
2020-09-17,CSCO,4.1995838,4.1785726,4.1347808
2020-09-17,IBM,8.718504,8.8348785,8.5087606
2020-09-17,INTC,7.7301805,7.6411595,7.5891453
2020-09-17,MSFT,38.249693,38.720835,37.357379
2020-09-17,NKE,5.9655717,6.0359565,5.8079659
2020-09-17,VZ,0.84584135,0.86154444,0.83446007
2020-09-17,WMT,1.6003105,1.6236577,1.5828186
2020-09-18,AAPL,16.64229,16.791907,16.308603
2020-09-18,AMGN,4.5009041,4.5587409,4.5207065
2020-09-18,CRM,11.807623,11.883719,11.506926
2020-09-18,CSCO,4.2657246,4.2279466,4.3252619
2020-09-18,IBM,8.9330081,9.0779576,8.8698793
2020-09-18,INTC,7.823439,7.8744108,7.756136
2020-09-18,MSFT,39.153094,39.069356,38.706548
2020-09-18,NKE,5.9902768,5.9805504,5.8714986
2020-09-18,VZ,0.82559587,0.8425167,0.82963114
2020-09-18,WMT,1.560707,1.5958862,1.5571051
2020-09-21,AAPL,16.592695,16.763219,16.456142
2020-09-21,AMGN,4.4245028,4.6166361,4.3623554
2020-09-21,CRM,11.455721,11.403913,11.361002
2020-09-21,CSCO,4.1949523,4.2428557,4.139451
2020-09-21,IBM,8.8615197,9.0301954,8.8226367
2020-09-21,INTC,7.8378683,7.8996455,7.8022389
2020-09-21,MSFT,39.272258,39.75983,39.093458
2020-09-21,NKE,5.9397526,5.979353,5.922062
2020-09-21,VZ,0.82493632,0.82334635,0.82341357
2020-09-21,WMT,1.5332613,1.5646177,1.521457
2020-09-22,AAPL,16.913639,16.972643,17.084554
2020-09-22,AMGN,4.4971679,4.5369125,4.5087595
2020-09-22,CRM,11.13939,11.360418,10.750399
2020-09-22,CSCO,4.2669083,4.2405968,4.3262531
2020-09-22,IBM,8.7513644,8.9200121,8.617378
2020-09-22,INTC,8.0747471,8.0321186,8.0532906
2020-09-22,MSFT,38.678587,38.978822,37.669842
2020-09-22,NKE,5.8611722,5.9720436,5.7562985
2020-09-22,VZ,0.81425106,0.8290462,0.80741065
2020-09-22,WMT,1.5045617,1.5393503,1.5208485
2020-09-23,AAPL,17.161795,17.31617,17.074041
2020-09-23,AMGN,4.3363451,4.4476893,4.3381507
2020-09-23,CRM,11.48353,11.591887,11.364379
2020-09-23,CSCO,4.3602125,4.4614569,4.3490536
2020-09-23,IBM,8.7207738,8.7050769,8.7291903
2020-09-23,INTC,7.969295,8.0208152,7.9760734
2020-09-23,MSFT,39.292654,39.632084,39.608087
2020-09-23,NKE,5.8367646,5.9172224,5.7167951
2020-09-23,VZ,0.79049084,0.7934627,0.78779024
2020-09-23,WMT,1.4607222,1.4684753,1.4610663
2020-09-24,AAPL,16.762243,16.959902,16.521628
2020-09-24,AMGN,4.2774109,4.3584815,4.1841045
2020-09-24,CRM,11.582323,11.433041,11.594118
2020-09-24,CSCO,4.2401865,4.2639997,4.2372732
2020-09-24,IBM,8.5369161,8.8459884,8.4185955
2020-09-24,INTC,7.8322026,7.8612249,7.8479808
2020-09-24,MSFT,39.954528,40.153009,39.72256
2020-09-24,NKE,5.7345151,5.8498417,5.6901561
2020-09-24,VZ,0.75818966,0.76901261,0.74855449
2020-09-24,WMT,1.4037828,1.4320384,1.4197652
2020-09-25,AAPL,16.373021,16.258352,16.229804
2020-09-25,AMGN,4.1937782,4.2578912,4.0870054
2020-09-25,CRM,11.994789,11.87001,11.657161
2020-09-25,CSCO,4.3464573,4.3458467,4.303785
2020-09-25,IBM,8.2782934,8.3704997,8.2946011
2020-09-25,INTC,7.6968457,7.8421558,7.6009229
2020-09-25,MSFT,39.57352,40.38895,38.352729
2020-09-25,NKE,5.5785116,5.6844751,5.4853922
2020-09-25,VZ,0.73920469,0.74292045,0.73744242
2020-09-25,WMT,1.3379255,1.3347919,1.3360689
2020-09-28,AAPL,16.085352,15.978085,15.691473
2020-09-28,AMGN,4.0408701,4.1370019,4.0431351
2020-09-28,CRM,12.170528,12.340726,11.828614
2020-09-28,CSCO,4.4205924,4.4688065,4.3148919
2020-09-28,IBM,8.1574133,8.3424899,8.0381927
2020-09-28,INTC,7.517271,7.5681586,7.2756909
2020-09-28,MSFT,39.910879,40.838821,38.9334
2020-09-28,NKE,5.6430389,5.7316554,5.5866795
2020-09-28,VZ,0.72262944,0.73495391,0.72351389
2020-09-28,WMT,1.3313966,1.3518532,1.3220627
2020-09-29,AAPL,16.547423,16.946911,15.283751
2020-09-29,AMGN,3.7841397,3.9311525,3.7169867
2020-09-29,CRM,11.773298,12.223559,11.510701
2020-09-29,CSCO,4.3718564,4.317732,4.2711796
2020-09-29,IBM,8.1562452,8.1390622,8.0924506
2020-09-29,INTC,7.5552016,7.6272392,7.3499961
2020-09-29,MSFT,38.111972,37.656011,37.328243
2020-09-29,NKE,5.524463,5.6260141,5.4447082
2020-09-29,VZ,0.69884889,0.70810214,0.68898487
2020-09-29,WMT,1.3020483,1.327999,1.2717371
2020-09-30,AAPL,16.460663,16.606736,15.939822
2020-09-30,AMGN,3.7715204,3.8804455,3.7785886
2020-09-30,CRM,11.29018,11.38744,11.057892
2020-09-30,CSCO,4.1858177,4.2853345,4.1013445
2020-09-30,IBM,8.1079579,8.2152414,7.9375229
2020-09-30,INTC,7.4104226,7.6099736,7.2609691
2020-09-30,MSFT,38.091984,39.453683,37.401057
2020-09-30,NKE,5.3969575,5.4922325,5.4152002
2020-09-30,VZ,0.69270088,0.71476149,0.68227029
2020-09-30,WMT,1.2530714,1.2801358,1.2323044
2020-10-01,AAPL,16.413182,16.397975,16.576175
2020-10-01,AMGN,3.6644099,3.7242982,3.6730255
2020-10-01,CRM,11.168615,11.345863,11.368187
2020-10-01,CSCO,4.1075603,4.1477408,4.048564
2020-10-01,IBM,8.1214374,8.2371063,7.9914666
2020-10-01,INTC,7.4579467,7.5718446,7.3576816
2020-10-01,MSFT,39.190087,40.137743,39.317166
2020-10-01,NKE,5.3092511,5.3818518,5.3127948
2020-10-01,VZ,0.68458008,0.70585977,0.68526518
2020-10-01,WMT,1.2440164,1.2572579,1.2327891
2020-10-02,AAPL,16.633203,16.590748,16.913458
2020-10-02,AMGN,3.4454072,3.5378649,3.4561106
2020-10-02,CRM,10.882802,10.801192,10.708103
2020-10-02,CSCO,4.0748388,4.0780604,4.0814738
2020-10-02,IBM,7.9533218,7.9520741,7.8034252
2020-10-02,INTC,7.2838119,7.4927766,7.1099392
2020-10-02,MSFT,38.833648,39.094645,38.728927
2020-10-02,NKE,5.0901155,5.2053223,5.0743694
2020-10-02,VZ,0.68710479,0.69265497,0.68756709
2020-10-02,WMT,1.2009093,1.2258256,1.2006634
2020-10-05,AAPL,16.212895,16.515991,15.611459
2020-10-05,AMGN,3.2722546,3.3320372,3.2783056
2020-10-05,CRM,11.132747,11.154238,10.990947
2020-10-05,CSCO,4.0177615,4.0127076,3.9484903
2020-10-05,IBM,7.9177059,7.904422,7.7192731
2020-10-05,INTC,7.0758381,7.1986003,7.0298713
2020-10-05,MSFT,38.751726,38.850113,37.885102
2020-10-05,NKE,4.9704321,5.0824158,5.0133615
2020-10-05,VZ,0.67775782,0.68648862,0.68252756
2020-10-05,WMT,1.1693916,1.1723714,1.1862332
2020-10-06,AAPL,15.747685,15.76417,15.043175
2020-10-06,AMGN,3.1541482,3.1829546,3.1812949
2020-10-06,CRM,11.24767,11.219328,10.961159
2020-10-06,CSCO,4.0270812,4.0250037,3.9683207
2020-10-06,IBM,7.8536838,7.8717307,7.953519
2020-10-06,INTC,6.7518007,6.8247798,6.7056704
2020-10-06,MSFT,38.141426,38.345865,37.786348
2020-10-06,NKE,5.0613804,5.1115079,5.0864369
2020-10-06,VZ,0.66839369,0.67351934,0.6705243
2020-10-06,WMT,1.1350083,1.1613567,1.1259948
2020-10-07,AAPL,14.979357,14.947731,15.138618
2020-10-07,AMGN,3.0698302,3.1710164,3.0523704
2020-10-07,CRM,11.681641,11.726606,11.334492
2020-10-07,CSCO,4.1448196,4.1450913,4.0758925
2020-10-07,IBM,7.7033711,7.7608391,7.6108473
2020-10-07,INTC,6.8275006,6.9691658,6.7671229
2020-10-07,MSFT,38.066408,38.567725,37.726329
2020-10-07,NKE,5.0616653,5.1019288,5.0084468
2020-10-07,VZ,0.64287777,0.6500831,0.64439334
2020-10-07,WMT,1.1011787,1.1155764,1.105623
2020-10-08,AAPL,14.885636,15.396152,14.578017
2020-10-08,AMGN,2.9390025,3.0309339,2.8911531
2020-10-08,CRM,11.486832,11.98558,11.404868
2020-10-08,CSCO,4.0833082,4.190757,4.0802404
2020-10-08,IBM,7.4945869,7.6005997,7.4613515
2020-10-08,INTC,6.6997996,6.8142374,6.6132001
2020-10-08,MSFT,36.656039,37.125476,36.083043
2020-10-08,NKE,5.0914164,5.190446,5.0750143
2020-10-08,VZ,0.63984161,0.64053968,0.64505852
2020-10-08,WMT,1.081016,1.09161,1.0668988
2020-10-09,AAPL,15.236603,15.689616,14.748989
2020-10-09,AMGN,2.8365441,2.9336495,2.8223416
2020-10-09,CRM,11.492518,11.69911,11.229908
2020-10-09,CSCO,4.1771389,4.2879893,4.1781233
2020-10-09,IBM,7.3168415,7.4420858,7.2123146
2020-10-09,INTC,6.4406743,6.4745407,6.2825844
2020-10-09,MSFT,36.114624,36.272999,35.292193
2020-10-09,NKE,4.9912423,5.1214467,4.9216056
2020-10-09,VZ,0.61886154,0.62320749,0.60544145
2020-10-09,WMT,1.0578684,1.0739661,1.065645
2020-10-12,AAPL,15.639437,16.116498,15.461806
2020-10-12,AMGN,2.7617762,2.8529566,2.7524816
2020-10-12,CRM,11.491067,11.728894,11.12507
2020-10-12,CSCO,4.2328353,4.1433217,4.0790436
2020-10-12,IBM,7.19264,7.2494858,7.0628633
2020-10-12,INTC,6.4042124,6.4598078,6.36908
2020-10-12,MSFT,35.532291,36.36435,35.023983
2020-10-12,NKE,5.0031917,5.0816273,5.0277407
2020-10-12,VZ,0.6063588,0.6105803,0.59684613
2020-10-12,WMT,1.0406382,1.0508556,1.0435165
2020-10-13,AAPL,15.304828,15.630232,15.120404
2020-10-13,AMGN,2.6486301,2.7525216,2.5996763
2020-10-13,CRM,11.740218,11.689656,11.461756
2020-10-13,CSCO,4.4653959,4.4892996,4.4368528
2020-10-13,IBM,7.2695207,7.3684347,7.1840741
2020-10-13,INTC,6.2892816,6.4005822,6.2154281
2020-10-13,MSFT,34.796754,35.353843,34.768215
2020-10-13,NKE,5.0051932,5.1254613,4.9759032
2020-10-13,VZ,0.59975509,0.61375665,0.5967334
2020-10-13,WMT,1.0067684,1.0239679,0.98500325
2020-10-14,AAPL,15.572552,15.913275,15.468376
2020-10-14,AMGN,2.6130909,2.6918567,2.6052805
2020-10-14,CRM,11.450866,11.449921,11.380021
2020-10-14,CSCO,4.4025186,4.4772107,4.3200624
2020-10-14,IBM,7.0916698,7.2654944,6.9781378
2020-10-14,INTC,6.2851594,6.300815,6.2371771
2020-10-14,MSFT,34.318385,34.620944,34.059802
2020-10-14,NKE,4.8423548,4.8492553,4.790525
2020-10-14,VZ,0.57292976,0.57580096,0.57563131
2020-10-14,WMT,0.99571501,1.0099079,0.99235982
2020-10-15,AAPL,16.118093,16.363288,16.213653
2020-10-15,AMGN,2.5109773,2.5599243,2.4914964
2020-10-15,CRM,11.598349,11.950378,11.258507
2020-10-15,CSCO,4.4883667,4.4525956,4.3925881
2020-10-15,IBM,6.9934024,7.1406642,6.8590488
2020-10-15,INTC,6.4162384,6.5875437,6.3732215
2020-10-15,MSFT,33.228334,33.65126,32.200693
2020-10-15,NKE,4.7816673,4.9010077,4.7591932
2020-10-15,VZ,0.56116478,0.57173008,0.56178993
2020-10-15,WMT,0.98752246,1.0100814,0.99459848
2020-10-16,AAPL,15.63549,15.71316,15.471064
2020-10-16,AMGN,2.4983997,2.614893,2.5176001
2020-10-16,CRM,11.919249,12.044479,11.585095
2020-10-16,CSCO,4.5988952,4.6608591,4.473696
2020-10-16,IBM,6.9146032,6.9676484,6.9301509
2020-10-16,INTC,6.3828411,6.3847274,6.2356386
2020-10-16,MSFT,32.805975,32.475587,32.366351
2020-10-16,NKE,4.8124639,4.8539624,4.7710478
2020-10-16,VZ,0.53587584,0.54167729,0.53922463
2020-10-16,WMT,0.95561384,0.97603615,0.93159057
2020-10-19,AAPL,15.68526,15.840302,15.202385
2020-10-19,AMGN,2.4155089,2.4383172,2.4209416
2020-10-19,CRM,11.687361,11.895626,11.21987
2020-10-19,CSCO,4.5564815,4.5676585,4.5103619
2020-10-19,IBM,6.9087244,7.0406683,6.8857875
2020-10-19,INTC,6.3699112,6.3132966,6.4151876
2020-10-19,MSFT,31.353216,31.556496,30.773792
2020-10-19,NKE,4.5989388,4.6834949,4.7102555
2020-10-19,VZ,0.52998817,0.54770825,0.524304
2020-10-19,WMT,0.92678733,0.92903508,0.92961434
2020-10-20,AAPL,15.815924,16.321305,15.396266
2020-10-20,AMGN,2.3275859,2.4285469,2.3049335
2020-10-20,CRM,11.746135,12.126883,11.601581
2020-10-20,CSCO,4.4396997,4.4145967,4.3371018
2020-10-20,IBM,6.8175263,6.9634927,6.9110167
2020-10-20,INTC,6.0812095,6.1757028,6.0705192
2020-10-20,MSFT,31.625688,32.003842,31.072475
2020-10-20,NKE,4.5433124,4.6129395,4.4324423
2020-10-20,VZ,0.5114892,0.51778638,0.51606367
2020-10-20,WMT,0.90706448,0.92063496,0.89572699
2020-10-21,AAPL,15.619033,15.542094,15.644651
2020-10-21,AMGN,2.3073522,2.3797774,2.3114789
2020-10-21,CRM,11.672397,11.322478,11.448913
2020-10-21,CSCO,4.3646621,4.424778,4.3389396
2020-10-21,IBM,6.7306226,6.7920636,6.6983067
2020-10-21,INTC,6.2174188,6.2512927,6.2066844
2020-10-21,MSFT,30.640297,31.17574,30.006836
2020-10-21,NKE,4.4704643,4.5603808,4.4250634
2020-10-21,VZ,0.48720722,0.49134057,0.4909785
2020-10-21,WMT,0.88589386,0.91244246,0.89140358
2020-10-22,AAPL,15.625117,15.150692,15.476345
2020-10-22,AMGN,2.2846372,2.3410087,2.2829647
2020-10-22,CRM,11.924156,11.904554,11.928696
2020-10-22,CSCO,4.4442663,4.4297615,4.4886093
2020-10-22,IBM,6.6403397,6.782803,6.6949666
2020-10-22,INTC,6.1972971,6.3012953,6.1496649
2020-10-22,MSFT,30.267553,30.766292,29.518126
2020-10-22,NKE,4.2805786,4.3853125,4.2779777
2020-10-22,VZ,0.47253842,0.47447902,0.48080409
2020-10-22,WMT,0.85564763,0.87276159,0.85898827
2020-10-23,AAPL,15.737718,15.805659,15.852
2020-10-23,AMGN,2.2575416,2.3048763,2.2333084
2020-10-23,CRM,11.663275,11.926182,11.554517
2020-10-23,CSCO,4.3481164,4.3320503,4.3543856
2020-10-23,IBM,6.4264378,6.5359628,6.4538378
2020-10-23,INTC,6.1700245,6.1368424,6.0846938
2020-10-23,MSFT,30.754205,31.12923,30.171866
2020-10-23,NKE,4.1921765,4.222714,4.231439
2020-10-23,VZ,0.46491724,0.46946986,0.45806336
2020-10-23,WMT,0.85632802,0.86049552,0.8412937
2020-10-26,AAPL,15.658895,15.591344,15.790274
2020-10-26,AMGN,2.1236288,2.1412282,2.1282572
2020-10-26,CRM,11.995477,11.893799,11.932208
2020-10-26,CSCO,4.2815602,4.1821094,4.1869766
2020-10-26,IBM,6.3607134,6.4819844,6.3422021
2020-10-26,INTC,6.1104535,6.2767867,6.0908903
2020-10-26,MSFT,30.927252,31.22866,30.641728
2020-10-26,NKE,4.0659372,4.1206023,4.0499351
2020-10-26,VZ,0.45942256,0.46609706,0.45870899
2020-10-26,WMT,0.84782438,0.86364737,0.85784988
2020-10-27,AAPL,15.502746,15.236643,15.643312
2020-10-27,AMGN,2.0978441,2.0977579,2.1063037
2020-10-27,CRM,12.155988,12.229272,11.703501
2020-10-27,CSCO,4.5626605,4.597671,4.58918
2020-10-27,IBM,6.3223985,6.3561253,6.2684114
2020-10-27,INTC,5.9422378,5.9930768,5.7912328
2020-10-27,MSFT,31.992206,32.820068,31.902039
2020-10-27,NKE,3.921612,3.9900258,3.9116386
2020-10-27,VZ,0.44088415,0.4467615,0.44169233
2020-10-27,WMT,0.82919078,0.83841195,0.83252727
2020-10-28,AAPL,15.3113,15.862019,14.440829
2020-10-28,AMGN,1.9913094,2.0433918,1.9829546
2020-10-28,CRM,11.571375,12.136726,11.050453
2020-10-28,CSCO,4.4456363,4.4622606,4.3593027
2020-10-28,IBM,6.2017822,6.3098582,6.0663421
2020-10-28,INTC,5.8364104,5.8868909,5.6243156
2020-10-28,MSFT,30.689063,30.434642,29.242672
2020-10-28,NKE,3.9188082,4.0192294,3.803826
2020-10-28,VZ,0.42493676,0.42837684,0.41714044
2020-10-28,WMT,0.80482324,0.81097881,0.79051189
2020-10-29,AAPL,14.934694,15.490932,14.718717
2020-10-29,AMGN,1.9045999,1.9456251,1.8928887
2020-10-29,CRM,10.928689,11.521814,10.591649
2020-10-29,CSCO,4.3395104,4.4172915,4.3392703
2020-10-29,IBM,6.0105945,6.1770956,5.9478984
2020-10-29,INTC,5.8517912,5.949487,5.7375497
2020-10-29,MSFT,29.822314,31.222567,29.693299
2020-10-29,NKE,3.8124655,3.941336,3.8124089
2020-10-29,VZ,0.41690991,0.42385273,0.41807984
2020-10-29,WMT,0.78259693,0.80014345,0.77572904
2020-10-30,AAPL,14.710017,14.674503,14.613312
2020-10-30,AMGN,1.8568693,1.8981934,1.8292237
2020-10-30,CRM,10.996437,11.180894,10.890454
2020-10-30,CSCO,4.4215969,4.4510715,4.3980421
2020-10-30,IBM,5.958997,6.1309834,5.9193773
2020-10-30,INTC,5.8689058,5.8734863,5.934957
2020-10-30,MSFT,30.444222,30.838738,30.387482
2020-10-30,NKE,3.8106447,3.8955153,3.7550303
2020-10-30,VZ,0.41525066,0.41911155,0.41264479
2020-10-30,WMT,0.78743978,0.79790959,0.7901744
2020-11-02,AAPL,14.949288,15.036937,14.855592
2020-11-02,AMGN,1.8594866,1.8943827,1.869944
2020-11-02,CRM,10.587971,10.655563,10.495138
2020-11-02,CSCO,4.3993089,4.3108665,4.3344948
2020-11-02,IBM,5.8958195,6.0232803,5.8145759
2020-11-02,INTC,5.7927155,5.8740376,5.8063323
2020-11-02,MSFT,29.945981,30.318733,29.214796
2020-11-02,NKE,3.8898629,3.9239315,3.8265411
2020-11-02,VZ,0.40024837,0.40777377,0.39671728
2020-11-02,WMT,0.78380749,0.80141469,0.78518149
2020-11-03,AAPL,15.041467,15.03973,14.92689
2020-11-03,AMGN,1.8128606,1.8640622,1.8265842
2020-11-03,CRM,10.30012,10.114417,9.5887454
2020-11-03,CSCO,4.4943588,4.4175354,4.4183953
2020-11-03,IBM,5.8438649,5.9739184,5.7818156
2020-11-03,INTC,5.6973348,5.7177413,5.5549529
2020-11-03,MSFT,29.98058,29.62172,28.91831
2020-11-03,NKE,3.7968367,3.8532606,3.7808903
2020-11-03,VZ,0.38811075,0.39388896,0.38982862
2020-11-03,WMT,0.77448644,0.78644339,0.77500679
2020-11-04,AAPL,15.435261,15.668002,15.230746
2020-11-04,AMGN,1.7581023,1.7820319,1.7373287
2020-11-04,CRM,9.9848199,9.8079789,9.6646587
2020-11-04,CSCO,4.4963602,4.4803078,4.4653095
2020-11-04,IBM,5.9040907,5.8929868,5.8417105
2020-11-04,INTC,5.5856349,5.8506524,5.4330179
2020-11-04,MSFT,28.993109,29.889335,28.425928
2020-11-04,NKE,3.7771015,3.8449714,3.7601344
2020-11-04,VZ,0.37822887,0.37523781,0.37708721
2020-11-04,WMT,0.77009502,0.77171818,0.75482143
2020-11-05,AAPL,15.26661,15.174459,15.177057
2020-11-05,AMGN,1.7615956,1.8286675,1.7576722
2020-11-05,CRM,10.234195,10.184959,10.036072
2020-11-05,CSCO,4.4268912,4.3838957,4.3897192
2020-11-05,IBM,5.9535442,6.0442604,5.9857463
2020-11-05,INTC,5.4829653,5.4533812,5.5114089
2020-11-05,MSFT,28.91081,28.977815,28.09956
2020-11-05,NKE,3.7184943,3.7780329,3.6866923
2020-11-05,VZ,0.36449129,0.37233863,0.36123134
2020-11-05,WMT,0.72649907,0.74363984,0.7313876
2020-11-06,AAPL,14.967161,15.087548,15.007563
2020-11-06,AMGN,1.7405925,1.7494397,1.7276317
2020-11-06,CRM,9.8295976,9.9475887,9.563971
2020-11-06,CSCO,4.3840521,4.3201537,4.2730137
2020-11-06,IBM,5.9320097,5.9862114,5.858826
2020-11-06,INTC,5.266576,5.2191774,5.167655
2020-11-06,MSFT,27.988868,28.727613,27.665362
2020-11-06,NKE,3.6621466,3.7259964,3.6045816
2020-11-06,VZ,0.36473698,0.37241799,0.35998783
2020-11-06,WMT,0.70381721,0.72002364,0.70102929
2020-11-09,AAPL,15.039692,15.147628,14.66301
2020-11-09,AMGN,1.707274,1.7343296,1.7206744
2020-11-09,CRM,9.2290893,9.1578777,9.0256532
2020-11-09,CSCO,4.393268,4.4539235,4.3381603
2020-11-09,IBM,5.7940987,5.8098076,5.7384841
2020-11-09,INTC,5.2681171,5.2956308,5.2138858
2020-11-09,MSFT,27.115785,27.375348,26.662028
2020-11-09,NKE,3.5694989,3.6005923,3.5940721
2020-11-09,VZ,0.35600237,0.36092599,0.35740552
2020-11-09,WMT,0.67853337,0.6888966,0.66744148
2020-11-10,AAPL,15.011683,15.089422,14.958134
2020-11-10,AMGN,1.6433105,1.6695465,1.6258698
2020-11-10,CRM,9.2444701,9.1204971,9.2148465
2020-11-10,CSCO,4.3621977,4.3537326,4.3226254
2020-11-10,IBM,5.6236082,5.6909217,5.584824
2020-11-10,INTC,5.2268837,5.239239,5.2041588
2020-11-10,MSFT,27.06035,27.005559,27.042866
2020-11-10,NKE,3.5954301,3.7038599,3.6117879
2020-11-10,VZ,0.35219187,0.3578678,0.35316297
2020-11-10,WMT,0.67238177,0.68313565,0.6706409
2020-11-11,AAPL,15.069282,15.199977,15.106144
2020-11-11,AMGN,1.5976825,1.6409357,1.6053422
2020-11-11,CRM,9.4038997,9.3148785,9.5367577
2020-11-11,CSCO,4.3228659,4.3850967,4.2198152
2020-11-11,IBM,5.6128877,5.6394138,5.5598917
2020-11-11,INTC,5.2098458,5.2185009,5.1955688
2020-11-11,MSFT,27.718837,27.888287,27.675845
2020-11-11,NKE,3.5117812,3.5692073,3.4510208
2020-11-11,VZ,0.35088904,0.35425646,0.35543127
2020-11-11,WMT,0.65772997,0.66293466,0.65984117
2020-11-12,AAPL,14.755092,15.274767,14.357322
2020-11-12,AMGN,1.523677,1.571255,1.5139825
2020-11-12,CRM,9.773914,9.7575269,9.7824895
2020-11-12,CSCO,4.26257,4.2594488,4.2369739
2020-11-12,IBM,5.4281687,5.4653666,5.3952847
2020-11-12,INTC,5.282804,5.3023952,5.222959
2020-11-12,MSFT,28.242181,28.140499,28.012156
2020-11-12,NKE,3.5186829,3.5717232,3.6027619
2020-11-12,VZ,0.34335438,0.34826315,0.34331643
2020-11-12,WMT,0.6381534,0.64833329,0.62944135
2020-11-13,AAPL,14.627894,14.657451,14.288572
2020-11-13,AMGN,1.4884457,1.5236146,1.4706936
2020-11-13,CRM,9.6376108,9.8256834,9.8702926
2020-11-13,CSCO,4.1589191,4.1788004,4.1128255
2020-11-13,IBM,5.2969318,5.3348954,5.3079606
2020-11-13,INTC,5.1923181,5.2065824,5.0755586
2020-11-13,MSFT,27.680546,27.691145,27.347605
2020-11-13,NKE,3.4439629,3.5338907,3.360682
2020-11-13,VZ,0.33635211,0.34233805,0.33844855
2020-11-13,WMT,0.6236096,0.63335877,0.63018274
2020-11-16,AAPL,14.585978,14.892856,14.576564
2020-11-16,AMGN,1.4827079,1.5223386,1.4633606
2020-11-16,CRM,9.4726239,9.1953609,9.4062978
2020-11-16,CSCO,4.1807882,4.1845704,4.1584636
2020-11-16,IBM,5.1576011,5.2661734,5.1310237
2020-11-16,INTC,4.9473747,5.0093634,5.0019387
2020-11-16,MSFT,27.500564,27.551126,27.49963
2020-11-16,NKE,3.4214763,3.4551208,3.4587533
2020-11-16,VZ,0.32356336,0.32687929,0.3265539
2020-11-16,WMT,0.59667971,0.6109211,0.59902955
2020-11-17,AAPL,14.696198,14.88018,14.429288
2020-11-17,AMGN,1.429423,1.4681437,1.4203963
2020-11-17,CRM,9.473182,9.5396939,9.5321739
2020-11-17,CSCO,4.2447795,4.2640901,4.1875371
2020-11-17,IBM,5.0905489,5.2159349,5.1068219
2020-11-17,INTC,4.9421157,4.953795,4.9036115
2020-11-17,MSFT,27.916038,28.812654,27.170274
2020-11-17,NKE,3.4213388,3.4890762,3.3440584
2020-11-17,VZ,0.31385489,0.31584957,0.31632095
2020-11-17,WMT,0.60081009,0.60953474,0.59354861
2020-11-18,AAPL,14.716583,14.89288,14.95526
2020-11-18,AMGN,1.3659143,1.383127,1.366378
2020-11-18,CRM,8.8374406,9.1039279,8.8872914
2020-11-18,CSCO,4.2054419,4.2408767,4.174152
2020-11-18,IBM,4.9976052,5.019833,5.0445416
2020-11-18,INTC,4.9063277,4.9102405,4.934206
2020-11-18,MSFT,28.249402,28.43821,27.534921
2020-11-18,NKE,3.427469,3.4393425,3.4005291
2020-11-18,VZ,0.29892589,0.29966217,0.29852154
2020-11-18,WMT,0.58599836,0.60031349,0.58913659
2020-11-19,AAPL,14.29835,14.490651,13.963342
2020-11-19,AMGN,1.2999347,1.327326,1.2780175
2020-11-19,CRM,8.3945948,8.3763543,8.4139446
2020-11-19,CSCO,4.236016,4.2724195,4.2160688
2020-11-19,IBM,4.9076088,4.9784691,4.8998671
2020-11-19,INTC,4.8367089,5.0144675,4.7819303
2020-11-19,MSFT,27.998477,28.306448,28.53879
2020-11-19,NKE,3.4476231,3.4791891,3.4550903
2020-11-19,VZ,0.29793671,0.29787541,0.29310846
2020-11-19,WMT,0.57697846,0.58152848,0.57857866
2020-11-20,AAPL,14.42601,14.589922,14.420894
2020-11-20,AMGN,1.2612676,1.3014684,1.2494449
2020-11-20,CRM,8.7351412,8.7924154,8.4433365
2020-11-20,CSCO,4.25166,4.3713451,4.1929933
2020-11-20,IBM,4.7809977,4.8153422,4.6723624
2020-11-20,INTC,4.8022267,4.8204313,4.8029469
2020-11-20,MSFT,27.375787,27.763752,26.983263
2020-11-20,NKE,3.4467912,3.4713529,3.4285316
2020-11-20,VZ,0.2885326,0.29239659,0.28910175
2020-11-20,WMT,0.56148804,0.56404742,0.55091652
2020-11-23,AAPL,14.926861,15.134618,14.609954
2020-11-23,AMGN,1.2431033,1.2593062,1.209994
2020-11-23,CRM,8.932141,8.9269506,8.8924199
2020-11-23,CSCO,4.2004969,4.1899146,4.1532818
2020-11-23,IBM,4.6712804,4.7995035,4.633603
2020-11-23,INTC,4.7939296,4.904586,4.6656336
2020-11-23,MSFT,27.154438,27.296111,26.895939
2020-11-23,NKE,3.2386768,3.25149,3.2966985
2020-11-23,VZ,0.28072532,0.28056116,0.28441809
2020-11-23,WMT,0.54163463,0.55105031,0.53934396
2020-11-24,AAPL,14.87278,14.734822,14.750468
2020-11-24,AMGN,1.1977255,1.2496219,1.1970333
2020-11-24,CRM,8.7077602,8.5975488,8.2715006
2020-11-24,CSCO,4.4013555,4.4396473,4.3637819
2020-11-24,IBM,4.4976314,4.547306,4.5681455
2020-11-24,INTC,4.7209304,4.759411,4.5513112
2020-11-24,MSFT,26.749343,26.689841,26.620588
2020-11-24,NKE,3.1231523,3.0971899,3.1032695
2020-11-24,VZ,0.2707697,0.27220214,0.26908734
2020-11-24,WMT,0.51983112,0.52935595,0.52191215
2020-11-25,AAPL,15.147274,15.388735,15.044499
2020-11-25,AMGN,1.1763059,1.2064371,1.1630143
2020-11-25,CRM,8.903717,8.8821785,8.6778711
2020-11-25,CSCO,4.3365109,4.3899126,4.347246
2020-11-25,IBM,4.4720002,4.5231536,4.4170163
2020-11-25,INTC,4.71082,4.8390469,4.659331
2020-11-25,MSFT,26.637842,27.071105,25.89295
2020-11-25,NKE,2.9661082,2.9656915,2.9521443
2020-11-25,VZ,0.27230324,0.27278717,0.26936629
2020-11-25,WMT,0.52293502,0.52670757,0.52484526
2020-11-27,AAPL,15.008167,15.275135,13.919757
2020-11-27,AMGN,1.1264473,1.1531009,1.1024822
2020-11-27,CRM,8.5908668,8.6186263,8.4030694
2020-11-27,CSCO,4.2385612,4.2588556,4.1886377
2020-11-27,IBM,4.2835654,4.3138571,4.2145899
2020-11-27,INTC,4.6278414,4.7351407,4.4298164
2020-11-27,MSFT,26.707083,27.366074,26.093612
2020-11-27,NKE,2.9450131,2.97403,2.9207644
2020-11-27,VZ,0.2658944,0.26991074,0.26337783
2020-11-27,WMT,0.51775336,0.52626821,0.50470141
2020-11-30,AAPL,14.724402,14.851882,14.492431
2020-11-30,AMGN,1.1438618,1.1814997,1.1316551
2020-11-30,CRM,8.6891251,9.1711844,8.3552447
2020-11-30,CSCO,4.1326092,4.2383565,4.0901959
2020-11-30,IBM,4.1925148,4.2702926,4.1494537
2020-11-30,INTC,4.5117613,4.5733046,4.4183951
2020-11-30,MSFT,25.806505,26.214651,25.597069
2020-11-30,NKE,2.9727809,3.0084801,2.9896255
2020-11-30,VZ,0.25763038,0.26274671,0.25450894
2020-11-30,WMT,0.51021928,0.52066871,0.50794934
2020-12-01,AAPL,14.822693,15.26896,14.826531
2020-12-01,AMGN,1.1183477,1.13408,1.0997915
2020-12-01,CRM,8.4767083,8.3499584,8.5487136
2020-12-01,CSCO,4.1577389,4.096976,4.1775135
2020-12-01,IBM,4.1285538,4.142385,4.2373871
2020-12-01,INTC,4.4725449,4.5422338,4.4974359
2020-12-01,MSFT,25.262434,25.309889,25.533266
2020-12-01,NKE,2.9131636,2.9280728,2.9066575
2020-12-01,VZ,0.25460522,0.25538965,0.255113
2020-12-01,WMT,0.51424322,0.52162938,0.51770743
2020-12-02,AAPL,14.853261,14.968369,14.542196
2020-12-02,AMGN,1.1324896,1.1623225,1.1444907
2020-12-02,CRM,8.4571114,8.4785934,8.4599353
2020-12-02,CSCO,4.1868411,4.1527518,4.0696669
2020-12-02,IBM,4.0662369,4.0479612,4.0861943
2020-12-02,INTC,4.3690355,4.386652,4.3849151
2020-12-02,MSFT,24.784835,24.808253,24.347158
2020-12-02,NKE,2.8799683,2.9366321,2.8873606
2020-12-02,VZ,0.24825231,0.24972964,0.24510159
2020-12-02,WMT,0.51544615,0.51706353,0.5192805
2020-12-03,AAPL,14.617516,14.793674,14.578303
2020-12-03,AMGN,1.0857591,1.1174139,1.0811996
2020-12-03,CRM,8.285547,8.6242016,8.0802461
2020-12-03,CSCO,4.0602202,4.0448582,3.9789686
2020-12-03,IBM,3.9729625,3.9340241,3.9186174
2020-12-03,INTC,4.4030075,4.3603259,4.3786258
2020-12-03,MSFT,23.961739,23.885042,23.551367
2020-12-03,NKE,2.8037593,2.8258134,2.7143029
2020-12-03,VZ,0.23387171,0.2340497,0.23074987
2020-12-03,WMT,0.50200423,0.51256184,0.49647992
2020-12-04,AAPL,15.031508,15.526926,15.368234
2020-12-04,AMGN,1.0677079,1.0898382,1.046365
2020-12-04,CRM,8.4961318,8.6196511,8.6556193
2020-12-04,CSCO,3.8927997,3.8343787,3.8356375
2020-12-04,IBM,3.9407292,3.9900035,3.9080255
2020-12-04,INTC,4.3579457,4.3537836,4.3058627
2020-12-04,MSFT,24.507027,24.773602,24.055896
2020-12-04,NKE,2.8226554,2.8248069,2.7755777
2020-12-04,VZ,0.22437526,0.22571451,0.22471817
2020-12-04,WMT,0.49457547,0.49986465,0.48660214
2020-12-07,AAPL,15.266146,15.594528,14.931348
2020-12-07,AMGN,1.0498056,1.0589199,1.036328
2020-12-07,CRM,8.5020334,8.6735304,8.4554814
2020-12-07,CSCO,3.9264664,4.0076692,3.8735947
2020-12-07,IBM,3.8957941,3.9737591,3.8465914
2020-12-07,INTC,4.3004574,4.3389824,4.2339472
2020-12-07,MSFT,24.834239,25.066491,24.401507
2020-12-07,NKE,2.7879776,2.7676895,2.8463684
2020-12-07,VZ,0.21846476,0.22107844,0.21847922
2020-12-07,WMT,0.47942136,0.49124383,0.47999933
2020-12-08,AAPL,15.45632,15.739693,15.012067
2020-12-08,AMGN,1.0091638,1.0467264,1.0146825
2020-12-08,CRM,8.4469348,8.3413452,8.3764893
2020-12-08,CSCO,3.9255136,3.953073,3.8407996
2020-12-08,IBM,3.8562893,3.9035654,3.8673673
2020-12-08,INTC,4.288623,4.2251442,4.1353371
2020-12-08,MSFT,24.859878,24.651921,24.44277
2020-12-08,NKE,2.7664512,2.8332554,2.767367
2020-12-08,VZ,0.2098609,0.20866871,0.21456604
2020-12-08,WMT,0.47387662,0.48139997,0.4681212
2020-12-09,AAPL,15.28054,15.594716,14.902697
2020-12-09,AMGN,0.9667846,1.0004422,0.9588356
2020-12-09,CRM,8.3786584,8.4562223,8.3881501
2020-12-09,CSCO,3.8705675,3.9207059,3.8131418
2020-12-09,IBM,3.8346709,3.8270186,3.7903084
2020-12-09,INTC,4.2940476,4.3536168,4.2614681
2020-12-09,MSFT,25.133016,25.524839,24.643187
2020-12-09,NKE,2.7310442,2.7622822,2.6565648
2020-12-09,VZ,0.20603975,0.2070026,0.20664068
2020-12-09,WMT,0.46280568,0.47090424,0.46096463
2020-12-10,AAPL,15.83924,15.700294,15.9435
2020-12-10,AMGN,0.9467816,0.97238924,0.93058269
2020-12-10,CRM,8.5110719,8.7838874,8.503572
2020-12-10,CSCO,3.8547372,3.8507132,3.8374075
2020-12-10,IBM,3.8377473,3.8716541,3.7776105
2020-12-10,INTC,4.4182396,4.4606786,4.3582379
2020-12-10,MSFT,25.245785,24.750377,24.811821
2020-12-10,NKE,2.6271992,2.658557,2.5781733
2020-12-10,VZ,0.19856613,0.19812878,0.19620533
2020-12-10,WMT,0.45489939,0.45883955,0.4506361
2020-12-11,AAPL,15.655114,15.769701,15.410237
2020-12-11,AMGN,0.91710707,0.94051434,0.91484437
2020-12-11,CRM,8.723185,8.8269905,8.3310554
2020-12-11,CSCO,3.9062863,4.0170491,3.8074937
2020-12-11,IBM,3.7652282,3.7852523,3.7083953
2020-12-11,INTC,4.5372871,4.5336304,4.4457942
2020-12-11,MSFT,24.930273,24.795361,24.632271
2020-12-11,NKE,2.5360006,2.5633423,2.472438
2020-12-11,VZ,0.19950146,0.20449948,0.19958748
2020-12-11,WMT,0.45957453,0.4615684,0.45583342
2020-12-14,AAPL,15.659124,15.5178,15.391705
2020-12-14,AMGN,0.85865847,0.88144402,0.86870296
2020-12-14,CRM,9.0880048,9.2490463,8.8422635
2020-12-14,CSCO,4.0181664,3.9505082,3.8582096
2020-12-14,IBM,3.8499211,3.8857854,3.8356595
2020-12-14,INTC,4.6297153,4.7225899,4.546932
2020-12-14,MSFT,25.107846,25.338413,24.60707
2020-12-14,NKE,2.5432611,2.5690436,2.5487165
2020-12-14,VZ,0.19576005,0.19860077,0.19650847
2020-12-14,WMT,0.45780553,0.46583096,0.4498722
2020-12-15,AAPL,15.731529,15.784017,15.519579
2020-12-15,AMGN,0.82509495,0.84387473,0.81571101
2020-12-15,CRM,8.7072104,8.5303671,8.3318856
2020-12-15,CSCO,3.9457429,3.9357172,3.8769505
2020-12-15,IBM,3.9338181,3.9711641,3.8609715
2020-12-15,INTC,4.5679298,4.5782298,4.4773789
2020-12-15,MSFT,24.898657,25.03767,24.557131
2020-12-15,NKE,2.4947171,2.5628455,2.4936349
2020-12-15,VZ,0.19099664,0.19314242,0.18946183
2020-12-15,WMT,0.44999815,0.45699456,0.44269831
2020-12-16,AAPL,15.343999,15.361427,14.925331
2020-12-16,AMGN,0.81343132,0.82859565,0.81657145
2020-12-16,CRM,8.5922706,8.4861282,8.4834415
2020-12-16,CSCO,3.9507904,3.9481205,3.8867784
2020-12-16,IBM,3.8304788,3.9042417,3.7837426
2020-12-16,INTC,4.5182132,4.5012496,4.4318003
2020-12-16,MSFT,25.141766,25.819912,24.795522
2020-12-16,NKE,2.4288196,2.4150364,2.4093964
2020-12-16,VZ,0.18830207,0.19411457,0.18931667
2020-12-16,WMT,0.43894565,0.44202668,0.43661694
2020-12-17,AAPL,15.7374,15.96034,15.331947
2020-12-17,AMGN,0.79899333,0.80361559,0.79280405
2020-12-17,CRM,8.3511195,8.2751629,8.2523732
2020-12-17,CSCO,3.9223505,3.899144,3.8319784
2020-12-17,IBM,3.7865846,3.8388188,3.7987569
2020-12-17,INTC,4.430354,4.4314748,4.4459521
2020-12-17,MSFT,25.078132,25.264013,24.768301
2020-12-17,NKE,2.3352028,2.3388935,2.3468963
2020-12-17,VZ,0.18623381,0.18625565,0.18604697
2020-12-17,WMT,0.43419205,0.4437837,0.43764919
2020-12-18,AAPL,15.807557,15.950363,15.159509
2020-12-18,AMGN,0.76396039,0.78929576,0.76025284
2020-12-18,CRM,8.8058738,9.0297281,8.4519145
2020-12-18,CSCO,3.8248065,3.8080724,3.7751872
2020-12-18,IBM,3.7307368,3.7909988,3.7162707
2020-12-18,INTC,4.522809,4.6398495,4.3872074
2020-12-18,MSFT,25.656534,26.070841,25.464087
2020-12-18,NKE,2.3164008,2.3564353,2.3193427
2020-12-18,VZ,0.18172715,0.18138593,0.1811172
2020-12-18,WMT,0.43389711,0.43653724,0.43341532
2020-12-21,AAPL,15.691734,15.699603,14.999947
2020-12-21,AMGN,0.73652489,0.76119063,0.7272481
2020-12-21,CRM,8.2819056,8.320993,8.0084202
2020-12-21,CSCO,3.7844782,3.7536727,3.6787839
2020-12-21,IBM,3.7676888,3.8138329,3.7557771
2020-12-21,INTC,4.6263982,4.5228054,4.5733389
2020-12-21,MSFT,25.91526,26.257979,25.466087
2020-12-21,NKE,2.2618727,2.3003655,2.1971004
2020-12-21,VZ,0.18181295,0.18581426,0.18052368
2020-12-21,WMT,0.41838531,0.4264377,0.41674491
2020-12-22,AAPL,15.383271,15.557672,15.21449
2020-12-22,AMGN,0.72220074,0.75556308,0.70991535
2020-12-22,CRM,8.0892161,8.1814803,8.1253025
2020-12-22,CSCO,3.7369426,3.792664,3.6973298
2020-12-22,IBM,3.7052226,3.7874975,3.7229077
2020-12-22,INTC,4.5385442,4.5957626,4.4497122
2020-12-22,MSFT,25.182878,25.865009,24.732286
2020-12-22,NKE,2.1642256,2.2002354,2.1635227
2020-12-22,VZ,0.17819685,0.18354534,0.17465146
2020-12-22,WMT,0.40615754,0.41378154,0.39913885
2020-12-23,AAPL,15.465767,15.476243,15.705761
2020-12-23,AMGN,0.69593464,0.71827444,0.68867954
2020-12-23,CRM,7.8490149,7.9849283,7.5473068
2020-12-23,CSCO,3.7066471,3.7279503,3.6947315
2020-12-23,IBM,3.5515721,3.5949326,3.5411716
2020-12-23,INTC,4.4679825,4.5956852,4.4096209
2020-12-23,MSFT,25.52579,25.822595,25.347597
2020-12-23,NKE,2.175176,2.2115661,2.1501144
2020-12-23,VZ,0.17231009,0.17283748,0.16798454
2020-12-23,WMT,0.39487085,0.40252621,0.39682929
2020-12-24,AAPL,15.405419,15.439673,15.28744
2020-12-24,AMGN,0.69782702,0.71511778,0.69220787
2020-12-24,CRM,7.5915295,7.5695847,7.4376814
2020-12-24,CSCO,3.632581,3.6066479,3.605199
2020-12-24,IBM,3.4992933,3.5752985,3.4817539
2020-12-24,INTC,4.237278,4.2503794,4.1860573
2020-12-24,MSFT,26.047734,26.296064,25.679702
2020-12-24,NKE,2.1111371,2.1546108,2.115126
2020-12-24,VZ,0.16802079,0.16887492,0.16923445
2020-12-24,WMT,0.38505585,0.39039396,0.38709276
2020-12-28,AAPL,15.767406,15.727883,15.70569
2020-12-28,AMGN,0.70397591,0.72295604,0.68463527
2020-12-28,CRM,7.8591743,7.9222783,7.6831281
2020-12-28,CSCO,3.5503032,3.6032293,3.5252114
2020-12-28,IBM,3.3712404,3.391474,3.376104
2020-12-28,INTC,4.1357872,4.1648678,4.0268237
2020-12-28,MSFT,26.190271,26.429254,26.429023
2020-12-28,NKE,2.1214403,2.1861327,2.1169409
2020-12-28,VZ,0.16580502,0.16544316,0.16795545
2020-12-28,WMT,0.37879574,0.38082722,0.3775824
2020-12-29,AAPL,15.859255,15.975461,14.916947
2020-12-29,AMGN,0.66705502,0.68271727,0.65066222
2020-12-29,CRM,8.0470956,8.1757679,7.9661048
2020-12-29,CSCO,3.4378764,3.4028616,3.3584886
2020-12-29,IBM,3.3359979,3.2929355,3.3113601
2020-12-29,INTC,4.1901759,4.198182,4.0677383
2020-12-29,MSFT,25.996967,26.104216,25.493161
2020-12-29,NKE,2.0912037,2.1235133,2.026502
2020-12-29,VZ,0.16327103,0.16499405,0.16178955
2020-12-29,WMT,0.36971844,0.37518642,0.36170953
2020-12-30,AAPL,14.986293,15.741851,14.638627
2020-12-30,AMGN,0.67761709,0.68580857,0.66837796
2020-12-30,CRM,7.890647,8.2604345,8.0705149
2020-12-30,CSCO,3.4300363,3.5625497,3.3869268
2020-12-30,IBM,3.2635677,3.2430892,3.2559012
2020-12-30,INTC,4.2217253,4.3209876,4.1532357
2020-12-30,MSFT,25.635551,26.38423,25.135929
2020-12-30,NKE,2.0829238,2.1204818,2.0679081
2020-12-30,VZ,0.16061762,0.16523159,0.16060137
2020-12-30,WMT,0.35822741,0.36627374,0.35244594
2020-12-31,AAPL,15.447925,15.546801,15.463696
2020-12-31,AMGN,0.67676661,0.68246111,0.66366675
2020-12-31,CRM,8.2769308,8.6200877,8.1742176
2020-12-31,CSCO,3.4322451,3.4255474,3.4430161
2020-12-31,IBM,3.3487727,3.4478478,3.3557153
2020-12-31,INTC,4.0127457,4.0420633,3.9660785
2020-12-31,MSFT,25.110412,25.344262,25.197424
2020-12-31,NKE,2.1105881,2.1434536,2.1388744
2020-12-31,VZ,0.16080094,0.16016598,0.15900269
2020-12-31,WMT,0.36368911,0.36683248,0.36060894
2021-01-04,AAPL,15.75783,15.699805,15.662954
2021-01-04,AMGN,0.65450057,0.67931361,0.64353111
2021-01-04,CRM,8.1770441,8.2263884,8.2908447
2021-01-04,CSCO,3.4297052,3.3901039,3.4009475
2021-01-04,IBM,3.40418,3.4137603,3.3965412
2021-01-04,INTC,4.0182777,3.9793895,3.9486812
2021-01-04,MSFT,24.94672,25.155825,24.793269
2021-01-04,NKE,2.0701603,2.0865511,2.0805787
2021-01-04,VZ,0.1562223,0.15656223,0.15556038
2021-01-04,WMT,0.35988318,0.36357459,0.35094109
2021-01-05,AAPL,15.900731,16.078998,15.684616
2021-01-05,AMGN,0.64513315,0.64523705,0.64877741
2021-01-05,CRM,8.1010436,8.2062405,7.9141025
2021-01-05,CSCO,3.3926587,3.3672507,3.3351927
2021-01-05,IBM,3.3593229,3.4152371,3.2581129
2021-01-05,INTC,4.1029162,4.1007162,4.0319494
2021-01-05,MSFT,24.747302,24.877989,24.105855
2021-01-05,NKE,2.0164685,2.014887,2.036623
2021-01-05,VZ,0.15249778,0.15365043,0.15123983
2021-01-05,WMT,0.34603853,0.35394734,0.34897829
2021-01-06,AAPL,16.172426,16.596499,16.039253
2021-01-06,AMGN,0.6320581,0.63984998,0.63078755
2021-01-06,CRM,7.8259065,7.9772888,7.9754435
2021-01-06,CSCO,3.3441639,3.3507496,3.2556923
2021-01-06,IBM,3.3077344,3.35843,3.2918026
2021-01-06,INTC,4.030887,4.0152855,3.9753094
2021-01-06,MSFT,24.770192,24.841657,24.352226
2021-01-06,NKE,1.9828437,1.9924002,1.99986
2021-01-06,VZ,0.14726232,0.14878434,0.1493714
2021-01-06,WMT,0.3452818,0.34984867,0.3410812
2021-01-07,AAPL,16.494895,16.709258,16.334082
2021-01-07,AMGN,0.59470862,0.61127922,0.58362887
2021-01-07,CRM,7.9004788,8.0443413,7.80559
2021-01-07,CSCO,3.3543367,3.3592043,3.3211651
2021-01-07,IBM,3.2264494,3.2473191,3.242499
2021-01-07,INTC,3.8371961,3.8754697,3.8075616
2021-01-07,MSFT,24.514347,24.868727,23.87429
2021-01-07,NKE,1.8673942,1.8821279,1.8698013
2021-01-07,VZ,0.1434827,0.14315394,0.14290294
2021-01-07,WMT,0.34227134,0.34766364,0.33998788
2021-01-08,AAPL,16.494016,16.614482,16.065923
2021-01-08,AMGN,0.57989104,0.60972098,0.57463397
2021-01-08,CRM,7.8371117,7.9186181,7.8245548
2021-01-08,CSCO,3.3709447,3.3595889,3.2924409
2021-01-08,IBM,3.2898998,3.3060077,3.3220748
2021-01-08,INTC,3.799618,3.8283953,3.7358173
2021-01-08,MSFT,25.217599,25.506856,24.418199
2021-01-08,NKE,1.9007982,1.9242961,1.8909702
2021-01-08,VZ,0.13729525,0.14028657,0.13631373
2021-01-08,WMT,0.3300953,0.33265748,0.32709103
2021-01-11,AAPL,16.328748,16.521731,15.861233
2021-01-11,AMGN,0.55797925,0.56451434,0.5522948
2021-01-11,CRM,7.7738042,7.9232834,7.6553652
2021-01-11,CSCO,3.3904789,3.3530572,3.339505
2021-01-11,IBM,3.2481614,3.269218,3.2356992
2021-01-11,INTC,3.7052951,3.730823,3.6609741
2021-01-11,MSFT,26.015923,26.480442,25.455044
2021-01-11,NKE,1.884989,1.9096359,1.8582061
2021-01-11,VZ,0.13265337,0.13315099,0.13284055
2021-01-11,WMT,0.32545203,0.33340477,0.32036186
2021-01-12,AAPL,15.753979,15.769962,15.411754
2021-01-12,AMGN,0.56307244,0.56365937,0.55159779
2021-01-12,CRM,7.6943375,7.7700334,7.6559085
2021-01-12,CSCO,3.3670069,3.4290207,3.3165067
2021-01-12,IBM,3.2412229,3.2479255,3.2584904
2021-01-12,INTC,3.6972273,3.7052523,3.6667593
2021-01-12,MSFT,25.579896,26.007618,25.058911
2021-01-12,NKE,1.8714134,1.8822507,1.8639837
2021-01-12,VZ,0.1281036,0.12982828,0.1296452
2021-01-12,WMT,0.31713696,0.32500561,0.31678769
2021-01-13,AAPL,15.730812,16.203471,15.715399
2021-01-13,AMGN,0.55576624,0.56947276,0.5426186
2021-01-13,CRM,7.9593153,8.0496832,7.8842903
2021-01-13,CSCO,3.4428137,3.4573338,3.5070876
2021-01-13,IBM,3.2479428,3.2852817,3.2366953
2021-01-13,INTC,3.5851301,3.6322125,3.5076372
2021-01-13,MSFT,25.666527,25.864287,24.616191
2021-01-13,NKE,1.8353002,1.8522086,1.823694
2021-01-13,VZ,0.12535396,0.12817922,0.12497613
2021-01-13,WMT,0.30442507,0.30518622,0.29865236
2021-01-14,AAPL,15.767789,16.318389,15.532307
2021-01-14,AMGN,0.52285993,0.52879996,0.52951519
2021-01-14,CRM,8.0030962,7.8117962,7.9983183
2021-01-14,CSCO,3.4449144,3.4246756,3.4354225
2021-01-14,IBM,3.197384,3.2641968,3.2284312
2021-01-14,INTC,3.5002788,3.5039432,3.4252692
2021-01-14,MSFT,25.141122,25.36291,24.757899
2021-01-14,NKE,1.8067543,1.7876109,1.8238242
2021-01-14,VZ,0.12029664,0.12000008,0.11928221
2021-01-14,WMT,0.30479836,0.3080105,0.30352824
2021-01-15,AAPL,15.609646,15.584894,15.156566
2021-01-15,AMGN,0.49601891,0.51356652,0.49741745
2021-01-15,CRM,8.0097732,8.0164962,7.9026603
2021-01-15,CSCO,3.4336915,3.3903412,3.3214955
2021-01-15,IBM,3.1894595,3.1898735,3.1334542
2021-01-15,INTC,3.4930531,3.4931181,3.4946838
2021-01-15,MSFT,25.68607,25.761365,25.430672
2021-01-15,NKE,1.7809085,1.7837849,1.755925
2021-01-15,VZ,0.11331317,0.11562106,0.11496774
2021-01-15,WMT,0.29944971,0.3074225,0.29641595
2021-01-19,AAPL,15.805154,16.031704,15.536914
2021-01-19,AMGN,0.47214395,0.48121484,0.46937447
2021-01-19,CRM,8.1730037,8.2707034,7.921951
2021-01-19,CSCO,3.462962,3.3761736,3.4586526
2021-01-19,IBM,3.1088196,3.1979371,3.1206688
2021-01-19,INTC,3.477788,3.4969708,3.4003272
2021-01-19,MSFT,25.676361,25.728631,25.389333
2021-01-19,NKE,1.7396837,1.7783729,1.7521561
2021-01-19,VZ,0.10860099,0.11035,0.10728754
2021-01-19,WMT,0.29256943,0.29639014,0.28826539
2021-01-20,AAPL,15.372592,15.6924,14.995776
2021-01-20,AMGN,0.45161271,0.46056199,0.44460886
2021-01-20,CRM,7.9145785,7.9990304,7.7576155
2021-01-20,CSCO,3.3883518,3.3426075,3.3698659
2021-01-20,IBM,3.0936808,3.0935976,3.0856939
2021-01-20,INTC,3.4359508,3.3978412,3.4062519
2021-01-20,MSFT,26.439311,26.571526,26.14615
2021-01-20,NKE,1.6891134,1.7197774,1.6504004
2021-01-20,VZ,0.11013736,0.11260365,0.10871075
2021-01-20,WMT,0.29349123,0.29691694,0.29151635
2021-01-21,AAPL,15.490819,15.398814,15.214283
2021-01-21,AMGN,0.4387897,0.45121155,0.42971406
2021-01-21,CRM,7.7547993,7.6923476,7.8586939
2021-01-21,CSCO,3.3994152,3.3788388,3.3281832
2021-01-21,IBM,2.9917628,3.0368699,2.9992884
2021-01-21,INTC,3.4096076,3.4350685,3.3886273
2021-01-21,MSFT,26.35497,26.985291,26.085687
2021-01-21,NKE,1.6742441,1.6868793,1.6688578
2021-01-21,VZ,0.10952058,0.11144354,0.10940321
2021-01-21,WMT,0.28450645,0.28848122,0.28200915
2021-01-22,AAPL,15.275124,15.390462,14.622822
2021-01-22,AMGN,0.42290409,0.43305064,0.41281689
2021-01-22,CRM,7.7243451,7.7015434,7.4234071
2021-01-22,CSCO,3.3910081,3.3645265,3.4194759
2021-01-22,IBM,2.997636,2.9894412,2.9683135
2021-01-22,INTC,3.4398189,3.4494446,3.3963949
2021-01-22,MSFT,26.445259,25.951163,25.91858
2021-01-22,NKE,1.6444564,1.685379,1.609151
2021-01-22,VZ,0.10598535,0.10577844,0.1055117
2021-01-22,WMT,0.27551484,0.2789508,0.27635998
2021-01-25,AAPL,15.461091,15.621108,15.431916
2021-01-25,AMGN,0.40127259,0.41289793,0.39458113
2021-01-25,CRM,7.7058077,7.784985,7.6291746
2021-01-25,CSCO,3.3753141,3.3731005,3.323997
2021-01-25,IBM,2.8830465,2.9012515,2.8667766
2021-01-25,INTC,3.3339577,3.4027818,3.3163913
2021-01-25,MSFT,27.275864,27.182566,26.97814
2021-01-25,NKE,1.6163172,1.6388519,1.5888715
2021-01-25,VZ,0.10539204,0.10715297,0.10511477
2021-01-25,WMT,0.26638914,0.27300037,0.26304289
2021-01-26,AAPL,16.0223,16.221613,15.623882
2021-01-26,AMGN,0.39063513,0.41003801,0.38390845
2021-01-26,CRM,7.9269975,7.7886115,7.8235429
2021-01-26,CSCO,3.4732342,3.5025173,3.4079433
2021-01-26,IBM,2.7950116,2.8256825,2.802514
2021-01-26,INTC,3.2027092,3.2015659,3.1834566
2021-01-26,MSFT,26.913071,26.702811,26.175847
2021-01-26,NKE,1.5777614,1.5962975,1.6004018
2021-01-26,VZ,0.10119725,0.10287103,0.10022677
2021-01-26,WMT,0.26172512,0.26470869,0.26106333
2021-01-27,AAPL,16.245244,16.30724,16.040909
2021-01-27,AMGN,0.37759013,0.38434377,0.37420445
2021-01-27,CRM,8.1876996,8.1651104,8.1303274
2021-01-27,CSCO,3.5118969,3.5155342,3.4813155
2021-01-27,IBM,2.773537,2.799807,2.7425509
2021-01-27,INTC,3.1629675,3.1896819,3.1230395
2021-01-27,MSFT,27.162935,27.580015,26.648285
2021-01-27,NKE,1.5585162,1.5815437,1.539816
2021-01-27,VZ,0.10002236,0.099138559,0.098914515
2021-01-27,WMT,0.2569297,0.26297477,0.2546229
2021-01-28,AAPL,16.158258,16.3708,15.458057
2021-01-28,AMGN,0.38189281,0.3877839,0.383392
2021-01-28,CRM,8.1014492,8.1337899,8.0074361
2021-01-28,CSCO,3.4256807,3.3917557,3.4041578
2021-01-28,IBM,2.7393029,2.7408432,2.682984
2021-01-28,INTC,3.2079282,3.2162959,3.1955457
2021-01-28,MSFT,27.19083,28.232123,26.92762
2021-01-28,NKE,1.531086,1.5528088,1.5303748
2021-01-28,VZ,0.097621566,0.099302158,0.097609656
2021-01-28,WMT,0.25752066,0.26396036,0.25459781
2021-01-29,AAPL,16.30138,16.156924,15.63845
2021-01-29,AMGN,0.36943348,0.38430342,0.36554722
2021-01-29,CRM,7.9748759,7.9894422,7.5148484
2021-01-29,CSCO,3.2814788,3.2933981,3.1795041
2021-01-29,IBM,2.7903487,2.7922015,2.7738874
2021-01-29,INTC,3.1497401,3.1303494,3.0008025
2021-01-29,MSFT,27.634822,28.105661,27.033146
2021-01-29,NKE,1.4433843,1.4685355,1.4218082
2021-01-29,VZ,0.095883285,0.097194338,0.094611089
2021-01-29,WMT,0.25559656,0.25824088,0.25165335
2021-02-01,AAPL,15.583748,15.788508,15.385236
2021-02-01,AMGN,0.35442263,0.36163707,0.35397646
2021-02-01,CRM,7.8538266,8.1098149,7.956374
2021-02-01,CSCO,3.1585268,3.2073291,3.1101783
2021-02-01,IBM,2.7173659,2.8005372,2.7170492
2021-02-01,INTC,3.0911071,3.1604776,3.10214
2021-02-01,MSFT,26.949141,27.64242,26.752105
2021-02-01,NKE,1.4307444,1.4629074,1.4219819
2021-02-01,VZ,0.09304314,0.096151019,0.091143647
2021-02-01,WMT,0.24290287,0.2452628,0.23975768
2021-02-02,AAPL,15.247749,14.974373,15.205243
2021-02-02,AMGN,0.35947738,0.36700477,0.35900889
2021-02-02,CRM,7.6841901,7.7409828,7.7297386
2021-02-02,CSCO,3.1018544,3.0628078,3.0985385
2021-02-02,IBM,2.7282987,2.7607526,2.7246794
2021-02-02,INTC,3.1142954,3.1817317,3.1099887
2021-02-02,MSFT,27.17965,27.063259,27.238882
2021-02-02,NKE,1.355883,1.3939984,1.3438786
2021-02-02,VZ,0.090102195,0.090251173,0.089831833
2021-02-02,WMT,0.23984148,0.23935702,0.23973891
2021-02-03,AAPL,15.364995,15.52235,14.871618
2021-02-03,AMGN,0.34238803,0.35243448,0.34150968
2021-02-03,CRM,7.1138341,7.2553135,7.2048631
2021-02-03,CSCO,3.0704882,3.0728136,3.0154377
2021-02-03,IBM,2.7315739,2.7939247,2.7335576
2021-02-03,INTC,3.0759857,3.0813213,3.0240657
2021-02-03,MSFT,27.00083,27.573546,26.796678
2021-02-03,NKE,1.3414636,1.3695794,1.3185876
2021-02-03,VZ,0.089723918,0.090976057,0.08936992
2021-02-03,WMT,0.23589746,0.2372399,0.23672498
2021-02-04,AAPL,15.527114,15.710462,15.42021
2021-02-04,AMGN,0.3466145,0.36087751,0.33975343
2021-02-04,CRM,7.3068125,7.4023142,7.0095414
2021-02-04,CSCO,3.0420629,3.0089465,3.0000601
2021-02-04,IBM,2.7638987,2.7887541,2.7557965
2021-02-04,INTC,3.1667554,3.1757185,3.166007
2021-02-04,MSFT,27.484327,27.434662,26.484347
2021-02-04,NKE,1.2885704,1.3210861,1.2991862
2021-02-04,VZ,0.087468779,0.089066564,0.088318358
2021-02-04,WMT,0.22365685,0.2315068,0.22299423
2021-02-05,AAPL,15.522212,15.51523,15.500995
2021-02-05,AMGN,0.33233272,0.33685846,0.32666242
2021-02-05,CRM,7.2323344,7.365878,7.1480779
2021-02-05,CSCO,3.0819306,3.070369,3.0750443
2021-02-05,IBM,2.6713742,2.7444887,2.6878452
2021-02-05,INTC,3.1930067,3.2709454,3.2075611
2021-02-05,MSFT,27.178517,28.067898,26.681346
2021-02-05,NKE,1.2342778,1.2349406,1.2152508
2021-02-05,VZ,0.08480744,0.086209371,0.083844498
2021-02-05,WMT,0.21836035,0.22276214,0.21782128
2021-02-08,AAPL,15.184087,15.190447,14.897021
2021-02-08,AMGN,0.32823608,0.33590606,0.31720702
2021-02-08,CRM,7.1742727,7.2226597,7.1381453
2021-02-08,CSCO,3.125305,3.1572149,3.0983139
2021-02-08,IBM,2.609101,2.6371135,2.6163446
2021-02-08,INTC,3.270795,3.2747385,3.2540677
2021-02-08,MSFT,26.741411,26.83373,26.080917
2021-02-08,NKE,1.2150331,1.2373248,1.1988943
2021-02-08,VZ,0.084557536,0.085521511,0.084975646
2021-02-08,WMT,0.21975134,0.22235544,0.21586413
2021-02-09,AAPL,15.15094,15.122605,14.931001
2021-02-09,AMGN,0.32034628,0.32368187,0.32275115
2021-02-09,CRM,7.5784644,7.5788158,7.4146832
2021-02-09,CSCO,3.08823,3.1315342,3.0691392
2021-02-09,IBM,2.5857599,2.6341272,2.5890147
2021-02-09,INTC,3.2897382,3.3015523,3.2053474
2021-02-09,MSFT,25.862513,26.031292,25.48269
2021-02-09,NKE,1.2250843,1.248547,1.1937205
2021-02-09,VZ,0.080760915,0.082507951,0.081997705
2021-02-09,WMT,0.21135488,0.21330353,0.21252375
2021-02-10,AAPL,15.64021,15.918862,15.650446
2021-02-10,AMGN,0.31542777,0.31977869,0.30894209
2021-02-10,CRM,7.4410235,7.3635739,7.2271016
2021-02-10,CSCO,3.1129181,3.0843752,3.0889995
2021-02-10,IBM,2.5933129,2.6157845,2.5790178
2021-02-10,INTC,3.2601489,3.2752017,3.2117498
2021-02-10,MSFT,26.437767,26.989434,25.403575
2021-02-10,NKE,1.2405427,1.2577359,1.2299102
2021-02-10,VZ,0.078988752,0.080130588,0.078797942
2021-02-10,WMT,0.2075662,0.21151241,0.20806585
2021-02-11,AAPL,14.848479,14.577325,14.731348
2021-02-11,AMGN,0.3099085,0.32062178,0.30159
2021-02-11,CRM,7.3824932,7.5542275,7.3875412
2021-02-11,CSCO,3.0913149,3.1720153,3.0893794
2021-02-11,IBM,2.5898588,2.6229095,2.5923089
2021-02-11,INTC,3.2294056,3.3202301,3.2027684
2021-02-11,MSFT,26.301099,27.086993,25.482516
2021-02-11,NKE,1.1996951,1.20277,1.1736751
2021-02-11,VZ,0.076770109,0.077875233,0.076348467
2021-02-11,WMT,0.20404955,0.20549256,0.2042361
2021-02-12,AAPL,14.612103,14.358379,14.281456
2021-02-12,AMGN,0.29469891,0.3017384,0.29233471
2021-02-12,CRM,7.4637192,7.6510131,7.3520256
2021-02-12,CSCO,3.0818239,3.0619445,3.02154
2021-02-12,IBM,2.5269965,2.5633617,2.532567
2021-02-12,INTC,3.3169312,3.3510329,3.2682409
2021-02-12,MSFT,26.305113,26.745381,25.74386
2021-02-12,NKE,1.1755219,1.1950154,1.1857075
2021-02-12,VZ,0.074835025,0.074428297,0.074984238
2021-02-12,WMT,0.19911593,0.20232658,0.19637572
2021-02-16,AAPL,13.952025,14.203715,13.782341
2021-02-16,AMGN,0.28520172,0.28957273,0.27862255
2021-02-16,CRM,8.094182,8.0785236,8.1424203
2021-02-16,CSCO,3.0167623,3.0347331,3.0007733
2021-02-16,IBM,2.3944152,2.4200856,2.3772076
2021-02-16,INTC,3.2986682,3.3237336,3.2628025
2021-02-16,MSFT,25.921538,25.78116,25.436256
2021-02-16,NKE,1.1703204,1.1629546,1.1554351
2021-02-16,VZ,0.073397734,0.074570892,0.072954719
2021-02-16,WMT,0.19183539,0.19640475,0.18986771
2021-02-17,AAPL,13.543692,13.679485,12.862415
2021-02-17,AMGN,0.28309783,0.27992749,0.27954476
2021-02-17,CRM,8.1738929,8.0196496,8.2098104
2021-02-17,CSCO,2.9546695,2.9273901,2.9155043
2021-02-17,IBM,2.3484799,2.3625798,2.3258966
2021-02-17,INTC,3.338727,3.3716708,3.2686377
2021-02-17,MSFT,26.019335,26.527333,25.829815
2021-02-17,NKE,1.1244456,1.1509466,1.0840896
2021-02-17,VZ,0.070668926,0.072037806,0.070659036
2021-02-17,WMT,0.18069723,0.18561788,0.18237258
2021-02-18,AAPL,13.292323,13.325098,13.169364
2021-02-18,AMGN,0.27892309,0.28438773,0.27628854
2021-02-18,CRM,8.1393417,8.1348774,8.2061147
2021-02-18,CSCO,2.9785722,2.9805582,2.9540564
2021-02-18,IBM,2.2828372,2.3408534,2.2485315
2021-02-18,INTC,3.288924,3.3439476,3.2857134
2021-02-18,MSFT,25.469315,25.225559,24.600607
2021-02-18,NKE,1.1583262,1.1518931,1.1343947
2021-02-18,VZ,0.070424909,0.071716417,0.070264974
2021-02-18,WMT,0.17343012,0.17463459,0.17425315
2021-02-19,AAPL,13.335732,13.260219,13.40683
2021-02-19,AMGN,0.27792976,0.28192218,0.27559208
2021-02-19,CRM,8.4589499,8.5572312,8.3785625
2021-02-19,CSCO,2.9905044,2.9722393,2.9770009
2021-02-19,IBM,2.322549,2.3493248,2.3102009
2021-02-19,INTC,3.4167235,3.4038733,3.4068452
2021-02-19,MSFT,25.119042,25.184647,25.017902
2021-02-19,NKE,1.1361198,1.1348346,1.1281201
2021-02-19,VZ,0.07104704,0.071146768,0.070578538
2021-02-19,WMT,0.17249806,0.17731118,0.17398063
2021-02-22,AAPL,13.266854,13.112433,12.77373
2021-02-22,AMGN,0.27243862,0.27499078,0.2687609
2021-02-22,CRM,8.5249655,8.6149031,8.7288751
2021-02-22,CSCO,2.9291805,2.9273259,2.9665636
2021-02-22,IBM,2.3020873,2.2908442,2.2915767
2021-02-22,INTC,3.412057,3.4339376,3.3759732
2021-02-22,MSFT,25.732536,25.481031,25.358703
2021-02-22,NKE,1.0896483,1.0903846,1.0879641
2021-02-22,VZ,0.070473442,0.071778728,0.06929629
2021-02-22,WMT,0.17232798,0.17618414,0.17246009
2021-02-23,AAPL,12.821253,12.768098,12.6075
2021-02-23,AMGN,0.26974394,0.27695441,0.27277719
2021-02-23,CRM,8.7115522,8.6454944,8.5849385
2021-02-23,CSCO,2.9604618,2.9473662,2.9198143
2021-02-23,IBM,2.321863,2.3753312,2.3272869
2021-02-23,INTC,3.3923144,3.3837489,3.3502806
2021-02-23,MSFT,25.878506,25.845348,24.986222
2021-02-23,NKE,1.0653151,1.0990744,1.0606599
2021-02-23,VZ,0.068104187,0.068745787,0.067549849
2021-02-23,WMT,0.16867578,0.17252148,0.16980861
2021-02-24,AAPL,12.526884,12.567078,12.283535
2021-02-24,AMGN,0.25613177,0.26392561,0.25590569
2021-02-24,CRM,8.3594998,8.4320632,8.3990641
2021-02-24,CSCO,3.1009936,3.107289,3.0515711
2021-02-24,IBM,2.2437155,2.2566194,2.2348201
2021-02-24,INTC,3.424809,3.4766674,3.4081798
2021-02-24,MSFT,25.818909,25.829752,25.376216
2021-02-24,NKE,1.067384,1.0671813,1.0819618
2021-02-24,VZ,0.066352973,0.066761875,0.065499283
2021-02-24,WMT,0.16301304,0.16404635,0.16400443
2021-02-25,AAPL,12.41799,12.383723,12.075383
2021-02-25,AMGN,0.24648634,0.25393519,0.24653197
2021-02-25,CRM,8.3648868,8.2694938,8.1373261
2021-02-25,CSCO,2.9768946,2.9783212,2.9265555
2021-02-25,IBM,2.189819,2.2353168,2.1556846
2021-02-25,INTC,3.3968257,3.4289421,3.3243839
2021-02-25,MSFT,25.100278,25.368666,24.423296
2021-02-25,NKE,1.0574427,1.0665306,1.0320264
2021-02-25,VZ,0.062793817,0.063225445,0.06248343
2021-02-25,WMT,0.15969409,0.16307851,0.15963623
2021-02-26,AAPL,12.43093,12.325948,11.978096
2021-02-26,AMGN,0.2403123,0.24305352,0.2395947
2021-02-26,CRM,8.2983322,8.3518787,8.4339548
2021-02-26,CSCO,2.9426662,2.96428,2.9176477
2021-02-26,IBM,2.1283615,2.1659383,2.1340439
2021-02-26,INTC,3.3115912,3.3311451,3.3105534
2021-02-26,MSFT,25.102844,25.669341,25.045949
2021-02-26,NKE,1.024867,1.0252531,1.0173756
2021-02-26,VZ,0.061102132,0.0613044,0.060819923
2021-02-26,WMT,0.15650677,0.15820471,0.15596442
2021-03-01,AAPL,12.464786,12.654631,12.134018
2021-03-01,AMGN,0.23254471,0.2402412,0.22996427
2021-03-01,CRM,8.4878253,8.6716208,8.3251052
2021-03-01,CSCO,2.9613426,2.9709832,2.9899389
2021-03-01,IBM,2.0549674,2.0855325,2.0341761
2021-03-01,INTC,3.2933159,3.3356838,3.2931647
2021-03-01,MSFT,25.118971,25.826874,24.605929
2021-03-01,NKE,0.96633101,0.97967389,0.95650321
2021-03-01,VZ,0.059203635,0.05998917,0.060710382
2021-03-01,WMT,0.15158181,0.15412313,0.15086699
2021-03-02,AAPL,12.426363,12.421151,12.26215
2021-03-02,AMGN,0.2243032,0.22796244,0.22452433
2021-03-02,CRM,8.1242575,8.2332529,7.8143629
2021-03-02,CSCO,2.9072047,2.957243,2.8370544
2021-03-02,IBM,1.9972171,2.0167502,1.9821152
2021-03-02,INTC,3.2762487,3.3014198,3.2188564
2021-03-02,MSFT,24.661304,24.987419,24.346735
2021-03-02,NKE,0.93550841,0.96339754,0.91604175
2021-03-02,VZ,0.058562855,0.058570667,0.058377388
2021-03-02,WMT,0.15101396,0.15245054,0.14977511
2021-03-03,AAPL,12.320658,12.937001,12.042147
2021-03-03,AMGN,0.218326,0.22672188,0.2168146
2021-03-03,CRM,7.8437435,8.0120099,7.8001563
2021-03-03,CSCO,2.8828063,2.9812734,2.8523923
2021-03-03,IBM,1.9378689,1.953994,1.9272558
2021-03-03,INTC,3.2369648,3.3121736,3.2555339
2021-03-03,MSFT,24.414395,25.07378,24.23529
2021-03-03,NKE,0.92674581,0.95151425,0.91031129
2021-03-03,VZ,0.058754594,0.059275874,0.059201077
2021-03-03,WMT,0.14710531,0.1508019,0.14458299
2021-03-04,AAPL,12.520686,12.499234,12.575384
2021-03-04,AMGN,0.2167716,0.22013977,0.21636498
2021-03-04,CRM,8.1354847,8.1770534,8.248094
2021-03-04,CSCO,2.8753837,2.9078131,2.8372722
2021-03-04,IBM,1.9358055,1.9687547,1.8923433
2021-03-04,INTC,3.2114988,3.2127109,3.2139241
2021-03-04,MSFT,23.794657,23.814972,23.719573
2021-03-04,NKE,0.92135826,0.93618206,0.90109484
2021-03-04,VZ,0.059083216,0.058783187,0.058339268
2021-03-04,WMT,0.14869064,0.15148966,0.14807555
2021-03-05,AAPL,11.917357,11.745182,11.856866
2021-03-05,AMGN,0.21026832,0.21375219,0.20784391
2021-03-05,CRM,8.038779,8.1429191,7.9328484
2021-03-05,CSCO,2.6406314,2.6175425,2.6181375
2021-03-05,IBM,1.9364434,1.9525463,1.8991623
2021-03-05,INTC,3.165999,3.2152907,3.1691787
2021-03-05,MSFT,22.863998,22.685204,22.848814
2021-03-05,NKE,0.90244226,0.92715015,0.90476328
2021-03-05,VZ,0.058108498,0.058205477,0.058102565
2021-03-05,WMT,0.14839025,0.14998602,0.14713772
2021-03-08,AAPL,11.877074,12.157494,11.855408
2021-03-08,AMGN,0.21294398,0.21528416,0.21112417
2021-03-08,CRM,7.9380651,7.9040738,7.9840255
2021-03-08,CSCO,2.6338276,2.5906941,2.6131709
2021-03-08,IBM,1.8666064,1.9108292,1.8562082
2021-03-08,INTC,3.128729,3.1430147,3.1544989
2021-03-08,MSFT,22.145781,22.383791,21.660155
2021-03-08,NKE,0.88305126,0.88541747,0.88955408
2021-03-08,VZ,0.057679835,0.05821559,0.056513334
2021-03-08,WMT,0.14527387,0.14584761,0.1446804
2021-03-09,AAPL,11.865713,12.11305,12.032577
2021-03-09,AMGN,0.20386623,0.2082527,0.20207381
2021-03-09,CRM,8.0585956,8.186959,8.1603756
2021-03-09,CSCO,2.6125355,2.6097354,2.6197883
2021-03-09,IBM,1.7995025,1.825454,1.8008196
2021-03-09,INTC,3.1392102,3.1261167,3.0925305
2021-03-09,MSFT,22.501408,22.34212,21.994225
2021-03-09,NKE,0.8526674,0.87252789,0.85514522
2021-03-09,VZ,0.055451382,0.055818222,0.055501475
2021-03-09,WMT,0.14439602,0.14549502,0.14244
2021-03-10,AAPL,11.757169,11.75847,11.658775
2021-03-10,AMGN,0.1920457,0.1961024,0.1886371
2021-03-10,CRM,8.2295091,8.3681635,8.3076563
2021-03-10,CSCO,2.5245768,2.5526425,2.5315071
2021-03-10,IBM,1.7880811,1.8246475,1.7736758
2021-03-10,INTC,3.2138045,3.2593171,3.1392396
2021-03-10,MSFT,22.352625,22.620501,22.317509
2021-03-10,NKE,0.84938988,0.84500659,0.86900301
2021-03-10,VZ,0.054299312,0.0543182,0.054225206
2021-03-10,WMT,0.14477258,0.14954804,0.14513796
2021-03-11,AAPL,11.684448,11.778231,11.826407
2021-03-11,AMGN,0.19008438,0.19144366,0.18879834
2021-03-11,CRM,7.9359573,7.987209,8.0267677
2021-03-11,CSCO,2.5046553,2.5056544,2.4746228
2021-03-11,IBM,1.7241811,1.7201993,1.7263859
2021-03-11,INTC,3.057421,3.0864557,3.0279319
2021-03-11,MSFT,22.873843,23.020219,22.796024
2021-03-11,NKE,0.85199805,0.84804545,0.85092328
2021-03-11,VZ,0.052596778,0.053937729,0.052515142
2021-03-11,WMT,0.14287954,0.14488968,0.14172371
2021-03-12,AAPL,11.453891,11.649706,11.286091
2021-03-12,AMGN,0.18221024,0.18710508,0.18115403
2021-03-12,CRM,8.1564633,8.1234076,8.160162
2021-03-12,CSCO,2.5118487,2.5018434,2.4969
2021-03-12,IBM,1.7166946,1.7640632,1.7231893
2021-03-12,INTC,3.0188774,3.0211368,2.9565226
2021-03-12,MSFT,23.110659,23.02324,23.036676
2021-03-12,NKE,0.83033669,0.83599223,0.80901453
2021-03-12,VZ,0.050890918,0.051768893,0.050959496
2021-03-12,WMT,0.14153799,0.14429271,0.1408207
2021-03-15,AAPL,11.301907,11.567424,11.096676
2021-03-15,AMGN,0.1744071,0.17914592,0.17121839
2021-03-15,CRM,8.1440348,8.2254644,8.2604837
2021-03-15,CSCO,2.5422492,2.5067452,2.5179256
2021-03-15,IBM,1.7149739,1.7622202,1.7113807
2021-03-15,INTC,2.9461561,2.9707654,2.8930863
2021-03-15,MSFT,23.851338,24.314642,23.280881
2021-03-15,NKE,0.83652153,0.85370708,0.8350841
2021-03-15,VZ,0.048456504,0.049217456,0.047956231
2021-03-15,WMT,0.14143478,0.14288817,0.14149682
2021-03-16,AAPL,11.209888,11.392014,11.169736
2021-03-16,AMGN,0.16996264,0.17528947,0.16864821
2021-03-16,CRM,8.0118017,8.0056372,7.9664449
2021-03-16,CSCO,2.4978021,2.4576559,2.4367159
2021-03-16,IBM,1.6928259,1.70694,1.6981504
2021-03-16,INTC,2.9324744,2.8842186,2.9499474
2021-03-16,MSFT,24.251813,24.935226,23.62953
2021-03-16,NKE,0.8231308,0.83013681,0.8135414
2021-03-16,VZ,0.046268708,0.047447487,0.045545875
2021-03-16,WMT,0.13500898,0.13560698,0.13398451
2021-03-17,AAPL,11.172846,11.43711,10.987904
2021-03-17,AMGN,0.16613888,0.17032215,0.16327147
2021-03-17,CRM,7.5123118,7.737106,7.538508
2021-03-17,CSCO,2.4088414,2.4342217,2.3832287
2021-03-17,IBM,1.6861611,1.706772,1.6765797
2021-03-17,INTC,2.9636796,3.0583597,2.979465
2021-03-17,MSFT,24.256026,24.352627,23.829558
2021-03-17,NKE,0.80958762,0.8150971,0.8169888
2021-03-17,VZ,0.044866023,0.045950806,0.044651727
2021-03-17,WMT,0.12911267,0.13141878,0.12697676
2021-03-18,AAPL,11.007839,11.138063,10.808061
2021-03-18,AMGN,0.16048568,0.16539948,0.15851403
2021-03-18,CRM,7.3703166,7.4538179,7.2558416
2021-03-18,CSCO,2.3954421,2.3512801,2.3703646
2021-03-18,IBM,1.6654981,1.6857364,1.6494169
2021-03-18,INTC,2.8783068,2.939476,2.790274
2021-03-18,MSFT,24.787367,24.790872,24.338627
2021-03-18,NKE,0.79295184,0.80677928,0.79677442
2021-03-18,VZ,0.044890843,0.045345617,0.044683527
2021-03-18,WMT,0.12674245,0.12934334,0.1265179
2021-03-19,AAPL,11.055037,11.251656,10.94744
2021-03-19,AMGN,0.15609052,0.16013991,0.15527465
2021-03-19,CRM,7.051931,6.9222532,7.0860204
2021-03-19,CSCO,2.3909932,2.4088272,2.353863
2021-03-19,IBM,1.6381266,1.6768662,1.6226165
2021-03-19,INTC,2.9130611,2.993758,2.8660197
2021-03-19,MSFT,24.633762,24.820913,24.361483
2021-03-19,NKE,0.76414029,0.75826941,0.75186251
2021-03-19,VZ,0.043806893,0.044566549,0.043836059
2021-03-19,WMT,0.12633859,0.12612594,0.12794092
2021-03-22,AAPL,11.272773,11.236085,11.069632
2021-03-22,AMGN,0.15224765,0.15362577,0.15059718
2021-03-22,CRM,7.0952069,7.2545397,6.9677925
2021-03-22,CSCO,2.3688549,2.4077295,2.3327328
2021-03-22,IBM,1.64101,1.667025,1.6134253
2021-03-22,INTC,2.9037305,2.9084288,2.9023504
2021-03-22,MSFT,24.264807,24.405668,24.235852
2021-03-22,NKE,0.73690884,0.728825,0.72924161
2021-03-22,VZ,0.043529849,0.044098779,0.044175749
2021-03-22,WMT,0.12587455,0.12679025,0.12615669
2021-03-23,AAPL,11.454257,11.454147,11.327114
2021-03-23,AMGN,0.1482295,0.15357482,0.1445028
2021-03-23,CRM,7.0978054,7.1712837,6.9719351
2021-03-23,CSCO,2.3821554,2.3650781,2.3763328
2021-03-23,IBM,1.5857475,1.5858676,1.5804527
2021-03-23,INTC,2.7926942,2.7576533,2.790984
2021-03-23,MSFT,24.350661,24.392676,24.288183
2021-03-23,NKE,0.73375343,0.74075691,0.72465242
2021-03-23,VZ,0.042481211,0.042344134,0.042502794
2021-03-23,WMT,0.12198964,0.12261365,0.12131648
2021-03-24,AAPL,11.49342,11.384641,11.511635
2021-03-24,AMGN,0.14430918,0.14836148,0.14377843
2021-03-24,CRM,7.241352,7.3535529,7.0645927
2021-03-24,CSCO,2.4080506,2.4024502,2.3751567
2021-03-24,IBM,1.5707213,1.5683427,1.5772333
2021-03-24,INTC,2.7393948,2.7191779,2.7530673
2021-03-24,MSFT,24.115305,24.422005,23.644635
2021-03-24,NKE,0.72491663,0.72936389,0.71199036
2021-03-24,VZ,0.04088801,0.040911801,0.040587258
2021-03-24,WMT,0.11826229,0.11871472,0.11824279
2021-03-25,AAPL,11.230164,11.433461,11.184153
2021-03-25,AMGN,0.14437795,0.14622873,0.14088487
2021-03-25,CRM,7.4678972,7.6249048,7.4846248
2021-03-25,CSCO,2.3324798,2.3325427,2.3142545
2021-03-25,IBM,1.535407,1.5493301,1.5198257
2021-03-25,INTC,2.8188007,2.8229913,2.8007298
2021-03-25,MSFT,24.065125,24.106261,23.480062
2021-03-25,NKE,0.70372653,0.70375648,0.69863642
2021-03-25,VZ,0.040124607,0.040916685,0.039870158
2021-03-25,WMT,0.11597445,0.11777783,0.11566211
2021-03-26,AAPL,10.944059,10.949489,11.02476
2021-03-26,AMGN,0.13887546,0.14222327,0.13664261
2021-03-26,CRM,7.633666,7.7327809,7.426409
2021-03-26,CSCO,2.3067113,2.3287642,2.2943821
2021-03-26,IBM,1.5062071,1.5182519,1.4683726
2021-03-26,INTC,2.8876749,2.8734708,2.8288723
2021-03-26,MSFT,24.297652,24.356706,23.878201
2021-03-26,NKE,0.6959468,0.70029906,0.67775191
2021-03-26,VZ,0.03847353,0.038935725,0.038245593
2021-03-26,WMT,0.11312429,0.11452398,0.1137493
2021-03-29,AAPL,10.79832,10.907941,10.551078
2021-03-29,AMGN,0.13412604,0.13762207,0.13117056
2021-03-29,CRM,7.6215073,7.6133621,7.2672256
2021-03-29,CSCO,2.3295019,2.2802133,2.3229841
2021-03-29,IBM,1.4684598,1.4876273,1.473471
2021-03-29,INTC,2.834376,2.8784874,2.8232899
2021-03-29,MSFT,24.646514,24.89691,24.321425
2021-03-29,NKE,0.68618707,0.68535873,0.68111532
2021-03-29,VZ,0.038231965,0.038435909,0.03800524
2021-03-29,WMT,0.11287777,0.11298177,0.11309696
2021-03-30,AAPL,11.040201,11.341775,10.938832
2021-03-30,AMGN,0.13293075,0.13613737,0.13088002
2021-03-30,CRM,7.4808635,7.5517812,7.5251123
2021-03-30,CSCO,2.2943788,2.2582789,2.2328734
2021-03-30,IBM,1.4670111,1.4891712,1.448826
2021-03-30,INTC,2.8129447,2.7706969,2.7754223
2021-03-30,MSFT,24.415263,24.198641,23.884462
2021-03-30,NKE,0.67767196,0.68572394,0.65861628
2021-03-30,VZ,0.037743182,0.037954417,0.038200679
2021-03-30,WMT,0.11091898,0.11110838,0.10924848
2021-03-31,AAPL,11.111213,11.136852,10.778232
2021-03-31,AMGN,0.12912399,0.13254942,0.12615329
2021-03-31,CRM,7.1295109,7.331024,7.1607832
2021-03-31,CSCO,2.2740074,2.2532327,2.2344324
2021-03-31,IBM,1.4448284,1.4607541,1.4234679
2021-03-31,INTC,2.6891297,2.6697902,2.6120658
2021-03-31,MSFT,24.132022,24.359856,23.541829
2021-03-31,NKE,0.64836253,0.66097895,0.62508381
2021-03-31,VZ,0.037810878,0.038578142,0.037300396
2021-03-31,WMT,0.11101421,0.11390686,0.10756113
2021-04-01,AAPL,10.953676,11.239465,10.706388
2021-04-01,AMGN,0.12622531,0.13109571,0.12643908
2021-04-01,CRM,6.9894424,7.2397043,6.9631964
2021-04-01,CSCO,2.2088918,2.2579055,2.2052936
2021-04-01,IBM,1.4011473,1.4195155,1.3795324
2021-04-01,INTC,2.6316637,2.719909,2.6149907
2021-04-01,MSFT,24.631412,25.423036,23.459653
2021-04-01,NKE,0.64655465,0.66339183,0.64118015
2021-04-01,VZ,0.037154309,0.037414362,0.037361987
2021-04-01,WMT,0.10843973,0.11088625,0.10877171
2021-04-05,AAPL,10.953521,11.214446,10.94479
2021-04-05,AMGN,0.12337165,0.12719771,0.12360461
2021-04-05,CRM,7.0499043,7.0654301,6.9212091
2021-04-05,CSCO,2.1694799,2.1517272,2.1580031
2021-04-05,IBM,1.387165,1.4167235,1.3722964
2021-04-05,INTC,2.6120968,2.6517132,2.6146312
2021-04-05,MSFT,25.673249,25.720331,25.214547
2021-04-05,NKE,0.64528785,0.64215145,0.642807
2021-04-05,VZ,0.036670826,0.036775178,0.036417729
2021-04-05,WMT,0.10851049,0.10769211,0.10597478
2021-04-06,AAPL,11.114219,11.29767,10.976238
2021-04-06,AMGN,0.11822383,0.11952961,0.11834231
2021-04-06,CRM,6.8590384,6.859995,6.8002424
2021-04-06,CSCO,2.1463104,2.1413008,2.1269564
2021-04-06,IBM,1.3835298,1.3988792,1.3774743
2021-04-06,INTC,2.5435306,2.594624,2.5461246
2021-04-06,MSFT,25.582366,25.52693,25.28889
2021-04-06,NKE,0.63044679,0.64904776,0.62652989
2021-04-06,VZ,0.036179658,0.036800365,0.036456701
2021-04-06,WMT,0.10719554,0.1093775,0.1068998
2021-04-07,AAPL,11.046148,11.029218,10.863453
2021-04-07,AMGN,0.11606667,0.11770199,0.11369581
2021-04-07,CRM,7.0334252,7.1738873,6.8998896
2021-04-07,CSCO,2.1245819,2.1241119,2.1146933
2021-04-07,IBM,1.3613178,1.3716454,1.356471
2021-04-07,INTC,2.5387572,2.5852702,2.5679807
2021-04-07,MSFT,24.799716,25.119715,24.658325
2021-04-07,NKE,0.59623192,0.59431236,0.59895457
2021-04-07,VZ,0.034838328,0.035528893,0.034760986
2021-04-07,WMT,0.10386641,0.10557385,0.10257708
2021-04-08,AAPL,11.006212,11.178405,10.604249
2021-04-08,AMGN,0.10833254,0.11028149,0.10842494
2021-04-08,CRM,6.9181,7.0149884,6.8302684
2021-04-08,CSCO,2.0844384,2.0689063,2.0809311
2021-04-08,IBM,1.3534234,1.3729469,1.3417362
2021-04-08,INTC,2.545373,2.5355937,2.577768
2021-04-08,MSFT,25.198553,25.904338,24.984551
2021-04-08,NKE,0.58549511,0.58686061,0.57916478
2021-04-08,VZ,0.0341759,0.034647467,0.034402321
2021-04-08,WMT,0.10212275,0.1024614,0.10112538
2021-04-09,AAPL,10.624915,10.621769,10.415472
2021-04-09,AMGN,0.10501297,0.10598336,0.10621785
2021-04-09,CRM,6.9267025,7.0153121,6.7663488
2021-04-09,CSCO,2.0326146,2.0271782,2.0142847
2021-04-09,IBM,1.3312707,1.3627806,1.336654
2021-04-09,INTC,2.5482516,2.5280093,2.5178373
2021-04-09,MSFT,25.314872,25.311409,24.746542
2021-04-09,NKE,0.57541802,0.58137242,0.56345509
2021-04-09,VZ,0.032334247,0.03279436,0.032724122
2021-04-09,WMT,0.10076803,0.10162958,0.10084227
2021-04-12,AAPL,10.564941,10.768468,10.437736
2021-04-12,AMGN,0.10324394,0.10476698,0.10255024
2021-04-12,CRM,6.8005807,6.7749421,6.5145883
2021-04-12,CSCO,2.0319496,2.0314065,1.9775706
2021-04-12,IBM,1.3071267,1.3290466,1.3256207
2021-04-12,INTC,2.5475021,2.6170887,2.5499346
2021-04-12,MSFT,25.236131,25.032981,24.715563
2021-04-12,NKE,0.57826129,0.58381414,0.56968978
2021-04-12,VZ,0.03170738,0.032228764,0.032129438
2021-04-12,WMT,0.098316246,0.099007188,0.097621982
2021-04-13,AAPL,10.54257,10.840039,10.222089
2021-04-13,AMGN,0.099403842,0.10111283,0.097973712
2021-04-13,CRM,6.8141991,6.8882734,6.7440252
2021-04-13,CSCO,1.9879336,1.9873982,1.9896306
2021-04-13,IBM,1.2892891,1.3053198,1.3042811
2021-04-13,INTC,2.5974754,2.5654456,2.5912941
2021-04-13,MSFT,25.75115,25.643088,25.157891
2021-04-13,NKE,0.58198408,0.58914769,0.5866002
2021-04-13,VZ,0.03057093,0.030920805,0.030283274
2021-04-13,WMT,0.095643943,0.097831314,0.096570395
2021-04-14,AAPL,10.663654,10.679049,10.495352
2021-04-14,AMGN,0.10164819,0.10245872,0.10096033
2021-04-14,CRM,6.777371,6.7729945,6.7946146
2021-04-14,CSCO,1.9519869,1.9758051,1.9214949
2021-04-14,IBM,1.2512459,1.2721584,1.2584084
2021-04-14,INTC,2.6101287,2.6130719,2.6008642
2021-04-14,MSFT,25.351835,25.817343,24.656369
2021-04-14,NKE,0.56838532,0.57254525,0.56750801
2021-04-14,VZ,0.030031454,0.030513136,0.029457624
2021-04-14,WMT,0.094142891,0.096893914,0.093928145
2021-04-15,AAPL,10.693994,10.777523,10.59558
2021-04-15,AMGN,0.096012373,0.097127835,0.093471211
2021-04-15,CRM,6.9491808,6.8421138,6.7558174
2021-04-15,CSCO,1.8841681,1.8981802,1.8719968
2021-04-15,IBM,1.2376613,1.2489376,1.2313709
2021-04-15,INTC,2.5538005,2.549109,2.5014439
2021-04-15,MSFT,24.720006,25.136621,24.213634
2021-04-15,NKE,0.5644372,0.57480519,0.56206671
2021-04-15,VZ,0.029404891,0.029739353,0.029157605
2021-04-15,WMT,0.090402307,0.091240084,0.090806167
2021-04-16,AAPL,10.689597,10.896286,10.708021
2021-04-16,AMGN,0.094456475,0.096010547,0.094314186
2021-04-16,CRM,6.934766,6.9864977,6.761903
2021-04-16,CSCO,1.8855813,1.891528,1.8560813
2021-04-16,IBM,1.1983797,1.2087125,1.2143969
2021-04-16,INTC,2.4968738,2.5171327,2.4618098
2021-04-16,MSFT,24.57278,24.874718,23.912221
2021-04-16,NKE,0.56330228,0.56272122,0.55994987
2021-04-16,VZ,0.029142398,0.029284153,0.029110758
2021-04-16,WMT,0.088422239,0.089780025,0.088992251
2021-04-19,AAPL,10.802571,10.961356,10.606998
2021-04-19,AMGN,0.093410219,0.095805659,0.092536672
2021-04-19,CRM,6.8163295,6.8495279,6.8791257
2021-04-19,CSCO,1.8601635,1.8727713,1.8645881
2021-04-19,IBM,1.1656001,1.1809713,1.1561515
2021-04-19,INTC,2.5251386,2.5028432,2.4947297
2021-04-19,MSFT,24.300039,24.527797,24.251611
2021-04-19,NKE,0.56745079,0.56258759,0.56737821
2021-04-19,VZ,0.028619304,0.029368217,0.027940552
2021-04-19,WMT,0.086608408,0.089427221,0.086702754
2021-04-20,AAPL,10.728717,10.69606,10.352042
2021-04-20,AMGN,0.091310441,0.092622634,0.090311487
2021-04-20,CRM,6.7346413,6.7755263,6.5304824
2021-04-20,CSCO,1.8317462,1.8318986,1.8053983
2021-04-20,IBM,1.1560122,1.1709464,1.127176
2021-04-20,INTC,2.4533387,2.4510043,2.4491802
2021-04-20,MSFT,24.260005,24.670125,24.36194
2021-04-20,NKE,0.55028885,0.56374142,0.54213093
2021-04-20,VZ,0.027909082,0.028079019,0.027878277
2021-04-20,WMT,0.083397832,0.084631052,0.081540659
2021-04-21,AAPL,10.375648,10.69827,10.188787
2021-04-21,AMGN,0.089069553,0.088538546,0.086175757
2021-04-21,CRM,6.8669411,6.8615072,6.8490853
2021-04-21,CSCO,1.8165811,1.8244147,1.8103442
2021-04-21,IBM,1.1286776,1.1478801,1.1232418
2021-04-21,INTC,2.4012687,2.3939799,2.3719787
2021-04-21,MSFT,25.080475,25.031097,24.453705
2021-04-21,NKE,0.54736589,0.54910731,0.54105989
2021-04-21,VZ,0.027259929,0.027711027,0.027546553
2021-04-21,WMT,0.080483226,0.08192328,0.080558109
2021-04-22,AAPL,10.391432,10.532116,10.313985
2021-04-22,AMGN,0.085609214,0.086687375,0.083737633
2021-04-22,CRM,6.7584632,6.8047265,6.4205827
2021-04-22,CSCO,1.8110904,1.8401482,1.7954208
2021-04-22,IBM,1.0964973,1.1234188,1.0906381
2021-04-22,INTC,2.3814422,2.4112578,2.3433784
2021-04-22,MSFT,25.701675,25.837411,25.562688
2021-04-22,NKE,0.53141039,0.5503223,0.541053
2021-04-22,VZ,0.027227127,0.027544345,0.027148544
2021-04-22,WMT,0.076954703,0.077384565,0.075055047
2021-04-23,AAPL,10.457588,10.430346,10.506501
2021-04-23,AMGN,0.083546559,0.084538537,0.084466311
2021-04-23,CRM,6.7785246,6.7945994,6.5966672
2021-04-23,CSCO,1.7947906,1.7753937,1.7680961
2021-04-23,IBM,1.1053959,1.1210492,1.0990885
2021-04-23,INTC,2.3990316,2.4329345,2.4211341
2021-04-23,MSFT,25.052029,25.447998,25.184305
2021-04-23,NKE,0.53331506,0.54101558,0.53783335
2021-04-23,VZ,0.026309214,0.026912974,0.025917623
2021-04-23,WMT,0.074860993,0.076001211,0.074028702
2021-04-26,AAPL,10.095599,10.063035,10.026364
2021-04-26,AMGN,0.081671117,0.082973184,0.080815107
2021-04-26,CRM,6.8432478,6.9821741,7.0636394
2021-04-26,CSCO,1.7849243,1.7915407,1.7512503
2021-04-26,IBM,1.0835619,1.0855263,1.0836629
2021-04-26,INTC,2.357322,2.3714672,2.344501
2021-04-26,MSFT,26.100419,26.134393,25.593967
2021-04-26,NKE,0.52352649,0.52511911,0.51609836
2021-04-26,VZ,0.025569377,0.025886499,0.025352804
2021-04-26,WMT,0.071144764,0.071987601,0.070355495
2021-04-27,AAPL,10.055842,10.047207,9.8460518
2021-04-27,AMGN,0.082352381,0.084030145,0.081993274
2021-04-27,CRM,6.8275931,7.0689515,6.6637077
2021-04-27,CSCO,1.8562468,1.8751859,1.8331491
2021-04-27,IBM,1.0728522,1.0796128,1.0796478
2021-04-27,INTC,2.3268763,2.3889491,2.3196682
2021-04-27,MSFT,26.874145,27.161211,26.464836
2021-04-27,NKE,0.51064876,0.5246968,0.50966842
2021-04-27,VZ,0.02463748,0.024893547,0.024493123
2021-04-27,WMT,0.068594444,0.069121768,0.068336174
2021-04-28,AAPL,10.010854,10.186772,9.8618296
2021-04-28,AMGN,0.079531146,0.080276653,0.078502042
2021-04-28,CRM,6.5455222,6.5858366,6.3409294
2021-04-28,CSCO,1.8525801,1.86521,1.8446802
2021-04-28,IBM,1.0516856,1.0658804,1.0552721
2021-04-28,INTC,2.1995577,2.2199559,2.2156606
2021-04-28,MSFT,26.180055,26.512925,25.541434
2021-04-28,NKE,0.48405128,0.49960137,0.48231201
2021-04-28,VZ,0.024346253,0.024833569,0.023439486
2021-04-28,WMT,0.067306882,0.068379734,0.06776645
2021-04-29,AAPL,9.9786397,9.9784101,9.7929693
2021-04-29,AMGN,0.075787534,0.076099408,0.076125645
2021-04-29,CRM,6.4936075,6.477456,6.2790852
2021-04-29,CSCO,1.8432845,1.8409799,1.8194027
2021-04-29,IBM,1.0619091,1.0742757,1.0387536
2021-04-29,INTC,2.1591585,2.1797182,2.1743766
2021-04-29,MSFT,25.48944,25.815452,24.825979
2021-04-29,NKE,0.47882885,0.48417642,0.47656186
2021-04-29,VZ,0.023967016,0.02426777,0.023639033
2021-04-29,WMT,0.066231893,0.067300559,0.066404077
2021-04-30,AAPL,9.9209983,9.8433971,9.5128045
2021-04-30,AMGN,0.071158871,0.073141267,0.070869307
2021-04-30,CRM,6.057577,6.0997271,5.8175235
2021-04-30,CSCO,1.7613331,1.7900854,1.7009329
2021-04-30,IBM,1.0432855,1.0644314,1.0413192
2021-04-30,INTC,2.101792,2.1355528,2.0682563
2021-04-30,MSFT,25.738884,26.089187,25.263949
2021-04-30,NKE,0.47386026,0.47786428,0.4560745
2021-04-30,VZ,0.023320448,0.023392156,0.022974747
2021-04-30,WMT,0.065931478,0.068393826,0.06491701
2021-05-03,AAPL,9.8027295,10.060909,9.7862205
2021-05-03,AMGN,0.069290374,0.071243407,0.069901767
2021-05-03,CRM,5.8409881,5.9795602,5.7136024
2021-05-03,CSCO,1.7135931,1.7507444,1.7138881
2021-05-03,IBM,1.0134489,1.0310174,1.0155457
2021-05-03,INTC,2.0815468,2.1272472,2.0466379
2021-05-03,MSFT,25.116794,25.758642,24.421376
2021-05-03,NKE,0.454516,0.45951304,0.4549124
2021-05-03,VZ,0.02294074,0.023264472,0.022786118
2021-05-03,WMT,0.06419302,0.064595529,0.063554714
2021-05-04,AAPL,9.5403694,9.6254839,9.5443818
2021-05-04,AMGN,0.070034075,0.070751689,0.069335401
2021-05-04,CRM,5.8337947,5.7134185,5.6336964
2021-05-04,CSCO,1.7280497,1.7721353,1.731871
2021-05-04,IBM,1.0209524,1.0391075,1.0188044
2021-05-04,INTC,2.129213,2.1115452,2.0976295
2021-05-04,MSFT,24.97631,25.24503,24.399784
2021-05-04,NKE,0.44470456,0.44583347,0.45289347
2021-05-04,VZ,0.022702705,0.022403633,0.022579523
2021-05-04,WMT,0.063376607,0.063470637,0.06247748
2021-05-05,AAPL,9.1851619,9.2476894,9.0380463
2021-05-05,AMGN,0.069025506,0.069939287,0.068338798
2021-05-05,CRM,6.0014652,6.031255,5.8568052
2021-05-05,CSCO,1.6807596,1.6727413,1.6728903
2021-05-05,IBM,1.0039414,1.0076234,1.0059846
2021-05-05,INTC,2.0906053,2.1100529,2.0469243
2021-05-05,MSFT,25.471099,26.027758,25.414103
2021-05-05,NKE,0.42747325,0.42955818,0.43183604
2021-05-05,VZ,0.022537002,0.022773962,0.022539756
2021-05-05,WMT,0.063444782,0.063791631,0.06343399
2021-05-06,AAPL,9.1403218,9.11893,8.9895997
2021-05-06,AMGN,0.066899937,0.067849468,0.067372214
2021-05-06,CRM,6.1401282,6.3050139,6.1175509
2021-05-06,CSCO,1.6355347,1.6354745,1.5898044
2021-05-06,IBM,0.96965818,0.98382228,0.96008945
2021-05-06,INTC,1.9934778,1.9834173,1.9764334
2021-05-06,MSFT,25.183531,25.434246,24.628322
2021-05-06,NKE,0.42683068,0.43361557,0.43012596
2021-05-06,VZ,0.022243965,0.022466722,0.022351713
2021-05-06,WMT,0.061536204,0.061534895,0.061838655
2021-05-07,AAPL,9.3900955,9.5790569,9.3416708
2021-05-07,AMGN,0.066068433,0.067631278,0.064991288
2021-05-07,CRM,5.8077459,5.74195,5.4815859
2021-05-07,CSCO,1.5751605,1.5924285,1.5538169
2021-05-07,IBM,0.9524812,0.96833418,0.94538387
2021-05-07,INTC,2.0586763,2.1043654,2.0569857
2021-05-07,MSFT,25.586953,26.305999,25.451576
2021-05-07,NKE,0.43349811,0.43771971,0.43047069
2021-05-07,VZ,0.021357678,0.021332449,0.021405795
2021-05-07,WMT,0.060450215,0.062278564,0.060700718
2021-05-10,AAPL,9.2644679,9.3686923,9.2286856
2021-05-10,AMGN,0.064142191,0.06572997,0.06316901
2021-05-10,CRM,5.9162363,6.0248621,5.9038553
2021-05-10,CSCO,1.5586835,1.5632935,1.5126968
2021-05-10,IBM,0.96923477,0.98729777,0.97335996
2021-05-10,INTC,2.0607655,2.0696155,2.0215675
2021-05-10,MSFT,25.302229,25.392867,24.8247
2021-05-10,NKE,0.42759151,0.43660199,0.43507188
2021-05-10,VZ,0.020754102,0.020952419,0.020893697
2021-05-10,WMT,0.058396032,0.059702434,0.057868564
2021-05-11,AAPL,9.252489,9.2107885,9.0364572
2021-05-11,AMGN,0.064333635,0.065166461,0.062146565
2021-05-11,CRM,5.5337583,5.532686,5.3619396
2021-05-11,CSCO,1.5304523,1.5005823,1.5180746
2021-05-11,IBM,0.9454259,0.95106795,0.94146702
2021-05-11,INTC,2.0479454,2.0710837,2.0075954
2021-05-11,MSFT,25.415526,25.699267,25.316338
2021-05-11,NKE,0.44474269,0.44541018,0.44675094
2021-05-11,VZ,0.020133853,0.020386571,0.019878898
2021-05-11,WMT,0.057616186,0.05816508,0.05763094
2021-05-12,AAPL,8.8719096,9.0083376,8.5043358
2021-05-12,AMGN,0.061350887,0.062603837,0.060183831
2021-05-12,CRM,5.6567218,5.7650036,5.4969617
2021-05-12,CSCO,1.5324336,1.5719256,1.4988677
2021-05-12,IBM,0.94973458,0.96980448,0.93564544
2021-05-12,INTC,2.0583854,2.0608328,2.042762
2021-05-12,MSFT,24.276674,24.377475,23.95508
2021-05-12,NKE,0.43813439,0.44123187,0.43510183
2021-05-12,VZ,0.019807204,0.01996008,0.019792828
2021-05-12,WMT,0.055907657,0.056599301,0.055807626
2021-05-13,AAPL,8.9634072,9.069553,8.7882199
2021-05-13,AMGN,0.059109775,0.059627793,0.058011789
2021-05-13,CRM,5.5964976,5.5979447,5.6619428
2021-05-13,CSCO,1.5342797,1.5678655,1.5043568
2021-05-13,IBM,0.94260221,0.94908567,0.93041967
2021-05-13,INTC,1.9891137,2.0095092,1.9381733
2021-05-13,MSFT,24.610118,24.246428,24.011842
2021-05-13,NKE,0.43648368,0.44593811,0.44160423
2021-05-13,VZ,0.019571002,0.019959753,0.019417008
2021-05-13,WMT,0.054088656,0.055296245,0.053659044
2021-05-14,AAPL,9.0057761,8.960225,8.7210509
2021-05-14,AMGN,0.056851708,0.058004912,0.055124282
2021-05-14,CRM,5.7209929,5.7711046,5.6238904
2021-05-14,CSCO,1.4709014,1.4398106,1.4740432
2021-05-14,IBM,0.93303377,0.93406317,0.91735342
2021-05-14,INTC,1.942678,1.9156279,1.9646698
2021-05-14,MSFT,24.548544,24.629099,23.99087
2021-05-14,NKE,0.42977957,0.43313876,0.42814216
2021-05-14,VZ,0.019154531,0.019516374,0.019151149
2021-05-14,WMT,0.053065359,0.053736143,0.05240086
2021-05-17,AAPL,9.0728442,9.3237397,9.1547534
2021-05-17,AMGN,0.056139507,0.05649095,0.055336673
2021-05-17,CRM,5.7401074,5.8136744,5.7061937
2021-05-17,CSCO,1.4732487,1.4630222,1.461487
2021-05-17,IBM,0.92000572,0.9303988,0.90604942
2021-05-17,INTC,1.9413976,1.9868346,1.9608257
2021-05-17,MSFT,24.861024,25.189543,24.528529
2021-05-17,NKE,0.41708137,0.4247814,0.41347167
2021-05-17,VZ,0.018583871,0.018682136,0.018375907
2021-05-17,WMT,0.052086819,0.052669991,0.052370339
2021-05-18,AAPL,9.1274448,9.0704171,9.0052342
2021-05-18,AMGN,0.055731103,0.056707915,0.055758309
2021-05-18,CRM,5.6410295,5.6838964,5.6299736
2021-05-18,CSCO,1.4953565,1.4867509,1.4737895
2021-05-18,IBM,0.90606211,0.90715809,0.89976803
2021-05-18,INTC,1.9749721,1.9865619,1.9589407
2021-05-18,MSFT,25.30068,25.762342,24.582708
2021-05-18,NKE,0.4053078,0.40028912,0.3950234
2021-05-18,VZ,0.018210499,0.018406046,0.01843941
2021-05-18,WMT,0.050377526,0.050884796,0.050311682
2021-05-19,AAPL,9.1945023,9.2127497,9.0824883
2021-05-19,AMGN,0.05260241,0.053906388,0.052464899
2021-05-19,CRM,5.6327593,5.7953085,5.6378585
2021-05-19,CSCO,1.4881322,1.4872057,1.4503402
2021-05-19,IBM,0.89764028,0.90772516,0.90399489
2021-05-19,INTC,1.9824873,2.015675,1.9774961
2021-05-19,MSFT,25.883831,26.173152,25.332039
2021-05-19,NKE,0.39977045,0.39053808,0.39933745
2021-05-19,VZ,0.017902818,0.018058558,0.017600812
2021-05-19,WMT,0.050164451,0.051149547,0.050333376
2021-05-20,AAPL,9.1518848,9.3979434,9.0994022
2021-05-20,AMGN,0.050026018,0.050349512,0.048923757
2021-05-20,CRM,5.76332,5.764161,5.7281116
2021-05-20,CSCO,1.4579506,1.453075,1.4571631
2021-05-20,IBM,0.8807293,0.88849119,0.86492982
2021-05-20,INTC,1.9719401,2.0067326,1.9781359
2021-05-20,MSFT,25.824571,26.428735,25.240443
2021-05-20,NKE,0.39103095,0.39199545,0.38348338
2021-05-20,VZ,0.017506321,0.017704854,0.01767182
2021-05-20,WMT,0.049727886,0.050040139,0.05006793
2021-05-21,AAPL,9.0772569,9.3663306,8.9401795
2021-05-21,AMGN,0.047998701,0.049890684,0.047042559
2021-05-21,CRM,5.7907696,5.7304472,5.6199191
2021-05-21,CSCO,1.3904462,1.407361,1.3876472
2021-05-21,IBM,0.84343004,0.85796096,0.83525987
2021-05-21,INTC,1.8695385,1.8594899,1.845279
2021-05-21,MSFT,25.394813,25.633367,24.955187
2021-05-21,NKE,0.39368347,0.39617774,0.39121531
2021-05-21,VZ,0.017159289,0.017331401,0.017084841
2021-05-21,WMT,0.049759072,0.050410478,0.048802703
2021-05-24,AAPL,9.1351268,9.037307,8.8574104
2021-05-24,AMGN,0.046669999,0.047526438,0.04632702
2021-05-24,CRM,5.7929256,5.8812972,5.6165117
2021-05-24,CSCO,1.4142529,1.4093652,1.4048077
2021-05-24,IBM,0.86056274,0.87226116,0.84986942
2021-05-24,INTC,1.8223674,1.830533,1.8084263
2021-05-24,MSFT,25.282108,25.991438,24.418029
2021-05-24,NKE,0.38153653,0.39221569,0.38063945
2021-05-24,VZ,0.0168341,0.01712637,0.016778145
2021-05-24,WMT,0.049083472,0.049296532,0.048962416
2021-05-25,AAPL,8.9924221,9.0240595,8.946364
2021-05-25,AMGN,0.046178213,0.046906431,0.045909716
2021-05-25,CRM,5.908258,6.0814071,5.9362413
2021-05-25,CSCO,1.4183395,1.4121049,1.3883512
2021-05-25,IBM,0.8342204,0.8294121,0.8388579
2021-05-25,INTC,1.8497681,1.8775033,1.8059449
2021-05-25,MSFT,25.067654,25.040877,24.895746
2021-05-25,NKE,0.3681676,0.37405171,0.367274
2021-05-25,VZ,0.016482911,0.016658778,0.016733321
2021-05-25,WMT,0.048356572,0.04917383,0.048575769
2021-05-26,AAPL,8.9020838,8.9695673,8.6538549
2021-05-26,AMGN,0.046447678,0.04727908,0.045614208
2021-05-26,CRM,5.9487155,6.0401977,5.8613155
2021-05-26,CSCO,1.4378445,1.4309675,1.3878037
2021-05-26,IBM,0.81284543,0.82342919,0.81709967
2021-05-26,INTC,1.8623937,1.8912923,1.842936
2021-05-26,MSFT,24.781945,25.239731,24.131905
2021-05-26,NKE,0.36535407,0.37471522,0.35995064
2021-05-26,VZ,0.016415541,0.016403944,0.016227688
2021-05-26,WMT,0.048416399,0.048751907,0.048214245
2021-05-27,AAPL,8.8730594,8.9298194,8.6665843
2021-05-27,AMGN,0.045425187,0.045321856,0.045002492
2021-05-27,CRM,6.0301697,6.0057179,5.8653775
2021-05-27,CSCO,1.4697201,1.4746301,1.4786312
2021-05-27,IBM,0.78866339,0.80569965,0.78135468
2021-05-27,INTC,1.8396506,1.8409923,1.819612
2021-05-27,MSFT,24.904595,25.001831,24.781227
2021-05-27,NKE,0.36761171,0.36959592,0.36189431
2021-05-27,VZ,0.016010598,0.016065209,0.015949522
2021-05-27,WMT,0.047132986,0.048315894,0.046479648
2021-05-28,AAPL,8.7747737,8.7651565,8.7541496
2021-05-28,AMGN,0.04371136,0.045667692,0.043408471
2021-05-28,CRM,6.2310198,6.0380668,5.9908414
2021-05-28,CSCO,1.4567046,1.450324,1.4288951
2021-05-28,IBM,0.7936257,0.80551597,0.78820241
2021-05-28,INTC,1.7958852,1.8007441,1.7629035
2021-05-28,MSFT,25.433512,25.668916,24.663618
2021-05-28,NKE,0.36933582,0.37454005,0.3693548
2021-05-28,VZ,0.015826363,0.016180043,0.015920359
2021-05-28,WMT,0.046908349,0.047374608,0.046561765
2021-06-01,AAPL,8.8049516,9.0074246,8.2976141
2021-06-01,AMGN,0.041453851,0.04249073,0.040359648
2021-06-01,CRM,5.876665,5.9309284,5.6911315
2021-06-01,CSCO,1.5076253,1.5043107,1.4753569
2021-06-01,IBM,0.79142103,0.81036281,0.7799329
2021-06-01,INTC,1.803456,1.8274408,1.7616273
2021-06-01,MSFT,24.741735,25.028064,23.999384
2021-06-01,NKE,0.3614066,0.3726417,0.35963545
2021-06-01,VZ,0.015306288,0.015388846,0.015198467
2021-06-01,WMT,0.045926343,0.04635844,0.045705524
2021-06-02,AAPL,9.0195418,9.2483967,8.7735841
2021-06-02,AMGN,0.040983406,0.041306872,0.040336616
2021-06-02,CRM,5.6933951,5.9135984,5.4713674
2021-06-02,CSCO,1.4699406,1.5032012,1.4525462
2021-06-02,IBM,0.79520312,0.81656407,0.7744143
2021-06-02,INTC,1.8444301,1.8807342,1.8245479
2021-06-02,MSFT,23.984354,24.095621,23.731141
2021-06-02,NKE,0.35926211,0.37204579,0.35903444
2021-06-02,VZ,0.01495176,0.015033557,0.014909195
2021-06-02,WMT,0.045045739,0.045775134,0.044448376
2021-06-03,AAPL,8.9333067,8.8844864,8.9609737
2021-06-03,AMGN,0.040678471,0.04049619,0.040047509
2021-06-03,CRM,5.475646,5.5046946,5.567015
2021-06-03,CSCO,1.5236088,1.5466524,1.4889168
2021-06-03,IBM,0.7954356,0.79829358,0.79469086
2021-06-03,INTC,1.8436406,1.8832949,1.8523672
2021-06-03,MSFT,24.114671,24.063174,23.649664
2021-06-03,NKE,0.35231117,0.35280826,0.35516385
2021-06-03,VZ,0.01472491,0.014883767,0.014704353
2021-06-03,WMT,0.044162513,0.044998886,0.04424195
2021-06-04,AAPL,8.6149457,8.645676,8.7812263
2021-06-04,AMGN,0.040015818,0.041362862,0.040639782
2021-06-04,CRM,5.704259,5.6146873,5.5458314
2021-06-04,CSCO,1.5506515,1.5664547,1.5240642
2021-06-04,IBM,0.79377216,0.79431711,0.79529619
2021-06-04,INTC,1.7757226,1.8084361,1.7520032
2021-06-04,MSFT,23.716769,23.800207,23.467255
2021-06-04,NKE,0.3458036,0.34580312,0.34875673
2021-06-04,VZ,0.014476941,0.014609948,0.014663756
2021-06-04,WMT,0.044836306,0.044623555,0.044261526
2021-06-07,AAPL,8.7820172,8.7481814,8.4597548
2021-06-07,AMGN,0.038640417,0.040221976,0.038387539
2021-06-07,CRM,5.4963751,5.4949362,5.3025793
2021-06-07,CSCO,1.5597045,1.5168854,1.54874
2021-06-07,IBM,0.79273723,0.79731366,0.78827614
2021-06-07,INTC,1.73647,1.7278492,1.7048187
2021-06-07,MSFT,23.49207,23.175076,23.173952
2021-06-07,NKE,0.34665048,0.353039,0.34762275
2021-06-07,VZ,0.014273868,0.014487104,0.013727499
2021-06-07,WMT,0.043194551,0.043745355,0.043457263
2021-06-08,AAPL,8.6005477,8.5692663,8.4533017
2021-06-08,AMGN,0.037919719,0.038579203,0.037872606
2021-06-08,CRM,5.3512888,5.28975,5.3093865
2021-06-08,CSCO,1.5348059,1.5230173,1.5225833
2021-06-08,IBM,0.78443241,0.78703335,0.77989125
2021-06-08,INTC,1.7237481,1.7055461,1.7123764
2021-06-08,MSFT,22.722321,22.829738,22.273156
2021-06-08,NKE,0.34490821,0.34848766,0.33932081
2021-06-08,VZ,0.014091578,0.014183899,0.01401732
2021-06-08,WMT,0.042246231,0.043089029,0.04200437
2021-06-09,AAPL,8.4582295,8.350285,8.3133111
2021-06-09,AMGN,0.03751356,0.038148968,0.037042381
2021-06-09,CRM,5.2787785,5.2367555,5.1032337
2021-06-09,CSCO,1.4939308,1.477203,1.485364
2021-06-09,IBM,0.76833888,0.77740642,0.76596973
2021-06-09,INTC,1.7415923,1.7521177,1.7354544
2021-06-09,MSFT,22.892831,22.986044,22.273196
2021-06-09,NKE,0.34342091,0.34850966,0.34066533
2021-06-09,VZ,0.01357458,0.013570843,0.013595251
2021-06-09,WMT,0.040787788,0.04150904,0.039795248
2021-06-10,AAPL,8.3016617,8.4570384,8.1176079
2021-06-10,AMGN,0.036303155,0.03737093,0.036584393
2021-06-10,CRM,5.330449,5.4195941,5.2851759
2021-06-10,CSCO,1.4869857,1.4846344,1.4786082
2021-06-10,IBM,0.76668611,0.78016319,0.76081784
2021-06-10,INTC,1.7644115,1.7610369,1.7579356
2021-06-10,MSFT,23.246434,23.287514,22.771033
2021-06-10,NKE,0.34820064,0.34733989,0.34926828
2021-06-10,VZ,0.013110166,0.013185727,0.01305608
2021-06-10,WMT,0.040302452,0.040027214,0.039943725
2021-06-11,AAPL,8.5936169,8.5705517,8.3959217
2021-06-11,AMGN,0.034938713,0.034966926,0.034483097
2021-06-11,CRM,5.2722247,5.2537692,5.1866038
2021-06-11,CSCO,1.4429997,1.4728242,1.4210654
2021-06-11,IBM,0.76223611,0.77248712,0.76549628
2021-06-11,INTC,1.7713137,1.7520907,1.7527435
2021-06-11,MSFT,23.046905,23.047356,22.769137
2021-06-11,NKE,0.34926624,0.35358266,0.34994869
2021-06-11,VZ,0.012609439,0.012786995,0.012669271
2021-06-11,WMT,0.039120668,0.039970101,0.038247594
2021-06-14,AAPL,8.6919131,8.758711,8.4477086
2021-06-14,AMGN,0.034957947,0.036385489,0.034680125
2021-06-14,CRM,5.1927247,5.3343629,5.0861543
2021-06-14,CSCO,1.4000721,1.4025468,1.3825954
2021-06-14,IBM,0.76818392,0.77154865,0.77688883
2021-06-14,INTC,1.7685792,1.7892282,1.7811422
2021-06-14,MSFT,23.054175,23.325202,22.892544
2021-06-14,NKE,0.347713,0.34589214,0.3498526
2021-06-14,VZ,0.012384385,0.012583689,0.012445169
2021-06-14,WMT,0.037649524,0.038189397,0.037409117
2021-06-15,AAPL,8.8547809,8.8776013,8.7475121
2021-06-15,AMGN,0.033890905,0.034597375,0.033526069
2021-06-15,CRM,5.2726035,5.3080659,4.9793419
2021-06-15,CSCO,1.3553897,1.3676888,1.3065211
2021-06-15,IBM,0.75329185,0.75033588,0.7569562
2021-06-15,INTC,1.7595019,1.75654,1.705315
2021-06-15,MSFT,23.484089,23.836364,22.990429
2021-06-15,NKE,0.33749021,0.34444454,0.34199944
2021-06-15,VZ,0.012198396,0.012362165,0.01230559
2021-06-15,WMT,0.037833503,0.038264976,0.037455051
2021-06-16,AAPL,8.8971846,9.0132607,8.6897536
2021-06-16,AMGN,0.033696796,0.034685199,0.033015477
2021-06-16,CRM,5.2534176,5.3165392,5.2132896
2021-06-16,CSCO,1.3163701,1.3302611,1.2762894
2021-06-16,IBM,0.7642701,0.79179513,0.75640323
2021-06-16,INTC,1.7563882,1.7720591,1.7294042
2021-06-16,MSFT,23.762141,24.389495,23.395908
2021-06-16,NKE,0.34154576,0.35343027,0.34634342
2021-06-16,VZ,0.011933175,0.012042991,0.012031096
2021-06-16,WMT,0.036728236,0.037139524,0.036636452
2021-06-17,AAPL,9.0133845,9.1504203,8.7405801
2021-06-17,AMGN,0.032654665,0.033294962,0.032829091
2021-06-17,CRM,5.3594935,5.5555142,5.1812052
2021-06-17,CSCO,1.3060871,1.3132825,1.3049512
2021-06-17,IBM,0.74819735,0.75111589,0.75690553
2021-06-17,INTC,1.729738,1.7492572,1.7046644
2021-06-17,MSFT,23.332623,23.357773,22.805279
2021-06-17,NKE,0.32744551,0.32871659,0.32524429
2021-06-17,VZ,0.011420395,0.011454636,0.011502204
2021-06-17,WMT,0.035861742,0.036512897,0.036179695
2021-06-18,AAPL,9.5606737,9.7609375,9.3384212
2021-06-18,AMGN,0.032231718,0.03334603,0.03218454
2021-06-18,CRM,5.2203988,5.2007988,5.0213759
2021-06-18,CSCO,1.2903646,1.2908513,1.2923832
2021-06-18,IBM,0.73746749,0.73607033,0.73224937
2021-06-18,INTC,1.7103334,1.7166374,1.6824391
2021-06-18,MSFT,24.073249,23.925182,24.038862
2021-06-18,NKE,0.31306379,0.31232519,0.31500119
2021-06-18,VZ,0.010993293,0.010935181,0.010910345
2021-06-18,WMT,0.035311869,0.035929824,0.035081033
2021-06-21,AAPL,9.8274107,9.8942037,9.524661
2021-06-21,AMGN,0.031653909,0.031968742,0.031636195
2021-06-21,CRM,5.0940042,5.1136536,5.0485124
2021-06-21,CSCO,1.3432135,1.3227042,1.3387262
2021-06-21,IBM,0.7323574,0.74179669,0.72608873
2021-06-21,INTC,1.6901513,1.671298,1.6846896
2021-06-21,MSFT,24.074481,24.312474,23.832318
2021-06-21,NKE,0.29987658,0.30658527,0.29825806
2021-06-21,VZ,0.010844172,0.010944458,0.010899029
2021-06-21,WMT,0.034167744,0.034491724,0.033886441
2021-06-22,AAPL,9.8450975,9.9471385,9.9473673
2021-06-22,AMGN,0.031956864,0.032753022,0.031854985
2021-06-22,CRM,5.2947924,5.27294,5.1746056
2021-06-22,CSCO,1.3306286,1.3348332,1.3239367
2021-06-22,IBM,0.72342113,0.73513129,0.72967032
2021-06-22,INTC,1.7056458,1.7077754,1.6926951
2021-06-22,MSFT,24.621225,24.966537,24.200222
2021-06-22,NKE,0.28901526,0.29300605,0.28918546
2021-06-22,VZ,0.010497911,0.010571535,0.010388398
2021-06-22,WMT,0.033216843,0.03369058,0.032712423
2021-06-23,AAPL,10.134185,10.348804,9.8788966
2021-06-23,AMGN,0.03117978,0.031582437,0.030957251
2021-06-23,CRM,5.20819,5.2951477,5.1151935
2021-06-23,CSCO,1.3146163,1.2820145,1.2902857
2021-06-23,IBM,0.72422046,0.74087503,0.7192444
2021-06-23,INTC,1.6225471,1.6100968,1.6212839
2021-06-23,MSFT,24.09615,24.412026,23.863592
2021-06-23,NKE,0.28720706,0.28611938,0.2874282
2021-06-23,VZ,0.010292103,0.010474066,0.010188033
2021-06-23,WMT,0.032551439,0.032680102,0.03274236
2021-06-24,AAPL,9.9450067,10.068173,9.782364
2021-06-24,AMGN,0.030413846,0.031057498,0.030670725
2021-06-24,CRM,5.5476287,5.5216563,5.4998907
2021-06-24,CSCO,1.2755713,1.2784864,1.2582712
2021-06-24,IBM,0.70011446,0.70324521,0.70551408
2021-06-24,INTC,1.5600398,1.5674549,1.5149743
2021-06-24,MSFT,24.343855,24.118685,24.257164
2021-06-24,NKE,0.28199599,0.28609788,0.27924577
2021-06-24,VZ,0.010234725,0.010190489,0.010443317
2021-06-24,WMT,0.031055248,0.03159832,0.031449612
2021-06-25,AAPL,9.6585403,9.7513053,9.508256
2021-06-25,AMGN,0.029742506,0.030710521,0.029204104
2021-06-25,CRM,5.5086648,5.5494022,5.6049741
2021-06-25,CSCO,1.2968063,1.2754315,1.273637
2021-06-25,IBM,0.69742652,0.70824491,0.69989769
2021-06-25,INTC,1.5315532,1.5410555,1.5113274
2021-06-25,MSFT,24.653296,24.540047,24.064045
2021-06-25,NKE,0.28442099,0.28678469,0.27986694
2021-06-25,VZ,0.010020854,0.010064891,0.010122668
2021-06-25,WMT,0.030251521,0.030216757,0.029925535
2021-06-28,AAPL,9.8147053,9.8485079,9.7032689
2021-06-28,AMGN,0.02798039,0.028566271,0.027728438
2021-06-28,CRM,5.7458315,5.8009164,5.7996252
2021-06-28,CSCO,1.3083659,1.3168302,1.2756907
2021-06-28,IBM,0.71507213,0.73514257,0.71361822
2021-06-28,INTC,1.554208,1.5930719,1.555161
2021-06-28,MSFT,25.089683,24.890943,24.333413
2021-06-28,NKE,0.28593104,0.28877088,0.28229547
2021-06-28,VZ,0.0096435985,0.0096915934,0.0097604123
2021-06-28,WMT,0.02990587,0.030592208,0.029890927
2021-06-29,AAPL,9.4715736,9.5756483,9.4287711
2021-06-29,AMGN,0.027285891,0.027543534,0.026616936
2021-06-29,CRM,5.7775156,5.7888783,5.6476184
2021-06-29,CSCO,1.2954281,1.3083504,1.2867746
2021-06-29,IBM,0.71656277,0.73143088,0.71155343
2021-06-29,INTC,1.5405295,1.5363287,1.5085171
2021-06-29,MSFT,25.627379,25.530594,25.10589
2021-06-29,NKE,0.2783032,0.28037924,0.28216598
2021-06-29,VZ,0.0093558865,0.0093503702,0.0093659488
2021-06-29,WMT,0.02907276,0.029540995,0.028811713
2021-06-30,AAPL,9.1953393,9.5268836,8.9679493
2021-06-30,AMGN,0.02662214,0.027766599,0.026811874
2021-06-30,CRM,5.4502196,5.5035068,5.2982703
2021-06-30,CSCO,1.26561,1.2943377,1.2299505
2021-06-30,IBM,0.70848239,0.71246904,0.68926577
2021-06-30,INTC,1.492058,1.5135385,1.4871078
2021-06-30,MSFT,25.902314,25.812384,25.035434
2021-06-30,NKE,0.26723769,0.2680685,0.25901976
2021-06-30,VZ,0.0090200375,0.0091565637,0.0089151844
2021-06-30,WMT,0.028573004,0.029041363,0.028197342
2021-07-01,AAPL,9.1405271,9.3813127,8.865776
2021-07-01,AMGN,0.026729823,0.027703661,0.026395256
2021-07-01,CRM,5.4286549,5.5566443,5.1881224
2021-07-01,CSCO,1.2444031,1.262502,1.2073606
2021-07-01,IBM,0.70736036,0.72147821,0.71435309
2021-07-01,INTC,1.4816838,1.5440008,1.4498704
2021-07-01,MSFT,26.0881,26.337023,25.473762
2021-07-01,NKE,0.26507119,0.27207807,0.26823096
2021-07-01,VZ,0.0086970903,0.0089594553,0.0087478082
2021-07-01,WMT,0.028075467,0.02888376,0.027768105
2021-07-02,AAPL,9.0913427,9.1436933,9.1573932
2021-07-02,AMGN,0.026952627,0.027175748,0.027070111
2021-07-02,CRM,5.3371207,5.3768109,5.2972657
2021-07-02,CSCO,1.2376613,1.2441604,1.2324871
2021-07-02,IBM,0.70067186,0.70947247,0.69532156
2021-07-02,INTC,1.4720405,1.505235,1.4572325
2021-07-02,MSFT,25.990911,26.320905,25.618981
2021-07-02,NKE,0.2666674,0.26809248,0.26447508
2021-07-02,VZ,0.0086933843,0.008784994,0.0085003731
2021-07-02,WMT,0.028896199,0.029279342,0.028429731
2021-07-06,AAPL,9.1203461,9.2264662,9.3557172
2021-07-06,AMGN,0.02591643,0.026770569,0.025437517
2021-07-06,CRM,5.140679,5.3150541,4.9407432
2021-07-06,CSCO,1.2348726,1.2099488,1.2417769
2021-07-06,IBM,0.68865832,0.68992356,0.68961496
2021-07-06,INTC,1.4371291,1.4424686,1.4327551
2021-07-06,MSFT,26.153426,26.177374,25.996703
2021-07-06,NKE,0.27051599,0.27020096,0.27263272
2021-07-06,VZ,0.0085378007,0.0086466803,0.0084894656
2021-07-06,WMT,0.028242355,0.02884262,0.02805902
2021-07-07,AAPL,9.1227067,9.0807739,8.8090907
2021-07-07,AMGN,0.02535459,0.026247754,0.024955254
2021-07-07,CRM,4.9972496,5.0678733,4.9024744
2021-07-07,CSCO,1.1608456,1.1655456,1.1483769
2021-07-07,IBM,0.69894268,0.69663946,0.68446696
2021-07-07,INTC,1.4475738,1.4226252,1.4240541
2021-07-07,MSFT,26.255984,26.545612,26.109682
2021-07-07,NKE,0.26349593,0.26385518,0.25490139
2021-07-07,VZ,0.0083659681,0.0084050833,0.0085911198
2021-07-07,WMT,0.027877115,0.028324925,0.027897756
2021-07-08,AAPL,9.1987244,9.213197,8.9969111
2021-07-08,AMGN,0.024947321,0.025116726,0.024392472
2021-07-08,CRM,4.8618511,4.8511071,4.8605134
2021-07-08,CSCO,1.1559571,1.1457366,1.1664873
2021-07-08,IBM,0.70063644,0.72084317,0.70040178
2021-07-08,INTC,1.4173107,1.4229464,1.3818238
2021-07-08,MSFT,25.953731,26.260221,25.228229
2021-07-08,NKE,0.26426323,0.26334642,0.27132653
2021-07-08,VZ,0.0081395494,0.0082447348,0.0080419197
2021-07-08,WMT,0.027860864,0.027942743,0.027780848
2021-07-09,AAPL,9.2108634,9.3664035,9.2437436
2021-07-09,AMGN,0.023942118,0.024416102,0.023251236
2021-07-09,CRM,4.7518223,4.7425524,4.8444047
2021-07-09,CSCO,1.1607624,1.1351082,1.1603716
2021-07-09,IBM,0.68758341,0.70086351,0.68343886
2021-07-09,INTC,1.3880757,1.4006989,1.3638836
2021-07-09,MSFT,26.411371,26.674169,25.727642
2021-07-09,NKE,0.25861319,0.25835441,0.26085555
2021-07-09,VZ,0.0080193587,0.0080637889,0.0080150118
2021-07-09,WMT,0.027058762,0.026899528,0.027038787
2021-07-12,AAPL,9.026271,9.1815454,8.7176563
2021-07-12,AMGN,0.023096254,0.023553198,0.023023054
2021-07-12,CRM,4.7130904,4.7335674,4.6114149
2021-07-12,CSCO,1.156321,1.1264192,1.1403683
2021-07-12,IBM,0.69045824,0.6958438,0.69861416
2021-07-12,INTC,1.3812998,1.3740504,1.3836951
2021-07-12,MSFT,26.419386,26.927566,25.856282
2021-07-12,NKE,0.25535223,0.25507936,0.2512038
2021-07-12,VZ,0.0076979748,0.0077950294,0.0078846555
2021-07-12,WMT,0.026371908,0.027028404,0.026100209
2021-07-13,AAPL,9.0897297,9.2696451,8.9167881
2021-07-13,AMGN,0.022533534,0.022844431,0.022581056
2021-07-13,CRM,4.9659491,5.0143505,4.8554179
2021-07-13,CSCO,1.1456225,1.1504206,1.1156071
2021-07-13,IBM,0.68538073,0.69511287,0.68309523
2021-07-13,INTC,1.3752838,1.3630723,1.3492374
2021-07-13,MSFT,26.004981,26.209503,25.909395
2021-07-13,NKE,0.2518331,0.25528772,0.25361477
2021-07-13,VZ,0.0075340079,0.00766002,0.0075161671
2021-07-13,WMT,0.02541103,0.025508114,0.025033182
2021-07-14,AAPL,9.2900283,9.4071464,9.3114963
2021-07-14,AMGN,0.02243184,0.022807014,0.022139104
2021-07-14,CRM,5.0420519,5.0674749,5.0047986
2021-07-14,CSCO,1.143636,1.1390395,1.1414026
2021-07-14,IBM,0.69672717,0.70696802,0.692707
2021-07-14,INTC,1.3797132,1.3677187,1.3526544
2021-07-14,MSFT,26.593774,26.543429,26.104388
2021-07-14,NKE,0.25300905,0.25714771,0.25474454
2021-07-14,VZ,0.0071939865,0.0072990953,0.0071740419
2021-07-14,WMT,0.025557204,0.02595507,0.02539532
2021-07-15,AAPL,9.2738314,9.3367768,8.9645033
2021-07-15,AMGN,0.021712569,0.022110138,0.0212836
2021-07-15,CRM,5.1201232,5.1294209,5.1053511
2021-07-15,CSCO,1.120986,1.1268132,1.0971868
2021-07-15,IBM,0.67595735,0.68631298,0.67184695
2021-07-15,INTC,1.2960755,1.2849617,1.2823475
2021-07-15,MSFT,26.870182,26.958074,26.132848
2021-07-15,NKE,0.24866036,0.25274846,0.24682486
2021-07-15,VZ,0.0068886578,0.0068944735,0.0069279445
2021-07-15,WMT,0.025446631,0.026144452,0.025584387
2021-07-16,AAPL,9.0573012,9.094154,8.9409431
2021-07-16,AMGN,0.020724266,0.020949502,0.020447044
2021-07-16,CRM,5.0326257,5.0859978,5.0354892
2021-07-16,CSCO,1.095267,1.0972473,1.0849165
2021-07-16,IBM,0.68843243,0.69886256,0.68296
2021-07-16,INTC,1.2936065,1.2722073,1.2693907
2021-07-16,MSFT,26.711954,26.977207,26.200865
2021-07-16,NKE,0.25229573,0.25523154,0.24894868
2021-07-16,VZ,0.0068443512,0.0070355076,0.0067677911
2021-07-16,WMT,0.025604519,0.026087967,0.025461655
2021-07-19,AAPL,8.7544763,8.9052515,8.3598824
2021-07-19,AMGN,0.020201183,0.020698181,0.019913878
2021-07-19,CRM,4.9883824,4.8561531,4.8890561
2021-07-19,CSCO,1.0562927,1.0553176,1.0459161
2021-07-19,IBM,0.67579273,0.69550643,0.68178218
2021-07-19,INTC,1.2493253,1.277594,1.2293527
2021-07-19,MSFT,26.836358,27.021688,25.929652
2021-07-19,NKE,0.25207216,0.25542564,0.2480233
2021-07-19,VZ,0.0068792433,0.0069471606,0.0067737368
2021-07-19,WMT,0.025239128,0.025635661,0.025406492
2021-07-20,AAPL,8.4836935,8.5632997,8.3364117
2021-07-20,AMGN,0.020066832,0.020739732,0.019900376
2021-07-20,CRM,4.8233499,4.845242,4.7051841
2021-07-20,CSCO,1.0419717,1.0363519,1.0389794
2021-07-20,IBM,0.67920413,0.68310847,0.67020574
2021-07-20,INTC,1.2081573,1.226594,1.1705481
2021-07-20,MSFT,26.802448,26.985517,26.537392
2021-07-20,NKE,0.25123292,0.25826705,0.24473446
2021-07-20,VZ,0.0066424072,0.0067764453,0.0065477605
2021-07-20,WMT,0.024665532,0.025124502,0.024523183
2021-07-21,AAPL,8.3600033,8.3658224,8.3150172
2021-07-21,AMGN,0.01893553,0.019336561,0.018895994
2021-07-21,CRM,4.6659251,4.69918,4.5512478
2021-07-21,CSCO,1.0188523,1.0139055,1.0112103
2021-07-21,IBM,0.6774549,0.68370718,0.67685268
2021-07-21,INTC,1.1973312,1.2143383,1.1689448
2021-07-21,MSFT,26.558268,26.124192,26.396092
2021-07-21,NKE,0.24963384,0.25514458,0.24898728
2021-07-21,VZ,0.0066081053,0.0066731811,0.0065964545
2021-07-21,WMT,0.024376332,0.024690731,0.024592876
2021-07-22,AAPL,8.3041545,8.3086904,7.999979
2021-07-22,AMGN,0.018151083,0.018635256,0.0183452
2021-07-22,CRM,4.4250891,4.5288549,4.3366605
2021-07-22,CSCO,1.0044396,0.99320761,1.0058625
2021-07-22,IBM,0.66525871,0.6705984,0.66128414
2021-07-22,INTC,1.2199375,1.2236134,1.1764691
2021-07-22,MSFT,26.787732,27.035609,26.499414
2021-07-22,NKE,0.25220117,0.25377422,0.25225159
2021-07-22,VZ,0.0065511928,0.006698527,0.0064962533
2021-07-22,WMT,0.0235961,0.024085588,0.023295041
2021-07-23,AAPL,8.3073206,8.2535582,8.0557527
2021-07-23,AMGN,0.017951682,0.018034742,0.017845908
2021-07-23,CRM,4.5072588,4.5302196,4.5393801
2021-07-23,CSCO,0.98541676,0.98748601,0.9734742
2021-07-23,IBM,0.64818735,0.65611734,0.64018733
2021-07-23,INTC,1.1936285,1.2057193,1.1843746
2021-07-23,MSFT,26.417804,26.506975,25.935772
2021-07-23,NKE,0.24674821,0.24520616,0.24285693
2021-07-23,VZ,0.0062554382,0.0063029456,0.0061415517
2021-07-23,WMT,0.022732967,0.023015556,0.022500319
2021-07-26,AAPL,8.25475,8.5096299,7.9776056
2021-07-26,AMGN,0.017300834,0.017796182,0.017224284
2021-07-26,CRM,4.6115028,4.6045005,4.4431539
2021-07-26,CSCO,0.98093343,0.97632912,0.98012312
2021-07-26,IBM,0.64216622,0.65545108,0.6423442
2021-07-26,INTC,1.2143054,1.2235135,1.2019226
2021-07-26,MSFT,26.888554,26.819559,26.864878
2021-07-26,NKE,0.24590863,0.24986926,0.24260484
2021-07-26,VZ,0.0061668256,0.0062215577,0.0061475321
2021-07-26,WMT,0.022087732,0.02230785,0.021936608
2021-07-27,AAPL,8.2819308,8.2645694,8.0431796
2021-07-27,AMGN,0.017307255,0.017409591,0.017289787
2021-07-27,CRM,4.4872552,4.4512418,4.2963494
2021-07-27,CSCO,0.99233746,0.97632476,0.9792149
2021-07-27,IBM,0.62806624,0.63890005,0.63540071
2021-07-27,INTC,1.2110068,1.2168089,1.190513
2021-07-27,MSFT,26.675158,26.531497,26.696864
2021-07-27,NKE,0.24009488,0.24012504,0.24393715
2021-07-27,VZ,0.0059342041,0.0059365803,0.00589857
2021-07-27,WMT,0.021872259,0.02208858,0.021650204
2021-07-28,AAPL,8.3214074,8.4162346,8.0992153
2021-07-28,AMGN,0.016717992,0.016985791,0.016675143
2021-07-28,CRM,4.3467713,4.2917783,4.2033297
2021-07-28,CSCO,0.98380445,0.97028475,0.97168816
2021-07-28,IBM,0.62184519,0.63337237,0.61280515
2021-07-28,INTC,1.2211746,1.2234304,1.212461
2021-07-28,MSFT,26.935364,27.095911,26.516302
2021-07-28,NKE,0.23472386,0.23466716,0.23618107
2021-07-28,VZ,0.0057508331,0.0058038188,0.0058590784
2021-07-28,WMT,0.021301387,0.021941944,0.02118353
2021-07-29,AAPL,8.4483532,8.54391,8.0586025
2021-07-29,AMGN,0.01622474,0.016708507,0.016303403
2021-07-29,CRM,4.4211428,4.3395982,4.2795015
2021-07-29,CSCO,0.99379919,1.0101305,0.97678647
2021-07-29,IBM,0.61587981,0.6203024,0.60616348
2021-07-29,INTC,1.232025,1.2363981,1.2082429
2021-07-29,MSFT,27.378615,27.353637,27.035785
2021-07-29,NKE,0.2285827,0.23026487,0.22447172
2021-07-29,VZ,0.0056309921,0.0057324749,0.0056121853
2021-07-29,WMT,0.020809241,0.021220861,0.020859132
2021-07-30,AAPL,8.415901,8.5790241,8.1762473
2021-07-30,AMGN,0.015640574,0.016221224,0.015731155
2021-07-30,CRM,4.1419936,4.2386578,4.0113273
2021-07-30,CSCO,0.9918626,0.9986519,0.97666153
2021-07-30,IBM,0.61265259,0.62105572,0.60470504
2021-07-30,INTC,1.2083721,1.22558,1.1643179
2021-07-30,MSFT,26.901325,26.807608,26.936331
2021-07-30,NKE,0.22226397,0.2241291,0.22091748
2021-07-30,VZ,0.0054540297,0.0054629832,0.0053075329
2021-07-30,WMT,0.02104556,0.021021472,0.020589259
2021-08-02,AAPL,8.3716137,8.5956509,8.0974373
2021-08-02,AMGN,0.01576529,0.01635777,0.015396319
2021-08-02,CRM,4.0665837,4.1226934,4.0573504
2021-08-02,CSCO,0.98811774,1.0047841,0.99293099
2021-08-02,IBM,0.60071201,0.60367389,0.60184231
2021-08-02,INTC,1.1857581,1.2067562,1.18486
2021-08-02,MSFT,26.925899,27.648914,26.381745
2021-08-02,NKE,0.22192435,0.22701435,0.22137446
2021-08-02,VZ,0.005335589,0.0054519115,0.0053763752
2021-08-02,WMT,0.02045097,0.020840132,0.020434582
2021-08-03,AAPL,8.2269996,8.3292069,8.2267211
2021-08-03,AMGN,0.016397622,0.016746632,0.01620641
2021-08-03,CRM,3.9629148,3.9106098,3.8857654
2021-08-03,CSCO,0.9752768,0.96011547,0.96229667
2021-08-03,IBM,0.60016916,0.60968567,0.59713733
2021-08-03,INTC,1.1687947,1.1683603,1.1546753
2021-08-03,MSFT,26.847558,26.862187,26.853697
2021-08-03,NKE,0.22105145,0.22591025,0.2193102
2021-08-03,VZ,0.0053683928,0.0054404762,0.0052895191
2021-08-03,WMT,0.020666984,0.02060477,0.020870613
2021-08-04,AAPL,8.0249079,7.9774311,7.9130485
2021-08-04,AMGN,0.016360306,0.016964938,0.016476013
2021-08-04,CRM,3.8578311,3.9632506,3.8602009
2021-08-04,CSCO,0.96428798,0.9810603,0.94459807
2021-08-04,IBM,0.58506818,0.60286662,0.58478829
2021-08-04,INTC,1.139012,1.1332424,1.1514935
2021-08-04,MSFT,26.754083,26.812735,26.511504
2021-08-04,NKE,0.2191377,0.21798591,0.21816599
2021-08-04,VZ,0.0052324689,0.0052985431,0.0052257183
2021-08-04,WMT,0.020411211,0.020477356,0.020285651
2021-08-05,AAPL,7.7908173,7.7750018,7.5160195
2021-08-05,AMGN,0.015520754,0.01591344,0.015505805
2021-08-05,CRM,3.8498033,3.9993973,3.7693798
2021-08-05,CSCO,0.97515451,0.99430175,0.98616733
2021-08-05,IBM,0.58274614,0.59422384,0.58061675
2021-08-05,INTC,1.1440475,1.1741314,1.1309168
2021-08-05,MSFT,25.865088,25.559382,25.507971
2021-08-05,NKE,0.21956415,0.21913351,0.21871859
2021-08-05,VZ,0.0051936661,0.0052392906,0.0051930401
2021-08-05,WMT,0.020170614,0.020590783,0.020208329
2021-08-06,AAPL,7.8762022,7.8626212,7.6977301
2021-08-06,AMGN,0.014948885,0.015282243,0.014668093
2021-08-06,CRM,3.5592202,3.6063535,3.5120175
2021-08-06,CSCO,0.95735222,0.94905497,0.94319783
2021-08-06,IBM,0.56182272,0.56515872,0.56012465
2021-08-06,INTC,1.1374266,1.1438771,1.141004
2021-08-06,MSFT,25.195015,25.299776,25.128884
2021-08-06,NKE,0.21726789,0.21658057,0.21822729
2021-08-06,VZ,0.0050932021,0.0050366139,0.0051019749
2021-08-06,WMT,0.020571377,0.020980847,0.02052731
2021-08-09,AAPL,7.7231633,7.802645,7.5526616
2021-08-09,AMGN,0.014342896,0.014423867,0.014095114
2021-08-09,CRM,3.5655598,3.5695208,3.4937069
2021-08-09,CSCO,0.96192766,0.95282951,0.96609066
2021-08-09,IBM,0.55703899,0.56866657,0.5514872
2021-08-09,INTC,1.1144712,1.1435685,1.1021641
2021-08-09,MSFT,25.668089,25.617914,25.480708
2021-08-09,NKE,0.21801511,0.22303084,0.21797873
2021-08-09,VZ,0.0049939282,0.0050720553,0.0050695484
2021-08-09,WMT,0.020696312,0.021167573,0.020474223
2021-08-10,AAPL,7.8334874,7.7587226,7.7479444
2021-08-10,AMGN,0.014172743,0.014548699,0.013947791
2021-08-10,CRM,3.6047824,3.5237972,3.5551257
2021-08-10,CSCO,0.97975036,0.97809531,0.9846365
2021-08-10,IBM,0.55544413,0.55742705,0.55200358
2021-08-10,INTC,1.0879182,1.073698,1.0810246
2021-08-10,MSFT,25.968598,26.25465,25.202976
2021-08-10,NKE,0.2078616,0.21287326,0.20643485
2021-08-10,VZ,0.0048751093,0.0049326027,0.0048761874
2021-08-10,WMT,0.019826147,0.01995795,0.019580032
2021-08-11,AAPL,7.9335182,8.0059664,7.8042121
2021-08-11,AMGN,0.013610036,0.014029322,0.013444072
2021-08-11,CRM,3.6244952,3.6093311,3.5481303
2021-08-11,CSCO,0.96707887,0.96348268,0.94633689
2021-08-11,IBM,0.55946797,0.56501389,0.56292324
2021-08-11,INTC,1.1029465,1.0957157,1.0896783
2021-08-11,MSFT,25.737933,25.794256,24.88598
2021-08-11,NKE,0.20256986,0.19773323,0.19807625
2021-08-11,VZ,0.0047904873,0.0048433387,0.0047825562
2021-08-11,WMT,0.019357419,0.019636586,0.019542642
2021-08-12,AAPL,7.9434034,7.8883008,7.8398048
2021-08-12,AMGN,0.013122264,0.013288721,0.012720038
2021-08-12,CRM,3.6657395,3.6088353,3.6429446
2021-08-12,CSCO,0.97335314,0.99343585,0.97302401
2021-08-12,IBM,0.54534716,0.5572927,0.54130533
2021-08-12,INTC,1.0892812,1.1064601,1.0776811
2021-08-12,MSFT,26.369111,26.748364,25.967701
2021-08-12,NKE,0.20149481,0.20516464,0.20344295
2021-08-12,VZ,0.0047182781,0.0047314897,0.0046379666
2021-08-12,WMT,0.018909168,0.018995712,0.018818492
2021-08-13,AAPL,8.0267015,8.1919288,8.0181089
2021-08-13,AMGN,0.012855565,0.013157991,0.012740318
2021-08-13,CRM,3.7691588,3.8015498,3.7708069
2021-08-13,CSCO,0.9727604,0.95940673,0.96199216
2021-08-13,IBM,0.54321225,0.55309628,0.54274656
2021-08-13,INTC,1.0599078,1.0633747,1.0561094
2021-08-13,MSFT,26.59103,26.553955,25.853944
2021-08-13,NKE,0.19497261,0.19470169,0.1940043
2021-08-13,VZ,0.0045947072,0.0046935224,0.0045766789
2021-08-13,WMT,0.018647353,0.018720383,0.018619554
2021-08-16,AAPL,8.1028625,8.0366726,7.820101
2021-08-16,AMGN,0.01257247,0.012884078,0.012543636
2021-08-16,CRM,3.7236153,3.7531304,3.6199767
2021-08-16,CSCO,0.98448776,0.98843446,0.97328756
2021-08-16,IBM,0.53749792,0.54043171,0.53221005
2021-08-16,INTC,1.0525337,1.0778452,1.0620087
2021-08-16,MSFT,26.179698,25.551701,25.957274
2021-08-16,NKE,0.19556348,0.20143616,0.19063479
2021-08-16,VZ,0.0043750946,0.0044485646,0.0043298883
2021-08-16,WMT,0.018052436,0.018469545,0.01809802
2021-08-17,AAPL,8.0356302,8.1144671,7.7878498
2021-08-17,AMGN,0.011851621,0.012010301,0.011721266
2021-08-17,CRM,3.7661577,3.6091859,3.754625
2021-08-17,CSCO,0.99721302,1.0163844,0.98732387
2021-08-17,IBM,0.53355391,0.53680888,0.53034754
2021-08-17,INTC,1.0622225,1.0613835,1.0433705
2021-08-17,MSFT,25.856167,26.257811,25.284839
2021-08-17,NKE,0.20036616,0.20148656,0.19699769
2021-08-17,VZ,0.0041887023,0.0042186582,0.0041771509
2021-08-17,WMT,0.017694274,0.0179255,0.017570966
2021-08-18,AAPL,8.0752563,8.2345347,8.0349027
2021-08-18,AMGN,0.011757989,0.011810926,0.011569944
2021-08-18,CRM,3.8679404,3.8335958,3.7411784
2021-08-18,CSCO,1.0083709,0.99049359,1.0037199
2021-08-18,IBM,0.52656114,0.52786012,0.51891686
2021-08-18,INTC,1.0726631,1.0824171,1.0606309
2021-08-18,MSFT,25.864375,25.881693,25.422703
2021-08-18,NKE,0.20134356,0.20205335,0.19564556
2021-08-18,VZ,0.0040225504,0.0041056349,0.0040624081
2021-08-18,WMT,0.01738508,0.017893493,0.017233849
2021-08-19,AAPL,8.0774979,8.0256051,7.9368101
2021-08-19,AMGN,0.01120533,0.011474031,0.010990075
2021-08-19,CRM,3.8594019,3.869727,3.8690111
2021-08-19,CSCO,0.99908482,0.98513009,0.98661533
2021-08-19,IBM,0.50672564,0.4988729,0.50821659
2021-08-19,INTC,1.0721209,1.0960415,1.037604
2021-08-19,MSFT,25.470715,25.660781,25.263795
2021-08-19,NKE,0.19356145,0.19717555,0.1934072
2021-08-19,VZ,0.0038658046,0.0039134255,0.0038479411
2021-08-19,WMT,0.0168266,0.017181734,0.016681678
2021-08-20,AAPL,8.0365209,7.9696453,7.7753361
2021-08-20,AMGN,0.010842696,0.011057141,0.010887061
2021-08-20,CRM,3.6466926,3.6067141,3.651761
2021-08-20,CSCO,1.0073026,0.99715764,1.0109428
2021-08-20,IBM,0.50502791,0.51020052,0.50487008
2021-08-20,INTC,1.0996635,1.1181688,1.1054922
2021-08-20,MSFT,25.446682,25.500618,25.033789
2021-08-20,NKE,0.18948365,0.19356957,0.18723386
2021-08-20,VZ,0.0037253347,0.0037538771,0.0037585681
2021-08-20,WMT,0.016642241,0.016842822,0.01659761
2021-08-23,AAPL,8.0124883,7.9952142,8.0544611
2021-08-23,AMGN,0.010839025,0.011034152,0.01083715
2021-08-23,CRM,3.801429,3.7192941,3.797099
2021-08-23,CSCO,0.99523074,1.002673,0.99578823
2021-08-23,IBM,0.4996595,0.50607282,0.50339899
2021-08-23,INTC,1.089099,1.1037078,1.068537
2021-08-23,MSFT,25.390601,25.691531,24.88978
2021-08-23,NKE,0.18456915,0.18825314,0.18347452
2021-08-23,VZ,0.0037298605,0.0037900599,0.0037183147
2021-08-23,WMT,0.016322453,0.016703057,0.016230738
2021-08-24,AAPL,8.0158918,7.993543,7.9772061
2021-08-24,AMGN,0.010433376,0.010592877,0.010298486
2021-08-24,CRM,3.7926767,3.8264177,3.7339198
2021-08-24,CSCO,1.0124841,0.98292139,1.0085172
2021-08-24,IBM,0.49483914,0.50833556,0.48769806
2021-08-24,INTC,1.121818,1.1294463,1.1111063
2021-08-24,MSFT,25.214742,25.007922,25.024759
2021-08-24,NKE,0.18425875,0.18954214,0.18080713
2021-08-24,VZ,0.0036061964,0.0037284895,0.0036536646
2021-08-24,WMT,0.015763381,0.016154314,0.015985183
2021-08-25,AAPL,8.066046,7.9459357,8.0960088
2021-08-25,AMGN,0.010423192,0.010882239,0.010202414
2021-08-25,CRM,3.8080882,3.7822227,3.6545731
2021-08-25,CSCO,1.0138098,1.0149419,0.99737432
2021-08-25,IBM,0.48781777,0.49908811,0.49276474
2021-08-25,INTC,1.0760605,1.112494,1.0489856
2021-08-25,MSFT,25.379554,25.27171,24.812648
2021-08-25,NKE,0.18649164,0.19038296,0.18690553
2021-08-25,VZ,0.0034874576,0.0035145836,0.0035033874
2021-08-25,WMT,0.015615522,0.015936317,0.015587013
2021-08-26,AAPL,8.1486044,8.0932235,7.9117175
2021-08-26,AMGN,0.0098609999,0.010222019,0.0097848866
2021-08-26,CRM,3.7827407,3.6346789,3.6324009
2021-08-26,CSCO,1.0305127,1.0377092,1.0168441
2021-08-26,IBM,0.47645117,0.48475291,0.47091976
2021-08-26,INTC,1.0511918,1.0378648,1.0360572
2021-08-26,MSFT,25.728759,25.727192,25.363139
2021-08-26,NKE,0.18395183,0.18479616,0.18476294
2021-08-26,VZ,0.0034234698,0.0034562586,0.0034456241
2021-08-26,WMT,0.015154111,0.015540361,0.015137758
2021-08-27,AAPL,7.9632444,7.9911517,7.8865093
2021-08-27,AMGN,0.0097969324,0.010053899,0.0096691715
2021-08-27,CRM,3.6604642,3.6315048,3.5318148
2021-08-27,CSCO,1.0224449,1.0214858,1.0069005
2021-08-27,IBM,0.4615319,0.46663474,0.45588539
2021-08-27,INTC,1.0073061,1.0282801,0.98299386
2021-08-27,MSFT,25.35492,25.591951,24.849575
2021-08-27,NKE,0.18151724,0.18556014,0.1792977
2021-08-27,VZ,0.0033804212,0.0034674148,0.0034152006
2021-08-27,WMT,0.01519937,0.015487454,0.014983466
2021-08-30,AAPL,7.9482284,7.8219457,7.6737226
2021-08-30,AMGN,0.009335451,0.009752037,0.0091873605
2021-08-30,CRM,3.5917107,3.6416138,3.5056561
2021-08-30,CSCO,0.9850047,0.99123381,0.9691722
2021-08-30,IBM,0.45652477,0.46916483,0.45134162
2021-08-30,INTC,0.96627197,0.9942613,0.93751387
2021-08-30,MSFT,25.645931,25.639297,25.043624
2021-08-30,NKE,0.17821046,0.180937,0.17500044
2021-08-30,VZ,0.0032271742,0.0032890278,0.0031826211
2021-08-30,WMT,0.015191812,0.015801844,0.015153557
2021-08-31,AAPL,8.0333622,8.1460816,7.8150086
2021-08-31,AMGN,0.0091756368,0.0093200135,0.0091625355
2021-08-31,CRM,3.7100344,3.8042619,3.6650126
2021-08-31,CSCO,0.94796278,0.96696519,0.93043262
2021-08-31,IBM,0.44860514,0.4561875,0.45220944
2021-08-31,INTC,0.96897913,0.9833782,0.94671311
2021-08-31,MSFT,24.348351,24.069678,23.874
2021-08-31,NKE,0.17467959,0.17562191,0.17232183
2021-08-31,VZ,0.0031214062,0.0031732156,0.0031056948
2021-08-31,WMT,0.014653485,0.015054353,0.014552388
2021-09-01,AAPL,8.0102177,7.9407149,8.0933144
2021-09-01,AMGN,0.0092853901,0.0092844614,0.009331382
2021-09-01,CRM,3.5259596,3.5220564,3.4172237
2021-09-01,CSCO,0.97055123,0.98539353,0.98236361
2021-09-01,IBM,0.44293878,0.44442443,0.44669837
2021-09-01,INTC,0.99048441,1.016845,0.98215192
2021-09-01,MSFT,24.012245,24.3894,23.956578
2021-09-01,NKE,0.17574054,0.17868035,0.17587248
2021-09-01,VZ,0.0031208081,0.003108956,0.0030560191
2021-09-01,WMT,0.014627419,0.014979623,0.014722159
2021-09-02,AAPL,8.1498384,8.3149627,8.2261448
2021-09-02,AMGN,0.0088181839,0.0088524019,0.0087866135
2021-09-02,CRM,3.382834,3.4275065,3.4096164
2021-09-02,CSCO,0.98783011,0.97406443,0.97484323
2021-09-02,IBM,0.44357854,0.44701909,0.44190287
2021-09-02,INTC,1.0105419,1.0154943,0.98782526
2021-09-02,MSFT,24.0724,24.334999,23.687904
2021-09-02,NKE,0.17311008,0.17593897,0.17555703
2021-09-02,VZ,0.0030221697,0.0030310648,0.0030535068
2021-09-02,WMT,0.014327251,0.014431466,0.014133556
2021-09-03,AAPL,8.4349766,8.6308272,8.1719723
2021-09-03,AMGN,0.0084129821,0.0086614379,0.0083062935
2021-09-03,CRM,3.3160322,3.3638811,3.1977903
2021-09-03,CSCO,0.94948768,0.96556408,0.94327396
2021-09-03,IBM,0.43820087,0.43891966,0.432123
2021-09-03,INTC,1.0115748,1.0356502,1.0060693
2021-09-03,MSFT,23.723364,23.83622,23.983408
2021-09-03,NKE,0.17098686,0.17362033,0.17015104
2021-09-03,VZ,0.0029797964,0.0029990543,0.0029816493
2021-09-03,WMT,0.013930365,0.014322091,0.01387169
2021-09-07,AAPL,8.412755,8.4330021,8.308259
2021-09-07,AMGN,0.0080661948,0.0081177972,0.0079461679
2021-09-07,CRM,3.1753315,3.1826356,3.1475863
2021-09-07,CSCO,0.92582105,0.91638985,0.9280541
2021-09-07,IBM,0.42876349,0.4318374,0.42352545
2021-09-07,INTC,1.0176193,1.0417425,1.0001166
2021-09-07,MSFT,24.405847,24.700823,24.148264
2021-09-07,NKE,0.16705146,0.17013388,0.16617467
2021-09-07,VZ,0.0029469742,0.0029631312,0.0029842324
2021-09-07,WMT,0.013854984,0.014021039,0.013814886
2021-09-08,AAPL,8.3076059,8.2445007,8.1378288
2021-09-08,AMGN,0.0077603876,0.0080459876,0.0077704555
2021-09-08,CRM,3.1855552,3.1103137,3.1032065
2021-09-08,CSCO,0.93001631,0.92877699,0.91894002
2021-09-08,IBM,0.41894491,0.42404285,0.41686394
2021-09-08,INTC,1.0564837,1.056356,1.028238
2021-09-08,MSFT,24.148398,24.489672,23.808673
2021-09-08,NKE,0.16550502,0.16849861,0.16463668
2021-09-08,VZ,0.0028614035,0.0029401321,0.0028725873
2021-09-08,WMT,0.013633543,0.013881726,0.013347959
2021-09-09,AAPL,8.3935405,8.6204968,8.1731865
2021-09-09,AMGN,0.0075705615,0.0076999484,0.0075621657
2021-09-09,CRM,3.0948276,3.1753555,3.0921824
2021-09-09,CSCO,0.95789304,0.95907307,0.95688143
2021-09-09,IBM,0.41625824,0.42237949,0.42003809
2021-09-09,INTC,1.0220927,1.0342615,0.99443108
2021-09-09,MSFT,24.108374,24.084431,23.725053
2021-09-09,NKE,0.15749233,0.15792193,0.15651869
2021-09-09,VZ,0.0027863367,0.0027981469,0.0028013602
2021-09-09,WMT,0.013273047,0.013455418,0.013214773
2021-09-10,AAPL,8.2811164,8.3109146,8.1111136
2021-09-10,AMGN,0.0073949145,0.0076243871,0.0073529108
2021-09-10,CRM,3.1387014,3.1811097,3.0372527
2021-09-10,CSCO,0.98309073,0.98123984,0.97222203
2021-09-10,IBM,0.40995271,0.40874488,0.40399859
2021-09-10,INTC,1.0572575,1.0668193,1.0318259
2021-09-10,MSFT,24.382728,24.693791,24.13755
2021-09-10,NKE,0.15743106,0.1608625,0.15709983
2021-09-10,VZ,0.0027318762,0.0027728412,0.0027919135
2021-09-10,WMT,0.013003201,0.013122256,0.012829922
2021-09-13,AAPL,8.252451,8.168538,8.2031391
2021-09-13,AMGN,0.0071311587,0.0072724828,0.0070464492
2021-09-13,CRM,3.2941316,3.354114,3.3207541
2021-09-13,CSCO,0.98986329,0.99042828,0.98728143
2021-09-13,IBM,0.39985416,0.40891958,0.39765422
2021-09-13,INTC,1.0526811,1.05741,1.0353693
2021-09-13,MSFT,24.412378,24.64243,23.62625
2021-09-13,NKE,0.15697237,0.15749917,0.15618044
2021-09-13,VZ,0.0026530294,0.0026570412,0.002658873
2021-09-13,WMT,0.012676141,0.012760591,0.01246029
2021-09-14,AAPL,8.378019,8.3681995,8.3253226
2021-09-14,AMGN,0.0069100035,0.0070068848,0.0069240202
2021-09-14,CRM,3.3544464,3.383143,3.2948741
2021-09-14,CSCO,0.99155602,0.99258202,0.97898895
2021-09-14,IBM,0.39490942,0.39836642,0.3917588
2021-09-14,INTC,1.0586051,1.0534129,1.025072
2021-09-14,MSFT,25.521089,25.777249,25.07655
2021-09-14,NKE,0.15602487,0.15820895,0.1534111
2021-09-14,VZ,0.002615238,0.0026621191,0.0026376727
2021-09-14,WMT,0.012396986,0.01256278,0.012336382
2021-09-15,AAPL,8.2231633,8.3604581,8.0686628
2021-09-15,AMGN,0.0068755382,0.0070285127,0.0067698147
2021-09-15,CRM,3.2023493,3.2024241,3.2152868
2021-09-15,CSCO,1.0076347,1.0196629,0.98555484
2021-09-15,IBM,0.39093872,0.39453544,0.38671679
2021-09-15,INTC,1.0367104,1.0351628,1.0200036
2021-09-15,MSFT,25.937587,25.902724,25.570739
2021-09-15,NKE,0.15333516,0.15699426,0.15335688
2021-09-15,VZ,0.0025467237,0.0025999873,0.0025788068
2021-09-15,WMT,0.012146984,0.012428038,0.012077333
2021-09-16,AAPL,8.2955128,8.2469033,8.0822308
2021-09-16,AMGN,0.0066432639,0.0068444852,0.0066052932
2021-09-16,CRM,3.3189642,3.3434685,3.3247898
2021-09-16,CSCO,0.99422594,0.99445836,0.97967174
2021-09-16,IBM,0.38408812,0.39126325,0.38676185
2021-09-16,INTC,1.0046971,1.0059773,0.97776084
2021-09-16,MSFT,25.817734,25.944419,25.40612
2021-09-16,NKE,0.15242677,0.15443806,0.15106379
2021-09-16,VZ,0.0025136878,0.0025177337,0.0025213658
2021-09-16,WMT,0.012094655,0.012339541,0.012109485
2021-09-17,AAPL,7.9796855,7.9493525,7.8948153
2021-09-17,AMGN,0.006579049,0.0066470785,0.0064881309
2021-09-17,CRM,3.2114953,3.2050637,3.2345009
2021-09-17,CSCO,0.97638495,0.97906888,0.98131785
2021-09-17,IBM,0.38341195,0.38795533,0.37812437
2021-09-17,INTC,1.0053152,1.0192311,1.0025703
2021-09-17,MSFT,25.589594,26.014562,25.265003
2021-09-17,NKE,0.15267838,0.15025719,0.15441886
2021-09-17,VZ,0.0024504916,0.0024372189,0.0024382172
2021-09-17,WMT,0.011323778,0.011550546,0.01137274
2021-09-20,AAPL,7.7182567,7.7578895,7.5600785
2021-09-20,AMGN,0.0065419289,0.006669864,0.0064766146
2021-09-20,CRM,3.2696573,3.3602878,3.1291488
2021-09-20,CSCO,0.9483456,0.92879972,0.94391415
2021-09-20,IBM,0.38108494,0.3817964,0.38479098
2021-09-20,INTC,0.99138358,1.0088656,0.96918195
2021-09-20,MSFT,25.225231,25.301792,24.958177
2021-09-20,NKE,0.15194374,0.15305525,0.14940887
2021-09-20,VZ,0.0023792241,0.0024056229,0.0023663479
2021-09-20,WMT,0.010991733,0.010979415,0.01099867
2021-09-21,AAPL,7.6387907,7.7049378,7.4610524
2021-09-21,AMGN,0.0064289381,0.0065107432,0.0063646963
2021-09-21,CRM,3.2309986,3.2716305,3.2181052
2021-09-21,CSCO,0.93190229,0.91950738,0.9295356
2021-09-21,IBM,0.36683777,0.37425678,0.36652803
2021-09-21,INTC,0.98203045,1.0097001,0.95170368
2021-09-21,MSFT,24.923396,25.439039,24.788906
2021-09-21,NKE,0.15161056,0.1509641,0.15011916
2021-09-21,VZ,0.0023108093,0.0023080046,0.0023143149
2021-09-21,WMT,0.010649856,0.010850929,0.010625224
2021-09-22,AAPL,7.9220168,7.8792091,7.7979354
2021-09-22,AMGN,0.0062535297,0.0063396556,0.0062647186
2021-09-22,CRM,3.2399198,3.2601867,3.1820027
2021-09-22,CSCO,0.94749204,0.93588429,0.94133305
2021-09-22,IBM,0.36207608,0.36932471,0.3600938
2021-09-22,INTC,0.96379167,1.0108131,0.96590466
2021-09-22,MSFT,24.264567,23.919893,23.835253
2021-09-22,NKE,0.14962403,0.15051045,0.14738562
2021-09-22,VZ,0.0022248599,0.002254051,0.0022167155
2021-09-22,WMT,0.01042349,0.01052245,0.010277078
2021-09-23,AAPL,7.5681944,7.4889759,7.5158362
2021-09-23,AMGN,0.0059721643,0.0060491931,0.0058501293
2021-09-23,CRM,3.2661172,3.3619015,3.19344
2021-09-23,CSCO,0.93852677,0.94090234,0.92106929
2021-09-23,IBM,0.35385409,0.35893993,0.35312015
2021-09-23,INTC,0.97030882,0.99024671,0.96093505
2021-09-23,MSFT,25.084003,25.045046,24.565943
2021-09-23,NKE,0.15279477,0.15455653,0.14844761
2021-09-23,VZ,0.0020926451,0.0021019835,0.0021045831
2021-09-23,WMT,0.010156002,0.010259678,0.010106823
2021-09-24,AAPL,7.3523101,7.2960626,7.1128931
2021-09-24,AMGN,0.005668942,0.005801939,0.0056947775
2021-09-24,CRM,3.3015406,3.329704,3.1770169
2021-09-24,CSCO,0.95880999,0.95819923,0.96077056
2021-09-24,IBM,0.35571125,0.35926302,0.34749601
2021-09-24,INTC,0.94735586,0.96284041,0.93671677
2021-09-24,MSFT,25.60087,25.942648,25.309188
2021-09-24,NKE,0.15429016,0.1529821,0.15324446
2021-09-24,VZ,0.0020837195,0.0021012642,0.0020719376
2021-09-24,WMT,0.010086717,0.010186975,0.010023968
2021-09-27,AAPL,7.2106331,7.2193458,6.936841
2021-09-27,AMGN,0.0056130589,0.0057047764,0.0055118993
2021-09-27,CRM,3.2419504,3.2583503,3.2311238
2021-09-27,CSCO,0.97733811,0.98268267,0.96495782
2021-09-27,IBM,0.35401607,0.35390422,0.35324823
2021-09-27,INTC,0.94256202,0.9575317,0.92191391
2021-09-27,MSFT,25.494518,25.619307,25.022756
2021-09-27,NKE,0.15076648,0.1536507,0.14976016
2021-09-27,VZ,0.0020334829,0.0020731639,0.002031551
2021-09-27,WMT,0.0098730652,0.010095917,0.0098351847
2021-09-28,AAPL,7.2105452,7.2096556,7.1558799
2021-09-28,AMGN,0.0051972044,0.005310762,0.005193729
2021-09-28,CRM,3.2673908,3.368322,3.3118756
2021-09-28,CSCO,0.9693122,0.97399964,0.9744221
2021-09-28,IBM,0.35098204,0.36118873,0.34948014
2021-09-28,INTC,0.94555721,0.95356332,0.92273664
2021-09-28,MSFT,25.160976,25.262095,24.706305
2021-09-28,NKE,0.15326075,0.15245916,0.14973874
2021-09-28,VZ,0.0019742036,0.0020184496,0.0019627775
2021-09-28,WMT,0.0099873023,0.010080487,0.0097733951
2021-09-29,AAPL,7.1879267,7.2631202,6.9015311
2021-09-29,AMGN,0.0049438648,0.0050849274,0.0049762799
2021-09-29,CRM,3.2679843,3.3390905,3.1312878
2021-09-29,CSCO,0.95986775,0.96385466,0.92212169
2021-09-29,IBM,0.34044079,0.34359025,0.33760291
2021-09-29,INTC,0.91809175,0.93167378,0.88930015
2021-09-29,MSFT,25.508366,25.406277,25.110318
2021-09-29,NKE,0.15435749,0.15681747,0.15501082
2021-09-29,VZ,0.0019414512,0.0019850675,0.0019376647
2021-09-29,WMT,0.0098876324,0.010104516,0.0096079486
2021-09-30,AAPL,7.1246507,7.1415658,6.9609472
2021-09-30,AMGN,0.0049059294,0.0049795557,0.0049381408
2021-09-30,CRM,3.1913481,3.2188264,3.0985862
2021-09-30,CSCO,0.92372273,0.94877948,0.89638277
2021-09-30,IBM,0.33766232,0.3450024,0.33714286
2021-09-30,INTC,0.91796048,0.9392306,0.90080867
2021-09-30,MSFT,25.938377,26.170022,25.413861
2021-09-30,NKE,0.15559871,0.15739194,0.15585704
2021-09-30,VZ,0.0018926092,0.0019324964,0.0018549159
2021-09-30,WMT,0.0096964985,0.0099713699,0.00964667
2021-10-01,AAPL,7.1375688,7.0309036,7.2838579
2021-10-01,AMGN,0.0049432428,0.0050765404,0.0049657533
2021-10-01,CRM,3.192248,3.227251,3.0365879
2021-10-01,CSCO,0.93956286,0.95694531,0.93290788
2021-10-01,IBM,0.33409033,0.33038611,0.32751423
2021-10-01,INTC,0.92620842,0.93235388,0.93439044
2021-10-01,MSFT,25.605281,25.458968,25.447467
2021-10-01,NKE,0.15278514,0.1555892,0.14975206
2021-10-01,VZ,0.0018921095,0.0019099668,0.0018771677
2021-10-01,WMT,0.0098651874,0.0099812632,0.0097448575
2021-10-04,AAPL,7.114268,7.20037,7.1101373
2021-10-04,AMGN,0.0047245558,0.0048932251,0.0047680059
2021-10-04,CRM,3.206691,3.258317,3.2237386
2021-10-04,CSCO,0.93457632,0.9344282,0.9445062
2021-10-04,IBM,0.33016374,0.33386219,0.32496502
2021-10-04,INTC,0.92363588,0.92169301,0.92089066
2021-10-04,MSFT,25.046738,25.421961,24.483928
2021-10-04,NKE,0.15059126,0.15187933,0.14993121
2021-10-04,VZ,0.0018192992,0.0018313916,0.0018230217
2021-10-04,WMT,0.0097779847,0.0098779209,0.0097371377
2021-10-05,AAPL,7.088098,7.1285026,6.9251887
2021-10-05,AMGN,0.0046971103,0.0047587568,0.0046851867
2021-10-05,CRM,3.1826321,3.1993093,3.1530987
2021-10-05,CSCO,0.94982181,0.94733222,0.93392737
2021-10-05,IBM,0.32810217,0.33103943,0.3261073
2021-10-05,INTC,0.91797975,0.91052083,0.90466875
2021-10-05,MSFT,24.922894,25.11263,24.315811
2021-10-05,NKE,0.15077777,0.152258,0.15099399
2021-10-05,VZ,0.0017671941,0.001767894,0.0017896008
2021-10-05,WMT,0.0094823002,0.0097447356,0.0094753534
2021-10-06,AAPL,6.9525426,6.9645926,6.7486468
2021-10-06,AMGN,0.0046115873,0.0047179528,0.0045523576
2021-10-06,CRM,3.1987895,3.2519467,3.179186
2021-10-06,CSCO,0.9529892,0.92816261,0.95377012
2021-10-06,IBM,0.33091888,0.33357453,0.3297929
2021-10-06,INTC,0.90628614,0.90343946,0.90252114
2021-10-06,MSFT,25.332856,25.549758,24.966104
2021-10-06,NKE,0.15232765,0.15498687,0.15465894
2021-10-06,VZ,0.0017304124,0.0017372974,0.0017644851
2021-10-06,WMT,0.0092552443,0.0094352351,0.0092191461
2021-10-07,AAPL,6.8176663,6.7954983,6.8535206
2021-10-07,AMGN,0.0045808737,0.0046649955,0.0044246094
2021-10-07,CRM,3.135775,3.1700365,3.0893493
2021-10-07,CSCO,0.96580928,0.96681164,0.94821695
2021-10-07,IBM,0.3199651,0.32565845,0.31572528
2021-10-07,INTC,0.89148781,0.91493209,0.87702732
2021-10-07,MSFT,24.905494,25.113441,24.300596
2021-10-07,NKE,0.14767214,0.14650508,0.14716335
2021-10-07,VZ,0.0016938987,0.0017137363,0.0016896858
2021-10-07,WMT,0.009134019,0.0092430956,0.0090300656
2021-10-08,AAPL,6.7093938,6.8315226,6.5428764
2021-10-08,AMGN,0.004422878,0.0045557935,0.0044492462
2021-10-08,CRM,3.143519,3.1105804,3.1586254
2021-10-08,CSCO,0.95916145,0.96323119,0.96553413
2021-10-08,IBM,0.31178176,0.31611064,0.30951197
2021-10-08,INTC,0.88664864,0.88658031,0.87407475
2021-10-08,MSFT,24.450453,24.622541,23.993863
2021-10-08,NKE,0.14531034,0.14915952,0.14490358
2021-10-08,VZ,0.0016786389,0.0016677529,0.001694824
2021-10-08,WMT,0.0089660086,0.0090638441,0.0088143473
2021-10-11,AAPL,6.6133745,6.7216011,6.5848266
2021-10-11,AMGN,0.0041781192,0.004275736,0.0041418131
2021-10-11,CRM,3.0109626,3.0600824,2.931168
2021-10-11,CSCO,0.9601116,0.94516119,0.95239613
2021-10-11,IBM,0.30923243,0.31516139,0.30515243
2021-10-11,INTC,0.87905256,0.89782182,0.87176768
2021-10-11,MSFT,24.206347,24.142015,23.507018
2021-10-11,NKE,0.14766193,0.14952377,0.14597122
2021-10-11,VZ,0.0016469451,0.0016717765,0.0016254644
2021-10-11,WMT,0.0088275247,0.0089035329,0.0087045923
2021-10-12,AAPL,6.5412594,6.7380405,6.3959827
2021-10-12,AMGN,0.0041064177,0.0042670924,0.0040222567
2021-10-12,CRM,3.0047525,2.9253143,2.9585438
2021-10-12,CSCO,0.96419992,0.94607547,0.96128712
2021-10-12,IBM,0.30575776,0.31300545,0.30465001
2021-10-12,INTC,0.89374066,0.90400952,0.8878044
2021-10-12,MSFT,24.327186,24.47895,24.015349
2021-10-12,NKE,0.14169882,0.1430369,0.14272067
2021-10-12,VZ,0.0015839017,0.0015958915,0.0015977629
2021-10-12,WMT,0.0087221024,0.0089470389,0.0087703231
2021-10-13,AAPL,6.4001725,6.4553216,6.3019624
2021-10-13,AMGN,0.0039423788,0.0040535211,0.0039349514
2021-10-13,CRM,2.9635275,2.9229376,2.9020029
2021-10-13,CSCO,0.98137237,0.97793261,0.97626686
2021-10-13,IBM,0.31140627,0.31083692,0.31259055
2021-10-13,INTC,0.85966434,0.86433118,0.84523188
2021-10-13,MSFT,24.361652,24.689398,24.293871
2021-10-13,NKE,0.14200346,0.14483313,0.14074527
2021-10-13,VZ,0.0015356005,0.0015414048,0.0015538232
2021-10-13,WMT,0.0086990754,0.0088826211,0.0086550989
2021-10-14,AAPL,6.5370151,6.7151584,6.4032272
2021-10-14,AMGN,0.0038171837,0.0038670374,0.0038285935
2021-10-14,CRM,2.9962938,2.9642571,2.8472452
2021-10-14,CSCO,0.97461825,0.9594158,0.97779831
2021-10-14,IBM,0.31332801,0.31135269,0.31377873
2021-10-14,INTC,0.82923143,0.84084596,0.81512163
2021-10-14,MSFT,25.806432,26.288274,25.025335
2021-10-14,NKE,0.14063829,0.14053536,0.13799633
2021-10-14,VZ,0.0014943827,0.0015128825,0.0014865406
2021-10-14,WMT,0.0084797031,0.0086330383,0.0085389819
2021-10-15,AAPL,6.6962672,6.8015821,6.5214628
2021-10-15,AMGN,0.0036977627,0.0037553736,0.0036384745
2021-10-15,CRM,2.8831948,2.9311772,2.8131872
2021-10-15,CSCO,0.9489036,0.94333146,0.94708534
2021-10-15,IBM,0.31405273,0.3163138,0.31237777
2021-10-15,INTC,0.82451425,0.82875034,0.81172601
2021-10-15,MSFT,25.82059,26.130067,25.456989
2021-10-15,NKE,0.14215279,0.14262838,0.14421298
2021-10-15,VZ,0.0014436451,0.0014526432,0.0014493121
2021-10-15,WMT,0.0082961973,0.008425772,0.008176779
2021-10-18,AAPL,6.6261805,6.6504858,6.5015572
2021-10-18,AMGN,0.0037108652,0.0038309942,0.0036802679
2021-10-18,CRM,2.8825721,2.8954263,2.8592596
2021-10-18,CSCO,0.94500685,0.935678,0.93335069
2021-10-18,IBM,0.31295561,0.31416772,0.30946545
2021-10-18,INTC,0.81977548,0.84090819,0.81984741
2021-10-18,MSFT,26.216785,26.294651,25.73192
2021-10-18,NKE,0.14176031,0.14263344,0.14234834
2021-10-18,VZ,0.0014127362,0.001435953,0.0014165763
2021-10-18,WMT,0.0081737553,0.0081950428,0.0081152258
2021-10-19,AAPL,6.720623,6.8416408,6.5963971
2021-10-19,AMGN,0.0035421684,0.0036052877,0.0034931637
2021-10-19,CRM,2.8254301,2.8395946,2.7328933
2021-10-19,CSCO,0.90579983,0.91602681,0.89138653
2021-10-19,IBM,0.31064916,0.31467475,0.30984024
2021-10-19,INTC,0.8375072,0.84470108,0.82594923
2021-10-19,MSFT,26.688797,26.584218,26.156052
2021-10-19,NKE,0.1406794,0.14285008,0.13999855
2021-10-19,VZ,0.0014078743,0.0014131471,0.0013921588
2021-10-19,WMT,0.0081171802,0.0081785753,0.0080037613
2021-10-20,AAPL,6.6723857,6.9003503,6.6461089
2021-10-20,AMGN,0.0034222331,0.0034843747,0.0033996802
2021-10-20,CRM,2.7703493,2.7223763,2.7083951
2021-10-20,CSCO,0.8766544,0.86805273,0.8681379
2021-10-20,IBM,0.29824025,0.30299184,0.29501726
2021-10-20,INTC,0.84387233,0.84660114,0.83275496
2021-10-20,MSFT,26.847802,26.822914,26.454383
2021-10-20,NKE,0.13967316,0.14237523,0.13998464
2021-10-20,VZ,0.0013709788,0.0013852222,0.0013553405
2021-10-20,WMT,0.007905331,0.0079559383,0.0079484255
2021-10-21,AAPL,6.3383248,6.5577858,6.1421551
2021-10-21,AMGN,0.0033885231,0.0034825692,0.0033734978
2021-10-21,CRM,2.8224164,2.8150033,2.8285847
2021-10-21,CSCO,0.88005743,0.89519231,0.88675149
2021-10-21,IBM,0.29501045,0.30096527,0.28960946
2021-10-21,INTC,0.83402782,0.84537238,0.81133074
2021-10-21,MSFT,26.822584,27.305969,26.446521
2021-10-21,NKE,0.13417195,0.13533756,0.13390028
2021-10-21,VZ,0.0013313693,0.0013571938,0.0013257676
2021-10-21,WMT,0.0078853032,0.0079703959,0.0078464948
2021-10-22,AAPL,6.2962912,6.348496,6.1072289
2021-10-22,AMGN,0.003303617,0.0033826212,0.003288507
2021-10-22,CRM,2.8373773,2.81523,2.864047
2021-10-22,CSCO,0.90123402,0.90765393,0.88129889
2021-10-22,IBM,0.28413982,0.28760819,0.28472083
2021-10-22,INTC,0.85282032,0.85901868,0.84045863
2021-10-22,MSFT,26.705932,27.137834,26.542423
2021-10-22,NKE,0.13554046,0.13730147,0.13519328
2021-10-22,VZ,0.0012804582,0.0013106114,0.0012896407
2021-10-22,WMT,0.0076001125,0.0076892551,0.0075209681
2021-10-25,AAPL,6.6658208,6.6727293,6.5911958
2021-10-25,AMGN,0.0032406864,0.0033315538,0.0032274422
2021-10-25,CRM,2.8676065,2.8994829,2.834268
2021-10-25,CSCO,0.9120373,0.90017325,0.90104195
2021-10-25,IBM,0.27686961,0.28001262,0.27313323
2021-10-25,INTC,0.89171821,0.89137746,0.88987144
2021-10-25,MSFT,27.497181,27.217042,27.217865
2021-10-25,NKE,0.13169426,0.13388233,0.13057376
2021-10-25,VZ,0.0012419317,0.0012694845,0.001225098
2021-10-25,WMT,0.0073521539,0.0073982208,0.0073373302
2021-10-26,AAPL,6.7059313,6.798626,6.5069791
2021-10-26,AMGN,0.0031714175,0.0032897083,0.0030762463
2021-10-26,CRM,2.9331861,2.913673,2.8629073
2021-10-26,CSCO,0.9281058,0.92964456,0.93405053
2021-10-26,IBM,0.27258673,0.27930283,0.26947286
2021-10-26,INTC,0.8809463,0.8925805,0.85297177
2021-10-26,MSFT,28.617553,28.617689,28.523761
2021-10-26,NKE,0.13193505,0.1315591,0.13202673
2021-10-26,VZ,0.0012039166,0.0012243777,0.0012126593
2021-10-26,WMT,0.0071355137,0.0072378968,0.0070931652
2021-10-27,AAPL,6.6008949,6.6122584,6.4319206
2021-10-27,AMGN,0.0031381994,0.003172946,0.003111074
2021-10-27,CRM,2.9200229,2.8991243,2.827056
2021-10-27,CSCO,0.93608117,0.93381222,0.93642665
2021-10-27,IBM,0.26645721,0.26683397,0.26416535
2021-10-27,INTC,0.86426848,0.86326071,0.86917801
2021-10-27,MSFT,28.452148,28.564941,28.206883
2021-10-27,NKE,0.1300823,0.13149793,0.12880191
2021-10-27,VZ,0.001171785,0.0011832426,0.0011829324
2021-10-27,WMT,0.0071403258,0.0071689106,0.0071351323
2021-10-28,AAPL,6.6028139,6.7498189,6.3920972
2021-10-28,AMGN,0.0029152953,0.0030442061,0.0028835455
2021-10-28,CRM,2.7829115,2.8606738,2.6407569
2021-10-28,CSCO,0.89686916,0.89671366,0.87010857
2021-10-28,IBM,0.26495623,0.26671423,0.26037441
2021-10-28,INTC,0.84255553,0.87042212,0.83662848
2021-10-28,MSFT,28.830134,29.144411,28.296618
2021-10-28,NKE,0.12531123,0.12482942,0.1242528
2021-10-28,VZ,0.0011364134,0.0011560599,0.0011354831
2021-10-28,WMT,0.0070985227,0.0071978652,0.0069695485
2021-10-29,AAPL,6.5975709,6.6880489,6.3619954
2021-10-29,AMGN,0.0029214154,0.0030469422,0.0028940378
2021-10-29,CRM,2.6820537,2.7517076,2.676979
2021-10-29,CSCO,0.9000453,0.91089688,0.88834502
2021-10-29,IBM,0.26515591,0.27033591,0.26630345
2021-10-29,INTC,0.83311035,0.86138638,0.8376817
2021-10-29,MSFT,28.791175,28.964578,28.29402
2021-10-29,NKE,0.1216694,0.1239748,0.11929013
2021-10-29,VZ,0.0011042566,0.00111799,0.001094665
2021-10-29,WMT,0.0069468793,0.0070898547,0.006849801
2021-11-01,AAPL,6.5175142,6.4944987,6.5427961
2021-11-01,AMGN,0.0028959868,0.0028896049,0.0027856752
2021-11-01,CRM,2.756123,2.8438414,2.6976369
2021-11-01,CSCO,0.8850187,0.88238399,0.88343041
2021-11-01,IBM,0.26276096,0.26207508,0.26378276
2021-11-01,INTC,0.8510203,0.86804992,0.84521617
2021-11-01,MSFT,28.677592,28.854886,28.402233
2021-11-01,NKE,0.12309815,0.1257995,0.12200834
2021-11-01,VZ,0.0010645146,0.001068105,0.0010584665
2021-11-01,WMT,0.0067942571,0.0067905581,0.0067737073
2021-11-02,AAPL,6.6793728,6.5906872,6.5642519
2021-11-02,AMGN,0.0028407102,0.002914841,0.0028260495
2021-11-02,CRM,2.7270529,2.7574631,2.7203074
2021-11-02,CSCO,0.89510504,0.90746146,0.89460518
2021-11-02,IBM,0.25464329,0.25713459,0.24955035
2021-11-02,INTC,0.87029524,0.87267302,0.86836601
2021-11-02,MSFT,27.965097,28.197556,27.285019
2021-11-02,NKE,0.12122906,0.12255816,0.12329706
2021-11-02,VZ,0.0010570891,0.001052064,0.0010704262
2021-11-02,WMT,0.0066307317,0.0067030858,0.0066214724
2021-11-03,AAPL,6.6348764,6.8094477,6.5413622
2021-11-03,AMGN,0.0026540601,0.0027644468,0.0026463857
2021-11-03,CRM,2.706738,2.7181205,2.6762315
2021-11-03,CSCO,0.90677724,0.91115903,0.88777986
2021-11-03,IBM,0.2518018,0.25254526,0.24502884
2021-11-03,INTC,0.89456314,0.89652628,0.87970981
2021-11-03,MSFT,28.539052,28.732343,28.109396
2021-11-03,NKE,0.12433291,0.12423612,0.1235534
2021-11-03,VZ,0.0010460666,0.0010615118,0.001038857
2021-11-03,WMT,0.0063576034,0.0064480487,0.0063255274
2021-11-04,AAPL,6.8093373,6.8593629,6.6427657
2021-11-04,AMGN,0.002625547,0.0026674801,0.0026052703
2021-11-04,CRM,2.7021315,2.683601,2.6894829
2021-11-04,CSCO,0.89539024,0.88522764,0.88150005
2021-11-04,IBM,0.24062361,0.24162195,0.24011121
2021-11-04,INTC,0.91188593,0.91017681,0.88736441
2021-11-04,MSFT,28.715601,29.406003,28.569615
2021-11-04,NKE,0.12183917,0.12262931,0.11998064
2021-11-04,VZ,0.0010137637,0.0010177791,0.00099583615
2021-11-04,WMT,0.0061817474,0.0062308169,0.0061466818
2021-11-05,AAPL,6.8878615,7.0379276,6.8131979
2021-11-05,AMGN,0.0025808117,0.0026379998,0.0025099978
2021-11-05,CRM,2.688757,2.7253311,2.6457472
2021-11-05,CSCO,0.89224951,0.87639573,0.8840168
2021-11-05,IBM,0.23992133,0.24096903,0.24012262
2021-11-05,INTC,0.89451072,0.91040249,0.88503784
2021-11-05,MSFT,28.452263,28.58071,27.880296
2021-11-05,NKE,0.1214602,0.12303305,0.11977612
2021-11-05,VZ,0.00099655546,0.0010248002,0.0010045282
2021-11-05,WMT,0.0060826015,0.0061566345,0.0061076306
2021-11-08,AAPL,7.1040237,7.2041723,6.9865325
2021-11-08,AMGN,0.002500116,0.002526903,0.0024508336
2021-11-08,CRM,2.6258059,2.6400718,2.5673708
2021-11-08,CSCO,0.91316756,0.93016585,0.90083361
2021-11-08,IBM,0.23554786,0.23675334,0.23414574
2021-11-08,INTC,0.91241566,0.93343505,0.8933981
2021-11-08,MSFT,28.678581,28.835502,28.568576
2021-11-08,NKE,0.11974421,0.11960958,0.11765855
2021-11-08,VZ,0.00096956773,0.00098834475,0.00097761752
2021-11-08,WMT,0.0060590437,0.0061189061,0.0059643665
2021-11-09,AAPL,6.9208806,6.9177645,6.8207661
2021-11-09,AMGN,0.0024230104,0.0024694717,0.002366741
2021-11-09,CRM,2.599418,2.6613914,2.6317326
2021-11-09,CSCO,0.92018683,0.9240369,0.89683231
2021-11-09,IBM,0.2384887,0.23902074,0.23718783
2021-11-09,INTC,0.90700989,0.91635353,0.89127531
2021-11-09,MSFT,28.745771,28.891844,28.445013
2021-11-09,NKE,0.12034249,0.12347285,0.12112802
2021-11-09,VZ,0.00094210354,0.00095243606,0.00094960894
2021-11-09,WMT,0.0059386163,0.0059758822,0.0058803187
2021-11-10,AAPL,7.088009,7.068463,6.9192475
2021-11-10,AMGN,0.0023128048,0.0023889338,0.0022757787
2021-11-10,CRM,2.563122,2.5963253,2.5056001
2021-11-10,CSCO,0.93536915,0.93670542,0.93526333
2021-11-10,IBM,0.23319219,0.23279988,0.2301306
2021-11-10,INTC,0.92407121,0.9301462,0.9093913
2021-11-10,MSFT,27.853143,27.982827,27.950825
2021-11-10,NKE,0.12122535,0.12286176,0.12081676
2021-11-10,VZ,0.00092460699,0.00093627507,0.00090976789
2021-11-10,WMT,0.0057081877,0.0057444716,0.005645689
2021-11-11,AAPL,6.9919839,7.010747,6.9899714
2021-11-11,AMGN,0.0022581733,0.0022853951,0.0021947583
2021-11-11,CRM,2.5830044,2.5930623,2.6155304
2021-11-11,CSCO,0.96616023,0.95394278,0.95247009
2021-11-11,IBM,0.22838477,0.23101457,0.22949315
2021-11-11,INTC,0.90930926,0.92166794,0.88796285
2021-11-11,MSFT,28.71846,28.745451,27.938919
2021-11-11,NKE,0.12099435,0.1235028,0.12363832
2021-11-11,VZ,0.00091261924,0.0009398085,0.0009024022
2021-11-11,WMT,0.0056006965,0.0056892883,0.0055739866
2021-11-12,AAPL,7.1692781,7.2183954,6.9510109
2021-11-12,AMGN,0.00219707,0.0022570691,0.0021796605
2021-11-12,CRM,2.5263016,2.5570147,2.5179527
2021-11-12,CSCO,0.97534357,0.96543475,0.95948666
2021-11-12,IBM,0.23050882,0.23252598,0.22641963
2021-11-12,INTC,0.91892485,0.9324194,0.90105252
2021-11-12,MSFT,29.595025,29.632006,28.742327
2021-11-12,NKE,0.1199715,0.12117996,0.11983522
2021-11-12,VZ,0.00087223627,0.00088938849,0.00087371849
2021-11-12,WMT,0.005377771,0.0054252269,0.0054068574
2021-11-15,AAPL,7.3640679,7.3053809,7.1983673
2021-11-15,AMGN,0.0021473786,0.0021688229,0.0021016717
2021-11-15,CRM,2.6070431,2.5930613,2.5500639
2021-11-15,CSCO,0.98260662,0.973651,0.97497552
2021-11-15,IBM,0.22417223,0.22856505,0.22451568
2021-11-15,INTC,0.90263841,0.9071644,0.87531588
2021-11-15,MSFT,29.68041,29.721103,29.527262
2021-11-15,NKE,0.11944305,0.1211854,0.11836804
2021-11-15,VZ,0.00083774131,0.00084819225,0.00083759026
2021-11-15,WMT,0.0053981444,0.0055017004,0.0054903302
2021-11-16,AAPL,7.2991552,7.3111081,7.1876397
2021-11-16,AMGN,0.0021283444,0.0021704069,0.0021453809
2021-11-16,CRM,2.5683583,2.6660171,2.5580887
2021-11-16,CSCO,0.95696565,0.95352286,0.95640889
2021-11-16,IBM,0.21989913,0.22279646,0.21810357
2021-11-16,INTC,0.88178981,0.89724094,0.87273205
2021-11-16,MSFT,29.926491,30.331472,29.298505
2021-11-16,NKE,0.12113083,0.12073153,0.12000753
2021-11-16,VZ,0.00082287718,0.00083517893,0.00083427449
2021-11-16,WMT,0.0052976292,0.0053829219,0.0052308784
2021-11-17,AAPL,7.4837139,7.5518359,7.2280817
2021-11-17,AMGN,0.0020917937,0.0021286668,0.0020700179
2021-11-17,CRM,2.5495416,2.5148182,2.4951655
2021-11-17,CSCO,0.95991549,0.9596202,0.96291712
2021-11-17,IBM,0.21517753,0.21602196,0.21022574
2021-11-17,INTC,0.88054607,0.88984089,0.88878427
2021-11-17,MSFT,30.002622,30.314343,29.564378
2021-11-17,NKE,0.12019321,0.12182479,0.11824739
2021-11-17,VZ,0.00081018296,0.00081881588,0.00081192973
2021-11-17,WMT,0.0050881934,0.0051202926,0.0050486154
2021-11-18,AAPL,7.3142223,7.3505501,7.0570581
2021-11-18,AMGN,0.0020560371,0.0020853977,0.0020616991
2021-11-18,CRM,2.5818996,2.5158676,2.5851043
2021-11-18,CSCO,0.94767882,0.93915468,0.92825603
2021-11-18,IBM,0.21589262,0.21761632,0.21040527
2021-11-18,INTC,0.88800124,0.88771447,0.87064413
2021-11-18,MSFT,29.27607,29.062564,29.177504
2021-11-18,NKE,0.1185712,0.11900843,0.1179273
2021-11-18,VZ,0.00078763535,0.00079201294,0.0007918614
2021-11-18,WMT,0.0049730466,0.0051409762,0.0049317955
2021-11-19,AAPL,7.3054779,7.365324,7.1065265
2021-11-19,AMGN,0.0019661099,0.0020780848,0.0019467356
2021-11-19,CRM,2.6210812,2.6492405,2.574284
2021-11-19,CSCO,0.95100766,0.94783339,0.93238692
2021-11-19,IBM,0.21719862,0.21994729,0.216458
2021-11-19,INTC,0.87646045,0.86856332,0.87577907
2021-11-19,MSFT,29.480593,29.19872,28.889679
2021-11-19,NKE,0.1179311,0.11921621,0.11835854
2021-11-19,VZ,0.00077292057,0.00078019866,0.00076576623
2021-11-19,WMT,0.0048859885,0.0049685987,0.0047587197
2021-11-22,AAPL,7.4320173,7.3639543,7.224844
2021-11-22,AMGN,0.0019755452,0.0020107362,0.0019572261
2021-11-22,CRM,2.6464623,2.6782892,2.6356077
2021-11-22,CSCO,0.92179546,0.9277111,0.92794329
2021-11-22,IBM,0.2177913,0.22245618,0.21673259
2021-11-22,INTC,0.86630353,0.8764295,0.86702705
2021-11-22,MSFT,29.148005,28.640831,28.648703
2021-11-22,NKE,0.11561607,0.11854617,0.11678362
2021-11-22,VZ,0.00074612789,0.00074811199,0.0007482246
2021-11-22,WMT,0.0048451409,0.0049038086,0.0047971929
2021-11-23,AAPL,7.6220232,7.7465099,7.6195876
2021-11-23,AMGN,0.0018962338,0.0019815589,0.0018675887
2021-11-23,CRM,2.5753525,2.5547203,2.5296483
2021-11-23,CSCO,0.92725561,0.93885906,0.93613796
2021-11-23,IBM,0.215975,0.21848166,0.21123197
2021-11-23,INTC,0.84625744,0.85482382,0.83299896
2021-11-23,MSFT,29.768096,29.865645,28.849068
2021-11-23,NKE,0.11449099,0.11512097,0.11443652
2021-11-23,VZ,0.00071646856,0.00072225182,0.00071834826
2021-11-23,WMT,0.0047201382,0.004851695,0.0047434216
2021-11-24,AAPL,7.7812822,7.8460083,7.5605159
2021-11-24,AMGN,0.0018331997,0.0018984912,0.0018512561
2021-11-24,CRM,2.6232854,2.6246833,2.5568201
2021-11-24,CSCO,0.9189157,0.90325698,0.89388807
2021-11-24,IBM,0.21262664,0.21803893,0.21305394
2021-11-24,INTC,0.85577726,0.87401701,0.84279187
2021-11-24,MSFT,29.53081,29.609813,28.942723
2021-11-24,NKE,0.11184873,0.1121338,0.11149664
2021-11-24,VZ,0.00071263947,0.00072463419,0.00071457853
2021-11-24,WMT,0.004517594,0.0045466035,0.004539554
2021-11-26,AAPL,7.820305,7.9363695,7.6243095
2021-11-26,AMGN,0.0018119754,0.0018306583,0.0017957531
2021-11-26,CRM,2.598155,2.6026528,2.5424912
2021-11-26,CSCO,0.90182353,0.89518392,0.89625887
2021-11-26,IBM,0.21251146,0.21548871,0.21078259
2021-11-26,INTC,0.84041202,0.85869557,0.83863238
2021-11-26,MSFT,29.956807,29.646485,29.351367
2021-11-26,NKE,0.1130835,0.11263778,0.11304814
2021-11-26,VZ,0.00070059214,0.00071788511,0.00070414805
2021-11-26,WMT,0.0043275072,0.0043967403,0.0042924558
2021-11-29,AAPL,7.9201489,8.0203021,7.7123238
2021-11-29,AMGN,0.0017615223,0.0018141644,0.0017367117
2021-11-29,CRM,2.6384006,2.7043624,2.5766514
2021-11-29,CSCO,0.86886868,0.87311141,0.84386312
2021-11-29,IBM,0.21179271,0.21196288,0.20963169
2021-11-29,INTC,0.82924529,0.84790839,0.82273222
2021-11-29,MSFT,29.438621,29.661714,28.666754
2021-11-29,NKE,0.10915709,0.10903466,0.10798434
2021-11-29,VZ,0.00067206251,0.0006814679,0.00066239254
2021-11-29,WMT,0.0042738611,0.0043136085,0.0042466995
2021-11-30,AAPL,7.7369822,7.8636066,7.4601805
2021-11-30,AMGN,0.0017106557,0.0017457961,0.0016741251
2021-11-30,CRM,2.4612799,2.5336987,2.4265592
2021-11-30,CSCO,0.87649729,0.89040896,0.85153272
2021-11-30,IBM,0.2097386,0.21555312,0.20806331
2021-11-30,INTC,0.8098995,0.81550003,0.81817826
2021-11-30,MSFT,29.10863,29.306283,28.577485
2021-11-30,NKE,0.1070311,0.11168965,0.10715189
2021-11-30,VZ,0.00066200298,0.00068117016,0.00066001842
2021-11-30,WMT,0.0041212753,0.004196352,0.0041407679
2021-12-01,AAPL,7.6641431,7.8119331,7.7676007
2021-12-01,AMGN,0.0016906259,0.0016929871,0.001668715
2021-12-01,CRM,2.5414602,2.5058578,2.5702108
2021-12-01,CSCO,0.88957658,0.88051598,0.8990943
2021-12-01,IBM,0.21003663,0.21333353,0.20723996
2021-12-01,INTC,0.80740047,0.81519062,0.80575556
2021-12-01,MSFT,28.264807,28.302225,28.21262
2021-12-01,NKE,0.10695906,0.10764992,0.10610944
2021-12-01,VZ,0.00066179344,0.00065333425,0.00066536693
2021-12-01,WMT,0.0041104655,0.004070458,0.0040964472
2021-12-02,AAPL,7.770034,7.7137766,7.6375454
2021-12-02,AMGN,0.0016283465,0.0016496437,0.0016245645
2021-12-02,CRM,2.5351203,2.5569571,2.4397043
2021-12-02,CSCO,0.89391499,0.87965735,0.88918765
2021-12-02,IBM,0.20628956,0.20861681,0.2042941
2021-12-02,INTC,0.79322523,0.78743633,0.78637915
2021-12-02,MSFT,27.996647,28.29875,26.892715
2021-12-02,NKE,0.10302818,0.1030652,0.10129691
2021-12-02,VZ,0.00065012495,0.00065109425,0.00065593395
2021-12-02,WMT,0.0040577791,0.0041094676,0.0040941867
2021-12-03,AAPL,7.9467927,7.9937595,7.7124239
2021-12-03,AMGN,0.0015475739,0.0015918757,0.0015609692
2021-12-03,CRM,2.5474806,2.5275005,2.5344786
2021-12-03,CSCO,0.89325754,0.90314528,0.87980758
2021-12-03,IBM,0.20460673,0.204486,0.20618976
2021-12-03,INTC,0.79750212,0.80440845,0.79627296
2021-12-03,MSFT,27.88412,27.963398,27.49324
2021-12-03,NKE,0.10486359,0.10552586,0.10462986
2021-12-03,VZ,0.00063383225,0.00064140444,0.00063571086
2021-12-03,WMT,0.003975502,0.0040735719,0.0039918293
2021-12-06,AAPL,7.9386132,8.0596002,7.8431656
2021-12-06,AMGN,0.0014501583,0.0014950636,0.0014113392
2021-12-06,CRM,2.7093851,2.6650893,2.6593996
2021-12-06,CSCO,0.8858799,0.89086161,0.8893447
2021-12-06,IBM,0.20241537,0.2010482,0.20301427
2021-12-06,INTC,0.80281471,0.80111914,0.80628787
2021-12-06,MSFT,28.2173,28.624433,27.759885
2021-12-06,NKE,0.10570611,0.10794588,0.10577954
2021-12-06,VZ,0.00060549603,0.0006040958,0.00060862796
2021-12-06,WMT,0.0038815282,0.0038681549,0.0038747895
2021-12-07,AAPL,7.9821841,8.1885668,8.0163771
2021-12-07,AMGN,0.0014045606,0.0014474559,0.0014055616
2021-12-07,CRM,2.7347254,2.6967675,2.6344035
2021-12-07,CSCO,0.87224621,0.87371139,0.8544484
2021-12-07,IBM,0.20298698,0.20416254,0.20416712
2021-12-07,INTC,0.78232431,0.79371242,0.78453215
2021-12-07,MSFT,28.514324,28.546508,28.222439
2021-12-07,NKE,0.10524094,0.10769766,0.10516745
2021-12-07,VZ,0.00058247928,0.00058488312,0.00058849113
2021-12-07,WMT,0.0037578212,0.0037980039,0.0037309407
2021-12-08,AAPL,7.9094841,7.9949659,7.7849715
2021-12-08,AMGN,0.0013567781,0.0013734903,0.001356541
2021-12-08,CRM,2.6638425,2.6462541,2.6657516
2021-12-08,CSCO,0.8842424,0.8864265,0.87138471
2021-12-08,IBM,0.19743296,0.1974128,0.19769585
2021-12-08,INTC,0.78389462,0.79067797,0.76508228
2021-12-08,MSFT,28.576941,28.330132,28.230862
2021-12-08,NKE,0.10515425,0.10622142,0.10601349
2021-12-08,VZ,0.00056986103,0.00057520998,0.00057711821
2021-12-08,WMT,0.0036838101,0.0037219085,0.0036900956
2021-12-09,AAPL,7.6696409,7.7717719,7.6304525
2021-12-09,AMGN,0.0013169623,0.0013663291,0.0012866553
2021-12-09,CRM,2.5956795,2.5713859,2.5169182
2021-12-09,CSCO,0.86791713,0.86360786,0.84426908
2021-12-09,IBM,0.19473967,0.19500609,0.1925781
2021-12-09,INTC,0.79475178,0.79451488,0.78638173
2021-12-09,MSFT,28.539205,28.61162,28.603506
2021-12-09,NKE,0.10563661,0.10637745,0.10516909
2021-12-09,VZ,0.00056488899,0.00055974074,0.00056320303
2021-12-09,WMT,0.0036591815,0.0037191401,0.0035854058
2021-12-10,AAPL,7.5018465,7.5556497,7.4683643
2021-12-10,AMGN,0.001326546,0.0013658091,0.0012947652
2021-12-10,CRM,2.5021456,2.5635174,2.465238
2021-12-10,CSCO,0.87552312,0.85834781,0.86989067
2021-12-10,IBM,0.1950645,0.19678461,0.19309915
2021-12-10,INTC,0.79957512,0.79790812,0.8141765
2021-12-10,MSFT,28.747062,29.148285,28.168033
2021-12-10,NKE,0.10708584,0.10829078,0.10844386
2021-12-10,VZ,0.00055696131,0.0005627718,0.0005578597
2021-12-10,WMT,0.003554632,0.0036125482,0.0034703933
2021-12-13,AAPL,7.6178321,7.6275562,7.5675424
2021-12-13,AMGN,0.0012843659,0.0013033975,0.0012704512
2021-12-13,CRM,2.6060774,2.6093668,2.5557297
2021-12-13,CSCO,0.84634743,0.83522323,0.83814482
2021-12-13,IBM,0.18877391,0.1930295,0.1878357
2021-12-13,INTC,0.78373084,0.78664262,0.77248846
2021-12-13,MSFT,28.27752,28.276043,27.638618
2021-12-13,NKE,0.10701105,0.10660024,0.10659009
2021-12-13,VZ,0.00054950897,0.00055249004,0.00054490019
2021-12-13,WMT,0.0034194015,0.0034919961,0.0034178706
2021-12-14,AAPL,7.5490199,7.6104471,7.4414047
2021-12-14,AMGN,0.0012392508,0.001266314,0.0012357976
2021-12-14,CRM,2.6230963,2.6241507,2.5878245
2021-12-14,CSCO,0.85862839,0.85071045,0.86089692
2021-12-14,IBM,0.18806745,0.18866156,0.18764624
2021-12-14,INTC,0.80180093,0.81511686,0.80270083
2021-12-14,MSFT,28.401375,28.472743,27.765167
2021-12-14,NKE,0.10632156,0.10770558,0.10437209
2021-12-14,VZ,0.00053845105,0.00053618549,0.00053781465
2021-12-14,WMT,0.0033094855,0.0033665775,0.0032759486
2021-12-15,AAPL,7.6364928,7.5679932,7.5946471
2021-12-15,AMGN,0.0012008253,0.0012357169,0.001193713
2021-12-15,CRM,2.7508301,2.7508416,2.7369222
2021-12-15,CSCO,0.85189506,0.85465783,0.83787977
2021-12-15,IBM,0.1809199,0.18161926,0.17823366
2021-12-15,INTC,0.79813136,0.80738551,0.77386685
2021-12-15,MSFT,28.707658,28.65228,28.137223
2021-12-15,NKE,0.10328258,0.10346666,0.10207319
2021-12-15,VZ,0.00051780548,0.0005122801,0.00051552167
2021-12-15,WMT,0.0032870144,0.0032816711,0.0032589707
2021-12-16,AAPL,7.4494081,7.4975096,7.1900893
2021-12-16,AMGN,0.0011943578,0.0012086036,0.0011913974
2021-12-16,CRM,2.6985727,2.6468235,2.6565193
2021-12-16,CSCO,0.85733801,0.86463528,0.8556739
2021-12-16,IBM,0.17841385,0.18157991,0.17714293
2021-12-16,INTC,0.81274886,0.82117543,0.81434924
2021-12-16,MSFT,28.045482,28.662531,27.543481
2021-12-16,NKE,0.10441309,0.10627843,0.10526861
2021-12-16,VZ,0.00050454442,0.00051675991,0.00050129868
2021-12-16,WMT,0.00322788,0.0033081956,0.0032141891
2021-12-17,AAPL,7.5793778,7.6281541,7.3594165
2021-12-17,AMGN,0.0011390349,0.0011715153,0.0011106649
2021-12-17,CRM,2.5932537,2.6039027,2.5176412
2021-12-17,CSCO,0.87767529,0.87727781,0.85920098
2021-12-17,IBM,0.17694121,0.18003636,0.17525966
2021-12-17,INTC,0.79051222,0.79484313,0.78502969
2021-12-17,MSFT,28.450551,28.970034,27.661332
2021-12-17,NKE,0.10393937,0.10391574,0.105699
2021-12-17,VZ,0.00049128792,0.00050227902,0.00048762851
2021-12-17,WMT,0.0032355261,0.0032634905,0.0031586943
2021-12-20,AAPL,7.5724487,7.6317167,7.4072223
2021-12-20,AMGN,0.0011212229,0.0011616347,0.0011259132
2021-12-20,CRM,2.5512211,2.554757,2.4744376
2021-12-20,CSCO,0.88529774,0.89069483,0.88592103
2021-12-20,IBM,0.16966127,0.17020866,0.16878851
2021-12-20,INTC,0.77871679,0.7845598,0.76740853
2021-12-20,MSFT,28.853542,28.794487,28.780822
2021-12-20,NKE,0.10204077,0.10301542,0.10091057
2021-12-20,VZ,0.00048898673,0.00049294905,0.00048148321
2021-12-20,WMT,0.0032455173,0.0033048896,0.003213333
2021-12-21,AAPL,7.5151174,7.4611814,7.3810614
2021-12-21,AMGN,0.0010950451,0.0011192458,0.0010914656
2021-12-21,CRM,2.606254,2.6468223,2.5692046
2021-12-21,CSCO,0.88986502,0.88235561,0.90302098
2021-12-21,IBM,0.17281914,0.17566915,0.17149795
2021-12-21,INTC,0.77665121,0.78323486,0.75952752
2021-12-21,MSFT,28.687009,29.289546,28.24362
2021-12-21,NKE,0.098496555,0.098731248,0.097789658
2021-12-21,VZ,0.00047421981,0.00047926705,0.00047148946
2021-12-21,WMT,0.003153957,0.0032034339,0.0031579966
2021-12-22,AAPL,7.4998371,7.475611,7.5227033
2021-12-22,AMGN,0.0010551182,0.0010854893,0.0010500613
2021-12-22,CRM,2.6088215,2.6145628,2.6260491
2021-12-22,CSCO,0.85630435,0.84733973,0.85717703
2021-12-22,IBM,0.17214389,0.17314983,0.17440181
2021-12-22,INTC,0.75612884,0.77048893,0.75521269
2021-12-22,MSFT,28.365608,28.448406,27.796381
2021-12-22,NKE,0.095389863,0.095611878,0.095081188
2021-12-22,VZ,0.00046269543,0.00046798554,0.00046306697
2021-12-22,WMT,0.0030898678,0.0031772998,0.0030767495
2021-12-23,AAPL,7.4030555,7.5214146,7.4855828
2021-12-23,AMGN,0.0010109149,0.0010373468,0.0010120178
2021-12-23,CRM,2.709835,2.6272671,2.6828725
2021-12-23,CSCO,0.85175859,0.84689717,0.85374415
2021-12-23,IBM,0.1706364,0.17175144,0.16889732
2021-12-23,INTC,0.75396429,0.76626467,0.75233738
2021-12-23,MSFT,28.356687,28.219258,28.241119
2021-12-23,NKE,0.096790075,0.097524578,0.09551314
2021-12-23,VZ,0.00045119068,0.00046081162,0.00044518551
2021-12-23,WMT,0.0030586903,0.0030636,0.003013222
2021-12-27,AAPL,7.3478542,7.4088331,7.1355291
2021-12-27,AMGN,0.0010046687,0.0010162896,0.00099564408
2021-12-27,CRM,2.6812747,2.6535913,2.6637499
2021-12-27,CSCO,0.84924879,0.8561088,0.84072118
2021-12-27,IBM,0.16453404,0.16800083,0.16330843
2021-12-27,INTC,0.7309865,0.74094952,0.71394006
2021-12-27,MSFT,28.513309,28.191874,28.051825
2021-12-27,NKE,0.097725302,0.099369748,0.096127339
2021-12-27,VZ,0.0004336523,0.00044320643,0.00043385463
2021-12-27,WMT,0.0029033096,0.0029605409,0.0028965966
2021-12-28,AAPL,7.3227092,7.4126853,7.0662763
2021-12-28,AMGN,0.00095177102,0.00097601106,0.00092784515
2021-12-28,CRM,2.7291565,2.6992275,2.6607799
2021-12-28,CSCO,0.83188897,0.83176744,0.81480807
2021-12-28,IBM,0.15986465,0.16144593,0.15684029
2021-12-28,INTC,0.70563195,0.70801257,0.69365369
2021-12-28,MSFT,28.720213,28.509457,28.140548
2021-12-28,NKE,0.098418242,0.098882445,0.098652244
2021-12-28,VZ,0.00042103514,0.00042490378,0.00042929718
2021-12-28,WMT,0.0028390855,0.0028950312,0.0027979918
2021-12-29,AAPL,7.5079745,7.5183495,7.1661671
2021-12-29,AMGN,0.00090292947,0.00092822817,0.00089144276
2021-12-29,CRM,2.7087279,2.7721494,2.6795634
2021-12-29,CSCO,0.83275612,0.83202022,0.8146705
2021-12-29,IBM,0.15867738,0.16047501,0.15590067
2021-12-29,INTC,0.68023891,0.6908065,0.65703246
2021-12-29,MSFT,29.057516,29.771843,28.068801
2021-12-29,NKE,0.095073365,0.096857686,0.095810107
2021-12-29,VZ,0.00040819137,0.00041286455,0.00040138732
2021-12-29,WMT,0.0028520846,0.0029159203,0.0028180893
2021-12-30,AAPL,7.3787855,7.5813496,7.1948081
2021-12-30,AMGN,0.0008577289,0.00087461383,0.0008520216
2021-12-30,CRM,2.5822484,2.6772653,2.5683071
2021-12-30,CSCO,0.83652368,0.83013114,0.8320052
2021-12-30,IBM,0.15846462,0.1626027,0.15782893
2021-12-30,INTC,0.67585375,0.68089667,0.67242361
2021-12-30,MSFT,28.942941,29.700903,28.98344
2021-12-30,NKE,0.097178085,0.098810125,0.095541665
2021-12-30,VZ,0.00039699897,0.00040850495,0.00039220497
2021-12-30,WMT,0.0028160193,0.0028735991,0.0027724963
2021-12-31,AAPL,7.4394271,7.5015987,7.4193111
2021-12-31,AMGN,0.00084184999,0.00085882436,0.00084159022
2021-12-31,CRM,2.5802112,2.5935302,2.5786962
2021-12-31,CSCO,0.83833739,0.83524362,0.84017144
2021-12-31,IBM,0.15726465,0.15868511,0.15575051
2021-12-31,INTC,0.69295652,0.69831482,0.70645613
2021-12-31,MSFT,28.99677,28.939607,28.514761
2021-12-31,NKE,0.093501648,0.094701265,0.092502085
2021-12-31,VZ,0.00040230359,0.00040108787,0.00040702662
2021-12-31,WMT,0.0028064935,0.0028173302,0.0028369749
2022-01-03,AAPL,7.2197418,7.3303823,7.09171
2022-01-03,AMGN,0.00081187085,0.00083973039,0.00081631695
2022-01-03,CRM,2.4694796,2.542949,2.3868938
2022-01-03,CSCO,0.83693346,0.83627562,0.82880303
2022-01-03,IBM,0.15827371,0.16110892,0.15812146
2022-01-03,INTC,0.67694355,0.67783728,0.67078662
2022-01-03,MSFT,28.278013,28.536859,28.221398
2022-01-03,NKE,0.092023295,0.093009643,0.08969495
2022-01-03,VZ,0.00039168362,0.00039549022,0.00038552897
2022-01-03,WMT,0.0027646407,0.002822979,0.002767794
2022-01-04,AAPL,7.2369326,7.1721371,7.0171992
2022-01-04,AMGN,0.00079095129,0.00080132399,0.0007827756
2022-01-04,CRM,2.3980611,2.4227518,2.2929053
2022-01-04,CSCO,0.81674323,0.83490286,0.79630997
2022-01-04,IBM,0.15339873,0.15684673,0.15223942
2022-01-04,INTC,0.65888644,0.66742441,0.64302248
2022-01-04,MSFT,27.589299,27.930532,27.175024
2022-01-04,NKE,0.088697002,0.090751741,0.088880241
2022-01-04,VZ,0.00038438668,0.00038854452,0.00038285527
2022-01-04,WMT,0.0027125849,0.0027646936,0.0027078107
2022-01-05,AAPL,7.2401392,7.174691,7.1809562
2022-01-05,AMGN,0.00075764665,0.00078229873,0.00075170527
2022-01-05,CRM,2.4974789,2.4586742,2.5148007
2022-01-05,CSCO,0.85913358,0.8575961,0.85818269
2022-01-05,IBM,0.14948427,0.15195874,0.14828004
2022-01-05,INTC,0.64831612,0.65416353,0.63216392
2022-01-05,MSFT,27.973125,27.991059,27.737897
2022-01-05,NKE,0.085158501,0.086922975,0.083576401
2022-01-05,VZ,0.00036756972,0.0003713369,0.00037145972
2022-01-05,WMT,0.0026242728,0.0026504952,0.0026176616
2022-01-06,AAPL,7.0847903,7.1245029,6.9846328
2022-01-06,AMGN,0.0007447375,0.00076911195,0.00074759638
2022-01-06,CRM,2.4776145,2.4399966,2.3473855
2022-01-06,CSCO,0.88571765,0.88858177,0.88689451
2022-01-06,IBM,0.14658145,0.14920733,0.14546743
2022-01-06,INTC,0.68438225,0.68460922,0.68295872
2022-01-06,MSFT,27.870285,28.424468,27.415962
2022-01-06,NKE,0.084287297,0.084620684,0.082791065
2022-01-06,VZ,0.00035892455,0.00036108804,0.00035740124
2022-01-06,WMT,0.0026048763,0.0026558239,0.0025915961
2022-01-07,AAPL,6.980144,6.9458778,6.9003799
2022-01-07,AMGN,0.00070866406,0.00073142651,0.00070957796
2022-01-07,CRM,2.3782729,2.4199169,2.3423186
2022-01-07,CSCO,0.90258653,0.90117454,0.89556472
2022-01-07,IBM,0.14338082,0.14364631,0.14407403
2022-01-07,INTC,0.68409644,0.67692072,0.67498258
2022-01-07,MSFT,28.587192,28.755612,27.929397
2022-01-07,NKE,0.084090952,0.084905276,0.084750408
2022-01-07,VZ,0.00034506707,0.0003447563,0.00034460418
2022-01-07,WMT,0.0026185753,0.0026669221,0.002594118
2022-01-10,AAPL,6.9806173,7.0789188,6.7633022
2022-01-10,AMGN,0.00069550365,0.00070819435,0.00070526869
2022-01-10,CRM,2.3832577,2.3514108,2.2373307
2022-01-10,CSCO,0.86985137,0.84564345,0.85761647
2022-01-10,IBM,0.13619287,0.13997053,0.13455825
2022-01-10,INTC,0.66285515,0.67336966,0.65861478
2022-01-10,MSFT,28.21457,29.24908,27.726648
2022-01-10,NKE,0.083657053,0.08413304,0.08301158
2022-01-10,VZ,0.00034045646,0.00034174586,0.00034004959
2022-01-10,WMT,0.0025469987,0.00259105,0.0025351153
2022-01-11,AAPL,6.9200741,7.0087556,6.9986073
2022-01-11,AMGN,0.00066338714,0.0006716633,0.00065599563
2022-01-11,CRM,2.41485,2.3895248,2.3687191
2022-01-11,CSCO,0.89891189,0.89750447,0.8694858
2022-01-11,IBM,0.13378374,0.14051387,0.13429282
2022-01-11,INTC,0.66948175,0.66554627,0.65489045
2022-01-11,MSFT,28.31542,28.129052,27.702211
2022-01-11,NKE,0.084273233,0.085651926,0.083262876
2022-01-11,VZ,0.00033780505,0.00034381528,0.00034082619
2022-01-11,WMT,0.0025020028,0.0025715981,0.0025059059
2022-01-12,AAPL,6.951178,6.9832043,6.9157455
2022-01-12,AMGN,0.00065037248,0.0006532798,0.00064092082
2022-01-12,CRM,2.3937859,2.4136114,2.36655
2022-01-12,CSCO,0.90240122,0.90760858,0.90806438
2022-01-12,IBM,0.13229365,0.13414702,0.13112394
2022-01-12,INTC,0.67510808,0.66603985,0.67230193
2022-01-12,MSFT,28.620592,29.318746,28.506829
2022-01-12,NKE,0.081556575,0.081625739,0.081741415
2022-01-12,VZ,0.00032847679,0.00033459354,0.00032853455
2022-01-12,WMT,0.0024589457,0.0024631723,0.002471538
2022-01-13,AAPL,6.9900634,7.0889988,6.9826143
2022-01-13,AMGN,0.00064351919,0.00066969068,0.00063478475
2022-01-13,CRM,2.4631656,2.4039923,2.4076907
2022-01-13,CSCO,0.89322309,0.88206298,0.89375752
2022-01-13,IBM,0.126865,0.12819829,0.1277488
2022-01-13,INTC,0.67163936,0.67317038,0.66354869
2022-01-13,MSFT,28.962935,29.044445,28.598048
2022-01-13,NKE,0.081180889,0.08276024,0.080371728
2022-01-13,VZ,0.00032090163,0.00031790548,0.0003286055
2022-01-13,WMT,0.0024295243,0.0024665739,0.0024247076
2022-01-14,AAPL,7.1132719,7.170207,7.1254869
2022-01-14,AMGN,0.00062790264,0.00063559329,0.00061754457
2022-01-14,CRM,2.4697494,2.5373873,2.4074218
2022-01-14,CSCO,0.88643041,0.90236123,0.88307119
2022-01-14,IBM,0.12577297,0.12810922,0.12394867
2022-01-14,INTC,0.65928023,0.65903679,0.66114451
2022-01-14,MSFT,29.316836,29.079613,28.396898
2022-01-14,NKE,0.079671124,0.080600277,0.078852702
2022-01-14,VZ,0.00030528068,0.00031061594,0.00030081602
2022-01-14,WMT,0.0023744171,0.0023619094,0.0023532463
2022-01-18,AAPL,7.183445,7.1631229,7.1917368
2022-01-18,AMGN,0.00060517461,0.00063036567,0.00061127123
2022-01-18,CRM,2.4154569,2.443941,2.3062678
2022-01-18,CSCO,0.89561809,0.89906385,0.89094483
2022-01-18,IBM,0.12260785,0.12404384,0.12301202
2022-01-18,INTC,0.63959843,0.6353633,0.628237
2022-01-18,MSFT,29.515683,29.950012,28.955281
2022-01-18,NKE,0.07807183,0.080093518,0.079250407
2022-01-18,VZ,0.00029157464,0.0002944055,0.00029670352
2022-01-18,WMT,0.0023548251,0.0023689727,0.0023323481
2022-01-19,AAPL,7.1969137,7.2841524,7.1045253
2022-01-19,AMGN,0.00057127421,0.00058183589,0.00056484971
2022-01-19,CRM,2.4247833,2.4615308,2.3505147
2022-01-19,CSCO,0.89766382,0.8817422,0.87829263
2022-01-19,IBM,0.12343414,0.1247685,0.1248685
2022-01-19,INTC,0.62370759,0.62156288,0.61576088
2022-01-19,MSFT,29.635971,30.27927,29.217259
2022-01-19,NKE,0.077824802,0.080593496,0.076735505
2022-01-19,VZ,0.00028140114,0.00028857494,0.00028430153
2022-01-19,WMT,0.0023244004,0.0023406838,0.002294229
2022-01-20,AAPL,7.0727418,7.2166189,7.0193114
2022-01-20,AMGN,0.00054955828,0.00056269575,0.00054638525
2022-01-20,CRM,2.4257884,2.4484919,2.4165944
2022-01-20,CSCO,0.91104367,0.91270065,0.89118912
2022-01-20,IBM,0.11849191,0.11958721,0.11730685
2022-01-20,INTC,0.61837242,0.6363166,0.60930251
2022-01-20,MSFT,30.337064,30.229002,29.332169
2022-01-20,NKE,0.075712434,0.075877684,0.074692385
2022-01-20,VZ,0.00026470915,0.00026651095,0.00026639445
2022-01-20,WMT,0.0022656068,0.0023284626,0.0022676672
2022-01-21,AAPL,7.134757,7.1926381,7.1897607
2022-01-21,AMGN,0.00052578232,0.00053553071,0.00051393643
2022-01-21,CRM,2.4631634,2.4759191,2.3876451
2022-01-21,CSCO,0.91916991,0.92225134,0.90110818
2022-01-21,IBM,0.11661537,0.11712896,0.11700433
2022-01-21,INTC,0.6101351,0.62324463,0.60588941
2022-01-21,MSFT,30.067773,30.351195,30.110473
2022-01-21,NKE,0.075025788,0.075584594,0.074064091
2022-01-21,VZ,0.00026147902,0.00026500548,0.00026404097
2022-01-21,WMT,0.0021935738,0.0022345518,0.0022075355
2022-01-24,AAPL,6.8782874,7.0065957,6.6955106
2022-01-24,AMGN,0.00051418778,0.00052291957,0.00051057796
2022-01-24,CRM,2.5829919,2.6284567,2.5198569
2022-01-24,CSCO,0.92312389,0.93514927,0.91620024
2022-01-24,IBM,0.1159996,0.11945641,0.11431355
2022-01-24,INTC,0.59476494,0.5859516,0.58947101
2022-01-24,MSFT,31.151064,30.910108,30.174377
2022-01-24,NKE,0.075054886,0.075377085,0.074670481
2022-01-24,VZ,0.00025806228,0.00025912248,0.00025531843
2022-01-24,WMT,0.0020913988,0.0021222554,0.0020895559
2022-01-25,AAPL,6.9852753,6.9422925,6.7923964
2022-01-25,AMGN,0.00049090585,0.00049014774,0.00047151264
2022-01-25,CRM,2.5637086,2.534045,2.4668563
2022-01-25,CSCO,0.96749049,0.95107888,0.97325187
2022-01-25,IBM,0.11148761,0.1163318,0.11128209
2022-01-25,INTC,0.56759793,0.57573643,0.56381013
2022-01-25,MSFT,31.208096,31.703092,30.644185
2022-01-25,NKE,0.074784667,0.075587367,0.07475437
2022-01-25,VZ,0.00025009272,0.00025214123,0.00024906391
2022-01-25,WMT,0.0020164527,0.0020438717,0.0019950801
2022-01-26,AAPL,7.2118682,7.2002452,7.0104216
2022-01-26,AMGN,0.00047339119,0.00046448962,0.00046053719
2022-01-26,CRM,2.4334299,2.4377688,2.3638198
2022-01-26,CSCO,0.96661489,0.99820412,0.96261977
2022-01-26,IBM,0.11032964,0.11224873,0.1084389
2022-01-26,INTC,0.56428488,0.5662146,0.55114707
2022-01-26,MSFT,31.532698,32.385301,31.297417
2022-01-26,NKE,0.074825147,0.075130634,0.073407421
2022-01-26,VZ,0.00025151923,0.00025405487,0.00025293133
2022-01-26,WMT,0.001982536,0.0020324995,0.0019929313
2022-01-27,AAPL,7.3850155,7.3886356,7.2713347
2022-01-27,AMGN,0.00045252188,0.00046326315,0.00045030774
2022-01-27,CRM,2.3185323,2.3770793,2.2508987
2022-01-27,CSCO,0.9551637,0.94981207,0.93740085
2022-01-27,IBM,0.1097968,0.11276225,0.11094341
2022-01-27,INTC,0.55693075,0.55055648,0.54969914
2022-01-27,MSFT,31.486377,32.331988,30.563866
2022-01-27,NKE,0.074094416,0.073514432,0.073666377
2022-01-27,VZ,0.00024787425,0.00025129761,0.00025049264
2022-01-27,WMT,0.001958092,0.0019887565,0.0019184743
2022-01-28,AAPL,7.525657,7.7771758,7.259536
2022-01-28,AMGN,0.00042566279,0.00044511231,0.00042204634
2022-01-28,CRM,2.1552828,2.2395395,2.0739168
2022-01-28,CSCO,0.92256633,0.92750612,0.90319175
2022-01-28,IBM,0.10858729,0.10993595,0.10822224
2022-01-28,INTC,0.54832516,0.54775207,0.53813311
2022-01-28,MSFT,30.39494,30.448428,29.49853
2022-01-28,NKE,0.071077853,0.072526395,0.069535894
2022-01-28,VZ,0.00024258433,0.00024574204,0.00024239872
2022-01-28,WMT,0.001954659,0.0019809075,0.0018884725
2022-01-31,AAPL,7.5718301,7.7110124,7.3431838
2022-01-31,AMGN,0.00041602605,0.00043311788,0.00040769584
2022-01-31,CRM,2.0383334,2.1123897,1.9871964
2022-01-31,CSCO,0.89982921,0.92564787,0.90094126
2022-01-31,IBM,0.10469917,0.10754961,0.1035985
2022-01-31,INTC,0.54802238,0.5605583,0.54480044
2022-01-31,MSFT,30.10625,30.521839,29.424666
2022-01-31,NKE,0.072814053,0.075278753,0.073894171
2022-01-31,VZ,0.00023976065,0.00024189768,0.00023787344
2022-01-31,WMT,0.0019181234,0.0019579975,0.0019200233
2022-02-01,AAPL,7.6211509,7.6183395,7.4835322
2022-02-01,AMGN,0.00041322018,0.00041757321,0.00040866588
2022-02-01,CRM,1.9797472,2.0039471,2.0633184
2022-02-01,CSCO,0.90407581,0.90630814,0.88445276
2022-02-01,IBM,0.10449468,0.10610941,0.10657557
2022-02-01,INTC,0.53078632,0.53468423,0.53411008
2022-02-01,MSFT,29.844865,30.085328,29.305271
2022-02-01,NKE,0.071968621,0.072358706,0.072172886
2022-02-01,VZ,0.0002386003,0.00023772861,0.00023719558
2022-02-01,WMT,0.0019488441,0.0019665648,0.0019267837
2022-02-02,AAPL,7.8935162,7.9529965,7.9820879
2022-02-02,AMGN,0.00041293892,0.00042414097,0.00040657541
2022-02-02,CRM,1.9140848,1.9578351,1.9172277
2022-02-02,CSCO,0.87508301,0.88229556,0.87181676
2022-02-02,IBM,0.10138263,0.10189562,0.10026564
2022-02-02,INTC,0.52662606,0.53213433,0.52162408
2022-02-02,MSFT,28.899719,29.179011,28.604555
2022-02-02,NKE,0.069029878,0.07202298,0.067077169
2022-02-02,VZ,0.00023512372,0.00023413315,0.00023452651
2022-02-02,WMT,0.0019038627,0.0018865031,0.0018827044
2022-02-03,AAPL,8.0019035,8.0168978,7.7876067
2022-02-03,AMGN,0.00039190077,0.00040873834,0.00038382119
2022-02-03,CRM,1.8970533,1.9425099,1.821262
2022-02-03,CSCO,0.86927295,0.89034238,0.85822979
2022-02-03,IBM,0.10121951,0.10212341,0.10080177
2022-02-03,INTC,0.53223981,0.53570445,0.52555837
2022-02-03,MSFT,28.16818,28.626196,27.857127
2022-02-03,NKE,0.067225589,0.067278818,0.067121388
2022-02-03,VZ,0.00022698243,0.00023157514,0.0002254209
2022-02-03,WMT,0.0018448822,0.0018512332,0.0018536683
2022-02-04,AAPL,7.8019449,7.8029829,7.5041834
2022-02-04,AMGN,0.00037754165,0.00038998427,0.00037466638
2022-02-04,CRM,1.8307014,1.850085,1.7548728
2022-02-04,CSCO,0.84354927,0.85941385,0.84441538
2022-02-04,IBM,0.1017022,0.10092487,0.10123501
2022-02-04,INTC,0.53463643,0.53234808,0.52897376
2022-02-04,MSFT,28.095648,27.934882,28.010125
2022-02-04,NKE,0.065201625,0.065270078,0.064693714
2022-02-04,VZ,0.00021689822,0.00021784485,0.00021739228
2022-02-04,WMT,0.001780817,0.0018045608,0.0017642579
2022-02-07,AAPL,7.7768673,7.9041065,7.7291888
2022-02-07,AMGN,0.00037425619,0.00038422158,0.00036705891
2022-02-07,CRM,1.8367898,1.7750692,1.8463335
2022-02-07,CSCO,0.84909131,0.84586798,0.83882795
2022-02-07,IBM,0.096852327,0.097438237,0.095760422
2022-02-07,INTC,0.52227027,0.52275602,0.51422806
2022-02-07,MSFT,28.450933,28.59685,28.004713
2022-02-07,NKE,0.064447843,0.066769195,0.064696089
2022-02-07,VZ,0.00020966116,0.00021434678,0.00021091763
2022-02-07,WMT,0.0017545695,0.0017651966,0.0017492294
2022-02-08,AAPL,7.6317552,7.8576062,7.485606
2022-02-08,AMGN,0.00036685852,0.00037693682,0.00036060158
2022-02-08,CRM,1.7477147,1.8227224,1.7242082
2022-02-08,CSCO,0.85832298,0.86113024,0.84907575
2022-02-08,IBM,0.09657654,0.097920064,0.09653826
2022-02-08,INTC,0.53215175,0.54255867,0.53141712
2022-02-08,MSFT,28.171488,28.183265,28.483085
2022-02-08,NKE,0.06387557,0.064826043,0.062549102
2022-02-08,VZ,0.00020418634,0.00020432286,0.00020653962
2022-02-08,WMT,0.0017423537,0.0017630852,0.0017421514
2022-02-09,AAPL,7.4627727,7.6332226,7.4197114
2022-02-09,AMGN,0.00036750639,0.00037339903,0.00036301026
2022-02-09,CRM,1.7141226,1.734529,1.681196
2022-02-09,CSCO,0.86750089,0.86621116,0.84605817
2022-02-09,IBM,0.096204107,0.09671201,0.096127103
2022-02-09,INTC,0.53649275,0.5422636,0.53724537
2022-02-09,MSFT,28.693868,28.601069,28.175316
2022-02-09,NKE,0.063830447,0.064554339,0.064116317
2022-02-09,VZ,0.00020035925,0.00020476041,0.00019856908
2022-02-09,WMT,0.0016963902,0.0017143303,0.001687347
2022-02-10,AAPL,7.3254715,7.2901318,7.322819
2022-02-10,AMGN,0.00035296595,0.00036192188,0.0003439224
2022-02-10,CRM,1.7540918,1.6824431,1.7173261
2022-02-10,CSCO,0.86797442,0.85426374,0.85580379
2022-02-10,IBM,0.096101961,0.096113452,0.094201874
2022-02-10,INTC,0.54391016,0.53908412,0.53534086
2022-02-10,MSFT,29.261205,29.106044,29.153291
2022-02-10,NKE,0.0638636,0.06398388,0.063920957
2022-02-10,VZ,0.0001987665,0.00020402941,0.00020102396
2022-02-10,WMT,0.0016379939,0.0016506644,0.0016356672
2022-02-11,AAPL,7.4441452,7.7093178,7.3335577
2022-02-11,AMGN,0.00034033351,0.00034995109,0.00033461906
2022-02-11,CRM,1.6748567,1.6641772,1.6567591
2022-02-11,CSCO,0.87899989,0.88487728,0.87354521
2022-02-11,IBM,0.095623598,0.0951234,0.094332106
2022-02-11,INTC,0.52630702,0.53103177,0.52034229
2022-02-11,MSFT,29.437268,30.029238,29.450217
2022-02-11,NKE,0.063751175,0.06193433,0.063052524
2022-02-11,VZ,0.00019227831,0.00019157477,0.00019276511
2022-02-11,WMT,0.0015960157,0.0016264571,0.0015906063
2022-02-14,AAPL,7.6691766,7.7908743,7.49423
2022-02-14,AMGN,0.00031752473,0.00032846991,0.00031266517
2022-02-14,CRM,1.6769111,1.6850016,1.6553153
2022-02-14,CSCO,0.8929575,0.87773042,0.87809149
2022-02-14,IBM,0.094371653,0.096459435,0.094338313
2022-02-14,INTC,0.5268629,0.53435917,0.5116049
2022-02-14,MSFT,29.028597,28.875142,28.679389
2022-02-14,NKE,0.062044888,0.06261402,0.061846995
2022-02-14,VZ,0.00018495811,0.00018521612,0.00018645877
2022-02-14,WMT,0.0015193356,0.0015406625,0.0014995169
2022-02-15,AAPL,7.7286147,7.6978107,7.4815869
2022-02-15,AMGN,0.00029803551,0.0003103709,0.00029593229
2022-02-15,CRM,1.7322727,1.7807749,1.698421
2022-02-15,CSCO,0.91090154,0.91536353,0.90302962
2022-02-15,IBM,0.093673687,0.095598571,0.092937707
2022-02-15,INTC,0.52234053,0.52798754,0.51668026
2022-02-15,MSFT,28.943221,28.816843,28.508852
2022-02-15,NKE,0.06081835,0.060404728,0.059133993
2022-02-15,VZ,0.00018059154,0.00018076919,0.00017591411
2022-02-15,WMT,0.0014727127,0.0014921935,0.0014558573
2022-02-16,AAPL,7.6523111,7.7093472,7.5324838
2022-02-16,AMGN,0.00028760721,0.00029680987,0.00028459359
2022-02-16,CRM,1.7671478,1.8203589,1.7466508
2022-02-16,CSCO,0.9069461,0.92314777,0.88477229
2022-02-16,IBM,0.094394569,0.093489154,0.09292981
2022-02-16,INTC,0.50317887,0.50596925,0.50572811
2022-02-16,MSFT,28.117641,28.302286,27.67996
2022-02-16,NKE,0.061090486,0.062508851,0.060607715
2022-02-16,VZ,0.00017437905,0.00017496021,0.00017395263
2022-02-16,WMT,0.0014411762,0.001468813,0.0014639894
2022-02-17,AAPL,7.4527721,7.6121049,7.3169497
2022-02-17,AMGN,0.00027733323,0.00028641903,0.00027686854
2022-02-17,CRM,1.8111133,1.7836002,1.8065276
2022-02-17,CSCO,0.91405109,0.91604207,0.91925453
2022-02-17,IBM,0.09480437,0.096690103,0.095890721
2022-02-17,INTC,0.49095376,0.49684262,0.48165997
2022-02-17,MSFT,28.896025,28.955135,28.357991
2022-02-17,NKE,0.061449103,0.060696165,0.060754349
2022-02-17,VZ,0.00016825728,0.00016838021,0.00016658989
2022-02-17,WMT,0.0014196152,0.0014276549,0.0014147037
2022-02-18,AAPL,7.4604278,7.4751075,7.3690847
2022-02-18,AMGN,0.00026448941,0.00027181503,0.00026217879
2022-02-18,CRM,1.8765744,1.8790108,1.8794235
2022-02-18,CSCO,0.92103334,0.92209825,0.91101306
2022-02-18,IBM,0.093757977,0.095817798,0.094118329
2022-02-18,INTC,0.47788544,0.4806067,0.48029583
2022-02-18,MSFT,28.971769,29.134076,28.849845
2022-02-18,NKE,0.062271242,0.063181154,0.06278161
2022-02-18,VZ,0.00016673833,0.00016879042,0.00016517618
2022-02-18,WMT,0.0013783009,0.0013895593,0.0013526575
2022-02-22,AAPL,7.4024395,7.6088642,7.4364814
2022-02-22,AMGN,0.00026070545,0.0002681937,0.00025749629
2022-02-22,CRM,1.8758462,1.821281,1.8856322
2022-02-22,CSCO,0.914668,0.91903689,0.91044505
2022-02-22,IBM,0.093045961,0.09475666,0.091831121
2022-02-22,INTC,0.4707736,0.47676206,0.46790601
2022-02-22,MSFT,28.118072,28.382241,27.989574
2022-02-22,NKE,0.061441814,0.061882386,0.061312325
2022-02-22,VZ,0.00016477315,0.00016653357,0.00016355987
2022-02-22,WMT,0.001364482,0.001372855,0.0013503582
2022-02-23,AAPL,7.6396578,7.5892363,7.4466001
2022-02-23,AMGN,0.0002432581,0.00024885811,0.00024053643
2022-02-23,CRM,1.8968424,1.9089265,1.8775639
2022-02-23,CSCO,0.91479279,0.91359965,0.89526407
2022-02-23,IBM,0.096205576,0.096944016,0.09458641
2022-02-23,INTC,0.46169709,0.47354403,0.4524159
2022-02-23,MSFT,28.10382,28.746781,27.998093
2022-02-23,NKE,0.059750464,0.059757715,0.058923477
2022-02-23,VZ,0.00015762114,0.00015696862,0.00015899735
2022-02-23,WMT,0.0013288328,0.0013417248,0.0013106552
2022-02-24,AAPL,7.764025,7.8246028,7.5933959
2022-02-24,AMGN,0.00023977443,0.00024642832,0.00023702167
2022-02-24,CRM,1.8300564,1.8472238,1.7997682
2022-02-24,CSCO,0.93152373,0.93064069,0.93167287
2022-02-24,IBM,0.096388839,0.096693887,0.096849307
2022-02-24,INTC,0.45985016,0.45217306,0.4490287
2022-02-24,MSFT,28.398705,28.304894,27.933761
2022-02-24,NKE,0.05847265,0.057874129,0.057864984
2022-02-24,VZ,0.0001516766,0.00015432287,0.00014886664
2022-02-24,WMT,0.0013159341,0.0013295579,0.0013086134
2022-02-25,AAPL,7.7375865,7.7674333,7.5335704
2022-02-25,AMGN,0.00023639883,0.00023795679,0.00023351561
2022-02-25,CRM,1.7682243,1.7559435,1.7537068
2022-02-25,CSCO,0.90203874,0.89445729,0.86916026
2022-02-25,IBM,0.095927474,0.096545823,0.095409191
2022-02-25,INTC,0.45537606,0.46019679,0.44849885
2022-02-25,MSFT,27.990138,27.601818,27.827213
2022-02-25,NKE,0.056221897,0.057765535,0.056178155
2022-02-25,VZ,0.00014884849,0.0001509805,0.00014732874
2022-02-25,WMT,0.0013171671,0.0013292528,0.0013016002
2022-02-28,AAPL,7.699246,7.8698176,7.5397864
2022-02-28,AMGN,0.00023245385,0.00024275551,0.00022896173
2022-02-28,CRM,1.742853,1.8030774,1.7272931
2022-02-28,CSCO,0.92484438,0.93091343,0.90028751
2022-02-28,IBM,0.096115062,0.096580169,0.094608091
2022-02-28,INTC,0.45522453,0.45316103,0.45301958
2022-02-28,MSFT,26.991705,26.968966,26.515789
2022-02-28,NKE,0.056227906,0.056809047,0.056063022
2022-02-28,VZ,0.00014491687,0.00014548081,0.0001445297
2022-02-28,WMT,0.0013184804,0.0013343963,0.0013052797
2022-03-01,AAPL,7.9552592,7.9234423,7.6184853
2022-03-01,AMGN,0.00022171451,0.00022434204,0.00022027168
2022-03-01,CRM,1.6725844,1.7547923,1.6086373
2022-03-01,CSCO,0.95940023,0.96831522,0.94682434
2022-03-01,IBM,0.095830421,0.097144932,0.093812467
2022-03-01,INTC,0.45039987,0.45813085,0.43687119
2022-03-01,MSFT,26.717087,27.296549,26.619266
2022-03-01,NKE,0.055555903,0.055959031,0.05485967
2022-03-01,VZ,0.00014196356,0.00014298494,0.0001397398
2022-03-01,WMT,0.0012800802,0.0012927598,0.0012579472
2022-03-02,AAPL,8.1031999,8.3372947,7.9290884
2022-03-02,AMGN,0.00021681819,0.00022382827,0.0002154582
2022-03-02,CRM,1.5546609,1.6001971,1.52142
2022-03-02,CSCO,0.95352341,0.95084713,0.95158512
2022-03-02,IBM,0.094942398,0.098560949,0.094463211
2022-03-02,INTC,0.436324,0.44058206,0.44197162
2022-03-02,MSFT,26.458121,27.222932,26.453568
2022-03-02,NKE,0.054722683,0.055615913,0.054045085
2022-03-02,VZ,0.00014309106,0.00014417043,0.00014413484
2022-03-02,WMT,0.0012566195,0.001297532,0.0012574943
2022-03-03,AAPL,8.1347987,8.4667361,8.1304615
2022-03-03,AMGN,0.00021609672,0.0002184486,0.00021469735
2022-03-03,CRM,1.5145556,1.5590007,1.4817778
2022-03-03,CSCO,0.97158291,0.98209929,0.96186391
2022-03-03,IBM,0.094121516,0.096685008,0.092653672
2022-03-03,INTC,0.42175188,0.42674708,0.42337029
2022-03-03,MSFT,27.024567,26.762121,26.603135
2022-03-03,NKE,0.055351658,0.05544389,0.05437957
2022-03-03,VZ,0.00014179011,0.00014202096,0.00014320623
2022-03-03,WMT,0.0012779198,0.0012993861,0.0012676817
2022-03-04,AAPL,8.4140027,8.5055028,8.496278
2022-03-04,AMGN,0.00021219127,0.00021552338,0.00021116679
2022-03-04,CRM,1.498381,1.5146555,1.4924598
2022-03-04,CSCO,0.99955828,1.0124722,0.99399766
2022-03-04,IBM,0.090613858,0.090360756,0.090991529
2022-03-04,INTC,0.41902132,0.42397219,0.41492497
2022-03-04,MSFT,27.267663,27.090827,26.882205
2022-03-04,NKE,0.053241678,0.054501043,0.05266928
2022-03-04,VZ,0.00014445118,0.00014711501,0.00014374786
2022-03-04,WMT,0.001242099,0.0012625505,0.0012371585
2022-03-07,AAPL,8.4170319,8.3474534,8.1431394
2022-03-07,AMGN,0.00020639061,0.00020737975,0.00020453349
2022-03-07,CRM,1.5107343,1.5305727,1.4375871
2022-03-07,CSCO,0.97901219,0.98125064,0.94483713
2022-03-07,IBM,0.091214082,0.093045898,0.090132755
2022-03-07,INTC,0.41533558,0.42140048,0.40630065
2022-03-07,MSFT,27.001668,26.900627,26.892695
2022-03-07,NKE,0.052988454,0.052401404,0.052245921
2022-03-07,VZ,0.00013968268,0.00014161645,0.00013921091
2022-03-07,WMT,0.0012062223,0.0012185707,0.0012012811
2022-03-08,AAPL,8.3425987,8.4028057,8.3109577
2022-03-08,AMGN,0.00020583354,0.00020809057,0.0001994829
2022-03-08,CRM,1.4054509,1.4461958,1.3986481
2022-03-08,CSCO,0.96443576,0.95342575,0.96142896
2022-03-08,IBM,0.092551413,0.093257392,0.091709673
2022-03-08,INTC,0.42099018,0.42570425,0.41656857
2022-03-08,MSFT,27.254255,27.357283,26.513942
2022-03-08,NKE,0.051574751,0.052305156,0.052316973
2022-03-08,VZ,0.00013695707,0.00013972764,0.00013676809
2022-03-08,WMT,0.001174859,0.001193475,0.0011467456
2022-03-09,AAPL,8.3709046,8.6011796,8.3708352
2022-03-09,AMGN,0.00019697461,0.00020398983,0.00019569379
2022-03-09,CRM,1.401359,1.4354427,1.3639548
2022-03-09,CSCO,0.95940618,0.97366128,0.93367256
2022-03-09,IBM,0.091259813,0.091253612,0.09092796
2022-03-09,INTC,0.41478696,0.42637988,0.41159393
2022-03-09,MSFT,26.713102,27.43796,26.35414
2022-03-09,NKE,0.051322094,0.052341389,0.050482505
2022-03-09,VZ,0.0001355652,0.00013700959,0.00013534164
2022-03-09,WMT,0.0011626565,0.0011817192,0.0011591637
2022-03-10,AAPL,8.5453549,8.6354627,8.3232936
2022-03-10,AMGN,0.00018754321,0.000189102,0.00018506062
2022-03-10,CRM,1.383562,1.3718637,1.380708
2022-03-10,CSCO,0.97028358,0.96806758,0.94818058
2022-03-10,IBM,0.091253505,0.093347539,0.090724218
2022-03-10,INTC,0.40470807,0.40943979,0.40194585
2022-03-10,MSFT,26.255338,26.468627,25.895104
2022-03-10,NKE,0.051935773,0.052437293,0.051653152
2022-03-10,VZ,0.00013412734,0.00013476072,0.0001341546
2022-03-10,WMT,0.0011228173,0.0011424656,0.0011193161
2022-03-11,AAPL,8.6580738,8.6177131,8.4184128
2022-03-11,AMGN,0.00018412289,0.00019184767,0.00018143241
2022-03-11,CRM,1.3828529,1.4094124,1.336817
2022-03-11,CSCO,0.9722591,0.97177689,0.97629505
2022-03-11,IBM,0.092766323,0.094878981,0.092878977
2022-03-11,INTC,0.40406484,0.3995908,0.40206905
2022-03-11,MSFT,25.790041,26.13056,25.450486
2022-03-11,NKE,0.049871447,0.050711596,0.049198008
2022-03-11,VZ,0.00013005599,0.00013151222,0.0001288542
2022-03-11,WMT,0.0010749124,0.0010887468,0.0010705592
2022-03-14,AAPL,8.5785751,8.7487546,8.5586427
2022-03-14,AMGN,0.00017956958,0.00018222559,0.00017608954
2022-03-14,CRM,1.3250987,1.3479952,1.3027427
2022-03-14,CSCO,0.97625846,0.97296692,0.96589241
2022-03-14,IBM,0.090572684,0.092615292,0.091004785
2022-03-14,INTC,0.38846234,0.38975393,0.38295137
2022-03-14,MSFT,26.549086,26.925731,26.077149
2022-03-14,NKE,0.048292944,0.049164129,0.048009437
2022-03-14,VZ,0.00012424985,0.00012495927,0.00012128057
2022-03-14,WMT,0.0010614686,0.001064381,0.0010439322
2022-03-15,AAPL,8.6319817,8.6946115,8.4044249
2022-03-15,AMGN,0.00017395072,0.00017881881,0.00017402038
2022-03-15,CRM,1.3222023,1.3268287,1.2670262
2022-03-15,CSCO,0.98670339,0.988087,0.95985184
2022-03-15,IBM,0.090893101,0.091917384,0.091356928
2022-03-15,INTC,0.38617091,0.39014274,0.38961862
2022-03-15,MSFT,26.772698,26.682265,26.054545
2022-03-15,NKE,0.047128615,0.047854943,0.047735091
2022-03-15,VZ,0.00012195092,0.00012398608,0.00012087394
2022-03-15,WMT,0.0010301272,0.0010508261,0.0010326027
2022-03-16,AAPL,8.8187831,8.8967314,8.648443
2022-03-16,AMGN,0.0001669328,0.00017224517,0.00016725293
2022-03-16,CRM,1.2925588,1.3161267,1.2945021
2022-03-16,CSCO,0.97397269,0.9707469,0.9731376
2022-03-16,IBM,0.091178172,0.092180852,0.090568133
2022-03-16,INTC,0.37890528,0.38269307,0.37916645
2022-03-16,MSFT,26.681829,26.476688,26.278561
2022-03-16,NKE,0.04628283,0.047571317,0.0447711
2022-03-16,VZ,0.00011870971,0.00012187183,0.00011799686
2022-03-16,WMT,0.0010334206,0.0010386844,0.0010445957
2022-03-17,AAPL,9.0335002,9.1159696,8.8807361
2022-03-17,AMGN,0.00016304434,0.00016734573,0.00016245312
2022-03-17,CRM,1.3581563,1.3690053,1.2805806
2022-03-17,CSCO,0.99180906,1.0170046,0.9858357
2022-03-17,IBM,0.089503144,0.092119694,0.089132909
2022-03-17,INTC,0.37028044,0.37459367,0.36562058
2022-03-17,MSFT,26.982738,27.462541,27.035654
2022-03-17,NKE,0.046035786,0.046591199,0.045358191
2022-03-17,VZ,0.00011320157,0.0001159547,0.00011314282
2022-03-17,WMT,0.0010055257,0.0010245559,0.0010023379
2022-03-18,AAPL,9.0885093,9.345279,8.8704036
2022-03-18,AMGN,0.00015479805,0.00015974796,0.0001522805
2022-03-18,CRM,1.3268451,1.361932,1.3313084
2022-03-18,CSCO,0.98044315,0.97319613,0.95836239
2022-03-18,IBM,0.089197997,0.090574575,0.088416211
2022-03-18,INTC,0.36933987,0.37562638,0.36820468
2022-03-18,MSFT,26.552888,26.793246,26.211323
2022-03-18,NKE,0.045538046,0.047050366,0.044706659
2022-03-18,VZ,0.0001101447,0.00011035671,0.00011055666
2022-03-18,WMT,0.00099830784,0.0010130993,0.0009878341
2022-03-21,AAPL,9.1289336,9.0389062,8.9370407
2022-03-21,AMGN,0.00015053532,0.00015903132,0.00014618435
2022-03-21,CRM,1.339882,1.3508493,1.2513103
2022-03-21,CSCO,1.010856,1.0178305,0.99243117
2022-03-21,IBM,0.088894364,0.090321827,0.089366929
2022-03-21,INTC,0.36626648,0.37313706,0.36491319
2022-03-21,MSFT,26.660044,26.693729,26.179142
2022-03-21,NKE,0.045982822,0.046238478,0.044768321
2022-03-21,VZ,0.00010796642,0.00011074208,0.00010664282
2022-03-21,WMT,0.00097879904,0.00099706618,0.00097250895
2022-03-22,AAPL,9.2586401,9.1512027,9.0371524
2022-03-22,AMGN,0.00014599,0.00015032692,0.00014382182
2022-03-22,CRM,1.3299077,1.3049089,1.3151814
2022-03-22,CSCO,1.0197308,1.0241338,1.0034855
2022-03-22,IBM,0.088379611,0.087532285,0.087726499
2022-03-22,INTC,0.36375823,0.36573031,0.36454068
2022-03-22,MSFT,26.515244,26.684211,25.89189
2022-03-22,NKE,0.045037226,0.046044353,0.044595546
2022-03-22,VZ,0.00010497428,0.00010611544,0.00010542562
2022-03-22,WMT,0.00096866412,0.00097581448,0.00096668911
2022-03-23,AAPL,9.2912465,9.3584226,9.1135814
2022-03-23,AMGN,0.00013953891,0.00014203668,0.00013784683
2022-03-23,CRM,1.3751234,1.3779429,1.3099984
2022-03-23,CSCO,1.0134742,1.0280599,0.99014132
2022-03-23,IBM,0.087138666,0.089348782,0.086194847
2022-03-23,INTC,0.36216405,0.36681847,0.35120718
2022-03-23,MSFT,26.374084,26.74869,25.861561
2022-03-23,NKE,0.04604977,0.046692982,0.045834187
2022-03-23,VZ,0.00010017175,0.00010095039,0.00010049862
2022-03-23,WMT,0.00094685427,0.00096382609,0.00094248729
2022-03-24,AAPL,9.4804212,9.5111173,9.3948741
2022-03-24,AMGN,0.00013534418,0.00013743791,0.00013580115
2022-03-24,CRM,1.4309661,1.4600454,1.3618418
2022-03-24,CSCO,1.014929,1.0014294,0.99461453
2022-03-24,IBM,0.084912133,0.085701046,0.085589923
2022-03-24,INTC,0.35578481,0.3547844,0.35523251
2022-03-24,MSFT,26.822775,26.6225,26.21588
2022-03-24,NKE,0.046146909,0.048115613,0.046136914
2022-03-24,VZ,9.7483451e-05,9.844585e-05,9.9282789e-05
2022-03-24,WMT,0.00093752116,0.00095391307,0.00093880004
2022-03-25,AAPL,9.3110864,9.2539491,9.1755554
2022-03-25,AMGN,0.00013003816,0.00013192094,0.00012936871
2022-03-25,CRM,1.4271999,1.4176827,1.3900122
2022-03-25,CSCO,1.0424443,1.028473,1.0110078
2022-03-25,IBM,0.083629394,0.084954038,0.08397269
2022-03-25,INTC,0.35789815,0.36834816,0.35540612
2022-03-25,MSFT,26.485641,26.827387,26.526736
2022-03-25,NKE,0.045398419,0.046188558,0.044499727
2022-03-25,VZ,9.4890008e-05,9.5781998e-05,9.327751e-05
2022-03-25,WMT,0.00092162904,0.00092994112,0.00092489131
2022-03-28,AAPL,9.3590126,9.3597043,9.6425016
2022-03-28,AMGN,0.00012431743,0.00012945981,0.0001247358
2022-03-28,CRM,1.4544658,1.4344849,1.4243146
2022-03-28,CSCO,1.031388,1.067916,1.0128189
2022-03-28,IBM,0.082731026,0.083925834,0.082735227
2022-03-28,INTC,0.34761796,0.35265893,0.33596706
2022-03-28,MSFT,25.694245,25.571736,25.100237
2022-03-28,NKE,0.044203162,0.044723613,0.044037059
2022-03-28,VZ,9.4950029e-05,9.6751968e-05,9.368021e-05
2022-03-28,WMT,0.00091301729,0.00092473611,0.0009140787
2022-03-29,AAPL,9.1833499,9.3347908,8.9042841
2022-03-29,AMGN,0.0001224634,0.00012374316,0.0001216842
2022-03-29,CRM,1.4489209,1.4783662,1.4654927
2022-03-29,CSCO,1.036012,1.0401907,1.0215127
2022-03-29,IBM,0.08303502,0.083197574,0.08155109
2022-03-29,INTC,0.33636043,0.33700687,0.33181857
2022-03-29,MSFT,25.509123,26.419731,25.292752
2022-03-29,NKE,0.043176936,0.043882685,0.043473198
2022-03-29,VZ,9.268376e-05,9.4576933e-05,9.3851791e-05
2022-03-29,WMT,0.00090436788,0.00091653769,0.00089764307
2022-03-30,AAPL,9.1623465,9.1927369,8.8664137
2022-03-30,AMGN,0.00011597698,0.00011934419,0.00011320289
2022-03-30,CRM,1.4138801,1.428147,1.3429865
2022-03-30,CSCO,0.98807066,0.99677726,0.95823181
2022-03-30,IBM,0.081918749,0.081998133,0.079497302
2022-03-30,INTC,0.32812912,0.33295854,0.31667751
2022-03-30,MSFT,24.172832,24.466983,23.324192
2022-03-30,NKE,0.04301207,0.043637735,0.041549627
2022-03-30,VZ,9.1710244e-05,9.1637853e-05,9.049955e-05
2022-03-30,WMT,0.00090593973,0.00091781577,0.00088990658
2022-03-31,AAPL,8.8675116,9.1520823,8.7126644
2022-03-31,AMGN,0.00011569373,0.00011728469,0.00011493595
2022-03-31,CRM,1.3676516,1.4373614,1.3605964
2022-03-31,CSCO,0.95609629,0.97589282,0.93490471
2022-03-31,IBM,0.078242077,0.078763392,0.077412363
2022-03-31,INTC,0.31107434,0.32048559,0.30937971
2022-03-31,MSFT,23.469244,24.105699,22.868542
2022-03-31,NKE,0.042801561,0.043921403,0.041695044
2022-03-31,VZ,8.7247449e-05,8.8374022e-05,8.6943654e-05
2022-03-31,WMT,0.00086934225,0.00089066706,0.00086511902
2022-04-01,AAPL,8.9207603,8.9974405,8.8492797
2022-04-01,AMGN,0.00011674067,0.00011863436,0.00011604856
2022-04-01,CRM,1.3771655,1.3832505,1.321126
2022-04-01,CSCO,0.95809972,0.96039224,0.92678734
2022-04-01,IBM,0.078439458,0.078167675,0.078024847
2022-04-01,INTC,0.31107896,0.31713496,0.31136325
2022-04-01,MSFT,23.286611,23.208612,23.465831
2022-04-01,NKE,0.042963939,0.043577837,0.042487358
2022-04-01,VZ,8.6259359e-05,8.6172381e-05,8.4973485e-05
2022-04-01,WMT,0.00087181308,0.00087086208,0.00086048381
2022-04-04,AAPL,8.7747169,8.8308143,8.6510173
2022-04-04,AMGN,0.00011714169,0.00011962575,0.00011697042
2022-04-04,CRM,1.3446073,1.3733689,1.354292
2022-04-04,CSCO,0.95324841,0.94770825,0.93045932
2022-04-04,IBM,0.077292816,0.076908734,0.078063256
2022-04-04,INTC,0.30671441,0.3046245,0.30804436
2022-04-04,MSFT,23.69141,23.628026,23.270783
2022-04-04,NKE,0.04348301,0.044914284,0.043774342
2022-04-04,VZ,8.4487999e-05,8.4967807e-05,8.6675926e-05
2022-04-04,WMT,0.00087768602,0.00088568915,0.00086291658
2022-04-05,AAPL,9.1231226,9.1402223,8.9126083
2022-04-05,AMGN,0.00011481737,0.00011743331,0.00011301143
2022-04-05,CRM,1.3300182,1.3515269,1.3153891
2022-04-05,CSCO,0.95453606,0.96051616,0.92737415
2022-04-05,IBM,0.075825413,0.077017091,0.075847442
2022-04-05,INTC,0.30618181,0.2989647,0.29701686
2022-04-05,MSFT,23.576049,23.595647,22.914898
2022-04-05,NKE,0.04218217,0.043066569,0.041190428
2022-04-05,VZ,8.3272984e-05,8.4987163e-05,8.3150853e-05
2022-04-05,WMT,0.00084938384,0.00086463559,0.00083654645
2022-04-06,AAPL,8.9226723,8.8346402,8.6084236
2022-04-06,AMGN,0.00011223692,0.00011556378,0.00011113415
2022-04-06,CRM,1.3329367,1.3629647,1.3154384
2022-04-06,CSCO,0.97685429,0.96505598,0.9560612
2022-04-06,IBM,0.072759017,0.073070371,0.07244961
2022-04-06,INTC,0.30452688,0.30479748,0.30106648
2022-04-06,MSFT,22.206565,22.391839,21.653286
2022-04-06,NKE,0.041317423,0.041823057,0.04056643
2022-04-06,VZ,8.0976926e-05,8.2189822e-05,8.0628595e-05
2022-04-06,WMT,0.00083195891,0.00082943346,0.00082626163
2022-04-07,AAPL,8.8533827,9.035361,8.635899
2022-04-07,AMGN,0.00010733475,0.00011065055,0.00010645823
2022-04-07,CRM,1.4284225,1.4644079,1.4018423
2022-04-07,CSCO,0.95745042,0.92938482,0.94540132
2022-04-07,IBM,0.072280151,0.073717093,0.071177532
2022-04-07,INTC,0.29519936,0.30086324,0.29433464
2022-04-07,MSFT,22.575311,22.819536,22.238885
2022-04-07,NKE,0.041860994,0.042221317,0.041065672
2022-04-07,VZ,8.1074135e-05,8.1257177e-05,8.2073668e-05
2022-04-07,WMT,0.00081537109,0.00082850667,0.00081135791
2022-04-08,AAPL,9.0688905,9.20514,8.8002636
2022-04-08,AMGN,0.00010477357,0.000106225,0.00010273907
2022-04-08,CRM,1.4133408,1.4097157,1.3794881
2022-04-08,CSCO,0.96785091,0.97342003,0.95751482
2022-04-08,IBM,0.073076429,0.072990326,0.072270451
2022-04-08,INTC,0.28808595,0.2916358,0.29108392
2022-04-08,MSFT,22.406258,22.495505,21.801358
2022-04-08,NKE,0.040007476,0.040960132,0.039111401
2022-04-08,VZ,7.9324258e-05,8.1054693e-05,7.8436307e-05
2022-04-08,WMT,0.00080889465,0.00080126765,0.000787578
2022-04-11,AAPL,9.2762921,9.2195248,9.2378665
2022-04-11,AMGN,0.00010049815,0.00010481562,9.8260756e-05
2022-04-11,CRM,1.4438917,1.4954228,1.4148718
2022-04-11,CSCO,0.97013572,0.95249159,0.95656736
2022-04-11,IBM,0.072584575,0.074059991,0.07183625
2022-04-11,INTC,0.28200443,0.28114686,0.27740624
2022-04-11,MSFT,22.381519,22.706356,21.630621
2022-04-11,NKE,0.039736096,0.040592226,0.038824316
2022-04-11,VZ,7.680464e-05,7.7962925e-05,7.7585852e-05
2022-04-11,WMT,0.00078628681,0.00079221437,0.00078447045
2022-04-12,AAPL,9.4287034,9.6927993,9.2806263
2022-04-12,AMGN,9.8094502e-05,0.00010118883,9.7624032e-05
2022-04-12,CRM,1.4205656,1.4902857,1.4063829
2022-04-12,CSCO,0.98413028,0.95830195,0.9583273
2022-04-12,IBM,0.073798034,0.074604537,0.073130575
2022-04-12,INTC,0.27307052,0.27223232,0.27408141
2022-04-12,MSFT,22.56097,22.745594,22.214369
2022-04-12,NKE,0.039032134,0.039753092,0.038370827
2022-04-12,VZ,7.499763e-05,7.6727609e-05,7.5311769e-05
2022-04-12,WMT,0.00076159186,0.00076248795,0.00074735309
2022-04-13,AAPL,9.0734917,9.1082634,8.8182074
2022-04-13,AMGN,9.279582e-05,9.6899813e-05,9.3013412e-05
2022-04-13,CRM,1.4502848,1.4794374,1.4143309
2022-04-13,CSCO,1.0002417,1.0009779,0.99069214
2022-04-13,IBM,0.07495453,0.075215565,0.074132226
2022-04-13,INTC,0.27888517,0.2816555,0.27084963
2022-04-13,MSFT,22.478159,22.859609,21.755988
2022-04-13,NKE,0.037630133,0.03829614,0.037603893
2022-04-13,VZ,7.465325e-05,7.5394905e-05,7.5592159e-05
2022-04-13,WMT,0.00073609417,0.00073152402,0.00073259618
2022-04-14,AAPL,9.1352015,9.2780077,8.82602
2022-04-14,AMGN,8.8323651e-05,9.126777e-05,8.7784693e-05
2022-04-14,CRM,1.4466918,1.4929683,1.4524352
2022-04-14,CSCO,0.99475419,0.97981653,0.98082633
2022-04-14,IBM,0.074797538,0.075215181,0.074129014
2022-04-14,INTC,0.27503579,0.27556038,0.27538999
2022-04-14,MSFT,22.709626,23.317492,22.191888
2022-04-14,NKE,0.037069472,0.037602314,0.037351468
2022-04-14,VZ,7.0904082e-05,7.10994e-05,7.1551867e-05
2022-04-14,WMT,0.00074028565,0.00074449459,0.00072376496
2022-04-18,AAPL,9.131768,9.3410192,8.9664741
2022-04-18,AMGN,8.6184226e-05,8.8412658e-05,8.3702895e-05
2022-04-18,CRM,1.485896,1.5069486,1.4628837
2022-04-18,CSCO,0.99076012,1.0016348,0.97761419
2022-04-18,IBM,0.076478224,0.077708807,0.07618801
2022-04-18,INTC,0.27858583,0.27930742,0.27384509
2022-04-18,MSFT,22.798381,22.903779,22.352723
2022-04-18,NKE,0.036505226,0.036734481,0.035868073
2022-04-18,VZ,6.8512538e-05,6.8460234e-05,6.9142051e-05
2022-04-18,WMT,0.00072640768,0.00073959923,0.00071814452
2022-04-19,AAPL,9.4211783,9.3810373,9.1997366
2022-04-19,AMGN,8.1093871e-05,8.4657847e-05,7.9828258e-05
2022-04-19,CRM,1.4238318,1.4226088,1.4089711
2022-04-19,CSCO,1.0175215,1.0175131,0.9967204
2022-04-19,IBM,0.077351767,0.078043982,0.076755091
2022-04-19,INTC,0.2818969,0.28559479,0.27817272
2022-04-19,MSFT,22.495483,22.642232,21.823104
2022-04-19,NKE,0.035315247,0.035565867,0.035010351
2022-04-19,VZ,6.8046884e-05,6.9367497e-05,6.7389912e-05
2022-04-19,WMT,0.00070582592,0.00071870892,0.0007085833
2022-04-20,AAPL,9.3608015,9.5182364,9.3032822
2022-04-20,AMGN,7.7677768e-05,7.9895675e-05,7.607159e-05
2022-04-20,CRM,1.4583915,1.4542258,1.440067
2022-04-20,CSCO,1.0474916,1.0457834,1.0403252
2022-04-20,IBM,0.077281646,0.078919994,0.077154515
2022-04-20,INTC,0.27954888,0.27298444,0.28260693
2022-04-20,MSFT,22.621656,22.922328,22.167283
2022-04-20,NKE,0.03456018,0.035375989,0.033869263
2022-04-20,VZ,6.7125384e-05,6.7995167e-05,6.6837674e-05
2022-04-20,WMT,0.00067775768,0.00068018807,0.00067520941
2022-04-21,AAPL,9.321625,9.5758775,9.3278623
2022-04-21,AMGN,7.4670711e-05,7.6655643e-05,7.5107068e-05
2022-04-21,CRM,1.4311062,1.4736715,1.4222344
2022-04-21,CSCO,1.0529397,1.0535543,1.0243526
2022-04-21,IBM,0.076153267,0.076808339,0.074742101
2022-04-21,INTC,0.27714825,0.283914,0.2696745
2022-04-21,MSFT,22.483499,22.526968,22.358985
2022-04-21,NKE,0.033689624,0.033979921,0.033807088
2022-04-21,VZ,6.5553294e-05,6.5505957e-05,6.5640161e-05
2022-04-21,WMT,0.0006802975,0.0006930768,0.00066843934
2022-04-22,AAPL,9.3495512,9.4749607,9.1231353
2022-04-22,AMGN,7.0339297e-05,7.3889715e-05,6.9526664e-05
2022-04-22,CRM,1.4138626,1.4135696,1.3688926
2022-04-22,CSCO,1.0455048,1.0526931,1.0082508
2022-04-22,IBM,0.074552952,0.075476869,0.074988346
2022-04-22,INTC,0.27208139,0.27096355,0.26370523
2022-04-22,MSFT,22.761636,22.889489,22.842729
2022-04-22,NKE,0.033272385,0.033613842,0.032696403
2022-04-22,VZ,6.4049715e-05,6.4492731e-05,6.4666564e-05
2022-04-22,WMT,0.00066945539,0.00067854602,0.0006672576
2022-04-25,AAPL,9.483841,9.5490484,9.2624753
2022-04-25,AMGN,6.8673203e-05,6.9590326e-05,6.6540538e-05
2022-04-25,CRM,1.3625352,1.3617193,1.3658086
2022-04-25,CSCO,1.0080065,1.0085577,0.99630396
2022-04-25,IBM,0.073430057,0.075243896,0.073122243
2022-04-25,INTC,0.26566523,0.26904224,0.26729081
2022-04-25,MSFT,23.094676,23.694186,22.206455
2022-04-25,NKE,0.032641471,0.033246497,0.032566508
2022-04-25,VZ,6.1582269e-05,6.1082695e-05,6.1138146e-05
2022-04-25,WMT,0.00064610687,0.00064906767,0.000642798
2022-04-26,AAPL,9.4919821,9.6117774,9.3355251
2022-04-26,AMGN,6.640685e-05,6.7696568e-05,6.4204362e-05
2022-04-26,CRM,1.3183809,1.3098382,1.3010236
2022-04-26,CSCO,0.991799,0.98549837,0.97944154
2022-04-26,IBM,0.073548609,0.074769841,0.073041648
2022-04-26,INTC,0.2599234,0.26130432,0.2583854
2022-04-26,MSFT,22.46407,22.699109,21.993061
2022-04-26,NKE,0.032152764,0.031886181,0.03153607
2022-04-26,VZ,5.9347078e-05,6.0107242e-05,5.8941162e-05
2022-04-26,WMT,0.00064282485,0.0006455503,0.00064560547
2022-04-27,AAPL,9.4064766,9.3642991,9.3610281
2022-04-27,AMGN,6.3185313e-05,6.4994392e-05,6.3220489e-05
2022-04-27,CRM,1.2933244,1.2737983,1.210274
2022-04-27,CSCO,0.96742159,0.98350294,0.95731278
2022-04-27,IBM,0.072114112,0.074232392,0.071781902
2022-04-27,INTC,0.25429741,0.2533937,0.2518812
2022-04-27,MSFT,22.154893,22.703123,21.802046
2022-04-27,NKE,0.031316694,0.032135928,0.031879462
2022-04-27,VZ,5.8918037e-05,5.9038533e-05,5.9010917e-05
2022-04-27,WMT,0.0006214604,0.00062527238,0.00061504996
2022-04-28,AAPL,9.4849044,9.5376646,9.332335
2022-04-28,AMGN,6.182325e-05,6.3113625e-05,6.0740618e-05
2022-04-28,CRM,1.2687084,1.2536323,1.2392186
2022-04-28,CSCO,0.99155602,1.0044071,0.97824829
2022-04-28,IBM,0.070842289,0.071684405,0.069043994
2022-04-28,INTC,0.25652344,0.25831589,0.25352696
2022-04-28,MSFT,22.223453,22.446681,22.238774
2022-04-28,NKE,0.030274186,0.030200979,0.029837327
2022-04-28,VZ,5.6653576e-05,5.7699916e-05,5.7268602e-05
2022-04-28,WMT,0.00060899691,0.00061638348,0.00059866134
2022-04-29,AAPL,9.5922567,9.6944798,8.8687267
2022-04-29,AMGN,5.8963523e-05,6.1382609e-05,5.7618516e-05
2022-04-29,CRM,1.2974878,1.3766504,1.2515436
2022-04-29,CSCO,0.96156143,0.96496632,0.93942477
2022-04-29,IBM,0.071033001,0.072795225,0.069552077
2022-04-29,INTC,0.25235379,0.25598832,0.24383058
2022-04-29,MSFT,22.053159,22.318977,21.572769
2022-04-29,NKE,0.028791048,0.029198256,0.028604709
2022-04-29,VZ,5.4704438e-05,5.5127636e-05,5.4267512e-05
2022-04-29,WMT,0.00060301831,0.00062175976,0.0005824138
2022-05-02,AAPL,9.2307128,9.5351293,8.9134306
2022-05-02,AMGN,5.8971899e-05,6.0494112e-05,5.9262386e-05
2022-05-02,CRM,1.2621682,1.3245413,1.2036358
2022-05-02,CSCO,0.94341026,0.97289768,0.92039111
2022-05-02,IBM,0.071344647,0.072726182,0.071339876
2022-05-02,INTC,0.25244854,0.26124035,0.2486928
2022-05-02,MSFT,21.107267,21.45836,20.637731
2022-05-02,NKE,0.028011466,0.028473395,0.027730576
2022-05-02,VZ,5.3751903e-05,5.4812292e-05,5.2616627e-05
2022-05-02,WMT,0.00059715189,0.00060768949,0.00058852514
2022-05-03,AAPL,9.4118369,9.3829185,9.2042636
2022-05-03,AMGN,5.8920465e-05,5.9164818e-05,5.8472082e-05
2022-05-03,CRM,1.2455673,1.2905166,1.2306055
2022-05-03,CSCO,0.9442246,0.94490154,0.9355287
2022-05-03,IBM,0.069671952,0.069993576,0.068842996
2022-05-03,INTC,0.2493044,0.26077847,0.24557733
2022-05-03,MSFT,20.439053,20.884343,20.617224
2022-05-03,NKE,0.027651559,0.028175539,0.027435028
2022-05-03,VZ,5.3414739e-05,5.3807157e-05,5.3765781e-05
2022-05-03,WMT,0.00061185648,0.00061994986,0.00060976601
2022-05-04,AAPL,9.4153494,9.1860779,9.4478136
2022-05-04,AMGN,5.6130312e-05,5.7880263e-05,5.5890183e-05
2022-05-04,CRM,1.2189257,1.2341765,1.1631759
2022-05-04,CSCO,0.95432203,0.93327528,0.93777408
2022-05-04,IBM,0.07042216,0.070197972,0.069573541
2022-05-04,INTC,0.2438293,0.24952161,0.23696273
2022-05-04,MSFT,19.648744,19.932759,19.320614
2022-05-04,NKE,0.026689319,0.027175603,0.026110567
2022-05-04,VZ,5.1427077e-05,5.1250479e-05,5.1333009e-05
2022-05-04,WMT,0.00061052985,0.00060990714,0.00060534211
2022-05-05,AAPL,9.3065926,9.4841772,9.1913426
2022-05-05,AMGN,5.4403941e-05,5.6173296e-05,5.3885439e-05
2022-05-05,CRM,1.1675675,1.2000973,1.1140164
2022-05-05,CSCO,0.91739557,0.92322479,0.89179036
2022-05-05,IBM,0.069646641,0.069627968,0.068230828
2022-05-05,INTC,0.23886341,0.23702631,0.23148098
2022-05-05,MSFT,18.716779,18.745443,18.649854
2022-05-05,NKE,0.025394661,0.026156621,0.025183272
2022-05-05,VZ,5.0642905e-05,5.1223602e-05,5.0825836e-05
2022-05-05,WMT,0.00060353151,0.00061242511,0.00059831822
2022-05-06,AAPL,9.0569369,9.2149197,9.1668884
2022-05-06,AMGN,5.3253051e-05,5.3675845e-05,5.2546442e-05
2022-05-06,CRM,1.1129707,1.1596532,1.0912582
2022-05-06,CSCO,0.91461857,0.92407177,0.89766686
2022-05-06,IBM,0.068900578,0.069204382,0.068401746
2022-05-06,INTC,0.23739193,0.24059682,0.23344491
2022-05-06,MSFT,18.763811,19.056322,18.163033
2022-05-06,NKE,0.025010231,0.025489968,0.024937111
2022-05-06,VZ,5.0082648e-05,4.9862489e-05,4.9820432e-05
2022-05-06,WMT,0.00059931582,0.00059941906,0.00059114602
2022-05-09,AAPL,9.0547395,9.1786027,8.9304639
2022-05-09,AMGN,5.1216085e-05,5.3545332e-05,5.0323504e-05
2022-05-09,CRM,1.1351365,1.1396588,1.1012742
2022-05-09,CSCO,0.91628905,0.91636649,0.89256993
2022-05-09,IBM,0.068448909,0.069737349,0.067943662
2022-05-09,INTC,0.23287466,0.23803476,0.23519672
2022-05-09,MSFT,19.264593,19.425379,18.881356
2022-05-09,NKE,0.024226673,0.024796603,0.023674267
2022-05-09,VZ,4.9237304e-05,4.9951815e-05,4.9946556e-05
2022-05-09,WMT,0.00057469389,0.00057920013,0.00056513948
2022-05-10,AAPL,9.1460549,9.2835814,9.1427235
2022-05-10,AMGN,4.9452321e-05,5.0125703e-05,4.7964988e-05
2022-05-10,CRM,1.121885,1.1198613,1.1028482
2022-05-10,CSCO,0.93052106,0.92446235,0.91661861
2022-05-10,IBM,0.068011968,0.068203139,0.068942946
2022-05-10,INTC,0.22960374,0.23304213,0.22767608
2022-05-10,MSFT,18.810443,18.986792,18.831196
2022-05-10,NKE,0.024450285,0.02465657,0.024084487
2022-05-10,VZ,4.6760713e-05,4.7196301e-05,4.6551397e-05
2022-05-10,WMT,0.00056388259,0.0005685195,0.00055768864
2022-05-11,AAPL,8.9545859,8.9329184,8.7154022
2022-05-11,AMGN,4.9926814e-05,5.0093439e-05,4.9740248e-05
2022-05-11,CRM,1.189589,1.2262495,1.1603154
2022-05-11,CSCO,0.93176303,0.93135977,0.9372348
2022-05-11,IBM,0.067704314,0.068239291,0.067534836
2022-05-11,INTC,0.22869715,0.2304514,0.22634803
2022-05-11,MSFT,18.828511,19.033443,18.349592
2022-05-11,NKE,0.024449819,0.024788452,0.02416562
2022-05-11,VZ,4.6038308e-05,4.6893209e-05,4.720759e-05
2022-05-11,WMT,0.00054549023,0.00054844586,0.00053926937
2022-05-12,AAPL,8.7011992,8.7321014,8.667456
2022-05-12,AMGN,4.8420133e-05,5.0700759e-05,4.7336522e-05
2022-05-12,CRM,1.1404452,1.1505286,1.1201366
2022-05-12,CSCO,0.9239123,0.91453926,0.91909895
2022-05-12,IBM,0.067236816,0.067431443,0.067375961
2022-05-12,INTC,0.22361595,0.22209769,0.21881949
2022-05-12,MSFT,18.886869,19.305621,18.796886
2022-05-12,NKE,0.024782276,0.025435626,0.024308018
2022-05-12,VZ,4.5656121e-05,4.5626657e-05,4.5579823e-05
2022-05-12,WMT,0.00053382137,0.00053329351,0.00052689827
2022-05-13,AAPL,9.2184622,9.5452269,9.0221544
2022-05-13,AMGN,4.4859094e-05,4.6075598e-05,4.4439528e-05
2022-05-13,CRM,1.0953799,1.1030449,1.0796102
2022-05-13,CSCO,0.93431403,0.94349154,0.93699994
2022-05-13,IBM,0.066881946,0.06833748,0.067075888
2022-05-13,INTC,0.22417548,0.22462372,0.22000064
2022-05-13,MSFT,18.656255,18.585464,17.8439
2022-05-13,NKE,0.024663494,0.024502187,0.024473954
2022-05-13,VZ,4.4654675e-05,4.512507e-05,4.4834814e-05
2022-05-13,WMT,0.00053320116,0.00053734563,0.00053002129
2022-05-16,AAPL,9.5026133,9.6393105,9.6465004
2022-05-16,AMGN,4.2733469e-05,4.3602769e-05,4.2391606e-05
2022-05-16,CRM,1.0790889,1.0884649,1.0436274
2022-05-16,CSCO,0.93403544,0.92567577,0.91682
2022-05-16,IBM,0.065002834,0.065058425,0.064508661
2022-05-16,INTC,0.22519726,0.22660791,0.2249122
2022-05-16,MSFT,18.933514,18.808613,18.579298
2022-05-16,NKE,0.024233073,0.024876243,0.024636625
2022-05-16,VZ,4.5193767e-05,4.6101358e-05,4.4929899e-05
2022-05-16,WMT,0.00052065536,0.00052888345,0.00051412567
2022-05-17,AAPL,9.4394778,9.7010983,9.2781946
2022-05-17,AMGN,4.2307648e-05,4.348973e-05,4.2594616e-05
2022-05-17,CRM,1.1168618,1.1271398,1.0865363
2022-05-17,CSCO,0.94236293,0.93282456,0.92630983
2022-05-17,IBM,0.064923073,0.065258353,0.064111152
2022-05-17,INTC,0.22904257,0.23272621,0.22464492
2022-05-17,MSFT,19.172251,19.453691,18.529608
2022-05-17,NKE,0.024542633,0.025202896,0.024139879
2022-05-17,VZ,4.3158425e-05,4.371539e-05,4.4497916e-05
2022-05-17,WMT,0.00051393874,0.00052103981,0.0005036329
2022-05-18,AAPL,9.2033604,9.4149927,9.0085212
2022-05-18,AMGN,4.0097357e-05,4.1073089e-05,4.0253275e-05
2022-05-18,CRM,1.1001312,1.1236106,1.0752743
2022-05-18,CSCO,0.92729211,0.92014337,0.92421518
2022-05-18,IBM,0.065012542,0.065577981,0.065354569
2022-05-18,INTC,0.22878769,0.22935053,0.22378684
2022-05-18,MSFT,19.396992,19.900482,19.272091
2022-05-18,NKE,0.024217247,0.024276388,0.023970054
2022-05-18,VZ,4.1319078e-05,4.1967516e-05,4.0858008e-05
2022-05-18,WMT,0.0005050332,0.00051282723,0.00050048516
2022-05-19,AAPL,8.9890076,9.2264982,9.0159662
2022-05-19,AMGN,3.9192826e-05,4.0407762e-05,3.875426e-05
2022-05-19,CRM,1.1304991,1.1557901,1.0974377
2022-05-19,CSCO,0.91961238,0.92262425,0.9121466
2022-05-19,IBM,0.064745644,0.065575421,0.063936718
2022-05-19,INTC,0.21581568,0.21758373,0.2087486
2022-05-19,MSFT,19.098097,19.114929,18.920568
2022-05-19,NKE,0.0241549,0.024542925,0.02398298
2022-05-19,VZ,4.0225964e-05,4.0841163e-05,4.0598185e-05
2022-05-19,WMT,0.00049776232,0.00050309882,0.00050026852
2022-05-20,AAPL,8.885829,8.8725886,8.5040998
2022-05-20,AMGN,3.7650882e-05,3.8988999e-05,3.6802015e-05
2022-05-20,CRM,1.1114507,1.1349639,1.0818544
2022-05-20,CSCO,0.9403753,0.9416472,0.93370425
2022-05-20,IBM,0.062097987,0.062228467,0.061864696
2022-05-20,INTC,0.21465778,0.21361602,0.21148539
2022-05-20,MSFT,19.392485,20.019803,18.911736
2022-05-20,NKE,0.023987026,0.024311379,0.024061607
2022-05-20,VZ,3.9607531e-05,3.9675833e-05,3.9630393e-05
2022-05-20,WMT,0.00048280308,0.00049266897,0.0004783219
2022-05-23,AAPL,8.8305883,8.9886726,8.5324596
2022-05-23,AMGN,3.7072922e-05,3.8007323e-05,3.6677343e-05
2022-05-23,CRM,1.1643101,1.1810084,1.1797848
2022-05-23,CSCO,0.9536637,0.94276006,0.91524639
2022-05-23,IBM,0.060891649,0.062170854,0.060657722
2022-05-23,INTC,0.21048565,0.21295868,0.2075888
2022-05-23,MSFT,19.54627,19.927859,19.587958
2022-05-23,NKE,0.023994827,0.023986875,0.023719816
2022-05-23,VZ,3.8854714e-05,3.9388646e-05,3.9310261e-05
2022-05-23,WMT,0.00047906326,0.00048895091,0.00047942476
2022-05-24,AAPL,8.4890996,8.8771877,8.6054469
2022-05-24,AMGN,3.5429519e-05,3.6175508e-05,3.4871473e-05
2022-05-24,CRM,1.1901637,1.1655704,1.1425757
2022-05-24,CSCO,0.94894496,0.95130414,0.92263881
2022-05-24,IBM,0.060583786,0.061432049,0.060436487
2022-05-24,INTC,0.21702744,0.21586638,0.21827549
2022-05-24,MSFT,19.826708,19.748733,19.337134
2022-05-24,NKE,0.023848706,0.024221592,0.023761788
2022-05-24,VZ,3.7614701e-05,3.7909925e-05,3.7355984e-05
2022-05-24,WMT,0.00046372748,0.00046912851,0.00046148781
2022-05-25,AAPL,8.585637,8.8694562,8.2377934
2022-05-25,AMGN,3.355724e-05,3.3908034e-05,3.2907598e-05
2022-05-25,CRM,1.1645772,1.1816566,1.172698
2022-05-25,CSCO,0.97228664,0.96459416,0.97622535
2022-05-25,IBM,0.061275546,0.061836401,0.060999614
2022-05-25,INTC,0.21358074,0.21046933,0.21273209
2022-05-25,MSFT,20.194639,20.435556,19.857142
2022-05-25,NKE,0.023921484,0.024007809,0.02402845
2022-05-25,VZ,3.6774414e-05,3.7528257e-05,3.6529468e-05
2022-05-25,WMT,0.00044384218,0.00045070737,0.00043930331
2022-05-26,AAPL,8.5906672,8.6661937,8.4554339
2022-05-26,AMGN,3.2800028e-05,3.370056e-05,3.2483076e-05
2022-05-26,CRM,1.1768382,1.1857786,1.1515664
2022-05-26,CSCO,0.93813477,0.941211,0.92232625
2022-05-26,IBM,0.061074974,0.062190007,0.061569443
2022-05-26,INTC,0.21320739,0.21420046,0.21197377
2022-05-26,MSFT,20.085872,19.868332,19.50698
2022-05-26,NKE,0.023101471,0.023219705,0.022869694
2022-05-26,VZ,3.4337269e-05,3.4640994e-05,3.3920377e-05
2022-05-26,WMT,0.00044538854,0.00044911641,0.00043968981
2022-05-27,AAPL,8.3791636,8.5513804,8.0991167
2022-05-27,AMGN,3.320639e-05,3.3742004e-05,3.2338862e-05
2022-05-27,CRM,1.1078406,1.1396845,1.0565586
2022-05-27,CSCO,0.91918798,0.91313737,0.89641666
2022-05-27,IBM,0.061565784,0.062967691,0.061380036
2022-05-27,INTC,0.2043871,0.20866654,0.20653501
2022-05-27,MSFT,19.730219,19.792026,19.673295
2022-05-27,NKE,0.022603674,0.0230553,0.0223109
2022-05-27,VZ,3.4233845e-05,3.4753902e-05,3.4364343e-05
2022-05-27,WMT,0.0004465173,0.00044695458,0.00044548759
2022-05-31,AAPL,8.486151,8.4223784,8.2184793
2022-05-31,AMGN,3.2268545e-05,3.3576353e-05,3.1661271e-05
2022-05-31,CRM,1.0480276,1.082455,1.0438613
2022-05-31,CSCO,0.90778615,0.90721049,0.88046023
2022-05-31,IBM,0.062525317,0.062452145,0.061702667
2022-05-31,INTC,0.2029067,0.20693452,0.19994828
2022-05-31,MSFT,19.544331,19.987828,19.242615
2022-05-31,NKE,0.021640319,0.022003367,0.021517811
2022-05-31,VZ,3.37221e-05,3.4142707e-05,3.30246e-05
2022-05-31,WMT,0.0004406772,0.00044531354,0.00042934285
2022-06-01,AAPL,8.0183635,8.1821268,7.8721585
2022-06-01,AMGN,3.1191955e-05,3.2171615e-05,3.1197045e-05
2022-06-01,CRM,1.0233048,1.0790702,1.0204407
2022-06-01,CSCO,0.88022489,0.89552226,0.86269654
2022-06-01,IBM,0.06179685,0.062971355,0.061969836
2022-06-01,INTC,0.20600859,0.2137213,0.20748488
2022-06-01,MSFT,19.403085,19.74304,19.230681
2022-06-01,NKE,0.020544092,0.021089419,0.020741326
2022-06-01,VZ,3.3886095e-05,3.4964393e-05,3.3355962e-05
2022-06-01,WMT,0.00043170761,0.00043486325,0.00042708966
2022-06-02,AAPL,7.9167923,7.9466376,7.7602157
2022-06-02,AMGN,3.0732042e-05,3.0934904e-05,3.0434524e-05
2022-06-02,CRM,1.0107943,1.0463555,1.0050126
2022-06-02,CSCO,0.90238969,0.90730675,0.88085137
2022-06-02,IBM,0.060313302,0.060827805,0.059512516
2022-06-02,INTC,0.20145329,0.20367207,0.20203582
2022-06-02,MSFT,19.950355,20.077207,19.796768
2022-06-02,NKE,0.019983488,0.020191813,0.019885893
2022-06-02,VZ,3.410747e-05,3.3986153e-05,3.3858654e-05
2022-06-02,WMT,0.00042691047,0.00042906303,0.00042787476
2022-06-03,AAPL,7.8325187,7.6942149,7.633324
2022-06-03,AMGN,3.0668657e-05,3.1482217e-05,3.0953192e-05
2022-06-03,CRM,0.95715927,1.0024769,0.96176831
2022-06-03,CSCO,0.90517646,0.90740676,0.8830279
2022-06-03,IBM,0.061161467,0.0615793,0.059687635
2022-06-03,INTC,0.19922633,0.2017953,0.19841661
2022-06-03,MSFT,19.930616,20.18851,19.48616
2022-06-03,NKE,0.01920705,0.019261581,0.019379524
2022-06-03,VZ,3.2681526e-05,3.25603e-05,3.2740359e-05
2022-06-03,WMT,0.00042777043,0.00043380605,0.00042990918
2022-06-06,AAPL,7.813588,7.9380365,7.7582718
2022-06-06,AMGN,2.9563511e-05,3.0008345e-05,2.9582479e-05
2022-06-06,CRM,0.93742674,0.95674586,0.91327014
2022-06-06,CSCO,0.88134832,0.87615065,0.86052556
2022-06-06,IBM,0.060236071,0.059840813,0.059732148
2022-06-06,INTC,0.19952038,0.20183995,0.19534519
2022-06-06,MSFT,20.19509,20.607497,19.776563
2022-06-06,NKE,0.018850413,0.019532295,0.019000394
2022-06-06,VZ,3.1543623e-05,3.1881504e-05,3.1011579e-05
2022-06-06,WMT,0.00042443057,0.00043415124,0.00042297353
2022-06-07,AAPL,7.6387112,7.8656742,7.3786642
2022-06-07,AMGN,2.9196494e-05,2.9996395e-05,2.881775e-05
2022-06-07,CRM,0.89964473,0.91458023,0.89172997
2022-06-07,CSCO,0.85850631,0.85179033,0.84014986
2022-06-07,IBM,0.060712339,0.061347442,0.060173904
2022-06-07,INTC,0.19055342,0.19451929,0.18730946
2022-06-07,MSFT,19.71742,19.968698,19.056023
2022-06-07,NKE,0.01852379,0.019050819,0.018341443
2022-06-07,VZ,3.0351091e-05,3.0512413e-05,3.0034488e-05
2022-06-07,WMT,0.00041743849,0.00042045087,0.00041589523
2022-06-08,AAPL,7.5669825,7.5854358,7.3897188
2022-06-08,AMGN,2.7620049e-05,2.8485955e-05,2.7255192e-05
2022-06-08,CRM,0.85602352,0.86580646,0.85109424
2022-06-08,CSCO,0.87942671,0.88457331,0.86404494
2022-06-08,IBM,0.060903446,0.061407809,0.06057912
2022-06-08,INTC,0.19052762,0.19350652,0.18900193
2022-06-08,MSFT,19.451179,20.125996,19.19454
2022-06-08,NKE,0.017847586,0.018284423,0.018156392
2022-06-08,VZ,2.9096034e-05,2.9036773e-05,2.9208557e-05
2022-06-08,WMT,0.00041502861,0.00041649718,0.00040865097
2022-06-09,AAPL,7.4716186,7.6672606,7.2520983
2022-06-09,AMGN,2.6478505e-05,2.7018509e-05,2.6267932e-05
2022-06-09,CRM,0.84307567,0.85363335,0.84070838
2022-06-09,CSCO,0.87907018,0.89434926,0.86628042
2022-06-09,IBM,0.060645318,0.06158437,0.060104632
2022-06-09,INTC,0.1912319,0.18939687,0.1854692
2022-06-09,MSFT,19.080916,19.003443,18.541258
2022-06-09,NKE,0.017822821,0.018436805,0.017540633
2022-06-09,VZ,2.8417144e-05,2.8870482e-05,2.8397449e-05
2022-06-09,WMT,0.00040757494,0.00041494666,0.00040705023
2022-06-10,AAPL,7.4019831,7.4365117,7.4932076
2022-06-10,AMGN,2.5717626e-05,2.5686958e-05,2.5705258e-05
2022-06-10,CRM,0.79452605,0.79740453,0.79123485
2022-06-10,CSCO,0.85626006,0.8389268,0.84662584
2022-06-10,IBM,0.060233293,0.060909755,0.058911563
2022-06-10,INTC,0.18638661,0.1903871,0.18265473
2022-06-10,MSFT,18.28884,18.378799,18.128067
2022-06-10,NKE,0.017751068,0.018345246,0.017678139
2022-06-10,VZ,2.7720956e-05,2.8154783e-05,2.7203096e-05
2022-06-10,WMT,0.00040518022,0.00041053582,0.00039335205
2022-06-13,AAPL,7.2902102,7.5480519,7.167113
2022-06-13,AMGN,2.4637176e-05,2.5010722e-05,2.4333403e-05
2022-06-13,CRM,0.77062769,0.78080414,0.75349345
2022-06-13,CSCO,0.84323806,0.85060159,0.82099801
2022-06-13,IBM,0.060216029,0.06068188,0.059533921
2022-06-13,INTC,0.19114384,0.19001554,0.19260555
2022-06-13,MSFT,18.38501,18.356186,18.515818
2022-06-13,NKE,0.017447903,0.017814443,0.017340844
2022-06-13,VZ,2.7582535e-05,2.7556935e-05,2.7071859e-05
2022-06-13,WMT,0.0004028634,0.00040793831,0.00040450015
2022-06-14,AAPL,7.2109427,7.2025249,7.0521647
2022-06-14,AMGN,2.3396165e-05,2.4135528e-05,2.3392595e-05
2022-06-14,CRM,0.79366879,0.80559028,0.75031778
2022-06-14,CSCO,0.81445239,0.81130283,0.80613132
2022-06-14,IBM,0.060754236,0.062124851,0.059912483
2022-06-14,INTC,0.18583214,0.18870529,0.18208985
2022-06-14,MSFT,18.128906,18.367378,17.713392
2022-06-14,NKE,0.016932099,0.01705532,0.017103515
2022-06-14,VZ,2.7082543e-05,2.7171547e-05,2.7014582e-05
2022-06-14,WMT,0.00039511204,0.00039530761,0.00039261647
2022-06-15,AAPL,7.0505197,7.1695933,6.7561722
2022-06-15,AMGN,2.3019869e-05,2.3833335e-05,2.3091108e-05
2022-06-15,CRM,0.7352157,0.75033289,0.7171402
2022-06-15,CSCO,0.81626771,0.81125399,0.79697681
2022-06-15,IBM,0.060119631,0.060548902,0.059318044
2022-06-15,INTC,0.18785411,0.18622842,0.18766731
2022-06-15,MSFT,17.95687,18.130648,17.735364
2022-06-15,NKE,0.016318044,0.016711857,0.016381143
2022-06-15,VZ,2.6315097e-05,2.7014069e-05,2.5924126e-05
2022-06-15,WMT,0.00038454224,0.00038827901,0.00037748674
2022-06-16,AAPL,7.0485081,7.0663483,7.0167199
2022-06-16,AMGN,2.2466229e-05,2.3003615e-05,2.2017323e-05
2022-06-16,CRM,0.72856905,0.72190423,0.72457568
2022-06-16,CSCO,0.82246596,0.8419584,0.80047336
2022-06-16,IBM,0.059247794,0.059620771,0.059247338
2022-06-16,INTC,0.18806624,0.18964752,0.18343445
2022-06-16,MSFT,18.129181,18.335093,17.601501
2022-06-16,NKE,0.016468455,0.016885679,0.016275097
2022-06-16,VZ,2.5188853e-05,2.5519993e-05,2.4986929e-05
2022-06-16,WMT,0.00038567601,0.00039119734,0.00038359277
2022-06-17,AAPL,6.8972086,7.0384341,6.8207105
2022-06-17,AMGN,2.2202946e-05,2.2486672e-05,2.1418214e-05
2022-06-17,CRM,0.73508318,0.75883373,0.69960677
2022-06-17,CSCO,0.80782417,0.79885077,0.78992558
2022-06-17,IBM,0.059275375,0.060137773,0.060304436
2022-06-17,INTC,0.18374352,0.18183126,0.1827653
2022-06-17,MSFT,18.223582,18.491096,17.889079
2022-06-17,NKE,0.016057812,0.016390327,0.015948197
2022-06-17,VZ,2.4130202e-05,2.4232774e-05,2.3551431e-05
2022-06-17,WMT,0.00037938029,0.00038524294,0.00037708123
2022-06-21,AAPL,6.7258739,6.8524928,6.547838
2022-06-21,AMGN,2.1940633e-05,2.272714e-05,2.1595048e-05
2022-06-21,CRM,0.71517779,0.73804017,0.71475011
2022-06-21,CSCO,0.77079253,0.76290075,0.77329843
2022-06-21,IBM,0.057612856,0.059086575,0.056895374
2022-06-21,INTC,0.18683303,0.18684537,0.18334694
2022-06-21,MSFT,17.734913,18.001131,17.700905
2022-06-21,NKE,0.015714041,0.016005461,0.015359763
2022-06-21,VZ,2.3142891e-05,2.3336424e-05,2.336362e-05
2022-06-21,WMT,0.00036950817,0.00037084254,0.00036812583
2022-06-22,AAPL,6.7579323,6.8504,6.7198
2022-06-22,AMGN,2.1274961e-05,2.2226523e-05,2.1036403e-05
2022-06-22,CRM,0.73950974,0.75420321,0.72051639
2022-06-22,CSCO,0.75921104,0.75400211,0.74443935
2022-06-22,IBM,0.05779862,0.059645906,0.05737845
2022-06-22,INTC,0.18243701,0.18587072,0.17842591
2022-06-22,MSFT,17.578373,17.672562,17.11467
2022-06-22,NKE,0.015353583,0.015483441,0.014920972
2022-06-22,VZ,2.3035613e-05,2.3066138e-05,2.3259598e-05
2022-06-22,WMT,0.00035915677,0.00036302822,0.00035458877
2022-06-23,AAPL,6.5865391,6.8326276,6.3475898
2022-06-23,AMGN,2.0759189e-05,2.1430611e-05,2.0573727e-05
2022-06-23,CRM,0.77952532,0.8202771,0.76412895
2022-06-23,CSCO,0.76553672,0.77833417,0.76113813
2022-06-23,IBM,0.057212695,0.058019808,0.057300854
2022-06-23,INTC,0.18011195,0.18206933,0.17737538
2022-06-23,MSFT,17.8393,18.290307,17.460659
2022-06-23,NKE,0.015159449,0.015246304,0.015317393
2022-06-23,VZ,2.2263178e-05,2.2712627e-05,2.2068667e-05
2022-06-23,WMT,0.00035369318,0.0003554751,0.00034791575
2022-06-24,AAPL,6.491817,6.7085295,6.3834011
2022-06-24,AMGN,2.1407047e-05,2.1727019e-05,2.0617625e-05
2022-06-24,CRM,0.76556595,0.78462696,0.76630372
2022-06-24,CSCO,0.76878734,0.76739298,0.76533808
2022-06-24,IBM,0.056867713,0.057482122,0.056919655
2022-06-24,INTC,0.17668966,0.17676418,0.17462041
2022-06-24,MSFT,17.629342,17.71268,17.589384
2022-06-24,NKE,0.015025606,0.01506433,0.014874513
2022-06-24,VZ,2.1836776e-05,2.2032342e-05,2.1959129e-05
2022-06-24,WMT,0.00034334512,0.0003504183,0.00033826688
2022-06-27,AAPL,6.5354663,6.6310105,6.5755737
2022-06-27,AMGN,2.100333e-05,2.1350729e-05,2.058214e-05
2022-06-27,CRM,0.73051309,0.73873617,0.7087128
2022-06-27,CSCO,0.76755477,0.77306186,0.74358131
2022-06-27,IBM,0.057143585,0.058198205,0.057375487
2022-06-27,INTC,0.16735655,0.16989275,0.16569936
2022-06-27,MSFT,17.325597,17.240488,17.288837
2022-06-27,NKE,0.015027513,0.015221638,0.014819186
2022-06-27,VZ,2.1167615e-05,2.1380229e-05,2.1463566e-05
2022-06-27,WMT,0.00034138934,0.00034256519,0.00033833366
2022-06-28,AAPL,6.5244139,6.5812977,6.2853598
2022-06-28,AMGN,2.0353438e-05,2.0556024e-05,1.9827455e-05
2022-06-28,CRM,0.70104578,0.71071547,0.6949036
2022-06-28,CSCO,0.75991234,0.7632297,0.75467324
2022-06-28,IBM,0.058662812,0.060013861,0.058927621
2022-06-28,INTC,0.17055884,0.17136473,0.16880095
2022-06-28,MSFT,17.312984,17.450015,16.813194
2022-06-28,NKE,0.015054594,0.015122062,0.01541513
2022-06-28,VZ,2.0254293e-05,2.0646937e-05,2.0244196e-05
2022-06-28,WMT,0.00033690209,0.00034326296,0.00033263342
2022-06-29,AAPL,6.5081786,6.5687,6.4575243
2022-06-29,AMGN,2.0328956e-05,2.091239e-05,2.0132058e-05
2022-06-29,CRM,0.69495035,0.70395505,0.68217671
2022-06-29,CSCO,0.76926741,0.766603,0.77103564
2022-06-29,IBM,0.057986367,0.058953303,0.057845732
2022-06-29,INTC,0.16821951,0.16808663,0.16551865
2022-06-29,MSFT,17.198175,17.701962,17.064105
2022-06-29,NKE,0.01477058,0.015256509,0.015072931
2022-06-29,VZ,1.9768545e-05,1.9963647e-05,1.944844e-05
2022-06-29,WMT,0.00034460906,0.00034730099,0.00033589701
2022-06-30,AAPL,6.480324,6.4515741,5.9761325
2022-06-30,AMGN,1.9528215e-05,1.9986184e-05,1.9136317e-05
2022-06-30,CRM,0.7057195,0.72672878,0.6890276
2022-06-30,CSCO,0.72904237,0.73507722,0.7008782
2022-06-30,IBM,0.057388385,0.057083205,0.055754881
2022-06-30,INTC,0.16491967,0.16683321,0.16032247
2022-06-30,MSFT,16.416199,16.497401,15.720236
2022-06-30,NKE,0.014619339,0.014979174,0.013868371
2022-06-30,VZ,1.9070658e-05,1.8942088e-05,1.8583232e-05
2022-06-30,WMT,0.0003345887,0.00033987456,0.00032286961
2022-07-01,AAPL,6.2182534,6.4194277,6.2975741
2022-07-01,AMGN,1.9481675e-05,2.0164592e-05,1.9157318e-05
2022-07-01,CRM,0.6992563,0.72563839,0.68089494
2022-07-01,CSCO,0.7074231,0.74061923,0.70213379
2022-07-01,IBM,0.057257291,0.0581627,0.056834687
2022-07-01,INTC,0.15719227,0.16028983,0.15403242
2022-07-01,MSFT,16.657776,17.137573,16.347872
2022-07-01,NKE,0.014284267,0.014592168,0.014134264
2022-07-01,VZ,1.8706756e-05,1.9019637e-05,1.8458433e-05
2022-07-01,WMT,0.00032870286,0.00033618093,0.00033002874
2022-07-05,AAPL,6.1325358,6.0876106,6.0526015
2022-07-05,AMGN,1.9235874e-05,1.9538567e-05,1.8975407e-05
2022-07-05,CRM,0.6569397,0.66474691,0.65790812
2022-07-05,CSCO,0.69152618,0.69863896,0.68400762
2022-07-05,IBM,0.055507268,0.056479925,0.055410968
2022-07-05,INTC,0.1577701,0.15815566,0.15806805
2022-07-05,MSFT,16.584148,16.948742,16.260101
2022-07-05,NKE,0.013970722,0.014461234,0.013888391
2022-07-05,VZ,1.8881132e-05,1.9008025e-05,1.8563885e-05
2022-07-05,WMT,0.00033398969,0.00033569702,0.00033337095
2022-07-06,AAPL,6.1802625,6.1994488,6.1791979
2022-07-06,AMGN,1.8863604e-05,1.9536697e-05,1.8551511e-05
2022-07-06,CRM,0.65843557,0.68373656,0.67496724
2022-07-06,CSCO,0.69371978,0.68764657,0.68888795
2022-07-06,IBM,0.056071661,0.056715122,0.055879118
2022-07-06,INTC,0.15910354,0.16020178,0.15573045
2022-07-06,MSFT,16.65996,16.963015,16.314215
2022-07-06,NKE,0.013359668,0.013899636,0.013402439
2022-07-06,VZ,1.9228702e-05,1.9760261e-05,1.9108628e-05
2022-07-06,WMT,0.00032974367,0.00033182513,0.00032859195
2022-07-07,AAPL,6.3281716,6.291636,6.1757547
2022-07-07,AMGN,1.7483958e-05,1.811124e-05,1.7410163e-05
2022-07-07,CRM,0.66050885,0.68290405,0.64099899
2022-07-07,CSCO,0.68102551,0.67898965,0.66442843
2022-07-07,IBM,0.055000506,0.055798407,0.054189297
2022-07-07,INTC,0.15484675,0.1544226,0.15129522
2022-07-07,MSFT,16.258228,16.577939,15.962873
2022-07-07,NKE,0.013249155,0.013362735,0.0132185
2022-07-07,VZ,1.8750551e-05,1.8686662e-05,1.8861119e-05
2022-07-07,WMT,0.00031965125,0.00032329207,0.00031228748
2022-07-08,AAPL,6.3507833,6.3720056,6.2324321
2022-07-08,AMGN,1.7231092e-05,1.7802448e-05,1.6877983e-05
2022-07-08,CRM,0.70114867,0.71138814,0.69962093
2022-07-08,CSCO,0.69601958,0.68427203,0.70216772
2022-07-08,IBM,0.053983862,0.054789353,0.053962507
2022-07-08,INTC,0.15049101,0.15162496,0.14821932
2022-07-08,MSFT,16.095058,16.201379,15.821905
2022-07-08,NKE,0.012964783,0.01312414,0.012608987
2022-07-08,VZ,1.8521534e-05,1.8536281e-05,1.8301163e-05
2022-07-08,WMT,0.00031104494,0.00031497859,0.00030945846
2022-07-11,AAPL,6.3785279,6.4440187,6.2324114
2022-07-11,AMGN,1.6864163e-05,1.7307768e-05,1.6702141e-05
2022-07-11,CRM,0.72545746,0.73397578,0.70465846
2022-07-11,CSCO,0.69517916,0.68958933,0.68645446
2022-07-11,IBM,0.053832868,0.054517345,0.053744815
2022-07-11,INTC,0.14797126,0.15013278,0.14830786
2022-07-11,MSFT,16.228596,16.371766,15.857756
2022-07-11,NKE,0.012614455,0.012863905,0.012511291
2022-07-11,VZ,1.7903424e-05,1.8225539e-05,1.7923256e-05
2022-07-11,WMT,0.00030669375,0.00030856716,0.00030976508
2022-07-12,AAPL,6.2551073,6.2218624,6.2379882
2022-07-12,AMGN,1.6526442e-05,1.6974113e-05,1.6282106e-05
2022-07-12,CRM,0.71192676,0.74038564,0.69525371
2022-07-12,CSCO,0.71306606,0.71483814,0.69750045
2022-07-12,IBM,0.053771302,0.054318617,0.05299286
2022-07-12,INTC,0.14210113,0.14502604,0.13977133
2022-07-12,MSFT,16.113878,16.244794,15.972152
2022-07-12,NKE,0.012243967,0.012415521,0.012291621
2022-07-12,VZ,1.7647216e-05,1.7739796e-05,1.7693522e-05
2022-07-12,WMT,0.00029499654,0.00029994986,0.00029263174
2022-07-13,AAPL,6.0877446,6.0201006,5.9378219
2022-07-13,AMGN,1.5887717e-05,1.62167e-05,1.5710674e-05
2022-07-13,CRM,0.70583222,0.72262767,0.68655075
2022-07-13,CSCO,0.68640744,0.6923922,0.65592969
2022-07-13,IBM,0.053701502,0.054060504,0.053546331
2022-07-13,INTC,0.14036928,0.14175426,0.13720789
2022-07-13,MSFT,15.836961,16.041365,15.597801
2022-07-13,NKE,0.012249119,0.012587926,0.012185428
2022-07-13,VZ,1.7574796e-05,1.7905223e-05,1.7471538e-05
2022-07-13,WMT,0.00028863433,0.00028781899,0.00028272736
2022-07-14,AAPL,6.0233167,6.0774114,5.9425098
2022-07-14,AMGN,1.576083e-05,1.6459645e-05,1.5605605e-05
2022-07-14,CRM,0.69569727,0.71072053,0.68470746
2022-07-14,CSCO,0.69806407,0.70262578,0.67767763
2022-07-14,IBM,0.053912143,0.054651113,0.053679289
2022-07-14,INTC,0.13858423,0.1364514,0.13698009
2022-07-14,MSFT,15.940716,16.160493,15.665111
2022-07-14,NKE,0.01212105,0.012303457,0.011816689
2022-07-14,VZ,1.6853503e-05,1.6931936e-05,1.6672816e-05
2022-07-14,WMT,0.0002853043,0.00028768442,0.00028172067
2022-07-15,AAPL,5.9118971,6.0828899,5.6984443
2022-07-15,AMGN,1.5089429e-05,1.5489461e-05,1.5076393e-05
2022-07-15,CRM,0.6696762,0.67838639,0.66776762
2022-07-15,CSCO,0.70715133,0.70906618,0.69017537
2022-07-15,IBM,0.053397818,0.054051048,0.052696931
2022-07-15,INTC,0.13490172,0.13691482,0.13554321
2022-07-15,MSFT,15.986375,16.051255,15.689532
2022-07-15,NKE,0.012068141,0.012239483,0.011989097
2022-07-15,VZ,1.6747611e-05,1.6965841e-05,1.6370244e-05
2022-07-15,WMT,0.00028253519,0.00028487668,0.00028107764
2022-07-18,AAPL,6.0032552,6.1259809,5.7790991
2022-07-18,AMGN,1.4750261e-05,1.5326682e-05,1.4610116e-05
2022-07-18,CRM,0.64371803,0.64687991,0.64712578
2022-07-18,CSCO,0.68332267,0.70185348,0.67536647
2022-07-18,IBM,0.053909348,0.054489493,0.053458066
2022-07-18,INTC,0.12748716,0.12619921,0.12591741
2022-07-18,MSFT,16.124412,16.083774,15.410332
2022-07-18,NKE,0.011622754,0.011685672,0.011725917
2022-07-18,VZ,1.653585e-05,1.6843523e-05,1.6516334e-05
2022-07-18,WMT,0.00027764739,0.00027901461,0.00027168145
2022-07-19,AAPL,5.815106,5.9157331,5.5975715
2022-07-19,AMGN,1.4327918e-05,1.5070188e-05,1.4195113e-05
2022-07-19,CRM,0.63572933,0.62632147,0.63601776
2022-07-19,CSCO,0.68319303,0.68699699,0.65868905
2022-07-19,IBM,0.053230238,0.053836827,0.053565257
2022-07-19,INTC,0.12796453,0.1281054,0.1262657
2022-07-19,MSFT,15.733482,16.099271,15.476886
2022-07-19,NKE,0.011648587,0.011796144,0.011694367
2022-07-19,VZ,1.5939116e-05,1.5870104e-05,1.606041e-05
2022-07-19,WMT,0.00027234394,0.00027181856,0.00027023195
2022-07-20,AAPL,5.7461996,5.9896282,5.7190698
2022-07-20,AMGN,1.3992462e-05,1.4578836e-05,1.3677046e-05
2022-07-20,CRM,0.64225343,0.64666642,0.64265967
2022-07-20,CSCO,0.6517149,0.64281708,0.64145703
2022-07-20,IBM,0.053421074,0.054256026,0.053256141
2022-07-20,INTC,0.12852964,0.13076224,0.12717148
2022-07-20,MSFT,15.798557,16.219612,15.480218
2022-07-20,NKE,0.01141025,0.011677361,0.011284855
2022-07-20,VZ,1.5360164e-05,1.5726196e-05,1.5132719e-05
2022-07-20,WMT,0.00026449777,0.00026690472,0.00025790345
2022-07-21,AAPL,5.8216935,5.9143217,5.6359705
2022-07-21,AMGN,1.3105498e-05,1.3348979e-05,1.2892918e-05
2022-07-21,CRM,0.64279012,0.66225457,0.64104346
2022-07-21,CSCO,0.65306814,0.64961016,0.63877623
2022-07-21,IBM,0.052789688,0.053478592,0.052456835
2022-07-21,INTC,0.12504721,0.12441153,0.12583524
2022-07-21,MSFT,15.654469,15.777501,15.491585
2022-07-21,NKE,0.011214319,0.011431076,0.011177168
2022-07-21,VZ,1.5106849e-05,1.5189893e-05,1.5043542e-05
2022-07-21,WMT,0.0002645757,0.00026956004,0.00026661478
2022-07-22,AAPL,5.7871171,5.9081473,5.7554745
2022-07-22,AMGN,1.2699959e-05,1.2879302e-05,1.2341508e-05
2022-07-22,CRM,0.60855272,0.62216676,0.61757617
2022-07-22,CSCO,0.64509042,0.6472754,0.63472508
2022-07-22,IBM,0.053342798,0.05383322,0.053824006
2022-07-22,INTC,0.12136184,0.1239255,0.11715346
2022-07-22,MSFT,15.202398,15.43228,15.029746
2022-07-22,NKE,0.01080311,0.010832684,0.010726127
2022-07-22,VZ,1.459874e-05,1.4744788e-05,1.4705857e-05
2022-07-22,WMT,0.00026301042,0.00027010275,0.00026082968
2022-07-25,AAPL,5.7536784,5.8406667,5.6613519
2022-07-25,AMGN,1.2351391e-05,1.2603466e-05,1.2114828e-05
2022-07-25,CRM,0.57682784,0.59158615,0.57015681
2022-07-25,CSCO,0.63054697,0.64119671,0.62452365
2022-07-25,IBM,0.0535038,0.054190273,0.052578894
2022-07-25,INTC,0.12074748,0.11947889,0.11949489
2022-07-25,MSFT,15.013485,15.141115,14.582505
2022-07-25,NKE,0.010944828,0.011179192,0.010999262
2022-07-25,VZ,1.4280539e-05,1.4430705e-05,1.4344303e-05
2022-07-25,WMT,0.0002612306,0.00026471068,0.00025766464
2022-07-26,AAPL,5.8331371,5.9881685,5.7448185
2022-07-26,AMGN,1.1918589e-05,1.2194176e-05,1.204341e-05
2022-07-26,CRM,0.55520916,0.57367607,0.55096537
2022-07-26,CSCO,0.61589809,0.61285318,0.60715779
2022-07-26,IBM,0.053124087,0.053490305,0.052919918
2022-07-26,INTC,0.11813736,0.11860797,0.11706708
2022-07-26,MSFT,15.144514,15.283648,14.954497
2022-07-26,NKE,0.010855037,0.010989738,0.010704517
2022-07-26,VZ,1.3958872e-05,1.3957003e-05,1.3908269e-05
2022-07-26,WMT,0.00025873931,0.00026168899,0.00025716249
2022-07-27,AAPL,5.6927388,5.8499686,5.5070365
2022-07-27,AMGN,1.1543413e-05,1.1741711e-05,1.1494257e-05
2022-07-27,CRM,0.5569016,0.56110588,0.55687717
2022-07-27,CSCO,0.60992555,0.6114981,0.59398142
2022-07-27,IBM,0.051351374,0.051544675,0.051455551
2022-07-27,INTC,0.12074732,0.12001536,0.11980255
2022-07-27,MSFT,14.847844,14.901142,14.512633
2022-07-27,NKE,0.010710977,0.010852608,0.01068255
2022-07-27,VZ,1.3613024e-05,1.3827626e-05,1.3473619e-05
2022-07-27,WMT,0.00025642479,0.00025953841,0.00025747912
2022-07-28,AAPL,5.7450846,5.8573933,5.8026319
2022-07-28,AMGN,1.1165407e-05,1.1591068e-05,1.1119035e-05
2022-07-28,CRM,0.53472167,0.54996669,0.52534298
2022-07-28,CSCO,0.60740808,0.61436489,0.58699245
2022-07-28,IBM,0.050501487,0.051385013,0.050223614
2022-07-28,INTC,0.11655264,0.11666482,0.11281288
2022-07-28,MSFT,14.749755,14.95749,14.269523
2022-07-28,NKE,0.010743695,0.010845035,0.010717244
2022-07-28,VZ,1.3353125e-05,1.3615533e-05,1.3289963e-05
2022-07-28,WMT,0.00025600944,0.00026195058,0.0002518773
2022-07-29,AAPL,5.893914,5.819143,5.7904231
2022-07-29,AMGN,1.0976003e-05,1.1167979e-05,1.0896869e-05
2022-07-29,CRM,0.53236731,0.53701053,0.53098949
2022-07-29,CSCO,0.59821608,0.60718211,0.59729436
2022-07-29,IBM,0.050075384,0.051214689,0.049387216
2022-07-29,INTC,0.11526767,0.11594031,0.1156122
2022-07-29,MSFT,14.772757,14.919779,14.801322
2022-07-29,NKE,0.010537269,0.010675746,0.010303365
2022-07-29,VZ,1.3154557e-05,1.3265391e-05,1.3527841e-05
2022-07-29,WMT,0.0002508981,0.0002540993,0.00024667431
2022-08-01,AAPL,5.8849611,6.0814294,5.6599306
2022-08-01,AMGN,1.0646163e-05,1.0939035e-05,1.0610942e-05
2022-08-01,CRM,0.54270944,0.56360586,0.52251251
2022-08-01,CSCO,0.58311059,0.60033071,0.57391288
2022-08-01,IBM,0.048786291,0.049438665,0.047047978
2022-08-01,INTC,0.11335401,0.1134069,0.11107562
2022-08-01,MSFT,14.567803,14.600879,14.010818
2022-08-01,NKE,0.010367674,0.010575309,0.010081311
2022-08-01,VZ,1.2991783e-05,1.2826326e-05,1.2907686e-05
2022-08-01,WMT,0.00025223848,0.00025693628,0.00024669951
2022-08-02,AAPL,5.7477495,6.0014359,5.5898095
2022-08-02,AMGN,1.044708e-05,1.0682405e-05,1.0297863e-05
2022-08-02,CRM,0.51953586,0.5371176,0.51067122
2022-08-02,CSCO,0.59220685,0.6200464,0.59037893
2022-08-02,IBM,0.047541857,0.048228546,0.047540766
2022-08-02,INTC,0.10752652,0.1102032,0.10501462
2022-08-02,MSFT,14.597658,14.917717,14.380636
2022-08-02,NKE,0.010060833,0.010288375,0.0098038608
2022-08-02,VZ,1.2529418e-05,1.2592888e-05,1.2262235e-05
2022-08-02,WMT,0.00024178941,0.00024958574,0.00024314965
2022-08-03,AAPL,5.5451382,5.5523791,5.6313903
2022-08-03,AMGN,1.0135647e-05,1.0213614e-05,9.9883571e-06
2022-08-03,CRM,0.48522475,0.49941013,0.50025151
2022-08-03,CSCO,0.58330997,0.59021573,0.58006674
2022-08-03,IBM,0.045934488,0.046791465,0.04612485
2022-08-03,INTC,0.10509985,0.10525806,0.10548302
2022-08-03,MSFT,14.763733,14.797544,14.952649
2022-08-03,NKE,0.010126221,0.010206623,0.010200515
2022-08-03,VZ,1.2696772e-05,1.2914169e-05,1.2676782e-05
2022-08-03,WMT,0.00024111382,0.00024377767,0.00023967526
2022-08-04,AAPL,5.4079107,5.3570383,5.3252411
2022-08-04,AMGN,9.8165939e-06,1.0090116e-05,9.8930017e-06
2022-08-04,CRM,0.46814378,0.46819657,0.45839701
2022-08-04,CSCO,0.57121543,0.56816059,0.57191197
2022-08-04,IBM,0.04536021,0.04566279,0.045517889
2022-08-04,INTC,0.10679821,0.10823635,0.10597778
2022-08-04,MSFT,14.580036,14.59479,14.257693
2022-08-04,NKE,0.01008177,0.010108593,0.0099849501
2022-08-04,VZ,1.2536577e-05,1.2590474e-05,1.2410132e-05
2022-08-04,WMT,0.0002411513,0.00024243594,0.00023752419
2022-08-05,AAPL,5.3642309,5.4674523,5.1992445
2022-08-05,AMGN,9.4074352e-06,9.716971e-06,9.3924644e-06
2022-08-05,CRM,0.47070156,0.47295603,0.45152626
2022-08-05,CSCO,0.57305481,0.56753269,0.5675552
2022-08-05,IBM,0.046133496,0.046573657,0.045800116
2022-08-05,INTC,0.10658474,0.10689078,0.10397229
2022-08-05,MSFT,14.467438,14.351264,13.909712
2022-08-05,NKE,0.0098835772,0.0097281589,0.0098418796
2022-08-05,VZ,1.2204697e-05,1.2369598e-05,1.2283462e-05
2022-08-05,WMT,0.00023830135,0.00024290928,0.00023686265
2022-08-08,AAPL,5.2868702,5.3088033,5.1304673
2022-08-08,AMGN,8.9153467e-06,9.1822808e-06,8.8691572e-06
2022-08-08,CRM,0.44510759,0.44342383,0.43289996
2022-08-08,CSCO,0.56457784,0.56798936,0.54159184
2022-08-08,IBM,0.04608007,0.047066045,0.045338314
2022-08-08,INTC,0.10566934,0.10370257,0.10296916
2022-08-08,MSFT,14.879028,15.203065,14.606911
2022-08-08,NKE,0.0098962712,0.0099051085,0.0098414363
2022-08-08,VZ,1.1736493e-05,1.18901e-05,1.1582439e-05
2022-08-08,WMT,0.00023317391,0.00023351392,0.00023165674
2022-08-09,AAPL,5.3245295,5.4319657,5.2727219
2022-08-09,AMGN,8.6771533e-06,8.8025471e-06,8.5530344e-06
2022-08-09,CRM,0.44337207,0.44338344,0.43113163
2022-08-09,CSCO,0.58736545,0.60006831,0.5803215
2022-08-09,IBM,0.044858033,0.045865116,0.044113317
2022-08-09,INTC,0.10213733,0.10368921,0.10171227
2022-08-09,MSFT,14.902762,15.107171,14.722618
2022-08-09,NKE,0.0099644384,0.01004767,0.0099862843
2022-08-09,VZ,1.1477022e-05,1.1754059e-05,1.1301222e-05
2022-08-09,WMT,0.00022504563,0.00022938306,0.00022690744
2022-08-10,AAPL,5.2548318,5.3162396,5.1279225
2022-08-10,AMGN,8.3929749e-06,8.6361915e-06,8.425819e-06
2022-08-10,CRM,0.42597853,0.43334334,0.41456267
2022-08-10,CSCO,0.5876215,0.59445361,0.57684393
2022-08-10,IBM,0.044094187,0.044120495,0.04412326
2022-08-10,INTC,0.1038035,0.10354989,0.10277498
2022-08-10,MSFT,15.050456,15.400526,14.502057
2022-08-10,NKE,0.0098460012,0.010014249,0.0099292519
2022-08-10,VZ,1.1180513e-05,1.1237522e-05,1.1135937e-05
2022-08-10,WMT,0.0002207577,0.00021962211,0.00022073349
2022-08-11,AAPL,5.1933173,5.2290953,5.1401872
2022-08-11,AMGN,7.9102592e-06,8.0049208e-06,7.8149276e-06
2022-08-11,CRM,0.40611878,0.40849586,0.39921405
2022-08-11,CSCO,0.58773193,0.60302047,0.58269205
2022-08-11,IBM,0.043796252,0.044491908,0.042877652
2022-08-11,INTC,0.10033185,0.10042279,0.10099952
2022-08-11,MSFT,14.413711,14.824298,14.001964
2022-08-11,NKE,0.0096775585,0.0097777326,0.009570719
2022-08-11,VZ,1.0929249e-05,1.1067641e-05,1.0896507e-05
2022-08-11,WMT,0.00021645275,0.00021843417,0.00021310839
2022-08-12,AAPL,5.0650149,5.2266084,4.9722318
2022-08-12,AMGN,7.7989333e-06,7.9040978e-06,7.6102301e-06
2022-08-12,CRM,0.42081361,0.43546602,0.41703665
2022-08-12,CSCO,0.58778625,0.59328426,0.58359809
2022-08-12,IBM,0.042261018,0.043133901,0.042385394
2022-08-12,INTC,0.094361105,0.093658594,0.093176193
2022-08-12,MSFT,14.651266,15.071125,14.385158
2022-08-12,NKE,0.00922199,0.0091388118,0.0093364419
2022-08-12,VZ,1.0799129e-05,1.0888951e-05,1.0759745e-05
2022-08-12,WMT,0.00021625384,0.00021904733,0.00021401175
2022-08-15,AAPL,4.8786157,4.8117943,4.749675
2022-08-15,AMGN,7.7371639e-06,8.0061261e-06,7.607317e-06
2022-08-15,CRM,0.43057174,0.43255752,0.41653195
2022-08-15,CSCO,0.59102596,0.59525648,0.57553713
2022-08-15,IBM,0.041135708,0.041365077,0.041314294
2022-08-15,INTC,0.091209321,0.092501838,0.089219035
2022-08-15,MSFT,14.37001,14.541088,14.071094
2022-08-15,NKE,0.0088239634,0.0090663871,0.0088084564
2022-08-15,VZ,1.0497613e-05,1.0529475e-05,1.053387e-05
2022-08-15,WMT,0.00021583313,0.00021453701,0.00021231461
2022-08-16,AAPL,5.0080426,4.999444,4.9272266
2022-08-16,AMGN,7.5876586e-06,7.8302028e-06,7.6151415e-06
2022-08-16,CRM,0.4224685,0.426189,0.40948387
2022-08-16,CSCO,0.59665776,0.61584914,0.57680521
2022-08-16,IBM,0.040079826,0.040215255,0.039906245
2022-08-16,INTC,0.091851473,0.092597488,0.091249543
2022-08-16,MSFT,14.292704,14.766631,14.111576
2022-08-16,NKE,0.0086148879,0.0086195945,0.0086982258
2022-08-16,VZ,1.0143411e-05,1.0234398e-05,1.0237106e-05
2022-08-16,WMT,0.00021466694,0.00021856557,0.00021137842
2022-08-17,AAPL,4.9528061,4.9980093,4.8060586
2022-08-17,AMGN,7.2788817e-06,7.3975663e-06,7.1816665e-06
2022-08-17,CRM,0.44388758,0.45572743,0.44291074
2022-08-17,CSCO,0.59486605,0.5831679,0.58513086
2022-08-17,IBM,0.039776289,0.040161974,0.039811268
2022-08-17,INTC,0.090350948,0.090000928,0.089944727
2022-08-17,MSFT,14.522483,14.543121,14.222972
2022-08-17,NKE,0.0086083504,0.0090193416,0.0085976975
2022-08-17,VZ,9.8052906e-06,9.9922696e-06,9.785284e-06
2022-08-17,WMT,0.0002126903,0.00021768141,0.00021686806
2022-08-18,AAPL,5.0759177,5.1866032,4.8928739
2022-08-18,AMGN,7.1253081e-06,7.4099999e-06,6.9998547e-06
2022-08-18,CRM,0.43703036,0.43952961,0.42532966
2022-08-18,CSCO,0.59900306,0.60206284,0.58504058
2022-08-18,IBM,0.039024158,0.039594461,0.038882601
2022-08-18,INTC,0.09138172,0.092200207,0.090627522
2022-08-18,MSFT,14.402323,14.263892,14.13112
2022-08-18,NKE,0.0087953559,0.0089977497,0.0087425954
2022-08-18,VZ,9.317441e-06,9.529193e-06,9.4004477e-06
2022-08-18,WMT,0.00020437729,0.00020771689,0.00020184985
2022-08-19,AAPL,5.1583577,5.2087335,5.0860884
2022-08-19,AMGN,6.9601847e-06,7.1035103e-06,6.7852601e-06
2022-08-19,CRM,0.41872913,0.42454494,0.4145651
2022-08-19,CSCO,0.61647721,0.62730196,0.60334127
2022-08-19,IBM,0.039312394,0.039892125,0.038592183
2022-08-19,INTC,0.092390982,0.094223292,0.091909731
2022-08-19,MSFT,14.63048,14.706729,14.241365
2022-08-19,NKE,0.008723781,0.0088049807,0.0087492776
2022-08-19,VZ,9.1068123e-06,9.2107742e-06,9.0103955e-06
2022-08-19,WMT,0.00020391626,0.00020912098,0.0002021722
2022-08-22,AAPL,5.1573453,5.2659725,5.1139393
2022-08-22,AMGN,6.8556629e-06,7.0095862e-06,6.62031e-06
2022-08-22,CRM,0.42047845,0.43267645,0.412483
2022-08-22,CSCO,0.62722048,0.63960622,0.61853114
2022-08-22,IBM,0.038657299,0.039507251,0.039170332
2022-08-22,INTC,0.093276267,0.096647702,0.091975159
2022-08-22,MSFT,14.742638,15.17219,14.586797
2022-08-22,NKE,0.0086954485,0.0089191846,0.0085444248
2022-08-22,VZ,8.9444962e-06,9.2233603e-06,8.9337499e-06
2022-08-22,WMT,0.00019697273,0.00020151717,0.00019649493
2022-08-23,AAPL,5.2720458,5.3807918,5.1546139
2022-08-23,AMGN,6.6598737e-06,6.7915436e-06,6.5018267e-06
2022-08-23,CRM,0.4188995,0.41936726,0.41667786
2022-08-23,CSCO,0.6149042,0.6152548,0.61012533
2022-08-23,IBM,0.03848001,0.039413817,0.038293822
2022-08-23,INTC,0.090122811,0.090300616,0.087126681
2022-08-23,MSFT,14.649549,15.061799,14.214683
2022-08-23,NKE,0.0085005827,0.0087147407,0.0083348754
2022-08-23,VZ,8.785056e-06,8.8665549e-06,8.6710712e-06
2022-08-23,WMT,0.00019123962,0.00019456784,0.00019263588
2022-08-24,AAPL,5.1034007,5.1404932,4.9887793
2022-08-24,AMGN,6.5938317e-06,6.763407e-06,6.5361489e-06
2022-08-24,CRM,0.42225926,0.42088903,0.42535264
2022-08-24,CSCO,0.61745424,0.62653579,0.60582566
2022-08-24,IBM,0.038539523,0.039195888,0.038464919
2022-08-24,INTC,0.089063928,0.09017618,0.088922166
2022-08-24,MSFT,14.486889,14.391478,14.246903
2022-08-24,NKE,0.0086283886,0.0087582484,0.008603772
2022-08-24,VZ,8.6194435e-06,8.7305448e-06,8.5768749e-06
2022-08-24,WMT,0.00019075002,0.00019448595,0.0001889873
2022-08-25,AAPL,5.1579739,5.2066477,5.1480765
2022-08-25,AMGN,6.3546291e-06,6.5513954e-06,6.2886046e-06
2022-08-25,CRM,0.42424477,0.45042203,0.42263065
2022-08-25,CSCO,0.62258908,0.61535282,0.63003237
2022-08-25,IBM,0.037988006,0.039311857,0.037033835
2022-08-25,INTC,0.086176277,0.08838477,0.085009571
2022-08-25,MSFT,14.160298,14.463824,13.817886
2022-08-25,NKE,0.0085122236,0.0087948946,0.0085116143
2022-08-25,VZ,8.5587149e-06,8.623422e-06,8.5125065e-06
2022-08-25,WMT,0.00018449254,0.00018586472,0.00018165873
2022-08-26,AAPL,5.0035688,4.9946933,4.8478563
2022-08-26,AMGN,6.1245591e-06,6.2409648e-06,6.1619303e-06
2022-08-26,CRM,0.40800795,0.41509733,0.40299835
2022-08-26,CSCO,0.61321444,0.62165028,0.60203607
2022-08-26,IBM,0.037712697,0.038087791,0.037626559
2022-08-26,INTC,0.084598216,0.085920264,0.083445704
2022-08-26,MSFT,13.915677,14.166999,13.507247
2022-08-26,NKE,0.0084575879,0.0086029838,0.0083224649
2022-08-26,VZ,8.3428655e-06,8.5807452e-06,8.281122e-06
2022-08-26,WMT,0.00017985545,0.00018193294,0.00017830466
2022-08-29,AAPL,4.8998344,4.9812272,4.8097708
2022-08-29,AMGN,6.1317366e-06,6.1756088e-06,5.9987636e-06
2022-08-29,CRM,0.39594092,0.40973894,0.39447336
2022-08-29,CSCO,0.60326828,0.60298497,0.5859611
2022-08-29,IBM,0.037916197,0.038730563,0.037836022
2022-08-29,INTC,0.082744373,0.082920454,0.08052911
2022-08-29,MSFT,14.132126,14.319269,14.039069
2022-08-29,NKE,0.0083149035,0.0084892708,0.0081629915
2022-08-29,VZ,8.1059642e-06,8.2563466e-06,8.0637473e-06
2022-08-29,WMT,0.00017985357,0.00018049347,0.00018105701
2022-08-30,AAPL,4.827565,4.8776396,4.5943963
2022-08-30,AMGN,5.8289553e-06,5.9901961e-06,5.8008104e-06
2022-08-30,CRM,0.37920679,0.39520104,0.36582481
2022-08-30,CSCO,0.59226051,0.59363882,0.56950574
2022-08-30,IBM,0.037551452,0.037549476,0.03674813
2022-08-30,INTC,0.079791029,0.078944262,0.077334561
2022-08-30,MSFT,13.8577,14.043735,13.685462
2022-08-30,NKE,0.0082058229,0.0082299417,0.0080159714
2022-08-30,VZ,7.8155355e-06,7.8562837e-06,7.7137621e-06
2022-08-30,WMT,0.00017580441,0.00017760177,0.00016931146
2022-08-31,AAPL,4.756249,4.8859954,4.6941852
2022-08-31,AMGN,5.5405025e-06,5.6880886e-06,5.4188168e-06
2022-08-31,CRM,0.37259663,0.38677191,0.36641452
2022-08-31,CSCO,0.59912267,0.6050964,0.59263647
2022-08-31,IBM,0.036585321,0.037402294,0.035725859
2022-08-31,INTC,0.078034262,0.08116602,0.077924959
2022-08-31,MSFT,13.149053,13.565993,12.923256
2022-08-31,NKE,0.0080375194,0.0081928015,0.0079360804
2022-08-31,VZ,7.6211403e-06,7.7869317e-06,7.6348651e-06
2022-08-31,WMT,0.00017289455,0.00017575069,0.00017165469
2022-09-01,AAPL,4.604214,4.6730971,4.644324
2022-09-01,AMGN,5.4992005e-06,5.6180848e-06,5.3732433e-06
2022-09-01,CRM,0.3565989,0.364294,0.35272236
2022-09-01,CSCO,0.6138323,0.61456617,0.60477564
2022-09-01,IBM,0.037486185,0.037966673,0.036993662
2022-09-01,INTC,0.078125437,0.078015843,0.078457726
2022-09-01,MSFT,13.186326,13.247287,13.005186
2022-09-01,NKE,0.0081511866,0.0083796141,0.0080758397
2022-09-01,VZ,7.6108698e-06,7.6792329e-06,7.541545e-06
2022-09-01,WMT,0.00017378739,0.00017816112,0.00017226657
2022-09-02,AAPL,4.7266428,4.7841191,4.8015272
2022-09-02,AMGN,5.2938684e-06,5.5421094e-06,5.2212256e-06
2022-09-02,CRM,0.36978766,0.3639196,0.35526049
2022-09-02,CSCO,0.61334661,0.6168323,0.61113034
2022-09-02,IBM,0.037151269,0.037578894,0.036750547
2022-09-02,INTC,0.077745637,0.079447353,0.077957299
2022-09-02,MSFT,12.707866,12.862083,12.669927
2022-09-02,NKE,0.008181818,0.0082490107,0.0081774772
2022-09-02,VZ,7.4152263e-06,7.5419823e-06,7.5048301e-06
2022-09-02,WMT,0.00017363762,0.00017536781,0.00017460349
2022-09-06,AAPL,4.7307234,4.7254254,4.7079766
2022-09-06,AMGN,5.1760115e-06,5.2628983e-06,5.2496168e-06
2022-09-06,CRM,0.35966493,0.36306748,0.35827504
2022-09-06,CSCO,0.60763053,0.61043573,0.60181909
2022-09-06,IBM,0.036910103,0.037492266,0.036203104
2022-09-06,INTC,0.075604478,0.076182178,0.075230467
2022-09-06,MSFT,12.527631,12.83062,11.96739
2022-09-06,NKE,0.0078506579,0.0079217991,0.0075936858
2022-09-06,VZ,7.2121793e-06,7.1604183e-06,7.2917044e-06
2022-09-06,WMT,0.00017492158,0.00017785014,0.00017309584
2022-09-07,AAPL,4.6285714,4.6039565,4.4287691
2022-09-07,AMGN,5.1649368e-06,5.2423314e-06,4.9912581e-06
2022-09-07,CRM,0.35960318,0.36153284,0.34948295
2022-09-07,CSCO,0.59054559,0.59860798,0.57651703
2022-09-07,IBM,0.036373731,0.037214438,0.035900278
2022-09-07,INTC,0.074917878,0.074871232,0.073212875
2022-09-07,MSFT,12.602563,12.674037,12.284962
2022-09-07,NKE,0.0075582968,0.0077125694,0.0075624181
2022-09-07,VZ,7.049101e-06,7.1107308e-06,7.0912892e-06
2022-09-07,WMT,0.00016999571,0.00017226549,0.00016892474
2022-09-08,AAPL,4.6522329,4.771291,4.5691398
2022-09-08,AMGN,5.0369359e-06,5.1780871e-06,4.9137858e-06
2022-09-08,CRM,0.35507403,0.35550324,0.35255718
2022-09-08,CSCO,0.59369665,0.59564768,0.5926419
2022-09-08,IBM,0.035904531,0.036516263,0.035299788
2022-09-08,INTC,0.073212848,0.073072272,0.072237345
2022-09-08,MSFT,12.656791,12.75803,12.629536
2022-09-08,NKE,0.0074138737,0.0073691988,0.007385425
2022-09-08,VZ,6.9055974e-06,6.9452523e-06,6.860059e-06
2022-09-08,WMT,0.00016501332,0.00016674967,0.00016410924
2022-09-09,AAPL,4.5423168,4.5833133,4.438741
2022-09-09,AMGN,4.9273172e-06,5.0481857e-06,4.8115083e-06
2022-09-09,CRM,0.34969969,0.35741871,0.3470669
2022-09-09,CSCO,0.59033082,0.60048641,0.58890451
2022-09-09,IBM,0.035238359,0.03525262,0.034888847
2022-09-09,INTC,0.074243761,0.072969632,0.072782133
2022-09-09,MSFT,12.427177,12.501356,12.066852
2022-09-09,NKE,0.0072167798,0.0072691261,0.0071688853
2022-09-09,VZ,6.7351835e-06,6.7772971e-06,6.6930242e-06
2022-09-09,WMT,0.000163614,0.00016534678,0.00016500771
2022-09-12,AAPL,4.5486458,4.5936339,4.466681
2022-09-12,AMGN,4.763211e-06,4.7670802e-06,4.6434237e-06
2022-09-12,CRM,0.33859694,0.34085465,0.33673461
2022-09-12,CSCO,0.60699573,0.60603136,0.59214083
2022-09-12,IBM,0.034439748,0.03512151,0.034152769
2022-09-12,INTC,0.072740821,0.072245196,0.071742451
2022-09-12,MSFT,12.933823,12.813665,12.683865
2022-09-12,NKE,0.0070163225,0.0071522066,0.0070079375
2022-09-12,VZ,6.5825274e-06,6.6488901e-06,6.5609258e-06
2022-09-12,WMT,0.00015734782,0.00015787704,0.0001586065
2022-09-13,AAPL,4.6296027,4.6497032,4.5070809
2022-09-13,AMGN,4.6251766e-06,4.7155733e-06,4.5295761e-06
2022-09-13,CRM,0.34121208,0.35073999,0.3425484
2022-09-13,CSCO,0.60683627,0.61344538,0.59629561
2022-09-13,IBM,0.034179523,0.034407101,0.034124645
2022-09-13,INTC,0.072856451,0.071901899,0.072884443
2022-09-13,MSFT,12.837861,12.730532,12.649726
2022-09-13,NKE,0.0070796387,0.0071051583,0.007055044
2022-09-13,VZ,6.3868591e-06,6.4617477e-06,6.4321341e-06
2022-09-13,WMT,0.00015526407,0.00015893717,0.00015385555
2022-09-14,AAPL,4.6588172,4.7564404,4.567166
2022-09-14,AMGN,4.5048605e-06,4.6691713e-06,4.4692842e-06
2022-09-14,CRM,0.31724415,0.31336441,0.31559736
2022-09-14,CSCO,0.60535221,0.60543614,0.59988253
2022-09-14,IBM,0.033382869,0.034382631,0.0330359
2022-09-14,INTC,0.070617886,0.071200559,0.069880728
2022-09-14,MSFT,13.106802,13.337639,12.843699
2022-09-14,NKE,0.0069799168,0.0071165537,0.006906207
2022-09-14,VZ,6.0817314e-06,6.1462374e-06,6.0593528e-06
2022-09-14,WMT,0.00015460569,0.00015656858,0.00015385081
2022-09-15,AAPL,4.5196735,4.5439992,4.3811608
2022-09-15,AMGN,4.2884542e-06,4.423543e-06,4.301633e-06
2022-09-15,CRM,0.32200408,0.3238884,0.31825418
2022-09-15,CSCO,0.60559357,0.60700226,0.5942607
2022-09-15,IBM,0.034028415,0.034579973,0.034510563
2022-09-15,INTC,0.070516902,0.070587615,0.070094466
2022-09-15,MSFT,13.351668,13.357025,13.190342
2022-09-15,NKE,0.0070090934,0.0071472749,0.0069055865
2022-09-15,VZ,5.820217e-06,5.8966146e-06,5.8527545e-06
2022-09-15,WMT,0.00015300132,0.00015376625,0.0001525171
2022-09-16,AAPL,4.396798,4.3954599,4.3394608
2022-09-16,AMGN,4.1246856e-06,4.275776e-06,4.1290273e-06
2022-09-16,CRM,0.31018302,0.31878269,0.30596168
2022-09-16,CSCO,0.59805353,0.59306979,0.58011936
2022-09-16,IBM,0.034052664,0.034852373,0.033523394
2022-09-16,INTC,0.071120826,0.072366503,0.070674696
2022-09-16,MSFT,13.23982,13.316641,12.925895
2022-09-16,NKE,0.0072383271,0.0072865247,0.0070450395
2022-09-16,VZ,5.7689294e-06,5.7004139e-06,5.6421064e-06
2022-09-16,WMT,0.00015002555,0.00015159856,0.00014665113
2022-09-19,AAPL,4.4574631,4.4526911,4.3693453
2022-09-19,AMGN,4.1100156e-06,4.1996768e-06,4.1004527e-06
2022-09-19,CRM,0.30547587,0.30219015,0.30454702
2022-09-19,CSCO,0.58390944,0.58958843,0.56968265
2022-09-19,IBM,0.032966176,0.0330025,0.032404513
2022-09-19,INTC,0.068707986,0.069445577,0.070053527
2022-09-19,MSFT,13.12542,13.321032,12.901856
2022-09-19,NKE,0.0072554805,0.0073964271,0.0072650976
2022-09-19,VZ,5.7596164e-06,5.7889301e-06,5.8143885e-06
2022-09-19,WMT,0.00014494511,0.0001494692,0.00014572202
2022-09-20,AAPL,4.5128201,4.5234225,4.3799717
2022-09-20,AMGN,4.0743382e-06,4.1595415e-06,3.9935451e-06
2022-09-20,CRM,0.29676304,0.29415456,0.29565203
2022-09-20,CSCO,0.59632047,0.57922538,0.6000504
2022-09-20,IBM,0.032193811,0.032684186,0.032046087
2022-09-20,INTC,0.066851415,0.066567401,0.06662313
2022-09-20,MSFT,13.013922,13.054544,12.810368
2022-09-20,NKE,0.007347176,0.0074727845,0.0073438815
2022-09-20,VZ,5.5633063e-06,5.6631248e-06,5.5132153e-06
2022-09-20,WMT,0.00014081976,0.00014246133,0.00014018325
2022-09-21,AAPL,4.4730066,4.5241902,4.4058756
2022-09-21,AMGN,3.9682223e-06,4.0503469e-06,3.9338907e-06
2022-09-21,CRM,0.29821493,0.31076116,0.28900805
2022-09-21,CSCO,0.57490689,0.57865222,0.57001146
2022-09-21,IBM,0.032294021,0.032575168,0.032320499
2022-09-21,INTC,0.066140257,0.066958868,0.065492909
2022-09-21,MSFT,12.687775,13.055589,12.410291
2022-09-21,NKE,0.0072009265,0.0072757522,0.0070921084
2022-09-21,VZ,5.3956078e-06,5.465386e-06,5.4008171e-06
2022-09-21,WMT,0.0001356511,0.00013791947,0.00013449676
2022-09-22,AAPL,4.5877076,4.6735475,4.6310623
2022-09-22,AMGN,3.9039446e-06,4.0216017e-06,3.9506023e-06
2022-09-22,CRM,0.29400579,0.29212446,0.29002714
2022-09-22,CSCO,0.5618921,0.56955861,0.56001253
2022-09-22,IBM,0.031634778,0.032642122,0.031642418
2022-09-22,INTC,0.065339687,0.067008057,0.063272484
2022-09-22,MSFT,12.743922,12.937224,12.403456
2022-09-22,NKE,0.0072661514,0.0072021666,0.0071647285
2022-09-22,VZ,5.2378429e-06,5.3101471e-06,5.2454418e-06
2022-09-22,WMT,0.00013400464,0.00013347189,0.00013238823
2022-09-23,AAPL,4.5443147,4.5932302,4.4291595
2022-09-23,AMGN,3.8755074e-06,3.9069389e-06,3.837353e-06
2022-09-23,CRM,0.29904779,0.31150058,0.29601583
2022-09-23,CSCO,0.5635888,0.56814018,0.5535572
2022-09-23,IBM,0.031568835,0.032121472,0.031080786
2022-09-23,INTC,0.06574538,0.065486207,0.066569975
2022-09-23,MSFT,12.836431,12.830277,12.827703
2022-09-23,NKE,0.0070941965,0.0072197703,0.0072656297
2022-09-23,VZ,5.0964736e-06,5.1282119e-06,5.1467688e-06
2022-09-23,WMT,0.00013534924,0.00013663072,0.00013540218
2022-09-26,AAPL,4.4735936,4.5834409,4.3500902
2022-09-26,AMGN,3.9395651e-06,4.1132123e-06,3.9312989e-06
2022-09-26,CRM,0.30815184,0.31811499,0.29984595
2022-09-26,CSCO,0.56638986,0.55761105,0.55576542
2022-09-26,IBM,0.03113999,0.031257525,0.030716549
2022-09-26,INTC,0.066485585,0.066022533,0.066657255
2022-09-26,MSFT,13.033214,13.041404,12.902469
2022-09-26,NKE,0.007020559,0.007124211,0.0070197555
2022-09-26,VZ,5.0891008e-06,5.2015231e-06,5.1099126e-06
2022-09-26,WMT,0.00013143556,0.00013492606,0.0001292157
2022-09-27,AAPL,4.4933345,4.5577965,4.4775723
2022-09-27,AMGN,3.8026659e-06,3.9341434e-06,3.7070585e-06
2022-09-27,CRM,0.32349536,0.32043902,0.32742377
2022-09-27,CSCO,0.56187179,0.56775735,0.56599637
2022-09-27,IBM,0.030854134,0.031302053,0.030837237
2022-09-27,INTC,0.0689098,0.070407552,0.067717348
2022-09-27,MSFT,12.895747,12.933266,12.714748
2022-09-27,NKE,0.0067746519,0.006855089,0.0067958393
2022-09-27,VZ,5.0326374e-06,5.0670384e-06,5.011735e-06
2022-09-27,WMT,0.00012738747,0.00012880366,0.0001257949
2022-09-28,AAPL,4.2726193,4.2392129,4.1556373
2022-09-28,AMGN,3.586967e-06,3.6683336e-06,3.5381879e-06
2022-09-28,CRM,0.31744389,0.31518533,0.30615732
2022-09-28,CSCO,0.57060264,0.57105572,0.56445114
2022-09-28,IBM,0.031281763,0.032027783,0.031061669
2022-09-28,INTC,0.069596861,0.071050283,0.070496726
2022-09-28,MSFT,12.714728,12.844949,12.557074
2022-09-28,NKE,0.00668681,0.0067331431,0.0065816498
2022-09-28,VZ,4.8542068e-06,4.9604054e-06,4.8307893e-06
2022-09-28,WMT,0.00012753772,0.00013043002,0.00012580268
2022-09-29,AAPL,4.3555235,4.3889882,4.2068418
2022-09-29,AMGN,3.4830656e-06,3.6669974e-06,3.4236369e-06
2022-09-29,CRM,0.29764453,0.3095751,0.28473171
2022-09-29,CSCO,0.5675521,0.57203535,0.55039971
2022-09-29,IBM,0.031329885,0.031947851,0.030283391
2022-09-29,INTC,0.065896945,0.065951698,0.064078571
2022-09-29,MSFT,12.864817,12.635647,12.466041
2022-09-29,NKE,0.0064038491,0.0065063285,0.0063511388
2022-09-29,VZ,4.7462558e-06,4.76634e-06,4.6671412e-06
2022-09-29,WMT,0.00012501998,0.00012751271,0.0001223733
2022-09-30,AAPL,4.3821513,4.4981889,4.2229405
2022-09-30,AMGN,3.3554376e-06,3.4438911e-06,3.3202411e-06
2022-09-30,CRM,0.29660063,0.30820134,0.29331056
2022-09-30,CSCO,0.55678774,0.56321855,0.54630237
2022-09-30,IBM,0.031255636,0.032255777,0.030866795
2022-09-30,INTC,0.063692502,0.065682308,0.062435642
2022-09-30,MSFT,12.672752,12.865789,12.475178
2022-09-30,NKE,0.006231674,0.0063541679,0.0061368087
2022-09-30,VZ,4.6309182e-06,4.7633944e-06,4.6351607e-06
2022-09-30,WMT,0.00012112038,0.00012258075,0.00012031212
2022-10-03,AAPL,4.3563819,4.5365069,4.3131406
2022-10-03,AMGN,3.2272251e-06,3.3198899e-06,3.1810185e-06
2022-10-03,CRM,0.29965146,0.29704777,0.30491377
2022-10-03,CSCO,0.55611149,0.56099382,0.560605
2022-10-03,IBM,0.030151187,0.030328045,0.029894375
2022-10-03,INTC,0.063877789,0.0649162,0.063825582
2022-10-03,MSFT,12.707246,12.930738,12.57814
2022-10-03,NKE,0.0061039792,0.0061290242,0.0060873364
2022-10-03,VZ,4.5696044e-06,4.5604005e-06,4.564224e-06
2022-10-03,WMT,0.00012158875,0.00012210837,0.0001221547
2022-10-04,AAPL,4.3759433,4.437368,4.2824722
2022-10-04,AMGN,3.0798509e-06,3.152474e-06,3.0974244e-06
2022-10-04,CRM,0.2897792,0.28730926,0.28635062
2022-10-04,CSCO,0.55614061,0.55664692,0.55753749
2022-10-04,IBM,0.029444059,0.030174632,0.029006697
2022-10-04,INTC,0.064621546,0.064069526,0.063129847
2022-10-04,MSFT,12.792936,12.900553,12.613723
2022-10-04,NKE,0.0059033625,0.006061164,0.0058780203
2022-10-04,VZ,4.5666156e-06,4.5558428e-06,4.551285e-06
2022-10-04,WMT,0.00012051719,0.00011992437,0.00012058427
2022-10-05,AAPL,4.1956455,4.1322349,4.0533527
2022-10-05,AMGN,3.0122845e-06,3.1098933e-06,3.0026716e-06
2022-10-05,CRM,0.3028652,0.30649946,0.28359353
2022-10-05,CSCO,0.54355436,0.54189887,0.5366619
2022-10-05,IBM,0.029405443,0.030048874,0.029153654
2022-10-05,INTC,0.065758514,0.066124267,0.064371151
2022-10-05,MSFT,12.502762,12.610193,12.39527
2022-10-05,NKE,0.0057618289,0.0058800896,0.0058360555
2022-10-05,VZ,4.4263017e-06,4.4918277e-06,4.5365318e-06
2022-10-05,WMT,0.00011604093,0.00011884968,0.00011611185
2022-10-06,AAPL,4.255205,4.2927904,4.1651148
2022-10-06,AMGN,3.0316745e-06,3.1703741e-06,2.9977149e-06
2022-10-06,CRM,0.31642318,0.31779432,0.30426702
2022-10-06,CSCO,0.53772762,0.53236115,0.53995511
2022-10-06,IBM,0.028777407,0.028910762,0.028384376
2022-10-06,INTC,0.066407826,0.065497255,0.065182565
2022-10-06,MSFT,12.377595,12.449499,12.062185
2022-10-06,NKE,0.0055949724,0.005514819,0.0055271143
2022-10-06,VZ,4.286814e-06,4.4141453e-06,4.2695119e-06
2022-10-06,WMT,0.00011120239,0.0001131444,0.0001114764
2022-10-07,AAPL,4.2726374,4.226418,4.3585938
2022-10-07,AMGN,2.9035457e-06,2.9997025e-06,2.8617593e-06
2022-10-07,CRM,0.30762198,0.30795793,0.31019855
2022-10-07,CSCO,0.53812701,0.52798651,0.53350829
2022-10-07,IBM,0.028127027,0.0282054,0.028460607
2022-10-07,INTC,0.066944182,0.066948013,0.065253505
2022-10-07,MSFT,12.429355,12.626149,12.267454
2022-10-07,NKE,0.0056253458,0.005628918,0.0056709917
2022-10-07,VZ,4.1505977e-06,4.1888469e-06,4.0913634e-06
2022-10-07,WMT,0.00010740192,0.00010738549,0.00010728644
2022-10-10,AAPL,4.3971852,4.4707441,4.3318203
2022-10-10,AMGN,2.7629677e-06,2.8344393e-06,2.7175628e-06
2022-10-10,CRM,0.29172492,0.29616711,0.28802333
2022-10-10,CSCO,0.53742644,0.53074488,0.53568531
2022-10-10,IBM,0.028240511,0.028426959,0.028182621
2022-10-10,INTC,0.065887456,0.066231565,0.064453761
2022-10-10,MSFT,12.711613,12.7901,12.421555
2022-10-10,NKE,0.0055688567,0.0055842409,0.0055082433
2022-10-10,VZ,4.0293786e-06,4.038287e-06,4.0361163e-06
2022-10-10,WMT,0.00010511325,0.00010688343,0.00010344238
2022-10-11,AAPL,4.2981583,4.3302215,4.2916075
2022-10-11,AMGN,2.6723628e-06,2.7233074e-06,2.6442573e-06
2022-10-11,CRM,0.28990995,0.2926648,0.29459386
2022-10-11,CSCO,0.53643409,0.52568834,0.52852875
2022-10-11,IBM,0.027853076,0.028102228,0.027319549
2022-10-11,INTC,0.067555598,0.068388933,0.066466118
2022-10-11,MSFT,12.869575,13.189526,12.572643
2022-10-11,NKE,0.0055059773,0.0055396488,0.0055360657
2022-10-11,VZ,3.9918424e-06,4.0339745e-06,3.9654797e-06
2022-10-11,WMT,0.00010300274,0.00010331322,0.00010188659
2022-10-12,AAPL,4.1753552,4.2332141,4.0642962
2022-10-12,AMGN,2.599239e-06,2.6615905e-06,2.5706589e-06
2022-10-12,CRM,0.28072345,0.28166696,0.27364403
2022-10-12,CSCO,0.52857014,0.53397757,0.52779779
2022-10-12,IBM,0.027611268,0.028165106,0.027324356
2022-10-12,INTC,0.068702283,0.06931173,0.067949336
2022-10-12,MSFT,12.983529,13.010183,12.739667
2022-10-12,NKE,0.0054298506,0.005506555,0.0053917972
2022-10-12,VZ,3.9186146e-06,3.974797e-06,3.8856848e-06
2022-10-12,WMT,9.7949799e-05,0.00010008185,9.8209707e-05
2022-10-13,AAPL,4.0153873,4.1040493,3.9255752
2022-10-13,AMGN,2.5524633e-06,2.6106417e-06,2.5444693e-06
2022-10-13,CRM,0.2825008,0.27986078,0.28573114
2022-10-13,CSCO,0.52434102,0.51315448,0.51774795
2022-10-13,IBM,0.026867501,0.026792535,0.026806075
2022-10-13,INTC,0.068256401,0.06928853,0.06818933
2022-10-13,MSFT,13.002141,12.906096,12.920794
2022-10-13,NKE,0.0051936119,0.0052557289,0.0051637573
2022-10-13,VZ,3.7986671e-06,3.8051979e-06,3.807582e-06
2022-10-13,WMT,9.6566142e-05,9.8356067e-05,9.6187895e-05
2022-10-14,AAPL,4.0492056,4.0618906,3.9732492
2022-10-14,AMGN,2.437613e-06,2.4976752e-06,2.420935e-06
2022-10-14,CRM,0.26740494,0.274665,0.2621721
2022-10-14,CSCO,0.52806384,0.52391351,0.517159
2022-10-14,IBM,0.026360128,0.026912035,0.026127555
2022-10-14,INTC,0.069256511,0.069715488,0.068791128
2022-10-14,MSFT,13.187573,13.032315,12.981912
2022-10-14,NKE,0.0050841996,0.0051626711,0.0051700501
2022-10-14,VZ,3.6767067e-06,3.7352773e-06,3.6641355e-06
2022-10-14,WMT,9.5493919e-05,9.6771303e-05,9.4648345e-05
2022-10-17,AAPL,3.9475825,3.9767176,3.8606945
2022-10-17,AMGN,2.4255038e-06,2.5011137e-06,2.3854727e-06
2022-10-17,CRM,0.26349608,0.26170774,0.25406983
2022-10-17,CSCO,0.52061199,0.50907724,0.50757929
2022-10-17,IBM,0.026289205,0.026406661,0.026065832
2022-10-17,INTC,0.068709941,0.069201008,0.068451191
2022-10-17,MSFT,13.221295,13.417423,12.872813
2022-10-17,NKE,0.0052474957,0.0052700806,0.0052279958
2022-10-17,VZ,3.5177523e-06,3.6158803e-06,3.5582849e-06
2022-10-17,WMT,9.4142161e-05,9.5732226e-05,9.4063103e-05
2022-10-18,AAPL,4.0245682,4.0497626,3.9214343
2022-10-18,AMGN,2.3275176e-06,2.3716904e-06,2.3145382e-06
2022-10-18,CRM,0.26742393,0.25940579,0.26100501
2022-10-18,CSCO,0.51725336,0.51256996,0.51579818
2022-10-18,IBM,0.025790046,0.025933483,0.025863546
2022-10-18,INTC,0.068989956,0.069400897,0.067170132
2022-10-18,MSFT,13.052397,13.174482,12.866269
2022-10-18,NKE,0.0050537643,0.0050565784,0.0050094359
2022-10-18,VZ,3.3438826e-06,3.3882935e-06,3.3075142e-06
2022-10-18,WMT,9.2601521e-05,9.3183065e-05,9.1338493e-05
2022-10-19,AAPL,3.9751163,3.9733473,3.8873595
2022-10-19,AMGN,2.2075912e-06,2.2672887e-06,2.1778544e-06
2022-10-19,CRM,0.24834775,0.25819958,0.24184962
2022-10-19,CSCO,0.51326846,0.51138292,0.51146289
2022-10-19,IBM,0.025298533,0.025592916,0.025149721
2022-10-19,INTC,0.069002555,0.070073761,0.068079162
2022-10-19,MSFT,12.865017,13.257143,12.592156
2022-10-19,NKE,0.0049178413,0.004996742,0.0048936214
2022-10-19,VZ,3.2596252e-06,3.280423e-06,3.2565473e-06
2022-10-19,WMT,9.155559e-05,9.359167e-05,9.1575672e-05
2022-10-20,AAPL,3.9131033,3.9777105,3.8499426
2022-10-20,AMGN,2.1356099e-06,2.2008645e-06,2.1147702e-06
2022-10-20,CRM,0.24629554,0.25135245,0.23976391
2022-10-20,CSCO,0.50416173,0.51208692,0.5085453
2022-10-20,IBM,0.025013406,0.025503685,0.024603883
2022-10-20,INTC,0.068661541,0.069302598,0.067965432
2022-10-20,MSFT,12.724776,12.800649,12.761675
2022-10-20,NKE,0.0048763468,0.0049157623,0.0048508827
2022-10-20,VZ,3.1968283e-06,3.2514392e-06,3.2547768e-06
2022-10-20,WMT,8.9088506e-05,8.9078715e-05,8.8632816e-05
2022-10-21,AAPL,3.9146337,3.8973264,3.8242025
2022-10-21,AMGN,2.0624556e-06,2.109629e-06,1.9999655e-06
2022-10-21,CRM,0.24583145,0.24571732,0.24311845
2022-10-21,CSCO,0.51609964,0.51474839,0.51214966
2022-10-21,IBM,0.024432154,0.024555264,0.024252593
2022-10-21,INTC,0.067904952,0.06729029,0.06612343
2022-10-21,MSFT,12.608725,12.646906,12.581727
2022-10-21,NKE,0.0048280645,0.0049540029,0.0047565703
2022-10-21,VZ,3.1381371e-06,3.1840097e-06,3.1328591e-06
2022-10-21,WMT,8.7881462e-05,8.8484886e-05,8.7267311e-05
2022-10-24,AAPL,3.7847679,3.9215213,3.7000723
2022-10-24,AMGN,2.0115075e-06,2.0854284e-06,1.9851966e-06
2022-10-24,CRM,0.2520133,0.26090403,0.24875524
2022-10-24,CSCO,0.51865674,0.5185916,0.51894548
2022-10-24,IBM,0.023972988,0.024274504,0.023818998
2022-10-24,INTC,0.069447183,0.069626616,0.068948376
2022-10-24,MSFT,12.57221,12.640315,12.477781
2022-10-24,NKE,0.0047227622,0.0046968992,0.0046203904
2022-10-24,VZ,3.1186612e-06,3.1496269e-06,3.1487321e-06
2022-10-24,WMT,8.6440144e-05,8.6743796e-05,8.6841905e-05
2022-10-25,AAPL,3.7681512,3.7865037,3.6294139
2022-10-25,AMGN,1.921412e-06,1.9413515e-06,1.9012567e-06
2022-10-25,CRM,0.24452269,0.24546177,0.24226386
2022-10-25,CSCO,0.53699051,0.53101244,0.51733183
2022-10-25,IBM,0.023967957,0.024115148,0.023419476
2022-10-25,INTC,0.06897657,0.068852367,0.069613365
2022-10-25,MSFT,12.394578,12.523432,12.153375
2022-10-25,NKE,0.0045431789,0.004578737,0.0044895321
2022-10-25,VZ,2.9995758e-06,3.0530204e-06,2.9769312e-06
2022-10-25,WMT,8.8833217e-05,8.9206019e-05,8.9210371e-05
2022-10-26,AAPL,3.7328857,3.7117709,3.6058321
2022-10-26,AMGN,1.862307e-06,1.935625e-06,1.857416e-06
2022-10-26,CRM,0.23460802,0.24100409,0.23223183
2022-10-26,CSCO,0.54320297,0.5435316,0.5369146
2022-10-26,IBM,0.02372727,0.023955706,0.023643311
2022-10-26,INTC,0.070054506,0.069809158,0.068864651
2022-10-26,MSFT,12.449911,12.387606,12.184567
2022-10-26,NKE,0.0045419444,0.0046030429,0.0045507423
2022-10-26,VZ,2.9448544e-06,2.9723472e-06,2.9246769e-06
2022-10-26,WMT,8.8479127e-05,8.9302657e-05,8.776711e-05
2022-10-27,AAPL,3.768242,3.8256847,3.6700417
2022-10-27,AMGN,1.8156797e-06,1.8967935e-06,1.8023434e-06
2022-10-27,CRM,0.22695476,0.23050661,0.22401562
2022-10-27,CSCO,0.55439789,0.55008807,0.54708481
2022-10-27,IBM,0.023464822,0.023619587,0.02328349
2022-10-27,INTC,0.071610485,0.071145452,0.069882196
2022-10-27,MSFT,12.331634,12.547873,12.102598
2022-10-27,NKE,0.0044155785,0.0045052749,0.0044988178
2022-10-27,VZ,2.927778e-06,2.9226349e-06,2.8559823e-06
2022-10-27,WMT,8.9259694e-05,9.1546505e-05,8.9105666e-05
2022-10-28,AAPL,3.8393398,3.9556778,3.6104991
2022-10-28,AMGN,1.7561923e-06,1.8095052e-06,1.729098e-06
2022-10-28,CRM,0.21868917,0.2223911,0.21376022
2022-10-28,CSCO,0.53389697,0.53633949,0.52801059
2022-10-28,IBM,0.023252462,0.023305705,0.022627147
2022-10-28,INTC,0.070275385,0.070871183,0.068134265
2022-10-28,MSFT,12.082606,12.321307,11.764356
2022-10-28,NKE,0.0043502981,0.0043159248,0.0042709887
2022-10-28,VZ,2.7994289e-06,2.8155614e-06,2.792648e-06
2022-10-28,WMT,8.8580863e-05,8.9539089e-05,8.6479628e-05
2022-10-31,AAPL,3.7757874,3.8507872,3.6734191
2022-10-31,AMGN,1.7192016e-06,1.7850467e-06,1.7017046e-06
2022-10-31,CRM,0.21525427,0.2240197,0.21304428
2022-10-31,CSCO,0.53267318,0.53372454,0.51944009
2022-10-31,IBM,0.02250482,0.02306365,0.022188829
2022-10-31,INTC,0.068264379,0.068362105,0.067396622
2022-10-31,MSFT,11.848219,12.062662,11.893196
2022-10-31,NKE,0.0043374347,0.0044461957,0.0042836511
2022-10-31,VZ,2.7293433e-06,2.8103691e-06,2.7236101e-06
2022-10-31,WMT,8.6010328e-05,8.8694665e-05,8.5821156e-05
2022-11-01,AAPL,3.7660314,3.8481625,3.899811
2022-11-01,AMGN,1.6831412e-06,1.6855969e-06,1.6688297e-06
2022-11-01,CRM,0.20973386,0.21536086,0.2073018
2022-11-01,CSCO,0.53038421,0.53634175,0.52328101
2022-11-01,IBM,0.022552409,0.022826842,0.022571048
2022-11-01,INTC,0.067226705,0.068231418,0.067683425
2022-11-01,MSFT,11.778821,12.032481,11.757271
2022-11-01,NKE,0.0042342282,0.0043432077,0.0041601214
2022-11-01,VZ,2.6681071e-06,2.6950051e-06,2.660725e-06
2022-11-01,WMT,8.6640616e-05,8.7650813e-05,8.5895982e-05
2022-11-02,AAPL,3.8240424,3.8458845,3.7911898
2022-11-02,AMGN,1.6568695e-06,1.7031129e-06,1.6302168e-06
2022-11-02,CRM,0.20956793,0.21551558,0.20557022
2022-11-02,CSCO,0.52470144,0.5286443,0.51365858
2022-11-02,IBM,0.021716111,0.02141921,0.021697144
2022-11-02,INTC,0.066340129,0.067026922,0.06384582
2022-11-02,MSFT,12.122105,12.239486,11.998021
2022-11-02,NKE,0.0040447968,0.0041404994,0.0040388892
2022-11-02,VZ,2.6000691e-06,2.5603686e-06,2.5911053e-06
2022-11-02,WMT,8.6124918e-05,8.8040185e-05,8.6821824e-05
2022-11-03,AAPL,3.8599725,3.9133967,3.7961477
2022-11-03,AMGN,1.5919528e-06,1.6069847e-06,1.554826e-06
2022-11-03,CRM,0.20369061,0.20820372,0.19837227
2022-11-03,CSCO,0.51934842,0.52538525,0.51129341
2022-11-03,IBM,0.020928981,0.021103901,0.021088909
2022-11-03,INTC,0.064606015,0.064643715,0.063784424
2022-11-03,MSFT,11.796661,11.922673,11.498474
2022-11-03,NKE,0.0040245112,0.0040693428,0.0039646481
2022-11-03,VZ,2.5173112e-06,2.5837082e-06,2.5193629e-06
2022-11-03,WMT,8.3582991e-05,8.4743373e-05,8.3879984e-05
2022-11-04,AAPL,3.9938857,4.0652891,3.9439529
2022-11-04,AMGN,1.5828305e-06,1.6213968e-06,1.5663326e-06
2022-11-04,CRM,0.19733297,0.19666185,0.19427168
2022-11-04,CSCO,0.49755257,0.50992115,0.49534373
2022-11-04,IBM,0.020725157,0.020956403,0.020483661
2022-11-04,INTC,0.065290415,0.064648746,0.064569443
2022-11-04,MSFT,12.075991,12.372482,11.790584
2022-11-04,NKE,0.0041599445,0.0042358863,0.0041866743
2022-11-04,VZ,2.4317497e-06,2.4873353e-06,2.4256686e-06
2022-11-04,WMT,8.3029327e-05,8.3612895e-05,8.3122228e-05
2022-11-07,AAPL,3.8905313,3.9364407,3.8048591
2022-11-07,AMGN,1.5803446e-06,1.6236538e-06,1.5460506e-06
2022-11-07,CRM,0.19630202,0.1979839,0.19195589
2022-11-07,CSCO,0.49692354,0.48594889,0.49735473
2022-11-07,IBM,0.020723536,0.021197196,0.020512951
2022-11-07,INTC,0.064993087,0.064943067,0.064420409
2022-11-07,MSFT,12.067604,12.128792,11.98893
2022-11-07,NKE,0.0040687137,0.0041651408,0.0040476499
2022-11-07,VZ,2.3710818e-06,2.404426e-06,2.3717197e-06
2022-11-07,WMT,8.2833728e-05,8.3980113e-05,8.0994919e-05
2022-11-08,AAPL,3.8924889,4.0330436,3.8226823
2022-11-08,AMGN,1.53612e-06,1.5984121e-06,1.5200189e-06
2022-11-08,CRM,0.18801086,0.1911227,0.18711524
2022-11-08,CSCO,0.50775624,0.50886502,0.49515523
2022-11-08,IBM,0.02065637,0.021047574,0.02049191
2022-11-08,INTC,0.063582293,0.063101382,0.063514364
2022-11-08,MSFT,12.095839,12.174932,11.931226
2022-11-08,NKE,0.003971253,0.0039792664,0.0040336731
2022-11-08,VZ,2.3585606e-06,2.3779321e-06,2.329089e-06
2022-11-08,WMT,8.1761562e-05,8.3201945e-05,8.2626283e-05
2022-11-09,AAPL,3.8625906,3.9044875,3.7587281
2022-11-09,AMGN,1.4969481e-06,1.5398261e-06,1.5033325e-06
2022-11-09,CRM,0.18204947,0.18283853,0.18164379
2022-11-09,CSCO,0.50568895,0.50811479,0.5062292
2022-11-09,IBM,0.020506942,0.020626227,0.020315469
2022-11-09,INTC,0.063373773,0.06249666,0.06293961
2022-11-09,MSFT,12.239132,12.501156,11.923901
2022-11-09,NKE,0.0038573127,0.0038265063,0.0037863089
2022-11-09,VZ,2.2562621e-06,2.2854155e-06,2.2537748e-06
2022-11-09,WMT,8.0776805e-05,8.121624e-05,8.0390389e-05
2022-11-10,AAPL,3.8545124,3.9202301,3.7540765
2022-11-10,AMGN,1.4469565e-06,1.4892609e-06,1.3937595e-06
2022-11-10,CRM,0.1730175,0.17316928,0.17073536
2022-11-10,CSCO,0.51231633,0.51565091,0.50647727
2022-11-10,IBM,0.020384083,0.020211758,0.020274133
2022-11-10,INTC,0.063239233,0.064663731,0.060988195
2022-11-10,MSFT,11.880159,12.096877,11.628292
2022-11-10,NKE,0.0038087288,0.0038676663,0.0037921808
2022-11-10,VZ,2.17101e-06,2.1917858e-06,2.1621374e-06
2022-11-10,WMT,7.7927748e-05,7.9176778e-05,7.7550418e-05
2022-11-11,AAPL,3.8091172,3.7698125,3.7357727
2022-11-11,AMGN,1.3703691e-06,1.4216129e-06,1.3577438e-06
2022-11-11,CRM,0.17218248,0.17831927,0.16340131
2022-11-11,CSCO,0.52165961,0.52485693,0.51423023
2022-11-11,IBM,0.020658733,0.021116182,0.020492149
2022-11-11,INTC,0.06363025,0.063454786,0.061942463
2022-11-11,MSFT,12.068416,12.167781,12.05504
2022-11-11,NKE,0.0037771396,0.0038065594,0.0037334358
2022-11-11,VZ,2.0973752e-06,2.0597207e-06,2.0672746e-06
2022-11-11,WMT,7.6026423e-05,7.7723688e-05,7.5715805e-05
2022-11-14,AAPL,3.8010198,3.8846004,3.7555341
2022-11-14,AMGN,1.3274044e-06,1.3655944e-06,1.2981115e-06
2022-11-14,CRM,0.18038967,0.18413005,0.17623107
2022-11-14,CSCO,0.50898239,0.5006704,0.49704798
2022-11-14,IBM,0.020937585,0.020976427,0.020523887
2022-11-14,INTC,0.063803209,0.063429392,0.061734968
2022-11-14,MSFT,11.926466,12.257939,11.900524
2022-11-14,NKE,0.0036894808,0.0037117793,0.0036624451
2022-11-14,VZ,2.047305e-06,2.0508282e-06,2.0265424e-06
2022-11-14,WMT,7.5217758e-05,7.5917274e-05,7.4653348e-05
2022-11-15,AAPL,3.8750754,3.9248103,3.7846312
2022-11-15,AMGN,1.2753623e-06,1.3088646e-06,1.2309354e-06
2022-11-15,CRM,0.17371894,0.17264784,0.17053367
2022-11-15,CSCO,0.5165529,0.5075955,0.50708324
2022-11-15,IBM,0.020887429,0.021195175,0.020584172
2022-11-15,INTC,0.064689901,0.065436342,0.063021678
2022-11-15,MSFT,11.63492,11.694834,11.391332
2022-11-15,NKE,0.003638778,0.0036424664,0.0036812542
2022-11-15,VZ,2.0042709e-06,2.0157354e-06,2.0109451e-06
2022-11-15,WMT,7.3757354e-05,7.4507922e-05,7.3940433e-05
2022-11-16,AAPL,3.757436,3.8102858,3.7381205
2022-11-16,AMGN,1.2607082e-06,1.265873e-06,1.2581383e-06
2022-11-16,CRM,0.16252567,0.16256345,0.16067142
2022-11-16,CSCO,0.50709185,0.51463203,0.50035487
2022-11-16,IBM,0.020549972,0.020872048,0.020651835
2022-11-16,INTC,0.063347844,0.063399293,0.0621494
2022-11-16,MSFT,11.55064,11.651636,11.291552
2022-11-16,NKE,0.0036380489,0.0036684488,0.0036082378
2022-11-16,VZ,1.9687088e-06,1.9817007e-06,1.8961438e-06
2022-11-16,WMT,7.152198e-05,7.2868283e-05,7.0686927e-05
2022-11-17,AAPL,3.6742093,3.7576018,3.6941703
2022-11-17,AMGN,1.2121685e-06,1.2053885e-06,1.1860227e-06
2022-11-17,CRM,0.16215558,0.1641909,0.16306989
2022-11-17,CSCO,0.49568767,0.4977468,0.48016714
2022-11-17,IBM,0.020128395,0.020750201,0.020025612
2022-11-17,INTC,0.064111016,0.063785493,0.064278764
2022-11-17,MSFT,11.437215,11.511959,11.275365
2022-11-17,NKE,0.0035132222,0.0035887694,0.0035056983
2022-11-17,VZ,1.9248357e-06,1.9287578e-06,1.9246263e-06
2022-11-17,WMT,7.0527445e-05,7.1438821e-05,7.0410395e-05
2022-11-18,AAPL,3.5790123,3.6710184,3.5161019
2022-11-18,AMGN,1.1718638e-06,1.2121939e-06,1.1593461e-06
2022-11-18,CRM,0.15545113,0.15720551,0.14985213
2022-11-18,CSCO,0.49210139,0.4962938,0.48356051
2022-11-18,IBM,0.019712778,0.019894151,0.019856881
2022-11-18,INTC,0.061799897,0.062103246,0.06154589
2022-11-18,MSFT,11.076844,11.260166,10.986107
2022-11-18,NKE,0.003449666,0.0034558386,0.0033656256
2022-11-18,VZ,1.8632571e-06,1.9071237e-06,1.8803061e-06
2022-11-18,WMT,6.7857033e-05,6.8228132e-05,6.8254956e-05
2022-11-21,AAPL,3.5907454,3.6254692,3.5355813
2022-11-21,AMGN,1.1085761e-06,1.1562067e-06,1.1062796e-06
2022-11-21,CRM,0.14928454,0.14949884,0.14137614
2022-11-21,CSCO,0.49255777,0.49402494,0.48325939
2022-11-21,IBM,0.019238784,0.019655039,0.019020186
2022-11-21,INTC,0.059016457,0.059410604,0.058087367
2022-11-21,MSFT,10.859572,10.888187,10.646051
2022-11-21,NKE,0.0033017137,0.0033484752,0.003296463
2022-11-21,VZ,1.8034867e-06,1.7909011e-06,1.7893121e-06
2022-11-21,WMT,6.5826014e-05,6.6090209e-05,6.5949448e-05
2022-11-22,AAPL,3.617331,3.6646699,3.4731586
2022-11-22,AMGN,1.0753627e-06,1.0772674e-06,1.0683804e-06
2022-11-22,CRM,0.14296765,0.1472836,0.13809116
2022-11-22,CSCO,0.48087517,0.49119215,0.47913219
2022-11-22,IBM,0.019258024,0.019375155,0.019030897
2022-11-22,INTC,0.057222317,0.058482201,0.057087774
2022-11-22,MSFT,10.777482,10.903416,10.59617
2022-11-22,NKE,0.0033132683,0.0033859641,0.003290574
2022-11-22,VZ,1.7408724e-06,1.7659302e-06,1.7413975e-06
2022-11-22,WMT,6.5447994e-05,6.7113083e-05,6.5385601e-05
2022-11-23,AAPL,3.487092,3.5774069,3.5093383
2022-11-23,AMGN,1.0610882e-06,1.0937132e-06,1.0627133e-06
2022-11-23,CRM,0.14551197,0.14708838,0.14112558
2022-11-23,CSCO,0.47736128,0.49554983,0.4724701
2022-11-23,IBM,0.019323406,0.019551061,0.019186154
2022-11-23,INTC,0.057561825,0.058405407,0.057058816
2022-11-23,MSFT,10.790244,11.134061,10.684235
2022-11-23,NKE,0.0033534813,0.0033662599,0.0033286489
2022-11-23,VZ,1.7374358e-06,1.7431627e-06,1.7389261e-06
2022-11-23,WMT,6.378713e-05,6.3832564e-05,6.2633684e-05
2022-11-25,AAPL,3.5260516,3.5302618,3.5137042
2022-11-25,AMGN,1.0462628e-06,1.0747494e-06,1.0276642e-06
2022-11-25,CRM,0.1483709,0.14999832,0.14710118
2022-11-25,CSCO,0.46096817,0.46468868,0.46518725
2022-11-25,IBM,0.019061798,0.01952696,0.018784155
2022-11-25,INTC,0.057280789,0.058080764,0.057505758
2022-11-25,MSFT,10.443635,10.421717,10.273824
2022-11-25,NKE,0.0032733247,0.0033087633,0.0032838378
2022-11-25,VZ,1.6333876e-06,1.6712615e-06,1.6234738e-06
2022-11-25,WMT,6.1945952e-05,6.3031737e-05,6.1362404e-05
2022-11-28,AAPL,3.4501029,3.4412839,3.3474726
2022-11-28,AMGN,1.0546637e-06,1.0743631e-06,1.0643625e-06
2022-11-28,CRM,0.14767143,0.14767617,0.14544624
2022-11-28,CSCO,0.46422176,0.46220084,0.46184473
2022-11-28,IBM,0.01937816,0.019947917,0.019194011
2022-11-28,INTC,0.057474392,0.057776269,0.056081151
2022-11-28,MSFT,10.36882,10.534826,10.476834
2022-11-28,NKE,0.0032219986,0.0033076258,0.0031633735
2022-11-28,VZ,1.5992337e-06,1.6390351e-06,1.5727331e-06
2022-11-28,WMT,6.101041e-05,6.1405014e-05,6.0668913e-05
2022-11-29,AAPL,3.4170287,3.4122512,3.1912126
2022-11-29,AMGN,1.0112431e-06,1.0485682e-06,1.0036134e-06
2022-11-29,CRM,0.13503579,0.1392895,0.13284305
2022-11-29,CSCO,0.44645771,0.45154939,0.43070711
2022-11-29,IBM,0.019033078,0.018864147,0.018804793
2022-11-29,INTC,0.057247128,0.058561389,0.056379625
2022-11-29,MSFT,10.098592,10.312035,9.7617849
2022-11-29,NKE,0.0030265888,0.0030900787,0.0029482655
2022-11-29,VZ,1.543172e-06,1.5543927e-06,1.544562e-06
2022-11-29,WMT,6.0928015e-05,6.1473255e-05,5.9271017e-05
2022-11-30,AAPL,3.4020456,3.4741501,3.3217119
2022-11-30,AMGN,9.7802947e-07,1.0115452e-06,9.597026e-07
2022-11-30,CRM,0.13355178,0.13865679,0.12936165
2022-11-30,CSCO,0.44047492,0.45808409,0.43502759
2022-11-30,IBM,0.018763981,0.019150487,0.01869581
2022-11-30,INTC,0.057145917,0.0576886,0.055927229
2022-11-30,MSFT,9.8686569,10.280019,9.630774
2022-11-30,NKE,0.0030488377,0.0031325129,0.0030625899
2022-11-30,VZ,1.497589e-06,1.5073894e-06,1.5096345e-06
2022-11-30,WMT,5.9289502e-05,6.0696338e-05,5.9098168e-05
2022-12-01,AAPL,3.1788039,3.2287345,3.1024004
2022-12-01,AMGN,9.6749472e-07,9.9310034e-07,9.4569866e-07
2022-12-01,CRM,0.13371376,0.13272552,0.13191181
2022-12-01,CSCO,0.43828236,0.44686524,0.43864025
2022-12-01,IBM,0.018494597,0.018548902,0.018470371
2022-12-01,INTC,0.056787406,0.058342813,0.056764041
2022-12-01,MSFT,9.8604426,9.8945085,9.8885313
2022-12-01,NKE,0.0030423923,0.0030500811,0.0030244645
2022-12-01,VZ,1.4724291e-06,1.4533215e-06,1.463182e-06
2022-12-01,WMT,5.9282379e-05,5.8864379e-05,5.8691199e-05
2022-12-02,AAPL,3.1617099,3.1943265,3.1760195
2022-12-02,AMGN,9.4089555e-07,9.5608092e-07,9.2848051e-07
2022-12-02,CRM,0.13626491,0.13628739,0.13590849
2022-12-02,CSCO,0.43080736,0.4325827,0.42111459
2022-12-02,IBM,0.018355501,0.018483416,0.018379308
2022-12-02,INTC,0.056564265,0.058339734,0.056078929
2022-12-02,MSFT,9.8703074,9.9555638,9.8651214
2022-12-02,NKE,0.0028566243,0.0029584998,0.0028601169
2022-12-02,VZ,1.4419489e-06,1.4646554e-06,1.4508294e-06
2022-12-02,WMT,5.8489107e-05,5.8591253e-05,5.8997447e-05
2022-12-05,AAPL,3.2593623,3.3653087,3.2587249
2022-12-05,AMGN,9.0110263e-07,8.979011e-07,9.0762903e-07
2022-12-05,CRM,0.13508249,0.14042636,0.13079313
2022-12-05,CSCO,0.42568538,0.42861645,0.41718414
2022-12-05,IBM,0.018163899,0.018603908,0.018023032
2022-12-05,INTC,0.056084317,0.056877229,0.056126263
2022-12-05,MSFT,9.9350707,10.091878,9.8152213
2022-12-05,NKE,0.0029390374,0.002996218,0.0028866626
2022-12-05,VZ,1.3972384e-06,1.4200073e-06,1.3991953e-06
2022-12-05,WMT,5.721027e-05,5.8149322e-05,5.6770902e-05
2022-12-06,AAPL,3.2549414,3.253522,3.2639197
2022-12-06,AMGN,8.7344364e-07,8.8341317e-07,8.5170945e-07
2022-12-06,CRM,0.133685,0.13647926,0.12785983
2022-12-06,CSCO,0.421923,0.42780762,0.4220062
2022-12-06,IBM,0.018174813,0.018244636,0.017761429
2022-12-06,INTC,0.055393821,0.05594754,0.053575578
2022-12-06,MSFT,9.746364,9.8862621,9.6944128
2022-12-06,NKE,0.0027811413,0.0028158113,0.002743261
2022-12-06,VZ,1.3834805e-06,1.3833209e-06,1.3934555e-06
2022-12-06,WMT,5.6790986e-05,5.7900463e-05,5.6509425e-05
2022-12-07,AAPL,3.1038119,3.1687119,3.1241898
2022-12-07,AMGN,8.354192e-07,8.3973911e-07,8.2616991e-07
2022-12-07,CRM,0.13226753,0.13800457,0.13006615
2022-12-07,CSCO,0.4056205,0.40496797,0.39922973
2022-12-07,IBM,0.018158356,0.018453626,0.01814021
2022-12-07,INTC,0.055878403,0.055825336,0.054505142
2022-12-07,MSFT,9.6900983,9.7684833,9.5750674
2022-12-07,NKE,0.0028280218,0.002826474,0.0028438171
2022-12-07,VZ,1.3290268e-06,1.3621202e-06,1.3223713e-06
2022-12-07,WMT,5.5991259e-05,5.6472123e-05,5.532588e-05
2022-12-08,AAPL,3.1160522,3.1270122,3.0511572
2022-12-08,AMGN,8.3415024e-07,8.5313324e-07,8.1819946e-07
2022-12-08,CRM,0.12711756,0.13040388,0.12468941
2022-12-08,CSCO,0.40149094,0.4022483,0.39768029
2022-12-08,IBM,0.017913205,0.01838045,0.017903218
2022-12-08,INTC,0.054204237,0.054052899,0.05349429
2022-12-08,MSFT,9.5484001,9.5783989,9.3769278
2022-12-08,NKE,0.0028302314,0.0028766481,0.0027555044
2022-12-08,VZ,1.2724063e-06,1.2822898e-06,1.2862742e-06
2022-12-08,WMT,5.6227025e-05,5.6937963e-05,5.4989366e-05
2022-12-09,AAPL,3.2207646,3.2641941,3.1618693
2022-12-09,AMGN,8.209486e-07,8.3565414e-07,8.1919222e-07
2022-12-09,CRM,0.12045875,0.12082113,0.1227834
2022-12-09,CSCO,0.39395098,0.39437731,0.39238961
2022-12-09,IBM,0.018065773,0.01860399,0.017912777
2022-12-09,INTC,0.055212491,0.056767392,0.055702548
2022-12-09,MSFT,9.3783469,9.5521624,9.4233626
2022-12-09,NKE,0.0027724818,0.0027744982,0.0027837642
2022-12-09,VZ,1.2668584e-06,1.2837114e-06,1.265021e-06
2022-12-09,WMT,5.4820288e-05,5.5071667e-05,5.3961502e-05
2022-12-12,AAPL,3.261885,3.2875618,3.2152529
2022-12-12,AMGN,7.9823984e-07,8.1170578e-07,7.8043286e-07
2022-12-12,CRM,0.11855089,0.12200447,0.11519362
2022-12-12,CSCO,0.38583495,0.38445482,0.38409081
2022-12-12,IBM,0.01795432,0.018187291,0.018031099
2022-12-12,INTC,0.054554943,0.055094639,0.053584101
2022-12-12,MSFT,9.4898409,9.5124246,9.4610855
2022-12-12,NKE,0.0026914262,0.0027288865,0.0027205863
2022-12-12,VZ,1.2478362e-06,1.2661216e-06,1.2495143e-06
2022-12-12,WMT,5.4407831e-05,5.555174e-05,5.3934249e-05
2022-12-13,AAPL,3.3710467,3.4350075,3.3091142
2022-12-13,AMGN,7.8132368e-07,7.8726421e-07,7.7597235e-07
2022-12-13,CRM,0.11444764,0.11725962,0.11227446
2022-12-13,CSCO,0.38331935,0.38945421,0.38006804
2022-12-13,IBM,0.017587133,0.017598492,0.017643769
2022-12-13,INTC,0.052444041,0.052041024,0.051520288
2022-12-13,MSFT,9.7920707,9.9663588,9.5889292
2022-12-13,NKE,0.0026493028,0.0027378961,0.002614191
2022-12-13,VZ,1.2241654e-06,1.2065809e-06,1.217872e-06
2022-12-13,WMT,5.4022074e-05,5.477239e-05,5.3866494e-05
2022-12-14,AAPL,3.4421732,3.3942027,3.3388496
2022-12-14,AMGN,7.6213048e-07,7.8744032e-07,7.4776712e-07
2022-12-14,CRM,0.1109163,0.11547085,0.10753496
2022-12-14,CSCO,0.38063404,0.37929276,0.37909889
2022-12-14,IBM,0.017891232,0.018059051,0.017927863
2022-12-14,INTC,0.051919448,0.051453928,0.051854882
2022-12-14,MSFT,9.5705809,9.6080881,9.4239009
2022-12-14,NKE,0.0025602072,0.0025895443,0.0025317017
2022-12-14,VZ,1.2115546e-06,1.2485123e-06,1.2096776e-06
2022-12-14,WMT,5.2496439e-05,5.3601582e-05,5.227322e-05
2022-12-15,AAPL,3.3684186,3.4120612,3.3732464
2022-12-15,AMGN,7.3688379e-07,7.6033806e-07,7.2626778e-07
2022-12-15,CRM,0.11409227,0.11520664,0.11626802
2022-12-15,CSCO,0.37858897,0.38476758,0.37437754
2022-12-15,IBM,0.018030214,0.01850019,0.017630525
2022-12-15,INTC,0.052410589,0.052854216,0.051521151
2022-12-15,MSFT,9.9531554,10.132494,9.8811059
2022-12-15,NKE,0.0025266495,0.0025491094,0.0025405321
2022-12-15,VZ,1.1882592e-06,1.2012434e-06,1.1790313e-06
2022-12-15,WMT,5.0944027e-05,5.1791435e-05,5.1060276e-05
2022-12-16,AAPL,3.4515904,3.5222622,3.4523878
2022-12-16,AMGN,7.3401377e-07,7.5664413e-07,7.1619637e-07
2022-12-16,CRM,0.10857997,0.11058687,0.1049884
2022-12-16,CSCO,0.38745015,0.38985769,0.38013447
2022-12-16,IBM,0.017793493,0.017939621,0.017636562
2022-12-16,INTC,0.053119873,0.053231031,0.051627979
2022-12-16,MSFT,9.7619332,9.8359802,9.5917384
2022-12-16,NKE,0.0025107888,0.0025164643,0.0025121663
2022-12-16,VZ,1.1656053e-06,1.1853487e-06,1.1739684e-06
2022-12-16,WMT,4.9680735e-05,5.0747183e-05,4.9829618e-05
2022-12-19,AAPL,3.422538,3.4546446,3.3117369
2022-12-19,AMGN,7.2303648e-07,7.4676317e-07,7.1483844e-07
2022-12-19,CRM,0.10694646,0.10904143,0.10541297
2022-12-19,CSCO,0.3951639,0.3968575,0.38466095
2022-12-19,IBM,0.017543277,0.017934709,0.017199313
2022-12-19,INTC,0.052165747,0.052944793,0.050852848
2022-12-19,MSFT,9.6876405,9.8109526,9.6156692
2022-12-19,NKE,0.0024839763,0.0025860165,0.0024229766
2022-12-19,VZ,1.15515e-06,1.1806073e-06,1.1561146e-06
2022-12-19,WMT,4.926963e-05,4.982163e-05,4.8700677e-05
2022-12-20,AAPL,3.4417881,3.4447065,3.3269189
2022-12-20,AMGN,7.140638e-07,7.3144822e-07,7.0150249e-07
2022-12-20,CRM,0.10189523,0.10337788,0.099928448
2022-12-20,CSCO,0.38491006,0.3811336,0.38296232
2022-12-20,IBM,0.017287344,0.017639121,0.017306514
2022-12-20,INTC,0.04931708,0.049544017,0.04873008
2022-12-20,MSFT,9.6133466,9.6687821,9.5270568
2022-12-20,NKE,0.0024535318,0.0024611051,0.0024026469
2022-12-20,VZ,1.1296011e-06,1.1525014e-06,1.1118008e-06
2022-12-20,WMT,4.8554932e-05,4.879131e-05,4.7456994e-05
2022-12-21,AAPL,3.3630886,3.3425014,3.3426208
2022-12-21,AMGN,7.1098012e-07,7.3332402e-07,7.0462337e-07
2022-12-21,CRM,0.1025526,0.10447245,0.10113142
2022-12-21,CSCO,0.37829249,0.3792873,0.37697397
2022-12-21,IBM,0.017474348,0.017793955,0.017553756
2022-12-21,INTC,0.048212246,0.048936952,0.047966234
2022-12-21,MSFT,9.4672591,9.6844012,9.3745503
2022-12-21,NKE,0.0023955693,0.0024158471,0.0024195144
2022-12-21,VZ,1.0778379e-06,1.0939645e-06,1.0820842e-06
2022-12-21,WMT,4.7195167e-05,4.6739498e-05,4.6710737e-05
2022-12-22,AAPL,3.4130495,3.4085489,3.3902971
2022-12-22,AMGN,7.0427898e-07,7.2202782e-07,6.8300207e-07
2022-12-22,CRM,0.10339547,0.10610678,0.099018652
2022-12-22,CSCO,0.37155611,0.37903089,0.36661653
2022-12-22,IBM,0.017100659,0.017428208,0.017083317
2022-12-22,INTC,0.049222377,0.049185058,0.048869156
2022-12-22,MSFT,9.5602819,9.6722435,9.3915787
2022-12-22,NKE,0.0023063752,0.0023154183,0.0023205382
2022-12-22,VZ,1.0655652e-06,1.0894161e-06,1.055692e-06
2022-12-22,WMT,4.6056672e-05,4.6817375e-05,4.6483659e-05
2022-12-23,AAPL,3.384724,3.4424372,3.3399827
2022-12-23,AMGN,6.9660645e-07,7.3087438e-07,6.8127391e-07
2022-12-23,CRM,0.10141763,0.10119797,0.098784514
2022-12-23,CSCO,0.38227254,0.38046088,0.37630575
2022-12-23,IBM,0.017116094,0.01733923,0.017000769
2022-12-23,INTC,0.047897977,0.047600738,0.047100478
2022-12-23,MSFT,9.5502093,9.6672797,9.4392571
2022-12-23,NKE,0.0022268681,0.0022612669,0.0022699969
2022-12-23,VZ,1.0494834e-06,1.0689913e-06,1.0497137e-06
2022-12-23,WMT,4.5401045e-05,4.6091293e-05,4.5443136e-05
2022-12-27,AAPL,3.4305757,3.4713294,3.4043548
2022-12-27,AMGN,6.6000187e-07,6.9058525e-07,6.5945753e-07
2022-12-27,CRM,0.10042524,0.10311909,0.09937775
2022-12-27,CSCO,0.37190463,0.37156742,0.36331775
2022-12-27,IBM,0.017338196,0.017606573,0.017242334
2022-12-27,INTC,0.046927709,0.047460485,0.045748937
2022-12-27,MSFT,9.6466651,9.6809067,9.4116126
2022-12-27,NKE,0.0022079775,0.0022530378,0.0022559928
2022-12-27,VZ,1.0369105e-06,1.0531765e-06,1.019996e-06
2022-12-27,WMT,4.5221629e-05,4.6267128e-05,4.4508405e-05
2022-12-28,AAPL,3.5930886,3.5910044,3.5058994
2022-12-28,AMGN,6.5526296e-07,6.7115623e-07,6.4882958e-07
2022-12-28,CRM,0.10056655,0.1017448,0.099632316
2022-12-28,CSCO,0.36788286,0.37324901,0.36861949
2022-12-28,IBM,0.017511668,0.017309965,0.017451979
2022-12-28,INTC,0.046408153,0.046642434,0.045966497
2022-12-28,MSFT,9.5183747,9.7387293,9.4539034
2022-12-28,NKE,0.0022082365,0.002215314,0.0022611837
2022-12-28,VZ,1.0349327e-06,1.0386377e-06,1.0485829e-06
2022-12-28,WMT,4.4073376e-05,4.4753411e-05,4.4235439e-05
2022-12-29,AAPL,3.6278954,3.6265164,3.4699919
2022-12-29,AMGN,6.1588091e-07,6.3914863e-07,6.0872013e-07
2022-12-29,CRM,0.095513479,0.098470402,0.091532018
2022-12-29,CSCO,0.34813197,0.35008549,0.33811241
2022-12-29,IBM,0.017496776,0.017499004,0.017236344
2022-12-29,INTC,0.046015283,0.046649472,0.045882329
2022-12-29,MSFT,9.3789055,9.3454059,9.0789197
2022-12-29,NKE,0.0021910855,0.0022066177,0.0021667478
2022-12-29,VZ,1.0067156e-06,1.0106815e-06,9.9132305e-07
2022-12-29,WMT,4.2794972e-05,4.347552e-05,4.1416347e-05
2022-12-30,AAPL,3.6583754,3.764936,3.57753
2022-12-30,AMGN,6.0049514e-07,6.204583e-07,5.909682e-07
2022-12-30,CRM,0.092225017,0.095637853,0.091247692
2022-12-30,CSCO,0.34519639,0.35571453,0.34184321
2022-12-30,IBM,0.016545879,0.01676583,0.016364039
2022-12-30,INTC,0.044381772,0.04488829,0.042968523
2022-12-30,MSFT,9.0817991,9.3499505,8.8742472
2022-12-30,NKE,0.0021279182,0.0021753099,0.0020847812
2022-12-30,VZ,9.7642923e-07,9.9220322e-07,9.783284e-07
2022-12-30,WMT,4.2100934e-05,4.3754049e-05,4.1954545e-05
2023-01-03,AAPL,3.6770458,3.747019,3.6786282
2023-01-03,AMGN,5.8359942e-07,5.8470413e-07,5.7651725e-07
2023-01-03,CRM,0.091677644,0.092803564,0.092249287
2023-01-03,CSCO,0.34962838,0.35510295,0.34833458
2023-01-03,IBM,0.016437188,0.016647109,0.0161284
2023-01-03,INTC,0.044865061,0.044844417,0.044981773
2023-01-03,MSFT,9.1398791,9.1147647,9.1296922
2023-01-03,NKE,0.0021120592,0.0021640043,0.0021357287
2023-01-03,VZ,9.5465659e-07,9.6711755e-07,9.4591252e-07
2023-01-03,WMT,4.2246733e-05,4.2278814e-05,4.2363291e-05
2023-01-04,AAPL,3.5742506,3.589388,3.5475174
2023-01-04,AMGN,5.576142e-07,5.610095e-07,5.4631443e-07
2023-01-04,CRM,0.091628304,0.093165304,0.08844858
2023-01-04,CSCO,0.33958137,0.34858837,0.33850137
2023-01-04,IBM,0.016215241,0.01644468,0.016026325
2023-01-04,INTC,0.043821205,0.043811775,0.044044897
2023-01-04,MSFT,8.9823623,8.9498556,8.8909401
2023-01-04,NKE,0.0020771546,0.0021540988,0.0020678908
2023-01-04,VZ,9.441699e-07,9.6255602e-07,9.3406837e-07
2023-01-04,WMT,4.1797807e-05,4.2269637e-05,4.1772106e-05
2023-01-05,AAPL,3.624346,3.6829971,3.6052742
2023-01-05,AMGN,5.4374317e-07,5.5761584e-07,5.3422712e-07
2023-01-05,CRM,0.08833705,0.088757421,0.08522747
2023-01-05,CSCO,0.33230741,0.32840342,0.32882366
2023-01-05,IBM,0.015979081,0.016206915,0.015751046
2023-01-05,INTC,0.042631416,0.043087825,0.041473966
2023-01-05,MSFT,8.7483294,8.8230613,8.699339
2023-01-05,NKE,0.0019658509,0.0019890564,0.0019455296
2023-01-05,VZ,9.0620511e-07,9.1440076e-07,9.121164e-07
2023-01-05,WMT,4.1122409e-05,4.2012149e-05,4.108014e-05
2023-01-06,AAPL,3.4574253,3.4876558,3.3249553
2023-01-06,AMGN,5.1698819e-07,5.3357758e-07,5.126701e-07
2023-01-06,CRM,0.084665548,0.084883343,0.081789368
2023-01-06,CSCO,0.33247763,0.33816937,0.33163914
2023-01-06,IBM,0.015745396,0.015975765,0.015625435
2023-01-06,INTC,0.042564001,0.042726923,0.041466997
2023-01-06,MSFT,8.9186381,9.0440928,8.7764366
2023-01-06,NKE,0.0019111042,0.0019107803,0.0018673601
2023-01-06,VZ,8.7499997e-07,8.6879942e-07,8.7531988e-07
2023-01-06,WMT,4.0043859e-05,4.0355938e-05,3.9666043e-05
2023-01-09,AAPL,3.5076463,3.5087987,3.5660983
2023-01-09,AMGN,5.0213356e-07,5.2308953e-07,4.96133e-07
2023-01-09,CRM,0.083466278,0.083683177,0.082020241
2023-01-09,CSCO,0.33304617,0.3386873,0.32300356
2023-01-09,IBM,0.015510928,0.015828321,0.015315058
2023-01-09,INTC,0.042604711,0.042669894,0.042002151
2023-01-09,MSFT,8.7864814,8.9092371,8.4866839
2023-01-09,NKE,0.0019030999,0.0019155227,0.001894917
2023-01-09,VZ,8.7328603e-07,8.8414677e-07,8.8558069e-07
2023-01-09,WMT,3.9097261e-05,3.9677875e-05,3.9065735e-05
2023-01-10,AAPL,3.4382582,3.4338734,3.3366525
2023-01-10,AMGN,4.9251354e-07,5.1220244e-07,4.8397124e-07
2023-01-10,CRM,0.08167279,0.083913722,0.07949285
2023-01-10,CSCO,0.3327682,0.33572886,0.32416215
2023-01-10,IBM,0.015304351,0.015413391,0.015117663
2023-01-10,INTC,0.042006979,0.042315098,0.041800735
2023-01-10,MSFT,8.5946727,8.6078784,8.3593512
2023-01-10,NKE,0.0018558419,0.0018343163,0.0018953403
2023-01-10,VZ,8.3731509e-07,8.4784066e-07,8.142858e-07
2023-01-10,WMT,3.7950566e-05,3.8198851e-05,3.8040391e-05
2023-01-11,AAPL,3.4056931,3.4906401,3.4113567
2023-01-11,AMGN,4.8291834e-07,4.8951602e-07,4.684416e-07
2023-01-11,CRM,0.079624301,0.080929265,0.077901663
2023-01-11,CSCO,0.32742686,0.3269848,0.32266267
2023-01-11,IBM,0.015245222,0.015152503,0.015054895
2023-01-11,INTC,0.041526192,0.041745055,0.041020035
2023-01-11,MSFT,8.2183035,8.2675989,8.0379616
2023-01-11,NKE,0.0018376034,0.0018429272,0.0018259153
2023-01-11,VZ,8.0728949e-07,8.2424297e-07,8.1211632e-07
2023-01-11,WMT,3.7241033e-05,3.768704e-05,3.7340299e-05
2023-01-12,AAPL,3.3976536,3.4228167,3.3937862
2023-01-12,AMGN,4.7657176e-07,4.9688862e-07,4.6141827e-07
2023-01-12,CRM,0.080283698,0.081618878,0.078778737
2023-01-12,CSCO,0.33615477,0.33864666,0.32801048
2023-01-12,IBM,0.015289381,0.01550559,0.014929997
2023-01-12,INTC,0.041841991,0.042012619,0.04162522
2023-01-12,MSFT,8.2172467,8.2466769,8.2760445
2023-01-12,NKE,0.0017772234,0.001794362,0.0017340281
2023-01-12,VZ,7.851727e-07,7.965244e-07,7.929429e-07
2023-01-12,WMT,3.6398541e-05,3.6349228e-05,3.6444991e-05
2023-01-13,AAPL,3.3595505,3.4505526,3.2377835
2023-01-13,AMGN,4.6384257e-07,4.7113816e-07,4.6054819e-07
2023-01-13,CRM,0.077200538,0.07801957,0.076163243
2023-01-13,CSCO,0.33328382,0.33161559,0.33327415
2023-01-13,IBM,0.015125645,0.015396902,0.01519385
2023-01-13,INTC,0.041766839,0.042217597,0.040668637
2023-01-13,MSFT,8.2212128,8.2663419,8.086637
2023-01-13,NKE,0.0017374387,0.0017399448,0.0017168758
2023-01-13,VZ,7.5818747e-07,7.5799721e-07,7.5376006e-07
2023-01-13,WMT,3.6128066e-05,3.7097755e-05,3.5889624e-05
2023-01-17,AAPL,3.4584801,3.519347,3.396538
2023-01-17,AMGN,4.4402309e-07,4.5482486e-07,4.3832775e-07
2023-01-17,CRM,0.080226067,0.083207309,0.077525237
2023-01-17,CSCO,0.3416902,0.3436406,0.34402076
2023-01-17,IBM,0.01491448,0.015201215,0.01496595
2023-01-17,INTC,0.04207279,0.041844496,0.041872209
2023-01-17,MSFT,8.1936042,8.1842122,8.1675879
2023-01-17,NKE,0.0017103016,0.0017187004,0.0016862484
2023-01-17,VZ,7.2999327e-07,7.3816412e-07,7.3409018e-07
2023-01-17,WMT,3.5282577e-05,3.5778079e-05,3.5712465e-05
2023-01-18,AAPL,3.4909859,3.5581534,3.5074916
2023-01-18,AMGN,4.2602438e-07,4.3485166e-07,4.2681217e-07
2023-01-18,CRM,0.081545764,0.083885184,0.079553525
2023-01-18,CSCO,0.33633773,0.33858736,0.32992038
2023-01-18,IBM,0.014925677,0.015131223,0.014956089
2023-01-18,INTC,0.039994326,0.039760399,0.039656261
2023-01-18,MSFT,8.0425931,8.1606423,7.7805375
2023-01-18,NKE,0.0016861785,0.0017001421,0.0016627318
2023-01-18,VZ,7.1414467e-07,7.1850823e-07,7.1732225e-07
2023-01-18,WMT,3.4857762e-05,3.5393838e-05,3.4949184e-05
2023-01-19,AAPL,3.5126137,3.5206446,3.3987606
2023-01-19,AMGN,4.1693576e-07,4.21977e-07,4.1439159e-07
2023-01-19,CRM,0.078422249,0.079583007,0.07613092
2023-01-19,CSCO,0.33333388,0.33330455,0.32934721
2023-01-19,IBM,0.014319116,0.014453745,0.014306933
2023-01-19,INTC,0.038973618,0.03954439,0.039458393
2023-01-19,MSFT,8.0534436,8.2664787,8.023483
2023-01-19,NKE,0.0016544846,0.0016584773,0.001644624
2023-01-19,VZ,6.919655e-07,7.1289941e-07,6.8667002e-07
2023-01-19,WMT,3.409997e-05,3.4820818e-05,3.4053494e-05
2023-01-20,AAPL,3.5709507,3.5945272,3.4615713
2023-01-20,AMGN,4.1168001e-07,4.1696286e-07,4.1307299e-07
2023-01-20,CRM,0.07952322,0.079569767,0.079684275
2023-01-20,CSCO,0.33398061,0.33322291,0.33309248
2023-01-20,IBM,0.014285602,0.014555952,0.014274075
2023-01-20,INTC,0.039332445,0.039523753,0.039154025
2023-01-20,MSFT,8.1287326,8.1593982,7.9699727
2023-01-20,NKE,0.001594672,0.001615752,0.0016073967
2023-01-20,VZ,6.8154172e-07,6.9288709e-07,6.7396381e-07
2023-01-20,WMT,3.3791069e-05,3.3987392e-05,3.365355e-05
2023-01-23,AAPL,3.4943244,3.5447864,3.4347894
2023-01-23,AMGN,3.9757282e-07,4.0639144e-07,3.9491153e-07
2023-01-23,CRM,0.076743139,0.077224094,0.077815599
2023-01-23,CSCO,0.32941365,0.32857704,0.32508232
2023-01-23,IBM,0.013853373,0.014028415,0.013763411
2023-01-23,INTC,0.037365711,0.036908476,0.036950006
2023-01-23,MSFT,8.172097,8.4216873,8.134201
2023-01-23,NKE,0.0015803618,0.0016225161,0.0016035554
2023-01-23,VZ,6.5891318e-07,6.7053727e-07,6.5236301e-07
2023-01-23,WMT,3.3365075e-05,3.3625357e-05,3.3301704e-05
2023-01-24,AAPL,3.4510805,3.4893568,3.3879741
2023-01-24,AMGN,3.8309028e-07,3.9013488e-07,3.828497e-07
2023-01-24,CRM,0.077834419,0.078361888,0.076345131
2023-01-24,CSCO,0.31670037,0.32096449,0.31294377
2023-01-24,IBM,0.013755871,0.014091722,0.013691049
2023-01-24,INTC,0.037554877,0.037716542,0.037136084
2023-01-24,MSFT,8.109089,8.2272684,7.9637088
2023-01-24,NKE,0.0015460898,0.0015705344,0.0015627787
2023-01-24,VZ,6.3125308e-07,6.3458325e-07,6.3348202e-07
2023-01-24,WMT,3.236748e-05,3.2609181e-05,3.1965432e-05
2023-01-25,AAPL,3.4330331,3.3818716,3.450644
2023-01-25,AMGN,3.7316326e-07,3.8215296e-07,3.7090527e-07
2023-01-25,CRM,0.077495926,0.078719133,0.076678929
2023-01-25,CSCO,0.32063928,0.31708051,0.31856184
2023-01-25,IBM,0.013458351,0.013787112,0.013446259
2023-01-25,INTC,0.03853942,0.039232459,0.037413914
2023-01-25,MSFT,8.194455,8.2761738,8.2185657
2023-01-25,NKE,0.0015192861,0.0015743819,0.0015585764
2023-01-25,VZ,6.158238e-07,6.2615609e-07,6.1631331e-07
2023-01-25,WMT,3.1757668e-05,3.2061244e-05,3.1480478e-05
2023-01-26,AAPL,3.4268468,3.3907125,3.4584235
2023-01-26,AMGN,3.5782457e-07,3.5786676e-07,3.4999901e-07
2023-01-26,CRM,0.077534038,0.079355854,0.07840529
2023-01-26,CSCO,0.3241263,0.32469916,0.32436895
2023-01-26,IBM,0.01334323,0.0135267,0.01318232
2023-01-26,INTC,0.037945704,0.038246076,0.037897345
2023-01-26,MSFT,7.9695649,8.1698365,7.8156156
2023-01-26,NKE,0.0014638947,0.0014898674,0.0014666544
2023-01-26,VZ,6.1594834e-07,6.3318572e-07,6.1254729e-07
2023-01-26,WMT,3.1392319e-05,3.1993292e-05,3.0910648e-05
2023-01-27,AAPL,3.3749382,3.4600623,3.3857495
2023-01-27,AMGN,3.637563e-07,3.7053413e-07,3.6317001e-07
2023-01-27,CRM,0.076303054,0.077978052,0.07472869
2023-01-27,CSCO,0.32004324,0.31715399,0.31889549
2023-01-27,IBM,0.013041945,0.013354444,0.01296763
2023-01-27,INTC,0.036022336,0.036525877,0.03554875
2023-01-27,MSFT,7.772891,7.9281633,7.749101
2023-01-27,NKE,0.001447134,0.0014462956,0.0014236822
2023-01-27,VZ,5.8519047e-07,5.9038565e-07,5.849415e-07
2023-01-27,WMT,3.0418039e-05,3.0934462e-05,3.0483537e-05
2023-01-30,AAPL,3.3877755,3.4182027,3.2634932
2023-01-30,AMGN,3.6366823e-07,3.7735656e-07,3.6008851e-07
2023-01-30,CRM,0.072340175,0.072205547,0.070768856
2023-01-30,CSCO,0.32122982,0.31899402,0.31517325
2023-01-30,IBM,0.012754415,0.012757162,0.012821153
2023-01-30,INTC,0.036065422,0.036587253,0.036452908
2023-01-30,MSFT,7.7240395,7.9600853,7.6037035
2023-01-30,NKE,0.0014620155,0.0014822801,0.0014839708
2023-01-30,VZ,5.6841201e-07,5.7686378e-07,5.6611064e-07
2023-01-30,WMT,3.0072689e-05,3.0183618e-05,3.0016678e-05
2023-01-31,AAPL,3.3202782,3.413282,3.1458976
2023-01-31,AMGN,3.3933054e-07,3.5526991e-07,3.3540718e-07
2023-01-31,CRM,0.071360157,0.072196239,0.068365026
2023-01-31,CSCO,0.31340054,0.32026411,0.30583828
2023-01-31,IBM,0.012423483,0.01263182,0.012243737
2023-01-31,INTC,0.035210221,0.035365469,0.034825205
2023-01-31,MSFT,7.558099,7.5201053,7.3607201
2023-01-31,NKE,0.001431927,0.0014664849,0.0014161386
2023-01-31,VZ,5.5513678e-07,5.5771988e-07,5.5739085e-07
2023-01-31,WMT,2.9504478e-05,2.9893435e-05,2.886047e-05
2023-02-01,AAPL,3.2599198,3.3164929,3.2145856
2023-02-01,AMGN,3.2970194e-07,3.4404478e-07,3.2986022e-07
2023-02-01,CRM,0.065431602,0.068795852,0.065224924
2023-02-01,CSCO,0.30052453,0.31272799,0.29299759
2023-02-01,IBM,0.011836879,0.011893102,0.011846585
2023-02-01,INTC,0.03430186,0.034583366,0.033967574
2023-02-01,MSFT,7.4217274,7.5649861,7.4109416
2023-02-01,NKE,0.0014214627,0.0014670223,0.0014105303
2023-02-01,VZ,5.2638245e-07,5.4742142e-07,5.2002701e-07
2023-02-01,WMT,2.8827028e-05,2.9468067e-05,2.8993287e-05
2023-02-02,AAPL,3.1397824,3.1570974,3.1135309
2023-02-02,AMGN,3.2359143e-07,3.2877712e-07,3.210104e-07
2023-02-02,CRM,0.068261326,0.068340625,0.068708101
2023-02-02,CSCO,0.29717701,0.29382493,0.29401054
2023-02-02,IBM,0.011960613,0.011936393,0.011896038
2023-02-02,INTC,0.03299858,0.033568988,0.033081488
2023-02-02,MSFT,7.6735297,7.7013795,7.6745872
2023-02-02,NKE,0.0014096075,0.0014328183,0.0014113864
2023-02-02,VZ,5.152265e-07,5.1981825e-07,5.1465822e-07
2023-02-02,WMT,2.928931e-05,2.942589e-05,2.9779892e-05
2023-02-03,AAPL,3.1116203,3.1312419,3.0852118
2023-02-03,AMGN,3.1334561e-07,3.2212134e-07,3.1332915e-07
2023-02-03,CRM,0.067200849,0.069635998,0.06616582
2023-02-03,CSCO,0.30680728,0.31130094,0.30080714
2023-02-03,IBM,0.011500939,0.011820363,0.011520657
2023-02-03,INTC,0.030901024,0.031285966,0.030649797
2023-02-03,MSFT,7.7627702,7.7463208,7.5329684
2023-02-03,NKE,0.0013906801,0.0014488462,0.0013381161
2023-02-03,VZ,5.076907e-07,5.0520563e-07,5.1029131e-07
2023-02-03,WMT,2.8837066e-05,2.9002592e-05,2.8747374e-05
2023-02-06,AAPL,3.1001557,3.1561474,3.0177582
2023-02-06,AMGN,3.0278645e-07,3.1298464e-07,3.0358444e-07
2023-02-06,CRM,0.06706509,0.066150635,0.065270385
2023-02-06,CSCO,0.31219801,0.31039634,0.30722321
2023-02-06,IBM,0.011631039,0.011848607,0.011585068
2023-02-06,INTC,0.030339753,0.030702964,0.030354997
2023-02-06,MSFT,7.6731627,7.6885472,7.3643041
2023-02-06,NKE,0.0013482637,0.0013737455,0.0013279035
2023-02-06,VZ,4.9819497e-07,5.0339624e-07,5.0792575e-07
2023-02-06,WMT,2.8072614e-05,2.8307683e-05,2.8063465e-05
2023-02-07,AAPL,3.1588976,3.1734671,3.0922048
2023-02-07,AMGN,2.9586097e-07,2.9861375e-07,2.9453564e-07
2023-02-07,CRM,0.070866502,0.070997082,0.070183984
2023-02-07,CSCO,0.30135222,0.30387893,0.29568859
2023-02-07,IBM,0.011487839,0.011673277,0.011478112
2023-02-07,INTC,0.030799094,0.031015145,0.03070982
2023-02-07,MSFT,7.5622711,7.603985,7.4326261
2023-02-07,NKE,0.0013392559,0.0013495054,0.0013157087
2023-02-07,VZ,4.952929e-07,5.0542388e-07,4.9181783e-07
2023-02-07,WMT,2.7848812e-05,2.8550553e-05,2.7895386e-05
2023-02-08,AAPL,3.1374868,3.1474554,3.0561123
2023-02-08,AMGN,2.8925831e-07,2.9659735e-07,2.8419869e-07
2023-02-08,CRM,0.069123354,0.06869031,0.066617378
2023-02-08,CSCO,0.29584923,0.29804943,0.29357902
2023-02-08,IBM,0.011219272,0.011396211,0.011217819
2023-02-08,INTC,0.031040684,0.031158525,0.030141062
2023-02-08,MSFT,7.4617831,7.5357088,7.3308921
2023-02-08,NKE,0.0013358808,0.0013556927,0.0013091607
2023-02-08,VZ,4.8715394e-07,4.992189e-07,4.8600441e-07
2023-02-08,WMT,2.662667e-05,2.6992653e-05,2.6547649e-05
2023-02-09,AAPL,2.9807345,2.9710915,2.9350933
2023-02-09,AMGN,2.8244879e-07,2.8972842e-07,2.7368696e-07
2023-02-09,CRM,0.067390364,0.068103221,0.067602048
2023-02-09,CSCO,0.29119072,0.29375363,0.29103032
2023-02-09,IBM,0.010885536,0.0110658,0.010935103
2023-02-09,INTC,0.030733123,0.030845627,0.030445552
2023-02-09,MSFT,7.319298,7.4057333,7.0832062
2023-02-09,NKE,0.0013225086,0.0013462282,0.0013109847
2023-02-09,VZ,4.8332323e-07,4.8350196e-07,4.8106339e-07
2023-02-09,WMT,2.5865133e-05,2.6222199e-05,2.6097674e-05
2023-02-10,AAPL,2.9221724,3.0147781,2.8399443
2023-02-10,AMGN,2.8426146e-07,2.8523669e-07,2.8207957e-07
2023-02-10,CRM,0.066693184,0.067601181,0.066038036
2023-02-10,CSCO,0.29824511,0.30121159,0.2960776
2023-02-10,IBM,0.01064497,0.010876617,0.010615613
2023-02-10,INTC,0.029757198,0.029682329,0.029394852
2023-02-10,MSFT,7.3762684,7.4101345,7.1628008
2023-02-10,NKE,0.0012888099,0.0012982786,0.0012776068
2023-02-10,VZ,4.6411641e-07,4.768711e-07,4.6491522e-07
2023-02-10,WMT,2.5635719e-05,2.6054461e-05,2.5537007e-05
2023-02-13,AAPL,2.9818951,3.0220667,2.9757636
2023-02-13,AMGN,2.6729578e-07,2.7095474e-07,2.5773314e-07
2023-02-13,CRM,0.066523133,0.065824195,0.064353385
2023-02-13,CSCO,0.29807167,0.2987366,0.29202797
2023-02-13,IBM,0.010568933,0.010756827,0.010558302
2023-02-13,INTC,0.028082331,0.028546828,0.027617182
2023-02-13,MSFT,7.5353306,7.6457958,7.4741109
2023-02-13,NKE,0.0012893053,0.0012835278,0.0012983126
2023-02-13,VZ,4.5784742e-07,4.5692365e-07,4.6389675e-07
2023-02-13,WMT,2.5108106e-05,2.5455724e-05,2.4807808e-05
2023-02-14,AAPL,2.9490725,2.8971128,2.8698889
2023-02-14,AMGN,2.6414843e-07,2.6561213e-07,2.6279872e-07
2023-02-14,CRM,0.065581069,0.066675204,0.065206218
2023-02-14,CSCO,0.29978898,0.29702453,0.30240726
2023-02-14,IBM,0.010243272,0.010362567,0.010301752
2023-02-14,INTC,0.027700106,0.028252628,0.027188811
2023-02-14,MSFT,7.3925728,7.4113402,7.1872869
2023-02-14,NKE,0.0012632965,0.0013000363,0.0012721097
2023-02-14,VZ,4.5264282e-07,4.5232738e-07,4.5399132e-07
2023-02-14,WMT,2.4284702e-05,2.4651827e-05,2.4439047e-05
2023-02-15,AAPL,2.8641546,2.8279582,2.809645
2023-02-15,AMGN,2.5738014e-07,2.6090484e-07,2.5374121e-07
2023-02-15,CRM,0.066684372,0.069859695,0.066478411
2023-02-15,CSCO,0.30025023,0.30289301,0.29516857
2023-02-15,IBM,0.010193796,0.010358356,0.010192266
2023-02-15,INTC,0.027339675,0.0274459,0.026867154
2023-02-15,MSFT,7.2208158,7.3252604,7.1629295
2023-02-15,NKE,0.0012117321,0.0012125988,0.0011788599
2023-02-15,VZ,4.4925569e-07,4.5387587e-07,4.4638092e-07
2023-02-15,WMT,2.4233018e-05,2.4301029e-05,2.3816709e-05
2023-02-16,AAPL,2.8549938,2.8127276,2.8458952
2023-02-16,AMGN,2.4811612e-07,2.5329379e-07,2.43811e-07
2023-02-16,CRM,0.067584834,0.068289025,0.067158721
2023-02-16,CSCO,0.28633768,0.2854669,0.27616097
2023-02-16,IBM,0.010193076,0.010238093,0.010168125
2023-02-16,INTC,0.025368602,0.025349109,0.025080516
2023-02-16,MSFT,7.3178408,7.2647131,7.1139558
2023-02-16,NKE,0.0011900404,0.0012022576,0.0011836154
2023-02-16,VZ,4.4275398e-07,4.4644951e-07,4.3758778e-07
2023-02-16,WMT,2.3703626e-05,2.4140308e-05,2.3645903e-05
2023-02-17,AAPL,2.8362899,2.8125634,2.7845478
2023-02-17,AMGN,2.4077887e-07,2.4729229e-07,2.382801e-07
2023-02-17,CRM,0.070465218,0.070406951,0.067721545
2023-02-17,CSCO,0.27681219,0.27639968,0.27013437
2023-02-17,IBM,0.01036891,0.010610788,0.0101946
2023-02-17,INTC,0.025193864,0.025540257,0.024627457
2023-02-17,MSFT,7.2119111,7.2011052,7.1511074
2023-02-17,NKE,0.00117857,0.0011987306,0.0011874205
2023-02-17,VZ,4.4429452e-07,4.4687397e-07,4.4845585e-07
2023-02-17,WMT,2.2620487e-05,2.271837e-05,2.2992978e-05
2023-02-21,AAPL,2.743681,2.7099661,2.6299647
2023-02-21,AMGN,2.3182036e-07,2.3476806e-07,2.3055435e-07
2023-02-21,CRM,0.068804637,0.069936894,0.066174129
2023-02-21,CSCO,0.27950483,0.2766916,0.27534551
2023-02-21,IBM,0.010388121,0.010538355,0.0103423
2023-02-21,INTC,0.024223099,0.024459136,0.024302254
2023-02-21,MSFT,7.3259863,7.3295722,7.2711122
2023-02-21,NKE,0.0012046575,0.0012520414,0.0011928781
2023-02-21,VZ,4.3021209e-07,4.2618915e-07,4.1722861e-07
2023-02-21,WMT,2.2434761e-05,2.2718665e-05,2.2202045e-05
2023-02-22,AAPL,2.7560037,2.8053348,2.7597911
2023-02-22,AMGN,2.2692152e-07,2.2831184e-07,2.2517975e-07
2023-02-22,CRM,0.069646997,0.07197258,0.068695664
2023-02-22,CSCO,0.26976097,0.27102713,0.26541396
2023-02-22,IBM,0.010071865,0.010211975,0.010041102
2023-02-22,INTC,0.023412654,0.023506982,0.023198158
2023-02-22,MSFT,7.1303725,7.2713181,6.987996
2023-02-22,NKE,0.0012040706,0.0012284032,0.001185575
2023-02-22,VZ,4.2530784e-07,4.2275075e-07,4.2309187e-07
2023-02-22,WMT,2.1722667e-05,2.2329398e-05,2.1717213e-05
2023-02-23,AAPL,2.8069386,2.8390621,2.7740483
2023-02-23,AMGN,2.2085546e-07,2.2711737e-07,2.1436497e-07
2023-02-23,CRM,0.075855278,0.077114332,0.076236154
2023-02-23,CSCO,0.26443509,0.25743368,0.25837786
2023-02-23,IBM,0.010047237,0.010142153,0.010131688
2023-02-23,INTC,0.023262615,0.023438702,0.022853154
2023-02-23,MSFT,7.0541451,7.0771737,6.975316
2023-02-23,NKE,0.0011863589,0.0012085582,0.0012095439
2023-02-23,VZ,4.0600497e-07,4.0400193e-07,4.0196017e-07
2023-02-23,WMT,2.1356989e-05,2.1753692e-05,2.122819e-05
2023-02-24,AAPL,2.7845093,2.7958404,2.729983
2023-02-24,AMGN,2.1758576e-07,2.1933171e-07,2.1013156e-07
2023-02-24,CRM,0.07897166,0.079741644,0.080695251
2023-02-24,CSCO,0.260595,0.2652001,0.2588399
2023-02-24,IBM,0.010092171,0.010087347,0.010112369
2023-02-24,INTC,0.022744517,0.022376944,0.022256692
2023-02-24,MSFT,7.2493018,7.3440458,7.1079935
2023-02-24,NKE,0.0011661085,0.0011702317,0.0011823408
2023-02-24,VZ,4.023839e-07,3.9576443e-07,4.0137667e-07
2023-02-24,WMT,2.0942389e-05,2.122505e-05,2.0621413e-05
2023-02-27,AAPL,2.7833677,2.8064038,2.7471388
2023-02-27,AMGN,2.2383764e-07,2.3087574e-07,2.2053781e-07
2023-02-27,CRM,0.080470319,0.081104499,0.076762026
2023-02-27,CSCO,0.26204065,0.26607921,0.25510687
2023-02-27,IBM,0.0097100366,0.0099085895,0.0096274604
2023-02-27,INTC,0.022695893,0.022631528,0.02286584
2023-02-27,MSFT,7.301402,7.3435822,7.1650124
2023-02-27,NKE,0.0011278236,0.0011185339,0.0011443135
2023-02-27,VZ,3.9370347e-07,3.9911294e-07,3.8483166e-07
2023-02-27,WMT,2.0547455e-05,2.0984238e-05,2.0816101e-05
2023-02-28,AAPL,2.6816153,2.7305989,2.6184797
2023-02-28,AMGN,2.1929355e-07,2.2132647e-07,2.167839e-07
2023-02-28,CRM,0.075597351,0.074671184,0.074116897
2023-02-28,CSCO,0.2656058,0.26322718,0.26701371
2023-02-28,IBM,0.0094640325,0.0096852772,0.0093108534
2023-02-28,INTC,0.022004993,0.022083988,0.02161557
2023-02-28,MSFT,7.1902762,7.0810618,7.0614872
2023-02-28,NKE,0.0011416828,0.0011502571,0.0011305538
2023-02-28,VZ,3.8316801e-07,3.8674033e-07,3.8633933e-07
2023-02-28,WMT,1.9747954e-05,2.0069848e-05,1.9594923e-05
2023-03-01,AAPL,2.5926166,2.6105444,2.5811594
2023-03-01,AMGN,2.1731615e-07,2.2331831e-07,2.1576241e-07
2023-03-01,CRM,0.072457583,0.072317995,0.070861356
2023-03-01,CSCO,0.26471846,0.2688048,0.26120285
2023-03-01,IBM,0.0093976031,0.0095173847,0.0093484608
2023-03-01,INTC,0.021130815,0.021465715,0.020987387
2023-03-01,MSFT,7.1776514,7.2417861,7.0291901
2023-03-01,NKE,0.0011450631,0.0011743675,0.0011551417
2023-03-01,VZ,3.6931587e-07,3.7823794e-07,3.6937399e-07
2023-03-01,WMT,1.9643689e-05,1.9908119e-05,1.9548167e-05
2023-03-02,AAPL,2.5615174,2.6494134,2.4648196
2023-03-02,AMGN,2.0373071e-07,2.0998023e-07,2.0555733e-07
2023-03-02,CRM,0.071758808,0.073485317,0.070648658
2023-03-02,CSCO,0.26306965,0.26912057,0.25554608
2023-03-02,IBM,0.0093403934,0.0094071031,0.0092395594
2023-03-02,INTC,0.021195602,0.021455237,0.020926433
2023-03-02,MSFT,6.9845116,7.1324954,6.8079627
2023-03-02,NKE,0.0010973836,0.0011099509,0.0010735174
2023-03-02,VZ,3.652256e-07,3.6933178e-07,3.5987028e-07
2023-03-02,WMT,1.9861901e-05,2.0197144e-05,1.9735126e-05
2023-03-03,AAPL,2.5653692,2.5926733,2.5512616
2023-03-03,AMGN,1.991985e-07,2.0321671e-07,1.9541573e-07
2023-03-03,CRM,0.070984943,0.074442035,0.070936494
2023-03-03,CSCO,0.25479109,0.26052326,0.25285752
2023-03-03,IBM,0.0092100998,0.0095004308,0.0090225032
2023-03-03,INTC,0.020889685,0.021143389,0.02056819
2023-03-03,MSFT,6.7100258,6.9325037,6.6629307
2023-03-03,NKE,0.0010958463,0.0011370415,0.0010846071
2023-03-03,VZ,3.6189643e-07,3.6725076e-07,3.5728625e-07
2023-03-03,WMT,1.9513455e-05,1.9932741e-05,1.9211179e-05
2023-03-06,AAPL,2.5524695,2.5280236,2.5780742
2023-03-06,AMGN,1.9294059e-07,1.9432008e-07,1.9190265e-07
2023-03-06,CRM,0.070778129,0.070902058,0.069431738
2023-03-06,CSCO,0.24747234,0.24334039,0.24645391
2023-03-06,IBM,0.0094537038,0.0095773876,0.009331715
2023-03-06,INTC,0.020956381,0.021208279,0.020411348
2023-03-06,MSFT,6.6404007,6.6578103,6.6034572
2023-03-06,NKE,0.0011155081,0.0011270779,0.0011237648
2023-03-06,VZ,3.6957938e-07,3.7135771e-07,3.7124554e-07
2023-03-06,WMT,1.9739745e-05,1.9970119e-05,2.0061173e-05
2023-03-07,AAPL,2.6612442,2.6639357,2.6131743
2023-03-07,AMGN,1.853592e-07,1.9337068e-07,1.8620802e-07
2023-03-07,CRM,0.07337132,0.073103968,0.073640661
2023-03-07,CSCO,0.24453367,0.24650927,0.24326225
2023-03-07,IBM,0.0094329355,0.0095544539,0.0095720747
2023-03-07,INTC,0.021781015,0.022206433,0.021444591
2023-03-07,MSFT,6.7324905,6.7289973,6.5979186
2023-03-07,NKE,0.0011102081,0.0011153597,0.0011133818
2023-03-07,VZ,3.707493e-07,3.7128519e-07,3.8239506e-07
2023-03-07,WMT,1.9383235e-05,1.9715852e-05,1.9435784e-05
2023-03-08,AAPL,2.7261483,2.7440766,2.7370777
2023-03-08,AMGN,1.8662674e-07,1.9161184e-07,1.8524734e-07
2023-03-08,CRM,0.073104617,0.073785762,0.069695956
2023-03-08,CSCO,0.24069224,0.24337868,0.24070865
2023-03-08,IBM,0.009323617,0.00950555,0.0092740975
2023-03-08,INTC,0.021587764,0.021700798,0.020901243
2023-03-08,MSFT,6.7037668,6.7403183,6.7762306
2023-03-08,NKE,0.0011218871,0.0011407827,0.0011118294
2023-03-08,VZ,3.5897058e-07,3.6047312e-07,3.6082038e-07
2023-03-08,WMT,1.9272674e-05,1.9574171e-05,1.9300428e-05
2023-03-09,AAPL,2.7730784,2.8259558,2.7429804
2023-03-09,AMGN,1.8310818e-07,1.8872239e-07,1.7846659e-07
2023-03-09,CRM,0.073900811,0.073905568,0.072116189
2023-03-09,CSCO,0.22844544,0.23050342,0.22834977
2023-03-09,IBM,0.0093246483,0.0093595098,0.0092861792
2023-03-09,INTC,0.021772512,0.022095271,0.021906966
2023-03-09,MSFT,6.7412296,6.773122,6.5447223
2023-03-09,NKE,0.0011394216,0.0011373235,0.0011483218
2023-03-09,VZ,3.5259323e-07,3.5608402e-07,3.5227654e-07
2023-03-09,WMT,1.926558e-05,1.9623835e-05,1.9349015e-05
2023-03-10,AAPL,2.7608231,2.8446558,2.7463349
2023-03-10,AMGN,1.7960182e-07,1.8205408e-07,1.7675493e-07
2023-03-10,CRM,0.076796188,0.074919656,0.074703817
2023-03-10,CSCO,0.23206993,0.2302032,0.23369441
2023-03-10,IBM,0.0089511156,0.009030082,0.0090086833
2023-03-10,INTC,0.021214532,0.021738843,0.021079943
2023-03-10,MSFT,6.6870659,6.7870864,6.5954486
2023-03-10,NKE,0.0011134271,0.0011166521,0.001109274
2023-03-10,VZ,3.4405051e-07,3.4774042e-07,3.4558329e-07
2023-03-10,WMT,1.8479796e-05,1.8884703e-05,1.8484733e-05
2023-03-13,AAPL,2.8132887,2.8424055,2.782752
2023-03-13,AMGN,1.7540187e-07,1.8015105e-07,1.7390162e-07
2023-03-13,CRM,0.079222584,0.08073033,0.078091109
2023-03-13,CSCO,0.23090883,0.23111112,0.22571061
2023-03-13,IBM,0.0091062372,0.0093154548,0.0090594414
2023-03-13,INTC,0.021062059,0.02100325,0.0208549
2023-03-13,MSFT,6.7923269,6.7421521,6.6825794
2023-03-13,NKE,0.0010772058,0.0010981337,0.0010628353
2023-03-13,VZ,3.3486485e-07,3.4251198e-07,3.3166954e-07
2023-03-13,WMT,1.8156719e-05,1.8590395e-05,1.7898098e-05
2023-03-14,AAPL,2.7115597,2.7337517,2.6557227
2023-03-14,AMGN,1.7202374e-07,1.766367e-07,1.7127559e-07
2023-03-14,CRM,0.082383053,0.083009769,0.080855802
2023-03-14,CSCO,0.22936044,0.22910507,0.22684052
2023-03-14,IBM,0.0089544707,0.0091789898,0.0090050895
2023-03-14,INTC,0.021003699,0.021147544,0.020645684
2023-03-14,MSFT,6.7486488,6.8812419,6.6720956
2023-03-14,NKE,0.0010793249,0.0010858296,0.001065306
2023-03-14,VZ,3.2200444e-07,3.2771685e-07,3.2502691e-07
2023-03-14,WMT,1.7838323e-05,1.7910606e-05,1.7794193e-05
2023-03-15,AAPL,2.7431406,2.8046531,2.6856835
2023-03-15,AMGN,1.714384e-07,1.7472795e-07,1.6860582e-07
2023-03-15,CRM,0.083368306,0.083403596,0.079443531
2023-03-15,CSCO,0.22935005,0.22852782,0.22484963
2023-03-15,IBM,0.0087873002,0.0089211072,0.0086321037
2023-03-15,INTC,0.020912866,0.021437482,0.020686098
2023-03-15,MSFT,6.725234,6.7022578,6.6516158
2023-03-15,NKE,0.0010644924,0.0010725109,0.0010830671
2023-03-15,VZ,3.0612397e-07,3.0696443e-07,3.1112483e-07
2023-03-15,WMT,1.7630282e-05,1.7872685e-05,1.7372224e-05
2023-03-16,AAPL,2.7025632,2.7665421,2.6501466
2023-03-16,AMGN,1.6341894e-07,1.6709913e-07,1.6474985e-07
2023-03-16,CRM,0.081541921,0.081691705,0.078458279
2023-03-16,CSCO,0.21979548,0.21916333,0.21878321
2023-03-16,IBM,0.0085231834,0.0085414528,0.0082774657
2023-03-16,INTC,0.020675482,0.020702902,0.020205067
2023-03-16,MSFT,6.7333834,6.7208002,6.8011579
2023-03-16,NKE,0.001068947,0.0010679856,0.0010521439
2023-03-16,VZ,2.9293403e-07,2.9500506e-07,2.9300981e-07
2023-03-16,WMT,1.7306999e-05,1.7663525e-05,1.7210342e-05
2023-03-17,AAPL,2.6935176,2.6355571,2.6070557
2023-03-17,AMGN,1.5226657e-07,1.5874728e-07,1.5088192e-07
2023-03-17,CRM,0.083653308,0.0828297,0.079708001
2023-03-17,CSCO,0.21876438,0.21835906,0.2143315
2023-03-17,IBM,0.0084842473,0.0084917681,0.0083452075
2023-03-17,INTC,0.020821115,0.020760755,0.020947085
2023-03-17,MSFT,6.7729082,6.7705559,6.7675003
2023-03-17,NKE,0.0010564299,0.0010504688,0.0010309456
2023-03-17,VZ,2.8449007e-07,2.9104765e-07,2.835366e-07
2023-03-17,WMT,1.6938358e-05,1.7383982e-05,1.6989281e-05
2023-03-20,AAPL,2.7152686,2.7157574,2.6750201
2023-03-20,AMGN,1.5125376e-07,1.5501199e-07,1.4921771e-07
2023-03-20,CRM,0.08544835,0.085201242,0.084436984
2023-03-20,CSCO,0.21739747,0.21648621,0.21208226
2023-03-20,IBM,0.0082778845,0.0083853589,0.0082444018
2023-03-20,INTC,0.020763898,0.020941363,0.020364952
2023-03-20,MSFT,6.733971,6.8102412,6.6459103
2023-03-20,NKE,0.0010229345,0.0010401022,0.0010160233
2023-03-20,VZ,2.7540713e-07,2.7319812e-07,2.7450866e-07
2023-03-20,WMT,1.6722129e-05,1.7128782e-05,1.6588172e-05
2023-03-21,AAPL,2.7587394,2.7592235,2.7399905
2023-03-21,AMGN,1.4885937e-07,1.5063521e-07,1.461769e-07
2023-03-21,CRM,0.089952889,0.088526223,0.088955007
2023-03-21,CSCO,0.21879611,0.21471739,0.21822223
2023-03-21,IBM,0.0082887391,0.0084680022,0.008233101
2023-03-21,INTC,0.02046096,0.020485388,0.020267724
2023-03-21,MSFT,6.7966407,6.8819385,6.9276083
2023-03-21,NKE,0.00096513498,0.00096262228,0.00095753216
2023-03-21,VZ,2.6715941e-07,2.6642313e-07,2.6596357e-07
2023-03-21,WMT,1.6285641e-05,1.6452393e-05,1.6157874e-05
2023-03-22,AAPL,2.8133379,2.8454387,2.7107474
2023-03-22,AMGN,1.450122e-07,1.5006726e-07,1.4416259e-07
2023-03-22,CRM,0.090586108,0.088027209,0.08826687
2023-03-22,CSCO,0.21152981,0.21312085,0.212118
2023-03-22,IBM,0.0083310176,0.0083424704,0.0083617839
2023-03-22,INTC,0.020190132,0.02014197,0.019825924
2023-03-22,MSFT,6.6791119,6.6979017,6.5552627
2023-03-22,NKE,0.00095555437,0.00096257413,0.0009341976
2023-03-22,VZ,2.5903461e-07,2.6086603e-07,2.6271326e-07
2023-03-22,WMT,1.5658506e-05,1.6027184e-05,1.5402737e-05
2023-03-23,AAPL,2.7579113,2.8071253,2.6797112
2023-03-23,AMGN,1.413127e-07,1.4546684e-07,1.4035169e-07
2023-03-23,CRM,0.093624735,0.095456301,0.09322836
2023-03-23,CSCO,0.21215428,0.2120439,0.20891954
2023-03-23,IBM,0.0084305954,0.0085609536,0.0083578199
2023-03-23,INTC,0.019786348,0.02011036,0.01958693
2023-03-23,MSFT,6.8873455,6.8533411,6.8019406
2023-03-23,NKE,0.00093610946,0.00095422334,0.00093586563
2023-03-23,VZ,2.4885186e-07,2.5366487e-07,2.4436186e-07
2023-03-23,WMT,1.5137613e-05,1.552044e-05,1.5017444e-05
2023-03-24,AAPL,2.6936737,2.7356795,2.594249
2023-03-24,AMGN,1.3824683e-07,1.4101191e-07,1.3484765e-07
2023-03-24,CRM,0.098697212,0.097063291,0.094491925
2023-03-24,CSCO,0.21365465,0.2120304,0.21044557
2023-03-24,IBM,0.0082692047,0.0085590939,0.0082304311
2023-03-24,INTC,0.019845709,0.019762626,0.019465361
2023-03-24,MSFT,6.8051194,6.8379898,6.6711637
2023-03-24,NKE,0.00092239297,0.00092982842,0.0009187383
2023-03-24,VZ,2.461042e-07,2.5065023e-07,2.4221788e-07
2023-03-24,WMT,1.4858409e-05,1.5109871e-05,1.4866837e-05
2023-03-27,AAPL,2.6745066,2.7318086,2.6228098
2023-03-27,AMGN,1.3496967e-07,1.3911394e-07,1.3291553e-07
2023-03-27,CRM,0.10125787,0.10375163,0.098898604
2023-03-27,CSCO,0.21745853,0.22087827,0.21081451
2023-03-27,IBM,0.0081034198,0.0081584955,0.0080773238
2023-03-27,INTC,0.019483212,0.019066505,0.019261409
2023-03-27,MSFT,6.742553,6.8282394,6.733187
2023-03-27,NKE,0.00093118375,0.0009458364,0.00092484344
2023-03-27,VZ,2.3885972e-07,2.4153958e-07,2.3733242e-07
2023-03-27,WMT,1.4457849e-05,1.4698341e-05,1.4508181e-05
2023-03-28,AAPL,2.7005679,2.7163349,2.6242708
2023-03-28,AMGN,1.3511648e-07,1.3960465e-07,1.3441808e-07
2023-03-28,CRM,0.10114539,0.097283834,0.10064506
2023-03-28,CSCO,0.2188297,0.21642655,0.21739239
2023-03-28,IBM,0.0077394048,0.0077970042,0.0076877936
2023-03-28,INTC,0.019604662,0.019694664,0.019466091
2023-03-28,MSFT,6.7311405,6.7450977,6.8222819
2023-03-28,NKE,0.00090278562,0.0009068371,0.00089186376
2023-03-28,VZ,2.2948581e-07,2.3221709e-07,2.262236e-07
2023-03-28,WMT,1.4094746e-05,1.4242194e-05,1.3947891e-05
2023-03-29,AAPL,2.7248553,2.7279097,2.6934509
2023-03-29,AMGN,1.2917693e-07,1.3089841e-07,1.2590815e-07
2023-03-29,CRM,0.10076321,0.099484054,0.098152336
2023-03-29,CSCO,0.21988499,0.21603997,0.21945106
2023-03-29,IBM,0.0077081292,0.0078207518,0.0077491774
2023-03-29,INTC,0.019191364,0.019551856,0.019141878
2023-03-29,MSFT,6.4839035,6.5626755,6.4093661
2023-03-29,NKE,0.00087942442,0.00089044473,0.00088310226
2023-03-29,VZ,2.2853359e-07,2.3232545e-07,2.3130186e-07
2023-03-29,WMT,1.3335502e-05,1.3513835e-05,1.3135604e-05
2023-03-30,AAPL,2.8462038,2.8933891,2.7914457
2023-03-30,AMGN,1.262929e-07,1.2893188e-07,1.2481818e-07
2023-03-30,CRM,0.10281518,0.10515592,0.10229149
2023-03-30,CSCO,0.21880153,0.21782452,0.21674195
2023-03-30,IBM,0.0077025589,0.0077864389,0.0076149124
2023-03-30,INTC,0.019113709,0.019202519,0.019377374
2023-03-30,MSFT,6.4501785,6.5726692,6.3750257
2023-03-30,NKE,0.00087717295,0.00087969605,0.00087585436
2023-03-30,VZ,2.1768054e-07,2.2094759e-07,2.1963701e-07
2023-03-30,WMT,1.2760783e-05,1.2939227e-05,1.2880838e-05
2023-03-31,AAPL,2.9276348,2.9563496,2.78326
2023-03-31,AMGN,1.1916054e-07,1.221661e-07,1.1903473e-07
2023-03-31,CRM,0.099133315,0.1016837,0.098214525
2023-03-31,CSCO,0.22013592,0.22518149,0.21171485
2023-03-31,IBM,0.0074844534,0.0075370736,0.0073331977
2023-03-31,INTC,0.018819792,0.019156836,0.01846502
2023-03-31,MSFT,6.3350349,6.4415015,6.2351717
2023-03-31,NKE,0.00085996235,0.00086403355,0.00083691984
2023-03-31,VZ,2.1557787e-07,2.1993232e-07,2.1220293e-07
2023-03-31,WMT,1.248967e-05,1.259814e-05,1.2328219e-05
2023-04-03,AAPL,3.0447317,3.0735606,3.0133524
2023-04-03,AMGN,1.1826006e-07,1.2154168e-07,1.1893995e-07
2023-04-03,CRM,0.093617067,0.096374118,0.092635024
2023-04-03,CSCO,0.21273483,0.21783832,0.2103578
2023-04-03,IBM,0.0073075908,0.0074103679,0.0071669251
2023-04-03,INTC,0.018810488,0.019259465,0.018842196
2023-04-03,MSFT,6.2786504,6.4727752,6.1627672
2023-04-03,NKE,0.00083106421,0.0008415637,0.00082670773
2023-04-03,VZ,2.1104319e-07,2.1229783e-07,2.0815623e-07
2023-04-03,WMT,1.2054449e-05,1.2297384e-05,1.204758e-05
2023-04-04,AAPL,3.0158971,3.0636453,2.9820602
2023-04-04,AMGN,1.1636334e-07,1.1618782e-07,1.1536094e-07
2023-04-04,CRM,0.094486154,0.096185148,0.095485677
2023-04-04,CSCO,0.21200068,0.20932364,0.21019835
2023-04-04,IBM,0.0072281665,0.0072665123,0.0072003558
2023-04-04,INTC,0.018961141,0.019083936,0.019083358
2023-04-04,MSFT,6.4094087,6.3643654,6.4597397
2023-04-04,NKE,0.00086703785,0.00087564031,0.00087718811
2023-04-04,VZ,2.1101382e-07,2.1374525e-07,2.1452374e-07
2023-04-04,WMT,1.1782521e-05,1.1994709e-05,1.1775147e-05
2023-04-05,AAPL,3.0642129,3.0535917,3.0268092
2023-04-05,AMGN,1.1392324e-07,1.155716e-07,1.1218658e-07
2023-04-05,CRM,0.096440551,0.096738233,0.097334148
2023-04-05,CSCO,0.21593012,0.21405133,0.21391528
2023-04-05,IBM,0.0071780137,0.0073731178,0.0071246967
2023-04-05,INTC,0.01855042,0.018352854,0.018453487
2023-04-05,MSFT,6.3220452,6.3664086,6.3004842
2023-04-05,NKE,0.00083837435,0.00083474411,0.00084539898
2023-04-05,VZ,2.0276442e-07,2.0347128e-07,2.0369523e-07
2023-04-05,WMT,1.1798116e-05,1.1853908e-05,1.1680749e-05
2023-04-06,AAPL,3.0240808,3.0398371,3.0211583
2023-04-06,AMGN,1.1987795e-07,1.2042297e-07,1.1865247e-07
2023-04-06,CRM,0.098179051,0.099591659,0.096346806
2023-04-06,CSCO,0.21207932,0.21175123,0.20870611
2023-04-06,IBM,0.0071501377,0.0071237187,0.0070656459
2023-04-06,INTC,0.018456541,0.018550685,0.018330016
2023-04-06,MSFT,6.2742483,6.3308097,6.2449893
2023-04-06,NKE,0.00082974248,0.00083182895,0.00081151534
2023-04-06,VZ,1.9300884e-07,1.9389053e-07,1.9053933e-07
2023-04-06,WMT,1.1679228e-05,1.1946305e-05,1.1608622e-05
2023-04-10,AAPL,3.0084288,3.0096048,2.9307248
2023-04-10,AMGN,1.2043232e-07,1.2205237e-07,1.1777929e-07
2023-04-10,CRM,0.097695609,0.10124892,0.094033699
2023-04-10,CSCO,0.21354618,0.21263157,0.21309826
2023-04-10,IBM,0.0071144008,0.00726165,0.0071716502
2023-04-10,INTC,0.018466128,0.018618628,0.018198324
2023-04-10,MSFT,6.1851789,6.1625406,6.1161441
2023-04-10,NKE,0.00081843503,0.00081534812,0.00082306186
2023-04-10,VZ,1.8460221e-07,1.8731528e-07,1.8679481e-07
2023-04-10,WMT,1.1521725e-05,1.1804463e-05,1.1649655e-05
2023-04-11,AAPL,3.0996663,3.1297695,3.1160711
2023-04-11,AMGN,1.1700229e-07,1.2038479e-07,1.1457974e-07
2023-04-11,CRM,0.094546,0.094538753,0.09281808
2023-04-11,CSCO,0.21617625,0.21606588,0.21180728
2023-04-11,IBM,0.0069688096,0.0069241814,0.006975419
2023-04-11,INTC,0.018266548,0.018301457,0.018206018
2023-04-11,MSFT,6.2103541,6.2641843,6.1390294
2023-04-11,NKE,0.00080161675,0.00080038846,0.00080084381
2023-04-11,VZ,1.7768366e-07,1.7947365e-07,1.7866911e-07
2023-04-11,WMT,1.1244954e-05,1.1449181e-05,1.124446e-05
2023-04-12,AAPL,3.1899844,3.2164862,3.1054803
2023-04-12,AMGN,1.1475677e-07,1.1525892e-07,1.1344506e-07
2023-04-12,CRM,0.090323691,0.091657194,0.091082116
2023-04-12,CSCO,0.2209242,0.22056162,0.22155498
2023-04-12,IBM,0.006844874,0.0068756394,0.0068759952
2023-04-12,INTC,0.018242622,0.018444346,0.017988972
2023-04-12,MSFT,6.398155,6.3849092,6.3540641
2023-04-12,NKE,0.0008132648,0.00081930984,0.00081213374
2023-04-12,VZ,1.703726e-07,1.698244e-07,1.6918638e-07
2023-04-12,WMT,1.1031948e-05,1.1138467e-05,1.1014009e-05
2023-04-13,AAPL,3.094252,3.1651454,3.0238375
2023-04-13,AMGN,1.1237224e-07,1.133532e-07,1.1091063e-07
2023-04-13,CRM,0.086141612,0.087430582,0.083258947
2023-04-13,CSCO,0.21199015,0.21628489,0.21279426
2023-04-13,IBM,0.0067040321,0.0067026419,0.0066618536
2023-04-13,INTC,0.018257363,0.018407958,0.017668323
2023-04-13,MSFT,6.2714172,6.3239399,6.1634405
2023-04-13,NKE,0.00081580966,0.00082693725,0.00079182156
2023-04-13,VZ,1.682182e-07,1.6979087e-07,1.7015668e-07
2023-04-13,WMT,1.0892551e-05,1.1028224e-05,1.0840689e-05
2023-04-14,AAPL,3.0434248,3.104733,2.951215
2023-04-14,AMGN,1.1069507e-07,1.1087179e-07,1.091089e-07
2023-04-14,CRM,0.088694722,0.091357327,0.086560763
2023-04-14,CSCO,0.21405951,0.21776417,0.2133521
2023-04-14,IBM,0.0065458356,0.006696968,0.0065028023
2023-04-14,INTC,0.018009381,0.017682441,0.018112695
2023-04-14,MSFT,6.5105209,6.4594087,6.517242
2023-04-14,NKE,0.00083062929,0.00083785429,0.00082245916
2023-04-14,VZ,1.6484945e-07,1.667066e-07,1.630251e-07
2023-04-14,WMT,1.0673927e-05,1.0818922e-05,1.0779202e-05
2023-04-17,AAPL,3.1618334,3.19082,3.1707799
2023-04-17,AMGN,1.0804712e-07,1.0980338e-07,1.0671339e-07
2023-04-17,CRM,0.086714213,0.086919178,0.087373154
2023-04-17,CSCO,0.21696004,0.21596945,0.21672636
2023-04-17,IBM,0.0064113291,0.0065812125,0.0064066746
2023-04-17,INTC,0.01827623,0.018572814,0.018370493
2023-04-17,MSFT,6.6353922,6.5348058,6.5589566
2023-04-17,NKE,0.00081826172,0.00082935905,0.00081655635
2023-04-17,VZ,1.6093707e-07,1.6412304e-07,1.6081266e-07
2023-04-17,WMT,1.0622422e-05,1.0823987e-05,1.0503179e-05
2023-04-18,AAPL,3.1172104,3.0737112,3.0621087
2023-04-18,AMGN,1.04777e-07,1.0730403e-07,1.0494721e-07
2023-04-18,CRM,0.086837814,0.087155233,0.085178693
2023-04-18,CSCO,0.2168984,0.21782074,0.21684889
2023-04-18,IBM,0.0062524155,0.0064761214,0.0062006095
2023-04-18,INTC,0.018062168,0.018060866,0.017927064
2023-04-18,MSFT,6.6346436,6.6331982,6.5085407
2023-04-18,NKE,0.00081166097,0.00081950985,0.00080774084
2023-04-18,VZ,1.5689053e-07,1.56767e-07,1.5663943e-07
2023-04-18,WMT,1.0211919e-05,1.0494131e-05,1.0198873e-05
2023-04-19,AAPL,3.0463453,3.0873354,3.0209893
2023-04-19,AMGN,1.0240688e-07,1.0414346e-07,1.0178797e-07
2023-04-19,CRM,0.091078176,0.090508121,0.088404431
2023-04-19,CSCO,0.21856869,0.21915244,0.21690999
2023-04-19,IBM,0.0062831871,0.0063963811,0.0063110452
2023-04-19,INTC,0.018440233,0.018506903,0.018161419
2023-04-19,MSFT,6.7094444,6.6803227,6.5247913
2023-04-19,NKE,0.00082745964,0.00085486335,0.0008191597
2023-04-19,VZ,1.5256989e-07,1.5274722e-07,1.5049491e-07
2023-04-19,WMT,9.9253039e-06,1.0088589e-05,9.9172097e-06
2023-04-20,AAPL,2.9815439,3.0307636,2.9814757
2023-04-20,AMGN,1.0171193e-07,1.0316714e-07,1.0168036e-07
2023-04-20,CRM,0.088439219,0.087722052,0.085986289
2023-04-20,CSCO,0.22215413,0.22508075,0.21601588
2023-04-20,IBM,0.006356912,0.0064461243,0.0064333592
2023-04-20,INTC,0.018996571,0.0192925,0.018682768
2023-04-20,MSFT,6.7151993,6.8018517,6.6318357
2023-04-20,NKE,0.00082844578,0.00083988596,0.00083201076
2023-04-20,VZ,1.4959697e-07,1.5171104e-07,1.4959697e-07
2023-04-20,WMT,9.5097984e-06,9.6627491e-06,9.5254633e-06
2023-04-21,AAPL,2.9791117,2.9660639,2.8670126
2023-04-21,AMGN,9.8978421e-08,1.0204332e-07,9.7436444e-08
2023-04-21,CRM,0.091276606,0.087811219,0.08794103
2023-04-21,CSCO,0.21511897,0.2180293,0.21435383
2023-04-21,IBM,0.006304218,0.0063995725,0.0062753355
2023-04-21,INTC,0.01867159,0.018879901,0.018904879
2023-04-21,MSFT,6.7369403,6.7590843,6.5121887
2023-04-21,NKE,0.00082647935,0.0008355808,0.00083283631
2023-04-21,VZ,1.4551492e-07,1.4771818e-07,1.4402318e-07
2023-04-21,WMT,9.2542227e-06,9.4351524e-06,9.1952567e-06
2023-04-24,AAPL,3.0187868,3.1141967,2.9842293
2023-04-24,AMGN,9.6186936e-08,9.809939e-08,9.1490107e-08
2023-04-24,CRM,0.093414571,0.096491527,0.092398082
2023-04-24,CSCO,0.21226468,0.21684299,0.21584812
2023-04-24,IBM,0.0062213545,0.0062298737,0.0061886791
2023-04-24,INTC,0.018574441,0.018899588,0.018162648
2023-04-24,MSFT,6.8544263,6.8541019,6.7662723
2023-04-24,NKE,0.00082490439,0.00084679346,0.0008323097
2023-04-24,VZ,1.4241789e-07,1.4473855e-07,1.4353805e-07
2023-04-24,WMT,9.0704376e-06,9.0636991e-06,9.0625086e-06
2023-04-25,AAPL,2.9647611,2.9669085,2.9602729
2023-04-25,AMGN,9.4783342e-08,9.5320996e-08,9.3795324e-08
2023-04-25,CRM,0.088944474,0.08909773,0.086661832
2023-04-25,CSCO,0.21136889,0.21451216,0.21137363
2023-04-25,IBM,0.0060615683,0.0061551682,0.0059970908
2023-04-25,INTC,0.018038121,0.018278704,0.01763396
2023-04-25,MSFT,7.0455325,7.1958087,6.899505
2023-04-25,NKE,0.00080701519,0.00080407011,0.00080838975
2023-04-25,VZ,1.4087284e-07,1.4133578e-07,1.3919532e-07
2023-04-25,WMT,8.8847913e-06,9.0772367e-06,8.9854465e-06
2023-04-26,AAPL,2.9471007,2.9931534,2.9187197
2023-04-26,AMGN,9.324501e-08,9.3921632e-08,9.1041095e-08
2023-04-26,CRM,0.090524922,0.092436653,0.088397223
2023-04-26,CSCO,0.21534147,0.21931168,0.21228994
2023-04-26,IBM,0.0060154984,0.0061152604,0.0059635712
2023-04-26,INTC,0.017939323,0.018392889,0.018394121
2023-04-26,MSFT,6.9586483,6.9508391,6.7734856
2023-04-26,NKE,0.00077237022,0.00078184405,0.00077786821
2023-04-26,VZ,1.3624362e-07,1.3936345e-07,1.3833163e-07
2023-04-26,WMT,8.9532377e-06,9.1217028e-06,8.9397645e-06
2023-04-27,AAPL,2.8862319,2.9600361,2.8290257
2023-04-27,AMGN,9.3873144e-08,9.4726446e-08,9.3989772e-08
2023-04-27,CRM,0.08915045,0.089015905,0.0862933
2023-04-27,CSCO,0.2192592,0.22178201,0.22076086
2023-04-27,IBM,0.0059840802,0.0061156641,0.0059796228
2023-04-27,INTC,0.017288429,0.017738518,0.017281455
2023-04-27,MSFT,7.1241312,7.2258907,7.0723415
2023-04-27,NKE,0.00076831124,0.00077412857,0.00075518284
2023-04-27,VZ,1.343021e-07,1.331971e-07,1.3399675e-07
2023-04-27,WMT,8.8045595e-06,8.8225063e-06,8.7076087e-06
2023-04-28,AAPL,2.9734265,2.9757614,2.9364337
2023-04-28,AMGN,9.4080717e-08,9.7370824e-08,9.3779412e-08
2023-04-28,CRM,0.091845261,0.088741521,0.091043672
2023-04-28,CSCO,0.22234403,0.22231341,0.21894506
2023-04-28,IBM,0.0059624162,0.0060679791,0.0059340935
2023-04-28,INTC,0.017129318,0.017309775,0.017364733
2023-04-28,MSFT,7.1809345,7.2292499,7.0828933
2023-04-28,NKE,0.00074617418,0.00074834164,0.00074083917
2023-04-28,VZ,1.2878709e-07,1.311235e-07,1.3057207e-07
2023-04-28,WMT,8.4841959e-06,8.6574771e-06,8.3806609e-06
2023-05-01,AAPL,2.9483695,2.9378701,2.9230179
2023-05-01,AMGN,8.995601e-08,9.3316001e-08,9.0574301e-08
2023-05-01,CRM,0.089837933,0.090326822,0.087539451
2023-05-01,CSCO,0.22634797,0.22692505,0.2212696
2023-05-01,IBM,0.0059198934,0.0059966496,0.0059107542
2023-05-01,INTC,0.016884061,0.016999715,0.016861013
2023-05-01,MSFT,6.8173821,6.8227451,6.6466568
2023-05-01,NKE,0.00073267133,0.00074697634,0.00073288977
2023-05-01,VZ,1.2714305e-07,1.2853714e-07,1.2738223e-07
2023-05-01,WMT,8.4672937e-06,8.4342885e-06,8.3532686e-06
2023-05-02,AAPL,2.9381531,3.0000124,2.8563402
2023-05-02,AMGN,8.6185566e-08,8.9174493e-08,8.348731e-08
2023-05-02,CRM,0.084855788,0.08626567,0.082303056
2023-05-02,CSCO,0.21716228,0.21916449,0.20955353
2023-05-02,IBM,0.0058097176,0.0059523425,0.0058139347
2023-05-02,INTC,0.016703007,0.016960795,0.016099534
2023-05-02,MSFT,6.6302321,6.6231814,6.3523401
2023-05-02,NKE,0.00071507879,0.00072194051,0.00070493109
2023-05-02,VZ,1.2801834e-07,1.2887013e-07,1.2563621e-07
2023-05-02,WMT,8.3664838e-06,8.4834395e-06,8.1622329e-06
2023-05-03,AAPL,2.9631217,2.964309,2.8548282
2023-05-03,AMGN,8.5383509e-08,8.846668e-08,8.5351772e-08
2023-05-03,CRM,0.083856865,0.084115995,0.08510455
2023-05-03,CSCO,0.21643986,0.22422546,0.2131178
2023-05-03,IBM,0.005856295,0.0060506844,0.0056716749
2023-05-03,INTC,0.0164842,0.016980662,0.016418826
2023-05-03,MSFT,6.5956313,6.6663948,6.4530599
2023-05-03,NKE,0.0006868764,0.00069786268,0.0006877744
2023-05-03,VZ,1.2547568e-07,1.2835739e-07,1.239266e-07
2023-05-03,WMT,8.3270264e-06,8.5118277e-06,8.3727731e-06
2023-05-04,AAPL,2.9418014,2.9550898,3.0164409
2023-05-04,AMGN,8.4822365e-08,8.5067683e-08,8.4271358e-08
2023-05-04,CRM,0.079969671,0.079092275,0.081920816
2023-05-04,CSCO,0.22430598,0.22928052,0.22192083
2023-05-04,IBM,0.005788812,0.0058868006,0.0058565013
2023-05-04,INTC,0.016020655,0.01603601,0.016129257
2023-05-04,MSFT,6.5884304,6.7131326,6.6140157
2023-05-04,NKE,0.00066619948,0.00066657417,0.00067578696
2023-05-04,VZ,1.2495313e-07,1.2562564e-07,1.2419957e-07
2023-05-04,WMT,8.2386124e-06,8.3436442e-06,8.2139716e-06
2023-05-05,AAPL,3.0114988,3.0446323,3.0113718
2023-05-05,AMGN,8.2679695e-08,8.454283e-08,8.085017e-08
2023-05-05,CRM,0.077449606,0.075674298,0.076825858
2023-05-05,CSCO,0.22224875,0.22679527,0.22172841
2023-05-05,IBM,0.00547081,0.0055402851,0.0055162044
2023-05-05,INTC,0.015712526,0.015687007,0.015520101
2023-05-05,MSFT,6.5772545,6.7028719,6.4862216
2023-05-05,NKE,0.00065397601,0.00067637151,0.00065005926
2023-05-05,VZ,1.2330931e-07,1.2288889e-07,1.2346453e-07
2023-05-05,WMT,8.170789e-06,8.2920796e-06,8.1761209e-06
2023-05-08,AAPL,3.0150206,3.0154662,3.0078892
2023-05-08,AMGN,8.2695475e-08,8.4341339e-08,8.134938e-08
2023-05-08,CRM,0.07546571,0.076468913,0.07354038
2023-05-08,CSCO,0.22645905,0.22553512,0.22575525
2023-05-08,IBM,0.0054233509,0.0055165064,0.0053417334
2023-05-08,INTC,0.015519107,0.01533821,0.015254925
2023-05-08,MSFT,6.4808498,6.612823,6.4469224
2023-05-08,NKE,0.00063298,0.00064207054,0.0006197844
2023-05-08,VZ,1.2129273e-07,1.2287496e-07,1.2137858e-07
2023-05-08,WMT,8.0447036e-06,8.1815189e-06,8.0380213e-06
2023-05-09,AAPL,2.946822,2.9172898,2.9514639
2023-05-09,AMGN,8.1315622e-08,8.2662302e-08,8.0236479e-08
2023-05-09,CRM,0.077361535,0.077742311,0.078664034
2023-05-09,CSCO,0.2298129,0.22973422,0.22819037
2023-05-09,IBM,0.0054004871,0.0054494575,0.0055047712
2023-05-09,INTC,0.015152769,0.015208824,0.015125823
2023-05-09,MSFT,6.4677896,6.5128565,6.5088156
2023-05-09,NKE,0.00061150343,0.00061822977,0.00061676651
2023-05-09,VZ,1.1813571e-07,1.1894504e-07,1.1751634e-07
2023-05-09,WMT,7.918003e-06,7.9219334e-06,7.9580555e-06
2023-05-10,AAPL,2.8906852,2.9079784,2.8733506
2023-05-10,AMGN,8.0196152e-08,8.2312726e-08,7.9805449e-08
2023-05-10,CRM,0.076749184,0.077914135,0.073953792
2023-05-10,CSCO,0.2263786,0.228631,0.21980213
2023-05-10,IBM,0.0054232895,0.0054571419,0.0054473053
2023-05-10,INTC,0.015211306,0.015178993,0.014776084
2023-05-10,MSFT,6.433286,6.3699498,6.2651976
2023-05-10,NKE,0.0005899735,0.00060163645,0.00057411679
2023-05-10,VZ,1.1490688e-07,1.1845556e-07,1.1380513e-07
2023-05-10,WMT,7.810106e-06,7.881038e-06,7.6477573e-06
2023-05-11,AAPL,2.7993958,2.9113762,2.7201891
2023-05-11,AMGN,7.7748199e-08,7.9955697e-08,7.6318387e-08
2023-05-11,CRM,0.078724188,0.081503594,0.080786541
2023-05-11,CSCO,0.22384398,0.22265712,0.22194607
2023-05-11,IBM,0.0052757168,0.0053315695,0.00520844
2023-05-11,INTC,0.014915075,0.014952017,0.014752226
2023-05-11,MSFT,6.2219398,6.1972011,5.9949219
2023-05-11,NKE,0.00057655861,0.00058842263,0.00057570349
2023-05-11,VZ,1.154319e-07,1.1481438e-07,1.1180505e-07
2023-05-11,WMT,7.7237397e-06,7.806206e-06,7.7305864e-06
2023-05-12,AAPL,2.8234439,2.8589051,2.6989156
2023-05-12,AMGN,7.3472631e-08,7.4402603e-08,7.2676363e-08
2023-05-12,CRM,0.075974407,0.076292149,0.072554022
2023-05-12,CSCO,0.21984325,0.22252081,0.21773748
2023-05-12,IBM,0.0051930774,0.0053030268,0.0050967289
2023-05-12,INTC,0.014913268,0.014845817,0.014856983
2023-05-12,MSFT,6.1810861,6.1877472,6.1061511
2023-05-12,NKE,0.00057205647,0.00057545187,0.00057322171
2023-05-12,VZ,1.1239869e-07,1.142439e-07,1.109262e-07
2023-05-12,WMT,7.5313046e-06,7.7242916e-06,7.524335e-06
2023-05-15,AAPL,2.8040713,2.8444074,2.7877827
2023-05-15,AMGN,7.2730589e-08,7.3896613e-08,7.1971035e-08
2023-05-15,CRM,0.074239983,0.073451873,0.074502964
2023-05-15,CSCO,0.22335651,0.22820548,0.2222487
2023-05-15,IBM,0.0050841133,0.0051652005,0.0050397945
2023-05-15,INTC,0.015163193,0.015622659,0.014942703
2023-05-15,MSFT,6.1040807,6.1802233,6.0232817
2023-05-15,NKE,0.00056262336,0.00057389399,0.00056921875
2023-05-15,VZ,1.0932501e-07,1.0988843e-07,1.1008245e-07
2023-05-15,WMT,7.3498718e-06,7.4674454e-06,7.3106069e-06
2023-05-16,AAPL,2.7208279,2.7443639,2.697302
2023-05-16,AMGN,7.1262121e-08,7.3290676e-08,7.0172683e-08
2023-05-16,CRM,0.072574977,0.072838609,0.071845369
2023-05-16,CSCO,0.22015031,0.22142131,0.22310452
2023-05-16,IBM,0.0050239134,0.0050850848,0.0050553663
2023-05-16,INTC,0.015045894,0.015089753,0.014832688
2023-05-16,MSFT,6.2145323,6.2060843,6.1485814
2023-05-16,NKE,0.00053284568,0.00053583704,0.00051813629
2023-05-16,VZ,1.0642769e-07,1.062479e-07,1.0645257e-07
2023-05-16,WMT,7.2201506e-06,7.302597e-06,7.2048536e-06
2023-05-17,AAPL,2.6785993,2.7195008,2.5929448
2023-05-17,AMGN,7.0051536e-08,7.1219395e-08,6.9747851e-08
2023-05-17,CRM,0.072180984,0.071616037,0.071164143
2023-05-17,CSCO,0.22303318,0.22359479,0.2257796
2023-05-17,IBM,0.004883728,0.0049117853,0.0049025343
2023-05-17,INTC,0.01482706,0.014953744,0.014493679
2023-05-17,MSFT,6.1563369,6.2251107,6.1213698
2023-05-17,NKE,0.00053128081,0.00054250188,0.00052460374
2023-05-17,VZ,1.0564077e-07,1.0728383e-07,1.0604035e-07
2023-05-17,WMT,6.9508721e-06,7.0333601e-06,6.950863e-06
2023-05-18,AAPL,2.7220601,2.7729623,2.614387
2023-05-18,AMGN,7.088931e-08,7.2664127e-08,7.0297083e-08
2023-05-18,CRM,0.074127387,0.074937798,0.07316027
2023-05-18,CSCO,0.21308926,0.21077215,0.2171442
2023-05-18,IBM,0.004764032,0.0048076208,0.0047754182
2023-05-18,INTC,0.014705869,0.01461836,0.014656697
2023-05-18,MSFT,6.1737297,6.2080787,6.064406
2023-05-18,NKE,0.00051438336,0.00051817731,0.00050544044
2023-05-18,VZ,1.051262e-07,1.0589825e-07,1.0472994e-07
2023-05-18,WMT,6.7276487e-06,6.8330457e-06,6.6325802e-06
2023-05-19,AAPL,2.6833287,2.7116001,2.6279783
2023-05-19,AMGN,6.8998646e-08,6.9858031e-08,6.7903224e-08
2023-05-19,CRM,0.077387582,0.077104369,0.076489479
2023-05-19,CSCO,0.21058452,0.21023953,0.2085702
2023-05-19,IBM,0.0046880525,0.0047833492,0.0045852905
2023-05-19,INTC,0.014379913,0.014512929,0.01437987
2023-05-19,MSFT,6.4232074,6.4625111,6.4087019
2023-05-19,NKE,0.00049578564,0.00049344696,0.00049760522
2023-05-19,VZ,1.0378023e-07,1.0471802e-07,1.0435011e-07
2023-05-19,WMT,6.5940835e-06,6.7072989e-06,6.5620777e-06
2023-05-22,AAPL,2.6939475,2.7464012,2.5989816
2023-05-22,AMGN,6.7598687e-08,6.7776455e-08,6.764607e-08
2023-05-22,CRM,0.078265491,0.077189171,0.077287925
2023-05-22,CSCO,0.20909245,0.20784383,0.20473468
2023-05-22,IBM,0.0045240951,0.0046114123,0.0045180618
2023-05-22,INTC,0.014378803,0.014447058,0.014489098
2023-05-22,MSFT,6.3528187,6.3456094,6.270352
2023-05-22,NKE,0.0004747787,0.00048651221,0.00047832276
2023-05-22,VZ,1.0325266e-07,1.032969e-07,1.0475559e-07
2023-05-22,WMT,6.4888741e-06,6.5573017e-06,6.4473717e-06
2023-05-23,AAPL,2.5842694,2.5875525,2.4946213
2023-05-23,AMGN,6.6188749e-08,6.75907e-08,6.4856327e-08
2023-05-23,CRM,0.076019201,0.075161365,0.07376344
2023-05-23,CSCO,0.21614323,0.21688891,0.2149399
2023-05-23,IBM,0.0045076653,0.0045325169,0.0045482711
2023-05-23,INTC,0.014333116,0.014629499,0.014356933
2023-05-23,MSFT,6.3282188,6.3738144,6.0621243
2023-05-23,NKE,0.00045692214,0.00045951483,0.00044470826
2023-05-23,VZ,1.0068744e-07,1.0063801e-07,1.0451995e-07
2023-05-23,WMT,6.4606313e-06,6.5230818e-06,6.3738168e-06
2023-05-24,AAPL,2.6407539,2.6677998,2.5847183
2023-05-24,AMGN,6.471051e-08,6.6426703e-08,6.5433761e-08
2023-05-24,CRM,0.074961134,0.075330989,0.075177539
2023-05-24,CSCO,0.21472284,0.21480728,0.2134328
2023-05-24,IBM,0.0044045598,0.0044609139,0.0043581934
2023-05-24,INTC,0.014306787,0.014647367,0.01417567
2023-05-24,MSFT,6.2770266,6.4046831,6.1955138
2023-05-24,NKE,0.00045229795,0.00045216313,0.0004523089
2023-05-24,VZ,9.9642225e-08,9.9093496e-08,9.8548117e-08
2023-05-24,WMT,6.3949297e-06,6.4860082e-06,6.4060034e-06
2023-05-25,AAPL,2.5643834,2.6196961,2.5189707
2023-05-25,AMGN,6.3472456e-08,6.4638046e-08,6.265981e-08
2023-05-25,CRM,0.076659065,0.07509089,0.076470118
2023-05-25,CSCO,0.21988655,0.21555352,0.2155922
2023-05-25,IBM,0.0043307893,0.0043814669,0.0043311125
2023-05-25,INTC,0.014202357,0.01437249,0.013968654
2023-05-25,MSFT,6.0204551,6.0635706,6.0639252
2023-05-25,NKE,0.00043385249,0.00043672157,0.00043813754
2023-05-25,VZ,9.6373597e-08,9.6842057e-08,9.6863702e-08
2023-05-25,WMT,6.21045e-06,6.2834449e-06,6.1647075e-06
2023-05-26,AAPL,2.5648769,2.601802,2.4934424
2023-05-26,AMGN,6.2723884e-08,6.3695997e-08,6.1493713e-08
2023-05-26,CRM,0.073021143,0.074421084,0.073369762
2023-05-26,CSCO,0.2194099,0.21953822,0.21332505
2023-05-26,IBM,0.0042661927,0.0043035004,0.0042605507
2023-05-26,INTC,0.013823807,0.013989624,0.013784997
2023-05-26,MSFT,6.025593,6.006893,5.886123
2023-05-26,NKE,0.00043344599,0.00043067086,0.00042977318
2023-05-26,VZ,9.4380576e-08,9.6607179e-08,9.6868744e-08
2023-05-26,WMT,5.9377068e-06,6.0325312e-06,5.8922673e-06
2023-05-30,AAPL,2.5200329,2.5916708,2.4775962
2023-05-30,AMGN,6.074551e-08,6.2510145e-08,6.0116277e-08
2023-05-30,CRM,0.073474913,0.073315926,0.072892372
2023-05-30,CSCO,0.21922732,0.22328054,0.2136053
2023-05-30,IBM,0.0041758682,0.0042807462,0.0042460315
2023-05-30,INTC,0.013588634,0.013912919,0.013508686
2023-05-30,MSFT,6.1198519,6.1610974,5.9908669
2023-05-30,NKE,0.00042729003,0.000436797,0.00042923709
2023-05-30,VZ,9.2579638e-08,9.5249309e-08,9.1465347e-08
2023-05-30,WMT,5.8615447e-06,5.986549e-06,5.9160654e-06
2023-05-31,AAPL,2.5167128,2.5524017,2.4782281
2023-05-31,AMGN,5.9347618e-08,6.0720403e-08,5.9937083e-08
2023-05-31,CRM,0.073515468,0.076990216,0.071454879
2023-05-31,CSCO,0.2068468,0.20879797,0.20239474
2023-05-31,IBM,0.0041091127,0.0041930304,0.0039994419
2023-05-31,INTC,0.013107478,0.013131735,0.013112998
2023-05-31,MSFT,6.0978477,6.1800543,6.0921653
2023-05-31,NKE,0.00042116692,0.00042041529,0.00041724991
2023-05-31,VZ,8.9468582e-08,9.0457358e-08,8.8281034e-08
2023-05-31,WMT,5.7954881e-06,5.7913384e-06,5.7409745e-06
2023-06-01,AAPL,2.4548887,2.5192266,2.4003051
2023-06-01,AMGN,5.5009989e-08,5.7535484e-08,5.4969878e-08
2023-06-01,CRM,0.070238778,0.069704493,0.068608842
2023-06-01,CSCO,0.19720695,0.20029409,0.19019343
2023-06-01,IBM,0.0040882477,0.0041381891,0.0040899442
2023-06-01,INTC,0.013324343,0.013295953,0.012899859
2023-06-01,MSFT,5.9283886,5.931735,5.835818
2023-06-01,NKE,0.00040770122,0.00041355016,0.0004051344
2023-06-01,VZ,8.692325e-08,8.7041605e-08,8.4376846e-08
2023-06-01,WMT,5.8850357e-06,6.0150983e-06,5.7086433e-06
2023-06-02,AAPL,2.4250891,2.4922408,2.3815894
2023-06-02,AMGN,5.251173e-08,5.3565844e-08,5.2448311e-08
2023-06-02,CRM,0.069097945,0.070886008,0.067179833
2023-06-02,CSCO,0.19832121,0.20552874,0.20004216
2023-06-02,IBM,0.0039473973,0.0039507482,0.0038934892
2023-06-02,INTC,0.013190918,0.01341199,0.012927486
2023-06-02,MSFT,5.7570654,5.9639204,5.7359508
2023-06-02,NKE,0.00039464199,0.00040237694,0.00038232225
2023-06-02,VZ,8.5246554e-08,8.5580575e-08,8.4662168e-08
2023-06-02,WMT,5.6815339e-06,5.784657e-06,5.6753716e-06
2023-06-05,AAPL,2.3912684,2.3801317,2.3144977
2023-06-05,AMGN,5.2505315e-08,5.2131814e-08,5.1176819e-08
2023-06-05,CRM,0.068241634,0.068828081,0.068639446
2023-06-05,CSCO,0.20333555,0.2013923,0.19983926
2023-06-05,IBM,0.0038986344,0.0039137756,0.0038638966
2023-06-05,INTC,0.013105703,0.013449944,0.013052913
2023-06-05,MSFT,5.6159191,5.6217924,5.6275612
2023-06-05,NKE,0.00037956582,0.00038129013,0.00038192771
2023-06-05,VZ,8.3506101e-08,8.4289387e-08,8.3151589e-08
2023-06-05,WMT,5.5669377e-06,5.6130614e-06,5.5242878e-06
2023-06-06,AAPL,2.4373539,2.4507459,2.4793083
2023-06-06,AMGN,5.067777e-08,5.2069387e-08,5.1120142e-08
2023-06-06,CRM,0.066152181,0.067814541,0.064977829
2023-06-06,CSCO,0.20488792,0.20130733,0.20418825
2023-06-06,IBM,0.0038657684,0.0038988951,0.0038505611
2023-06-06,INTC,0.013063462,0.013065479,0.012890993
2023-06-06,MSFT,5.7440641,5.7406143,5.5785453
2023-06-06,NKE,0.00037955825,0.00038965998,0.0003736205
2023-06-06,VZ,8.0551097e-08,8.0725372e-08,8.0623798e-08
2023-06-06,WMT,5.5753213e-06,5.68606e-06,5.5591974e-06
2023-06-07,AAPL,2.3927912,2.3621477,2.3511613
2023-06-07,AMGN,4.7983859e-08,4.8137433e-08,4.7173755e-08
2023-06-07,CRM,0.06793997,0.06773625,0.068219501
2023-06-07,CSCO,0.19803007,0.19714817,0.19486937
2023-06-07,IBM,0.0037820751,0.0037788093,0.0037504269
2023-06-07,INTC,0.012693497,0.012720158,0.012778295
2023-06-07,MSFT,5.7977592,5.8754275,5.6590412
2023-06-07,NKE,0.00037384553,0.00036888918,0.00037386652
2023-06-07,VZ,7.7902492e-08,7.8168965e-08,7.7676909e-08
2023-06-07,WMT,5.5050302e-06,5.5838951e-06,5.4398989e-06
2023-06-08,AAPL,2.3745983,2.3536331,2.346464
2023-06-08,AMGN,4.8848477e-08,4.8633531e-08,4.8628043e-08
2023-06-08,CRM,0.068019968,0.067254584,0.068565175
2023-06-08,CSCO,0.2000772,0.19676665,0.19666658
2023-06-08,IBM,0.0036388024,0.0037348259,0.0036206388
2023-06-08,INTC,0.012470166,0.012489809,0.012427947
2023-06-08,MSFT,5.7788131,5.7244719,5.7242473
2023-06-08,NKE,0.00036718156,0.00037186274,0.00036370293
2023-06-08,VZ,7.509277e-08,7.6487329e-08,7.5745228e-08
2023-06-08,WMT,5.4786598e-06,5.553451e-06,5.4313938e-06
2023-06-09,AAPL,2.2973576,2.2659065,2.2643849
2023-06-09,AMGN,4.752779e-08,4.8752516e-08,4.645222e-08
2023-06-09,CRM,0.07020175,0.069578457,0.067573823
2023-06-09,CSCO,0.20201879,0.20251424,0.19855585
2023-06-09,IBM,0.0035936457,0.0036275746,0.0035676887
2023-06-09,INTC,0.012327471,0.012448413,0.012169653
2023-06-09,MSFT,5.8716759,5.8482886,5.9426503
2023-06-09,NKE,0.00036207275,0.00036892016,0.0003630925
2023-06-09,VZ,7.3100592e-08,7.3954573e-08,7.3045941e-08
2023-06-09,WMT,5.2389135e-06,5.2875073e-06,5.269549e-06
2023-06-12,AAPL,2.223881,2.2322147,2.1991017
2023-06-12,AMGN,4.5846993e-08,4.6731314e-08,4.4661897e-08
2023-06-12,CRM,0.07200298,0.073286743,0.069889802
2023-06-12,CSCO,0.19764659,0.19577184,0.1987064
2023-06-12,IBM,0.0034903665,0.0034672804,0.003456218
2023-06-12,INTC,0.012393023,0.012344335,0.012150159
2023-06-12,MSFT,5.6611377,5.7301617,5.5396281
2023-06-12,NKE,0.00036575075,0.0003669159,0.00036229464
2023-06-12,VZ,7.005841e-08,7.076261e-08,6.940554e-08
2023-06-12,WMT,4.9942555e-06,5.0858203e-06,4.9355764e-06
2023-06-13,AAPL,2.1685935,2.1328645,2.1760573
2023-06-13,AMGN,4.5031554e-08,4.6150503e-08,4.4353285e-08
2023-06-13,CRM,0.074361044,0.074125252,0.073228835
2023-06-13,CSCO,0.19195206,0.19351752,0.19259735
2023-06-13,IBM,0.0033385767,0.003389833,0.0033248533
2023-06-13,INTC,0.01252025,0.012534529,0.012344906
2023-06-13,MSFT,5.519756,5.5115477,5.5187851
2023-06-13,NKE,0.00036804891,0.00037249545,0.00036371309
2023-06-13,VZ,6.9032261e-08,7.0341828e-08,6.9092688e-08
2023-06-13,WMT,4.9120275e-06,4.914762e-06,4.9695604e-06
2023-06-14,AAPL,2.1237574,2.1341453,2.1162552
2023-06-14,AMGN,4.287084e-08,4.4307425e-08,4.2656706e-08
2023-06-14,CRM,0.074606682,0.074093687,0.074320937
2023-06-14,CSCO,0.18677699,0.18214495,0.18363744
2023-06-14,IBM,0.0032450933,0.0033251838,0.0031794244
2023-06-14,INTC,0.012180284,0.012250782,0.012117963
2023-06-14,MSFT,5.6274211,5.6332245,5.4727698
2023-06-14,NKE,0.00037969365,0.00037531993,0.00037746368
2023-06-14,VZ,6.8094756e-08,6.7440857e-08,6.8703806e-08
2023-06-14,WMT,4.9857374e-06,5.034305e-06,4.9488395e-06
2023-06-15,AAPL,2.1009812,2.1147721,2.0504272
2023-06-15,AMGN,4.2060092e-08,4.3270877e-08,4.2053526e-08
2023-06-15,CRM,0.076586754,0.07739512,0.076673843
2023-06-15,CSCO,0.18753812,0.18604791,0.18309499
2023-06-15,IBM,0.0032658789,0.0033049712,0.00326594
2023-06-15,INTC,0.012048476,0.012119647,0.011765673
2023-06-15,MSFT,5.667158,5.6646276,5.6562143
2023-06-15,NKE,0.00037880462,0.00038990874,0.00037679543
2023-06-15,VZ,6.6169234e-08,6.5934354e-08,6.7203136e-08
2023-06-15,WMT,4.9318873e-06,4.9997341e-06,4.867268e-06
2023-06-16,AAPL,2.0683041,2.0525661,2.0399952
2023-06-16,AMGN,4.202433e-08,4.283613e-08,4.1347152e-08
2023-06-16,CRM,0.075984197,0.075261494,0.076633594
2023-06-16,CSCO,0.17810142,0.17878135,0.17688964
2023-06-16,IBM,0.0031758544,0.0032040447,0.0031435687
2023-06-16,INTC,0.0119704,0.012002266,0.01174959
2023-06-16,MSFT,5.8374,5.8588559,5.7247936
2023-06-16,NKE,0.00037301114,0.00037299705,0.00037743266
2023-06-16,VZ,6.4910694e-08,6.532712e-08,6.4774266e-08
2023-06-16,WMT,4.7289483e-06,4.7735233e-06,4.6560986e-06
2023-06-20,AAPL,2.062235,2.0506381,2.0271951
2023-06-20,AMGN,4.0599826e-08,4.1215178e-08,3.9988095e-08
2023-06-20,CRM,0.080262379,0.078948249,0.077295091
2023-06-20,CSCO,0.17109529,0.1714357,0.17242257
2023-06-20,IBM,0.0031453454,0.0032007494,0.0031419869
2023-06-20,INTC,0.011924437,0.011909653,0.011573569
2023-06-20,MSFT,5.7806851,5.7803895,5.8034595
2023-06-20,NKE,0.00036459313,0.00036862349,0.00036688263
2023-06-20,VZ,6.2717828e-08,6.3786272e-08,6.209363e-08
2023-06-20,WMT,4.7156046e-06,4.7688768e-06,4.7118422e-06
2023-06-21,AAPL,2.076436,2.0911264,2.0807457
2023-06-21,AMGN,3.9743617e-08,4.0165135e-08,3.9264728e-08
2023-06-21,CRM,0.076536809,0.076655429,0.077531186
2023-06-21,CSCO,0.17481793,0.17595104,0.17118468
2023-06-21,IBM,0.0031052577,0.0032087728,0.0031248451
2023-06-21,INTC,0.01180019,0.011922516,0.011749733
2023-06-21,MSFT,5.7879216,5.8185861,5.632785
2023-06-21,NKE,0.00036261042,0.0003636699,0.0003665191
2023-06-21,VZ,6.2388299e-08,6.3808296e-08,6.1556236e-08
2023-06-21,WMT,4.6545494e-06,4.7310237e-06,4.6914036e-06
2023-06-22,AAPL,2.0737193,2.0824803,2.0356542
2023-06-22,AMGN,3.8520465e-08,3.9340004e-08,3.823814e-08
2023-06-22,CRM,0.075267224,0.07559736,0.073193344
2023-06-22,CSCO,0.17238096,0.17450066,0.17296555
2023-06-22,IBM,0.0030892867,0.0031088331,0.0030914455
2023-06-22,INTC,0.012007056,0.012168458,0.011841071
2023-06-22,MSFT,5.8293306,5.8688682,5.7942564
2023-06-22,NKE,0.00036158754,0.00036863432,0.00035520974
2023-06-22,VZ,6.1032293e-08,6.2722302e-08,6.1407736e-08
2023-06-22,WMT,4.5241836e-06,4.6029601e-06,4.5205688e-06
2023-06-23,AAPL,2.0756021,2.1038889,2.0010239
2023-06-23,AMGN,3.8379513e-08,3.9708337e-08,3.7929975e-08
2023-06-23,CRM,0.079174854,0.078245981,0.079400394
2023-06-23,CSCO,0.1779108,0.1758288,0.17670537
2023-06-23,IBM,0.0030431646,0.0030931301,0.0030407447
2023-06-23,INTC,0.011888975,0.012013603,0.011835885
2023-06-23,MSFT,5.8489314,5.8163243,5.6945177
2023-06-23,NKE,0.0003542548,0.00035563257,0.00035312686
2023-06-23,VZ,5.9893386e-08,6.0496018e-08,5.9866479e-08
2023-06-23,WMT,4.4037931e-06,4.4498185e-06,4.3380938e-06
2023-06-26,AAPL,2.1335456,2.1943317,2.1306351
2023-06-26,AMGN,3.8283148e-08,3.8314683e-08,3.8220933e-08
2023-06-26,CRM,0.077654982,0.078489019,0.076586841
2023-06-26,CSCO,0.17737307,0.17433328,0.17627626
2023-06-26,IBM,0.002983479,0.0030181311,0.003004216
2023-06-26,INTC,0.011833074,0.011923577,0.011983847
2023-06-26,MSFT,5.7875367,5.8509321,5.6580734
2023-06-26,NKE,0.00035487423,0.00036187018,0.00035954717
2023-06-26,VZ,5.9013094e-08,5.8947951e-08,5.9293168e-08
2023-06-26,WMT,4.3869379e-06,4.4381193e-06,4.4615679e-06
2023-06-27,AAPL,2.1176886,2.079774,2.112781
2023-06-27,AMGN,3.6580727e-08,3.6904134e-08,3.6470101e-08
2023-06-27,CRM,0.074201936,0.074558863,0.072618926
2023-06-27,CSCO,0.17161855,0.16956338,0.17313265
2023-06-27,IBM,0.00299981,0.0030790875,0.002930309
2023-06-27,INTC,0.011571832,0.011590474,0.011355829
2023-06-27,MSFT,5.6127554,5.6762088,5.5250906
2023-06-27,NKE,0.00035200957,0.00035305003,0.00035374074
2023-06-27,VZ,5.7401828e-08,5.8096109e-08,5.782141e-08
2023-06-27,WMT,4.2958677e-06,4.3731687e-06,4.2718283e-06
2023-06-28,AAPL,2.0905027,2.0930575,2.0510918
2023-06-28,AMGN,3.6510255e-08,3.6790964e-08,3.6529435e-08
2023-06-28,CRM,0.072222609,0.072295033,0.070558368
2023-06-28,CSCO,0.17355975,0.17356422,0.17228924
2023-06-28,IBM,0.0029211926,0.0029937077,0.0029066605
2023-06-28,INTC,0.011613279,0.012061467,0.01139628
2023-06-28,MSFT,5.7262542,5.7923082,5.8324696
2023-06-28,NKE,0.00034779106,0.00035128195,0.00034258239
2023-06-28,VZ,5.6494649e-08,5.7084641e-08,5.5250459e-08
2023-06-28,WMT,4.2852128e-06,4.3566349e-06,4.2723174e-06
2023-06-29,AAPL,2.0595562,2.0553146,2.0190511
2023-06-29,AMGN,3.4502596e-08,3.5592265e-08,3.4772831e-08
2023-06-29,CRM,0.073133694,0.073842711,0.073197284
2023-06-29,CSCO,0.17809181,0.1790721,0.17228995
2023-06-29,IBM,0.0029073379,0.0029210016,0.002893685
2023-06-29,INTC,0.011385597,0.011552799,0.011205991
2023-06-29,MSFT,5.8285276,5.9369069,5.7335621
2023-06-29,NKE,0.00034480062,0.00034700779,0.00034163012
2023-06-29,VZ,5.5709873e-08,5.5926234e-08,5.5690431e-08
2023-06-29,WMT,4.249765e-06,4.3113401e-06,4.2243341e-06
2023-06-30,AAPL,2.0785316,2.0524767,2.0450393
2023-06-30,AMGN,3.3290172e-08,3.3899491e-08,3.3080011e-08
2023-06-30,CRM,0.076770452,0.076428643,0.076115708
2023-06-30,CSCO,0.1777062,0.17901017,0.1726056
2023-06-30,IBM,0.0028679392,0.0029336922,0.0028165306
2023-06-30,INTC,0.011186503,0.011234537,0.010862002
2023-06-30,MSFT,5.696989,5.7288336,5.5801165
2023-06-30,NKE,0.00034643812,0.00035141994,0.00034801367
2023-06-30,VZ,5.588942e-08,5.6314084e-08,5.6112242e-08
2023-06-30,WMT,4.2047944e-06,4.2751539e-06,4.1182029e-06
2023-07-03,AAPL,2.0319855,2.0561932,1.9988394
2023-07-03,AMGN,3.2724083e-08,3.3388359e-08,3.2574054e-08
2023-07-03,CRM,0.075345836,0.076334449,0.072274332
2023-07-03,CSCO,0.17735107,0.18069679,0.17192798
2023-07-03,IBM,0.0028104011,0.0028677753,0.0027842558
2023-07-03,INTC,0.010886895,0.01083521,0.010951282
2023-07-03,MSFT,5.481951,5.589236,5.3845126
2023-07-03,NKE,0.00034083915,0.00034572001,0.00033178886
2023-07-03,VZ,5.5281509e-08,5.5257389e-08,5.4765058e-08
2023-07-03,WMT,4.1840462e-06,4.2519079e-06,4.1516669e-06
2023-07-05,AAPL,1.9907057,2.0206018,1.9518291
2023-07-05,AMGN,3.1575181e-08,3.2025253e-08,3.1869335e-08
2023-07-05,CRM,0.076954365,0.0789242,0.076435185
2023-07-05,CSCO,0.17657905,0.1801314,0.17384999
2023-07-05,IBM,0.0027818075,0.002805229,0.002759934
2023-07-05,INTC,0.010574525,0.010735886,0.010470626
2023-07-05,MSFT,5.3510661,5.3999526,5.2281932
2023-07-05,NKE,0.00033550726,0.00034343046,0.00033636548
2023-07-05,VZ,5.3975683e-08,5.4744562e-08,5.3615459e-08
2023-07-05,WMT,4.1527405e-06,4.2946111e-06,4.0706209e-06
2023-07-06,AAPL,2.0023306,2.0077881,2.0274503
2023-07-06,AMGN,3.0784443e-08,3.1286401e-08,3.0370076e-08
2023-07-06,CRM,0.079718812,0.07917183,0.079171821
2023-07-06,CSCO,0.17670841,0.18077595,0.17659984
2023-07-06,IBM,0.0026948966,0.0026899392,0.0026822802
2023-07-06,INTC,0.010346722,0.010337136,0.010106507
2023-07-06,MSFT,5.420653,5.5205931,5.4431644
2023-07-06,NKE,0.00033796944,0.00034721623,0.00034258
2023-07-06,VZ,5.3686968e-08,5.4257898e-08,5.4312567e-08
2023-07-06,WMT,4.1464132e-06,4.1077048e-06,4.1152817e-06
2023-07-07,AAPL,1.9822841,2.0157669,1.9958181
2023-07-07,AMGN,3.0254903e-08,3.0649656e-08,2.9835253e-08
2023-07-07,CRM,0.073708207,0.075127831,0.069703175
2023-07-07,CSCO,0.1769068,0.17709755,0.17617706
2023-07-07,IBM,0.0026606643,0.0027328167,0.0026429132
2023-07-07,INTC,0.010168888,0.010279407,0.0099397729
2023-07-07,MSFT,5.3130218,5.3381042,5.3123539
2023-07-07,NKE,0.00032651636,0.00033319895,0.00032477553
2023-07-07,VZ,5.3077486e-08,5.3651868e-08,5.3516198e-08
2023-07-07,WMT,4.1141455e-06,4.127439e-06,4.1359957e-06
2023-07-10,AAPL,1.9333204,1.9729889,1.8772157
2023-07-10,AMGN,2.9088645e-08,2.9520522e-08,2.9081288e-08
2023-07-10,CRM,0.076428498,0.076533338,0.077012038
2023-07-10,CSCO,0.17915104,0.17813375,0.18078344
2023-07-10,IBM,0.0026102499,0.0026434971,0.0026176846
2023-07-10,INTC,0.01026306,0.010457735,0.010342498
2023-07-10,MSFT,5.2406322,5.2083279,5.1009777
2023-07-10,NKE,0.00031195954,0.0003160152,0.00030611386
2023-07-10,VZ,5.1461731e-08,5.1412752e-08,5.2441071e-08
2023-07-10,WMT,4.0180596e-06,4.0863722e-06,4.0457346e-06
2023-07-11,AAPL,1.8638075,1.9017578,1.8279258
2023-07-11,AMGN,2.8354926e-08,2.8770018e-08,2.7739181e-08
2023-07-11,CRM,0.07460028,0.076436151,0.072246157
2023-07-11,CSCO,0.1763331,0.17483888,0.17406302
2023-07-11,IBM,0.0025249541,0.0025756656,0.0025542295
2023-07-11,INTC,0.01029439,0.010227329,0.01005938
2023-07-11,MSFT,5.1831864,5.1846076,5.0896997
2023-07-11,NKE,0.0003105943,0.00031545363,0.00030961717
2023-07-11,VZ,4.9876616e-08,5.0429696e-08,4.9563967e-08
2023-07-11,WMT,3.8641152e-06,3.942198e-06,3.8270796e-06
2023-07-12,AAPL,1.919501,1.9487011,1.9172604
2023-07-12,AMGN,2.7502883e-08,2.8474644e-08,2.715334e-08
2023-07-12,CRM,0.075647654,0.075477639,0.072612656
2023-07-12,CSCO,0.17815628,0.17714092,0.17851548
2023-07-12,IBM,0.0024984784,0.0025210563,0.0024976735
2023-07-12,INTC,0.010088502,0.010107953,0.0099504
2023-07-12,MSFT,5.1031672,5.1451296,4.9397432
2023-07-12,NKE,0.00030601762,0.00031019675,0.00030353591
2023-07-12,VZ,4.7382915e-08,4.7424115e-08,4.653127e-08
2023-07-12,WMT,3.8087092e-06,3.9015123e-06,3.790381e-06
2023-07-13,AAPL,1.9085898,1.9529219,1.8902506
2023-07-13,AMGN,2.7130928e-08,2.7400096e-08,2.6539825e-08
2023-07-13,CRM,0.071129012,0.070302342,0.07040949
2023-07-13,CSCO,0.18034995,0.18062742,0.179545
2023-07-13,IBM,0.0024792951,0.0025120177,0.0024969684
2023-07-13,INTC,0.010039496,0.010082058,0.0099424118
2023-07-13,MSFT,5.0133775,5.0376842,4.9415306
2023-07-13,NKE,0.00030786173,0.00030985678,0.00030561919
2023-07-13,VZ,4.6287146e-08,4.7104848e-08,4.5178832e-08
2023-07-13,WMT,3.6303396e-06,3.7140157e-06,3.6054685e-06
2023-07-14,AAPL,1.9082244,1.8998338,1.8725481
2023-07-14,AMGN,2.6359618e-08,2.692124e-08,2.5492643e-08
2023-07-14,CRM,0.067892528,0.065949719,0.065322912
2023-07-14,CSCO,0.17770018,0.17778175,0.18122846
2023-07-14,IBM,0.0024849716,0.002513661,0.0024731251
2023-07-14,INTC,0.0096157341,0.009765925,0.0095662209
2023-07-14,MSFT,4.99521,5.0094086,4.8670771
2023-07-14,NKE,0.00030344803,0.00031017643,0.00030713472
2023-07-14,VZ,4.4171633e-08,4.4744828e-08,4.4900218e-08
2023-07-14,WMT,3.6010783e-06,3.6764482e-06,3.5611403e-06
2023-07-17,AAPL,1.9420698,1.9503406,1.9133355
2023-07-17,AMGN,2.5777601e-08,2.6102867e-08,2.5726208e-08
2023-07-17,CRM,0.06532739,0.068126468,0.063681868
2023-07-17,CSCO,0.17426937,0.17447275,0.1731078
2023-07-17,IBM,0.0024512168,0.002462565,0.0024639305
2023-07-17,INTC,0.0095717261,0.0098200995,0.0094821403
2023-07-17,MSFT,4.935438,5.0057147,4.8512387
2023-07-17,NKE,0.00030740671,0.00030951985,0.00030575491
2023-07-17,VZ,4.3222616e-08,4.3426543e-08,4.3005928e-08
2023-07-17,WMT,3.5263993e-06,3.5791213e-06,3.5093679e-06
2023-07-18,AAPL,1.9363492,1.9533601,1.8892922
2023-07-18,AMGN,2.5828488e-08,2.5819534e-08,2.5273396e-08
2023-07-18,CRM,0.064455651,0.065885659,0.06381677
2023-07-18,CSCO,0.17424801,0.17385438,0.17153008
2023-07-18,IBM,0.0023671681,0.0024556562,0.0023629576
2023-07-18,INTC,0.0094661966,0.0095792613,0.0093140645
2023-07-18,MSFT,4.7975404,4.8884835,4.7555149
2023-07-18,NKE,0.00030732315,0.00030732222,0.00030841446
2023-07-18,VZ,4.2450933e-08,4.2974027e-08,4.2412124e-08
2023-07-18,WMT,3.4527878e-06,3.525876e-06,3.4640575e-06
2023-07-19,AAPL,1.9229997,1.9650204,1.9188052
2023-07-19,AMGN,2.5700133e-08,2.6152708e-08,2.474055e-08
2023-07-19,CRM,0.064026156,0.064140735,0.06297382
2023-07-19,CSCO,0.17281495,0.17498968,0.1685955
2023-07-19,IBM,0.002361898,0.0023818001,0.0023465817
2023-07-19,INTC,0.0091310716,0.0091616783,0.0090779862
2023-07-19,MSFT,4.7690805,4.7871969,4.7533615
2023-07-19,NKE,0.00031428126,0.00031995608,0.00030993113
2023-07-19,VZ,4.1698197e-08,4.2588977e-08,4.1637019e-08
2023-07-19,WMT,3.3971056e-06,3.4593421e-06,3.3580344e-06
2023-07-20,AAPL,1.914216,1.896547,1.8630623
2023-07-20,AMGN,2.6301867e-08,2.6585516e-08,2.5560274e-08
2023-07-20,CRM,0.064228862,0.064915819,0.063744309
2023-07-20,CSCO,0.17222486,0.17029605,0.17241054
2023-07-20,IBM,0.002342432,0.002360398,0.0023373519
2023-07-20,INTC,0.0090968695,0.0091664987,0.0089036846
2023-07-20,MSFT,4.6997091,4.703628,4.597953
2023-07-20,NKE,0.0003045433,0.00030498843,0.00030239835
2023-07-20,VZ,4.0632242e-08,4.1523355e-08,4.0952612e-08
2023-07-20,WMT,3.2967728e-06,3.3281142e-06,3.2448496e-06
2023-07-21,AAPL,1.8930216,1.9095356,1.8922279
2023-07-21,AMGN,2.5778681e-08,2.6140709e-08,2.5441384e-08
2023-07-21,CRM,0.063535717,0.061893974,0.062851769
2023-07-21,CSCO,0.17336026,0.17282647,0.17479457
2023-07-21,IBM,0.0022767418,0.0023064377,0.0022560466
2023-07-21,INTC,0.0092619417,0.0092435395,0.0093168778
2023-07-21,MSFT,4.6347695,4.6974205,4.4672249
2023-07-21,NKE,0.00029906475,0.00030668115,0.00029989189
2023-07-21,VZ,3.9598594e-08,4.0182447e-08,3.9541773e-08
2023-07-21,WMT,3.1996597e-06,3.2380849e-06,3.1506108e-06
2023-07-24,AAPL,1.88623,1.8530482,1.8146683
2023-07-24,AMGN,2.5167835e-08,2.5522628e-08,2.4536338e-08
2023-07-24,CRM,0.06219094,0.062621107,0.061996997
2023-07-24,CSCO,0.17434293,0.17665665,0.16945395
2023-07-24,IBM,0.0022627175,0.0022574438,0.0022444648
2023-07-24,INTC,0.009152335,0.0091590602,0.0090056677
2023-07-24,MSFT,4.5171138,4.5538367,4.4778542
2023-07-24,NKE,0.00029280575,0.00029849812,0.00029069884
2023-07-24,VZ,3.9250962e-08,3.9795433e-08,3.9385275e-08
2023-07-24,WMT,3.1307483e-06,3.1730017e-06,3.1212944e-06
2023-07-25,AAPL,1.9090566,1.8972937,1.8639816
2023-07-25,AMGN,2.4479961e-08,2.5055502e-08,2.4236167e-08
2023-07-25,CRM,0.061914908,0.061821928,0.060202238
2023-07-25,CSCO,0.17025873,0.17073576,0.16769925
2023-07-25,IBM,0.002275051,0.0022815073,0.0022559741
2023-07-25,INTC,0.0092166,0.0092274805,0.0090046572
2023-07-25,MSFT,4.4752158,4.5236191,4.3468769
2023-07-25,NKE,0.00027930077,0.00028353905,0.00027486736
2023-07-25,VZ,3.7725041e-08,3.8342548e-08,3.7885095e-08
2023-07-25,WMT,3.0313654e-06,3.0877115e-06,3.040173e-06
2023-07-26,AAPL,1.8817996,1.8886658,1.8943862
2023-07-26,AMGN,2.4104066e-08,2.4528311e-08,2.3528681e-08
2023-07-26,CRM,0.058869516,0.058865218,0.057752592
2023-07-26,CSCO,0.17069135,0.17066212,0.17046902
2023-07-26,IBM,0.0022479541,0.0022609949,0.0022385107
2023-07-26,INTC,0.009051809,0.0091858682,0.0089353337
2023-07-26,MSFT,4.4613413,4.483541,4.4150577
2023-07-26,NKE,0.00027880391,0.00027781271,0.00027856963
2023-07-26,VZ,3.7297548e-08,3.7690976e-08,3.7342868e-08
2023-07-26,WMT,2.9916519e-06,3.0318094e-06,2.9587156e-06
2023-07-27,AAPL,1.8787274,1.9102907,1.8464536
2023-07-27,AMGN,2.3577692e-08,2.4177359e-08,2.3180872e-08
2023-07-27,CRM,0.058843195,0.058988033,0.058253841
2023-07-27,CSCO,0.17481509,0.17733853,0.17363803
2023-07-27,IBM,0.0022218917,0.0022955195,0.0022103719
2023-07-27,INTC,0.0088733033,0.0088727877,0.0088169649
2023-07-27,MSFT,4.4130817,4.4028652,4.4034097
2023-07-27,NKE,0.00028425487,0.00028691012,0.00028155271
2023-07-27,VZ,3.5788951e-08,3.5964235e-08,3.5784582e-08
2023-07-27,WMT,2.8708605e-06,2.9329898e-06,2.84793e-06
2023-07-28,AAPL,1.8921101,1.9329215,1.8543698
2023-07-28,AMGN,2.302673e-08,2.3696458e-08,2.3054386e-08
2023-07-28,CRM,0.059308638,0.059250918,0.057228366
2023-07-28,CSCO,0.17815239,0.17766141,0.17499362
2023-07-28,IBM,0.0022615504,0.0023207881,0.0022599075
2023-07-28,INTC,0.0088661725,0.0089085015,0.0088690135
2023-07-28,MSFT,4.4975224,4.5454475,4.4782608
2023-07-28,NKE,0.00028532984,0.00028946387,0.00028347759
2023-07-28,VZ,3.5191179e-08,3.5647474e-08,3.5200987e-08
2023-07-28,WMT,2.7678446e-06,2.7874629e-06,2.7232013e-06
2023-07-31,AAPL,1.906301,1.8998501,1.8929821
2023-07-31,AMGN,2.2497649e-08,2.2665645e-08,2.2575736e-08
2023-07-31,CRM,0.059850293,0.060015183,0.060034697
2023-07-31,CSCO,0.17958133,0.18176813,0.17634526
2023-07-31,IBM,0.0022430094,0.0022692292,0.0022314215
2023-07-31,INTC,0.0089468041,0.0088712786,0.0087477255
2023-07-31,MSFT,4.5580233,4.6179928,4.4632917
2023-07-31,NKE,0.00027670258,0.00027878624,0.00026940684
2023-07-31,VZ,3.4451396e-08,3.462178e-08,3.4737316e-08
2023-07-31,WMT,2.6460824e-06,2.6711118e-06,2.5943726e-06
2023-08-01,AAPL,1.8661485,1.906832,1.8373939
2023-08-01,AMGN,2.2146492e-08,2.2597845e-08,2.2113749e-08
2023-08-01,CRM,0.0587919,0.058615299,0.057331194
2023-08-01,CSCO,0.18079633,0.17705209,0.17886973
2023-08-01,IBM,0.0022123831,0.0022278963,0.0022047288
2023-08-01,INTC,0.0087599454,0.0088642091,0.0085930089
2023-08-01,MSFT,4.5471248,4.5703948,4.4985015
2023-08-01,NKE,0.00027573476,0.00027519994,0.00027522769
2023-08-01,VZ,3.4231898e-08,3.4792811e-08,3.4101567e-08
2023-08-01,WMT,2.6357511e-06,2.6753888e-06,2.6164298e-06
2023-08-02,AAPL,1.8664428,1.8846109,1.8033215
2023-08-02,AMGN,2.0822406e-08,2.1654046e-08,2.0562256e-08
2023-08-02,CRM,0.055726068,0.057309961,0.054805196
2023-08-02,CSCO,0.18146586,0.18357383,0.17587716
2023-08-02,IBM,0.002165986,0.0021828799,0.0021373655
2023-08-02,INTC,0.0088655379,0.0089285603,0.0086426452
2023-08-02,MSFT,4.5644101,4.6252792,4.4107291
2023-08-02,NKE,0.00026995197,0.00027754016,0.00026538201
2023-08-02,VZ,3.4477228e-08,3.4796962e-08,3.3853169e-08
2023-08-02,WMT,2.5926267e-06,2.6682748e-06,2.5074235e-06
2023-08-03,AAPL,1.9084138,1.903908,1.8958635
2023-08-03,AMGN,2.0253725e-08,2.0422733e-08,2.0039316e-08
2023-08-03,CRM,0.055706116,0.056984163,0.054638403
2023-08-03,CSCO,0.17745351,0.18414946,0.17522049
2023-08-03,IBM,0.002100233,0.002146268,0.0020926778
2023-08-03,INTC,0.0086873495,0.0087244887,0.0086396927
2023-08-03,MSFT,4.3121442,4.4309827,4.2517574
2023-08-03,NKE,0.00027313774,0.00027927061,0.00027164101
2023-08-03,VZ,3.4278877e-08,3.4961095e-08,3.4302513e-08
2023-08-03,WMT,2.6017515e-06,2.6370355e-06,2.6104572e-06
2023-08-04,AAPL,1.8952118,1.9169268,1.9165903
2023-08-04,AMGN,1.9404139e-08,1.9520474e-08,1.9190537e-08
2023-08-04,CRM,0.055545561,0.055036613,0.056477041
2023-08-04,CSCO,0.17876746,0.18062041,0.1767561
2023-08-04,IBM,0.0021057202,0.0021059644,0.0021236657
2023-08-04,INTC,0.008532306,0.0085877345,0.0085612352
2023-08-04,MSFT,4.3625698,4.4062068,4.3513014
2023-08-04,NKE,0.00027390672,0.00027763841,0.00027010329
2023-08-04,VZ,3.3642738e-08,3.3340107e-08,3.3785368e-08
2023-08-04,WMT,2.6360781e-06,2.6956369e-06,2.6435508e-06
2023-08-07,AAPL,1.9934897,1.9953055,1.9529269
2023-08-07,AMGN,1.8628522e-08,1.8805978e-08,1.8825773e-08
2023-08-07,CRM,0.053536581,0.055326436,0.05211911
2023-08-07,CSCO,0.18003342,0.1798453,0.18005419
2023-08-07,IBM,0.0020895704,0.0021318258,0.0020739029
2023-08-07,INTC,0.0088833873,0.0088457421,0.0086822691
2023-08-07,MSFT,4.3286748,4.4347537,4.2712087
2023-08-07,NKE,0.00026485914,0.00026444614,0.00026054329
2023-08-07,VZ,3.2907439e-08,3.3243354e-08,3.3292622e-08
2023-08-07,WMT,2.6057096e-06,2.5859744e-06,2.5899291e-06
2023-08-08,AAPL,1.9933277,2.0004756,2.0175089
2023-08-08,AMGN,1.8351262e-08,1.8695614e-08,1.8161565e-08
2023-08-08,CRM,0.0558347,0.056553051,0.054433516
2023-08-08,CSCO,0.17349943,0.17153748,0.1750817
2023-08-08,IBM,0.0020129365,0.0020468659,0.0020297587
2023-08-08,INTC,0.008984554,0.0091086696,0.0088425413
2023-08-08,MSFT,4.3064154,4.2403508,4.2565862
2023-08-08,NKE,0.00026524792,0.00026470365,0.00026659835
2023-08-08,VZ,3.1696672e-08,3.2031183e-08,3.1361628e-08
2023-08-08,WMT,2.5480101e-06,2.5950617e-06,2.5999529e-06
2023-08-09,AAPL,1.9487757,1.993193,1.8966819
2023-08-09,AMGN,1.8794873e-08,1.9131444e-08,1.8886575e-08
2023-08-09,CRM,0.05578698,0.056484093,0.0563593
2023-08-09,CSCO,0.17059004,0.1712942,0.17185423
2023-08-09,IBM,0.001980854,0.0019891393,0.001988131
2023-08-09,INTC,0.0087267335,0.0087671962,0.0086621892
2023-08-09,MSFT,4.2640212,4.3367163,4.2280956
2023-08-09,NKE,0.00026816964,0.00027338479,0.00026400294
2023-08-09,VZ,3.0871784e-08,3.1157961e-08,3.1224602e-08
2023-08-09,WMT,2.4867367e-06,2.532697e-06,2.507675e-06
2023-08-10,AAPL,1.90612,1.9091946,1.8886235
2023-08-10,AMGN,1.7773495e-08,1.8504025e-08,1.7575165e-08
2023-08-10,CRM,0.056317072,0.057414544,0.055869649
2023-08-10,CSCO,0.17078181,0.17514068,0.17168828
2023-08-10,IBM,0.0019154617,0.001939809,0.0019189969
2023-08-10,INTC,0.0085547041,0.0086492467,0.0085596685
2023-08-10,MSFT,4.2654112,4.3061315,4.2248805
2023-08-10,NKE,0.0002660736,0.0002700503,0.00025908631
2023-08-10,VZ,3.0215594e-08,3.0560113e-08,3.0232282e-08
2023-08-10,WMT,2.4248217e-06,2.462739e-06,2.4070373e-06
2023-08-11,AAPL,1.8480658,1.8802546,1.834835
2023-08-11,AMGN,1.7032006e-08,1.737576e-08,1.6752097e-08
2023-08-11,CRM,0.057810631,0.059445565,0.057778368
2023-08-11,CSCO,0.17133654,0.17400626,0.17364958
2023-08-11,IBM,0.0018997274,0.001939356,0.0019145255
2023-08-11,INTC,0.0085907915,0.0087153233,0.0085599158
2023-08-11,MSFT,4.2526848,4.2721049,4.1795206
2023-08-11,NKE,0.00026452495,0.00026730125,0.00026530736
2023-08-11,VZ,2.9665332e-08,3.0384003e-08,2.9700013e-08
2023-08-11,WMT,2.4362629e-06,2.4402559e-06,2.4269851e-06
2023-08-14,AAPL,1.8430638,1.8500526,1.8114355
2023-08-14,AMGN,1.655964e-08,1.7013841e-08,1.6385276e-08
2023-08-14,CRM,0.056839207,0.05753419,0.055092748
2023-08-14,CSCO,0.16348384,0.16775356,0.16614706
2023-08-14,IBM,0.0018646967,0.0018706309,0.0018531448
2023-08-14,INTC,0.0085203859,0.0086512397,0.0083442452
2023-08-14,MSFT,4.2675167,4.3208914,4.2230348
2023-08-14,NKE,0.0002682272,0.00026682125,0.00027176829
2023-08-14,VZ,2.8490099e-08,2.8625353e-08,2.839115e-08
2023-08-14,WMT,2.4285894e-06,2.4450431e-06,2.4157946e-06
2023-08-15,AAPL,1.848441,1.8736148,1.8824985
2023-08-15,AMGN,1.6268552e-08,1.6348908e-08,1.6126935e-08
2023-08-15,CRM,0.056657746,0.05823828,0.056438254
2023-08-15,CSCO,0.16171685,0.16562395,0.16273283
2023-08-15,IBM,0.0018340813,0.0018635522,0.0018090723
2023-08-15,INTC,0.0082460267,0.0083288761,0.0081474511
2023-08-15,MSFT,4.2472853,4.3303257,4.1722931
2023-08-15,NKE,0.00026278298,0.00026359812,0.00026258305
2023-08-15,VZ,2.7951519e-08,2.8352352e-08,2.8281319e-08
2023-08-15,WMT,2.389014e-06,2.4150526e-06,2.4051606e-06
2023-08-16,AAPL,1.8403165,1.873315,1.8427997
2023-08-16,AMGN,1.6181346e-08,1.6343038e-08,1.6136498e-08
2023-08-16,CRM,0.056768026,0.057560271,0.05522461
2023-08-16,CSCO,0.15788649,0.15718652,0.15479776
2023-08-16,IBM,0.0018227227,0.0018459894,0.00182151
2023-08-16,INTC,0.008283805,0.0083575223,0.0082035735
2023-08-16,MSFT,4.2805813,4.3126385,4.2229344
2023-08-16,NKE,0.0002497814,0.0002559313,0.00024878676
2023-08-16,VZ,2.7010489e-08,2.7301629e-08,2.743379e-08
2023-08-16,WMT,2.2661478e-06,2.3235092e-06,2.2352281e-06
2023-08-17,AAPL,1.8475204,1.8448159,1.819094
2023-08-17,AMGN,1.6080369e-08,1.6177162e-08,1.6090645e-08
2023-08-17,CRM,0.056442403,0.057890287,0.054206092
2023-08-17,CSCO,0.15854036,0.15864613,0.157033
2023-08-17,IBM,0.0018138375,0.0018396277,0.0018299546
2023-08-17,INTC,0.0079386852,0.007954358,0.0078760747
2023-08-17,MSFT,4.2052677,4.2451065,4.1600347
2023-08-17,NKE,0.00025389235,0.00025836469,0.00025480954
2023-08-17,VZ,2.6102579e-08,2.6329942e-08,2.5933839e-08
2023-08-17,WMT,2.2666275e-06,2.2988444e-06,2.2890379e-06
2023-08-18,AAPL,1.8805415,1.8760498,1.8802057
2023-08-18,AMGN,1.5849949e-08,1.6530492e-08,1.5681342e-08
2023-08-18,CRM,0.058144787,0.058503327,0.057289733
2023-08-18,CSCO,0.15290434,0.15518635,0.15190961
2023-08-18,IBM,0.0017778897,0.0017719204,0.0017713027
2023-08-18,INTC,0.007848217,0.0079253678,0.0077127441
2023-08-18,MSFT,4.2625582,4.3224899,4.1966407
2023-08-18,NKE,0.00025578167,0.00025738382,0.00025158253
2023-08-18,VZ,2.5615435e-08,2.5455337e-08,2.5328673e-08
2023-08-18,WMT,2.2053043e-06,2.2344883e-06,2.212746e-06
2023-08-21,AAPL,1.9066333,1.8816143,1.8786675
2023-08-21,AMGN,1.5283126e-08,1.5752282e-08,1.5086366e-08
2023-08-21,CRM,0.057331372,0.057341528,0.055178205
2023-08-21,CSCO,0.15281322,0.15289191,0.15027664
2023-08-21,IBM,0.0017794621,0.0018124046,0.0017475725
2023-08-21,INTC,0.0078535033,0.0080526475,0.007755989
2023-08-21,MSFT,4.2347519,4.1987268,4.2130218
2023-08-21,NKE,0.000252521,0.00025579355,0.00024604122
2023-08-21,VZ,2.5247904e-08,2.5468154e-08,2.5112348e-08
2023-08-21,WMT,2.1199184e-06,2.1325946e-06,2.0944048e-06
2023-08-22,AAPL,1.8924453,1.9082111,1.8771675
2023-08-22,AMGN,1.4987408e-08,1.5137221e-08,1.4699046e-08
2023-08-22,CRM,0.055920654,0.056033687,0.055015593
2023-08-22,CSCO,0.15067949,0.150012,0.14806694
2023-08-22,IBM,0.0017645925,0.0018146715,0.0017448195
2023-08-22,INTC,0.0076574256,0.0078984053,0.0075686737
2023-08-22,MSFT,4.2798436,4.2763107,4.2306141
2023-08-22,NKE,0.00025479226,0.00025990402,0.00025646542
2023-08-22,VZ,2.4223363e-08,2.4765228e-08,2.4437226e-08
2023-08-22,WMT,2.1504539e-06,2.1785088e-06,2.1277702e-06
2023-08-23,AAPL,1.904467,1.8655973,1.8873917
2023-08-23,AMGN,1.4684327e-08,1.5049849e-08,1.4454809e-08
2023-08-23,CRM,0.055410784,0.055618328,0.053016
2023-08-23,CSCO,0.14703341,0.14586771,0.1442592
2023-08-23,IBM,0.0017283263,0.0017278837,0.0017125235
2023-08-23,INTC,0.0076671362,0.0076760285,0.0075624323
2023-08-23,MSFT,4.3457195,4.3016782,4.3428469
2023-08-23,NKE,0.00025906219,0.00025633867,0.0002583721
2023-08-23,VZ,2.3780498e-08,2.3992534e-08,2.3739302e-08
2023-08-23,WMT,2.1178774e-06,2.1333769e-06,2.1228872e-06
2023-08-24,AAPL,1.8735098,1.8568448,1.84823
2023-08-24,AMGN,1.4930345e-08,1.535465e-08,1.4816213e-08
2023-08-24,CRM,0.054165925,0.054531732,0.053148651
2023-08-24,CSCO,0.14333503,0.14615197,0.14042559
2023-08-24,IBM,0.0016716914,0.0017017113,0.001662318
2023-08-24,INTC,0.0075201177,0.0076284935,0.0074200445
2023-08-24,MSFT,4.3599683,4.2854517,4.3469478
2023-08-24,NKE,0.00025949493,0.00026149711,0.00026395551
2023-08-24,VZ,2.3259061e-08,2.367389e-08,2.2929548e-08
2023-08-24,WMT,2.0759199e-06,2.0945986e-06,2.0437754e-06
2023-08-25,AAPL,1.8609565,1.8631694,1.8766877
2023-08-25,AMGN,1.4650786e-08,1.4939966e-08,1.439478e-08
2023-08-25,CRM,0.054528264,0.055544127,0.053288743
2023-08-25,CSCO,0.1432385,0.14269606,0.14165808
2023-08-25,IBM,0.0016204491,0.0016404587,0.001593381
2023-08-25,INTC,0.0074735522,0.0075560217,0.0073377017
2023-08-25,MSFT,4.2353525,4.3684449,4.2367071
2023-08-25,NKE,0.00025301709,0.00025772737,0.00025621743
2023-08-25,VZ,2.265056e-08,2.2621235e-08,2.270412e-08
2023-08-25,WMT,2.0351157e-06,2.0534054e-06,2.02837e-06
2023-08-28,AAPL,1.8708858,1.8992919,1.8205955
2023-08-28,AMGN,1.4429285e-08,1.4792716e-08,1.4198901e-08
2023-08-28,CRM,0.05336841,0.053448393,0.052568574
2023-08-28,CSCO,0.14448183,0.14257582,0.14219265
2023-08-28,IBM,0.0015608932,0.0015782017,0.0015399154
2023-08-28,INTC,0.0074676468,0.0075685283,0.0073915433
2023-08-28,MSFT,4.1682593,4.2067677,4.1237668
2023-08-28,NKE,0.00025068876,0.0002542182,0.00025091624
2023-08-28,VZ,2.1566453e-08,2.209974e-08,2.1385612e-08
2023-08-28,WMT,1.9459031e-06,1.9756787e-06,1.9249946e-06
2023-08-29,AAPL,1.7785034,1.8056554,1.7589178
2023-08-29,AMGN,1.3695106e-08,1.3913036e-08,1.3740541e-08
2023-08-29,CRM,0.053369331,0.052893501,0.052065045
2023-08-29,CSCO,0.14595313,0.14617683,0.14860475
2023-08-29,IBM,0.0015553953,0.0015714621,0.0015543691
2023-08-29,INTC,0.0073324477,0.0074367727,0.0073300037
2023-08-29,MSFT,4.2638241,4.2220184,4.1514666
2023-08-29,NKE,0.00024968236,0.00025355653,0.00024162365
2023-08-29,VZ,2.1531395e-08,2.2232192e-08,2.2024348e-08
2023-08-29,WMT,1.9334577e-06,1.9870518e-06,1.9609236e-06
2023-08-30,AAPL,1.7909933,1.8157026,1.7427129
2023-08-30,AMGN,1.3117308e-08,1.3244836e-08,1.2965426e-08
2023-08-30,CRM,0.054399368,0.053881104,0.054478328
2023-08-30,CSCO,0.14256166,0.14234248,0.14079975
2023-08-30,IBM,0.0015370221,0.0015638735,0.0015221752
2023-08-30,INTC,0.0074480097,0.0075045938,0.0073288755
2023-08-30,MSFT,4.2522164,4.2670418,4.2697638
2023-08-30,NKE,0.00025537705,0.00025556093,0.00025336221
2023-08-30,VZ,2.0906512e-08,2.0823412e-08,2.0512601e-08
2023-08-30,WMT,1.8735783e-06,1.9064185e-06,1.864419e-06
2023-08-31,AAPL,1.7575514,1.7663177,1.6674338
2023-08-31,AMGN,1.2798619e-08,1.3343091e-08,1.2774215e-08
2023-08-31,CRM,0.054477351,0.055713861,0.053574806
2023-08-31,CSCO,0.1373463,0.13672354,0.13352558
2023-08-31,IBM,0.0015044284,0.0015144968,0.0014906984
2023-08-31,INTC,0.0075283909,0.0075090252,0.0074150833
2023-08-31,MSFT,4.2193655,4.2183205,4.1835014
2023-08-31,NKE,0.00025670614,0.00026200082,0.000254302
2023-08-31,VZ,2.0503708e-08,2.0644171e-08,2.0671595e-08
2023-08-31,WMT,1.8469497e-06,1.8980139e-06,1.8066247e-06
2023-09-01,AAPL,1.7415078,1.7978117,1.7172605
2023-09-01,AMGN,1.2723384e-08,1.3120238e-08,1.2523752e-08
2023-09-01,CRM,0.053168105,0.055653983,0.051708313
2023-09-01,CSCO,0.12973734,0.12873283,0.12841998
2023-09-01,IBM,0.0014652011,0.0014832512,0.0014502888
2023-09-01,INTC,0.0072819811,0.0073811323,0.007111847
2023-09-01,MSFT,4.0876445,4.1505515,4.0525402
2023-09-01,NKE,0.00025783892,0.00026396916,0.00025587295
2023-09-01,VZ,2.018367e-08,2.013361e-08,1.9921024e-08
2023-09-01,WMT,1.812588e-06,1.8342683e-06,1.8094168e-06
2023-09-05,AAPL,1.6861925,1.670058,1.6651954
2023-09-05,AMGN,1.228139e-08,1.2366066e-08,1.2199975e-08
2023-09-05,CRM,0.056076114,0.057823773,0.055552695
2023-09-05,CSCO,0.12892898,0.13138478,0.12745118
2023-09-05,IBM,0.0014472044,0.0014753002,0.0014128171
2023-09-05,INTC,0.0071763347,0.0072692593,0.0069590174
2023-09-05,MSFT,4.1008871,4.1556804,4.1100684
2023-09-05,NKE,0.00025731744,0.00025846507,0.00025394597
2023-09-05,VZ,2.0367714e-08,2.0514861e-08,2.0391739e-08
2023-09-05,WMT,1.8114199e-06,1.8164113e-06,1.7684875e-06
2023-09-06,AAPL,1.7704118,1.7835066,1.7602422
2023-09-06,AMGN,1.1789044e-08,1.2075091e-08,1.1560305e-08
2023-09-06,CRM,0.05568046,0.056059302,0.054934686
2023-09-06,CSCO,0.13117524,0.13200735,0.12880754
2023-09-06,IBM,0.0014434031,0.0014743837,0.001456466
2023-09-06,INTC,0.0072276617,0.0073360843,0.0071132885
2023-09-06,MSFT,4.0783433,4.0682989,4.0005716
2023-09-06,NKE,0.00025805468,0.00025754323,0.00026153894
2023-09-06,VZ,2.0272873e-08,2.0685744e-08,2.096255e-08
2023-09-06,WMT,1.815872e-06,1.8455501e-06,1.8043801e-06
2023-09-07,AAPL,1.7602556,1.7793602,1.7391533
2023-09-07,AMGN,1.1353361e-08,1.1818432e-08,1.1146046e-08
2023-09-07,CRM,0.053876339,0.055400105,0.053867765
2023-09-07,CSCO,0.12918724,0.13019978,0.12893835
2023-09-07,IBM,0.0013957279,0.0013971684,0.001381151
2023-09-07,INTC,0.0071365182,0.007086633,0.0068347563
2023-09-07,MSFT,4.01153,3.9870922,3.9591989
2023-09-07,NKE,0.00025308515,0.00025144388,0.00025090925
2023-09-07,VZ,1.9860066e-08,2.0036686e-08,1.9683634e-08
2023-09-07,WMT,1.8007787e-06,1.8165248e-06,1.7907987e-06
2023-09-08,AAPL,1.7079555,1.7237487,1.6885593
2023-09-08,AMGN,1.1077274e-08,1.1382129e-08,1.0828695e-08
2023-09-08,CRM,0.051173758,0.050652846,0.049747487
2023-09-08,CSCO,0.13070103,0.13026621,0.13050046
2023-09-08,IBM,0.0013980512,0.0014092861,0.0014026757
2023-09-08,INTC,0.0069509862,0.0070125462,0.0069655816
2023-09-08,MSFT,4.0281143,4.0212488,3.9784938
2023-09-08,NKE,0.00024886315,0.00025172199,0.00024743707
2023-09-08,VZ,1.984019e-08,2.0023101e-08,1.9846054e-08
2023-09-08,WMT,1.7609806e-06,1.770633e-06,1.7497026e-06
2023-09-11,AAPL,1.6584796,1.6567621,1.6338739
2023-09-11,AMGN,1.0655715e-08,1.096344e-08,1.0458452e-08
2023-09-11,CRM,0.052518065,0.051293007,0.050218268
2023-09-11,CSCO,0.13507407,0.13714754,0.13562428
2023-09-11,IBM,0.0013657825,0.0013727497,0.0013558979
2023-09-11,INTC,0.0067463019,0.0068051508,0.0066991283
2023-09-11,MSFT,4.0492539,4.1649051,4.0401677
2023-09-11,NKE,0.00023915256,0.0002398804,0.00024077872
2023-09-11,VZ,1.9135521e-08,1.9373322e-08,1.8999366e-08
2023-09-11,WMT,1.7406172e-06,1.7758973e-06,1.7484584e-06
2023-09-12,AAPL,1.5939144,1.5913464,1.5491564
2023-09-12,AMGN,1.0609821e-08,1.0882848e-08,1.0528773e-08
2023-09-12,CRM,0.05161094,0.050779567,0.050577331
2023-09-12,CSCO,0.13301882,0.1349217,0.13085729
2023-09-12,IBM,0.0013601025,0.0013771838,0.0013461343
2023-09-12,INTC,0.0068263589,0.0068997565,0.0065675404
2023-09-12,MSFT,4.0527131,4.0604995,4.0420655
2023-09-12,NKE,0.00024047997,0.0002411552,0.00024710401
2023-09-12,VZ,1.8589247e-08,1.8935065e-08,1.8457468e-08
2023-09-12,WMT,1.6939998e-06,1.7032358e-06,1.6710594e-06
2023-09-13,AAPL,1.6101947,1.6365844,1.5337459
2023-09-13,AMGN,1.0240018e-08,1.0477944e-08,1.009596e-08
2023-09-13,CRM,0.049518202,0.049724949,0.048400796
2023-09-13,CSCO,0.13230817,0.13080285,0.13067877
2023-09-13,IBM,0.0013608459,0.0013707014,0.0013499978
2023-09-13,INTC,0.0066934246,0.0066755221,0.0066750912
2023-09-13,MSFT,4.0047101,4.0399932,3.9749581
2023-09-13,NKE,0.00024081272,0.00023951452,0.00024287381
2023-09-13,VZ,1.8345293e-08,1.8626747e-08,1.8278232e-08
2023-09-13,WMT,1.6482473e-06,1.6674147e-06,1.6411654e-06
2023-09-14,AAPL,1.53863,1.5358366,1.4982961
2023-09-14,AMGN,9.9748013e-09,1.0161079e-08,9.8383302e-09
2023-09-14,CRM,0.050578678,0.049494092,0.049712295
2023-09-14,CSCO,0.13541051,0.135456,0.13343965
2023-09-14,IBM,0.0013604177,0.0013593803,0.0013735619
2023-09-14,INTC,0.0067080335,0.0068355912,0.0067549591
2023-09-14,MSFT,4.0791388,4.234874,3.9838673
2023-09-14,NKE,0.00022812263,0.00023151422,0.00022715973
2023-09-14,VZ,1.7723135e-08,1.785108e-08,1.7853989e-08
2023-09-14,WMT,1.602205e-06,1.6184624e-06,1.6012978e-06
2023-09-15,AAPL,1.512803,1.5348469,1.4701222
2023-09-15,AMGN,9.5351933e-09,9.8959789e-09,9.3176889e-09
2023-09-15,CRM,0.050721314,0.051433024,0.049879914
2023-09-15,CSCO,0.13306812,0.13064446,0.12991869
2023-09-15,IBM,0.001306934,0.0013063092,0.0012889867
2023-09-15,INTC,0.0066774797,0.0066571442,0.0064725219
2023-09-15,MSFT,4.1935442,4.1358794,4.0920233
2023-09-15,NKE,0.00022760305,0.00022797329,0.00022600371
2023-09-15,VZ,1.7220991e-08,1.7310284e-08,1.7007879e-08
2023-09-15,WMT,1.5710415e-06,1.5975919e-06,1.5590628e-06
2023-09-18,AAPL,1.5331724,1.5675456,1.5132556
2023-09-18,AMGN,9.269931e-09,9.5450152e-09,9.0123505e-09
2023-09-18,CRM,0.051640774,0.052043079,0.052176715
2023-09-18,CSCO,0.12995957,0.12956632,0.12843319
2023-09-18,IBM,0.0012671348,0.0012799185,0.001251704
2023-09-18,INTC,0.0065946133,0.0066757523,0.0064683247
2023-09-18,MSFT,3.9518577,3.8661357,3.9664438
2023-09-18,NKE,0.00022818093,0.00022749477,0.00022436595
2023-09-18,VZ,1.6640362e-08,1.6767056e-08,1.6485101e-08
2023-09-18,WMT,1.518932e-06,1.5491507e-06,1.5040073e-06
2023-09-19,AAPL,1.5632847,1.5709522,1.4968822
2023-09-19,AMGN,9.5328288e-09,9.788643e-09,9.2965759e-09
2023-09-19,CRM,0.051202076,0.051570188,0.04980587
2023-09-19,CSCO,0.13097022,0.13179766,0.13121383
2023-09-19,IBM,0.0012309152,0.0012331475,0.00124967
2023-09-19,INTC,0.0065342709,0.0065485934,0.0066171881
2023-09-19,MSFT,3.8128916,3.8318447,3.7653849
2023-09-19,NKE,0.00022489263,0.00022867038,0.00022186366
2023-09-19,VZ,1.596742e-08,1.5938118e-08,1.5978931e-08
2023-09-19,WMT,1.4690157e-06,1.4816623e-06,1.4831419e-06
2023-09-20,AAPL,1.5825224,1.6157856,1.5570478
2023-09-20,AMGN,9.1727038e-09,9.2528126e-09,9.0780267e-09
2023-09-20,CRM,0.051247502,0.049756542,0.050934459
2023-09-20,CSCO,0.13145934,0.12967361,0.13115163
2023-09-20,IBM,0.0012134623,0.0012305546,0.0012043676
2023-09-20,INTC,0.0064081916,0.0064702269,0.0063868699
2023-09-20,MSFT,3.7593834,3.8115046,3.6605309
2023-09-20,NKE,0.000222131,0.00022275686,0.00022050387
2023-09-20,VZ,1.580899e-08,1.6071329e-08,1.5999122e-08
2023-09-20,WMT,1.4520617e-06,1.4817019e-06,1.4309604e-06
2023-09-21,AAPL,1.5729837,1.5878806,1.5514649
2023-09-21,AMGN,8.8960358e-09,9.0823575e-09,8.8423076e-09
2023-09-21,CRM,0.051178737,0.051577131,0.050799118
2023-09-21,CSCO,0.13288969,0.13241306,0.13372797
2023-09-21,IBM,0.0012095928,0.0012254643,0.001194174
2023-09-21,INTC,0.0064728745,0.0065872667,0.0062706474
2023-09-21,MSFT,3.5609211,3.6050736,3.5217065
2023-09-21,NKE,0.00021980412,0.00022006981,0.00021920359
2023-09-21,VZ,1.5458749e-08,1.5759021e-08,1.5157027e-08
2023-09-21,WMT,1.4169781e-06,1.4435479e-06,1.4144201e-06
2023-09-22,AAPL,1.6042225,1.6266974,1.5723583
2023-09-22,AMGN,8.6144598e-09,8.7320518e-09,8.547663e-09
2023-09-22,CRM,0.049726379,0.04984707,0.047223008
2023-09-22,CSCO,0.13537391,0.13605674,0.13460132
2023-09-22,IBM,0.0012120017,0.0012277223,0.0012013916
2023-09-22,INTC,0.0066581361,0.0065283627,0.0065557497
2023-09-22,MSFT,3.556313,3.596291,3.5112287
2023-09-22,NKE,0.00021696897,0.00022197004,0.00021717845
2023-09-22,VZ,1.5161889e-08,1.5124843e-08,1.5186633e-08
2023-09-22,WMT,1.3862966e-06,1.3942442e-06,1.3741215e-06
2023-09-25,AAPL,1.5631041,1.6092975,1.5648482
2023-09-25,AMGN,8.5678255e-09,8.7863158e-09,8.470944e-09
2023-09-25,CRM,0.051028916,0.05181519,0.05108732
2023-09-25,CSCO,0.13554139,0.13339158,0.13232475
2023-09-25,IBM,0.0011859031,0.0012029684,0.001183423
2023-09-25,INTC,0.0066126185,0.0066597825,0.0065745897
2023-09-25,MSFT,3.5855407,3.5900406,3.5200531
2023-09-25,NKE,0.00020854125,0.00020853538,0.00020775029
2023-09-25,VZ,1.4785487e-08,1.5021906e-08,1.488871e-08
2023-09-25,WMT,1.3762064e-06,1.3802055e-06,1.3776706e-06
2023-09-26,AAPL,1.585185,1.5741485,1.5550021
2023-09-26,AMGN,8.3265997e-09,8.50758e-09,8.3437351e-09
2023-09-26,CRM,0.051442149,0.051958864,0.050627659
2023-09-26,CSCO,0.13633642,0.1355199,0.13419354
2023-09-26,IBM,0.0011970134,0.00120637,0.001194917
2023-09-26,INTC,0.006454111,0.0064647532,0.0063108171
2023-09-26,MSFT,3.6395004,3.613722,3.5756059
2023-09-26,NKE,0.00020658967,0.00021048715,0.00020792716
2023-09-26,VZ,1.4479281e-08,1.4500302e-08,1.4641256e-08
2023-09-26,WMT,1.3478569e-06,1.3878642e-06,1.3455073e-06
2023-09-27,AAPL,1.5876534,1.6285697,1.5800328
2023-09-27,AMGN,8.291274e-09,8.4564054e-09,8.3049237e-09
2023-09-27,CRM,0.050469008,0.050608817,0.051389694
2023-09-27,CSCO,0.13844735,0.13940339,0.13475579
2023-09-27,IBM,0.0011638899,0.0011869888,0.0011648701
2023-09-27,INTC,0.0063290657,0.0063771852,0.0062988332
2023-09-27,MSFT,3.5786588,3.6163006,3.5040755
2023-09-27,NKE,0.00020429015,0.00020917495,0.00020323822
2023-09-27,VZ,1.4193104e-08,1.4277795e-08,1.4030558e-08
2023-09-27,WMT,1.3243988e-06,1.3521091e-06,1.3174895e-06
2023-09-28,AAPL,1.5646834,1.554807,1.5630519
2023-09-28,AMGN,8.059988e-09,8.1578423e-09,7.8668809e-09
2023-09-28,CRM,0.049898636,0.050190803,0.0510565
2023-09-28,CSCO,0.13341246,0.13425584,0.13123772
2023-09-28,IBM,0.0011595049,0.0011652901,0.001141732
2023-09-28,INTC,0.0063063212,0.0063754827,0.0063106476
2023-09-28,MSFT,3.7089742,3.7030791,3.7093624
2023-09-28,NKE,0.00020215867,0.00020406392,0.00019590488
2023-09-28,VZ,1.3746987e-08,1.3791438e-08,1.3413485e-08
2023-09-28,WMT,1.2658757e-06,1.2896577e-06,1.2652434e-06
2023-09-29,AAPL,1.5071918,1.5511178,1.4767729
2023-09-29,AMGN,7.7620291e-09,7.9991267e-09,7.7073935e-09
2023-09-29,CRM,0.050650883,0.051003336,0.049332929
2023-09-29,CSCO,0.12996353,0.13128825,0.12839185
2023-09-29,IBM,0.0011527077,0.0011577439,0.0011417789
2023-09-29,INTC,0.0064367091,0.0065313107,0.0064582285
2023-09-29,MSFT,3.5914127,3.6508157,3.5122877
2023-09-29,NKE,0.00019947786,0.0002053859,0.00020147342
2023-09-29,VZ,1.356614e-08,1.3867597e-08,1.3800179e-08
2023-09-29,WMT,1.234638e-06,1.2298746e-06,1.2156409e-06
2023-10-02,AAPL,1.5006799,1.5121323,1.4589957
2023-10-02,AMGN,7.4978758e-09,7.5942909e-09,7.4443237e-09
2023-10-02,CRM,0.050812093,0.051851952,0.047974149
2023-10-02,CSCO,0.13259175,0.13434612,0.1315329
2023-10-02,IBM,0.0011685879,0.0011771016,0.001152368
2023-10-02,INTC,0.0064180877,0.0066143087,0.0063195805
2023-10-02,MSFT,3.4867972,3.5053281,3.3806182
2023-10-02,NKE,0.00019358339,0.00019542105,0.00019339162
2023-10-02,VZ,1.3699557e-08,1.3884982e-08,1.3856943e-08
2023-10-02,WMT,1.2083425e-06,1.2086418e-06,1.1950336e-06
2023-10-03,AAPL,1.5210696,1.5506768,1.4747556
2023-10-03,AMGN,7.2716129e-09,7.4099482e-09,7.1941543e-09
2023-10-03,CRM,0.049856061,0.051239621,0.048902931
2023-10-03,CSCO,0.13041441,0.13278158,0.12934107
2023-10-03,IBM,0.0011610198,0.0011894711,0.0011607149
2023-10-03,INTC,0.0063399218,0.0064382273,0.0062208562
2023-10-03,MSFT,3.3990106,3.4685216,3.3301271
2023-10-03,NKE,0.00019285642,0.00019802891,0.00018986714
2023-10-03,VZ,1.3325766e-08,1.359074e-08,1.322461e-08
2023-10-03,WMT,1.193056e-06,1.2254209e-06,1.1835077e-06
2023-10-04,AAPL,1.4858379,1.4945915,1.4563155
2023-10-04,AMGN,7.1075708e-09,7.3173942e-09,6.9394578e-09
2023-10-04,CRM,0.050959811,0.051947611,0.04948184
2023-10-04,CSCO,0.13500081,0.13868417,0.13284719
2023-10-04,IBM,0.0011405557,0.001142453,0.0011545048
2023-10-04,INTC,0.0062924325,0.0063706389,0.0064200243
2023-10-04,MSFT,3.3962045,3.3945703,3.389423
2023-10-04,NKE,0.00019837867,0.00019789676,0.00019680784
2023-10-04,VZ,1.3263108e-08,1.3501762e-08,1.3076071e-08
2023-10-04,WMT,1.2062954e-06,1.193787e-06,1.1961656e-06
2023-10-05,AAPL,1.4913769,1.4880859,1.4755584
2023-10-05,AMGN,6.9222962e-09,7.215025e-09,6.9140949e-09
2023-10-05,CRM,0.050110987,0.051098887,0.050536296
2023-10-05,CSCO,0.13095457,0.13037193,0.12878992
2023-10-05,IBM,0.0011295244,0.0011212877,0.001130271
2023-10-05,INTC,0.0061866882,0.0062312132,0.0061240997
2023-10-05,MSFT,3.3135364,3.3245736,3.2319101
2023-10-05,NKE,0.00019380411,0.00019584791,0.0001921271
2023-10-05,VZ,1.2602535e-08,1.2676939e-08,1.2308757e-08
2023-10-05,WMT,1.186527e-06,1.1977389e-06,1.1922571e-06
2023-10-06,AAPL,1.5576977,1.5499681,1.5400979
2023-10-06,AMGN,6.7318292e-09,6.8958852e-09,6.6333633e-09
2023-10-06,CRM,0.049068745,0.048589456,0.050027687
2023-10-06,CSCO,0.12870914,0.13041914,0.12723752
2023-10-06,IBM,0.0011424378,0.0011613517,0.0011312244
2023-10-06,INTC,0.0061076288,0.0061662076,0.0060106575
2023-10-06,MSFT,3.2302718,3.1812928,3.2174949
2023-10-06,NKE,0.00018593381,0.00018560044,0.00018505627
2023-10-06,VZ,1.2421264e-08,1.2488085e-08,1.2324308e-08
2023-10-06,WMT,1.1867579e-06,1.2159635e-06,1.2029338e-06
2023-10-09,AAPL,1.5493166,1.5766807,1.5331186
2023-10-09,AMGN,6.4827841e-09,6.6992607e-09,6.4289016e-09
2023-10-09,CRM,0.049153331,0.048710597,0.048218082
2023-10-09,CSCO,0.12863005,0.12953334,0.12862765
2023-10-09,IBM,0.0011321958,0.0011495444,0.0011305601
2023-10-09,INTC,0.0060395072,0.0059408928,0.0060162271
2023-10-09,MSFT,3.2698078,3.3474016,3.2181208
2023-10-09,NKE,0.00018307319,0.00018242032,0.00018339177
2023-10-09,VZ,1.1833253e-08,1.1875607e-08,1.1864294e-08
2023-10-09,WMT,1.1481781e-06,1.1655817e-06,1.1398541e-06
2023-10-10,AAPL,1.5451198,1.5226086,1.5135163
2023-10-10,AMGN,6.1696313e-09,6.4498813e-09,6.1274219e-09
2023-10-10,CRM,0.04959571,0.049917019,0.047292923
2023-10-10,CSCO,0.13056325,0.12907213,0.1279051
2023-10-10,IBM,0.0011222328,0.0011468214,0.0011181307
2023-10-10,INTC,0.0061580742,0.0061665391,0.0061714708
2023-10-10,MSFT,3.3022994,3.3207339,3.304235
2023-10-10,NKE,0.00018085319,0.00018446768,0.00018277909
2023-10-10,VZ,1.1573364e-08,1.1514305e-08,1.1507215e-08
2023-10-10,WMT,1.1343406e-06,1.1429901e-06,1.1329462e-06
2023-10-11,AAPL,1.565245,1.5533022,1.5400967
2023-10-11,AMGN,5.9426652e-09,5.9945393e-09,5.9764108e-09
2023-10-11,CRM,0.049692296,0.049652847,0.049123826
2023-10-11,CSCO,0.13018441,0.13100379,0.13013762
2023-10-11,IBM,0.0011195806,0.0011284786,0.0011012555
2023-10-11,INTC,0.0059814031,0.0061128026,0.0059349804
2023-10-11,MSFT,3.2798683,3.2904798,3.1794316
2023-10-11,NKE,0.00018299391,0.00018890235,0.00018440708
2023-10-11,VZ,1.1159352e-08,1.1334681e-08,1.123321e-08
2023-10-11,WMT,1.1230492e-06,1.1393269e-06,1.117018e-06
2023-10-12,AAPL,1.5956478,1.5925563,1.5389229
2023-10-12,AMGN,5.7780721e-09,5.8832181e-09,5.8267358e-09
2023-10-12,CRM,0.050601203,0.050480479,0.050650238
2023-10-12,CSCO,0.12908097,0.12788897,0.12768164
2023-10-12,IBM,0.0010748485,0.001082298,0.001091933
2023-10-12,INTC,0.0059891259,0.006026603,0.0059335206
2023-10-12,MSFT,3.3029036,3.3413012,3.2702968
2023-10-12,NKE,0.00017854565,0.00018166152,0.00018023277
2023-10-12,VZ,1.0959322e-08,1.120736e-08,1.1061612e-08
2023-10-12,WMT,1.1113506e-06,1.130903e-06,1.1111144e-06
2023-10-13,AAPL,1.594389,1.5823057,1.5804039
2023-10-13,AMGN,5.5931473e-09,5.7077052e-09,5.4594452e-09
2023-10-13,CRM,0.04870045,0.050225428,0.048958443
2023-10-13,CSCO,0.1276022,0.12893021,0.12494342
2023-10-13,IBM,0.0010636979,0.0010642077,0.0010553464
2023-10-13,INTC,0.005917702,0.0059309757,0.0058271994
2023-10-13,MSFT,3.2633685,3.3015274,3.23708
2023-10-13,NKE,0.00017963446,0.00018059051,0.0001787166
2023-10-13,VZ,1.087723e-08,1.1069683e-08,1.0853081e-08
2023-10-13,WMT,1.0818111e-06,1.0865948e-06,1.0771792e-06
2023-10-16,AAPL,1.6080368,1.6194908,1.5832955
2023-10-16,AMGN,5.3325925e-09,5.3853806e-09,5.2475782e-09
2023-10-16,CRM,0.047677034,0.048324782,0.047011974
2023-10-16,CSCO,0.12822298,0.12827532,0.12534338
2023-10-16,IBM,0.0010522352,0.0010560843,0.0010421328
2023-10-16,INTC,0.0057588019,0.0057891494,0.0057857752
2023-10-16,MSFT,3.154766,3.1701138,3.1424756
2023-10-16,NKE,0.0001745153,0.0001764371,0.00017460601
2023-10-16,VZ,1.044255e-08,1.0441298e-08,1.0427469e-08
2023-10-16,WMT,1.0821826e-06,1.0921601e-06,1.0827135e-06
2023-10-17,AAPL,1.6656371,1.6799836,1.6674587
2023-10-17,AMGN,5.090327e-09,5.2270805e-09,5.0577981e-09
2023-10-17,CRM,0.047671311,0.048245638,0.04756873
2023-10-17,CSCO,0.13062241,0.12837111,0.12762441
2023-10-17,IBM,0.0010237475,0.0010305004,0.0010062295
2023-10-17,INTC,0.0057077664,0.0058231069,0.005584368
2023-10-17,MSFT,3.0676383,3.116853,3.0306273
2023-10-17,NKE,0.00017229292,0.0001743569,0.00017019818
2023-10-17,VZ,1.0401481e-08,1.051624e-08,1.0296576e-08
2023-10-17,WMT,1.0572975e-06,1.0748761e-06,1.0585914e-06
2023-10-18,AAPL,1.6681163,1.7112833,1.6397147
2023-10-18,AMGN,4.9123614e-09,5.0203389e-09,4.7805545e-09
2023-10-18,CRM,0.046486912,0.046012653,0.046437367
2023-10-18,CSCO,0.12847311,0.12789277,0.129406
2023-10-18,IBM,0.0010185851,0.0010359005,0.00099030198
2023-10-18,INTC,0.0055392732,0.0054979615,0.0054636228
2023-10-18,MSFT,3.0794265,3.0729857,3.0295354
2023-10-18,NKE,0.00016917361,0.00016771377,0.00016632362
2023-10-18,VZ,1.0152143e-08,1.0305876e-08,1.0219998e-08
2023-10-18,WMT,1.0437386e-06,1.0404417e-06,1.0397483e-06
2023-10-19,AAPL,1.66279,1.6634971,1.6536599
2023-10-19,AMGN,4.7242888e-09,4.856361e-09,4.7877427e-09
2023-10-19,CRM,0.04536317,0.045125228,0.043651012
2023-10-19,CSCO,0.12898646,0.12805547,0.12902004
2023-10-19,IBM,0.0010424528,0.0010600897,0.001024509
2023-10-19,INTC,0.0055644281,0.0056050559,0.0055443842
2023-10-19,MSFT,3.051091,3.0625794,2.9904577
2023-10-19,NKE,0.00016663678,0.00016930134,0.00016917184
2023-10-19,VZ,1.0006174e-08,1.007939e-08,1.0086392e-08
2023-10-19,WMT,1.0253798e-06,1.0354063e-06,1.0234192e-06
2023-10-20,AAPL,1.6404689,1.6077298,1.6350104
2023-10-20,AMGN,4.5911724e-09,4.6512042e-09,4.5460434e-09
2023-10-20,CRM,0.044882757,0.044850259,0.044354195
2023-10-20,CSCO,0.13008804,0.13190182,0.12942609
2023-10-20,IBM,0.0010274045,0.0010404172,0.0010095244
2023-10-20,INTC,0.0054551534,0.005486976,0.0053670305
2023-10-20,MSFT,2.9265371,2.9324518,2.9183639
2023-10-20,NKE,0.00016603286,0.00016669467,0.00016467623
2023-10-20,VZ,9.9838502e-09,1.0153611e-08,9.9716016e-09
2023-10-20,WMT,1.0192978e-06,1.0280787e-06,1.0081527e-06
2023-10-23,AAPL,1.6002894,1.6526687,1.5759071
2023-10-23,AMGN,4.4220638e-09,4.5953642e-09,4.3899495e-09
2023-10-23,CRM,0.045958254,0.046586403,0.045015427
2023-10-23,CSCO,0.1328959,0.13077969,0.13457533
2023-10-23,IBM,0.0010183705,0.0010277585,0.0010152598
2023-10-23,INTC,0.0052016165,0.0052871921,0.0051970031
2023-10-23,MSFT,2.8992294,2.9703304,2.8559284
2023-10-23,NKE,0.00016080461,0.00015953802,0.0001605567
2023-10-23,VZ,9.5470835e-09,9.6347253e-09,9.4302694e-09
2023-10-23,WMT,1.0000577e-06,1.0118453e-06,1.0103197e-06
2023-10-24,AAPL,1.6060901,1.6317062,1.5654594
2023-10-24,AMGN,4.3562301e-09,4.4028422e-09,4.2470136e-09
2023-10-24,CRM,0.043464953,0.043643515,0.042855793
2023-10-24,CSCO,0.13711144,0.13670222,0.13755781
2023-10-24,IBM,0.001017228,0.0010302972,0.0010154196
2023-10-24,INTC,0.0052513399,0.0051063065,0.0051602143
2023-10-24,MSFT,2.8829711,2.9312935,2.843116
2023-10-24,NKE,0.00016483949,0.0001665457,0.00016210381
2023-10-24,VZ,9.279775e-09,9.4327385e-09,9.234093e-09
2023-10-24,WMT,9.7608489e-07,9.873108e-07,9.6637002e-07
2023-10-25,AAPL,1.607996,1.6201082,1.608355
2023-10-25,AMGN,4.2837305e-09,4.3192872e-09,4.3068624e-09
2023-10-25,CRM,0.042734528,0.042654756,0.041751366
2023-10-25,CSCO,0.13564381,0.13670461,0.13378155
2023-10-25,IBM,0.0010254889,0.0010263652,0.0010125543
2023-10-25,INTC,0.0050943914,0.0051334893,0.0049524153
2023-10-25,MSFT,2.8788362,2.9574497,2.873412
2023-10-25,NKE,0.00016720076,0.00016946903,0.00016735059
2023-10-25,VZ,8.9986926e-09,9.1467687e-09,8.8298351e-09
2023-10-25,WMT,9.4592041e-07,9.5562306e-07,9.4503669e-07
2023-10-26,AAPL,1.593396,1.6159354,1.5479438
2023-10-26,AMGN,4.2115297e-09,4.2773233e-09,4.1128797e-09
2023-10-26,CRM,0.042993855,0.042791946,0.042290633
2023-10-26,CSCO,0.13651935,0.13550884,0.13354302
2023-10-26,IBM,0.000989304,0.0010105249,0.00097832969
2023-10-26,INTC,0.00523452,0.0052029002,0.005202025
2023-10-26,MSFT,2.9369581,2.9424769,2.889415
2023-10-26,NKE,0.00017006978,0.00017339395,0.0001718118
2023-10-26,VZ,8.7158785e-09,8.8346004e-09,8.684825e-09
2023-10-26,WMT,9.2515272e-07,9.3602413e-07,9.2529742e-07
2023-10-27,AAPL,1.5960766,1.604759,1.5792947
2023-10-27,AMGN,4.1687091e-09,4.2547285e-09,4.0901606e-09
2023-10-27,CRM,0.043627745,0.044101978,0.043286207
2023-10-27,CSCO,0.13776806,0.13798084,0.13762406
2023-10-27,IBM,0.00095841381,0.00096901135,0.00095445367
2023-10-27,INTC,0.0052579898,0.005269978,0.0052241895
2023-10-27,MSFT,2.948759,3.014394,2.86809
2023-10-27,NKE,0.00017250219,0.00017505707,0.00017714996
2023-10-27,VZ,8.5660018e-09,8.7364526e-09,8.5048458e-09
2023-10-27,WMT,8.990161e-07,8.983706e-07,8.8524724e-07
2023-10-30,AAPL,1.5711885,1.6171514,1.5420706
2023-10-30,AMGN,4.1216749e-09,4.1927087e-09,4.0604979e-09
2023-10-30,CRM,0.043507709,0.044312999,0.042980125
2023-10-30,CSCO,0.13685338,0.13553291,0.13483256
2023-10-30,IBM,0.0009625908,0.00097543451,0.00095755122
2023-10-30,INTC,0.005269732,0.0053609047,0.00526322
2023-10-30,MSFT,2.9396328,2.9710434,2.8792741
2023-10-30,NKE,0.00017147396,0.00017550518,0.00017076158
2023-10-30,VZ,8.543582e-09,8.7161411e-09,8.5589538e-09
2023-10-30,WMT,8.8690501e-07,8.8471011e-07,8.8348251e-07
2023-10-31,AAPL,1.5953218,1.6224325,1.5464006
2023-10-31,AMGN,3.9747385e-09,4.1122015e-09,3.901368e-09
2023-10-31,CRM,0.041515227,0.041686646,0.041603963
2023-10-31,CSCO,0.1382683,0.13773163,0.13483582
2023-10-31,IBM,0.00096694276,0.00098054272,0.00094650864
2023-10-31,INTC,0.0052191724,0.0051992395,0.0052245063
2023-10-31,MSFT,2.9070023,2.9255829,2.81737
2023-10-31,NKE,0.00016826372,0.00017123494,0.00016599685
2023-10-31,VZ,8.421239e-09,8.4641342e-09,8.4229627e-09
2023-10-31,WMT,8.5243209e-07,8.5484877e-07,8.4427802e-07
2023-11-01,AAPL,1.5843153,1.6172596,1.5337705
2023-11-01,AMGN,3.89139e-09,4.064817e-09,3.8588314e-09
2023-11-01,CRM,0.04079811,0.042521813,0.040064094
2023-11-01,CSCO,0.13737827,0.13938125,0.13416946
2023-11-01,IBM,0.0009200597,0.00092927926,0.00091261404
2023-11-01,INTC,0.0050179076,0.0050724587,0.0049382244
2023-11-01,MSFT,2.8655608,2.9323767,2.8172367
2023-11-01,NKE,0.00016245205,0.00016809059,0.00016301238
2023-11-01,VZ,8.0724243e-09,8.278875e-09,8.0152483e-09
2023-11-01,WMT,8.3990814e-07,8.620942e-07,8.2936449e-07
2023-11-02,AAPL,1.6219614,1.6422359,1.637015
2023-11-02,AMGN,3.9432878e-09,3.8656117e-09,3.9575551e-09
2023-11-02,CRM,0.040068798,0.040725959,0.039260418
2023-11-02,CSCO,0.13732489,0.13986294,0.13788422
2023-11-02,IBM,0.00089297104,0.00091301672,0.00089064393
2023-11-02,INTC,0.0048370783,0.0048520838,0.0048618807
2023-11-02,MSFT,2.8999761,2.9054852,2.8947184
2023-11-02,NKE,0.00016026324,0.0001646306,0.00016001767
2023-11-02,VZ,8.0662837e-09,8.0956859e-09,8.0667905e-09
2023-11-02,WMT,8.1985566e-07,8.2207638e-07,8.2959548e-07
2023-11-03,AAPL,1.6562828,1.6427983,1.6675624
2023-11-03,AMGN,3.7197828e-09,3.8027172e-09,3.736682e-09
2023-11-03,CRM,0.040672439,0.041191702,0.040465099
2023-11-03,CSCO,0.13414447,0.1348623,0.13392496
2023-11-03,IBM,0.0008800453,0.00087801289,0.00089105976
2023-11-03,INTC,0.004662014,0.0046829104,0.0046169078
2023-11-03,MSFT,2.9233078,2.8722716,2.9127466
2023-11-03,NKE,0.0001565766,0.00015490582,0.0001545897
2023-11-03,VZ,7.8436218e-09,7.9938806e-09,7.8976021e-09
2023-11-03,WMT,8.0689861e-07,8.1531041e-07,8.0010867e-07
2023-11-06,AAPL,1.6061778,1.6015899,1.5447141
2023-11-06,AMGN,3.6280533e-09,3.6719327e-09,3.6205613e-09
2023-11-06,CRM,0.038888712,0.039468895,0.03772466
2023-11-06,CSCO,0.13593052,0.1344366,0.13604269
2023-11-06,IBM,0.00086047193,0.00087232656,0.00086337042
2023-11-06,INTC,0.0046078629,0.0046343331,0.0046098744
2023-11-06,MSFT,2.8731305,2.8792805,2.8566297
2023-11-06,NKE,0.00015367674,0.00015423921,0.00015305255
2023-11-06,VZ,7.6567086e-09,7.7195141e-09,7.6250923e-09
2023-11-06,WMT,7.8585461e-07,7.8801105e-07,7.9629228e-07
2023-11-07,AAPL,1.592863,1.6133947,1.5534533
2023-11-07,AMGN,3.4275563e-09,3.4424116e-09,3.3631112e-09
2023-11-07,CRM,0.037022996,0.037470003,0.03688931
2023-11-07,CSCO,0.13438396,0.13398628,0.13353275
2023-11-07,IBM,0.00086704545,0.00088343935,0.00087045766
2023-11-07,INTC,0.0046091635,0.0046685497,0.0046422753
2023-11-07,MSFT,2.7771823,2.7380321,2.6964189
2023-11-07,NKE,0.00015065839,0.00015213767,0.00015296799
2023-11-07,VZ,7.4667831e-09,7.6578167e-09,7.4481072e-09
2023-11-07,WMT,7.7358842e-07,7.8733706e-07,7.719276e-07
2023-11-08,AAPL,1.6031539,1.5941265,1.5884515
2023-11-08,AMGN,3.3955162e-09,3.4407326e-09,3.3367768e-09
2023-11-08,CRM,0.036728753,0.036433743,0.035566371
2023-11-08,CSCO,0.13214524,0.13143791,0.13153712
2023-11-08,IBM,0.00086335959,0.00087399107,0.00086226611
2023-11-08,INTC,0.0046447462,0.0046862823,0.0046362868
2023-11-08,MSFT,2.8141951,2.8165877,2.8385729
2023-11-08,NKE,0.00015181295,0.00015496604,0.00015406477
2023-11-08,VZ,7.1888756e-09,7.3242314e-09,7.2119609e-09
2023-11-08,WMT,7.4910294e-07,7.5921349e-07,7.5945228e-07
2023-11-09,AAPL,1.5967256,1.6095011,1.5601249
2023-11-09,AMGN,3.1881926e-09,3.2655912e-09,3.2025457e-09
2023-11-09,CRM,0.037347442,0.037953875,0.035615804
2023-11-09,CSCO,0.13127968,0.13289938,0.13128376
2023-11-09,IBM,0.000848231,0.00085462422,0.00084665797
2023-11-09,INTC,0.0045323466,0.0046317003,0.0044113393
2023-11-09,MSFT,2.7012786,2.6763723,2.6389661
2023-11-09,NKE,0.00015240829,0.00015196126,0.00015195533
2023-11-09,VZ,6.9612673e-09,7.0486677e-09,6.8951803e-09
2023-11-09,WMT,7.2451575e-07,7.3123854e-07,7.1783269e-07
2023-11-10,AAPL,1.6484442,1.6654075,1.6050602
2023-11-10,AMGN,3.19104e-09,3.2592049e-09,3.1838224e-09
2023-11-10,CRM,0.037037406,0.037959177,0.034993541
2023-11-10,CSCO,0.12997537,0.1290529,0.13024991
2023-11-10,IBM,0.00083007666,0.00083435696,0.00082773207
2023-11-10,INTC,0.0043569988,0.0043963699,0.0043741248
2023-11-10,MSFT,2.666266,2.6545273,2.6289776
2023-11-10,NKE,0.00015545652,0.00015868278,0.00015559265
2023-11-10,VZ,6.8184661e-09,6.8774194e-09,6.7724171e-09
2023-11-10,WMT,7.1724499e-07,7.2442641e-07,7.1097079e-07
2023-11-13,AAPL,1.7047156,1.7395335,1.6941405
2023-11-13,AMGN,3.1653374e-09,3.2301135e-09,3.1099635e-09
2023-11-13,CRM,0.036743468,0.036988963,0.03617344
2023-11-13,CSCO,0.13126852,0.13130591,0.13073136
2023-11-13,IBM,0.00083646488,0.0008575111,0.00082483654
2023-11-13,INTC,0.004439697,0.0045198338,0.0044229101
2023-11-13,MSFT,2.6769183,2.6993504,2.6086772
2023-11-13,NKE,0.00015654883,0.00015936271,0.00015617694
2023-11-13,VZ,6.6473551e-09,6.6914822e-09,6.5795797e-09
2023-11-13,WMT,7.1086424e-07,7.1742231e-07,7.226035e-07
2023-11-14,AAPL,1.6884244,1.6873246,1.6454429
2023-11-14,AMGN,3.0792882e-09,3.1119234e-09,3.0400351e-09
2023-11-14,CRM,0.036091076,0.0374606,0.035470187
2023-11-14,CSCO,0.13411364,0.1346854,0.13317529
2023-11-14,IBM,0.00083076562,0.00085203288,0.00082231774
2023-11-14,INTC,0.0043796404,0.0043704871,0.00422599
2023-11-14,MSFT,2.6695886,2.6624858,2.6249454
2023-11-14,NKE,0.00015284861,0.00015406486,0.00015301608
2023-11-14,VZ,6.3745213e-09,6.3400749e-09,6.3302057e-09
2023-11-14,WMT,7.1218207e-07,7.152318e-07,7.1350292e-07
2023-11-15,AAPL,1.6248483,1.613378,1.6307297
2023-11-15,AMGN,2.968635e-09,3.0142003e-09,2.9493941e-09
2023-11-15,CRM,0.035935116,0.036517588,0.035356966
2023-11-15,CSCO,0.1332184,0.13408706,0.13219152
2023-11-15,IBM,0.00080686137,0.00082170556,0.00080731046
2023-11-15,INTC,0.0043884752,0.0045105291,0.0043453833
2023-11-15,MSFT,2.6737829,2.6697015,2.6694444
2023-11-15,NKE,0.00015170062,0.0001535388,0.0001547531
2023-11-15,VZ,6.2858641e-09,6.458264e-09,6.30598e-09
2023-11-15,WMT,7.0642551e-07,7.1122807e-07,6.9755225e-07
2023-11-16,AAPL,1.6342588,1.6609815,1.5620795
2023-11-16,AMGN,2.8928282e-09,2.9627493e-09,2.9662196e-09
2023-11-16,CRM,0.037308252,0.038081079,0.036634971
2023-11-16,CSCO,0.13901215,0.13728713,0.13630898
2023-11-16,IBM,0.00080483711,0.00081487497,0.00080954384
2023-11-16,INTC,0.0043968575,0.004468427,0.0042911451
2023-11-16,MSFT,2.7434945,2.7977132,2.7238846
2023-11-16,NKE,0.00014855197,0.00015159326,0.00014645361
2023-11-16,VZ,6.0692598e-09,6.0949141e-09,6.0880906e-09
2023-11-16,WMT,7.0666679e-07,7.1970708e-07,6.9570427e-07
2023-11-17,AAPL,1.6265486,1.6570866,1.5992869
2023-11-17,AMGN,2.8660657e-09,2.9218304e-09,2.839541e-09
2023-11-17,CRM,0.036581448,0.036493631,0.036386803
2023-11-17,CSCO,0.13766594,0.13791613,0.13554147
2023-11-17,IBM,0.00079520943,0.00081294478,0.00079172794
2023-11-17,INTC,0.0043325522,0.0043177204,0.0042662859
2023-11-17,MSFT,2.7675248,2.7577214,2.7187475
2023-11-17,NKE,0.00015041263,0.00015323418,0.0001513396
2023-11-17,VZ,5.8920843e-09,5.9801585e-09,5.7775945e-09
2023-11-17,WMT,6.902284e-07,7.0012845e-07,6.9190505e-07
2023-11-20,AAPL,1.6283313,1.6519286,1.5957306
2023-11-20,AMGN,2.7804515e-09,2.8440035e-09,2.7428165e-09
2023-11-20,CRM,0.035438644,0.035381802,0.035319166
2023-11-20,CSCO,0.13828347,0.13849349,0.13545096
2023-11-20,IBM,0.000780709,0.00079640153,0.00078196272
2023-11-20,INTC,0.0042897365,0.0042821497,0.0041710616
2023-11-20,MSFT,2.7369275,2.7412789,2.6596114
2023-11-20,NKE,0.00014797001,0.00015005171,0.00014942237
2023-11-20,VZ,5.7647132e-09,5.7990873e-09,5.6931804e-09
2023-11-20,WMT,6.7622135e-07,6.8093723e-07,6.6770938e-07
2023-11-21,AAPL,1.6319103,1.6490244,1.612721
2023-11-21,AMGN,2.7161463e-09,2.8413846e-09,2.6433758e-09
2023-11-21,CRM,0.034477782,0.034572992,0.03440378
2023-11-21,CSCO,0.1389146,0.14068438,0.13714913
2023-11-21,IBM,0.00077346788,0.00078581158,0.00076567627
2023-11-21,INTC,0.0042385101,0.0042906676,0.0041749633
2023-11-21,MSFT,2.7408917,2.7679143,2.713647
2023-11-21,NKE,0.00014641064,0.00014215649,0.00014423565
2023-11-21,VZ,5.4575045e-09,5.4630663e-09,5.4663771e-09
2023-11-21,WMT,6.7281337e-07,6.8097309e-07,6.674576e-07
2023-11-22,AAPL,1.6628399,1.6601969,1.6306879
2023-11-22,AMGN,2.7619992e-09,2.8188561e-09,2.7373044e-09
2023-11-22,CRM,0.035835052,0.035860111,0.036202292
2023-11-22,CSCO,0.14129577,0.13977857,0.14127022
2023-11-22,IBM,0.00077113373,0.00078361732,0.00076459395
2023-11-22,INTC,0.0042790595,0.0043610107,0.0042482196
2023-11-22,MSFT,2.7789213,2.7802616,2.7261695
2023-11-22,NKE,0.00014691121,0.00014836647,0.00015130521
2023-11-22,VZ,5.3141174e-09,5.3903639e-09,5.2751659e-09
2023-11-22,WMT,6.5282742e-07,6.4982843e-07,6.5433478e-07
2023-11-24,AAPL,1.7105217,1.7041208,1.6568913
2023-11-24,AMGN,2.6665442e-09,2.7043728e-09,2.6319724e-09
2023-11-24,CRM,0.034101852,0.034223846,0.033425505
2023-11-24,CSCO,0.14434417,0.14409826,0.14137758
2023-11-24,IBM,0.00075067736,0.00075889869,0.00074314129
2023-11-24,INTC,0.0042507958,0.0041475284,0.0042399408
2023-11-24,MSFT,2.793006,2.8069481,2.6986831
2023-11-24,NKE,0.00014503731,0.00014786481,0.00014697709
2023-11-24,VZ,5.2067326e-09,5.1995838e-09,5.1655138e-09
2023-11-24,WMT,6.3283613e-07,6.4815828e-07,6.2927604e-07
2023-11-27,AAPL,1.725194,1.7291833,1.7336355
2023-11-27,AMGN,2.5906974e-09,2.6138314e-09,2.5657215e-09
2023-11-27,CRM,0.03406879,0.033481634,0.034452731
2023-11-27,CSCO,0.13963785,0.14062739,0.13849462
2023-11-27,IBM,0.00075202589,0.00076949282,0.00074158494
2023-11-27,INTC,0.0042292716,0.0042167912,0.0042545083
2023-11-27,MSFT,2.8158588,2.8355852,2.8040714
2023-11-27,NKE,0.00014339748,0.0001447781,0.00014459721
2023-11-27,VZ,5.0963055e-09,5.1197385e-09,5.1595382e-09
2023-11-27,WMT,6.1617288e-07,6.1869359e-07,6.1357608e-07
2023-11-28,AAPL,1.7340385,1.7639314,1.7052208
2023-11-28,AMGN,2.4910356e-09,2.5616716e-09,2.4781125e-09
2023-11-28,CRM,0.034584546,0.033831923,0.03370747
2023-11-28,CSCO,0.13660862,0.13913523,0.13599293
2023-11-28,IBM,0.00074635937,0.00075503859,0.00073920639
2023-11-28,INTC,0.0043542988,0.0043874587,0.0042584974
2023-11-28,MSFT,2.8610929,2.8917629,2.7996209
2023-11-28,NKE,0.00014085062,0.0001428682,0.00013960812
2023-11-28,VZ,5.0893602e-09,5.1011356e-09,5.0428655e-09
2023-11-28,WMT,6.1212338e-07,6.1639181e-07,5.99349e-07
2023-11-29,AAPL,1.716589,1.7525506,1.6821821
2023-11-29,AMGN,2.4039086e-09,2.5223054e-09,2.3527466e-09
2023-11-29,CRM,0.033161831,0.034100881,0.03323617
2023-11-29,CSCO,0.13428455,0.13338037,0.13308999
2023-11-29,IBM,0.00072428128,0.00073507391,0.00071731943
2023-11-29,INTC,0.0043445844,0.0043337107,0.0043473314
2023-11-29,MSFT,2.8332072,2.8545098,2.8000637
2023-11-29,NKE,0.0001364977,0.00013747027,0.00013751694
2023-11-29,VZ,5.0398433e-09,5.1111542e-09,4.9748603e-09
2023-11-29,WMT,6.0670111e-07,6.1930885e-07,6.0438178e-07
2023-11-30,AAPL,1.6742324,1.7291954,1.609669
2023-11-30,AMGN,2.2782422e-09,2.3588551e-09,2.2982425e-09
2023-11-30,CRM,0.032752483,0.033473036,0.032386117
2023-11-30,CSCO,0.13623627,0.134716,0.13593533
2023-11-30,IBM,0.00071172954,0.00071822347,0.00070883926
2023-11-30,INTC,0.0042585009,0.0043367957,0.0042249159
2023-11-30,MSFT,2.8187121,2.8355425,2.7393345
2023-11-30,NKE,0.00013650381,0.000139636,0.00013271542
2023-11-30,VZ,4.9359111e-09,4.9956331e-09,4.8420214e-09
2023-11-30,WMT,6.072475e-07,6.1801371e-07,5.942463e-07
2023-12-01,AAPL,1.6312218,1.6574694,1.6074757
2023-12-01,AMGN,2.1850131e-09,2.2590434e-09,2.1321311e-09
2023-12-01,CRM,0.032301242,0.032784647,0.032103997
2023-12-01,CSCO,0.13279542,0.13900783,0.13167248
2023-12-01,IBM,0.00070741287,0.00071837622,0.00070967469
2023-12-01,INTC,0.0041265046,0.0042111336,0.0040823211
2023-12-01,MSFT,2.764598,2.8222137,2.7384035
2023-12-01,NKE,0.00013503527,0.00013961167,0.00013608562
2023-12-01,VZ,4.8189231e-09,4.9189844e-09,4.8316314e-09
2023-12-01,WMT,5.8267912e-07,5.8626524e-07,5.7548663e-07
2023-12-04,AAPL,1.6420161,1.6521562,1.6356876
2023-12-04,AMGN,2.2261248e-09,2.2610442e-09,2.2720137e-09
2023-12-04,CRM,0.031882661,0.031624237,0.03132491
2023-12-04,CSCO,0.1301795,0.12920874,0.13056587
2023-12-04,IBM,0.00070133834,0.00071093664,0.00071029589
2023-12-04,INTC,0.0040434119,0.0040833862,0.0040140788
2023-12-04,MSFT,2.7834613,2.8460986,2.7445509
2023-12-04,NKE,0.0001370905,0.00013789213,0.00013715374
2023-12-04,VZ,4.7763902e-09,4.8367211e-09,4.7830663e-09
2023-12-04,WMT,5.8604067e-07,5.8758691e-07,5.9503163e-07
2023-12-05,AAPL,1.6449575,1.6669936,1.6147756
2023-12-05,AMGN,2.1108509e-09,2.1684221e-09,2.1001784e-09
2023-12-05,CRM,0.032346215,0.032966637,0.031357232
2023-12-05,CSCO,0.12843227,0.1279093,0.12754751
2023-12-05,IBM,0.00068587564,0.00068718384,0.00068571039
2023-12-05,INTC,0.0039670848,0.0040383537,0.0039631191
2023-12-05,MSFT,2.7579316,2.7364303,2.7568983
2023-12-05,NKE,0.00013329607,0.00013427492,0.00013228971
2023-12-05,VZ,4.7034423e-09,4.7054518e-09,4.7332751e-09
2023-12-05,WMT,5.7867864e-07,5.8627204e-07,5.7859965e-07
2023-12-06,AAPL,1.6157557,1.5834039,1.628973
2023-12-06,AMGN,2.112736e-09,2.1312634e-09,2.1059962e-09
2023-12-06,CRM,0.03086842,0.030968993,0.030283276
2023-12-06,CSCO,0.12685919,0.12768348,0.12475984
2023-12-06,IBM,0.00066401881,0.00067394765,0.00065750535
2023-12-06,INTC,0.0039313285,0.003950993,0.0039055163
2023-12-06,MSFT,2.7301911,2.7228266,2.6809119
2023-12-06,NKE,0.00013410547,0.00013826378,0.00013434722
2023-12-06,VZ,4.5174368e-09,4.6402776e-09,4.5461604e-09
2023-12-06,WMT,5.5465111e-07,5.617142e-07,5.5670452e-07
2023-12-07,AAPL,1.6541066,1.6669784,1.6266345
2023-12-07,AMGN,2.0282864e-09,2.0612971e-09,2.0598674e-09
2023-12-07,CRM,0.030474508,0.030350994,0.03066273
2023-12-07,CSCO,0.12763335,0.12734764,0.12495148
2023-12-07,IBM,0.00066068991,0.00066597639,0.00065684117
2023-12-07,INTC,0.0038816716,0.0039470837,0.0037276813
2023-12-07,MSFT,2.6765407,2.6901455,2.6618289
2023-12-07,NKE,0.00013303014,0.00013491058,0.00013341539
2023-12-07,VZ,4.4987178e-09,4.5031255e-09,4.6030196e-09
2023-12-07,WMT,5.4589583e-07,5.5180596e-07,5.410524e-07
2023-12-08,AAPL,1.669325,1.6590613,1.6318118
2023-12-08,AMGN,1.9669142e-09,2.0280455e-09,1.9720977e-09
2023-12-08,CRM,0.028915822,0.028582544,0.029341262
2023-12-08,CSCO,0.12709435,0.12575045,0.12507086
2023-12-08,IBM,0.00066037371,0.0006714237,0.00065437115
2023-12-08,INTC,0.0038314032,0.003913808,0.0037932139
2023-12-08,MSFT,2.7105275,2.7281356,2.6757685
2023-12-08,NKE,0.00013336854,0.00013395142,0.00013221239
2023-12-08,VZ,4.5273735e-09,4.5569013e-09,4.5265191e-09
2023-12-08,WMT,5.2855571e-07,5.3614851e-07,5.1806128e-07
2023-12-11,AAPL,1.674345,1.6957217,1.6492783
2023-12-11,AMGN,1.9297169e-09,1.9627592e-09,1.8864787e-09
2023-12-11,CRM,0.029470953,0.029677137,0.028679573
2023-12-11,CSCO,0.12719111,0.1274958,0.12744417
2023-12-11,IBM,0.00065656388,0.00065784882,0.00065034287
2023-12-11,INTC,0.003836628,0.0038504083,0.0037169596
2023-12-11,MSFT,2.824445,2.8884194,2.790056
2023-12-11,NKE,0.00012991182,0.00013118267,0.00012915982
2023-12-11,VZ,4.4611468e-09,4.5426977e-09,4.4088302e-09
2023-12-11,WMT,5.247166e-07,5.3768757e-07,5.2838103e-07
2023-12-12,AAPL,1.6589368,1.6674101,1.6443338
2023-12-12,AMGN,1.8987634e-09,1.9361685e-09,1.8502857e-09
2023-12-12,CRM,0.02899629,0.028924128,0.028597485
2023-12-12,CSCO,0.12471288,0.12419968,0.12192351
2023-12-12,IBM,0.00063778151,0.0006410507,0.00064154771
2023-12-12,INTC,0.0038433882,0.0038934755,0.0038065458
2023-12-12,MSFT,2.7809757,2.8158965,2.755682
2023-12-12,NKE,0.00012914669,0.00013117418,0.00012665035
2023-12-12,VZ,4.31706e-09,4.3448271e-09,4.2688929e-09
2023-12-12,WMT,5.1284907e-07,5.1945309e-07,5.1302423e-07
2023-12-13,AAPL,1.6184502,1.6182954,1.5802891
2023-12-13,AMGN,1.8734054e-09,1.8980241e-09,1.8685941e-09
2023-12-13,CRM,0.029922722,0.030295755,0.029443612
2023-12-13,CSCO,0.13010557,0.13025943,0.12988134
2023-12-13,IBM,0.00062833335,0.00062891542,0.00061833654
2023-12-13,INTC,0.0038456687,0.0039251392,0.003867975
2023-12-13,MSFT,2.7412451,2.7405953,2.6893291
2023-12-13,NKE,0.00012902175,0.00013006803,0.00012608762
2023-12-13,VZ,4.2276136e-09,4.2666951e-09,4.2913846e-09
2023-12-13,WMT,4.9749525e-07,5.116248e-07,4.9973132e-07
2023-12-14,AAPL,1.705147,1.6995571,1.6751595
2023-12-14,AMGN,1.8323762e-09,1.8683374e-09,1.8196617e-09
2023-12-14,CRM,0.029456173,0.029560783,0.029107658
2023-12-14,CSCO,0.13024525,0.13122306,0.12707876
2023-12-14,IBM,0.0006177324,0.0006317834,0.00061463491
2023-12-14,INTC,0.0037932715,0.0037936527,0.0038061233
2023-12-14,MSFT,2.7727416,2.8234294,2.7381491
2023-12-14,NKE,0.00012897326,0.00013071607,0.00012507525
2023-12-14,VZ,4.0698692e-09,4.1196895e-09,4.0445741e-09
2023-12-14,WMT,4.8181941e-07,4.8842326e-07,4.7905693e-07
2023-12-15,AAPL,1.7443552,1.7448935,1.6873504
2023-12-15,AMGN,1.7847679e-09,1.8548303e-09,1.7429152e-09
2023-12-15,CRM,0.029937907,0.02977396,0.028845476
2023-12-15,CSCO,0.1320878,0.13207178,0.12955956
2023-12-15,IBM,0.00061106045,0.00061885273,0.00059352481
2023-12-15,INTC,0.0038820269,0.0039080496,0.0038955579
2023-12-15,MSFT,2.830023,2.7871393,2.7725395
2023-12-15,NKE,0.00012639706,0.0001284462,0.00012366856
2023-12-15,VZ,3.8085137e-09,3.853946e-09,3.8075866e-09
2023-12-15,WMT,4.6297245e-07,4.6583706e-07,4.5953024e-07
2023-12-18,AAPL,1.7262486,1.7416678,1.6992971
2023-12-18,AMGN,1.7141666e-09,1.7368879e-09,1.7184858e-09
2023-12-18,CRM,0.029780635,0.030213048,0.02965323
2023-12-18,CSCO,0.12902878,0.12919489,0.13026674
2023-12-18,IBM,0.00061366801,0.00061849725,0.00061024187
2023-12-18,INTC,0.0038559735,0.0038719948,0.003794013
2023-12-18,MSFT,2.8779654,2.8909122,2.825076
2023-12-18,NKE,0.000126325,0.00012793116,0.00012169856
2023-12-18,VZ,3.737608e-09,3.7901432e-09,3.7751137e-09
2023-12-18,WMT,4.511286e-07,4.6413423e-07,4.4862372e-07
2023-12-19,AAPL,1.7430185,1.744339,1.7043029
2023-12-19,AMGN,1.7072067e-09,1.7494362e-09,1.7042269e-09
2023-12-19,CRM,0.030722222,0.029283034,0.030372709
2023-12-19,CSCO,0.13802338,0.13694657,0.13724947
2023-12-19,IBM,0.00060527331,0.00060611737,0.00059562607
2023-12-19,INTC,0.0039019624,0.0039143131,0.0038235786
2023-12-19,MSFT,2.8805291,2.8877567,2.8457292
2023-12-19,NKE,0.00012467063,0.00012712724,0.00012286324
2023-12-19,VZ,3.6371738e-09,3.6445213e-09,3.6285528e-09
2023-12-19,WMT,4.3634486e-07,4.3706014e-07,4.2999444e-07
2023-12-20,AAPL,1.7646078,1.7610739,1.7381276
2023-12-20,AMGN,1.636084e-09,1.63536e-09,1.6101006e-09
2023-12-20,CRM,0.030832762,0.03121098,0.030111202
2023-12-20,CSCO,0.13698887,0.13606966,0.13435903
2023-12-20,IBM,0.00059612078,0.00060349245,0.00060025765
2023-12-20,INTC,0.0038765071,0.0039226863,0.0038235597
2023-12-20,MSFT,2.8629966,2.8292237,2.8313407
2023-12-20,NKE,0.00012362332,0.00012599251,0.00012298386
2023-12-20,VZ,3.5125509e-09,3.5245629e-09,3.5326846e-09
2023-12-20,WMT,4.3039108e-07,4.4044446e-07,4.3203095e-07
2023-12-21,AAPL,1.7367375,1.7395089,1.6925459
2023-12-21,AMGN,1.6119667e-09,1.6358894e-09,1.6231728e-09
2023-12-21,CRM,0.03096448,0.031255484,0.030459862
2023-12-21,CSCO,0.13449803,0.13259692,0.13342709
2023-12-21,IBM,0.00058502183,0.00059551219,0.00057837319
2023-12-21,INTC,0.0039139032,0.0039773525,0.0038676002
2023-12-21,MSFT,2.8852155,2.8684518,2.8979786
2023-12-21,NKE,0.00012106042,0.00012183631,0.00012134016
2023-12-21,VZ,3.4442439e-09,3.5279607e-09,3.4325379e-09
2023-12-21,WMT,4.2117154e-07,4.3421928e-07,4.1739219e-07
2023-12-22,AAPL,1.7646563,1.7613512,1.7656393
2023-12-22,AMGN,1.5798149e-09,1.6078336e-09,1.5921828e-09
2023-12-22,CRM,0.030132915,0.030726545,0.029192836
2023-12-22,CSCO,0.13862135,0.13948875,0.13495722
2023-12-22,IBM,0.00056857563,0.00057218462,0.00055973868
2023-12-22,INTC,0.0039033767,0.0039993176,0.0038464189
2023-12-22,MSFT,2.8325902,2.8404512,2.7957655
2023-12-22,NKE,0.00012462616,0.00012729086,0.00012534403
2023-12-22,VZ,3.3693323e-09,3.4179592e-09,3.3319412e-09
2023-12-22,WMT,4.2712651e-07,4.3067388e-07,4.2036518e-07
2023-12-26,AAPL,1.6968729,1.72768,1.7015232
2023-12-26,AMGN,1.5836646e-09,1.6127999e-09,1.5627165e-09
2023-12-26,CRM,0.02907016,0.02969916,0.027584669
2023-12-26,CSCO,0.13810864,0.14002613,0.1362461
2023-12-26,IBM,0.00056390354,0.00058054489,0.000557682
2023-12-26,INTC,0.0038180381,0.0038448434,0.0038283817
2023-12-26,MSFT,2.7602728,2.8047529,2.7053567
2023-12-26,NKE,0.00012362154,0.00012421497,0.00012143161
2023-12-26,VZ,3.3057712e-09,3.3122613e-09,3.3151022e-09
2023-12-26,WMT,4.2250798e-07,4.2794901e-07,4.2512957e-07
2023-12-27,AAPL,1.6753408,1.6963438,1.6466678
2023-12-27,AMGN,1.5341937e-09,1.5592418e-09,1.4961642e-09
2023-12-27,CRM,0.028147836,0.028002846,0.027705777
2023-12-27,CSCO,0.13793187,0.13746343,0.13798128
2023-12-27,IBM,0.00056628388,0.00056606945,0.00056220694
2023-12-27,INTC,0.0037467448,0.0037171,0.0036758698
2023-12-27,MSFT,2.7231959,2.7289643,2.6901088
2023-12-27,NKE,0.00012309943,0.00012794723,0.00012307812
2023-12-27,VZ,3.1856666e-09,3.2054746e-09,3.187393e-09
2023-12-27,WMT,4.1505094e-07,4.2042865e-07,4.1445788e-07
2023-12-28,AAPL,1.6521474,1.6354219,1.6275228
2023-12-28,AMGN,1.49854e-09,1.526649e-09,1.4758535e-09
2023-12-28,CRM,0.029729048,0.029251266,0.02943323
2023-12-28,CSCO,0.14124026,0.14254504,0.1400611
2023-12-28,IBM,0.00054784458,0.00055206296,0.0005458455
2023-12-28,INTC,0.0037879614,0.0038532164,0.0037309273
2023-12-28,MSFT,2.6965583,2.6890785,2.6641529
2023-12-28,NKE,0.0001200163,0.00012013078,0.00011750092
2023-12-28,VZ,3.1294296e-09,3.1861985e-09,3.1345259e-09
2023-12-28,WMT,4.1278356e-07,4.2248672e-07,4.0759489e-07
2023-12-29,AAPL,1.6142505,1.6385006,1.6001337
2023-12-29,AMGN,1.4190814e-09,1.4322504e-09,1.3845418e-09
2023-12-29,CRM,0.031000529,0.030540634,0.03080601
2023-12-29,CSCO,0.14570399,0.14291683,0.14449948
2023-12-29,IBM,0.00055191026,0.00055698624,0.00054264139
2023-12-29,INTC,0.0038089717,0.0038051752,0.0037420484
2023-12-29,MSFT,2.7859064,2.7908688,2.7376848
2023-12-29,NKE,0.00011738761,0.00011760157,0.00011602531
2023-12-29,VZ,2.9977124e-09,3.0306828e-09,3.073803e-09
2023-12-29,WMT,4.012995e-07,4.1102089e-07,4.0504378e-07
2024-01-02,AAPL,1.5685948,1.5780535,1.5234304
2024-01-02,AMGN,1.3420303e-09,1.4010206e-09,1.3145788e-09
2024-01-02,CRM,0.02985491,0.030794197,0.029003537
2024-01-02,CSCO,0.14730085,0.14826164,0.14337259
2024-01-02,IBM,0.00054477118,0.00054922313,0.00053466137
2024-01-02,INTC,0.0038532862,0.0038613147,0.0037908972
2024-01-02,MSFT,2.8050916,2.8088328,2.7320336
2024-01-02,NKE,0.00011354249,0.00011493305,0.00011268994
2024-01-02,VZ,2.9411223e-09,2.9471195e-09,2.95702e-09
2024-01-02,WMT,4.0066085e-07,4.07276e-07,3.9447429e-07
2024-01-03,AAPL,1.5355623,1.5862617,1.4973885
2024-01-03,AMGN,1.3201584e-09,1.3469029e-09,1.3044449e-09
2024-01-03,CRM,0.027385358,0.028145498,0.027191062
2024-01-03,CSCO,0.14714107,0.15105114,0.144627
2024-01-03,IBM,0.00053951924,0.00055121029,0.00053747419
2024-01-03,INTC,0.0038309941,0.0038582809,0.0037513145
2024-01-03,MSFT,2.7921755,2.8645877,2.7916453
2024-01-03,NKE,0.00010932277,0.00011154318,0.00010708263
2024-01-03,VZ,2.8384641e-09,2.8819191e-09,2.8535382e-09
2024-01-03,WMT,3.9551367e-07,4.0544851e-07,3.9248084e-07
2024-01-04,AAPL,1.5099074,1.5134421,1.5046303
2024-01-04,AMGN,1.3189907e-09,1.317351e-09,1.3064638e-09
2024-01-04,CRM,0.027858134,0.027830009,0.028223515
2024-01-04,CSCO,0.14899448,0.15140708,0.14670634
2024-01-04,IBM,0.00054386842,0.00054735157,0.00054245111
2024-01-04,INTC,0.0039138175,0.0038962778,0.0038380948
2024-01-04,MSFT,2.8377428,2.8399985,2.8336139
2024-01-04,NKE,0.00011263224,0.00011319791,0.0001120231
2024-01-04,VZ,2.8318777e-09,2.8473344e-09,2.8089132e-09
2024-01-04,WMT,3.8859459e-07,3.8798024e-07,3.8622377e-07
2024-01-05,AAPL,1.4754357,1.4904949,1.4471807
2024-01-05,AMGN,1.2891786e-09,1.3234054e-09,1.2625311e-09
2024-01-05,CRM,0.028415986,0.028024486,0.02806352
2024-01-05,CSCO,0.15059941,0.15350894,0.15032182
2024-01-05,IBM,0.00052824103,0.00053723275,0.00052863837
2024-01-05,INTC,0.0038025223,0.0038425683,0.0038357802
2024-01-05,MSFT,2.8448377,2.8299181,2.8108269
2024-01-05,NKE,0.00011089567,0.00011087085,0.00011051436
2024-01-05,VZ,2.7423901e-09,2.7644211e-09,2.7246575e-09
2024-01-05,WMT,3.8643564e-07,3.8725927e-07,3.8794387e-07
2024-01-08,AAPL,1.4676072,1.4554298,1.4645618
2024-01-08,AMGN,1.2887484e-09,1.3387976e-09,1.2511678e-09
2024-01-08,CRM,0.027980533,0.028245888,0.026976787
2024-01-08,CSCO,0.1495446,0.14985702,0.14977204
2024-01-08,IBM,0.00051838419,0.00051739721,0.00051453459
2024-01-08,INTC,0.0038492644,0.0038480379,0.0038545364
2024-01-08,MSFT,2.8676166,2.9108742,2.8558149
2024-01-08,NKE,0.00010935718,0.0001100958,0.00010849535
2024-01-08,VZ,2.6600843e-09,2.6803915e-09,2.6708894e-09
2024-01-08,WMT,3.730932e-07,3.7999893e-07,3.7173207e-07
2024-01-09,AAPL,1.4781194,1.4921354,1.4747237
2024-01-09,AMGN,1.233018e-09,1.2441409e-09,1.2261922e-09
2024-01-09,CRM,0.027175275,0.027298037,0.027070142
2024-01-09,CSCO,0.14978168,0.15080156,0.14782302
2024-01-09,IBM,0.00051360652,0.00053004993,0.00052406704
2024-01-09,INTC,0.0038768731,0.0039127159,0.003846677
2024-01-09,MSFT,2.8477779,2.8543017,2.7721363
2024-01-09,NKE,0.00010960026,0.0001120022,0.00011049814
2024-01-09,VZ,2.6013995e-09,2.6458412e-09,2.6010885e-09
2024-01-09,WMT,3.6324296e-07,3.664231e-07,3.6086735e-07
2024-01-10,AAPL,1.4269134,1.4394744,1.427817
2024-01-10,AMGN,1.1719671e-09,1.2073892e-09,1.144545e-09
2024-01-10,CRM,0.026813143,0.026658544,0.026013278
2024-01-10,CSCO,0.15544752,0.15722068,0.15568762
2024-01-10,IBM,0.00050956635,0.0005225328,0.00049978445
2024-01-10,INTC,0.0038938175,0.0039153438,0.0038482931
2024-01-10,MSFT,2.8382621,2.7870213,2.8273648
2024-01-10,NKE,0.00010947699,0.00011039995,0.0001112174
2024-01-10,VZ,2.5526659e-09,2.5696304e-09,2.5873763e-09
2024-01-10,WMT,3.5876529e-07,3.6224773e-07,3.5518387e-07
2024-01-11,AAPL,1.4668666,1.491698,1.4286976
2024-01-11,AMGN,1.1427154e-09,1.172221e-09,1.1335141e-09
2024-01-11,CRM,0.025639606,0.026121209,0.025488619
2024-01-11,CSCO,0.15649707,0.15652265,0.15597675
2024-01-11,IBM,0.00050373733,0.00050425028,0.00049945392
2024-01-11,INTC,0.0038159231,0.0038656089,0.0037430908
2024-01-11,MSFT,2.8064924,2.7455237,2.7359575
2024-01-11,NKE,0.00010691576,0.00010970308,0.00010486894
2024-01-11,VZ,2.5077039e-09,2.5641127e-09,2.4653325e-09
2024-01-11,WMT,3.4735141e-07,3.5365823e-07,3.4618425e-07
2024-01-12,AAPL,1.5170658,1.5513534,1.4995054
2024-01-12,AMGN,1.099379e-09,1.1330787e-09,1.0882451e-09
2024-01-12,CRM,0.025007668,0.025568186,0.024504658
2024-01-12,CSCO,0.15706892,0.15945566,0.1577527
2024-01-12,IBM,0.000503514,0.00050578578,0.00049838415
2024-01-12,INTC,0.0038751653,0.0039167548,0.003762076
2024-01-12,MSFT,2.7915438,2.8141222,2.7601136
2024-01-12,NKE,0.00010355557,0.00010468206,0.00010305617
2024-01-12,VZ,2.4732982e-09,2.4596069e-09,2.4511509e-09
2024-01-12,WMT,3.4027523e-07,3.4544738e-07,3.3814515e-07
2024-01-16,AAPL,1.4684939,1.4944085,1.4399975
2024-01-16,AMGN,1.0796605e-09,1.0942032e-09,1.0673692e-09
2024-01-16,CRM,0.025602341,0.025928848,0.025151091
2024-01-16,CSCO,0.16285636,0.16300074,0.16262394
2024-01-16,IBM,0.00049702272,0.00050023074,0.00049834393
2024-01-16,INTC,0.0039377821,0.0039628064,0.0039094054
2024-01-16,MSFT,2.7620002,2.7947078,2.7086907
2024-01-16,NKE,0.00010557768,0.00010734245,0.00010426445
2024-01-16,VZ,2.5188153e-09,2.5357674e-09,2.4945338e-09
2024-01-16,WMT,3.3957046e-07,3.4320973e-07,3.3626063e-07
2024-01-17,AAPL,1.4580372,1.4298875,1.4411426
2024-01-17,AMGN,1.0599317e-09,1.0637905e-09,1.0519175e-09
2024-01-17,CRM,0.026460305,0.026958526,0.027314657
2024-01-17,CSCO,0.16213506,0.16110867,0.16143413
2024-01-17,IBM,0.00049737219,0.00050531575,0.0004814057
2024-01-17,INTC,0.0039136831,0.0039629841,0.0038367291
2024-01-17,MSFT,2.8384911,2.8778509,2.7936814
2024-01-17,NKE,0.0001011519,0.0001035607,9.9855276e-05
2024-01-17,VZ,2.4487999e-09,2.5122959e-09,2.4341849e-09
2024-01-17,WMT,3.3716772e-07,3.4481739e-07,3.3831661e-07
2024-01-18,AAPL,1.4632375,1.478809,1.4509782
2024-01-18,AMGN,1.0204079e-09,1.0484733e-09,1.0120958e-09
2024-01-18,CRM,0.026029663,0.0260204,0.025729692
2024-01-18,CSCO,0.16054875,0.16445852,0.15906601
2024-01-18,IBM,0.0004864816,0.00049372007,0.00048946668
2024-01-18,INTC,0.0039425317,0.0039978792,0.0039183855
2024-01-18,MSFT,2.8341857,2.8803115,2.8162949
2024-01-18,NKE,9.9494724e-05,9.9485425e-05,9.6870604e-05
2024-01-18,VZ,2.4267373e-09,2.4291106e-09,2.4082901e-09
2024-01-18,WMT,3.2705352e-07,3.3338175e-07,3.234592e-07
2024-01-19,AAPL,1.4574477,1.4754206,1.4319341
2024-01-19,AMGN,1.026612e-09,1.0342258e-09,1.0217401e-09
2024-01-19,CRM,0.026370798,0.02661362,0.025772118
2024-01-19,CSCO,0.16159321,0.16002959,0.15986278
2024-01-19,IBM,0.00047160136,0.00048952805,0.00047913379
2024-01-19,INTC,0.0039883432,0.0040202576,0.0039437305
2024-01-19,MSFT,2.8753771,2.8628818,2.7920781
2024-01-19,NKE,9.7533573e-05,9.7929458e-05,9.8236815e-05
2024-01-19,VZ,2.4434857e-09,2.4404639e-09,2.4682966e-09
2024-01-19,WMT,3.1956937e-07,3.2344778e-07,3.2333756e-07
2024-01-22,AAPL,1.4149758,1.4291948,1.3924767
2024-01-22,AMGN,1.0138024e-09,1.0318869e-09,9.9689139e-10
2024-01-22,CRM,0.026986151,0.026856382,0.026498672
2024-01-22,CSCO,0.15620771,0.15912669,0.1551787
2024-01-22,IBM,0.00046378846,0.00046402194,0.00046631893
2024-01-22,INTC,0.004071306,0.0041618011,0.0040309767
2024-01-22,MSFT,2.9473782,3.0041062,2.9101395
2024-01-22,NKE,9.5386956e-05,9.6760278e-05,9.4510552e-05
2024-01-22,VZ,2.3731868e-09,2.4409102e-09,2.381391e-09
2024-01-22,WMT,3.1440793e-07,3.2194403e-07,3.1291204e-07
2024-01-23,AAPL,1.4405088,1.4498105,1.4298772
2024-01-23,AMGN,9.7787695e-10,9.8864156e-10,9.8227859e-10
2024-01-23,CRM,0.026513148,0.027192197,0.025918068
2024-01-23,CSCO,0.16037376,0.15733448,0.15811258
2024-01-23,IBM,0.00045670484,0.00046137407,0.00045503756
2024-01-23,INTC,0.0040822934,0.0041331194,0.0040050481
2024-01-23,MSFT,2.9403855,2.9268167,2.9100795
2024-01-23,NKE,9.2381425e-05,9.3072595e-05,9.1731559e-05
2024-01-23,VZ,2.2752215e-09,2.3202003e-09,2.2642513e-09
2024-01-23,WMT,3.1129669e-07,3.1684655e-07,3.1004814e-07
2024-01-24,AAPL,1.4774272,1.4822251,1.4613841
2024-01-24,AMGN,9.5623622e-10,9.646249e-10,9.5064649e-10
2024-01-24,CRM,0.026913751,0.027200037,0.025830172
2024-01-24,CSCO,0.16363585,0.16187729,0.16123049
2024-01-24,IBM,0.00044703881,0.00045592709,0.00045186582
2024-01-24,INTC,0.0040985917,0.0041327485,0.0041148222
2024-01-24,MSFT,2.9033622,2.947105,2.8778549
2024-01-24,NKE,9.2971824e-05,9.5253237e-05,9.2504904e-05
2024-01-24,VZ,2.2283484e-09,2.2256596e-09,2.1950236e-09
2024-01-24,WMT,3.0246528e-07,3.1078705e-07,2.9901085e-07
2024-01-25,AAPL,1.4185985,1.4309216,1.379848
2024-01-25,AMGN,9.4137339e-10,9.45166e-10,9.1756655e-10
2024-01-25,CRM,0.026837857,0.02748275,0.026529149
2024-01-25,CSCO,0.16521339,0.16929098,0.16046678
2024-01-25,IBM,0.00043526409,0.00044321243,0.00043137961
2024-01-25,INTC,0.004084887,0.0041751088,0.0040416806
2024-01-25,MSFT,3.0137483,2.9914178,2.968796
2024-01-25,NKE,9.3469321e-05,9.4391356e-05,9.3966975e-05
2024-01-25,VZ,2.1543296e-09,2.1959004e-09,2.1362297e-09
2024-01-25,WMT,3.0124468e-07,3.0222829e-07,2.9854624e-07
2024-01-26,AAPL,1.3929031,1.4309103,1.3795303
2024-01-26,AMGN,9.0286652e-10,9.2577999e-10,8.8739663e-10
2024-01-26,CRM,0.026457732,0.026937907,0.025652703
2024-01-26,CSCO,0.1686778,0.16859869,0.16737266
2024-01-26,IBM,0.00042108538,0.00042721698,0.00041267472
2024-01-26,INTC,0.0041349937,0.0041949753,0.0041066995
2024-01-26,MSFT,3.0186255,3.029096,2.9445077
2024-01-26,NKE,9.0738393e-05,8.9658238e-05,9.023873e-05
2024-01-26,VZ,2.1186374e-09,2.1303729e-09,2.1186391e-09
2024-01-26,WMT,2.9700797e-07,2.9847541e-07,2.9582316e-07
2024-01-29,AAPL,1.3510268,1.3589966,1.3145677
2024-01-29,AMGN,9.2694844e-10,9.2805521e-10,9.3042479e-10
2024-01-29,CRM,0.026602632,0.027048133,0.026285326
2024-01-29,CSCO,0.16985069,0.17052156,0.16604207
2024-01-29,IBM,0.00040910497,0.00041558351,0.00040754982
2024-01-29,INTC,0.0041605635,0.0042299632,0.0041410294
2024-01-29,MSFT,3.1305282,3.1083978,3.1050007
2024-01-29,NKE,9.0993528e-05,9.2137167e-05,8.9610843e-05
2024-01-29,VZ,2.0692157e-09,2.0939241e-09,2.0728741e-09
2024-01-29,WMT,2.9165134e-07,2.9732008e-07,2.8442156e-07
2024-01-30,AAPL,1.3384369,1.3511397,1.3282428
2024-01-30,AMGN,9.3374657e-10,9.396897e-10,9.1367036e-10
2024-01-30,CRM,0.02506865,0.025555803,0.025145258
2024-01-30,CSCO,0.16349458,0.16627165,0.161338
2024-01-30,IBM,0.00040529505,0.00041199431,0.00040530259
2024-01-30,INTC,0.00397973,0.0039802713,0.0039627254
2024-01-30,MSFT,3.1871655,3.2349463,3.12502
2024-01-30,NKE,9.0475727e-05,9.2892595e-05,8.9040839e-05
2024-01-30,VZ,1.9901237e-09,2.0113013e-09,1.9894092e-09
2024-01-30,WMT,2.8761697e-07,2.9389557e-07,2.900996e-07
2024-01-31,AAPL,1.2836452,1.2915441,1.266873
2024-01-31,AMGN,8.8530053e-10,9.1215808e-10,8.7583337e-10
2024-01-31,CRM,0.026113055,0.025998984,0.024681818
2024-01-31,CSCO,0.16238047,0.16490706,0.16132787
2024-01-31,IBM,0.0003976326,0.00040631868,0.00039802518
2024-01-31,INTC,0.0040000258,0.0040261128,0.003958915
2024-01-31,MSFT,3.1950528,3.1596869,3.1225593
2024-01-31,NKE,9.2634531e-05,9.362424e-05,9.0643447e-05
2024-01-31,VZ,1.962299e-09,1.9879334e-09,1.933023e-09
2024-01-31,WMT,2.8148697e-07,2.8321479e-07,2.7879069e-07
2024-02-01,AAPL,1.2935094,1.3242639,1.2607972
2024-02-01,AMGN,8.4847682e-10,8.7541502e-10,8.5332375e-10
2024-02-01,CRM,0.024251418,0.02451873,0.022966878
2024-02-01,CSCO,0.1592566,0.16206782,0.15910211
2024-02-01,IBM,0.00039790574,0.00039846475,0.00038800632
2024-02-01,INTC,0.0037839969,0.0038158365,0.0038001621
2024-02-01,MSFT,3.1516295,3.1782632,3.0702939
2024-02-01,NKE,9.2206189e-05,9.3763699e-05,8.9524967e-05
2024-02-01,VZ,1.9177859e-09,1.9507801e-09,1.8959498e-09
2024-02-01,WMT,2.7673205e-07,2.805826e-07,2.710918e-07
2024-02-02,AAPL,1.2806654,1.2795687,1.2698846
2024-02-02,AMGN,8.6255207e-10,8.8709642e-10,8.5859977e-10
2024-02-02,CRM,0.022955439,0.023579635,0.022472014
2024-02-02,CSCO,0.15528498,0.15967026,0.15356321
2024-02-02,IBM,0.00039244158,0.00039912547,0.0003947904
2024-02-02,INTC,0.0038711282,0.0039563658,0.0039215365
2024-02-02,MSFT,3.197971,3.2982686,3.177642
2024-02-02,NKE,9.1468651e-05,9.2221086e-05,9.0194801e-05
2024-02-02,VZ,1.9018566e-09,1.9305512e-09,1.8795251e-09
2024-02-02,WMT,2.679285e-07,2.7346861e-07,2.678073e-07
2024-02-05,AAPL,1.3107492,1.3230818,1.2976756
2024-02-05,AMGN,8.7493627e-10,8.8456144e-10,8.5491307e-10
2024-02-05,CRM,0.023290111,0.023665175,0.02264839
2024-02-05,CSCO,0.1535839,0.15761426,0.1534932
2024-02-05,IBM,0.00038713449,0.00039335007,0.00039513806
2024-02-05,INTC,0.0040405398,0.0040555077,0.0039496117
2024-02-05,MSFT,3.1751818,3.2243837,3.1543584
2024-02-05,NKE,8.8792212e-05,9.0922869e-05,8.8125948e-05
2024-02-05,VZ,1.9006162e-09,1.8825538e-09,1.8730535e-09
2024-02-05,WMT,2.6234015e-07,2.6243813e-07,2.6482623e-07
2024-02-06,AAPL,1.3223031,1.3314359,1.2884099
2024-02-06,AMGN,8.384878e-10,8.5456415e-10,8.4062525e-10
2024-02-06,CRM,0.022054607,0.022705305,0.021665814
2024-02-06,CSCO,0.14918927,0.14904874,0.14874316
2024-02-06,IBM,0.00039217034,0.00039655253,0.00039113826
2024-02-06,INTC,0.0040983531,0.0041754985,0.004083269
2024-02-06,MSFT,3.23195,3.2750901,3.2621971
2024-02-06,NKE,8.974775e-05,9.0635159e-05,9.0814898e-05
2024-02-06,VZ,1.8437715e-09,1.8703627e-09,1.863622e-09
2024-02-06,WMT,2.5510045e-07,2.5601878e-07,2.511219e-07
2024-02-07,AAPL,1.335115,1.3507217,1.3388993
2024-02-07,AMGN,8.3501334e-10,8.46418e-10,8.229122e-10
2024-02-07,CRM,0.021524615,0.021786571,0.02149003
2024-02-07,CSCO,0.14442886,0.14407164,0.14265603
2024-02-07,IBM,0.00038637322,0.00039023999,0.00039184281
2024-02-07,INTC,0.0040947827,0.0041171799,0.0040320057
2024-02-07,MSFT,3.1998588,3.1731424,3.174653
2024-02-07,NKE,8.8131894e-05,8.8064702e-05,8.8491782e-05
2024-02-07,VZ,1.752704e-09,1.7914061e-09,1.7511395e-09
2024-02-07,WMT,2.4890036e-07,2.5158305e-07,2.4980657e-07
2024-02-08,AAPL,1.2961205,1.2769385,1.3151673
2024-02-08,AMGN,8.0997902e-10,8.3049961e-10,8.0046082e-10
2024-02-08,CRM,0.021104847,0.021148296,0.020502511
2024-02-08,CSCO,0.14715349,0.14618281,0.14723341
2024-02-08,IBM,0.00038675366,0.00039604794,0.00038581262
2024-02-08,INTC,0.0040276172,0.004125639,0.0039926797
2024-02-08,MSFT,3.1854298,3.1679465,3.1334624
2024-02-08,NKE,8.7259273e-05,8.9812212e-05,8.6647852e-05
2024-02-08,VZ,1.6824787e-09,1.7361224e-09,1.6590511e-09
2024-02-08,WMT,2.4311509e-07,2.451494e-07,2.4366664e-07
2024-02-09,AAPL,1.3284771,1.3476167,1.2965304
2024-02-09,AMGN,7.7425661e-10,7.8872008e-10,7.6058387e-10
2024-02-09,CRM,0.021115256,0.022213076,0.020638207
2024-02-09,CSCO,0.14269585,0.1407903,0.14132358
2024-02-09,IBM,0.00037832089,0.00038368898,0.00037902791
2024-02-09,INTC,0.0038798766,0.0039473606,0.003859848
2024-02-09,MSFT,3.1253837,3.194452,3.067436
2024-02-09,NKE,8.5536029e-05,8.5569443e-05,8.6780739e-05
2024-02-09,VZ,1.6353054e-09,1.6419822e-09,1.644969e-09
2024-02-09,WMT,2.3482089e-07,2.3995433e-07,2.3391646e-07
2024-02-12,AAPL,1.3237558,1.3262984,1.2980138
2024-02-12,AMGN,7.3072018e-10,7.6000689e-10,7.1934301e-10
2024-02-12,CRM,0.021345807,0.02166976,0.021039773
2024-02-12,CSCO,0.14615928,0.14455045,0.14402068
2024-02-12,IBM,0.00037224181,0.00037939106,0.00037032325
2024-02-12,INTC,0.0039316208,0.0040339906,0.0038247192
2024-02-12,MSFT,3.1253415,3.1311845,3.0870618
2024-02-12,NKE,8.3048546e-05,8.3817095e-05,8.328708e-05
2024-02-12,VZ,1.6017223e-09,1.5992332e-09,1.6192584e-09
2024-02-12,WMT,2.3673711e-07,2.4290828e-07,2.3309733e-07
2024-02-13,AAPL,1.336341,1.3619494,1.3313634
2024-02-13,AMGN,7.1852206e-10,7.313466e-10,7.0629951e-10
2024-02-13,CRM,0.020601196,0.020787305,0.02068439
2024-02-13,CSCO,0.14332567,0.1446181,0.1433638
2024-02-13,IBM,0.00036321405,0.00037455548,0.00036401945
2024-02-13,INTC,0.0038844453,0.0039530132,0.003865003
2024-02-13,MSFT,3.1084271,3.1214628,3.0570297
2024-02-13,NKE,8.2349153e-05,8.3209957e-05,8.1034965e-05
2024-02-13,VZ,1.5877942e-09,1.5831707e-09,1.5789459e-09
2024-02-13,WMT,2.2693603e-07,2.2958034e-07,2.275194e-07
2024-02-14,AAPL,1.3411349,1.354036,1.3266629
2024-02-14,AMGN,7.4387285e-10,7.5283486e-10,7.2860359e-10
2024-02-14,CRM,0.021635481,0.021039268,0.021054051
2024-02-14,CSCO,0.14574325,0.14849669,0.14519875
2024-02-14,IBM,0.00034796692,0.00035110271,0.00034642329
2024-02-14,INTC,0.0038510053,0.0038915747,0.0038514451
2024-02-14,MSFT,3.0975091,3.1238467,3.0222035
2024-02-14,NKE,8.1989003e-05,8.2253034e-05,8.1186487e-05
2024-02-14,VZ,1.5476383e-09,1.5632346e-09,1.5622044e-09
2024-02-14,WMT,2.2394164e-07,2.2473745e-07,2.2297555e-07
2024-02-15,AAPL,1.3401893,1.3649235,1.328274
2024-02-15,AMGN,7.2540998e-10,7.4130376e-10,7.1638819e-10
2024-02-15,CRM,0.021698626,0.021945589,0.021226233
2024-02-15,CSCO,0.1441012,0.14474901,0.14119977
2024-02-15,IBM,0.00034015309,0.0003368961,0.00033573095
2024-02-15,INTC,0.0038875321,0.0039443542,0.0039588206
2024-02-15,MSFT,3.1576126,3.1834619,3.1126088
2024-02-15,NKE,8.1016645e-05,8.1932121e-05,8.0715544e-05
2024-02-15,VZ,1.5196219e-09,1.5230716e-09,1.5045689e-09
2024-02-15,WMT,2.2094797e-07,2.2718735e-07,2.1538328e-07
2024-02-16,AAPL,1.3568111,1.3855215,1.3302046
2024-02-16,AMGN,7.008047e-10,7.1003647e-10,6.9143458e-10
2024-02-16,CRM,0.022492622,0.022566026,0.022381649
2024-02-16,CSCO,0.14596977,0.14483781,0.14606253
2024-02-16,IBM,0.00034415545,0.00035088663,0.00034119785
2024-02-16,INTC,0.0038713165,0.0038715564,0.0038271992
2024-02-16,MSFT,3.1470192,3.1684882,3.0701472
2024-02-16,NKE,8.1366705e-05,8.2622754e-05,8.1647772e-05
2024-02-16,VZ,1.4857768e-09,1.5043207e-09,1.4899176e-09
2024-02-16,WMT,2.1573546e-07,2.1592286e-07,2.1506681e-07
2024-02-20,AAPL,1.3956695,1.3792006,1.3634347
2024-02-20,AMGN,6.694194e-10,6.7306391e-10,6.7155839e-10
2024-02-20,CRM,0.022291437,0.022405719,0.022559356
2024-02-20,CSCO,0.14840858,0.14913173,0.14677596
2024-02-20,IBM,0.00034352524,0.00034937085,0.00034448145
2024-02-20,INTC,0.0038243315,0.0038420631,0.0038151459
2024-02-20,MSFT,3.1394082,3.2236852,3.0632917
2024-02-20,NKE,8.1769654e-05,8.2835409e-05,7.9711441e-05
2024-02-20,VZ,1.4737897e-09,1.4852099e-09,1.4940474e-09
2024-02-20,WMT,2.1563631e-07,2.1623536e-07,2.1598486e-07
2024-02-21,AAPL,1.4162929,1.4270018,1.3890327
2024-02-21,AMGN,6.6118907e-10,6.7131128e-10,6.6456035e-10
2024-02-21,CRM,0.022677616,0.022654674,0.0219872
2024-02-21,CSCO,0.14716394,0.14704837,0.14751559
2024-02-21,IBM,0.00034052924,0.00034366629,0.00034292698
2024-02-21,INTC,0.0038639102,0.0038625014,0.0037458394
2024-02-21,MSFT,3.1329878,3.1689443,3.067242
2024-02-21,NKE,8.2785539e-05,8.4520248e-05,8.336925e-05
2024-02-21,VZ,1.4537967e-09,1.4680865e-09,1.4322576e-09
2024-02-21,WMT,2.1323509e-07,2.15597e-07,2.1111683e-07
2024-02-22,AAPL,1.4327251,1.4567702,1.4036618
2024-02-22,AMGN,6.4827311e-10,6.5903422e-10,6.3269555e-10
2024-02-22,CRM,0.021556804,0.021892817,0.021142486
2024-02-22,CSCO,0.14573324,0.15234189,0.1418483
2024-02-22,IBM,0.00033829904,0.00034105799,0.00033773821
2024-02-22,INTC,0.0037933187,0.0037880906,0.0037902379
2024-02-22,MSFT,3.1368623,3.1461256,3.1342808
2024-02-22,NKE,8.1738e-05,8.2648463e-05,8.143893e-05
2024-02-22,VZ,1.4068472e-09,1.4248989e-09,1.3857524e-09
2024-02-22,WMT,2.1297658e-07,2.173628e-07,2.1588966e-07
2024-02-23,AAPL,1.3990015,1.4266722,1.3967008
2024-02-23,AMGN,6.3790616e-10,6.5634189e-10,6.355489e-10
2024-02-23,CRM,0.022170233,0.021859666,0.021746278
2024-02-23,CSCO,0.14553768,0.14727354,0.14314894
2024-02-23,IBM,0.0003322028,0.00033847321,0.00033017373
2024-02-23,INTC,0.0038038894,0.0038334413,0.0037264549
2024-02-23,MSFT,3.1872227,3.1490242,3.104365
2024-02-23,NKE,8.0982261e-05,8.2672657e-05,7.9914319e-05
2024-02-23,VZ,1.4007398e-09,1.4129252e-09,1.3972984e-09
2024-02-23,WMT,2.0933102e-07,2.1543447e-07,2.0841827e-07
2024-02-26,AAPL,1.3779368,1.3905695,1.3845589
2024-02-26,AMGN,6.2425437e-10,6.3843035e-10,6.2629124e-10
2024-02-26,CRM,0.022132821,0.022143562,0.021717438
2024-02-26,CSCO,0.14508963,0.14625218,0.1461085
2024-02-26,IBM,0.00032346329,0.00033037263,0.00031981125
2024-02-26,INTC,0.0037985608,0.003813936,0.0036844348
2024-02-26,MSFT,3.2496841,3.2977177,3.1940803
2024-02-26,NKE,7.9585305e-05,8.0818076e-05,7.9377187e-05
2024-02-26,VZ,1.4060372e-09,1.4144031e-09,1.3882885e-09
2024-02-26,WMT,2.0215315e-07,2.0554695e-07,2.0254172e-07
2024-02-27,AAPL,1.3740377,1.4145575,1.3443321
2024-02-27,AMGN,6.1085524e-10,6.2898652e-10,5.9157489e-10
2024-02-27,CRM,0.021908558,0.022777062,0.02144495
2024-02-27,CSCO,0.14428706,0.14603532,0.14119405
2024-02-27,IBM,0.00032482499,0.00032996246,0.00032676304
2024-02-27,INTC,0.0038371585,0.0038845523,0.0037696419
2024-02-27,MSFT,3.3280268,3.3431911,3.3366768
2024-02-27,NKE,7.9414483e-05,8.176396e-05,7.9717889e-05
2024-02-27,VZ,1.4017153e-09,1.4214373e-09,1.4286153e-09
2024-02-27,WMT,1.9843348e-07,2.009329e-07,1.9437401e-07
2024-02-28,AAPL,1.3749254,1.3983159,1.379297
2024-02-28,AMGN,5.9202287e-10,6.0439714e-10,5.7563459e-10
2024-02-28,CRM,0.021760545,0.022515639,0.021703158
2024-02-28,CSCO,0.14830295,0.14783083,0.14660203
2024-02-28,IBM,0.00031981862,0.00032503436,0.00032289671
2024-02-28,INTC,0.0038073626,0.0037992839,0.003776632
2024-02-28,MSFT,3.2333997,3.2290237,3.1726229
2024-02-28,NKE,8.060426e-05,7.9345962e-05,7.9729006e-05
2024-02-28,VZ,1.3410743e-09,1.3703862e-09,1.3666941e-09
2024-02-28,WMT,1.9614147e-07,2.043288e-07,1.9594352e-07
2024-02-29,AAPL,1.3406492,1.3303225,1.3232361
2024-02-29,AMGN,5.8606375e-10,5.9214997e-10,5.8194878e-10
2024-02-29,CRM,0.021832822,0.021928777,0.02173968
2024-02-29,CSCO,0.14565418,0.14399542,0.14577735
2024-02-29,IBM,0.00030560091,0.0003113963,0.00030662001
2024-02-29,INTC,0.0037576984,0.003816929,0.0037325262
2024-02-29,MSFT,3.3538251,3.4671344,3.3002839
2024-02-29,NKE,7.8225861e-05,7.8916964e-05,7.735969e-05
2024-02-29,VZ,1.3328503e-09,1.3473581e-09,1.3166663e-09
2024-02-29,WMT,1.9334232e-07,1.9606959e-07,1.9234519e-07
2024-03-01,AAPL,1.339142,1.3601571,1.3366637
2024-03-01,AMGN,5.7022193e-10,5.8271567e-10,5.6418092e-10
2024-03-01,CRM,0.022042435,0.022155924,0.021918593
2024-03-01,CSCO,0.14929395,0.15086881,0.15025192
2024-03-01,IBM,0.0003022768,0.00030623018,0.00030391344
2024-03-01,INTC,0.0036941168,0.0036523624,0.0035752046
2024-03-01,MSFT,3.3612778,3.3776979,3.3180456
2024-03-01,NKE,7.5933009e-05,7.7052052e-05,7.6389388e-05
2024-03-01,VZ,1.3317805e-09,1.3516478e-09,1.3090206e-09
2024-03-01,WMT,1.8687876e-07,1.873467e-07,1.8641179e-07
2024-03-04,AAPL,1.316152,1.3327992,1.2916581
2024-03-04,AMGN,5.4370499e-10,5.6445989e-10,5.4240163e-10
2024-03-04,CRM,0.022062096,0.022010047,0.020802129
2024-03-04,CSCO,0.14163623,0.14416341,0.13922641
2024-03-04,IBM,0.00030077978,0.00030706289,0.00029607454
2024-03-04,INTC,0.0036767683,0.0036822217,0.0036045747
2024-03-04,MSFT,3.3934696,3.3880682,3.3473293
2024-03-04,NKE,7.4705887e-05,7.5875188e-05,7.4364676e-05
2024-03-04,VZ,1.3137867e-09,1.347346e-09,1.3016277e-09
2024-03-04,WMT,1.8578805e-07,1.8802124e-07,1.8250699e-07
2024-03-05,AAPL,1.3196868,1.3696621,1.2989823
2024-03-05,AMGN,5.26985e-10,5.4212147e-10,5.1586296e-10
2024-03-05,CRM,0.021628611,0.021770035,0.021289806
2024-03-05,CSCO,0.13945419,0.14099056,0.13703044
2024-03-05,IBM,0.00029459475,0.00030018705,0.00028722784
2024-03-05,INTC,0.0037471881,0.0037675134,0.0037282574
2024-03-05,MSFT,3.4019375,3.4600051,3.3143762
2024-03-05,NKE,7.3511987e-05,7.5723506e-05,7.3862371e-05
2024-03-05,VZ,1.3078838e-09,1.3160885e-09,1.311363e-09
2024-03-05,WMT,1.8442205e-07,1.8861229e-07,1.8044589e-07
2024-03-06,AAPL,1.3297396,1.3493766,1.3555006
2024-03-06,AMGN,5.4757439e-10,5.4836586e-10,5.4497967e-10
2024-03-06,CRM,0.021919194,0.022064695,0.022334565
2024-03-06,CSCO,0.14136095,0.14120256,0.14257933
2024-03-06,IBM,0.00029508599,0.00029808726,0.0002873762
2024-03-06,INTC,0.0036447684,0.0036263106,0.0036051344
2024-03-06,MSFT,3.5145952,3.5118886,3.5244272
2024-03-06,NKE,7.4712372e-05,7.5952901e-05,7.3987235e-05
2024-03-06,VZ,1.3302624e-09,1.3464145e-09,1.3185179e-09
2024-03-06,WMT,1.8124661e-07,1.8262028e-07,1.8025881e-07
2024-03-07,AAPL,1.3569589,1.3465847,1.3513127
2024-03-07,AMGN,5.3398365e-10,5.4343883e-10,5.3833669e-10
2024-03-07,CRM,0.021028946,0.021120729,0.021309036
2024-03-07,CSCO,0.1420555,0.14361752,0.14052486
2024-03-07,IBM,0.00029040113,0.000291923,0.00028760626
2024-03-07,INTC,0.0036348684,0.0035925258,0.0036610876
2024-03-07,MSFT,3.5633001,3.5977857,3.5451425
2024-03-07,NKE,7.2725912e-05,7.3562668e-05,7.4079393e-05
2024-03-07,VZ,1.2986788e-09,1.3211378e-09,1.284956e-09
2024-03-07,WMT,1.772731e-07,1.7798104e-07,1.7907516e-07
2024-03-08,AAPL,1.3372519,1.3406682,1.327912
2024-03-08,AMGN,5.0533711e-10,5.1782975e-10,4.9549207e-10
2024-03-08,CRM,0.020245203,0.020441151,0.020171846
2024-03-08,CSCO,0.13629397,0.13854355,0.13478316
2024-03-08,IBM,0.00029429936,0.0002956054,0.00029543023
2024-03-08,INTC,0.0035839286,0.0036170207,0.0035966286
2024-03-08,MSFT,3.5156267,3.5844581,3.3684107
2024-03-08,NKE,7.1768345e-05,7.2813479e-05,7.0719391e-05
2024-03-08,VZ,1.2909488e-09,1.2967451e-09,1.3128794e-09
2024-03-08,WMT,1.7306914e-07,1.7718662e-07,1.7325068e-07
2024-03-11,AAPL,1.3181507,1.3289759,1.2751357
2024-03-11,AMGN,4.8673674e-10,4.9612031e-10,4.7537997e-10
2024-03-11,CRM,0.019375819,0.019551891,0.018900717
2024-03-11,CSCO,0.14240431,0.14467867,0.1426356
2024-03-11,IBM,0.00028999676,0.00029729645,0.00029016536
2024-03-11,INTC,0.0034470478,0.0035584943,0.0034322319
2024-03-11,MSFT,3.4674841,3.4977409,3.3742989
2024-03-11,NKE,7.2100036e-05,7.1708375e-05,7.2828385e-05
2024-03-11,VZ,1.2498232e-09,1.2610423e-09,1.2606324e-09
2024-03-11,WMT,1.6802296e-07,1.7134468e-07,1.6905498e-07
2024-03-12,AAPL,1.3200082,1.3307577,1.2910425
2024-03-12,AMGN,4.7638923e-10,4.9128014e-10,4.6482417e-10
2024-03-12,CRM,0.019353678,0.019628634,0.01863518
2024-03-12,CSCO,0.1408542,0.14276589,0.13983978
2024-03-12,IBM,0.00028403104,0.00028865136,0.00028461088
2024-03-12,INTC,0.0033699858,0.0034469531,0.0033222426
2024-03-12,MSFT,3.3924092,3.4634355,3.346346
2024-03-12,NKE,7.0752376e-05,7.1543399e-05,7.1248231e-05
2024-03-12,VZ,1.2126324e-09,1.2279835e-09,1.228621e-09
2024-03-12,WMT,1.6195605e-07,1.6508265e-07,1.6382652e-07
2024-03-13,AAPL,1.2889649,1.3114618,1.2700938
2024-03-13,AMGN,4.6119097e-10,4.7704724e-10,4.5455836e-10
2024-03-13,CRM,0.018480058,0.018461392,0.018289479
2024-03-13,CSCO,0.13780393,0.1390085,0.13671641
2024-03-13,IBM,0.00028440321,0.00028520191,0.00028296662
2024-03-13,INTC,0.0034410371,0.0033905732,0.0033079371
2024-03-13,MSFT,3.3817899,3.4377394,3.3370756
2024-03-13,NKE,6.9864493e-05,7.0294826e-05,6.920259e-05
2024-03-13,VZ,1.2075109e-09,1.206063e-09,1.2127939e-09
2024-03-13,WMT,1.5675836e-07,1.5839845e-07,1.5655211e-07
2024-03-14,AAPL,1.2470727,1.2679412,1.2394351
2024-03-14,AMGN,4.5255636e-10,4.6213617e-10,4.46916e-10
2024-03-14,CRM,0.01912344,0.019241799,0.018642712
2024-03-14,CSCO,0.13879616,0.13993,0.13632809
2024-03-14,IBM,0.0002826117,0.00028667464,0.0002850897
2024-03-14,INTC,0.0034446455,0.003461925,0.0034130076
2024-03-14,MSFT,3.264468,3.3178247,3.2082492
2024-03-14,NKE,6.9126186e-05,6.9545289e-05,6.9470646e-05
2024-03-14,VZ,1.1942991e-09,1.2109485e-09,1.1918755e-09
2024-03-14,WMT,1.5747487e-07,1.580176e-07,1.5693901e-07
2024-03-15,AAPL,1.2137468,1.2056744,1.1989823
2024-03-15,AMGN,4.5300112e-10,4.6174932e-10,4.4907582e-10
2024-03-15,CRM,0.018771989,0.018987202,0.018732014
2024-03-15,CSCO,0.14590519,0.14700149,0.1443503
2024-03-15,IBM,0.00028087196,0.00028517069,0.00027721326
2024-03-15,INTC,0.0033861124,0.003369442,0.003294504
2024-03-15,MSFT,3.2565552,3.2756055,3.1857962
2024-03-15,NKE,6.7562498e-05,6.8032937e-05,6.8145436e-05
2024-03-15,VZ,1.1882846e-09,1.208574e-09,1.2014389e-09
2024-03-15,WMT,1.5175296e-07,1.5501508e-07,1.5175209e-07
2024-03-18,AAPL,1.2041039,1.2351453,1.1762883
2024-03-18,AMGN,4.5001798e-10,4.5413485e-10,4.4623221e-10
2024-03-18,CRM,0.017952392,0.018315056,0.018051752
2024-03-18,CSCO,0.14864612,0.15117065,0.1479936
2024-03-18,IBM,0.00027562386,0.00028412099,0.00027620573
2024-03-18,INTC,0.0033726059,0.0034203593,0.0033723817
2024-03-18,MSFT,3.1952754,3.2225914,3.1315486
2024-03-18,NKE,6.5545357e-05,6.6939337e-05,6.4440191e-05
2024-03-18,VZ,1.1575898e-09,1.1872163e-09,1.1562216e-09
2024-03-18,WMT,1.4914686e-07,1.5261153e-07,1.4619712e-07
2024-03-19,AAPL,1.2166152,1.2410222,1.2162027
2024-03-19,AMGN,4.3934437e-10,4.4438619e-10,4.378588e-10
2024-03-19,CRM,0.01827842,0.018186235,0.017922339
2024-03-19,CSCO,0.14751699,0.14901078,0.1461513
2024-03-19,IBM,0.00027419735,0.00027412549,0.00027167789
2024-03-19,INTC,0.0032985097,0.0033655368,0.0032535991
2024-03-19,MSFT,3.1087597,3.1421468,3.0854151
2024-03-19,NKE,6.5184057e-05,6.533768e-05,6.7265786e-05
2024-03-19,VZ,1.125599e-09,1.1329963e-09,1.113342e-09
2024-03-19,WMT,1.4790802e-07,1.5067536e-07,1.4952655e-07
2024-03-20,AAPL,1.1708166,1.1631702,1.1442381
2024-03-20,AMGN,4.3610336e-10,4.4263508e-10,4.3117078e-10
2024-03-20,CRM,0.018938029,0.018930813,0.018493858
2024-03-20,CSCO,0.15364696,0.15573804,0.15148431
2024-03-20,IBM,0.0002690383,0.00027407239,0.00026522258
2024-03-20,INTC,0.0032930848,0.0033052037,0.0032488298
2024-03-20,MSFT,3.0932186,3.116561,3.0462407
2024-03-20,NKE,6.188624e-05,6.2575689e-05,6.0330712e-05
2024-03-20,VZ,1.0993672e-09,1.1094379e-09,1.1091604e-09
2024-03-20,WMT,1.4726339e-07,1.5019552e-07,1.4651888e-07
2024-03-21,AAPL,1.1541993,1.1475151,1.123543
2024-03-21,AMGN,4.2722562e-10,4.4056328e-10,4.2391975e-10
2024-03-21,CRM,0.019000296,0.018837735,0.018623568
2024-03-21,CSCO,0.15505234,0.15444455,0.15455289
2024-03-21,IBM,0.00026841836,0.0002696691,0.00026649346
2024-03-21,INTC,0.0031781989,0.0032122015,0.0031507554
2024-03-21,MSFT,3.1299327,3.1098024,3.1031628
2024-03-21,NKE,6.1296511e-05,6.2174782e-05,6.056527e-05
2024-03-21,VZ,1.0970945e-09,1.1245766e-09,1.0862736e-09
2024-03-21,WMT,1.4278239e-07,1.4503777e-07,1.4195156e-07
2024-03-22,AAPL,1.1302436,1.1403686,1.1274872
2024-03-22,AMGN,4.148837e-10,4.2325085e-10,4.0652104e-10
2024-03-22,CRM,0.01835726,0.018505429,0.017884078
2024-03-22,CSCO,0.15397886,0.1561737,0.15089935
2024-03-22,IBM,0.00025953975,0.00025919974,0.00026123849
2024-03-22,INTC,0.003159842,0.0032288739,0.0031021378
2024-03-22,MSFT,3.1826443,3.1889985,3.1185047
2024-03-22,NKE,6.1919359e-05,6.2030898e-05,6.2420575e-05
2024-03-22,VZ,1.0578805e-09,1.0755863e-09,1.0475673e-09
2024-03-22,WMT,1.4092821e-07,1.4233707e-07,1.4093676e-07
2024-03-25,AAPL,1.1090467,1.1189415,1.0792182
2024-03-25,AMGN,4.16726e-10,4.2671413e-10,4.1138312e-10
2024-03-25,CRM,0.018699748,0.019373515,0.01808184
2024-03-25,CSCO,0.14900065,0.14979955,0.14669171
2024-03-25,IBM,0.000252067,0.00025562871,0.00024958797
2024-03-25,INTC,0.0031906137,0.003226302,0.0030953204
2024-03-25,MSFT,3.2469816,3.3006234,3.2362638
2024-03-25,NKE,6.2699152e-05,6.4388192e-05,6.217203e-05
2024-03-25,VZ,1.0228425e-09,1.0289546e-09,1.0199801e-09
2024-03-25,WMT,1.3841293e-07,1.4071108e-07,1.3624947e-07
2024-03-26,AAPL,1.0890919,1.1145694,1.0731339
2024-03-26,AMGN,4.0174876e-10,4.1202897e-10,3.9460466e-10
2024-03-26,CRM,0.019675933,0.019788543,0.018701801
2024-03-26,CSCO,0.14823233,0.1511646,0.14527866
2024-03-26,IBM,0.00024809495,0.00024857501,0.00024643663
2024-03-26,INTC,0.0030998305,0.0030937442,0.0030651159
2024-03-26,MSFT,3.3732343,3.3812546,3.3239968
2024-03-26,NKE,6.1360907e-05,6.1232649e-05,6.1931607e-05
2024-03-26,VZ,1.0019461e-09,1.0213195e-09,1.0112786e-09
2024-03-26,WMT,1.3703619e-07,1.4024473e-07,1.3982499e-07
2024-03-27,AAPL,1.0546679,1.0472988,1.0480348
2024-03-27,AMGN,3.8662636e-10,4.0395213e-10,3.8283161e-10
2024-03-27,CRM,0.01922399,0.018908218,0.018834824
2024-03-27,CSCO,0.14975947,0.15109267,0.14942385
2024-03-27,IBM,0.00024978697,0.00025376755,0.00024700964
2024-03-27,INTC,0.003029421,0.0030430982,0.0029708322
2024-03-27,MSFT,3.3579592,3.3532513,3.2783369
2024-03-27,NKE,6.0579215e-05,6.0765178e-05,6.0209804e-05
2024-03-27,VZ,1.0072884e-09,1.0148378e-09,1.010128e-09
2024-03-27,WMT,1.3394885e-07,1.3508661e-07,1.3397416e-07
2024-03-28,AAPL,1.0391702,1.0391791,1.012855
2024-03-28,AMGN,3.820178e-10,3.8373038e-10,3.7159757e-10
2024-03-28,CRM,0.019030002,0.018888723,0.018742173
2024-03-28,CSCO,0.15241603,0.15355812,0.1497337
2024-03-28,IBM,0.00024701957,0.0002533768,0.000243642
2024-03-28,INTC,0.0030540374,0.0031113885,0.0030051597
2024-03-28,MSFT,3.3084255,3.3014599,3.3023869
2024-03-28,NKE,6.0611799e-05,6.1707805e-05,6.0680312e-05
2024-03-28,VZ,9.8211323e-10,9.9804859e-10,9.7670597e-10
2024-03-28,WMT,1.3034848e-07,1.3240384e-07,1.2728269e-07
2024-04-01,AAPL,1.0334981,1.0512046,1.0297471
2024-04-01,AMGN,3.6404796e-10,3.7226856e-10,3.603093e-10
2024-04-01,CRM,0.019628462,0.019431556,0.018924909
2024-04-01,CSCO,0.1516001,0.1537751,0.15029887
2024-04-01,IBM,0.00024112484,0.00024678765,0.00024029126
2024-04-01,INTC,0.0029254688,0.0029686198,0.0028613159
2024-04-01,MSFT,3.3213243,3.3556315,3.2490056
2024-04-01,NKE,6.0440083e-05,5.9842372e-05,5.8947098e-05
2024-04-01,VZ,9.5903332e-10,9.6768938e-10,9.4046734e-10
2024-04-01,WMT,1.2771474e-07,1.3087749e-07,1.2575981e-07
2024-04-02,AAPL,1.0225872,1.0203034,1.0144435
2024-04-02,AMGN,3.5590934e-10,3.6217638e-10,3.4565157e-10
2024-04-02,CRM,0.018776556,0.018485635,0.017901541
2024-04-02,CSCO,0.14725738,0.14825343,0.14475625
2024-04-02,IBM,0.00024383828,0.00024807523,0.00023767976
2024-04-02,INTC,0.0029060042,0.0029283938,0.0028971091
2024-04-02,MSFT,3.4317221,3.4629106,3.3699276
2024-04-02,NKE,5.9550275e-05,6.0233924e-05,5.934104e-05
2024-04-02,VZ,9.2602496e-10,9.3309041e-10,9.3949407e-10
2024-04-02,WMT,1.2702866e-07,1.2734907e-07,1.2697051e-07
2024-04-03,AAPL,0.99838001,1.0094751,0.97634191
2024-04-03,AMGN,3.4710416e-10,3.5666559e-10,3.4291507e-10
2024-04-03,CRM,0.018310295,0.018833232,0.017556583
2024-04-03,CSCO,0.14271856,0.14650838,0.14114392
2024-04-03,IBM,0.00024256797,0.0002442027,0.00023771927
2024-04-03,INTC,0.0028240702,0.0028454286,0.0027512323
2024-04-03,MSFT,3.2688537,3.3633022,3.2566438
2024-04-03,NKE,5.898506e-05,5.9405885e-05,5.7277476e-05
2024-04-03,VZ,9.1926905e-10,9.2505407e-10,9.2424511e-10
2024-04-03,WMT,1.26248e-07,1.275934e-07,1.2490193e-07
2024-04-04,AAPL,0.95321789,0.95969244,0.92324643
2024-04-04,AMGN,3.4391263e-10,3.4907738e-10,3.4269145e-10
2024-04-04,CRM,0.018089157,0.018582269,0.01744179
2024-04-04,CSCO,0.13823804,0.13988707,0.13474545
2024-04-04,IBM,0.00023578844,0.00023916665,0.00023680112
2024-04-04,INTC,0.0028207675,0.0028588229,0.0028393806
2024-04-04,MSFT,3.1932654,3.2720437,3.2278129
2024-04-04,NKE,5.867441e-05,5.9480216e-05,5.8923898e-05
2024-04-04,VZ,9.0375618e-10,9.1638868e-10,9.0382417e-10
2024-04-04,WMT,1.2499916e-07,1.2724412e-07,1.2459389e-07
2024-04-05,AAPL,0.95295025,0.95682176,0.94245572
2024-04-05,AMGN,3.5032263e-10,3.5776645e-10,3.4563047e-10
2024-04-05,CRM,0.017585044,0.01777496,0.017363772
2024-04-05,CSCO,0.13889812,0.13881536,0.13759078
2024-04-05,IBM,0.00022773032,0.00022968696,0.00022865641
2024-04-05,INTC,0.0028287551,0.002866455,0.0028311187
2024-04-05,MSFT,3.0946944,3.1364816,3.0518437
2024-04-05,NKE,6.0163122e-05,6.0882875e-05,6.0107678e-05
2024-04-05,VZ,8.9681377e-10,8.9252823e-10,9.0407671e-10
2024-04-05,WMT,1.2697198e-07,1.2892337e-07,1.2684745e-07
2024-04-08,AAPL,0.95056088,0.96010047,0.94433758
2024-04-08,AMGN,3.3998048e-10,3.4363533e-10,3.4283893e-10
2024-04-08,CRM,0.018360637,0.018505141,0.018122857
2024-04-08,CSCO,0.14393646,0.14292399,0.1449384
2024-04-08,IBM,0.00022658604,0.00022974502,0.00022595678
2024-04-08,INTC,0.0028239277,0.0028324669,0.0028152911
2024-04-08,MSFT,3.171651,3.1585046,3.1455091
2024-04-08,NKE,5.9459712e-05,6.0308808e-05,5.9160787e-05
2024-04-08,VZ,8.7258541e-10,8.8651227e-10,8.810897e-10
2024-04-08,WMT,1.2560765e-07,1.2561023e-07,1.2510682e-07
2024-04-09,AAPL,0.95261543,0.9707271,0.92883998
2024-04-09,AMGN,3.3392841e-10,3.477871e-10,3.2804034e-10
2024-04-09,CRM,0.018831017,0.018842066,0.018837352
2024-04-09,CSCO,0.14118552,0.14160319,0.14062825
2024-04-09,IBM,0.00022139672,0.00022724138,0.00022105693
2024-04-09,INTC,0.0027783788,0.0027248817,0.0027387656
2024-04-09,MSFT,3.2201874,3.2300292,3.1345836
2024-04-09,NKE,5.8551158e-05,5.9470563e-05,5.8644939e-05
2024-04-09,VZ,8.2851111e-10,8.3536371e-10,8.2405789e-10
2024-04-09,WMT,1.2199322e-07,1.2372901e-07,1.194011e-07
2024-04-10,AAPL,0.95130173,0.96096205,0.94309837
2024-04-10,AMGN,3.3604265e-10,3.3928606e-10,3.3806156e-10
2024-04-10,CRM,0.018082654,0.018563168,0.017821322
2024-04-10,CSCO,0.13971744,0.1395834,0.13927423
2024-04-10,IBM,0.0002196696,0.00022004119,0.00021711269
2024-04-10,INTC,0.0027545629,0.0027616124,0.0027375125
2024-04-10,MSFT,3.1949111,3.2349833,3.1487479
2024-04-10,NKE,5.8442655e-05,5.8502264e-05,5.7904214e-05
2024-04-10,VZ,8.0499265e-10,8.1156138e-10,8.0294197e-10
2024-04-10,WMT,1.2069828e-07,1.2156493e-07,1.212818e-07
2024-04-11,AAPL,0.94609985,0.9445807,0.93413246
2024-04-11,AMGN,3.2261048e-10,3.2648176e-10,3.1660141e-10
2024-04-11,CRM,0.017969846,0.017890185,0.018084881
2024-04-11,CSCO,0.14250961,0.14114414,0.1396358
2024-04-11,IBM,0.00021825778,0.00022121568,0.00021215696
2024-04-11,INTC,0.0026777468,0.0026909235,0.0026297971
2024-04-11,MSFT,3.2255099,3.2459382,3.1421351
2024-04-11,NKE,5.7441728e-05,5.7435014e-05,5.6541572e-05
2024-04-11,VZ,7.9029653e-10,8.0975189e-10,7.8418014e-10
2024-04-11,WMT,1.2069345e-07,1.2003804e-07,1.1962726e-07
2024-04-12,AAPL,0.9719949,0.99534785,0.95443299
2024-04-12,AMGN,3.1451209e-10,3.2397372e-10,3.1086545e-10
2024-04-12,CRM,0.017556138,0.017740153,0.017071648
2024-04-12,CSCO,0.14157546,0.14130774,0.14189908
2024-04-12,IBM,0.00021185886,0.00021233382,0.00021071991
2024-04-12,INTC,0.0026220206,0.0026139585,0.0026164876
2024-04-12,MSFT,3.2800802,3.3061176,3.2151254
2024-04-12,NKE,5.8394965e-05,5.8797156e-05,5.6828175e-05
2024-04-12,VZ,7.6668316e-10,7.7123777e-10,7.5887613e-10
2024-04-12,WMT,1.1945194e-07,1.1998529e-07,1.1889702e-07
2024-04-15,AAPL,1.0085074,1.022287,0.99003987
2024-04-15,AMGN,3.0571479e-10,3.1855675e-10,3.024043e-10
2024-04-15,CRM,0.017246199,0.017038515,0.016822657
2024-04-15,CSCO,0.1443419,0.14378208,0.14291642
2024-04-15,IBM,0.00020924871,0.00021278138,0.00020688674
2024-04-15,INTC,0.0025682181,0.0025936122,0.0025085763
2024-04-15,MSFT,3.2659097,3.2409304,3.2436411
2024-04-15,NKE,5.9014318e-05,5.9057556e-05,5.8952336e-05
2024-04-15,VZ,7.4803217e-10,7.6948802e-10,7.4223414e-10
2024-04-15,WMT,1.1805284e-07,1.185358e-07,1.1811826e-07
2024-04-16,AAPL,0.97215145,0.9778137,0.95068148
2024-04-16,AMGN,2.9293337e-10,2.9555335e-10,2.8785274e-10
2024-04-16,CRM,0.018724788,0.019087286,0.018394629
2024-04-16,CSCO,0.14221987,0.14124968,0.14073679
2024-04-16,IBM,0.00020990025,0.00021006415,0.00020602859
2024-04-16,INTC,0.002540724,0.0025401814,0.0025437995
2024-04-16,MSFT,3.3623099,3.3902317,3.2713295
2024-04-16,NKE,5.7521329e-05,5.8279927e-05,5.7109352e-05
2024-04-16,VZ,7.2344433e-10,7.2119632e-10,7.1305398e-10
2024-04-16,WMT,1.1256605e-07,1.1374991e-07,1.121553e-07
2024-04-17,AAPL,0.98175442,0.9844544,0.98035217
2024-04-17,AMGN,2.9381638e-10,3.0616159e-10,2.8607713e-10
2024-04-17,CRM,0.018667286,0.018797444,0.018308072
2024-04-17,CSCO,0.13808995,0.1361549,0.13681986
2024-04-17,IBM,0.00020460252,0.00020647476,0.00020433442
2024-04-17,INTC,0.0025808974,0.0026232846,0.0025495546
2024-04-17,MSFT,3.3547258,3.4309007,3.3509456
2024-04-17,NKE,5.7598178e-05,5.8975277e-05,5.6705907e-05
2024-04-17,VZ,7.1041435e-10,7.2247206e-10,7.0416662e-10
2024-04-17,WMT,1.1196329e-07,1.1177633e-07,1.1181368e-07
2024-04-18,AAPL,0.96926326,0.97313426,0.94332447
2024-04-18,AMGN,2.900252e-10,2.9810258e-10,2.896386e-10
2024-04-18,CRM,0.018860527,0.019247219,0.01880845
2024-04-18,CSCO,0.13598855,0.13621281,0.1346212
2024-04-18,IBM,0.00019964536,0.00020300376,0.00020035004
2024-04-18,INTC,0.0025499191,0.0026076481,0.0024441419
2024-04-18,MSFT,3.2734013,3.3262792,3.1907978
2024-04-18,NKE,5.7506794e-05,5.8101358e-05,5.6224032e-05
2024-04-18,VZ,7.0706322e-10,7.0623985e-10,7.0768299e-10
2024-04-18,WMT,1.0962174e-07,1.1060671e-07,1.0887076e-07
2024-04-19,AAPL,0.95221717,0.96406646,0.92238586
2024-04-19,AMGN,2.8126082e-10,2.8755946e-10,2.8231765e-10
2024-04-19,CRM,0.018431849,0.018268892,0.018301911
2024-04-19,CSCO,0.13538565,0.13634819,0.13404014
2024-04-19,IBM,0.00019878378,0.00020081074,0.00019698835
2024-04-19,INTC,0.00250577,0.0025783914,0.0024985407
2024-04-19,MSFT,3.3319044,3.3554632,3.2790258
2024-04-19,NKE,5.7545362e-05,5.7256805e-05,5.6966204e-05
2024-04-19,VZ,6.801317e-10,6.912689e-10,6.8149981e-10
2024-04-19,WMT,1.0867473e-07,1.1071601e-07,1.0757745e-07
2024-04-22,AAPL,0.94947961,0.96078584,0.94414183
2024-04-22,AMGN,2.7046268e-10,2.7718955e-10,2.6746996e-10
2024-04-22,CRM,0.018289214,0.018357111,0.018040108
2024-04-22,CSCO,0.13616716,0.13669765,0.13598902
2024-04-22,IBM,0.0001948241,0.00019630301,0.00019083578
2024-04-22,INTC,0.0025232298,0.002540233,0.002473763
2024-04-22,MSFT,3.4047719,3.4567911,3.3828438
2024-04-22,NKE,5.7440086e-05,5.8625643e-05,5.7381301e-05
2024-04-22,VZ,6.7398472e-10,6.7156922e-10,6.6992648e-10
2024-04-22,WMT,1.0635628e-07,1.062041e-07,1.0612979e-07
2024-04-23,AAPL,0.94784247,0.9522348,0.92863627
2024-04-23,AMGN,2.6615174e-10,2.7298951e-10,2.6413682e-10
2024-04-23,CRM,0.018904429,0.018967131,0.018123817
2024-04-23,CSCO,0.13674869,0.13826809,0.13523559
2024-04-23,IBM,0.00019211812,0.00019578734,0.0001889191
2024-04-23,INTC,0.0024530918,0.002460764,0.0024389013
2024-04-23,MSFT,3.4076915,3.3934162,3.396155
2024-04-23,NKE,5.5124712e-05,5.6013445e-05,5.3572375e-05
2024-04-23,VZ,6.5709485e-10,6.6210369e-10,6.5013452e-10
2024-04-23,WMT,1.0634858e-07,1.056548e-07,1.053753e-07
2024-04-24,AAPL,0.93754689,0.94375987,0.91507852
2024-04-24,AMGN,2.5999179e-10,2.6428171e-10,2.5624446e-10
2024-04-24,CRM,0.018722697,0.018583451,0.01855511
2024-04-24,CSCO,0.13176289,0.13132135,0.12836759
2024-04-24,IBM,0.00018888294,0.0001893679,0.00018932471
2024-04-24,INTC,0.0024196523,0.0024429861,0.0024187693
2024-04-24,MSFT,3.4127755,3.4296799,3.3452436
2024-04-24,NKE,5.4875456e-05,5.5270304e-05,5.3088512e-05
2024-04-24,VZ,6.5363361e-10,6.7173518e-10,6.5244114e-10
2024-04-24,WMT,1.0252326e-07,1.0450512e-07,1.0182885e-07
2024-04-25,AAPL,0.95541353,0.95242745,0.95625748
2024-04-25,AMGN,2.5664834e-10,2.5801483e-10,2.5799201e-10
2024-04-25,CRM,0.018042538,0.018397822,0.017658956
2024-04-25,CSCO,0.13096604,0.13115812,0.12975256
2024-04-25,IBM,0.00018538105,0.00018850961,0.00018441485
2024-04-25,INTC,0.0023879531,0.0024561298,0.0023629684
2024-04-25,MSFT,3.4496944,3.5219284,3.3546246
2024-04-25,NKE,5.4004194e-05,5.4692318e-05,5.4088304e-05
2024-04-25,VZ,6.4382276e-10,6.4522559e-10,6.3322141e-10
2024-04-25,WMT,1.0049828e-07,1.0184999e-07,1.0026485e-07
2024-04-26,AAPL,0.92498144,0.94604397,0.91793784
2024-04-26,AMGN,2.5207632e-10,2.562555e-10,2.5905073e-10
2024-04-26,CRM,0.018976175,0.01932675,0.018449461
2024-04-26,CSCO,0.12887439,0.12711262,0.12773159
2024-04-26,IBM,0.00018511802,0.00018612347,0.00018511225
2024-04-26,INTC,0.0023839028,0.0023967803,0.0023619061
2024-04-26,MSFT,3.5218205,3.58582,3.4567791
2024-04-26,NKE,5.3488966e-05,5.3441612e-05,5.3697569e-05
2024-04-26,VZ,6.2822765e-10,6.3635051e-10,6.3290247e-10
2024-04-26,WMT,9.9760147e-08,1.0060994e-07,9.8955875e-08
2024-04-29,AAPL,0.93489652,0.97128564,0.94479214
2024-04-29,AMGN,2.5331935e-10,2.5816749e-10,2.4909012e-10
2024-04-29,CRM,0.018730072,0.018752755,0.01805625
2024-04-29,CSCO,0.13161468,0.13276912,0.12755017
2024-04-29,IBM,0.00018318863,0.00018426482,0.00018457688
2024-04-29,INTC,0.002365696,0.0024040876,0.0023129728
2024-04-29,MSFT,3.4450039,3.5136275,3.3690583
2024-04-29,NKE,5.3491565e-05,5.3883859e-05,5.2619432e-05
2024-04-29,VZ,6.148253e-10,6.1574058e-10,6.2064409e-10
2024-04-29,WMT,9.9238638e-08,1.0210996e-07,9.9934027e-08
2024-04-30,AAPL,0.91678074,0.93150325,0.892147
2024-04-30,AMGN,2.5474388e-10,2.6173368e-10,2.5225453e-10
2024-04-30,CRM,0.018474437,0.018042225,0.01785398
2024-04-30,CSCO,0.13098348,0.13028904,0.12926912
2024-04-30,IBM,0.00018570824,0.00018962939,0.00018519202
2024-04-30,INTC,0.002338028,0.0023966394,0.002311337
2024-04-30,MSFT,3.4621832,3.4857006,3.4496745
2024-04-30,NKE,5.4034175e-05,5.4817504e-05,5.4681262e-05
2024-04-30,VZ,6.0436008e-10,6.0330872e-10,5.9247688e-10
2024-04-30,WMT,9.5531931e-08,9.6771137e-08,9.5645097e-08
2024-05-01,AAPL,0.9132362,0.91628565,0.89554102
2024-05-01,AMGN,2.589061e-10,2.6370845e-10,2.5657496e-10
2024-05-01,CRM,0.018250968,0.019301304,0.01784896
2024-05-01,CSCO,0.1254578,0.1298187,0.12281617
2024-05-01,IBM,0.00018463174,0.00018669827,0.000181695
2024-05-01,INTC,0.0022626242,0.0023037445,0.0022611409
2024-05-01,MSFT,3.433615,3.5010158,3.453929
2024-05-01,NKE,5.5144587e-05,5.5753211e-05,5.5356124e-05
2024-05-01,VZ,5.8048616e-10,5.8148298e-10,5.741492e-10
2024-05-01,WMT,9.53559e-08,9.6501543e-08,9.5001643e-08
2024-05-02,AAPL,0.92284259,0.9374092,0.8980843
2024-05-02,AMGN,2.4884321e-10,2.5875273e-10,2.5151933e-10
2024-05-02,CRM,0.018214019,0.018661526,0.017681052
2024-05-02,CSCO,0.12646962,0.12452638,0.12375484
2024-05-02,IBM,0.00018218929,0.00018589224,0.00017867819
2024-05-02,INTC,0.0022705313,0.0023024691,0.0021965605
2024-05-02,MSFT,3.4282422,3.5071727,3.3162449
2024-05-02,NKE,5.4836903e-05,5.5397287e-05,5.3935814e-05
2024-05-02,VZ,5.5572701e-10,5.6314723e-10,5.4851339e-10
2024-05-02,WMT,9.3256481e-08,9.4307186e-08,9.2226237e-08
2024-05-03,AAPL,0.9040892,0.90149224,0.89156985
2024-05-03,AMGN,2.4686386e-10,2.5042697e-10,2.4284717e-10
2024-05-03,CRM,0.017001329,0.01748055,0.016705103
2024-05-03,CSCO,0.12564884,0.12853808,0.12330786
2024-05-03,IBM,0.00017554005,0.00017960724,0.00017498098
2024-05-03,INTC,0.0022174078,0.0022970579,0.0021573087
2024-05-03,MSFT,3.3582435,3.4572497,3.3092789
2024-05-03,NKE,5.4000021e-05,5.5005051e-05,5.3097395e-05
2024-05-03,VZ,5.3798949e-10,5.4362444e-10,5.3212844e-10
2024-05-03,WMT,9.3628979e-08,9.5397387e-08,9.2727463e-08
2024-05-06,AAPL,0.90178788,0.91771777,0.89463645
2024-05-06,AMGN,2.4433476e-10,2.4349291e-10,2.4144724e-10
2024-05-06,CRM,0.01698747,0.016824351,0.016846371
2024-05-06,CSCO,0.12473828,0.12513159,0.12269473
2024-05-06,IBM,0.00017413327,0.00017688979,0.00017349334
2024-05-06,INTC,0.0022108263,0.0022162562,0.0021718443
2024-05-06,MSFT,3.3052007,3.3416805,3.3092401
2024-05-06,NKE,5.3642162e-05,5.3554546e-05,5.3763366e-05
2024-05-06,VZ,5.2514522e-10,5.2810581e-10,5.1327025e-10
2024-05-06,WMT,9.1544012e-08,9.2440572e-08,9.0617731e-08
2024-05-07,AAPL,0.90691685,0.90964735,0.89303526
2024-05-07,AMGN,2.3628812e-10,2.4028217e-10,2.3593149e-10
2024-05-07,CRM,0.016397393,0.01670997,0.016357771
2024-05-07,CSCO,0.12561715,0.12444795,0.12623237
2024-05-07,IBM,0.00017730056,0.00017661072,0.00017751733
2024-05-07,INTC,0.0022359589,0.0022522887,0.0022561181
2024-05-07,MSFT,3.2853255,3.2509588,3.2166379
2024-05-07,NKE,5.2908468e-05,5.3717371e-05,5.2558943e-05
2024-05-07,VZ,5.3388019e-10,5.3763496e-10,5.3242495e-10
2024-05-07,WMT,9.1153383e-08,9.1904899e-08,9.08752e-08
2024-05-08,AAPL,0.94190599,0.92528566,0.89238276
2024-05-08,AMGN,2.2112995e-10,2.3013323e-10,2.1665085e-10
2024-05-08,CRM,0.015287667,0.015488546,0.01485156
2024-05-08,CSCO,0.12581591,0.12562137,0.12548683
2024-05-08,IBM,0.00017630742,0.00017451588,0.00017476046
2024-05-08,INTC,0.0022943332,0.002326294,0.0022910663
2024-05-08,MSFT,3.3152379,3.316241,3.2334263
2024-05-08,NKE,5.289409e-05,5.3817576e-05,5.2627899e-05
2024-05-08,VZ,5.2221363e-10,5.2428391e-10,5.1040249e-10
2024-05-08,WMT,8.9510944e-08,9.1482933e-08,8.9719307e-08
2024-05-09,AAPL,0.9918414,0.99439921,0.94800076
2024-05-09,AMGN,2.1528152e-10,2.2076416e-10,2.0993768e-10
2024-05-09,CRM,0.015707742,0.015436741,0.015590457
2024-05-09,CSCO,0.12525837,0.1282337,0.12162952
2024-05-09,IBM,0.00016563799,0.0001674872,0.00016407191
2024-05-09,INTC,0.0022301748,0.0022792758,0.0022463698
2024-05-09,MSFT,3.3614172,3.3576173,3.314272
2024-05-09,NKE,5.1771046e-05,5.2603989e-05,5.2262891e-05
2024-05-09,VZ,5.1355194e-10,5.2173034e-10,5.1071148e-10
2024-05-09,WMT,8.8760675e-08,8.9692246e-08,8.8740661e-08
2024-05-10,AAPL,1.0000224,1.0163769,1.0035115
2024-05-10,AMGN,2.079508e-10,2.1198913e-10,2.050527e-10
2024-05-10,CRM,0.016094139,0.016224575,0.015769025
2024-05-10,CSCO,0.12642707,0.12409761,0.12631584
2024-05-10,IBM,0.00015976169,0.00016206725,0.00016255674
2024-05-10,INTC,0.0022077479,0.0022140554,0.0021737061
2024-05-10,MSFT,3.3582791,3.3950501,3.3089288
2024-05-10,NKE,4.8917399e-05,4.9844657e-05,4.8712017e-05
2024-05-10,VZ,5.0194361e-10,5.048431e-10,5.0149873e-10
2024-05-10,WMT,8.6845718e-08,8.7305859e-08,8.6840578e-08
2024-05-13,AAPL,0.99980867,1.0374035,0.98202134
2024-05-13,AMGN,2.0113232e-10,2.0810349e-10,1.9724767e-10
2024-05-13,CRM,0.015784762,0.015309965,0.015102805
2024-05-13,CSCO,0.12471824,0.12526829,0.12454683
2024-05-13,IBM,0.00015700861,0.00015914642,0.00015619136
2024-05-13,INTC,0.0021731676,0.0022143009,0.0021155435
2024-05-13,MSFT,3.3618123,3.4099151,3.3368635
2024-05-13,NKE,4.9875557e-05,4.9931928e-05,4.9636653e-05
2024-05-13,VZ,4.8740599e-10,4.9209603e-10,4.8476316e-10
2024-05-13,WMT,8.468763e-08,8.6409316e-08,8.3760465e-08
2024-05-14,AAPL,1.0054382,0.99143156,1.0049103
2024-05-14,AMGN,1.9436307e-10,2.0068739e-10,1.9464406e-10
2024-05-14,CRM,0.016158765,0.016062748,0.015753808
2024-05-14,CSCO,0.12956486,0.126437,0.12720333
2024-05-14,IBM,0.0001533266,0.00015321432,0.00015252225
2024-05-14,INTC,0.0021619163,0.0021647502,0.0021545851
2024-05-14,MSFT,3.4461409,3.4250432,3.4559827
2024-05-14,NKE,5.1711196e-05,5.3254985e-05,5.0856836e-05
2024-05-14,VZ,4.8198583e-10,4.9242206e-10,4.7308427e-10
2024-05-14,WMT,8.3769349e-08,8.5201084e-08,8.1961993e-08
2024-05-15,AAPL,0.99859481,0.98493506,0.98633844
2024-05-15,AMGN,1.9021008e-10,1.9522562e-10,1.891484e-10
2024-05-15,CRM,0.016282051,0.01634686,0.016469768
2024-05-15,CSCO,0.13164036,0.13143254,0.13014611
2024-05-15,IBM,0.00015393875,0.00015554013,0.00015335603
2024-05-15,INTC,0.002093262,0.0021095427,0.0020865145
2024-05-15,MSFT,3.4798259,3.4642554,3.4465511
2024-05-15,NKE,5.1577231e-05,5.2912098e-05,5.0821878e-05
2024-05-15,VZ,4.6568609e-10,4.7712005e-10,4.6994496e-10
2024-05-15,WMT,8.1230447e-08,8.2421566e-08,8.160873e-08
2024-05-16,AAPL,0.99956039,1.0077648,0.9785056
2024-05-16,AMGN,1.8595596e-10,1.9304244e-10,1.8604188e-10
2024-05-16,CRM,0.015819845,0.015755545,0.015985744
2024-05-16,CSCO,0.13292239,0.13243292,0.13150628
2024-05-16,IBM,0.00015009038,0.00015145834,0.00014899211
2024-05-16,INTC,0.0021912042,0.0022124948,0.0021690517
2024-05-16,MSFT,3.4889541,3.5383699,3.4474917
2024-05-16,NKE,4.9665e-05,5.0529463e-05,5.0503868e-05
2024-05-16,VZ,4.5032743e-10,4.5782086e-10,4.5169598e-10
2024-05-16,WMT,7.9198755e-08,8.0677148e-08,7.8631135e-08
2024-05-17,AAPL,1.0022365,1.0340358,0.96766398
2024-05-17,AMGN,1.8064528e-10,1.8745487e-10,1.7732595e-10
2024-05-17,CRM,0.015505831,0.015346407,0.01543682
2024-05-17,CSCO,0.13042765,0.13052144,0.13027546
2024-05-17,IBM,0.00014970226,0.00015047422,0.00014667
2024-05-17,INTC,0.0022124332,0.0022500535,0.0021548963
2024-05-17,MSFT,3.5847679,3.5880452,3.4980449
2024-05-17,NKE,4.912713e-05,5.0237786e-05,4.8265174e-05
2024-05-17,VZ,4.4066561e-10,4.4902835e-10,4.4439145e-10
2024-05-17,WMT,7.7656247e-08,7.9687485e-08,7.6409889e-08
2024-05-20,AAPL,1.0085925,1.0104699,0.98143989
2024-05-20,AMGN,1.7564433e-10,1.7942166e-10,1.766443e-10
2024-05-20,CRM,0.015608095,0.01535257,0.015254661
2024-05-20,CSCO,0.12793442,0.12915976,0.12756455
2024-05-20,IBM,0.00014340365,0.00014314622,0.00014159059
2024-05-20,INTC,0.0022761595,0.0023063294,0.0022972154
2024-05-20,MSFT,3.6490103,3.6674411,3.5758658
2024-05-20,NKE,4.8974352e-05,4.9210075e-05,4.9701208e-05
2024-05-20,VZ,4.2385196e-10,4.3193589e-10,4.1432528e-10
2024-05-20,WMT,7.7719071e-08,7.9040718e-08,7.6840968e-08
2024-05-21,AAPL,1.0461626,1.0348894,1.0121372
2024-05-21,AMGN,1.7400277e-10,1.7563734e-10,1.7750827e-10
2024-05-21,CRM,0.015099304,0.015000692,0.014888661
2024-05-21,CSCO,0.1321232,0.1321619,0.1324382
2024-05-21,IBM,0.00014202007,0.00014245856,0.00014040476
2024-05-21,INTC,0.0022815228,0.0022916173,0.0022459151
2024-05-21,MSFT,3.6315184,3.6407723,3.5920159
2024-05-21,NKE,4.7652169e-05,4.7856755e-05,4.599914e-05
2024-05-21,VZ,4.1310974e-10,4.1443147e-10,4.1498367e-10
2024-05-21,WMT,7.4017195e-08,7.4957661e-08,7.3375367e-08
2024-05-22,AAPL,1.066811,1.0784286,1.0363175
2024-05-22,AMGN,1.6727685e-10,1.7572206e-10,1.6616614e-10
2024-05-22,CRM,0.014511251,0.014752351,0.014474814
2024-05-22,CSCO,0.12949148,0.13131527,0.1279162
2024-05-22,IBM,0.00014271671,0.00014400828,0.00014039529
2024-05-22,INTC,0.0023032295,0.0023484612,0.0022902491
2024-05-22,MSFT,3.7086382,3.7197885,3.7630679
2024-05-22,NKE,4.705835e-05,4.8136877e-05,4.7003029e-05
2024-05-22,VZ,4.0752035e-10,4.1479908e-10,4.0162699e-10
2024-05-22,WMT,7.2217829e-08,7.2935608e-08,7.2886493e-08
2024-05-23,AAPL,1.0787446,1.0721677,1.0571105
2024-05-23,AMGN,1.6055038e-10,1.6427548e-10,1.5649474e-10
2024-05-23,CRM,0.015205109,0.015168154,0.01485438
2024-05-23,CSCO,0.1279695,0.12778425,0.1291274
2024-05-23,IBM,0.00013703429,0.00013849419,0.00013510127
2024-05-23,INTC,0.0022136511,0.0022599639,0.0022174426
2024-05-23,MSFT,3.7159749,3.7094784,3.7102977
2024-05-23,NKE,4.8159651e-05,4.9040482e-05,4.8230668e-05
2024-05-23,VZ,3.9706478e-10,4.0127233e-10,3.9846473e-10
2024-05-23,WMT,7.0980986e-08,7.2105667e-08,7.114597e-08
2024-05-24,AAPL,1.0481613,1.0522782,1.0245982
2024-05-24,AMGN,1.5639363e-10,1.6217908e-10,1.5639531e-10
2024-05-24,CRM,0.015900888,0.015737994,0.015347241
2024-05-24,CSCO,0.12603406,0.12643461,0.12448731
2024-05-24,IBM,0.00013286798,0.00013373053,0.00013219897
2024-05-24,INTC,0.0022421492,0.0022548108,0.0022336569
2024-05-24,MSFT,3.7668345,3.7722122,3.7480401
2024-05-24,NKE,4.8413798e-05,4.9135554e-05,4.7419713e-05
2024-05-24,VZ,3.9464415e-10,3.9563022e-10,4.0043885e-10
2024-05-24,WMT,6.8499247e-08,6.8931566e-08,6.8162071e-08
2024-05-28,AAPL,1.0263893,1.0321215,1.0118827
2024-05-28,AMGN,1.5449583e-10,1.5465641e-10,1.5344172e-10
2024-05-28,CRM,0.015500566,0.0158946,0.015436691
2024-05-28,CSCO,0.12586957,0.12407249,0.12617618
2024-05-28,IBM,0.00013200221,0.00013234937,0.00013353274
2024-05-28,INTC,0.0022041923,0.0022434082,0.0021665152
2024-05-28,MSFT,3.7511274,3.7250176,3.6961278
2024-05-28,NKE,4.7915285e-05,4.8846881e-05,4.7206535e-05
2024-05-28,VZ,3.981918e-10,4.0586588e-10,3.8672639e-10
2024-05-28,WMT,6.7441124e-08,6.7873253e-08,6.7482609e-08
2024-05-29,AAPL,1.016396,1.020079,1.0085773
2024-05-29,AMGN,1.5390115e-10,1.590481e-10,1.5425126e-10
2024-05-29,CRM,0.016117256,0.015625717,0.016081655
2024-05-29,CSCO,0.12483806,0.12285495,0.12049234
2024-05-29,IBM,0.00012873121,0.00012919648,0.00012715622
2024-05-29,INTC,0.0022062831,0.0022288937,0.0022032062
2024-05-29,MSFT,3.7247394,3.7296929,3.6761543
2024-05-29,NKE,4.7835392e-05,4.8304627e-05,4.7012393e-05
2024-05-29,VZ,3.8382794e-10,3.8777009e-10,3.7782915e-10
2024-05-29,WMT,6.621963e-08,6.7004222e-08,6.5716803e-08
2024-05-30,AAPL,0.9824217,1.0003415,0.98525948
2024-05-30,AMGN,1.4822479e-10,1.503077e-10,1.4589638e-10
2024-05-30,CRM,0.015996132,0.016006587,0.016011148
2024-05-30,CSCO,0.12458931,0.12487782,0.12068552
2024-05-30,IBM,0.00012699772,0.00012777915,0.00012739638
2024-05-30,INTC,0.0022815381,0.0022995204,0.0022349215
2024-05-30,MSFT,3.6506932,3.6363572,3.5399035
2024-05-30,NKE,4.7753987e-05,4.7916298e-05,4.6936163e-05
2024-05-30,VZ,3.7181098e-10,3.8240474e-10,3.7238736e-10
2024-05-30,WMT,6.5712074e-08,6.6988674e-08,6.5542569e-08
2024-05-31,AAPL,0.99495201,0.99640994,0.9780913
2024-05-31,AMGN,1.468731e-10,1.4891485e-10,1.4424048e-10
2024-05-31,CRM,0.015512872,0.015988491,0.015392218
2024-05-31,CSCO,0.12527761,0.12613492,0.12195079
2024-05-31,IBM,0.0001251,0.00012606155,0.00012435172
2024-05-31,INTC,0.0022575073,0.002274203,0.0022673338
2024-05-31,MSFT,3.6400748,3.6840798,3.6703645
2024-05-31,NKE,4.7188046e-05,4.752357e-05,4.6946855e-05
2024-05-31,VZ,3.7252365e-10,3.7510457e-10,3.682245e-10
2024-05-31,WMT,6.5827226e-08,6.6420853e-08,6.48554e-08
2024-06-03,AAPL,0.99188772,0.98600192,0.963428
2024-06-03,AMGN,1.4357837e-10,1.473193e-10,1.4397891e-10
2024-06-03,CRM,0.014728753,0.014603887,0.014344913
2024-06-03,CSCO,0.12401622,0.12261431,0.12160812
2024-06-03,IBM,0.00011951512,0.00011949155,0.00011744996
2024-06-03,INTC,0.0022304727,0.0022250074,0.0021947605
2024-06-03,MSFT,3.6097093,3.6249062,3.5726791
2024-06-03,NKE,4.7115517e-05,4.8079141e-05,4.5714463e-05
2024-06-03,VZ,3.5513862e-10,3.6735898e-10,3.4829218e-10
2024-06-03,WMT,6.4478463e-08,6.5811159e-08,6.3178787e-08
2024-06-04,AAPL,0.98780126,0.99370739,0.97984861
2024-06-04,AMGN,1.38887e-10,1.4267435e-10,1.3861138e-10
2024-06-04,CRM,0.014706689,0.015301849,0.014742177
2024-06-04,CSCO,0.12411713,0.12634883,0.12326439
2024-06-04,IBM,0.00011763103,0.00012081603,0.00011699062
2024-06-04,INTC,0.0022316003,0.0022760631,0.0022154839
2024-06-04,MSFT,3.5209392,3.6191969,3.493507
2024-06-04,NKE,4.8208126e-05,4.9314298e-05,4.7920036e-05
2024-06-04,VZ,3.4843503e-10,3.5237636e-10,3.5169068e-10
2024-06-04,WMT,6.3005002e-08,6.4450888e-08,6.3561138e-08
2024-06-05,AAPL,0.98249343,0.99371902,0.9746142
2024-06-05,AMGN,1.3601662e-10,1.3942511e-10,1.3363114e-10
2024-06-05,CRM,0.014864544,0.015003909,0.014772699
2024-06-05,CSCO,0.12389386,0.1242744,0.12232636
2024-06-05,IBM,0.00011967834,0.0001205527,0.00011817894
2024-06-05,INTC,0.0023193531,0.0023628874,0.0023453259
2024-06-05,MSFT,3.5311783,3.5078723,3.5443296
2024-06-05,NKE,4.7791295e-05,4.7924455e-05,4.8131046e-05
2024-06-05,VZ,3.4624746e-10,3.4695786e-10,3.4085076e-10
2024-06-05,WMT,6.2346203e-08,6.3526348e-08,6.2727403e-08
2024-06-06,AAPL,0.98337326,0.97680508,0.98792238
2024-06-06,AMGN,1.3183637e-10,1.3637587e-10,1.3195862e-10
2024-06-06,CRM,0.01551913,0.015651703,0.01555825
2024-06-06,CSCO,0.12328286,0.1253353,0.12335923
2024-06-06,IBM,0.00012052695,0.0001217134,0.00011851573
2024-06-06,INTC,0.0022646965,0.0022850193,0.0022488001
2024-06-06,MSFT,3.6148802,3.6287083,3.5275084
2024-06-06,NKE,4.6956139e-05,4.5826382e-05,4.6368896e-05
2024-06-06,VZ,3.4492256e-10,3.4650897e-10,3.4240215e-10
2024-06-06,WMT,6.1471e-08,6.2182834e-08,6.1373085e-08
2024-06-07,AAPL,0.98935108,1.0023431,0.9701635
2024-06-07,AMGN,1.2795969e-10,1.3097309e-10,1.2482358e-10
2024-06-07,CRM,0.01504929,0.014678385,0.014864742
2024-06-07,CSCO,0.12595284,0.12505538,0.12587703
2024-06-07,IBM,0.00011981436,0.00011994919,0.00011903713
2024-06-07,INTC,0.0022035788,0.0021815775,0.0021680291
2024-06-07,MSFT,3.5647112,3.6152331,3.5062464
2024-06-07,NKE,4.49956e-05,4.6318857e-05,4.3870167e-05
2024-06-07,VZ,3.4056417e-10,3.448272e-10,3.3962474e-10
2024-06-07,WMT,6.0138492e-08,6.0300047e-08,5.9742745e-08
2024-06-10,AAPL,1.0017008,1.0143535,0.98589759
2024-06-10,AMGN,1.2068876e-10,1.2381949e-10,1.2091199e-10
2024-06-10,CRM,0.015235809,0.01544423,0.014910508
2024-06-10,CSCO,0.12820043,0.1279614,0.12511422
2024-06-10,IBM,0.00011981973,0.00012232525,0.00011965596
2024-06-10,INTC,0.0022425792,0.0022748077,0.0022343978
2024-06-10,MSFT,3.5373253,3.5077658,3.4512292
2024-06-10,NKE,4.4265824e-05,4.3993987e-05,4.4007414e-05
2024-06-10,VZ,3.3337439e-10,3.4150431e-10,3.3677108e-10
2024-06-10,WMT,5.8723765e-08,5.9030243e-08,5.746041e-08
2024-06-11,AAPL,1.0098851,1.0211478,0.99195735
2024-06-11,AMGN,1.172009e-10,1.1799753e-10,1.1713543e-10
2024-06-11,CRM,0.01508061,0.01537865,0.015023252
2024-06-11,CSCO,0.13059899,0.13186917,0.12853505
2024-06-11,IBM,0.00011970037,0.00011870072,0.00011860563
2024-06-11,INTC,0.0022288905,0.002258846,0.0022100378
2024-06-11,MSFT,3.5120623,3.5616894,3.4803321
2024-06-11,NKE,4.4408915e-05,4.5483133e-05,4.4099851e-05
2024-06-11,VZ,3.3157533e-10,3.3988447e-10,3.3199226e-10
2024-06-11,WMT,5.704962e-08,5.8354273e-08,5.7086215e-08
2024-06-12,AAPL,1.021144,1.029415,1.0394637
2024-06-12,AMGN,1.1450888e-10,1.1759818e-10,1.136005e-10
2024-06-12,CRM,0.015951588,0.016029811,0.016035084
2024-06-12,CSCO,0.12912856,0.13068488,0.1278616
2024-06-12,IBM,0.00011591262,0.000116756,0.00011379884
2024-06-12,INTC,0.0021629845,0.0021447256,0.0022065234
2024-06-12,MSFT,3.5098738,3.5425763,3.4373011
2024-06-12,NKE,4.3703865e-05,4.367357e-05,4.446062e-05
2024-06-12,VZ,3.221631e-10,3.2742252e-10,3.2478081e-10
2024-06-12,WMT,5.5879102e-08,5.5839037e-08,5.5123013e-08
2024-06-13,AAPL,1.0556964,1.0560592,1.0631455
2024-06-13,AMGN,1.1093564e-10,1.1559698e-10,1.1082623e-10
2024-06-13,CRM,0.016096365,0.016055155,0.01611915
2024-06-13,CSCO,0.12564733,0.12630053,0.12218521
2024-06-13,IBM,0.00011397396,0.00011664893,0.0001154729
2024-06-13,INTC,0.0021664589,0.002209889,0.002131691
2024-06-13,MSFT,3.6050051,3.6029713,3.5608382
2024-06-13,NKE,4.194631e-05,4.225856e-05,4.1192619e-05
2024-06-13,VZ,3.1168589e-10,3.1337581e-10,3.1492528e-10
2024-06-13,WMT,5.4753164e-08,5.5546146e-08,5.3906522e-08
2024-06-14,AAPL,1.0285068,1.0639893,1.0144794
2024-06-14,AMGN,1.1201214e-10,1.1353192e-10,1.1168665e-10
2024-06-14,CRM,0.016143392,0.016207743,0.016065992
2024-06-14,CSCO,0.1278716,0.12846418,0.12527512
2024-06-14,IBM,0.00011059921,0.00011026038,0.00011245979
2024-06-14,INTC,0.00216083,0.0022166639,0.0021399735
2024-06-14,MSFT,3.5977018,3.6397152,3.546949
2024-06-14,NKE,4.1086534e-05,4.2679575e-05,4.0837795e-05
2024-06-14,VZ,3.1558797e-10,3.2052156e-10,3.1605673e-10
2024-06-14,WMT,5.4037709e-08,5.452505e-08,5.3274124e-08
2024-06-17,AAPL,0.98605238,0.9870413,0.9645842
2024-06-17,AMGN,1.1040792e-10,1.1339834e-10,1.0946921e-10
2024-06-17,CRM,0.016172144,0.016188448,0.016154059
2024-06-17,CSCO,0.12635546,0.12860451,0.12534233
2024-06-17,IBM,0.00011119008,0.00011044934,0.00011142269
2024-06-17,INTC,0.0021370408,0.0021625255,0.0021096785
2024-06-17,MSFT,3.6046075,3.5992955,3.6052345
2024-06-17,NKE,4.1579215e-05,4.2293981e-05,4.1445257e-05
2024-06-17,VZ,3.1304247e-10,3.1279041e-10,3.1620637e-10
2024-06-17,WMT,5.1989266e-08,5.2995776e-08,5.1099576e-08
2024-06-18,AAPL,0.98029957,0.99908249,0.95809706
2024-06-18,AMGN,1.0740896e-10,1.1019808e-10,1.0589587e-10
2024-06-18,CRM,0.016648897,0.016630122,0.015970936
2024-06-18,CSCO,0.12711782,0.12697851,0.12714102
2024-06-18,IBM,0.00010838786,0.00011083743,0.00010811683
2024-06-18,INTC,0.0021448898,0.0021197188,0.0021273284
2024-06-18,MSFT,3.5415205,3.5384202,3.5175599
2024-06-18,NKE,4.175987e-05,4.2173177e-05,4.0436455e-05
2024-06-18,VZ,3.0907161e-10,3.1130773e-10,3.1166504e-10
2024-06-18,WMT,4.9864164e-08,5.1164926e-08,4.9100025e-08
2024-06-20,AAPL,0.99059166,0.99572623,0.98272094
2024-06-20,AMGN,1.032733e-10,1.0545762e-10,1.0062342e-10
2024-06-20,CRM,0.017198078,0.017338246,0.017007873
2024-06-20,CSCO,0.12955616,0.12674318,0.12746115
2024-06-20,IBM,0.0001068802,0.00011098109,0.00010611501
2024-06-20,INTC,0.002178297,0.002171586,0.0021814361
2024-06-20,MSFT,3.5071085,3.5365765,3.4466868
2024-06-20,NKE,4.3270028e-05,4.3267034e-05,4.2623104e-05
2024-06-20,VZ,3.0280873e-10,3.0863655e-10,3.0147704e-10
2024-06-20,WMT,4.8856076e-08,5.0183469e-08,4.9181591e-08
2024-06-21,AAPL,0.97787235,0.98515329,0.95660331
2024-06-21,AMGN,1.0263218e-10,1.0313226e-10,1.0183479e-10
2024-06-21,CRM,0.017239244,0.017398253,0.016610014
2024-06-21,CSCO,0.12932173,0.13123444,0.13035768
2024-06-21,IBM,0.00010828217,0.00010850766,0.00010899435
2024-06-21,INTC,0.0021896813,0.0022179395,0.002169871
2024-06-21,MSFT,3.4814244,3.5181577,3.4325513
2024-06-21,NKE,4.3910753e-05,4.4695656e-05,4.3289635e-05
2024-06-21,VZ,2.956047e-10,3.0207497e-10,2.9580507e-10
2024-06-21,WMT,4.8310099e-08,4.9638191e-08,4.7451954e-08
2024-06-24,AAPL,0.97834577,0.97676447,0.93133201
2024-06-24,AMGN,1.0010814e-10,1.01972e-10,9.9989686e-11
2024-06-24,CRM,0.016794638,0.016700431,0.016611046
2024-06-24,CSCO,0.12857153,0.12799967,0.12711103
2024-06-24,IBM,0.00010429047,0.00010550824,0.00010295285
2024-06-24,INTC,0.0022208977,0.0022451003,0.0022427093
2024-06-24,MSFT,3.4803193,3.5648064,3.4041746
2024-06-24,NKE,4.3517749e-05,4.417423e-05,4.3569959e-05
2024-06-24,VZ,2.9249423e-10,2.9535889e-10,2.9934995e-10
2024-06-24,WMT,4.701643e-08,4.7312795e-08,4.6213596e-08
2024-06-25,AAPL,1.0045071,1.0225353,0.97727562
2024-06-25,AMGN,9.7803506e-11,1.0080015e-10,9.7886367e-11
2024-06-25,CRM,0.017485958,0.017574397,0.017040369
2024-06-25,CSCO,0.12809715,0.127586,0.12676954
2024-06-25,IBM,0.00010236503,0.00010387178,0.00010240106
2024-06-25,INTC,0.0022383483,0.0022694252,0.0022123573
2024-06-25,MSFT,3.6320762,3.6827302,3.6548153
2024-06-25,NKE,4.2943905e-05,4.4117333e-05,4.3229977e-05
2024-06-25,VZ,2.9287941e-10,2.9278582e-10,2.910555e-10
2024-06-25,WMT,4.6183624e-08,4.6271212e-08,4.6869942e-08
2024-06-26,AAPL,1.0344942,1.052127,1.0002017
2024-06-26,AMGN,9.0837608e-11,9.1977489e-11,8.9546059e-11
2024-06-26,CRM,0.017294605,0.017365026,0.016959493
2024-06-26,CSCO,0.12406164,0.12285882,0.12450138
2024-06-26,IBM,0.00010143669,0.00010390122,0.00010071814
2024-06-26,INTC,0.0023077016,0.0023216241,0.0022709197
2024-06-26,MSFT,3.6923855,3.7159177,3.632211
2024-06-26,NKE,4.1793655e-05,4.2638829e-05,4.1735027e-05
2024-06-26,VZ,2.8265445e-10,2.8767922e-10,2.8122413e-10
2024-06-26,WMT,4.5866109e-08,4.571653e-08,4.5053859e-08
2024-06-27,AAPL,1.0416796,1.0460447,1.0322434
2024-06-27,AMGN,8.7550015e-11,9.0844508e-11,8.6397648e-11
2024-06-27,CRM,0.017921431,0.017612049,0.018160011
2024-06-27,CSCO,0.12278665,0.12460317,0.12040243
2024-06-27,IBM,9.9203008e-05,0.0001022891,9.7270688e-05
2024-06-27,INTC,0.0023022586,0.0023051359,0.0022634175
2024-06-27,MSFT,3.6525117,3.7150684,3.6828347
2024-06-27,NKE,4.2310351e-05,4.3034144e-05,4.2167276e-05
2024-06-27,VZ,2.7926876e-10,2.8708259e-10,2.8356292e-10
2024-06-27,WMT,4.5595713e-08,4.6007686e-08,4.4835233e-08
2024-06-28,AAPL,1.0369042,1.0505312,1.0320858
2024-06-28,AMGN,8.8813281e-11,9.0715259e-11,8.7371001e-11
2024-06-28,CRM,0.017952837,0.018428517,0.017358399
2024-06-28,CSCO,0.12414057,0.12476706,0.12409468
2024-06-28,IBM,9.8432794e-05,9.8619859e-05,9.9681419e-05
2024-06-28,INTC,0.0022618347,0.0022875254,0.00225159
2024-06-28,MSFT,3.6384419,3.5967267,3.6254669
2024-06-28,NKE,4.1236174e-05,4.2586167e-05,4.0595769e-05
2024-06-28,VZ,2.7124867e-10,2.7089919e-10,2.7200183e-10
2024-06-28,WMT,4.4784827e-08,4.5484894e-08,4.4481846e-08
2024-07-01,AAPL,1.0722337,1.0782722,1.0596917
2024-07-01,AMGN,8.4723436e-11,8.8202946e-11,8.4230747e-11
2024-07-01,CRM,0.018297221,0.018029401,0.018101844
2024-07-01,CSCO,0.1196149,0.12163217,0.11671795
2024-07-01,IBM,0.00010002801,0.0001020507,9.8538159e-05
2024-07-01,INTC,0.0022858918,0.0023477325,0.0022358632
2024-07-01,MSFT,3.6674147,3.7026006,3.6161316
2024-07-01,NKE,4.0636026e-05,4.0917498e-05,3.9640218e-05
2024-07-01,VZ,2.6109274e-10,2.6356214e-10,2.6559446e-10
2024-07-01,WMT,4.4211934e-08,4.4627764e-08,4.3746425e-08
2024-07-02,AAPL,1.0779482,1.0885524,1.0642182
2024-07-02,AMGN,8.2576499e-11,8.4177016e-11,8.1636959e-11
2024-07-02,CRM,0.018917198,0.018705984,0.018601306
2024-07-02,CSCO,0.12313526,0.12146035,0.12091001
2024-07-02,IBM,9.9179173e-05,0.00010008125,9.9623661e-05
2024-07-02,INTC,0.0022383654,0.0022627983,0.0021722384
2024-07-02,MSFT,3.6475315,3.5931312,3.5577371
2024-07-02,NKE,4.033302e-05,4.1344446e-05,4.0502683e-05
2024-07-02,VZ,2.54263e-10,2.5795243e-10,2.5667045e-10
2024-07-02,WMT,4.3384427e-08,4.4077001e-08,4.3360292e-08
2024-07-03,AAPL,1.0782376,1.0954028,1.0369291
2024-07-03,AMGN,8.1367628e-11,8.3374638e-11,8.1994728e-11
2024-07-03,CRM,0.018020043,0.018539102,0.017912038
2024-07-03,CSCO,0.12356017,0.1278516,0.12111114
2024-07-03,IBM,9.8987543e-05,9.9501148e-05,9.6284481e-05
2024-07-03,INTC,0.0022601958,0.0023062778,0.0022058381
2024-07-03,MSFT,3.5978778,3.6380409,3.4983716
2024-07-03,NKE,3.9300275e-05,3.9796103e-05,3.8242349e-05
2024-07-03,VZ,2.4687863e-10,2.5035423e-10,2.4435084e-10
2024-07-03,WMT,4.2345574e-08,4.2663865e-08,4.1087672e-08
2024-07-05,AAPL,1.0548323,1.0922926,1.0482238
2024-07-05,AMGN,7.9190695e-11,8.0346288e-11,7.7669901e-11
2024-07-05,CRM,0.017494016,0.017841879,0.017408939
2024-07-05,CSCO,0.12364933,0.12597604,0.11989879
2024-07-05,IBM,0.00010057235,0.00010069793,9.9601677e-05
2024-07-05,INTC,0.0022906339,0.0023321076,0.0022499699
2024-07-05,MSFT,3.492153,3.5989582,3.4900797
2024-07-05,NKE,3.8738463e-05,3.9283755e-05,3.8426578e-05
2024-07-05,VZ,2.4339489e-10,2.4834333e-10,2.3726227e-10
2024-07-05,WMT,4.1005728e-08,4.2260017e-08,4.0698048e-08
2024-07-08,AAPL,1.0577482,1.0527026,1.0707708
2024-07-08,AMGN,7.9119139e-11,7.946352e-11,7.8379252e-11
2024-07-08,CRM,0.016976136,0.017228909,0.017234497
2024-07-08,CSCO,0.12438611,0.12690328,0.1240639
2024-07-08,IBM,9.8723569e-05,0.00010036299,9.7529722e-05
2024-07-08,INTC,0.0022745819,0.0022903925,0.0022218126
2024-07-08,MSFT,3.5188845,3.5979618,3.5823172
2024-07-08,NKE,4.0142231e-05,4.0364567e-05,3.9766734e-05
2024-07-08,VZ,2.4256671e-10,2.4049e-10,2.4027631e-10
2024-07-08,WMT,4.0275623e-08,4.0833315e-08,4.0495265e-08
2024-07-09,AAPL,1.0391846,1.0745351,1.022769
2024-07-09,AMGN,7.4724403e-11,7.5259274e-11,7.3223855e-11
2024-07-09,CRM,0.016479729,0.017162172,0.016490632
2024-07-09,CSCO,0.12275586,0.1241292,0.12052271
2024-07-09,IBM,9.7117029e-05,9.8299425e-05,9.6638431e-05
2024-07-09,INTC,0.0022901816,0.0023193157,0.0022547088
2024-07-09,MSFT,3.4297868,3.488219,3.3768389
2024-07-09,NKE,4.0191491e-05,4.0384605e-05,4.0361458e-05
2024-07-09,VZ,2.3827648e-10,2.4001064e-10,2.3781122e-10
2024-07-09,WMT,3.9543583e-08,3.9557399e-08,3.9039439e-08
2024-07-10,AAPL,1.0294322,1.0410235,1.0226657
2024-07-10,AMGN,7.2980888e-11,7.4256978e-11,7.4177243e-11
2024-07-10,CRM,0.017257683,0.017672558,0.016736343
2024-07-10,CSCO,0.12090376,0.12246361,0.1211237
2024-07-10,IBM,9.6861096e-05,9.8938424e-05,9.6070184e-05
2024-07-10,INTC,0.0022752979,0.0022684109,0.0021831448
2024-07-10,MSFT,3.4879434,3.500737,3.4947446
2024-07-10,NKE,4.0020904e-05,4.1035232e-05,3.9689901e-05
2024-07-10,VZ,2.3217197e-10,2.375504e-10,2.3575415e-10
2024-07-10,WMT,3.9053449e-08,3.9415654e-08,3.9324885e-08
2024-07-11,AAPL,1.0018107,1.0012411,0.98401774
2024-07-11,AMGN,7.0956439e-11,7.1639045e-11,7.011253e-11
2024-07-11,CRM,0.017060546,0.017605022,0.016721298
2024-07-11,CSCO,0.1189546,0.12186708,0.11701134
2024-07-11,IBM,9.4105978e-05,9.5248956e-05,9.3446847e-05
2024-07-11,INTC,0.002239198,0.0022330113,0.0021903998
2024-07-11,MSFT,3.4898173,3.4939505,3.5111212
2024-07-11,NKE,3.9200855e-05,3.9240871e-05,3.9595461e-05
2024-07-11,VZ,2.30316e-10,2.3334934e-10,2.272673e-10
2024-07-11,WMT,3.8636324e-08,3.8945097e-08,3.80436e-08
2024-07-12,AAPL,0.97317369,0.97029777,0.99374308
2024-07-12,AMGN,6.8942366e-11,6.8726945e-11,6.8810585e-11
2024-07-12,CRM,0.017782337,0.017796065,0.017699204
2024-07-12,CSCO,0.11906248,0.12118597,0.11823785
2024-07-12,IBM,9.1608156e-05,9.2543566e-05,9.1182506e-05
2024-07-12,INTC,0.0022176617,0.0022729268,0.0022156836
2024-07-12,MSFT,3.5105688,3.6037838,3.4956776
2024-07-12,NKE,3.9393864e-05,3.9981827e-05,4.0182459e-05
2024-07-12,VZ,2.2054126e-10,2.2292042e-10,2.1724625e-10
2024-07-12,WMT,3.7865118e-08,3.8680779e-08,3.8456038e-08
2024-07-15,AAPL,0.9855922,0.9927532,0.99528257
2024-07-15,AMGN,6.8805748e-11,6.8838196e-11,6.7761207e-11
2024-07-15,CRM,0.01757842,0.018272942,0.017282466
2024-07-15,CSCO,0.12104019,0.12067595,0.118983
2024-07-15,IBM,9.0590904e-05,9.280602e-05,9.0516087e-05
2024-07-15,INTC,0.0021373527,0.0021536826,0.0020567753
2024-07-15,MSFT,3.4415608,3.5054147,3.4009523
2024-07-15,NKE,3.8154652e-05,3.811018e-05,3.7699506e-05
2024-07-15,VZ,2.1138974e-10,2.1694382e-10,2.0980597e-10
2024-07-15,WMT,3.701493e-08,3.7053884e-08,3.6917301e-08
2024-07-16,AAPL,0.96092227,0.97635204,0.94554702
2024-07-16,AMGN,6.4528611e-11,6.6530191e-11,6.3919668e-11
2024-07-16,CRM,0.017512493,0.017794088,0.0170719
2024-07-16,CSCO,0.12478617,0.12514207,0.12257721
2024-07-16,IBM,8.9922869e-05,9.044409e-05,8.879885e-05
2024-07-16,INTC,0.0021263173,0.0021653292,0.0021066903
2024-07-16,MSFT,3.4188319,3.4778216,3.3997036
2024-07-16,NKE,3.7701722e-05,3.8354457e-05,3.8315126e-05
2024-07-16,VZ,2.0747198e-10,2.0961186e-10,2.0995332e-10
2024-07-16,WMT,3.7038307e-08,3.757527e-08,3.6759352e-08
2024-07-17,AAPL,0.96810329,0.98555593,0.9548413
2024-07-17,AMGN,6.4086802e-11,6.4949123e-11,6.4021463e-11
2024-07-17,CRM,0.018008429,0.017980952,0.017641064
2024-07-17,CSCO,0.12682387,0.12701533,0.1278114
2024-07-17,IBM,8.9465407e-05,9.117384e-05,9.0124735e-05
2024-07-17,INTC,0.002083658,0.0020835046,0.0021089827
2024-07-17,MSFT,3.4337952,3.4079298,3.44044
2024-07-17,NKE,3.6995676e-05,3.8019722e-05,3.6581672e-05
2024-07-17,VZ,2.0554315e-10,2.0793701e-10,2.0220182e-10
2024-07-17,WMT,3.6299205e-08,3.6779252e-08,3.5963062e-08
2024-07-18,AAPL,0.97644001,0.95519373,0.95076661
2024-07-18,AMGN,6.2980693e-11,6.5969462e-11,6.2233745e-11
2024-07-18,CRM,0.017947941,0.018428018,0.017606299
2024-07-18,CSCO,0.12607523,0.12759644,0.12525289
2024-07-18,IBM,8.9385497e-05,8.9943093e-05,8.9249889e-05
2024-07-18,INTC,0.00206936,0.002127944,0.0020463334
2024-07-18,MSFT,3.5291542,3.5635971,3.5113999
2024-07-18,NKE,3.7435875e-05,3.7416141e-05,3.6842126e-05
2024-07-18,VZ,2.0248429e-10,2.043245e-10,1.9979537e-10
2024-07-18,WMT,3.503006e-08,3.5168262e-08,3.5000048e-08
2024-07-19,AAPL,0.95892385,0.98008381,0.93834038
2024-07-19,AMGN,6.0838752e-11,6.3082109e-11,5.9972196e-11
2024-07-19,CRM,0.018467831,0.018240006,0.017465544
2024-07-19,CSCO,0.12676335,0.1262647,0.12406725
2024-07-19,IBM,8.7166048e-05,8.9949039e-05,8.6656915e-05
2024-07-19,INTC,0.0020953911,0.0020993403,0.0020865371
2024-07-19,MSFT,3.5050472,3.579677,3.4134051
2024-07-19,NKE,3.6336658e-05,3.7296503e-05,3.694744e-05
2024-07-19,VZ,2.0507833e-10,2.0654091e-10,2.0704389e-10
2024-07-19,WMT,3.4255948e-08,3.4758046e-08,3.4032947e-08
2024-07-22,AAPL,0.93799187,0.95018231,0.91415331
2024-07-22,AMGN,6.0136156e-11,6.1527883e-11,5.9688171e-11
2024-07-22,CRM,0.018664723,0.018671699,0.018295085
2024-07-22,CSCO,0.12993254,0.12989173,0.12870483
2024-07-22,IBM,8.5812374e-05,8.7156957e-05,8.6454171e-05
2024-07-22,INTC,0.0020920086,0.0020733276,0.0020798909
2024-07-22,MSFT,3.3664304,3.4165328,3.3005452
2024-07-22,NKE,3.5713455e-05,3.6570218e-05,3.6248032e-05
2024-07-22,VZ,1.9614712e-10,1.9897713e-10,2.0002558e-10
2024-07-22,WMT,3.344518e-08,3.4114259e-08,3.3398433e-08
2024-07-23,AAPL,0.92387338,0.95073205,0.89163085
2024-07-23,AMGN,5.8634297e-11,6.0665079e-11,5.852777e-11
2024-07-23,CRM,0.019640334,0.019691468,0.019990734
2024-07-23,CSCO,0.12599435,0.12718834,0.12459292
2024-07-23,IBM,8.4764029e-05,8.5203279e-05,8.5089086e-05
2024-07-23,INTC,0.0020335004,0.0019986848,0.0020295547
2024-07-23,MSFT,3.3966508,3.3774144,3.3835814
2024-07-23,NKE,3.3597296e-05,3.3850603e-05,3.3601365e-05
2024-07-23,VZ,1.9129628e-10,1.9306967e-10,1.8845179e-10
2024-07-23,WMT,3.2589206e-08,3.3165031e-08,3.2024111e-08
2024-07-24,AAPL,0.94906404,0.96575348,0.95156324
2024-07-24,AMGN,5.6911231e-11,5.6737406e-11,5.6792352e-11
2024-07-24,CRM,0.020209552,0.020383682,0.019603412
2024-07-24,CSCO,0.12331872,0.12365923,0.12192804
2024-07-24,IBM,8.4296867e-05,8.5665446e-05,8.4022847e-05
2024-07-24,INTC,0.0020184647,0.0020248056,0.0019839059
2024-07-24,MSFT,3.4619613,3.4994417,3.395656
2024-07-24,NKE,3.2870637e-05,3.3419589e-05,3.2792083e-05
2024-07-24,VZ,1.8388573e-10,1.8701573e-10,1.8493578e-10
2024-07-24,WMT,3.144066e-08,3.2083407e-08,3.1520504e-08
2024-07-25,AAPL,0.93980235,0.95517912,0.91477492
2024-07-25,AMGN,5.3946948e-11,5.5786452e-11,5.3869127e-11
2024-07-25,CRM,0.021175369,0.020415955,0.020958715
2024-07-25,CSCO,0.12413467,0.1241187,0.12113523
2024-07-25,IBM,8.390651e-05,8.3985869e-05,8.4262806e-05
2024-07-25,INTC,0.0019995372,0.0020299452,0.0019329581
2024-07-25,MSFT,3.4737942,3.4987331,3.4672091
2024-07-25,NKE,3.2695309e-05,3.2762195e-05,3.2319108e-05
2024-07-25,VZ,1.7798527e-10,1.8123789e-10,1.7748026e-10
2024-07-25,WMT,3.0462872e-08,3.0804962e-08,3.0615607e-08
2024-07-26,AAPL,0.95928697,0.97105557,0.95288722
2024-07-26,AMGN,5.2512147e-11,5.4529443e-11,5.2122144e-11
2024-07-26,CRM,0.020931043,0.020945495,0.020663251
2024-07-26,CSCO,0.12339149,0.12389286,0.12145532
2024-07-26,IBM,8.075423e-05,8.2457955e-05,7.9756451e-05
2024-07-26,INTC,0.0019654253,0.0019409368,0.0019817968
2024-07-26,MSFT,3.313038,3.3357979,3.2030366
2024-07-26,NKE,3.3468643e-05,3.3907263e-05,3.3517793e-05
2024-07-26,VZ,1.7711526e-10,1.7871345e-10,1.7681475e-10
2024-07-26,WMT,2.9546809e-08,3.0155961e-08,2.9210832e-08
2024-07-29,AAPL,0.92977321,0.93752741,0.90089575
2024-07-29,AMGN,5.3617454e-11,5.4538146e-11,5.2384057e-11
2024-07-29,CRM,0.020929908,0.021116849,0.020155617
2024-07-29,CSCO,0.12079187,0.12150983,0.12016304
2024-07-29,IBM,8.082118e-05,8.1674462e-05,8.0618241e-05
2024-07-29,INTC,0.001939031,0.0019448246,0.0019489732
2024-07-29,MSFT,3.264967,3.2409984,3.2038202
2024-07-29,NKE,3.2875274e-05,3.3460151e-05,3.2612391e-05
2024-07-29,VZ,1.7307775e-10,1.7425195e-10,1.7553745e-10
2024-07-29,WMT,2.8367346e-08,2.8907988e-08,2.8290179e-08
2024-07-30,AAPL,0.91146679,0.92198462,0.89248215
2024-07-30,AMGN,5.0786843e-11,5.2604127e-11,5.0204526e-11
2024-07-30,CRM,0.020601766,0.020645692,0.020419574
2024-07-30,CSCO,0.12188259,0.12292184,0.11978673
2024-07-30,IBM,7.9979361e-05,8.1522246e-05,8.0509619e-05
2024-07-30,INTC,0.0018918081,0.0018958997,0.0018786327
2024-07-30,MSFT,3.2640851,3.26784,3.2125015
2024-07-30,NKE,3.2728812e-05,3.345497e-05,3.2094663e-05
2024-07-30,VZ,1.6825933e-10,1.6827101e-10,1.6785907e-10
2024-07-30,WMT,2.7683275e-08,2.8207255e-08,2.7670724e-08
2024-07-31,AAPL,0.94990025,0.96689915,0.92710559
2024-07-31,AMGN,5.041046e-11,5.1569967e-11,5.0695684e-11
2024-07-31,CRM,0.019906331,0.019784955,0.019100767
2024-07-31,CSCO,0.11662645,0.1183341,0.11399333
2024-07-31,IBM,7.6085384e-05,7.8121192e-05,7.6615557e-05
2024-07-31,INTC,0.001860311,0.0018684411,0.0018333395
2024-07-31,MSFT,3.3342423,3.3439653,3.2387348
2024-07-31,NKE,3.2294002e-05,3.2514777e-05,3.2032845e-05
2024-07-31,VZ,1.6398334e-10,1.6637567e-10,1.6317288e-10
2024-07-31,WMT,2.6917973e-08,2.7368039e-08,2.6961158e-08
2024-08-01,AAPL,0.95238063,0.97026792,0.9368731
2024-08-01,AMGN,4.7342425e-11,4.9086512e-11,4.5880625e-11
2024-08-01,CRM,0.019772054,0.019482468,0.019165378
2024-08-01,CSCO,0.11031686,0.11169674,0.10931279
2024-08-01,IBM,7.5118753e-05,7.622071e-05,7.367378e-05
2024-08-01,INTC,0.0017868916,0.0018084618,0.0017533429
2024-08-01,MSFT,3.3095975,3.3097336,3.2260198
2024-08-01,NKE,3.1732807e-05,3.2068232e-05,3.1852065e-05
2024-08-01,VZ,1.6038493e-10,1.6313978e-10,1.5907262e-10
2024-08-01,WMT,2.6969209e-08,2.7267887e-08,2.6864376e-08
2024-08-02,AAPL,0.98152601,0.972257,0.95698981
2024-08-02,AMGN,4.262625e-11,4.4096221e-11,4.262468e-11
2024-08-02,CRM,0.019812807,0.020545466,0.018978147
2024-08-02,CSCO,0.10668892,0.10870142,0.10306209
2024-08-02,IBM,7.4816412e-05,7.6259663e-05,7.3408823e-05
2024-08-02,INTC,0.0017616679,0.0017977522,0.0017517277
2024-08-02,MSFT,3.3991725,3.4364869,3.3043334
2024-08-02,NKE,3.1046262e-05,3.1492662e-05,3.0198423e-05
2024-08-02,VZ,1.6016299e-10,1.6167631e-10,1.6088413e-10
2024-08-02,WMT,2.6645145e-08,2.7241339e-08,2.6074028e-08
2024-08-05,AAPL,0.94285781,0.96741114,0.93398707
2024-08-05,AMGN,4.2451399e-11,4.3147257e-11,4.1396942e-11
2024-08-05,CRM,0.01973423,0.020423215,0.019802493
2024-08-05,CSCO,0.1064783,0.11013716,0.10445219
2024-08-05,IBM,7.54886e-05,7.6348386e-05,7.5331803e-05
2024-08-05,INTC,0.001755056,0.0017640164,0.0017647295
2024-08-05,MSFT,3.2802848,3.308261,3.1974359
2024-08-05,NKE,3.0527184e-05,3.1085062e-05,3.0666639e-05
2024-08-05,VZ,1.5768772e-10,1.6029509e-10,1.5413779e-10
2024-08-05,WMT,2.6009745e-08,2.6690954e-08,2.5643237e-08
2024-08-06,AAPL,0.93531835,0.95729528,0.91638788
2024-08-06,AMGN,4.1967631e-11,4.251237e-11,4.138661e-11
2024-08-06,CRM,0.019808766,0.019972828,0.019542695
2024-08-06,CSCO,0.10718291,0.10856645,0.10675621
2024-08-06,IBM,7.7649692e-05,7.8410831e-05,7.6069791e-05
2024-08-06,INTC,0.0017874232,0.0018166879,0.0017868226
2024-08-06,MSFT,3.300399,3.3412151,3.2897394
2024-08-06,NKE,2.9996895e-05,3.0467073e-05,3.0077578e-05
2024-08-06,VZ,1.5713676e-10,1.5831068e-10,1.5939437e-10
2024-08-06,WMT,2.6372823e-08,2.6793255e-08,2.6522748e-08
2024-08-07,AAPL,0.89981881,0.91488411,0.89569022
2024-08-07,AMGN,4.0469726e-11,4.2035416e-11,4.092503e-11
2024-08-07,CRM,0.019741663,0.019874272,0.019323903
2024-08-07,CSCO,0.10620054,0.10685378,0.10590614
2024-08-07,IBM,7.6604215e-05,7.5511725e-05,7.5171807e-05
2024-08-07,INTC,0.0017558093,0.0017772735,0.0017269596
2024-08-07,MSFT,3.2093985,3.2086817,3.1214292
2024-08-07,NKE,2.7926734e-05,2.797715e-05,2.8043343e-05
2024-08-07,VZ,1.5462861e-10,1.5612063e-10,1.5578905e-10
2024-08-07,WMT,2.624291e-08,2.6730888e-08,2.6107119e-08
2024-08-08,AAPL,0.88151225,0.87870398,0.86140613
2024-08-08,AMGN,4.0025786e-11,4.1429269e-11,3.9606457e-11
2024-08-08,CRM,0.019321036,0.019708958,0.019276829
2024-08-08,CSCO,0.10599483,0.10553013,0.1030005
2024-08-08,IBM,7.6425363e-05,7.7160489e-05,7.5077348e-05
2024-08-08,INTC,0.0017930216,0.0018014359,0.0018073014
2024-08-08,MSFT,3.153135,3.189769,3.0870417
2024-08-08,NKE,2.7312742e-05,2.7374888e-05,2.7179336e-05
2024-08-08,VZ,1.4979917e-10,1.5002112e-10,1.4832253e-10
2024-08-08,WMT,2.5212927e-08,2.5524648e-08,2.5114391e-08
2024-08-09,AAPL,0.86854453,0.88462137,0.82183501
2024-08-09,AMGN,3.9865863e-11,4.0475708e-11,3.9541725e-11
2024-08-09,CRM,0.01848323,0.018728298,0.018224035
2024-08-09,CSCO,0.10421002,0.10431209,0.10139034
2024-08-09,IBM,7.4698913e-05,7.5268295e-05,7.4076605e-05
2024-08-09,INTC,0.0018198617,0.0018159803,0.0018012396
2024-08-09,MSFT,3.1482801,3.21386,3.0945191
2024-08-09,NKE,2.6891913e-05,2.7278544e-05,2.6909782e-05
2024-08-09,VZ,1.5147449e-10,1.5341834e-10,1.53378e-10
2024-08-09,WMT,2.5425704e-08,2.5384915e-08,2.5378242e-08
2024-08-12,AAPL,0.84839637,0.84858671,0.83407162
2024-08-12,AMGN,3.8419808e-11,3.8397425e-11,3.855402e-11
2024-08-12,CRM,0.018612515,0.018676318,0.018241663
2024-08-12,CSCO,0.1013939,0.099650411,0.098988679
2024-08-12,IBM,7.4255205e-05,7.4161632e-05,7.4007423e-05
2024-08-12,INTC,0.0017886731,0.0017469496,0.0017676251
2024-08-12,MSFT,3.1429087,3.1624905,3.1311802
2024-08-12,NKE,2.7380367e-05,2.7721138e-05,2.7318335e-05
2024-08-12,VZ,1.4835274e-10,1.5084661e-10,1.4959989e-10
2024-08-12,WMT,2.4792229e-08,2.5507844e-08,2.4395215e-08
2024-08-13,AAPL,0.84229076,0.84079141,0.84306019
2024-08-13,AMGN,3.7485602e-11,3.8625751e-11,3.7626525e-11
2024-08-13,CRM,0.01816143,0.018227251,0.01797538
2024-08-13,CSCO,0.10215046,0.10248752,0.10079986
2024-08-13,IBM,7.4590706e-05,7.4349371e-05,7.3776355e-05
2024-08-13,INTC,0.0017668182,0.0017860572,0.0017491771
2024-08-13,MSFT,3.0406534,3.0646165,3.0164372
2024-08-13,NKE,2.7692418e-05,2.8141434e-05,2.7308176e-05
2024-08-13,VZ,1.4268469e-10,1.4377735e-10,1.4304484e-10
2024-08-13,WMT,2.4539123e-08,2.4803092e-08,2.4564997e-08
2024-08-14,AAPL,0.84885807,0.85692062,0.83035131
2024-08-14,AMGN,3.6559465e-11,3.8120622e-11,3.6939586e-11
2024-08-14,CRM,0.01689198,0.017340002,0.016613904
2024-08-14,CSCO,0.10329546,0.10341935,0.10293498
2024-08-14,IBM,7.4052535e-05,7.5043511e-05,7.3322166e-05
2024-08-14,INTC,0.0017407803,0.0017503633,0.0017304359
2024-08-14,MSFT,3.0630355,3.1157212,3.0161982
2024-08-14,NKE,2.7018724e-05,2.7176821e-05,2.6900486e-05
2024-08-14,VZ,1.4370944e-10,1.4472419e-10,1.4506368e-10
2024-08-14,WMT,2.4074318e-08,2.4548532e-08,2.4181184e-08
2024-08-15,AAPL,0.84568507,0.86185606,0.84841722
2024-08-15,AMGN,3.5594311e-11,3.6312557e-11,3.5365538e-11
2024-08-15,CRM,0.016776388,0.016712315,0.016651403
2024-08-15,CSCO,0.1055901,0.10651142,0.10467696
2024-08-15,IBM,7.3242012e-05,7.4266148e-05,7.3004565e-05
2024-08-15,INTC,0.0016960226,0.0016842049,0.0016875487
2024-08-15,MSFT,3.0590841,3.0807459,3.0855822
2024-08-15,NKE,2.6431325e-05,2.6985873e-05,2.5932138e-05
2024-08-15,VZ,1.4226482e-10,1.4087019e-10,1.4233597e-10
2024-08-15,WMT,2.3350904e-08,2.3614282e-08,2.3207935e-08
2024-08-16,AAPL,0.84886939,0.87503762,0.85717026
2024-08-16,AMGN,3.445664e-11,3.5241478e-11,3.3734703e-11
2024-08-16,CRM,0.015869286,0.015875949,0.016318153
2024-08-16,CSCO,0.10449094,0.10689348,0.10400539
2024-08-16,IBM,7.2977493e-05,7.4231887e-05,7.3773497e-05
2024-08-16,INTC,0.0016133893,0.0016063325,0.0016125506
2024-08-16,MSFT,3.1014153,3.1861767,3.051222
2024-08-16,NKE,2.6433846e-05,2.6810861e-05,2.6391876e-05
2024-08-16,VZ,1.3616754e-10,1.3692368e-10,1.3586203e-10
2024-08-16,WMT,2.3076833e-08,2.31498e-08,2.3177293e-08
2024-08-19,AAPL,0.85406594,0.85476102,0.83874798
2024-08-19,AMGN,3.2375187e-11,3.347591e-11,3.2461716e-11
2024-08-19,CRM,0.015911129,0.015949261,0.015480508
2024-08-19,CSCO,0.10760164,0.10877833,0.10635746
2024-08-19,IBM,7.2283108e-05,7.2384657e-05,7.151332e-05
2024-08-19,INTC,0.0016059579,0.0015975206,0.0016099282
2024-08-19,MSFT,3.1924227,3.2159828,3.1568984
2024-08-19,NKE,2.6105408e-05,2.656812e-05,2.5629343e-05
2024-08-19,VZ,1.3135631e-10,1.3321161e-10,1.3187872e-10
2024-08-19,WMT,2.2552967e-08,2.2910153e-08,2.2623215e-08
2024-08-20,AAPL,0.87161763,0.88297028,0.84358175
2024-08-20,AMGN,3.0602036e-11,3.1721428e-11,3.0685825e-11
2024-08-20,CRM,0.015927281,0.016087731,0.015457859
2024-08-20,CSCO,0.11242997,0.11618525,0.11277312
2024-08-20,IBM,7.0679617e-05,7.1389766e-05,7.0227828e-05
2024-08-20,INTC,0.0015817355,0.0015867304,0.001543654
2024-08-20,MSFT,3.1513147,3.1877708,3.1598543
2024-08-20,NKE,2.5848163e-05,2.6230767e-05,2.5326524e-05
2024-08-20,VZ,1.3130871e-10,1.3213295e-10,1.2995815e-10
2024-08-20,WMT,2.159173e-08,2.1760024e-08,2.1682889e-08
2024-08-21,AAPL,0.84830733,0.86208192,0.83114775
2024-08-21,AMGN,3.073142e-11,3.1667184e-11,3.0041601e-11
2024-08-21,CRM,0.016308686,0.016259051,0.015537941
2024-08-21,CSCO,0.11381099,0.11277471,0.11232585
2024-08-21,IBM,7.060376e-05,7.1293183e-05,7.0701999e-05
2024-08-21,INTC,0.0015821563,0.0015721886,0.001545949
2024-08-21,MSFT,3.2555189,3.2667083,3.2480401
2024-08-21,NKE,2.641842e-05,2.6875074e-05,2.6978983e-05
2024-08-21,VZ,1.2744221e-10,1.2979849e-10,1.2540491e-10
2024-08-21,WMT,2.1086369e-08,2.1508461e-08,2.0909675e-08
2024-08-22,AAPL,0.87590441,0.89172436,0.86803009
2024-08-22,AMGN,2.9542901e-11,3.0535679e-11,2.9436004e-11
2024-08-22,CRM,0.016627096,0.016399043,0.016745293
2024-08-22,CSCO,0.11568608,0.11660618,0.11353489
2024-08-22,IBM,6.9057861e-05,6.8738475e-05,6.9727125e-05
2024-08-22,INTC,0.0015199089,0.0015288124,0.0015227017
2024-08-22,MSFT,3.2524941,3.2461956,3.20395
2024-08-22,NKE,2.6345407e-05,2.6411919e-05,2.6414793e-05
2024-08-22,VZ,1.2510772e-10,1.2611592e-10,1.245418e-10
2024-08-22,WMT,2.070765e-08,2.1391726e-08,2.0693728e-08
2024-08-23,AAPL,0.88256128,0.90106521,0.85053309
2024-08-23,AMGN,2.9036714e-11,2.9758983e-11,2.8731773e-11
2024-08-23,CRM,0.016272518,0.01631701,0.016055562
2024-08-23,CSCO,0.11260746,0.1124709,0.11025432
2024-08-23,IBM,6.8241658e-05,6.8614251e-05,6.7957973e-05
2024-08-23,INTC,0.0014700825,0.0014838572,0.0014818062
2024-08-23,MSFT,3.2779311,3.3075499,3.18604
2024-08-23,NKE,2.4945922e-05,2.5460812e-05,2.477759e-05
2024-08-23,VZ,1.2083881e-10,1.2184403e-10,1.2019474e-10
2024-08-23,WMT,2.0282198e-08,2.0682721e-08,1.9962158e-08
2024-08-26,AAPL,0.90195858,0.91330224,0.88457386
2024-08-26,AMGN,2.7527404e-11,2.8204815e-11,2.7709545e-11
2024-08-26,CRM,0.016409141,0.016167235,0.01560928
2024-08-26,CSCO,0.11171159,0.11292659,0.1103896
2024-08-26,IBM,6.766839e-05,6.8889818e-05,6.7826207e-05
2024-08-26,INTC,0.0014193398,0.0014129962,0.0014242199
2024-08-26,MSFT,3.26451,3.2222026,3.2578464
2024-08-26,NKE,2.4341363e-05,2.4702612e-05,2.4474212e-05
2024-08-26,VZ,1.1920727e-10,1.2040653e-10,1.2044249e-10
2024-08-26,WMT,1.9736477e-08,2.001636e-08,1.9318432e-08
2024-08-27,AAPL,0.91729489,0.93055599,0.91299995
2024-08-27,AMGN,2.7045325e-11,2.7327146e-11,2.6458902e-11
2024-08-27,CRM,0.017055194,0.016142515,0.016544923
2024-08-27,CSCO,0.11456434,0.11505973,0.11376558
2024-08-27,IBM,6.7152035e-05,6.8243681e-05,6.7215428e-05
2024-08-27,INTC,0.0014515721,0.0014374691,0.0014529395
2024-08-27,MSFT,3.2585438,3.2821731,3.1921352
2024-08-27,NKE,2.4482518e-05,2.524591e-05,2.435445e-05
2024-08-27,VZ,1.1699373e-10,1.1838762e-10,1.1866548e-10
2024-08-27,WMT,1.8910499e-08,1.9212842e-08,1.8811023e-08
2024-08-28,AAPL,0.8906172,0.90012959,0.87720301
2024-08-28,AMGN,2.6238589e-11,2.6937267e-11,2.5949394e-11
2024-08-28,CRM,0.01688486,0.017306156,0.017092777
2024-08-28,CSCO,0.11468525,0.11396695,0.11398601
2024-08-28,IBM,6.7209814e-05,6.8379683e-05,6.70088e-05
2024-08-28,INTC,0.0014208066,0.0014334544,0.0014252623
2024-08-28,MSFT,3.2971843,3.340778,3.2612011
2024-08-28,NKE,2.4379324e-05,2.4792534e-05,2.4417352e-05
2024-08-28,VZ,1.1593856e-10,1.1739098e-10,1.1670295e-10
2024-08-28,WMT,1.837962e-08,1.8730354e-08,1.848109e-08
2024-08-29,AAPL,0.86526064,0.84693759,0.84712336
2024-08-29,AMGN,2.5613766e-11,2.5716587e-11,2.5441584e-11
2024-08-29,CRM,0.016982611,0.016780443,0.016471204
2024-08-29,CSCO,0.113658,0.11441634,0.11176133
2024-08-29,IBM,6.6278484e-05,6.7551313e-05,6.573378e-05
2024-08-29,INTC,0.0014203879,0.0014324212,0.0014145926
2024-08-29,MSFT,3.3729838,3.3696206,3.3009496
2024-08-29,NKE,2.4515833e-05,2.5250305e-05,2.4534633e-05
2024-08-29,VZ,1.1275861e-10,1.16517e-10,1.1304011e-10
2024-08-29,WMT,1.8159983e-08,1.824108e-08,1.7916905e-08
2024-08-30,AAPL,0.87058993,0.8809415,0.86368637
2024-08-30,AMGN,2.5189839e-11,2.5625377e-11,2.4888964e-11
2024-08-30,CRM,0.017106261,0.017251572,0.017007269
2024-08-30,CSCO,0.11471489,0.11498564,0.1144828
2024-08-30,IBM,6.4183885e-05,6.5108982e-05,6.3959544e-05
2024-08-30,INTC,0.0013771862,0.0013799026,0.0013445295
2024-08-30,MSFT,3.389891,3.4304355,3.3678109
2024-08-30,NKE,2.3710042e-05,2.4131826e-05,2.3747201e-05
2024-08-30,VZ,1.1157381e-10,1.1362409e-10,1.1288417e-10
2024-08-30,WMT,1.824755e-08,1.8380342e-08,1.8208165e-08
2024-09-03,AAPL,0.89027764,0.88452235,0.85411246
2024-09-03,AMGN,2.3672058e-11,2.4353549e-11,2.3775124e-11
2024-09-03,CRM,0.016639293,0.017004849,0.016436453
2024-09-03,CSCO,0.11577759,0.11578276,0.11409161
2024-09-03,IBM,6.3214905e-05,6.2813736e-05,6.1908912e-05
2024-09-03,INTC,0.0013920667,0.0014019775,0.0013835477
2024-09-03,MSFT,3.2530711,3.3039406,3.2237296
2024-09-03,NKE,2.2645758e-05,2.2794753e-05,2.1714652e-05
2024-09-03,VZ,1.0719046e-10,1.0890501e-10,1.049613e-10
2024-09-03,WMT,1.7858841e-08,1.8134739e-08,1.7607586e-08
2024-09-04,AAPL,0.88330891,0.91965189,0.89410012
2024-09-04,AMGN,2.325076e-11,2.3767276e-11,2.3244245e-11
2024-09-04,CRM,0.015375173,0.016207704,0.015059715
2024-09-04,CSCO,0.11326451,0.11704531,0.11373845
2024-09-04,IBM,6.1448345e-05,6.1748818e-05,6.0884014e-05
2024-09-04,INTC,0.0013984749,0.0014286176,0.0013885225
2024-09-04,MSFT,3.1750427,3.3060658,3.075767
2024-09-04,NKE,2.2260524e-05,2.2640419e-05,2.2280432e-05
2024-09-04,VZ,1.0606823e-10,1.073279e-10,1.0438779e-10
2024-09-04,WMT,1.7386975e-08,1.7810876e-08,1.7093799e-08
2024-09-05,AAPL,0.88604502,0.87519318,0.86227659
2024-09-05,AMGN,2.2851072e-11,2.2595322e-11,2.232984e-11
2024-09-05,CRM,0.015454147,0.015435379,0.015080163
2024-09-05,CSCO,0.11397289,0.11585364,0.11302406
2024-09-05,IBM,6.0799149e-05,6.1611949e-05,6.1196692e-05
2024-09-05,INTC,0.001411772,0.0014108525,0.0014077877
2024-09-05,MSFT,3.3054081,3.2833715,3.2737779
2024-09-05,NKE,2.1774766e-05,2.2024898e-05,2.1972983e-05
2024-09-05,VZ,1.054395e-10,1.0722586e-10,1.0519755e-10
2024-09-05,WMT,1.7068902e-08,1.7122571e-08,1.6939131e-08
2024-09-06,AAPL,0.8987455,0.90133644,0.90771174
2024-09-06,AMGN,2.2810922e-11,2.3324008e-11,2.2666962e-11
2024-09-06,CRM,0.015107485,0.015432456,0.014679641
2024-09-06,CSCO,0.1144946,0.11479564,0.11309651
2024-09-06,IBM,5.9757654e-05,6.021069e-05,5.9833642e-05
2024-09-06,INTC,0.0013679813,0.0013729582,0.0013466216
2024-09-06,MSFT,3.3554849,3.3801733,3.2807224
2024-09-06,NKE,2.2193312e-05,2.2199921e-05,2.2514036e-05
2024-09-06,VZ,1.0653985e-10,1.0553336e-10,1.0718818e-10
2024-09-06,WMT,1.6779005e-08,1.6944313e-08,1.6763071e-08
2024-09-09,AAPL,0.88614392,0.88714863,0.87174259
2024-09-09,AMGN,2.2442585e-11,2.2665812e-11,2.2280629e-11
2024-09-09,CRM,0.014269037,0.014593828,0.014353334
2024-09-09,CSCO,0.10982747,0.10909783,0.10744939
2024-09-09,IBM,5.7115569e-05,5.7816613e-05,5.7392969e-05
2024-09-09,INTC,0.0013669941,0.0013566603,0.0013459989
2024-09-09,MSFT,3.3301707,3.3646462,3.2977932
2024-09-09,NKE,2.1771669e-05,2.2088649e-05,2.1811436e-05
2024-09-09,VZ,1.0399904e-10,1.0430965e-10,1.031659e-10
2024-09-09,WMT,1.6546241e-08,1.6846336e-08,1.6388902e-08
2024-09-10,AAPL,0.86311008,0.87692162,0.84430726
2024-09-10,AMGN,2.1522969e-11,2.1851742e-11,2.1517956e-11
2024-09-10,CRM,0.013156202,0.013170969,0.013329853
2024-09-10,CSCO,0.10767284,0.10819399,0.10578409
2024-09-10,IBM,5.654315e-05,5.6543979e-05,5.6534465e-05
2024-09-10,INTC,0.0013483728,0.0013485138,0.0013408175
2024-09-10,MSFT,3.3199427,3.3448875,3.297749
2024-09-10,NKE,2.2099977e-05,2.1965534e-05,2.2136546e-05
2024-09-10,VZ,1.0046936e-10,1.0227769e-10,1.0155836e-10
2024-09-10,WMT,1.5917312e-08,1.6032226e-08,1.6009372e-08
2024-09-11,AAPL,0.84876581,0.86964932,0.83543823
2024-09-11,AMGN,2.1332472e-11,2.1845381e-11,2.1155733e-11
2024-09-11,CRM,0.013457626,0.013604146,0.013116315
2024-09-11,CSCO,0.10807462,0.10902402,0.10848965
2024-09-11,IBM,5.6055693e-05,5.7034471e-05,5.5815111e-05
2024-09-11,INTC,0.0012996393,0.0013154024,0.0012980443
2024-09-11,MSFT,3.3332152,3.3349783,3.1860439
2024-09-11,NKE,2.1733686e-05,2.2064849e-05,2.1392814e-05
2024-09-11,VZ,9.9684078e-11,1.0294096e-10,1.0167179e-10
2024-09-11,WMT,1.5377323e-08,1.5542733e-08,1.5473807e-08
2024-09-12,AAPL,0.84910504,0.87798143,0.83425022
2024-09-12,AMGN,2.0882274e-11,2.1518829e-11,2.0930882e-11
2024-09-12,CRM,0.01348157,0.013667116,0.013356966
2024-09-12,CSCO,0.10497287,0.10263951,0.10477544
2024-09-12,IBM,5.6281796e-05,5.662858e-05,5.605538e-05
2024-09-12,INTC,0.0012788216,0.0012812434,0.0012755837
2024-09-12,MSFT,3.4583017,3.527358,3.4086326
2024-09-12,NKE,2.0810744e-05,2.1028929e-05,2.0347903e-05
2024-09-12,VZ,9.8369886e-11,9.9103221e-11,9.7769208e-11
2024-09-12,WMT,1.5000466e-08,1.5233501e-08,1.4912319e-08
2024-09-13,AAPL,0.83503933,0.83768602,0.83410202
2024-09-13,AMGN,1.9928055e-11,2.0260405e-11,1.9750095e-11
2024-09-13,CRM,0.013325356,0.01338137,0.012957227
2024-09-13,CSCO,0.1059103,0.10755126,0.10565889
2024-09-13,IBM,5.6650568e-05,5.7357865e-05,5.6379792e-05
2024-09-13,INTC,0.0012699133,0.0012738208,0.0012670189
2024-09-13,MSFT,3.4524319,3.4894676,3.3979302
2024-09-13,NKE,2.0517726e-05,2.061816e-05,2.057215e-05
2024-09-13,VZ,9.6116267e-11,9.7117119e-11,9.6125605e-11
2024-09-13,WMT,1.4763652e-08,1.4952187e-08,1.4590001e-08
2024-09-16,AAPL,0.83888382,0.84747385,0.82284288
2024-09-16,AMGN,1.9820476e-11,2.0357437e-11,1.9610346e-11
2024-09-16,CRM,0.013547998,0.013590259,0.013541575
2024-09-16,CSCO,0.10637777,0.1065235,0.10708432
2024-09-16,IBM,5.6165339e-05,5.6784117e-05,5.5545298e-05
2024-09-16,INTC,0.0012545702,0.0012726637,0.0012224803
2024-09-16,MSFT,3.4191656,3.4414041,3.3186351
2024-09-16,NKE,1.9962715e-05,1.9985041e-05,1.9651215e-05
2024-09-16,VZ,9.5128475e-11,9.5796266e-11,9.5398758e-11
2024-09-16,WMT,1.4733383e-08,1.5025584e-08,1.4707545e-08
2024-09-17,AAPL,0.83379315,0.83219879,0.82705674
2024-09-17,AMGN,1.949206e-11,1.9872169e-11,1.9097769e-11
2024-09-17,CRM,0.01357218,0.013534029,0.013348374
2024-09-17,CSCO,0.1060649,0.10738031,0.10567636
2024-09-17,IBM,5.6088688e-05,5.7142407e-05,5.5550037e-05
2024-09-17,INTC,0.0012370816,0.0012384405,0.0012151051
2024-09-17,MSFT,3.3794673,3.3864308,3.3636003
2024-09-17,NKE,1.9378128e-05,1.9614239e-05,1.9487914e-05
2024-09-17,VZ,9.2888853e-11,9.4063456e-11,9.2620621e-11
2024-09-17,WMT,1.4202886e-08,1.4445962e-08,1.4043523e-08
2024-09-18,AAPL,0.81405786,0.80853266,0.79542366
2024-09-18,AMGN,1.8943155e-11,1.9418242e-11,1.8836012e-11
2024-09-18,CRM,0.01365522,0.014062332,0.013530407
2024-09-18,CSCO,0.103395,0.10136417,0.10089035
2024-09-18,IBM,5.4958685e-05,5.6231259e-05,5.5136023e-05
2024-09-18,INTC,0.0012452571,0.001253893,0.0012391959
2024-09-18,MSFT,3.409441,3.4064873,3.3520448
2024-09-18,NKE,1.8923404e-05,1.9431773e-05,1.9137121e-05
2024-09-18,VZ,9.2873614e-11,9.3731913e-11,9.2535815e-11
2024-09-18,WMT,1.4133921e-08,1.4451262e-08,1.4032471e-08
2024-09-19,AAPL,0.83102775,0.83888955,0.82100408
2024-09-19,AMGN,1.8860669e-11,1.9045037e-11,1.8828261e-11
2024-09-19,CRM,0.01433985,0.014604963,0.014475867
2024-09-19,CSCO,0.10370568,0.10489831,0.1022047
2024-09-19,IBM,5.4897239e-05,5.5318813e-05,5.4618015e-05
2024-09-19,INTC,0.0012111301,0.0012159917,0.0011856399
2024-09-19,MSFT,3.447946,3.4250203,3.4021736
2024-09-19,NKE,1.820707e-05,1.8344655e-05,1.8651995e-05
2024-09-19,VZ,9.2668885e-11,9.0838968e-11,9.3274017e-11
2024-09-19,WMT,1.3870516e-08,1.3913218e-08,1.3617374e-08
2024-09-20,AAPL,0.82185964,0.84238171,0.79777932
2024-09-20,AMGN,1.8370636e-11,1.8819843e-11,1.8310847e-11
2024-09-20,CRM,0.014356176,0.014452942,0.014157871
2024-09-20,CSCO,0.1023225,0.10373286,0.10195114
2024-09-20,IBM,5.6060132e-05,5.70413e-05,5.5202758e-05
2024-09-20,INTC,0.0011882837,0.0011884176,0.0011752137
2024-09-20,MSFT,3.3996209,3.3671408,3.3718498
2024-09-20,NKE,1.8203649e-05,1.8401204e-05,1.8064748e-05
2024-09-20,VZ,9.1370634e-11,9.1831136e-11,8.9264785e-11
2024-09-20,WMT,1.3443304e-08,1.378829e-08,1.3329561e-08
2024-09-23,AAPL,0.83234086,0.84301604,0.79774228
2024-09-23,AMGN,1.8245969e-11,1.8508228e-11,1.8405453e-11
2024-09-23,CRM,0.014340069,0.014799245,0.014273711
2024-09-23,CSCO,0.10303823,0.10526998,0.10108984
2024-09-23,IBM,5.4670231e-05,5.6457104e-05,5.4633204e-05
2024-09-23,INTC,0.0011910405,0.0011967,0.0011715875
2024-09-23,MSFT,3.3878694,3.4154712,3.3721909
2024-09-23,NKE,1.7897073e-05,1.7863036e-05,1.779645e-05
2024-09-23,VZ,9.1153213e-11,9.1450005e-11,8.9552063e-11
2024-09-23,WMT,1.3495817e-08,1.3715956e-08,1.324857e-08
2024-09-24,AAPL,0.82998979,0.84874552,0.81083754
2024-09-24,AMGN,1.77549e-11,1.8069885e-11,1.7446257e-11
2024-09-24,CRM,0.014012785,0.014235089,0.014256779
2024-09-24,CSCO,0.09928636,0.098391919,0.098090643
2024-09-24,IBM,5.4751415e-05,5.5126972e-05,5.4028913e-05
2024-09-24,INTC,0.0011935524,0.0012031313,0.0011864636
2024-09-24,MSFT,3.4646233,3.5144375,3.4949543
2024-09-24,NKE,1.7577763e-05,1.7714756e-05,1.7864598e-05
2024-09-24,VZ,8.8718881e-11,9.0169427e-11,8.8337866e-11
2024-09-24,WMT,1.3094324e-08,1.3192686e-08,1.3030549e-08
2024-09-25,AAPL,0.85603685,0.8736771,0.86485804
2024-09-25,AMGN,1.7612665e-11,1.8070431e-11,1.7303898e-11
2024-09-25,CRM,0.013749647,0.014255264,0.013721267
2024-09-25,CSCO,0.10033982,0.10000691,0.098618869
2024-09-25,IBM,5.4810452e-05,5.4702603e-05,5.5120179e-05
2024-09-25,INTC,0.0011837029,0.0012098704,0.0011593807
2024-09-25,MSFT,3.4191829,3.4064772,3.3126106
2024-09-25,NKE,1.7952561e-05,1.8305564e-05,1.8007477e-05
2024-09-25,VZ,8.4021704e-11,8.5169236e-11,8.3980612e-11
2024-09-25,WMT,1.3005761e-08,1.3167481e-08,1.2885838e-08
2024-09-26,AAPL,0.84918322,0.86104369,0.83196578
2024-09-26,AMGN,1.7177977e-11,1.7809821e-11,1.726164e-11
2024-09-26,CRM,0.013906534,0.013987739,0.013373581
2024-09-26,CSCO,0.102522,0.10202177,0.10055009
2024-09-26,IBM,5.2916703e-05,5.4080383e-05,5.3059255e-05
2024-09-26,INTC,0.0011621471,0.0011619384,0.0011451537
2024-09-26,MSFT,3.3596557,3.3600458,3.3073664
2024-09-26,NKE,1.8028414e-05,1.838307e-05,1.8181567e-05
2024-09-26,VZ,8.4120963e-11,8.4974376e-11,8.3053532e-11
2024-09-26,WMT,1.286805e-08,1.2919388e-08,1.2879983e-08
2024-09-27,AAPL,0.85125198,0.86574485,0.82148082
2024-09-27,AMGN,1.7293893e-11,1.7753053e-11,1.704994e-11
2024-09-27,CRM,0.013962029,0.013915871,0.013677313
2024-09-27,CSCO,0.10036896,0.099956244,0.099743083
2024-09-27,IBM,5.2350649e-05,5.2795116e-05,5.1779139e-05
2024-09-27,INTC,0.0011436682,0.0011244423,0.0011321297
2024-09-27,MSFT,3.3651571,3.3965974,3.3843826
2024-09-27,NKE,1.7162962e-05,1.7431913e-05,1.7101198e-05
2024-09-27,VZ,8.3704997e-11,8.4185248e-11,8.3167385e-11
2024-09-27,WMT,1.2602274e-08,1.2906207e-08,1.2519171e-08
2024-09-30,AAPL,0.82842286,0.83561554,0.83078658
2024-09-30,AMGN,1.69682e-11,1.7101395e-11,1.6717804e-11
2024-09-30,CRM,0.013796735,0.01410609,0.013353346
2024-09-30,CSCO,0.098397006,0.097627916,0.098352333
2024-09-30,IBM,5.1443523e-05,5.1742797e-05,5.1339184e-05
2024-09-30,INTC,0.0011323055,0.001157915,0.0011010224
2024-09-30,MSFT,3.3415265,3.3923676,3.2958004
2024-09-30,NKE,1.675004e-05,1.6916196e-05,1.6479641e-05
2024-09-30,VZ,8.1812147e-11,8.1699322e-11,8.1283088e-11
2024-09-30,WMT,1.2551729e-08,1.2793974e-08,1.241318e-08
2024-10-01,AAPL,0.77967395,0.77660451,0.75494637
2024-10-01,AMGN,1.6455682e-11,1.6871549e-11,1.6407482e-11
2024-10-01,CRM,0.014264316,0.014252385,0.014302989
2024-10-01,CSCO,0.099590913,0.099411756,0.098904334
2024-10-01,IBM,5.1209103e-05,5.1935838e-05,5.1826162e-05
2024-10-01,INTC,0.0011125143,0.0011403442,0.0011103655
2024-10-01,MSFT,3.2908669,3.2933235,3.2780215
2024-10-01,NKE,1.6929198e-05,1.6928036e-05,1.6749583e-05
2024-10-01,VZ,8.002023e-11,8.1075584e-11,7.8649868e-11
2024-10-01,WMT,1.2273113e-08,1.2462114e-08,1.2044513e-08
2024-10-02,AAPL,0.76871141,0.78186497,0.7250031
2024-10-02,AMGN,1.546942e-11,1.5676857e-11,1.5083987e-11
2024-10-02,CRM,0.014265064,0.01471233,0.013534255
2024-10-02,CSCO,0.096813226,0.097361587,0.095020314
2024-10-02,IBM,5.0522224e-05,5.090554e-05,5.037935e-05
2024-10-02,INTC,0.0011382887,0.0011406769,0.0011072696
2024-10-02,MSFT,3.2318251,3.2264628,3.0760544
2024-10-02,NKE,1.6286848e-05,1.6440294e-05,1.6407552e-05
2024-10-02,VZ,7.958339e-11,7.9733722e-11,7.7782628e-11
2024-10-02,WMT,1.2081038e-08,1.2346544e-08,1.1804199e-08
2024-10-03,AAPL,0.75382805,0.77154245,0.73306298
2024-10-03,AMGN,1.5324112e-11,1.5777609e-11,1.4906725e-11
2024-10-03,CRM,0.01386793,0.014222945,0.013608332
2024-10-03,CSCO,0.097496313,0.099885323,0.095471569
2024-10-03,IBM,4.9617569e-05,5.0258303e-05,4.9600906e-05
2024-10-03,INTC,0.0011299152,0.0011546473,0.0011308319
2024-10-03,MSFT,3.1745726,3.29208,3.0917173
2024-10-03,NKE,1.5973217e-05,1.6119635e-05,1.5564958e-05
2024-10-03,VZ,7.6090362e-11,7.7493296e-11,7.5086192e-11
2024-10-03,WMT,1.2072262e-08,1.2326177e-08,1.1903064e-08
2024-10-04,AAPL,0.71459754,0.70752424,0.70550847
2024-10-04,AMGN,1.5668047e-11,1.5597001e-11,1.5435479e-11
2024-10-04,CRM,0.013877217,0.013759689,0.013745562
2024-10-04,CSCO,0.098204071,0.098665273,0.098072299
2024-10-04,IBM,4.8440221e-05,4.8948876e-05,4.8192843e-05
2024-10-04,INTC,0.0011041704,0.0010946359,0.0010971201
2024-10-04,MSFT,3.2091061,3.2323766,3.2188307
2024-10-04,NKE,1.5781102e-05,1.5991714e-05,1.5857846e-05
2024-10-04,VZ,7.5782873e-11,7.6495278e-11,7.623134e-11
2024-10-04,WMT,1.1927999e-08,1.2148248e-08,1.1979269e-08
2024-10-07,AAPL,0.73445352,0.7247791,0.73011502
2024-10-07,AMGN,1.5207557e-11,1.5700445e-11,1.5359398e-11
2024-10-07,CRM,0.013442515,0.013767112,0.013314963
2024-10-07,CSCO,0.095881987,0.096738621,0.095733362
2024-10-07,IBM,4.9164397e-05,4.9426729e-05,4.8733903e-05
2024-10-07,INTC,0.0011029316,0.0011186376,0.001085704
2024-10-07,MSFT,3.1748441,3.1462845,3.0952551
2024-10-07,NKE,1.5422725e-05,1.5515997e-05,1.5597247e-05
2024-10-07,VZ,7.4721188e-11,7.4854186e-11,7.5629162e-11
2024-10-07,WMT,1.1814942e-08,1.1918678e-08,1.1761551e-08
2024-10-08,AAPL,0.72672913,0.74556121,0.72468824
2024-10-08,AMGN,1.4765669e-11,1.497396e-11,1.469505e-11
2024-10-08,CRM,0.013674037,0.013847829,0.013433859
2024-10-08,CSCO,0.09628218,0.095457712,0.093918112
2024-10-08,IBM,4.8666374e-05,4.9052085e-05,4.807484e-05
2024-10-08,INTC,0.0011158283,0.0011199976,0.0011094685
2024-10-08,MSFT,3.2140516,3.2467725,3.1743538
2024-10-08,NKE,1.4888067e-05,1.5007205e-05,1.4981348e-05
2024-10-08,VZ,7.185729e-11,7.2601286e-11,7.2324885e-11
2024-10-08,WMT,1.1439908e-08,1.1613559e-08,1.1382148e-08
2024-10-09,AAPL,0.71340184,0.70566048,0.68823609
2024-10-09,AMGN,1.4590944e-11,1.4886459e-11,1.4357065e-11
2024-10-09,CRM,0.013602788,0.013739796,0.013003697
2024-10-09,CSCO,0.09340002,0.094650496,0.094422669
2024-10-09,IBM,4.669673e-05,4.6845327e-05,4.6983876e-05
2024-10-09,INTC,0.0010753374,0.0010737966,0.0010711697
2024-10-09,MSFT,3.182787,3.2240942,3.1598388
2024-10-09,NKE,1.4517479e-05,1.4759428e-05,1.4647099e-05
2024-10-09,VZ,6.9429488e-11,6.8749359e-11,7.0187446e-11
2024-10-09,WMT,1.109763e-08,1.1104447e-08,1.0987466e-08
2024-10-10,AAPL,0.70083777,0.71069047,0.69765156
2024-10-10,AMGN,1.4280593e-11,1.4477109e-11,1.408525e-11
2024-10-10,CRM,0.01373785,0.014321193,0.013309275
2024-10-10,CSCO,0.093538409,0.094149086,0.094304704
2024-10-10,IBM,4.6100173e-05,4.6338164e-05,4.5647124e-05
2024-10-10,INTC,0.0010659165,0.0010644435,0.0010503029
2024-10-10,MSFT,3.1778237,3.1806074,3.18748
2024-10-10,NKE,1.4132012e-05,1.4502255e-05,1.4246677e-05
2024-10-10,VZ,6.7938323e-11,6.876896e-11,7.006619e-11
2024-10-10,WMT,1.101944e-08,1.1274616e-08,1.1048784e-08
2024-10-11,AAPL,0.71189039,0.73667923,0.70926754
2024-10-11,AMGN,1.3983934e-11,1.4262252e-11,1.3623067e-11
2024-10-11,CRM,0.013963974,0.014287361,0.013932934
2024-10-11,CSCO,0.095747848,0.096861493,0.093782443
2024-10-11,IBM,4.4132211e-05,4.4385269e-05,4.4049643e-05
2024-10-11,INTC,0.0010190465,0.0010425652,0.0010094321
2024-10-11,MSFT,3.211112,3.2954821,3.1849572
2024-10-11,NKE,1.387117e-05,1.38844e-05,1.3866343e-05
2024-10-11,VZ,6.6600776e-11,6.6906809e-11,6.6459903e-11
2024-10-11,WMT,1.083954e-08,1.0994845e-08,1.0780136e-08
2024-10-14,AAPL,0.70916231,0.72559131,0.70792606
2024-10-14,AMGN,1.3936672e-11,1.446437e-11,1.3680592e-11
2024-10-14,CRM,0.013381849,0.013529785,0.013163378
2024-10-14,CSCO,0.094952777,0.09529575,0.094359082
2024-10-14,IBM,4.2584611e-05,4.3464725e-05,4.2297856e-05
2024-10-14,INTC,0.0010189201,0.0010257951,0.0010083974
2024-10-14,MSFT,3.1706506,3.1574855,3.100523
2024-10-14,NKE,1.4045056e-05,1.4081835e-05,1.4318285e-05
2024-10-14,VZ,6.451525e-11,6.4570485e-11,6.4037796e-11
2024-10-14,WMT,1.0785713e-08,1.0905918e-08,1.0819903e-08
2024-10-15,AAPL,0.69180337,0.69913382,0.68135986
2024-10-15,AMGN,1.3489477e-11,1.3625694e-11,1.352892e-11
2024-10-15,CRM,0.014017946,0.014681776,0.013845336
2024-10-15,CSCO,0.095694119,0.096305637,0.09615995
2024-10-15,IBM,4.233574e-05,4.2960994e-05,4.2410044e-05
2024-10-15,INTC,0.0010532471,0.0010544498,0.0010159288
2024-10-15,MSFT,3.1627405,3.2305113,3.1500405
2024-10-15,NKE,1.3337534e-05,1.3434897e-05,1.323708e-05
2024-10-15,VZ,6.4261769e-11,6.4210458e-11,6.3957088e-11
2024-10-15,WMT,1.0560468e-08,1.0574492e-08,1.0380128e-08
2024-10-16,AAPL,0.69635699,0.7054582,0.6975664
2024-10-16,AMGN,1.3117213e-11,1.3398163e-11,1.3076183e-11
2024-10-16,CRM,0.014385313,0.014679951,0.014287511
2024-10-16,CSCO,0.096811738,0.096949779,0.09475222
2024-10-16,IBM,4.2083667e-05,4.3203278e-05,4.1507971e-05
2024-10-16,INTC,0.0010505716,0.001057949,0.001029196
2024-10-16,MSFT,3.1593897,3.1839334,3.0789226
2024-10-16,NKE,1.3147196e-05,1.3123955e-05,1.3189597e-05
2024-10-16,VZ,6.3939972e-11,6.4150757e-11,6.3411499e-11
2024-10-16,WMT,1.0294941e-08,1.0367616e-08,1.0340419e-08
2024-10-17,AAPL,0.6690825,0.68270509,0.66257661
2024-10-17,AMGN,1.2821248e-11,1.3058806e-11,1.2627715e-11
2024-10-17,CRM,0.013670426,0.013861841,0.013328108
2024-10-17,CSCO,0.094993854,0.098563611,0.093790034
2024-10-17,IBM,4.1824282e-05,4.2935387e-05,4.1877865e-05
2024-10-17,INTC,0.0010768738,0.0010734365,0.0010609383
2024-10-17,MSFT,3.1186887,3.1358674,3.102169
2024-10-17,NKE,1.275819e-05,1.3040923e-05,1.2774888e-05
2024-10-17,VZ,6.3508249e-11,6.421271e-11,6.3218205e-11
2024-10-17,WMT,9.8972056e-09,1.0151631e-08,9.9302907e-09
2024-10-18,AAPL,0.6839298,0.69483242,0.67063127
2024-10-18,AMGN,1.2611861e-11,1.2855092e-11,1.2604899e-11
2024-10-18,CRM,0.013372536,0.013852868,0.013095697
2024-10-18,CSCO,0.096523107,0.096420803,0.095458254
2024-10-18,IBM,4.0611355e-05,4.1044754e-05,4.0188818e-05
2024-10-18,INTC,0.001047752,0.0010651858,0.0010496102
2024-10-18,MSFT,3.0880749,3.140533,3.0874631
2024-10-18,NKE,1.2650132e-05,1.2761001e-05,1.2647965e-05
2024-10-18,VZ,6.2734121e-11,6.3502184e-11,6.3428267e-11
2024-10-18,WMT,9.7945396e-09,1.0040744e-08,9.7145099e-09
2024-10-21,AAPL,0.66883691,0.67992845,0.65676459
2024-10-21,AMGN,1.1989782e-11,1.2478775e-11,1.1824708e-11
2024-10-21,CRM,0.013123507,0.013184364,0.012624251
2024-10-21,CSCO,0.094183486,0.093347573,0.093650172
2024-10-21,IBM,4.0696535e-05,4.1505705e-05,4.0796173e-05
2024-10-21,INTC,0.0010125897,0.001015357,0.0010044635
2024-10-21,MSFT,3.0583205,3.1222879,3.0034355
2024-10-21,NKE,1.2476834e-05,1.2462564e-05,1.2562665e-05
2024-10-21,VZ,6.1305097e-11,6.1597437e-11,6.0851188e-11
2024-10-21,WMT,9.4901523e-09,9.444919e-09,9.50346e-09
2024-10-22,AAPL,0.66984895,0.67745839,0.66797011
2024-10-22,AMGN,1.1463292e-11,1.1697885e-11,1.1360452e-11
2024-10-22,CRM,0.013313454,0.01322703,0.012916612
2024-10-22,CSCO,0.093959197,0.094548214,0.092241088
2024-10-22,IBM,4.0136226e-05,4.0941103e-05,3.9955007e-05
2024-10-22,INTC,0.0010037499,0.0010149724,0.00099960735
2024-10-22,MSFT,3.0965064,3.1133584,3.0364294
2024-10-22,NKE,1.2901343e-05,1.3013818e-05,1.3027748e-05
2024-10-22,VZ,6.0338418e-11,6.107144e-11,6.0291262e-11
2024-10-22,WMT,9.2713556e-09,9.3383757e-09,9.1890418e-09
2024-10-23,AAPL,0.65598921,0.66802412,0.62904356
2024-10-23,AMGN,1.1266194e-11,1.15066e-11,1.1265219e-11
2024-10-23,CRM,0.013196388,0.013610017,0.012941077
2024-10-23,CSCO,0.095930418,0.096020646,0.094251288
2024-10-23,IBM,3.9955392e-05,4.064733e-05,3.9585026e-05
2024-10-23,INTC,0.00099336155,0.0010036973,0.00097380785
2024-10-23,MSFT,3.0338603,3.0508672,2.9748414
2024-10-23,NKE,1.2854368e-05,1.3181439e-05,1.2925394e-05
2024-10-23,VZ,5.9942895e-11,6.0008772e-11,6.0997629e-11
2024-10-23,WMT,9.052906e-09,9.0430158e-09,8.8769979e-09
2024-10-24,AAPL,0.63868752,0.66045439,0.62433481
2024-10-24,AMGN,1.1506821e-11,1.1787721e-11,1.1419325e-11
2024-10-24,CRM,0.013228708,0.013331002,0.012900721
2024-10-24,CSCO,0.095505811,0.095659295,0.094102167
2024-10-24,IBM,4.0140167e-05,4.0733809e-05,3.9446373e-05
2024-10-24,INTC,0.00097984577,0.00097201253,0.00097979455
2024-10-24,MSFT,3.0256931,3.0729498,2.9830548
2024-10-24,NKE,1.2338027e-05,1.2360059e-05,1.216941e-05
2024-10-24,VZ,5.8248441e-11,5.8514623e-11,5.8172511e-11
2024-10-24,WMT,8.8474974e-09,9.0126165e-09,8.9746124e-09
2024-10-25,AAPL,0.62338767,0.62471759,0.62384908
2024-10-25,AMGN,1.1322396e-11,1.1570269e-11,1.1016513e-11
2024-10-25,CRM,0.012862302,0.013001005,0.012583051
2024-10-25,CSCO,0.09626648,0.095798357,0.095348768
2024-10-25,IBM,4.0137258e-05,4.0633889e-05,3.8890619e-05
2024-10-25,INTC,0.00096969344,0.00099018962,0.00096527165
2024-10-25,MSFT,3.1145132,3.0990138,3.0609798
2024-10-25,NKE,1.1967907e-05,1.203162e-05,1.1906581e-05
2024-10-25,VZ,5.7443798e-11,5.8258478e-11,5.7669831e-11
2024-10-25,WMT,8.728125e-09,8.8313223e-09,8.7918447e-09
2024-10-28,AAPL,0.6245204,0.61634598,0.60768481
2024-10-28,AMGN,1.1188033e-11,1.1342367e-11,1.1054348e-11
2024-10-28,CRM,0.013110836,0.013453137,0.012963891
2024-10-28,CSCO,0.094493602,0.094621815,0.093318139
2024-10-28,IBM,4.0646843e-05,4.1947055e-05,4.0553444e-05
2024-10-28,INTC,0.00093978654,0.0009524807,0.00091471338
2024-10-28,MSFT,3.1610609,3.18999,3.1149581
2024-10-28,NKE,1.1801805e-05,1.2088715e-05,1.1846046e-05
2024-10-28,VZ,5.6026809e-11,5.6502762e-11,5.7052069e-11
2024-10-28,WMT,8.6971158e-09,8.8746887e-09,8.6045135e-09
2024-10-29,AAPL,0.61987485,0.61194774,0.60913072
2024-10-29,AMGN,1.095587e-11,1.1130112e-11,1.0831004e-11
2024-10-29,CRM,0.013048156,0.013028914,0.01268897
2024-10-29,CSCO,0.094554089,0.094221759,0.093523137
2024-10-29,IBM,4.0326643e-05,4.0764858e-05,3.9900239e-05
2024-10-29,INTC,0.00092780542,0.00092315987,0.00092410901
2024-10-29,MSFT,3.2185808,3.2225857,3.1294829
2024-10-29,NKE,1.1584204e-05,1.1932846e-05,1.152619e-05
2024-10-29,VZ,5.6489613e-11,5.7046913e-11,5.6203519e-11
2024-10-29,WMT,8.5836349e-09,8.5865942e-09,8.4564829e-09
2024-10-30,AAPL,0.61191849,0.6236115,0.59526341
2024-10-30,AMGN,1.078404e-11,1.0897313e-11,1.0740777e-11
2024-10-30,CRM,0.012699583,0.012998225,0.012547529
2024-10-30,CSCO,0.095281329,0.095423252,0.093753718
2024-10-30,IBM,3.9782353e-05,4.0283347e-05,3.9289261e-05
2024-10-30,INTC,0.00093239749,0.00093336895,0.00092474162
2024-10-30,MSFT,3.1475937,3.2043258,3.1559383
2024-10-30,NKE,1.1483964e-05,1.1511849e-05,1.1344895e-05
2024-10-30,VZ,5.3843369e-11,5.4327584e-11,5.3694698e-11
2024-10-30,WMT,8.5268326e-09,8.6838926e-09,8.375841e-09
2024-10-31,AAPL,0.60424326,0.60907297,0.59592306
2024-10-31,AMGN,1.0340729e-11,1.083525e-11,1.0285194e-11
2024-10-31,CRM,0.012289903,0.012410073,0.011950166
2024-10-31,CSCO,0.093018014,0.094299935,0.091104242
2024-10-31,IBM,3.9359505e-05,3.9778141e-05,3.9017081e-05
2024-10-31,INTC,0.00094163292,0.00094879456,0.00092171234
2024-10-31,MSFT,3.1018528,3.1118278,3.0377194
2024-10-31,NKE,1.1300598e-05,1.1562631e-05,1.1116649e-05
2024-10-31,VZ,5.1979162e-11,5.2439306e-11,5.1786113e-11
2024-10-31,WMT,8.4022612e-09,8.5480311e-09,8.2343899e-09
2024-11-01,AAPL,0.59510456,0.60565037,0.58135881
2024-11-01,AMGN,9.8748926e-12,1.01591e-11,9.8524403e-12
2024-11-01,CRM,0.012098131,0.01232678,0.011711615
2024-11-01,CSCO,0.091723701,0.093819362,0.089727948
2024-11-01,IBM,3.8183883e-05,3.8823949e-05,3.7852284e-05
2024-11-01,INTC,0.00093704891,0.00095649585,0.00092064638
2024-11-01,MSFT,2.9385496,3.0410747,2.8940596
2024-11-01,NKE,1.1164756e-05,1.1301875e-05,1.1138966e-05
2024-11-01,VZ,5.1126468e-11,5.2543851e-11,5.0393182e-11
2024-11-01,WMT,8.2071224e-09,8.3831812e-09,8.0270714e-09
2024-11-04,AAPL,0.60244049,0.60489252,0.58806362
2024-11-04,AMGN,9.7951681e-12,9.9167383e-12,9.8819964e-12
2024-11-04,CRM,0.011755963,0.011844149,0.011570479
2024-11-04,CSCO,0.093671786,0.094684603,0.092508159
2024-11-04,IBM,3.7194569e-05,3.7226915e-05,3.6596296e-05
2024-11-04,INTC,0.00095802241,0.00096275621,0.00096346896
2024-11-04,MSFT,3.0255024,3.0574251,2.9551068
2024-11-04,NKE,1.1051238e-05,1.1161469e-05,1.1014894e-05
2024-11-04,VZ,5.1146857e-11,5.1621858e-11,5.1135403e-11
2024-11-04,WMT,8.05024e-09,8.0160448e-09,8.1653497e-09
2024-11-05,AAPL,0.58288216,0.58471309,0.56351885
2024-11-05,AMGN,9.4540291e-12,9.4582329e-12,9.4310787e-12
2024-11-05,CRM,0.010855311,0.011220014,0.010830275
2024-11-05,CSCO,0.093862747,0.093774906,0.093330002
2024-11-05,IBM,3.6445535e-05,3.7061506e-05,3.6330373e-05
2024-11-05,INTC,0.00095848479,0.00095737567,0.00095759836
2024-11-05,MSFT,3.1514971,3.2112018,3.1699554
2024-11-05,NKE,1.1161157e-05,1.1419968e-05,1.1194873e-05
2024-11-05,VZ,4.9977191e-11,5.0320798e-11,5.0710304e-11
2024-11-05,WMT,7.9258105e-09,7.9465608e-09,7.995144e-09
2024-11-06,AAPL,0.59573565,0.60142533,0.58108302
2024-11-06,AMGN,9.0189824e-12,9.2170717e-12,8.9561761e-12
2024-11-06,CRM,0.010696038,0.011018992,0.01054783
2024-11-06,CSCO,0.090277558,0.089668831,0.089366523
2024-11-06,IBM,3.6470429e-05,3.660464e-05,3.6732147e-05
2024-11-06,INTC,0.00095273892,0.00095712906,0.00093869073
2024-11-06,MSFT,3.1873326,3.1895128,3.1006376
2024-11-06,NKE,1.0818023e-05,1.0944644e-05,1.0797256e-05
2024-11-06,VZ,4.801404e-11,4.8734301e-11,4.6626373e-11
2024-11-06,WMT,7.6057964e-09,7.6860567e-09,7.5980143e-09
2024-11-07,AAPL,0.59361463,0.58647999,0.57632622
2024-11-07,AMGN,8.5753325e-12,8.7106326e-12,8.630325e-12
2024-11-07,CRM,0.010198078,0.010078304,0.010299263
2024-11-07,CSCO,0.089100058,0.08870431,0.087177626
2024-11-07,IBM,3.6103057e-05,3.7222184e-05,3.6020997e-05
2024-11-07,INTC,0.00094920106,0.00095704487,0.00093538948
2024-11-07,MSFT,3.2230301,3.2283576,3.2098435
2024-11-07,NKE,1.0487947e-05,1.066143e-05,1.0243273e-05
2024-11-07,VZ,4.6772349e-11,4.7044722e-11,4.743327e-11
2024-11-07,WMT,7.4912075e-09,7.6364386e-09,7.457666e-09
2024-11-08,AAPL,0.59025125,0.5980991,0.57883465
2024-11-08,AMGN,8.3520201e-12,8.7399437e-12,8.2504097e-12
2024-11-08,CRM,0.010694386,0.010873832,0.010243036
2024-11-08,CSCO,0.090867372,0.0909841,0.090424144
2024-11-08,IBM,3.4536952e-05,3.4785799e-05,3.4882086e-05
2024-11-08,INTC,0.00093773188,0.00093762049,0.00094273421
2024-11-08,MSFT,3.3148711,3.3629566,3.2607073
2024-11-08,NKE,1.047731e-05,1.0687622e-05,1.0549939e-05
2024-11-08,VZ,4.5627474e-11,4.5894632e-11,4.5934828e-11
2024-11-08,WMT,7.3266542e-09,7.4197845e-09,7.3200871e-09
2024-11-11,AAPL,0.5955048,0.60075385,0.59502267
2024-11-11,AMGN,8.3373778e-12,8.3871797e-12,8.2829999e-12
2024-11-11,CRM,0.010805084,0.010566719,0.010710299
2024-11-11,CSCO,0.090148414,0.089645965,0.0895082
2024-11-11,IBM,3.3825531e-05,3.4541433e-05,3.3524749e-05
2024-11-11,INTC,0.00094385804,0.00095442717,0.00091237267
2024-11-11,MSFT,3.3822422,3.4108066,3.2974734
2024-11-11,NKE,1.0044538e-05,1.020721e-05,1.0152516e-05
2024-11-11,VZ,4.4086134e-11,4.3939165e-11,4.3741672e-11
2024-11-11,WMT,7.0768442e-09,7.1756707e-09,7.08115e-09
2024-11-12,AAPL,0.61246442,0.61203756,0.60029966
2024-11-12,AMGN,8.0435423e-12,8.2201998e-12,8.050893e-12
2024-11-12,CRM,0.010923248,0.010946941,0.010704237
2024-11-12,CSCO,0.092773765,0.093383397,0.091287286
2024-11-12,IBM,3.4030865e-05,3.4725953e-05,3.3649654e-05
2024-11-12,INTC,0.00091750694,0.00094477881,0.0009091808
2024-11-12,MSFT,3.3852094,3.3899789,3.3784905
2024-11-12,NKE,9.8978893e-06,9.9049169e-06,9.8122849e-06
2024-11-12,VZ,4.2651169e-11,4.2720653e-11,4.3125423e-11
2024-11-12,WMT,6.8708181e-09,6.991885e-09,6.7749113e-09
2024-11-13,AAPL,0.60713277,0.60721368,0.60652365
2024-11-13,AMGN,7.7743894e-12,7.9062933e-12,7.6471268e-12
2024-11-13,CRM,0.010667058,0.010430842,0.01031341
2024-11-13,CSCO,0.090446107,0.091011538,0.091676939
2024-11-13,IBM,3.369899e-05,3.4218419e-05,3.3268863e-05
2024-11-13,INTC,0.00092051845,0.00094407249,0.00090377563
2024-11-13,MSFT,3.4275128,3.3898607,3.4271129
2024-11-13,NKE,1.0076314e-05,1.0312578e-05,1.0117393e-05
2024-11-13,VZ,4.1944138e-11,4.2769354e-11,4.184919e-11
2024-11-13,WMT,6.7919887e-09,6.8435313e-09,6.703764e-09
2024-11-14,AAPL,0.60016365,0.60854308,0.59263925
2024-11-14,AMGN,7.6120898e-12,7.5320929e-12,7.3656331e-12
2024-11-14,CRM,0.010773628,0.010809724,0.010641132
2024-11-14,CSCO,0.090665816,0.089112017,0.091075209
2024-11-14,IBM,3.3846893e-05,3.4512819e-05,3.3492658e-05
2024-11-14,INTC,0.00090148554,0.00091612868,0.000908265
2024-11-14,MSFT,3.523818,3.4907798,3.4866171
2024-11-14,NKE,9.859621e-06,1.0081987e-05,9.7942899e-06
2024-11-14,VZ,4.083083e-11,4.0477624e-11,4.0536768e-11
2024-11-14,WMT,6.6897886e-09,6.8191494e-09,6.7265861e-09
2024-11-15,AAPL,0.60681848,0.60077887,0.60532679
2024-11-15,AMGN,7.2418576e-12,7.3060446e-12,7.1966955e-12
2024-11-15,CRM,0.010614239,0.010450117,0.010313174
2024-11-15,CSCO,0.091917527,0.092704522,0.091320901
2024-11-15,IBM,3.3481606e-05,3.3603361e-05,3.3438125e-05
2024-11-15,INTC,0.00089922989,0.00090953834,0.00089863098
2024-11-15,MSFT,3.4762418,3.4618785,3.4432489
2024-11-15,NKE,9.9612781e-06,1.0031178e-05,9.9355532e-06
2024-11-15,VZ,3.9935911e-11,4.0682418e-11,3.9884129e-11
2024-11-15,WMT,6.5631988e-09,6.7435634e-09,6.6980453e-09
2024-11-18,AAPL,0.60603222,0.60548132,0.58980924
2024-11-18,AMGN,7.1316096e-12,7.3636821e-12,7.1628085e-12
2024-11-18,CRM,0.010851222,0.010758974,0.011008033
2024-11-18,CSCO,0.090895182,0.090490469,0.09002077
2024-11-18,IBM,3.3678685e-05,3.4413267e-05,3.311204e-05
2024-11-18,INTC,0.00086837344,0.00087575998,0.00084597319
2024-11-18,MSFT,3.4956527,3.5160284,3.4562022
2024-11-18,NKE,9.9399456e-06,9.9752887e-06,9.9567101e-06
2024-11-18,VZ,3.9900657e-11,4.0053703e-11,4.0155498e-11
2024-11-18,WMT,6.4127413e-09,6.5906529e-09,6.4528218e-09
2024-11-19,AAPL,0.58067066,0.57773332,0.58052055
2024-11-19,AMGN,7.1584841e-12,7.2146819e-12,7.1208497e-12
2024-11-19,CRM,0.01060313,0.010767682,0.010506306
2024-11-19,CSCO,0.090410613,0.091049466,0.089416642
2024-11-19,IBM,3.3426223e-05,3.3914698e-05,3.3405658e-05
2024-11-19,INTC,0.00088010728,0.00089027143,0.00089101959
2024-11-19,MSFT,3.5269212,3.5599267,3.4702911
2024-11-19,NKE,9.991038e-06,1.0256226e-05,9.808825e-06
2024-11-19,VZ,3.9659225e-11,4.0650393e-11,4.0031956e-11
2024-11-19,WMT,6.3430369e-09,6.4058003e-09,6.4266269e-09
2024-11-20,AAPL,0.58445323,0.58861182,0.58035437
2024-11-20,AMGN,7.0152749e-12,7.0456656e-12,6.9507994e-12
2024-11-20,CRM,0.011481852,0.011489951,0.011439057
2024-11-20,CSCO,0.09029132,0.089540196,0.08813752
2024-11-20,IBM,3.376674e-05,3.4192223e-05,3.3678739e-05
2024-11-20,INTC,0.00086629304,0.0008619037,0.00085966924
2024-11-20,MSFT,3.6417739,3.7036895,3.5326588
2024-11-20,NKE,9.9386949e-06,1.0109462e-05,1.0029746e-05
2024-11-20,VZ,3.8989522e-11,3.9243856e-11,3.8681133e-11
2024-11-20,WMT,6.1511664e-09,6.2085408e-09,6.1770246e-09
2024-11-21,AAPL,0.58466624,0.56200625,0.5778563
2024-11-21,AMGN,6.9002983e-12,7.1462381e-12,6.8228923e-12
2024-11-21,CRM,0.011039125,0.01106922,0.010891761
2024-11-21,CSCO,0.090454472,0.091403894,0.090144153
2024-11-21,IBM,3.334325e-05,3.3569091e-05,3.3386738e-05
2024-11-21,INTC,0.00083854221,0.0008588486,0.00081970967
2024-11-21,MSFT,3.7011816,3.6992513,3.6513521
2024-11-21,NKE,9.7798324e-06,9.7990281e-06,1.0140677e-05
2024-11-21,VZ,3.8757965e-11,3.9280332e-11,3.9080712e-11
2024-11-21,WMT,5.8935693e-09,5.95854e-09,5.8982062e-09
2024-11-22,AAPL,0.57845508,0.58382809,0.57613626
2024-11-22,AMGN,6.9310186e-12,7.0814367e-12,6.8616742e-12
2024-11-22,CRM,0.010962497,0.010797709,0.010712002
2024-11-22,CSCO,0.089161141,0.090161166,0.087856048
2024-11-22,IBM,3.2983718e-05,3.3830541e-05,3.2708024e-05
2024-11-22,INTC,0.00086970682,0.00088815658,0.00086645001
2024-11-22,MSFT,3.755251,3.8026368,3.6902457
2024-11-22,NKE,9.6975268e-06,9.8060219e-06,9.8759609e-06
2024-11-22,VZ,3.7752767e-11,3.8158818e-11,3.7777785e-11
2024-11-22,WMT,5.7537962e-09,5.8139776e-09,5.7115921e-09
2024-11-25,AAPL,0.56677144,0.57618303,0.56108147
2024-11-25,AMGN,6.5243536e-12,6.6453223e-12,6.4531988e-12
2024-11-25,CRM,0.011167462,0.011722894,0.010900457
2024-11-25,CSCO,0.08799745,0.089003683,0.08814683
2024-11-25,IBM,3.2297423e-05,3.26194e-05,3.2480236e-05
2024-11-25,INTC,0.00087369976,0.00089309953,0.00084571079
2024-11-25,MSFT,3.8040317,3.9114833,3.7481984
2024-11-25,NKE,9.5573477e-06,9.6829559e-06,9.5952644e-06
2024-11-25,VZ,3.7272178e-11,3.7407913e-11,3.7271291e-11
2024-11-25,WMT,5.5301853e-09,5.630438e-09,5.4985463e-09
2024-11-26,AAPL,0.5707636,0.57115497,0.56659198
2024-11-26,AMGN,6.2846379e-12,6.2910008e-12,6.2000026e-12
2024-11-26,CRM,0.011220753,0.011325727,0.010827071
2024-11-26,CSCO,0.089185756,0.089463469,0.090091902
2024-11-26,IBM,3.1590502e-05,3.2100689e-05,3.1892338e-05
2024-11-26,INTC,0.0008460923,0.00085000454,0.00084540861
2024-11-26,MSFT,3.8692129,3.9609354,3.8134282
2024-11-26,NKE,9.4456941e-06,9.5849269e-06,9.415357e-06
2024-11-26,VZ,3.7283623e-11,3.7850366e-11,3.6674503e-11
2024-11-26,WMT,5.4247939e-09,5.3821107e-09,5.4087412e-09
2024-11-27,AAPL,0.56707507,0.58749749,0.55990102
2024-11-27,AMGN,6.1747547e-12,6.2714244e-12,6.2184702e-12
2024-11-27,CRM,0.011065983,0.011072413,0.010667487
2024-11-27,CSCO,0.090326071,0.091315861,0.089249532
2024-11-27,IBM,3.0988587e-05,3.1972888e-05,3.0836493e-05
2024-11-27,INTC,0.0008221484,0.00083054561,0.00080696343
2024-11-27,MSFT,3.8465642,3.8951063,3.8239975
2024-11-27,NKE,9.206318e-06,9.1833055e-06,9.320852e-06
2024-11-27,VZ,3.7036617e-11,3.7909192e-11,3.7424113e-11
2024-11-27,WMT,5.3532654e-09,5.3585998e-09,5.3306809e-09
2024-11-29,AAPL,0.55686201,0.5667588,0.54134236
2024-11-29,AMGN,6.1330157e-12,6.311171e-12,5.9810287e-12
2024-11-29,CRM,0.011487043,0.011609276,0.011216698
2024-11-29,CSCO,0.090362907,0.089562981,0.089393089
2024-11-29,IBM,3.0543261e-05,3.0804018e-05,2.9875634e-05
2024-11-29,INTC,0.00081798463,0.00083004522,0.00082030491
2024-11-29,MSFT,3.7967183,3.8377817,3.7821284
2024-11-29,NKE,8.9556523e-06,8.9536911e-06,8.8929843e-06
2024-11-29,VZ,3.6159899e-11,3.7179566e-11,3.6261284e-11
2024-11-29,WMT,5.3559917e-09,5.4229138e-09,5.2449903e-09
2024-12-02,AAPL,0.53915577,0.54741869,0.50570823
2024-12-02,AMGN,5.8083509e-12,5.971702e-12,5.7046501e-12
2024-12-02,CRM,0.011163991,0.011509262,0.011124844
2024-12-02,CSCO,0.085619057,0.088438494,0.085392772
2024-12-02,IBM,3.0423459e-05,3.1167035e-05,2.9934064e-05
2024-12-02,INTC,0.00081689872,0.00083439649,0.00079679495
2024-12-02,MSFT,3.7819391,3.8285459,3.6776523
2024-12-02,NKE,8.6151957e-06,8.7324157e-06,8.3053807e-06
2024-12-02,VZ,3.6287098e-11,3.6162655e-11,3.5295303e-11
2024-12-02,WMT,5.2696772e-09,5.356248e-09,5.2051619e-09
2024-12-03,AAPL,0.54091745,0.55986412,0.53632962
2024-12-03,AMGN,5.7170789e-12,5.8108982e-12,5.7384728e-12
2024-12-03,CRM,0.011283304,0.011934973,0.011069091
2024-12-03,CSCO,0.083669118,0.085027546,0.083921314
2024-12-03,IBM,3.0417252e-05,3.0738655e-05,3.0121703e-05
2024-12-03,INTC,0.00079402478,0.00081186141,0.00078991036
2024-12-03,MSFT,3.6961884,3.7621606,3.7407932
2024-12-03,NKE,8.5864047e-06,8.7773575e-06,8.7077275e-06
2024-12-03,VZ,3.5477144e-11,3.5897709e-11,3.536475e-11
2024-12-03,WMT,5.111347e-09,5.1862014e-09,5.0965381e-09
2024-12-04,AAPL,0.54368274,0.54545283,0.54299998
2024-12-04,AMGN,5.7664044e-12,5.8449732e-12,5.6345064e-12
2024-12-04,CRM,0.011256831,0.011104686,0.011365639
2024-12-04,CSCO,0.082668717,0.082637999,0.082585241
2024-12-04,IBM,2.994211e-05,3.0134803e-05,3.0071175e-05
2024-12-04,INTC,0.0007967905,0.00079585353,0.00080526657
2024-12-04,MSFT,3.6779603,3.6577633,3.5941694
2024-12-04,NKE,8.1318023e-06,8.2858649e-06,8.0714599e-06
2024-12-04,VZ,3.3971349e-11,3.4669562e-11,3.442321e-11
2024-12-04,WMT,5.0528006e-09,5.1432132e-09,5.0420253e-09
2024-12-05,AAPL,0.55044655,0.55116494,0.54759304
2024-12-05,AMGN,5.5749791e-12,5.635393e-12,5.4558861e-12
2024-12-05,CRM,0.011602304,0.011839944,0.011169787
2024-12-05,CSCO,0.083432829,0.083962452,0.082987518
2024-12-05,IBM,2.9717228e-05,2.9824784e-05,3.0103843e-05
2024-12-05,INTC,0.00077457414,0.00078932609,0.00076736585
2024-12-05,MSFT,3.7291867,3.6714212,3.6489074
2024-12-05,NKE,8.097288e-06,8.1520653e-06,7.9897007e-06
2024-12-05,VZ,3.2635611e-11,3.2762514e-11,3.2871572e-11
2024-12-05,WMT,5.0027523e-09,5.0738652e-09,5.0398247e-09
2024-12-06,AAPL,0.54051932,0.53943085,0.53625431
2024-12-06,AMGN,5.3436006e-12,5.470765e-12,5.2058912e-12
2024-12-06,CRM,0.011508502,0.011521183,0.011442172
2024-12-06,CSCO,0.083532308,0.082758182,0.082637921
2024-12-06,IBM,2.9645982e-05,2.9988642e-05,2.9882942e-05
2024-12-06,INTC,0.00076906695,0.00076892759,0.00076635281
2024-12-06,MSFT,3.6534141,3.6967671,3.6548095
2024-12-06,NKE,7.8792229e-06,8.0001839e-06,7.8055085e-06
2024-12-06,VZ,3.2163978e-11,3.2819331e-11,3.2653562e-11
2024-12-06,WMT,4.8542285e-09,4.9612701e-09,4.8651758e-09
2024-12-09,AAPL,0.54841819,0.56042453,0.54331686
2024-12-09,AMGN,5.1573018e-12,5.2473415e-12,5.0641829e-12
2024-12-09,CRM,0.011620575,0.011311404,0.011246922
2024-12-09,CSCO,0.085076976,0.084446364,0.083488866
2024-12-09,IBM,3.0106576e-05,3.0476202e-05,3.0085313e-05
2024-12-09,INTC,0.00075355628,0.00075814242,0.00075264171
2024-12-09,MSFT,3.696496,3.7472288,3.688005
2024-12-09,NKE,8.0976894e-06,8.1691907e-06,8.1615878e-06
2024-12-09,VZ,3.1632063e-11,3.2452148e-11,3.101584e-11
2024-12-09,WMT,4.8034797e-09,4.8807255e-09,4.8031573e-09
2024-12-10,AAPL,0.52532617,0.5281175,0.50408817
2024-12-10,AMGN,4.9767095e-12,5.0847173e-12,4.9420415e-12
2024-12-10,CRM,0.011134177,0.011177426,0.01096014
2024-12-10,CSCO,0.083661893,0.085605066,0.08341658
2024-12-10,IBM,2.9385383e-05,2.9798353e-05,2.949825e-05
2024-12-10,INTC,0.00073334441,0.00074374197,0.00073484211
2024-12-10,MSFT,3.6693925,3.7207366,3.6030357
2024-12-10,NKE,8.0007383e-06,7.9919145e-06,7.8716194e-06
2024-12-10,VZ,3.0699572e-11,3.0810848e-11,3.0488879e-11
2024-12-10,WMT,4.727359e-09,4.8605715e-09,4.6976734e-09
2024-12-11,AAPL,0.52866757,0.53808282,0.52632583
2024-12-11,AMGN,5.0695845e-12,5.1610915e-12,5.1067817e-12
2024-12-11,CRM,0.011131065,0.011199096,0.011080105
2024-12-11,CSCO,0.081031455,0.081678443,0.080319414
2024-12-11,IBM,2.8705193e-05,2.9008934e-05,2.8943195e-05
2024-12-11,INTC,0.00074137979,0.00075362192,0.00072734744
2024-12-11,MSFT,3.6888136,3.6625978,3.6592558
2024-12-11,NKE,7.9214754e-06,8.0267692e-06,7.8652953e-06
2024-12-11,VZ,2.9450712e-11,3.0409806e-11,2.9725509e-11
2024-12-11,WMT,4.5757908e-09,4.6237481e-09,4.5925446e-09
2024-12-12,AAPL,0.52739882,0.52606674,0.52572419
2024-12-12,AMGN,4.827707e-12,4.8431685e-12,4.7833802e-12
2024-12-12,CRM,0.011172277,0.011306049,0.011297561
2024-12-12,CSCO,0.08105809,0.082874006,0.08163938
2024-12-12,IBM,2.8059954e-05,2.845434e-05,2.8089443e-05
2024-12-12,INTC,0.00074991294,0.00076840454,0.00074832964
2024-12-12,MSFT,3.6877155,3.7459568,3.702027
2024-12-12,NKE,7.8540605e-06,7.9154203e-06,7.8241225e-06
2024-12-12,VZ,2.9003856e-11,2.9430853e-11,2.8797858e-11
2024-12-12,WMT,4.3163284e-09,4.4282098e-09,4.3094921e-09
2024-12-13,AAPL,0.52092295,0.52522404,0.50357306
2024-12-13,AMGN,4.836426e-12,5.0045176e-12,4.8244338e-12
2024-12-13,CRM,0.010992103,0.011210392,0.01091209
2024-12-13,CSCO,0.079121354,0.080378385,0.079626786
2024-12-13,IBM,2.7484466e-05,2.8066827e-05,2.751588e-05
2024-12-13,INTC,0.00074492561,0.00074057595,0.00073990301
2024-12-13,MSFT,3.703948,3.685817,3.6478903
2024-12-13,NKE,7.6386844e-06,7.8145826e-06,7.7347966e-06
2024-12-13,VZ,2.8352905e-11,2.8663308e-11,2.8578786e-11
2024-12-13,WMT,4.2775462e-09,4.3235316e-09,4.2636855e-09
2024-12-16,AAPL,0.52059648,0.52766716,0.51400007
2024-12-16,AMGN,4.7987607e-12,4.8620204e-12,4.7099766e-12
2024-12-16,CRM,0.010834233,0.010941646,0.010469316
2024-12-16,CSCO,0.080759129,0.080405314,0.080656233
2024-12-16,IBM,2.6830769e-05,2.7093175e-05,2.6578094e-05
2024-12-16,INTC,0.00072164518,0.00072845816,0.00072055178
2024-12-16,MSFT,3.8189927,3.7393342,3.8003512
2024-12-16,NKE,7.7688827e-06,7.714335e-06,7.6886828e-06
2024-12-16,VZ,2.7898217e-11,2.7846793e-11,2.8097817e-11
2024-12-16,WMT,4.0653396e-09,4.1521187e-09,4.1018208e-09
2024-12-17,AAPL,0.50502567,0.50546962,0.50377852
2024-12-17,AMGN,4.8824809e-12,4.9131048e-12,4.8036917e-12
2024-12-17,CRM,0.010816374,0.011013734,0.01080058
2024-12-17,CSCO,0.080174612,0.079872918,0.078670926
2024-12-17,IBM,2.700412e-05,2.7295298e-05,2.7142669e-05
2024-12-17,INTC,0.00070536075,0.00072311113,0.00071416283
2024-12-17,MSFT,3.8447799,3.8922591,3.8142152
2024-12-17,NKE,7.6326839e-06,7.5784928e-06,7.5580977e-06
2024-12-17,VZ,2.7060516e-11,2.7401567e-11,2.7139408e-11
2024-12-17,WMT,4.0585758e-09,4.1326588e-09,4.0309761e-09
2024-12-18,AAPL,0.51200118,0.51224996,0.49421653
2024-12-18,AMGN,4.7410083e-12,4.7818912e-12,4.7071195e-12
2024-12-18,CRM,0.010937393,0.010950571,0.010738062
2024-12-18,CSCO,0.08242028,0.082753809,0.080283634
2024-12-18,IBM,2.6420112e-05,2.7128439e-05,2.6143003e-05
2024-12-18,INTC,0.00071043202,0.00072910855,0.00071272127
2024-12-18,MSFT,3.8833695,3.8763306,3.8328209
2024-12-18,NKE,7.7048388e-06,7.7855629e-06,7.5667183e-06
2024-12-18,VZ,2.6292767e-11,2.6894075e-11,2.6386838e-11
2024-12-18,WMT,3.9157631e-09,3.9406433e-09,3.9483688e-09
2024-12-19,AAPL,0.50189084,0.5063416,0.49417902
2024-12-19,AMGN,4.772418e-12,4.8778974e-12,4.7487064e-12
2024-12-19,CRM,0.010537546,0.010763256,0.010302791
2024-12-19,CSCO,0.081697649,0.080737236,0.082178216
2024-12-19,IBM,2.6297616e-05,2.7034009e-05,2.6525728e-05
2024-12-19,INTC,0.00070503924,0.00071151298,0.00070799182
2024-12-19,MSFT,3.8681916,3.8562402,3.857197
2024-12-19,NKE,7.5216926e-06,7.6668539e-06,7.5265049e-06
2024-12-19,VZ,2.5725809e-11,2.5845407e-11,2.5643752e-11
2024-12-19,WMT,3.8365407e-09,3.8949943e-09,3.7882721e-09
2024-12-20,AAPL,0.52245042,0.5278769,0.52311396
2024-12-20,AMGN,4.5553846e-12,4.6794843e-12,4.5091799e-12
2024-12-20,CRM,0.010166228,0.010245724,0.010047728
2024-12-20,CSCO,0.082592751,0.082565153,0.082959833
2024-12-20,IBM,2.6061258e-05,2.6127643e-05,2.5837298e-05
2024-12-20,INTC,0.00071824864,0.00072021358,0.00070617086
2024-12-20,MSFT,3.8721308,3.9439909,3.8186247
2024-12-20,NKE,7.3835565e-06,7.3598838e-06,7.3903709e-06
2024-12-20,VZ,2.5285844e-11,2.5925748e-11,2.5670101e-11
2024-12-20,WMT,3.716531e-09,3.7798878e-09,3.7195455e-09
2024-12-23,AAPL,0.54889618,0.54811543,0.54745409
2024-12-23,AMGN,4.4700881e-12,4.5329072e-12,4.4997842e-12
2024-12-23,CRM,0.010432523,0.010273613,0.010257806
2024-12-23,CSCO,0.085054904,0.083361402,0.083478055
2024-12-23,IBM,2.5629484e-05,2.5963676e-05,2.5653954e-05
2024-12-23,INTC,0.00070739515,0.00072455389,0.0007022982
2024-12-23,MSFT,3.7647254,3.8409075,3.6953512
2024-12-23,NKE,7.4179145e-06,7.5207824e-06,7.3504396e-06
2024-12-23,VZ,2.4686816e-11,2.4998301e-11,2.4834019e-11
2024-12-23,WMT,3.670228e-09,3.7427312e-09,3.7250871e-09
2024-12-24,AAPL,0.53253562,0.52953947,0.53643755
2024-12-24,AMGN,4.3095471e-12,4.3989339e-12,4.2251936e-12
2024-12-24,CRM,0.010453717,0.010217064,0.010408827
2024-12-24,CSCO,0.085662549,0.084730097,0.087257005
2024-12-24,IBM,2.6179334e-05,2.675382e-05,2.6071759e-05
2024-12-24,INTC,0.00069347873,0.00071080056,0.00066805311
2024-12-24,MSFT,3.784821,3.7585843,3.7725348
2024-12-24,NKE,7.4817852e-06,7.4542858e-06,7.4213444e-06
2024-12-24,VZ,2.3758609e-11,2.3929935e-11,2.3434807e-11
2024-12-24,WMT,3.6279946e-09,3.6997725e-09,3.6090995e-09
2024-12-26,AAPL,0.54283075,0.54389627,0.53129005
2024-12-26,AMGN,4.2310079e-12,4.3177312e-12,4.250728e-12
2024-12-26,CRM,0.010217938,0.010240353,0.0099701413
2024-12-26,CSCO,0.087174908,0.087767973,0.085314054
2024-12-26,IBM,2.6386168e-05,2.7008195e-05,2.6628914e-05
2024-12-26,INTC,0.00068086055,0.0006861917,0.00068476206
2024-12-26,MSFT,3.797267,3.8056613,3.7644584
2024-12-26,NKE,7.3631373e-06,7.3623627e-06,7.4240342e-06
2024-12-26,VZ,2.3326511e-11,2.3858085e-11,2.3523087e-11
2024-12-26,WMT,3.5270331e-09,3.5124841e-09,3.5472091e-09
2024-12-27,AAPL,0.53842048,0.5404948,0.52674637
2024-12-27,AMGN,4.1332172e-12,4.1781024e-12,4.1096483e-12
2024-12-27,CRM,0.010451854,0.010358113,0.010339958
2024-12-27,CSCO,0.086092968,0.085883498,0.085999086
2024-12-27,IBM,2.7270581e-05,2.6778093e-05,2.7200709e-05
2024-12-27,INTC,0.00067786344,0.00067051338,0.00068447795
2024-12-27,MSFT,3.8217227,3.8317611,3.7721606
2024-12-27,NKE,7.3741413e-06,7.437456e-06,7.4921252e-06
2024-12-27,VZ,2.2710137e-11,2.3360597e-11,2.2277693e-11
2024-12-27,WMT,3.4510443e-09,3.5372627e-09,3.4729371e-09
2024-12-30,AAPL,0.53845437,0.53580492,0.52115964
2024-12-30,AMGN,3.8804518e-12,4.0283068e-12,3.8190796e-12
2024-12-30,CRM,0.010257734,0.010725789,0.0098059088
2024-12-30,CSCO,0.081839298,0.082218426,0.079244596
2024-12-30,IBM,2.6107652e-05,2.6133901e-05,2.5531475e-05
2024-12-30,INTC,0.00067959626,0.00068300186,0.00064323726
2024-12-30,MSFT,3.6990591,3.7245296,3.6566401
2024-12-30,NKE,7.0987205e-06,7.247732e-06,6.8608768e-06
2024-12-30,VZ,2.259594e-11,2.2670479e-11,2.2593822e-11
2024-12-30,WMT,3.4546535e-09,3.4968229e-09,3.3690281e-09
2024-12-31,AAPL,0.53183922,0.54587412,0.52169798
2024-12-31,AMGN,3.8337731e-12,3.9171964e-12,3.7585208e-12
2024-12-31,CRM,0.010216945,0.010633741,0.010116047
2024-12-31,CSCO,0.080957234,0.080946082,0.080293762
2024-12-31,IBM,2.627037e-05,2.6775167e-05,2.6393438e-05
2024-12-31,INTC,0.00069674218,0.00071032642,0.00070147325
2024-12-31,MSFT,3.6211346,3.6802988,3.5449512
2024-12-31,NKE,6.8521716e-06,7.0387377e-06,6.835631e-06
2024-12-31,VZ,2.2271776e-11,2.2608345e-11,2.1808434e-11
2024-12-31,WMT,3.3150666e-09,3.3514937e-09,3.2857006e-09
